player_id,player_name,team_id,position_model,competition_category,competition_category_label,rows,starts,bench,not_in_squad,injury_or_fitness_absences,suspension_absences,not_selected_or_unknown_absences,recency_weight_sum,recent_weighted_starts,recent_weighted_bench,recent_weighted_not_in_squad,start_share,bench_share,not_in_squad_share,recency_weighted_start_share,recency_weighted_bench_share,recency_weighted_not_in_squad_share,competition_weight,weighted_start_signal,recency_competition_weighted_start_signal
aaron_hickey__sco,Aaron Hickey,SCO,DEF,ukendt,Ukendt,46,16,0,24,21,0,3,11.5,4.0,0.0,6.0,0.348,0.0,0.522,0.348,0.0,0.522,0.45,0.1566,0.1566
aaron_wan_bissaka__cod,Aaron Wan-Bissaka,COD,DEF,ukendt,Ukendt,14,10,0,1,0,0,1,3.5,2.5,0.0,0.25,0.714,0.0,0.071,0.714,0.0,0.071,0.45,0.3213,0.3213
abdallah_al_fakhouri__jor,Abdallah Al-Fakhouri,JOR,GK,ukendt,Ukendt,109,7,0,72,7,0,65,27.25,1.75,0.0,18.0,0.064,0.0,0.661,0.064,0.0,0.661,0.45,0.0288,0.0288
abdallah_nasib__jor,Abdallah Nasib,JOR,DEF,ukendt,Ukendt,66,50,0,7,0,0,7,16.5,12.5,0.0,1.75,0.758,0.0,0.106,0.758,0.0,0.106,0.45,0.3411,0.3411
abde_ezzalzouli__mar,Abde Ezzalzouli,MAR,FWD,ukendt,Ukendt,68,21,0,25,11,0,12,17.0,5.25,0.0,6.25,0.309,0.0,0.368,0.309,0.0,0.368,0.45,0.139,0.139
abdel_rahman_al_talalga__jor,Abdel Rahman Al-Talalga,JOR,GK,ukendt,Ukendt,14,7,0,4,0,0,4,3.5,1.75,0.0,1.0,0.5,0.0,0.286,0.5,0.0,0.286,0.45,0.225,0.225
abdelhamid_ait_boudlal__mar,Abdelhamid Ait Boudlal,MAR,DEF,ukendt,Ukendt,2,1,0,1,0,0,1,0.5,0.25,0.0,0.25,0.5,0.0,0.5,0.5,0.0,0.5,0.45,0.225,0.225
abdelmouhib_chamakh__tun,Abdelmouhib Chamakh,TUN,GK,ukendt,Ukendt,3,2,0,0,0,0,0,0.75,0.5,0.0,0.0,0.667,0.0,0.0,0.667,0.0,0.0,0.45,0.3002,0.3002
abdoulaye_seck__sen,Abdoulaye Seck,SEN,DEF,ukendt,Ukendt,82,16,0,29,8,0,21,20.5,4.0,0.0,7.25,0.195,0.0,0.354,0.195,0.0,0.354,0.45,0.0878,0.0878
abdukodir_khusanov__uzb,Abdukodir Khusanov,UZB,DEF,ukendt,Ukendt,41,22,0,14,2,0,10,10.25,5.5,0.0,3.5,0.537,0.0,0.341,0.537,0.0,0.341,0.45,0.2417,0.2417
abdulaziz_hatim_mohammed__qat,Abdulaziz Hatim Mohammed,QAT,MID,ukendt,Ukendt,232,95,0,87,0,0,87,58.0,23.75,0.0,21.75,0.409,0.0,0.375,0.409,0.0,0.375,0.45,0.184,0.184
abdulelah_al_amri__ksa,Abdulelah Al-Amri,KSA,DEF,ukendt,Ukendt,86,30,0,36,9,0,27,21.5,7.5,0.0,9.0,0.349,0.0,0.419,0.349,0.0,0.419,0.45,0.157,0.157
abdulkerim_bardakci__tur,Abdulkerim Bardakci,TUR,DEF,ukendt,Ukendt,47,26,0,15,2,0,10,11.75,6.5,0.0,3.75,0.553,0.0,0.319,0.553,0.0,0.319,0.45,0.2488,0.2488
abdullah_al_hamdan__ksa,Abdullah Al-Hamdan,KSA,FWD,ukendt,Ukendt,94,22,0,36,0,0,36,23.5,5.5,0.0,9.0,0.234,0.0,0.383,0.234,0.0,0.383,0.45,0.1053,0.1053
abdullah_al_khaibari__ksa,Abdullah Al-Khaibari,KSA,MID,ukendt,Ukendt,121,24,0,71,6,0,65,30.25,6.0,0.0,17.75,0.198,0.0,0.587,0.198,0.0,0.587,0.45,0.0891,0.0891
abdulrahman_al_sanbi__ksa,Abdulrahman Al-Sanbi,KSA,GK,ukendt,Ukendt,25,3,0,6,0,0,6,6.25,0.75,0.0,1.5,0.12,0.0,0.24,0.12,0.0,0.24,0.45,0.054,0.054
abduvokhid_nematov__uzb,Abduvokhid Nematov,UZB,GK,ukendt,Ukendt,67,14,0,17,0,0,17,16.75,3.5,0.0,4.25,0.209,0.0,0.254,0.209,0.0,0.254,0.45,0.094,0.094
abolfazl_jalali__irn,Abolfazl Jalali,IRN,DEF,ukendt,Ukendt,58,3,0,40,3,0,37,14.5,0.75,0.0,10.0,0.052,0.0,0.69,0.052,0.0,0.69,0.45,0.0234,0.0234
achraf_hakimi__mar,Achraf Hakimi,MAR,DEF,ukendt,Ukendt,159,88,0,55,8,0,46,39.75,22.0,0.0,13.75,0.553,0.0,0.346,0.553,0.0,0.346,0.45,0.2488,0.2488
achref_abada__alg,Achref Abada,ALG,DEF,ukendt,Ukendt,25,7,0,12,0,0,12,6.25,1.75,0.0,3.0,0.28,0.0,0.48,0.28,0.0,0.48,0.45,0.126,0.126
adalberto_carrasquilla__pan,Adalberto Carrasquilla,PAN,MID,ukendt,Ukendt,117,59,0,45,0,0,45,29.25,14.75,0.0,11.25,0.504,0.0,0.385,0.504,0.0,0.385,0.45,0.2268,0.2268
adam_karabec__cze,Adam Karabec,CZE,MID,ukendt,Ukendt,8,2,0,0,0,0,0,2.0,0.5,0.0,0.0,0.25,0.0,0.0,0.25,0.0,0.0,0.45,0.1125,0.1125
adem_arous__tun,Adem Arous,TUN,DEF,ukendt,Ukendt,8,1,0,1,0,0,1,2.0,0.25,0.0,0.25,0.125,0.0,0.125,0.125,0.0,0.125,0.45,0.0562,0.0562
adil_aouchiche__alg,Adil Aouchiche,ALG,MID,ukendt,Ukendt,2,0,0,0,0,0,0,0.5,0.0,0.0,0.0,0.0,0.0,0.0,0.0,0.0,0.0,0.45,0.0,0.0
adil_boulbina__alg,Adil Boulbina,ALG,FWD,ukendt,Ukendt,25,5,0,12,0,0,12,6.25,1.25,0.0,3.0,0.2,0.0,0.48,0.2,0.0,0.48,0.45,0.09,0.09
adrien_rabiot__fra,Adrien Rabiot,FRA,MID,ukendt,Ukendt,120,48,0,43,6,0,31,30.0,12.0,0.0,10.75,0.4,0.0,0.358,0.4,0.0,0.358,0.45,0.18,0.18
agust_n_lvarez__uru,Agustin Alvarez,URU,FWD,ukendt,Ukendt,58,3,0,46,11,0,35,14.5,0.75,0.0,11.5,0.052,0.0,0.793,0.052,0.0,0.793,0.45,0.0234,0.0234
ahmad_assaf__jor,Ahmad Assaf,JOR,DEF,ukendt,Ukendt,18,4,0,12,0,0,12,4.5,1.0,0.0,3.0,0.222,0.0,0.667,0.222,0.0,0.667,0.45,0.0999,0.0999
ahmed_basil_fadhil__irq,Ahmed Basil Fadhil,IRQ,GK,ukendt,Ukendt,63,14,0,12,0,0,12,15.75,3.5,0.0,3.0,0.222,0.0,0.19,0.222,0.0,0.19,0.45,0.0999,0.0999
ahmed_fathi__qat,Ahmed Fathi,QAT,MID,ukendt,Ukendt,228,119,0,80,10,0,70,57.0,29.75,0.0,20.0,0.522,0.0,0.351,0.522,0.0,0.351,0.45,0.2349,0.2349
ahmed_fatouh__egy,Ahmed Fatouh,EGY,DEF,ukendt,Ukendt,90,33,0,40,0,0,35,22.5,8.25,0.0,10.0,0.367,0.0,0.444,0.367,0.0,0.444,0.45,0.1652,0.1652
ahmed_hasan_maknzi__irq,Ahmed Hasan Maknzi,IRQ,DEF,ukendt,Ukendt,21,5,0,11,0,0,11,5.25,1.25,0.0,2.75,0.238,0.0,0.524,0.238,0.0,0.524,0.45,0.1071,0.1071
ahmed_nadhir_benbouali__alg,Ahmed Nadhir Benbouali,ALG,FWD,ukendt,Ukendt,3,0,0,0,0,0,0,0.75,0.0,0.0,0.0,0.0,0.0,0.0,0.0,0.0,0.0,0.45,0.0,0.0
aidan_morris__usa,Aidan Morris,USA,MID,ukendt,Ukendt,52,9,0,36,2,0,34,13.0,2.25,0.0,9.0,0.173,0.0,0.692,0.173,0.0,0.692,0.45,0.0778,0.0778
aiden_o_neill__aus,Aiden O'Neill,AUS,MID,ukendt,Ukendt,37,18,0,5,4,0,1,9.25,4.5,0.0,1.25,0.486,0.0,0.135,0.486,0.0,0.135,0.45,0.2187,0.2187
aimar_sher__irq,Aimar Sher,IRQ,MID,ukendt,Ukendt,14,5,0,6,0,0,6,3.5,1.25,0.0,1.5,0.357,0.0,0.429,0.357,0.0,0.429,0.45,0.1606,0.1606
a_ssa_mandi__alg,Aissa Mandi,ALG,DEF,ukendt,Ukendt,165,116,0,35,4,0,31,41.25,29.0,0.0,8.75,0.703,0.0,0.212,0.703,0.0,0.212,0.45,0.3163,0.3163
ajdin_hrustic__aus,Ajdin Hrustic,AUS,MID,ukendt,Ukendt,92,20,0,46,2,0,44,23.0,5.0,0.0,11.5,0.217,0.0,0.5,0.217,0.0,0.5,0.45,0.0976,0.0976
akam_hashem__irq,Akam Hashem,IRQ,DEF,ukendt,Ukendt,35,9,0,17,0,0,17,8.75,2.25,0.0,4.25,0.257,0.0,0.486,0.257,0.0,0.486,0.45,0.1156,0.1156
akmal_mozgovoy__uzb,Akmal Mozgovoy,UZB,MID,ukendt,Ukendt,67,10,0,29,0,0,29,16.75,2.5,0.0,7.25,0.149,0.0,0.433,0.149,0.0,0.433,0.45,0.067,0.067
akram_afif__qat,Akram Afif,QAT,FWD,ukendt,Ukendt,156,106,0,27,0,0,27,39.0,26.5,0.0,6.75,0.679,0.0,0.173,0.679,0.0,0.173,0.45,0.3056,0.3056
alan_ben_tez__par,Alan Benitez,PAR,DEF,ukendt,Ukendt,84,6,0,72,0,0,72,21.0,1.5,0.0,18.0,0.071,0.0,0.857,0.071,0.0,0.857,0.45,0.032,0.032
alan_franco__ecu,Alan Franco,ECU,MID,ukendt,Ukendt,2,0,0,0,0,0,0,0.5,0.0,0.0,0.0,0.0,0.0,0.0,0.0,0.0,0.0,0.45,0.0,0.0
alan_minda__ecu,Alan Minda,ECU,MID,ukendt,Ukendt,28,9,0,5,4,0,0,7.0,2.25,0.0,1.25,0.321,0.0,0.179,0.321,0.0,0.179,0.45,0.1444,0.1444
alan_varela__arg,Alan Varela,ARG,MID,ukendt,Ukendt,1,0,0,0,0,0,0,0.25,0.0,0.0,0.0,0.0,0.0,0.0,0.0,0.0,0.0,0.45,0.0,0.0
alban_lafont__civ,Alban Lafont,CIV,GK,ukendt,Ukendt,14,4,0,0,0,0,0,3.5,1.0,0.0,0.0,0.286,0.0,0.0,0.286,0.0,0.0,0.45,0.1287,0.1287
aleksandar_pavlovic__ger,Aleksandar Pavlovic,GER,MID,ukendt,Ukendt,26,7,0,13,10,0,3,6.5,1.75,0.0,3.25,0.269,0.0,0.5,0.269,0.0,0.5,0.45,0.121,0.121
alessandro_circati__aus,Alessandro Circati,AUS,DEF,ukendt,Ukendt,35,12,0,16,8,0,8,8.75,3.0,0.0,4.0,0.343,0.0,0.457,0.343,0.0,0.457,0.45,0.1544,0.1544
alessandro_schopf__aut,Alessandro Schöpf,AUT,MID,ukendt,Ukendt,112,14,0,60,12,0,47,28.0,3.5,0.0,15.0,0.125,0.0,0.536,0.125,0.0,0.536,0.45,0.0562,0.0562
alex_arce__par,Alex Arce,PAR,FWD,ukendt,Ukendt,24,6,0,5,2,0,3,6.0,1.5,0.0,1.25,0.25,0.0,0.208,0.25,0.0,0.208,0.45,0.1125,0.1125
alex_baena__esp,Alex Baena,ESP,MID,ukendt,Ukendt,37,7,0,10,2,0,6,9.25,1.75,0.0,2.5,0.189,0.0,0.27,0.189,0.0,0.27,0.45,0.085,0.085
alex_freeman__usa,Alex Freeman,USA,DEF,ukendt,Ukendt,17,12,0,0,0,0,0,4.25,3.0,0.0,0.0,0.706,0.0,0.0,0.706,0.0,0.0,0.45,0.3177,0.3177
alex_kral__cze,Alex Kral,CZE,MID,ukendt,Ukendt,76,30,0,17,6,0,11,19.0,7.5,0.0,4.25,0.395,0.0,0.224,0.395,0.0,0.224,0.45,0.1778,0.1778
alex_paulsen__nzl,Alex Paulsen,NZL,GK,ukendt,Ukendt,31,7,0,5,0,0,5,7.75,1.75,0.0,1.25,0.226,0.0,0.161,0.226,0.0,0.161,0.45,0.1017,0.1017
alex_rufer__nzl,Alex Rufer,NZL,MID,ukendt,Ukendt,76,14,0,32,10,0,22,19.0,3.5,0.0,8.0,0.184,0.0,0.421,0.184,0.0,0.421,0.45,0.0828,0.0828
alex_sandro__bra,Alex Sandro,BRA,DEF,ukendt,Ukendt,187,33,0,119,25,0,94,46.75,8.25,0.0,29.75,0.176,0.0,0.636,0.176,0.0,0.636,0.45,0.0792,0.0792
alexander_alex_robertson__aus,Alexander 'Alex' Robertson,AUS,MID,ukendt,Ukendt,36,0,0,31,9,0,22,9.0,0.0,0.0,7.75,0.0,0.0,0.861,0.0,0.0,0.861,0.45,0.0,0.0
alexander_bernhardsson__swe,Alexander Bernhardsson,SWE,MID,ukendt,Ukendt,37,8,0,25,2,0,23,9.25,2.0,0.0,6.25,0.216,0.0,0.676,0.216,0.0,0.676,0.45,0.0972,0.0972
alexander_djiku__gha,Alexander Djiku,GHA,DEF,ukendt,Ukendt,69,36,0,29,8,0,21,17.25,9.0,0.0,7.25,0.522,0.0,0.42,0.522,0.0,0.42,0.45,0.2349,0.2349
alexander_isak__swe,Alexander Isak,SWE,FWD,ukendt,Ukendt,114,43,0,50,14,0,36,28.5,10.75,0.0,12.5,0.377,0.0,0.439,0.377,0.0,0.439,0.45,0.1696,0.1696
alexander_n_bel__ger,Alexander Nübel,GER,GK,ukendt,Ukendt,20,3,0,0,0,0,0,5.0,0.75,0.0,0.0,0.15,0.0,0.0,0.15,0.0,0.0,0.45,0.0675,0.0675
alexander_prass__aut,Alexander Prass,AUT,DEF,ukendt,Ukendt,39,9,0,14,3,0,10,9.75,2.25,0.0,3.5,0.231,0.0,0.359,0.231,0.0,0.359,0.45,0.104,0.104
alexander_schlager__aut,Alexander Schlager,AUT,GK,ukendt,Ukendt,77,26,0,21,15,0,6,19.25,6.5,0.0,5.25,0.338,0.0,0.273,0.338,0.0,0.273,0.45,0.1521,0.1521
alexander_s_rloth__nor,Alexander Sørloth,NOR,FWD,ukendt,Ukendt,99,47,0,21,5,0,16,24.75,11.75,0.0,5.25,0.475,0.0,0.212,0.475,0.0,0.212,0.45,0.2138,0.2138
alexandre_pierre__hai,Alexandre Pierre,HAI,GK,ukendt,Ukendt,38,13,0,5,0,0,5,9.5,3.25,0.0,1.25,0.342,0.0,0.132,0.342,0.0,0.132,0.45,0.1539,0.1539
alexis_duarte__par,Alexis Duarte,PAR,DEF,ukendt,Ukendt,7,1,0,0,0,0,0,1.75,0.25,0.0,0.0,0.143,0.0,0.0,0.143,0.0,0.0,0.45,0.0643,0.0643
alexis_guendouz__alg,Alexis Guendouz,ALG,GK,ukendt,Ukendt,46,14,0,25,0,0,25,11.5,3.5,0.0,6.25,0.304,0.0,0.543,0.304,0.0,0.543,0.45,0.1368,0.1368
alexis_mac_allister__arg,Alexis Mac Allister,ARG,MID,ukendt,Ukendt,80,39,0,26,4,0,22,20.0,9.75,0.0,6.5,0.488,0.0,0.325,0.488,0.0,0.325,0.45,0.2196,0.2196
alexis_saelemaekers__bel,Alexis Saelemaekers,BEL,FWD,ukendt,Ukendt,72,10,0,36,13,0,23,18.0,2.5,0.0,9.0,0.139,0.0,0.5,0.139,0.0,0.5,0.45,0.0626,0.0626
alexis_vega__mex,Alexis Vega,MEX,FWD,ukendt,Ukendt,123,30,0,57,10,0,46,30.75,7.5,0.0,14.25,0.244,0.0,0.463,0.244,0.0,0.463,0.45,0.1098,0.1098
ali_abdi__tun,Ali Abdi,TUN,DEF,ukendt,Ukendt,83,42,0,20,5,0,15,20.75,10.5,0.0,5.0,0.506,0.0,0.241,0.506,0.0,0.241,0.45,0.2277,0.2277
ali_ahmed__can,Ali Ahmed,CAN,MID,ukendt,Ukendt,39,20,0,8,2,0,6,9.75,5.0,0.0,2.0,0.513,0.0,0.205,0.513,0.0,0.205,0.45,0.2308,0.2308
ali_al_hamadi__irq,Ali Al-Hamadi,IRQ,FWD,ukendt,Ukendt,63,11,0,38,4,0,32,15.75,2.75,0.0,9.5,0.175,0.0,0.603,0.175,0.0,0.603,0.45,0.0788,0.0788
ali_alipour__irn,Ali Alipour,IRN,FWD,ukendt,Ukendt,95,3,0,75,12,0,63,23.75,0.75,0.0,18.75,0.032,0.0,0.789,0.032,0.0,0.789,0.45,0.0144,0.0144
ali_azaizeh__jor,Ali Azaizeh,JOR,MID,ukendt,Ukendt,13,0,0,6,0,0,6,3.25,0.0,0.0,1.5,0.0,0.0,0.462,0.0,0.0,0.462,0.45,0.0,0.0
ali_jasim__irq,Ali Jasim,IRQ,MID,ukendt,Ukendt,39,26,0,3,0,0,3,9.75,6.5,0.0,0.75,0.667,0.0,0.077,0.667,0.0,0.077,0.45,0.3002,0.3002
ali_majrashi__ksa,Ali Majrashi,KSA,DEF,ukendt,Ukendt,70,13,0,46,4,0,42,17.5,3.25,0.0,11.5,0.186,0.0,0.657,0.186,0.0,0.657,0.45,0.0837,0.0837
ali_yousif__irq,Ali Yousif,IRQ,FWD,ukendt,Ukendt,61,1,0,50,0,0,50,15.25,0.25,0.0,12.5,0.016,0.0,0.82,0.016,0.0,0.82,0.45,0.0072,0.0072
alireza_beiranvand__irn,Alireza Beiranvand,IRN,GK,ukendt,Ukendt,130,86,0,14,2,0,8,32.5,21.5,0.0,3.5,0.662,0.0,0.108,0.662,0.0,0.108,0.45,0.2979,0.2979
alireza_jahanbakhsh__irn,Alireza Jahanbakhsh,IRN,FWD,ukendt,Ukendt,143,65,0,38,13,0,23,35.75,16.25,0.0,9.5,0.455,0.0,0.266,0.455,0.0,0.266,0.45,0.2048,0.2048
alisher_odilov__uzb,Alisher Odilov,UZB,MID,ukendt,Ukendt,10,1,0,6,0,0,6,2.5,0.25,0.0,1.5,0.1,0.0,0.6,0.1,0.0,0.6,0.45,0.045,0.045
alisson_becker__bra,Alisson Becker,BRA,GK,ukendt,Ukendt,129,77,0,26,19,0,7,32.25,19.25,0.0,6.5,0.597,0.0,0.202,0.597,0.0,0.202,0.45,0.2686,0.2686
alistair_johnston__can,Alistair Johnston,CAN,DEF,ukendt,Ukendt,77,51,0,19,13,0,6,19.25,12.75,0.0,4.75,0.662,0.0,0.247,0.662,0.0,0.247,0.45,0.2979,0.2979
almoez_ali__qat,Almoez Ali,QAT,FWD,ukendt,Ukendt,151,108,0,21,6,0,15,37.75,27.0,0.0,5.25,0.715,0.0,0.139,0.715,0.0,0.139,0.45,0.3218,0.3218
alphonso_davies__can,Alphonso Davies,CAN,DEF,ukendt,Ukendt,100,52,0,42,29,0,13,25.0,13.0,0.0,10.5,0.52,0.0,0.42,0.52,0.0,0.42,0.45,0.234,0.234
altay_bayindir__tur,Altay Bayindir,TUR,GK,ukendt,Ukendt,68,10,0,9,8,0,1,17.0,2.5,0.0,2.25,0.147,0.0,0.132,0.147,0.0,0.132,0.45,0.0662,0.0662
alvaro_fidalgo__mex,Alvaro Fidalgo,MEX,MID,ukendt,Ukendt,5,4,0,1,0,0,1,1.25,1.0,0.0,0.25,0.8,0.0,0.2,0.8,0.0,0.2,0.45,0.36,0.36
alvaro_montero__col,Alvaro Montero,COL,GK,ukendt,Ukendt,88,9,0,27,0,0,23,22.0,2.25,0.0,6.75,0.102,0.0,0.307,0.102,0.0,0.307,0.45,0.0459,0.0459
amad_diallo__civ,Amad Diallo,CIV,FWD,ukendt,Ukendt,69,10,0,47,9,0,38,17.25,2.5,0.0,11.75,0.145,0.0,0.681,0.145,0.0,0.681,0.45,0.0652,0.0652
amadou_onana__bel,Amadou Onana,BEL,MID,ukendt,Ukendt,47,22,0,17,7,0,8,11.75,5.5,0.0,4.25,0.468,0.0,0.362,0.468,0.0,0.362,0.45,0.2106,0.2106
amar_dedi__bih,Amar Dedic,BIH,DEF,ukendt,Ukendt,40,26,0,10,2,0,7,10.0,6.5,0.0,2.5,0.65,0.0,0.25,0.65,0.0,0.25,0.45,0.2925,0.2925
amar_memi__bih,Amar Memic,BIH,MID,ukendt,Ukendt,13,8,0,0,0,0,0,3.25,2.0,0.0,0.0,0.615,0.0,0.0,0.615,0.0,0.0,0.45,0.2768,0.2768
amer_jamous__jor,Amer Jamous,JOR,MID,ukendt,Ukendt,21,8,0,1,0,0,1,5.25,2.0,0.0,0.25,0.381,0.0,0.048,0.381,0.0,0.048,0.45,0.1715,0.1715
amin_chiakha__alg,Amin Chiakha,ALG,FWD,ukendt,Ukendt,29,0,0,21,0,0,21,7.25,0.0,0.0,5.25,0.0,0.0,0.724,0.0,0.0,0.724,0.45,0.0,0.0
amine_adli__mar,Amine Adli,MAR,FWD,ukendt,Ukendt,52,5,0,28,2,0,26,13.0,1.25,0.0,7.0,0.096,0.0,0.538,0.096,0.0,0.538,0.45,0.0432,0.0432
amine_gouiri__alg,Amine Gouiri,ALG,FWD,ukendt,Ukendt,46,17,0,23,12,0,11,11.5,4.25,0.0,5.75,0.37,0.0,0.5,0.37,0.0,0.5,0.45,0.1665,0.1665
amir_hadziahmetovic__bih,Amir Hadziahmetovic,BIH,MID,ukendt,Ukendt,61,22,0,23,6,0,17,15.25,5.5,0.0,5.75,0.361,0.0,0.377,0.361,0.0,0.377,0.45,0.1624,0.1624
amirhossein_hosseinzadeh__irn,Amirhossein Hosseinzadeh,IRN,FWD,ukendt,Ukendt,53,10,0,26,1,0,25,13.25,2.5,0.0,6.5,0.189,0.0,0.491,0.189,0.0,0.491,0.45,0.085,0.085
anass_salah_eddine__mar,Anass Salah-Eddine,MAR,DEF,ukendt,Ukendt,19,6,0,6,0,0,4,4.75,1.5,0.0,1.5,0.316,0.0,0.316,0.316,0.0,0.316,0.45,0.1422,0.1422
andreas_schjelderup__nor,Andreas Schjelderup,NOR,MID,ukendt,Ukendt,21,5,0,6,0,0,6,5.25,1.25,0.0,1.5,0.238,0.0,0.286,0.238,0.0,0.286,0.45,0.1071,0.1071
andrej_kramari__cro,Andrej Kramaric,CRO,FWD,ukendt,Ukendt,142,74,0,22,8,0,14,35.5,18.5,0.0,5.5,0.521,0.0,0.155,0.521,0.0,0.155,0.45,0.2344,0.2344
andres_andrade__pan,Andres Andrade,PAN,DEF,ukendt,Ukendt,108,43,0,52,16,0,36,27.0,10.75,0.0,13.0,0.398,0.0,0.481,0.398,0.0,0.481,0.45,0.1791,0.1791
andr_s_cubas__par,Andres Cubas,PAR,MID,ukendt,Ukendt,59,30,0,21,4,0,17,14.75,7.5,0.0,5.25,0.508,0.0,0.356,0.508,0.0,0.356,0.45,0.2286,0.2286
ange_yoan_bonny__civ,Ange-Yoan Bonny,CIV,FWD,ukendt,Ukendt,1,0,0,0,0,0,0,0.25,0.0,0.0,0.0,0.0,0.0,0.0,0.0,0.0,0.0,0.45,0.0,0.0
ngel_romero__par,Angel Romero,PAR,FWD,ukendt,Ukendt,122,30,0,54,0,0,54,30.5,7.5,0.0,13.5,0.246,0.0,0.443,0.246,0.0,0.443,0.45,0.1107,0.1107
ngelo_preciado__ecu,Angelo Preciado,ECU,DEF,ukendt,Ukendt,91,39,0,25,5,0,20,22.75,9.75,0.0,6.25,0.429,0.0,0.275,0.429,0.0,0.275,0.45,0.193,0.193
angelo_stiller__ger,Angelo Stiller,GER,MID,ukendt,Ukendt,19,5,0,6,4,0,2,4.75,1.25,0.0,1.5,0.263,0.0,0.316,0.263,0.0,0.316,0.45,0.1184,0.1184
angus_gunn__sco,Angus Gunn,SCO,GK,ukendt,Ukendt,36,21,0,11,2,0,9,9.0,5.25,0.0,2.75,0.583,0.0,0.306,0.583,0.0,0.306,0.45,0.2623,0.2623
an_bal_godoy__pan,Anibal Godoy,PAN,MID,ukendt,Ukendt,247,124,0,79,7,0,68,61.75,31.0,0.0,19.75,0.502,0.0,0.32,0.502,0.0,0.32,0.45,0.2259,0.2259
anis_ben_slimane__tun,Anis Ben Slimane,TUN,MID,ukendt,Ukendt,86,26,0,37,0,0,37,21.5,6.5,0.0,9.25,0.302,0.0,0.43,0.302,0.0,0.43,0.45,0.1359,0.1359
anis_hadj_moussa__alg,Anis Hadj Moussa,ALG,FWD,ukendt,Ukendt,38,2,0,19,4,0,15,9.5,0.5,0.0,4.75,0.053,0.0,0.5,0.053,0.0,0.5,0.45,0.0238,0.0238
ante_budimir__cro,Ante Budimir,CRO,FWD,ukendt,Ukendt,76,19,0,21,5,0,15,19.0,4.75,0.0,5.25,0.25,0.0,0.276,0.25,0.0,0.276,0.45,0.1125,0.1125
ante_suto__aus,Ante Suto,AUS,FWD,ukendt,Ukendt,2,0,0,0,0,0,0,0.5,0.0,0.0,0.0,0.0,0.0,0.0,0.0,0.0,0.0,0.45,0.0,0.0
anthony_elanga__swe,Anthony Elanga,SWE,FWD,ukendt,Ukendt,47,14,0,11,0,0,11,11.75,3.5,0.0,2.75,0.298,0.0,0.234,0.298,0.0,0.234,0.45,0.1341,0.1341
anthony_gordon__eng,Anthony Gordon,ENG,FWD,ukendt,Ukendt,29,12,0,5,3,0,2,7.25,3.0,0.0,1.25,0.414,0.0,0.172,0.414,0.0,0.172,0.45,0.1863,0.1863
anthony_mandrea__alg,Anthony Mandrea,ALG,GK,ukendt,Ukendt,62,21,0,31,4,0,27,15.5,5.25,0.0,7.75,0.339,0.0,0.5,0.339,0.0,0.5,0.45,0.1526,0.1526
anthony_ralston__sco,Anthony Ralston,SCO,DEF,ukendt,Ukendt,47,16,0,14,0,0,14,11.75,4.0,0.0,3.5,0.34,0.0,0.298,0.34,0.0,0.298,0.45,0.153,0.153
anthony_valencia__ecu,Anthony Valencia,ECU,FWD,ukendt,Ukendt,5,1,0,0,0,0,0,1.25,0.25,0.0,0.0,0.2,0.0,0.0,0.2,0.0,0.0,0.45,0.09,0.09
antoine_mendy__sen,Antoine Mendy,SEN,DEF,ukendt,Ukendt,26,4,0,7,0,0,7,6.5,1.0,0.0,1.75,0.154,0.0,0.269,0.154,0.0,0.269,0.45,0.0693,0.0693
antoine_semenyo__gha,Antoine Semenyo,GHA,FWD,ukendt,Ukendt,50,24,0,14,0,0,13,12.5,6.0,0.0,3.5,0.48,0.0,0.28,0.48,0.0,0.28,0.45,0.216,0.216
anton_stach__ger,Anton Stach,GER,MID,ukendt,Ukendt,50,0,0,43,0,0,43,12.5,0.0,0.0,10.75,0.0,0.0,0.86,0.0,0.0,0.86,0.45,0.0,0.0
antonee_robinson__usa,Antonee Robinson,USA,DEF,ukendt,Ukendt,123,47,0,63,17,0,46,30.75,11.75,0.0,15.75,0.382,0.0,0.512,0.382,0.0,0.512,0.45,0.1719,0.1719
antonio_nusa__nor,Antonio Nusa,NOR,MID,ukendt,Ukendt,29,16,0,4,4,0,0,7.25,4.0,0.0,1.0,0.552,0.0,0.138,0.552,0.0,0.138,0.45,0.2484,0.2484
antonio_r_diger__ger,Antonio Rüdiger,GER,DEF,ukendt,Ukendt,154,77,0,55,34,0,20,38.5,19.25,0.0,13.75,0.5,0.0,0.357,0.5,0.0,0.357,0.45,0.225,0.225
antonio_sanabria__par,Antonio Sanabria,PAR,FWD,ukendt,Ukendt,127,25,0,69,14,0,50,31.75,6.25,0.0,17.25,0.197,0.0,0.543,0.197,0.0,0.543,0.45,0.0887,0.0887
ao_tanaka__jpn,Ao Tanaka,JPN,MID,ukendt,Ukendt,79,26,0,30,4,0,26,19.75,6.5,0.0,7.5,0.329,0.0,0.38,0.329,0.0,0.38,0.45,0.1481,0.1481
aqtay_abdallah__egy,Aqtay Abdallah,EGY,FWD,ukendt,Ukendt,1,0,0,0,0,0,0,0.25,0.0,0.0,0.0,0.0,0.0,0.0,0.0,0.0,0.0,0.45,0.0,0.0
ar_jany_martha__cuw,Ar'jany Martha,CUW,FWD,ukendt,Ukendt,20,2,0,1,0,0,1,5.0,0.5,0.0,0.25,0.1,0.0,0.05,0.1,0.0,0.05,0.45,0.045,0.045
arda_g_ler__tur,Arda Güler,TUR,MID,ukendt,Ukendt,40,22,0,8,6,0,1,10.0,5.5,0.0,2.0,0.55,0.0,0.2,0.55,0.0,0.2,0.45,0.2475,0.2475
ardon_jashari__sui,Ardon Jashari,SUI,MID,ukendt,Ukendt,44,2,0,23,6,0,17,11.0,0.5,0.0,5.75,0.045,0.0,0.523,0.045,0.0,0.523,0.45,0.0202,0.0202
aribim_pepple__can,Aribim Pepple,CAN,FWD,ukendt,Ukendt,2,0,0,0,0,0,0,0.5,0.0,0.0,0.0,0.0,0.0,0.0,0.0,0.0,0.0,0.45,0.0,0.0
armando_gonzalez__mex,Armando Gonzalez,MEX,FWD,ukendt,Ukendt,10,3,0,0,0,0,0,2.5,0.75,0.0,0.0,0.3,0.0,0.0,0.3,0.0,0.0,0.45,0.135,0.135
armando_obispo__cuw,Armando Obispo,CUW,DEF,ukendt,Ukendt,7,5,0,2,0,0,2,1.75,1.25,0.0,0.5,0.714,0.0,0.286,0.714,0.0,0.286,0.45,0.3213,0.3213
armin_gigovic__bih,Armin Gigovic,BIH,MID,ukendt,Ukendt,21,14,0,0,0,0,0,5.25,3.5,0.0,0.0,0.667,0.0,0.0,0.667,0.0,0.0,0.45,0.3002,0.3002
arthur_masuaku__cod,Arthur Masuaku,COD,DEF,ukendt,Ukendt,93,42,0,39,13,0,26,23.25,10.5,0.0,9.75,0.452,0.0,0.419,0.452,0.0,0.419,0.45,0.2034,0.2034
arthur_theate__bel,Arthur Theate,BEL,DEF,ukendt,Ukendt,53,30,0,5,5,0,0,13.25,7.5,0.0,1.25,0.566,0.0,0.094,0.566,0.0,0.094,0.45,0.2547,0.2547
assane_diao_diaoune__sen,Assane Diao Diaoune,SEN,FWD,ukendt,Ukendt,26,2,0,21,18,0,3,6.5,0.5,0.0,5.25,0.077,0.0,0.808,0.077,0.0,0.808,0.45,0.0346,0.0346
assim_madibo__qat,Assim Madibo,QAT,MID,ukendt,Ukendt,136,43,0,54,6,0,48,34.0,10.75,0.0,13.5,0.316,0.0,0.397,0.316,0.0,0.397,0.45,0.1422,0.1422
atakan_karazor__tur,Atakan Karazor,TUR,MID,ukendt,Ukendt,16,0,0,8,0,0,8,4.0,0.0,0.0,2.0,0.0,0.0,0.5,0.0,0.0,0.5,0.45,0.0,0.0
aubrey_modiba__rsa,Aubrey Modiba,RSA,DEF,ukendt,Ukendt,97,34,0,42,0,0,42,24.25,8.5,0.0,10.5,0.351,0.0,0.433,0.351,0.0,0.433,0.45,0.158,0.158
aurele_amenda__sui,Aurele Amenda,SUI,DEF,ukendt,Ukendt,15,2,0,1,1,0,0,3.75,0.5,0.0,0.25,0.133,0.0,0.067,0.133,0.0,0.067,0.45,0.0599,0.0599
aur_lien_tchouam_ni__fra,Aurelien Tchouameni,FRA,MID,ukendt,Ukendt,61,39,0,10,8,0,2,15.25,9.75,0.0,2.5,0.639,0.0,0.164,0.639,0.0,0.164,0.45,0.2876,0.2876
awer_mabil__aus,Awer Mabil,AUS,FWD,ukendt,Ukendt,76,20,0,32,10,0,22,19.0,5.0,0.0,8.0,0.263,0.0,0.421,0.263,0.0,0.421,0.45,0.1184,0.1184
axel_tuanzebe__cod,Axel Tuanzebe,COD,DEF,ukendt,Ukendt,30,12,0,15,7,0,8,7.5,3.0,0.0,3.75,0.4,0.0,0.5,0.4,0.0,0.5,0.45,0.18,0.18
axel_witsel__bel,Axel Witsel,BEL,MID,ukendt,Ukendt,208,126,0,60,12,0,44,52.0,31.5,0.0,15.0,0.606,0.0,0.288,0.606,0.0,0.288,0.45,0.2727,0.2727
ayase_ueda__jpn,Ayase Ueda,JPN,FWD,ukendt,Ukendt,88,25,0,41,4,0,35,22.0,6.25,0.0,10.25,0.284,0.0,0.466,0.284,0.0,0.466,0.45,0.1278,0.1278
ayman_yahya_salem__ksa,Ayman Yahya Salem,KSA,MID,ukendt,Ukendt,83,14,0,55,8,0,47,20.75,3.5,0.0,13.75,0.169,0.0,0.663,0.169,0.0,0.663,0.45,0.0761,0.0761
aymen_dahmen__tun,Aymen Dahmen,TUN,GK,ukendt,Ukendt,92,34,0,23,5,0,18,23.0,8.5,0.0,5.75,0.37,0.0,0.25,0.37,0.0,0.25,0.45,0.1665,0.1665
aymen_hussein__irq,Aymen Hussein,IRQ,FWD,ukendt,Ukendt,141,57,0,40,4,0,34,35.25,14.25,0.0,10.0,0.404,0.0,0.284,0.404,0.0,0.284,0.45,0.1818,0.1818
aymeric_laporte__esp,Aymeric Laporte,ESP,DEF,ukendt,Ukendt,69,44,0,18,3,0,13,17.25,11.0,0.0,4.5,0.638,0.0,0.261,0.638,0.0,0.261,0.45,0.2871,0.2871
ayoub_al_oui__qat,Ayoub Al-Oui,QAT,DEF,ukendt,Ukendt,7,6,0,0,0,0,0,1.75,1.5,0.0,0.0,0.857,0.0,0.0,0.857,0.0,0.0,0.45,0.3856,0.3856
ayoub_el_kaabi__mar,Ayoub El Kaabi,MAR,FWD,ukendt,Ukendt,137,43,0,58,3,0,51,34.25,10.75,0.0,14.5,0.314,0.0,0.423,0.314,0.0,0.423,0.45,0.1413,0.1413
ayumu_seko__jpn,Ayumu Seko,JPN,DEF,ukendt,Ukendt,42,8,0,21,0,0,21,10.5,2.0,0.0,5.25,0.19,0.0,0.5,0.19,0.0,0.5,0.45,0.0855,0.0855
aziz_behich__aus,Aziz Behich,AUS,DEF,ukendt,Ukendt,146,70,0,45,2,0,43,36.5,17.5,0.0,11.25,0.479,0.0,0.308,0.479,0.0,0.308,0.45,0.2156,0.2156
aziz_g_aniyev__uzb,Aziz Ganiev,UZB,MID,ukendt,Ukendt,99,15,0,64,18,0,46,24.75,3.75,0.0,16.0,0.152,0.0,0.646,0.152,0.0,0.646,0.45,0.0684,0.0684
azzedine_ounahi__mar,Azzedine Ounahi,MAR,MID,ukendt,Ukendt,78,40,0,25,6,0,17,19.5,10.0,0.0,6.25,0.513,0.0,0.321,0.513,0.0,0.321,0.45,0.2308,0.2308
baghdad_bounedjah__alg,Baghdad Bounedjah,ALG,FWD,ukendt,Ukendt,169,58,0,73,0,0,73,42.25,14.5,0.0,18.25,0.343,0.0,0.432,0.343,0.0,0.432,0.45,0.1544,0.1544
baha_a_faisal__jor,Baha'a Faisal,JOR,FWD,ukendt,Ukendt,129,32,0,74,11,0,63,32.25,8.0,0.0,18.5,0.248,0.0,0.574,0.248,0.0,0.574,0.45,0.1116,0.1116
bamba_dieng__sen,Bamba Dieng,SEN,FWD,ukendt,Ukendt,76,2,0,49,10,0,38,19.0,0.5,0.0,12.25,0.026,0.0,0.645,0.026,0.0,0.645,0.45,0.0117,0.0117
bara_sapoko_ndiaye__sen,Bara Sapoko Ndiaye,SEN,MID,ukendt,Ukendt,1,1,0,0,0,0,0,0.25,0.25,0.0,0.0,1.0,0.0,0.0,1.0,0.0,0.0,0.45,0.45,0.45
baris_alper_yilmaz__tur,Baris Alper Yilmaz,TUR,FWD,ukendt,Ukendt,50,18,0,15,1,0,11,12.5,4.5,0.0,3.75,0.36,0.0,0.3,0.36,0.0,0.3,0.45,0.162,0.162
bart_verbruggen__ned,Bart Verbruggen,NED,GK,ukendt,Ukendt,38,28,0,4,0,0,4,9.5,7.0,0.0,1.0,0.737,0.0,0.105,0.737,0.0,0.105,0.45,0.3316,0.3316
bazoumana_toure__civ,Bazoumana Toure,CIV,FWD,ukendt,Ukendt,14,2,0,2,0,0,2,3.5,0.5,0.0,0.5,0.143,0.0,0.143,0.143,0.0,0.143,0.45,0.0643,0.0643
bechir_ben_said__tun,Bechir Ben Said,TUN,GK,ukendt,Ukendt,83,21,0,18,0,0,18,20.75,5.25,0.0,4.5,0.253,0.0,0.217,0.253,0.0,0.217,0.45,0.1138,0.1138
ben_doak__sco,Ben Doak,SCO,MID,ukendt,Ukendt,19,10,0,6,2,0,4,4.75,2.5,0.0,1.5,0.526,0.0,0.316,0.526,0.0,0.316,0.45,0.2367,0.2367
ben_old__nzl,Ben Old,NZL,MID,ukendt,Ukendt,43,13,0,19,6,0,13,10.75,3.25,0.0,4.75,0.302,0.0,0.442,0.302,0.0,0.442,0.45,0.1359,0.1359
ben_waine__nzl,Ben Waine,NZL,FWD,ukendt,Ukendt,43,12,0,7,0,0,7,10.75,3.0,0.0,1.75,0.279,0.0,0.163,0.279,0.0,0.163,0.45,0.1256,0.1256
benjamin_asare__gha,Benjamin Asare,GHA,GK,ukendt,Ukendt,14,10,0,0,0,0,0,3.5,2.5,0.0,0.0,0.714,0.0,0.0,0.714,0.0,0.0,0.45,0.3213,0.3213
benjamin_nygren__swe,Benjamin Nygren,SWE,FWD,ukendt,Ukendt,14,7,0,0,0,0,0,3.5,1.75,0.0,0.0,0.5,0.0,0.0,0.5,0.0,0.0,0.45,0.225,0.225
benjamin_tahirovic__bih,Benjamin Tahirovic,BIH,MID,ukendt,Ukendt,32,21,0,3,0,0,3,8.0,5.25,0.0,0.75,0.656,0.0,0.094,0.656,0.0,0.094,0.45,0.2952,0.2952
bento_krepski__bra,Bento Krepski,BRA,GK,ukendt,Ukendt,28,6,0,0,0,0,0,7.0,1.5,0.0,0.0,0.214,0.0,0.0,0.214,0.0,0.0,0.45,0.0963,0.0963
bernardo_silva__por,Bernardo Silva,POR,MID,ukendt,Ukendt,142,91,0,20,11,0,9,35.5,22.75,0.0,5.0,0.641,0.0,0.141,0.641,0.0,0.141,0.45,0.2885,0.2885
besfort_zeneli__swe,Besfort Zeneli,SWE,MID,ukendt,Ukendt,14,2,0,4,0,0,4,3.5,0.5,0.0,1.0,0.143,0.0,0.286,0.143,0.0,0.286,0.45,0.0643,0.0643
bilal_el_khannouss__mar,Bilal El Khannouss,MAR,MID,ukendt,Ukendt,66,16,0,17,0,0,15,16.5,4.0,0.0,4.25,0.242,0.0,0.258,0.242,0.0,0.258,0.45,0.1089,0.1089
billy_gilmour__sco,Billy Gilmour,SCO,MID,ukendt,Ukendt,58,37,0,3,3,0,0,14.5,9.25,0.0,0.75,0.638,0.0,0.052,0.638,0.0,0.052,0.45,0.2871,0.2871
blas_riveros__par,Blas Riveros,PAR,DEF,ukendt,Ukendt,96,12,0,72,13,0,59,24.0,3.0,0.0,18.0,0.125,0.0,0.75,0.125,0.0,0.75,0.45,0.0562,0.0562
bongokuhle_hlongwane__rsa,Bongokuhle Hlongwane,RSA,FWD,ukendt,Ukendt,59,13,0,39,2,0,37,14.75,3.25,0.0,9.75,0.22,0.0,0.661,0.22,0.0,0.661,0.45,0.099,0.099
borja_iglesias__esp,Borja Iglesias,ESP,FWD,ukendt,Ukendt,48,1,0,38,0,0,38,12.0,0.25,0.0,9.5,0.021,0.0,0.792,0.021,0.0,0.792,0.45,0.0094,0.0094
botirali_ergashev__uzb,Botirali Ergashev,UZB,GK,ukendt,Ukendt,94,3,0,46,0,0,46,23.5,0.75,0.0,11.5,0.032,0.0,0.489,0.032,0.0,0.489,0.45,0.0144,0.0144
boualem_khoukhi__qat,Boualem Khoukhi,QAT,DEF,ukendt,Ukendt,183,112,0,55,0,0,55,45.75,28.0,0.0,13.75,0.612,0.0,0.301,0.612,0.0,0.301,0.45,0.2754,0.2754
bradley_barcola__fra,Bradley Barcola,FRA,MID,ukendt,Ukendt,27,8,0,5,3,0,2,6.75,2.0,0.0,1.25,0.296,0.0,0.185,0.296,0.0,0.185,0.45,0.1332,0.1332
brahim_d_az__mar,Brahim Diaz,MAR,FWD,ukendt,Ukendt,44,22,0,18,3,0,13,11.0,5.5,0.0,4.5,0.5,0.0,0.409,0.5,0.0,0.409,0.45,0.225,0.225
braian_ojeda__par,Braian Ojeda,PAR,MID,ukendt,Ukendt,53,8,0,29,0,0,29,13.25,2.0,0.0,7.25,0.151,0.0,0.547,0.151,0.0,0.547,0.45,0.068,0.068
brandley_kuwas__cuw,Brandley Kuwas,CUW,FWD,ukendt,Ukendt,63,25,0,25,0,0,25,15.75,6.25,0.0,6.25,0.397,0.0,0.397,0.397,0.0,0.397,0.45,0.1786,0.1786
brandon_mechele__bel,Brandon Mechele,BEL,DEF,ukendt,Ukendt,87,5,0,52,1,0,51,21.75,1.25,0.0,13.0,0.057,0.0,0.598,0.057,0.0,0.598,0.45,0.0256,0.0256
brandon_thomas_asante__gha,Brandon Thomas-Asante,GHA,FWD,ukendt,Ukendt,21,1,0,9,0,0,9,5.25,0.25,0.0,2.25,0.048,0.0,0.429,0.048,0.0,0.429,0.45,0.0216,0.0216
breel_embolo__sui,Breel Embolo,SUI,FWD,ukendt,Ukendt,130,65,0,40,30,0,9,32.5,16.25,0.0,10.0,0.5,0.0,0.308,0.5,0.0,0.308,0.45,0.225,0.225
bremer__bra,Bremer,BRA,DEF,ukendt,Ukendt,43,4,0,20,13,0,7,10.75,1.0,0.0,5.0,0.093,0.0,0.465,0.093,0.0,0.465,0.45,0.0418,0.0418
brenden_aaronson__usa,Brenden Aaronson,USA,MID,ukendt,Ukendt,95,24,0,29,3,0,26,23.75,6.0,0.0,7.25,0.253,0.0,0.305,0.253,0.0,0.305,0.45,0.1138,0.1138
brian_brobbey__ned,Brian Brobbey,NED,FWD,ukendt,Ukendt,45,5,0,22,7,0,15,11.25,1.25,0.0,5.5,0.111,0.0,0.489,0.111,0.0,0.489,0.45,0.05,0.05
brian_cipenga__cod,Brian Cipenga,COD,MID,ukendt,Ukendt,12,0,0,1,0,0,1,3.0,0.0,0.0,0.25,0.0,0.0,0.083,0.0,0.0,0.083,0.45,0.0,0.0
brian_gutierrez__mex,Brian Gutierrez,MEX,MID,ukendt,Ukendt,8,6,0,0,0,0,0,2.0,1.5,0.0,0.0,0.75,0.0,0.0,0.75,0.0,0.0,0.45,0.3375,0.3375
brian_rodr_guez__uru,Brian Rodriguez,URU,FWD,ukendt,Ukendt,75,22,0,25,2,0,23,18.75,5.5,0.0,6.25,0.293,0.0,0.333,0.293,0.0,0.333,0.45,0.1318,0.1318
brice_samba__fra,Brice Samba,FRA,GK,ukendt,Ukendt,39,4,0,0,0,0,0,9.75,1.0,0.0,0.0,0.103,0.0,0.0,0.103,0.0,0.0,0.45,0.0463,0.0463
bruno_fernandes__por,Bruno Fernandes,POR,MID,ukendt,Ukendt,107,71,0,7,2,0,4,26.75,17.75,0.0,1.75,0.664,0.0,0.065,0.664,0.0,0.065,0.45,0.2988,0.2988
bruno_guimaraes__bra,Bruno Guimaraes,BRA,MID,ukendt,Ukendt,69,31,0,19,2,0,16,17.25,7.75,0.0,4.75,0.449,0.0,0.275,0.449,0.0,0.275,0.45,0.202,0.202
bukayo_saka__eng,Bukayo Saka,ENG,FWD,ukendt,Ukendt,77,37,0,24,12,0,12,19.25,9.25,0.0,6.0,0.481,0.0,0.312,0.481,0.0,0.312,0.45,0.2164,0.2164
bum_keun_song__kor,Bum-Keun Song,KOR,GK,ukendt,Ukendt,69,2,0,21,4,0,17,17.25,0.5,0.0,5.25,0.029,0.0,0.304,0.029,0.0,0.304,0.45,0.013,0.013
cj_dos_santos__cpv,CJ Dos Santos,CPV,GK,ukendt,Ukendt,1,0,0,0,0,0,0,0.25,0.0,0.0,0.0,0.0,0.0,0.0,0.0,0.0,0.0,0.45,0.0,0.0
caleb_yirenkyi__gha,Caleb Yirenkyi,GHA,DEF,ukendt,Ukendt,12,8,0,1,0,0,1,3.0,2.0,0.0,0.25,0.667,0.0,0.083,0.667,0.0,0.083,0.45,0.3002,0.3002
callan_elliot__nzl,Callan Elliot,NZL,DEF,ukendt,Ukendt,33,1,0,22,0,0,22,8.25,0.25,0.0,5.5,0.03,0.0,0.667,0.03,0.0,0.667,0.45,0.0135,0.0135
callum_elder__aus,Callum Elder,AUS,DEF,ukendt,Ukendt,53,0,0,45,6,0,39,13.25,0.0,0.0,11.25,0.0,0.0,0.849,0.0,0.0,0.849,0.45,0.0,0.0
callum_mccowatt__nzl,Callum McCowatt,NZL,MID,ukendt,Ukendt,49,23,0,13,2,0,11,12.25,5.75,0.0,3.25,0.469,0.0,0.265,0.469,0.0,0.265,0.45,0.211,0.211
cameron_burgess__aus,Cameron Burgess,AUS,DEF,ukendt,Ukendt,34,21,0,0,0,0,0,8.5,5.25,0.0,0.0,0.618,0.0,0.0,0.618,0.0,0.0,0.45,0.2781,0.2781
camilo_vargas__col,Camilo Vargas,COL,GK,ukendt,Ukendt,165,40,0,34,0,0,34,41.25,10.0,0.0,8.5,0.242,0.0,0.206,0.242,0.0,0.206,0.45,0.1089,0.1089
carl_sainte__hai,Carl Sainte,HAI,MID,ukendt,Ukendt,39,12,0,5,0,0,5,9.75,3.0,0.0,1.25,0.308,0.0,0.128,0.308,0.0,0.128,0.45,0.1386,0.1386
carl_starfelt__swe,Carl Starfelt,SWE,DEF,ukendt,Ukendt,69,11,0,35,11,0,24,17.25,2.75,0.0,8.75,0.159,0.0,0.507,0.159,0.0,0.507,0.45,0.0716,0.0716
carlens_arcus__hai,Carlens Arcus,HAI,DEF,ukendt,Ukendt,78,51,0,17,2,0,14,19.5,12.75,0.0,4.25,0.654,0.0,0.218,0.654,0.0,0.218,0.45,0.2943,0.2943
carlos_acevedo__mex,Carlos Acevedo,MEX,GK,ukendt,Ukendt,78,6,0,50,0,0,50,19.5,1.5,0.0,12.5,0.077,0.0,0.641,0.077,0.0,0.641,0.45,0.0346,0.0346
carlos_andres_gomez__col,Carlos Andres Gomez,COL,MID,ukendt,Ukendt,31,2,0,20,4,0,16,7.75,0.5,0.0,5.0,0.065,0.0,0.645,0.065,0.0,0.645,0.45,0.0292,0.0292
carlos_harvey__pan,Carlos Harvey,PAN,MID,ukendt,Ukendt,106,18,0,73,2,0,71,26.5,4.5,0.0,18.25,0.17,0.0,0.689,0.17,0.0,0.689,0.45,0.0765,0.0765
carlos_miguel_coronel__par,Carlos Miguel Coronel,PAR,GK,ukendt,Ukendt,24,9,0,1,0,0,1,6.0,2.25,0.0,0.25,0.375,0.0,0.042,0.375,0.0,0.042,0.45,0.1688,0.1688
carlos_rodriguez__mex,Carlos Rodriguez,MEX,MID,ukendt,Ukendt,120,39,0,29,4,0,25,30.0,9.75,0.0,7.25,0.325,0.0,0.242,0.325,0.0,0.242,0.45,0.1463,0.1463
casemiro__bra,Casemiro,BRA,MID,ukendt,Ukendt,191,76,0,94,15,0,76,47.75,19.0,0.0,23.5,0.398,0.0,0.492,0.398,0.0,0.492,0.45,0.1791,0.1791
cecilio_waterman__pan,Cecilio Waterman,PAN,FWD,ukendt,Ukendt,246,24,0,186,20,0,166,61.5,6.0,0.0,46.5,0.098,0.0,0.756,0.098,0.0,0.756,0.45,0.0441,0.0441
c_dric_bakambu__cod,Cedric Bakambu,COD,FWD,ukendt,Ukendt,129,57,0,55,7,0,48,32.25,14.25,0.0,13.75,0.442,0.0,0.426,0.442,0.0,0.426,0.45,0.1989,0.1989
cedric_itten__sui,Cedric Itten,SUI,FWD,ukendt,Ukendt,78,5,0,56,4,0,47,19.5,1.25,0.0,14.0,0.064,0.0,0.718,0.064,0.0,0.718,0.45,0.0288,0.0288
c_sar_blackman__pan,Cesar Blackman,PAN,DEF,ukendt,Ukendt,105,25,0,37,13,0,24,26.25,6.25,0.0,9.25,0.238,0.0,0.352,0.238,0.0,0.352,0.45,0.1071,0.1071
c_sar_montes__mex,Cesar Montes,MEX,DEF,ukendt,Ukendt,154,60,0,64,6,0,57,38.5,15.0,0.0,16.0,0.39,0.0,0.416,0.39,0.0,0.416,0.45,0.1755,0.1755
cesar_samudio__pan,Cesar Samudio,PAN,GK,ukendt,Ukendt,69,3,0,21,0,0,21,17.25,0.75,0.0,5.25,0.043,0.0,0.304,0.043,0.0,0.304,0.45,0.0194,0.0194
c_sar_yanis__pan,Cesar Yanis,PAN,MID,ukendt,Ukendt,94,19,0,17,0,0,17,23.5,4.75,0.0,4.25,0.202,0.0,0.181,0.202,0.0,0.181,0.45,0.0909,0.0909
chadi_riad__mar,Chadi Riad,MAR,DEF,ukendt,Ukendt,51,4,0,38,34,0,3,12.75,1.0,0.0,9.5,0.078,0.0,0.745,0.078,0.0,0.745,0.45,0.0351,0.0351
chancel_mbemba__cod,Chancel Mbemba,COD,DEF,ukendt,Ukendt,161,104,0,46,5,0,41,40.25,26.0,0.0,11.5,0.646,0.0,0.286,0.646,0.0,0.286,0.45,0.2907,0.2907
charles_de_ketelaere__bel,Charles De Ketelaere,BEL,FWD,ukendt,Ukendt,69,13,0,25,7,0,18,17.25,3.25,0.0,6.25,0.188,0.0,0.362,0.188,0.0,0.362,0.45,0.0846,0.0846
charles_pickel__cod,Charles Pickel,COD,MID,ukendt,Ukendt,45,25,0,6,0,0,6,11.25,6.25,0.0,1.5,0.556,0.0,0.133,0.556,0.0,0.133,0.45,0.2502,0.2502
che_adams__sco,Che Adams,SCO,FWD,ukendt,Ukendt,61,35,0,13,3,0,10,15.25,8.75,0.0,3.25,0.574,0.0,0.213,0.574,0.0,0.213,0.45,0.2583,0.2583
chemsdine_talbi__mar,Chemsdine Talbi,MAR,FWD,ukendt,Ukendt,23,1,0,8,2,0,4,5.75,0.25,0.0,2.0,0.043,0.0,0.348,0.043,0.0,0.348,0.45,0.0194,0.0194
chris_brady__usa,Chris Brady,USA,GK,ukendt,Ukendt,15,0,0,6,0,0,6,3.75,0.0,0.0,1.5,0.0,0.0,0.4,0.0,0.0,0.4,0.45,0.0,0.0
chris_richards__usa,Chris Richards,USA,DEF,ukendt,Ukendt,94,31,0,49,16,0,33,23.5,7.75,0.0,12.25,0.33,0.0,0.521,0.33,0.0,0.521,0.45,0.1485,0.1485
chris_wood__nzl,Chris Wood,NZL,FWD,ukendt,Ukendt,123,68,0,29,4,0,24,30.75,17.0,0.0,7.25,0.553,0.0,0.236,0.553,0.0,0.236,0.45,0.2488,0.2488
christ_inao_oulai__civ,Christ Inao Oulaï,CIV,MID,ukendt,Ukendt,10,5,0,0,0,0,0,2.5,1.25,0.0,0.0,0.5,0.0,0.0,0.5,0.0,0.0,0.45,0.225,0.225
christian_fassnacht__sui,Christian Fassnacht,SUI,FWD,ukendt,Ukendt,90,3,0,50,10,0,40,22.5,0.75,0.0,12.5,0.033,0.0,0.556,0.033,0.0,0.556,0.45,0.0148,0.0148
christian_pulisic__usa,Christian Pulisic,USA,FWD,ukendt,Ukendt,159,72,0,70,15,0,55,39.75,18.0,0.0,17.5,0.453,0.0,0.44,0.453,0.0,0.44,0.45,0.2038,0.2038
christoph_baumgartner__aut,Christoph Baumgartner,AUT,MID,ukendt,Ukendt,71,50,0,9,6,0,3,17.75,12.5,0.0,2.25,0.704,0.0,0.127,0.704,0.0,0.127,0.45,0.3168,0.3168
christopher_bonsu_baah__gha,Christopher Bonsu Baah,GHA,FWD,ukendt,Ukendt,14,3,0,1,0,0,1,3.5,0.75,0.0,0.25,0.214,0.0,0.071,0.214,0.0,0.071,0.45,0.0963,0.0963
clement_akpa__civ,Clement Akpa,CIV,DEF,ukendt,Ukendt,17,3,0,7,2,0,5,4.25,0.75,0.0,1.75,0.176,0.0,0.412,0.176,0.0,0.412,0.45,0.0792,0.0792
cody_gakpo__ned,Cody Gakpo,NED,FWD,ukendt,Ukendt,63,42,0,10,5,0,5,15.75,10.5,0.0,2.5,0.667,0.0,0.159,0.667,0.0,0.159,0.45,0.3002,0.3002
cole_palmer__eng,Cole Palmer,ENG,MID,ukendt,Ukendt,31,6,0,13,9,0,4,7.75,1.5,0.0,3.25,0.194,0.0,0.419,0.194,0.0,0.419,0.45,0.0873,0.0873
connor_metcalfe__aus,Connor Metcalfe,AUS,MID,ukendt,Ukendt,59,28,0,21,5,0,16,14.75,7.0,0.0,5.25,0.475,0.0,0.356,0.475,0.0,0.356,0.45,0.2138,0.2138
craig_gordon__sco,Craig Gordon,SCO,GK,ukendt,Ukendt,202,79,0,82,51,0,31,50.5,19.75,0.0,20.5,0.391,0.0,0.406,0.391,0.0,0.406,0.45,0.176,0.176
cristian_roldan__usa,Cristian Roldan,USA,MID,ukendt,Ukendt,136,18,0,67,3,0,64,34.0,4.5,0.0,16.75,0.132,0.0,0.493,0.132,0.0,0.493,0.45,0.0594,0.0594
cristian_romero__arg,Cristian Romero,ARG,DEF,ukendt,Ukendt,70,48,0,17,8,0,6,17.5,12.0,0.0,4.25,0.686,0.0,0.243,0.686,0.0,0.243,0.45,0.3087,0.3087
cristiano_ronaldo__por,Cristiano Ronaldo,POR,FWD,ukendt,Ukendt,289,210,0,60,18,0,35,72.25,52.5,0.0,15.0,0.727,0.0,0.208,0.727,0.0,0.208,0.45,0.3272,0.3272
crysencio_summerville__ned,Crysencio Summerville,NED,MID,ukendt,Ukendt,1,1,0,0,0,0,0,0.25,0.25,0.0,0.0,1.0,0.0,0.0,1.0,0.0,0.0,0.45,0.45,0.45
cyle_christopher_larin__can,Cyle Christopher Larin,CAN,FWD,ukendt,Ukendt,131,64,0,33,8,0,25,32.75,16.0,0.0,8.25,0.489,0.0,0.252,0.489,0.0,0.252,0.45,0.22,0.22
daichi_kamada__jpn,Daichi Kamada,JPN,MID,ukendt,Ukendt,92,33,0,33,3,0,30,23.0,8.25,0.0,8.25,0.359,0.0,0.359,0.359,0.0,0.359,0.45,0.1616,0.1616
dailon_livramento__cpv,Dailon Livramento,CPV,FWD,ukendt,Ukendt,23,12,0,1,0,0,1,5.75,3.0,0.0,0.25,0.522,0.0,0.043,0.522,0.0,0.043,0.45,0.2349,0.2349
daizen_maeda__jpn,Daizen Maeda,JPN,FWD,ukendt,Ukendt,88,11,0,45,5,0,40,22.0,2.75,0.0,11.25,0.125,0.0,0.511,0.125,0.0,0.511,0.45,0.0562,0.0562
dami_n_bobadilla__par,Damian Bobadilla,PAR,MID,ukendt,Ukendt,27,13,0,2,0,0,2,6.75,3.25,0.0,0.5,0.481,0.0,0.074,0.481,0.0,0.074,0.45,0.2164,0.2164
dan_burn__eng,Dan Burn,ENG,DEF,ukendt,Ukendt,12,4,0,1,0,0,1,3.0,1.0,0.0,0.25,0.333,0.0,0.083,0.333,0.0,0.083,0.45,0.1498,0.1498
dan_ndoye__sui,Dan Ndoye,SUI,FWD,ukendt,Ukendt,46,24,0,13,4,0,9,11.5,6.0,0.0,3.25,0.522,0.0,0.283,0.522,0.0,0.283,0.45,0.2349,0.2349
dani_olmo__esp,Dani Olmo,ESP,MID,ukendt,Ukendt,82,32,0,21,13,0,8,20.5,8.0,0.0,5.25,0.39,0.0,0.256,0.39,0.0,0.256,0.45,0.1755,0.1755
danial_esmaeilifar__irn,Danial Esmaeilifar,IRN,DEF,ukendt,Ukendt,63,3,0,52,0,0,52,15.75,0.75,0.0,13.0,0.048,0.0,0.825,0.048,0.0,0.825,0.45,0.0216,0.0216
daniel_jebbison__can,Daniel Jebbison,CAN,FWD,ukendt,Ukendt,17,1,0,7,0,0,7,4.25,0.25,0.0,1.75,0.059,0.0,0.412,0.059,0.0,0.412,0.45,0.0266,0.0266
daniel_mu_oz__col,Daniel Muñoz,COL,DEF,ukendt,Ukendt,70,41,0,14,0,0,12,17.5,10.25,0.0,3.5,0.586,0.0,0.2,0.586,0.0,0.2,0.45,0.2637,0.2637
daniel_nana_agyei__gha,Daniel Nana Agyei,GHA,FWD,ukendt,Ukendt,62,2,0,29,0,0,29,15.5,0.5,0.0,7.25,0.032,0.0,0.468,0.032,0.0,0.468,0.45,0.0144,0.0144
daniel_svensson__swe,Daniel Svensson,SWE,DEF,ukendt,Ukendt,20,9,0,2,2,0,0,5.0,2.25,0.0,0.5,0.45,0.0,0.1,0.45,0.0,0.1,0.45,0.2025,0.2025
daniel_vivian__esp,Daniel Vivian,ESP,DEF,ukendt,Ukendt,27,7,0,5,2,0,3,6.75,1.75,0.0,1.25,0.259,0.0,0.185,0.259,0.0,0.185,0.45,0.1166,0.1166
danilo_luiz_da_silva__bra,Danilo Luiz da Silva,BRA,DEF,ukendt,Ukendt,192,63,0,100,15,0,85,48.0,15.75,0.0,25.0,0.328,0.0,0.521,0.328,0.0,0.521,0.45,0.1476,0.1476
danley_jean_jacques__hai,Danley Jean Jacques,HAI,MID,ukendt,Ukendt,34,26,0,5,0,0,5,8.5,6.5,0.0,1.25,0.765,0.0,0.147,0.765,0.0,0.147,0.45,0.3442,0.3442
darwin_nunez__uru,Darwin Nunez,URU,FWD,ukendt,Ukendt,75,28,0,31,14,0,12,18.75,7.0,0.0,7.75,0.373,0.0,0.413,0.373,0.0,0.413,0.45,0.1678,0.1678
david_alaba__aut,David Alaba,AUT,DEF,ukendt,Ukendt,166,100,0,50,35,0,13,41.5,25.0,0.0,12.5,0.602,0.0,0.301,0.602,0.0,0.301,0.45,0.2709,0.2709
david_cabezas__ecu,David Cabezas,ECU,GK,ukendt,Ukendt,15,8,0,6,0,0,6,3.75,2.0,0.0,1.5,0.533,0.0,0.4,0.533,0.0,0.4,0.45,0.2398,0.2398
david_jurasek__cze,David Jurasek,CZE,DEF,ukendt,Ukendt,37,14,0,11,4,0,7,9.25,3.5,0.0,2.75,0.378,0.0,0.297,0.378,0.0,0.297,0.45,0.1701,0.1701
david_m_ller_wolfe__nor,David Møller Wolfe,NOR,DEF,ukendt,Ukendt,25,18,0,2,0,0,2,6.25,4.5,0.0,0.5,0.72,0.0,0.08,0.72,0.0,0.08,0.45,0.324,0.324
david_ospina__col,David Ospina,COL,GK,ukendt,Ukendt,231,128,0,63,31,0,31,57.75,32.0,0.0,15.75,0.554,0.0,0.273,0.554,0.0,0.273,0.45,0.2493,0.2493
david_raum__ger,David Raum,GER,DEF,ukendt,Ukendt,58,28,0,6,4,0,2,14.5,7.0,0.0,1.5,0.483,0.0,0.103,0.483,0.0,0.103,0.45,0.2174,0.2174
david_raya__esp,David Raya,ESP,GK,ukendt,Ukendt,54,11,0,2,0,0,2,13.5,2.75,0.0,0.5,0.204,0.0,0.037,0.204,0.0,0.037,0.45,0.0918,0.0918
davinson_s_nchez__col,Davinson Sanchez,COL,DEF,ukendt,Ukendt,114,75,0,18,3,0,15,28.5,18.75,0.0,4.5,0.658,0.0,0.158,0.658,0.0,0.158,0.45,0.2961,0.2961
dayne_st_clair__can,Dayne St. Clair,CAN,GK,ukendt,Ukendt,77,19,0,9,0,0,9,19.25,4.75,0.0,2.25,0.247,0.0,0.117,0.247,0.0,0.117,0.45,0.1112,0.1112
dayot_upamecano__fra,Dayot Upamecano,FRA,DEF,ukendt,Ukendt,78,35,0,29,13,0,16,19.5,8.75,0.0,7.25,0.449,0.0,0.372,0.449,0.0,0.372,0.45,0.202,0.202
dean_donny_huijsen__esp,Dean Donny Huijsen,ESP,DEF,ukendt,Ukendt,13,6,0,5,4,0,1,3.25,1.5,0.0,1.25,0.462,0.0,0.385,0.462,0.0,0.385,0.45,0.2079,0.2079
dean_henderson__eng,Dean Henderson,ENG,GK,ukendt,Ukendt,83,3,0,38,14,0,24,20.75,0.75,0.0,9.5,0.036,0.0,0.458,0.036,0.0,0.458,0.45,0.0162,0.0162
declan_rice__eng,Declan Rice,ENG,MID,ukendt,Ukendt,89,67,0,6,2,0,4,22.25,16.75,0.0,1.5,0.753,0.0,0.067,0.753,0.0,0.067,0.45,0.3388,0.3388
deiver_machado__col,Deiver Machado,COL,DEF,ukendt,Ukendt,90,12,0,62,13,0,49,22.5,3.0,0.0,15.5,0.133,0.0,0.689,0.133,0.0,0.689,0.45,0.0599,0.0599
deni_juric__aus,Deni Juric,AUS,FWD,ukendt,Ukendt,3,2,0,1,0,0,1,0.75,0.5,0.0,0.25,0.667,0.0,0.333,0.667,0.0,0.333,0.45,0.3002,0.3002
denis_visinsky__cze,Denis Visinsky,CZE,MID,ukendt,Ukendt,4,0,0,0,0,0,0,1.0,0.0,0.0,0.0,0.0,0.0,0.0,0.0,0.0,0.0,0.45,0.0,0.0
denis_zakaria__sui,Denis Zakaria,SUI,MID,ukendt,Ukendt,119,38,0,35,21,0,13,29.75,9.5,0.0,8.75,0.319,0.0,0.294,0.319,0.0,0.294,0.45,0.1436,0.1436
deniz_g_l__tur,Deniz Gül,TUR,FWD,ukendt,Ukendt,13,2,0,2,0,0,2,3.25,0.5,0.0,0.5,0.154,0.0,0.154,0.154,0.0,0.154,0.45,0.0693,0.0693
deniz_undav__ger,Deniz Undav,GER,FWD,ukendt,Ukendt,28,3,0,8,4,0,4,7.0,0.75,0.0,2.0,0.107,0.0,0.286,0.107,0.0,0.286,0.45,0.0482,0.0482
dennis_hadzikadunic__bih,Dennis Hadzikadunic,BIH,DEF,ukendt,Ukendt,59,24,0,20,6,0,14,14.75,6.0,0.0,5.0,0.407,0.0,0.339,0.407,0.0,0.339,0.45,0.1831,0.1831
denzel_dumfries__ned,Denzel Dumfries,NED,DEF,ukendt,Ukendt,90,64,0,7,4,0,1,22.5,16.0,0.0,1.75,0.711,0.0,0.078,0.711,0.0,0.078,0.45,0.32,0.32
denzell_garcia__mex,Denzell Garcia,MEX,MID,ukendt,Ukendt,32,0,0,26,0,0,26,8.0,0.0,0.0,6.5,0.0,0.0,0.812,0.0,0.0,0.812,0.45,0.0,0.0
derek_cornelius__can,Derek Cornelius,CAN,DEF,ukendt,Ukendt,93,38,0,28,3,0,25,23.25,9.5,0.0,7.0,0.409,0.0,0.301,0.409,0.0,0.301,0.45,0.184,0.184
deroy_duarte__cpv,Deroy Duarte,CPV,MID,ukendt,Ukendt,45,23,0,6,0,0,6,11.25,5.75,0.0,1.5,0.511,0.0,0.133,0.511,0.0,0.133,0.45,0.23,0.23
derrick_etienne__hai,Derrick Etienne Jr.,HAI,FWD,ukendt,Ukendt,76,30,0,23,0,0,23,19.0,7.5,0.0,5.75,0.395,0.0,0.303,0.395,0.0,0.303,0.45,0.1778,0.1778
derrick_kohn__gha,Derrick Köhn,GHA,DEF,ukendt,Ukendt,4,3,0,0,0,0,0,1.0,0.75,0.0,0.0,0.75,0.0,0.0,0.75,0.0,0.0,0.45,0.3375,0.3375
derrick_luckassen__gha,Derrick Luckassen,GHA,DEF,ukendt,Ukendt,4,0,0,1,0,0,1,1.0,0.0,0.0,0.25,0.0,0.0,0.25,0.0,0.0,0.25,0.45,0.0,0.0
d_sir_dou__fra,Desire Doue,FRA,FWD,ukendt,Ukendt,13,3,0,5,5,0,0,3.25,0.75,0.0,1.25,0.231,0.0,0.385,0.231,0.0,0.385,0.45,0.104,0.104
deveron_fonville__cuw,Deveron Fonville,CUW,DEF,ukendt,Ukendt,2,1,0,0,0,0,0,0.5,0.25,0.0,0.0,0.5,0.0,0.0,0.5,0.0,0.0,0.45,0.225,0.225
diego_g_mez__par,Diego Gomez,PAR,MID,ukendt,Ukendt,37,19,0,11,5,0,5,9.25,4.75,0.0,2.75,0.514,0.0,0.297,0.514,0.0,0.297,0.45,0.2313,0.2313
diego_moreira__bel,Diego Moreira,BEL,MID,ukendt,Ukendt,10,0,0,4,2,0,2,2.5,0.0,0.0,1.0,0.0,0.0,0.4,0.0,0.0,0.4,0.45,0.0,0.0
dilshod_komilov__uzb,Dilshod Komilov,UZB,DEF,ukendt,Ukendt,6,2,0,0,0,0,0,1.5,0.5,0.0,0.0,0.333,0.0,0.0,0.333,0.0,0.0,0.45,0.1498,0.1498
diney_borges__cpv,Diney Borges,CPV,DEF,ukendt,Ukendt,74,22,0,22,0,0,22,18.5,5.5,0.0,5.5,0.297,0.0,0.297,0.297,0.0,0.297,0.45,0.1336,0.1336
diogo_costa__por,Diogo Costa,POR,GK,ukendt,Ukendt,59,42,0,6,4,0,2,14.75,10.5,0.0,1.5,0.712,0.0,0.102,0.712,0.0,0.102,0.45,0.3204,0.3204
diogo_dalot__por,Diogo Dalot,POR,DEF,ukendt,Ukendt,62,28,0,9,2,0,7,15.5,7.0,0.0,2.25,0.452,0.0,0.145,0.452,0.0,0.145,0.45,0.2034,0.2034
djed_spence__eng,Djed Spence,ENG,DEF,ukendt,Ukendt,8,3,0,0,0,0,0,2.0,0.75,0.0,0.0,0.375,0.0,0.0,0.375,0.0,0.0,0.45,0.1688,0.1688
djibril_sow__sui,Djibril Sow,SUI,MID,ukendt,Ukendt,93,24,0,25,11,0,14,23.25,6.0,0.0,6.25,0.258,0.0,0.269,0.258,0.0,0.269,0.45,0.1161,0.1161
dodi_lukebakio__bel,Dodi Lukebakio,BEL,FWD,ukendt,Ukendt,72,11,0,27,2,0,24,18.0,2.75,0.0,6.75,0.153,0.0,0.375,0.153,0.0,0.375,0.45,0.0688,0.0688
dominic_hyam__sco,Dominic Hyam,SCO,DEF,ukendt,Ukendt,36,1,0,30,0,0,30,9.0,0.25,0.0,7.5,0.028,0.0,0.833,0.028,0.0,0.833,0.45,0.0126,0.0126
dominik_kotarski__cro,Dominik Kotarski,CRO,GK,ukendt,Ukendt,26,2,0,11,0,0,11,6.5,0.5,0.0,2.75,0.077,0.0,0.423,0.077,0.0,0.423,0.45,0.0346,0.0346
dominik_livakovi__cro,Dominik Livakovic,CRO,GK,ukendt,Ukendt,116,74,0,3,0,0,2,29.0,18.5,0.0,0.75,0.638,0.0,0.026,0.638,0.0,0.026,0.45,0.2871,0.2871
dominique_simon__hai,Dominique Simon,HAI,MID,ukendt,Ukendt,1,1,0,0,0,0,0,0.25,0.25,0.0,0.0,1.0,0.0,0.0,1.0,0.0,0.0,0.45,0.45,0.45
don_deedson_louicius__hai,Don Deedson Louicius,HAI,FWD,ukendt,Ukendt,53,19,0,16,0,0,16,13.25,4.75,0.0,4.0,0.358,0.0,0.302,0.358,0.0,0.302,0.45,0.1611,0.1611
dong_gyeong_lee__kor,Dong-gyeong Lee,KOR,MID,ukendt,Ukendt,85,10,0,52,7,0,45,21.25,2.5,0.0,13.0,0.118,0.0,0.612,0.118,0.0,0.612,0.45,0.0531,0.0531
donyell_malen__ned,Donyell Malen,NED,FWD,ukendt,Ukendt,82,24,0,16,5,0,11,20.5,6.0,0.0,4.0,0.293,0.0,0.195,0.293,0.0,0.195,0.45,0.1318,0.1318
dostonbek_khamdamov__uzb,Dostonbek Khamdamov,UZB,MID,ukendt,Ukendt,112,19,0,62,0,0,62,28.0,4.75,0.0,15.5,0.17,0.0,0.554,0.17,0.0,0.554,0.45,0.0765,0.0765
douglas_santos__bra,Douglas Santos,BRA,DEF,ukendt,Ukendt,130,5,0,114,4,0,108,32.5,1.25,0.0,28.5,0.038,0.0,0.877,0.038,0.0,0.877,0.45,0.0171,0.0171
duckens_nazon__hai,Duckens Nazon,HAI,FWD,ukendt,Ukendt,98,60,0,17,0,0,17,24.5,15.0,0.0,4.25,0.612,0.0,0.173,0.612,0.0,0.173,0.45,0.2754,0.2754
duje_aleta_car__cro,Duje Caleta-Car,CRO,DEF,ukendt,Ukendt,105,32,0,37,0,0,37,26.25,8.0,0.0,9.25,0.305,0.0,0.352,0.305,0.0,0.352,0.45,0.1372,0.1372
duke_lacroix__hai,Duke Lacroix,HAI,DEF,ukendt,Ukendt,32,13,0,8,0,0,8,8.0,3.25,0.0,2.0,0.406,0.0,0.25,0.406,0.0,0.25,0.45,0.1827,0.1827
dylan_batubinsika__cod,Dylan Batubinsika,COD,DEF,ukendt,Ukendt,47,13,0,15,2,0,12,11.75,3.25,0.0,3.75,0.277,0.0,0.319,0.277,0.0,0.319,0.45,0.1246,0.1246
dylan_bronn__tun,Dylan Bronn,TUN,DEF,ukendt,Ukendt,125,51,0,58,5,0,53,31.25,12.75,0.0,14.5,0.408,0.0,0.464,0.408,0.0,0.464,0.45,0.1836,0.1836
d_enis_burni__bih,Dzenis Burnic,BIH,MID,ukendt,Ukendt,21,9,0,1,0,0,0,5.25,2.25,0.0,0.25,0.429,0.0,0.048,0.429,0.0,0.048,0.45,0.193,0.193
eberechi_eze__eng,Eberechi Eze,ENG,MID,ukendt,Ukendt,37,4,0,12,6,0,6,9.25,1.0,0.0,3.0,0.108,0.0,0.324,0.108,0.0,0.324,0.45,0.0486,0.0486
der_milit_o__bra,Eder Militão,BRA,DEF,ukendt,Ukendt,88,33,0,29,21,0,8,22.0,8.25,0.0,7.25,0.375,0.0,0.33,0.375,0.0,0.33,0.45,0.1688,0.1688
ederson_moraes__bra,Ederson Moraes,BRA,GK,ukendt,Ukendt,110,31,0,29,14,0,15,27.5,7.75,0.0,7.25,0.282,0.0,0.264,0.282,0.0,0.264,0.45,0.1269,0.1269
edin_dzeko__bih,Edin Dzeko,BIH,FWD,ukendt,Ukendt,185,136,0,29,11,0,18,46.25,34.0,0.0,7.25,0.735,0.0,0.157,0.735,0.0,0.157,0.45,0.3308,0.3308
edmilson_junior__qat,Edmilson Junior,QAT,FWD,ukendt,Ukendt,21,10,0,6,0,0,6,5.25,2.5,0.0,1.5,0.476,0.0,0.286,0.476,0.0,0.286,0.45,0.2142,0.2142
edo_kayembe__cod,Edo Kayembe,COD,MID,ukendt,Ukendt,82,22,0,33,13,0,20,20.5,5.5,0.0,8.25,0.268,0.0,0.402,0.268,0.0,0.402,0.45,0.1206,0.1206
edouard_mendy__sen,Edouard Mendy,SEN,GK,ukendt,Ukendt,102,56,0,36,10,0,25,25.5,14.0,0.0,9.0,0.549,0.0,0.353,0.549,0.0,0.353,0.45,0.247,0.247
edson_alvarez__mex,Edson Alvarez,MEX,MID,ukendt,Ukendt,164,86,0,48,9,0,39,41.0,21.5,0.0,12.0,0.524,0.0,0.293,0.524,0.0,0.293,0.45,0.2358,0.2358
eduardo_camavinga__fra,Eduardo Camavinga,FRA,MID,ukendt,Ukendt,77,14,0,36,12,0,24,19.25,3.5,0.0,9.0,0.182,0.0,0.468,0.182,0.0,0.468,0.45,0.0819,0.0819
egil_selvik__nor,Egil Selvik,NOR,GK,ukendt,Ukendt,35,4,0,2,0,0,2,8.75,1.0,0.0,0.5,0.114,0.0,0.057,0.114,0.0,0.057,0.45,0.0513,0.0513
ehsan_hajsafi__irn,Ehsan Hajsafi,IRN,DEF,ukendt,Ukendt,230,118,0,59,2,0,55,57.5,29.5,0.0,14.75,0.513,0.0,0.257,0.513,0.0,0.257,0.45,0.2308,0.2308
el_hadji_malick_diouf__sen,El Hadji Malick Diouf,SEN,DEF,ukendt,Ukendt,32,14,0,9,2,0,6,8.0,3.5,0.0,2.25,0.438,0.0,0.281,0.438,0.0,0.281,0.45,0.1971,0.1971
el_mahdi_soliman__egy,El Mahdi Soliman,EGY,GK,ukendt,Ukendt,13,0,0,3,0,0,3,3.25,0.0,0.0,0.75,0.0,0.0,0.231,0.0,0.0,0.231,0.45,0.0,0.0
el_mehdi_al_harrar__mar,El Mehdi Al Harrar,MAR,GK,ukendt,Ukendt,30,7,0,9,0,0,7,7.5,1.75,0.0,2.25,0.233,0.0,0.3,0.233,0.0,0.3,0.45,0.1049,0.1049
el_mehdi_benabid__mar,El Mehdi Benabid,MAR,GK,ukendt,Ukendt,55,5,0,31,0,0,31,13.75,1.25,0.0,7.75,0.091,0.0,0.564,0.091,0.0,0.564,0.45,0.041,0.041
eldor_shomurodov__uzb,Eldor Shomurodov,UZB,FWD,ukendt,Ukendt,120,84,0,24,8,0,16,30.0,21.0,0.0,6.0,0.7,0.0,0.2,0.7,0.0,0.2,0.45,0.315,0.315
elias_achouri__tun,Elias Achouri,TUN,MID,ukendt,Ukendt,58,22,0,27,4,0,23,14.5,5.5,0.0,6.75,0.379,0.0,0.466,0.379,0.0,0.466,0.45,0.1706,0.1706
elias_saad__tun,Elias Saad,TUN,MID,ukendt,Ukendt,43,10,0,23,7,0,15,10.75,2.5,0.0,5.75,0.233,0.0,0.535,0.233,0.0,0.535,0.45,0.1049,0.1049
eliesse_ben_seghir__mar,Eliesse Ben Seghir,MAR,MID,ukendt,Ukendt,39,13,0,15,0,0,13,9.75,3.25,0.0,3.75,0.333,0.0,0.385,0.333,0.0,0.385,0.45,0.1498,0.1498
elijah_just__nzl,Elijah Just,NZL,MID,ukendt,Ukendt,49,29,0,4,0,0,4,12.25,7.25,0.0,1.0,0.592,0.0,0.082,0.592,0.0,0.082,0.45,0.2664,0.2664
elisha_owusu__gha,Elisha Owusu,GHA,MID,ukendt,Ukendt,52,10,0,23,3,0,20,13.0,2.5,0.0,5.75,0.192,0.0,0.442,0.192,0.0,0.442,0.45,0.0864,0.0864
elliot_anderson__eng,Elliot Anderson,ENG,MID,ukendt,Ukendt,8,6,0,1,0,0,1,2.0,1.5,0.0,0.25,0.75,0.0,0.125,0.75,0.0,0.125,0.45,0.3375,0.3375
elliot_stroud__swe,Elliot Stroud,SWE,DEF,ukendt,Ukendt,3,0,0,1,0,0,1,0.75,0.0,0.0,0.25,0.0,0.0,0.333,0.0,0.0,0.333,0.45,0.0,0.0
ellyes_skhiri__tun,Ellyes Skhiri,TUN,MID,ukendt,Ukendt,118,79,0,35,10,0,25,29.5,19.75,0.0,8.75,0.669,0.0,0.297,0.669,0.0,0.297,0.45,0.3011,0.3011
eloy_room__cuw,Eloy Room,CUW,GK,ukendt,Ukendt,83,68,0,14,0,0,14,20.75,17.0,0.0,3.5,0.819,0.0,0.169,0.819,0.0,0.169,0.45,0.3686,0.3686
elye_wahi__civ,Elye Wahi,CIV,FWD,ukendt,Ukendt,3,2,0,0,0,0,0,0.75,0.5,0.0,0.0,0.667,0.0,0.0,0.667,0.0,0.0,0.45,0.3002,0.3002
emam_ashour__egy,Emam Ashour,EGY,MID,ukendt,Ukendt,70,19,0,33,12,0,21,17.5,4.75,0.0,8.25,0.271,0.0,0.471,0.271,0.0,0.471,0.45,0.122,0.122
emil_holm__swe,Emil Holm,SWE,DEF,ukendt,Ukendt,34,6,0,16,2,0,14,8.5,1.5,0.0,4.0,0.176,0.0,0.471,0.176,0.0,0.471,0.45,0.0792,0.0792
emiliano_mart_nez__arg,Emiliano Martinez,ARG,GK,ukendt,Ukendt,79,59,0,10,0,0,6,19.75,14.75,0.0,2.5,0.747,0.0,0.127,0.747,0.0,0.127,0.45,0.3362,0.3362
emiliano_martinez_toranza__uru,Emiliano Martinez Toranza,URU,MID,ukendt,Ukendt,36,4,0,14,6,0,8,9.0,1.0,0.0,3.5,0.111,0.0,0.389,0.111,0.0,0.389,0.45,0.05,0.05
emmanuel_agbadou__civ,Emmanuel Agbadou,CIV,DEF,ukendt,Ukendt,66,14,0,29,0,0,29,16.5,3.5,0.0,7.25,0.212,0.0,0.439,0.212,0.0,0.439,0.45,0.0954,0.0954
endrick__bra,Endrick,BRA,FWD,ukendt,Ukendt,29,2,0,10,4,0,6,7.25,0.5,0.0,2.5,0.069,0.0,0.345,0.069,0.0,0.345,0.45,0.0311,0.0311
enner_valencia__ecu,Enner Valencia,ECU,FWD,ukendt,Ukendt,156,89,0,50,15,0,31,39.0,22.25,0.0,12.5,0.571,0.0,0.321,0.571,0.0,0.321,0.45,0.257,0.257
enzo_fern_ndez__arg,Enzo Fernandez,ARG,MID,ukendt,Ukendt,48,33,0,6,2,0,3,12.0,8.25,0.0,1.5,0.688,0.0,0.125,0.688,0.0,0.125,0.45,0.3096,0.3096
eray_c_mert__sui,Eray Cömert,SUI,DEF,ukendt,Ukendt,82,13,0,27,2,0,25,20.5,3.25,0.0,6.75,0.159,0.0,0.329,0.159,0.0,0.329,0.45,0.0716,0.0716
erick_davis__pan,Eric Davis,PAN,DEF,ukendt,Ukendt,246,88,0,107,13,0,94,61.5,22.0,0.0,26.75,0.358,0.0,0.435,0.358,0.0,0.435,0.45,0.1611,0.1611
eric_garcia__esp,Eric Garcia,ESP,DEF,ukendt,Ukendt,80,16,0,45,4,0,41,20.0,4.0,0.0,11.25,0.2,0.0,0.562,0.2,0.0,0.562,0.45,0.09,0.09
eric_smith__swe,Eric Smith,SWE,DEF,ukendt,Ukendt,4,1,0,1,1,0,0,1.0,0.25,0.0,0.25,0.25,0.0,0.25,0.25,0.0,0.25,0.45,0.1125,0.1125
erick_sanchez__mex,Erick Sanchez,MEX,MID,ukendt,Ukendt,91,17,0,45,0,0,45,22.75,4.25,0.0,11.25,0.187,0.0,0.495,0.187,0.0,0.495,0.45,0.0842,0.0842
erik_lira__mex,Erik Lira,MEX,MID,ukendt,Ukendt,81,16,0,45,0,0,45,20.25,4.0,0.0,11.25,0.198,0.0,0.556,0.198,0.0,0.556,0.45,0.0891,0.0891
erling_haaland__nor,Erling Haaland,NOR,FWD,ukendt,Ukendt,68,47,0,18,10,0,8,17.0,11.75,0.0,4.5,0.691,0.0,0.265,0.691,0.0,0.265,0.45,0.311,0.311
ermedin_demirovic__bih,Ermedin Demirovic,BIH,FWD,ukendt,Ukendt,58,32,0,13,6,0,6,14.5,8.0,0.0,3.25,0.552,0.0,0.224,0.552,0.0,0.224,0.45,0.2484,0.2484
ermin_mahmic__bih,Ermin Mahmic,BIH,MID,ukendt,Ukendt,1,0,0,0,0,0,0,0.25,0.0,0.0,0.0,0.0,0.0,0.0,0.0,0.0,0.0,0.45,0.0,0.0
esmir_bajraktarevic__bih,Esmir Bajraktarevic,BIH,MID,ukendt,Ukendt,19,7,0,4,0,0,4,4.75,1.75,0.0,1.0,0.368,0.0,0.211,0.368,0.0,0.211,0.45,0.1656,0.1656
evan_n_dicka__civ,Evan N'Dicka,CIV,DEF,ukendt,Ukendt,40,27,0,8,1,0,7,10.0,6.75,0.0,2.0,0.675,0.0,0.2,0.675,0.0,0.2,0.45,0.3038,0.3038
evann_guessand__civ,Evann Guessand,CIV,FWD,ukendt,Ukendt,25,13,0,0,0,0,0,6.25,3.25,0.0,0.0,0.52,0.0,0.0,0.52,0.0,0.0,0.45,0.234,0.234
everardo_lopez__mex,Everardo Lopez,MEX,DEF,ukendt,Ukendt,30,10,0,12,0,0,12,7.5,2.5,0.0,3.0,0.333,0.0,0.4,0.333,0.0,0.4,0.45,0.1498,0.1498
evidence_makgopa__rsa,Evidence Makgopa,RSA,FWD,ukendt,Ukendt,60,15,0,30,0,0,30,15.0,3.75,0.0,7.5,0.25,0.0,0.5,0.25,0.0,0.5,0.45,0.1125,0.1125
evren_eren_elmali__tur,Evren Eren Elmali,TUR,DEF,ukendt,Ukendt,45,13,0,15,1,0,12,11.25,3.25,0.0,3.75,0.289,0.0,0.333,0.289,0.0,0.333,0.45,0.13,0.13
exequiel_palacios__arg,Exequiel Palacios,ARG,MID,ukendt,Ukendt,95,9,0,32,19,0,13,23.75,2.25,0.0,8.0,0.095,0.0,0.337,0.095,0.0,0.337,0.45,0.0428,0.0428
ezri_konsa__eng,Ezri Konsa,ENG,DEF,ukendt,Ukendt,31,14,0,5,0,0,5,7.75,3.5,0.0,1.25,0.452,0.0,0.161,0.452,0.0,0.161,0.45,0.2034,0.2034
fabian_rieder__sui,Fabian Rieder,SUI,MID,ukendt,Ukendt,43,14,0,10,1,0,9,10.75,3.5,0.0,2.5,0.326,0.0,0.233,0.326,0.0,0.233,0.45,0.1467,0.1467
fabian_ruiz__esp,Fabian Ruiz,ESP,MID,ukendt,Ukendt,88,32,0,33,7,0,26,22.0,8.0,0.0,8.25,0.364,0.0,0.375,0.364,0.0,0.375,0.45,0.1638,0.1638
facundo_pellistri__uru,Facundo Pellistri,URU,FWD,ukendt,Ukendt,50,32,0,9,3,0,5,12.5,8.0,0.0,2.25,0.64,0.0,0.18,0.64,0.0,0.18,0.45,0.288,0.288
facundo_torres__uru,Facundo Torres,URU,FWD,ukendt,Ukendt,65,6,0,24,2,0,21,16.25,1.5,0.0,6.0,0.092,0.0,0.369,0.092,0.0,0.369,0.45,0.0414,0.0414
fahad_talib__irq,Fahad Talib,IRQ,GK,ukendt,Ukendt,131,20,0,55,3,0,52,32.75,5.0,0.0,13.75,0.153,0.0,0.42,0.153,0.0,0.42,0.45,0.0688,0.0688
fares_cha_bi__alg,Fares Chaibi,ALG,MID,ukendt,Ukendt,52,19,0,18,2,0,16,13.0,4.75,0.0,4.5,0.365,0.0,0.346,0.365,0.0,0.346,0.45,0.1642,0.1642
fares_ghedjemis__alg,Fares Ghedjemis,ALG,FWD,ukendt,Ukendt,3,0,0,0,0,0,0,0.75,0.0,0.0,0.0,0.0,0.0,0.0,0.0,0.0,0.0,0.45,0.0,0.0
farrukh_sayfiev__uzb,Farrukh Sayfiev,UZB,DEF,ukendt,Ukendt,138,50,0,47,0,0,46,34.5,12.5,0.0,11.75,0.362,0.0,0.341,0.362,0.0,0.341,0.45,0.1629,0.1629
federico_valverde__uru,Federico Valverde,URU,MID,ukendt,Ukendt,101,64,0,24,8,0,16,25.25,16.0,0.0,6.0,0.634,0.0,0.238,0.634,0.0,0.238,0.45,0.2853,0.2853
federico_vi_as__uru,Federico Vinas,URU,FWD,ukendt,Ukendt,30,5,0,18,14,0,4,7.5,1.25,0.0,4.5,0.167,0.0,0.6,0.167,0.0,0.6,0.45,0.0752,0.0752
felix_nmecha__ger,Felix Nmecha,GER,MID,ukendt,Ukendt,39,2,0,26,6,0,20,9.75,0.5,0.0,6.5,0.051,0.0,0.667,0.051,0.0,0.667,0.45,0.0229,0.0229
ferdi_kadioglu__tur,Ferdi Kadioglu,TUR,DEF,ukendt,Ukendt,46,27,0,15,14,0,1,11.5,6.75,0.0,3.75,0.587,0.0,0.326,0.587,0.0,0.326,0.45,0.2642,0.2642
ferjani_sassi__tun,Ferjani Sassi,TUN,MID,ukendt,Ukendt,172,81,0,55,0,0,54,43.0,20.25,0.0,13.75,0.471,0.0,0.32,0.471,0.0,0.32,0.45,0.212,0.212
fermin_lopez__esp,Fermin Lopez,ESP,MID,ukendt,Ukendt,28,1,0,11,6,0,5,7.0,0.25,0.0,2.75,0.036,0.0,0.393,0.036,0.0,0.393,0.45,0.0162,0.0162
fernando_muslera__uru,Fernando Muslera,URU,GK,ukendt,Ukendt,204,133,0,52,10,0,41,51.0,33.25,0.0,13.0,0.652,0.0,0.255,0.652,0.0,0.255,0.45,0.2934,0.2934
ferr_n_torres__esp,Ferran Torres,ESP,FWD,ukendt,Ukendt,80,34,0,19,9,0,10,20.0,8.5,0.0,4.75,0.425,0.0,0.238,0.425,0.0,0.238,0.45,0.1912,0.1912
fidel_escobar__pan,Fidel Escobar,PAN,DEF,ukendt,Ukendt,180,89,0,70,11,0,58,45.0,22.25,0.0,17.5,0.494,0.0,0.389,0.494,0.0,0.389,0.45,0.2223,0.2223
findlay_curtis__sco,Findlay Curtis,SCO,FWD,ukendt,Ukendt,3,0,0,0,0,0,0,0.75,0.0,0.0,0.0,0.0,0.0,0.0,0.0,0.0,0.0,0.45,0.0,0.0
finn_dahmen__ger,Finn Dahmen,GER,GK,ukendt,Ukendt,8,0,0,0,0,0,0,2.0,0.0,0.0,0.0,0.0,0.0,0.0,0.0,0.0,0.0,0.45,0.0,0.0
finn_surman__nzl,Finn Surman,NZL,DEF,ukendt,Ukendt,29,16,0,5,1,0,4,7.25,4.0,0.0,1.25,0.552,0.0,0.172,0.552,0.0,0.172,0.45,0.2484,0.2484
firas_al_buraikan__ksa,Firas Al-Buraikan,KSA,FWD,ukendt,Ukendt,106,54,0,29,3,0,26,26.5,13.5,0.0,7.25,0.509,0.0,0.274,0.509,0.0,0.274,0.45,0.229,0.229
firas_chaouat__tun,Firas Chaouat,TUN,FWD,ukendt,Ukendt,108,11,0,69,0,0,69,27.0,2.75,0.0,17.25,0.102,0.0,0.639,0.102,0.0,0.639,0.45,0.0459,0.0459
fiston_mayele__cod,Fiston Mayele,COD,FWD,ukendt,Ukendt,74,9,0,29,0,0,29,18.5,2.25,0.0,7.25,0.122,0.0,0.392,0.122,0.0,0.392,0.45,0.0549,0.0549
florian_grillitsch__aut,Florian Grillitsch,AUT,MID,ukendt,Ukendt,99,36,0,24,7,0,16,24.75,9.0,0.0,6.0,0.364,0.0,0.242,0.364,0.0,0.242,0.45,0.1638,0.1638
florian_wirtz__ger,Florian Wirtz,GER,MID,ukendt,Ukendt,67,32,0,22,16,0,6,16.75,8.0,0.0,5.5,0.478,0.0,0.328,0.478,0.0,0.328,0.45,0.2151,0.2151
folarin_balogun__usa,Folarin Balogun,USA,FWD,ukendt,Ukendt,48,19,0,22,14,0,8,12.0,4.75,0.0,5.5,0.396,0.0,0.458,0.396,0.0,0.458,0.45,0.1782,0.1782
francis_de_vries__nzl,Francis de Vries,NZL,DEF,ukendt,Ukendt,45,13,0,19,4,0,15,11.25,3.25,0.0,4.75,0.289,0.0,0.422,0.289,0.0,0.422,0.45,0.13,0.13
francisco_concei_o__por,Francisco Conceicao,POR,FWD,ukendt,Ukendt,28,6,0,5,3,0,2,7.0,1.5,0.0,1.25,0.214,0.0,0.179,0.214,0.0,0.179,0.45,0.0963,0.0963
francisco_trinc_o__por,Francisco Trincao,POR,FWD,ukendt,Ukendt,76,4,0,48,2,0,46,19.0,1.0,0.0,12.0,0.053,0.0,0.632,0.053,0.0,0.632,0.45,0.0238,0.0238
franck_kessie__civ,Franck Kessie,CIV,MID,ukendt,Ukendt,146,95,0,39,4,0,34,36.5,23.75,0.0,9.75,0.651,0.0,0.267,0.651,0.0,0.267,0.45,0.293,0.293
franco_mastantuono__arg,Franco Mastantuono,ARG,MID,ukendt,Ukendt,10,1,0,4,3,0,1,2.5,0.25,0.0,1.0,0.1,0.0,0.4,0.1,0.0,0.4,0.45,0.045,0.045
frans_dhia_putros__irq,Frans Dhia Putros,IRQ,DEF,ukendt,Ukendt,106,15,0,64,9,0,55,26.5,3.75,0.0,16.0,0.142,0.0,0.604,0.142,0.0,0.604,0.45,0.0639,0.0639
frantzdy_pierrot__hai,Frantzdy Pierrot,HAI,FWD,ukendt,Ukendt,70,45,0,16,3,0,13,17.5,11.25,0.0,4.0,0.643,0.0,0.229,0.643,0.0,0.229,0.45,0.2894,0.2894
fredrik_andr_bj_rkan__nor,Fredrik Andre Bjørkan,NOR,DEF,ukendt,Ukendt,51,10,0,18,3,0,15,12.75,2.5,0.0,4.5,0.196,0.0,0.353,0.196,0.0,0.353,0.45,0.0882,0.0882
fredrik_aursnes__nor,Fredrik Aursnes,NOR,MID,ukendt,Ukendt,52,14,0,27,6,0,21,13.0,3.5,0.0,6.75,0.269,0.0,0.519,0.269,0.0,0.519,0.45,0.121,0.121
frenkie_de_jong__ned,Frenkie de Jong,NED,MID,ukendt,Ukendt,92,63,0,25,23,0,2,23.0,15.75,0.0,6.25,0.685,0.0,0.272,0.685,0.0,0.272,0.45,0.3083,0.3083
gabriel_avalos__par,Gabriel Avalos,PAR,FWD,ukendt,Ukendt,58,11,0,34,0,0,34,14.5,2.75,0.0,8.5,0.19,0.0,0.586,0.19,0.0,0.586,0.45,0.0855,0.0855
gabriel_gudmundsson__swe,Gabriel Gudmundsson,SWE,DEF,ukendt,Ukendt,45,19,0,15,5,0,10,11.25,4.75,0.0,3.75,0.422,0.0,0.333,0.422,0.0,0.333,0.45,0.1899,0.1899
gabriel_magalh_es__bra,Gabriel Magalhaes,BRA,DEF,ukendt,Ukendt,37,16,0,9,5,0,4,9.25,4.0,0.0,2.25,0.432,0.0,0.243,0.432,0.0,0.243,0.45,0.1944,0.1944
gabriel_martinelli__bra,Gabriel Martinelli,BRA,FWD,ukendt,Ukendt,47,8,0,17,4,0,13,11.75,2.0,0.0,4.25,0.17,0.0,0.362,0.17,0.0,0.362,0.45,0.0765,0.0765
garry_mendes_rodrigues__cpv,Garry Mendes Rodrigues,CPV,FWD,ukendt,Ukendt,104,39,0,34,8,0,26,26.0,9.75,0.0,8.5,0.375,0.0,0.327,0.375,0.0,0.327,0.45,0.1688,0.1688
gaston_olveira__par,Gaston Olveira,PAR,GK,ukendt,Ukendt,2,1,0,0,0,0,0,0.5,0.25,0.0,0.0,0.5,0.0,0.0,0.5,0.0,0.0,0.45,0.225,0.225
gael_kakuta__cod,Gaël Kakuta,COD,MID,ukendt,Ukendt,102,25,0,61,9,0,50,25.5,6.25,0.0,15.25,0.245,0.0,0.598,0.245,0.0,0.598,0.45,0.1102,0.1102
george_hirst__sco,George Hirst,SCO,FWD,ukendt,Ukendt,13,4,0,0,0,0,0,3.25,1.0,0.0,0.0,0.308,0.0,0.0,0.308,0.0,0.0,0.45,0.1386,0.1386
german_berterame__mex,German Berterame,MEX,FWD,ukendt,Ukendt,24,3,0,13,0,0,13,6.0,0.75,0.0,3.25,0.125,0.0,0.542,0.125,0.0,0.542,0.45,0.0562,0.0562
ger_nimo_rulli__arg,Geronimo Rulli,ARG,GK,ukendt,Ukendt,118,7,0,57,6,0,51,29.5,1.75,0.0,14.25,0.059,0.0,0.483,0.059,0.0,0.483,0.45,0.0266,0.0266
gervane_kastaneer__cuw,Gervane Kastaneer,CUW,FWD,ukendt,Ukendt,62,10,0,27,2,0,24,15.5,2.5,0.0,6.75,0.161,0.0,0.435,0.161,0.0,0.435,0.45,0.0724,0.0724
ghislain_konan__civ,Ghislain Konan,CIV,DEF,ukendt,Ukendt,103,46,0,42,3,0,39,25.75,11.5,0.0,10.5,0.447,0.0,0.408,0.447,0.0,0.408,0.45,0.2012,0.2012
gi_hyuk_lee__kor,Gi-hyuk Lee,KOR,DEF,ukendt,Ukendt,54,3,0,48,0,0,48,13.5,0.75,0.0,12.0,0.056,0.0,0.889,0.056,0.0,0.889,0.45,0.0252,0.0252
gideon_mensah__gha,Gideon Mensah,GHA,DEF,ukendt,Ukendt,72,37,0,19,4,0,15,18.0,9.25,0.0,4.75,0.514,0.0,0.264,0.514,0.0,0.264,0.45,0.2313,0.2313
gilson_benchimol_tavares__cpv,Gilson Benchimol Tavares,CPV,FWD,ukendt,Ukendt,62,7,0,31,6,0,25,15.5,1.75,0.0,7.75,0.113,0.0,0.5,0.113,0.0,0.5,0.45,0.0508,0.0508
giorgian_de_arrascaeta__uru,Giorgian De Arrascaeta,URU,MID,ukendt,Ukendt,135,36,0,44,24,0,20,33.75,9.0,0.0,11.0,0.267,0.0,0.326,0.267,0.0,0.326,0.45,0.1202,0.1202
giovani_lo_celso__arg,Giovani Lo Celso,ARG,MID,ukendt,Ukendt,104,47,0,28,22,0,4,26.0,11.75,0.0,7.0,0.452,0.0,0.269,0.452,0.0,0.269,0.45,0.2034,0.2034
giovanni_reyna__usa,Giovanni Reyna,USA,MID,ukendt,Ukendt,94,27,0,54,26,0,28,23.5,6.75,0.0,13.5,0.287,0.0,0.574,0.287,0.0,0.574,0.45,0.1291,0.1291
giuliano_simeone__arg,Giuliano Simeone,ARG,FWD,ukendt,Ukendt,17,4,0,5,0,0,5,4.25,1.0,0.0,1.25,0.235,0.0,0.294,0.235,0.0,0.294,0.45,0.1058,0.1058
godfried_roemeratoe__cuw,Godfried Roemeratoe,CUW,MID,ukendt,Ukendt,32,10,0,2,0,0,2,8.0,2.5,0.0,0.5,0.312,0.0,0.062,0.312,0.0,0.062,0.45,0.1404,0.1404
goncalo_guedes__por,Goncalo Guedes,POR,FWD,ukendt,Ukendt,135,16,0,91,6,0,85,33.75,4.0,0.0,22.75,0.119,0.0,0.674,0.119,0.0,0.674,0.45,0.0536,0.0536
gon_alo_in_cio__por,Goncalo Inacio,POR,DEF,ukendt,Ukendt,38,16,0,7,1,0,6,9.5,4.0,0.0,1.75,0.421,0.0,0.184,0.421,0.0,0.184,0.45,0.1894,0.1894
gon_alo_ramos__por,Goncalo Ramos,POR,FWD,ukendt,Ukendt,46,10,0,11,5,0,6,11.5,2.5,0.0,2.75,0.217,0.0,0.239,0.217,0.0,0.239,0.45,0.0976,0.0976
gonzalo_agustin_sandez__par,Gonzalo Agustin Sandez,PAR,DEF,ukendt,Ukendt,14,4,0,3,0,0,3,3.5,1.0,0.0,0.75,0.286,0.0,0.214,0.286,0.0,0.214,0.45,0.1287,0.1287
gonzalo_montiel__arg,Gonzalo Montiel,ARG,DEF,ukendt,Ukendt,89,26,0,27,8,0,17,22.25,6.5,0.0,6.75,0.292,0.0,0.303,0.292,0.0,0.303,0.45,0.1314,0.1314
gonzalo_plata__ecu,Gonzalo Plata,ECU,MID,ukendt,Ukendt,78,29,0,26,4,0,21,19.5,7.25,0.0,6.5,0.372,0.0,0.333,0.372,0.0,0.333,0.45,0.1674,0.1674
gonzalo_valle__ecu,Gonzalo Valle,ECU,GK,ukendt,Ukendt,18,3,0,4,2,0,2,4.5,0.75,0.0,1.0,0.167,0.0,0.222,0.167,0.0,0.222,0.45,0.0752,0.0752
grady_diangana__cod,Grady Diangana,COD,MID,ukendt,Ukendt,23,2,0,7,2,0,5,5.75,0.5,0.0,1.75,0.087,0.0,0.304,0.087,0.0,0.304,0.45,0.0392,0.0392
granit_xhaka__sui,Granit Xhaka,SUI,MID,ukendt,Ukendt,168,140,0,19,8,0,8,42.0,35.0,0.0,4.75,0.833,0.0,0.113,0.833,0.0,0.113,0.45,0.3748,0.3748
grant_hanley__sco,Grant Hanley,SCO,DEF,ukendt,Ukendt,148,61,0,65,24,0,41,37.0,15.25,0.0,16.25,0.412,0.0,0.439,0.412,0.0,0.439,0.45,0.1854,0.1854
gregor_kobel__sui,Gregor Kobel,SUI,GK,ukendt,Ukendt,69,20,0,18,8,0,10,17.25,5.0,0.0,4.5,0.29,0.0,0.261,0.29,0.0,0.261,0.45,0.1305,0.1305
cho_gue_sung__kor,Gue-sung Cho,KOR,FWD,ukendt,Ukendt,70,27,0,22,16,0,6,17.5,6.75,0.0,5.5,0.386,0.0,0.314,0.386,0.0,0.314,0.45,0.1737,0.1737
guela_doue__civ,Guela Doue,CIV,DEF,ukendt,Ukendt,28,11,0,4,2,0,2,7.0,2.75,0.0,1.0,0.393,0.0,0.143,0.393,0.0,0.143,0.45,0.1768,0.1768
guillermo_martinez__mex,Guillermo Martínez,MEX,FWD,ukendt,Ukendt,38,3,0,22,0,0,22,9.5,0.75,0.0,5.5,0.079,0.0,0.579,0.079,0.0,0.579,0.45,0.0356,0.0356
guillermo_ochoa__mex,Guillermo Ochoa,MEX,GK,ukendt,Ukendt,368,148,0,132,2,0,130,92.0,37.0,0.0,33.0,0.402,0.0,0.359,0.402,0.0,0.359,0.45,0.1809,0.1809
guillermo_varela__uru,Guillermo Varela,URU,DEF,ukendt,Ukendt,99,19,0,58,10,0,46,24.75,4.75,0.0,14.5,0.192,0.0,0.586,0.192,0.0,0.586,0.45,0.0864,0.0864
gustaf_lagerbielke__swe,Gustaf Lagerbielke,SWE,DEF,ukendt,Ukendt,37,9,0,21,0,0,21,9.25,2.25,0.0,5.25,0.243,0.0,0.568,0.243,0.0,0.568,0.45,0.1094,0.1094
gustaf_nilsson__swe,Gustaf Nilsson,SWE,FWD,ukendt,Ukendt,102,4,0,88,14,0,74,25.5,1.0,0.0,22.0,0.039,0.0,0.863,0.039,0.0,0.863,0.45,0.0176,0.0176
gustavo_g_mez__par,Gustavo Gomez,PAR,DEF,ukendt,Ukendt,129,85,0,24,3,0,14,32.25,21.25,0.0,6.0,0.659,0.0,0.186,0.659,0.0,0.186,0.45,0.2966,0.2966
gustavo_puerta__col,Gustavo Puerta,COL,MID,ukendt,Ukendt,25,2,0,16,0,0,16,6.25,0.5,0.0,4.0,0.08,0.0,0.64,0.08,0.0,0.64,0.45,0.036,0.036
gustavo_vel_squez__par,Gustavo Velazquez,PAR,DEF,ukendt,Ukendt,25,9,0,0,0,0,0,6.25,2.25,0.0,0.0,0.36,0.0,0.0,0.36,0.0,0.0,0.45,0.162,0.162
habib_diarra__sen,Habib Diarra,SEN,MID,ukendt,Ukendt,36,14,0,13,6,0,6,9.0,3.5,0.0,3.25,0.389,0.0,0.361,0.389,0.0,0.361,0.45,0.175,0.175
haissem_hassan__egy,Haissem Hassan,EGY,MID,ukendt,Ukendt,3,0,0,0,0,0,0,0.75,0.0,0.0,0.0,0.0,0.0,0.0,0.0,0.0,0.0,0.45,0.0,0.0
hakan_calhanoglu__tur,Hakan Calhanoglu,TUR,MID,ukendt,Ukendt,144,95,0,31,16,0,11,36.0,23.75,0.0,7.75,0.66,0.0,0.215,0.66,0.0,0.215,0.45,0.297,0.297
hakim_ziyech__mar,Hakim Ziyech,MAR,MID,ukendt,Ukendt,134,56,0,67,11,0,56,33.5,14.0,0.0,16.75,0.418,0.0,0.5,0.418,0.0,0.5,0.45,0.1881,0.1881
hamdy_fathy__egy,Hamdy Fathy,EGY,MID,ukendt,Ukendt,82,44,0,16,3,0,13,20.5,11.0,0.0,4.0,0.537,0.0,0.195,0.537,0.0,0.195,0.45,0.2417,0.2417
hamza_abdelkarim__egy,Hamza Abdelkarim,EGY,FWD,ukendt,Ukendt,1,0,0,0,0,0,0,0.25,0.0,0.0,0.0,0.0,0.0,0.0,0.0,0.0,0.0,0.45,0.0,0.0
han_beom_lee__kor,Han-beom Lee,KOR,DEF,ukendt,Ukendt,15,7,0,3,0,0,3,3.75,1.75,0.0,0.75,0.467,0.0,0.2,0.467,0.0,0.2,0.45,0.2102,0.2102
hannes_delcroix__hai,Hannes Delcroix,HAI,DEF,ukendt,Ukendt,7,4,0,0,0,0,0,1.75,1.0,0.0,0.0,0.571,0.0,0.0,0.571,0.0,0.0,0.45,0.257,0.257
hannibal_mejbri__tun,Hannibal Mejbri,TUN,MID,ukendt,Ukendt,80,31,0,27,2,0,25,20.0,7.75,0.0,6.75,0.388,0.0,0.338,0.388,0.0,0.338,0.45,0.1746,0.1746
hans_vanaken__bel,Hans Vanaken,BEL,MID,ukendt,Ukendt,90,20,0,29,1,0,28,22.5,5.0,0.0,7.25,0.222,0.0,0.322,0.222,0.0,0.322,0.45,0.0999,0.0999
haris_tabakovic__bih,Haris Tabakovic,BIH,FWD,ukendt,Ukendt,24,3,0,9,3,0,6,6.0,0.75,0.0,2.25,0.125,0.0,0.375,0.125,0.0,0.375,0.45,0.0562,0.0562
harry_kane__eng,Harry Kane,ENG,FWD,ukendt,Ukendt,140,99,0,17,10,0,7,35.0,24.75,0.0,4.25,0.707,0.0,0.121,0.707,0.0,0.121,0.45,0.3182,0.3182
hasan_abdulkareem__irq,Hasan Abdulkareem,IRQ,MID,ukendt,Ukendt,60,7,0,27,0,0,27,15.0,1.75,0.0,6.75,0.117,0.0,0.45,0.117,0.0,0.45,0.45,0.0526,0.0526
hazem_mastouri__tun,Hazem Mastouri,TUN,FWD,ukendt,Ukendt,25,14,0,6,0,0,6,6.25,3.5,0.0,1.5,0.56,0.0,0.24,0.56,0.0,0.24,0.45,0.252,0.252
hwang_hee_chan__kor,Hee-Chan Hwang,KOR,MID,ukendt,Ukendt,132,54,0,44,21,0,21,33.0,13.5,0.0,11.0,0.409,0.0,0.333,0.409,0.0,0.333,0.45,0.184,0.184
h_lio_varela__cpv,Helio Varela,CPV,FWD,ukendt,Ukendt,33,5,0,11,1,0,10,8.25,1.25,0.0,2.75,0.152,0.0,0.333,0.152,0.0,0.333,0.45,0.0684,0.0684
henrik_falchener__nor,Henrik Falchener,NOR,DEF,ukendt,Ukendt,3,0,0,0,0,0,0,0.75,0.0,0.0,0.0,0.0,0.0,0.0,0.0,0.0,0.0,0.45,0.0,0.0
hern_n_gal_ndez__ecu,Hernan Galindez,ECU,GK,ukendt,Ukendt,73,34,0,6,4,0,2,18.25,8.5,0.0,1.5,0.466,0.0,0.082,0.466,0.0,0.082,0.45,0.2097,0.2097
son_heung_min__kor,Heung-Min Son,KOR,FWD,ukendt,Ukendt,213,121,0,61,13,0,47,53.25,30.25,0.0,15.25,0.568,0.0,0.286,0.568,0.0,0.286,0.45,0.2556,0.2556
hicham_boudaoui__alg,Hicham Boudaoui,ALG,MID,ukendt,Ukendt,112,21,0,59,10,0,49,28.0,5.25,0.0,14.75,0.188,0.0,0.527,0.188,0.0,0.527,0.45,0.0846,0.0846
himad_abdelli__alg,Himad Abdelli,ALG,MID,ukendt,Ukendt,47,4,0,37,5,0,31,11.75,1.0,0.0,9.25,0.085,0.0,0.787,0.085,0.0,0.787,0.45,0.0383,0.0383
hiroki_ito__jpn,Hiroki Ito,JPN,DEF,ukendt,Ukendt,56,21,0,22,16,0,6,14.0,5.25,0.0,5.5,0.375,0.0,0.393,0.375,0.0,0.393,0.45,0.1688,0.1688
hjalmar_ekdal__swe,Hjalmar Ekdal,SWE,DEF,ukendt,Ukendt,45,10,0,21,12,0,9,11.25,2.5,0.0,5.25,0.222,0.0,0.467,0.222,0.0,0.467,0.45,0.0999,0.0999
homam_al_amin__qat,Homam Al-Amin,QAT,DEF,ukendt,Ukendt,91,55,0,13,4,0,9,22.75,13.75,0.0,3.25,0.604,0.0,0.143,0.604,0.0,0.143,0.45,0.2718,0.2718
hossam_abdelmaguid__egy,Hossam Abdelmaguid,EGY,DEF,ukendt,Ukendt,43,6,0,21,0,0,17,10.75,1.5,0.0,5.25,0.14,0.0,0.488,0.14,0.0,0.488,0.45,0.063,0.063
hossein_abarghouei__irn,Hossein Abarghouei,IRN,DEF,ukendt,Ukendt,1,1,0,0,0,0,0,0.25,0.25,0.0,0.0,1.0,0.0,0.0,1.0,0.0,0.0,0.45,0.45,0.45
hossein_kanaani__irn,Hossein Kanaani,IRN,DEF,ukendt,Ukendt,123,57,0,42,19,0,21,30.75,14.25,0.0,10.5,0.463,0.0,0.341,0.463,0.0,0.341,0.45,0.2084,0.2084
houssem_aouar__alg,Houssem Aouar,ALG,MID,ukendt,Ukendt,50,14,0,26,11,0,15,12.5,3.5,0.0,6.5,0.28,0.0,0.52,0.28,0.0,0.52,0.45,0.126,0.126
hugo_cuenca__par,Hugo Cuenca,PAR,MID,ukendt,Ukendt,14,1,0,9,4,0,5,3.5,0.25,0.0,2.25,0.071,0.0,0.643,0.071,0.0,0.643,0.45,0.032,0.032
hugo_ekitike__fra,Hugo Ekitike,FRA,FWD,ukendt,Ukendt,8,3,0,0,0,0,0,2.0,0.75,0.0,0.0,0.375,0.0,0.0,0.375,0.0,0.0,0.45,0.1688,0.1688
husam_abu_dahab__jor,Husam Abu Dahab,JOR,DEF,ukendt,Ukendt,25,8,0,5,0,0,5,6.25,2.0,0.0,1.25,0.32,0.0,0.2,0.32,0.0,0.2,0.45,0.144,0.144
hussein_ali__irq,Hussein Ali,IRQ,DEF,ukendt,Ukendt,41,23,0,13,1,0,12,10.25,5.75,0.0,3.25,0.561,0.0,0.317,0.561,0.0,0.317,0.45,0.2524,0.2524
oh_hyeon_gyu__kor,Hyeon-Gyu Oh,KOR,FWD,ukendt,Ukendt,49,6,0,14,0,0,14,12.25,1.5,0.0,3.5,0.122,0.0,0.286,0.122,0.0,0.286,0.45,0.0549,0.0549
jo_hyeon_woo__kor,Hyeon-Woo Jo,KOR,GK,ukendt,Ukendt,125,48,0,13,4,0,9,31.25,12.0,0.0,3.25,0.384,0.0,0.104,0.384,0.0,0.104,0.45,0.1728,0.1728
hyun_jun_yang__kor,Hyun-Jun Yang,KOR,MID,ukendt,Ukendt,51,0,0,32,1,0,31,12.75,0.0,0.0,8.0,0.0,0.0,0.627,0.0,0.0,0.627,0.45,0.0,0.0
ibrahim_adel__egy,Ibrahim Adel,EGY,MID,ukendt,Ukendt,73,6,0,43,8,0,34,18.25,1.5,0.0,10.75,0.082,0.0,0.589,0.082,0.0,0.589,0.45,0.0369,0.0369
ibrahim_bayesh__irq,Ibrahim Bayesh,IRQ,MID,ukendt,Ukendt,113,63,0,34,7,0,27,28.25,15.75,0.0,8.5,0.558,0.0,0.301,0.558,0.0,0.301,0.45,0.2511,0.2511
ibrahim_maza__alg,Ibrahim Maza,ALG,MID,ukendt,Ukendt,32,8,0,14,2,0,12,8.0,2.0,0.0,3.5,0.25,0.0,0.438,0.25,0.0,0.438,0.45,0.1125,0.1125
ibrahim_mbaye__sen,Ibrahim Mbaye,SEN,MID,ukendt,Ukendt,12,2,0,1,0,0,1,3.0,0.5,0.0,0.25,0.167,0.0,0.083,0.167,0.0,0.083,0.45,0.0752,0.0752
ibrahim_sa_deh__jor,Ibrahim Saadeh,JOR,MID,ukendt,Ukendt,75,20,0,18,4,0,14,18.75,5.0,0.0,4.5,0.267,0.0,0.24,0.267,0.0,0.24,0.45,0.1202,0.1202
ibrahim_sabra__jor,Ibrahim Sabra,JOR,FWD,ukendt,Ukendt,23,2,0,12,6,0,6,5.75,0.5,0.0,3.0,0.087,0.0,0.522,0.087,0.0,0.522,0.45,0.0392,0.0392
ibrahim_sangare__civ,Ibrahim Sangare,CIV,MID,ukendt,Ukendt,139,43,0,73,5,0,68,34.75,10.75,0.0,18.25,0.309,0.0,0.525,0.309,0.0,0.525,0.45,0.139,0.139
ibrahim_sulemana__gha,Ibrahim Sulemana,GHA,MID,ukendt,Ukendt,21,5,0,11,7,0,4,5.25,1.25,0.0,2.75,0.238,0.0,0.524,0.238,0.0,0.524,0.45,0.1071,0.1071
ibrahima_konat__fra,Ibrahima Konate,FRA,DEF,ukendt,Ukendt,51,25,0,7,5,0,2,12.75,6.25,0.0,1.75,0.49,0.0,0.137,0.49,0.0,0.137,0.45,0.2205,0.2205
ibrokhim_ibrokhimov__uzb,Ibrokhim Ibrokhimov,UZB,MID,ukendt,Ukendt,2,0,0,0,0,0,0,0.5,0.0,0.0,0.0,0.0,0.0,0.0,0.0,0.0,0.0,0.45,0.0,0.0
idrissa_gana_gueye__sen,Idrissa Gana Gueye,SEN,MID,ukendt,Ukendt,170,114,0,30,3,0,26,42.5,28.5,0.0,7.5,0.671,0.0,0.176,0.671,0.0,0.176,0.45,0.302,0.302
igor_matanovic__cro,Igor Matanovic,CRO,FWD,ukendt,Ukendt,19,6,0,8,4,0,4,4.75,1.5,0.0,2.0,0.316,0.0,0.421,0.316,0.0,0.421,0.45,0.1422,0.1422
igor_sergeev__uzb,Igor Sergeev,UZB,FWD,ukendt,Ukendt,146,45,0,50,11,0,39,36.5,11.25,0.0,12.5,0.308,0.0,0.342,0.308,0.0,0.342,0.45,0.1386,0.1386
igor_thiago__bra,Igor Thiago,BRA,FWD,ukendt,Ukendt,3,0,0,0,0,0,0,0.75,0.0,0.0,0.0,0.0,0.0,0.0,0.0,0.0,0.0,0.45,0.0,0.0
ilay_camara__sen,Ilay Camara,SEN,DEF,ukendt,Ukendt,26,2,0,19,14,0,5,6.5,0.5,0.0,4.75,0.077,0.0,0.731,0.077,0.0,0.731,0.45,0.0346,0.0346
iliman_ndiaye__sen,Iliman Ndiaye,SEN,MID,ukendt,Ukendt,63,27,0,19,2,0,17,15.75,6.75,0.0,4.75,0.429,0.0,0.302,0.429,0.0,0.302,0.45,0.193,0.193
ime_okon__rsa,Ime Okon,RSA,DEF,ukendt,Ukendt,3,3,0,0,0,0,0,0.75,0.75,0.0,0.0,1.0,0.0,0.0,1.0,0.0,0.0,0.45,0.45,0.45
in_beom_hwang__kor,In-beom Hwang,KOR,MID,ukendt,Ukendt,101,67,0,26,11,0,15,25.25,16.75,0.0,6.5,0.663,0.0,0.257,0.663,0.0,0.257,0.45,0.2984,0.2984
irfan_can_kahveci__tur,Irfan Can Kahveci,TUR,MID,ukendt,Ukendt,96,23,0,36,21,0,15,24.0,5.75,0.0,9.0,0.24,0.0,0.375,0.24,0.0,0.375,0.45,0.108,0.108
isak_hien__swe,Isak Hien,SWE,DEF,ukendt,Ukendt,41,27,0,9,4,0,4,10.25,6.75,0.0,2.25,0.659,0.0,0.22,0.659,0.0,0.22,0.45,0.2966,0.2966
isma_l_bennacer__alg,Ismael Bennacer,ALG,MID,ukendt,Ukendt,131,48,0,62,25,0,36,32.75,12.0,0.0,15.5,0.366,0.0,0.473,0.366,0.0,0.473,0.45,0.1647,0.1647
ismael_d_az__pan,Ismael Diaz,PAN,FWD,ukendt,Ukendt,180,35,0,110,12,0,98,45.0,8.75,0.0,27.5,0.194,0.0,0.611,0.194,0.0,0.611,0.45,0.0873,0.0873
isma_l_gharbi__tun,Ismael Gharbi,TUN,MID,ukendt,Ukendt,18,9,0,2,0,0,2,4.5,2.25,0.0,0.5,0.5,0.0,0.111,0.5,0.0,0.111,0.45,0.225,0.225
isma_l_kon__can,Ismael Kone,CAN,MID,ukendt,Ukendt,55,29,0,11,2,0,9,13.75,7.25,0.0,2.75,0.527,0.0,0.2,0.527,0.0,0.2,0.45,0.2372,0.2372
ismael_saibari__mar,Ismael Saibari,MAR,MID,ukendt,Ukendt,54,18,0,19,4,0,13,13.5,4.5,0.0,4.75,0.333,0.0,0.352,0.333,0.0,0.352,0.45,0.1498,0.1498
ismail_jakobs__sen,Ismail Jakobs,SEN,DEF,ukendt,Ukendt,61,23,0,24,6,0,18,15.25,5.75,0.0,6.0,0.377,0.0,0.393,0.377,0.0,0.393,0.45,0.1696,0.1696
i_smail_y_ksek__tur,Ismail Yüksek,TUR,MID,ukendt,Ukendt,42,19,0,4,2,0,0,10.5,4.75,0.0,1.0,0.452,0.0,0.095,0.452,0.0,0.095,0.45,0.2034,0.2034
ismaila_sarr__sen,Ismaila Sarr,SEN,MID,ukendt,Ukendt,127,67,0,33,13,0,20,31.75,16.75,0.0,8.25,0.528,0.0,0.26,0.528,0.0,0.26,0.45,0.2376,0.2376
israel_reyes__mex,Israel Reyes,MEX,DEF,ukendt,Ukendt,78,24,0,28,0,0,28,19.5,6.0,0.0,7.0,0.308,0.0,0.359,0.308,0.0,0.359,0.45,0.1386,0.1386
issa_diop__mar,Issa Diop,MAR,DEF,ukendt,Ukendt,4,3,0,1,0,0,1,1.0,0.75,0.0,0.25,0.75,0.0,0.25,0.75,0.0,0.25,0.45,0.3375,0.3375
abdul_fatawu_issahaku__gha,Issahaku Abdul Fatawu,GHA,FWD,ukendt,Ukendt,63,16,0,23,5,0,18,15.75,4.0,0.0,5.75,0.254,0.0,0.365,0.254,0.0,0.365,0.45,0.1143,0.1143
ivan_ba_i__bih,Ivan Basic,BIH,MID,ukendt,Ukendt,25,7,0,3,0,0,3,6.25,1.75,0.0,0.75,0.28,0.0,0.12,0.28,0.0,0.12,0.45,0.126,0.126
ivan_peri_i__cro,Ivan Perisic,CRO,FWD,ukendt,Ukendt,182,126,0,26,13,0,12,45.5,31.5,0.0,6.5,0.692,0.0,0.143,0.692,0.0,0.143,0.45,0.3114,0.3114
ivan_unji__bih,Ivan Sunjic,BIH,MID,ukendt,Ukendt,15,11,0,3,1,0,2,3.75,2.75,0.0,0.75,0.733,0.0,0.2,0.733,0.0,0.2,0.45,0.3298,0.3298
ivan_toney__eng,Ivan Toney,ENG,FWD,ukendt,Ukendt,45,1,0,29,0,0,21,11.25,0.25,0.0,7.25,0.022,0.0,0.644,0.022,0.0,0.644,0.45,0.0099,0.0099
ivor_pandur__cro,Ivor Pandur,CRO,GK,ukendt,Ukendt,5,0,0,0,0,0,0,1.25,0.0,0.0,0.0,0.0,0.0,0.0,0.0,0.0,0.0,0.45,0.0,0.0
i_aki_williams__gha,Iñaki Williams,GHA,FWD,ukendt,Ukendt,46,16,0,19,6,0,13,11.5,4.0,0.0,4.75,0.348,0.0,0.413,0.348,0.0,0.413,0.45,0.1566,0.1566
jacen_russell_rowe__can,Jacen Russell-Rowe,CAN,FWD,ukendt,Ukendt,38,1,0,20,0,0,20,9.5,0.25,0.0,5.0,0.026,0.0,0.526,0.026,0.0,0.526,0.45,0.0117,0.0117
jack_hendry__sco,Jack Hendry,SCO,DEF,ukendt,Ukendt,89,36,0,29,4,0,25,22.25,9.0,0.0,7.25,0.404,0.0,0.326,0.404,0.0,0.326,0.45,0.1818,0.1818
jackson_porozo__ecu,Jackson Porozo,ECU,DEF,ukendt,Ukendt,80,6,0,56,4,0,52,20.0,1.5,0.0,14.0,0.075,0.0,0.7,0.075,0.0,0.7,0.45,0.0338,0.0338
jacob_italiano__aus,Jacob Italiano,AUS,DEF,ukendt,Ukendt,7,4,0,2,2,0,0,1.75,1.0,0.0,0.5,0.571,0.0,0.286,0.571,0.0,0.286,0.45,0.257,0.257
jacob_widell_zetterstrom__swe,Jacob Widell Zetterström,SWE,GK,ukendt,Ukendt,37,3,0,23,2,0,21,9.25,0.75,0.0,5.75,0.081,0.0,0.622,0.081,0.0,0.622,0.45,0.0365,0.0365
lee_jae_sung__kor,Jae-Sung Lee,KOR,MID,ukendt,Ukendt,150,85,0,29,7,0,22,37.5,21.25,0.0,7.25,0.567,0.0,0.193,0.567,0.0,0.193,0.45,0.2552,0.2552
jakhongir_urozov__uzb,Jakhongir Urozov,UZB,DEF,ukendt,Ukendt,7,2,0,2,0,0,2,1.75,0.5,0.0,0.5,0.286,0.0,0.286,0.286,0.0,0.286,0.45,0.1287,0.1287
jamal_musiala__ger,Jamal Musiala,GER,MID,ukendt,Ukendt,67,28,0,22,19,0,3,16.75,7.0,0.0,5.5,0.418,0.0,0.328,0.418,0.0,0.328,0.45,0.1881,0.1881
james_rodr_guez__col,James Rodriguez,COL,MID,ukendt,Ukendt,171,110,0,45,17,0,28,42.75,27.5,0.0,11.25,0.643,0.0,0.263,0.643,0.0,0.263,0.45,0.2894,0.2894
james_trafford__eng,James Trafford,ENG,GK,ukendt,Ukendt,17,1,0,0,0,0,0,4.25,0.25,0.0,0.0,0.059,0.0,0.0,0.059,0.0,0.0,0.45,0.0266,0.0266
jamie_leweling__ger,Jamie Leweling,GER,MID,ukendt,Ukendt,17,2,0,8,6,0,2,4.25,0.5,0.0,2.0,0.118,0.0,0.471,0.118,0.0,0.471,0.45,0.0531,0.0531
jaminton_campaz__col,Jaminton Campaz,COL,MID,ukendt,Ukendt,67,2,0,51,3,0,48,16.75,0.5,0.0,12.75,0.03,0.0,0.761,0.03,0.0,0.761,0.45,0.0135,0.0135
jamiro_monteiro__cpv,Jamiro Monteiro,CPV,MID,ukendt,Ukendt,84,40,0,24,2,0,22,21.0,10.0,0.0,6.0,0.476,0.0,0.286,0.476,0.0,0.286,0.45,0.2142,0.2142
jamshid_iskanderov__uzb,Jamshid Iskanderov,UZB,MID,ukendt,Ukendt,146,17,0,65,0,0,65,36.5,4.25,0.0,16.25,0.116,0.0,0.445,0.116,0.0,0.445,0.45,0.0522,0.0522
jan_kliment__cze,Jan Kliment,CZE,FWD,ukendt,Ukendt,96,2,0,82,24,0,58,24.0,0.5,0.0,20.5,0.021,0.0,0.854,0.021,0.0,0.854,0.45,0.0094,0.0094
jan_paul_van_hecke__ned,Jan Paul van Hecke,NED,DEF,ukendt,Ukendt,19,7,0,3,2,0,0,4.75,1.75,0.0,0.75,0.368,0.0,0.158,0.368,0.0,0.158,0.45,0.1656,0.1656
janner_corozo__ecu,Janner Corozo,ECU,FWD,ukendt,Ukendt,54,4,0,39,0,0,39,13.5,1.0,0.0,9.75,0.074,0.0,0.722,0.074,0.0,0.722,0.45,0.0333,0.0333
jarell_quansah__eng,Jarell Quansah,ENG,DEF,ukendt,Ukendt,16,1,0,7,3,0,4,4.0,0.25,0.0,1.75,0.062,0.0,0.438,0.062,0.0,0.438,0.45,0.0279,0.0279
jaroslav_zeleny__cze,Jaroslav Zeleny,CZE,DEF,ukendt,Ukendt,71,20,0,39,4,0,35,17.75,5.0,0.0,9.75,0.282,0.0,0.549,0.282,0.0,0.549,0.45,0.1269,0.1269
jarrod_bowen__eng,Jarrod Bowen,ENG,FWD,ukendt,Ukendt,50,7,0,17,0,0,17,12.5,1.75,0.0,4.25,0.14,0.0,0.34,0.14,0.0,0.34,0.45,0.063,0.063
jason_geria__aus,Jason Geria,AUS,DEF,ukendt,Ukendt,103,9,0,85,4,0,81,25.75,2.25,0.0,21.25,0.087,0.0,0.825,0.087,0.0,0.825,0.45,0.0392,0.0392
jassem_gaber__qat,Jassem Gaber,QAT,MID,ukendt,Ukendt,72,23,0,24,1,0,23,18.0,5.75,0.0,6.0,0.319,0.0,0.333,0.319,0.0,0.333,0.45,0.1436,0.1436
jawad_el_yamiq__mar,Jawad El Yamiq,MAR,DEF,ukendt,Ukendt,162,33,0,101,7,0,92,40.5,8.25,0.0,25.25,0.204,0.0,0.623,0.204,0.0,0.623,0.45,0.0918,0.0918
jayden_adams__rsa,Jayden Adams,RSA,MID,ukendt,Ukendt,39,1,0,22,0,0,22,9.75,0.25,0.0,5.5,0.026,0.0,0.564,0.026,0.0,0.564,0.45,0.0117,0.0117
jean_michael_seri__civ,Jean Michael Seri,CIV,MID,ukendt,Ukendt,128,54,0,46,10,0,36,32.0,13.5,0.0,11.5,0.422,0.0,0.359,0.422,0.0,0.359,0.45,0.1899,0.1899
jean_kevin_duverne__hai,Jean-Kevin Duverne,HAI,DEF,ukendt,Ukendt,24,16,0,8,4,0,4,6.0,4.0,0.0,2.0,0.667,0.0,0.333,0.667,0.0,0.333,0.45,0.3002,0.3002
jean_philippe_mateta__fra,Jean-Philippe Mateta,FRA,FWD,ukendt,Ukendt,7,2,0,2,0,0,2,1.75,0.5,0.0,0.5,0.286,0.0,0.286,0.286,0.0,0.286,0.45,0.1287,0.1287
jean_ricner_bellegarde__hai,Jean-Ricner Bellegarde,HAI,MID,ukendt,Ukendt,9,8,0,0,0,0,0,2.25,2.0,0.0,0.0,0.889,0.0,0.0,0.889,0.0,0.0,0.45,0.4,0.4
jearl_margaritha__cuw,Jearl Margaritha,CUW,FWD,ukendt,Ukendt,30,17,0,2,2,0,0,7.5,4.25,0.0,0.5,0.567,0.0,0.067,0.567,0.0,0.067,0.45,0.2552,0.2552
jefferson_lerma__col,Jefferson Lerma,COL,MID,ukendt,Ukendt,99,47,0,29,2,0,27,24.75,11.75,0.0,7.25,0.475,0.0,0.293,0.475,0.0,0.293,0.45,0.2138,0.2138
jens_castrop__kor,Jens Castrop,KOR,MID,ukendt,Ukendt,10,3,0,1,1,0,0,2.5,0.75,0.0,0.25,0.3,0.0,0.1,0.3,0.0,0.1,0.45,0.135,0.135
jens_petter_hauge__nor,Jens Petter Hauge,NOR,MID,ukendt,Ukendt,60,4,0,30,0,0,30,15.0,1.0,0.0,7.5,0.067,0.0,0.5,0.067,0.0,0.5,0.45,0.0302,0.0302
jeremie_frimpong__ned,Jeremie Frimpong,NED,DEF,ukendt,Ukendt,37,8,0,7,6,0,1,9.25,2.0,0.0,1.75,0.216,0.0,0.189,0.216,0.0,0.189,0.45,0.0972,0.0972
jeremy_antonisse__cuw,Jeremy Antonisse,CUW,FWD,ukendt,Ukendt,49,10,0,23,4,0,19,12.25,2.5,0.0,5.75,0.204,0.0,0.469,0.204,0.0,0.469,0.45,0.0918,0.0918
jeremy_ar_valo__ecu,Jeremy Arevalo,ECU,FWD,ukendt,Ukendt,5,0,0,0,0,0,0,1.25,0.0,0.0,0.0,0.0,0.0,0.0,0.0,0.0,0.0,0.45,0.0,0.0
jeremy_doku__bel,Jeremy Doku,BEL,FWD,ukendt,Ukendt,74,32,0,22,7,0,15,18.5,8.0,0.0,5.5,0.432,0.0,0.297,0.432,0.0,0.297,0.45,0.1944,0.1944
jeremy_ngakia__cod,Jeremy Ngakia,COD,DEF,ukendt,Ukendt,1,0,0,0,0,0,0,0.25,0.0,0.0,0.0,0.0,0.0,0.0,0.0,0.0,0.0,0.45,0.0,0.0
jerome_opoku__gha,Jerome Opoku,GHA,DEF,ukendt,Ukendt,32,7,0,14,0,0,14,8.0,1.75,0.0,3.5,0.219,0.0,0.438,0.219,0.0,0.438,0.45,0.0986,0.0986
jesper_karlstr_m__swe,Jesper Karlström,SWE,MID,ukendt,Ukendt,102,14,0,66,0,0,66,25.5,3.5,0.0,16.5,0.137,0.0,0.647,0.137,0.0,0.647,0.45,0.0616,0.0616
jesse_randall__nzl,Jesse Randall,NZL,FWD,ukendt,Ukendt,23,2,0,10,0,0,10,5.75,0.5,0.0,2.5,0.087,0.0,0.435,0.087,0.0,0.435,0.45,0.0392,0.0392
jesus_angulo__mex,Jesus Angulo,MEX,DEF,ukendt,Ukendt,126,13,0,97,0,0,97,31.5,3.25,0.0,24.25,0.103,0.0,0.77,0.103,0.0,0.77,0.45,0.0463,0.0463
jes_s_gallardo__mex,Jesus Gallardo,MEX,DEF,ukendt,Ukendt,168,102,0,26,0,0,26,42.0,25.5,0.0,6.5,0.607,0.0,0.155,0.607,0.0,0.155,0.45,0.2732,0.2732
jhon_arias__col,Jhon Arias,COL,MID,ukendt,Ukendt,46,32,0,8,0,0,8,11.5,8.0,0.0,2.0,0.696,0.0,0.174,0.696,0.0,0.174,0.45,0.3132,0.3132
jhon_c_rdoba__col,Jhon Cordoba,COL,FWD,ukendt,Ukendt,38,14,0,9,0,0,9,9.5,3.5,0.0,2.25,0.368,0.0,0.237,0.368,0.0,0.237,0.45,0.1656,0.1656
jhon_lucum__col,Jhon Lucumi,COL,DEF,ukendt,Ukendt,90,31,0,30,5,0,25,22.5,7.75,0.0,7.5,0.344,0.0,0.333,0.344,0.0,0.333,0.45,0.1548,0.1548
ji_sung_eom__kor,Ji-sung Eom,KOR,MID,ukendt,Ukendt,64,1,0,50,7,0,37,16.0,0.25,0.0,12.5,0.016,0.0,0.781,0.016,0.0,0.781,0.45,0.0072,0.0072
jin_gyu_kim__kor,Jin-gyu Kim,KOR,MID,ukendt,Ukendt,64,12,0,38,2,0,36,16.0,3.0,0.0,9.5,0.188,0.0,0.594,0.188,0.0,0.594,0.45,0.0846,0.0846
jin_seob_park__kor,Jin-seob Park,KOR,MID,ukendt,Ukendt,36,5,0,10,2,0,8,9.0,1.25,0.0,2.5,0.139,0.0,0.278,0.139,0.0,0.278,0.45,0.0626,0.0626
jiovany_ramos__pan,Jiovany Ramos,PAN,DEF,ukendt,Ukendt,95,14,0,56,7,0,49,23.75,3.5,0.0,14.0,0.147,0.0,0.589,0.147,0.0,0.589,0.45,0.0662,0.0662
joan_garcia__esp,Joan Garcia,ESP,GK,ukendt,Ukendt,2,1,0,0,0,0,0,0.5,0.25,0.0,0.0,0.5,0.0,0.0,0.5,0.0,0.0,0.45,0.225,0.225
joao_paulo__cpv,Joao Paulo,CPV,DEF,ukendt,Ukendt,59,32,0,11,0,0,11,14.75,8.0,0.0,2.75,0.542,0.0,0.186,0.542,0.0,0.186,0.45,0.2439,0.2439
joaqu_n_piquerez__uru,Joaquin Piquerez,URU,MID,ukendt,Ukendt,58,11,0,35,9,0,26,14.5,2.75,0.0,8.75,0.19,0.0,0.603,0.19,0.0,0.603,0.45,0.0855,0.0855
joaquin_seys__bel,Joaquin Seys,BEL,DEF,ukendt,Ukendt,7,1,0,0,0,0,0,1.75,0.25,0.0,0.0,0.143,0.0,0.0,0.143,0.0,0.0,0.45,0.0643,0.0643
joe_bell__nzl,Joe Bell,NZL,MID,ukendt,Ukendt,49,26,0,16,0,0,16,12.25,6.5,0.0,4.0,0.531,0.0,0.327,0.531,0.0,0.327,0.45,0.239,0.239
joel_ord_ez__ecu,Joel Ordonez,ECU,DEF,ukendt,Ukendt,36,16,0,6,0,0,6,9.0,4.0,0.0,1.5,0.444,0.0,0.167,0.444,0.0,0.167,0.45,0.1998,0.1998
joel_waterman__can,Joel Waterman,CAN,DEF,ukendt,Ukendt,52,10,0,14,0,0,14,13.0,2.5,0.0,3.5,0.192,0.0,0.269,0.192,0.0,0.269,0.45,0.0864,0.0864
johan_carbonero__col,Johan Carbonero,COL,FWD,ukendt,Ukendt,6,0,0,0,0,0,0,1.5,0.0,0.0,0.0,0.0,0.0,0.0,0.0,0.0,0.0,0.45,0.0,0.0
johan_manzambi__sui,Johan Manzambi,SUI,MID,ukendt,Ukendt,11,3,0,0,0,0,0,2.75,0.75,0.0,0.0,0.273,0.0,0.0,0.273,0.0,0.0,0.45,0.1229,0.1229
johan_mojica__col,Johan Mojica,COL,DEF,ukendt,Ukendt,135,40,0,76,12,0,64,33.75,10.0,0.0,19.0,0.296,0.0,0.563,0.296,0.0,0.563,0.45,0.1332,0.1332
johan_v_squez__mex,Johan Vasquez,MEX,DEF,ukendt,Ukendt,111,43,0,45,3,0,42,27.75,10.75,0.0,11.25,0.387,0.0,0.405,0.387,0.0,0.405,0.45,0.1742,0.1742
john_mcginn__sco,John McGinn,SCO,MID,ukendt,Ukendt,104,75,0,11,1,0,10,26.0,18.75,0.0,2.75,0.721,0.0,0.106,0.721,0.0,0.106,0.45,0.3244,0.3244
john_mercado__ecu,John Mercado,ECU,FWD,ukendt,Ukendt,19,1,0,4,0,0,4,4.75,0.25,0.0,1.0,0.053,0.0,0.211,0.053,0.0,0.211,0.45,0.0238,0.0238
john_souttar__sco,John Souttar,SCO,DEF,ukendt,Ukendt,85,18,0,48,26,0,22,21.25,4.5,0.0,12.0,0.212,0.0,0.565,0.212,0.0,0.565,0.45,0.0954,0.0954
john_stones__eng,John Stones,ENG,DEF,ukendt,Ukendt,152,78,0,47,21,0,24,38.0,19.5,0.0,11.75,0.513,0.0,0.309,0.513,0.0,0.309,0.45,0.2308,0.2308
john_yeboah__ecu,John Yeboah,ECU,MID,ukendt,Ukendt,31,15,0,3,3,0,0,7.75,3.75,0.0,0.75,0.484,0.0,0.097,0.484,0.0,0.097,0.45,0.2178,0.2178
johny_placide__hai,Johny Placide,HAI,GK,ukendt,Ukendt,127,80,0,42,2,0,40,31.75,20.0,0.0,10.5,0.63,0.0,0.331,0.63,0.0,0.331,0.45,0.2835,0.2835
jonas_urbig__ger,Jonas Urbig,GER,GK,ukendt,Ukendt,1,0,0,0,0,0,0,0.25,0.0,0.0,0.0,0.0,0.0,0.0,0.0,0.0,0.0,0.45,0.0,0.0
jonathan_david__can,Jonathan David,CAN,FWD,ukendt,Ukendt,92,66,0,16,0,0,16,23.0,16.5,0.0,4.0,0.717,0.0,0.174,0.717,0.0,0.174,0.45,0.3226,0.3226
jonathan_osorio__can,Jonathan Osorio,CAN,MID,ukendt,Ukendt,140,58,0,34,6,0,27,35.0,14.5,0.0,8.5,0.414,0.0,0.243,0.414,0.0,0.243,0.45,0.1863,0.1863
jonathan_tah__ger,Jonathan Tah,GER,DEF,ukendt,Ukendt,129,36,0,52,12,0,38,32.25,9.0,0.0,13.0,0.279,0.0,0.403,0.279,0.0,0.403,0.45,0.1256,0.1256
jordan_ayew__gha,Jordan Ayew,GHA,FWD,ukendt,Ukendt,183,98,0,57,0,0,57,45.75,24.5,0.0,14.25,0.536,0.0,0.311,0.536,0.0,0.311,0.45,0.2412,0.2412
jordan_bos__aus,Jordan Bos,AUS,DEF,ukendt,Ukendt,37,14,0,10,9,0,1,9.25,3.5,0.0,2.5,0.378,0.0,0.27,0.378,0.0,0.27,0.45,0.1701,0.1701
jordan_henderson__eng,Jordan Henderson,ENG,MID,ukendt,Ukendt,188,57,0,73,17,0,56,47.0,14.25,0.0,18.25,0.303,0.0,0.388,0.303,0.0,0.388,0.45,0.1364,0.1364
jordan_pickford__eng,Jordan Pickford,ENG,GK,ukendt,Ukendt,119,82,0,11,2,0,9,29.75,20.5,0.0,2.75,0.689,0.0,0.092,0.689,0.0,0.092,0.45,0.31,0.31
jordy_alcivar__ecu,Jordy Alcivar,ECU,MID,ukendt,Ukendt,54,4,0,38,2,0,36,13.5,1.0,0.0,9.5,0.074,0.0,0.704,0.074,0.0,0.704,0.45,0.0333,0.0333
jordy_caicedo__ecu,Jordy Caicedo,ECU,FWD,ukendt,Ukendt,68,5,0,38,0,0,38,17.0,1.25,0.0,9.5,0.074,0.0,0.559,0.074,0.0,0.559,0.45,0.0333,0.0333
jorge_carrascal__col,Jorge Carrascal,COL,MID,ukendt,Ukendt,45,7,0,12,0,0,12,11.25,1.75,0.0,3.0,0.156,0.0,0.267,0.156,0.0,0.267,0.45,0.0702,0.0702
jorge_sanchez__mex,Jorge Sanchez,MEX,DEF,ukendt,Ukendt,123,52,0,44,2,0,42,30.75,13.0,0.0,11.0,0.423,0.0,0.358,0.423,0.0,0.358,0.45,0.1904,0.1904
joris_kayembe__cod,Joris Kayembe,COD,DEF,ukendt,Ukendt,45,13,0,8,0,0,8,11.25,3.25,0.0,2.0,0.289,0.0,0.178,0.289,0.0,0.178,0.45,0.13,0.13
jorrel_hato__ned,Jorrel Hato,NED,DEF,ukendt,Ukendt,31,3,0,18,0,0,17,7.75,0.75,0.0,4.5,0.097,0.0,0.581,0.097,0.0,0.581,0.45,0.0436,0.0436
jos_cordoba__pan,Jose Cordoba,PAN,DEF,ukendt,Ukendt,65,28,0,28,4,0,23,16.25,7.0,0.0,7.0,0.431,0.0,0.431,0.431,0.0,0.431,0.45,0.194,0.194
jose_fajardo__pan,Jose Fajardo,PAN,FWD,ukendt,Ukendt,122,41,0,45,0,0,45,30.5,10.25,0.0,11.25,0.336,0.0,0.369,0.336,0.0,0.369,0.45,0.1512,0.1512
jos_luis_rodr_guez_bebanz__uru,Jose Luis Rodriguez Bebanz,URU,DEF,ukendt,Ukendt,41,4,0,19,0,0,18,10.25,1.0,0.0,4.75,0.098,0.0,0.463,0.098,0.0,0.463,0.45,0.0441,0.0441
jose_luis_rodriguez_francis__pan,Jose Luis Rodriguez Francis,PAN,MID,ukendt,Ukendt,116,53,0,39,15,0,23,29.0,13.25,0.0,9.75,0.457,0.0,0.336,0.457,0.0,0.336,0.45,0.2056,0.2056
jos_manuel_l_pez__arg,Jose Manuel Lopez,ARG,FWD,ukendt,Ukendt,7,1,0,1,0,0,1,1.75,0.25,0.0,0.25,0.143,0.0,0.143,0.143,0.0,0.143,0.45,0.0643,0.0643
jos_mar_a_gim_nez__uru,Jose Maria Gimenez,URU,DEF,ukendt,Ukendt,148,92,0,39,30,0,6,37.0,23.0,0.0,9.75,0.622,0.0,0.264,0.622,0.0,0.264,0.45,0.2799,0.2799
jos_s__por,Jose Sa,POR,GK,ukendt,Ukendt,26,13,0,9,0,0,9,16.7,9.3,0.0,4.45,0.5,0.0,0.346,0.557,0.0,0.266,0.45,0.225,0.2507
joseph_anang__gha,Joseph Anang,GHA,GK,ukendt,Ukendt,12,1,0,1,0,0,1,3.0,0.25,0.0,0.25,0.083,0.0,0.083,0.083,0.0,0.083,0.45,0.0374,0.0374
joshua_brenet__cuw,Joshua Brenet,CUW,DEF,ukendt,Ukendt,22,13,0,2,0,0,2,5.5,3.25,0.0,0.5,0.591,0.0,0.091,0.591,0.0,0.091,0.45,0.266,0.266
joshua_kimmich__ger,Joshua Kimmich,GER,MID,ukendt,Ukendt,127,106,0,12,7,0,4,31.75,26.5,0.0,3.0,0.835,0.0,0.094,0.835,0.0,0.094,0.45,0.3757,0.3757
josip_stani_i__cro,Josip Stanisic,CRO,DEF,ukendt,Ukendt,56,23,0,14,8,0,6,14.0,5.75,0.0,3.5,0.411,0.0,0.25,0.411,0.0,0.25,0.45,0.185,0.185
josip_utalo__cro,Josip Sutalo,CRO,DEF,ukendt,Ukendt,49,31,0,4,2,0,2,12.25,7.75,0.0,1.0,0.633,0.0,0.082,0.633,0.0,0.082,0.45,0.2848,0.2848
jo_ko_gvardiol__cro,Josko Gvardiol,CRO,DEF,ukendt,Ukendt,64,45,0,13,4,0,9,16.0,11.25,0.0,3.25,0.703,0.0,0.203,0.703,0.0,0.203,0.45,0.3163,0.3163
josue_casimir__hai,Josue Casimir,HAI,FWD,ukendt,Ukendt,7,6,0,1,0,0,1,1.75,1.5,0.0,0.25,0.857,0.0,0.143,0.857,0.0,0.143,0.45,0.3856,0.3856
josue_duverger__hai,Josue Duverger,HAI,GK,ukendt,Ukendt,69,5,0,26,0,0,26,17.25,1.25,0.0,6.5,0.072,0.0,0.377,0.072,0.0,0.377,0.45,0.0324,0.0324
jovane_cabral__cpv,Jovane Cabral,CPV,FWD,ukendt,Ukendt,79,20,0,49,13,0,36,19.75,5.0,0.0,12.25,0.253,0.0,0.62,0.253,0.0,0.62,0.45,0.1138,0.1138
jovo_lukic__bih,Jovo Lukic,BIH,FWD,ukendt,Ukendt,41,2,0,39,0,0,39,10.25,0.5,0.0,9.75,0.049,0.0,0.951,0.049,0.0,0.951,0.45,0.022,0.022
jo_o_cancelo__por,João Cancelo,POR,DEF,ukendt,Ukendt,121,59,0,37,15,0,21,30.25,14.75,0.0,9.25,0.488,0.0,0.306,0.488,0.0,0.306,0.45,0.2196,0.2196
jo_o_f_lix__por,João Felix,POR,FWD,ukendt,Ukendt,84,30,0,16,10,0,6,21.0,7.5,0.0,4.0,0.357,0.0,0.19,0.357,0.0,0.19,0.45,0.1606,0.1606
jo_o_neves__por,João Neves,POR,MID,ukendt,Ukendt,32,12,0,2,2,0,0,8.0,3.0,0.0,0.5,0.375,0.0,0.062,0.375,0.0,0.062,0.45,0.1688,0.1688
joao_palhinha__por,João Palhinha,POR,MID,ukendt,Ukendt,66,20,0,8,2,0,6,16.5,5.0,0.0,2.0,0.303,0.0,0.121,0.303,0.0,0.121,0.45,0.1364,0.1364
joao_pedro__bra,João Pedro,BRA,FWD,ukendt,Ukendt,28,4,0,16,2,0,14,7.0,1.0,0.0,4.0,0.143,0.0,0.571,0.143,0.0,0.571,0.45,0.0643,0.0643
juan_cucho_hernandez__col,Juan 'Cucho' Hernandez,COL,FWD,ukendt,Ukendt,87,5,0,76,13,0,63,21.75,1.25,0.0,19.0,0.057,0.0,0.874,0.057,0.0,0.874,0.45,0.0256,0.0256
juan_cabal__col,Juan Cabal,COL,DEF,ukendt,Ukendt,28,1,0,22,11,0,11,7.0,0.25,0.0,5.5,0.036,0.0,0.786,0.036,0.0,0.786,0.45,0.0162,0.0162
juan_espinola__par,Juan Espinola,PAR,GK,ukendt,Ukendt,35,1,0,11,0,0,11,8.75,0.25,0.0,2.75,0.029,0.0,0.314,0.029,0.0,0.314,0.45,0.013,0.013
juan_jose_caceres__par,Juan Jose Caceres,PAR,DEF,ukendt,Ukendt,31,14,0,11,8,0,2,7.75,3.5,0.0,2.75,0.452,0.0,0.355,0.452,0.0,0.355,0.45,0.2034,0.2034
juan_manuel_sanabria__uru,Juan Manuel Sanabria,URU,MID,ukendt,Ukendt,8,3,0,0,0,0,0,2.0,0.75,0.0,0.0,0.375,0.0,0.0,0.375,0.0,0.0,0.45,0.1688,0.1688
juan_musso__arg,Juan Musso,ARG,GK,ukendt,Ukendt,89,1,0,55,3,0,52,22.25,0.25,0.0,13.75,0.011,0.0,0.618,0.011,0.0,0.618,0.45,0.0049,0.0049
juan_portilla__col,Juan Portilla,COL,MID,ukendt,Ukendt,29,4,0,13,0,0,13,7.25,1.0,0.0,3.25,0.138,0.0,0.448,0.138,0.0,0.448,0.45,0.0621,0.0621
juan_quintero__col,Juan Quintero,COL,MID,ukendt,Ukendt,1,0,0,0,0,0,0,0.25,0.0,0.0,0.0,0.0,0.0,0.0,0.0,0.0,0.0,0.45,0.0,0.0
jude_bellingham__eng,Jude Bellingham,ENG,MID,ukendt,Ukendt,74,36,0,15,6,0,9,18.5,9.0,0.0,3.75,0.486,0.0,0.203,0.486,0.0,0.203,0.45,0.2187,0.2187
jules_kounde__fra,Jules Kounde,FRA,DEF,ukendt,Ukendt,67,41,0,10,7,0,1,16.75,10.25,0.0,2.5,0.612,0.0,0.149,0.612,0.0,0.149,0.45,0.2754,0.2754
juli_n_lvarez__arg,Julian Alvarez,ARG,FWD,ukendt,Ukendt,70,36,0,10,0,0,8,17.5,9.0,0.0,2.5,0.514,0.0,0.143,0.514,0.0,0.143,0.45,0.2313,0.2313
juli_n_qui_ones__mex,Julian Quinones,MEX,FWD,ukendt,Ukendt,40,12,0,13,2,0,11,10.0,3.0,0.0,3.25,0.3,0.0,0.325,0.3,0.0,0.325,0.45,0.135,0.135
julian_ryerson__nor,Julian Ryerson,NOR,DEF,ukendt,Ukendt,56,29,0,3,0,0,3,14.0,7.25,0.0,0.75,0.518,0.0,0.054,0.518,0.0,0.054,0.45,0.2331,0.2331
julio_enciso__par,Julio Enciso,PAR,FWD,ukendt,Ukendt,56,24,0,21,8,0,13,14.0,6.0,0.0,5.25,0.429,0.0,0.375,0.429,0.0,0.375,0.45,0.193,0.193
julio_soler__arg,Julio Soler,ARG,DEF,ukendt,Ukendt,41,16,0,20,0,0,17,10.25,4.0,0.0,5.0,0.39,0.0,0.488,0.39,0.0,0.488,0.45,0.1755,0.1755
jun_ho_bae__kor,Jun-ho Bae,KOR,MID,ukendt,Ukendt,25,5,0,10,0,0,10,6.25,1.25,0.0,2.5,0.2,0.0,0.4,0.2,0.0,0.4,0.45,0.09,0.09
juninho_bacuna__cuw,Juninho Bacuna,CUW,MID,ukendt,Ukendt,53,47,0,5,0,0,5,13.25,11.75,0.0,1.25,0.887,0.0,0.094,0.887,0.0,0.094,0.45,0.3992,0.3992
j_nior_alonso__par,Junior Alonso,PAR,DEF,ukendt,Ukendt,126,69,0,35,2,0,27,31.5,17.25,0.0,8.75,0.548,0.0,0.278,0.548,0.0,0.278,0.45,0.2466,0.2466
junnosuke_suzuki__jpn,Junnosuke Suzuki,JPN,DEF,ukendt,Ukendt,13,4,0,5,3,0,2,3.25,1.0,0.0,1.25,0.308,0.0,0.385,0.308,0.0,0.385,0.45,0.1386,0.1386
junya_ito__jpn,Junya Ito,JPN,MID,ukendt,Ukendt,116,42,0,34,2,0,30,29.0,10.5,0.0,8.5,0.362,0.0,0.293,0.362,0.0,0.293,0.45,0.1629,0.1629
juri_n_gaari__cuw,Jurien Gaari,CUW,DEF,ukendt,Ukendt,75,51,0,12,0,0,12,18.75,12.75,0.0,3.0,0.68,0.0,0.16,0.68,0.0,0.16,0.45,0.306,0.306
jurri_n_timber__ned,Jurrien Timber,NED,DEF,ukendt,Ukendt,65,18,0,31,19,0,12,16.25,4.5,0.0,7.75,0.277,0.0,0.477,0.277,0.0,0.477,0.45,0.1246,0.1246
justin_bijlow__ned,Justin Bijlow,NED,GK,ukendt,Ukendt,58,8,0,33,20,0,13,14.5,2.0,0.0,8.25,0.138,0.0,0.569,0.138,0.0,0.569,0.45,0.0621,0.0621
j_rgen_strand_larsen__nor,Jørgen Strand Larsen,NOR,FWD,ukendt,Ukendt,56,10,0,23,5,0,18,14.0,2.5,0.0,5.75,0.179,0.0,0.411,0.179,0.0,0.411,0.45,0.0806,0.0806
jurgen_locadia__cuw,Jürgen Locadia,CUW,FWD,ukendt,Ukendt,30,8,0,16,3,0,13,7.5,2.0,0.0,4.0,0.267,0.0,0.533,0.267,0.0,0.533,0.45,0.1202,0.1202
kaan_ayhan__tur,Kaan Ayhan,TUR,MID,ukendt,Ukendt,113,49,0,22,8,0,13,28.25,12.25,0.0,5.5,0.434,0.0,0.195,0.434,0.0,0.195,0.45,0.1953,0.1953
kadir_barria__pan,Kadir Barria,PAN,FWD,ukendt,Ukendt,6,3,0,0,0,0,0,1.5,0.75,0.0,0.0,0.5,0.0,0.0,0.5,0.0,0.0,0.45,0.225,0.225
kai_havertz__ger,Kai Havertz,GER,FWD,ukendt,Ukendt,91,44,0,25,19,0,3,22.75,11.0,0.0,6.25,0.484,0.0,0.275,0.484,0.0,0.275,0.45,0.2178,0.2178
kai_trewin__aus,Kai Trewin,AUS,DEF,ukendt,Ukendt,9,3,0,0,0,0,0,2.25,0.75,0.0,0.0,0.333,0.0,0.0,0.333,0.0,0.0,0.45,0.1498,0.1498
kaishu_sano__jpn,Kaishu Sano,JPN,MID,ukendt,Ukendt,34,8,0,15,0,0,15,8.5,2.0,0.0,3.75,0.235,0.0,0.441,0.235,0.0,0.441,0.45,0.1058,0.1058
kalidou_koulibaly__sen,Kalidou Koulibaly,SEN,DEF,ukendt,Ukendt,137,101,0,28,3,0,22,34.25,25.25,0.0,7.0,0.737,0.0,0.204,0.737,0.0,0.204,0.45,0.3316,0.3316
kamal_miller__can,Kamal Miller,CAN,DEF,ukendt,Ukendt,88,44,0,13,0,0,12,22.0,11.0,0.0,3.25,0.5,0.0,0.148,0.5,0.0,0.148,0.45,0.225,0.225
kamaldeen_sulemana__gha,Kamaldeen Sulemana,GHA,FWD,ukendt,Ukendt,70,16,0,37,10,0,27,17.5,4.0,0.0,9.25,0.229,0.0,0.529,0.229,0.0,0.529,0.45,0.103,0.103
lee_kang_in__kor,Kang-In Lee,KOR,MID,ukendt,Ukendt,87,33,0,33,6,0,24,21.75,8.25,0.0,8.25,0.379,0.0,0.379,0.379,0.0,0.379,0.45,0.1706,0.1706
kaoru_mitoma__jpn,Kaoru Mitoma,JPN,MID,ukendt,Ukendt,61,17,0,28,16,0,12,15.25,4.25,0.0,7.0,0.279,0.0,0.459,0.279,0.0,0.459,0.45,0.1256,0.1256
karim_boudiaf__qat,Karim Boudiaf,QAT,MID,ukendt,Ukendt,183,93,0,55,0,0,55,45.75,23.25,0.0,13.75,0.508,0.0,0.301,0.508,0.0,0.301,0.45,0.2286,0.2286
karim_hafez__egy,Karim Hafez,EGY,DEF,ukendt,Ukendt,133,7,0,114,6,0,108,33.25,1.75,0.0,28.5,0.053,0.0,0.857,0.053,0.0,0.857,0.45,0.0238,0.0238
kees_smit__ned,Kees Smit,NED,MID,ukendt,Ukendt,2,1,0,0,0,0,0,0.5,0.25,0.0,0.0,0.5,0.0,0.0,0.5,0.0,0.0,0.45,0.225,0.225
keisuke_goto__jpn,Keisuke Goto,JPN,FWD,ukendt,Ukendt,5,1,0,0,0,0,0,1.25,0.25,0.0,0.0,0.2,0.0,0.0,0.2,0.0,0.0,0.45,0.09,0.09
keisuke_sako__jpn,Keisuke Osako,JPN,GK,ukendt,Ukendt,90,11,0,45,6,0,37,22.5,2.75,0.0,11.25,0.122,0.0,0.5,0.122,0.0,0.5,0.45,0.0549,0.0549
keito_nakamura__jpn,Keito Nakamura,JPN,MID,ukendt,Ukendt,42,14,0,8,1,0,7,10.5,3.5,0.0,2.0,0.333,0.0,0.19,0.333,0.0,0.19,0.45,0.1498,0.1498
kelvin_pires__cpv,Kelvin Pires,CPV,DEF,ukendt,Ukendt,56,4,0,36,0,0,36,14.0,1.0,0.0,9.0,0.071,0.0,0.643,0.071,0.0,0.643,0.45,0.032,0.032
ken_sema__swe,Ken Sema,SWE,MID,ukendt,Ukendt,114,20,0,47,2,0,45,28.5,5.0,0.0,11.75,0.175,0.0,0.412,0.175,0.0,0.412,0.45,0.0788,0.0788
kendry_p_ez__ecu,Kendry Paez,ECU,MID,ukendt,Ukendt,34,16,0,0,0,0,0,8.5,4.0,0.0,0.0,0.471,0.0,0.0,0.471,0.0,0.0,0.45,0.212,0.212
kenji_gorr__cuw,Kenji Gorre,CUW,FWD,ukendt,Ukendt,57,29,0,12,2,0,10,14.25,7.25,0.0,3.0,0.509,0.0,0.211,0.509,0.0,0.211,0.45,0.229,0.229
kenny_mclean__sco,Kenny McLean,SCO,MID,ukendt,Ukendt,105,29,0,38,5,0,33,26.25,7.25,0.0,9.5,0.276,0.0,0.362,0.276,0.0,0.362,0.45,0.1242,0.1242
kento_shiogai__jpn,Kento Shiogai,JPN,FWD,ukendt,Ukendt,3,0,0,0,0,0,0,0.75,0.0,0.0,0.0,0.0,0.0,0.0,0.0,0.0,0.0,0.45,0.0,0.0
kerem_akt_rko_lu__tur,Kerem Akturkoglu,TUR,MID,ukendt,Ukendt,61,37,0,5,3,0,2,15.25,9.25,0.0,1.25,0.607,0.0,0.082,0.607,0.0,0.082,0.45,0.2732,0.2732
kerim_alajbegovi__bih,Kerim Alajbegovic,BIH,MID,ukendt,Ukendt,9,4,0,0,0,0,0,2.25,1.0,0.0,0.0,0.444,0.0,0.0,0.444,0.0,0.0,0.45,0.1998,0.1998
kevin_casta_o__col,Kevin Castano,COL,MID,ukendt,Ukendt,42,11,0,5,0,0,5,10.5,2.75,0.0,1.25,0.262,0.0,0.119,0.262,0.0,0.119,0.45,0.1179,0.1179
kevin_danso__aut,Kevin Danso,AUT,DEF,ukendt,Ukendt,98,22,0,52,14,0,37,24.5,5.5,0.0,13.0,0.224,0.0,0.531,0.224,0.0,0.531,0.45,0.1008,0.1008
kevin_de_bruyne__bel,Kevin De Bruyne,BEL,MID,ukendt,Ukendt,187,110,0,62,37,0,25,46.75,27.5,0.0,15.5,0.588,0.0,0.332,0.588,0.0,0.332,0.45,0.2646,0.2646
kevin_felida__cuw,Kevin Felida,CUW,MID,ukendt,Ukendt,47,6,0,9,0,0,9,11.75,1.5,0.0,2.25,0.128,0.0,0.191,0.128,0.0,0.191,0.45,0.0576,0.0576
kevin_lenini__cpv,Kevin Lenini Pina,CPV,MID,ukendt,Ukendt,46,28,0,12,1,0,11,11.5,7.0,0.0,3.0,0.609,0.0,0.261,0.609,0.0,0.261,0.45,0.274,0.274
kevin_rodr_guez__ecu,Kevin Rodriguez,ECU,FWD,ukendt,Ukendt,42,9,0,7,4,0,3,10.5,2.25,0.0,1.75,0.214,0.0,0.167,0.214,0.0,0.167,0.45,0.0963,0.0963
kevin_schade__ger,Kevin Schade,GER,MID,ukendt,Ukendt,38,0,0,28,6,0,22,9.5,0.0,0.0,7.0,0.0,0.0,0.737,0.0,0.0,0.737,0.45,0.0,0.0
kevin_yakob__irq,Kevin Yakob,IRQ,MID,ukendt,Ukendt,42,4,0,32,15,0,17,10.5,1.0,0.0,8.0,0.095,0.0,0.762,0.095,0.0,0.762,0.45,0.0428,0.0428
khalil_ayari__tun,Khalil Ayari,TUN,MID,ukendt,Ukendt,4,1,0,0,0,0,0,1.0,0.25,0.0,0.0,0.25,0.0,0.0,0.25,0.0,0.0,0.45,0.1125,0.1125
khozhiakbar_alizhonov__uzb,Khozhiakbar Alizhonov,UZB,DEF,ukendt,Ukendt,79,42,0,19,7,0,12,19.75,10.5,0.0,4.75,0.532,0.0,0.241,0.532,0.0,0.241,0.45,0.2394,0.2394
khuliso_mudau__rsa,Khuliso Mudau,RSA,DEF,ukendt,Ukendt,53,31,0,18,0,0,18,13.25,7.75,0.0,4.5,0.585,0.0,0.34,0.585,0.0,0.34,0.45,0.2632,0.2632
khulumani_ndamane__rsa,Khulumani Ndamane,RSA,DEF,ukendt,Ukendt,18,3,0,4,0,0,4,4.5,0.75,0.0,1.0,0.167,0.0,0.222,0.167,0.0,0.222,0.45,0.0752,0.0752
kieran_tierney__sco,Kieran Tierney,SCO,DEF,ukendt,Ukendt,104,48,0,46,24,0,22,26.0,12.0,0.0,11.5,0.462,0.0,0.442,0.462,0.0,0.442,0.45,0.2079,0.2079
ko_itakura__jpn,Ko Itakura,JPN,DEF,ukendt,Ukendt,88,36,0,32,10,0,20,22.0,9.0,0.0,8.0,0.409,0.0,0.364,0.409,0.0,0.364,0.45,0.184,0.184
kobbie_mainoo__eng,Kobbie Mainoo,ENG,MID,ukendt,Ukendt,29,8,0,15,2,0,13,7.25,2.0,0.0,3.75,0.276,0.0,0.517,0.276,0.0,0.517,0.45,0.1242,0.1242
kojo_peprah_oppong__gha,Kojo Peprah Oppong,GHA,DEF,ukendt,Ukendt,7,3,0,1,0,0,1,1.75,0.75,0.0,0.25,0.429,0.0,0.143,0.429,0.0,0.143,0.45,0.193,0.193
koki_ogawa__jpn,Koki Ogawa,JPN,FWD,ukendt,Ukendt,79,7,0,58,6,0,52,19.75,1.75,0.0,14.5,0.089,0.0,0.734,0.089,0.0,0.734,0.45,0.04,0.04
koni_de_winter__bel,Koni de Winter,BEL,DEF,ukendt,Ukendt,27,5,0,12,5,0,7,6.75,1.25,0.0,3.0,0.185,0.0,0.444,0.185,0.0,0.444,0.45,0.0832,0.0832
konrad_laimer__aut,Konrad Laimer,AUT,MID,ukendt,Ukendt,88,53,0,23,19,0,3,22.0,13.25,0.0,5.75,0.602,0.0,0.261,0.602,0.0,0.261,0.45,0.2709,0.2709
kosta_barbarouses__nzl,Kosta Barbarouses,NZL,FWD,ukendt,Ukendt,125,48,0,48,4,0,44,31.25,12.0,0.0,12.0,0.384,0.0,0.384,0.384,0.0,0.384,0.45,0.1728,0.1728
kr_pin_diatta__sen,Krepin Diatta,SEN,FWD,ukendt,Ukendt,98,50,0,37,15,0,21,24.5,12.5,0.0,9.25,0.51,0.0,0.378,0.51,0.0,0.378,0.45,0.2295,0.2295
kristian_thorstvedt__nor,Kristian Thorstvedt,NOR,MID,ukendt,Ukendt,56,13,0,15,5,0,8,14.0,3.25,0.0,3.75,0.232,0.0,0.268,0.232,0.0,0.268,0.45,0.1044,0.1044
kristijan_jaki__cro,Kristijan Jakic,CRO,DEF,ukendt,Ukendt,56,8,0,19,9,0,10,14.0,2.0,0.0,4.75,0.143,0.0,0.339,0.143,0.0,0.339,0.45,0.0643,0.0643
kristoffer_ajer__nor,Kristoffer Ajer,NOR,DEF,ukendt,Ukendt,82,49,0,25,10,0,15,20.5,12.25,0.0,6.25,0.598,0.0,0.305,0.598,0.0,0.305,0.45,0.2691,0.2691
kristoffer_nordfeldt__swe,Kristoffer Nordfeldt,SWE,GK,ukendt,Ukendt,196,18,0,62,1,0,61,49.0,4.5,0.0,15.5,0.092,0.0,0.316,0.092,0.0,0.316,0.45,0.0414,0.0414
kumel_al_rekabe__irq,Kumel Al-Rekabe,IRQ,GK,ukendt,Ukendt,14,0,0,7,0,0,7,3.5,0.0,0.0,1.75,0.0,0.0,0.5,0.0,0.0,0.5,0.45,0.0,0.0
kwasi_sibo__gha,Kwasi Sibo,GHA,MID,ukendt,Ukendt,9,7,0,1,0,0,1,2.25,1.75,0.0,0.25,0.778,0.0,0.111,0.778,0.0,0.111,0.45,0.3501,0.3501
kye_rowles__aus,Kye Rowles,AUS,DEF,ukendt,Ukendt,50,26,0,9,2,0,7,12.5,6.5,0.0,2.25,0.52,0.0,0.18,0.52,0.0,0.18,0.45,0.234,0.234
kylian_mbapp__fra,Kylian Mbappe,FRA,FWD,ukendt,Ukendt,118,82,0,15,9,0,6,29.5,20.5,0.0,3.75,0.695,0.0,0.127,0.695,0.0,0.127,0.45,0.3127,0.3127
lachlan_bayliss__nzl,Lachlan Bayliss,NZL,MID,ukendt,Ukendt,3,0,0,0,0,0,0,0.75,0.0,0.0,0.0,0.0,0.0,0.0,0.0,0.0,0.0,0.45,0.0,0.0
ladislav_krejci__cze,Ladislav Krejci,CZE,DEF,ukendt,Ukendt,47,26,0,17,11,0,4,11.75,6.5,0.0,4.25,0.553,0.0,0.362,0.553,0.0,0.362,0.45,0.2488,0.2488
lamine_camara__sen,Lamine Camara,SEN,MID,ukendt,Ukendt,55,20,0,20,3,0,17,13.75,5.0,0.0,5.0,0.364,0.0,0.364,0.364,0.0,0.364,0.45,0.1638,0.1638
lamine_yamal__esp,Lamine Yamal,ESP,FWD,ukendt,Ukendt,37,21,0,11,9,0,2,9.25,5.25,0.0,2.75,0.568,0.0,0.297,0.568,0.0,0.297,0.45,0.2556,0.2556
laros_duarte__cpv,Laros Duarte,CPV,MID,ukendt,Ukendt,29,6,0,6,0,0,6,7.25,1.5,0.0,1.5,0.207,0.0,0.207,0.207,0.0,0.207,0.45,0.0932,0.0932
lautaro_mart_nez__arg,Lautaro Martinez,ARG,FWD,ukendt,Ukendt,102,53,0,19,10,0,8,25.5,13.25,0.0,4.75,0.52,0.0,0.186,0.52,0.0,0.186,0.45,0.234,0.234
lawrence_ati_zigi__gha,Lawrence Ati Zigi,GHA,GK,ukendt,Ukendt,87,26,0,14,0,0,14,21.75,6.5,0.0,3.5,0.299,0.0,0.161,0.299,0.0,0.161,0.45,0.1346,0.1346
lawrence_shankland__sco,Lawrence Shankland,SCO,FWD,ukendt,Ukendt,73,5,0,46,3,0,43,18.25,1.25,0.0,11.5,0.068,0.0,0.63,0.068,0.0,0.63,0.45,0.0306,0.0306
leandro_bacuna__cuw,Leandro Bacuna,CUW,MID,ukendt,Ukendt,79,68,0,10,0,0,10,19.75,17.0,0.0,2.5,0.861,0.0,0.127,0.861,0.0,0.127,0.45,0.3874,0.3874
leandro_paredes__arg,Leandro Paredes,ARG,MID,ukendt,Ukendt,110,55,0,13,3,0,8,27.5,13.75,0.0,3.25,0.5,0.0,0.118,0.5,0.0,0.118,0.45,0.225,0.225
leandro_trossard__bel,Leandro Trossard,BEL,FWD,ukendt,Ukendt,82,30,0,19,5,0,14,20.5,7.5,0.0,4.75,0.366,0.0,0.232,0.366,0.0,0.232,0.45,0.1647,0.1647
lennart_karl__ger,Lennart Karl,GER,MID,ukendt,Ukendt,3,1,0,0,0,0,0,0.75,0.25,0.0,0.0,0.333,0.0,0.0,0.333,0.0,0.0,0.45,0.1498,0.1498
lenny_joseph__hai,Lenny Joseph,HAI,FWD,ukendt,Ukendt,1,0,0,0,0,0,0,0.25,0.0,0.0,0.0,0.0,0.0,0.0,0.0,0.0,0.0,0.45,0.0,0.0
leo_pereira__bra,Leo Pereira,BRA,DEF,ukendt,Ukendt,3,3,0,0,0,0,0,0.75,0.75,0.0,0.0,1.0,0.0,0.0,1.0,0.0,0.0,0.45,0.45,0.45
leo_ostigard__nor,Leo Østigård,NOR,DEF,ukendt,Ukendt,50,31,0,7,3,0,4,12.5,7.75,0.0,1.75,0.62,0.0,0.14,0.62,0.0,0.14,0.45,0.279,0.279
leon_goretzka__ger,Leon Goretzka,GER,MID,ukendt,Ukendt,154,49,0,77,22,0,55,38.5,12.25,0.0,19.25,0.318,0.0,0.5,0.318,0.0,0.5,0.45,0.1431,0.1431
leonardo_balerdi__arg,Leonardo Balerdi,ARG,DEF,ukendt,Ukendt,80,4,0,62,6,0,56,20.0,1.0,0.0,15.5,0.05,0.0,0.775,0.05,0.0,0.775,0.45,0.0225,0.0225
leopold_querfeld__aut,Leopold Querfeld,AUT,DEF,ukendt,Ukendt,30,1,0,7,0,0,7,7.5,0.25,0.0,1.75,0.033,0.0,0.233,0.033,0.0,0.233,0.45,0.0148,0.0148
leroy_san__ger,Leroy Sane,GER,FWD,ukendt,Ukendt,130,52,0,46,19,0,25,32.5,13.0,0.0,11.5,0.4,0.0,0.354,0.4,0.0,0.354,0.45,0.18,0.18
leverton_pierre__hai,Leverton Pierre,HAI,MID,ukendt,Ukendt,48,26,0,11,0,0,11,12.0,6.5,0.0,2.75,0.542,0.0,0.229,0.542,0.0,0.229,0.45,0.2439,0.2439
lewis_ferguson__sco,Lewis Ferguson,SCO,MID,ukendt,Ukendt,53,11,0,18,9,0,9,13.25,2.75,0.0,4.5,0.208,0.0,0.34,0.208,0.0,0.34,0.45,0.0936,0.0936
lewis_hall__eng,Lewis Hall,ENG,DEF,ukendt,Ukendt,14,1,0,10,6,0,4,3.5,0.25,0.0,2.5,0.071,0.0,0.714,0.071,0.0,0.714,0.45,0.032,0.032
liam_kelly__sco,Liam Kelly,SCO,GK,ukendt,Ukendt,2,1,0,0,0,0,0,0.5,0.25,0.0,0.0,0.5,0.0,0.0,0.5,0.0,0.0,0.45,0.225,0.225
liam_millar__can,Liam Millar,CAN,MID,ukendt,Ukendt,93,19,0,33,7,0,26,23.25,4.75,0.0,8.25,0.204,0.0,0.355,0.204,0.0,0.355,0.45,0.0918,0.0918
liberato_cacace__nzl,Liberato Cacace,NZL,DEF,ukendt,Ukendt,52,34,0,13,0,0,13,13.0,8.5,0.0,3.25,0.654,0.0,0.25,0.654,0.0,0.25,0.45,0.2943,0.2943
lionel_messi__arg,Lionel Messi,ARG,FWD,ukendt,Ukendt,270,178,0,65,27,0,33,67.5,44.5,0.0,16.25,0.659,0.0,0.241,0.659,0.0,0.241,0.45,0.2966,0.2966
lionel_mpasi_nzau__cod,Lionel Mpasi Nzau,COD,GK,ukendt,Ukendt,63,26,0,12,0,0,12,15.75,6.5,0.0,3.0,0.413,0.0,0.19,0.413,0.0,0.19,0.45,0.1858,0.1858
livano_comenencia__cuw,Livano Comenencia,CUW,DEF,ukendt,Ukendt,18,16,0,0,0,0,0,4.5,4.0,0.0,0.0,0.889,0.0,0.0,0.889,0.0,0.0,0.45,0.4,0.4
logan_costa__cpv,Logan Costa,CPV,DEF,ukendt,Ukendt,45,24,0,14,8,0,6,11.25,6.0,0.0,3.5,0.533,0.0,0.311,0.533,0.0,0.311,0.45,0.2398,0.2398
lois_openda__bel,Lois Openda,BEL,FWD,ukendt,Ukendt,45,13,0,2,0,0,1,11.25,3.25,0.0,0.5,0.289,0.0,0.044,0.289,0.0,0.044,0.45,0.13,0.13
luc_de_fougerolles__can,Luc De Fougerolles,CAN,DEF,ukendt,Ukendt,35,8,0,10,0,0,10,8.75,2.0,0.0,2.5,0.229,0.0,0.286,0.229,0.0,0.286,0.45,0.103,0.103
luca_jaquez__sui,Luca Jaquez,SUI,DEF,ukendt,Ukendt,7,0,0,2,2,0,0,1.75,0.0,0.0,0.5,0.0,0.0,0.286,0.0,0.0,0.286,0.45,0.0,0.0
luca_zidane__alg,Luca Zidane,ALG,GK,ukendt,Ukendt,16,7,0,6,1,0,5,4.0,1.75,0.0,1.5,0.438,0.0,0.375,0.438,0.0,0.375,0.45,0.1971,0.1971
lucas_bergvall__swe,Lucas Bergvall,SWE,MID,ukendt,Ukendt,25,3,0,11,3,0,8,6.25,0.75,0.0,2.75,0.12,0.0,0.44,0.12,0.0,0.44,0.45,0.054,0.054
lucas_digne__fra,Lucas Digne,FRA,DEF,ukendt,Ukendt,160,40,0,53,3,0,50,40.0,10.0,0.0,13.25,0.25,0.0,0.331,0.25,0.0,0.331,0.45,0.1125,0.1125
lucas_hern_ndez__fra,Lucas Hernandez,FRA,DEF,ukendt,Ukendt,107,36,0,41,35,0,5,26.75,9.0,0.0,10.25,0.336,0.0,0.383,0.336,0.0,0.383,0.45,0.1512,0.1512
lucas_herrington__aus,Lucas Herrington,AUS,DEF,ukendt,Ukendt,3,3,0,0,0,0,0,0.75,0.75,0.0,0.0,1.0,0.0,0.0,1.0,0.0,0.0,0.45,0.45,0.45
lucas_mendes__qat,Lucas Mendes,QAT,DEF,ukendt,Ukendt,34,21,0,7,2,0,5,8.5,5.25,0.0,1.75,0.618,0.0,0.206,0.618,0.0,0.206,0.45,0.2781,0.2781
lucas_paqueta__bra,Lucas Paqueta,BRA,MID,ukendt,Ukendt,91,42,0,20,0,0,19,22.75,10.5,0.0,5.0,0.462,0.0,0.22,0.462,0.0,0.22,0.45,0.2079,0.2079
lucas_ramon_romero__par,Lucas Ramon Romero,PAR,MID,ukendt,Ukendt,7,1,0,0,0,0,0,1.75,0.25,0.0,0.0,0.143,0.0,0.0,0.143,0.0,0.0,0.45,0.0643,0.0643
luciano_valente__ned,Luciano Valente,NED,MID,ukendt,Ukendt,4,0,0,0,0,0,0,1.0,0.0,0.0,0.0,0.0,0.0,0.0,0.0,0.0,0.0,0.45,0.0,0.0
luis_d_az__col,Luis Diaz,COL,FWD,ukendt,Ukendt,90,61,0,14,4,0,9,22.5,15.25,0.0,3.5,0.678,0.0,0.156,0.678,0.0,0.156,0.45,0.3051,0.3051
luis_mejia__pan,Luis Mejia,PAN,GK,ukendt,Ukendt,255,55,0,126,12,0,114,63.75,13.75,0.0,31.5,0.216,0.0,0.494,0.216,0.0,0.494,0.45,0.0972,0.0972
luis_suarez_charris__col,Luis Suarez Charris,COL,FWD,ukendt,Ukendt,70,6,0,53,6,0,47,17.5,1.5,0.0,13.25,0.086,0.0,0.757,0.086,0.0,0.757,0.45,0.0387,0.0387
luiz_henrique__bra,Luiz Henrique,BRA,FWD,ukendt,Ukendt,19,5,0,4,0,0,4,4.75,1.25,0.0,1.0,0.263,0.0,0.211,0.263,0.0,0.211,0.45,0.1184,0.1184
luka_modri__cro,Luka Modric,CRO,MID,ukendt,Ukendt,238,174,0,35,12,0,22,59.5,43.5,0.0,8.75,0.731,0.0,0.147,0.731,0.0,0.147,0.45,0.329,0.329
luka_su_i__cro,Luka Sucic,CRO,MID,ukendt,Ukendt,55,5,0,25,9,0,16,13.75,1.25,0.0,6.25,0.091,0.0,0.455,0.091,0.0,0.455,0.45,0.041,0.041
luka_vuskovic__cro,Luka Vuskovic,CRO,DEF,ukendt,Ukendt,11,4,0,4,0,0,4,2.75,1.0,0.0,1.0,0.364,0.0,0.364,0.364,0.0,0.364,0.45,0.1638,0.1638
lukas_cerv__cze,Lukas Cerv,CZE,MID,ukendt,Ukendt,25,13,0,0,0,0,0,6.25,3.25,0.0,0.0,0.52,0.0,0.0,0.52,0.0,0.0,0.45,0.234,0.234
lukas_hornicek__cze,Lukas Hornicek,CZE,GK,ukendt,Ukendt,6,1,0,0,0,0,0,1.5,0.25,0.0,0.0,0.167,0.0,0.0,0.167,0.0,0.0,0.45,0.0752,0.0752
lukas_provod__cze,Lukas Provod,CZE,MID,ukendt,Ukendt,72,27,0,31,25,0,6,18.0,6.75,0.0,7.75,0.375,0.0,0.431,0.375,0.0,0.431,0.45,0.1688,0.1688
lyle_foster__rsa,Lyle Foster,RSA,FWD,ukendt,Ukendt,66,23,0,36,9,0,27,16.5,5.75,0.0,9.0,0.348,0.0,0.545,0.348,0.0,0.545,0.45,0.1566,0.1566
lyndon_dykes__sco,Lyndon Dykes,SCO,FWD,ukendt,Ukendt,69,34,0,16,12,0,3,17.25,8.5,0.0,4.0,0.493,0.0,0.232,0.493,0.0,0.232,0.45,0.2218,0.2218
maarten_vandevoordt__bel,Maarten Vandevoordt,BEL,GK,ukendt,Ukendt,15,0,0,2,0,0,2,3.75,0.0,0.0,0.5,0.0,0.0,0.133,0.0,0.0,0.133,0.45,0.0,0.0
maghnes_akliouche__fra,Maghnes Akliouche,FRA,FWD,ukendt,Ukendt,9,2,0,0,0,0,0,2.25,0.5,0.0,0.0,0.222,0.0,0.0,0.222,0.0,0.0,0.45,0.0999,0.0999
mahmoud_abunada__qat,Mahmoud Abunada,QAT,GK,ukendt,Ukendt,24,4,0,0,0,0,0,6.0,1.0,0.0,0.0,0.167,0.0,0.0,0.167,0.0,0.0,0.45,0.0752,0.0752
mahmoud_al_mardi__jor,Mahmoud Al-Mardi,JOR,MID,ukendt,Ukendt,138,46,0,59,0,0,59,34.5,11.5,0.0,14.75,0.333,0.0,0.428,0.333,0.0,0.428,0.45,0.1498,0.1498
mahmoud_saber__egy,Mahmoud Saber,EGY,MID,ukendt,Ukendt,26,5,0,3,0,0,3,6.5,1.25,0.0,0.75,0.192,0.0,0.115,0.192,0.0,0.115,0.45,0.0864,0.0864
malick_thiaw__ger,Malick Thiaw,GER,DEF,ukendt,Ukendt,39,2,0,25,2,0,23,9.75,0.5,0.0,6.25,0.051,0.0,0.641,0.051,0.0,0.641,0.45,0.0229,0.0229
malik_tillman__usa,Malik Tillman,USA,MID,ukendt,Ukendt,63,16,0,28,10,0,18,15.75,4.0,0.0,7.0,0.254,0.0,0.444,0.254,0.0,0.444,0.45,0.1143,0.1143
malo_gusto__fra,Malo Gusto,FRA,DEF,ukendt,Ukendt,33,4,0,20,4,0,16,8.25,1.0,0.0,5.0,0.121,0.0,0.606,0.121,0.0,0.606,0.45,0.0544,0.0544
mamadou_sarr__sen,Mamadou Sarr,SEN,DEF,ukendt,Ukendt,12,6,0,0,0,0,0,3.0,1.5,0.0,0.0,0.5,0.0,0.0,0.5,0.0,0.0,0.45,0.225,0.225
manaf_younis__irq,Manaf Younis,IRQ,DEF,ukendt,Ukendt,61,22,0,13,8,0,5,15.25,5.5,0.0,3.25,0.361,0.0,0.213,0.361,0.0,0.213,0.45,0.1624,0.1624
manu_kon__fra,Manu Koné,FRA,MID,ukendt,Ukendt,19,9,0,4,2,0,2,4.75,2.25,0.0,1.0,0.474,0.0,0.211,0.474,0.0,0.211,0.45,0.2133,0.2133
manuel_akanji__sui,Manuel Akanji,SUI,DEF,ukendt,Ukendt,107,78,0,21,12,0,7,26.75,19.5,0.0,5.25,0.729,0.0,0.196,0.729,0.0,0.196,0.45,0.328,0.328
manuel_neuer__ger,Manuel Neuer,GER,GK,ukendt,Ukendt,219,123,0,78,38,0,40,54.75,30.75,0.0,19.5,0.562,0.0,0.356,0.562,0.0,0.356,0.45,0.2529,0.2529
manuel_ugarte__uru,Manuel Ugarte,URU,MID,ukendt,Ukendt,57,28,0,14,0,0,13,14.25,7.0,0.0,3.5,0.491,0.0,0.246,0.491,0.0,0.246,0.45,0.221,0.221
marc_cucurella__esp,Marc Cucurella,ESP,DEF,ukendt,Ukendt,74,22,0,42,0,0,42,18.5,5.5,0.0,10.5,0.297,0.0,0.568,0.297,0.0,0.568,0.45,0.1336,0.1336
marc_gu_hi__eng,Marc Guehi,ENG,DEF,ukendt,Ukendt,52,24,0,15,4,0,10,13.0,6.0,0.0,3.75,0.462,0.0,0.288,0.462,0.0,0.288,0.45,0.2079,0.2079
marc_pubill__esp,Marc Pubill,ESP,DEF,ukendt,Ukendt,1,0,0,0,0,0,0,0.25,0.0,0.0,0.0,0.0,0.0,0.0,0.0,0.0,0.0,0.45,0.0,0.0
marcel_sabitzer__aut,Marcel Sabitzer,AUT,MID,ukendt,Ukendt,145,76,0,34,17,0,17,36.25,19.0,0.0,8.5,0.524,0.0,0.234,0.524,0.0,0.234,0.45,0.2358,0.2358
marcelo_flores__can,Marcelo Flores,CAN,MID,ukendt,Ukendt,3,1,0,1,1,0,0,0.75,0.25,0.0,0.25,0.333,0.0,0.333,0.333,0.0,0.333,0.45,0.1498,0.1498
marcio_rosa__cpv,Marcio Rosa,CPV,GK,ukendt,Ukendt,77,7,0,20,1,0,19,19.25,1.75,0.0,5.0,0.091,0.0,0.26,0.091,0.0,0.26,0.45,0.041,0.041
marco_friedl__aut,Marco Friedl,AUT,DEF,ukendt,Ukendt,71,6,0,47,5,0,42,17.75,1.5,0.0,11.75,0.085,0.0,0.662,0.085,0.0,0.662,0.45,0.0383,0.0383
marco_grull__aut,Marco Grüll,AUT,FWD,ukendt,Ukendt,48,3,0,23,1,0,22,12.0,0.75,0.0,5.75,0.062,0.0,0.479,0.062,0.0,0.479,0.45,0.0279,0.0279
marco_pasalic__cro,Marco Pasalic,CRO,FWD,ukendt,Ukendt,28,3,0,4,0,0,4,7.0,0.75,0.0,1.0,0.107,0.0,0.143,0.107,0.0,0.143,0.45,0.0482,0.0482
marcos_llorente__esp,Marcos Llorente,ESP,MID,ukendt,Ukendt,75,13,0,39,8,0,31,18.75,3.25,0.0,9.75,0.173,0.0,0.52,0.173,0.0,0.52,0.45,0.0778,0.0778
marcus_holmgren_pedersen__nor,Marcus Holmgren Pedersen,NOR,DEF,ukendt,Ukendt,50,24,0,5,4,0,0,12.5,6.0,0.0,1.25,0.48,0.0,0.1,0.48,0.0,0.1,0.45,0.216,0.216
marcus_rashford__eng,Marcus Rashford,ENG,FWD,ukendt,Ukendt,127,31,0,46,12,0,34,31.75,7.75,0.0,11.5,0.244,0.0,0.362,0.244,0.0,0.362,0.45,0.1098,0.1098
marcus_thuram__fra,Marcus Thuram,FRA,FWD,ukendt,Ukendt,73,17,0,27,10,0,17,18.25,4.25,0.0,6.75,0.233,0.0,0.37,0.233,0.0,0.37,0.45,0.1049,0.1049
marin_pongra_i__cro,Marin Pongracic,CRO,DEF,ukendt,Ukendt,71,14,0,36,4,0,32,17.75,3.5,0.0,9.0,0.197,0.0,0.507,0.197,0.0,0.507,0.45,0.0887,0.0887
mario_pa_ali__cro,Mario Pasalic,CRO,MID,ukendt,Ukendt,143,40,0,38,8,0,30,35.75,10.0,0.0,9.5,0.28,0.0,0.266,0.28,0.0,0.266,0.45,0.126,0.126
mark_flekken__ned,Mark Flekken,NED,GK,ukendt,Ukendt,56,11,0,7,2,0,5,14.0,2.75,0.0,1.75,0.196,0.0,0.125,0.196,0.0,0.125,0.45,0.0882,0.0882
mark_mckenzie__usa,Mark McKenzie,USA,DEF,ukendt,Ukendt,96,18,0,42,0,0,42,24.0,4.5,0.0,10.5,0.188,0.0,0.438,0.188,0.0,0.438,0.45,0.0846,0.0846
marko_arnautovi__aut,Marko Arnautovic,AUT,FWD,ukendt,Ukendt,176,110,0,38,13,0,22,44.0,27.5,0.0,9.5,0.625,0.0,0.216,0.625,0.0,0.216,0.45,0.2812,0.2812
marko_farji__irq,Marko Farji,IRQ,MID,ukendt,Ukendt,28,7,0,14,0,0,14,7.0,1.75,0.0,3.5,0.25,0.0,0.5,0.25,0.0,0.5,0.45,0.1125,0.1125
marko_stamenic__nzl,Marko Stamenic,NZL,MID,ukendt,Ukendt,47,36,0,8,0,0,8,11.75,9.0,0.0,2.0,0.766,0.0,0.17,0.766,0.0,0.17,0.45,0.3447,0.3447
marquinhos__bra,Marquinhos,BRA,DEF,ukendt,Ukendt,155,93,0,27,10,0,16,38.75,23.25,0.0,6.75,0.6,0.0,0.174,0.6,0.0,0.174,0.45,0.27,0.27
martial_godo__civ,Martial Godo,CIV,FWD,ukendt,Ukendt,2,1,0,0,0,0,0,0.5,0.25,0.0,0.0,0.5,0.0,0.0,0.5,0.0,0.0,0.45,0.225,0.225
martin_baturina__cro,Martin Baturina,CRO,MID,ukendt,Ukendt,28,10,0,4,2,0,2,7.0,2.5,0.0,1.0,0.357,0.0,0.143,0.357,0.0,0.143,0.45,0.1606,0.1606
martin_boyle__aus,Martin Boyle,AUS,FWD,ukendt,Ukendt,73,34,0,24,16,0,8,18.25,8.5,0.0,6.0,0.466,0.0,0.329,0.466,0.0,0.329,0.45,0.2097,0.2097
martin_caceres__uru,Martin Caceres,URU,DEF,ukendt,Ukendt,188,104,0,48,22,0,25,47.0,26.0,0.0,12.0,0.553,0.0,0.255,0.553,0.0,0.255,0.45,0.2488,0.2488
martin_erlic__cro,Martin Erlic,CRO,DEF,ukendt,Ukendt,50,11,0,11,3,0,8,12.5,2.75,0.0,2.75,0.22,0.0,0.22,0.22,0.0,0.22,0.45,0.099,0.099
martin_exp_rience__hai,Martin Experience,HAI,DEF,ukendt,Ukendt,48,15,0,20,0,0,20,12.0,3.75,0.0,5.0,0.312,0.0,0.417,0.312,0.0,0.417,0.45,0.1404,0.1404
martin_jedlicka__cze,Martin Jedlicka,CZE,GK,ukendt,Ukendt,16,1,0,2,0,0,2,4.0,0.25,0.0,0.5,0.062,0.0,0.125,0.062,0.0,0.125,0.45,0.0279,0.0279
martin_krug__pan,Martin Krug,PAN,DEF,ukendt,Ukendt,28,1,0,23,0,0,23,7.0,0.25,0.0,5.75,0.036,0.0,0.821,0.036,0.0,0.821,0.45,0.0162,0.0162
martin_vitik__cze,Martin Vitik,CZE,DEF,ukendt,Ukendt,35,9,0,12,4,0,8,8.75,2.25,0.0,3.0,0.257,0.0,0.343,0.257,0.0,0.343,0.45,0.1156,0.1156
martin_zlomisli__bih,Martin Zlomislic,BIH,GK,ukendt,Ukendt,17,3,0,2,0,0,2,4.25,0.75,0.0,0.5,0.176,0.0,0.118,0.176,0.0,0.118,0.45,0.0792,0.0792
mart_n_zubimendi__esp,Martin Zubimendi,ESP,MID,ukendt,Ukendt,68,17,0,30,0,0,30,17.0,4.25,0.0,7.5,0.25,0.0,0.441,0.25,0.0,0.441,0.45,0.1125,0.1125
martin_degaard__nor,Martin Ødegaard,NOR,MID,ukendt,Ukendt,117,61,0,41,15,0,26,29.25,15.25,0.0,10.25,0.521,0.0,0.35,0.521,0.0,0.35,0.45,0.2344,0.2344
marvin_keller__sui,Marvin Keller,SUI,GK,ukendt,Ukendt,12,0,0,0,0,0,0,3.0,0.0,0.0,0.0,0.0,0.0,0.0,0.0,0.0,0.0,0.45,0.0,0.0
marvin_senaya__gha,Marvin Senaya,GHA,DEF,ukendt,Ukendt,4,1,0,1,0,0,1,1.0,0.25,0.0,0.25,0.25,0.0,0.25,0.25,0.0,0.25,0.45,0.1125,0.1125
marwan_ateya__egy,Marwan Ateya,EGY,MID,ukendt,Ukendt,47,30,0,8,0,0,7,11.75,7.5,0.0,2.0,0.638,0.0,0.17,0.638,0.0,0.17,0.45,0.2871,0.2871
matej_kovar__cze,Matej Kovar,CZE,GK,ukendt,Ukendt,32,19,0,0,0,0,0,8.0,4.75,0.0,0.0,0.594,0.0,0.0,0.594,0.0,0.0,0.45,0.2673,0.2673
mateo_kovacic__cro,Mateo Kovacic,CRO,MID,ukendt,Ukendt,159,84,0,35,19,0,15,39.75,21.0,0.0,8.75,0.528,0.0,0.22,0.528,0.0,0.22,0.45,0.2376,0.2376
matheus_cunha__bra,Matheus Cunha,BRA,FWD,ukendt,Ukendt,69,11,0,42,11,0,31,17.25,2.75,0.0,10.5,0.159,0.0,0.609,0.159,0.0,0.609,0.45,0.0716,0.0716
matheus_nunes__por,Matheus Nunes,POR,MID,ukendt,Ukendt,56,5,0,24,4,0,20,14.0,1.25,0.0,6.0,0.089,0.0,0.429,0.089,0.0,0.429,0.45,0.04,0.04
mathew_ryan__aus,Mathew Ryan,AUS,GK,ukendt,Ukendt,154,103,0,27,4,0,23,38.5,25.75,0.0,6.75,0.669,0.0,0.175,0.669,0.0,0.175,0.45,0.3011,0.3011
math_as_olivera__uru,Mathias Olivera,URU,DEF,ukendt,Ukendt,50,32,0,12,1,0,8,12.5,8.0,0.0,3.0,0.64,0.0,0.24,0.64,0.0,0.24,0.45,0.288,0.288
mathieu_choiniere__can,Mathieu Choiniere,CAN,MID,ukendt,Ukendt,36,11,0,2,0,0,2,9.0,2.75,0.0,0.5,0.306,0.0,0.056,0.306,0.0,0.056,0.45,0.1377,0.1377
matias_fernandez_pardo__bel,Matias Fernandez-Pardo,BEL,FWD,ukendt,Ukendt,1,0,0,0,0,0,0,0.25,0.0,0.0,0.0,0.0,0.0,0.0,0.0,0.0,0.0,0.45,0.0,0.0
matias_galarza_fonda__par,Matias Galarza Fonda,PAR,MID,ukendt,Ukendt,38,5,0,13,0,0,13,9.5,1.25,0.0,3.25,0.132,0.0,0.342,0.132,0.0,0.342,0.45,0.0594,0.0594
mat_as_vi_a__uru,Matias Viña,URU,DEF,ukendt,Ukendt,75,33,0,21,13,0,8,18.75,8.25,0.0,5.25,0.44,0.0,0.28,0.44,0.0,0.28,0.45,0.198,0.198
matt_freese__usa,Matt Freese,USA,GK,ukendt,Ukendt,22,14,0,2,0,0,2,5.5,3.5,0.0,0.5,0.636,0.0,0.091,0.636,0.0,0.091,0.45,0.2862,0.2862
matt_turner__usa,Matt Turner,USA,GK,ukendt,Ukendt,93,54,0,21,3,0,18,23.25,13.5,0.0,5.25,0.581,0.0,0.226,0.581,0.0,0.226,0.45,0.2614,0.2614
matthew_garbett__nzl,Matthew Garbett,NZL,MID,ukendt,Ukendt,47,28,0,10,2,0,8,11.75,7.0,0.0,2.5,0.596,0.0,0.213,0.596,0.0,0.213,0.45,0.2682,0.2682
matthieu_epolo__cod,Matthieu Epolo,COD,GK,ukendt,Ukendt,10,0,0,1,0,0,1,2.5,0.0,0.0,0.25,0.0,0.0,0.1,0.0,0.0,0.1,0.45,0.0,0.0
mattias_svanberg__swe,Mattias Svanberg,SWE,MID,ukendt,Ukendt,86,23,0,36,9,0,26,21.5,5.75,0.0,9.0,0.267,0.0,0.419,0.267,0.0,0.419,0.45,0.1202,0.1202
matz_sels__bel,Matz Sels,BEL,GK,ukendt,Ukendt,91,12,0,17,2,0,15,22.75,3.0,0.0,4.25,0.132,0.0,0.187,0.132,0.0,0.187,0.45,0.0594,0.0594
max_arfsten__usa,Max Arfsten,USA,DEF,ukendt,Ukendt,21,13,0,0,0,0,0,5.25,3.25,0.0,0.0,0.619,0.0,0.0,0.619,0.0,0.0,0.45,0.2786,0.2786
max_crocombe__nzl,Max Crocombe,NZL,GK,ukendt,Ukendt,63,22,0,19,0,0,19,15.75,5.5,0.0,4.75,0.349,0.0,0.302,0.349,0.0,0.302,0.45,0.157,0.157
maxence_lacroix__fra,Maxence Lacroix,FRA,DEF,ukendt,Ukendt,3,1,0,0,0,0,0,0.75,0.25,0.0,0.0,0.333,0.0,0.0,0.333,0.0,0.0,0.45,0.1498,0.1498
maxi_araujo__uru,Maxi Araujo,URU,MID,ukendt,Ukendt,36,26,0,8,3,0,5,9.0,6.5,0.0,2.0,0.722,0.0,0.222,0.722,0.0,0.222,0.45,0.3249,0.3249
maxim_de_cuyper__bel,Maxim De Cuyper,BEL,DEF,ukendt,Ukendt,25,15,0,2,1,0,1,6.25,3.75,0.0,0.5,0.6,0.0,0.08,0.6,0.0,0.08,0.45,0.27,0.27
maxime_cr_peau__can,Maxime Crepeau,CAN,GK,ukendt,Ukendt,117,30,0,37,16,0,20,29.25,7.5,0.0,9.25,0.256,0.0,0.316,0.256,0.0,0.316,0.45,0.1152,0.1152
maximilian_beier__ger,Maximilian Beier,GER,FWD,ukendt,Ukendt,28,0,0,13,2,0,11,7.0,0.0,0.0,3.25,0.0,0.0,0.464,0.0,0.0,0.464,0.45,0.0,0.0
maximilian_w_ber__aut,Maximilian Wöber,AUT,DEF,ukendt,Ukendt,88,22,0,43,12,0,31,22.0,5.5,0.0,10.75,0.25,0.0,0.489,0.25,0.0,0.489,0.45,0.1125,0.1125
mbekezeli_mbokazi__rsa,Mbekezeli Mbokazi,RSA,DEF,ukendt,Ukendt,18,10,0,5,0,0,5,4.5,2.5,0.0,1.25,0.556,0.0,0.278,0.556,0.0,0.278,0.45,0.2502,0.2502
mehdi_dorval__alg,Mehdi Dorval,ALG,DEF,ukendt,Ukendt,15,0,0,5,0,0,5,3.75,0.0,0.0,1.25,0.0,0.0,0.333,0.0,0.0,0.333,0.45,0.0,0.0
mehdi_ghayedi__irn,Mehdi Ghayedi,IRN,MID,ukendt,Ukendt,68,14,0,33,9,0,23,17.0,3.5,0.0,8.25,0.206,0.0,0.485,0.206,0.0,0.485,0.45,0.0927,0.0927
mehdi_taremi__irn,Mehdi Taremi,IRN,FWD,ukendt,Ukendt,123,91,0,14,3,0,9,30.75,22.75,0.0,3.5,0.74,0.0,0.114,0.74,0.0,0.114,0.45,0.333,0.333
melker_ellborg__swe,Melker Ellborg,SWE,GK,ukendt,Ukendt,2,0,0,0,0,0,0,0.5,0.0,0.0,0.0,0.0,0.0,0.0,0.0,0.0,0.0,0.45,0.0,0.0
memphis_depay__ned,Memphis Depay,NED,FWD,ukendt,Ukendt,148,92,0,24,12,0,12,37.0,23.0,0.0,6.0,0.622,0.0,0.162,0.622,0.0,0.162,0.45,0.2799,0.2799
merchas_doski__irq,Merchas Doski,IRQ,DEF,ukendt,Ukendt,52,27,0,21,0,0,20,13.0,6.75,0.0,5.25,0.519,0.0,0.404,0.519,0.0,0.404,0.45,0.2336,0.2336
merih_demiral__tur,Merih Demiral,TUR,DEF,ukendt,Ukendt,85,52,0,17,13,0,2,21.25,13.0,0.0,4.25,0.612,0.0,0.2,0.612,0.0,0.2,0.45,0.2754,0.2754
mert_gunok__tur,Mert Günok,TUR,GK,ukendt,Ukendt,170,35,0,84,13,0,71,42.5,8.75,0.0,21.0,0.206,0.0,0.494,0.206,0.0,0.494,0.45,0.0927,0.0927
mert_m_ld_r__tur,Mert Müldür,TUR,DEF,ukendt,Ukendt,88,34,0,28,6,0,21,22.0,8.5,0.0,7.0,0.386,0.0,0.318,0.386,0.0,0.318,0.45,0.1737,0.1737
meschak_elia__cod,Meschack Elia,COD,MID,ukendt,Ukendt,121,37,0,52,1,0,51,30.25,9.25,0.0,13.0,0.306,0.0,0.43,0.306,0.0,0.43,0.45,0.1377,0.1377
meshaal_barsham__qat,Meshaal Barsham,QAT,GK,ukendt,Ukendt,97,53,0,19,0,0,17,24.25,13.25,0.0,4.75,0.546,0.0,0.196,0.546,0.0,0.196,0.45,0.2457,0.2457
michael_amir_murillo__pan,Michael Amir Murillo,PAN,DEF,ukendt,Ukendt,155,84,0,49,13,0,36,38.75,21.0,0.0,12.25,0.542,0.0,0.316,0.542,0.0,0.316,0.45,0.2439,0.2439
michael_boxall__nzl,Michael Boxall,NZL,DEF,ukendt,Ukendt,105,52,0,27,2,0,25,26.25,13.0,0.0,6.75,0.495,0.0,0.257,0.495,0.0,0.257,0.45,0.2228,0.2228
michael_gregoritsch__aut,Michael Gregoritsch,AUT,FWD,ukendt,Ukendt,105,36,0,17,9,0,8,26.25,9.0,0.0,4.25,0.343,0.0,0.162,0.343,0.0,0.162,0.45,0.1544,0.1544
michael_olise__fra,Michael Olise,FRA,FWD,ukendt,Ukendt,19,12,0,0,0,0,0,4.75,3.0,0.0,0.0,0.632,0.0,0.0,0.632,0.0,0.0,0.45,0.2844,0.2844
michael_woud__nzl,Michael Woud,NZL,GK,ukendt,Ukendt,56,6,0,37,0,0,37,14.0,1.5,0.0,9.25,0.107,0.0,0.661,0.107,0.0,0.661,0.45,0.0482,0.0482
michal_sadilek__cze,Michal Sadilek,CZE,MID,ukendt,Ukendt,63,22,0,21,14,0,7,15.75,5.5,0.0,5.25,0.349,0.0,0.333,0.349,0.0,0.333,0.45,0.157,0.157
michel_aebischer__sui,Michel Aebischer,SUI,MID,ukendt,Ukendt,78,18,0,23,6,0,17,19.5,4.5,0.0,5.75,0.231,0.0,0.295,0.231,0.0,0.295,0.45,0.104,0.104
micky_van_de_ven__ned,Micky van de Ven,NED,DEF,ukendt,Ukendt,34,10,0,10,7,0,3,8.5,2.5,0.0,2.5,0.294,0.0,0.294,0.294,0.0,0.294,0.45,0.1323,0.1323
miguel_almir_n__par,Miguel Almiron,PAR,MID,ukendt,Ukendt,105,68,0,27,5,0,22,26.25,17.0,0.0,6.75,0.648,0.0,0.257,0.648,0.0,0.257,0.45,0.2916,0.2916
mike_maignan__fra,Mike Maignan,FRA,GK,ukendt,Ukendt,87,38,0,10,10,0,0,21.75,9.5,0.0,2.5,0.437,0.0,0.115,0.437,0.0,0.115,0.45,0.1966,0.1966
mike_penders__bel,Mike Penders,BEL,GK,ukendt,Ukendt,2,0,0,0,0,0,0,0.5,0.0,0.0,0.0,0.0,0.0,0.0,0.0,0.0,0.0,0.45,0.0,0.0
mikel_merino__esp,Mikel Merino,ESP,MID,ukendt,Ukendt,80,21,0,32,5,0,27,20.0,5.25,0.0,8.0,0.262,0.0,0.4,0.262,0.0,0.4,0.45,0.1179,0.1179
mikel_oyarzabal__esp,Mikel Oyarzabal,ESP,FWD,ukendt,Ukendt,127,26,0,70,18,0,52,31.75,6.5,0.0,17.5,0.205,0.0,0.551,0.205,0.0,0.551,0.45,0.0922,0.0922
milad_mohammadi__irn,Milad Mohammadi,IRN,DEF,ukendt,Ukendt,123,59,0,20,3,0,16,30.75,14.75,0.0,5.0,0.48,0.0,0.163,0.48,0.0,0.163,0.45,0.216,0.216
miles_robinson__usa,Miles Robinson,USA,DEF,ukendt,Ukendt,101,34,0,37,22,0,15,25.25,8.5,0.0,9.25,0.337,0.0,0.366,0.337,0.0,0.366,0.45,0.1516,0.1516
milo_degenek__aus,Milos Degenek,AUS,DEF,ukendt,Ukendt,102,44,0,24,11,0,13,25.5,11.0,0.0,6.0,0.431,0.0,0.235,0.431,0.0,0.235,0.45,0.194,0.194
kim_min_jae__kor,Min-jae Kim,KOR,DEF,ukendt,Ukendt,122,73,0,40,18,0,18,30.5,18.25,0.0,10.0,0.598,0.0,0.328,0.598,0.0,0.328,0.45,0.2691,0.2691
miro_muheim__sui,Miro Muheim,SUI,DEF,ukendt,Ukendt,15,2,0,0,0,0,0,3.75,0.5,0.0,0.0,0.133,0.0,0.0,0.133,0.0,0.0,0.45,0.0599,0.0599
mohamed_abdelmonem__egy,Mohamed Abdelmonem,EGY,DEF,ukendt,Ukendt,68,31,0,27,19,0,8,17.0,7.75,0.0,6.75,0.456,0.0,0.397,0.456,0.0,0.397,0.45,0.2052,0.2052
mohamed_al_mannai__qat,Mohamed Al-Mannai,QAT,MID,ukendt,Ukendt,10,5,0,0,0,0,0,2.5,1.25,0.0,0.0,0.5,0.0,0.0,0.5,0.0,0.0,0.45,0.225,0.225
mohamed_alaa__egy,Mohamed Alaa,EGY,GK,ukendt,Ukendt,3,0,0,0,0,0,0,0.75,0.0,0.0,0.0,0.0,0.0,0.0,0.0,0.0,0.0,0.45,0.0,0.0
mohamed_amine_ben_hamida__tun,Mohamed Amine Ben Hamida,TUN,DEF,ukendt,Ukendt,71,9,0,53,2,0,51,17.75,2.25,0.0,13.25,0.127,0.0,0.746,0.127,0.0,0.746,0.45,0.0572,0.0572
mohamed_amoura__alg,Mohamed Amoura,ALG,FWD,ukendt,Ukendt,82,21,0,30,6,0,23,20.5,5.25,0.0,7.5,0.256,0.0,0.366,0.256,0.0,0.366,0.45,0.1152,0.1152
mohamed_hany__egy,Mohamed Hany,EGY,DEF,ukendt,Ukendt,127,39,0,77,5,0,69,31.75,9.75,0.0,19.25,0.307,0.0,0.606,0.307,0.0,0.606,0.45,0.1382,0.1382
mohamed_kanno__ksa,Mohamed Kanno,KSA,MID,ukendt,Ukendt,123,57,0,42,2,0,38,30.75,14.25,0.0,10.5,0.463,0.0,0.341,0.463,0.0,0.341,0.45,0.2084,0.2084
mohamed_kone__civ,Mohamed Kone,CIV,GK,ukendt,Ukendt,34,0,0,2,2,0,0,8.5,0.0,0.0,0.5,0.0,0.0,0.059,0.0,0.0,0.059,0.45,0.0,0.0
mohamed_rabie_hrimat__mar,Mohamed Rabie Hrimat,MAR,MID,ukendt,Ukendt,28,14,0,13,0,0,13,7.0,3.5,0.0,3.25,0.5,0.0,0.464,0.5,0.0,0.464,0.45,0.225,0.225
mohamed_salah__egy,Mohamed Salah,EGY,FWD,ukendt,Ukendt,178,109,0,60,14,0,45,44.5,27.25,0.0,15.0,0.612,0.0,0.337,0.612,0.0,0.337,0.45,0.2754,0.2754
mohamed_toure__aus,Mohamed Toure,AUS,FWD,ukendt,Ukendt,33,5,0,23,2,0,21,8.25,1.25,0.0,5.75,0.152,0.0,0.697,0.152,0.0,0.697,0.45,0.0684,0.0684
mohamed_zeki_amdouni__sui,Mohamed Zeki Amdouni,SUI,FWD,ukendt,Ukendt,46,13,0,16,9,0,7,11.5,3.25,0.0,4.0,0.283,0.0,0.348,0.283,0.0,0.348,0.45,0.1274,0.1274
mohammad_abu_shararh_zrayq__jor,Mohammad Abu 'Shararh' Zrayq,JOR,MID,ukendt,Ukendt,91,11,0,37,14,0,23,22.75,2.75,0.0,9.25,0.121,0.0,0.407,0.121,0.0,0.407,0.45,0.0544,0.0544
mohammad_abu_hasheesh__jor,Mohammad Abu Hasheesh,JOR,MID,ukendt,Ukendt,65,31,0,5,0,0,5,16.25,7.75,0.0,1.25,0.477,0.0,0.077,0.477,0.0,0.077,0.45,0.2146,0.2146
mohammad_abualnadi__jor,Mohammad Abualnadi,JOR,DEF,ukendt,Ukendt,25,12,0,8,0,0,8,6.25,3.0,0.0,2.0,0.48,0.0,0.32,0.48,0.0,0.32,0.45,0.216,0.216
mohammad_al_dawoud__jor,Mohammad Al-Dawoud,JOR,MID,ukendt,Ukendt,146,1,0,135,0,0,135,36.5,0.25,0.0,33.75,0.007,0.0,0.925,0.007,0.0,0.925,0.45,0.0032,0.0032
mohammed_ghorbani__irn,Mohammad Ghorbani,IRN,MID,ukendt,Ukendt,27,7,0,3,0,0,3,6.75,1.75,0.0,0.75,0.259,0.0,0.111,0.259,0.0,0.111,0.45,0.1166,0.1166
mohammad_khalife__irn,Mohammad Khalife,IRN,GK,ukendt,Ukendt,7,0,0,5,0,0,5,1.75,0.0,0.0,1.25,0.0,0.0,0.714,0.0,0.0,0.714,0.45,0.0,0.0
mohammad_mohebi__irn,Mohammad Mohebi,IRN,FWD,ukendt,Ukendt,71,28,0,35,5,0,29,17.75,7.0,0.0,8.75,0.394,0.0,0.493,0.394,0.0,0.493,0.45,0.1773,0.1773
mohammed_al_rubaie_al_yami__ksa,Mohammed Al-Rubaie Al-Yami,KSA,GK,ukendt,Ukendt,107,6,0,44,0,0,44,26.75,1.5,0.0,11.0,0.056,0.0,0.411,0.056,0.0,0.411,0.45,0.0252,0.0252
mohammed_muntari__qat,Mohammed Muntari,QAT,FWD,ukendt,Ukendt,166,26,0,86,13,0,73,41.5,6.5,0.0,21.5,0.157,0.0,0.518,0.157,0.0,0.518,0.45,0.0706,0.0706
mohammed_sulaiman__ksa,Mohammed Sulaiman,KSA,DEF,ukendt,Ukendt,16,4,0,1,0,0,1,4.0,1.0,0.0,0.25,0.25,0.0,0.062,0.25,0.0,0.062,0.45,0.1125,0.1125
mohammed_waad__qat,Mohammed Waad,QAT,MID,ukendt,Ukendt,109,35,0,37,5,0,32,27.25,8.75,0.0,9.25,0.321,0.0,0.339,0.321,0.0,0.339,0.45,0.1444,0.1444
mohanad_ali__irq,Mohanad Ali,IRQ,FWD,ukendt,Ukendt,113,38,0,35,13,0,22,28.25,9.5,0.0,8.75,0.336,0.0,0.31,0.336,0.0,0.31,0.45,0.1512,0.1512
mohanad_lasheen__egy,Mohanad Lasheen,EGY,MID,ukendt,Ukendt,73,8,0,38,1,0,36,18.25,2.0,0.0,9.5,0.11,0.0,0.521,0.11,0.0,0.521,0.45,0.0495,0.0495
mohannad_abu_taha__jor,Mohannad Abu Taha,JOR,MID,ukendt,Ukendt,41,19,0,13,0,0,13,10.25,4.75,0.0,3.25,0.463,0.0,0.317,0.463,0.0,0.317,0.45,0.2084,0.2084
mohau_nkota__rsa,Mohau Nkota,RSA,FWD,ukendt,Ukendt,15,5,0,4,0,0,4,3.75,1.25,0.0,1.0,0.333,0.0,0.267,0.333,0.0,0.267,0.45,0.1498,0.1498
mois_s_caicedo__ecu,Moises Caicedo,ECU,MID,ukendt,Ukendt,73,58,0,12,0,0,9,18.25,14.5,0.0,3.0,0.795,0.0,0.164,0.795,0.0,0.164,0.45,0.3578,0.3578
moises_ramirez__ecu,Moises Ramirez,ECU,GK,ukendt,Ukendt,61,7,0,10,0,0,10,15.25,1.75,0.0,2.5,0.115,0.0,0.164,0.115,0.0,0.164,0.45,0.0518,0.0518
mojmir_chytil__cze,Mojmir Chytil,CZE,FWD,ukendt,Ukendt,39,9,0,15,0,0,12,9.75,2.25,0.0,3.75,0.231,0.0,0.385,0.231,0.0,0.385,0.45,0.104,0.104
montassar_talbi__tun,Montassar Talbi,TUN,DEF,ukendt,Ukendt,86,60,0,14,3,0,11,21.5,15.0,0.0,3.5,0.698,0.0,0.163,0.698,0.0,0.163,0.45,0.3141,0.3141
moon_hwan_kim__kor,Moon-Hwan Kim,KOR,DEF,ukendt,Ukendt,101,27,0,47,6,0,40,25.25,6.75,0.0,11.75,0.267,0.0,0.465,0.267,0.0,0.465,0.45,0.1202,0.1202
morgan_rogers__eng,Morgan Rogers,ENG,MID,ukendt,Ukendt,14,7,0,1,0,0,1,3.5,1.75,0.0,0.25,0.5,0.0,0.071,0.5,0.0,0.071,0.45,0.225,0.225
mortadha_ben_ouanes__tun,Mortadha Ben Ouanes,TUN,MID,ukendt,Ukendt,91,9,0,62,8,0,54,22.75,2.25,0.0,15.5,0.099,0.0,0.681,0.099,0.0,0.681,0.45,0.0446,0.0446
morten_thorsby__nor,Morten Thorsby,NOR,MID,ukendt,Ukendt,84,19,0,36,3,0,33,21.0,4.75,0.0,9.0,0.226,0.0,0.429,0.226,0.0,0.429,0.45,0.1017,0.1017
mory_diaw__sen,Mory Diaw,SEN,GK,ukendt,Ukendt,61,5,0,20,0,0,20,15.25,1.25,0.0,5.0,0.082,0.0,0.328,0.082,0.0,0.328,0.45,0.0369,0.0369
oufa_shobeir__egy,Mostafa Oufa Shobeir,EGY,GK,ukendt,Ukendt,30,6,0,3,0,0,2,7.5,1.5,0.0,0.75,0.2,0.0,0.1,0.2,0.0,0.1,0.45,0.09,0.09
mostafa_ziko__egy,Mostafa Ziko,EGY,MID,ukendt,Ukendt,1,0,0,0,0,0,0,0.25,0.0,0.0,0.0,0.0,0.0,0.0,0.0,0.0,0.0,0.45,0.0,0.0
mousa_tamari__jor,Mousa Tamari,JOR,MID,ukendt,Ukendt,126,63,0,46,3,0,42,31.5,15.75,0.0,11.5,0.5,0.0,0.365,0.5,0.0,0.365,0.45,0.225,0.225
moussa_niakhate__sen,Moussa Niakhate,SEN,DEF,ukendt,Ukendt,61,28,0,23,11,0,9,15.25,7.0,0.0,5.75,0.459,0.0,0.377,0.459,0.0,0.377,0.45,0.2066,0.2066
moustapha_mbow__sen,Moustapha Mbow,SEN,DEF,ukendt,Ukendt,5,0,0,1,0,0,1,1.25,0.0,0.0,0.25,0.0,0.0,0.2,0.0,0.0,0.2,0.45,0.0,0.0
moutaz_neffati__tun,Moutaz Neffati,TUN,DEF,ukendt,Ukendt,18,2,0,9,0,0,9,4.5,0.5,0.0,2.25,0.111,0.0,0.5,0.111,0.0,0.5,0.45,0.05,0.05
muhammed_sengezer__tur,Muhammed Sengezer,TUR,GK,ukendt,Ukendt,12,0,0,2,0,0,2,3.0,0.0,0.0,0.5,0.0,0.0,0.167,0.0,0.0,0.167,0.45,0.0,0.0
mukhammadkodir_khamraliev__uzb,Mukhammadkodir Khamraliev,UZB,DEF,ukendt,Ukendt,30,6,0,10,0,0,10,7.5,1.5,0.0,2.5,0.2,0.0,0.333,0.2,0.0,0.333,0.45,0.09,0.09
mukhammadrasul_abdumazhidov__uzb,Mukhammadrasul Abdumazhidov,UZB,DEF,ukendt,Ukendt,2,0,0,0,0,0,0,0.5,0.0,0.0,0.0,0.0,0.0,0.0,0.0,0.0,0.0,0.45,0.0,0.0
munir_el_kajoui__mar,Munir El Kajoui,MAR,GK,ukendt,Ukendt,177,49,0,52,3,0,47,44.25,12.25,0.0,13.0,0.277,0.0,0.294,0.277,0.0,0.294,0.45,0.1246,0.1246
musab_al_juwayr__ksa,Musab Al-Juwayr,KSA,MID,ukendt,Ukendt,52,26,0,18,0,0,18,13.0,6.5,0.0,4.5,0.5,0.0,0.346,0.5,0.0,0.346,0.45,0.225,0.225
mustafa_eskihella__tur,Mustafa Eskihellac,TUR,DEF,ukendt,Ukendt,11,0,0,8,1,0,7,2.75,0.0,0.0,2.0,0.0,0.0,0.727,0.0,0.0,0.727,0.45,0.0,0.0
n_golo_kant__fra,N'Golo Kante,FRA,MID,ukendt,Ukendt,135,59,0,53,23,0,29,33.75,14.75,0.0,13.25,0.437,0.0,0.393,0.437,0.0,0.393,0.45,0.1966,0.1966
nabil_dunga_emad__egy,Nabil 'Dunga' Emad,EGY,MID,ukendt,Ukendt,90,5,0,71,6,0,65,22.5,1.25,0.0,17.75,0.056,0.0,0.789,0.056,0.0,0.789,0.45,0.0252,0.0252
nadiem_amiri__ger,Nadiem Amiri,GER,MID,ukendt,Ukendt,79,2,0,64,6,0,58,19.75,0.5,0.0,16.0,0.025,0.0,0.81,0.025,0.0,0.81,0.45,0.0113,0.0113
nahuel_molina__arg,Nahuel Molina,ARG,DEF,ukendt,Ukendt,70,47,0,8,2,0,6,17.5,11.75,0.0,2.0,0.671,0.0,0.114,0.671,0.0,0.114,0.45,0.302,0.302
nando_pijnaker__nzl,Nando Pijnaker,NZL,DEF,ukendt,Ukendt,48,19,0,14,8,0,6,12.0,4.75,0.0,3.5,0.396,0.0,0.292,0.396,0.0,0.292,0.45,0.1782,0.1782
nasser_al_dawsari__ksa,Nasser Al-Dawsari,KSA,MID,ukendt,Ukendt,81,28,0,30,2,0,26,20.25,7.0,0.0,7.5,0.346,0.0,0.37,0.346,0.0,0.37,0.45,0.1557,0.1557
nathan_ak__ned,Nathan Ake,NED,DEF,ukendt,Ukendt,105,44,0,20,7,0,13,26.25,11.0,0.0,5.0,0.419,0.0,0.19,0.419,0.0,0.19,0.45,0.1886,0.1886
nathan_ngoy__bel,Nathan Ngoy,BEL,DEF,ukendt,Ukendt,3,2,0,0,0,0,0,0.75,0.5,0.0,0.0,0.667,0.0,0.0,0.667,0.0,0.0,0.45,0.3002,0.3002
nathan_patterson__sco,Nathan Patterson,SCO,DEF,ukendt,Ukendt,57,13,0,28,16,0,12,14.25,3.25,0.0,7.0,0.228,0.0,0.491,0.228,0.0,0.491,0.45,0.1026,0.1026
nathan_saliba__can,Nathan Saliba,CAN,MID,ukendt,Ukendt,23,7,0,5,0,0,5,5.75,1.75,0.0,1.25,0.304,0.0,0.217,0.304,0.0,0.217,0.45,0.1368,0.1368
nathanael_mbuku__cod,Nathanael Mbuku,COD,MID,ukendt,Ukendt,26,9,0,7,0,0,7,6.5,2.25,0.0,1.75,0.346,0.0,0.269,0.346,0.0,0.269,0.45,0.1557,0.1557
nathaniel_brown__ger,Nathaniel Brown,GER,DEF,ukendt,Ukendt,7,2,0,0,0,0,0,1.75,0.5,0.0,0.0,0.286,0.0,0.0,0.286,0.0,0.0,0.45,0.1287,0.1287
nawaf_al_aqidi__ksa,Nawaf Al-Aqidi,KSA,GK,ukendt,Ukendt,66,22,0,23,1,0,19,16.5,5.5,0.0,5.75,0.333,0.0,0.348,0.333,0.0,0.348,0.45,0.1498,0.1498
nawaf_al_boushal__ksa,Nawaf Al-Boushal,KSA,DEF,ukendt,Ukendt,70,21,0,41,0,0,41,17.5,5.25,0.0,10.25,0.3,0.0,0.586,0.3,0.0,0.586,0.45,0.135,0.135
nayef_aguerd__mar,Nayef Aguerd,MAR,DEF,ukendt,Ukendt,159,62,0,85,9,0,74,39.75,15.5,0.0,21.25,0.39,0.0,0.535,0.39,0.0,0.535,0.45,0.1755,0.1755
neil_el_aynaoui__mar,Neil El Aynaoui,MAR,MID,ukendt,Ukendt,23,15,0,8,0,0,8,5.75,3.75,0.0,2.0,0.652,0.0,0.348,0.652,0.0,0.348,0.45,0.2934,0.2934
n_lson_semedo__por,Nelson Semedo,POR,DEF,ukendt,Ukendt,137,26,0,65,15,0,50,34.25,6.5,0.0,16.25,0.19,0.0,0.474,0.19,0.0,0.474,0.45,0.0855,0.0855
nestory_irankunda__aus,Nestory Irankunda,AUS,FWD,ukendt,Ukendt,23,6,0,6,0,0,6,5.75,1.5,0.0,1.5,0.261,0.0,0.261,0.261,0.0,0.261,0.45,0.1175,0.1175
ngal_ayel_mukau__cod,Ngal'ayel Mukau,COD,MID,ukendt,Ukendt,24,8,0,9,0,0,9,6.0,2.0,0.0,2.25,0.333,0.0,0.375,0.333,0.0,0.375,0.45,0.1498,0.1498
nick_woltemade__ger,Nick Woltemade,GER,FWD,ukendt,Ukendt,11,9,0,0,0,0,0,2.75,2.25,0.0,0.0,0.818,0.0,0.0,0.818,0.0,0.0,0.45,0.3681,0.3681
nico_elvedi__sui,Nico Elvedi,SUI,DEF,ukendt,Ukendt,120,62,0,16,6,0,8,30.0,15.5,0.0,4.0,0.517,0.0,0.133,0.517,0.0,0.133,0.45,0.2327,0.2327
nico_gonzalez__arg,Nico Gonzalez,ARG,FWD,ukendt,Ukendt,30,6,0,17,3,0,14,7.5,1.5,0.0,4.25,0.2,0.0,0.567,0.2,0.0,0.567,0.45,0.09,0.09
nico_o_reilly__eng,Nico O'Reilly,ENG,DEF,ukendt,Ukendt,6,3,0,1,0,0,1,1.5,0.75,0.0,0.25,0.5,0.0,0.167,0.5,0.0,0.167,0.45,0.225,0.225
nico_paz__arg,Nico Paz,ARG,MID,ukendt,Ukendt,16,3,0,1,0,0,1,4.0,0.75,0.0,0.25,0.188,0.0,0.062,0.188,0.0,0.062,0.45,0.0846,0.0846
nico_schlotterbeck__ger,Nico Schlotterbeck,GER,DEF,ukendt,Ukendt,56,21,0,14,5,0,6,14.0,5.25,0.0,3.5,0.375,0.0,0.25,0.375,0.0,0.25,0.45,0.1688,0.1688
nico_williams__esp,Nico Williams,ESP,FWD,ukendt,Ukendt,48,20,0,14,9,0,5,12.0,5.0,0.0,3.5,0.417,0.0,0.292,0.417,0.0,0.292,0.45,0.1876,0.1876
nicolas_fonseca__uru,Nicolas Fonseca,URU,MID,ukendt,Ukendt,28,2,0,13,0,0,13,7.0,0.5,0.0,3.25,0.071,0.0,0.464,0.071,0.0,0.464,0.45,0.032,0.032
nicolas_jackson__sen,Nicolas Jackson,SEN,FWD,ukendt,Ukendt,61,21,0,19,9,0,10,15.25,5.25,0.0,4.75,0.344,0.0,0.311,0.344,0.0,0.311,0.45,0.1548,0.1548
nicol_s_otamendi__arg,Nicolas Otamendi,ARG,DEF,ukendt,Ukendt,225,124,0,79,5,0,70,56.25,31.0,0.0,19.75,0.551,0.0,0.351,0.551,0.0,0.351,0.45,0.248,0.248
nicolas_pepe__civ,Nicolas Pepe,CIV,FWD,ukendt,Ukendt,111,38,0,40,4,0,36,27.75,9.5,0.0,10.0,0.342,0.0,0.36,0.342,0.0,0.36,0.45,0.1539,0.1539
nicolas_raskin__bel,Nicolas Raskin,BEL,MID,ukendt,Ukendt,13,9,0,0,0,0,0,3.25,2.25,0.0,0.0,0.692,0.0,0.0,0.692,0.0,0.0,0.45,0.3114,0.3114
nicolas_seiwald__aut,Nicolas Seiwald,AUT,MID,ukendt,Ukendt,49,45,0,1,0,0,1,12.25,11.25,0.0,0.25,0.918,0.0,0.02,0.918,0.0,0.02,0.45,0.4131,0.4131
nicol_s_tagliafico__arg,Nicolas Tagliafico,ARG,DEF,ukendt,Ukendt,110,65,0,15,2,0,12,27.5,16.25,0.0,3.75,0.591,0.0,0.136,0.591,0.0,0.136,0.45,0.266,0.266
nicolas_de_la_cruz__uru,Nicolas de la Cruz,URU,MID,ukendt,Ukendt,69,23,0,29,16,0,12,17.25,5.75,0.0,7.25,0.333,0.0,0.42,0.333,0.0,0.42,0.45,0.1498,0.1498
nidal_celik__bih,Nidal Celik,BIH,DEF,ukendt,Ukendt,5,0,0,0,0,0,0,1.25,0.0,0.0,0.0,0.0,0.0,0.0,0.0,0.0,0.0,0.45,0.0,0.0
nihad_mujaki__bih,Nihad Mujakic,BIH,DEF,ukendt,Ukendt,24,8,0,3,0,0,3,6.0,2.0,0.0,0.75,0.333,0.0,0.125,0.333,0.0,0.125,0.45,0.1498,0.1498
niko_sigur__can,Niko Sigur,CAN,MID,ukendt,Ukendt,23,14,0,1,0,0,1,5.75,3.5,0.0,0.25,0.609,0.0,0.043,0.609,0.0,0.043,0.45,0.274,0.274
nikola_kati__bih,Nikola Katic,BIH,DEF,ukendt,Ukendt,21,13,0,3,0,0,2,5.25,3.25,0.0,0.75,0.619,0.0,0.143,0.619,0.0,0.143,0.45,0.2786,0.2786
nikola_moro__cro,Nikola Moro,CRO,MID,ukendt,Ukendt,55,4,0,28,0,0,28,13.75,1.0,0.0,7.0,0.073,0.0,0.509,0.073,0.0,0.509,0.45,0.0328,0.0328
nikola_vasilj__bih,Nikola Vasilj,BIH,GK,ukendt,Ukendt,53,24,0,2,0,0,2,13.25,6.0,0.0,0.5,0.453,0.0,0.038,0.453,0.0,0.038,0.45,0.2038,0.2038
nikola_vla_i__cro,Nikola Vlasic,CRO,MID,ukendt,Ukendt,111,28,0,36,4,0,32,27.75,7.0,0.0,9.0,0.252,0.0,0.324,0.252,0.0,0.324,0.45,0.1134,0.1134
nikolas_polster__aut,Nikolas Polster,AUT,GK,ukendt,Ukendt,7,0,0,2,2,0,0,1.75,0.0,0.0,0.5,0.0,0.0,0.286,0.0,0.0,0.286,0.45,0.0,0.0
nishan_velupillay__aus,Nishan Velupillay,AUS,FWD,ukendt,Ukendt,17,2,0,9,7,0,2,4.25,0.5,0.0,2.25,0.118,0.0,0.529,0.118,0.0,0.529,0.45,0.0531,0.0531
nizar_al_rashdan__jor,Nizar Al-Rashdan,JOR,MID,ukendt,Ukendt,65,34,0,21,0,0,20,16.25,8.5,0.0,5.25,0.523,0.0,0.323,0.523,0.0,0.323,0.45,0.2354,0.2354
nkosinathi_sibisi__rsa,Nkosinathi Sibisi,RSA,DEF,ukendt,Ukendt,60,15,0,16,0,0,16,15.0,3.75,0.0,4.0,0.25,0.0,0.267,0.25,0.0,0.267,0.45,0.1125,0.1125
noa_lang__ned,Noa Lang,NED,FWD,ukendt,Ukendt,56,5,0,26,13,0,13,14.0,1.25,0.0,6.5,0.089,0.0,0.464,0.089,0.0,0.464,0.45,0.04,0.04
noah_okafor__sui,Noah Okafor,SUI,MID,ukendt,Ukendt,84,10,0,51,18,0,33,21.0,2.5,0.0,12.75,0.119,0.0,0.607,0.119,0.0,0.607,0.45,0.0536,0.0536
noah_sadiki__cod,Noah Sadiki,COD,MID,ukendt,Ukendt,28,12,0,7,0,0,7,7.0,3.0,0.0,1.75,0.429,0.0,0.25,0.429,0.0,0.25,0.45,0.193,0.193
noel_tornqvist__swe,Noel Törnqvist,SWE,GK,ukendt,Ukendt,6,0,0,1,0,0,1,1.5,0.0,0.0,0.25,0.0,0.0,0.167,0.0,0.0,0.167,0.45,0.0,0.0
noni_madueke__eng,Noni Madueke,ENG,FWD,ukendt,Ukendt,18,6,0,7,6,0,1,4.5,1.5,0.0,1.75,0.333,0.0,0.389,0.333,0.0,0.389,0.45,0.1498,0.1498
noor_al_rawabdeh__jor,Noor Al-Rawabdeh,JOR,MID,ukendt,Ukendt,90,49,0,25,7,0,18,22.5,12.25,0.0,6.25,0.544,0.0,0.278,0.544,0.0,0.278,0.45,0.2448,0.2448
noussair_mazraoui__mar,Noussair Mazraoui,MAR,DEF,ukendt,Ukendt,129,39,0,80,27,0,51,32.25,9.75,0.0,20.0,0.302,0.0,0.62,0.302,0.0,0.62,0.45,0.1359,0.1359
nuno_mendes__por,Nuno Mendes,POR,DEF,ukendt,Ukendt,68,36,0,17,15,0,2,17.0,9.0,0.0,4.25,0.529,0.0,0.25,0.529,0.0,0.25,0.45,0.238,0.238
nuno_da_costa__cpv,Nuno da Costa,CPV,FWD,ukendt,Ukendt,83,3,0,71,5,0,66,20.75,0.75,0.0,17.75,0.036,0.0,0.855,0.036,0.0,0.855,0.45,0.0162,0.0162
obed_vargas__mex,Obed Vargas,MEX,MID,ukendt,Ukendt,27,2,0,18,0,0,17,6.75,0.5,0.0,4.5,0.074,0.0,0.667,0.074,0.0,0.667,0.45,0.0333,0.0333
odildzhon_khamrobekov__uzb,Odildzhon Khamrobekov,UZB,MID,ukendt,Ukendt,95,67,0,14,2,0,12,23.75,16.75,0.0,3.5,0.705,0.0,0.147,0.705,0.0,0.147,0.45,0.3172,0.3172
odilon_kossounou__civ,Odilon Kossounou,CIV,DEF,ukendt,Ukendt,73,26,0,24,9,0,14,18.25,6.5,0.0,6.0,0.356,0.0,0.329,0.356,0.0,0.329,0.45,0.1602,0.1602
o_uz_ayd_n__tur,Oguz Aydin,TUR,MID,ukendt,Ukendt,28,7,0,13,0,0,13,7.0,1.75,0.0,3.25,0.25,0.0,0.464,0.25,0.0,0.464,0.45,0.1125,0.1125
oliver_baumann__ger,Oliver Baumann,GER,GK,ukendt,Ukendt,42,12,0,0,0,0,0,10.5,3.0,0.0,0.0,0.286,0.0,0.0,0.286,0.0,0.0,0.45,0.1287,0.1287
ollie_watkins__eng,Ollie Watkins,ENG,FWD,ukendt,Ukendt,71,7,0,40,4,0,36,17.75,1.75,0.0,10.0,0.099,0.0,0.563,0.099,0.0,0.563,0.45,0.0446,0.0446
omar_alderete__par,Omar Alderete,PAR,DEF,ukendt,Ukendt,77,32,0,28,4,0,23,19.25,8.0,0.0,7.0,0.416,0.0,0.364,0.416,0.0,0.364,0.45,0.1872,0.1872
omar_marmoush__egy,Omar Marmoush,EGY,FWD,ukendt,Ukendt,72,41,0,22,4,0,17,18.0,10.25,0.0,5.5,0.569,0.0,0.306,0.569,0.0,0.306,0.45,0.256,0.256
omar_rekik__tun,Omar Rekik,TUN,DEF,ukendt,Ukendt,80,3,0,67,0,0,63,20.0,0.75,0.0,16.75,0.038,0.0,0.838,0.038,0.0,0.838,0.45,0.0171,0.0171
omid_noorafkan__irn,Omid Noorafkan,IRN,MID,ukendt,Ukendt,95,23,0,46,6,0,39,23.75,5.75,0.0,11.5,0.242,0.0,0.484,0.242,0.0,0.484,0.45,0.1089,0.1089
orbel_n_pineda__mex,Orbelin Pineda,MEX,MID,ukendt,Ukendt,178,50,0,55,1,0,54,44.5,12.5,0.0,13.75,0.281,0.0,0.309,0.281,0.0,0.309,0.45,0.1264,0.1264
orkun_k_k__tur,Orkun Kökcü,TUR,MID,ukendt,Ukendt,72,33,0,12,5,0,4,18.0,8.25,0.0,3.0,0.458,0.0,0.167,0.458,0.0,0.167,0.45,0.2061,0.2061
orlando_gill__par,Orlando Gill,PAR,GK,ukendt,Ukendt,10,5,0,0,0,0,0,2.5,1.25,0.0,0.0,0.5,0.0,0.0,0.5,0.0,0.0,0.45,0.225,0.225
orlando_mosquera__pan,Orlando Mosquera,PAN,GK,ukendt,Ukendt,103,45,0,11,1,0,10,25.75,11.25,0.0,2.75,0.437,0.0,0.107,0.437,0.0,0.107,0.45,0.1966,0.1966
oscar_bobb__nor,Oscar Bobb,NOR,MID,ukendt,Ukendt,27,13,0,8,8,0,0,6.75,3.25,0.0,2.0,0.481,0.0,0.296,0.481,0.0,0.296,0.45,0.2164,0.2164
osman_hadzikic__bih,Osman Hadzikic,BIH,GK,ukendt,Ukendt,21,0,0,0,0,0,0,5.25,0.0,0.0,0.0,0.0,0.0,0.0,0.0,0.0,0.0,0.45,0.0,0.0
oston_urunov__uzb,Oston Urunov,UZB,MID,ukendt,Ukendt,78,25,0,32,10,0,22,19.5,6.25,0.0,8.0,0.321,0.0,0.41,0.321,0.0,0.41,0.45,0.1444,0.1444
oswin_appollis__rsa,Oswin Appollis,RSA,FWD,ukendt,Ukendt,39,19,0,5,0,0,5,9.75,4.75,0.0,1.25,0.487,0.0,0.128,0.487,0.0,0.128,0.45,0.2192,0.2192
otabek_shukurov__uzb,Otabek Shukurov,UZB,MID,ukendt,Ukendt,116,81,0,21,0,0,21,29.0,20.25,0.0,5.25,0.698,0.0,0.181,0.698,0.0,0.181,0.45,0.3141,0.3141
oumar_diakite__civ,Oumar Diakite,CIV,FWD,ukendt,Ukendt,53,14,0,19,1,0,17,13.25,3.5,0.0,4.75,0.264,0.0,0.358,0.264,0.0,0.358,0.45,0.1188,0.1188
ousmane_demb_l__fra,Ousmane Dembele,FRA,FWD,ukendt,Ukendt,124,32,0,52,30,0,22,31.0,8.0,0.0,13.0,0.258,0.0,0.419,0.258,0.0,0.419,0.45,0.1161,0.1161
ousmane_diomande__civ,Ousmane Diomande,CIV,DEF,ukendt,Ukendt,40,11,0,13,4,0,9,10.0,2.75,0.0,3.25,0.275,0.0,0.325,0.275,0.0,0.325,0.45,0.1238,0.1238
oussama_targhalline__mar,Oussama Targhalline,MAR,MID,ukendt,Ukendt,41,1,0,15,0,0,13,10.25,0.25,0.0,3.75,0.024,0.0,0.366,0.024,0.0,0.366,0.45,0.0108,0.0108
owen_goodman__can,Owen Goodman,CAN,GK,ukendt,Ukendt,6,0,0,1,0,0,1,1.5,0.0,0.0,0.25,0.0,0.0,0.167,0.0,0.0,0.167,0.45,0.0,0.0
ozan_kabak__tur,Ozan Kabak,TUR,DEF,ukendt,Ukendt,84,21,0,37,26,0,9,21.0,5.25,0.0,9.25,0.25,0.0,0.44,0.25,0.0,0.44,0.45,0.1125,0.1125
pablo_gavi__esp,Pablo Gavi,ESP,MID,ukendt,Ukendt,58,24,0,28,21,0,7,14.5,6.0,0.0,7.0,0.414,0.0,0.483,0.414,0.0,0.483,0.45,0.1863,0.1863
pape_alassane_gueye__sen,Pape Alassane Gueye,SEN,MID,ukendt,Ukendt,74,27,0,26,0,0,19,18.5,6.75,0.0,6.5,0.365,0.0,0.351,0.365,0.0,0.351,0.45,0.1642,0.1642
pape_cherif_ndiaye__sen,Pape Cherif Ndiaye,SEN,FWD,ukendt,Ukendt,34,2,0,6,0,0,6,8.5,0.5,0.0,1.5,0.059,0.0,0.176,0.059,0.0,0.176,0.45,0.0266,0.0266
pape_matar_sarr__sen,Pape Matar Sarr,SEN,MID,ukendt,Ukendt,82,25,0,20,1,0,19,20.5,6.25,0.0,5.0,0.305,0.0,0.244,0.305,0.0,0.244,0.45,0.1372,0.1372
parfait_guiagon__civ,Parfait Guiagon,CIV,MID,ukendt,Ukendt,16,3,0,7,2,0,5,4.0,0.75,0.0,1.75,0.188,0.0,0.438,0.188,0.0,0.438,0.45,0.0846,0.0846
pascal_gross__ger,Pascal Gross,GER,MID,ukendt,Ukendt,34,12,0,4,0,0,4,8.5,3.0,0.0,1.0,0.353,0.0,0.118,0.353,0.0,0.118,0.45,0.1588,0.1588
pascal_loretz__sui,Pascal Loretz,SUI,GK,ukendt,Ukendt,7,0,0,2,0,0,2,1.75,0.0,0.0,0.5,0.0,0.0,0.286,0.0,0.0,0.286,0.45,0.0,0.0
path_ciss__sen,Pathe Ciss,SEN,MID,ukendt,Ukendt,61,10,0,16,0,0,16,15.25,2.5,0.0,4.0,0.164,0.0,0.262,0.164,0.0,0.262,0.45,0.0738,0.0738
patric_pfeiffer__gha,Patric Pfeiffer,GHA,DEF,ukendt,Ukendt,2,0,0,0,0,0,0,0.5,0.0,0.0,0.0,0.0,0.0,0.0,0.0,0.0,0.0,0.45,0.0,0.0
patrick_agyemang__usa,Patrick Agyemang,USA,FWD,ukendt,Ukendt,20,9,0,4,2,0,2,5.0,2.25,0.0,1.0,0.45,0.0,0.2,0.45,0.0,0.2,0.45,0.2025,0.2025
patrick_beach__aus,Patrick Beach,AUS,GK,ukendt,Ukendt,5,1,0,0,0,0,0,1.25,0.25,0.0,0.0,0.2,0.0,0.0,0.2,0.0,0.0,0.45,0.09,0.09
patrick_berg__nor,Patrick Berg,NOR,MID,ukendt,Ukendt,62,24,0,9,4,0,5,15.5,6.0,0.0,2.25,0.387,0.0,0.145,0.387,0.0,0.145,0.45,0.1742,0.1742
patrick_pentz__aut,Patrick Pentz,AUT,GK,ukendt,Ukendt,49,17,0,5,0,0,5,12.25,4.25,0.0,1.25,0.347,0.0,0.102,0.347,0.0,0.102,0.45,0.1561,0.1561
patrick_schulte__usa,Patrick Schulte,USA,GK,ukendt,Ukendt,34,3,0,17,8,0,9,8.5,0.75,0.0,4.25,0.088,0.0,0.5,0.088,0.0,0.5,0.45,0.0396,0.0396
patrick_wimmer__aut,Patrick Wimmer,AUT,MID,ukendt,Ukendt,43,17,0,9,6,0,2,10.75,4.25,0.0,2.25,0.395,0.0,0.209,0.395,0.0,0.209,0.45,0.1778,0.1778
patrick_yazbek__aus,Patrick Yazbek,AUS,MID,ukendt,Ukendt,32,2,0,13,0,0,13,8.0,0.5,0.0,3.25,0.062,0.0,0.406,0.062,0.0,0.406,0.45,0.0279,0.0279
patrik_schick__cze,Patrik Schick,CZE,FWD,ukendt,Ukendt,114,43,0,56,36,0,18,28.5,10.75,0.0,14.0,0.377,0.0,0.491,0.377,0.0,0.491,0.45,0.1696,0.1696
pau_cubars__esp,Pau Cubarsi,ESP,DEF,ukendt,Ukendt,31,7,0,13,1,0,12,7.75,1.75,0.0,3.25,0.226,0.0,0.419,0.226,0.0,0.419,0.45,0.1017,0.1017
paul_izzo__aus,Paul Izzo,AUS,GK,ukendt,Ukendt,21,4,0,0,0,0,0,5.25,1.0,0.0,0.0,0.19,0.0,0.0,0.19,0.0,0.0,0.45,0.0855,0.0855
paul_okon_engstler__aus,Paul Okon-Engstler,AUS,MID,ukendt,Ukendt,5,1,0,0,0,0,0,1.25,0.25,0.0,0.0,0.2,0.0,0.0,0.2,0.0,0.0,0.45,0.09,0.09
pavel_sulc__cze,Pavel Sulc,CZE,MID,ukendt,Ukendt,27,18,0,3,2,0,1,6.75,4.5,0.0,0.75,0.667,0.0,0.111,0.667,0.0,0.111,0.45,0.3002,0.3002
payam_niazmand__irn,Payam Niazmand,IRN,GK,ukendt,Ukendt,81,12,0,6,2,0,4,20.25,3.0,0.0,1.5,0.148,0.0,0.074,0.148,0.0,0.074,0.45,0.0666,0.0666
pedri__esp,Pedri,ESP,MID,ukendt,Ukendt,72,31,0,30,22,0,6,18.0,7.75,0.0,7.5,0.431,0.0,0.417,0.431,0.0,0.417,0.45,0.194,0.194
pedro_neto__por,Pedro Neto,POR,FWD,ukendt,Ukendt,71,15,0,39,26,0,13,17.75,3.75,0.0,9.75,0.211,0.0,0.549,0.211,0.0,0.549,0.45,0.0949,0.0949
pedro_porro__esp,Pedro Porro,ESP,DEF,ukendt,Ukendt,72,15,0,46,6,0,40,18.0,3.75,0.0,11.5,0.208,0.0,0.639,0.208,0.0,0.639,0.45,0.0936,0.0936
pedro_vite__ecu,Pedro Vite,ECU,MID,ukendt,Ukendt,36,14,0,18,0,0,18,9.0,3.5,0.0,4.5,0.389,0.0,0.5,0.389,0.0,0.5,0.45,0.175,0.175
pervis_estupi_n__ecu,Pervis Estupinan,ECU,DEF,ukendt,Ukendt,76,52,0,22,14,0,8,19.0,13.0,0.0,5.5,0.684,0.0,0.289,0.684,0.0,0.289,0.45,0.3078,0.3078
petar_musa__cro,Petar Musa,CRO,FWD,ukendt,Ukendt,36,4,0,23,0,0,23,9.0,1.0,0.0,5.75,0.111,0.0,0.639,0.111,0.0,0.639,0.45,0.05,0.05
petar_sucic__cro,Petar Sucic,CRO,MID,ukendt,Ukendt,19,13,0,1,0,0,1,4.75,3.25,0.0,0.25,0.684,0.0,0.053,0.684,0.0,0.053,0.45,0.3078,0.3078
peter_gwargis__irq,Peter Gwargis,IRQ,MID,ukendt,Ukendt,19,1,0,13,0,0,13,4.75,0.25,0.0,3.25,0.053,0.0,0.684,0.053,0.0,0.684,0.45,0.0238,0.0238
philipp_lienhart__aut,Philipp Lienhart,AUT,DEF,ukendt,Ukendt,96,37,0,35,13,0,21,24.0,9.25,0.0,8.75,0.385,0.0,0.365,0.385,0.0,0.365,0.45,0.1733,0.1733
phillipp_mwene__aut,Phillipp Mwene,AUT,DEF,ukendt,Ukendt,54,26,0,14,8,0,4,13.5,6.5,0.0,3.5,0.481,0.0,0.259,0.481,0.0,0.259,0.45,0.2164,0.2164
piero_hincapi__ecu,Piero Hincapie,ECU,DEF,ukendt,Ukendt,67,51,0,13,4,0,8,16.75,12.75,0.0,3.25,0.761,0.0,0.194,0.761,0.0,0.194,0.45,0.3425,0.3425
pierre_kalulu__fra,Pierre Kalulu,FRA,DEF,ukendt,Ukendt,10,2,0,6,0,0,6,2.5,0.5,0.0,1.5,0.2,0.0,0.6,0.2,0.0,0.6,0.45,0.09,0.09
prince_adu__gha,Prince Adu,GHA,FWD,ukendt,Ukendt,6,4,0,1,0,0,1,1.5,1.0,0.0,0.25,0.667,0.0,0.167,0.667,0.0,0.167,0.45,0.3002,0.3002
promise_david__can,Promise David,CAN,FWD,ukendt,Ukendt,18,2,0,3,2,0,1,4.5,0.5,0.0,0.75,0.111,0.0,0.167,0.111,0.0,0.167,0.45,0.05,0.05
quinten_timber__ned,Quinten Timber,NED,MID,ukendt,Ukendt,29,4,0,14,12,0,2,7.25,1.0,0.0,3.5,0.138,0.0,0.483,0.138,0.0,0.483,0.45,0.0621,0.0621
raed_chikhaoui__tun,Raed Chikhaoui,TUN,DEF,ukendt,Ukendt,3,0,0,0,0,0,0,0.75,0.0,0.0,0.0,0.0,0.0,0.0,0.0,0.0,0.0,0.45,0.0,0.0
rafael_le_o__por,Rafael Leão,POR,FWD,ukendt,Ukendt,56,23,0,9,6,0,2,14.0,5.75,0.0,2.25,0.411,0.0,0.161,0.411,0.0,0.161,0.45,0.185,0.185
rafael_santos_borre__col,Rafael Santos Borre,COL,FWD,ukendt,Ukendt,81,25,0,19,6,0,13,20.25,6.25,0.0,4.75,0.309,0.0,0.235,0.309,0.0,0.235,0.45,0.139,0.139
rafik_belghali__alg,Rafik Belghali,ALG,DEF,ukendt,Ukendt,16,8,0,4,0,0,4,4.0,2.0,0.0,1.0,0.5,0.0,0.25,0.5,0.0,0.25,0.45,0.225,0.225
ralph_priso__can,Ralph Priso,CAN,DEF,ukendt,Ukendt,4,2,0,0,0,0,0,1.0,0.5,0.0,0.0,0.5,0.0,0.0,0.5,0.0,0.0,0.45,0.225,0.225
rami_rabia__egy,Rami Rabia,EGY,DEF,ukendt,Ukendt,155,41,0,102,10,0,91,38.75,10.25,0.0,25.5,0.265,0.0,0.658,0.265,0.0,0.658,0.45,0.1192,0.1192
ramin_rezaeian__irn,Ramin Rezaeian,IRN,DEF,ukendt,Ukendt,130,55,0,39,2,0,37,32.5,13.75,0.0,9.75,0.423,0.0,0.3,0.423,0.0,0.3,0.45,0.1904,0.1904
ramiz_zerrouki__alg,Ramiz Zerrouki,ALG,MID,ukendt,Ukendt,89,39,0,32,4,0,28,22.25,9.75,0.0,8.0,0.438,0.0,0.36,0.438,0.0,0.36,0.45,0.1971,0.1971
ram_n_sosa__par,Ramon Sosa,PAR,MID,ukendt,Ukendt,34,13,0,3,1,0,2,8.5,3.25,0.0,0.75,0.382,0.0,0.088,0.382,0.0,0.088,0.45,0.1719,0.1719
ramy_bensebaini__alg,Ramy Bensebaini,ALG,DEF,ukendt,Ukendt,140,77,0,48,12,0,34,35.0,19.25,0.0,12.0,0.55,0.0,0.343,0.55,0.0,0.343,0.45,0.2475,0.2475
randal_kolo_muani__fra,Randal Kolo Muani,FRA,FWD,ukendt,Ukendt,47,19,0,6,4,0,2,11.75,4.75,0.0,1.5,0.404,0.0,0.128,0.404,0.0,0.128,0.45,0.1818,0.1818
rani_khedira__tun,Rani Khedira,TUN,MID,ukendt,Ukendt,3,3,0,0,0,0,0,0.75,0.75,0.0,0.0,1.0,0.0,0.0,1.0,0.0,0.0,0.45,0.45,0.45
raphinha__bra,Raphinha,BRA,FWD,ukendt,Ukendt,54,33,0,15,9,0,6,13.5,8.25,0.0,3.75,0.611,0.0,0.278,0.611,0.0,0.278,0.45,0.275,0.275
raul_florucz__aut,Raul Florucz,AUT,FWD,ukendt,Ukendt,9,0,0,2,2,0,0,2.25,0.0,0.0,0.5,0.0,0.0,0.222,0.0,0.0,0.222,0.45,0.0,0.0
ra_l_jim_nez__mex,Raul Jimenez,MEX,FWD,ukendt,Ukendt,243,86,0,93,16,0,76,60.75,21.5,0.0,23.25,0.354,0.0,0.383,0.354,0.0,0.383,0.45,0.1593,0.1593
raul_rangel__mex,Raul Rangel,MEX,GK,ukendt,Ukendt,34,14,0,0,0,0,0,8.5,3.5,0.0,0.0,0.412,0.0,0.0,0.412,0.0,0.0,0.45,0.1854,0.1854
rayan__bra,Rayan,BRA,FWD,ukendt,Ukendt,11,4,0,4,2,0,2,2.75,1.0,0.0,1.0,0.364,0.0,0.364,0.364,0.0,0.364,0.45,0.1638,0.1638
rayan_a_t_nouri__alg,Rayan Ait-Nouri,ALG,DEF,ukendt,Ukendt,52,28,0,21,4,0,17,13.0,7.0,0.0,5.25,0.538,0.0,0.404,0.538,0.0,0.404,0.45,0.2421,0.2421
rayan_cherki__fra,Rayan Cherki,FRA,FWD,ukendt,Ukendt,11,4,0,4,2,0,2,2.75,1.0,0.0,1.0,0.364,0.0,0.364,0.364,0.0,0.364,0.45,0.1638,0.1638
rayan_elloumi__tun,Rayan Elloumi,TUN,FWD,ukendt,Ukendt,3,1,0,0,0,0,0,0.75,0.25,0.0,0.0,0.333,0.0,0.0,0.333,0.0,0.0,0.45,0.1498,0.1498
rebin_sulaka__irq,Rebin Sulaka,IRQ,DEF,ukendt,Ukendt,142,47,0,73,1,0,71,35.5,11.75,0.0,18.25,0.331,0.0,0.514,0.331,0.0,0.514,0.45,0.149,0.149
reece_james__eng,Reece James,ENG,DEF,ukendt,Ukendt,77,15,0,44,16,0,28,19.25,3.75,0.0,11.0,0.195,0.0,0.571,0.195,0.0,0.571,0.45,0.0878,0.0878
relebohile_mofokeng__rsa,Relebohile Mofokeng,RSA,FWD,ukendt,Ukendt,28,4,0,8,0,0,8,7.0,1.0,0.0,2.0,0.143,0.0,0.286,0.143,0.0,0.286,0.45,0.0643,0.0643
remo_freuler__sui,Remo Freuler,SUI,MID,ukendt,Ukendt,110,74,0,10,4,0,5,27.5,18.5,0.0,2.5,0.673,0.0,0.091,0.673,0.0,0.091,0.45,0.3028,0.3028
renato_veiga__por,Renato Veiga,POR,DEF,ukendt,Ukendt,18,7,0,1,0,0,1,4.5,1.75,0.0,0.25,0.389,0.0,0.056,0.389,0.0,0.056,0.45,0.175,0.175
ricardo_ad__hai,Ricardo Ade,HAI,DEF,ukendt,Ukendt,81,57,0,16,0,0,16,20.25,14.25,0.0,4.0,0.704,0.0,0.198,0.704,0.0,0.198,0.45,0.3168,0.3168
ricardo_goss__rsa,Ricardo Goss,RSA,GK,ukendt,Ukendt,69,4,0,28,0,0,28,17.25,1.0,0.0,7.0,0.058,0.0,0.406,0.058,0.0,0.406,0.45,0.0261,0.0261
ricardo_pepi__usa,Ricardo Pepi,USA,FWD,ukendt,Ukendt,78,17,0,34,8,0,26,19.5,4.25,0.0,8.5,0.218,0.0,0.436,0.218,0.0,0.436,0.45,0.0981,0.0981
ricardo_rodr_guez__sui,Ricardo Rodriguez,SUI,DEF,ukendt,Ukendt,165,131,0,17,6,0,11,41.25,32.75,0.0,4.25,0.794,0.0,0.103,0.794,0.0,0.103,0.45,0.3573,0.3573
ricardo_velho__por,Ricardo Velho,POR,GK,ukendt,Ukendt,4,0,0,0,0,0,0,1.0,0.0,0.0,0.0,0.0,0.0,0.0,0.0,0.0,0.0,0.45,0.0,0.0
richard_ledezma__mex,Richard Ledezma,MEX,DEF,ukendt,Ukendt,4,2,0,0,0,0,0,1.0,0.5,0.0,0.0,0.5,0.0,0.0,0.5,0.0,0.0,0.45,0.225,0.225
richard_r_os__col,Richard Rios,COL,MID,ukendt,Ukendt,36,23,0,2,0,0,2,9.0,5.75,0.0,0.5,0.639,0.0,0.056,0.639,0.0,0.056,0.45,0.2876,0.2876
richie_laryea__can,Richie Laryea,CAN,DEF,ukendt,Ukendt,84,63,0,4,3,0,1,21.0,15.75,0.0,1.0,0.75,0.0,0.048,0.75,0.0,0.048,0.45,0.3375,0.3375
riechedly_bazoer__cuw,Riechedly Bazoer,CUW,DEF,ukendt,Ukendt,9,4,0,2,2,0,0,2.25,1.0,0.0,0.5,0.444,0.0,0.222,0.444,0.0,0.222,0.45,0.1998,0.1998
riley_mcgree__aus,Riley McGree,AUS,MID,ukendt,Ukendt,61,19,0,18,7,0,11,15.25,4.75,0.0,4.5,0.311,0.0,0.295,0.311,0.0,0.295,0.45,0.14,0.14
ritsu_doan__jpn,Ritsu Doan,JPN,MID,ukendt,Ukendt,104,43,0,32,2,0,30,26.0,10.75,0.0,8.0,0.413,0.0,0.308,0.413,0.0,0.308,0.45,0.1858,0.1858
riyad_mahrez__alg,Riyad Mahrez,ALG,FWD,ukendt,Ukendt,163,98,0,43,1,0,42,40.75,24.5,0.0,10.75,0.601,0.0,0.264,0.601,0.0,0.264,0.45,0.2705,0.2705
roberto_alvarado__mex,Roberto Alvarado,MEX,MID,ukendt,Ukendt,129,41,0,42,0,0,42,32.25,10.25,0.0,10.5,0.318,0.0,0.326,0.318,0.0,0.326,0.45,0.1431,0.1431
roberto_lopes__cpv,Roberto Lopes,CPV,DEF,ukendt,Ukendt,66,44,0,16,1,0,15,16.5,11.0,0.0,4.0,0.667,0.0,0.242,0.667,0.0,0.242,0.45,0.3002,0.3002
robin_hranac__cze,Robin Hranac,CZE,DEF,ukendt,Ukendt,27,13,0,7,0,0,7,6.75,3.25,0.0,1.75,0.481,0.0,0.259,0.481,0.0,0.259,0.45,0.2164,0.2164
robin_koch__ger,Robin Koch,GER,DEF,ukendt,Ukendt,74,10,0,35,12,0,23,18.5,2.5,0.0,8.75,0.135,0.0,0.473,0.135,0.0,0.473,0.45,0.0608,0.0608
robin_le_normand__esp,Robin Le Normand,ESP,DEF,ukendt,Ukendt,33,25,0,5,4,0,0,8.25,6.25,0.0,1.25,0.758,0.0,0.152,0.758,0.0,0.152,0.45,0.3411,0.3411
robin_olsen__swe,Robin Olsen,SWE,GK,ukendt,Ukendt,132,78,0,26,2,0,24,33.0,19.5,0.0,6.5,0.591,0.0,0.197,0.591,0.0,0.197,0.45,0.266,0.266
robin_risser__fra,Robin Risser,FRA,GK,ukendt,Ukendt,1,0,0,0,0,0,0,0.25,0.0,0.0,0.0,0.0,0.0,0.0,0.0,0.0,0.0,0.45,0.0,0.0
robin_roefs__ned,Robin Roefs,NED,GK,ukendt,Ukendt,7,0,0,0,0,0,0,1.75,0.0,0.0,0.0,0.0,0.0,0.0,0.0,0.0,0.0,0.45,0.0,0.0
rocky_bushiri__cod,Rocky Bushiri,COD,DEF,ukendt,Ukendt,44,7,0,12,0,0,12,11.0,1.75,0.0,3.0,0.159,0.0,0.273,0.159,0.0,0.273,0.45,0.0716,0.0716
roderick_miller__pan,Roderick Miller,PAN,DEF,ukendt,Ukendt,221,40,0,141,7,0,134,55.25,10.0,0.0,35.25,0.181,0.0,0.638,0.181,0.0,0.638,0.45,0.0814,0.0814
rodri_hernandez__esp,Rodri Hernandez,ESP,MID,ukendt,Ukendt,104,44,0,24,10,0,13,26.0,11.0,0.0,6.0,0.423,0.0,0.231,0.423,0.0,0.231,0.45,0.1904,0.1904
rodrigo_aguirre__uru,Rodrigo Aguirre,URU,FWD,ukendt,Ukendt,14,7,0,3,0,0,3,3.5,1.75,0.0,0.75,0.5,0.0,0.214,0.5,0.0,0.214,0.45,0.225,0.225
rodrigo_bentancur__uru,Rodrigo Bentancur,URU,MID,ukendt,Ukendt,99,63,0,24,13,0,4,24.75,15.75,0.0,6.0,0.636,0.0,0.242,0.636,0.0,0.242,0.45,0.2862,0.2862
rodrigo_de_paul__arg,Rodrigo de Paul,ARG,MID,ukendt,Ukendt,93,74,0,4,0,0,3,23.25,18.5,0.0,1.0,0.796,0.0,0.043,0.796,0.0,0.043,0.45,0.3582,0.3582
roger_ibanez__bra,Roger Ibanez,BRA,DEF,ukendt,Ukendt,43,2,0,33,0,0,33,10.75,0.5,0.0,8.25,0.047,0.0,0.767,0.047,0.0,0.767,0.45,0.0212,0.0212
romano_schmid__aut,Romano Schmid,AUT,MID,ukendt,Ukendt,41,21,0,3,0,0,3,10.25,5.25,0.0,0.75,0.512,0.0,0.073,0.512,0.0,0.073,0.45,0.2304,0.2304
romelu_lukaku__bel,Romelu Lukaku,BEL,FWD,ukendt,Ukendt,188,97,0,47,20,0,27,47.0,24.25,0.0,11.75,0.516,0.0,0.25,0.516,0.0,0.25,0.45,0.2322,0.2322
ronald_ara_jo__uru,Ronald Araujo,URU,DEF,ukendt,Ukendt,69,25,0,30,22,0,8,17.25,6.25,0.0,7.5,0.362,0.0,0.435,0.362,0.0,0.435,0.45,0.1629,0.1629
ronaldo_mart_nez__par,Ronaldo Martinez,PAR,FWD,ukendt,Ukendt,6,3,0,0,0,0,0,1.5,0.75,0.0,0.0,0.5,0.0,0.0,0.5,0.0,0.0,0.45,0.225,0.225
ronwen_williams__rsa,Ronwen Williams,RSA,GK,ukendt,Ukendt,133,60,0,55,3,0,52,33.25,15.0,0.0,13.75,0.451,0.0,0.414,0.451,0.0,0.414,0.45,0.203,0.203
roony_bardghji__swe,Roony Bardghji,SWE,MID,ukendt,Ukendt,5,1,0,0,0,0,0,1.25,0.25,0.0,0.0,0.2,0.0,0.0,0.2,0.0,0.0,0.45,0.09,0.09
roshon_van_eijma__cuw,Roshon van Eijma,CUW,DEF,ukendt,Ukendt,53,22,0,16,1,0,15,13.25,5.5,0.0,4.0,0.415,0.0,0.302,0.415,0.0,0.302,0.45,0.1868,0.1868
ross_stewart__sco,Ross Stewart,SCO,FWD,ukendt,Ukendt,44,0,0,40,24,0,16,11.0,0.0,0.0,10.0,0.0,0.0,0.909,0.0,0.0,0.909,0.45,0.0,0.0
r_ben_dias__por,Ruben Dias,POR,DEF,ukendt,Ukendt,99,72,0,12,10,0,2,24.75,18.0,0.0,3.0,0.727,0.0,0.121,0.727,0.0,0.121,0.45,0.3272,0.3272
r_ben_neves__por,Ruben Neves,POR,MID,ukendt,Ukendt,135,35,0,47,4,0,42,33.75,8.75,0.0,11.75,0.259,0.0,0.348,0.259,0.0,0.348,0.45,0.1166,0.1166
ruben_providence__hai,Ruben Providence,HAI,FWD,ukendt,Ukendt,15,8,0,0,0,0,0,3.75,2.0,0.0,0.0,0.533,0.0,0.0,0.533,0.0,0.0,0.45,0.2398,0.2398
ruben_vargas__sui,Ruben Vargas,SUI,FWD,ukendt,Ukendt,81,45,0,15,11,0,4,20.25,11.25,0.0,3.75,0.556,0.0,0.185,0.556,0.0,0.185,0.45,0.2502,0.2502
rui_silva__por,Rui Silva,POR,GK,ukendt,Ukendt,76,2,0,37,0,0,37,19.0,0.5,0.0,9.25,0.026,0.0,0.487,0.026,0.0,0.487,0.45,0.0117,0.0117
rustam_ashurmatov__uzb,Rustam Ashurmatov,UZB,DEF,ukendt,Ukendt,103,43,0,38,4,0,33,25.75,10.75,0.0,9.5,0.417,0.0,0.369,0.417,0.0,0.369,0.45,0.1876,0.1876
ryan_christie__sco,Ryan Christie,SCO,MID,ukendt,Ukendt,90,45,0,16,7,0,9,22.5,11.25,0.0,4.0,0.5,0.0,0.178,0.5,0.0,0.178,0.45,0.225,0.225
ryan_gravenberch__ned,Ryan Gravenberch,NED,MID,ukendt,Ukendt,70,15,0,24,6,0,18,17.5,3.75,0.0,6.0,0.214,0.0,0.343,0.214,0.0,0.343,0.45,0.0963,0.0963
ryan_thomas__nzl,Ryan Thomas,NZL,MID,ukendt,Ukendt,82,23,0,57,26,0,31,20.5,5.75,0.0,14.25,0.28,0.0,0.695,0.28,0.0,0.695,0.45,0.126,0.126
sabri_ben_hessen__tun,Sabri Ben Hessen,TUN,GK,ukendt,Ukendt,16,1,0,8,0,0,8,4.0,0.25,0.0,2.0,0.062,0.0,0.5,0.062,0.0,0.5,0.45,0.0279,0.0279
sadio_man__sen,Sadio Mane,SEN,FWD,ukendt,Ukendt,165,116,0,36,16,0,19,41.25,29.0,0.0,9.0,0.703,0.0,0.218,0.703,0.0,0.218,0.45,0.3163,0.3163
saleem_obaid__jor,Saleem Obaid,JOR,DEF,ukendt,Ukendt,93,6,0,74,0,0,74,23.25,1.5,0.0,18.5,0.065,0.0,0.796,0.065,0.0,0.796,0.45,0.0292,0.0292
salem_al_dawsari__ksa,Salem Al-Dawsari,KSA,MID,ukendt,Ukendt,184,95,0,75,22,0,50,46.0,23.75,0.0,18.75,0.516,0.0,0.408,0.516,0.0,0.408,0.45,0.2322,0.2322
salih_ozcan__tur,Salih Özcan,TUR,MID,ukendt,Ukendt,47,15,0,10,4,0,6,11.75,3.75,0.0,2.5,0.319,0.0,0.213,0.319,0.0,0.213,0.45,0.1436,0.1436
saman_ghoddos__irn,Saman Ghoddos,IRN,MID,ukendt,Ukendt,99,44,0,27,3,0,19,24.75,11.0,0.0,6.75,0.444,0.0,0.273,0.444,0.0,0.273,0.45,0.1998,0.1998
samed_ba_dar__bih,Samed Bazdar,BIH,FWD,ukendt,Ukendt,15,4,0,0,0,0,0,3.75,1.0,0.0,0.0,0.267,0.0,0.0,0.267,0.0,0.0,0.45,0.1202,0.1202
samet_akaydin__tur,Samet Akaydin,TUR,DEF,ukendt,Ukendt,40,14,0,3,0,0,2,10.0,3.5,0.0,0.75,0.35,0.0,0.075,0.35,0.0,0.075,0.45,0.1575,0.1575
samu_costa__por,Samu Costa,POR,MID,ukendt,Ukendt,16,2,0,11,0,0,11,4.0,0.5,0.0,2.75,0.125,0.0,0.688,0.125,0.0,0.688,0.45,0.0562,0.0562
samuel_aghehowa__esp,Samuel Aghehowa,ESP,FWD,ukendt,Ukendt,12,1,0,3,0,0,3,3.0,0.25,0.0,0.75,0.083,0.0,0.25,0.083,0.0,0.25,0.45,0.0374,0.0374
samuel_moutoussamy__cod,Samuel Moutoussamy,COD,MID,ukendt,Ukendt,82,52,0,21,0,0,21,20.5,13.0,0.0,5.25,0.634,0.0,0.256,0.634,0.0,0.256,0.45,0.2853,0.2853
samukele_kabini__rsa,Samukele Kabini,RSA,DEF,ukendt,Ukendt,18,5,0,4,0,0,4,4.5,1.25,0.0,1.0,0.278,0.0,0.222,0.278,0.0,0.222,0.45,0.1251,0.1251
sander_berge__nor,Sander Berge,NOR,MID,ukendt,Ukendt,91,57,0,23,15,0,8,22.75,14.25,0.0,5.75,0.626,0.0,0.253,0.626,0.0,0.253,0.45,0.2817,0.2817
sander_tangvik__nor,Sander Tangvik,NOR,GK,ukendt,Ukendt,3,0,0,0,0,0,0,0.75,0.0,0.0,0.0,0.0,0.0,0.0,0.0,0.0,0.0,0.45,0.0,0.0
santiago_arias__col,Santiago Arias,COL,DEF,ukendt,Ukendt,151,55,0,58,24,0,34,37.75,13.75,0.0,14.5,0.364,0.0,0.384,0.364,0.0,0.384,0.45,0.1638,0.1638
santiago_bueno__uru,Santiago Bueno,URU,DEF,ukendt,Ukendt,38,6,0,19,4,0,15,9.5,1.5,0.0,4.75,0.158,0.0,0.5,0.158,0.0,0.5,0.45,0.0711,0.0711
santiago_mele__uru,Santiago Mele,URU,GK,ukendt,Ukendt,38,7,0,4,0,0,4,9.5,1.75,0.0,1.0,0.184,0.0,0.105,0.184,0.0,0.105,0.45,0.0828,0.0828
sarpreet_singh__nzl,Sarpreet Singh,NZL,MID,ukendt,Ukendt,53,24,0,25,8,0,17,13.25,6.0,0.0,6.25,0.453,0.0,0.472,0.453,0.0,0.472,0.45,0.2038,0.2038
saud_abdulhamid__ksa,Saud Abdulhamid,KSA,DEF,ukendt,Ukendt,94,36,0,24,1,0,23,23.5,9.0,0.0,6.0,0.383,0.0,0.255,0.383,0.0,0.255,0.45,0.1724,0.1724
scott_mckenna__sco,Scott McKenna,SCO,DEF,ukendt,Ukendt,89,34,0,21,12,0,9,22.25,8.5,0.0,5.25,0.382,0.0,0.236,0.382,0.0,0.236,0.45,0.1719,0.1719
scott_mctominay__sco,Scott McTominay,SCO,MID,ukendt,Ukendt,89,60,0,16,9,0,6,22.25,15.0,0.0,4.0,0.674,0.0,0.18,0.674,0.0,0.18,0.45,0.3033,0.3033
sead_kolasinac__bih,Sead Kolasinac,BIH,DEF,ukendt,Ukendt,120,59,0,48,25,0,22,30.0,14.75,0.0,12.0,0.492,0.0,0.4,0.492,0.0,0.4,0.45,0.2214,0.2214
sebastian_berhalter__usa,Sebastian Berhalter,USA,MID,ukendt,Ukendt,17,10,0,2,0,0,2,4.25,2.5,0.0,0.5,0.588,0.0,0.118,0.588,0.0,0.118,0.45,0.2646,0.2646
sebastian_tounekti__tun,Sebastian Tounekti,TUN,MID,ukendt,Ukendt,81,3,0,64,0,0,64,20.25,0.75,0.0,16.0,0.037,0.0,0.79,0.037,0.0,0.79,0.45,0.0166,0.0166
seko_fofana__civ,Seko Fofana,CIV,MID,ukendt,Ukendt,101,26,0,62,4,0,58,25.25,6.5,0.0,15.5,0.257,0.0,0.614,0.257,0.0,0.614,0.45,0.1156,0.1156
senne_lammens__bel,Senne Lammens,BEL,GK,ukendt,Ukendt,13,2,0,4,0,0,4,3.25,0.5,0.0,1.0,0.154,0.0,0.308,0.154,0.0,0.308,0.45,0.0693,0.0693
serge_gnabry__ger,Serge Gnabry,GER,FWD,ukendt,Ukendt,114,48,0,52,28,0,24,28.5,12.0,0.0,13.0,0.421,0.0,0.456,0.421,0.0,0.456,0.45,0.1894,0.1894
sergino_dest__usa,Sergino Dest,USA,DEF,ukendt,Ukendt,101,36,0,59,24,0,35,25.25,9.0,0.0,14.75,0.356,0.0,0.584,0.356,0.0,0.584,0.45,0.1602,0.1602
sergio_rochet__uru,Sergio Rochet,URU,GK,ukendt,Ukendt,65,35,0,12,8,0,4,16.25,8.75,0.0,3.0,0.538,0.0,0.185,0.538,0.0,0.185,0.45,0.2421,0.2421
kim_seung_gyu__kor,Seung-Gyu Kim,KOR,GK,ukendt,Ukendt,178,85,0,39,18,0,20,44.5,21.25,0.0,9.75,0.478,0.0,0.219,0.478,0.0,0.219,0.45,0.2151,0.2151
paik_seung_ho__kor,Seung-Ho Paik,KOR,MID,ukendt,Ukendt,88,18,0,42,4,0,34,22.0,4.5,0.0,10.5,0.205,0.0,0.477,0.205,0.0,0.477,0.45,0.0922,0.0922
shahriar_moghanlou__irn,Shahriar Moghanlou,IRN,FWD,ukendt,Ukendt,43,6,0,18,2,0,16,10.75,1.5,0.0,4.5,0.14,0.0,0.419,0.14,0.0,0.419,0.45,0.063,0.063
shehab_ellethy__qat,Shehab Ellethy,QAT,GK,ukendt,Ukendt,28,1,0,14,0,0,14,7.0,0.25,0.0,3.5,0.036,0.0,0.5,0.036,0.0,0.5,0.45,0.0162,0.0162
sherel_floranus__cuw,Sherel Floranus,CUW,DEF,ukendt,Ukendt,32,26,0,6,1,0,5,8.0,6.5,0.0,1.5,0.812,0.0,0.188,0.812,0.0,0.188,0.45,0.3654,0.3654
sherzod_nasrullayev__uzb,Sherzod Nasrullaev,UZB,DEF,ukendt,Ukendt,53,30,0,10,3,0,7,13.25,7.5,0.0,2.5,0.566,0.0,0.189,0.566,0.0,0.189,0.45,0.2547,0.2547
shogo_taniguchi__jpn,Shogo Taniguchi,JPN,DEF,ukendt,Ukendt,147,30,0,89,6,0,83,36.75,7.5,0.0,22.25,0.204,0.0,0.605,0.204,0.0,0.605,0.45,0.0918,0.0918
shurandy_sambo__cuw,Shurandy Sambo,CUW,DEF,ukendt,Ukendt,9,7,0,0,0,0,0,2.25,1.75,0.0,0.0,0.778,0.0,0.0,0.778,0.0,0.0,0.45,0.3501,0.3501
sidny_lopes_cabral__cpv,Sidny Lopes Cabral,CPV,DEF,ukendt,Ukendt,33,5,0,21,0,0,21,8.25,1.25,0.0,5.25,0.152,0.0,0.636,0.152,0.0,0.636,0.45,0.0684,0.0684
silvan_widmer__sui,Silvan Widmer,SUI,DEF,ukendt,Ukendt,136,44,0,54,11,0,42,34.0,11.0,0.0,13.5,0.324,0.0,0.397,0.324,0.0,0.397,0.45,0.1458,0.1458
simon_adingra__civ,Simon Adingra,CIV,FWD,ukendt,Ukendt,43,16,0,11,3,0,8,10.75,4.0,0.0,2.75,0.372,0.0,0.256,0.372,0.0,0.256,0.45,0.1674,0.1674
simon_banza__cod,Simon Banza,COD,FWD,ukendt,Ukendt,43,8,0,14,0,0,14,10.75,2.0,0.0,3.5,0.186,0.0,0.326,0.186,0.0,0.326,0.45,0.0837,0.0837
sipho_chaine__rsa,Sipho Chaine,RSA,GK,ukendt,Ukendt,26,2,0,7,0,0,7,6.5,0.5,0.0,1.75,0.077,0.0,0.269,0.077,0.0,0.269,0.45,0.0346,0.0346
sofyan_amrabat__mar,Sofyan Amrabat,MAR,MID,ukendt,Ukendt,148,62,0,58,7,0,50,37.0,15.5,0.0,14.5,0.419,0.0,0.392,0.419,0.0,0.392,0.45,0.1886,0.1886
sohaib_nair__alg,Sohaib Nair,ALG,DEF,ukendt,Ukendt,4,0,0,0,0,0,0,1.0,0.0,0.0,0.0,0.0,0.0,0.0,0.0,0.0,0.0,0.45,0.0,0.0
sondre_langas__nor,Sondre Langås,NOR,DEF,ukendt,Ukendt,19,0,0,9,8,0,1,4.75,0.0,0.0,2.25,0.0,0.0,0.474,0.0,0.0,0.474,0.45,0.0,0.0
sontje_hansen__cuw,Sontje Hansen,CUW,FWD,ukendt,Ukendt,7,4,0,0,0,0,0,1.75,1.0,0.0,0.0,0.571,0.0,0.0,0.571,0.0,0.0,0.45,0.257,0.257
souffian_el_karouani__mar,Souffian El Karouani,MAR,DEF,ukendt,Ukendt,86,3,0,74,0,0,74,21.5,0.75,0.0,18.5,0.035,0.0,0.86,0.035,0.0,0.86,0.45,0.0158,0.0158
stefan_posch__aut,Stefan Posch,AUT,DEF,ukendt,Ukendt,81,36,0,15,7,0,7,20.25,9.0,0.0,3.75,0.444,0.0,0.185,0.444,0.0,0.185,0.45,0.1998,0.1998
stefan_de_vrij__ned,Stefan de Vrij,NED,DEF,ukendt,Ukendt,161,68,0,51,30,0,21,40.25,17.0,0.0,12.75,0.422,0.0,0.317,0.422,0.0,0.317,0.45,0.1899,0.1899
stepan_chaloupek__cze,Stepan Chaloupek,CZE,DEF,ukendt,Ukendt,6,4,0,0,0,0,0,1.5,1.0,0.0,0.0,0.667,0.0,0.0,0.667,0.0,0.0,0.45,0.3002,0.3002
steve_kapuadi__cod,Steve Kapuadi,COD,DEF,ukendt,Ukendt,20,2,0,5,0,0,5,5.0,0.5,0.0,1.25,0.1,0.0,0.25,0.1,0.0,0.25,0.45,0.045,0.045
steven_moreira__cpv,Steven Moreira,CPV,DEF,ukendt,Ukendt,33,17,0,13,2,0,11,8.25,4.25,0.0,3.25,0.515,0.0,0.394,0.515,0.0,0.394,0.45,0.2318,0.2318
stjepan_radeljic__bih,Stjepan Radeljic,BIH,DEF,ukendt,Ukendt,21,5,0,11,0,0,11,5.25,1.25,0.0,2.75,0.238,0.0,0.524,0.238,0.0,0.524,0.45,0.1071,0.1071
stopira__cpv,Stopira,CPV,DEF,ukendt,Ukendt,136,52,0,60,6,0,54,34.0,13.0,0.0,15.0,0.382,0.0,0.441,0.382,0.0,0.441,0.45,0.1719,0.1719
sultan_al_brake__qat,Sultan Al-Brake,QAT,DEF,ukendt,Ukendt,126,8,0,80,3,0,77,31.5,2.0,0.0,20.0,0.063,0.0,0.635,0.063,0.0,0.635,0.45,0.0284,0.0284
tae_hyeon_kim__kor,Tae-Hyeon Kim,KOR,DEF,ukendt,Ukendt,13,5,0,2,0,0,2,3.25,1.25,0.0,0.5,0.385,0.0,0.154,0.385,0.0,0.154,0.45,0.1733,0.1733
tae_seok_lee__kor,Tae-Seok Lee,KOR,DEF,ukendt,Ukendt,19,11,0,1,0,0,1,4.75,2.75,0.0,0.25,0.579,0.0,0.053,0.579,0.0,0.053,0.45,0.2606,0.2606
taha_abdi_ali__swe,Taha Abdi Ali,SWE,MID,ukendt,Ukendt,25,1,0,20,0,0,20,6.25,0.25,0.0,5.0,0.04,0.0,0.8,0.04,0.0,0.8,0.45,0.018,0.018
tahith_chong__cuw,Tahith Chong,CUW,MID,ukendt,Ukendt,9,3,0,4,4,0,0,2.25,0.75,0.0,1.0,0.333,0.0,0.444,0.333,0.0,0.444,0.45,0.1498,0.1498
tajon_buchanan__can,Tajon Buchanan,CAN,MID,ukendt,Ukendt,75,44,0,16,7,0,9,18.75,11.0,0.0,4.0,0.587,0.0,0.213,0.587,0.0,0.213,0.45,0.2642,0.2642
takefusa_kubo__jpn,Takefusa Kubo,JPN,MID,ukendt,Ukendt,89,31,0,27,6,0,21,22.25,7.75,0.0,6.75,0.348,0.0,0.303,0.348,0.0,0.303,0.45,0.1566,0.1566
takehiro_tomiyasu__jpn,Takehiro Tomiyasu,JPN,DEF,ukendt,Ukendt,104,38,0,54,28,0,25,26.0,9.5,0.0,13.5,0.365,0.0,0.519,0.365,0.0,0.519,0.45,0.1642,0.1642
takumi_minamino__jpn,Takumi Minamino,JPN,MID,ukendt,Ukendt,137,53,0,57,5,0,52,34.25,13.25,0.0,14.25,0.387,0.0,0.416,0.387,0.0,0.416,0.45,0.1742,0.1742
tani_oluwaseyi__can,Tani Oluwaseyi,CAN,FWD,ukendt,Ukendt,31,12,0,1,0,0,1,7.75,3.0,0.0,0.25,0.387,0.0,0.032,0.387,0.0,0.032,0.45,0.1742,0.1742
tanner_tessmann__usa,Tanner Tessmann,USA,MID,ukendt,Ukendt,90,6,0,75,0,0,75,22.5,1.5,0.0,18.75,0.067,0.0,0.833,0.067,0.0,0.833,0.45,0.0302,0.0302
tarek_alaa__egy,Tarek Alaa,EGY,DEF,ukendt,Ukendt,8,2,0,0,0,0,0,2.0,0.5,0.0,0.0,0.25,0.0,0.0,0.25,0.0,0.0,0.45,0.1125,0.1125
tarek_salman__qat,Tarek Salman,QAT,DEF,ukendt,Ukendt,129,77,0,11,0,0,10,32.25,19.25,0.0,2.75,0.597,0.0,0.085,0.597,0.0,0.085,0.45,0.2686,0.2686
tarik_muharemovic__bih,Tarik Muharemovic,BIH,DEF,ukendt,Ukendt,21,9,0,5,0,0,5,5.25,2.25,0.0,1.25,0.429,0.0,0.238,0.429,0.0,0.238,0.45,0.193,0.193
teboho_mokoena__rsa,Teboho Mokoena,RSA,MID,ukendt,Ukendt,82,47,0,23,0,0,23,20.5,11.75,0.0,5.75,0.573,0.0,0.28,0.573,0.0,0.28,0.45,0.2578,0.2578
telmo_arcanjo__cpv,Telmo Arcanjo,CPV,MID,ukendt,Ukendt,57,9,0,36,17,0,19,14.25,2.25,0.0,9.0,0.158,0.0,0.632,0.158,0.0,0.632,0.45,0.0711,0.0711
teun_koopmeiners__ned,Teun Koopmeiners,NED,MID,ukendt,Ukendt,74,12,0,30,15,0,14,18.5,3.0,0.0,7.5,0.162,0.0,0.405,0.162,0.0,0.405,0.45,0.0729,0.0729
thabang_matuludi__rsa,Thabang Matuludi,RSA,DEF,ukendt,Ukendt,10,1,0,0,0,0,0,2.5,0.25,0.0,0.0,0.1,0.0,0.0,0.1,0.0,0.0,0.45,0.045,0.045
thalente_mbatha__rsa,Thalente Mbatha,RSA,MID,ukendt,Ukendt,26,6,0,7,0,0,7,6.5,1.5,0.0,1.75,0.231,0.0,0.269,0.231,0.0,0.269,0.45,0.104,0.104
thapelo_maseko__rsa,Thapelo Maseko,RSA,FWD,ukendt,Ukendt,38,1,0,29,6,0,23,9.5,0.25,0.0,7.25,0.026,0.0,0.763,0.026,0.0,0.763,0.45,0.0117,0.0117
thapelo_morena__rsa,Thapelo Morena,RSA,FWD,ukendt,Ukendt,110,24,0,73,4,0,69,27.5,6.0,0.0,18.25,0.218,0.0,0.664,0.218,0.0,0.664,0.45,0.0981,0.0981
thelo_aasgaard__nor,Thelo Aasgaard,NOR,MID,ukendt,Ukendt,13,2,0,3,0,0,3,3.25,0.5,0.0,0.75,0.154,0.0,0.231,0.154,0.0,0.231,0.45,0.0693,0.0693
themba_zwane__rsa,Themba Zwane,RSA,MID,ukendt,Ukendt,126,45,0,59,7,0,52,31.5,11.25,0.0,14.75,0.357,0.0,0.468,0.357,0.0,0.468,0.45,0.1606,0.1606
theo_bongonda__cod,Theo Bongonda,COD,MID,ukendt,Ukendt,60,27,0,17,7,0,10,15.0,6.75,0.0,4.25,0.45,0.0,0.283,0.45,0.0,0.283,0.45,0.2025,0.2025
theo_hern_ndez__fra,Theo Hernandez,FRA,DEF,ukendt,Ukendt,61,42,0,2,2,0,0,15.25,10.5,0.0,0.5,0.689,0.0,0.033,0.689,0.0,0.033,0.45,0.31,0.31
thiago_almada__arg,Thiago Almada,ARG,MID,ukendt,Ukendt,48,9,0,24,1,0,21,12.0,2.25,0.0,6.0,0.188,0.0,0.5,0.188,0.0,0.5,0.45,0.0846,0.0846
thibaut_courtois__bel,Thibaut Courtois,BEL,GK,ukendt,Ukendt,176,108,0,53,28,0,25,44.0,27.0,0.0,13.25,0.614,0.0,0.301,0.614,0.0,0.301,0.45,0.2763,0.2763
thomas_meunier__bel,Thomas Meunier,BEL,DEF,ukendt,Ukendt,151,64,0,61,25,0,34,37.75,16.0,0.0,15.25,0.424,0.0,0.404,0.424,0.0,0.404,0.45,0.1908,0.1908
thomas_partey__gha,Thomas Partey,GHA,MID,ukendt,Ukendt,102,55,0,39,16,0,23,25.5,13.75,0.0,9.75,0.539,0.0,0.382,0.539,0.0,0.382,0.45,0.2426,0.2426
tijjani_reijnders__ned,Tijjani Reijnders,NED,MID,ukendt,Ukendt,35,26,0,1,0,0,0,8.75,6.5,0.0,0.25,0.743,0.0,0.029,0.743,0.0,0.029,0.45,0.3344,0.3344
tim_payne__nzl,Tim Payne,NZL,DEF,ukendt,Ukendt,101,37,0,44,11,0,33,25.25,9.25,0.0,11.0,0.366,0.0,0.436,0.366,0.0,0.436,0.45,0.1647,0.1647
tim_ream__usa,Tim Ream,USA,DEF,ukendt,Ukendt,252,70,0,137,2,0,135,63.0,17.5,0.0,34.25,0.278,0.0,0.544,0.278,0.0,0.544,0.45,0.1251,0.1251
timothy_castagne__bel,Timothy Castagne,BEL,DEF,ukendt,Ukendt,90,54,0,14,11,0,2,22.5,13.5,0.0,3.5,0.6,0.0,0.156,0.6,0.0,0.156,0.45,0.27,0.27
timothy_fayulu__cod,Timothy Fayulu,COD,GK,ukendt,Ukendt,33,2,0,6,0,0,6,8.25,0.5,0.0,1.5,0.061,0.0,0.182,0.061,0.0,0.182,0.45,0.0274,0.0274
timothy_weah__usa,Timothy Weah,USA,FWD,ukendt,Ukendt,123,43,0,68,16,0,50,30.75,10.75,0.0,17.0,0.35,0.0,0.553,0.35,0.0,0.553,0.45,0.1575,0.1575
tom_s_ara_jo__por,Tomas Araujo,POR,DEF,ukendt,Ukendt,14,2,0,10,2,0,8,3.5,0.5,0.0,2.5,0.143,0.0,0.714,0.143,0.0,0.714,0.45,0.0643,0.0643
tomas_chory__cze,Tomas Chory,CZE,FWD,ukendt,Ukendt,29,11,0,3,0,0,0,7.25,2.75,0.0,0.75,0.379,0.0,0.103,0.379,0.0,0.103,0.45,0.1706,0.1706
tomas_holes__cze,Tomas Holes,CZE,DEF,ukendt,Ukendt,71,34,0,23,14,0,9,17.75,8.5,0.0,5.75,0.479,0.0,0.324,0.479,0.0,0.324,0.45,0.2156,0.2156
tomas_soucek__cze,Tomas Soucek,CZE,MID,ukendt,Ukendt,103,83,0,7,2,0,3,25.75,20.75,0.0,1.75,0.806,0.0,0.068,0.806,0.0,0.068,0.45,0.3627,0.3627
tommy_smith__nzl,Tommy Smith,NZL,DEF,ukendt,Ukendt,3,1,0,1,0,0,1,0.75,0.25,0.0,0.25,0.333,0.0,0.333,0.333,0.0,0.333,0.45,0.1498,0.1498
tomoki_hayakawa__jpn,Tomoki Hayakawa,JPN,GK,ukendt,Ukendt,12,3,0,0,0,0,0,3.0,0.75,0.0,0.0,0.25,0.0,0.0,0.25,0.0,0.0,0.45,0.1125,0.1125
toni_fruk__cro,Toni Fruk,CRO,MID,ukendt,Ukendt,13,2,0,1,0,0,1,3.25,0.5,0.0,0.25,0.154,0.0,0.077,0.154,0.0,0.077,0.45,0.0693,0.0693
torbjorn_heggem__nor,Torbjørn Heggem,NOR,DEF,ukendt,Ukendt,17,10,0,0,0,0,0,4.25,2.5,0.0,0.0,0.588,0.0,0.0,0.588,0.0,0.0,0.45,0.2646,0.2646
trent_alexander_arnold__eng,Trent Alexander-Arnold,ENG,DEF,ukendt,Ukendt,95,26,0,33,25,0,8,23.75,6.5,0.0,8.25,0.274,0.0,0.347,0.274,0.0,0.347,0.45,0.1233,0.1233
trevor_doornbusch__cuw,Trevor Doornbusch,CUW,GK,ukendt,Ukendt,32,6,0,3,0,0,3,8.0,1.5,0.0,0.75,0.188,0.0,0.094,0.188,0.0,0.094,0.45,0.0846,0.0846
tshepang_moremi__rsa,Tshepang Moremi,RSA,FWD,ukendt,Ukendt,18,7,0,6,0,0,6,4.5,1.75,0.0,1.5,0.389,0.0,0.333,0.389,0.0,0.333,0.45,0.175,0.175
tsuyoshi_watanabe__jpn,Tsuyoshi Watanabe,JPN,DEF,ukendt,Ukendt,79,8,0,60,0,0,60,19.75,2.0,0.0,15.0,0.101,0.0,0.759,0.101,0.0,0.759,0.45,0.0455,0.0455
tyler_adams__usa,Tyler Adams,USA,MID,ukendt,Ukendt,125,46,0,70,24,0,46,31.25,11.5,0.0,17.5,0.368,0.0,0.56,0.368,0.0,0.56,0.45,0.1656,0.1656
tyler_bindon__nzl,Tyler Bindon,NZL,DEF,ukendt,Ukendt,29,19,0,2,1,0,1,7.25,4.75,0.0,0.5,0.655,0.0,0.069,0.655,0.0,0.069,0.45,0.2948,0.2948
tyrese_noslin__cuw,Tyrese Noslin,CUW,MID,ukendt,Ukendt,9,0,0,0,0,0,0,2.25,0.0,0.0,0.0,0.0,0.0,0.0,0.0,0.0,0.0,0.45,0.0,0.0
tyrick_bodak__cuw,Tyrick Bodak,CUW,GK,ukendt,Ukendt,45,4,0,14,0,0,14,11.25,1.0,0.0,3.5,0.089,0.0,0.311,0.089,0.0,0.311,0.45,0.04,0.04
ugurcan_cakir__tur,Ugurcan Cakir,TUR,GK,ukendt,Ukendt,84,38,0,5,1,0,4,21.0,9.5,0.0,1.25,0.452,0.0,0.06,0.452,0.0,0.06,0.45,0.2034,0.2034
umar_eshmurodov__uzb,Umar Eshmurodov,UZB,DEF,ukendt,Ukendt,68,36,0,17,0,0,17,17.0,9.0,0.0,4.25,0.529,0.0,0.25,0.529,0.0,0.25,0.45,0.238,0.238
umarali_rakhmonaliyev__uzb,Umarali Rakhmonaliyev,UZB,MID,ukendt,Ukendt,3,0,0,1,0,0,1,0.75,0.0,0.0,0.25,0.0,0.0,0.333,0.0,0.0,0.333,0.45,0.0,0.0
unai_sim_n__esp,Unai Simon,ESP,GK,ukendt,Ukendt,80,57,0,10,7,0,3,20.0,14.25,0.0,2.5,0.712,0.0,0.125,0.712,0.0,0.125,0.45,0.3204,0.3204
utkir_yusupov__uzb,Utkir Yusupov,UZB,GK,ukendt,Ukendt,88,44,0,28,4,0,24,22.0,11.0,0.0,7.0,0.5,0.0,0.318,0.5,0.0,0.318,0.45,0.225,0.225
valentino_livramento__eng,Valentino Livramento,ENG,DEF,ukendt,Ukendt,18,3,0,7,4,0,3,4.5,0.75,0.0,1.75,0.167,0.0,0.389,0.167,0.0,0.389,0.45,0.0752,0.0752
victor_lindel_f__swe,Victor Lindelöf,SWE,DEF,ukendt,Ukendt,126,73,0,38,4,0,34,31.5,18.25,0.0,9.5,0.579,0.0,0.302,0.579,0.0,0.302,0.45,0.2606,0.2606
victor_munoz__esp,Victor Munoz,ESP,FWD,ukendt,Ukendt,4,0,0,2,0,0,2,1.0,0.0,0.0,0.5,0.0,0.0,0.5,0.0,0.0,0.5,0.45,0.0,0.0
viktor_gyokeres__swe,Viktor Gyökeres,SWE,FWD,ukendt,Ukendt,85,24,0,49,4,0,45,21.25,6.0,0.0,12.25,0.282,0.0,0.576,0.282,0.0,0.576,0.45,0.1269,0.1269
viktor_johansson__swe,Viktor Johansson,SWE,GK,ukendt,Ukendt,35,11,0,4,2,0,2,8.75,2.75,0.0,1.0,0.314,0.0,0.114,0.314,0.0,0.114,0.45,0.1413,0.1413
vinicius_j_nior__bra,Vinicius Junior,BRA,FWD,ukendt,Ukendt,75,38,0,16,4,0,9,18.75,9.5,0.0,4.0,0.507,0.0,0.213,0.507,0.0,0.213,0.45,0.2282,0.2282
virgil_van_dijk__ned,Virgil van Dijk,NED,DEF,ukendt,Ukendt,133,90,0,34,24,0,9,33.25,22.5,0.0,8.5,0.677,0.0,0.256,0.677,0.0,0.256,0.45,0.3047,0.3047
vitinha__por,Vitinha,POR,MID,ukendt,Ukendt,52,23,0,4,3,0,1,13.0,5.75,0.0,1.0,0.442,0.0,0.077,0.442,0.0,0.077,0.45,0.1989,0.1989
vladimir_coufal__cze,Vladimir Coufal,CZE,DEF,ukendt,Ukendt,94,62,0,17,7,0,9,23.5,15.5,0.0,4.25,0.66,0.0,0.181,0.66,0.0,0.181,0.45,0.297,0.297
vladimir_darida__cze,Vladimir Darida,CZE,MID,ukendt,Ukendt,155,65,0,71,15,0,55,38.75,16.25,0.0,17.75,0.419,0.0,0.458,0.419,0.0,0.458,0.45,0.1886,0.1886
vozinha__cpv,Vozinha,CPV,GK,ukendt,Ukendt,115,87,0,15,1,0,14,28.75,21.75,0.0,3.75,0.757,0.0,0.13,0.757,0.0,0.13,0.45,0.3406,0.3406
wagner_pina__cpv,Wagner Pina,CPV,DEF,ukendt,Ukendt,23,9,0,3,2,0,1,5.75,2.25,0.0,0.75,0.391,0.0,0.13,0.391,0.0,0.13,0.45,0.176,0.176
waldemar_anton__ger,Waldemar Anton,GER,DEF,ukendt,Ukendt,28,4,0,4,2,0,2,7.0,1.0,0.0,1.0,0.143,0.0,0.143,0.143,0.0,0.143,0.45,0.0643,0.0643
walter_benitez__arg,Walter Benitez,ARG,GK,ukendt,Ukendt,33,1,0,12,0,0,12,8.25,0.25,0.0,3.0,0.03,0.0,0.364,0.03,0.0,0.364,0.45,0.0135,0.0135
warren_za_re_emery__fra,Warren Zaire-Emery,FRA,MID,ukendt,Ukendt,31,5,0,6,2,0,4,7.75,1.25,0.0,1.5,0.161,0.0,0.194,0.161,0.0,0.194,0.45,0.0724,0.0724
wataru_endo__jpn,Wataru Endo,JPN,MID,ukendt,Ukendt,145,61,0,43,8,0,35,36.25,15.25,0.0,10.75,0.421,0.0,0.297,0.421,0.0,0.297,0.45,0.1894,0.1894
weston_mckennie__usa,Weston McKennie,USA,MID,ukendt,Ukendt,125,61,0,57,9,0,45,31.25,15.25,0.0,14.25,0.488,0.0,0.456,0.488,0.0,0.456,0.45,0.2196,0.2196
weverton__bra,Weverton,BRA,GK,ukendt,Ukendt,117,9,0,61,2,0,59,29.25,2.25,0.0,15.25,0.077,0.0,0.521,0.077,0.0,0.521,0.45,0.0346,0.0346
wilfried_stephane_singo__civ,Wilfried Stephane Singo,CIV,DEF,ukendt,Ukendt,67,24,0,28,9,0,19,16.75,6.0,0.0,7.0,0.358,0.0,0.418,0.358,0.0,0.418,0.45,0.1611,0.1611
wilguens_paugain__hai,Wilguens Paugain,HAI,DEF,ukendt,Ukendt,15,0,0,6,2,0,4,3.75,0.0,0.0,1.5,0.0,0.0,0.4,0.0,0.0,0.4,0.45,0.0,0.0
willer_ditta__col,Willer Ditta,COL,DEF,ukendt,Ukendt,35,3,0,27,0,0,27,8.75,0.75,0.0,6.75,0.086,0.0,0.771,0.086,0.0,0.771,0.45,0.0387,0.0387
william_saliba__fra,William Saliba,FRA,DEF,ukendt,Ukendt,54,25,0,12,10,0,2,13.5,6.25,0.0,3.0,0.463,0.0,0.222,0.463,0.0,0.222,0.45,0.2084,0.2084
willian_pacho__ecu,Willian Pacho,ECU,DEF,ukendt,Ukendt,44,34,0,2,0,0,2,11.0,8.5,0.0,0.5,0.773,0.0,0.045,0.773,0.0,0.045,0.45,0.3478,0.3478
willy_semedo__cpv,Willy Semedo,CPV,FWD,ukendt,Ukendt,63,19,0,24,4,0,20,15.75,4.75,0.0,6.0,0.302,0.0,0.381,0.302,0.0,0.381,0.45,0.1359,0.1359
wilson_isidor__hai,Wilson Isidor,HAI,FWD,ukendt,Ukendt,3,2,0,0,0,0,0,0.75,0.5,0.0,0.0,0.667,0.0,0.0,0.667,0.0,0.0,0.45,0.3002,0.3002
woodensky_pierre__hai,Woodensky Pierre,HAI,MID,ukendt,Ukendt,3,0,0,1,0,0,1,0.75,0.0,0.0,0.25,0.0,0.0,0.333,0.0,0.0,0.333,0.45,0.0,0.0
wout_weghorst__ned,Wout Weghorst,NED,FWD,ukendt,Ukendt,96,13,0,31,4,0,27,24.0,3.25,0.0,7.75,0.135,0.0,0.323,0.135,0.0,0.323,0.45,0.0608,0.0608
xaver_schlager__aut,Xaver Schlager,AUT,MID,ukendt,Ukendt,92,42,0,33,26,0,7,23.0,10.5,0.0,8.25,0.457,0.0,0.359,0.457,0.0,0.359,0.45,0.2056,0.2056
yahia_fofana__civ,Yahia Fofana,CIV,GK,ukendt,Ukendt,40,34,0,0,0,0,0,10.0,8.5,0.0,0.0,0.85,0.0,0.0,0.85,0.0,0.0,0.45,0.3825,0.3825
yaimar_medina__ecu,Yaimar Medina,ECU,MID,ukendt,Ukendt,19,1,0,5,0,0,5,4.75,0.25,0.0,1.25,0.053,0.0,0.263,0.053,0.0,0.263,0.45,0.0238,0.0238
yan_diomande__civ,Yan Diomande,CIV,FWD,ukendt,Ukendt,12,8,0,2,2,0,0,3.0,2.0,0.0,0.5,0.667,0.0,0.167,0.667,0.0,0.167,0.45,0.3002,0.3002
yan_valery__tun,Yan Valery,TUN,DEF,ukendt,Ukendt,53,16,0,23,2,0,21,13.25,4.0,0.0,5.75,0.302,0.0,0.434,0.302,0.0,0.434,0.45,0.1359,0.1359
yannick_semedo__cpv,Yannick Semedo,CPV,MID,ukendt,Ukendt,40,8,0,25,0,0,25,10.0,2.0,0.0,6.25,0.2,0.0,0.625,0.2,0.0,0.625,0.45,0.09,0.09
yasin_ayari__swe,Yasin Ayari,SWE,MID,ukendt,Ukendt,37,19,0,13,0,0,13,9.25,4.75,0.0,3.25,0.514,0.0,0.351,0.514,0.0,0.351,0.45,0.2313,0.2313
yassin_fortune__hai,Yassin Fortune,HAI,FWD,ukendt,Ukendt,9,2,0,4,0,0,4,2.25,0.5,0.0,1.0,0.222,0.0,0.444,0.222,0.0,0.444,0.45,0.0999,0.0999
yassine_titraoui__alg,Yassine Titraoui,ALG,MID,ukendt,Ukendt,78,1,0,69,0,0,65,19.5,0.25,0.0,17.25,0.013,0.0,0.885,0.013,0.0,0.885,0.45,0.0058,0.0058
yazan_al_arab__jor,Yazan Al-Arab,JOR,DEF,ukendt,Ukendt,113,67,0,29,3,0,26,28.25,16.75,0.0,7.25,0.593,0.0,0.257,0.593,0.0,0.257,0.45,0.2668,0.2668
yazeed_abulaila__jor,Yazeed Abulaila,JOR,GK,ukendt,Ukendt,127,59,0,45,0,0,45,31.75,14.75,0.0,11.25,0.465,0.0,0.354,0.465,0.0,0.354,0.45,0.2092,0.2092
yehvann_diouf__sen,Yehvann Diouf,SEN,GK,ukendt,Ukendt,26,2,0,7,0,0,7,6.5,0.5,0.0,1.75,0.077,0.0,0.269,0.077,0.0,0.269,0.45,0.0346,0.0346
yeremy_pino__esp,Yeremy Pino,ESP,MID,ukendt,Ukendt,68,7,0,38,10,0,28,17.0,1.75,0.0,9.5,0.103,0.0,0.559,0.103,0.0,0.559,0.45,0.0463,0.0463
yerry_mina__col,Yerry Mina,COL,DEF,ukendt,Ukendt,120,46,0,43,19,0,23,30.0,11.5,0.0,10.75,0.383,0.0,0.358,0.383,0.0,0.358,0.45,0.1724,0.1724
yoane_wissa__cod,Yoane Wissa,COD,FWD,ukendt,Ukendt,78,33,0,41,10,0,31,19.5,8.25,0.0,10.25,0.423,0.0,0.526,0.423,0.0,0.526,0.45,0.1904,0.1904
yoel_barcenas__pan,Yoel Barcenas,PAN,MID,ukendt,Ukendt,181,81,0,77,10,0,67,45.25,20.25,0.0,19.25,0.448,0.0,0.425,0.448,0.0,0.425,0.45,0.2016,0.2016
youcef_atal__alg,Youcef Atal,ALG,DEF,ukendt,Ukendt,125,46,0,57,29,0,28,31.25,11.5,0.0,14.25,0.368,0.0,0.456,0.368,0.0,0.456,0.45,0.1656,0.1656
seol_young_woo__kor,Young-woo Seol,KOR,DEF,ukendt,Ukendt,43,30,0,5,2,0,3,10.75,7.5,0.0,1.25,0.698,0.0,0.116,0.698,0.0,0.116,0.45,0.3141,0.3141
youri_tielemans__bel,Youri Tielemans,BEL,MID,ukendt,Ukendt,117,62,0,13,8,0,4,29.25,15.5,0.0,3.25,0.53,0.0,0.111,0.53,0.0,0.111,0.45,0.2385,0.2385
yousef_abu_al_jazar__jor,Yousef Abu Al-Jazar,JOR,DEF,ukendt,Ukendt,88,3,0,63,0,0,63,22.0,0.75,0.0,15.75,0.034,0.0,0.716,0.034,0.0,0.716,0.45,0.0153,0.0153
yousef_qashi__jor,Yousef Qashi,JOR,MID,ukendt,Ukendt,6,4,0,2,0,0,2,1.5,1.0,0.0,0.5,0.667,0.0,0.333,0.667,0.0,0.333,0.45,0.3002,0.3002
youssef_amyn__irq,Youssef Amyn,IRQ,MID,ukendt,Ukendt,37,13,0,8,1,0,7,9.25,3.25,0.0,2.0,0.351,0.0,0.216,0.351,0.0,0.216,0.45,0.158,0.158
youssef_en_nesyri__mar,Youssef En-Nesyri,MAR,FWD,ukendt,Ukendt,155,58,0,52,9,0,43,38.75,14.5,0.0,13.0,0.374,0.0,0.335,0.374,0.0,0.335,0.45,0.1683,0.1683
yu_min_cho__kor,Yu-Min Cho,KOR,DEF,ukendt,Ukendt,57,15,0,21,3,0,18,14.25,3.75,0.0,5.25,0.263,0.0,0.368,0.263,0.0,0.368,0.45,0.1184,0.1184
yuito_suzuki__jpn,Yuito Suzuki,JPN,FWD,ukendt,Ukendt,24,3,0,16,0,0,16,6.0,0.75,0.0,4.0,0.125,0.0,0.667,0.125,0.0,0.667,0.45,0.0562,0.0562
yukinari_sugawara__jpn,Yukinari Sugawara,JPN,DEF,ukendt,Ukendt,76,14,0,37,5,0,32,19.0,3.5,0.0,9.25,0.184,0.0,0.487,0.184,0.0,0.487,0.45,0.0828,0.0828
yunus_akgun__tur,Yunus Akgün,TUR,FWD,ukendt,Ukendt,46,11,0,19,8,0,11,11.5,2.75,0.0,4.75,0.239,0.0,0.413,0.239,0.0,0.413,0.45,0.1076,0.1076
yuto_nagatomo__jpn,Yuto Nagatomo,JPN,DEF,ukendt,Ukendt,259,139,0,89,19,0,70,64.75,34.75,0.0,22.25,0.537,0.0,0.344,0.537,0.0,0.344,0.45,0.2417,0.2417
yvon_mvogo__sui,Yvon Mvogo,SUI,GK,ukendt,Ukendt,111,12,0,24,7,0,17,27.75,3.0,0.0,6.0,0.108,0.0,0.216,0.108,0.0,0.216,0.45,0.0486,0.0486
zaid_ismail__irq,Zaid Ismail,IRQ,MID,ukendt,Ukendt,7,4,0,0,0,0,0,1.75,1.0,0.0,0.0,0.571,0.0,0.0,0.571,0.0,0.0,0.45,0.257,0.257
zaid_tahseen__irq,Zaid Tahseen,IRQ,DEF,ukendt,Ukendt,52,21,0,16,0,0,15,13.0,5.25,0.0,4.0,0.404,0.0,0.308,0.404,0.0,0.308,0.45,0.1818,0.1818
zakaria_el_ouahdi__mar,Zakaria El Ouahdi,MAR,DEF,ukendt,Ukendt,40,1,0,34,5,0,29,10.0,0.25,0.0,8.5,0.025,0.0,0.85,0.025,0.0,0.85,0.45,0.0113,0.0113
zeki_elik__tur,Zeki Celik,TUR,DEF,ukendt,Ukendt,94,49,0,12,7,0,5,23.5,12.25,0.0,3.0,0.521,0.0,0.128,0.521,0.0,0.128,0.45,0.2344,0.2344
zeno_debast__bel,Zeno Debast,BEL,DEF,ukendt,Ukendt,43,21,0,5,3,0,2,10.75,5.25,0.0,1.25,0.488,0.0,0.116,0.488,0.0,0.116,0.45,0.2196,0.2196
zidane_iqbal__irq,Zidane Iqbal,IRQ,MID,ukendt,Ukendt,57,11,0,28,6,0,21,14.25,2.75,0.0,7.0,0.193,0.0,0.491,0.193,0.0,0.491,0.45,0.0869,0.0869
zineddine_belaid__alg,Zineddine Belaid,ALG,DEF,ukendt,Ukendt,58,12,0,30,0,0,30,14.5,3.0,0.0,7.5,0.207,0.0,0.517,0.207,0.0,0.517,0.45,0.0932,0.0932
zion_suzuki__jpn,Zion Suzuki,JPN,GK,ukendt,Ukendt,52,24,0,21,2,0,19,13.0,6.0,0.0,5.25,0.462,0.0,0.404,0.462,0.0,0.404,0.45,0.2079,0.2079
ziyad_al_johani__ksa,Ziyad Al-Johani,KSA,MID,ukendt,Ukendt,23,8,0,9,0,0,3,5.75,2.0,0.0,2.25,0.348,0.0,0.391,0.348,0.0,0.391,0.45,0.1566,0.1566
rjan_nyland__nor,Ørjan Nyland,NOR,GK,ukendt,Ukendt,126,69,0,22,13,0,9,31.5,17.25,0.0,5.5,0.548,0.0,0.175,0.548,0.0,0.175,0.45,0.2466,0.2466
