player_id,player_name,team_id,position,price_m,tm_player_id,tm_profile_url,tm_national_url,status,error,last_attempt
ederson_moraes__bra,Ederson Moraes,BRA,GK,5.0,238223.0,https://www.transfermarkt.com/ederson/profil/spieler/238223,https://www.transfermarkt.de/ederson/nationalmannschaft/spieler/238223/verein_id/3439,ok_manual_url,,2026-06-05T10:03:37
bento_krepski__bra,Bento Krepski,BRA,GK,5.0,691906.0,https://www.transfermarkt.com/bento/profil/spieler/691906,https://www.transfermarkt.de/bento/nationalmannschaft/spieler/691906/verein_id/3439,ok_manual_url,,2026-06-05T10:03:50
luis_suarez_charris__col,Luis Suarez Charris,COL,FWD,4.5,424784.0,https://www.transfermarkt.com/luis-suarez/profil/spieler/424784,https://www.transfermarkt.de/luis-suarez/nationalmannschaft/spieler/424784/verein_id/3816,ok_manual_url,,2026-06-05T10:04:00
pablo_gavi__esp,Pablo Gavi,ESP,MID,4.0,646740.0,https://www.transfermarkt.com/gavi/profil/spieler/646740,https://www.transfermarkt.de/gavi/nationalmannschaft/spieler/646740/verein_id/3375,ok_manual_url,,2026-06-05T10:04:10
juan_cucho_hernandez__col,Juan 'Cucho' Hernandez,COL,FWD,4.0,459463.0,https://www.transfermarkt.com/cucho-hernandez/profil/spieler/459463,https://www.transfermarkt.de/cucho-hernandez/nationalmannschaft/spieler/459463/verein_id/3816,ok_manual_url,,2026-06-05T10:04:22
marc_pubill__esp,Marc Pubill,ESP,DEF,3.0,844637.0,https://www.transfermarkt.com/marc-pubill/profil/spieler/844637,https://www.transfermarkt.de/marc-pubill/nationalmannschaft/spieler/844637/verein_id/3375,ok_manual_url,,2026-06-05T10:04:31
oufa_shobeir__egy,Mostafa Oufa Shobeir,EGY,GK,2.5,661455.0,https://www.transfermarkt.com/oufa-shobeir/profil/spieler/661455,https://www.transfermarkt.de/oufa-shobeir/nationalmannschaft/spieler/661455/verein_id/3672,ok_manual_url,,2026-06-05T10:04:45
mohammad_abu_shararh_zrayq__jor,Mohammad Abu 'Shararh' Zrayq,JOR,MID,2.5,677986.0,https://www.transfermarkt.com/shararh/profil/spieler/677986,https://www.transfermarkt.de/shararh/nationalmannschaft/spieler/677986/verein_id/15737,ok_manual_url,,2026-06-05T10:04:55
matias_fernandez_pardo__bel,Matias Fernandez-Pardo,BEL,FWD,2.5,724129.0,https://www.transfermarkt.com/matias-fernandez-pardo/profil/spieler/724129,https://www.transfermarkt.de/matias-fernandez-pardo/nationalmannschaft/spieler/724129/verein_id/3382,ok_manual_url,,2026-06-05T10:05:04
lionel_mpasi_nzau__cod,Lionel Mpasi Nzau,COD,GK,2.5,164915.0,https://www.transfermarkt.com/lionel-mpasi-nzau/profil/spieler/164915,https://www.transfermarkt.de/lionel-mpasi-nzau/nationalmannschaft/spieler/164915/verein_id/3854,ok_manual_url,,2026-06-05T10:05:16
joao_paulo__cpv,Joao Paulo,CPV,DEF,2.5,623965.0,https://www.transfermarkt.com/joao-paulo/profil/spieler/623965,https://www.transfermarkt.de/joao-paulo/nationalmannschaft/spieler/623965/verein_id/4311,ok_manual_url,,2026-06-05T10:05:26
carlos_rodriguez__mex,Carlos Rodriguez,MEX,MID,2.5,534620.0,https://www.transfermarkt.com/carlos-rodriguez/profil/spieler/534620,https://www.transfermarkt.de/carlos-rodriguez/nationalmannschaft/spieler/534620/verein_id/6303,ok_manual_url,,2026-06-05T10:05:35
cj_dos_santos__cpv,CJ Dos Santos,CPV,GK,2.5,532096.0,https://www.transfermarkt.com/cj-dos-santos/profil/spieler/532096,https://www.transfermarkt.de/cj-dos-santos/nationalmannschaft/spieler/532096/verein_id/4311,ok_manual_url,,2026-06-05T10:05:44
ange_yoan_bonny__civ,Ange-Yoan Bonny,CIV,FWD,2.5,827734.0,https://www.transfermarkt.com/ange-yoan-bonny/profil/spieler/827734,https://www.transfermarkt.de/ange-yoan-bonny/nationalmannschaft/spieler/827734/verein_id/3591,ok_manual_url,,2026-06-05T10:05:53
abdulaziz_hatim_mohammed__qat,Abdulaziz Hatim Mohammed,QAT,MID,2.5,113915.0,https://www.transfermarkt.com/abdulaziz-hatim/profil/spieler/113915,https://www.transfermarkt.de/abdulaziz-hatim/nationalmannschaft/spieler/113915/verein_id/14162,ok_manual_url,,2026-06-05T10:06:03
umarali_rakhmonaliyev__uzb,Umarali Rakhmonaliyev,UZB,MID,2.0,837432.0,https://www.transfermarkt.com/umarali-rakhmonaliev/profil/spieler/837432,https://www.transfermarkt.de/umarali-rakhmonaliev/nationalmannschaft/spieler/837432/verein_id/3563,ok_manual_url,,2026-06-05T10:06:12
o_uz_ayd_n__tur,Oguz Aydin,TUR,MID,2.0,563749.0,https://www.transfermarkt.com.tr/oguz-aydin/profil/spieler/563749,https://www.transfermarkt.de/oguz-aydin/nationalmannschaft/spieler/563749/verein_id/3381,ok_manual_url,,2026-06-05T10:06:22
nabil_dunga_emad__egy,Nabil 'Dunga' Emad,EGY,MID,2.0,479683.0,https://www.transfermarkt.com/nabil-dunga/profil/spieler/479683,https://www.transfermarkt.de/nabil-dunga/nationalmannschaft/spieler/479683/verein_id/3672,ok_manual_url,,2026-06-05T10:06:31
lenny_joseph__hai,Lenny Joseph,HAI,FWD,2.0,815359.0,https://www.transfermarkt.com/lenny-joseph/profil/spieler/815359,https://www.transfermarkt.de/lenny-joseph/nationalmannschaft/spieler/815359/verein_id/14161,ok_manual_url,,2026-06-05T10:06:40
kevin_lenini__cpv,Kevin Lenini Pina,CPV,MID,2.0,544586.0,https://www.transfermarkt.com/kevin-lenini/profil/spieler/544586,https://www.transfermarkt.de/kevin-lenini/nationalmannschaft/spieler/544586/verein_id/4311,ok_manual_url,,2026-06-05T10:06:49
dominique_simon__hai,Dominique Simon,HAI,MID,2.0,988188.0,https://www.transfermarkt.com/dominique-simon/profil/spieler/988188,https://www.transfermarkt.de/dominique-simon/nationalmannschaft/spieler/988188/verein_id/14161,ok_manual_url,,2026-06-05T10:06:59
bara_sapoko_ndiaye__sen,Bara Sapoko Ndiaye,SEN,MID,2.0,1497653.0,https://www.transfermarkt.com/bara-sapoko-ndiaye/profil/spieler/1497653,https://www.transfermarkt.de/bara-sapoko-ndiaye/nationalmannschaft/spieler/1497653/verein_id/3499,ok_manual_url,,2026-06-05T10:07:08
alexander_alex_robertson__aus,Alexander 'Alex' Robertson,AUS,MID,2.0,609887.0,https://www.transfermarkt.com/alex-robertson/profil/spieler/609887,https://www.transfermarkt.de/alex-robertson/nationalmannschaft/spieler/609887/verein_id/3433,ok_manual_url,,2026-06-05T10:07:17
vinicius_j_nior__bra,Vinicius Junior,BRA,FWD,7.5,371998.0,https://www.transfermarkt.com/x/profil/spieler/371998,https://www.transfermarkt.de/vinicius-junior/nationalmannschaft/spieler/371998/verein_id/3439,ok,,2026-06-05T10:07:28
mikel_oyarzabal__esp,Mikel Oyarzabal,ESP,FWD,7.5,351478.0,https://www.transfermarkt.com/x/profil/spieler/351478,https://www.transfermarkt.de/mikel-oyarzabal/nationalmannschaft/spieler/351478/verein_id/3375,ok,,2026-06-05T10:07:43
mike_maignan__fra,Mike Maignan,FRA,GK,5.0,182906.0,https://www.transfermarkt.com/x/profil/spieler/182906,https://www.transfermarkt.de/mike-maignan/nationalmannschaft/spieler/182906/verein_id/3377,ok,,2026-06-05T10:07:59
nico_williams__esp,Nico Williams,ESP,FWD,4.5,709187.0,https://www.transfermarkt.com/x/profil/spieler/709187,https://www.transfermarkt.de/nico-williams/nationalmannschaft/spieler/709187/verein_id/3375,ok,,2026-06-05T10:09:22
casemiro__bra,Casemiro,BRA,MID,4.5,16306.0,https://www.transfermarkt.com/x/profil/spieler/16306,https://www.transfermarkt.de/casemiro/nationalmannschaft/spieler/16306/verein_id/3439,ok,,2026-06-05T10:09:37
renato_veiga__por,Renato Veiga,POR,DEF,3.5,805714.0,https://www.transfermarkt.com/x/profil/spieler/805714,https://www.transfermarkt.de/renato-veiga/nationalmannschaft/spieler/805714/verein_id/3300,ok,,2026-06-05T10:09:53
mart_n_zubimendi__esp,Martin Zubimendi,ESP,MID,3.5,423440.0,https://www.transfermarkt.com/x/profil/spieler/423440,https://www.transfermarkt.de/martin-zubimendi/nationalmannschaft/spieler/423440/verein_id/3375,ok,,2026-06-05T10:10:09
harry_kane__eng,Harry Kane,ENG,FWD,9.5,132098.0,https://www.transfermarkt.com/x/profil/spieler/132098,https://www.transfermarkt.de/harry-kane/nationalmannschaft/spieler/132098/verein_id/3299,ok,,2026-06-05T10:10:58
lamine_yamal__esp,Lamine Yamal,ESP,FWD,9.0,937958.0,https://www.transfermarkt.com/x/profil/spieler/937958,https://www.transfermarkt.de/lamine-yamal/nationalmannschaft/spieler/937958/verein_id/3375,ok,,2026-06-05T10:11:12
erling_haaland__nor,Erling Haaland,NOR,FWD,8.5,418560.0,https://www.transfermarkt.com/x/profil/spieler/418560,https://www.transfermarkt.de/erling-haaland/nationalmannschaft/spieler/418560/verein_id/3440,ok,,2026-06-05T10:11:26
lionel_messi__arg,Lionel Messi,ARG,FWD,8.0,28003.0,https://www.transfermarkt.com/x/profil/spieler/28003,https://www.transfermarkt.de/lionel-messi/nationalmannschaft/spieler/28003/verein_id/3437,ok,,2026-06-05T10:11:39
lautaro_mart_nez__arg,Lautaro Martinez,ARG,FWD,8.0,406625.0,https://www.transfermarkt.com/x/profil/spieler/406625,https://www.transfermarkt.de/lautaro-martinez/nationalmannschaft/spieler/406625/verein_id/3437,ok,,2026-06-05T10:11:55
florian_wirtz__ger,Florian Wirtz,GER,MID,7.5,598577.0,https://www.transfermarkt.com/x/profil/spieler/598577,https://www.transfermarkt.de/florian-wirtz/nationalmannschaft/spieler/598577/verein_id/3262,ok,,2026-06-05T10:12:09
michael_olise__fra,Michael Olise,FRA,FWD,7.0,566723.0,https://www.transfermarkt.com/x/profil/spieler/566723,https://www.transfermarkt.de/michael-olise/nationalmannschaft/spieler/566723/verein_id/3377,ok,,2026-06-05T10:12:22
kevin_de_bruyne__bel,Kevin De Bruyne,BEL,MID,7.0,88755.0,https://www.transfermarkt.com/x/profil/spieler/88755,https://www.transfermarkt.de/kevin-de-bruyne/nationalmannschaft/spieler/88755/verein_id/3382,ok,,2026-06-05T10:12:36
cristiano_ronaldo__por,Cristiano Ronaldo,POR,FWD,7.0,8198.0,https://www.transfermarkt.com/x/profil/spieler/8198,https://www.transfermarkt.de/cristiano-ronaldo/nationalmannschaft/spieler/8198/verein_id/3300,ok,,2026-06-05T10:12:51
bruno_fernandes__por,Bruno Fernandes,POR,MID,7.0,240306.0,https://www.transfermarkt.com/x/profil/spieler/240306,https://www.transfermarkt.de/bruno-fernandes/nationalmannschaft/spieler/240306/verein_id/3300,ok,,2026-06-05T10:13:06
raphinha__bra,Raphinha,BRA,FWD,6.5,411295.0,https://www.transfermarkt.com/x/profil/spieler/411295,https://www.transfermarkt.de/raphinha/nationalmannschaft/spieler/411295/verein_id/3439,ok,,2026-06-05T10:13:21
jeremy_doku__bel,Jeremy Doku,BEL,FWD,6.5,486049.0,https://www.transfermarkt.com/x/profil/spieler/486049,https://www.transfermarkt.de/jeremy-doku/nationalmannschaft/spieler/486049/verein_id/3382,ok,,2026-06-05T10:13:34
jamal_musiala__ger,Jamal Musiala,GER,MID,6.5,580195.0,https://www.transfermarkt.com/x/profil/spieler/580195,https://www.transfermarkt.de/jamal-musiala/nationalmannschaft/spieler/580195/verein_id/3262,ok,,2026-06-05T10:13:48
cody_gakpo__ned,Cody Gakpo,NED,FWD,6.5,434675.0,https://www.transfermarkt.com/x/profil/spieler/434675,https://www.transfermarkt.de/cody-gakpo/nationalmannschaft/spieler/434675/verein_id/3379,ok,,2026-06-05T10:14:02
bukayo_saka__eng,Bukayo Saka,ENG,FWD,6.5,433177.0,https://www.transfermarkt.com/x/profil/spieler/433177,https://www.transfermarkt.de/bukayo-saka/nationalmannschaft/spieler/433177/verein_id/3299,ok,,2026-06-05T10:14:16
viktor_gyokeres__swe,Viktor Gyökeres,SWE,FWD,6.0,325443.0,https://www.transfermarkt.com/x/profil/spieler/325443,https://www.transfermarkt.de/viktor-gyokeres/nationalmannschaft/spieler/325443/verein_id/3557,ok,,2026-06-05T10:14:30
tijjani_reijnders__ned,Tijjani Reijnders,NED,MID,6.0,460939.0,https://www.transfermarkt.com/x/profil/spieler/460939,https://www.transfermarkt.de/tijjani-reijnders/nationalmannschaft/spieler/460939/verein_id/3379,ok,,2026-06-05T10:14:44
serge_gnabry__ger,Serge Gnabry,GER,FWD,6.0,159471.0,https://www.transfermarkt.com/x/profil/spieler/159471,https://www.transfermarkt.de/serge-gnabry/nationalmannschaft/spieler/159471/verein_id/3262,ok,,2026-06-05T10:14:58
pedri__esp,Pedri,ESP,MID,6.0,683840.0,https://www.transfermarkt.com/x/profil/spieler/683840,https://www.transfermarkt.de/pedri/nationalmannschaft/spieler/683840/verein_id/3375,ok,,2026-06-05T10:15:17
nick_woltemade__ger,Nick Woltemade,GER,FWD,6.0,455661.0,https://www.transfermarkt.com/x/profil/spieler/455661,https://www.transfermarkt.de/nick-woltemade/nationalmannschaft/spieler/455661/verein_id/3262,ok,,2026-06-05T10:15:31
juli_n_lvarez__arg,Julian Alvarez,ARG,FWD,6.0,576024.0,https://www.transfermarkt.com/x/profil/spieler/576024,https://www.transfermarkt.de/julian-alvarez/nationalmannschaft/spieler/576024/verein_id/3437,ok,,2026-06-05T10:15:46
jude_bellingham__eng,Jude Bellingham,ENG,MID,6.0,581678.0,https://www.transfermarkt.com/x/profil/spieler/581678,https://www.transfermarkt.de/jude-bellingham/nationalmannschaft/spieler/581678/verein_id/3299,ok,,2026-06-05T10:15:59
hugo_ekitike__fra,Hugo Ekitike,FRA,FWD,6.0,709726.0,https://www.transfermarkt.com/x/profil/spieler/709726,https://www.transfermarkt.de/hugo-ekitike/nationalmannschaft/spieler/709726/verein_id/3377,ok,,2026-06-05T10:16:13
son_heung_min__kor,Heung-Min Son,KOR,FWD,6.0,91845.0,https://www.transfermarkt.com/x/profil/spieler/91845,https://www.transfermarkt.de/heung-min-son/nationalmannschaft/spieler/91845/verein_id/3589,ok,,2026-06-05T10:16:30
darwin_nunez__uru,Darwin Nunez,URU,FWD,6.0,546543.0,https://www.transfermarkt.com/x/profil/spieler/546543,https://www.transfermarkt.de/darwin-nunez/nationalmannschaft/spieler/546543/verein_id/3449,ok,,2026-06-05T10:16:45
charles_de_ketelaere__bel,Charles De Ketelaere,BEL,FWD,6.0,435772.0,https://www.transfermarkt.com/x/profil/spieler/435772,https://www.transfermarkt.de/charles-de-ketelaere/nationalmannschaft/spieler/435772/verein_id/3382,ok,,2026-06-05T10:17:00
vitinha__por,Vitinha,POR,MID,5.5,487469.0,https://www.transfermarkt.com/x/profil/spieler/487469,https://www.transfermarkt.de/vitinha/nationalmannschaft/spieler/487469/verein_id/3300,ok,,2026-06-05T10:17:14
thiago_almada__arg,Thiago Almada,ARG,MID,5.5,576028.0,https://www.transfermarkt.com/x/profil/spieler/576028,https://www.transfermarkt.de/thiago-almada/nationalmannschaft/spieler/576028/verein_id/3437,ok,,2026-06-05T10:17:27
rafael_le_o__por,Rafael Leão,POR,FWD,5.5,357164.0,https://www.transfermarkt.com/x/profil/spieler/357164,https://www.transfermarkt.de/rafael-leao/nationalmannschaft/spieler/357164/verein_id/3300,ok,,2026-06-05T10:17:40
ousmane_demb_l__fra,Ousmane Dembele,FRA,FWD,5.5,288230.0,https://www.transfermarkt.com/x/profil/spieler/288230,https://www.transfermarkt.de/ousmane-dembele/nationalmannschaft/spieler/288230/verein_id/3377,ok,,2026-06-05T10:17:54
morgan_rogers__eng,Morgan Rogers,ENG,MID,5.5,503743.0,https://www.transfermarkt.com/x/profil/spieler/503743,https://www.transfermarkt.de/morgan-rogers/nationalmannschaft/spieler/503743/verein_id/3299,ok,,2026-06-05T10:18:11
marcus_rashford__eng,Marcus Rashford,ENG,FWD,5.5,258923.0,https://www.transfermarkt.com/x/profil/spieler/258923,https://www.transfermarkt.de/marcus-rashford/nationalmannschaft/spieler/258923/verein_id/3299,ok,,2026-06-05T10:18:25
luis_d_az__col,Luis Diaz,COL,FWD,5.5,480692.0,https://www.transfermarkt.com/x/profil/spieler/480692,https://www.transfermarkt.de/luis-diaz/nationalmannschaft/spieler/480692/verein_id/3816,ok,,2026-06-05T10:18:38
lucas_paqueta__bra,Lucas Paqueta,BRA,MID,5.5,444523.0,https://www.transfermarkt.com/x/profil/spieler/444523,https://www.transfermarkt.de/lucas-paqueta/nationalmannschaft/spieler/444523/verein_id/3439,ok,,2026-06-05T10:18:53
leroy_san__ger,Leroy Sane,GER,FWD,5.5,192565.0,https://www.transfermarkt.com/x/profil/spieler/192565,https://www.transfermarkt.de/leroy-sane/nationalmannschaft/spieler/192565/verein_id/3262,ok,,2026-06-05T10:19:07
leandro_trossard__bel,Leandro Trossard,BEL,FWD,5.5,144028.0,https://www.transfermarkt.com/x/profil/spieler/144028,https://www.transfermarkt.de/leandro-trossard/nationalmannschaft/spieler/144028/verein_id/3382,ok,,2026-06-05T10:19:21
kai_havertz__ger,Kai Havertz,GER,FWD,5.5,309400.0,https://www.transfermarkt.com/x/profil/spieler/309400,https://www.transfermarkt.de/kai-havertz/nationalmannschaft/spieler/309400/verein_id/3262,ok,,2026-06-05T10:19:34
francisco_concei_o__por,Francisco Conceicao,POR,FWD,5.5,487474.0,https://www.transfermarkt.com/x/profil/spieler/487474,https://www.transfermarkt.de/francisco-conceicao/nationalmannschaft/spieler/487474/verein_id/3300,ok,,2026-06-05T10:19:48
federico_valverde__uru,Federico Valverde,URU,MID,5.5,369081.0,https://www.transfermarkt.com/x/profil/spieler/369081,https://www.transfermarkt.de/federico-valverde/nationalmannschaft/spieler/369081/verein_id/3449,ok,,2026-06-05T10:20:02
bernardo_silva__por,Bernardo Silva,POR,MID,5.5,241641.0,https://www.transfermarkt.com/x/profil/spieler/241641,https://www.transfermarkt.de/bernardo-silva/nationalmannschaft/spieler/241641/verein_id/3300,ok,,2026-06-05T10:20:15
ayase_ueda__jpn,Ayase Ueda,JPN,FWD,5.5,589128.0,https://www.transfermarkt.com/x/profil/spieler/589128,https://www.transfermarkt.de/ayase-ueda/nationalmannschaft/spieler/589128/verein_id/3435,ok,,2026-06-05T10:20:29
andrej_kramari__cro,Andrej Kramaric,CRO,FWD,5.5,46580.0,https://www.transfermarkt.com/x/profil/spieler/46580,https://www.transfermarkt.de/andrej-kramaric/nationalmannschaft/spieler/46580/verein_id/3556,ok,,2026-06-05T10:20:43
virgil_van_dijk__ned,Virgil van Dijk,NED,DEF,5.0,139208.0,https://www.transfermarkt.com/x/profil/spieler/139208,https://www.transfermarkt.de/virgil-van-dijk/nationalmannschaft/spieler/139208/verein_id/3379,ok,,2026-06-05T10:20:56
unai_sim_n__esp,Unai Simon,ESP,GK,5.0,262396.0,https://www.transfermarkt.com/x/profil/spieler/262396,https://www.transfermarkt.de/unai-simon/nationalmannschaft/spieler/262396/verein_id/3375,ok,,2026-06-05T10:21:10
sadio_man__sen,Sadio Mane,SEN,FWD,5.0,200512.0,https://www.transfermarkt.com/x/profil/spieler/200512,https://www.transfermarkt.de/sadio-mane/nationalmannschaft/spieler/200512/verein_id/3499,ok,,2026-06-05T10:21:23
rodri_hernandez__esp,Rodri Hernandez,ESP,MID,5.0,357565.0,https://www.transfermarkt.com/x/profil/spieler/357565,https://www.transfermarkt.de/rodri/nationalmannschaft/spieler/357565/verein_id/3375,ok,,2026-06-05T10:21:37
pedro_neto__por,Pedro Neto,POR,FWD,5.0,487465.0,https://www.transfermarkt.com/x/profil/spieler/487465,https://www.transfermarkt.de/pedro-neto/nationalmannschaft/spieler/487465/verein_id/3300,ok,,2026-06-05T10:21:50
omar_marmoush__egy,Omar Marmoush,EGY,FWD,5.0,445939.0,https://www.transfermarkt.com/x/profil/spieler/445939,https://www.transfermarkt.de/omar-marmoush/nationalmannschaft/spieler/445939/verein_id/3672,ok,,2026-06-05T10:22:04
oliver_baumann__ger,Oliver Baumann,GER,GK,5.0,55089.0,https://www.transfermarkt.com/x/profil/spieler/55089,https://www.transfermarkt.de/oliver-baumann/nationalmannschaft/spieler/55089/verein_id/3262,ok,,2026-06-05T10:22:18
nico_paz__arg,Nico Paz,ARG,MID,5.0,948294.0,https://www.transfermarkt.com/x/profil/spieler/948294,https://www.transfermarkt.de/nico-paz/nationalmannschaft/spieler/948294/verein_id/3437,ok,,2026-06-05T10:22:32
mohamed_salah__egy,Mohamed Salah,EGY,FWD,5.0,148455.0,https://www.transfermarkt.com/x/profil/spieler/148455,https://www.transfermarkt.de/mohamed-salah/nationalmannschaft/spieler/148455/verein_id/3672,ok,,2026-06-05T10:22:45
maxi_araujo__uru,Maxi Araujo,URU,MID,5.0,572675.0,https://www.transfermarkt.com/x/profil/spieler/572675,https://www.transfermarkt.de/maxi-araujo/nationalmannschaft/spieler/572675/verein_id/3449,ok,,2026-06-05T10:23:00
marquinhos__bra,Marquinhos,BRA,DEF,5.0,181767.0,https://www.transfermarkt.com/x/profil/spieler/181767,https://www.transfermarkt.de/marquinhos/nationalmannschaft/spieler/181767/verein_id/3439,ok,,2026-06-05T10:23:14
marcus_thuram__fra,Marcus Thuram,FRA,FWD,5.0,318528.0,https://www.transfermarkt.com/x/profil/spieler/318528,https://www.transfermarkt.de/marcus-thuram/nationalmannschaft/spieler/318528/verein_id/3377,ok,,2026-06-05T10:23:28
manuel_neuer__ger,Manuel Neuer,GER,GK,5.0,17259.0,https://www.transfermarkt.com/x/profil/spieler/17259,https://www.transfermarkt.de/manuel-neuer/nationalmannschaft/spieler/17259/verein_id/3262,ok,,2026-06-05T10:23:42
lennart_karl__ger,Lennart Karl,GER,MID,5.0,1075147.0,https://www.transfermarkt.com/x/profil/spieler/1075147,https://www.transfermarkt.de/lennart-karl/nationalmannschaft/spieler/1075147/verein_id/3262,ok,,2026-06-05T10:23:56
lee_kang_in__kor,Kang-In Lee,KOR,MID,5.0,557149.0,https://www.transfermarkt.com/x/profil/spieler/557149,https://www.transfermarkt.de/kang-in-lee/nationalmannschaft/spieler/557149/verein_id/3589,ok,,2026-06-05T10:24:10
jo_o_neves__por,João Neves,POR,MID,5.0,670681.0,https://www.transfermarkt.com/x/profil/spieler/670681,https://www.transfermarkt.de/joao-neves/nationalmannschaft/spieler/670681/verein_id/3300,ok,,2026-06-05T10:24:23
jo_o_cancelo__por,João Cancelo,POR,DEF,5.0,182712.0,https://www.transfermarkt.com/x/profil/spieler/182712,https://www.transfermarkt.de/joao-cancelo/nationalmannschaft/spieler/182712/verein_id/3300,ok,,2026-06-05T10:24:37
joshua_kimmich__ger,Joshua Kimmich,GER,MID,5.0,161056.0,https://www.transfermarkt.com/x/profil/spieler/161056,https://www.transfermarkt.de/joshua-kimmich/nationalmannschaft/spieler/161056/verein_id/3262,ok,,2026-06-05T10:24:51
jordan_pickford__eng,Jordan Pickford,ENG,GK,5.0,130164.0,https://www.transfermarkt.com/x/profil/spieler/130164,https://www.transfermarkt.de/jordan-pickford/nationalmannschaft/spieler/130164/verein_id/3299,ok,,2026-06-05T10:25:05
gon_alo_ramos__por,Goncalo Ramos,POR,FWD,5.0,550550.0,https://www.transfermarkt.com/x/profil/spieler/550550,https://www.transfermarkt.de/goncalo-ramos/nationalmannschaft/spieler/550550/verein_id/3300,ok,,2026-06-05T10:25:19
ferr_n_torres__esp,Ferran Torres,ESP,FWD,5.0,398184.0,https://www.transfermarkt.com/x/profil/spieler/398184,https://www.transfermarkt.de/ferran-torres/nationalmannschaft/spieler/398184/verein_id/3375,ok,,2026-06-05T10:25:34
fermin_lopez__esp,Fermin Lopez,ESP,MID,5.0,636703.0,https://www.transfermarkt.com/x/profil/spieler/636703,https://www.transfermarkt.de/fermin-lopez/nationalmannschaft/spieler/636703/verein_id/3375,ok,,2026-06-05T10:25:48
enzo_fern_ndez__arg,Enzo Fernandez,ARG,MID,5.0,648195.0,https://www.transfermarkt.com/x/profil/spieler/648195,https://www.transfermarkt.de/enzo-fernandez/nationalmannschaft/spieler/648195/verein_id/3437,ok,,2026-06-05T10:26:01
emiliano_mart_nez__arg,Emiliano Martinez,ARG,GK,5.0,111873.0,https://www.transfermarkt.com/x/profil/spieler/111873,https://www.transfermarkt.de/emiliano-martinez/nationalmannschaft/spieler/111873/verein_id/3437,ok,,2026-06-05T10:26:15
diogo_costa__por,Diogo Costa,POR,GK,5.0,357153.0,https://www.transfermarkt.com/x/profil/spieler/357153,https://www.transfermarkt.de/diogo-costa/nationalmannschaft/spieler/357153/verein_id/3300,ok,,2026-06-05T10:26:29
denzel_dumfries__ned,Denzel Dumfries,NED,DEF,5.0,321528.0,https://www.transfermarkt.com/x/profil/spieler/321528,https://www.transfermarkt.de/denzel-dumfries/nationalmannschaft/spieler/321528/verein_id/3379,ok,,2026-06-05T10:26:44
david_raya__esp,David Raya,ESP,GK,5.0,262749.0,https://www.transfermarkt.com/x/profil/spieler/262749,https://www.transfermarkt.de/david-raya/nationalmannschaft/spieler/262749/verein_id/3375,ok,,2026-06-05T10:26:57
dani_olmo__esp,Dani Olmo,ESP,MID,5.0,293385.0,https://www.transfermarkt.com/x/profil/spieler/293385,https://www.transfermarkt.de/dani-olmo/nationalmannschaft/spieler/293385/verein_id/3375,ok,,2026-06-05T10:27:13
cole_palmer__eng,Cole Palmer,ENG,MID,5.0,568177.0,https://www.transfermarkt.com/x/profil/spieler/568177,https://www.transfermarkt.de/cole-palmer/nationalmannschaft/spieler/568177/verein_id/3299,ok,,2026-06-05T10:27:27
breel_embolo__sui,Breel Embolo,SUI,FWD,5.0,237662.0,https://www.transfermarkt.com/x/profil/spieler/237662,https://www.transfermarkt.de/breel-embolo/nationalmannschaft/spieler/237662/verein_id/3384,ok,,2026-06-05T10:27:40
alisson_becker__bra,Alisson Becker,BRA,GK,5.0,105470.0,https://www.transfermarkt.com/x/profil/spieler/105470,https://www.transfermarkt.de/alisson/nationalmannschaft/spieler/105470/verein_id/3439,ok,,2026-06-05T10:27:55
alexander_isak__swe,Alexander Isak,SWE,FWD,5.0,349066.0,https://www.transfermarkt.com/x/profil/spieler/349066,https://www.transfermarkt.de/alexander-isak/nationalmannschaft/spieler/349066/verein_id/3557,ok,,2026-06-05T10:28:08
william_saliba__fra,William Saliba,FRA,DEF,4.5,495666.0,https://www.transfermarkt.com/x/profil/spieler/495666,https://www.transfermarkt.de/william-saliba/nationalmannschaft/spieler/495666/verein_id/3377,ok,,2026-06-05T10:28:23
thibaut_courtois__bel,Thibaut Courtois,BEL,GK,4.5,108390.0,https://www.transfermarkt.com/x/profil/spieler/108390,https://www.transfermarkt.de/thibaut-courtois/nationalmannschaft/spieler/108390/verein_id/3382,ok,,2026-06-05T10:28:36
theo_hern_ndez__fra,Theo Hernandez,FRA,DEF,4.5,339808.0,https://www.transfermarkt.com/x/profil/spieler/339808,https://www.transfermarkt.de/theo-hernandez/nationalmannschaft/spieler/339808/verein_id/3377,ok,,2026-06-05T10:28:50
scott_mctominay__sco,Scott McTominay,SCO,MID,4.5,315969.0,https://www.transfermarkt.com/x/profil/spieler/315969,https://www.transfermarkt.de/scott-mctominay/nationalmannschaft/spieler/315969/verein_id/3380,ok,,2026-06-05T10:29:03
ronald_ara_jo__uru,Ronald Araujo,URU,DEF,4.5,480267.0,https://www.transfermarkt.com/x/profil/spieler/480267,https://www.transfermarkt.de/ronald-araujo/nationalmannschaft/spieler/480267/verein_id/3449,ok,,2026-06-05T10:29:17
romelu_lukaku__bel,Romelu Lukaku,BEL,FWD,4.5,96341.0,https://www.transfermarkt.com/x/profil/spieler/96341,https://www.transfermarkt.de/romelu-lukaku/nationalmannschaft/spieler/96341/verein_id/3382,ok,,2026-06-05T10:29:32
rodrigo_de_paul__arg,Rodrigo de Paul,ARG,MID,4.5,255901.0,https://www.transfermarkt.com/x/profil/spieler/255901,https://www.transfermarkt.de/rodrigo-de-paul/nationalmannschaft/spieler/255901/verein_id/3437,ok,,2026-06-05T10:29:46
robin_le_normand__esp,Robin Le Normand,ESP,DEF,4.5,351809.0,https://www.transfermarkt.com/x/profil/spieler/351809,https://www.transfermarkt.de/robin-le-normand/nationalmannschaft/spieler/351809/verein_id/3375,ok,,2026-06-05T10:30:00
ra_l_jim_nez__mex,Raul Jimenez,MEX,FWD,4.5,206040.0,https://www.transfermarkt.com/x/profil/spieler/206040,https://www.transfermarkt.de/raul-jimenez/nationalmannschaft/spieler/206040/verein_id/6303,ok,,2026-06-05T10:30:14
randal_kolo_muani__fra,Randal Kolo Muani,FRA,FWD,4.5,487969.0,https://www.transfermarkt.com/x/profil/spieler/487969,https://www.transfermarkt.de/randal-kolo-muani/nationalmannschaft/spieler/487969/verein_id/3377,ok,,2026-06-05T10:30:28
pedro_porro__esp,Pedro Porro,ESP,DEF,4.5,553875.0,https://www.transfermarkt.com/x/profil/spieler/553875,https://www.transfermarkt.de/pedro-porro/nationalmannschaft/spieler/553875/verein_id/3375,ok,,2026-06-05T10:30:42
patrik_schick__cze,Patrik Schick,CZE,FWD,4.5,242086.0,https://www.transfermarkt.com/x/profil/spieler/242086,https://www.transfermarkt.de/patrik-schick/nationalmannschaft/spieler/242086/verein_id/3445,ok,,2026-06-05T10:30:56
nuno_mendes__por,Nuno Mendes,POR,DEF,4.5,616341.0,https://www.transfermarkt.com/x/profil/spieler/616341,https://www.transfermarkt.de/nuno-mendes/nationalmannschaft/spieler/616341/verein_id/3300,ok,,2026-06-05T10:31:12
nicol_s_otamendi__arg,Nicolas Otamendi,ARG,DEF,4.5,54781.0,https://www.transfermarkt.com/x/profil/spieler/54781,https://www.transfermarkt.de/nicolas-otamendi/nationalmannschaft/spieler/54781/verein_id/3437,ok,,2026-06-05T10:31:26
nicolas_jackson__sen,Nicolas Jackson,SEN,FWD,4.5,776890.0,https://www.transfermarkt.com/x/profil/spieler/776890,https://www.transfermarkt.de/nicolas-jackson/nationalmannschaft/spieler/776890/verein_id/3499,ok,,2026-06-05T10:31:40
mikel_merino__esp,Mikel Merino,ESP,MID,4.5,338424.0,https://www.transfermarkt.com/x/profil/spieler/338424,https://www.transfermarkt.de/mikel-merino/nationalmannschaft/spieler/338424/verein_id/3375,ok,,2026-06-05T10:31:54
matz_sels__bel,Matz Sels,BEL,GK,4.5,127202.0,https://www.transfermarkt.com/x/profil/spieler/127202,https://www.transfermarkt.de/matz-sels/nationalmannschaft/spieler/127202/verein_id/3382,ok,,2026-06-05T10:32:08
matheus_nunes__por,Matheus Nunes,POR,MID,4.5,601883.0,https://www.transfermarkt.com/x/profil/spieler/601883,https://www.transfermarkt.de/matheus-nunes/nationalmannschaft/spieler/601883/verein_id/3300,ok,,2026-06-05T10:32:22
matheus_cunha__bra,Matheus Cunha,BRA,FWD,4.5,517894.0,https://www.transfermarkt.com/x/profil/spieler/517894,https://www.transfermarkt.de/matheus-cunha/nationalmannschaft/spieler/517894/verein_id/3439,ok,,2026-06-05T10:32:35
martin_degaard__nor,Martin Ødegaard,NOR,MID,4.5,316264.0,https://www.transfermarkt.com/x/profil/spieler/316264,https://www.transfermarkt.de/martin-odegaard/nationalmannschaft/spieler/316264/verein_id/3440,ok,,2026-06-05T10:32:49
marko_arnautovi__aut,Marko Arnautovic,AUT,FWD,4.5,41384.0,https://www.transfermarkt.com/x/profil/spieler/41384,https://www.transfermarkt.de/marko-arnautovic/nationalmannschaft/spieler/41384/verein_id/3383,ok,,2026-06-05T10:33:04
marcel_sabitzer__aut,Marcel Sabitzer,AUT,MID,4.5,106987.0,https://www.transfermarkt.com/x/profil/spieler/106987,https://www.transfermarkt.de/marcel-sabitzer/nationalmannschaft/spieler/106987/verein_id/3383,ok,,2026-06-05T10:33:18
marc_gu_hi__eng,Marc Guehi,ENG,DEF,4.5,392757.0,https://www.transfermarkt.com/x/profil/spieler/392757,https://www.transfermarkt.de/marc-guehi/nationalmannschaft/spieler/392757/verein_id/3299,ok,,2026-06-05T10:33:34
marc_cucurella__esp,Marc Cucurella,ESP,DEF,4.5,284857.0,https://www.transfermarkt.com/x/profil/spieler/284857,https://www.transfermarkt.de/marc-cucurella/nationalmannschaft/spieler/284857/verein_id/3375,ok,,2026-06-05T10:33:47
leon_goretzka__ger,Leon Goretzka,GER,MID,4.5,153084.0,https://www.transfermarkt.com/x/profil/spieler/153084,https://www.transfermarkt.de/leon-goretzka/nationalmannschaft/spieler/153084/verein_id/3262,ok,,2026-06-05T10:34:01
kerem_akt_rko_lu__tur,Kerem Akturkoglu,TUR,MID,4.5,382528.0,https://www.transfermarkt.com/x/profil/spieler/382528,https://www.transfermarkt.de/kerem-akturkoglu/nationalmannschaft/spieler/382528/verein_id/3381,ok,,2026-06-05T10:34:14
joao_palhinha__por,João Palhinha,POR,MID,4.5,257455.0,https://www.transfermarkt.com/x/profil/spieler/257455,https://www.transfermarkt.de/joao-palhinha/nationalmannschaft/spieler/257455/verein_id/3300,ok,,2026-06-05T10:34:28
jo_o_f_lix__por,João Felix,POR,FWD,4.5,462250.0,https://www.transfermarkt.com/x/profil/spieler/462250,https://www.transfermarkt.de/joao-felix/nationalmannschaft/spieler/462250/verein_id/3300,ok,,2026-06-05T10:34:41
jos_s__por,Jose Sa,POR,GK,4.5,137457.0,https://www.transfermarkt.com/x/profil/spieler/137457,https://www.transfermarkt.de/jose-santamaria/nationalmannschaft/spieler/137457/verein_id/3375,ok,,2026-06-05T10:34:55
jos_mar_a_gim_nez__uru,Jose Maria Gimenez,URU,DEF,4.5,250845.0,https://www.transfermarkt.com/x/profil/spieler/250845,https://www.transfermarkt.de/jose-maria-gimenez/nationalmannschaft/spieler/250845/verein_id/3449,ok,,2026-06-05T10:35:10
jonathan_tah__ger,Jonathan Tah,GER,DEF,4.5,196357.0,https://www.transfermarkt.com/x/profil/spieler/196357,https://www.transfermarkt.de/jonathan-tah/nationalmannschaft/spieler/196357/verein_id/3262,ok,,2026-06-05T10:35:24
jonathan_david__can,Jonathan David,CAN,FWD,4.5,533738.0,https://www.transfermarkt.com/x/profil/spieler/533738,https://www.transfermarkt.de/jonathan-david/nationalmannschaft/spieler/533738/verein_id/3510,ok,,2026-06-05T10:35:38
ivan_peri_i__cro,Ivan Perisic,CRO,FWD,4.5,42460.0,https://www.transfermarkt.com/x/profil/spieler/42460,https://www.transfermarkt.de/ivan-perisic/nationalmannschaft/spieler/42460/verein_id/3556,ok,,2026-06-05T10:35:52
ger_nimo_rulli__arg,Geronimo Rulli,ARG,GK,4.5,229604.0,https://www.transfermarkt.com/x/profil/spieler/229604,https://www.transfermarkt.de/geronimo-rulli/nationalmannschaft/spieler/229604/verein_id/3437,ok,,2026-06-05T10:36:06
gabriel_magalh_es__bra,Gabriel Magalhaes,BRA,DEF,4.5,435338.0,https://www.transfermarkt.com/x/profil/spieler/435338,https://www.transfermarkt.de/gabriel/nationalmannschaft/spieler/435338/verein_id/3439,ok,,2026-06-05T10:36:19
fabian_ruiz__esp,Fabian Ruiz,ESP,MID,4.5,350219.0,https://www.transfermarkt.com/x/profil/spieler/350219,https://www.transfermarkt.de/fabian-ruiz/nationalmannschaft/spieler/350219/verein_id/3375,ok,,2026-06-05T10:36:32
ezri_konsa__eng,Ezri Konsa,ENG,DEF,4.5,413403.0,https://www.transfermarkt.com/x/profil/spieler/413403,https://www.transfermarkt.de/ezri-konsa/nationalmannschaft/spieler/413403/verein_id/3299,ok,,2026-06-05T10:36:46
edin_dzeko__bih,Edin Dzeko,BIH,FWD,4.5,28396.0,https://www.transfermarkt.com/x/profil/spieler/28396,https://www.transfermarkt.de/edin-dzeko/nationalmannschaft/spieler/28396/verein_id/3446,ok,,2026-06-05T10:37:00
donyell_malen__ned,Donyell Malen,NED,FWD,4.5,326029.0,https://www.transfermarkt.com/x/profil/spieler/326029,https://www.transfermarkt.de/donyell-malen/nationalmannschaft/spieler/326029/verein_id/3379,ok,,2026-06-05T10:37:13
declan_rice__eng,Declan Rice,ENG,MID,4.5,357662.0,https://www.transfermarkt.com/x/profil/spieler/357662,https://www.transfermarkt.de/declan-rice/nationalmannschaft/spieler/357662/verein_id/3299,ok,,2026-06-05T10:37:28
dean_henderson__eng,Dean Henderson,ENG,GK,4.5,258919.0,https://www.transfermarkt.com/x/profil/spieler/258919,https://www.transfermarkt.de/dean-henderson/nationalmannschaft/spieler/258919/verein_id/3299,ok,,2026-06-05T10:37:44
david_raum__ger,David Raum,GER,DEF,4.5,318204.0,https://www.transfermarkt.com/x/profil/spieler/318204,https://www.transfermarkt.de/david-raum/nationalmannschaft/spieler/318204/verein_id/3262,ok,,2026-06-05T10:37:57
bruno_guimaraes__bra,Bruno Guimaraes,BRA,MID,4.5,520624.0,https://www.transfermarkt.com/x/profil/spieler/520624,https://www.transfermarkt.de/bruno-guimaraes/nationalmannschaft/spieler/520624/verein_id/3439,ok,,2026-06-05T10:38:11
brice_samba__fra,Brice Samba,FRA,GK,4.5,191056.0,https://www.transfermarkt.com/x/profil/spieler/191056,https://www.transfermarkt.de/brice-samba/nationalmannschaft/spieler/191056/verein_id/3377,ok,,2026-06-05T10:38:25
brahim_d_az__mar,Brahim Diaz,MAR,FWD,4.5,314678.0,https://www.transfermarkt.com/x/profil/spieler/314678,https://www.transfermarkt.de/brahim-diaz/nationalmannschaft/spieler/314678/verein_id/3575,ok,,2026-06-05T10:38:39
bart_verbruggen__ned,Bart Verbruggen,NED,GK,4.5,565093.0,https://www.transfermarkt.com/x/profil/spieler/565093,https://www.transfermarkt.de/bart-verbruggen/nationalmannschaft/spieler/565093/verein_id/3379,ok,,2026-06-05T10:38:54
aymeric_laporte__esp,Aymeric Laporte,ESP,DEF,4.5,176553.0,https://www.transfermarkt.com/x/profil/spieler/176553,https://www.transfermarkt.de/aymeric-laporte/nationalmannschaft/spieler/176553/verein_id/3375,ok,,2026-06-05T10:39:08
arda_g_ler__tur,Arda Güler,TUR,MID,4.5,861410.0,https://www.transfermarkt.com/x/profil/spieler/861410,https://www.transfermarkt.de/arda-guler/nationalmannschaft/spieler/861410/verein_id/3381,ok,,2026-06-05T10:39:22
antonio_r_diger__ger,Antonio Rüdiger,GER,DEF,4.5,86202.0,https://www.transfermarkt.com/x/profil/spieler/86202,https://www.transfermarkt.de/antonio-rudiger/nationalmannschaft/spieler/86202/verein_id/3262,ok,,2026-06-05T10:39:36
anton_stach__ger,Anton Stach,GER,MID,4.5,344069.0,https://www.transfermarkt.com/x/profil/spieler/344069,https://www.transfermarkt.de/anton-stach/nationalmannschaft/spieler/344069/verein_id/3262,ok,,2026-06-05T10:39:50
alexis_mac_allister__arg,Alexis Mac Allister,ARG,MID,4.5,534033.0,https://www.transfermarkt.com/x/profil/spieler/534033,https://www.transfermarkt.de/alexis-mac-allister/nationalmannschaft/spieler/534033/verein_id/3437,ok,,2026-06-05T10:40:04
alexander_s_rloth__nor,Alexander Sørloth,NOR,FWD,4.5,238407.0,https://www.transfermarkt.com/x/profil/spieler/238407,https://www.transfermarkt.de/alexander-sorloth/nationalmannschaft/spieler/238407/verein_id/3440,ok,,2026-06-05T10:40:22
alexander_n_bel__ger,Alexander Nübel,GER,GK,4.5,195778.0,https://www.transfermarkt.com/x/profil/spieler/195778,https://www.transfermarkt.de/alexander-nubel/nationalmannschaft/spieler/195778/verein_id/3262,ok,,2026-06-05T10:40:35
rjan_nyland__nor,Ørjan Nyland,NOR,GK,4.0,73517.0,https://www.transfermarkt.com/x/profil/spieler/73517,https://www.transfermarkt.de/orjan-nyland/nationalmannschaft/spieler/73517/verein_id/3440,ok,,2026-06-05T10:40:49
zion_suzuki__jpn,Zion Suzuki,JPN,GK,4.0,432298.0,https://www.transfermarkt.com/x/profil/spieler/432298,https://www.transfermarkt.de/zion-suzuki/nationalmannschaft/spieler/432298/verein_id/3435,ok,,2026-06-05T10:41:03
weverton__bra,Weverton,BRA,GK,4.0,69400.0,https://www.transfermarkt.com/x/profil/spieler/69400,https://www.transfermarkt.de/weverton/nationalmannschaft/spieler/69400/verein_id/3439,ok,,2026-06-05T10:41:17
walter_benitez__arg,Walter Benitez,ARG,GK,4.0,296802.0,https://www.transfermarkt.com/x/profil/spieler/296802,https://www.transfermarkt.de/walter-benitez/nationalmannschaft/spieler/296802/verein_id/3437,ok,,2026-06-05T10:41:31
ugurcan_cakir__tur,Ugurcan Cakir,TUR,GK,4.0,292199.0,https://www.transfermarkt.com/x/profil/spieler/292199,https://www.transfermarkt.de/ugurcan-cakir/nationalmannschaft/spieler/292199/verein_id/3381,ok,,2026-06-05T10:41:46
takumi_minamino__jpn,Takumi Minamino,JPN,MID,4.0,165793.0,https://www.transfermarkt.com/x/profil/spieler/165793,https://www.transfermarkt.de/takumi-minamino/nationalmannschaft/spieler/165793/verein_id/3435,ok,,2026-06-05T10:41:59
takefusa_kubo__jpn,Takefusa Kubo,JPN,MID,4.0,405398.0,https://www.transfermarkt.com/x/profil/spieler/405398,https://www.transfermarkt.de/takefusa-kubo/nationalmannschaft/spieler/405398/verein_id/3435,ok,,2026-06-05T10:42:14
sergio_rochet__uru,Sergio Rochet,URU,GK,4.0,264014.0,https://www.transfermarkt.com/x/profil/spieler/264014,https://www.transfermarkt.de/sergio-rochet/nationalmannschaft/spieler/264014/verein_id/3449,ok,,2026-06-05T10:42:28
senne_lammens__bel,Senne Lammens,BEL,GK,4.0,503883.0,https://www.transfermarkt.com/x/profil/spieler/503883,https://www.transfermarkt.de/senne-lammens/nationalmannschaft/spieler/503883/verein_id/3382,ok,,2026-06-05T10:42:42
rui_silva__por,Rui Silva,POR,GK,4.0,234811.0,https://www.transfermarkt.com/x/profil/spieler/234811,https://www.transfermarkt.de/rui-silva/nationalmannschaft/spieler/234811/verein_id/3300,ok,,2026-06-05T10:42:55
r_ben_neves__por,Ruben Neves,POR,MID,4.0,225161.0,https://www.transfermarkt.com/x/profil/spieler/225161,https://www.transfermarkt.de/ruben-neves/nationalmannschaft/spieler/225161/verein_id/3300,ok,,2026-06-05T10:43:10
r_ben_dias__por,Ruben Dias,POR,DEF,4.0,258004.0,https://www.transfermarkt.com/x/profil/spieler/258004,https://www.transfermarkt.de/ruben-dias/nationalmannschaft/spieler/258004/verein_id/3300,ok,,2026-06-05T10:43:27
robin_risser__fra,Robin Risser,FRA,GK,4.0,743515.0,https://www.transfermarkt.com/x/profil/spieler/743515,https://www.transfermarkt.de/robin-risser/nationalmannschaft/spieler/743515/verein_id/3377,ok,,2026-06-05T10:43:43
robin_olsen__swe,Robin Olsen,SWE,GK,4.0,75458.0,https://www.transfermarkt.com/x/profil/spieler/75458,https://www.transfermarkt.de/robin-olsen/nationalmannschaft/spieler/75458/verein_id/3557,ok,,2026-06-05T10:43:57
riyad_mahrez__alg,Riyad Mahrez,ALG,FWD,4.0,171424.0,https://www.transfermarkt.com/x/profil/spieler/171424,https://www.transfermarkt.de/riyad-mahrez/nationalmannschaft/spieler/171424/verein_id/3614,ok,,2026-06-05T10:44:12
ritsu_doan__jpn,Ritsu Doan,JPN,MID,4.0,358504.0,https://www.transfermarkt.com/x/profil/spieler/358504,https://www.transfermarkt.de/ritsu-doan/nationalmannschaft/spieler/358504/verein_id/3435,ok,,2026-06-05T10:44:27
ricardo_velho__por,Ricardo Velho,POR,GK,4.0,527026.0,https://www.transfermarkt.com/x/profil/spieler/527026,https://www.transfermarkt.de/ricardo-velho/nationalmannschaft/spieler/527026/verein_id/3300,ok,,2026-06-05T10:44:41
rayan_cherki__fra,Rayan Cherki,FRA,FWD,4.0,607223.0,https://www.transfermarkt.com/x/profil/spieler/607223,https://www.transfermarkt.de/rayan-cherki/nationalmannschaft/spieler/607223/verein_id/3377,ok,,2026-06-05T10:44:54
raul_rangel__mex,Raul Rangel,MEX,GK,4.0,802855.0,https://www.transfermarkt.com/x/profil/spieler/802855,https://www.transfermarkt.de/raul-rangel/nationalmannschaft/spieler/802855/verein_id/6303,ok,,2026-06-05T10:45:07
rafael_santos_borre__col,Rafael Santos Borre,COL,FWD,4.0,323831.0,https://www.transfermarkt.com/x/profil/spieler/323831,https://www.transfermarkt.de/rafael-borre/nationalmannschaft/spieler/323831/verein_id/3816,ok,,2026-06-05T10:45:21
pavel_sulc__cze,Pavel Sulc,CZE,MID,4.0,500053.0,https://www.transfermarkt.com/x/profil/spieler/500053,https://www.transfermarkt.de/pavel-sulc/nationalmannschaft/spieler/500053/verein_id/3445,ok,,2026-06-05T10:45:35
pau_cubars__esp,Pau Cubarsi,ESP,DEF,4.0,962110.0,https://www.transfermarkt.com/x/profil/spieler/962110,https://www.transfermarkt.de/pau-cubarsi/nationalmannschaft/spieler/962110/verein_id/3375,ok,,2026-06-05T10:45:49
ollie_watkins__eng,Ollie Watkins,ENG,FWD,4.0,324358.0,https://www.transfermarkt.com/x/profil/spieler/324358,https://www.transfermarkt.de/ollie-watkins/nationalmannschaft/spieler/324358/verein_id/3299,ok,,2026-06-05T10:46:05
nicol_s_tagliafico__arg,Nicolas Tagliafico,ARG,DEF,4.0,131225.0,https://www.transfermarkt.com/x/profil/spieler/131225,https://www.transfermarkt.de/nicolas-tagliafico/nationalmannschaft/spieler/131225/verein_id/3437,ok,,2026-06-05T10:46:19
nico_schlotterbeck__ger,Nico Schlotterbeck,GER,DEF,4.0,388198.0,https://www.transfermarkt.com/x/profil/spieler/388198,https://www.transfermarkt.de/nico-schlotterbeck/nationalmannschaft/spieler/388198/verein_id/3262,ok,,2026-06-05T10:46:36
nico_o_reilly__eng,Nico O'Reilly,ENG,DEF,4.0,743413.0,https://www.transfermarkt.com/x/profil/spieler/743413,https://www.transfermarkt.de/nico-oreilly/nationalmannschaft/spieler/743413/verein_id/3299,ok,,2026-06-05T10:46:49
nico_gonzalez__arg,Nico Gonzalez,ARG,FWD,4.0,466805.0,https://www.transfermarkt.com/x/profil/spieler/466805,https://www.transfermarkt.de/nico-gonzalez/nationalmannschaft/spieler/466805/verein_id/9567,ok,,2026-06-05T10:47:03
n_lson_semedo__por,Nelson Semedo,POR,DEF,4.0,231572.0,https://www.transfermarkt.com/x/profil/spieler/231572,https://www.transfermarkt.de/nelson-semedo/nationalmannschaft/spieler/231572/verein_id/3300,ok,,2026-06-05T10:47:16
nahuel_molina__arg,Nahuel Molina,ARG,DEF,4.0,424042.0,https://www.transfermarkt.com/x/profil/spieler/424042,https://www.transfermarkt.de/nahuel-molina/nationalmannschaft/spieler/424042/verein_id/3437,ok,,2026-06-05T10:47:30
micky_van_de_ven__ned,Micky van de Ven,NED,DEF,4.0,557459.0,https://www.transfermarkt.com/x/profil/spieler/557459,https://www.transfermarkt.de/micky-van-de-ven/nationalmannschaft/spieler/557459/verein_id/3379,ok,,2026-06-05T10:47:44
memphis_depay__ned,Memphis Depay,NED,FWD,4.0,167850.0,https://www.transfermarkt.com/x/profil/spieler/167850,https://www.transfermarkt.de/memphis-depay/nationalmannschaft/spieler/167850/verein_id/3379,ok,,2026-06-05T10:48:00
maxim_de_cuyper__bel,Maxim De Cuyper,BEL,DEF,4.0,429915.0,https://www.transfermarkt.com/x/profil/spieler/429915,https://www.transfermarkt.de/maxim-de-cuyper/nationalmannschaft/spieler/429915/verein_id/3382,ok,,2026-06-05T10:48:13
mat_as_vi_a__uru,Matias Viña,URU,DEF,4.0,439072.0,https://www.transfermarkt.com/x/profil/spieler/439072,https://www.transfermarkt.de/matias-vina/nationalmannschaft/spieler/439072/verein_id/3449,ok,,2026-06-05T10:48:27
math_as_olivera__uru,Mathias Olivera,URU,DEF,4.0,376514.0,https://www.transfermarkt.com/x/profil/spieler/376514,https://www.transfermarkt.de/mathias-olivera/nationalmannschaft/spieler/376514/verein_id/3449,ok,,2026-06-05T10:48:40
mateo_kovacic__cro,Mateo Kovacic,CRO,MID,4.0,51471.0,https://www.transfermarkt.com/x/profil/spieler/51471,https://www.transfermarkt.de/mateo-kovacic/nationalmannschaft/spieler/51471/verein_id/3556,ok,,2026-06-05T10:48:54
mark_flekken__ned,Mark Flekken,NED,GK,4.0,125714.0,https://www.transfermarkt.com/x/profil/spieler/125714,https://www.transfermarkt.de/mark-flekken/nationalmannschaft/spieler/125714/verein_id/3379,ok,,2026-06-05T10:49:08
malo_gusto__fra,Malo Gusto,FRA,DEF,4.0,620322.0,https://www.transfermarkt.com/x/profil/spieler/620322,https://www.transfermarkt.de/malo-gusto/nationalmannschaft/spieler/620322/verein_id/3377,ok,,2026-06-05T10:49:22
malik_tillman__usa,Malik Tillman,USA,MID,4.0,467437.0,https://www.transfermarkt.com/x/profil/spieler/467437,https://www.transfermarkt.de/malik-tillman/nationalmannschaft/spieler/467437/verein_id/3505,ok,,2026-06-05T10:49:35
luka_modri__cro,Luka Modric,CRO,MID,4.0,27992.0,https://www.transfermarkt.com/x/profil/spieler/27992,https://www.transfermarkt.de/luka-modric/nationalmannschaft/spieler/27992/verein_id/3556,ok,,2026-06-05T10:49:49
lois_openda__bel,Lois Openda,BEL,FWD,4.0,368887.0,https://www.transfermarkt.com/x/profil/spieler/368887,https://www.transfermarkt.de/lois-openda/nationalmannschaft/spieler/368887/verein_id/3382,ok,,2026-06-05T10:50:03
leonardo_balerdi__arg,Leonardo Balerdi,ARG,DEF,4.0,575998.0,https://www.transfermarkt.com/x/profil/spieler/575998,https://www.transfermarkt.de/leonardo-balerdi/nationalmannschaft/spieler/575998/verein_id/3437,ok,,2026-06-05T10:50:17
leandro_paredes__arg,Leandro Paredes,ARG,MID,4.0,166237.0,https://www.transfermarkt.com/x/profil/spieler/166237,https://www.transfermarkt.de/leandro-paredes/nationalmannschaft/spieler/166237/verein_id/3437,ok,,2026-06-05T10:50:31
kristoffer_nordfeldt__swe,Kristoffer Nordfeldt,SWE,GK,4.0,75890.0,https://www.transfermarkt.com/x/profil/spieler/75890,https://www.transfermarkt.de/kristoffer-nordfeldt/nationalmannschaft/spieler/75890/verein_id/3557,ok,,2026-06-05T10:50:45
koki_ogawa__jpn,Koki Ogawa,JPN,FWD,4.0,351567.0,https://www.transfermarkt.com/x/profil/spieler/351567,https://www.transfermarkt.de/koki-ogawa/nationalmannschaft/spieler/351567/verein_id/3435,ok,,2026-06-05T10:50:58
juan_musso__arg,Juan Musso,ARG,GK,4.0,242359.0,https://www.transfermarkt.com/x/profil/spieler/242359,https://www.transfermarkt.de/juan-musso/nationalmannschaft/spieler/242359/verein_id/3437,ok,,2026-06-05T10:51:23
joao_pedro__bra,João Pedro,BRA,FWD,4.0,626724.0,https://www.transfermarkt.com/x/profil/spieler/626724,https://www.transfermarkt.de/joao-pedro/nationalmannschaft/spieler/626724/verein_id/3439,ok,,2026-06-05T10:51:37
jonas_urbig__ger,Jonas Urbig,GER,GK,4.0,607720.0,https://www.transfermarkt.com/x/profil/spieler/607720,https://www.transfermarkt.de/jonas-urbig/nationalmannschaft/spieler/607720/verein_id/3262,ok,,2026-06-05T10:51:52
john_stones__eng,John Stones,ENG,DEF,4.0,186590.0,https://www.transfermarkt.com/x/profil/spieler/186590,https://www.transfermarkt.de/john-stones/nationalmannschaft/spieler/186590/verein_id/3299,ok,,2026-06-05T10:52:06
joan_garcia__esp,Joan Garcia,ESP,GK,4.0,561613.0,https://www.transfermarkt.com/x/profil/spieler/561613,https://www.transfermarkt.de/joan-garcia/nationalmannschaft/spieler/561613/verein_id/3375,ok,,2026-06-05T10:52:21
jeremie_frimpong__ned,Jeremie Frimpong,NED,DEF,4.0,484547.0,https://www.transfermarkt.com/x/profil/spieler/484547,https://www.transfermarkt.de/jeremie-frimpong/nationalmannschaft/spieler/484547/verein_id/3379,ok,,2026-06-05T10:52:36
james_trafford__eng,James Trafford,ENG,GK,4.0,566799.0,https://www.transfermarkt.com/x/profil/spieler/566799,https://www.transfermarkt.de/james-trafford/nationalmannschaft/spieler/566799/verein_id/3299,ok,,2026-06-05T10:52:51
james_rodr_guez__col,James Rodriguez,COL,MID,4.0,88103.0,https://www.transfermarkt.com/x/profil/spieler/88103,https://www.transfermarkt.de/james-rodriguez/nationalmannschaft/spieler/88103/verein_id/3816,ok,,2026-06-05T10:53:05
lee_jae_sung__kor,Jae-Sung Lee,KOR,MID,4.0,314398.0,https://www.transfermarkt.com/x/profil/spieler/314398,https://www.transfermarkt.de/jae-sung-lee/nationalmannschaft/spieler/314398/verein_id/3589,ok,,2026-06-05T10:53:20
igor_thiago__bra,Igor Thiago,BRA,FWD,4.0,739443.0,https://www.transfermarkt.com/x/profil/spieler/739443,https://www.transfermarkt.de/igor-thiago/nationalmannschaft/spieler/739443/verein_id/3439,ok,,2026-06-05T10:53:35
ibrahim_mbaye__sen,Ibrahim Mbaye,SEN,MID,4.0,1185888.0,https://www.transfermarkt.com/x/profil/spieler/1185888,https://www.transfermarkt.de/ibrahim-mbaye/nationalmannschaft/spieler/1185888/verein_id/3499,ok,,2026-06-05T10:53:49
hans_vanaken__bel,Hans Vanaken,BEL,MID,4.0,137576.0,https://www.transfermarkt.com/x/profil/spieler/137576,https://www.transfermarkt.de/hans-vanaken/nationalmannschaft/spieler/137576/verein_id/3382,ok,,2026-06-05T10:54:02
hakan_calhanoglu__tur,Hakan Calhanoglu,TUR,MID,4.0,126414.0,https://www.transfermarkt.com/x/profil/spieler/126414,https://www.transfermarkt.de/hakan-calhanoglu/nationalmannschaft/spieler/126414/verein_id/3381,ok,,2026-06-05T10:54:17
gregor_kobel__sui,Gregor Kobel,SUI,GK,4.0,257814.0,https://www.transfermarkt.com/x/profil/spieler/257814,https://www.transfermarkt.de/gregor-kobel/nationalmannschaft/spieler/257814/verein_id/3384,ok,,2026-06-05T10:54:31
granit_xhaka__sui,Granit Xhaka,SUI,MID,4.0,111455.0,https://www.transfermarkt.com/x/profil/spieler/111455,https://www.transfermarkt.de/granit-xhaka/nationalmannschaft/spieler/111455/verein_id/3384,ok,,2026-06-05T10:54:46
gon_alo_in_cio__por,Goncalo Inacio,POR,DEF,4.0,549006.0,https://www.transfermarkt.com/x/profil/spieler/549006,https://www.transfermarkt.de/goncalo-inacio/nationalmannschaft/spieler/549006/verein_id/3300,ok,,2026-06-05T10:55:00
giuliano_simeone__arg,Giuliano Simeone,ARG,FWD,4.0,742201.0,https://www.transfermarkt.com/x/profil/spieler/742201,https://www.transfermarkt.de/giuliano-simeone/nationalmannschaft/spieler/742201/verein_id/3437,ok,,2026-06-05T10:55:14
giovani_lo_celso__arg,Giovani Lo Celso,ARG,MID,4.0,348795.0,https://www.transfermarkt.com/x/profil/spieler/348795,https://www.transfermarkt.de/giovani-lo-celso/nationalmannschaft/spieler/348795/verein_id/3437,ok,,2026-06-05T10:55:27
giorgian_de_arrascaeta__uru,Giorgian De Arrascaeta,URU,MID,4.0,248410.0,https://www.transfermarkt.com/x/profil/spieler/248410,https://www.transfermarkt.de/giorgian-de-arrascaeta/nationalmannschaft/spieler/248410/verein_id/3449,ok,,2026-06-05T10:55:43
gabriel_martinelli__bra,Gabriel Martinelli,BRA,FWD,4.0,655488.0,https://www.transfermarkt.com/x/profil/spieler/655488,https://www.transfermarkt.de/gabriel-martinelli/nationalmannschaft/spieler/655488/verein_id/3439,ok,,2026-06-05T10:55:57
francisco_trinc_o__por,Francisco Trincao,POR,FWD,4.0,412669.0,https://www.transfermarkt.com/x/profil/spieler/412669,https://www.transfermarkt.de/francisco-trincao/nationalmannschaft/spieler/412669/verein_id/3300,ok,,2026-06-05T10:56:11
folarin_balogun__usa,Folarin Balogun,USA,FWD,4.0,503770.0,https://www.transfermarkt.com/x/profil/spieler/503770,https://www.transfermarkt.de/folarin-balogun/nationalmannschaft/spieler/503770/verein_id/3505,ok,,2026-06-05T10:56:26
finn_dahmen__ger,Finn Dahmen,GER,GK,4.0,251299.0,https://www.transfermarkt.com/x/profil/spieler/251299,https://www.transfermarkt.de/finn-dahmen/nationalmannschaft/spieler/251299/verein_id/3262,ok,,2026-06-05T10:56:40
fernando_muslera__uru,Fernando Muslera,URU,GK,4.0,58088.0,https://www.transfermarkt.com/x/profil/spieler/58088,https://www.transfermarkt.de/fernando-muslera/nationalmannschaft/spieler/58088/verein_id/3449,ok,,2026-06-05T10:56:55
federico_vi_as__uru,Federico Vinas,URU,FWD,4.0,578419.0,https://www.transfermarkt.com/x/profil/spieler/578419,https://www.transfermarkt.de/federico-vinas/nationalmannschaft/spieler/578419/verein_id/3449,ok,,2026-06-05T10:57:09
enner_valencia__ecu,Enner Valencia,ECU,FWD,4.0,139503.0,https://www.transfermarkt.com/x/profil/spieler/139503,https://www.transfermarkt.de/enner-valencia/nationalmannschaft/spieler/139503/verein_id/5750,ok,,2026-06-05T10:57:23
elliot_anderson__eng,Elliot Anderson,ENG,MID,4.0,567576.0,https://www.transfermarkt.com/x/profil/spieler/567576,https://www.transfermarkt.de/elliot-anderson/nationalmannschaft/spieler/567576/verein_id/3299,ok,,2026-06-05T10:57:37
dominik_livakovi__cro,Dominik Livakovic,CRO,GK,4.0,205927.0,https://www.transfermarkt.com/x/profil/spieler/205927,https://www.transfermarkt.de/dominik-livakovic/nationalmannschaft/spieler/205927/verein_id/3556,ok,,2026-06-05T10:57:51
diogo_dalot__por,Diogo Dalot,POR,DEF,4.0,357147.0,https://www.transfermarkt.com/x/profil/spieler/357147,https://www.transfermarkt.de/diogo-dalot/nationalmannschaft/spieler/357147/verein_id/3300,ok,,2026-06-05T10:58:05
d_sir_dou__fra,Desire Doue,FRA,FWD,4.0,914562.0,https://www.transfermarkt.com/x/profil/spieler/914562,https://www.transfermarkt.de/desire-doue/nationalmannschaft/spieler/914562/verein_id/3377,ok,,2026-06-05T10:58:19
dean_donny_huijsen__esp,Dean Donny Huijsen,ESP,DEF,4.0,890290.0,https://www.transfermarkt.com/x/profil/spieler/890290,https://www.transfermarkt.de/dean-huijsen/nationalmannschaft/spieler/890290/verein_id/3375,ok,,2026-06-05T10:58:32
dayot_upamecano__fra,Dayot Upamecano,FRA,DEF,4.0,344695.0,https://www.transfermarkt.com/x/profil/spieler/344695,https://www.transfermarkt.de/dayot-upamecano/nationalmannschaft/spieler/344695/verein_id/3377,ok,,2026-06-05T10:58:48
daniel_mu_oz__col,Daniel Muñoz,COL,DEF,4.0,493003.0,https://www.transfermarkt.com/x/profil/spieler/493003,https://www.transfermarkt.de/daniel-munoz/nationalmannschaft/spieler/493003/verein_id/3816,ok,,2026-06-05T10:59:04
dan_ndoye__sui,Dan Ndoye,SUI,FWD,4.0,365108.0,https://www.transfermarkt.com/x/profil/spieler/365108,https://www.transfermarkt.de/dan-ndoye/nationalmannschaft/spieler/365108/verein_id/3384,ok,,2026-06-05T10:59:18
cristian_romero__arg,Cristian Romero,ARG,DEF,4.0,355915.0,https://www.transfermarkt.com/x/profil/spieler/355915,https://www.transfermarkt.de/cristian-romero/nationalmannschaft/spieler/355915/verein_id/3437,ok,,2026-06-05T10:59:34
christian_pulisic__usa,Christian Pulisic,USA,FWD,4.0,315779.0,https://www.transfermarkt.com/x/profil/spieler/315779,https://www.transfermarkt.de/christian-pulisic/nationalmannschaft/spieler/315779/verein_id/3505,ok,,2026-06-05T10:59:48
camilo_vargas__col,Camilo Vargas,COL,GK,4.0,74113.0,https://www.transfermarkt.com/x/profil/spieler/74113,https://www.transfermarkt.de/camilo-vargas/nationalmannschaft/spieler/74113/verein_id/3816,ok,,2026-06-05T11:00:03
bradley_barcola__fra,Bradley Barcola,FRA,MID,4.0,708265.0,https://www.transfermarkt.com/x/profil/spieler/708265,https://www.transfermarkt.de/bradley-barcola/nationalmannschaft/spieler/708265/verein_id/3377,ok,,2026-06-05T11:00:17
antonio_sanabria__par,Antonio Sanabria,PAR,FWD,4.0,234523.0,https://www.transfermarkt.com/x/profil/spieler/234523,https://www.transfermarkt.de/antonio-sanabria/nationalmannschaft/spieler/234523/verein_id/3581,ok,,2026-06-05T11:00:31
antoine_semenyo__gha,Antoine Semenyo,GHA,FWD,4.0,583255.0,https://www.transfermarkt.com/x/profil/spieler/583255,https://www.transfermarkt.de/antoine-semenyo/nationalmannschaft/spieler/583255/verein_id/3441,ok,,2026-06-05T11:00:46
anthony_gordon__eng,Anthony Gordon,ENG,FWD,4.0,503733.0,https://www.transfermarkt.com/x/profil/spieler/503733,https://www.transfermarkt.de/anthony-gordon/nationalmannschaft/spieler/503733/verein_id/3299,ok,,2026-06-05T11:01:00
alvaro_montero__col,Alvaro Montero,COL,GK,4.0,292985.0,https://www.transfermarkt.com/x/profil/spieler/292985,https://www.transfermarkt.de/alvaro-montero/nationalmannschaft/spieler/292985/verein_id/3816,ok,,2026-06-05T11:01:13
alphonso_davies__can,Alphonso Davies,CAN,DEF,4.0,424204.0,https://www.transfermarkt.com/x/profil/spieler/424204,https://www.transfermarkt.de/alphonso-davies/nationalmannschaft/spieler/424204/verein_id/3510,ok,,2026-06-05T11:01:27
alexis_saelemaekers__bel,Alexis Saelemaekers,BEL,FWD,4.0,381950.0,https://www.transfermarkt.com/x/profil/spieler/381950,https://www.transfermarkt.de/alexis-saelemaekers/nationalmannschaft/spieler/381950/verein_id/3382,ok,,2026-06-05T11:01:44
adrien_rabiot__fra,Adrien Rabiot,FRA,MID,4.0,182913.0,https://www.transfermarkt.com/x/profil/spieler/182913,https://www.transfermarkt.de/adrien-rabiot/nationalmannschaft/spieler/182913/verein_id/3377,ok,,2026-06-05T11:01:58
achraf_hakimi__mar,Achraf Hakimi,MAR,DEF,4.0,398073.0,https://www.transfermarkt.com/x/profil/spieler/398073,https://www.transfermarkt.de/achraf-hakimi/nationalmannschaft/spieler/398073/verein_id/3575,ok,,2026-06-05T11:02:12
zeno_debast__bel,Zeno Debast,BEL,DEF,3.5,548193.0,https://www.transfermarkt.com/x/profil/spieler/548193,https://www.transfermarkt.de/zeno-debast/nationalmannschaft/spieler/548193/verein_id/3382,ok,,2026-06-05T11:02:25
yukinari_sugawara__jpn,Yukinari Sugawara,JPN,DEF,3.5,405385.0,https://www.transfermarkt.com/x/profil/spieler/405385,https://www.transfermarkt.de/yukinari-sugawara/nationalmannschaft/spieler/405385/verein_id/3435,ok,,2026-06-05T11:02:40
youssef_en_nesyri__mar,Youssef En-Nesyri,MAR,FWD,3.5,433049.0,https://www.transfermarkt.com/x/profil/spieler/433049,https://www.transfermarkt.de/youssef-en-nesyri/nationalmannschaft/spieler/433049/verein_id/3575,ok,,2026-06-05T11:02:54
youri_tielemans__bel,Youri Tielemans,BEL,MID,3.5,249565.0,https://www.transfermarkt.com/x/profil/spieler/249565,https://www.transfermarkt.de/youri-tielemans/nationalmannschaft/spieler/249565/verein_id/3382,ok,,2026-06-05T11:03:09
yoane_wissa__cod,Yoane Wissa,COD,FWD,3.5,388165.0,https://www.transfermarkt.com/x/profil/spieler/388165,https://www.transfermarkt.de/yoane-wissa/nationalmannschaft/spieler/388165/verein_id/3854,ok,,2026-06-05T11:03:25
yeremy_pino__esp,Yeremy Pino,ESP,MID,3.5,568157.0,https://www.transfermarkt.com/x/profil/spieler/568157,https://www.transfermarkt.de/yeremy-pino/nationalmannschaft/spieler/568157/verein_id/3375,ok,,2026-06-05T11:03:40
yasin_ayari__swe,Yasin Ayari,SWE,MID,3.5,667287.0,https://www.transfermarkt.com/x/profil/spieler/667287,https://www.transfermarkt.de/yasin-ayari/nationalmannschaft/spieler/667287/verein_id/3557,ok,,2026-06-05T11:03:56
willy_semedo__cpv,Willy Semedo,CPV,FWD,3.5,531450.0,https://www.transfermarkt.com/x/profil/spieler/531450,https://www.transfermarkt.de/willy-semedo/nationalmannschaft/spieler/531450/verein_id/4311,ok,,2026-06-05T11:04:10
weston_mckennie__usa,Weston McKennie,USA,MID,3.5,332697.0,https://www.transfermarkt.com/x/profil/spieler/332697,https://www.transfermarkt.de/weston-mckennie/nationalmannschaft/spieler/332697/verein_id/3505,ok,,2026-06-05T11:04:26
waldemar_anton__ger,Waldemar Anton,GER,DEF,3.5,193004.0,https://www.transfermarkt.com/x/profil/spieler/193004,https://www.transfermarkt.de/waldemar-anton/nationalmannschaft/spieler/193004/verein_id/3262,ok,,2026-06-05T11:04:42
viktor_johansson__swe,Viktor Johansson,SWE,GK,3.5,273742.0,https://www.transfermarkt.com/x/profil/spieler/273742,https://www.transfermarkt.de/viktor-johansson/nationalmannschaft/spieler/273742/verein_id/3557,ok,,2026-06-05T11:04:58
trent_alexander_arnold__eng,Trent Alexander-Arnold,ENG,DEF,3.5,314353.0,https://www.transfermarkt.com/x/profil/spieler/314353,https://www.transfermarkt.de/trent-alexander-arnold/nationalmannschaft/spieler/314353/verein_id/3299,ok,,2026-06-05T11:05:12
tomoki_hayakawa__jpn,Tomoki Hayakawa,JPN,GK,3.5,683271.0,https://www.transfermarkt.com/x/profil/spieler/683271,https://www.transfermarkt.de/tomoki-hayakawa/nationalmannschaft/spieler/683271/verein_id/3435,ok,,2026-06-05T11:05:28
tomas_soucek__cze,Tomas Soucek,CZE,MID,3.5,283628.0,https://www.transfermarkt.com/x/profil/spieler/283628,https://www.transfermarkt.de/tomas-soucek/nationalmannschaft/spieler/283628/verein_id/3445,ok,,2026-06-05T11:05:44
tom_s_ara_jo__por,Tomas Araujo,POR,DEF,3.5,504087.0,https://www.transfermarkt.com/x/profil/spieler/504087,https://www.transfermarkt.de/tomas-araujo/nationalmannschaft/spieler/504087/verein_id/3300,ok,,2026-06-05T11:06:00
timothy_castagne__bel,Timothy Castagne,BEL,DEF,3.5,262226.0,https://www.transfermarkt.com/x/profil/spieler/262226,https://www.transfermarkt.de/timothy-castagne/nationalmannschaft/spieler/262226/verein_id/3382,ok,,2026-06-05T11:06:19
thomas_meunier__bel,Thomas Meunier,BEL,DEF,3.5,100986.0,https://www.transfermarkt.com/x/profil/spieler/100986,https://www.transfermarkt.de/thomas-meunier/nationalmannschaft/spieler/100986/verein_id/3382,ok,,2026-06-05T11:06:34
teun_koopmeiners__ned,Teun Koopmeiners,NED,MID,3.5,360518.0,https://www.transfermarkt.com/x/profil/spieler/360518,https://www.transfermarkt.de/teun-koopmeiners/nationalmannschaft/spieler/360518/verein_id/3379,ok,,2026-06-05T11:06:49
teboho_mokoena__rsa,Teboho Mokoena,RSA,MID,3.5,436372.0,https://www.transfermarkt.com/x/profil/spieler/436372,https://www.transfermarkt.de/teboho-mokoena/nationalmannschaft/spieler/436372/verein_id/3806,ok,,2026-06-05T11:07:04
tajon_buchanan__can,Tajon Buchanan,CAN,MID,3.5,638793.0,https://www.transfermarkt.com/x/profil/spieler/638793,https://www.transfermarkt.de/tajon-buchanan/nationalmannschaft/spieler/638793/verein_id/3510,ok,,2026-06-05T11:07:18
santiago_mele__uru,Santiago Mele,URU,GK,3.5,320739.0,https://www.transfermarkt.com/x/profil/spieler/320739,https://www.transfermarkt.de/santiago-mele/nationalmannschaft/spieler/320739/verein_id/3449,ok,,2026-06-05T11:07:35
santiago_bueno__uru,Santiago Bueno,URU,DEF,3.5,438001.0,https://www.transfermarkt.com/x/profil/spieler/438001,https://www.transfermarkt.de/santiago-bueno/nationalmannschaft/spieler/438001/verein_id/3449,ok,,2026-06-05T11:07:51
santiago_arias__col,Santiago Arias,COL,DEF,3.5,120443.0,https://www.transfermarkt.com/x/profil/spieler/120443,https://www.transfermarkt.de/santiago-arias/nationalmannschaft/spieler/120443/verein_id/3816,ok,,2026-06-05T11:08:05
ryan_gravenberch__ned,Ryan Gravenberch,NED,MID,3.5,478573.0,https://www.transfermarkt.com/x/profil/spieler/478573,https://www.transfermarkt.de/ryan-gravenberch/nationalmannschaft/spieler/478573/verein_id/3379,ok,,2026-06-05T11:08:21
ruben_vargas__sui,Ruben Vargas,SUI,FWD,3.5,345886.0,https://www.transfermarkt.com/x/profil/spieler/345886,https://www.transfermarkt.de/ruben-vargas/nationalmannschaft/spieler/345886/verein_id/3384,ok,,2026-06-05T11:08:35
robin_roefs__ned,Robin Roefs,NED,GK,3.5,646991.0,https://www.transfermarkt.com/x/profil/spieler/646991,https://www.transfermarkt.de/robin-roefs/nationalmannschaft/spieler/646991/verein_id/3379,ok,,2026-06-05T11:08:50
robin_koch__ger,Robin Koch,GER,DEF,3.5,328784.0,https://www.transfermarkt.com/x/profil/spieler/328784,https://www.transfermarkt.de/robin-koch/nationalmannschaft/spieler/328784/verein_id/3262,ok,,2026-06-05T11:09:06
richard_r_os__col,Richard Rios,COL,MID,3.5,735573.0,https://www.transfermarkt.com/x/profil/spieler/735573,https://www.transfermarkt.de/richard-rios/nationalmannschaft/spieler/735573/verein_id/3816,ok,,2026-06-05T11:09:20
remo_freuler__sui,Remo Freuler,SUI,MID,3.5,148252.0,https://www.transfermarkt.com/x/profil/spieler/148252,https://www.transfermarkt.de/remo-freuler/nationalmannschaft/spieler/148252/verein_id/3384,ok,,2026-06-05T11:09:36
reece_james__eng,Reece James,ENG,DEF,3.5,472423.0,https://www.transfermarkt.com/x/profil/spieler/472423,https://www.transfermarkt.de/reece-james/nationalmannschaft/spieler/472423/verein_id/3299,ok,,2026-06-05T11:09:49
piero_hincapi__ecu,Piero Hincapie,ECU,DEF,3.5,659813.0,https://www.transfermarkt.com/x/profil/spieler/659813,https://www.transfermarkt.de/piero-hincapie/nationalmannschaft/spieler/659813/verein_id/5750,ok,,2026-06-05T11:10:06
pervis_estupi_n__ecu,Pervis Estupinan,ECU,DEF,3.5,349599.0,https://www.transfermarkt.com/x/profil/spieler/349599,https://www.transfermarkt.de/pervis-estupinan/nationalmannschaft/spieler/349599/verein_id/5750,ok,,2026-06-05T11:10:19
oswin_appollis__rsa,Oswin Appollis,RSA,FWD,3.5,673381.0,https://www.transfermarkt.com/x/profil/spieler/673381,https://www.transfermarkt.de/oswin-appollis/nationalmannschaft/spieler/673381/verein_id/3806,ok,,2026-06-05T11:10:33
omar_alderete__par,Omar Alderete,PAR,DEF,3.5,353032.0,https://www.transfermarkt.com/x/profil/spieler/353032,https://www.transfermarkt.de/omar-alderete/nationalmannschaft/spieler/353032/verein_id/3581,ok,,2026-06-05T11:10:46
noussair_mazraoui__mar,Noussair Mazraoui,MAR,DEF,3.5,340456.0,https://www.transfermarkt.com/x/profil/spieler/340456,https://www.transfermarkt.de/noussair-mazraoui/nationalmannschaft/spieler/340456/verein_id/3575,ok,,2026-06-05T11:11:00
noni_madueke__eng,Noni Madueke,ENG,FWD,3.5,503987.0,https://www.transfermarkt.com/x/profil/spieler/503987,https://www.transfermarkt.de/noni-madueke/nationalmannschaft/spieler/503987/verein_id/3299,ok,,2026-06-05T11:11:13
noel_tornqvist__swe,Noel Törnqvist,SWE,GK,3.5,730531.0,https://www.transfermarkt.com/x/profil/spieler/730531,https://www.transfermarkt.de/noel-tornqvist/nationalmannschaft/spieler/730531/verein_id/3557,ok,,2026-06-05T11:11:27
nestory_irankunda__aus,Nestory Irankunda,AUS,FWD,3.5,956920.0,https://www.transfermarkt.com/x/profil/spieler/956920,https://www.transfermarkt.de/nestory-irankunda/nationalmannschaft/spieler/956920/verein_id/3433,ok,,2026-06-05T11:11:40
nathan_ak__ned,Nathan Ake,NED,DEF,3.5,177476.0,https://www.transfermarkt.com/x/profil/spieler/177476,https://www.transfermarkt.de/nathan-ake/nationalmannschaft/spieler/177476/verein_id/3379,ok,,2026-06-05T11:11:54
mohamed_zeki_amdouni__sui,Mohamed Zeki Amdouni,SUI,FWD,3.5,548729.0,https://www.transfermarkt.com/x/profil/spieler/548729,https://www.transfermarkt.de/zeki-amdouni/nationalmannschaft/spieler/548729/verein_id/3384,ok,,2026-06-05T11:12:08
mohamed_amoura__alg,Mohamed Amoura,ALG,FWD,3.5,746910.0,https://www.transfermarkt.com/x/profil/spieler/746910,https://www.transfermarkt.de/mohamed-amoura/nationalmannschaft/spieler/746910/verein_id/3614,ok,,2026-06-05T11:12:22
kim_min_jae__kor,Min-jae Kim,KOR,DEF,3.5,503482.0,https://www.transfermarkt.com/x/profil/spieler/503482,https://www.transfermarkt.de/min-jae-kim/nationalmannschaft/spieler/503482/verein_id/3589,ok,,2026-06-05T11:12:38
mike_penders__bel,Mike Penders,BEL,GK,3.5,834397.0,https://www.transfermarkt.com/x/profil/spieler/834397,https://www.transfermarkt.de/mike-penders/nationalmannschaft/spieler/834397/verein_id/3382,ok,,2026-06-05T11:12:52
miguel_almir_n__par,Miguel Almiron,PAR,MID,3.5,272999.0,https://www.transfermarkt.com/x/profil/spieler/272999,https://www.transfermarkt.de/miguel-almiron/nationalmannschaft/spieler/272999/verein_id/3581,ok,,2026-06-05T11:13:06
michael_gregoritsch__aut,Michael Gregoritsch,AUT,FWD,3.5,120205.0,https://www.transfermarkt.com/x/profil/spieler/120205,https://www.transfermarkt.de/michael-gregoritsch/nationalmannschaft/spieler/120205/verein_id/3383,ok,,2026-06-05T11:13:20
mert_gunok__tur,Mert Günok,TUR,GK,3.5,51894.0,https://www.transfermarkt.com/x/profil/spieler/51894,https://www.transfermarkt.de/mert-gunok/nationalmannschaft/spieler/51894/verein_id/3381,ok,,2026-06-05T11:13:35
melker_ellborg__swe,Melker Ellborg,SWE,GK,3.5,605426.0,https://www.transfermarkt.com/x/profil/spieler/605426,https://www.transfermarkt.de/melker-ellborg/nationalmannschaft/spieler/605426/verein_id/3557,ok,,2026-06-05T11:13:49
mehdi_taremi__irn,Mehdi Taremi,IRN,FWD,3.5,307058.0,https://www.transfermarkt.com/x/profil/spieler/307058,https://www.transfermarkt.de/mehdi-taremi/nationalmannschaft/spieler/307058/verein_id/3582,ok,,2026-06-05T11:14:06
matt_freese__usa,Matt Freese,USA,GK,3.5,500309.0,https://www.transfermarkt.com/x/profil/spieler/500309,https://www.transfermarkt.de/matt-freese/nationalmannschaft/spieler/500309/verein_id/3505,ok,,2026-06-05T11:14:19
mario_pa_ali__cro,Mario Pasalic,CRO,MID,3.5,205938.0,https://www.transfermarkt.com/x/profil/spieler/205938,https://www.transfermarkt.de/mario-pasalic/nationalmannschaft/spieler/205938/verein_id/3556,ok,,2026-06-05T11:14:33
marcos_llorente__esp,Marcos Llorente,ESP,MID,3.5,282411.0,https://www.transfermarkt.com/x/profil/spieler/282411,https://www.transfermarkt.de/marcos-llorente/nationalmannschaft/spieler/282411/verein_id/3375,ok,,2026-06-05T11:14:47
manuel_ugarte__uru,Manuel Ugarte,URU,MID,3.5,476701.0,https://www.transfermarkt.com/x/profil/spieler/476701,https://www.transfermarkt.de/manuel-ugarte/nationalmannschaft/spieler/476701/verein_id/3449,ok,,2026-06-05T11:15:02
manuel_akanji__sui,Manuel Akanji,SUI,DEF,3.5,284730.0,https://www.transfermarkt.com/x/profil/spieler/284730,https://www.transfermarkt.de/manuel-akanji/nationalmannschaft/spieler/284730/verein_id/3384,ok,,2026-06-05T11:15:15
maghnes_akliouche__fra,Maghnes Akliouche,FRA,FWD,3.5,745200.0,https://www.transfermarkt.com/x/profil/spieler/745200,https://www.transfermarkt.de/maghnes-akliouche/nationalmannschaft/spieler/745200/verein_id/3377,ok,,2026-06-05T11:15:31
maarten_vandevoordt__bel,Maarten Vandevoordt,BEL,GK,3.5,486046.0,https://www.transfermarkt.com/x/profil/spieler/486046,https://www.transfermarkt.de/maarten-vandevoordt/nationalmannschaft/spieler/486046/verein_id/3382,ok,,2026-06-05T11:15:45
lyle_foster__rsa,Lyle Foster,RSA,FWD,3.5,467623.0,https://www.transfermarkt.com/x/profil/spieler/467623,https://www.transfermarkt.de/lyle-foster/nationalmannschaft/spieler/467623/verein_id/3806,ok,,2026-06-05T11:15:59
lewis_hall__eng,Lewis Hall,ENG,DEF,3.5,670858.0,https://www.transfermarkt.com/x/profil/spieler/670858,https://www.transfermarkt.de/lewis-hall/nationalmannschaft/spieler/670858/verein_id/3299,ok,,2026-06-05T11:16:12
kristijan_jaki__cro,Kristijan Jakic,CRO,DEF,3.5,374954.0,https://www.transfermarkt.com/x/profil/spieler/374954,https://www.transfermarkt.de/kristijan-jakic/nationalmannschaft/spieler/374954/verein_id/3556,ok,,2026-06-05T11:16:26
kevin_schade__ger,Kevin Schade,GER,MID,3.5,473050.0,https://www.transfermarkt.com/x/profil/spieler/473050,https://www.transfermarkt.de/kevin-schade/nationalmannschaft/spieler/473050/verein_id/3262,ok,,2026-06-05T11:16:42
kerim_alajbegovi__bih,Kerim Alajbegovic,BIH,MID,3.5,929994.0,https://www.transfermarkt.com/x/profil/spieler/929994,https://www.transfermarkt.de/kerim-alajbegovic/nationalmannschaft/spieler/929994/verein_id/3446,ok,,2026-06-05T11:16:56
keisuke_sako__jpn,Keisuke Osako,JPN,GK,3.5,415521.0,https://www.transfermarkt.com/x/profil/spieler/415521,https://www.transfermarkt.de/keisuke-osako/nationalmannschaft/spieler/415521/verein_id/3435,ok,,2026-06-05T11:17:09
kaoru_mitoma__jpn,Kaoru Mitoma,JPN,MID,3.5,504849.0,https://www.transfermarkt.com/x/profil/spieler/504849,https://www.transfermarkt.de/kaoru-mitoma/nationalmannschaft/spieler/504849/verein_id/3435,ok,,2026-06-05T11:17:24
justin_bijlow__ned,Justin Bijlow,NED,GK,3.5,315121.0,https://www.transfermarkt.com/x/profil/spieler/315121,https://www.transfermarkt.de/justin-bijlow/nationalmannschaft/spieler/315121/verein_id/3379,ok,,2026-06-05T11:17:38
junya_ito__jpn,Junya Ito,JPN,MID,3.5,348791.0,https://www.transfermarkt.com/x/profil/spieler/348791,https://www.transfermarkt.de/junya-ito/nationalmannschaft/spieler/348791/verein_id/3435,ok,,2026-06-05T11:17:52
julio_enciso__par,Julio Enciso,PAR,FWD,3.5,660867.0,https://www.transfermarkt.com/x/profil/spieler/660867,https://www.transfermarkt.de/julio-enciso/nationalmannschaft/spieler/660867/verein_id/3581,ok,,2026-06-05T11:18:06
julian_ryerson__nor,Julian Ryerson,NOR,DEF,3.5,370789.0,https://www.transfermarkt.com/x/profil/spieler/370789,https://www.transfermarkt.de/julian-ryerson/nationalmannschaft/spieler/370789/verein_id/3440,ok,,2026-06-05T11:18:20
jules_kounde__fra,Jules Kounde,FRA,DEF,3.5,411975.0,https://www.transfermarkt.com/x/profil/spieler/411975,https://www.transfermarkt.de/jules-kounde/nationalmannschaft/spieler/411975/verein_id/3377,ok,,2026-06-05T11:18:34
jo_ko_gvardiol__cro,Josko Gvardiol,CRO,DEF,3.5,475959.0,https://www.transfermarkt.com/x/profil/spieler/475959,https://www.transfermarkt.de/josko-gvardiol/nationalmannschaft/spieler/475959/verein_id/3556,ok,,2026-06-05T11:18:47
josip_stani_i__cro,Josip Stanisic,CRO,DEF,3.5,483046.0,https://www.transfermarkt.com/x/profil/spieler/483046,https://www.transfermarkt.de/josip-stanisic/nationalmannschaft/spieler/483046/verein_id/3556,ok,,2026-06-05T11:19:01
jordan_henderson__eng,Jordan Henderson,ENG,MID,3.5,61651.0,https://www.transfermarkt.com/x/profil/spieler/61651,https://www.transfermarkt.de/jordan-henderson/nationalmannschaft/spieler/61651/verein_id/3299,ok,,2026-06-05T11:19:14
john_mcginn__sco,John McGinn,SCO,MID,3.5,193116.0,https://www.transfermarkt.com/x/profil/spieler/193116,https://www.transfermarkt.de/john-mcginn/nationalmannschaft/spieler/193116/verein_id/3380,ok,,2026-06-05T11:19:29
johan_mojica__col,Johan Mojica,COL,DEF,3.5,262939.0,https://www.transfermarkt.com/x/profil/spieler/262939,https://www.transfermarkt.de/johan-mojica/nationalmannschaft/spieler/262939/verein_id/3816,ok,,2026-06-05T11:19:45
johan_carbonero__col,Johan Carbonero,COL,FWD,3.5,572042.0,https://www.transfermarkt.com/x/profil/spieler/572042,https://www.transfermarkt.de/johan-carbonero/nationalmannschaft/spieler/572042/verein_id/3816,ok,,2026-06-05T11:19:59
jhon_lucum__col,Jhon Lucumi,COL,DEF,3.5,413565.0,https://www.transfermarkt.com/x/profil/spieler/413565,https://www.transfermarkt.de/jhon-lucumi/nationalmannschaft/spieler/413565/verein_id/3816,ok,,2026-06-05T11:20:14
jean_philippe_mateta__fra,Jean-Philippe Mateta,FRA,FWD,3.5,420002.0,https://www.transfermarkt.com/x/profil/spieler/420002,https://www.transfermarkt.de/jean-philippe-mateta/nationalmannschaft/spieler/420002/verein_id/3377,ok,,2026-06-05T11:20:27
jacob_widell_zetterstrom__swe,Jacob Widell Zetterström,SWE,GK,3.5,549440.0,https://www.transfermarkt.com/x/profil/spieler/549440,https://www.transfermarkt.de/jacob-widell-zetterstrom/nationalmannschaft/spieler/549440/verein_id/3557,ok,,2026-06-05T11:20:42
ivan_toney__eng,Ivan Toney,ENG,FWD,3.5,251664.0,https://www.transfermarkt.com/x/profil/spieler/251664,https://www.transfermarkt.de/ivan-toney/nationalmannschaft/spieler/251664/verein_id/3299,ok,,2026-06-05T11:20:59
ismaila_sarr__sen,Ismaila Sarr,SEN,MID,3.5,410225.0,https://www.transfermarkt.com/x/profil/spieler/410225,https://www.transfermarkt.de/ismaila-sarr/nationalmannschaft/spieler/410225/verein_id/3499,ok,,2026-06-05T11:21:17
ismael_saibari__mar,Ismael Saibari,MAR,MID,3.5,702869.0,https://www.transfermarkt.com/x/profil/spieler/702869,https://www.transfermarkt.de/ismael-saibari/nationalmannschaft/spieler/702869/verein_id/3575,ok,,2026-06-05T11:21:33
jo_hyeon_woo__kor,Hyeon-Woo Jo,KOR,GK,3.5,260171.0,https://www.transfermarkt.com/x/profil/spieler/260171,https://www.transfermarkt.de/hyeon-woo-jo/nationalmannschaft/spieler/260171/verein_id/3589,ok,,2026-06-05T11:21:50
oh_hyeon_gyu__kor,Hyeon-Gyu Oh,KOR,FWD,3.5,639246.0,https://www.transfermarkt.com/x/profil/spieler/639246,https://www.transfermarkt.de/hyeon-gyu-oh/nationalmannschaft/spieler/639246/verein_id/3589,ok,,2026-06-05T11:22:08
hern_n_gal_ndez__ecu,Hernan Galindez,ECU,GK,3.5,77127.0,https://www.transfermarkt.com/x/profil/spieler/77127,https://www.transfermarkt.de/hernan-galindez/nationalmannschaft/spieler/77127/verein_id/5750,ok,,2026-06-05T11:22:23
hazem_mastouri__tun,Hazem Mastouri,TUN,FWD,3.5,953150.0,https://www.transfermarkt.com/x/profil/spieler/953150,https://www.transfermarkt.de/hazem-mastouri/nationalmannschaft/spieler/953150/verein_id/3670,ok,,2026-06-05T11:22:39
gonzalo_plata__ecu,Gonzalo Plata,ECU,MID,3.5,592735.0,https://www.transfermarkt.com/x/profil/spieler/592735,https://www.transfermarkt.de/gonzalo-plata/nationalmannschaft/spieler/592735/verein_id/5750,ok,,2026-06-05T11:22:54
franco_mastantuono__arg,Franco Mastantuono,ARG,MID,3.5,1057316.0,https://www.transfermarkt.com/x/profil/spieler/1057316,https://www.transfermarkt.de/franco-mastantuono/nationalmannschaft/spieler/1057316/verein_id/3437,ok,,2026-06-05T11:23:09
firas_al_buraikan__ksa,Firas Al-Buraikan,KSA,FWD,3.5,631922.0,https://www.transfermarkt.com/x/profil/spieler/631922,https://www.transfermarkt.de/firas-al-buraikan/nationalmannschaft/spieler/631922/verein_id/3807,ok,,2026-06-05T11:23:26
ferdi_kadioglu__tur,Ferdi Kadioglu,TUR,DEF,3.5,369316.0,https://www.transfermarkt.com/x/profil/spieler/369316,https://www.transfermarkt.de/ferdi-kadioglu/nationalmannschaft/spieler/369316/verein_id/3381,ok,,2026-06-05T11:23:41
facundo_torres__uru,Facundo Torres,URU,FWD,3.5,465822.0,https://www.transfermarkt.com/x/profil/spieler/465822,https://www.transfermarkt.de/facundo-torres/nationalmannschaft/spieler/465822/verein_id/3449,ok,,2026-06-05T11:23:56
facundo_pellistri__uru,Facundo Pellistri,URU,FWD,3.5,676318.0,https://www.transfermarkt.com/x/profil/spieler/676318,https://www.transfermarkt.de/facundo-pellistri/nationalmannschaft/spieler/676318/verein_id/3449,ok,,2026-06-05T11:24:12
exequiel_palacios__arg,Exequiel Palacios,ARG,MID,3.5,401578.0,https://www.transfermarkt.com/x/profil/spieler/401578,https://www.transfermarkt.de/exequiel-palacios/nationalmannschaft/spieler/401578/verein_id/3437,ok,,2026-06-05T11:24:27
elias_achouri__tun,Elias Achouri,TUN,MID,3.5,645589.0,https://www.transfermarkt.com/x/profil/spieler/645589,https://www.transfermarkt.de/elias-achouri/nationalmannschaft/spieler/645589/verein_id/3670,ok,,2026-06-05T11:24:43
el_hadji_malick_diouf__sen,El Hadji Malick Diouf,SEN,DEF,3.5,1111589.0,https://www.transfermarkt.com/x/profil/spieler/1111589,https://www.transfermarkt.de/el-hadji-malick-diouf/nationalmannschaft/spieler/1111589/verein_id/3499,ok,,2026-06-05T11:24:58
egil_selvik__nor,Egil Selvik,NOR,GK,3.5,380744.0,https://www.transfermarkt.com/x/profil/spieler/380744,https://www.transfermarkt.de/egil-selvik/nationalmannschaft/spieler/380744/verein_id/3440,ok,,2026-06-05T11:25:13
edouard_mendy__sen,Edouard Mendy,SEN,GK,3.5,442531.0,https://www.transfermarkt.com/x/profil/spieler/442531,https://www.transfermarkt.de/edouard-mendy/nationalmannschaft/spieler/442531/verein_id/3499,ok,,2026-06-05T11:25:30
duckens_nazon__hai,Duckens Nazon,HAI,FWD,3.5,345763.0,https://www.transfermarkt.com/x/profil/spieler/345763,https://www.transfermarkt.de/duckens-nazon/nationalmannschaft/spieler/345763/verein_id/14161,ok,,2026-06-05T11:25:45
dodi_lukebakio__bel,Dodi Lukebakio,BEL,FWD,3.5,303259.0,https://www.transfermarkt.com/x/profil/spieler/303259,https://www.transfermarkt.de/dodi-lukebakio/nationalmannschaft/spieler/303259/verein_id/3382,ok,,2026-06-05T11:26:02
deniz_undav__ger,Deniz Undav,GER,FWD,3.5,339314.0,https://www.transfermarkt.com/x/profil/spieler/339314,https://www.transfermarkt.de/deniz-undav/nationalmannschaft/spieler/339314/verein_id/3262,ok,,2026-06-05T11:26:20
dayne_st_clair__can,Dayne St. Clair,CAN,GK,3.5,439750.0,https://www.transfermarkt.com/x/profil/spieler/439750,https://www.transfermarkt.de/dayne-st-clair/nationalmannschaft/spieler/439750/verein_id/3510,ok,,2026-06-05T11:26:37
davinson_s_nchez__col,Davinson Sanchez,COL,DEF,3.5,341429.0,https://www.transfermarkt.com/x/profil/spieler/341429,https://www.transfermarkt.de/davinson-sanchez/nationalmannschaft/spieler/341429/verein_id/3816,ok,,2026-06-05T11:26:54
david_ospina__col,David Ospina,COL,GK,3.5,73396.0,https://www.transfermarkt.com/x/profil/spieler/73396,https://www.transfermarkt.de/david-ospina/nationalmannschaft/spieler/73396/verein_id/3816,ok,,2026-06-05T11:27:11
daniel_vivian__esp,Daniel Vivian,ESP,DEF,3.5,524000.0,https://www.transfermarkt.com/x/profil/spieler/524000,https://www.transfermarkt.de/dani-vivian/nationalmannschaft/spieler/524000/verein_id/3375,ok,,2026-06-05T11:27:28
dan_burn__eng,Dan Burn,ENG,DEF,3.5,134270.0,https://www.transfermarkt.com/x/profil/spieler/134270,https://www.transfermarkt.de/dan-burn/nationalmannschaft/spieler/134270/verein_id/3299,ok,,2026-06-05T11:27:44
daichi_kamada__jpn,Daichi Kamada,JPN,MID,3.5,356141.0,https://www.transfermarkt.com/x/profil/spieler/356141,https://www.transfermarkt.de/daichi-kamada/nationalmannschaft/spieler/356141/verein_id/3435,ok,,2026-06-05T11:27:58
christoph_baumgartner__aut,Christoph Baumgartner,AUT,MID,3.5,324278.0,https://www.transfermarkt.com/x/profil/spieler/324278,https://www.transfermarkt.de/christoph-baumgartner/nationalmannschaft/spieler/324278/verein_id/3383,ok,,2026-06-05T11:28:14
chris_wood__nzl,Chris Wood,NZL,FWD,3.5,108725.0,https://www.transfermarkt.com/x/profil/spieler/108725,https://www.transfermarkt.de/chris-wood/nationalmannschaft/spieler/108725/verein_id/9171,ok,,2026-06-05T11:28:29
c_dric_bakambu__cod,Cedric Bakambu,COD,FWD,3.5,127048.0,https://www.transfermarkt.com/x/profil/spieler/127048,https://www.transfermarkt.de/cedric-bakambu/nationalmannschaft/spieler/127048/verein_id/3854,ok,,2026-06-05T11:28:45
carlos_acevedo__mex,Carlos Acevedo,MEX,GK,3.5,356042.0,https://www.transfermarkt.com/x/profil/spieler/356042,https://www.transfermarkt.de/carlos-acevedo/nationalmannschaft/spieler/356042/verein_id/6303,ok,,2026-06-05T11:29:03
brian_rodr_guez__uru,Brian Rodriguez,URU,FWD,3.5,465818.0,https://www.transfermarkt.com/x/profil/spieler/465818,https://www.transfermarkt.de/brian-rodriguez/nationalmannschaft/spieler/465818/verein_id/3449,ok,,2026-06-05T11:29:19
borja_iglesias__esp,Borja Iglesias,ESP,FWD,3.5,278359.0,https://www.transfermarkt.com/x/profil/spieler/278359,https://www.transfermarkt.de/borja-iglesias/nationalmannschaft/spieler/278359/verein_id/3375,ok,,2026-06-05T11:29:35
ayoub_el_kaabi__mar,Ayoub El Kaabi,MAR,FWD,3.5,521127.0,https://www.transfermarkt.com/x/profil/spieler/521127,https://www.transfermarkt.de/ayoub-el-kaabi/nationalmannschaft/spieler/521127/verein_id/3575,ok,,2026-06-05T11:29:51
aymen_hussein__irq,Aymen Hussein,IRQ,FWD,3.5,401054.0,https://www.transfermarkt.com/x/profil/spieler/401054,https://www.transfermarkt.de/aymen-hussein/nationalmannschaft/spieler/401054/verein_id/3560,ok,,2026-06-05T11:30:06
aur_lien_tchouam_ni__fra,Aurelien Tchouameni,FRA,MID,3.5,413112.0,https://www.transfermarkt.com/x/profil/spieler/413112,https://www.transfermarkt.de/aurelien-tchouameni/nationalmannschaft/spieler/413112/verein_id/3377,ok,,2026-06-05T11:30:22
antonio_nusa__nor,Antonio Nusa,NOR,MID,3.5,894914.0,https://www.transfermarkt.com/x/profil/spieler/894914,https://www.transfermarkt.de/antonio-nusa/nationalmannschaft/spieler/894914/verein_id/3440,ok,,2026-06-05T11:30:37
anthony_elanga__swe,Anthony Elanga,SWE,FWD,3.5,583189.0,https://www.transfermarkt.com/x/profil/spieler/583189,https://www.transfermarkt.de/anthony-elanga/nationalmannschaft/spieler/583189/verein_id/3557,ok,,2026-06-05T11:30:52
ante_budimir__cro,Ante Budimir,CRO,FWD,3.5,46413.0,https://www.transfermarkt.com/x/profil/spieler/46413,https://www.transfermarkt.de/ante-budimir/nationalmannschaft/spieler/46413/verein_id/3556,ok,,2026-06-05T11:31:07
angus_gunn__sco,Angus Gunn,SCO,GK,3.5,201574.0,https://www.transfermarkt.com/x/profil/spieler/201574,https://www.transfermarkt.de/angus-gunn/nationalmannschaft/spieler/201574/verein_id/3380,ok,,2026-06-05T11:31:22
andreas_schjelderup__nor,Andreas Schjelderup,NOR,MID,3.5,670103.0,https://www.transfermarkt.com/x/profil/spieler/670103,https://www.transfermarkt.de/andreas-schjelderup/nationalmannschaft/spieler/670103/verein_id/3440,ok,,2026-06-05T11:31:35
amad_diallo__civ,Amad Diallo,CIV,FWD,3.5,536835.0,https://www.transfermarkt.com/x/profil/spieler/536835,https://www.transfermarkt.de/amad-diallo/nationalmannschaft/spieler/536835/verein_id/3591,ok,,2026-06-05T11:31:49
alexander_schlager__aut,Alexander Schlager,AUT,GK,3.5,186374.0,https://www.transfermarkt.com/x/profil/spieler/186374,https://www.transfermarkt.de/alexander-schlager/nationalmannschaft/spieler/186374/verein_id/3383,ok,,2026-06-05T11:32:03
aleksandar_pavlovic__ger,Aleksandar Pavlovic,GER,MID,3.5,792380.0,https://www.transfermarkt.com/x/profil/spieler/792380,https://www.transfermarkt.de/aleksandar-pavlovic/nationalmannschaft/spieler/792380/verein_id/3262,ok,,2026-06-05T11:32:17
akram_afif__qat,Akram Afif,QAT,FWD,3.5,336646.0,https://www.transfermarkt.com/x/profil/spieler/336646,https://www.transfermarkt.de/akram-afif/nationalmannschaft/spieler/336646/verein_id/14162,ok,,2026-06-05T11:32:30
yvon_mvogo__sui,Yvon Mvogo,SUI,GK,3.0,147051.0,https://www.transfermarkt.com/x/profil/spieler/147051,https://www.transfermarkt.de/yvon-mvogo/nationalmannschaft/spieler/147051/verein_id/3384,ok,,2026-06-05T11:32:45
seol_young_woo__kor,Young-woo Seol,KOR,DEF,3.0,639414.0,https://www.transfermarkt.com/x/profil/spieler/639414,https://www.transfermarkt.de/young-woo-seol/nationalmannschaft/spieler/639414/verein_id/3589,ok,,2026-06-05T11:32:59
yerry_mina__col,Yerry Mina,COL,DEF,3.0,289446.0,https://www.transfermarkt.com/x/profil/spieler/289446,https://www.transfermarkt.de/yerry-mina/nationalmannschaft/spieler/289446/verein_id/3816,ok,,2026-06-05T11:33:14
yehvann_diouf__sen,Yehvann Diouf,SEN,GK,3.0,448632.0,https://www.transfermarkt.com/x/profil/spieler/448632,https://www.transfermarkt.de/yehvann-diouf/nationalmannschaft/spieler/448632/verein_id/3499,ok,,2026-06-05T11:33:33
yan_diomande__civ,Yan Diomande,CIV,FWD,3.0,1390649.0,https://www.transfermarkt.com/x/profil/spieler/1390649,https://www.transfermarkt.de/yan-diomande/nationalmannschaft/spieler/1390649/verein_id/3591,ok,,2026-06-05T11:33:47
yahia_fofana__civ,Yahia Fofana,CIV,GK,3.0,418651.0,https://www.transfermarkt.com/x/profil/spieler/418651,https://www.transfermarkt.de/yahia-fofana/nationalmannschaft/spieler/418651/verein_id/3591,ok,,2026-06-05T11:34:03
wout_weghorst__ned,Wout Weghorst,NED,FWD,3.0,228645.0,https://www.transfermarkt.com/x/profil/spieler/228645,https://www.transfermarkt.de/wout-weghorst/nationalmannschaft/spieler/228645/verein_id/3379,ok,,2026-06-05T11:34:16
wilson_isidor__hai,Wilson Isidor,HAI,FWD,3.0,494237.0,https://www.transfermarkt.com/x/profil/spieler/494237,https://www.transfermarkt.de/wilson-isidor/nationalmannschaft/spieler/494237/verein_id/14161,ok,,2026-06-05T11:34:31
willian_pacho__ecu,Willian Pacho,ECU,DEF,3.0,661171.0,https://www.transfermarkt.com/x/profil/spieler/661171,https://www.transfermarkt.de/willian-pacho/nationalmannschaft/spieler/661171/verein_id/5750,ok,,2026-06-05T11:34:44
warren_za_re_emery__fra,Warren Zaire-Emery,FRA,MID,3.0,810092.0,https://www.transfermarkt.com/x/profil/spieler/810092,https://www.transfermarkt.de/warren-zaire-emery/nationalmannschaft/spieler/810092/verein_id/3377,ok,,2026-06-05T11:35:00
vladimir_coufal__cze,Vladimir Coufal,CZE,DEF,3.0,157672.0,https://www.transfermarkt.com/x/profil/spieler/157672,https://www.transfermarkt.de/vladimir-coufal/nationalmannschaft/spieler/157672/verein_id/3445,ok,,2026-06-05T11:35:13
victor_munoz__esp,Victor Munoz,ESP,FWD,3.0,935231.0,https://www.transfermarkt.com/x/profil/spieler/935231,https://www.transfermarkt.de/victor-munoz/nationalmannschaft/spieler/935231/verein_id/3375,ok,,2026-06-05T11:35:26
victor_lindel_f__swe,Victor Lindelöf,SWE,DEF,3.0,184573.0,https://www.transfermarkt.com/x/profil/spieler/184573,https://www.transfermarkt.de/victor-lindelof/nationalmannschaft/spieler/184573/verein_id/3557,ok,,2026-06-05T11:35:42
valentino_livramento__eng,Valentino Livramento,ENG,DEF,3.0,503981.0,https://www.transfermarkt.com/x/profil/spieler/503981,https://www.transfermarkt.de/tino-livramento/nationalmannschaft/spieler/503981/verein_id/3299,ok,,2026-06-05T11:35:56
tyler_adams__usa,Tyler Adams,USA,MID,3.0,332705.0,https://www.transfermarkt.com/x/profil/spieler/332705,https://www.transfermarkt.de/tyler-adams/nationalmannschaft/spieler/332705/verein_id/3505,ok,,2026-06-05T11:36:10
tsuyoshi_watanabe__jpn,Tsuyoshi Watanabe,JPN,DEF,3.0,598791.0,https://www.transfermarkt.com/x/profil/spieler/598791,https://www.transfermarkt.de/tsuyoshi-watanabe/nationalmannschaft/spieler/598791/verein_id/3435,ok,,2026-06-05T11:36:26
toni_fruk__cro,Toni Fruk,CRO,MID,3.0,432758.0,https://www.transfermarkt.com/x/profil/spieler/432758,https://www.transfermarkt.de/toni-fruk/nationalmannschaft/spieler/432758/verein_id/3556,ok,,2026-06-05T11:36:39
tomas_chory__cze,Tomas Chory,CZE,FWD,3.0,198614.0,https://www.transfermarkt.com/x/profil/spieler/198614,https://www.transfermarkt.de/tomas-chory/nationalmannschaft/spieler/198614/verein_id/3445,ok,,2026-06-05T11:36:54
timothy_weah__usa,Timothy Weah,USA,FWD,3.0,370846.0,https://www.transfermarkt.com/x/profil/spieler/370846,https://www.transfermarkt.de/timothy-weah/nationalmannschaft/spieler/370846/verein_id/3505,ok,,2026-06-05T11:37:09
thomas_partey__gha,Thomas Partey,GHA,MID,3.0,230784.0,https://www.transfermarkt.com/x/profil/spieler/230784,https://www.transfermarkt.de/thomas-partey/nationalmannschaft/spieler/230784/verein_id/3441,ok,,2026-06-05T11:37:22
theo_bongonda__cod,Theo Bongonda,COD,MID,3.0,280701.0,https://www.transfermarkt.com/x/profil/spieler/280701,https://www.transfermarkt.de/theo-bongonda/nationalmannschaft/spieler/280701/verein_id/3854,ok,,2026-06-05T11:37:36
thapelo_morena__rsa,Thapelo Morena,RSA,FWD,3.0,297509.0,https://www.transfermarkt.com/x/profil/spieler/297509,https://www.transfermarkt.de/thapelo-morena/nationalmannschaft/spieler/297509/verein_id/3806,ok,,2026-06-05T11:37:50
thalente_mbatha__rsa,Thalente Mbatha,RSA,MID,3.0,735697.0,https://www.transfermarkt.com/x/profil/spieler/735697,https://www.transfermarkt.de/thalente-mbatha/nationalmannschaft/spieler/735697/verein_id/3806,ok,,2026-06-05T11:38:03
tarik_muharemovic__bih,Tarik Muharemovic,BIH,DEF,3.0,679423.0,https://www.transfermarkt.com/x/profil/spieler/679423,https://www.transfermarkt.de/tarik-muharemovic/nationalmannschaft/spieler/679423/verein_id/3446,ok,,2026-06-05T11:38:21
stefan_de_vrij__ned,Stefan de Vrij,NED,DEF,3.0,111196.0,https://www.transfermarkt.com/x/profil/spieler/111196,https://www.transfermarkt.de/stefan-de-vrij/nationalmannschaft/spieler/111196/verein_id/3379,ok,,2026-06-05T11:38:36
stefan_posch__aut,Stefan Posch,AUT,DEF,3.0,223974.0,https://www.transfermarkt.com/x/profil/spieler/223974,https://www.transfermarkt.de/stefan-posch/nationalmannschaft/spieler/223974/verein_id/3383,ok,,2026-06-05T11:38:49
silvan_widmer__sui,Silvan Widmer,SUI,DEF,3.0,168989.0,https://www.transfermarkt.com/x/profil/spieler/168989,https://www.transfermarkt.de/silvan-widmer/nationalmannschaft/spieler/168989/verein_id/3384,ok,,2026-06-05T11:39:06
sidny_lopes_cabral__cpv,Sidny Lopes Cabral,CPV,DEF,3.0,611855.0,https://www.transfermarkt.com/x/profil/spieler/611855,https://www.transfermarkt.de/sidny-lopes-cabral/nationalmannschaft/spieler/611855/verein_id/4311,ok,,2026-06-05T11:39:21
shogo_taniguchi__jpn,Shogo Taniguchi,JPN,DEF,3.0,307870.0,https://www.transfermarkt.com/x/profil/spieler/307870,https://www.transfermarkt.de/shogo-taniguchi/nationalmannschaft/spieler/307870/verein_id/3435,ok,,2026-06-05T11:39:35
kim_seung_gyu__kor,Seung-Gyu Kim,KOR,GK,3.0,92076.0,https://www.transfermarkt.com/x/profil/spieler/92076,https://www.transfermarkt.de/seung-gyu-kim/nationalmannschaft/spieler/92076/verein_id/3589,ok,,2026-06-05T11:39:49
sergino_dest__usa,Sergino Dest,USA,DEF,3.0,361104.0,https://www.transfermarkt.com/x/profil/spieler/361104,https://www.transfermarkt.de/sergino-dest/nationalmannschaft/spieler/361104/verein_id/3505,ok,,2026-06-05T11:40:06
sebastian_berhalter__usa,Sebastian Berhalter,USA,MID,3.0,734761.0,https://www.transfermarkt.com/x/profil/spieler/734761,https://www.transfermarkt.de/sebastian-berhalter/nationalmannschaft/spieler/734761/verein_id/3505,ok,,2026-06-05T11:40:21
saud_abdulhamid__ksa,Saud Abdulhamid,KSA,DEF,3.0,631927.0,https://www.transfermarkt.com/x/profil/spieler/631927,https://www.transfermarkt.de/saud-abdulhamid/nationalmannschaft/spieler/631927/verein_id/3807,ok,,2026-06-05T11:40:35
sander_tangvik__nor,Sander Tangvik,NOR,GK,3.0,549378.0,https://www.transfermarkt.com/x/profil/spieler/549378,https://www.transfermarkt.de/sander-tangvik/nationalmannschaft/spieler/549378/verein_id/3440,ok,,2026-06-05T11:40:49
sander_berge__nor,Sander Berge,NOR,MID,3.0,333014.0,https://www.transfermarkt.com/x/profil/spieler/333014,https://www.transfermarkt.de/sander-berge/nationalmannschaft/spieler/333014/verein_id/3440,ok,,2026-06-05T11:41:02
samuel_moutoussamy__cod,Samuel Moutoussamy,COD,MID,3.0,353403.0,https://www.transfermarkt.com/x/profil/spieler/353403,https://www.transfermarkt.de/samuel-moutoussamy/nationalmannschaft/spieler/353403/verein_id/3854,ok,,2026-06-05T11:41:15
samuel_aghehowa__esp,Samuel Aghehowa,ESP,FWD,3.0,991268.0,https://www.transfermarkt.com/x/profil/spieler/991268,https://www.transfermarkt.de/samu-aghehowa/nationalmannschaft/spieler/991268/verein_id/3375,ok,,2026-06-05T11:41:29
salem_al_dawsari__ksa,Salem Al-Dawsari,KSA,MID,3.0,195332.0,https://www.transfermarkt.com/x/profil/spieler/195332,https://www.transfermarkt.de/salem-al-dawsari/nationalmannschaft/spieler/195332/verein_id/3807,ok,,2026-06-05T11:41:43
roony_bardghji__swe,Roony Bardghji,SWE,MID,3.0,792331.0,https://www.transfermarkt.com/x/profil/spieler/792331,https://www.transfermarkt.de/roony-bardghji/nationalmannschaft/spieler/792331/verein_id/3557,ok,,2026-06-05T11:41:59
ronwen_williams__rsa,Ronwen Williams,RSA,GK,3.0,175577.0,https://www.transfermarkt.com/x/profil/spieler/175577,https://www.transfermarkt.de/ronwen-williams/nationalmannschaft/spieler/175577/verein_id/3806,ok,,2026-06-05T11:42:14
romano_schmid__aut,Romano Schmid,AUT,MID,3.0,346853.0,https://www.transfermarkt.com/x/profil/spieler/346853,https://www.transfermarkt.de/romano-schmid/nationalmannschaft/spieler/346853/verein_id/3383,ok,,2026-06-05T11:42:28
rodrigo_bentancur__uru,Rodrigo Bentancur,URU,MID,3.0,354362.0,https://www.transfermarkt.com/x/profil/spieler/354362,https://www.transfermarkt.de/rodrigo-bentancur/nationalmannschaft/spieler/354362/verein_id/3449,ok,,2026-06-05T11:42:44
rodrigo_aguirre__uru,Rodrigo Aguirre,URU,FWD,3.0,189410.0,https://www.transfermarkt.com/x/profil/spieler/189410,https://www.transfermarkt.de/rodrigo-aguirre/nationalmannschaft/spieler/189410/verein_id/3449,ok,,2026-06-05T11:42:58
richie_laryea__can,Richie Laryea,CAN,DEF,3.0,417348.0,https://www.transfermarkt.com/x/profil/spieler/417348,https://www.transfermarkt.de/richie-laryea/nationalmannschaft/spieler/417348/verein_id/3510,ok,,2026-06-05T11:43:12
ricardo_rodr_guez__sui,Ricardo Rodriguez,SUI,DEF,3.0,86784.0,https://www.transfermarkt.com/x/profil/spieler/86784,https://www.transfermarkt.de/ricardo-rodriguez/nationalmannschaft/spieler/86784/verein_id/3384,ok,,2026-06-05T11:43:31
rayan_a_t_nouri__alg,Rayan Ait-Nouri,ALG,DEF,3.0,578391.0,https://www.transfermarkt.com/x/profil/spieler/578391,https://www.transfermarkt.de/rayan-ait-nouri/nationalmannschaft/spieler/578391/verein_id/3614,ok,,2026-06-05T11:43:45
rayan__bra,Rayan,BRA,FWD,3.0,607223.0,https://www.transfermarkt.com/x/profil/spieler/607223,https://www.transfermarkt.de/rayan-cherki/nationalmannschaft/spieler/607223/verein_id/3377,ok,,2026-06-05T11:43:59
rani_khedira__tun,Rani Khedira,TUN,MID,3.0,124410.0,https://www.transfermarkt.com/x/profil/spieler/124410,https://www.transfermarkt.de/rani-khedira/nationalmannschaft/spieler/124410/verein_id/3670,ok,,2026-06-05T11:44:14
ramy_bensebaini__alg,Ramy Bensebaini,ALG,DEF,3.0,284732.0,https://www.transfermarkt.com/x/profil/spieler/284732,https://www.transfermarkt.de/ramy-bensebaini/nationalmannschaft/spieler/284732/verein_id/3614,ok,,2026-06-05T11:44:28
ram_n_sosa__par,Ramon Sosa,PAR,MID,3.0,745191.0,https://www.transfermarkt.com/x/profil/spieler/745191,https://www.transfermarkt.de/ramon-sosa/nationalmannschaft/spieler/745191/verein_id/3581,ok,,2026-06-05T11:44:41
rami_rabia__egy,Rami Rabia,EGY,DEF,3.0,172623.0,https://www.transfermarkt.com/x/profil/spieler/172623,https://www.transfermarkt.de/ramy-rabia/nationalmannschaft/spieler/172623/verein_id/3672,ok,,2026-06-05T11:44:56
quinten_timber__ned,Quinten Timber,NED,MID,3.0,420213.0,https://www.transfermarkt.com/x/profil/spieler/420213,https://www.transfermarkt.de/quinten-timber/nationalmannschaft/spieler/420213/verein_id/3379,ok,,2026-06-05T11:45:09
promise_david__can,Promise David,CAN,FWD,3.0,888785.0,https://www.transfermarkt.com/x/profil/spieler/888785,https://www.transfermarkt.de/promise-david/nationalmannschaft/spieler/888785/verein_id/3510,ok,,2026-06-05T11:45:23
pierre_kalulu__fra,Pierre Kalulu,FRA,DEF,3.0,585949.0,https://www.transfermarkt.com/x/profil/spieler/585949,https://www.transfermarkt.de/pierre-kalulu/nationalmannschaft/spieler/585949/verein_id/3377,ok,,2026-06-05T11:45:37
philipp_lienhart__aut,Philipp Lienhart,AUT,DEF,3.0,225657.0,https://www.transfermarkt.com/x/profil/spieler/225657,https://www.transfermarkt.de/philipp-lienhart/nationalmannschaft/spieler/225657/verein_id/3383,ok,,2026-06-05T11:45:53
petar_sucic__cro,Petar Sucic,CRO,MID,3.0,668207.0,https://www.transfermarkt.com/x/profil/spieler/668207,https://www.transfermarkt.de/petar-sucic/nationalmannschaft/spieler/668207/verein_id/3556,ok,,2026-06-05T11:46:07
patrick_wimmer__aut,Patrick Wimmer,AUT,MID,3.0,533295.0,https://www.transfermarkt.com/x/profil/spieler/533295,https://www.transfermarkt.de/patrick-wimmer/nationalmannschaft/spieler/533295/verein_id/3383,ok,,2026-06-05T11:46:21
patrick_pentz__aut,Patrick Pentz,AUT,GK,3.0,223972.0,https://www.transfermarkt.com/x/profil/spieler/223972,https://www.transfermarkt.de/patrick-pentz/nationalmannschaft/spieler/223972/verein_id/3383,ok,,2026-06-05T11:46:53
patrick_agyemang__usa,Patrick Agyemang,USA,FWD,3.0,1089574.0,https://www.transfermarkt.com/x/profil/spieler/1089574,https://www.transfermarkt.de/patrick-agyemang/nationalmannschaft/spieler/1089574/verein_id/3505,ok,,2026-06-05T11:47:08
pascal_loretz__sui,Pascal Loretz,SUI,GK,3.0,583038.0,https://www.transfermarkt.com/x/profil/spieler/583038,https://www.transfermarkt.de/pascal-loretz/nationalmannschaft/spieler/583038/verein_id/3384,ok,,2026-06-05T11:47:21
pascal_gross__ger,Pascal Gross,GER,MID,3.0,82873.0,https://www.transfermarkt.com/x/profil/spieler/82873,https://www.transfermarkt.de/pascal-gross/nationalmannschaft/spieler/82873/verein_id/3262,ok,,2026-06-05T11:47:38
pape_cherif_ndiaye__sen,Pape Cherif Ndiaye,SEN,FWD,3.0,480705.0,https://www.transfermarkt.com/x/profil/spieler/480705,https://www.transfermarkt.de/cherif-ndiaye/nationalmannschaft/spieler/480705/verein_id/3499,ok,,2026-06-05T11:47:58
pape_alassane_gueye__sen,Pape Alassane Gueye,SEN,MID,3.0,485963.0,https://www.transfermarkt.com/x/profil/spieler/485963,https://www.transfermarkt.de/pape-gueye/nationalmannschaft/spieler/485963/verein_id/3499,ok,,2026-06-05T11:48:15
oscar_bobb__nor,Oscar Bobb,NOR,MID,3.0,661207.0,https://www.transfermarkt.com/x/profil/spieler/661207,https://www.transfermarkt.de/oscar-bobb/nationalmannschaft/spieler/661207/verein_id/3440,ok,,2026-06-05T11:48:31
orlando_gill__par,Orlando Gill,PAR,GK,3.0,643259.0,https://www.transfermarkt.com/x/profil/spieler/643259,https://www.transfermarkt.de/orlando-gill/nationalmannschaft/spieler/643259/verein_id/3581,ok,,2026-06-05T11:48:47
orkun_k_k__tur,Orkun Kökcü,TUR,MID,3.0,454567.0,https://www.transfermarkt.com/x/profil/spieler/454567,https://www.transfermarkt.de/orkun-kokcu/nationalmannschaft/spieler/454567/verein_id/3381,ok,,2026-06-05T11:49:03
orbel_n_pineda__mex,Orbelin Pineda,MEX,MID,3.0,334042.0,https://www.transfermarkt.com/x/profil/spieler/334042,https://www.transfermarkt.de/orbelin-pineda/nationalmannschaft/spieler/334042/verein_id/6303,ok,,2026-06-05T11:49:18
noah_okafor__sui,Noah Okafor,SUI,MID,3.0,346890.0,https://www.transfermarkt.com/x/profil/spieler/346890,https://www.transfermarkt.de/noah-okafor/nationalmannschaft/spieler/346890/verein_id/3384,ok,,2026-06-05T11:49:35
noa_lang__ned,Noa Lang,NED,FWD,3.0,339332.0,https://www.transfermarkt.com/x/profil/spieler/339332,https://www.transfermarkt.de/noa-lang/nationalmannschaft/spieler/339332/verein_id/3379,ok,,2026-06-05T11:49:51
nikola_vla_i__cro,Nikola Vlasic,CRO,MID,3.0,293200.0,https://www.transfermarkt.com/x/profil/spieler/293200,https://www.transfermarkt.de/nikola-vlasic/nationalmannschaft/spieler/293200/verein_id/3556,ok,,2026-06-05T11:50:05
nikola_vasilj__bih,Nikola Vasilj,BIH,GK,3.0,248454.0,https://www.transfermarkt.com/x/profil/spieler/248454,https://www.transfermarkt.de/nikola-vasilj/nationalmannschaft/spieler/248454/verein_id/3446,ok,,2026-06-05T11:50:22
nikola_kati__bih,Nikola Katic,BIH,DEF,3.0,422051.0,https://www.transfermarkt.com/x/profil/spieler/422051,https://www.transfermarkt.de/nikola-katic/nationalmannschaft/spieler/422051/verein_id/3446,ok,,2026-06-05T11:50:37
nicolas_de_la_cruz__uru,Nicolas de la Cruz,URU,MID,3.0,397458.0,https://www.transfermarkt.com/x/profil/spieler/397458,https://www.transfermarkt.de/nicolas-de-la-cruz/nationalmannschaft/spieler/397458/verein_id/3449,ok,,2026-06-05T11:50:50
nico_elvedi__sui,Nico Elvedi,SUI,DEF,3.0,192635.0,https://www.transfermarkt.com/x/profil/spieler/192635,https://www.transfermarkt.de/nico-elvedi/nationalmannschaft/spieler/192635/verein_id/3384,ok,,2026-06-05T11:51:06
neil_el_aynaoui__mar,Neil El Aynaoui,MAR,MID,3.0,901019.0,https://www.transfermarkt.com/x/profil/spieler/901019,https://www.transfermarkt.de/neil-el-aynaoui/nationalmannschaft/spieler/901019/verein_id/3575,ok,,2026-06-05T11:51:20
nayef_aguerd__mar,Nayef Aguerd,MAR,DEF,3.0,361914.0,https://www.transfermarkt.com/x/profil/spieler/361914,https://www.transfermarkt.de/nayef-aguerd/nationalmannschaft/spieler/361914/verein_id/3575,ok,,2026-06-05T11:51:35
nathan_saliba__can,Nathan Saliba,CAN,MID,3.0,842420.0,https://www.transfermarkt.com/x/profil/spieler/842420,https://www.transfermarkt.de/nathan-dylan-saliba/nationalmannschaft/spieler/842420/verein_id/3510,ok,,2026-06-05T11:51:48
n_golo_kant__fra,N'Golo Kante,FRA,MID,3.0,225083.0,https://www.transfermarkt.com/x/profil/spieler/225083,https://www.transfermarkt.de/ngolo-kante/nationalmannschaft/spieler/225083/verein_id/3377,ok,,2026-06-05T11:52:02
munir_el_kajoui__mar,Munir El Kajoui,MAR,GK,3.0,97925.0,https://www.transfermarkt.com/x/profil/spieler/97925,https://www.transfermarkt.de/munir-el-kajoui/nationalmannschaft/spieler/97925/verein_id/3575,ok,,2026-06-05T11:52:16
muhammed_sengezer__tur,Muhammed Sengezer,TUR,GK,3.0,330871.0,https://www.transfermarkt.com/x/profil/spieler/330871,https://www.transfermarkt.de/muhammed-sengezer/nationalmannschaft/spieler/330871/verein_id/3381,ok,,2026-06-05T11:52:29
moussa_niakhate__sen,Moussa Niakhate,SEN,DEF,3.0,291200.0,https://www.transfermarkt.com/x/profil/spieler/291200,https://www.transfermarkt.de/moussa-niakhate/nationalmannschaft/spieler/291200/verein_id/3499,ok,,2026-06-05T11:52:43
mousa_tamari__jor,Mousa Tamari,JOR,MID,3.0,551505.0,https://www.transfermarkt.com/x/profil/spieler/551505,https://www.transfermarkt.de/mousa-tamari/nationalmannschaft/spieler/551505/verein_id/15737,ok,,2026-06-05T11:52:56
mory_diaw__sen,Mory Diaw,SEN,GK,3.0,164904.0,https://www.transfermarkt.com/x/profil/spieler/164904,https://www.transfermarkt.de/mory-diaw/nationalmannschaft/spieler/164904/verein_id/3499,ok,,2026-06-05T11:53:10
montassar_talbi__tun,Montassar Talbi,TUN,DEF,3.0,496706.0,https://www.transfermarkt.com/x/profil/spieler/496706,https://www.transfermarkt.de/montassar-talbi/nationalmannschaft/spieler/496706/verein_id/3670,ok,,2026-06-05T11:53:24
mois_s_caicedo__ecu,Moises Caicedo,ECU,MID,3.0,687626.0,https://www.transfermarkt.com/x/profil/spieler/687626,https://www.transfermarkt.de/moises-caicedo/nationalmannschaft/spieler/687626/verein_id/5750,ok,,2026-06-05T11:53:37
mohanad_ali__irq,Mohanad Ali,IRQ,FWD,3.0,589646.0,https://www.transfermarkt.com/x/profil/spieler/589646,https://www.transfermarkt.de/mohanad-ali/nationalmannschaft/spieler/589646/verein_id/3560,ok,,2026-06-05T11:53:52
mohammad_mohebi__irn,Mohammad Mohebi,IRN,FWD,3.0,603149.0,https://www.transfermarkt.com/x/profil/spieler/603149,https://www.transfermarkt.de/mohammad-mohebi/nationalmannschaft/spieler/603149/verein_id/3582,ok,,2026-06-05T11:54:06
mohamed_toure__aus,Mohamed Toure,AUS,FWD,3.0,742770.0,https://www.transfermarkt.com/x/profil/spieler/742770,https://www.transfermarkt.de/mohamed-toure/nationalmannschaft/spieler/742770/verein_id/3433,ok,,2026-06-05T11:54:20
mohamed_kone__civ,Mohamed Kone,CIV,GK,3.0,911985.0,https://www.transfermarkt.com/x/profil/spieler/911985,https://www.transfermarkt.de/mohamed-kone/nationalmannschaft/spieler/911985/verein_id/3591,ok,,2026-06-05T11:54:33
mohamed_kanno__ksa,Mohamed Kanno,KSA,MID,3.0,308120.0,https://www.transfermarkt.com/x/profil/spieler/308120,https://www.transfermarkt.de/mohamed-kanno/nationalmannschaft/spieler/308120/verein_id/3807,ok,,2026-06-05T11:54:47
meschak_elia__cod,Meschack Elia,COD,MID,3.0,423678.0,https://www.transfermarkt.com/x/profil/spieler/423678,https://www.transfermarkt.de/meschack-elia/nationalmannschaft/spieler/423678/verein_id/3854,ok,,2026-06-05T11:55:03
mert_m_ld_r__tur,Mert Müldür,TUR,DEF,3.0,353922.0,https://www.transfermarkt.com/x/profil/spieler/353922,https://www.transfermarkt.de/mert-muldur/nationalmannschaft/spieler/353922/verein_id/3381,ok,,2026-06-05T11:55:17
merih_demiral__tur,Merih Demiral,TUR,DEF,3.0,340879.0,https://www.transfermarkt.com/x/profil/spieler/340879,https://www.transfermarkt.de/merih-demiral/nationalmannschaft/spieler/340879/verein_id/3381,ok,,2026-06-05T11:55:30
mehdi_ghayedi__irn,Mehdi Ghayedi,IRN,MID,3.0,478192.0,https://www.transfermarkt.com/x/profil/spieler/478192,https://www.transfermarkt.de/mehdi-ghayedi/nationalmannschaft/spieler/478192/verein_id/3582,ok,,2026-06-05T11:55:45
maxime_cr_peau__can,Maxime Crepeau,CAN,GK,3.0,189014.0,https://www.transfermarkt.com/x/profil/spieler/189014,https://www.transfermarkt.de/maxime-crepeau/nationalmannschaft/spieler/189014/verein_id/3510,ok,,2026-06-05T11:55:59
maxence_lacroix__fra,Maxence Lacroix,FRA,DEF,3.0,434224.0,https://www.transfermarkt.com/x/profil/spieler/434224,https://www.transfermarkt.de/maxence-lacroix/nationalmannschaft/spieler/434224/verein_id/3377,ok,,2026-06-05T11:56:13
max_arfsten__usa,Max Arfsten,USA,DEF,3.0,993063.0,https://www.transfermarkt.com/x/profil/spieler/993063,https://www.transfermarkt.de/max-arfsten/nationalmannschaft/spieler/993063/verein_id/3505,ok,,2026-06-05T11:56:26
matthieu_epolo__cod,Matthieu Epolo,COD,GK,3.0,680218.0,https://www.transfermarkt.com/x/profil/spieler/680218,https://www.transfermarkt.de/matthieu-epolo/nationalmannschaft/spieler/680218/verein_id/3854,ok,,2026-06-05T11:56:41
matt_turner__usa,Matt Turner,USA,GK,3.0,425306.0,https://www.transfermarkt.com/x/profil/spieler/425306,https://www.transfermarkt.de/matt-turner/nationalmannschaft/spieler/425306/verein_id/3505,ok,,2026-06-05T11:56:54
mathew_ryan__aus,Mathew Ryan,AUS,GK,3.0,128969.0,https://www.transfermarkt.com/x/profil/spieler/128969,https://www.transfermarkt.de/mathew-ryan/nationalmannschaft/spieler/128969/verein_id/3433,ok,,2026-06-05T11:57:08
matej_kovar__cze,Matej Kovar,CZE,GK,3.0,550829.0,https://www.transfermarkt.com/x/profil/spieler/550829,https://www.transfermarkt.de/matej-kovar/nationalmannschaft/spieler/550829/verein_id/3445,ok,,2026-06-05T11:57:22
marwan_ateya__egy,Marwan Ateya,EGY,MID,3.0,734542.0,https://www.transfermarkt.com/x/profil/spieler/734542,https://www.transfermarkt.de/marwan-ateya/nationalmannschaft/spieler/734542/verein_id/3672,ok,,2026-06-05T11:57:35
marvin_keller__sui,Marvin Keller,SUI,GK,3.0,500763.0,https://www.transfermarkt.com/x/profil/spieler/500763,https://www.transfermarkt.de/marvin-keller/nationalmannschaft/spieler/500763/verein_id/3384,ok,,2026-06-05T11:57:49
martin_erlic__cro,Martin Erlic,CRO,DEF,3.0,357003.0,https://www.transfermarkt.com/x/profil/spieler/357003,https://www.transfermarkt.de/martin-erlic/nationalmannschaft/spieler/357003/verein_id/3556,ok,,2026-06-05T11:58:03
martin_caceres__uru,Martin Caceres,URU,DEF,3.0,54935.0,https://www.transfermarkt.com/x/profil/spieler/54935,https://www.transfermarkt.de/martin-caceres/nationalmannschaft/spieler/54935/verein_id/3449,ok,,2026-06-05T11:58:17
martin_baturina__cro,Martin Baturina,CRO,MID,3.0,580451.0,https://www.transfermarkt.com/x/profil/spieler/580451,https://www.transfermarkt.de/martin-baturina/nationalmannschaft/spieler/580451/verein_id/3556,ok,,2026-06-05T11:58:31
martial_godo__civ,Martial Godo,CIV,FWD,3.0,992686.0,https://www.transfermarkt.com/x/profil/spieler/992686,https://www.transfermarkt.de/martial-godo/nationalmannschaft/spieler/992686/verein_id/3591,ok,,2026-06-05T11:58:47
marco_pasalic__cro,Marco Pasalic,CRO,FWD,3.0,395928.0,https://www.transfermarkt.com/x/profil/spieler/395928,https://www.transfermarkt.de/marco-pasalic/nationalmannschaft/spieler/395928/verein_id/3556,ok,,2026-06-05T11:59:01
malick_thiaw__ger,Malick Thiaw,GER,DEF,3.0,521964.0,https://www.transfermarkt.com/x/profil/spieler/521964,https://www.transfermarkt.de/malick-thiaw/nationalmannschaft/spieler/521964/verein_id/3262,ok,,2026-06-05T11:59:15
lukas_provod__cze,Lukas Provod,CZE,MID,3.0,292779.0,https://www.transfermarkt.com/x/profil/spieler/292779,https://www.transfermarkt.de/lukas-provod/nationalmannschaft/spieler/292779/verein_id/3445,ok,,2026-06-05T11:59:33
lukas_cerv__cze,Lukas Cerv,CZE,MID,3.0,611049.0,https://www.transfermarkt.com/x/profil/spieler/611049,https://www.transfermarkt.de/lukas-cerv/nationalmannschaft/spieler/611049/verein_id/3445,ok,,2026-06-05T11:59:47
luiz_henrique__bra,Luiz Henrique,BRA,FWD,3.0,800175.0,https://www.transfermarkt.com/x/profil/spieler/800175,https://www.transfermarkt.de/luiz-henrique/nationalmannschaft/spieler/800175/verein_id/3439,ok,,2026-06-05T12:00:00
lucas_hern_ndez__fra,Lucas Hernandez,FRA,DEF,3.0,281963.0,https://www.transfermarkt.com/x/profil/spieler/281963,https://www.transfermarkt.de/lucas-hernandez/nationalmannschaft/spieler/281963/verein_id/3377,ok,,2026-06-05T12:00:14
luca_zidane__alg,Luca Zidane,ALG,GK,3.0,283489.0,https://www.transfermarkt.com/x/profil/spieler/283489,https://www.transfermarkt.de/luca-zidane/nationalmannschaft/spieler/283489/verein_id/3614,ok,,2026-06-05T12:00:27
liam_millar__can,Liam Millar,CAN,MID,3.0,487417.0,https://www.transfermarkt.com/x/profil/spieler/487417,https://www.transfermarkt.de/liam-millar/nationalmannschaft/spieler/487417/verein_id/3510,ok,,2026-06-05T12:00:41
liam_kelly__sco,Liam Kelly,SCO,GK,3.0,252986.0,https://www.transfermarkt.com/x/profil/spieler/252986,https://www.transfermarkt.de/liam-kelly/nationalmannschaft/spieler/252986/verein_id/21103,ok,,2026-06-05T12:00:55
leo_pereira__bra,Leo Pereira,BRA,DEF,3.0,288431.0,https://www.transfermarkt.com/x/profil/spieler/288431,https://www.transfermarkt.de/leo-pereira/nationalmannschaft/spieler/288431/verein_id/3439,ok,,2026-06-05T12:01:09
lawrence_ati_zigi__gha,Lawrence Ati Zigi,GHA,GK,3.0,254285.0,https://www.transfermarkt.com/x/profil/spieler/254285,https://www.transfermarkt.de/lawrence-ati-zigi/nationalmannschaft/spieler/254285/verein_id/3441,ok,,2026-06-05T12:01:23
lamine_camara__sen,Lamine Camara,SEN,MID,3.0,918969.0,https://www.transfermarkt.com/x/profil/spieler/918969,https://www.transfermarkt.de/lamine-camara/nationalmannschaft/spieler/918969/verein_id/3499,ok,,2026-06-05T12:01:37
ladislav_krejci__cze,Ladislav Krejci,CZE,DEF,3.0,345911.0,https://www.transfermarkt.com/x/profil/spieler/345911,https://www.transfermarkt.de/ladislav-krejci/nationalmannschaft/spieler/345911/verein_id/3445,ok,,2026-06-05T12:01:50
kristoffer_ajer__nor,Kristoffer Ajer,NOR,DEF,3.0,328658.0,https://www.transfermarkt.com/x/profil/spieler/328658,https://www.transfermarkt.de/kristoffer-ajer/nationalmannschaft/spieler/328658/verein_id/3440,ok,,2026-06-05T12:02:03
konrad_laimer__aut,Konrad Laimer,AUT,MID,3.0,223967.0,https://www.transfermarkt.com/x/profil/spieler/223967,https://www.transfermarkt.de/konrad-laimer/nationalmannschaft/spieler/223967/verein_id/3383,ok,,2026-06-05T12:02:17
koni_de_winter__bel,Koni de Winter,BEL,DEF,3.0,490384.0,https://www.transfermarkt.com/x/profil/spieler/490384,https://www.transfermarkt.de/koni-de-winter/nationalmannschaft/spieler/490384/verein_id/3382,ok,,2026-06-05T12:02:33
khuliso_mudau__rsa,Khuliso Mudau,RSA,DEF,3.0,450806.0,https://www.transfermarkt.com/x/profil/spieler/450806,https://www.transfermarkt.de/khuliso-mudau/nationalmannschaft/spieler/450806/verein_id/3806,ok,,2026-06-05T12:02:47
kevin_rodr_guez__ecu,Kevin Rodriguez,ECU,FWD,3.0,684159.0,https://www.transfermarkt.com/x/profil/spieler/684159,https://www.transfermarkt.de/kevin-rodriguez/nationalmannschaft/spieler/684159/verein_id/5750,ok,,2026-06-05T12:03:00
kevin_casta_o__col,Kevin Castano,COL,MID,3.0,857948.0,https://www.transfermarkt.com/x/profil/spieler/857948,https://www.transfermarkt.de/kevin-castano/nationalmannschaft/spieler/857948/verein_id/3816,ok,,2026-06-05T12:03:16
kendry_p_ez__ecu,Kendry Paez,ECU,MID,3.0,1052439.0,https://www.transfermarkt.com/x/profil/spieler/1052439,https://www.transfermarkt.de/kendry-paez/nationalmannschaft/spieler/1052439/verein_id/5750,ok,,2026-06-05T12:03:30
keito_nakamura__jpn,Keito Nakamura,JPN,MID,3.0,405397.0,https://www.transfermarkt.com/x/profil/spieler/405397,https://www.transfermarkt.de/keito-nakamura/nationalmannschaft/spieler/405397/verein_id/3435,ok,,2026-06-05T12:03:43
kamaldeen_sulemana__gha,Kamaldeen Sulemana,GHA,FWD,3.0,746695.0,https://www.transfermarkt.com/x/profil/spieler/746695,https://www.transfermarkt.de/kamaldeen-sulemana/nationalmannschaft/spieler/746695/verein_id/3441,ok,,2026-06-05T12:03:57
j_rgen_strand_larsen__nor,Jørgen Strand Larsen,NOR,FWD,3.0,429983.0,https://www.transfermarkt.com/x/profil/spieler/429983,https://www.transfermarkt.de/jorgen-strand-larsen/nationalmannschaft/spieler/429983/verein_id/3440,ok,,2026-06-05T12:04:11
j_nior_alonso__par,Junior Alonso,PAR,DEF,3.0,273000.0,https://www.transfermarkt.com/x/profil/spieler/273000,https://www.transfermarkt.de/junior-alonso/nationalmannschaft/spieler/273000/verein_id/3581,ok,,2026-06-05T12:04:24
juninho_bacuna__cuw,Juninho Bacuna,CUW,MID,3.0,348863.0,https://www.transfermarkt.com/x/profil/spieler/348863,https://www.transfermarkt.de/juninho-bacuna/nationalmannschaft/spieler/348863/verein_id/32364,ok,,2026-06-05T12:04:42
julio_soler__arg,Julio Soler,ARG,DEF,3.0,1009658.0,https://www.transfermarkt.com/x/profil/spieler/1009658,https://www.transfermarkt.de/julio-soler/nationalmannschaft/spieler/1009658/verein_id/11940,ok,,2026-06-05T12:04:57
juli_n_qui_ones__mex,Julian Quinones,MEX,FWD,3.0,416090.0,https://www.transfermarkt.com/x/profil/spieler/416090,https://www.transfermarkt.de/julian-quinones/nationalmannschaft/spieler/416090/verein_id/6303,ok,,2026-06-05T12:05:11
juan_manuel_sanabria__uru,Juan Manuel Sanabria,URU,MID,3.0,446106.0,https://www.transfermarkt.com/x/profil/spieler/446106,https://www.transfermarkt.de/juan-manuel-sanabria/nationalmannschaft/spieler/446106/verein_id/3449,ok,,2026-06-05T12:05:25
juan_cabal__col,Juan Cabal,COL,DEF,3.0,686965.0,https://www.transfermarkt.com/x/profil/spieler/686965,https://www.transfermarkt.de/juan-cabal/nationalmannschaft/spieler/686965/verein_id/3816,ok,,2026-06-05T12:06:10
josip_utalo__cro,Josip Sutalo,CRO,DEF,3.0,371001.0,https://www.transfermarkt.com/x/profil/spieler/371001,https://www.transfermarkt.de/josip-sutalo/nationalmannschaft/spieler/371001/verein_id/3556,ok,,2026-06-05T12:06:24
jos_luis_rodr_guez_bebanz__uru,Jose Luis Rodriguez Bebanz,URU,DEF,3.0,430339.0,https://www.transfermarkt.com/x/profil/spieler/430339,https://www.transfermarkt.de/jose-luis-rodriguez/nationalmannschaft/spieler/430339/verein_id/3449,ok,,2026-06-05T12:06:38
jose_fajardo__pan,Jose Fajardo,PAN,FWD,3.0,546803.0,https://www.transfermarkt.com/x/profil/spieler/546803,https://www.transfermarkt.de/jose-fajardo/nationalmannschaft/spieler/546803/verein_id/3577,ok,,2026-06-05T12:06:52
jordan_bos__aus,Jordan Bos,AUS,DEF,3.0,855731.0,https://www.transfermarkt.com/x/profil/spieler/855731,https://www.transfermarkt.de/jordan-bos/nationalmannschaft/spieler/855731/verein_id/3433,ok,,2026-06-05T12:07:05
jordan_ayew__gha,Jordan Ayew,GHA,FWD,3.0,108354.0,https://www.transfermarkt.com/x/profil/spieler/108354,https://www.transfermarkt.de/jordan-ayew/nationalmannschaft/spieler/108354/verein_id/3441,ok,,2026-06-05T12:07:23
jonathan_osorio__can,Jonathan Osorio,CAN,MID,3.0,260807.0,https://www.transfermarkt.com/x/profil/spieler/260807,https://www.transfermarkt.de/jonathan-osorio/nationalmannschaft/spieler/260807/verein_id/3510,ok,,2026-06-05T12:07:36
john_yeboah__ecu,John Yeboah,ECU,MID,3.0,439914.0,https://www.transfermarkt.com/x/profil/spieler/439914,https://www.transfermarkt.de/john-yeboah/nationalmannschaft/spieler/439914/verein_id/5750,ok,,2026-06-05T12:07:50
johan_v_squez__mex,Johan Vasquez,MEX,DEF,3.0,532937.0,https://www.transfermarkt.com/x/profil/spieler/532937,https://www.transfermarkt.de/johan-vasquez/nationalmannschaft/spieler/532937/verein_id/6303,ok,,2026-06-05T12:08:04
johan_manzambi__sui,Johan Manzambi,SUI,MID,3.0,927353.0,https://www.transfermarkt.com/x/profil/spieler/927353,https://www.transfermarkt.de/johan-manzambi/nationalmannschaft/spieler/927353/verein_id/3384,ok,,2026-06-05T12:08:18
jhon_c_rdoba__col,Jhon Cordoba,COL,FWD,3.0,185245.0,https://www.transfermarkt.com/x/profil/spieler/185245,https://www.transfermarkt.de/jhon-cordoba/nationalmannschaft/spieler/185245/verein_id/3816,ok,,2026-06-05T12:08:31
jhon_arias__col,Jhon Arias,COL,MID,3.0,588989.0,https://www.transfermarkt.com/x/profil/spieler/588989,https://www.transfermarkt.de/jhon-arias/nationalmannschaft/spieler/588989/verein_id/3816,ok,,2026-06-05T12:08:45
jes_s_gallardo__mex,Jesus Gallardo,MEX,DEF,3.0,344854.0,https://www.transfermarkt.com/x/profil/spieler/344854,https://www.transfermarkt.de/jesus-gallardo/nationalmannschaft/spieler/344854/verein_id/6303,ok,,2026-06-05T12:08:59
jesper_karlstr_m__swe,Jesper Karlström,SWE,MID,3.0,222855.0,https://www.transfermarkt.com/x/profil/spieler/222855,https://www.transfermarkt.de/jesper-karlstrom/nationalmannschaft/spieler/222855/verein_id/3557,ok,,2026-06-05T12:09:13
jefferson_lerma__col,Jefferson Lerma,COL,MID,3.0,262980.0,https://www.transfermarkt.com/x/profil/spieler/262980,https://www.transfermarkt.de/jefferson-lerma/nationalmannschaft/spieler/262980/verein_id/3816,ok,,2026-06-05T12:09:27
jearl_margaritha__cuw,Jearl Margaritha,CUW,FWD,3.0,538958.0,https://www.transfermarkt.com/x/profil/spieler/538958,https://www.transfermarkt.de/jearl-margaritha/nationalmannschaft/spieler/538958/verein_id/32364,ok,,2026-06-05T12:09:40
jean_ricner_bellegarde__hai,Jean-Ricner Bellegarde,HAI,MID,3.0,450050.0,https://www.transfermarkt.com/x/profil/spieler/450050,https://www.transfermarkt.de/jean-ricner-bellegarde/nationalmannschaft/spieler/450050/verein_id/14161,ok,,2026-06-05T12:09:54
jarrod_bowen__eng,Jarrod Bowen,ENG,FWD,3.0,314875.0,https://www.transfermarkt.com/x/profil/spieler/314875,https://www.transfermarkt.de/jarrod-bowen/nationalmannschaft/spieler/314875/verein_id/3299,ok,,2026-06-05T12:10:08
jan_paul_van_hecke__ned,Jan Paul van Hecke,NED,DEF,3.0,576314.0,https://www.transfermarkt.com/x/profil/spieler/576314,https://www.transfermarkt.de/jan-paul-van-hecke/nationalmannschaft/spieler/576314/verein_id/3379,ok,,2026-06-05T12:10:22
jamie_leweling__ger,Jamie Leweling,GER,MID,3.0,518505.0,https://www.transfermarkt.com/x/profil/spieler/518505,https://www.transfermarkt.de/jamie-leweling/nationalmannschaft/spieler/518505/verein_id/3262,ok,,2026-06-05T12:10:39
i_aki_williams__gha,Iñaki Williams,GHA,FWD,3.0,255508.0,https://www.transfermarkt.com/x/profil/spieler/255508,https://www.transfermarkt.de/inaki-williams/nationalmannschaft/spieler/255508/verein_id/3441,ok,,2026-06-05T12:10:52
ivan_unji__bih,Ivan Sunjic,BIH,MID,3.0,226097.0,https://www.transfermarkt.com/x/profil/spieler/226097,https://www.transfermarkt.de/ivan-sunjic/nationalmannschaft/spieler/226097/verein_id/3446,ok,,2026-06-05T12:11:07
israel_reyes__mex,Israel Reyes,MEX,DEF,3.0,687558.0,https://www.transfermarkt.com/x/profil/spieler/687558,https://www.transfermarkt.de/israel-reyes/nationalmannschaft/spieler/687558/verein_id/6303,ok,,2026-06-05T12:11:21
isma_l_kon__can,Ismael Kone,CAN,MID,3.0,921655.0,https://www.transfermarkt.com/x/profil/spieler/921655,https://www.transfermarkt.de/ismael-kone/nationalmannschaft/spieler/921655/verein_id/3510,ok,,2026-06-05T12:11:36
iliman_ndiaye__sen,Iliman Ndiaye,SEN,MID,3.0,623570.0,https://www.transfermarkt.com/x/profil/spieler/623570,https://www.transfermarkt.de/iliman-ndiaye/nationalmannschaft/spieler/623570/verein_id/3499,ok,,2026-06-05T12:11:49
idrissa_gana_gueye__sen,Idrissa Gana Gueye,SEN,MID,3.0,126665.0,https://www.transfermarkt.com/x/profil/spieler/126665,https://www.transfermarkt.de/idrissa-gueye/nationalmannschaft/spieler/126665/verein_id/3499,ok,,2026-06-05T12:12:03
ibrahima_konat__fra,Ibrahima Konate,FRA,DEF,3.0,357119.0,https://www.transfermarkt.com/x/profil/spieler/357119,https://www.transfermarkt.de/ibrahima-konate/nationalmannschaft/spieler/357119/verein_id/3377,ok,,2026-06-05T12:12:17
ibrahim_sangare__civ,Ibrahim Sangare,CIV,MID,3.0,375885.0,https://www.transfermarkt.com/x/profil/spieler/375885,https://www.transfermarkt.de/ibrahim-sangare/nationalmannschaft/spieler/375885/verein_id/3591,ok,,2026-06-05T12:12:31
ibrahim_maza__alg,Ibrahim Maza,ALG,MID,3.0,905011.0,https://www.transfermarkt.com/x/profil/spieler/905011,https://www.transfermarkt.de/ibrahim-maza/nationalmannschaft/spieler/905011/verein_id/3614,ok,,2026-06-05T12:12:44
ibrahim_adel__egy,Ibrahim Adel,EGY,MID,3.0,677278.0,https://www.transfermarkt.com/x/profil/spieler/677278,https://www.transfermarkt.de/ibrahim-adel/nationalmannschaft/spieler/677278/verein_id/3672,ok,,2026-06-05T12:12:58
hussein_ali__irq,Hussein Ali,IRQ,DEF,3.0,585325.0,https://www.transfermarkt.com/x/profil/spieler/585325,https://www.transfermarkt.de/hussein-ali/nationalmannschaft/spieler/585325/verein_id/3560,ok,,2026-06-05T12:13:12
hwang_hee_chan__kor,Hee-Chan Hwang,KOR,MID,3.0,292246.0,https://www.transfermarkt.com/x/profil/spieler/292246,https://www.transfermarkt.de/hee-chan-hwang/nationalmannschaft/spieler/292246/verein_id/3589,ok,,2026-06-05T12:13:26
haris_tabakovic__bih,Haris Tabakovic,BIH,FWD,3.0,203123.0,https://www.transfermarkt.com/x/profil/spieler/203123,https://www.transfermarkt.de/haris-tabakovic/nationalmannschaft/spieler/203123/verein_id/3446,ok,,2026-06-05T12:13:39
hannibal_mejbri__tun,Hannibal Mejbri,TUN,MID,3.0,607224.0,https://www.transfermarkt.com/x/profil/spieler/607224,https://www.transfermarkt.de/hannibal/nationalmannschaft/spieler/607224/verein_id/3670,ok,,2026-06-05T12:13:53
gustavo_g_mez__par,Gustavo Gomez,PAR,DEF,3.0,215390.0,https://www.transfermarkt.com/x/profil/spieler/215390,https://www.transfermarkt.de/gustavo-gomez/nationalmannschaft/spieler/215390/verein_id/3581,ok,,2026-06-05T12:14:06
gustaf_lagerbielke__swe,Gustaf Lagerbielke,SWE,DEF,3.0,485395.0,https://www.transfermarkt.com/x/profil/spieler/485395,https://www.transfermarkt.de/gustaf-lagerbielke/nationalmannschaft/spieler/485395/verein_id/3557,ok,,2026-06-05T12:14:20
guillermo_varela__uru,Guillermo Varela,URU,DEF,3.0,188862.0,https://www.transfermarkt.com/x/profil/spieler/188862,https://www.transfermarkt.de/guillermo-varela/nationalmannschaft/spieler/188862/verein_id/3449,ok,,2026-06-05T12:14:33
guillermo_ochoa__mex,Guillermo Ochoa,MEX,GK,3.0,29559.0,https://www.transfermarkt.com/x/profil/spieler/29559,https://www.transfermarkt.de/guillermo-ochoa/nationalmannschaft/spieler/29559/verein_id/6303,ok,,2026-06-05T12:14:48
guela_doue__civ,Guela Doue,CIV,DEF,3.0,711980.0,https://www.transfermarkt.com/x/profil/spieler/711980,https://www.transfermarkt.de/guela-doue/nationalmannschaft/spieler/711980/verein_id/3591,ok,,2026-06-05T12:15:02
gonzalo_valle__ecu,Gonzalo Valle,ECU,GK,3.0,351941.0,https://www.transfermarkt.com/x/profil/spieler/351941,https://www.transfermarkt.de/gonzalo-valle/nationalmannschaft/spieler/351941/verein_id/5750,ok,,2026-06-05T12:15:15
giovanni_reyna__usa,Giovanni Reyna,USA,MID,3.0,504215.0,https://www.transfermarkt.com/x/profil/spieler/504215,https://www.transfermarkt.de/giovanni-reyna/nationalmannschaft/spieler/504215/verein_id/3505,ok,,2026-06-05T12:15:29
gideon_mensah__gha,Gideon Mensah,GHA,DEF,3.0,397171.0,https://www.transfermarkt.com/x/profil/spieler/397171,https://www.transfermarkt.de/gideon-mensah/nationalmannschaft/spieler/397171/verein_id/3441,ok,,2026-06-05T12:15:45
german_berterame__mex,German Berterame,MEX,FWD,3.0,401572.0,https://www.transfermarkt.com/x/profil/spieler/401572,https://www.transfermarkt.de/german-berterame/nationalmannschaft/spieler/401572/verein_id/6303,ok,,2026-06-05T12:16:02
gaston_olveira__par,Gaston Olveira,PAR,GK,3.0,301722.0,https://www.transfermarkt.com/x/profil/spieler/301722,https://www.transfermarkt.de/gaston-olveira/nationalmannschaft/spieler/301722/verein_id/3581,ok,,2026-06-05T12:16:16
gabriel_gudmundsson__swe,Gabriel Gudmundsson,SWE,DEF,3.0,362108.0,https://www.transfermarkt.com/x/profil/spieler/362108,https://www.transfermarkt.de/gabriel-gudmundsson/nationalmannschaft/spieler/362108/verein_id/3557,ok,,2026-06-05T12:16:30
frenkie_de_jong__ned,Frenkie de Jong,NED,MID,3.0,326330.0,https://www.transfermarkt.com/x/profil/spieler/326330,https://www.transfermarkt.de/frenkie-de-jong/nationalmannschaft/spieler/326330/verein_id/3379,ok,,2026-06-05T12:16:45
fredrik_aursnes__nor,Fredrik Aursnes,NOR,MID,3.0,223367.0,https://www.transfermarkt.com/x/profil/spieler/223367,https://www.transfermarkt.de/fredrik-aursnes/nationalmannschaft/spieler/223367/verein_id/3440,ok,,2026-06-05T12:16:59
frantzdy_pierrot__hai,Frantzdy Pierrot,HAI,FWD,3.0,492955.0,https://www.transfermarkt.com/x/profil/spieler/492955,https://www.transfermarkt.de/frantzdy-pierrot/nationalmannschaft/spieler/492955/verein_id/14161,ok,,2026-06-05T12:17:12
franck_kessie__civ,Franck Kessie,CIV,MID,3.0,294808.0,https://www.transfermarkt.com/x/profil/spieler/294808,https://www.transfermarkt.de/franck-kessie/nationalmannschaft/spieler/294808/verein_id/3591,ok,,2026-06-05T12:17:26
fiston_mayele__cod,Fiston Mayele,COD,FWD,3.0,727157.0,https://www.transfermarkt.com/x/profil/spieler/727157,https://www.transfermarkt.de/fiston-mayele/nationalmannschaft/spieler/727157/verein_id/3854,ok,,2026-06-05T12:17:40
ferjani_sassi__tun,Ferjani Sassi,TUN,MID,3.0,191903.0,https://www.transfermarkt.com/x/profil/spieler/191903,https://www.transfermarkt.de/ferjani-sassi/nationalmannschaft/spieler/191903/verein_id/3670,ok,,2026-06-05T12:17:53
felix_nmecha__ger,Felix Nmecha,GER,MID,3.0,406640.0,https://www.transfermarkt.com/x/profil/spieler/406640,https://www.transfermarkt.de/felix-nmecha/nationalmannschaft/spieler/406640/verein_id/3262,ok,,2026-06-05T12:18:08
fabian_rieder__sui,Fabian Rieder,SUI,MID,3.0,507341.0,https://www.transfermarkt.com/x/profil/spieler/507341,https://www.transfermarkt.de/fabian-rieder/nationalmannschaft/spieler/507341/verein_id/3384,ok,,2026-06-05T12:18:22
evann_guessand__civ,Evann Guessand,CIV,FWD,3.0,500689.0,https://www.transfermarkt.com/x/profil/spieler/500689,https://www.transfermarkt.de/evann-guessand/nationalmannschaft/spieler/500689/verein_id/3591,ok,,2026-06-05T12:18:37
esmir_bajraktarevic__bih,Esmir Bajraktarevic,BIH,MID,3.0,925862.0,https://www.transfermarkt.com/x/profil/spieler/925862,https://www.transfermarkt.de/esmir-bajraktarevic/nationalmannschaft/spieler/925862/verein_id/3446,ok,,2026-06-05T12:18:50
ermedin_demirovic__bih,Ermedin Demirovic,BIH,FWD,3.0,335457.0,https://www.transfermarkt.com/x/profil/spieler/335457,https://www.transfermarkt.de/ermedin-demirovic/nationalmannschaft/spieler/335457/verein_id/3446,ok,,2026-06-05T12:19:03
erick_sanchez__mex,Erick Sanchez,MEX,MID,3.0,370875.0,https://www.transfermarkt.com/x/profil/spieler/370875,https://www.transfermarkt.de/erick-sanchez/nationalmannschaft/spieler/370875/verein_id/6303,ok,,2026-06-05T12:19:16
eric_garcia__esp,Eric Garcia,ESP,DEF,3.0,466794.0,https://www.transfermarkt.com/x/profil/spieler/466794,https://www.transfermarkt.de/eric-garcia/nationalmannschaft/spieler/466794/verein_id/3375,ok,,2026-06-05T12:19:31
erick_davis__pan,Eric Davis,PAN,DEF,3.0,121791.0,https://www.transfermarkt.com/x/profil/spieler/121791,https://www.transfermarkt.de/eric-davis/nationalmannschaft/spieler/121791/verein_id/3577,ok,,2026-06-05T12:19:44
elijah_just__nzl,Elijah Just,NZL,MID,3.0,485672.0,https://www.transfermarkt.com/x/profil/spieler/485672,https://www.transfermarkt.de/elijah-just/nationalmannschaft/spieler/485672/verein_id/9171,ok,,2026-06-05T12:19:58
eliesse_ben_seghir__mar,Eliesse Ben Seghir,MAR,MID,3.0,810895.0,https://www.transfermarkt.com/x/profil/spieler/810895,https://www.transfermarkt.de/eliesse-ben-seghir/nationalmannschaft/spieler/810895/verein_id/3575,ok,,2026-06-05T12:20:12
eldor_shomurodov__uzb,Eldor Shomurodov,UZB,FWD,3.0,358166.0,https://www.transfermarkt.com/x/profil/spieler/358166,https://www.transfermarkt.de/eldor-shomurodov/nationalmannschaft/spieler/358166/verein_id/3563,ok,,2026-06-05T12:20:26
el_mehdi_benabid__mar,El Mehdi Benabid,MAR,GK,3.0,544414.0,https://www.transfermarkt.com/x/profil/spieler/544414,https://www.transfermarkt.de/el-mehdi-benabid/nationalmannschaft/spieler/544414/verein_id/3575,ok,,2026-06-05T12:20:40
eduardo_camavinga__fra,Eduardo Camavinga,FRA,MID,3.0,640428.0,https://www.transfermarkt.com/x/profil/spieler/640428,https://www.transfermarkt.de/eduardo-camavinga/nationalmannschaft/spieler/640428/verein_id/3377,ok,,2026-06-05T12:20:54
edson_alvarez__mex,Edson Alvarez,MEX,MID,3.0,401356.0,https://www.transfermarkt.com/x/profil/spieler/401356,https://www.transfermarkt.de/edson-alvarez/nationalmannschaft/spieler/401356/verein_id/6303,ok,,2026-06-05T12:21:08
der_milit_o__bra,Eder Militão,BRA,DEF,3.0,401530.0,https://www.transfermarkt.com/x/profil/spieler/401530,https://www.transfermarkt.de/eder-militao/nationalmannschaft/spieler/401530/verein_id/3439,ok,,2026-06-05T12:21:22
eberechi_eze__eng,Eberechi Eze,ENG,MID,3.0,479999.0,https://www.transfermarkt.com/x/profil/spieler/479999,https://www.transfermarkt.de/eberechi-eze/nationalmannschaft/spieler/479999/verein_id/3299,ok,,2026-06-05T12:21:36
duje_aleta_car__cro,Duje Caleta-Car,CRO,DEF,3.0,238266.0,https://www.transfermarkt.com/x/profil/spieler/238266,https://www.transfermarkt.de/duje-caleta-car/nationalmannschaft/spieler/238266/verein_id/3556,ok,,2026-06-05T12:21:50
don_deedson_louicius__hai,Don Deedson Louicius,HAI,FWD,3.0,646108.0,https://www.transfermarkt.com/x/profil/spieler/646108,https://www.transfermarkt.de/louicius-deedson/nationalmannschaft/spieler/646108/verein_id/14161,ok,,2026-06-05T12:22:04
dominik_kotarski__cro,Dominik Kotarski,CRO,GK,3.0,370997.0,https://www.transfermarkt.com/x/profil/spieler/370997,https://www.transfermarkt.de/dominik-kotarski/nationalmannschaft/spieler/370997/verein_id/3556,ok,,2026-06-05T12:22:17
djibril_sow__sui,Djibril Sow,SUI,MID,3.0,212723.0,https://www.transfermarkt.com/x/profil/spieler/212723,https://www.transfermarkt.de/djibril-sow/nationalmannschaft/spieler/212723/verein_id/3384,ok,,2026-06-05T12:22:32
diney_borges__cpv,Diney Borges,CPV,DEF,3.0,349570.0,https://www.transfermarkt.com/x/profil/spieler/349570,https://www.transfermarkt.de/diney-borges/nationalmannschaft/spieler/349570/verein_id/4311,ok,,2026-06-05T12:22:46
diego_g_mez__par,Diego Gomez,PAR,MID,3.0,996897.0,https://www.transfermarkt.com/x/profil/spieler/996897,https://www.transfermarkt.de/diego-gomez/nationalmannschaft/spieler/996897/verein_id/3581,ok,,2026-06-05T12:23:02
denis_zakaria__sui,Denis Zakaria,SUI,MID,3.0,334526.0,https://www.transfermarkt.com/x/profil/spieler/334526,https://www.transfermarkt.de/denis-zakaria/nationalmannschaft/spieler/334526/verein_id/3384,ok,,2026-06-05T12:23:16
deiver_machado__col,Deiver Machado,COL,DEF,3.0,332560.0,https://www.transfermarkt.com/x/profil/spieler/332560,https://www.transfermarkt.de/deiver-machado/nationalmannschaft/spieler/332560/verein_id/3816,ok,,2026-06-05T12:23:29
david_m_ller_wolfe__nor,David Møller Wolfe,NOR,DEF,3.0,661427.0,https://www.transfermarkt.com/x/profil/spieler/661427,https://www.transfermarkt.de/david-moller-wolfe/nationalmannschaft/spieler/661427/verein_id/3440,ok,,2026-06-05T12:23:42
david_alaba__aut,David Alaba,AUT,DEF,3.0,59016.0,https://www.transfermarkt.com/x/profil/spieler/59016,https://www.transfermarkt.de/david-alaba/nationalmannschaft/spieler/59016/verein_id/3383,ok,,2026-06-05T12:23:56
danley_jean_jacques__hai,Danley Jean Jacques,HAI,MID,3.0,628834.0,https://www.transfermarkt.com/x/profil/spieler/628834,https://www.transfermarkt.de/danley-jean-jacques/nationalmannschaft/spieler/628834/verein_id/14161,ok,,2026-06-05T12:24:11
daniel_svensson__swe,Daniel Svensson,SWE,DEF,3.0,579287.0,https://www.transfermarkt.com/x/profil/spieler/579287,https://www.transfermarkt.de/daniel-svensson/nationalmannschaft/spieler/579287/verein_id/3557,ok,,2026-06-05T12:24:38
dailon_livramento__cpv,Dailon Livramento,CPV,FWD,3.0,676411.0,https://www.transfermarkt.com/x/profil/spieler/676411,https://www.transfermarkt.de/dailon-livramento/nationalmannschaft/spieler/676411/verein_id/4311,ok,,2026-06-05T12:24:52
cyle_christopher_larin__can,Cyle Christopher Larin,CAN,FWD,3.0,343463.0,https://www.transfermarkt.com/x/profil/spieler/343463,https://www.transfermarkt.de/cyle-larin/nationalmannschaft/spieler/343463/verein_id/3510,ok,,2026-06-05T12:25:05
crysencio_summerville__ned,Crysencio Summerville,NED,MID,3.0,474701.0,https://www.transfermarkt.com/x/profil/spieler/474701,https://www.transfermarkt.de/crysencio-summerville/nationalmannschaft/spieler/474701/verein_id/3379,ok,,2026-06-05T12:25:20
connor_metcalfe__aus,Connor Metcalfe,AUS,MID,3.0,522223.0,https://www.transfermarkt.com/x/profil/spieler/522223,https://www.transfermarkt.de/connor-metcalfe/nationalmannschaft/spieler/522223/verein_id/3433,ok,,2026-06-05T12:25:34
christian_fassnacht__sui,Christian Fassnacht,SUI,FWD,3.0,250490.0,https://www.transfermarkt.com/x/profil/spieler/250490,https://www.transfermarkt.de/christian-fassnacht/nationalmannschaft/spieler/250490/verein_id/3384,ok,,2026-06-05T12:25:48
chris_richards__usa,Chris Richards,USA,DEF,3.0,578539.0,https://www.transfermarkt.com/x/profil/spieler/578539,https://www.transfermarkt.de/chris-richards/nationalmannschaft/spieler/578539/verein_id/3505,ok,,2026-06-05T12:26:02
che_adams__sco,Che Adams,SCO,FWD,3.0,346779.0,https://www.transfermarkt.com/x/profil/spieler/346779,https://www.transfermarkt.de/che-adams/nationalmannschaft/spieler/346779/verein_id/3380,ok,,2026-06-05T12:26:15
c_sar_montes__mex,Cesar Montes,MEX,DEF,3.0,387687.0,https://www.transfermarkt.com/x/profil/spieler/387687,https://www.transfermarkt.de/cesar-montes/nationalmannschaft/spieler/387687/verein_id/6303,ok,,2026-06-05T12:26:30
cameron_burgess__aus,Cameron Burgess,AUS,DEF,3.0,255788.0,https://www.transfermarkt.com/x/profil/spieler/255788,https://www.transfermarkt.de/cameron-burgess/nationalmannschaft/spieler/255788/verein_id/3433,ok,,2026-06-05T12:26:44
caleb_yirenkyi__gha,Caleb Yirenkyi,GHA,DEF,3.0,1240763.0,https://www.transfermarkt.com/x/profil/spieler/1240763,https://www.transfermarkt.de/caleb-yirenkyi/nationalmannschaft/spieler/1240763/verein_id/3441,ok,,2026-06-05T12:26:58
brenden_aaronson__usa,Brenden Aaronson,USA,MID,3.0,393323.0,https://www.transfermarkt.com/x/profil/spieler/393323,https://www.transfermarkt.de/brenden-aaronson/nationalmannschaft/spieler/393323/verein_id/3505,ok,,2026-06-05T12:27:12
bremer__bra,Bremer,BRA,DEF,3.0,516716.0,https://www.transfermarkt.com/x/profil/spieler/516716,https://www.transfermarkt.de/bremer/nationalmannschaft/spieler/516716/verein_id/3439,ok,,2026-06-05T12:27:26
billy_gilmour__sco,Billy Gilmour,SCO,MID,3.0,423744.0,https://www.transfermarkt.com/x/profil/spieler/423744,https://www.transfermarkt.de/billy-gilmour/nationalmannschaft/spieler/423744/verein_id/3380,ok,,2026-06-05T12:27:40
bilal_el_khannouss__mar,Bilal El Khannouss,MAR,MID,3.0,654982.0,https://www.transfermarkt.com/x/profil/spieler/654982,https://www.transfermarkt.de/bilal-el-khannouss/nationalmannschaft/spieler/654982/verein_id/3575,ok,,2026-06-05T12:27:54
benjamin_tahirovic__bih,Benjamin Tahirovic,BIH,MID,3.0,787907.0,https://www.transfermarkt.com/x/profil/spieler/787907,https://www.transfermarkt.de/benjamin-tahirovic/nationalmannschaft/spieler/787907/verein_id/3446,ok,,2026-06-05T12:28:08
benjamin_nygren__swe,Benjamin Nygren,SWE,FWD,3.0,475949.0,https://www.transfermarkt.com/x/profil/spieler/475949,https://www.transfermarkt.de/benjamin-nygren/nationalmannschaft/spieler/475949/verein_id/3557,ok,,2026-06-05T12:28:22
benjamin_asare__gha,Benjamin Asare,GHA,GK,3.0,837368.0,https://www.transfermarkt.com/x/profil/spieler/837368,https://www.transfermarkt.de/benjamin-asare/nationalmannschaft/spieler/837368/verein_id/3441,ok,,2026-06-05T12:28:35
ben_doak__sco,Ben Doak,SCO,MID,3.0,719673.0,https://www.transfermarkt.com/x/profil/spieler/719673,https://www.transfermarkt.de/ben-gannon-doak/nationalmannschaft/spieler/719673/verein_id/3380,ok,,2026-06-05T12:28:49
bechir_ben_said__tun,Bechir Ben Said,TUN,GK,3.0,348144.0,https://www.transfermarkt.com/x/profil/spieler/348144,https://www.transfermarkt.de/bechir-ben-said/nationalmannschaft/spieler/348144/verein_id/3670,ok,,2026-06-05T12:29:03
baris_alper_yilmaz__tur,Baris Alper Yilmaz,TUR,FWD,3.0,541537.0,https://www.transfermarkt.com/x/profil/spieler/541537,https://www.transfermarkt.de/baris-alper-yilmaz/nationalmannschaft/spieler/541537/verein_id/3381,ok,,2026-06-05T12:29:17
baghdad_bounedjah__alg,Baghdad Bounedjah,ALG,FWD,3.0,209992.0,https://www.transfermarkt.com/x/profil/spieler/209992,https://www.transfermarkt.de/baghdad-bounedjah/nationalmannschaft/spieler/209992/verein_id/3614,ok,,2026-06-05T12:29:31
azzedine_ounahi__mar,Azzedine Ounahi,MAR,MID,3.0,593482.0,https://www.transfermarkt.com/x/profil/spieler/593482,https://www.transfermarkt.de/azzedine-ounahi/nationalmannschaft/spieler/593482/verein_id/3575,ok,,2026-06-05T12:29:44
aymen_dahmen__tun,Aymen Dahmen,TUN,GK,3.0,569433.0,https://www.transfermarkt.com/x/profil/spieler/569433,https://www.transfermarkt.de/aymen-dahmen/nationalmannschaft/spieler/569433/verein_id/3670,ok,,2026-06-05T12:29:58
axel_witsel__bel,Axel Witsel,BEL,MID,3.0,35047.0,https://www.transfermarkt.com/x/profil/spieler/35047,https://www.transfermarkt.de/axel-witsel/nationalmannschaft/spieler/35047/verein_id/3382,ok,,2026-06-05T12:30:13
axel_tuanzebe__cod,Axel Tuanzebe,COD,DEF,3.0,342046.0,https://www.transfermarkt.com/x/profil/spieler/342046,https://www.transfermarkt.de/axel-tuanzebe/nationalmannschaft/spieler/342046/verein_id/3854,ok,,2026-06-05T12:30:28
aubrey_modiba__rsa,Aubrey Modiba,RSA,DEF,3.0,353432.0,https://www.transfermarkt.com/x/profil/spieler/353432,https://www.transfermarkt.de/aubrey-modiba/nationalmannschaft/spieler/353432/verein_id/3806,ok,,2026-06-05T12:30:41
arthur_theate__bel,Arthur Theate,BEL,DEF,3.0,368891.0,https://www.transfermarkt.com/x/profil/spieler/368891,https://www.transfermarkt.de/arthur-theate/nationalmannschaft/spieler/368891/verein_id/3382,ok,,2026-06-05T12:30:55
armin_gigovic__bih,Armin Gigovic,BIH,MID,3.0,651269.0,https://www.transfermarkt.com/x/profil/spieler/651269,https://www.transfermarkt.de/armin-gigovic/nationalmannschaft/spieler/651269/verein_id/3446,ok,,2026-06-05T12:31:09
anthony_mandrea__alg,Anthony Mandrea,ALG,GK,3.0,290559.0,https://www.transfermarkt.com/x/profil/spieler/290559,https://www.transfermarkt.de/anthony-mandrea/nationalmannschaft/spieler/290559/verein_id/3614,ok,,2026-06-05T12:31:23
ngelo_preciado__ecu,Angelo Preciado,ECU,DEF,3.0,450241.0,https://www.transfermarkt.com/x/profil/spieler/450241,https://www.transfermarkt.de/angelo-preciado/nationalmannschaft/spieler/450241/verein_id/5750,ok,,2026-06-05T12:31:37
amirhossein_hosseinzadeh__irn,Amirhossein Hosseinzadeh,IRN,FWD,3.0,542380.0,https://www.transfermarkt.com/x/profil/spieler/542380,https://www.transfermarkt.de/amirhossein-hosseinzadeh/nationalmannschaft/spieler/542380/verein_id/3582,ok,,2026-06-05T12:32:05
amine_gouiri__alg,Amine Gouiri,ALG,FWD,3.0,418659.0,https://www.transfermarkt.com/x/profil/spieler/418659,https://www.transfermarkt.de/amine-gouiri/nationalmannschaft/spieler/418659/verein_id/3614,ok,,2026-06-05T12:32:22
amar_memi__bih,Amar Memic,BIH,MID,3.0,638990.0,https://www.transfermarkt.com/x/profil/spieler/638990,https://www.transfermarkt.de/amar-memic/nationalmannschaft/spieler/638990/verein_id/3446,ok,,2026-06-05T12:32:37
amar_dedi__bih,Amar Dedic,BIH,DEF,3.0,519184.0,https://www.transfermarkt.com/x/profil/spieler/519184,https://www.transfermarkt.de/amar-dedic/nationalmannschaft/spieler/519184/verein_id/3446,ok,,2026-06-05T12:32:50
amadou_onana__bel,Amadou Onana,BEL,MID,3.0,485706.0,https://www.transfermarkt.com/x/profil/spieler/485706,https://www.transfermarkt.de/amadou-onana/nationalmannschaft/spieler/485706/verein_id/3382,ok,,2026-06-05T12:33:03
altay_bayindir__tur,Altay Bayindir,TUR,GK,3.0,336077.0,https://www.transfermarkt.com/x/profil/spieler/336077,https://www.transfermarkt.de/altay-bayindir/nationalmannschaft/spieler/336077/verein_id/3381,ok,,2026-06-05T12:33:17
almoez_ali__qat,Almoez Ali,QAT,FWD,3.0,345095.0,https://www.transfermarkt.com/x/profil/spieler/345095,https://www.transfermarkt.de/almoez-ali/nationalmannschaft/spieler/345095/verein_id/14162,ok,,2026-06-05T12:33:31
alistair_johnston__can,Alistair Johnston,CAN,DEF,3.0,637446.0,https://www.transfermarkt.com/x/profil/spieler/637446,https://www.transfermarkt.de/alistair-johnston/nationalmannschaft/spieler/637446/verein_id/3510,ok,,2026-06-05T12:33:46
alireza_beiranvand__irn,Alireza Beiranvand,IRN,GK,3.0,229081.0,https://www.transfermarkt.com/x/profil/spieler/229081,https://www.transfermarkt.de/alireza-beiranvand/nationalmannschaft/spieler/229081/verein_id/3582,ok,,2026-06-05T12:34:02
ali_jasim__irq,Ali Jasim,IRQ,MID,3.0,877672.0,https://www.transfermarkt.com/x/profil/spieler/877672,https://www.transfermarkt.de/ali-jasim/nationalmannschaft/spieler/877672/verein_id/3560,ok,,2026-06-05T12:34:15
ali_ahmed__can,Ali Ahmed,CAN,MID,3.0,995642.0,https://www.transfermarkt.com/x/profil/spieler/995642,https://www.transfermarkt.de/ali-ahmed/nationalmannschaft/spieler/995642/verein_id/3510,ok,,2026-06-05T12:34:29
ali_abdi__tun,Ali Abdi,TUN,DEF,3.0,211474.0,https://www.transfermarkt.com/x/profil/spieler/211474,https://www.transfermarkt.de/ali-abdi/nationalmannschaft/spieler/211474/verein_id/3670,ok,,2026-06-05T12:34:45
alexis_guendouz__alg,Alexis Guendouz,ALG,GK,3.0,478872.0,https://www.transfermarkt.com/x/profil/spieler/478872,https://www.transfermarkt.de/alexis-guendouz/nationalmannschaft/spieler/478872/verein_id/3614,ok,,2026-06-05T12:34:59
alexander_djiku__gha,Alexander Djiku,GHA,DEF,3.0,250844.0,https://www.transfermarkt.com/x/profil/spieler/250844,https://www.transfermarkt.de/alexander-djiku/nationalmannschaft/spieler/250844/verein_id/3441,ok,,2026-06-05T12:35:13
alan_minda__ecu,Alan Minda,ECU,MID,3.0,897051.0,https://www.transfermarkt.com/x/profil/spieler/897051,https://www.transfermarkt.de/alan-minda/nationalmannschaft/spieler/897051/verein_id/5750,ok,,2026-06-05T12:35:28
a_ssa_mandi__alg,Aissa Mandi,ALG,DEF,3.0,80293.0,https://www.transfermarkt.com/x/profil/spieler/80293,https://www.transfermarkt.de/aissa-mandi/nationalmannschaft/spieler/80293/verein_id/3614,ok,,2026-06-05T12:35:43
agust_n_lvarez__uru,Agustin Alvarez,URU,FWD,3.0,812625.0,https://www.transfermarkt.com/x/profil/spieler/812625,https://www.transfermarkt.de/agustin-alvarez/nationalmannschaft/spieler/812625/verein_id/3449,ok,,2026-06-05T12:36:03
abdulkerim_bardakci__tur,Abdulkerim Bardakci,TUR,DEF,3.0,199316.0,https://www.transfermarkt.com/x/profil/spieler/199316,https://www.transfermarkt.de/abdulkerim-bardakci/nationalmannschaft/spieler/199316/verein_id/3381,ok,,2026-06-05T12:36:17
abdukodir_khusanov__uzb,Abdukodir Khusanov,UZB,DEF,3.0,763079.0,https://www.transfermarkt.com/x/profil/spieler/763079,https://www.transfermarkt.de/abdukodir-khusanov/nationalmannschaft/spieler/763079/verein_id/3563,ok,,2026-06-05T12:36:31
abdoulaye_seck__sen,Abdoulaye Seck,SEN,DEF,3.0,265383.0,https://www.transfermarkt.com/x/profil/spieler/265383,https://www.transfermarkt.de/abdoulaye-seck/nationalmannschaft/spieler/265383/verein_id/3499,ok,,2026-06-05T12:36:48
abde_ezzalzouli__mar,Abde Ezzalzouli,MAR,FWD,3.0,724520.0,https://www.transfermarkt.com/x/profil/spieler/724520,https://www.transfermarkt.de/abde-ezzalzouli/nationalmannschaft/spieler/724520/verein_id/3575,ok,,2026-06-05T12:37:02
aaron_wan_bissaka__cod,Aaron Wan-Bissaka,COD,DEF,3.0,477758.0,https://www.transfermarkt.com/x/profil/spieler/477758,https://www.transfermarkt.de/aaron-wan-bissaka/nationalmannschaft/spieler/477758/verein_id/3854,ok,,2026-06-05T12:37:15
ziyad_al_johani__ksa,Ziyad Al-Johani,KSA,MID,2.5,901079.0,https://www.transfermarkt.com/x/profil/spieler/901079,https://www.transfermarkt.de/ziyad-al-johani/nationalmannschaft/spieler/901079/verein_id/3807,ok,,2026-06-05T12:37:30
zineddine_belaid__alg,Zineddine Belaid,ALG,DEF,2.5,625142.0,https://www.transfermarkt.com/x/profil/spieler/625142,https://www.transfermarkt.de/zineddine-belaid/nationalmannschaft/spieler/625142/verein_id/3614,ok,,2026-06-05T12:37:44
zidane_iqbal__irq,Zidane Iqbal,IRQ,MID,2.5,686845.0,https://www.transfermarkt.com/x/profil/spieler/686845,https://www.transfermarkt.de/zidane-iqbal/nationalmannschaft/spieler/686845/verein_id/3560,ok,,2026-06-05T12:37:59
zeki_elik__tur,Zeki Celik,TUR,DEF,2.5,251075.0,https://www.transfermarkt.com/x/profil/spieler/251075,https://www.transfermarkt.de/zeki-celik/nationalmannschaft/spieler/251075/verein_id/3381,ok,,2026-06-05T12:38:13
zaid_tahseen__irq,Zaid Tahseen,IRQ,DEF,2.5,931147.0,https://www.transfermarkt.com/x/profil/spieler/931147,https://www.transfermarkt.de/zaid-tahseen/nationalmannschaft/spieler/931147/verein_id/3560,ok,,2026-06-05T12:38:28
zaid_ismail__irq,Zaid Ismail,IRQ,MID,2.5,1132850.0,https://www.transfermarkt.com/x/profil/spieler/1132850,https://www.transfermarkt.de/zaid-ismail/nationalmannschaft/spieler/1132850/verein_id/3560,ok,,2026-06-05T12:38:47
yunus_akgun__tur,Yunus Akgün,TUR,FWD,2.5,396908.0,https://www.transfermarkt.com/x/profil/spieler/396908,https://www.transfermarkt.de/yunus-akgun/nationalmannschaft/spieler/396908/verein_id/3381,ok,,2026-06-05T12:39:01
yuito_suzuki__jpn,Yuito Suzuki,JPN,FWD,2.5,668606.0,https://www.transfermarkt.com/x/profil/spieler/668606,https://www.transfermarkt.de/yuito-suzuki/nationalmannschaft/spieler/668606/verein_id/3435,ok,,2026-06-05T12:39:15
yu_min_cho__kor,Yu-Min Cho,KOR,DEF,2.5,561212.0,https://www.transfermarkt.com/x/profil/spieler/561212,https://www.transfermarkt.de/yu-min-cho/nationalmannschaft/spieler/561212/verein_id/3589,ok,,2026-06-05T12:39:29
youssef_amyn__irq,Youssef Amyn,IRQ,MID,2.5,684307.0,https://www.transfermarkt.com/x/profil/spieler/684307,https://www.transfermarkt.de/youssef-amyn/nationalmannschaft/spieler/684307/verein_id/3560,ok,,2026-06-05T12:39:46
youcef_atal__alg,Youcef Atal,ALG,DEF,2.5,416108.0,https://www.transfermarkt.com/x/profil/spieler/416108,https://www.transfermarkt.de/youcef-atal/nationalmannschaft/spieler/416108/verein_id/3614,ok,,2026-06-05T12:40:01
yazeed_abulaila__jor,Yazeed Abulaila,JOR,GK,2.5,261850.0,https://www.transfermarkt.com/x/profil/spieler/261850,https://www.transfermarkt.de/yazeed-abulaila/nationalmannschaft/spieler/261850/verein_id/15737,ok,,2026-06-05T12:40:14
yazan_al_arab__jor,Yazan Al-Arab,JOR,DEF,2.5,539961.0,https://www.transfermarkt.com/x/profil/spieler/539961,https://www.transfermarkt.de/yazan-al-arab/nationalmannschaft/spieler/539961/verein_id/15737,ok,,2026-06-05T12:40:28
yan_valery__tun,Yan Valery,TUN,DEF,2.5,406008.0,https://www.transfermarkt.com/x/profil/spieler/406008,https://www.transfermarkt.de/yan-valery/nationalmannschaft/spieler/406008/verein_id/3670,ok,,2026-06-05T12:40:52
xaver_schlager__aut,Xaver Schlager,AUT,MID,2.5,223979.0,https://www.transfermarkt.com/x/profil/spieler/223979,https://www.transfermarkt.de/xaver-schlager/nationalmannschaft/spieler/223979/verein_id/3383,ok,,2026-06-05T12:41:07
willer_ditta__col,Willer Ditta,COL,DEF,2.5,609255.0,https://www.transfermarkt.com/x/profil/spieler/609255,https://www.transfermarkt.de/willer-ditta/nationalmannschaft/spieler/609255/verein_id/3816,ok,,2026-06-05T12:41:24
wilfried_stephane_singo__civ,Wilfried Stephane Singo,CIV,DEF,2.5,648779.0,https://www.transfermarkt.com/x/profil/spieler/648779,https://www.transfermarkt.de/wilfried-singo/nationalmannschaft/spieler/648779/verein_id/3591,ok,,2026-06-05T12:41:38
wataru_endo__jpn,Wataru Endo,JPN,MID,2.5,146310.0,https://www.transfermarkt.com/x/profil/spieler/146310,https://www.transfermarkt.de/wataru-endo/nationalmannschaft/spieler/146310/verein_id/3435,ok,,2026-06-05T12:41:52
wagner_pina__cpv,Wagner Pina,CPV,DEF,2.5,1072017.0,https://www.transfermarkt.com/x/profil/spieler/1072017,https://www.transfermarkt.de/wagner-pina/nationalmannschaft/spieler/1072017/verein_id/4311,ok,,2026-06-05T12:42:06
vozinha__cpv,Vozinha,CPV,GK,2.5,242277.0,https://www.transfermarkt.com/x/profil/spieler/242277,https://www.transfermarkt.de/vozinha/nationalmannschaft/spieler/242277/verein_id/4311,ok,,2026-06-05T12:42:21
utkir_yusupov__uzb,Utkir Yusupov,UZB,GK,2.5,311958.0,https://www.transfermarkt.com/x/profil/spieler/311958,https://www.transfermarkt.de/utkir-yusupov/nationalmannschaft/spieler/311958/verein_id/3563,ok,,2026-06-05T12:42:35
umar_eshmurodov__uzb,Umar Eshmurodov,UZB,DEF,2.5,493725.0,https://www.transfermarkt.com/x/profil/spieler/493725,https://www.transfermarkt.de/umar-eshmurodov/nationalmannschaft/spieler/493725/verein_id/3563,ok,,2026-06-05T12:42:49
tyrick_bodak__cuw,Tyrick Bodak,CUW,GK,2.5,663961.0,https://www.transfermarkt.com/x/profil/spieler/663961,https://www.transfermarkt.de/tyrick-bodak/nationalmannschaft/spieler/663961/verein_id/32364,ok,,2026-06-05T12:43:03
tyler_bindon__nzl,Tyler Bindon,NZL,DEF,2.5,1007720.0,https://www.transfermarkt.com/x/profil/spieler/1007720,https://www.transfermarkt.de/tyler-bindon/nationalmannschaft/spieler/1007720/verein_id/9171,ok,,2026-06-05T12:43:21
tshepang_moremi__rsa,Tshepang Moremi,RSA,FWD,2.5,844485.0,https://www.transfermarkt.com/x/profil/spieler/844485,https://www.transfermarkt.de/tshepang-moremi/nationalmannschaft/spieler/844485/verein_id/3806,ok,,2026-06-05T12:43:34
trevor_doornbusch__cuw,Trevor Doornbusch,CUW,GK,2.5,390814.0,https://www.transfermarkt.com/x/profil/spieler/390814,https://www.transfermarkt.de/trevor-doornbusch/nationalmannschaft/spieler/390814/verein_id/32364,ok,,2026-06-05T12:43:47
torbjorn_heggem__nor,Torbjørn Heggem,NOR,DEF,2.5,464469.0,https://www.transfermarkt.com/x/profil/spieler/464469,https://www.transfermarkt.de/torbjorn-heggem/nationalmannschaft/spieler/464469/verein_id/3440,ok,,2026-06-05T12:44:04
timothy_fayulu__cod,Timothy Fayulu,COD,GK,2.5,541420.0,https://www.transfermarkt.com/x/profil/spieler/541420,https://www.transfermarkt.de/timothy-fayulu/nationalmannschaft/spieler/541420/verein_id/3854,ok,,2026-06-05T12:44:18
tim_ream__usa,Tim Ream,USA,DEF,2.5,145466.0,https://www.transfermarkt.com/x/profil/spieler/145466,https://www.transfermarkt.de/tim-ream/nationalmannschaft/spieler/145466/verein_id/3505,ok,,2026-06-05T12:44:34
tim_payne__nzl,Tim Payne,NZL,DEF,2.5,149901.0,https://www.transfermarkt.com/x/profil/spieler/149901,https://www.transfermarkt.de/tim-payne/nationalmannschaft/spieler/149901/verein_id/9171,ok,,2026-06-05T12:44:48
themba_zwane__rsa,Themba Zwane,RSA,MID,2.5,176578.0,https://www.transfermarkt.com/x/profil/spieler/176578,https://www.transfermarkt.de/themba-zwane/nationalmannschaft/spieler/176578/verein_id/3806,ok,,2026-06-05T12:45:01
telmo_arcanjo__cpv,Telmo Arcanjo,CPV,MID,2.5,791528.0,https://www.transfermarkt.com/x/profil/spieler/791528,https://www.transfermarkt.de/telmo-arcanjo/nationalmannschaft/spieler/791528/verein_id/4311,ok,,2026-06-05T12:45:17
tarek_salman__qat,Tarek Salman,QAT,DEF,2.5,311730.0,https://www.transfermarkt.com/x/profil/spieler/311730,https://www.transfermarkt.de/tarek-salman/nationalmannschaft/spieler/311730/verein_id/14162,ok,,2026-06-05T12:45:30
tanner_tessmann__usa,Tanner Tessmann,USA,MID,2.5,670096.0,https://www.transfermarkt.com/x/profil/spieler/670096,https://www.transfermarkt.de/tanner-tessmann/nationalmannschaft/spieler/670096/verein_id/3505,ok,,2026-06-05T12:45:43
tani_oluwaseyi__can,Tani Oluwaseyi,CAN,FWD,2.5,972465.0,https://www.transfermarkt.com/x/profil/spieler/972465,https://www.transfermarkt.de/tani-oluwaseyi/nationalmannschaft/spieler/972465/verein_id/3510,ok,,2026-06-05T12:45:57
tae_seok_lee__kor,Tae-Seok Lee,KOR,DEF,2.5,639027.0,https://www.transfermarkt.com/x/profil/spieler/639027,https://www.transfermarkt.de/tae-seok-lee/nationalmannschaft/spieler/639027/verein_id/3589,ok,,2026-06-05T12:46:11
sultan_al_brake__qat,Sultan Al-Brake,QAT,DEF,2.5,336665.0,https://www.transfermarkt.com/x/profil/spieler/336665,https://www.transfermarkt.de/sultan-al-brake/nationalmannschaft/spieler/336665/verein_id/14162,ok,,2026-06-05T12:46:24
stopira__cpv,Stopira,CPV,DEF,2.5,80486.0,https://www.transfermarkt.com/x/profil/spieler/80486,https://www.transfermarkt.de/stopira/nationalmannschaft/spieler/80486/verein_id/4311,ok,,2026-06-05T12:46:37
stjepan_radeljic__bih,Stjepan Radeljic,BIH,DEF,2.5,384568.0,https://www.transfermarkt.com/x/profil/spieler/384568,https://www.transfermarkt.de/stjepan-radeljic/nationalmannschaft/spieler/384568/verein_id/3446,ok,,2026-06-05T12:46:51
sofyan_amrabat__mar,Sofyan Amrabat,MAR,MID,2.5,287579.0,https://www.transfermarkt.com/x/profil/spieler/287579,https://www.transfermarkt.de/sofyan-amrabat/nationalmannschaft/spieler/287579/verein_id/3575,ok,,2026-06-05T12:47:04
sipho_chaine__rsa,Sipho Chaine,RSA,GK,2.5,453370.0,https://www.transfermarkt.com/x/profil/spieler/453370,https://www.transfermarkt.de/sipho-chaine/nationalmannschaft/spieler/453370/verein_id/3806,ok,,2026-06-05T12:47:18
simon_banza__cod,Simon Banza,COD,FWD,2.5,344869.0,https://www.transfermarkt.com/x/profil/spieler/344869,https://www.transfermarkt.de/simon-banza/nationalmannschaft/spieler/344869/verein_id/3854,ok,,2026-06-05T12:47:32
simon_adingra__civ,Simon Adingra,CIV,FWD,2.5,658536.0,https://www.transfermarkt.com/x/profil/spieler/658536,https://www.transfermarkt.de/simon-adingra/nationalmannschaft/spieler/658536/verein_id/3591,ok,,2026-06-05T12:47:46
sherzod_nasrullayev__uzb,Sherzod Nasrullaev,UZB,DEF,2.5,608537.0,https://www.transfermarkt.com/x/profil/spieler/608537,https://www.transfermarkt.de/sherzod-nasrullaev/nationalmannschaft/spieler/608537/verein_id/3563,ok,,2026-06-05T12:48:02
sherel_floranus__cuw,Sherel Floranus,CUW,DEF,2.5,315211.0,https://www.transfermarkt.com/x/profil/spieler/315211,https://www.transfermarkt.de/sherel-floranus/nationalmannschaft/spieler/315211/verein_id/32364,ok,,2026-06-05T12:48:17
shehab_ellethy__qat,Shehab Ellethy,QAT,GK,2.5,589101.0,https://www.transfermarkt.com/x/profil/spieler/589101,https://www.transfermarkt.de/shehab-ellethy/nationalmannschaft/spieler/589101/verein_id/14162,ok,,2026-06-05T12:48:31
seko_fofana__civ,Seko Fofana,CIV,MID,2.5,182893.0,https://www.transfermarkt.com/x/profil/spieler/182893,https://www.transfermarkt.de/seko-fofana/nationalmannschaft/spieler/182893/verein_id/3591,ok,,2026-06-05T12:48:45
sead_kolasinac__bih,Sead Kolasinac,BIH,DEF,2.5,94005.0,https://www.transfermarkt.com/x/profil/spieler/94005,https://www.transfermarkt.de/sead-kolasinac/nationalmannschaft/spieler/94005/verein_id/3446,ok,,2026-06-05T12:48:59
scott_mckenna__sco,Scott McKenna,SCO,DEF,2.5,255906.0,https://www.transfermarkt.com/x/profil/spieler/255906,https://www.transfermarkt.de/scott-mckenna/nationalmannschaft/spieler/255906/verein_id/3380,ok,,2026-06-05T12:49:14
sarpreet_singh__nzl,Sarpreet Singh,NZL,MID,2.5,350357.0,https://www.transfermarkt.com/x/profil/spieler/350357,https://www.transfermarkt.de/sarpreet-singh/nationalmannschaft/spieler/350357/verein_id/9171,ok,,2026-06-05T12:49:28
samu_costa__por,Samu Costa,POR,MID,2.5,657430.0,https://www.transfermarkt.com/x/profil/spieler/657430,https://www.transfermarkt.de/samu-costa/nationalmannschaft/spieler/657430/verein_id/3300,ok,,2026-06-05T12:49:44
samet_akaydin__tur,Samet Akaydin,TUR,DEF,2.5,295024.0,https://www.transfermarkt.com/x/profil/spieler/295024,https://www.transfermarkt.de/samet-akaydin/nationalmannschaft/spieler/295024/verein_id/3381,ok,,2026-06-05T12:49:57
saman_ghoddos__irn,Saman Ghoddos,IRN,MID,2.5,204294.0,https://www.transfermarkt.com/x/profil/spieler/204294,https://www.transfermarkt.de/saman-ghoddos/nationalmannschaft/spieler/204294/verein_id/3582,ok,,2026-06-05T12:50:11
saleem_obaid__jor,Saleem Obaid,JOR,DEF,2.5,658807.0,https://www.transfermarkt.com/x/profil/spieler/658807,https://www.transfermarkt.de/saleem-obaid/nationalmannschaft/spieler/658807/verein_id/15737,ok,,2026-06-05T12:50:28
sabri_ben_hessen__tun,Sabri Ben Hessen,TUN,GK,2.5,295381.0,https://www.transfermarkt.com/x/profil/spieler/295381,https://www.transfermarkt.de/sabri-ben-hessen/nationalmannschaft/spieler/295381/verein_id/3670,ok,,2026-06-05T12:50:51
ryan_thomas__nzl,Ryan Thomas,NZL,MID,2.5,203357.0,https://www.transfermarkt.com/x/profil/spieler/203357,https://www.transfermarkt.de/ryan-thomas/nationalmannschaft/spieler/203357/verein_id/9171,ok,,2026-06-05T12:51:05
ryan_christie__sco,Ryan Christie,SCO,MID,2.5,188077.0,https://www.transfermarkt.com/x/profil/spieler/188077,https://www.transfermarkt.de/ryan-christie/nationalmannschaft/spieler/188077/verein_id/3380,ok,,2026-06-05T12:51:19
rustam_ashurmatov__uzb,Rustam Ashurmatov,UZB,DEF,2.5,288883.0,https://www.transfermarkt.com/x/profil/spieler/288883,https://www.transfermarkt.de/rustam-ashurmatov/nationalmannschaft/spieler/288883/verein_id/3563,ok,,2026-06-05T12:51:33
ruben_providence__hai,Ruben Providence,HAI,FWD,2.5,536520.0,https://www.transfermarkt.com/x/profil/spieler/536520,https://www.transfermarkt.de/ruben-providence/nationalmannschaft/spieler/536520/verein_id/14161,ok,,2026-06-05T12:51:47
roshon_van_eijma__cuw,Roshon van Eijma,CUW,DEF,2.5,401029.0,https://www.transfermarkt.com/x/profil/spieler/401029,https://www.transfermarkt.de/roshon-van-eijma/nationalmannschaft/spieler/401029/verein_id/32364,ok,,2026-06-05T12:52:01
roger_ibanez__bra,Roger Ibanez,BRA,DEF,2.5,524481.0,https://www.transfermarkt.com/x/profil/spieler/524481,https://www.transfermarkt.de/roger-ibanez/nationalmannschaft/spieler/524481/verein_id/3439,ok,,2026-06-05T12:52:16
robin_hranac__cze,Robin Hranac,CZE,DEF,2.5,620217.0,https://www.transfermarkt.com/x/profil/spieler/620217,https://www.transfermarkt.de/robin-hranac/nationalmannschaft/spieler/620217/verein_id/3445,ok,,2026-06-05T12:52:29
roberto_alvarado__mex,Roberto Alvarado,MEX,MID,2.5,353583.0,https://www.transfermarkt.com/x/profil/spieler/353583,https://www.transfermarkt.de/roberto-alvarado/nationalmannschaft/spieler/353583/verein_id/6303,ok,,2026-06-05T12:52:43
riley_mcgree__aus,Riley McGree,AUS,MID,2.5,428061.0,https://www.transfermarkt.com/x/profil/spieler/428061,https://www.transfermarkt.de/riley-mcgree/nationalmannschaft/spieler/428061/verein_id/3433,ok,,2026-06-05T12:52:58
ricardo_pepi__usa,Ricardo Pepi,USA,FWD,2.5,627207.0,https://www.transfermarkt.com/x/profil/spieler/627207,https://www.transfermarkt.de/ricardo-pepi/nationalmannschaft/spieler/627207/verein_id/3505,ok,,2026-06-05T12:53:12
ricardo_goss__rsa,Ricardo Goss,RSA,GK,2.5,258304.0,https://www.transfermarkt.com/x/profil/spieler/258304,https://www.transfermarkt.de/ricardo-goss/nationalmannschaft/spieler/258304/verein_id/3806,ok,,2026-06-05T12:53:25
ricardo_ad__hai,Ricardo Ade,HAI,DEF,2.5,278145.0,https://www.transfermarkt.com/x/profil/spieler/278145,https://www.transfermarkt.de/ricardo-ade/nationalmannschaft/spieler/278145/verein_id/14161,ok,,2026-06-05T12:53:39
relebohile_mofokeng__rsa,Relebohile Mofokeng,RSA,FWD,2.5,1125037.0,https://www.transfermarkt.com/x/profil/spieler/1125037,https://www.transfermarkt.de/relebohile-mofokeng/nationalmannschaft/spieler/1125037/verein_id/3806,ok,,2026-06-05T12:53:54
ramiz_zerrouki__alg,Ramiz Zerrouki,ALG,MID,2.5,416660.0,https://www.transfermarkt.com/x/profil/spieler/416660,https://www.transfermarkt.de/ramiz-zerrouki/nationalmannschaft/spieler/416660/verein_id/3614,ok,,2026-06-05T12:54:08
ramin_rezaeian__irn,Ramin Rezaeian,IRN,DEF,2.5,188312.0,https://www.transfermarkt.com/x/profil/spieler/188312,https://www.transfermarkt.de/ramin-rezaeian/nationalmannschaft/spieler/188312/verein_id/3582,ok,,2026-06-05T12:54:22
rafik_belghali__alg,Rafik Belghali,ALG,DEF,2.5,864306.0,https://www.transfermarkt.com/x/profil/spieler/864306,https://www.transfermarkt.de/rafik-belghali/nationalmannschaft/spieler/864306/verein_id/3614,ok,,2026-06-05T12:54:36
phillipp_mwene__aut,Phillipp Mwene,AUT,DEF,2.5,127573.0,https://www.transfermarkt.com/x/profil/spieler/127573,https://www.transfermarkt.de/phillipp-mwene/nationalmannschaft/spieler/127573/verein_id/3383,ok,,2026-06-05T12:54:52
petar_musa__cro,Petar Musa,CRO,FWD,2.5,387110.0,https://www.transfermarkt.com/x/profil/spieler/387110,https://www.transfermarkt.de/petar-musa/nationalmannschaft/spieler/387110/verein_id/3556,ok,,2026-06-05T12:55:05
pedro_vite__ecu,Pedro Vite,ECU,MID,2.5,659806.0,https://www.transfermarkt.com/x/profil/spieler/659806,https://www.transfermarkt.de/pedro-vite/nationalmannschaft/spieler/659806/verein_id/5750,ok,,2026-06-05T12:55:19
payam_niazmand__irn,Payam Niazmand,IRN,GK,2.5,343044.0,https://www.transfermarkt.com/x/profil/spieler/343044,https://www.transfermarkt.de/payam-niazmand/nationalmannschaft/spieler/343044/verein_id/3582,ok,,2026-06-05T12:55:34
paul_izzo__aus,Paul Izzo,AUS,GK,2.5,181921.0,https://www.transfermarkt.com/x/profil/spieler/181921,https://www.transfermarkt.de/paul-izzo/nationalmannschaft/spieler/181921/verein_id/3433,ok,,2026-06-05T12:55:47
patrick_schulte__usa,Patrick Schulte,USA,GK,2.5,649397.0,https://www.transfermarkt.com/x/profil/spieler/649397,https://www.transfermarkt.de/patrick-schulte/nationalmannschaft/spieler/649397/verein_id/3505,ok,,2026-06-05T12:56:01
patrick_berg__nor,Patrick Berg,NOR,MID,2.5,308439.0,https://www.transfermarkt.com/x/profil/spieler/308439,https://www.transfermarkt.de/patrick-berg/nationalmannschaft/spieler/308439/verein_id/3440,ok,,2026-06-05T12:56:16
patrick_beach__aus,Patrick Beach,AUS,GK,2.5,983578.0,https://www.transfermarkt.com/x/profil/spieler/983578,https://www.transfermarkt.de/patrick-beach/nationalmannschaft/spieler/983578/verein_id/3433,ok,,2026-06-05T12:56:30
path_ciss__sen,Pathe Ciss,SEN,MID,2.5,525578.0,https://www.transfermarkt.com/x/profil/spieler/525578,https://www.transfermarkt.de/pathe-ciss/nationalmannschaft/spieler/525578/verein_id/3499,ok,,2026-06-05T12:56:44
pape_matar_sarr__sen,Pape Matar Sarr,SEN,MID,2.5,568693.0,https://www.transfermarkt.com/x/profil/spieler/568693,https://www.transfermarkt.de/pape-matar-sarr/nationalmannschaft/spieler/568693/verein_id/3499,ok,,2026-06-05T12:56:58
ozan_kabak__tur,Ozan Kabak,TUR,DEF,2.5,361260.0,https://www.transfermarkt.com/x/profil/spieler/361260,https://www.transfermarkt.de/ozan-kabak/nationalmannschaft/spieler/361260/verein_id/3381,ok,,2026-06-05T12:57:12
owen_goodman__can,Owen Goodman,CAN,GK,2.5,814848.0,https://www.transfermarkt.com/x/profil/spieler/814848,https://www.transfermarkt.de/owen-goodman/nationalmannschaft/spieler/814848/verein_id/3510,ok,,2026-06-05T12:57:26
oussama_targhalline__mar,Oussama Targhalline,MAR,MID,2.5,667965.0,https://www.transfermarkt.com/x/profil/spieler/667965,https://www.transfermarkt.de/oussama-targhalline/nationalmannschaft/spieler/667965/verein_id/3575,ok,,2026-06-05T12:57:40
ousmane_diomande__civ,Ousmane Diomande,CIV,DEF,2.5,974982.0,https://www.transfermarkt.com/x/profil/spieler/974982,https://www.transfermarkt.de/ousmane-diomande/nationalmannschaft/spieler/974982/verein_id/3591,ok,,2026-06-05T12:57:54
oumar_diakite__civ,Oumar Diakite,CIV,FWD,2.5,847279.0,https://www.transfermarkt.com/x/profil/spieler/847279,https://www.transfermarkt.de/oumar-diakite/nationalmannschaft/spieler/847279/verein_id/3591,ok,,2026-06-05T12:58:08
otabek_shukurov__uzb,Otabek Shukurov,UZB,MID,2.5,294525.0,https://www.transfermarkt.com/x/profil/spieler/294525,https://www.transfermarkt.de/otabek-shukurov/nationalmannschaft/spieler/294525/verein_id/3563,ok,,2026-06-05T12:58:22
oston_urunov__uzb,Oston Urunov,UZB,MID,2.5,492556.0,https://www.transfermarkt.com/x/profil/spieler/492556,https://www.transfermarkt.de/oston-urunov/nationalmannschaft/spieler/492556/verein_id/3563,ok,,2026-06-05T12:58:36
osman_hadzikic__bih,Osman Hadzikic,BIH,GK,2.5,188881.0,https://www.transfermarkt.com/x/profil/spieler/188881,https://www.transfermarkt.de/osman-hadzikic/nationalmannschaft/spieler/188881/verein_id/3446,ok,,2026-06-05T12:58:50
orlando_mosquera__pan,Orlando Mosquera,PAN,GK,2.5,402979.0,https://www.transfermarkt.com/x/profil/spieler/402979,https://www.transfermarkt.de/orlando-mosquera/nationalmannschaft/spieler/402979/verein_id/3577,ok,,2026-06-05T12:59:04
omid_noorafkan__irn,Omid Noorafkan,IRN,MID,2.5,332274.0,https://www.transfermarkt.com/x/profil/spieler/332274,https://www.transfermarkt.de/omid-noorafkan/nationalmannschaft/spieler/332274/verein_id/3582,ok,,2026-06-05T12:59:18
odilon_kossounou__civ,Odilon Kossounou,CIV,DEF,2.5,644771.0,https://www.transfermarkt.com/x/profil/spieler/644771,https://www.transfermarkt.de/odilon-kossounou/nationalmannschaft/spieler/644771/verein_id/3591,ok,,2026-06-05T12:59:32
odildzhon_khamrobekov__uzb,Odildzhon Khamrobekov,UZB,MID,2.5,288915.0,https://www.transfermarkt.com/x/profil/spieler/288915,https://www.transfermarkt.de/odildzhon-khamrobekov/nationalmannschaft/spieler/288915/verein_id/3563,ok,,2026-06-05T12:59:49
obed_vargas__mex,Obed Vargas,MEX,MID,2.5,889435.0,https://www.transfermarkt.com/x/profil/spieler/889435,https://www.transfermarkt.de/obed-vargas/nationalmannschaft/spieler/889435/verein_id/6303,ok,,2026-06-05T13:00:04
nuno_da_costa__cpv,Nuno da Costa,CPV,FWD,2.5,306166.0,https://www.transfermarkt.com/x/profil/spieler/306166,https://www.transfermarkt.de/nuno-da-costa/nationalmannschaft/spieler/306166/verein_id/4311,ok,,2026-06-05T13:00:17
noor_al_rawabdeh__jor,Noor Al-Rawabdeh,JOR,MID,2.5,561485.0,https://www.transfermarkt.com/x/profil/spieler/561485,https://www.transfermarkt.de/noor-al-rawabdeh/nationalmannschaft/spieler/561485/verein_id/15737,ok,,2026-06-05T13:00:30
noah_sadiki__cod,Noah Sadiki,COD,MID,2.5,727089.0,https://www.transfermarkt.com/x/profil/spieler/727089,https://www.transfermarkt.de/noah-sadiki/nationalmannschaft/spieler/727089/verein_id/3854,ok,,2026-06-05T13:00:44
nkosinathi_sibisi__rsa,Nkosinathi Sibisi,RSA,DEF,2.5,399068.0,https://www.transfermarkt.com/x/profil/spieler/399068,https://www.transfermarkt.de/nkosinathi-sibisi/nationalmannschaft/spieler/399068/verein_id/3806,ok,,2026-06-05T13:00:58
nishan_velupillay__aus,Nishan Velupillay,AUS,FWD,2.5,888140.0,https://www.transfermarkt.com/x/profil/spieler/888140,https://www.transfermarkt.de/nishan-velupillay/nationalmannschaft/spieler/888140/verein_id/3433,ok,,2026-06-05T13:01:12
nikolas_polster__aut,Nikolas Polster,AUT,GK,2.5,488063.0,https://www.transfermarkt.com/x/profil/spieler/488063,https://www.transfermarkt.de/nikolas-polster/nationalmannschaft/spieler/488063/verein_id/3383,ok,,2026-06-05T13:01:26
nikola_moro__cro,Nikola Moro,CRO,MID,2.5,316934.0,https://www.transfermarkt.com/x/profil/spieler/316934,https://www.transfermarkt.de/nikola-moro/nationalmannschaft/spieler/316934/verein_id/3556,ok,,2026-06-05T13:01:42
niko_sigur__can,Niko Sigur,CAN,MID,2.5,1045375.0,https://www.transfermarkt.com/x/profil/spieler/1045375,https://www.transfermarkt.de/niko-sigur/nationalmannschaft/spieler/1045375/verein_id/3510,ok,,2026-06-05T13:01:56
nihad_mujaki__bih,Nihad Mujakic,BIH,DEF,2.5,380919.0,https://www.transfermarkt.com/x/profil/spieler/380919,https://www.transfermarkt.de/nihad-mujakic/nationalmannschaft/spieler/380919/verein_id/3446,ok,,2026-06-05T13:02:11
nicolas_seiwald__aut,Nicolas Seiwald,AUT,MID,2.5,404950.0,https://www.transfermarkt.com/x/profil/spieler/404950,https://www.transfermarkt.de/nicolas-seiwald/nationalmannschaft/spieler/404950/verein_id/3383,ok,,2026-06-05T13:02:26
nicolas_raskin__bel,Nicolas Raskin,BEL,MID,2.5,422763.0,https://www.transfermarkt.com/x/profil/spieler/422763,https://www.transfermarkt.de/nicolas-raskin/nationalmannschaft/spieler/422763/verein_id/3382,ok,,2026-06-05T13:02:39
nicolas_pepe__civ,Nicolas Pepe,CIV,FWD,2.5,343052.0,https://www.transfermarkt.com/x/profil/spieler/343052,https://www.transfermarkt.de/nicolas-pepe/nationalmannschaft/spieler/343052/verein_id/3591,ok,,2026-06-05T13:02:54
nicolas_fonseca__uru,Nicolas Fonseca,URU,MID,2.5,462070.0,https://www.transfermarkt.com/x/profil/spieler/462070,https://www.transfermarkt.de/nicolas-fonseca/nationalmannschaft/spieler/462070/verein_id/3449,ok,,2026-06-05T13:03:08
ngal_ayel_mukau__cod,Ngal'ayel Mukau,COD,MID,2.5,1016015.0,https://www.transfermarkt.com/x/profil/spieler/1016015,https://www.transfermarkt.de/ngalayel-mukau/nationalmannschaft/spieler/1016015/verein_id/3854,ok,,2026-06-05T13:03:23
nawaf_al_boushal__ksa,Nawaf Al-Boushal,KSA,DEF,2.5,821377.0,https://www.transfermarkt.com/x/profil/spieler/821377,https://www.transfermarkt.de/nawaf-boushal/nationalmannschaft/spieler/821377/verein_id/3807,ok,,2026-06-05T13:03:41
nawaf_al_aqidi__ksa,Nawaf Al-Aqidi,KSA,GK,2.5,886183.0,https://www.transfermarkt.com/x/profil/spieler/886183,https://www.transfermarkt.de/nawaf-al-aqidi/nationalmannschaft/spieler/886183/verein_id/3807,ok,,2026-06-05T13:03:54
nathaniel_brown__ger,Nathaniel Brown,GER,DEF,2.5,691892.0,https://www.transfermarkt.com/x/profil/spieler/691892,https://www.transfermarkt.de/nathaniel-brown/nationalmannschaft/spieler/691892/verein_id/3262,ok,,2026-06-05T13:04:07
nathanael_mbuku__cod,Nathanael Mbuku,COD,MID,2.5,557614.0,https://www.transfermarkt.com/x/profil/spieler/557614,https://www.transfermarkt.de/nathanael-mbuku/nationalmannschaft/spieler/557614/verein_id/3854,ok,,2026-06-05T13:04:21
nasser_al_dawsari__ksa,Nasser Al-Dawsari,KSA,MID,2.5,509911.0,https://www.transfermarkt.com/x/profil/spieler/509911,https://www.transfermarkt.de/nasser-al-dawsari/nationalmannschaft/spieler/509911/verein_id/3807,ok,,2026-06-05T13:04:34
nadiem_amiri__ger,Nadiem Amiri,GER,MID,2.5,232454.0,https://www.transfermarkt.com/x/profil/spieler/232454,https://www.transfermarkt.de/nadiem-amiri/nationalmannschaft/spieler/232454/verein_id/3262,ok,,2026-06-05T13:04:48
musab_al_juwayr__ksa,Musab Al-Juwayr,KSA,MID,2.5,901181.0,https://www.transfermarkt.com/x/profil/spieler/901181,https://www.transfermarkt.de/musab-al-juwayr/nationalmannschaft/spieler/901181/verein_id/3807,ok,,2026-06-05T13:05:05
mukhammadkodir_khamraliev__uzb,Mukhammadkodir Khamraliev,UZB,DEF,2.5,883732.0,https://www.transfermarkt.com/x/profil/spieler/883732,https://www.transfermarkt.de/mukhammadkodir-khamraliev/nationalmannschaft/spieler/883732/verein_id/3563,ok,,2026-06-05T13:05:19
morten_thorsby__nor,Morten Thorsby,NOR,MID,2.5,226524.0,https://www.transfermarkt.com/x/profil/spieler/226524,https://www.transfermarkt.de/morten-thorsby/nationalmannschaft/spieler/226524/verein_id/3440,ok,,2026-06-05T13:05:34
moon_hwan_kim__kor,Moon-Hwan Kim,KOR,DEF,2.5,524592.0,https://www.transfermarkt.com/x/profil/spieler/524592,https://www.transfermarkt.de/moon-hwan-kim/nationalmannschaft/spieler/524592/verein_id/3589,ok,,2026-06-05T13:05:48
mojmir_chytil__cze,Mojmir Chytil,CZE,FWD,2.5,405855.0,https://www.transfermarkt.com/x/profil/spieler/405855,https://www.transfermarkt.de/mojmir-chytil/nationalmannschaft/spieler/405855/verein_id/3445,ok,,2026-06-05T13:06:02
moises_ramirez__ecu,Moises Ramirez,ECU,GK,2.5,450233.0,https://www.transfermarkt.com/x/profil/spieler/450233,https://www.transfermarkt.de/moises-ramirez/nationalmannschaft/spieler/450233/verein_id/5750,ok,,2026-06-05T13:06:15
mohau_nkota__rsa,Mohau Nkota,RSA,FWD,2.5,1236525.0,https://www.transfermarkt.com/x/profil/spieler/1236525,https://www.transfermarkt.de/mohau-nkota/nationalmannschaft/spieler/1236525/verein_id/3806,ok,,2026-06-05T13:06:30
mohannad_abu_taha__jor,Mohannad Abu Taha,JOR,MID,2.5,883111.0,https://www.transfermarkt.com/x/profil/spieler/883111,https://www.transfermarkt.de/mohannad-abu-taha/nationalmannschaft/spieler/883111/verein_id/15737,ok,,2026-06-05T13:06:44
mohanad_lasheen__egy,Mohanad Lasheen,EGY,MID,2.5,479682.0,https://www.transfermarkt.com/x/profil/spieler/479682,https://www.transfermarkt.de/mohanad-lasheen/nationalmannschaft/spieler/479682/verein_id/3672,ok,,2026-06-05T13:06:57
mohammed_waad__qat,Mohammed Waad,QAT,MID,2.5,481935.0,https://www.transfermarkt.com/x/profil/spieler/481935,https://www.transfermarkt.de/mohammed-waad/nationalmannschaft/spieler/481935/verein_id/14162,ok,,2026-06-05T13:07:14
mohammed_al_rubaie_al_yami__ksa,Mohammed Al-Rubaie Al-Yami,KSA,GK,2.5,509914.0,https://www.transfermarkt.com/x/profil/spieler/509914,https://www.transfermarkt.de/mohammed-al-yami/nationalmannschaft/spieler/509914/verein_id/3807,ok,,2026-06-05T13:07:29
mohammad_khalife__irn,Mohammad Khalife,IRN,GK,2.5,1030744.0,https://www.transfermarkt.com/x/profil/spieler/1030744,https://www.transfermarkt.de/mohammad-khalifeh/nationalmannschaft/spieler/1030744/verein_id/3582,ok,,2026-06-05T13:07:43
mohammed_ghorbani__irn,Mohammad Ghorbani,IRN,MID,2.5,856087.0,https://www.transfermarkt.com/x/profil/spieler/856087,https://www.transfermarkt.de/mohammad-ghorbani/nationalmannschaft/spieler/856087/verein_id/3582,ok,,2026-06-05T13:07:58
mohammad_abualnadi__jor,Mohammad Abualnadi,JOR,DEF,2.5,658052.0,https://www.transfermarkt.com/x/profil/spieler/658052,https://www.transfermarkt.de/mohammad-abualnadi/nationalmannschaft/spieler/658052/verein_id/15737,ok,,2026-06-05T13:08:12
mohammad_abu_hasheesh__jor,Mohammad Abu Hasheesh,JOR,MID,2.5,895249.0,https://www.transfermarkt.com/x/profil/spieler/895249,https://www.transfermarkt.de/mohammad-abu-hasheesh/nationalmannschaft/spieler/895249/verein_id/15737,ok,,2026-06-05T13:08:27
mohamed_hany__egy,Mohamed Hany,EGY,DEF,2.5,343974.0,https://www.transfermarkt.com/x/profil/spieler/343974,https://www.transfermarkt.de/mohamed-hany/nationalmannschaft/spieler/343974/verein_id/3672,ok,,2026-06-05T13:08:42
mohamed_amine_ben_hamida__tun,Mohamed Amine Ben Hamida,TUN,DEF,2.5,454495.0,https://www.transfermarkt.com/x/profil/spieler/454495,https://www.transfermarkt.de/mohamed-amine-ben-hamida/nationalmannschaft/spieler/454495/verein_id/3670,ok,,2026-06-05T13:08:56
mohamed_alaa__egy,Mohamed Alaa,EGY,GK,2.5,1307898.0,https://www.transfermarkt.com/x/profil/spieler/1307898,https://www.transfermarkt.de/mohamed-alaa/nationalmannschaft/spieler/1307898/verein_id/3672,ok,,2026-06-05T13:09:09
mohamed_al_mannai__qat,Mohamed Al-Mannai,QAT,MID,2.5,822935.0,https://www.transfermarkt.com/x/profil/spieler/822935,https://www.transfermarkt.de/mohamed-al-mannai/nationalmannschaft/spieler/822935/verein_id/14162,ok,,2026-06-05T13:09:24
mohamed_abdelmonem__egy,Mohamed Abdelmonem,EGY,DEF,2.5,566025.0,https://www.transfermarkt.com/x/profil/spieler/566025,https://www.transfermarkt.de/mohamed-abdelmonem/nationalmannschaft/spieler/566025/verein_id/3672,ok,,2026-06-05T13:09:38
miro_muheim__sui,Miro Muheim,SUI,DEF,2.5,298603.0,https://www.transfermarkt.com/x/profil/spieler/298603,https://www.transfermarkt.de/miro-muheim/nationalmannschaft/spieler/298603/verein_id/3384,ok,,2026-06-05T13:09:52
milo_degenek__aus,Milos Degenek,AUS,DEF,2.5,187353.0,https://www.transfermarkt.com/x/profil/spieler/187353,https://www.transfermarkt.de/milos-degenek/nationalmannschaft/spieler/187353/verein_id/3433,ok,,2026-06-05T13:10:05
milad_mohammadi__irn,Milad Mohammadi,IRN,DEF,2.5,333355.0,https://www.transfermarkt.com/x/profil/spieler/333355,https://www.transfermarkt.de/milad-mohammadi/nationalmannschaft/spieler/333355/verein_id/3582,ok,,2026-06-05T13:10:19
michel_aebischer__sui,Michel Aebischer,SUI,MID,2.5,237658.0,https://www.transfermarkt.com/x/profil/spieler/237658,https://www.transfermarkt.de/michel-aebischer/nationalmannschaft/spieler/237658/verein_id/3384,ok,,2026-06-05T13:10:34
michal_sadilek__cze,Michal Sadilek,CZE,MID,2.5,321204.0,https://www.transfermarkt.com/x/profil/spieler/321204,https://www.transfermarkt.de/michal-sadilek/nationalmannschaft/spieler/321204/verein_id/3445,ok,,2026-06-05T13:10:49
michael_woud__nzl,Michael Woud,NZL,GK,2.5,350347.0,https://www.transfermarkt.com/x/profil/spieler/350347,https://www.transfermarkt.de/michael-woud/nationalmannschaft/spieler/350347/verein_id/9171,ok,,2026-06-05T13:11:03
michael_amir_murillo__pan,Michael Amir Murillo,PAN,DEF,2.5,354482.0,https://www.transfermarkt.com/x/profil/spieler/354482,https://www.transfermarkt.de/amir-murillo/nationalmannschaft/spieler/354482/verein_id/3577,ok,,2026-06-05T13:11:17
meshaal_barsham__qat,Meshaal Barsham,QAT,GK,2.5,560423.0,https://www.transfermarkt.com/x/profil/spieler/560423,https://www.transfermarkt.de/meshaal-barsham/nationalmannschaft/spieler/560423/verein_id/14162,ok,,2026-06-05T13:11:31
merchas_doski__irq,Merchas Doski,IRQ,DEF,2.5,530527.0,https://www.transfermarkt.com/x/profil/spieler/530527,https://www.transfermarkt.de/merchas-doski/nationalmannschaft/spieler/530527/verein_id/3560,ok,,2026-06-05T13:11:44
mbekezeli_mbokazi__rsa,Mbekezeli Mbokazi,RSA,DEF,2.5,1378320.0,https://www.transfermarkt.com/x/profil/spieler/1378320,https://www.transfermarkt.de/mbekezeli-mbokazi/nationalmannschaft/spieler/1378320/verein_id/3806,ok,,2026-06-05T13:11:59
maximilian_w_ber__aut,Maximilian Wöber,AUT,DEF,2.5,263361.0,https://www.transfermarkt.com/x/profil/spieler/263361,https://www.transfermarkt.de/maximilian-wober/nationalmannschaft/spieler/263361/verein_id/3383,ok,,2026-06-05T13:12:13
maximilian_beier__ger,Maximilian Beier,GER,FWD,2.5,578392.0,https://www.transfermarkt.com/x/profil/spieler/578392,https://www.transfermarkt.de/maximilian-beier/nationalmannschaft/spieler/578392/verein_id/3262,ok,,2026-06-05T13:12:26
max_crocombe__nzl,Max Crocombe,NZL,GK,2.5,207843.0,https://www.transfermarkt.com/x/profil/spieler/207843,https://www.transfermarkt.de/max-crocombe/nationalmannschaft/spieler/207843/verein_id/9171,ok,,2026-06-05T13:12:42
mattias_svanberg__swe,Mattias Svanberg,SWE,MID,2.5,342405.0,https://www.transfermarkt.com/x/profil/spieler/342405,https://www.transfermarkt.de/mattias-svanberg/nationalmannschaft/spieler/342405/verein_id/3557,ok,,2026-06-05T13:12:56
matthew_garbett__nzl,Matthew Garbett,NZL,MID,2.5,617019.0,https://www.transfermarkt.com/x/profil/spieler/617019,https://www.transfermarkt.de/matthew-garbett/nationalmannschaft/spieler/617019/verein_id/9171,ok,,2026-06-05T13:13:09
matias_galarza_fonda__par,Matias Galarza Fonda,PAR,MID,2.5,661269.0,https://www.transfermarkt.com/x/profil/spieler/661269,https://www.transfermarkt.de/matias-galarza/nationalmannschaft/spieler/661269/verein_id/3581,ok,,2026-06-05T13:13:25
mathieu_choiniere__can,Mathieu Choiniere,CAN,MID,2.5,589006.0,https://www.transfermarkt.com/x/profil/spieler/589006,https://www.transfermarkt.de/mathieu-choiniere/nationalmannschaft/spieler/589006/verein_id/3510,ok,,2026-06-05T13:13:39
martin_zlomisli__bih,Martin Zlomislic,BIH,GK,2.5,495320.0,https://www.transfermarkt.com/x/profil/spieler/495320,https://www.transfermarkt.de/martin-zlomislic/nationalmannschaft/spieler/495320/verein_id/3446,ok,,2026-06-05T13:13:53
martin_vitik__cze,Martin Vitik,CZE,DEF,2.5,652054.0,https://www.transfermarkt.com/x/profil/spieler/652054,https://www.transfermarkt.de/martin-vitik/nationalmannschaft/spieler/652054/verein_id/3445,ok,,2026-06-05T13:14:08
martin_jedlicka__cze,Martin Jedlicka,CZE,GK,2.5,293357.0,https://www.transfermarkt.com/x/profil/spieler/293357,https://www.transfermarkt.de/martin-jedlicka/nationalmannschaft/spieler/293357/verein_id/3445,ok,,2026-06-05T13:14:22
martin_boyle__aus,Martin Boyle,AUS,FWD,2.5,140554.0,https://www.transfermarkt.com/x/profil/spieler/140554,https://www.transfermarkt.de/martin-boyle/nationalmannschaft/spieler/140554/verein_id/3433,ok,,2026-06-05T13:14:36
marko_stamenic__nzl,Marko Stamenic,NZL,MID,2.5,617018.0,https://www.transfermarkt.com/x/profil/spieler/617018,https://www.transfermarkt.de/marko-stamenic/nationalmannschaft/spieler/617018/verein_id/9171,ok,,2026-06-05T13:14:55
marko_farji__irq,Marko Farji,IRQ,MID,2.5,663153.0,https://www.transfermarkt.com/x/profil/spieler/663153,https://www.transfermarkt.de/marko-farji/nationalmannschaft/spieler/663153/verein_id/3560,ok,,2026-06-05T13:15:09
marin_pongra_i__cro,Marin Pongracic,CRO,DEF,2.5,282144.0,https://www.transfermarkt.com/x/profil/spieler/282144,https://www.transfermarkt.de/marin-pongracic/nationalmannschaft/spieler/282144/verein_id/3556,ok,,2026-06-05T13:15:24
marcio_rosa__cpv,Marcio Rosa,CPV,GK,2.5,398048.0,https://www.transfermarkt.com/x/profil/spieler/398048,https://www.transfermarkt.de/marcio-rosa/nationalmannschaft/spieler/398048/verein_id/4311,ok,,2026-06-05T13:15:38
mamadou_sarr__sen,Mamadou Sarr,SEN,DEF,2.5,910905.0,https://www.transfermarkt.com/x/profil/spieler/910905,https://www.transfermarkt.de/mamadou-sarr/nationalmannschaft/spieler/910905/verein_id/3499,ok,,2026-06-05T13:15:52
mahmoud_saber__egy,Mahmoud Saber,EGY,MID,2.5,729390.0,https://www.transfermarkt.com/x/profil/spieler/729390,https://www.transfermarkt.de/mahmoud-saber/nationalmannschaft/spieler/729390/verein_id/3672,ok,,2026-06-05T13:16:06
mahmoud_abunada__qat,Mahmoud Abunada,QAT,GK,2.5,669629.0,https://www.transfermarkt.com/x/profil/spieler/669629,https://www.transfermarkt.de/mahmoud-abunada/nationalmannschaft/spieler/669629/verein_id/14162,ok,,2026-06-05T13:16:20
lyndon_dykes__sco,Lyndon Dykes,SCO,FWD,2.5,347138.0,https://www.transfermarkt.com/x/profil/spieler/347138,https://www.transfermarkt.de/lyndon-dykes/nationalmannschaft/spieler/347138/verein_id/3380,ok,,2026-06-05T13:16:34
lukas_hornicek__cze,Lukas Hornicek,CZE,GK,2.5,629773.0,https://www.transfermarkt.com/x/profil/spieler/629773,https://www.transfermarkt.de/lukas-hornicek/nationalmannschaft/spieler/629773/verein_id/3445,ok,,2026-06-05T13:16:48
luis_mejia__pan,Luis Mejia,PAN,GK,2.5,76715.0,https://www.transfermarkt.com/x/profil/spieler/76715,https://www.transfermarkt.de/luis-mejia/nationalmannschaft/spieler/76715/verein_id/3577,ok,,2026-06-05T13:17:02
luciano_valente__ned,Luciano Valente,NED,MID,2.5,601495.0,https://www.transfermarkt.com/x/profil/spieler/601495,https://www.transfermarkt.de/luciano-valente/nationalmannschaft/spieler/601495/verein_id/3379,ok,,2026-06-05T13:17:17
lucas_mendes__qat,Lucas Mendes,QAT,DEF,2.5,83983.0,https://www.transfermarkt.com/x/profil/spieler/83983,https://www.transfermarkt.de/lucas-mendes/nationalmannschaft/spieler/83983/verein_id/14162,ok,,2026-06-05T13:17:31
lucas_bergvall__swe,Lucas Bergvall,SWE,MID,2.5,866246.0,https://www.transfermarkt.com/x/profil/spieler/866246,https://www.transfermarkt.de/lucas-bergvall/nationalmannschaft/spieler/866246/verein_id/3557,ok,,2026-06-05T13:17:46
logan_costa__cpv,Logan Costa,CPV,DEF,2.5,484988.0,https://www.transfermarkt.com/x/profil/spieler/484988,https://www.transfermarkt.de/logan-costa/nationalmannschaft/spieler/484988/verein_id/4311,ok,,2026-06-05T13:17:59
livano_comenencia__cuw,Livano Comenencia,CUW,DEF,2.5,626764.0,https://www.transfermarkt.com/x/profil/spieler/626764,https://www.transfermarkt.de/livano-comenencia/nationalmannschaft/spieler/626764/verein_id/32364,ok,,2026-06-05T13:18:15
liberato_cacace__nzl,Liberato Cacace,NZL,DEF,2.5,469211.0,https://www.transfermarkt.com/x/profil/spieler/469211,https://www.transfermarkt.de/liberato-cacace/nationalmannschaft/spieler/469211/verein_id/9171,ok,,2026-06-05T13:18:30
leverton_pierre__hai,Leverton Pierre,HAI,MID,2.5,552467.0,https://www.transfermarkt.com/x/profil/spieler/552467,https://www.transfermarkt.de/leverton-pierre/nationalmannschaft/spieler/552467/verein_id/14161,ok,,2026-06-05T13:18:44
leo_ostigard__nor,Leo Østigård,NOR,DEF,2.5,367284.0,https://www.transfermarkt.com/x/profil/spieler/367284,https://www.transfermarkt.de/leo-ostigard/nationalmannschaft/spieler/367284/verein_id/3440,ok,,2026-06-05T13:18:58
leandro_bacuna__cuw,Leandro Bacuna,CUW,MID,2.5,126014.0,https://www.transfermarkt.com/x/profil/spieler/126014,https://www.transfermarkt.de/leandro-bacuna/nationalmannschaft/spieler/126014/verein_id/32364,ok,,2026-06-05T13:19:12
lawrence_shankland__sco,Lawrence Shankland,SCO,FWD,2.5,225744.0,https://www.transfermarkt.com/x/profil/spieler/225744,https://www.transfermarkt.de/lawrence-shankland/nationalmannschaft/spieler/225744/verein_id/3380,ok,,2026-06-05T13:19:26
laros_duarte__cpv,Laros Duarte,CPV,MID,2.5,258513.0,https://www.transfermarkt.com/x/profil/spieler/258513,https://www.transfermarkt.de/laros-duarte/nationalmannschaft/spieler/258513/verein_id/4311,ok,,2026-06-05T13:19:44
kye_rowles__aus,Kye Rowles,AUS,DEF,2.5,399990.0,https://www.transfermarkt.com/x/profil/spieler/399990,https://www.transfermarkt.de/kye-rowles/nationalmannschaft/spieler/399990/verein_id/3433,ok,,2026-06-05T13:19:57
kwasi_sibo__gha,Kwasi Sibo,GHA,MID,2.5,538006.0,https://www.transfermarkt.com/x/profil/spieler/538006,https://www.transfermarkt.de/kwasi-sibo/nationalmannschaft/spieler/538006/verein_id/3441,ok,,2026-06-05T13:20:13
kumel_al_rekabe__irq,Kumel Al-Rekabe,IRQ,GK,2.5,716687.0,https://www.transfermarkt.com/x/profil/spieler/716687,https://www.transfermarkt.de/kumel-al-rekabe/nationalmannschaft/spieler/716687/verein_id/3560,ok,,2026-06-05T13:20:27
kr_pin_diatta__sen,Krepin Diatta,SEN,FWD,2.5,490426.0,https://www.transfermarkt.com/x/profil/spieler/490426,https://www.transfermarkt.de/krepin-diatta/nationalmannschaft/spieler/490426/verein_id/3499,ok,,2026-06-05T13:20:40
kosta_barbarouses__nzl,Kosta Barbarouses,NZL,FWD,2.5,50200.0,https://www.transfermarkt.com/x/profil/spieler/50200,https://www.transfermarkt.de/kosta-barbarouses/nationalmannschaft/spieler/50200/verein_id/9171,ok,,2026-06-05T13:20:53
kobbie_mainoo__eng,Kobbie Mainoo,ENG,MID,2.5,820374.0,https://www.transfermarkt.com/x/profil/spieler/820374,https://www.transfermarkt.de/kobbie-mainoo/nationalmannschaft/spieler/820374/verein_id/3299,ok,,2026-06-05T13:21:07
kieran_tierney__sco,Kieran Tierney,SCO,DEF,2.5,300716.0,https://www.transfermarkt.com/x/profil/spieler/300716,https://www.transfermarkt.de/kieran-tierney/nationalmannschaft/spieler/300716/verein_id/3380,ok,,2026-06-05T13:21:20
khozhiakbar_alizhonov__uzb,Khozhiakbar Alizhonov,UZB,DEF,2.5,492558.0,https://www.transfermarkt.com/x/profil/spieler/492558,https://www.transfermarkt.de/khozhiakbar-alizhonov/nationalmannschaft/spieler/492558/verein_id/3563,ok,,2026-06-05T13:21:34
kevin_danso__aut,Kevin Danso,AUT,DEF,2.5,263236.0,https://www.transfermarkt.com/x/profil/spieler/263236,https://www.transfermarkt.de/kevin-danso/nationalmannschaft/spieler/263236/verein_id/3383,ok,,2026-06-05T13:21:48
kento_shiogai__jpn,Kento Shiogai,JPN,FWD,2.5,1144627.0,https://www.transfermarkt.com/x/profil/spieler/1144627,https://www.transfermarkt.de/kento-shiogai/nationalmannschaft/spieler/1144627/verein_id/3435,ok,,2026-06-05T13:22:01
kenny_mclean__sco,Kenny McLean,SCO,MID,2.5,126600.0,https://www.transfermarkt.com/x/profil/spieler/126600,https://www.transfermarkt.de/kenny-mclean/nationalmannschaft/spieler/126600/verein_id/3380,ok,,2026-06-05T13:22:14
kenji_gorr__cuw,Kenji Gorre,CUW,FWD,2.5,374889.0,https://www.transfermarkt.com/x/profil/spieler/374889,https://www.transfermarkt.de/kenji-gorre/nationalmannschaft/spieler/374889/verein_id/32364,ok,,2026-06-05T13:22:28
ken_sema__swe,Ken Sema,SWE,MID,2.5,252345.0,https://www.transfermarkt.com/x/profil/spieler/252345,https://www.transfermarkt.de/ken-sema/nationalmannschaft/spieler/252345/verein_id/3557,ok,,2026-06-05T13:22:43
keisuke_goto__jpn,Keisuke Goto,JPN,FWD,2.5,916623.0,https://www.transfermarkt.com/x/profil/spieler/916623,https://www.transfermarkt.de/keisuke-goto/nationalmannschaft/spieler/916623/verein_id/3435,ok,,2026-06-05T13:22:58
karim_boudiaf__qat,Karim Boudiaf,QAT,MID,2.5,222385.0,https://www.transfermarkt.com/x/profil/spieler/222385,https://www.transfermarkt.de/karim-boudiaf/nationalmannschaft/spieler/222385/verein_id/14162,ok,,2026-06-05T13:23:13
kamal_miller__can,Kamal Miller,CAN,DEF,2.5,487504.0,https://www.transfermarkt.com/x/profil/spieler/487504,https://www.transfermarkt.de/kamal-miller/nationalmannschaft/spieler/487504/verein_id/3510,ok,,2026-06-05T13:23:28
kalidou_koulibaly__sen,Kalidou Koulibaly,SEN,DEF,2.5,93128.0,https://www.transfermarkt.com/x/profil/spieler/93128,https://www.transfermarkt.de/kalidou-koulibaly/nationalmannschaft/spieler/93128/verein_id/3499,ok,,2026-06-05T13:23:43
kaishu_sano__jpn,Kaishu Sano,JPN,MID,2.5,643574.0,https://www.transfermarkt.com/x/profil/spieler/643574,https://www.transfermarkt.de/kaishu-sano/nationalmannschaft/spieler/643574/verein_id/3435,ok,,2026-06-05T13:24:01
jurri_n_timber__ned,Jurrien Timber,NED,DEF,2.5,420243.0,https://www.transfermarkt.com/x/profil/spieler/420243,https://www.transfermarkt.de/jurrien-timber/nationalmannschaft/spieler/420243/verein_id/3379,ok,,2026-06-05T13:24:17
juri_n_gaari__cuw,Jurien Gaari,CUW,DEF,2.5,328455.0,https://www.transfermarkt.com/x/profil/spieler/328455,https://www.transfermarkt.de/jurien-gaari/nationalmannschaft/spieler/328455/verein_id/32364,ok,,2026-06-05T13:24:35
junnosuke_suzuki__jpn,Junnosuke Suzuki,JPN,DEF,2.5,848856.0,https://www.transfermarkt.com/x/profil/spieler/848856,https://www.transfermarkt.de/junnosuke-suzuki/nationalmannschaft/spieler/848856/verein_id/3435,ok,,2026-06-05T13:24:51
jun_ho_bae__kor,Jun-ho Bae,KOR,MID,2.5,912081.0,https://www.transfermarkt.com/x/profil/spieler/912081,https://www.transfermarkt.de/jun-ho-bae/nationalmannschaft/spieler/912081/verein_id/3589,ok,,2026-06-05T13:25:09
juan_quintero__col,Juan Quintero,COL,MID,2.5,323838.0,https://www.transfermarkt.com/x/profil/spieler/323838,https://www.transfermarkt.de/juan-quintero/nationalmannschaft/spieler/323838/verein_id/3816,ok,,2026-06-05T13:25:26
juan_portilla__col,Juan Portilla,COL,MID,2.5,585747.0,https://www.transfermarkt.com/x/profil/spieler/585747,https://www.transfermarkt.de/juan-portilla/nationalmannschaft/spieler/585747/verein_id/3816,ok,,2026-06-05T13:25:46
juan_espinola__par,Juan Espinola,PAR,GK,2.5,532557.0,https://www.transfermarkt.com/x/profil/spieler/532557,https://www.transfermarkt.de/juan-espinola/nationalmannschaft/spieler/532557/verein_id/3581,ok,,2026-06-05T13:26:02
jovane_cabral__cpv,Jovane Cabral,CPV,FWD,2.5,448466.0,https://www.transfermarkt.com/x/profil/spieler/448466,https://www.transfermarkt.de/jovane-cabral/nationalmannschaft/spieler/448466/verein_id/4311,ok,,2026-06-05T13:26:18
josue_duverger__hai,Josue Duverger,HAI,GK,2.5,490369.0,https://www.transfermarkt.com/x/profil/spieler/490369,https://www.transfermarkt.de/josue-duverger/nationalmannschaft/spieler/490369/verein_id/14161,ok,,2026-06-05T13:26:33
josue_casimir__hai,Josue Casimir,HAI,FWD,2.5,763182.0,https://www.transfermarkt.com/x/profil/spieler/763182,https://www.transfermarkt.de/josue-casimir/nationalmannschaft/spieler/763182/verein_id/14161,ok,,2026-06-05T13:26:48
joshua_brenet__cuw,Joshua Brenet,CUW,DEF,2.5,207006.0,https://www.transfermarkt.com/x/profil/spieler/207006,https://www.transfermarkt.de/joshua-brenet/nationalmannschaft/spieler/207006/verein_id/32364,ok,,2026-06-05T13:27:03
joseph_anang__gha,Joseph Anang,GHA,GK,2.5,576099.0,https://www.transfermarkt.com/x/profil/spieler/576099,https://www.transfermarkt.de/joseph-anang/nationalmannschaft/spieler/576099/verein_id/3441,ok,,2026-06-05T13:27:17
jos_manuel_l_pez__arg,Jose Manuel Lopez,ARG,FWD,2.5,844797.0,https://www.transfermarkt.com/x/profil/spieler/844797,https://www.transfermarkt.de/jose-manuel-lopez/nationalmannschaft/spieler/844797/verein_id/3437,ok,,2026-06-05T13:27:32
jose_luis_rodriguez_francis__pan,Jose Luis Rodriguez Francis,PAN,MID,2.5,425028.0,https://www.transfermarkt.com/x/profil/spieler/425028,https://www.transfermarkt.de/jose-luis-rodriguez/nationalmannschaft/spieler/425028/verein_id/3577,ok,,2026-06-05T13:27:48
jos_cordoba__pan,Jose Cordoba,PAN,DEF,2.5,698415.0,https://www.transfermarkt.com/x/profil/spieler/698415,https://www.transfermarkt.de/jose-cordoba/nationalmannschaft/spieler/698415/verein_id/3577,ok,,2026-06-05T13:28:16
jorrel_hato__ned,Jorrel Hato,NED,DEF,2.5,904802.0,https://www.transfermarkt.com/x/profil/spieler/904802,https://www.transfermarkt.de/jorrel-hato/nationalmannschaft/spieler/904802/verein_id/3379,ok,,2026-06-05T13:28:32
joris_kayembe__cod,Joris Kayembe,COD,DEF,2.5,129586.0,https://www.transfermarkt.com/x/profil/spieler/129586,https://www.transfermarkt.de/joris-kayembe/nationalmannschaft/spieler/129586/verein_id/3854,ok,,2026-06-05T13:28:48
jorge_sanchez__mex,Jorge Sanchez,MEX,DEF,2.5,356044.0,https://www.transfermarkt.com/x/profil/spieler/356044,https://www.transfermarkt.de/jorge-sanchez/nationalmannschaft/spieler/356044/verein_id/6303,ok,,2026-06-05T13:29:03
jorge_carrascal__col,Jorge Carrascal,COL,MID,2.5,354145.0,https://www.transfermarkt.com/x/profil/spieler/354145,https://www.transfermarkt.de/jorge-carrascal/nationalmannschaft/spieler/354145/verein_id/3816,ok,,2026-06-05T13:29:34
jordy_caicedo__ecu,Jordy Caicedo,ECU,FWD,2.5,360412.0,https://www.transfermarkt.com/x/profil/spieler/360412,https://www.transfermarkt.de/jordy-caicedo/nationalmannschaft/spieler/360412/verein_id/5750,ok,,2026-06-05T13:29:50
johny_placide__hai,Johny Placide,HAI,GK,2.5,51035.0,https://www.transfermarkt.com/x/profil/spieler/51035,https://www.transfermarkt.de/johny-placide/nationalmannschaft/spieler/51035/verein_id/14161,ok,,2026-06-05T13:30:07
john_souttar__sco,John Souttar,SCO,DEF,2.5,235767.0,https://www.transfermarkt.com/x/profil/spieler/235767,https://www.transfermarkt.de/john-souttar/nationalmannschaft/spieler/235767/verein_id/3380,ok,,2026-06-05T13:30:23
joel_waterman__can,Joel Waterman,CAN,DEF,2.5,441738.0,https://www.transfermarkt.com/x/profil/spieler/441738,https://www.transfermarkt.de/joel-waterman/nationalmannschaft/spieler/441738/verein_id/3510,ok,,2026-06-05T13:30:38
joel_ord_ez__ecu,Joel Ordonez,ECU,DEF,2.5,893661.0,https://www.transfermarkt.com/x/profil/spieler/893661,https://www.transfermarkt.de/joel-ordonez/nationalmannschaft/spieler/893661/verein_id/5750,ok,,2026-06-05T13:30:53
joe_bell__nzl,Joe Bell,NZL,MID,2.5,345700.0,https://www.transfermarkt.com/x/profil/spieler/345700,https://www.transfermarkt.de/joe-bell/nationalmannschaft/spieler/345700/verein_id/9171,ok,,2026-06-05T13:31:08
joaquin_seys__bel,Joaquin Seys,BEL,DEF,2.5,981196.0,https://www.transfermarkt.com/x/profil/spieler/981196,https://www.transfermarkt.de/joaquin-seys/nationalmannschaft/spieler/981196/verein_id/3382,ok,,2026-06-05T13:31:22
manu_kon__fra,Manu Koné,FRA,MID,3.5,624690.0,https://www.transfermarkt.com/x/profil/spieler/624690,https://www.transfermarkt.de/manu-kone/nationalmannschaft/spieler/624690/verein_id/3377,ok,,2026-06-05T13:57:32
lucas_digne__fra,Lucas Digne,FRA,DEF,3.5,126664.0,https://www.transfermarkt.com/x/profil/spieler/126664,https://www.transfermarkt.de/lucas-digne/nationalmannschaft/spieler/126664/verein_id/3377,ok,,2026-06-05T13:57:48
gonzalo_montiel__arg,Gonzalo Montiel,ARG,DEF,3.5,402733.0,https://www.transfermarkt.com/x/profil/spieler/402733,https://www.transfermarkt.de/gonzalo-montiel/nationalmannschaft/spieler/402733/verein_id/3437,ok,,2026-06-05T13:58:02
alex_baena__esp,Alex Baena,ESP,MID,3.5,548111.0,https://www.transfermarkt.com/x/profil/spieler/548111,https://www.transfermarkt.de/alex-baena/nationalmannschaft/spieler/548111/verein_id/3375,ok,,2026-06-05T13:58:16
kylian_mbapp__fra,Kylian Mbappe,FRA,FWD,10.0,342229.0,https://www.transfermarkt.com/x/profil/spieler/342229,https://www.transfermarkt.de/kylian-mbappe/nationalmannschaft/spieler/342229/verein_id/3377,ok,,2026-06-05T13:58:29
juan_jose_caceres__par,Juan Jose Caceres,PAR,DEF,3.0,756494.0,https://www.transfermarkt.com/x/profil/spieler/756494,https://www.transfermarkt.de/juan-jose-caceres/nationalmannschaft/spieler/756494/verein_id/3581,ok,,2026-06-05T13:59:23
joaqu_n_piquerez__uru,Joaquin Piquerez,URU,MID,2.5,496268.0,https://www.transfermarkt.com/x/profil/spieler/496268,https://www.transfermarkt.de/joaquin-piquerez/nationalmannschaft/spieler/496268/verein_id/3449,ok,,2026-06-05T14:01:21
jin_seob_park__kor,Jin-seob Park,KOR,MID,2.5,557469.0,https://www.transfermarkt.com/x/profil/spieler/557469,https://www.transfermarkt.de/jin-seob-park/nationalmannschaft/spieler/557469/verein_id/3589,ok,,2026-06-05T14:01:39
jin_gyu_kim__kor,Jin-gyu Kim,KOR,MID,2.5,365377.0,https://www.transfermarkt.com/x/profil/spieler/365377,https://www.transfermarkt.de/jin-gyu-kim/nationalmannschaft/spieler/365377/verein_id/3589,ok,,2026-06-05T14:01:54
jerome_opoku__gha,Jerome Opoku,GHA,DEF,2.5,408563.0,https://www.transfermarkt.com/x/profil/spieler/408563,https://www.transfermarkt.de/jerome-opoku/nationalmannschaft/spieler/408563/verein_id/3441,ok,,2026-06-05T14:02:09
jeremy_ngakia__cod,Jeremy Ngakia,COD,DEF,2.5,503795.0,https://www.transfermarkt.com/x/profil/spieler/503795,https://www.transfermarkt.de/jeremy-ngakia/nationalmannschaft/spieler/503795/verein_id/3854,ok,,2026-06-05T14:02:23
jens_petter_hauge__nor,Jens Petter Hauge,NOR,MID,2.5,422355.0,https://www.transfermarkt.com/x/profil/spieler/422355,https://www.transfermarkt.de/jens-petter-hauge/nationalmannschaft/spieler/422355/verein_id/3440,ok,,2026-06-05T14:02:38
jens_castrop__kor,Jens Castrop,KOR,MID,2.5,613192.0,https://www.transfermarkt.com/x/profil/spieler/613192,https://www.transfermarkt.de/jens-castrop/nationalmannschaft/spieler/613192/verein_id/3589,ok,,2026-06-05T14:02:53
jean_kevin_duverne__hai,Jean-Kevin Duverne,HAI,DEF,2.5,344864.0,https://www.transfermarkt.com/x/profil/spieler/344864,https://www.transfermarkt.de/jean-kevin-duverne/nationalmannschaft/spieler/344864/verein_id/14161,ok,,2026-06-05T14:03:07
jean_michael_seri__civ,Jean Michael Seri,CIV,MID,2.5,178614.0,https://www.transfermarkt.com/x/profil/spieler/178614,https://www.transfermarkt.de/jean-michael-seri/nationalmannschaft/spieler/178614/verein_id/3591,ok,,2026-06-05T14:03:23
jawad_el_yamiq__mar,Jawad El Yamiq,MAR,DEF,2.5,235412.0,https://www.transfermarkt.com/x/profil/spieler/235412,https://www.transfermarkt.de/jawad-el-yamiq/nationalmannschaft/spieler/235412/verein_id/3575,ok,,2026-06-05T14:03:38
jassem_gaber__qat,Jassem Gaber,QAT,MID,2.5,735813.0,https://www.transfermarkt.com/x/profil/spieler/735813,https://www.transfermarkt.de/jassem-gaber/nationalmannschaft/spieler/735813/verein_id/14162,ok,,2026-06-05T14:03:53
jason_geria__aus,Jason Geria,AUS,DEF,2.5,185175.0,https://www.transfermarkt.com/x/profil/spieler/185175,https://www.transfermarkt.de/jason-geria/nationalmannschaft/spieler/185175/verein_id/3433,ok,,2026-06-05T14:04:11
jaroslav_zeleny__cze,Jaroslav Zeleny,CZE,DEF,2.5,142219.0,https://www.transfermarkt.com/x/profil/spieler/142219,https://www.transfermarkt.de/jaroslav-zeleny/nationalmannschaft/spieler/142219/verein_id/3445,ok,,2026-06-05T14:04:27
jarell_quansah__eng,Jarell Quansah,ENG,DEF,2.5,632349.0,https://www.transfermarkt.com/x/profil/spieler/632349,https://www.transfermarkt.de/jarell-quansah/nationalmannschaft/spieler/632349/verein_id/3299,ok,,2026-06-05T14:04:40
jamiro_monteiro__cpv,Jamiro Monteiro,CPV,MID,2.5,272930.0,https://www.transfermarkt.com/x/profil/spieler/272930,https://www.transfermarkt.de/jamiro-monteiro/nationalmannschaft/spieler/272930/verein_id/4311,ok,,2026-06-05T14:04:54
jaminton_campaz__col,Jaminton Campaz,COL,MID,2.5,491553.0,https://www.transfermarkt.com/x/profil/spieler/491553,https://www.transfermarkt.de/jaminton-campaz/nationalmannschaft/spieler/491553/verein_id/3816,ok,,2026-06-05T14:05:08
jakhongir_urozov__uzb,Jakhongir Urozov,UZB,DEF,2.5,989069.0,https://www.transfermarkt.com/x/profil/spieler/989069,https://www.transfermarkt.de/jakhongir-urozov/nationalmannschaft/spieler/989069/verein_id/3563,ok,,2026-06-05T14:05:24
ivor_pandur__cro,Ivor Pandur,CRO,GK,2.5,371013.0,https://www.transfermarkt.com/x/profil/spieler/371013,https://www.transfermarkt.de/ivor-pandur/nationalmannschaft/spieler/371013/verein_id/3556,ok,,2026-06-05T14:05:37
ivan_ba_i__bih,Ivan Basic,BIH,MID,2.5,620560.0,https://www.transfermarkt.com/x/profil/spieler/620560,https://www.transfermarkt.de/ivan-basic/nationalmannschaft/spieler/620560/verein_id/3446,ok,,2026-06-05T14:05:54
abdul_fatawu_issahaku__gha,Issahaku Abdul Fatawu,GHA,FWD,2.5,864121.0,https://www.transfermarkt.com/x/profil/spieler/864121,https://www.transfermarkt.de/abdul-fatawu/nationalmannschaft/spieler/864121/verein_id/3441,ok,,2026-06-05T14:06:08
issa_diop__mar,Issa Diop,MAR,DEF,2.5,272622.0,https://www.transfermarkt.com/x/profil/spieler/272622,https://www.transfermarkt.de/issa-diop/nationalmannschaft/spieler/272622/verein_id/3575,ok,,2026-06-05T14:06:29
i_smail_y_ksek__tur,Ismail Yüksek,TUR,MID,2.5,613725.0,https://www.transfermarkt.com/x/profil/spieler/613725,https://www.transfermarkt.de/ismail-yuksek/nationalmannschaft/spieler/613725/verein_id/3381,ok,,2026-06-05T14:06:45
ismail_jakobs__sen,Ismail Jakobs,SEN,DEF,2.5,375137.0,https://www.transfermarkt.com/x/profil/spieler/375137,https://www.transfermarkt.de/ismail-jakobs/nationalmannschaft/spieler/375137/verein_id/3499,ok,,2026-06-05T14:07:02
isma_l_gharbi__tun,Ismael Gharbi,TUN,MID,2.5,810096.0,https://www.transfermarkt.com/x/profil/spieler/810096,https://www.transfermarkt.de/ismael-gharbi/nationalmannschaft/spieler/810096/verein_id/3670,ok,,2026-06-05T14:07:16
ismael_d_az__pan,Ismael Diaz,PAN,FWD,2.5,243298.0,https://www.transfermarkt.com/x/profil/spieler/243298,https://www.transfermarkt.de/ismael-diaz/nationalmannschaft/spieler/243298/verein_id/3577,ok,,2026-06-05T14:07:31
isma_l_bennacer__alg,Ismael Bennacer,ALG,MID,2.5,351816.0,https://www.transfermarkt.com/x/profil/spieler/351816,https://www.transfermarkt.de/ismael-bennacer/nationalmannschaft/spieler/351816/verein_id/3614,ok,,2026-06-05T14:07:46
isak_hien__swe,Isak Hien,SWE,DEF,2.5,503075.0,https://www.transfermarkt.com/x/profil/spieler/503075,https://www.transfermarkt.de/isak-hien/nationalmannschaft/spieler/503075/verein_id/3557,ok,,2026-06-05T14:08:03
in_beom_hwang__kor,In-beom Hwang,KOR,MID,2.5,365394.0,https://www.transfermarkt.com/x/profil/spieler/365394,https://www.transfermarkt.de/in-beom-hwang/nationalmannschaft/spieler/365394/verein_id/3589,ok,,2026-06-05T14:08:18
igor_matanovic__cro,Igor Matanovic,CRO,FWD,2.5,605268.0,https://www.transfermarkt.com/x/profil/spieler/605268,https://www.transfermarkt.de/igor-matanovic/nationalmannschaft/spieler/605268/verein_id/3556,ok,,2026-06-05T14:08:33
ibrahim_sulemana__gha,Ibrahim Sulemana,GHA,MID,2.5,982267.0,https://www.transfermarkt.com/x/profil/spieler/982267,https://www.transfermarkt.de/ibrahim-sulemana/nationalmannschaft/spieler/982267/verein_id/3441,ok,,2026-06-05T14:08:47
ibrahim_sabra__jor,Ibrahim Sabra,JOR,FWD,2.5,1142382.0,https://www.transfermarkt.com/x/profil/spieler/1142382,https://www.transfermarkt.de/ibrahim-sabra/nationalmannschaft/spieler/1142382/verein_id/15737,ok,,2026-06-05T14:09:05
ibrahim_sa_deh__jor,Ibrahim Saadeh,JOR,MID,2.5,709974.0,https://www.transfermarkt.com/x/profil/spieler/709974,https://www.transfermarkt.de/ibrahim-saadeh/nationalmannschaft/spieler/709974/verein_id/15737,ok,,2026-06-05T14:09:23
ibrahim_bayesh__irq,Ibrahim Bayesh,IRQ,MID,2.5,560957.0,https://www.transfermarkt.com/x/profil/spieler/560957,https://www.transfermarkt.de/ibrahim-bayesh/nationalmannschaft/spieler/560957/verein_id/3560,ok,,2026-06-05T14:09:40
hyun_jun_yang__kor,Hyun-Jun Yang,KOR,MID,2.5,853110.0,https://www.transfermarkt.com/x/profil/spieler/853110,https://www.transfermarkt.de/hyun-jun-yang/nationalmannschaft/spieler/853110/verein_id/3589,ok,,2026-06-05T14:09:56
houssem_aouar__alg,Houssem Aouar,ALG,MID,2.5,395693.0,https://www.transfermarkt.com/x/profil/spieler/395693,https://www.transfermarkt.de/houssem-aouar/nationalmannschaft/spieler/395693/verein_id/3614,ok,,2026-06-05T14:10:10
hossein_kanaani__irn,Hossein Kanaani,IRN,DEF,2.5,249400.0,https://www.transfermarkt.com/x/profil/spieler/249400,https://www.transfermarkt.de/hossein-kanaani/nationalmannschaft/spieler/249400/verein_id/3582,ok,,2026-06-05T14:10:24
hossam_abdelmaguid__egy,Hossam Abdelmaguid,EGY,DEF,2.5,737524.0,https://www.transfermarkt.com/x/profil/spieler/737524,https://www.transfermarkt.de/hossam-abdelmaguid/nationalmannschaft/spieler/737524/verein_id/3672,ok,,2026-06-05T14:10:41
homam_al_amin__qat,Homam Al-Amin,QAT,DEF,2.5,556713.0,https://www.transfermarkt.com/x/profil/spieler/556713,https://www.transfermarkt.de/homam-al-amin/nationalmannschaft/spieler/556713/verein_id/14162,ok,,2026-06-05T14:10:55
hiroki_ito__jpn,Hiroki Ito,JPN,DEF,2.5,353892.0,https://www.transfermarkt.com/x/profil/spieler/353892,https://www.transfermarkt.de/hiroki-ito/nationalmannschaft/spieler/353892/verein_id/3435,ok,,2026-06-05T14:11:09
himad_abdelli__alg,Himad Abdelli,ALG,MID,2.5,592979.0,https://www.transfermarkt.com/x/profil/spieler/592979,https://www.transfermarkt.de/himad-abdelli/nationalmannschaft/spieler/592979/verein_id/3614,ok,,2026-06-05T14:11:23
hicham_boudaoui__alg,Hicham Boudaoui,ALG,MID,2.5,560593.0,https://www.transfermarkt.com/x/profil/spieler/560593,https://www.transfermarkt.de/hicham-boudaoui/nationalmannschaft/spieler/560593/verein_id/3614,ok,,2026-06-05T14:11:37
h_lio_varela__cpv,Helio Varela,CPV,FWD,2.5,840836.0,https://www.transfermarkt.com/x/profil/spieler/840836,https://www.transfermarkt.de/helio-varela/nationalmannschaft/spieler/840836/verein_id/4311,ok,,2026-06-05T14:11:50
hannes_delcroix__hai,Hannes Delcroix,HAI,DEF,2.5,338635.0,https://www.transfermarkt.com/x/profil/spieler/338635,https://www.transfermarkt.de/hannes-delcroix/nationalmannschaft/spieler/338635/verein_id/14161,ok,,2026-06-05T14:12:04
hamdy_fathy__egy,Hamdy Fathy,EGY,MID,2.5,340303.0,https://www.transfermarkt.com/x/profil/spieler/340303,https://www.transfermarkt.de/hamdy-fathy/nationalmannschaft/spieler/340303/verein_id/3672,ok,,2026-06-05T14:12:19
hakim_ziyech__mar,Hakim Ziyech,MAR,MID,2.5,217111.0,https://www.transfermarkt.com/x/profil/spieler/217111,https://www.transfermarkt.de/hakim-ziyech/nationalmannschaft/spieler/217111/verein_id/3575,ok,,2026-06-05T14:12:32
habib_diarra__sen,Habib Diarra,SEN,MID,2.5,876631.0,https://www.transfermarkt.com/x/profil/spieler/876631,https://www.transfermarkt.de/habib-diarra/nationalmannschaft/spieler/876631/verein_id/3499,ok,,2026-06-05T14:12:46
gustavo_vel_squez__par,Gustavo Velazquez,PAR,DEF,2.5,389399.0,https://www.transfermarkt.com/x/profil/spieler/389399,https://www.transfermarkt.de/gustavo-velazquez/nationalmannschaft/spieler/389399/verein_id/3581,ok,,2026-06-05T14:13:00
gustavo_puerta__col,Gustavo Puerta,COL,MID,2.5,936981.0,https://www.transfermarkt.com/x/profil/spieler/936981,https://www.transfermarkt.de/gustavo-puerta/nationalmannschaft/spieler/936981/verein_id/3816,ok,,2026-06-05T14:13:16
cho_gue_sung__kor,Gue-sung Cho,KOR,FWD,2.5,652537.0,https://www.transfermarkt.com/x/profil/spieler/652537,https://www.transfermarkt.de/gue-sung-cho/nationalmannschaft/spieler/652537/verein_id/3589,ok,,2026-06-05T14:13:31
grant_hanley__sco,Grant Hanley,SCO,DEF,2.5,121385.0,https://www.transfermarkt.com/x/profil/spieler/121385,https://www.transfermarkt.de/grant-hanley/nationalmannschaft/spieler/121385/verein_id/3380,ok,,2026-06-05T14:13:45
grady_diangana__cod,Grady Diangana,COD,MID,2.5,342048.0,https://www.transfermarkt.com/x/profil/spieler/342048,https://www.transfermarkt.de/grady-diangana/nationalmannschaft/spieler/342048/verein_id/3854,ok,,2026-06-05T14:13:59
goncalo_guedes__por,Goncalo Guedes,POR,FWD,2.5,225122.0,https://www.transfermarkt.com/x/profil/spieler/225122,https://www.transfermarkt.de/goncalo-guedes/nationalmannschaft/spieler/225122/verein_id/3300,ok,,2026-06-05T14:14:12
gilson_benchimol_tavares__cpv,Gilson Benchimol Tavares,CPV,FWD,2.5,820252.0,https://www.transfermarkt.com/x/profil/spieler/820252,https://www.transfermarkt.de/benchimol/nationalmannschaft/spieler/820252/verein_id/4311,ok,,2026-06-05T14:14:26
ghislain_konan__civ,Ghislain Konan,CIV,DEF,2.5,422850.0,https://www.transfermarkt.com/x/profil/spieler/422850,https://www.transfermarkt.de/ghislain-konan/nationalmannschaft/spieler/422850/verein_id/3591,ok,,2026-06-05T14:14:41
gervane_kastaneer__cuw,Gervane Kastaneer,CUW,FWD,2.5,240752.0,https://www.transfermarkt.com/x/profil/spieler/240752,https://www.transfermarkt.de/gervane-kastaneer/nationalmannschaft/spieler/240752/verein_id/32364,ok,,2026-06-05T14:14:58
george_hirst__sco,George Hirst,SCO,FWD,2.5,420808.0,https://www.transfermarkt.com/x/profil/spieler/420808,https://www.transfermarkt.de/george-hirst/nationalmannschaft/spieler/420808/verein_id/3380,ok,,2026-06-05T14:15:11
gael_kakuta__cod,Gaël Kakuta,COD,MID,2.5,74297.0,https://www.transfermarkt.com/x/profil/spieler/74297,https://www.transfermarkt.de/gael-kakuta/nationalmannschaft/spieler/74297/verein_id/3854,ok,,2026-06-05T14:15:25
garry_mendes_rodrigues__cpv,Garry Mendes Rodrigues,CPV,FWD,2.5,170895.0,https://www.transfermarkt.com/x/profil/spieler/170895,https://www.transfermarkt.de/garry-rodrigues/nationalmannschaft/spieler/170895/verein_id/4311,ok,,2026-06-05T14:15:39
fredrik_andr_bj_rkan__nor,Fredrik Andre Bjørkan,NOR,DEF,2.5,364938.0,https://www.transfermarkt.com/x/profil/spieler/364938,https://www.transfermarkt.de/fredrik-bjorkan/nationalmannschaft/spieler/364938/verein_id/3440,ok,,2026-06-05T14:15:54
francis_de_vries__nzl,Francis de Vries,NZL,DEF,2.5,207061.0,https://www.transfermarkt.com/x/profil/spieler/207061,https://www.transfermarkt.de/francis-de-vries/nationalmannschaft/spieler/207061/verein_id/9171,ok,,2026-06-05T14:16:07
florian_grillitsch__aut,Florian Grillitsch,AUT,MID,2.5,195736.0,https://www.transfermarkt.com/x/profil/spieler/195736,https://www.transfermarkt.de/florian-grillitsch/nationalmannschaft/spieler/195736/verein_id/3383,ok,,2026-06-05T14:16:21
firas_chaouat__tun,Firas Chaouat,TUN,FWD,2.5,402087.0,https://www.transfermarkt.com/x/profil/spieler/402087,https://www.transfermarkt.de/firas-chaouat/nationalmannschaft/spieler/402087/verein_id/3670,ok,,2026-06-05T14:16:36
fidel_escobar__pan,Fidel Escobar,PAN,DEF,2.5,345716.0,https://www.transfermarkt.com/x/profil/spieler/345716,https://www.transfermarkt.de/fidel-escobar/nationalmannschaft/spieler/345716/verein_id/3577,ok,,2026-06-05T14:16:50
farrukh_sayfiev__uzb,Farrukh Sayfiev,UZB,DEF,2.5,212499.0,https://www.transfermarkt.com/x/profil/spieler/212499,https://www.transfermarkt.de/farrukh-sayfiev/nationalmannschaft/spieler/212499/verein_id/3563,ok,,2026-06-05T14:17:04
fares_cha_bi__alg,Fares Chaibi,ALG,MID,2.5,855015.0,https://www.transfermarkt.com/x/profil/spieler/855015,https://www.transfermarkt.de/fares-chaibi/nationalmannschaft/spieler/855015/verein_id/3614,ok,,2026-06-05T14:17:18
fahad_talib__irq,Fahad Talib,IRQ,GK,2.5,377268.0,https://www.transfermarkt.com/x/profil/spieler/377268,https://www.transfermarkt.de/fahad-talib/nationalmannschaft/spieler/377268/verein_id/3560,ok,,2026-06-05T14:17:31
evidence_makgopa__rsa,Evidence Makgopa,RSA,FWD,2.5,746781.0,https://www.transfermarkt.com/x/profil/spieler/746781,https://www.transfermarkt.de/evidence-makgopa/nationalmannschaft/spieler/746781/verein_id/3806,ok,,2026-06-05T14:17:47
everardo_lopez__mex,Everardo Lopez,MEX,DEF,2.5,955303.0,https://www.transfermarkt.com/x/profil/spieler/955303,https://www.transfermarkt.de/everardo-lopez/nationalmannschaft/spieler/955303/verein_id/26092,ok,,2026-06-05T14:18:00
evan_n_dicka__civ,Evan N'Dicka,CIV,DEF,2.5,371149.0,https://www.transfermarkt.com/x/profil/spieler/371149,https://www.transfermarkt.de/evan-ndicka/nationalmannschaft/spieler/371149/verein_id/3591,ok,,2026-06-05T14:18:14
erik_lira__mex,Erik Lira,MEX,MID,2.5,602324.0,https://www.transfermarkt.com/x/profil/spieler/602324,https://www.transfermarkt.de/erik-lira/nationalmannschaft/spieler/602324/verein_id/6303,ok,,2026-06-05T14:18:28
endrick__bra,Endrick,BRA,FWD,2.5,971570.0,https://www.transfermarkt.com/x/profil/spieler/971570,https://www.transfermarkt.de/endrick/nationalmannschaft/spieler/971570/verein_id/3439,ok,,2026-06-05T14:18:42
emmanuel_agbadou__civ,Emmanuel Agbadou,CIV,DEF,2.5,683895.0,https://www.transfermarkt.com/x/profil/spieler/683895,https://www.transfermarkt.de/emmanuel-agbadou/nationalmannschaft/spieler/683895/verein_id/3591,ok,,2026-06-05T14:18:55
emiliano_martinez_toranza__uru,Emiliano Martinez Toranza,URU,MID,2.5,707447.0,https://www.transfermarkt.com/x/profil/spieler/707447,https://www.transfermarkt.de/emiliano-martinez/nationalmannschaft/spieler/707447/verein_id/3449,ok,,2026-06-05T14:19:12
emil_holm__swe,Emil Holm,SWE,DEF,2.5,496745.0,https://www.transfermarkt.com/x/profil/spieler/496745,https://www.transfermarkt.de/emil-holm/nationalmannschaft/spieler/496745/verein_id/3557,ok,,2026-06-05T14:19:27
emam_ashour__egy,Emam Ashour,EGY,MID,2.5,604008.0,https://www.transfermarkt.com/x/profil/spieler/604008,https://www.transfermarkt.de/emam-ashour/nationalmannschaft/spieler/604008/verein_id/3672,ok,,2026-06-05T14:19:40
elye_wahi__civ,Elye Wahi,CIV,FWD,2.5,659542.0,https://www.transfermarkt.com/x/profil/spieler/659542,https://www.transfermarkt.de/elye-wahi/nationalmannschaft/spieler/659542/verein_id/3591,ok,,2026-06-05T14:19:54
eloy_room__cuw,Eloy Room,CUW,GK,2.5,79294.0,https://www.transfermarkt.com/x/profil/spieler/79294,https://www.transfermarkt.de/eloy-room/nationalmannschaft/spieler/79294/verein_id/32364,ok,,2026-06-05T14:20:08
ellyes_skhiri__tun,Ellyes Skhiri,TUN,MID,2.5,290587.0,https://www.transfermarkt.com/x/profil/spieler/290587,https://www.transfermarkt.de/ellyes-skhiri/nationalmannschaft/spieler/290587/verein_id/3670,ok,,2026-06-05T14:20:22
elisha_owusu__gha,Elisha Owusu,GHA,MID,2.5,395695.0,https://www.transfermarkt.com/x/profil/spieler/395695,https://www.transfermarkt.de/elisha-owusu/nationalmannschaft/spieler/395695/verein_id/3441,ok,,2026-06-05T14:20:36
elias_saad__tun,Elias Saad,TUN,MID,2.5,526466.0,https://www.transfermarkt.com/x/profil/spieler/526466,https://www.transfermarkt.de/elias-saad/nationalmannschaft/spieler/526466/verein_id/3670,ok,,2026-06-05T14:20:51
el_mehdi_al_harrar__mar,El Mehdi Al Harrar,MAR,GK,2.5,822538.0,https://www.transfermarkt.com/x/profil/spieler/822538,https://www.transfermarkt.de/el-mehdi-al-harrar/nationalmannschaft/spieler/822538/verein_id/3575,ok,,2026-06-05T14:21:05
el_mahdi_soliman__egy,El Mahdi Soliman,EGY,GK,2.5,104951.0,https://www.transfermarkt.com/x/profil/spieler/104951,https://www.transfermarkt.de/el-mahdi-soliman/nationalmannschaft/spieler/104951/verein_id/3672,ok,,2026-06-05T14:21:18
edo_kayembe__cod,Edo Kayembe,COD,MID,2.5,486477.0,https://www.transfermarkt.com/x/profil/spieler/486477,https://www.transfermarkt.de/edo-kayembe/nationalmannschaft/spieler/486477/verein_id/3854,ok,,2026-06-05T14:21:32
edmilson_junior__qat,Edmilson Junior,QAT,FWD,2.5,237846.0,https://www.transfermarkt.com/x/profil/spieler/237846,https://www.transfermarkt.de/edmilson-junior/nationalmannschaft/spieler/237846/verein_id/14162,ok,,2026-06-05T14:21:45
d_enis_burni__bih,Dzenis Burnic,BIH,MID,2.5,251295.0,https://www.transfermarkt.com/x/profil/spieler/251295,https://www.transfermarkt.de/dzenis-burnic/nationalmannschaft/spieler/251295/verein_id/3446,ok,,2026-06-05T14:21:59
dylan_bronn__tun,Dylan Bronn,TUN,DEF,2.5,450417.0,https://www.transfermarkt.com/x/profil/spieler/450417,https://www.transfermarkt.de/dylan-bronn/nationalmannschaft/spieler/450417/verein_id/3670,ok,,2026-06-05T14:22:14
dylan_batubinsika__cod,Dylan Batubinsika,COD,DEF,2.5,289432.0,https://www.transfermarkt.com/x/profil/spieler/289432,https://www.transfermarkt.de/dylan-batubinsika/nationalmannschaft/spieler/289432/verein_id/3854,ok,,2026-06-05T14:22:28
duke_lacroix__hai,Duke Lacroix,HAI,DEF,2.5,375472.0,https://www.transfermarkt.com/x/profil/spieler/375472,https://www.transfermarkt.de/duke-lacroix/nationalmannschaft/spieler/375472/verein_id/14161,ok,,2026-06-05T14:22:43
douglas_santos__bra,Douglas Santos,BRA,DEF,2.5,220793.0,https://www.transfermarkt.com/x/profil/spieler/220793,https://www.transfermarkt.de/douglas-santos/nationalmannschaft/spieler/220793/verein_id/3439,ok,,2026-06-05T14:22:56
djed_spence__eng,Djed Spence,ENG,DEF,2.5,483348.0,https://www.transfermarkt.com/x/profil/spieler/483348,https://www.transfermarkt.de/djed-spence/nationalmannschaft/spieler/483348/verein_id/3299,ok,,2026-06-05T14:23:11
deroy_duarte__cpv,Deroy Duarte,CPV,MID,2.5,432852.0,https://www.transfermarkt.com/x/profil/spieler/432852,https://www.transfermarkt.de/deroy-duarte/nationalmannschaft/spieler/432852/verein_id/4311,ok,,2026-06-05T14:23:24
derek_cornelius__can,Derek Cornelius,CAN,DEF,2.5,328609.0,https://www.transfermarkt.com/x/profil/spieler/328609,https://www.transfermarkt.de/derek-cornelius/nationalmannschaft/spieler/328609/verein_id/3510,ok,,2026-06-05T14:23:38
dennis_hadzikadunic__bih,Dennis Hadzikadunic,BIH,DEF,2.5,322065.0,https://www.transfermarkt.com/x/profil/spieler/322065,https://www.transfermarkt.de/dennis-hadzikadunic/nationalmannschaft/spieler/322065/verein_id/3446,ok,,2026-06-05T14:23:52
deniz_g_l__tur,Deniz Gül,TUR,FWD,2.5,1063292.0,https://www.transfermarkt.com/x/profil/spieler/1063292,https://www.transfermarkt.de/deniz-gul/nationalmannschaft/spieler/1063292/verein_id/3381,ok,,2026-06-05T14:24:05
deni_juric__aus,Deni Juric,AUS,FWD,2.5,407697.0,https://www.transfermarkt.com/x/profil/spieler/407697,https://www.transfermarkt.de/deni-juric/nationalmannschaft/spieler/407697/verein_id/3433,ok,,2026-06-05T14:24:19
david_cabezas__ecu,David Cabezas,ECU,GK,2.5,84268.0,https://www.transfermarkt.com/x/profil/spieler/84268,https://www.transfermarkt.de/juan-david-cabezas/nationalmannschaft/spieler/84268/verein_id/28266,ok,,2026-06-05T14:24:33
danilo_luiz_da_silva__bra,Danilo Luiz da Silva,BRA,DEF,2.5,145707.0,https://www.transfermarkt.com/x/profil/spieler/145707,https://www.transfermarkt.de/danilo/nationalmannschaft/spieler/145707/verein_id/3439,ok,,2026-06-05T14:24:48
daniel_jebbison__can,Daniel Jebbison,CAN,FWD,2.5,746740.0,https://www.transfermarkt.com/x/profil/spieler/746740,https://www.transfermarkt.de/daniel-jebbison/nationalmannschaft/spieler/746740/verein_id/3510,ok,,2026-06-05T14:25:03
danial_esmaeilifar__irn,Danial Esmaeilifar,IRN,DEF,2.5,333603.0,https://www.transfermarkt.com/x/profil/spieler/333603,https://www.transfermarkt.de/danial-esmaeilifar/nationalmannschaft/spieler/333603/verein_id/3582,ok,,2026-06-05T14:25:17
dami_n_bobadilla__par,Damian Bobadilla,PAR,MID,2.5,861852.0,https://www.transfermarkt.com/x/profil/spieler/861852,https://www.transfermarkt.de/damian-bobadilla/nationalmannschaft/spieler/861852/verein_id/3581,ok,,2026-06-05T14:25:31
daizen_maeda__jpn,Daizen Maeda,JPN,FWD,2.5,420931.0,https://www.transfermarkt.com/x/profil/spieler/420931,https://www.transfermarkt.de/daizen-maeda/nationalmannschaft/spieler/420931/verein_id/3435,ok,,2026-06-05T14:25:44
cristian_roldan__usa,Cristian Roldan,USA,MID,2.5,354792.0,https://www.transfermarkt.com/x/profil/spieler/354792,https://www.transfermarkt.de/cristian-roldan/nationalmannschaft/spieler/354792/verein_id/3505,ok,,2026-06-05T14:25:59
craig_gordon__sco,Craig Gordon,SCO,GK,2.5,12589.0,https://www.transfermarkt.com/x/profil/spieler/12589,https://www.transfermarkt.de/craig-gordon/nationalmannschaft/spieler/12589/verein_id/3380,ok,,2026-06-05T14:26:26
christopher_bonsu_baah__gha,Christopher Bonsu Baah,GHA,FWD,2.5,1119447.0,https://www.transfermarkt.com/x/profil/spieler/1119447,https://www.transfermarkt.de/christopher-bonsu-baah/nationalmannschaft/spieler/1119447/verein_id/3441,ok,,2026-06-05T14:26:40
chris_brady__usa,Chris Brady,USA,GK,2.5,765504.0,https://www.transfermarkt.com/x/profil/spieler/765504,https://www.transfermarkt.de/chris-brady/nationalmannschaft/spieler/765504/verein_id/3505,ok,,2026-06-05T14:26:54
chemsdine_talbi__mar,Chemsdine Talbi,MAR,FWD,2.5,743384.0,https://www.transfermarkt.com/x/profil/spieler/743384,https://www.transfermarkt.de/chemsdine-talbi/nationalmannschaft/spieler/743384/verein_id/3575,ok,,2026-06-05T14:27:07
charles_pickel__cod,Charles Pickel,COD,MID,2.5,243879.0,https://www.transfermarkt.com/x/profil/spieler/243879,https://www.transfermarkt.de/charles-pickel/nationalmannschaft/spieler/243879/verein_id/3854,ok,,2026-06-05T14:27:21
chancel_mbemba__cod,Chancel Mbemba,COD,DEF,2.5,203348.0,https://www.transfermarkt.com/x/profil/spieler/203348,https://www.transfermarkt.de/chancel-mbemba/nationalmannschaft/spieler/203348/verein_id/3854,ok,,2026-06-05T14:27:35
cesar_samudio__pan,Cesar Samudio,PAN,GK,2.5,865550.0,https://www.transfermarkt.com/x/profil/spieler/865550,https://www.transfermarkt.de/cesar-samudio/nationalmannschaft/spieler/865550/verein_id/3577,ok,,2026-06-05T14:27:50
c_sar_blackman__pan,Cesar Blackman,PAN,DEF,2.5,440383.0,https://www.transfermarkt.com/x/profil/spieler/440383,https://www.transfermarkt.de/cesar-blackman/nationalmannschaft/spieler/440383/verein_id/3577,ok,,2026-06-05T14:28:04
carlos_miguel_coronel__par,Carlos Miguel Coronel,PAR,GK,2.5,378871.0,https://www.transfermarkt.com/x/profil/spieler/378871,https://www.transfermarkt.de/carlos-coronel/nationalmannschaft/spieler/378871/verein_id/3581,ok,,2026-06-05T14:28:19
carlos_harvey__pan,Carlos Harvey,PAN,MID,2.5,628806.0,https://www.transfermarkt.com/x/profil/spieler/628806,https://www.transfermarkt.de/carlos-harvey/nationalmannschaft/spieler/628806/verein_id/3577,ok,,2026-06-05T14:28:32
carl_starfelt__swe,Carl Starfelt,SWE,DEF,2.5,258987.0,https://www.transfermarkt.com/x/profil/spieler/258987,https://www.transfermarkt.de/carl-starfelt/nationalmannschaft/spieler/258987/verein_id/3557,ok,,2026-06-05T14:28:46
callum_mccowatt__nzl,Callum McCowatt,NZL,MID,2.5,400797.0,https://www.transfermarkt.com/x/profil/spieler/400797,https://www.transfermarkt.de/callum-mccowatt/nationalmannschaft/spieler/400797/verein_id/9171,ok,,2026-06-05T14:28:59
bum_keun_song__kor,Bum-Keun Song,KOR,GK,2.5,508237.0,https://www.transfermarkt.com/x/profil/spieler/508237,https://www.transfermarkt.de/bum-keun-song/nationalmannschaft/spieler/508237/verein_id/3589,ok,,2026-06-05T14:29:13
brian_gutierrez__mex,Brian Gutierrez,MEX,MID,2.5,724443.0,https://www.transfermarkt.com/x/profil/spieler/724443,https://www.transfermarkt.de/brian-gutierrez/nationalmannschaft/spieler/724443/verein_id/6303,ok,,2026-06-05T14:29:27
brian_brobbey__ned,Brian Brobbey,NED,FWD,2.5,473169.0,https://www.transfermarkt.com/x/profil/spieler/473169,https://www.transfermarkt.de/brian-brobbey/nationalmannschaft/spieler/473169/verein_id/3379,ok,,2026-06-05T14:29:42
brandon_thomas_asante__gha,Brandon Thomas-Asante,GHA,FWD,2.5,451747.0,https://www.transfermarkt.com/x/profil/spieler/451747,https://www.transfermarkt.de/brandon-thomas-asante/nationalmannschaft/spieler/451747/verein_id/3441,ok,,2026-06-05T14:29:56
brandon_mechele__bel,Brandon Mechele,BEL,DEF,2.5,236168.0,https://www.transfermarkt.com/x/profil/spieler/236168,https://www.transfermarkt.de/brandon-mechele/nationalmannschaft/spieler/236168/verein_id/3382,ok,,2026-06-05T14:30:09
boualem_khoukhi__qat,Boualem Khoukhi,QAT,DEF,2.5,222669.0,https://www.transfermarkt.com/x/profil/spieler/222669,https://www.transfermarkt.de/boualem-khoukhi/nationalmannschaft/spieler/222669/verein_id/14162,ok,,2026-06-05T14:30:25
botirali_ergashev__uzb,Botirali Ergashev,UZB,GK,2.5,312690.0,https://www.transfermarkt.com/x/profil/spieler/312690,https://www.transfermarkt.de/botirali-ergashev/nationalmannschaft/spieler/312690/verein_id/3563,ok,,2026-06-05T14:30:39
ben_waine__nzl,Ben Waine,NZL,FWD,2.5,539502.0,https://www.transfermarkt.com/x/profil/spieler/539502,https://www.transfermarkt.de/ben-waine/nationalmannschaft/spieler/539502/verein_id/9171,ok,,2026-06-05T14:30:53
baha_a_faisal__jor,Baha'a Faisal,JOR,FWD,2.5,357015.0,https://www.transfermarkt.com/x/profil/spieler/357015,https://www.transfermarkt.de/bahaa-faisal/nationalmannschaft/spieler/357015/verein_id/15737,ok,,2026-06-05T14:31:09
aziz_g_aniyev__uzb,Aziz Ganiev,UZB,MID,2.5,431911.0,https://www.transfermarkt.com/x/profil/spieler/431911,https://www.transfermarkt.de/aziz-ganiev/nationalmannschaft/spieler/431911/verein_id/3563,ok,,2026-06-05T14:31:25
aziz_behich__aus,Aziz Behich,AUS,DEF,2.5,136834.0,https://www.transfermarkt.com/x/profil/spieler/136834,https://www.transfermarkt.de/aziz-behich/nationalmannschaft/spieler/136834/verein_id/3433,ok,,2026-06-05T14:31:38
ayumu_seko__jpn,Ayumu Seko,JPN,DEF,2.5,405389.0,https://www.transfermarkt.com/x/profil/spieler/405389,https://www.transfermarkt.de/ayumu-seko/nationalmannschaft/spieler/405389/verein_id/3435,ok,,2026-06-05T14:31:53
ayoub_al_oui__qat,Ayoub Al-Oui,QAT,DEF,2.5,1054631.0,https://www.transfermarkt.com/x/profil/spieler/1054631,https://www.transfermarkt.de/ayoub-al-oui/nationalmannschaft/spieler/1054631/verein_id/14162,ok,,2026-06-05T14:32:10
ayman_yahya_salem__ksa,Ayman Yahya Salem,KSA,MID,2.5,735815.0,https://www.transfermarkt.com/x/profil/spieler/735815,https://www.transfermarkt.de/ayman-yahya/nationalmannschaft/spieler/735815/verein_id/3807,ok,,2026-06-05T14:32:24
aurele_amenda__sui,Aurele Amenda,SUI,DEF,2.5,635645.0,https://www.transfermarkt.com/x/profil/spieler/635645,https://www.transfermarkt.de/aurele-amenda/nationalmannschaft/spieler/635645/verein_id/3384,ok,,2026-06-05T14:32:41
assim_madibo__qat,Assim Madibo,QAT,MID,2.5,336667.0,https://www.transfermarkt.com/x/profil/spieler/336667,https://www.transfermarkt.de/assim-madibo/nationalmannschaft/spieler/336667/verein_id/14162,ok,,2026-06-05T14:32:54
assane_diao_diaoune__sen,Assane Diao Diaoune,SEN,FWD,2.5,1061282.0,https://www.transfermarkt.com/x/profil/spieler/1061282,https://www.transfermarkt.de/assane-diao/nationalmannschaft/spieler/1061282/verein_id/3499,ok,,2026-06-05T14:33:09
arthur_masuaku__cod,Arthur Masuaku,COD,DEF,2.5,181380.0,https://www.transfermarkt.com/x/profil/spieler/181380,https://www.transfermarkt.de/arthur-masuaku/nationalmannschaft/spieler/181380/verein_id/3854,ok,,2026-06-05T14:33:24
armando_gonzalez__mex,Armando Gonzalez,MEX,FWD,2.5,837619.0,https://www.transfermarkt.com/x/profil/spieler/837619,https://www.transfermarkt.de/armando-gonzalez/nationalmannschaft/spieler/837619/verein_id/6303,ok,,2026-06-05T14:33:46
ao_tanaka__jpn,Ao Tanaka,JPN,MID,2.5,489359.0,https://www.transfermarkt.com/x/profil/spieler/489359,https://www.transfermarkt.de/ao-tanaka/nationalmannschaft/spieler/489359/verein_id/3435,ok,,2026-06-05T14:34:00
antoine_mendy__sen,Antoine Mendy,SEN,DEF,2.5,891998.0,https://www.transfermarkt.com/x/profil/spieler/891998,https://www.transfermarkt.de/antoine-mendy/nationalmannschaft/spieler/891998/verein_id/3499,ok,,2026-06-05T14:34:14
anthony_ralston__sco,Anthony Ralston,SCO,DEF,2.5,388171.0,https://www.transfermarkt.com/x/profil/spieler/388171,https://www.transfermarkt.de/anthony-ralston/nationalmannschaft/spieler/388171/verein_id/3380,ok,,2026-06-05T14:34:28
anis_hadj_moussa__alg,Anis Hadj Moussa,ALG,FWD,2.5,917911.0,https://www.transfermarkt.com/x/profil/spieler/917911,https://www.transfermarkt.de/anis-hadj-moussa/nationalmannschaft/spieler/917911/verein_id/3614,ok,,2026-06-05T14:34:42
anis_ben_slimane__tun,Anis Ben Slimane,TUN,MID,2.5,546712.0,https://www.transfermarkt.com/x/profil/spieler/546712,https://www.transfermarkt.de/anis-ben-slimane/nationalmannschaft/spieler/546712/verein_id/3670,ok,,2026-06-05T14:34:56
an_bal_godoy__pan,Anibal Godoy,PAN,MID,2.5,161671.0,https://www.transfermarkt.com/x/profil/spieler/161671,https://www.transfermarkt.de/anibal-godoy/nationalmannschaft/spieler/161671/verein_id/3577,ok,,2026-06-05T14:35:22
angelo_stiller__ger,Angelo Stiller,GER,MID,2.5,443710.0,https://www.transfermarkt.com/x/profil/spieler/443710,https://www.transfermarkt.de/angelo-stiller/nationalmannschaft/spieler/443710/verein_id/3262,ok,,2026-06-05T14:35:36
andr_s_cubas__par,Andres Cubas,PAR,MID,2.5,323872.0,https://www.transfermarkt.com/x/profil/spieler/323872,https://www.transfermarkt.de/andres-cubas/nationalmannschaft/spieler/323872/verein_id/3581,ok,,2026-06-05T14:35:49
andres_andrade__pan,Andres Andrade,PAN,DEF,2.5,403808.0,https://www.transfermarkt.com/x/profil/spieler/403808,https://www.transfermarkt.de/andres-andrade/nationalmannschaft/spieler/403808/verein_id/3577,ok,,2026-06-05T14:36:05
anass_salah_eddine__mar,Anass Salah-Eddine,MAR,DEF,2.5,485584.0,https://www.transfermarkt.com/x/profil/spieler/485584,https://www.transfermarkt.de/anass-salah-eddine/nationalmannschaft/spieler/485584/verein_id/3575,ok,,2026-06-05T14:36:19
amine_adli__mar,Amine Adli,MAR,FWD,2.5,532776.0,https://www.transfermarkt.com/x/profil/spieler/532776,https://www.transfermarkt.de/amine-adli/nationalmannschaft/spieler/532776/verein_id/3575,ok,,2026-06-05T14:36:33
amin_chiakha__alg,Amin Chiakha,ALG,FWD,2.5,1017261.0,https://www.transfermarkt.com/x/profil/spieler/1017261,https://www.transfermarkt.de/amin-chiakha/nationalmannschaft/spieler/1017261/verein_id/3614,ok,,2026-06-05T14:36:46
amer_jamous__jor,Amer Jamous,JOR,MID,2.5,744040.0,https://www.transfermarkt.com/x/profil/spieler/744040,https://www.transfermarkt.de/amer-jamous/nationalmannschaft/spieler/744040/verein_id/15737,ok,,2026-06-05T14:37:00
alvaro_fidalgo__mex,Alvaro Fidalgo,MEX,MID,2.5,261503.0,https://www.transfermarkt.com/x/profil/spieler/261503,https://www.transfermarkt.de/alvaro-fidalgo/nationalmannschaft/spieler/261503/verein_id/6303,ok,,2026-06-05T14:37:14
alireza_jahanbakhsh__irn,Alireza Jahanbakhsh,IRN,FWD,2.5,213268.0,https://www.transfermarkt.com/x/profil/spieler/213268,https://www.transfermarkt.de/alireza-jahanbakhsh/nationalmannschaft/spieler/213268/verein_id/3582,ok,,2026-06-05T14:37:27
ali_majrashi__ksa,Ali Majrashi,KSA,DEF,2.5,672391.0,https://www.transfermarkt.com/x/profil/spieler/672391,https://www.transfermarkt.de/ali-majrashi/nationalmannschaft/spieler/672391/verein_id/3807,ok,,2026-06-05T14:37:52
ali_alipour__irn,Ali Alipour,IRN,FWD,2.5,249360.0,https://www.transfermarkt.com/x/profil/spieler/249360,https://www.transfermarkt.de/ali-alipour/nationalmannschaft/spieler/249360/verein_id/3582,ok,,2026-06-05T14:38:07
ali_al_hamadi__irq,Ali Al-Hamadi,IRQ,FWD,2.5,610581.0,https://www.transfermarkt.com/x/profil/spieler/610581,https://www.transfermarkt.de/ali-al-hamadi/nationalmannschaft/spieler/610581/verein_id/3560,ok,,2026-06-05T14:38:21
alexis_vega__mex,Alexis Vega,MEX,FWD,2.5,424689.0,https://www.transfermarkt.com/x/profil/spieler/424689,https://www.transfermarkt.de/alexis-vega/nationalmannschaft/spieler/424689/verein_id/6303,ok,,2026-06-05T14:38:38
alexandre_pierre__hai,Alexandre Pierre,HAI,GK,2.5,838947.0,https://www.transfermarkt.com/x/profil/spieler/838947,https://www.transfermarkt.de/alexandre-pierre/nationalmannschaft/spieler/838947/verein_id/14161,ok,,2026-06-05T14:38:51
alexander_prass__aut,Alexander Prass,AUT,DEF,2.5,434116.0,https://www.transfermarkt.com/x/profil/spieler/434116,https://www.transfermarkt.de/alexander-prass/nationalmannschaft/spieler/434116/verein_id/3383,ok,,2026-06-05T14:39:07
alex_sandro__bra,Alex Sandro,BRA,DEF,2.5,79960.0,https://www.transfermarkt.com/x/profil/spieler/79960,https://www.transfermarkt.de/alex-sandro/nationalmannschaft/spieler/79960/verein_id/3439,ok,,2026-06-05T14:39:25
alex_rufer__nzl,Alex Rufer,NZL,MID,2.5,256019.0,https://www.transfermarkt.com/x/profil/spieler/256019,https://www.transfermarkt.de/alex-rufer/nationalmannschaft/spieler/256019/verein_id/9171,ok,,2026-06-05T14:39:39
alex_paulsen__nzl,Alex Paulsen,NZL,GK,2.5,617009.0,https://www.transfermarkt.com/x/profil/spieler/617009,https://www.transfermarkt.de/alex-paulsen/nationalmannschaft/spieler/617009/verein_id/9171,ok,,2026-06-05T14:39:54
alex_freeman__usa,Alex Freeman,USA,DEF,2.5,985806.0,https://www.transfermarkt.com/x/profil/spieler/985806,https://www.transfermarkt.de/alex-freeman/nationalmannschaft/spieler/985806/verein_id/3505,ok,,2026-06-05T14:40:08
alex_arce__par,Alex Arce,PAR,FWD,2.5,970518.0,https://www.transfermarkt.com/x/profil/spieler/970518,https://www.transfermarkt.de/alex-arce/nationalmannschaft/spieler/970518/verein_id/3581,ok,,2026-06-05T14:40:21
alessandro_schopf__aut,Alessandro Schöpf,AUT,MID,2.5,118397.0,https://www.transfermarkt.com/x/profil/spieler/118397,https://www.transfermarkt.de/alessandro-schopf/nationalmannschaft/spieler/118397/verein_id/3383,ok,,2026-06-05T14:40:37
alessandro_circati__aus,Alessandro Circati,AUS,DEF,2.5,867137.0,https://www.transfermarkt.com/x/profil/spieler/867137,https://www.transfermarkt.de/alessandro-circati/nationalmannschaft/spieler/867137/verein_id/3433,ok,,2026-06-05T14:40:53
alban_lafont__civ,Alban Lafont,CIV,GK,2.5,357117.0,https://www.transfermarkt.com/x/profil/spieler/357117,https://www.transfermarkt.de/alban-lafont/nationalmannschaft/spieler/357117/verein_id/3591,ok,,2026-06-05T14:41:06
alan_varela__arg,Alan Varela,ARG,MID,2.5,756990.0,https://www.transfermarkt.com/x/profil/spieler/756990,https://www.transfermarkt.de/alan-varela/nationalmannschaft/spieler/756990/verein_id/3437,ok,,2026-06-05T14:41:21
alan_franco__ecu,Alan Franco,ECU,MID,2.5,503343.0,https://www.transfermarkt.com/x/profil/spieler/503343,https://www.transfermarkt.de/alan-franco/nationalmannschaft/spieler/503343/verein_id/3437,ok,,2026-06-05T14:41:36
alan_ben_tez__par,Alan Benitez,PAR,DEF,2.5,344676.0,https://www.transfermarkt.com/x/profil/spieler/344676,https://www.transfermarkt.de/alan-benitez/nationalmannschaft/spieler/344676/verein_id/3581,ok,,2026-06-05T14:41:52
akmal_mozgovoy__uzb,Akmal Mozgovoy,UZB,MID,2.5,562022.0,https://www.transfermarkt.com/x/profil/spieler/562022,https://www.transfermarkt.de/akmal-mozgovoy/nationalmannschaft/spieler/562022/verein_id/3563,ok,,2026-06-05T14:42:08
aimar_sher__irq,Aimar Sher,IRQ,MID,2.5,579294.0,https://www.transfermarkt.com/x/profil/spieler/579294,https://www.transfermarkt.de/aimar-sher/nationalmannschaft/spieler/579294/verein_id/3560,ok,,2026-06-05T14:42:22
aiden_o_neill__aus,Aiden O'Neill,AUS,MID,2.5,385918.0,https://www.transfermarkt.com/x/profil/spieler/385918,https://www.transfermarkt.de/aiden-oneill/nationalmannschaft/spieler/385918/verein_id/3433,ok,,2026-06-05T14:42:37
aidan_morris__usa,Aidan Morris,USA,MID,2.5,513968.0,https://www.transfermarkt.com/x/profil/spieler/513968,https://www.transfermarkt.de/aidan-morris/nationalmannschaft/spieler/513968/verein_id/3505,ok,,2026-06-05T14:42:59
ahmed_fatouh__egy,Ahmed Fatouh,EGY,DEF,2.5,465966.0,https://www.transfermarkt.com/x/profil/spieler/465966,https://www.transfermarkt.de/ahmed-fatouh/nationalmannschaft/spieler/465966/verein_id/3672,ok,,2026-06-05T14:43:13
ahmed_fathi__qat,Ahmed Fathi,QAT,MID,2.5,38168.0,https://www.transfermarkt.com/x/profil/spieler/38168,https://www.transfermarkt.de/ahmed-fathi/nationalmannschaft/spieler/38168/verein_id/3672,ok,,2026-06-05T14:43:27
ahmed_basil_fadhil__irq,Ahmed Basil Fadhil,IRQ,GK,2.5,560952.0,https://www.transfermarkt.com/x/profil/spieler/560952,https://www.transfermarkt.de/ahmed-basil-fadhil/nationalmannschaft/spieler/560952/verein_id/3560,ok,,2026-06-05T14:43:41
ahmad_assaf__jor,Ahmad Assaf,JOR,DEF,2.5,682225.0,https://www.transfermarkt.com/x/profil/spieler/682225,https://www.transfermarkt.de/ahmad-assaf/nationalmannschaft/spieler/682225/verein_id/15737,ok,,2026-06-05T14:43:54
adil_boulbina__alg,Adil Boulbina,ALG,FWD,2.5,748443.0,https://www.transfermarkt.com/x/profil/spieler/748443,https://www.transfermarkt.de/adil-boulbina/nationalmannschaft/spieler/748443/verein_id/3614,ok,,2026-06-05T14:44:09
adam_karabec__cze,Adam Karabec,CZE,MID,2.5,652061.0,https://www.transfermarkt.com/x/profil/spieler/652061,https://www.transfermarkt.de/adam-karabec/nationalmannschaft/spieler/652061/verein_id/3445,ok,,2026-06-05T14:44:23
adalberto_carrasquilla__pan,Adalberto Carrasquilla,PAN,MID,2.5,375300.0,https://www.transfermarkt.com/x/profil/spieler/375300,https://www.transfermarkt.de/adalberto-carrasquilla/nationalmannschaft/spieler/375300/verein_id/3577,ok,,2026-06-05T14:44:36
abduvokhid_nematov__uzb,Abduvokhid Nematov,UZB,GK,2.5,527866.0,https://www.transfermarkt.com/x/profil/spieler/527866,https://www.transfermarkt.de/abduvokhid-nematov/nationalmannschaft/spieler/527866/verein_id/3563,ok,,2026-06-05T14:44:52
abdulrahman_al_sanbi__ksa,Abdulrahman Al-Sanbi,KSA,GK,2.5,951628.0,https://www.transfermarkt.com/x/profil/spieler/951628,https://www.transfermarkt.de/abdulrahman-al-sanbi/nationalmannschaft/spieler/951628/verein_id/3807,ok,,2026-06-05T14:45:06
abdullah_al_khaibari__ksa,Abdullah Al-Khaibari,KSA,MID,2.5,437903.0,https://www.transfermarkt.com/x/profil/spieler/437903,https://www.transfermarkt.de/abdullah-al-khaibari/nationalmannschaft/spieler/437903/verein_id/3807,ok,,2026-06-05T14:45:22
abdullah_al_hamdan__ksa,Abdullah Al-Hamdan,KSA,FWD,2.5,68626.0,https://www.transfermarkt.com/x/profil/spieler/68626,https://www.transfermarkt.de/abdullah-al-hamdan/nationalmannschaft/spieler/68626/verein_id/3807,ok,,2026-06-05T14:45:39
abdulelah_al_amri__ksa,Abdulelah Al-Amri,KSA,DEF,2.5,509894.0,https://www.transfermarkt.com/x/profil/spieler/509894,https://www.transfermarkt.de/abdulelah-al-amri/nationalmannschaft/spieler/509894/verein_id/3807,ok,,2026-06-05T14:45:55
abdelmouhib_chamakh__tun,Abdelmouhib Chamakh,TUN,GK,2.5,584250.0,https://www.transfermarkt.com/x/profil/spieler/584250,https://www.transfermarkt.de/abdelmouhib-chamakh/nationalmannschaft/spieler/584250/verein_id/3670,ok,,2026-06-05T14:46:09
abdelhamid_ait_boudlal__mar,Abdelhamid Ait Boudlal,MAR,DEF,2.5,1134251.0,https://www.transfermarkt.com/x/profil/spieler/1134251,https://www.transfermarkt.de/abdelhamid-ait-boudlal/nationalmannschaft/spieler/1134251/verein_id/34903,ok,,2026-06-05T14:46:22
abdel_rahman_al_talalga__jor,Abdel Rahman Al-Talalga,JOR,GK,2.5,1059049.0,https://www.transfermarkt.com/x/profil/spieler/1059049,https://www.transfermarkt.de/abdel-rahman-al-talalga/nationalmannschaft/spieler/1059049/verein_id/64232,ok,,2026-06-05T14:46:37
abdallah_nasib__jor,Abdallah Nasib,JOR,DEF,2.5,882197.0,https://www.transfermarkt.com/x/profil/spieler/882197,https://www.transfermarkt.de/abdallah-nasib/nationalmannschaft/spieler/882197/verein_id/15737,ok,,2026-06-05T14:46:52
abdallah_al_fakhouri__jor,Abdallah Al-Fakhouri,JOR,GK,2.5,658805.0,https://www.transfermarkt.com/x/profil/spieler/658805,https://www.transfermarkt.de/abdallah-al-fakhouri/nationalmannschaft/spieler/658805/verein_id/15737,ok,,2026-06-05T14:47:09
aaron_hickey__sco,Aaron Hickey,SCO,DEF,2.5,591949.0,https://www.transfermarkt.com/x/profil/spieler/591949,https://www.transfermarkt.de/aaron-hickey/nationalmannschaft/spieler/591949/verein_id/3380,ok,,2026-06-05T14:47:24
zakaria_el_ouahdi__mar,Zakaria El Ouahdi,MAR,DEF,2.0,820474.0,https://www.transfermarkt.com/x/profil/spieler/820474,https://www.transfermarkt.de/zakaria-el-ouahdi/nationalmannschaft/spieler/820474/verein_id/3575,ok,,2026-06-05T14:47:37
yuto_nagatomo__jpn,Yuto Nagatomo,JPN,DEF,2.0,79522.0,https://www.transfermarkt.com/x/profil/spieler/79522,https://www.transfermarkt.de/yuto-nagatomo/nationalmannschaft/spieler/79522/verein_id/3435,ok,,2026-06-05T14:47:50
yousef_qashi__jor,Yousef Qashi,JOR,MID,2.0,605113.0,https://www.transfermarkt.com/x/profil/spieler/605113,https://www.transfermarkt.de/yousef-qashi/nationalmannschaft/spieler/605113/verein_id/64232,ok,,2026-06-05T14:48:04
yousef_abu_al_jazar__jor,Yousef Abu Al-Jazar,JOR,DEF,2.0,748641.0,https://www.transfermarkt.com/x/profil/spieler/748641,https://www.transfermarkt.de/yousef-abu-al-jazar/nationalmannschaft/spieler/748641/verein_id/15737,ok,,2026-06-05T14:48:18
yoel_barcenas__pan,Yoel Barcenas,PAN,MID,2.0,283473.0,https://www.transfermarkt.com/x/profil/spieler/283473,https://www.transfermarkt.de/yoel-barcenas/nationalmannschaft/spieler/283473/verein_id/3577,ok,,2026-06-05T14:48:32
yassine_titraoui__alg,Yassine Titraoui,ALG,MID,2.0,748445.0,https://www.transfermarkt.com/x/profil/spieler/748445,https://www.transfermarkt.de/yassine-titraoui/nationalmannschaft/spieler/748445/verein_id/3614,ok,,2026-06-05T14:48:46
yassin_fortune__hai,Yassin Fortune,HAI,FWD,2.0,342878.0,https://www.transfermarkt.com/x/profil/spieler/342878,https://www.transfermarkt.de/yassin-fortune/nationalmannschaft/spieler/342878/verein_id/14161,ok,,2026-06-05T14:48:59
yannick_semedo__cpv,Yannick Semedo,CPV,MID,2.0,620307.0,https://www.transfermarkt.com/x/profil/spieler/620307,https://www.transfermarkt.de/yannick-semedo/nationalmannschaft/spieler/620307/verein_id/4311,ok,,2026-06-05T14:49:13
yaimar_medina__ecu,Yaimar Medina,ECU,MID,2.0,893659.0,https://www.transfermarkt.com/x/profil/spieler/893659,https://www.transfermarkt.de/yaimar-medina/nationalmannschaft/spieler/893659/verein_id/5750,ok,,2026-06-05T14:49:27
woodensky_pierre__hai,Woodensky Pierre,HAI,MID,2.0,1017735.0,https://www.transfermarkt.com/x/profil/spieler/1017735,https://www.transfermarkt.de/woodensky-pierre/nationalmannschaft/spieler/1017735/verein_id/14161,ok,,2026-06-05T14:49:40
wilguens_paugain__hai,Wilguens Paugain,HAI,DEF,2.0,609691.0,https://www.transfermarkt.com/x/profil/spieler/609691,https://www.transfermarkt.de/wilguens-paugain/nationalmannschaft/spieler/609691/verein_id/14161,ok,,2026-06-05T14:49:54
vladimir_darida__cze,Vladimir Darida,CZE,MID,2.0,179643.0,https://www.transfermarkt.com/x/profil/spieler/179643,https://www.transfermarkt.de/vladimir-darida/nationalmannschaft/spieler/179643/verein_id/3445,ok,,2026-06-05T14:50:09
tyrese_noslin__cuw,Tyrese Noslin,CUW,MID,2.0,708005.0,https://www.transfermarkt.com/x/profil/spieler/708005,https://www.transfermarkt.de/tyrese-noslin/nationalmannschaft/spieler/708005/verein_id/32364,ok,,2026-06-05T14:50:23
tommy_smith__nzl,Tommy Smith,NZL,DEF,2.0,176056.0,https://www.transfermarkt.com/x/profil/spieler/176056,https://www.transfermarkt.de/tommy-smith/nationalmannschaft/spieler/176056/verein_id/3299,ok,,2026-06-05T14:50:37
tomas_holes__cze,Tomas Holes,CZE,DEF,2.0,216278.0,https://www.transfermarkt.com/x/profil/spieler/216278,https://www.transfermarkt.de/tomas-holes/nationalmannschaft/spieler/216278/verein_id/3445,ok,,2026-06-05T14:50:50
thelo_aasgaard__nor,Thelo Aasgaard,NOR,MID,2.0,647384.0,https://www.transfermarkt.com/x/profil/spieler/647384,https://www.transfermarkt.de/thelo-aasgaard/nationalmannschaft/spieler/647384/verein_id/3440,ok,,2026-06-05T14:51:04
thapelo_maseko__rsa,Thapelo Maseko,RSA,FWD,2.0,983330.0,https://www.transfermarkt.com/x/profil/spieler/983330,https://www.transfermarkt.de/thapelo-maseko/nationalmannschaft/spieler/983330/verein_id/3806,ok,,2026-06-05T14:51:18
thabang_matuludi__rsa,Thabang Matuludi,RSA,DEF,2.0,1109254.0,https://www.transfermarkt.com/x/profil/spieler/1109254,https://www.transfermarkt.de/thabang-matuludi/nationalmannschaft/spieler/1109254/verein_id/3806,ok,,2026-06-05T14:51:32
tarek_alaa__egy,Tarek Alaa,EGY,DEF,2.0,1036412.0,https://www.transfermarkt.com/x/profil/spieler/1036412,https://www.transfermarkt.de/tarek-alaa/nationalmannschaft/spieler/1036412/verein_id/16121,ok,,2026-06-05T14:51:45
takehiro_tomiyasu__jpn,Takehiro Tomiyasu,JPN,DEF,2.0,331560.0,https://www.transfermarkt.com/x/profil/spieler/331560,https://www.transfermarkt.de/takehiro-tomiyasu/nationalmannschaft/spieler/331560/verein_id/3435,ok,,2026-06-05T14:51:59
tahith_chong__cuw,Tahith Chong,CUW,MID,2.0,344830.0,https://www.transfermarkt.com/x/profil/spieler/344830,https://www.transfermarkt.de/tahith-chong/nationalmannschaft/spieler/344830/verein_id/32364,ok,,2026-06-05T14:52:14
taha_abdi_ali__swe,Taha Abdi Ali,SWE,MID,2.0,731771.0,https://www.transfermarkt.com/x/profil/spieler/731771,https://www.transfermarkt.de/taha-ali/nationalmannschaft/spieler/731771/verein_id/3557,ok,,2026-06-05T14:52:28
tae_hyeon_kim__kor,Tae-Hyeon Kim,KOR,DEF,2.0,645847.0,https://www.transfermarkt.com/x/profil/spieler/645847,https://www.transfermarkt.de/tae-hyeon-kim/nationalmannschaft/spieler/645847/verein_id/3589,ok,,2026-06-05T14:52:42
steven_moreira__cpv,Steven Moreira,CPV,DEF,2.0,203517.0,https://www.transfermarkt.com/x/profil/spieler/203517,https://www.transfermarkt.de/steven-moreira/nationalmannschaft/spieler/203517/verein_id/4311,ok,,2026-06-05T14:52:56
steve_kapuadi__cod,Steve Kapuadi,COD,DEF,2.0,679709.0,https://www.transfermarkt.com/x/profil/spieler/679709,https://www.transfermarkt.de/steve-kapuadi/nationalmannschaft/spieler/679709/verein_id/3854,ok,,2026-06-05T14:53:12
stepan_chaloupek__cze,Stepan Chaloupek,CZE,DEF,2.0,944827.0,https://www.transfermarkt.com/x/profil/spieler/944827,https://www.transfermarkt.de/stepan-chaloupek/nationalmannschaft/spieler/944827/verein_id/3445,ok,,2026-06-05T14:53:26
souffian_el_karouani__mar,Souffian El Karouani,MAR,DEF,2.0,541134.0,https://www.transfermarkt.com/x/profil/spieler/541134,https://www.transfermarkt.de/souffian-el-karouani/nationalmannschaft/spieler/541134/verein_id/3575,ok,,2026-06-05T14:53:39
sontje_hansen__cuw,Sontje Hansen,CUW,FWD,2.0,485582.0,https://www.transfermarkt.com/x/profil/spieler/485582,https://www.transfermarkt.de/sontje-hansen/nationalmannschaft/spieler/485582/verein_id/32364,ok,,2026-06-05T14:53:53
sondre_langas__nor,Sondre Langås,NOR,DEF,2.0,737837.0,https://www.transfermarkt.com/x/profil/spieler/737837,https://www.transfermarkt.de/sondre-langas/nationalmannschaft/spieler/737837/verein_id/3440,ok,,2026-06-05T14:54:07
sohaib_nair__alg,Sohaib Nair,ALG,DEF,2.0,966312.0,https://www.transfermarkt.com/x/profil/spieler/966312,https://www.transfermarkt.de/sohaib-nair/nationalmannschaft/spieler/966312/verein_id/3614,ok,,2026-06-05T14:54:21
shurandy_sambo__cuw,Shurandy Sambo,CUW,DEF,2.0,412937.0,https://www.transfermarkt.com/x/profil/spieler/412937,https://www.transfermarkt.de/shurandy-sambo/nationalmannschaft/spieler/412937/verein_id/32364,ok,,2026-06-05T14:54:36
shahriar_moghanlou__irn,Shahriar Moghanlou,IRN,FWD,2.0,357125.0,https://www.transfermarkt.com/x/profil/spieler/357125,https://www.transfermarkt.de/shahriar-moghanlou/nationalmannschaft/spieler/357125/verein_id/3582,ok,,2026-06-05T14:54:52
paik_seung_ho__kor,Seung-Ho Paik,KOR,MID,2.0,282689.0,https://www.transfermarkt.com/x/profil/spieler/282689,https://www.transfermarkt.de/seung-ho-paik/nationalmannschaft/spieler/282689/verein_id/3589,ok,,2026-06-05T14:55:07
sebastian_tounekti__tun,Sebastian Tounekti,TUN,MID,2.0,539677.0,https://www.transfermarkt.com/x/profil/spieler/539677,https://www.transfermarkt.de/sebastian-tounekti/nationalmannschaft/spieler/539677/verein_id/3670,ok,,2026-06-05T14:55:22
samukele_kabini__rsa,Samukele Kabini,RSA,DEF,2.0,1175086.0,https://www.transfermarkt.com/x/profil/spieler/1175086,https://www.transfermarkt.de/samukele-kabini/nationalmannschaft/spieler/1175086/verein_id/3806,ok,,2026-06-05T14:55:37
samed_ba_dar__bih,Samed Bazdar,BIH,FWD,2.0,710969.0,https://www.transfermarkt.com/x/profil/spieler/710969,https://www.transfermarkt.de/samed-bazdar/nationalmannschaft/spieler/710969/verein_id/3446,ok,,2026-06-05T14:55:50
salih_ozcan__tur,Salih Özcan,TUR,MID,2.0,244940.0,https://www.transfermarkt.com/x/profil/spieler/244940,https://www.transfermarkt.de/salih-ozcan/nationalmannschaft/spieler/244940/verein_id/3381,ok,,2026-06-05T14:56:03
ross_stewart__sco,Ross Stewart,SCO,FWD,2.0,447995.0,https://www.transfermarkt.com/x/profil/spieler/447995,https://www.transfermarkt.de/ross-stewart/nationalmannschaft/spieler/447995/verein_id/3380,ok,,2026-06-05T14:56:17
ronaldo_mart_nez__par,Ronaldo Martinez,PAR,FWD,2.0,567736.0,https://www.transfermarkt.com/x/profil/spieler/567736,https://www.transfermarkt.de/ronaldo-martinez/nationalmannschaft/spieler/567736/verein_id/3581,ok,,2026-06-05T14:56:31
roderick_miller__pan,Roderick Miller,PAN,DEF,2.0,157154.0,https://www.transfermarkt.com/x/profil/spieler/157154,https://www.transfermarkt.de/roderick-miller/nationalmannschaft/spieler/157154/verein_id/3577,ok,,2026-06-05T14:56:45
rocky_bushiri__cod,Rocky Bushiri,COD,DEF,2.0,511802.0,https://www.transfermarkt.com/x/profil/spieler/511802,https://www.transfermarkt.de/rocky-bushiri/nationalmannschaft/spieler/511802/verein_id/3854,ok,,2026-06-05T14:57:00
roberto_lopes__cpv,Roberto Lopes,CPV,DEF,2.0,166158.0,https://www.transfermarkt.com/x/profil/spieler/166158,https://www.transfermarkt.de/roberto-lopes/nationalmannschaft/spieler/166158/verein_id/4311,ok,,2026-06-05T14:57:14
riechedly_bazoer__cuw,Riechedly Bazoer,CUW,DEF,2.0,216443.0,https://www.transfermarkt.com/x/profil/spieler/216443,https://www.transfermarkt.de/riechedly-bazoer/nationalmannschaft/spieler/216443/verein_id/32364,ok,,2026-06-05T14:57:27
richard_ledezma__mex,Richard Ledezma,MEX,DEF,2.0,575367.0,https://www.transfermarkt.com/x/profil/spieler/575367,https://www.transfermarkt.de/richard-ledezma/nationalmannschaft/spieler/575367/verein_id/6303,ok,,2026-06-05T14:57:43
rebin_sulaka__irq,Rebin Sulaka,IRQ,DEF,2.0,217073.0,https://www.transfermarkt.com/x/profil/spieler/217073,https://www.transfermarkt.de/rebin-sulaka/nationalmannschaft/spieler/217073/verein_id/3560,ok,,2026-06-05T14:57:57
rayan_elloumi__tun,Rayan Elloumi,TUN,FWD,2.0,1273985.0,https://www.transfermarkt.com/x/profil/spieler/1273985,https://www.transfermarkt.de/rayan-elloumi/nationalmannschaft/spieler/1273985/verein_id/3670,ok,,2026-06-05T14:58:10
raul_florucz__aut,Raul Florucz,AUT,FWD,2.0,449444.0,https://www.transfermarkt.com/x/profil/spieler/449444,https://www.transfermarkt.de/raul-florucz/nationalmannschaft/spieler/449444/verein_id/3383,ok,,2026-06-05T14:58:24
ralph_priso__can,Ralph Priso,CAN,DEF,2.0,657271.0,https://www.transfermarkt.com/x/profil/spieler/657271,https://www.transfermarkt.de/ralph-priso/nationalmannschaft/spieler/657271/verein_id/3510,ok,,2026-06-05T14:58:38
raed_chikhaoui__tun,Raed Chikhaoui,TUN,DEF,2.0,1075790.0,https://www.transfermarkt.com/x/profil/spieler/1075790,https://www.transfermarkt.de/raed-chikhaoui/nationalmannschaft/spieler/1075790/verein_id/3670,ok,,2026-06-05T14:58:51
prince_adu__gha,Prince Adu,GHA,FWD,2.0,734799.0,https://www.transfermarkt.com/x/profil/spieler/734799,https://www.transfermarkt.de/prince-adu/nationalmannschaft/spieler/734799/verein_id/3441,ok,,2026-06-05T14:59:05
peter_gwargis__irq,Peter Gwargis,IRQ,MID,2.0,430824.0,https://www.transfermarkt.com/x/profil/spieler/430824,https://www.transfermarkt.de/peter-gwargis/nationalmannschaft/spieler/430824/verein_id/3560,ok,,2026-06-05T14:59:18
paul_okon_engstler__aus,Paul Okon-Engstler,AUS,MID,2.0,1064377.0,https://www.transfermarkt.com/x/profil/spieler/1064377,https://www.transfermarkt.de/paul-okon-engstler/nationalmannschaft/spieler/1064377/verein_id/3433,ok,,2026-06-05T14:59:33
patrick_yazbek__aus,Patrick Yazbek,AUS,MID,2.0,867762.0,https://www.transfermarkt.com/x/profil/spieler/867762,https://www.transfermarkt.de/patrick-yazbek/nationalmannschaft/spieler/867762/verein_id/3433,ok,,2026-06-05T14:59:47
patric_pfeiffer__gha,Patric Pfeiffer,GHA,DEF,2.0,391742.0,https://www.transfermarkt.com/x/profil/spieler/391742,https://www.transfermarkt.de/patric-pfeiffer/nationalmannschaft/spieler/391742/verein_id/3441,ok,,2026-06-05T15:00:01
parfait_guiagon__civ,Parfait Guiagon,CIV,MID,2.0,624913.0,https://www.transfermarkt.com/x/profil/spieler/624913,https://www.transfermarkt.de/parfait-guiagon/nationalmannschaft/spieler/624913/verein_id/3591,ok,,2026-06-05T15:00:15
omar_rekik__tun,Omar Rekik,TUN,DEF,2.0,578292.0,https://www.transfermarkt.com/x/profil/spieler/578292,https://www.transfermarkt.de/omar-rekik/nationalmannschaft/spieler/578292/verein_id/3670,ok,,2026-06-05T15:00:31
nizar_al_rashdan__jor,Nizar Al-Rashdan,JOR,MID,2.0,734751.0,https://www.transfermarkt.com/x/profil/spieler/734751,https://www.transfermarkt.de/nizar-al-rashdan/nationalmannschaft/spieler/734751/verein_id/15737,ok,,2026-06-05T15:00:47
nidal_celik__bih,Nidal Celik,BIH,DEF,2.0,819566.0,https://www.transfermarkt.com/x/profil/spieler/819566,https://www.transfermarkt.de/nidal-celik/nationalmannschaft/spieler/819566/verein_id/3446,ok,,2026-06-05T15:01:01
nathan_patterson__sco,Nathan Patterson,SCO,DEF,2.0,424015.0,https://www.transfermarkt.com/x/profil/spieler/424015,https://www.transfermarkt.de/nathan-patterson/nationalmannschaft/spieler/424015/verein_id/3380,ok,,2026-06-05T15:01:14
nathan_ngoy__bel,Nathan Ngoy,BEL,DEF,2.0,548254.0,https://www.transfermarkt.com/x/profil/spieler/548254,https://www.transfermarkt.de/nathan-ngoy/nationalmannschaft/spieler/548254/verein_id/3382,ok,,2026-06-05T15:01:28
nando_pijnaker__nzl,Nando Pijnaker,NZL,DEF,2.0,455425.0,https://www.transfermarkt.com/x/profil/spieler/455425,https://www.transfermarkt.de/nando-pijnaker/nationalmannschaft/spieler/455425/verein_id/9171,ok,,2026-06-05T15:01:41
mustafa_eskihella__tur,Mustafa Eskihellac,TUR,DEF,2.0,390379.0,https://www.transfermarkt.com/x/profil/spieler/390379,https://www.transfermarkt.de/mustafa-eskihellac/nationalmannschaft/spieler/390379/verein_id/3381,ok,,2026-06-05T15:01:55
mukhammadrasul_abdumazhidov__uzb,Mukhammadrasul Abdumazhidov,UZB,DEF,2.0,1133645.0,https://www.transfermarkt.com/x/profil/spieler/1133645,https://www.transfermarkt.de/mukhammadrasul-abdumazhidov/nationalmannschaft/spieler/1133645/verein_id/3563,ok,,2026-06-05T15:02:08
moutaz_neffati__tun,Moutaz Neffati,TUN,DEF,2.0,1034598.0,https://www.transfermarkt.com/x/profil/spieler/1034598,https://www.transfermarkt.de/moutaz-neffati/nationalmannschaft/spieler/1034598/verein_id/3670,ok,,2026-06-05T15:02:22
moustapha_mbow__sen,Moustapha Mbow,SEN,DEF,2.0,649026.0,https://www.transfermarkt.com/x/profil/spieler/649026,https://www.transfermarkt.de/moustapha-mbow/nationalmannschaft/spieler/649026/verein_id/3499,ok,,2026-06-05T15:02:38
mostafa_ziko__egy,Mostafa Ziko,EGY,MID,2.0,896616.0,https://www.transfermarkt.com/x/profil/spieler/896616,https://www.transfermarkt.de/mostafa-ziko/nationalmannschaft/spieler/896616/verein_id/3672,ok,,2026-06-05T15:02:51
mortadha_ben_ouanes__tun,Mortadha Ben Ouanes,TUN,MID,2.0,230921.0,https://www.transfermarkt.com/x/profil/spieler/230921,https://www.transfermarkt.de/mortadha-ben-ouanes/nationalmannschaft/spieler/230921/verein_id/3670,ok,,2026-06-05T15:03:05
mohammed_sulaiman__ksa,Mohammed Sulaiman,KSA,DEF,2.0,1020859.0,https://www.transfermarkt.com/x/profil/spieler/1020859,https://www.transfermarkt.de/mohammed-sulaiman/nationalmannschaft/spieler/1020859/verein_id/3807,ok,,2026-06-05T15:03:19
mohammed_muntari__qat,Mohammed Muntari,QAT,FWD,2.0,266935.0,https://www.transfermarkt.com/x/profil/spieler/266935,https://www.transfermarkt.de/mohammed-muntari/nationalmannschaft/spieler/266935/verein_id/14162,ok,,2026-06-05T15:03:36
mohammad_al_dawoud__jor,Mohammad Al-Dawoud,JOR,MID,2.0,310801.0,https://www.transfermarkt.com/x/profil/spieler/310801,https://www.transfermarkt.de/mohammad-al-dawoud/nationalmannschaft/spieler/310801/verein_id/15737,ok,,2026-06-05T15:04:04
mohamed_rabie_hrimat__mar,Mohamed Rabie Hrimat,MAR,MID,2.0,553100.0,https://www.transfermarkt.com/x/profil/spieler/553100,https://www.transfermarkt.de/mohamed-rabie-hrimat/nationalmannschaft/spieler/553100/verein_id/3575,ok,,2026-06-05T15:04:18
miles_robinson__usa,Miles Robinson,USA,DEF,2.0,468022.0,https://www.transfermarkt.com/x/profil/spieler/468022,https://www.transfermarkt.de/miles-robinson/nationalmannschaft/spieler/468022/verein_id/3505,ok,,2026-06-05T15:04:35
michael_boxall__nzl,Michael Boxall,NZL,DEF,2.0,81723.0,https://www.transfermarkt.com/x/profil/spieler/81723,https://www.transfermarkt.de/michael-boxall/nationalmannschaft/spieler/81723/verein_id/9171,ok,,2026-06-05T15:04:50
mehdi_dorval__alg,Mehdi Dorval,ALG,DEF,2.0,784575.0,https://www.transfermarkt.com/x/profil/spieler/784575,https://www.transfermarkt.de/mehdi-dorval/nationalmannschaft/spieler/784575/verein_id/3614,ok,,2026-06-05T15:05:03
marvin_senaya__gha,Marvin Senaya,GHA,DEF,2.0,830890.0,https://www.transfermarkt.com/x/profil/spieler/830890,https://www.transfermarkt.de/marvin-senaya/nationalmannschaft/spieler/830890/verein_id/3441,ok,,2026-06-05T15:05:18
martin_krug__pan,Martin Krug,PAN,DEF,2.0,1105075.0,https://www.transfermarkt.com/x/profil/spieler/1105075,https://www.transfermarkt.de/martin-krug/nationalmannschaft/spieler/1105075/verein_id/3577,ok,,2026-06-05T15:05:32
martin_exp_rience__hai,Martin Experience,HAI,DEF,2.0,804885.0,https://www.transfermarkt.com/x/profil/spieler/804885,https://www.transfermarkt.de/martin-experience/nationalmannschaft/spieler/804885/verein_id/14161,ok,,2026-06-05T15:05:46
mark_mckenzie__usa,Mark McKenzie,USA,DEF,2.0,429259.0,https://www.transfermarkt.com/x/profil/spieler/429259,https://www.transfermarkt.de/mark-mckenzie/nationalmannschaft/spieler/429259/verein_id/3505,ok,,2026-06-05T15:06:02
marcus_holmgren_pedersen__nor,Marcus Holmgren Pedersen,NOR,DEF,2.0,583404.0,https://www.transfermarkt.com/x/profil/spieler/583404,https://www.transfermarkt.de/marcus-pedersen/nationalmannschaft/spieler/583404/verein_id/3440,ok,,2026-06-05T15:06:22
marco_grull__aut,Marco Grüll,AUT,FWD,2.0,391766.0,https://www.transfermarkt.com/x/profil/spieler/391766,https://www.transfermarkt.de/marco-grull/nationalmannschaft/spieler/391766/verein_id/3383,ok,,2026-06-05T15:06:36
marco_friedl__aut,Marco Friedl,AUT,DEF,2.0,156990.0,https://www.transfermarkt.com/x/profil/spieler/156990,https://www.transfermarkt.de/marco-friedl/nationalmannschaft/spieler/156990/verein_id/3383,ok,,2026-06-05T15:06:50
marcelo_flores__can,Marcelo Flores,CAN,MID,2.0,668495.0,https://www.transfermarkt.com/x/profil/spieler/668495,https://www.transfermarkt.de/marcelo-flores/nationalmannschaft/spieler/668495/verein_id/3510,ok,,2026-06-05T15:07:04
manaf_younis__irq,Manaf Younis,IRQ,DEF,2.0,945266.0,https://www.transfermarkt.com/x/profil/spieler/945266,https://www.transfermarkt.de/manaf-younis/nationalmannschaft/spieler/945266/verein_id/3560,ok,,2026-06-05T15:07:18
mahmoud_al_mardi__jor,Mahmoud Al-Mardi,JOR,MID,2.0,401086.0,https://www.transfermarkt.com/x/profil/spieler/401086,https://www.transfermarkt.de/mahmoud-al-mardi/nationalmannschaft/spieler/401086/verein_id/15737,ok,,2026-06-05T15:07:33
luka_vuskovic__cro,Luka Vuskovic,CRO,DEF,2.0,892160.0,https://www.transfermarkt.com/x/profil/spieler/892160,https://www.transfermarkt.de/luka-vuskovic/nationalmannschaft/spieler/892160/verein_id/3556,ok,,2026-06-05T15:07:47
luka_su_i__cro,Luka Sucic,CRO,MID,2.0,502722.0,https://www.transfermarkt.com/x/profil/spieler/502722,https://www.transfermarkt.de/luka-sucic/nationalmannschaft/spieler/502722/verein_id/3556,ok,,2026-06-05T15:08:01
lucas_ramon_romero__par,Lucas Ramon Romero,PAR,MID,2.0,1127335.0,https://www.transfermarkt.com/x/profil/spieler/1127335,https://www.transfermarkt.de/lucas-romero/nationalmannschaft/spieler/1127335/verein_id/3581,ok,,2026-06-05T15:08:14
lucas_herrington__aus,Lucas Herrington,AUS,DEF,2.0,1279984.0,https://www.transfermarkt.com/x/profil/spieler/1279984,https://www.transfermarkt.de/lucas-herrington/nationalmannschaft/spieler/1279984/verein_id/3433,ok,,2026-06-05T15:08:27
luca_jaquez__sui,Luca Jaquez,SUI,DEF,2.0,539798.0,https://www.transfermarkt.com/x/profil/spieler/539798,https://www.transfermarkt.de/luca-jaquez/nationalmannschaft/spieler/539798/verein_id/3384,ok,,2026-06-05T15:08:41
luc_de_fougerolles__can,Luc De Fougerolles,CAN,DEF,2.0,921995.0,https://www.transfermarkt.com/x/profil/spieler/921995,https://www.transfermarkt.de/luc-de-fougerolles/nationalmannschaft/spieler/921995/verein_id/3510,ok,,2026-06-05T15:08:56
lewis_ferguson__sco,Lewis Ferguson,SCO,MID,2.0,428563.0,https://www.transfermarkt.com/x/profil/spieler/428563,https://www.transfermarkt.de/lewis-ferguson/nationalmannschaft/spieler/428563/verein_id/3380,ok,,2026-06-05T15:09:10
leopold_querfeld__aut,Leopold Querfeld,AUT,DEF,2.0,597432.0,https://www.transfermarkt.com/x/profil/spieler/597432,https://www.transfermarkt.de/leopold-querfeld/nationalmannschaft/spieler/597432/verein_id/3383,ok,,2026-06-05T15:09:23
lachlan_bayliss__nzl,Lachlan Bayliss,NZL,MID,2.0,1109358.0,https://www.transfermarkt.com/x/profil/spieler/1109358,https://www.transfermarkt.de/lachlan-bayliss/nationalmannschaft/spieler/1109358/verein_id/9171,ok,,2026-06-05T15:09:37
kristian_thorstvedt__nor,Kristian Thorstvedt,NOR,MID,2.0,564785.0,https://www.transfermarkt.com/x/profil/spieler/564785,https://www.transfermarkt.de/kristian-thorstvedt/nationalmannschaft/spieler/564785/verein_id/3440,ok,,2026-06-05T15:09:53
kojo_peprah_oppong__gha,Kojo Peprah Oppong,GHA,DEF,2.0,1113451.0,https://www.transfermarkt.com/x/profil/spieler/1113451,https://www.transfermarkt.de/kojo-peprah-oppong/nationalmannschaft/spieler/1113451/verein_id/3441,ok,,2026-06-05T15:10:07
ko_itakura__jpn,Ko Itakura,JPN,DEF,2.0,355816.0,https://www.transfermarkt.com/x/profil/spieler/355816,https://www.transfermarkt.de/ko-itakura/nationalmannschaft/spieler/355816/verein_id/3435,ok,,2026-06-05T15:10:21
khulumani_ndamane__rsa,Khulumani Ndamane,RSA,DEF,2.0,1283140.0,https://www.transfermarkt.com/x/profil/spieler/1283140,https://www.transfermarkt.de/khulumani-ndamane/nationalmannschaft/spieler/1283140/verein_id/3806,ok,,2026-06-05T15:10:36
khalil_ayari__tun,Khalil Ayari,TUN,MID,2.0,1198342.0,https://www.transfermarkt.com/x/profil/spieler/1198342,https://www.transfermarkt.de/khalil-ayari/nationalmannschaft/spieler/1198342/verein_id/3670,ok,,2026-06-05T15:10:49
kevin_yakob__irq,Kevin Yakob,IRQ,MID,2.0,413268.0,https://www.transfermarkt.com/x/profil/spieler/413268,https://www.transfermarkt.de/kevin-yakob/nationalmannschaft/spieler/413268/verein_id/3560,ok,,2026-06-05T15:11:04
kevin_felida__cuw,Kevin Felida,CUW,MID,2.0,433933.0,https://www.transfermarkt.com/x/profil/spieler/433933,https://www.transfermarkt.de/kevin-felida/nationalmannschaft/spieler/433933/verein_id/32364,ok,,2026-06-05T15:11:18
kelvin_pires__cpv,Kelvin Pires,CPV,DEF,2.0,662119.0,https://www.transfermarkt.com/x/profil/spieler/662119,https://www.transfermarkt.de/kelvin-pires/nationalmannschaft/spieler/662119/verein_id/4311,ok,,2026-06-05T15:11:31
kees_smit__ned,Kees Smit,NED,MID,2.0,859035.0,https://www.transfermarkt.com/x/profil/spieler/859035,https://www.transfermarkt.de/kees-smit/nationalmannschaft/spieler/859035/verein_id/3379,ok,,2026-06-05T15:11:45
karim_hafez__egy,Karim Hafez,EGY,DEF,2.0,333004.0,https://www.transfermarkt.com/x/profil/spieler/333004,https://www.transfermarkt.de/karim-hafez/nationalmannschaft/spieler/333004/verein_id/3672,ok,,2026-06-05T15:11:59
kai_trewin__aus,Kai Trewin,AUS,DEF,2.0,691326.0,https://www.transfermarkt.com/x/profil/spieler/691326,https://www.transfermarkt.de/kai-trewin/nationalmannschaft/spieler/691326/verein_id/3433,ok,,2026-06-05T15:12:15
kadir_barria__pan,Kadir Barria,PAN,FWD,2.0,1464878.0,https://www.transfermarkt.com/x/profil/spieler/1464878,https://www.transfermarkt.de/kadir-barria/nationalmannschaft/spieler/1464878/verein_id/3577,ok,,2026-06-05T15:12:32
kaan_ayhan__tur,Kaan Ayhan,TUR,MID,2.0,119031.0,https://www.transfermarkt.com/x/profil/spieler/119031,https://www.transfermarkt.de/kaan-ayhan/nationalmannschaft/spieler/119031/verein_id/3381,ok,,2026-06-05T15:12:46
jurgen_locadia__cuw,Jürgen Locadia,CUW,FWD,2.0,166240.0,https://www.transfermarkt.com/x/profil/spieler/166240,https://www.transfermarkt.de/jurgen-locadia/nationalmannschaft/spieler/166240/verein_id/32364,ok,,2026-06-05T15:13:00
jovo_lukic__bih,Jovo Lukic,BIH,FWD,2.0,457738.0,https://www.transfermarkt.com/x/profil/spieler/457738,https://www.transfermarkt.de/jovo-lukic/nationalmannschaft/spieler/457738/verein_id/3446,ok,,2026-06-05T15:13:14
jordy_alcivar__ecu,Jordy Alcivar,ECU,MID,2.0,598145.0,https://www.transfermarkt.com/x/profil/spieler/598145,https://www.transfermarkt.de/jordy-alcivar/nationalmannschaft/spieler/598145/verein_id/5750,ok,,2026-06-05T15:13:30
john_mercado__ecu,John Mercado,ECU,FWD,2.0,659804.0,https://www.transfermarkt.com/x/profil/spieler/659804,https://www.transfermarkt.de/john-mercado/nationalmannschaft/spieler/659804/verein_id/5750,ok,,2026-06-05T15:13:44
jiovany_ramos__pan,Jiovany Ramos,PAN,DEF,2.0,403809.0,https://www.transfermarkt.com/x/profil/spieler/403809,https://www.transfermarkt.de/jiovany-ramos/nationalmannschaft/spieler/403809/verein_id/3577,ok,,2026-06-05T15:14:06
ji_sung_eom__kor,Ji-sung Eom,KOR,MID,2.0,706968.0,https://www.transfermarkt.com/x/profil/spieler/706968,https://www.transfermarkt.de/ji-sung-eom/nationalmannschaft/spieler/706968/verein_id/3589,ok,,2026-06-05T15:14:21
jesus_angulo__mex,Jesus Angulo,MEX,DEF,2.0,312568.0,https://www.transfermarkt.com/x/profil/spieler/312568,https://www.transfermarkt.de/jesus-angulo/nationalmannschaft/spieler/312568/verein_id/6303,ok,,2026-06-05T15:14:35
jesse_randall__nzl,Jesse Randall,NZL,FWD,2.0,677509.0,https://www.transfermarkt.com/x/profil/spieler/677509,https://www.transfermarkt.de/jesse-randall/nationalmannschaft/spieler/677509/verein_id/9171,ok,,2026-06-05T15:14:49
jeremy_ar_valo__ecu,Jeremy Arevalo,ECU,FWD,2.0,971663.0,https://www.transfermarkt.com/x/profil/spieler/971663,https://www.transfermarkt.de/jeremy-arevalo/nationalmannschaft/spieler/971663/verein_id/5750,ok,,2026-06-05T15:15:05
jeremy_antonisse__cuw,Jeremy Antonisse,CUW,FWD,2.0,594273.0,https://www.transfermarkt.com/x/profil/spieler/594273,https://www.transfermarkt.de/jeremy-antonisse/nationalmannschaft/spieler/594273/verein_id/32364,ok,,2026-06-05T15:15:18
jayden_adams__rsa,Jayden Adams,RSA,MID,2.0,804472.0,https://www.transfermarkt.com/x/profil/spieler/804472,https://www.transfermarkt.de/jayden-adams/nationalmannschaft/spieler/804472/verein_id/3806,ok,,2026-06-05T15:15:31
janner_corozo__ecu,Janner Corozo,ECU,FWD,2.0,421698.0,https://www.transfermarkt.com/x/profil/spieler/421698,https://www.transfermarkt.de/janner-corozo/nationalmannschaft/spieler/421698/verein_id/5750,ok,,2026-06-05T15:15:45
jan_kliment__cze,Jan Kliment,CZE,FWD,2.0,218299.0,https://www.transfermarkt.com/x/profil/spieler/218299,https://www.transfermarkt.de/jan-kliment/nationalmannschaft/spieler/218299/verein_id/3445,ok,,2026-06-05T15:15:59
jamshid_iskanderov__uzb,Jamshid Iskanderov,UZB,MID,2.0,260857.0,https://www.transfermarkt.com/x/profil/spieler/260857,https://www.transfermarkt.de/jamshid-iskanderov/nationalmannschaft/spieler/260857/verein_id/3563,ok,,2026-06-05T15:16:15
jacob_italiano__aus,Jacob Italiano,AUS,DEF,2.0,545810.0,https://www.transfermarkt.com/x/profil/spieler/545810,https://www.transfermarkt.de/jacob-italiano/nationalmannschaft/spieler/545810/verein_id/3433,ok,,2026-06-05T15:16:32
jackson_porozo__ecu,Jackson Porozo,ECU,DEF,2.0,491616.0,https://www.transfermarkt.com/x/profil/spieler/491616,https://www.transfermarkt.de/jackson-porozo/nationalmannschaft/spieler/491616/verein_id/5750,ok,,2026-06-05T15:16:46
jack_hendry__sco,Jack Hendry,SCO,DEF,2.0,363223.0,https://www.transfermarkt.com/x/profil/spieler/363223,https://www.transfermarkt.de/jack-hendry/nationalmannschaft/spieler/363223/verein_id/3380,ok,,2026-06-05T15:17:00
jacen_russell_rowe__can,Jacen Russell-Rowe,CAN,FWD,2.0,683625.0,https://www.transfermarkt.com/x/profil/spieler/683625,https://www.transfermarkt.de/jacen-russell-rowe/nationalmannschaft/spieler/683625/verein_id/3510,ok,,2026-06-05T15:17:15
irfan_can_kahveci__tur,Irfan Can Kahveci,TUR,MID,2.0,216603.0,https://www.transfermarkt.com/x/profil/spieler/216603,https://www.transfermarkt.de/irfan-can-kahveci/nationalmannschaft/spieler/216603/verein_id/3381,ok,,2026-06-05T15:17:29
ime_okon__rsa,Ime Okon,RSA,DEF,2.0,1107265.0,https://www.transfermarkt.com/x/profil/spieler/1107265,https://www.transfermarkt.de/ime-okon/nationalmannschaft/spieler/1107265/verein_id/3806,ok,,2026-06-05T15:17:43
ilay_camara__sen,Ilay Camara,SEN,DEF,2.0,570781.0,https://www.transfermarkt.com/x/profil/spieler/570781,https://www.transfermarkt.de/ilay-camara/nationalmannschaft/spieler/570781/verein_id/3499,ok,,2026-06-05T15:17:56
igor_sergeev__uzb,Igor Sergeev,UZB,FWD,2.0,185372.0,https://www.transfermarkt.com/x/profil/spieler/185372,https://www.transfermarkt.de/igor-sergeev/nationalmannschaft/spieler/185372/verein_id/3563,ok,,2026-06-05T15:18:10
ibrokhim_ibrokhimov__uzb,Ibrokhim Ibrokhimov,UZB,MID,2.0,630010.0,https://www.transfermarkt.com/x/profil/spieler/630010,https://www.transfermarkt.de/ibrokhim-ibrokhimov/nationalmannschaft/spieler/630010/verein_id/3563,ok,,2026-06-05T15:18:24
husam_abu_dahab__jor,Husam Abu Dahab,JOR,DEF,2.0,895291.0,https://www.transfermarkt.com/x/profil/spieler/895291,https://www.transfermarkt.de/husam-abu-dahab/nationalmannschaft/spieler/895291/verein_id/15737,ok,,2026-06-05T15:18:38
hugo_cuenca__par,Hugo Cuenca,PAR,MID,2.0,906315.0,https://www.transfermarkt.com/x/profil/spieler/906315,https://www.transfermarkt.de/hugo-cuenca/nationalmannschaft/spieler/906315/verein_id/3581,ok,,2026-06-05T15:18:53
hossein_abarghouei__irn,Hossein Abarghouei,IRN,DEF,2.0,424265.0,https://www.transfermarkt.com/x/profil/spieler/424265,https://www.transfermarkt.de/hossein-abarghouei/nationalmannschaft/spieler/424265/verein_id/3582,ok,,2026-06-05T15:19:08
hjalmar_ekdal__swe,Hjalmar Ekdal,SWE,DEF,2.0,392179.0,https://www.transfermarkt.com/x/profil/spieler/392179,https://www.transfermarkt.de/hjalmar-ekdal/nationalmannschaft/spieler/392179/verein_id/3557,ok,,2026-06-05T15:19:21
henrik_falchener__nor,Henrik Falchener,NOR,DEF,2.0,743088.0,https://www.transfermarkt.com/x/profil/spieler/743088,https://www.transfermarkt.de/henrik-falchener/nationalmannschaft/spieler/743088/verein_id/3440,ok,,2026-06-05T15:19:36
hasan_abdulkareem__irq,Hasan Abdulkareem,IRQ,MID,2.0,957634.0,https://www.transfermarkt.com/x/profil/spieler/957634,https://www.transfermarkt.de/hasan-abdulkareem/nationalmannschaft/spieler/957634/verein_id/3560,ok,,2026-06-05T15:19:50
han_beom_lee__kor,Han-beom Lee,KOR,DEF,2.0,706963.0,https://www.transfermarkt.com/x/profil/spieler/706963,https://www.transfermarkt.de/han-beom-lee/nationalmannschaft/spieler/706963/verein_id/3589,ok,,2026-06-05T15:20:04
hamza_abdelkarim__egy,Hamza Abdelkarim,EGY,FWD,2.0,1259085.0,https://www.transfermarkt.com/x/profil/spieler/1259085,https://www.transfermarkt.de/hamza-abdelkarim/nationalmannschaft/spieler/1259085/verein_id/3672,ok,,2026-06-05T15:20:17
haissem_hassan__egy,Haissem Hassan,EGY,MID,2.0,620164.0,https://www.transfermarkt.com/x/profil/spieler/620164,https://www.transfermarkt.de/haissem-hassan/nationalmannschaft/spieler/620164/verein_id/3672,ok,,2026-06-05T15:20:31
gustaf_nilsson__swe,Gustaf Nilsson,SWE,FWD,2.0,320440.0,https://www.transfermarkt.com/x/profil/spieler/320440,https://www.transfermarkt.de/gustaf-nilsson/nationalmannschaft/spieler/320440/verein_id/3557,ok,,2026-06-05T15:20:44
guillermo_martinez__mex,Guillermo Martínez,MEX,FWD,2.0,347932.0,https://www.transfermarkt.com/x/profil/spieler/347932,https://www.transfermarkt.de/guillermo-martinez/nationalmannschaft/spieler/347932/verein_id/6303,ok,,2026-06-05T15:20:58
gonzalo_agustin_sandez__par,Gonzalo Agustin Sandez,PAR,DEF,2.0,847023.0,https://www.transfermarkt.com/x/profil/spieler/847023,https://www.transfermarkt.de/agustin-sandez/nationalmannschaft/spieler/847023/verein_id/3581,ok,,2026-06-05T15:21:11
godfried_roemeratoe__cuw,Godfried Roemeratoe,CUW,MID,2.0,393241.0,https://www.transfermarkt.com/x/profil/spieler/393241,https://www.transfermarkt.de/godfried-roemeratoe/nationalmannschaft/spieler/393241/verein_id/32364,ok,,2026-06-05T15:21:27
gi_hyuk_lee__kor,Gi-hyuk Lee,KOR,DEF,2.0,763349.0,https://www.transfermarkt.com/x/profil/spieler/763349,https://www.transfermarkt.de/gi-hyuk-lee/nationalmannschaft/spieler/763349/verein_id/3589,ok,,2026-06-05T15:21:41
gabriel_avalos__par,Gabriel Avalos,PAR,FWD,2.0,358418.0,https://www.transfermarkt.com/x/profil/spieler/358418,https://www.transfermarkt.de/gabriel-avalos/nationalmannschaft/spieler/358418/verein_id/3581,ok,,2026-06-05T15:21:55
frans_dhia_putros__irq,Frans Dhia Putros,IRQ,DEF,2.0,166460.0,https://www.transfermarkt.com/x/profil/spieler/166460,https://www.transfermarkt.de/frans-dhia-putros/nationalmannschaft/spieler/166460/verein_id/3560,ok,,2026-06-05T15:22:09
finn_surman__nzl,Finn Surman,NZL,DEF,2.0,724809.0,https://www.transfermarkt.com/x/profil/spieler/724809,https://www.transfermarkt.de/finn-surman/nationalmannschaft/spieler/724809/verein_id/9171,ok,,2026-06-05T15:22:23
findlay_curtis__sco,Findlay Curtis,SCO,FWD,2.0,1082993.0,https://www.transfermarkt.com/x/profil/spieler/1082993,https://www.transfermarkt.de/findlay-curtis/nationalmannschaft/spieler/1082993/verein_id/3380,ok,,2026-06-05T15:22:37
fares_ghedjemis__alg,Fares Ghedjemis,ALG,FWD,2.0,888738.0,https://www.transfermarkt.com/x/profil/spieler/888738,https://www.transfermarkt.de/fares-ghedjemis/nationalmannschaft/spieler/888738/verein_id/3614,ok,,2026-06-05T15:22:51
evren_eren_elmali__tur,Evren Eren Elmali,TUR,DEF,2.0,616894.0,https://www.transfermarkt.com/x/profil/spieler/616894,https://www.transfermarkt.de/eren-elmali/nationalmannschaft/spieler/616894/verein_id/3381,ok,,2026-06-05T15:23:04
ermin_mahmic__bih,Ermin Mahmic,BIH,MID,2.0,803049.0,https://www.transfermarkt.com/x/profil/spieler/803049,https://www.transfermarkt.de/ermin-mahmic/nationalmannschaft/spieler/803049/verein_id/3446,ok,,2026-06-05T15:23:19
eric_smith__swe,Eric Smith,SWE,DEF,2.0,292534.0,https://www.transfermarkt.com/x/profil/spieler/292534,https://www.transfermarkt.de/eric-smith/nationalmannschaft/spieler/292534/verein_id/3557,ok,,2026-06-05T15:23:33
eray_c_mert__sui,Eray Cömert,SUI,DEF,2.0,298583.0,https://www.transfermarkt.com/x/profil/spieler/298583,https://www.transfermarkt.de/eray-comert/nationalmannschaft/spieler/298583/verein_id/3384,ok,,2026-06-05T15:23:47
elliot_stroud__swe,Elliot Stroud,SWE,DEF,2.0,687622.0,https://www.transfermarkt.com/x/profil/spieler/687622,https://www.transfermarkt.de/elliot-stroud/nationalmannschaft/spieler/687622/verein_id/3557,ok,,2026-06-05T15:24:00
ehsan_hajsafi__irn,Ehsan Hajsafi,IRN,DEF,2.0,77547.0,https://www.transfermarkt.com/x/profil/spieler/77547,https://www.transfermarkt.de/ehsan-hajsafi/nationalmannschaft/spieler/77547/verein_id/3582,ok,,2026-06-05T15:24:14
dostonbek_khamdamov__uzb,Dostonbek Khamdamov,UZB,MID,2.0,294502.0,https://www.transfermarkt.com/x/profil/spieler/294502,https://www.transfermarkt.de/dostonbek-khamdamov/nationalmannschaft/spieler/294502/verein_id/3563,ok,,2026-06-05T15:24:29
dong_gyeong_lee__kor,Dong-gyeong Lee,KOR,MID,2.0,558086.0,https://www.transfermarkt.com/x/profil/spieler/558086,https://www.transfermarkt.de/dong-gyeong-lee/nationalmannschaft/spieler/558086/verein_id/3589,ok,,2026-06-05T15:24:49
dominic_hyam__sco,Dominic Hyam,SCO,DEF,2.0,263268.0,https://www.transfermarkt.com/x/profil/spieler/263268,https://www.transfermarkt.de/dominic-hyam/nationalmannschaft/spieler/263268/verein_id/3380,ok,,2026-06-05T15:25:12
dilshod_komilov__uzb,Dilshod Komilov,UZB,DEF,2.0,661080.0,https://www.transfermarkt.com/x/profil/spieler/661080,https://www.transfermarkt.de/dilshod-komilov/nationalmannschaft/spieler/661080/verein_id/3563,ok,,2026-06-05T15:25:36
diego_moreira__bel,Diego Moreira,BEL,MID,2.0,655006.0,https://www.transfermarkt.com/x/profil/spieler/655006,https://www.transfermarkt.de/diego-moreira/nationalmannschaft/spieler/655006/verein_id/3382,ok,,2026-06-05T15:25:57
deveron_fonville__cuw,Deveron Fonville,CUW,DEF,2.0,708989.0,https://www.transfermarkt.com/x/profil/spieler/708989,https://www.transfermarkt.de/deveron-fonville/nationalmannschaft/spieler/708989/verein_id/32364,ok,,2026-06-05T15:26:17
derrick_luckassen__gha,Derrick Luckassen,GHA,DEF,2.0,241457.0,https://www.transfermarkt.com/x/profil/spieler/241457,https://www.transfermarkt.de/derrick-luckassen/nationalmannschaft/spieler/241457/verein_id/3441,ok,,2026-06-05T15:26:32
derrick_kohn__gha,Derrick Köhn,GHA,DEF,2.0,391780.0,https://www.transfermarkt.com/x/profil/spieler/391780,https://www.transfermarkt.de/derrick-kohn/nationalmannschaft/spieler/391780/verein_id/3441,ok,,2026-06-05T15:26:46
derrick_etienne__hai,Derrick Etienne Jr.,HAI,FWD,2.0,354763.0,https://www.transfermarkt.com/x/profil/spieler/354763,https://www.transfermarkt.de/derrick-etienne-jr-/nationalmannschaft/spieler/354763/verein_id/14161,ok,,2026-06-05T15:26:59
denzell_garcia__mex,Denzell Garcia,MEX,MID,2.0,997057.0,https://www.transfermarkt.com/x/profil/spieler/997057,https://www.transfermarkt.de/denzell-garcia/nationalmannschaft/spieler/997057/verein_id/6303,ok,,2026-06-05T15:27:13
denis_visinsky__cze,Denis Visinsky,CZE,MID,2.0,652060.0,https://www.transfermarkt.com/x/profil/spieler/652060,https://www.transfermarkt.de/denis-visinsky/nationalmannschaft/spieler/652060/verein_id/3445,ok,,2026-06-05T15:27:27
david_jurasek__cze,David Jurasek,CZE,DEF,2.0,500054.0,https://www.transfermarkt.com/x/profil/spieler/500054,https://www.transfermarkt.de/david-jurasek/nationalmannschaft/spieler/500054/verein_id/3445,ok,,2026-06-05T15:27:42
daniel_nana_agyei__gha,Daniel Nana Agyei,GHA,FWD,2.0,127993.0,https://www.transfermarkt.com/x/profil/spieler/127993,https://www.transfermarkt.de/daniel-agyei/nationalmannschaft/spieler/127993/verein_id/3441,ok,,2026-06-05T15:27:56
clement_akpa__civ,Clement Akpa,CIV,DEF,2.0,806793.0,https://www.transfermarkt.com/x/profil/spieler/806793,https://www.transfermarkt.de/clement-akpa/nationalmannschaft/spieler/806793/verein_id/3591,ok,,2026-06-05T15:28:11
christ_inao_oulai__civ,Christ Inao Oulaï,CIV,MID,2.0,1279526.0,https://www.transfermarkt.com/x/profil/spieler/1279526,https://www.transfermarkt.de/christ-inao-oulai/nationalmannschaft/spieler/1279526/verein_id/3591,ok,,2026-06-05T15:28:25
chadi_riad__mar,Chadi Riad,MAR,DEF,2.0,689637.0,https://www.transfermarkt.com/x/profil/spieler/689637,https://www.transfermarkt.de/chadi-riad/nationalmannschaft/spieler/689637/verein_id/3575,ok,,2026-06-05T15:28:39
c_sar_yanis__pan,Cesar Yanis,PAN,MID,2.0,741098.0,https://www.transfermarkt.com/x/profil/spieler/741098,https://www.transfermarkt.de/cesar-yanis/nationalmannschaft/spieler/741098/verein_id/3577,ok,,2026-06-05T15:28:52
cedric_itten__sui,Cedric Itten,SUI,FWD,2.0,243856.0,https://www.transfermarkt.com/x/profil/spieler/243856,https://www.transfermarkt.de/cedric-itten/nationalmannschaft/spieler/243856/verein_id/3384,ok,,2026-06-05T15:29:05
cecilio_waterman__pan,Cecilio Waterman,PAN,FWD,2.0,177064.0,https://www.transfermarkt.com/x/profil/spieler/177064,https://www.transfermarkt.de/cecilio-waterman/nationalmannschaft/spieler/177064/verein_id/3577,ok,,2026-06-05T15:29:19
carlos_andres_gomez__col,Carlos Andres Gomez,COL,MID,2.0,957461.0,https://www.transfermarkt.com/x/profil/spieler/957461,https://www.transfermarkt.de/andres-gomez/nationalmannschaft/spieler/957461/verein_id/3816,ok,,2026-06-05T15:29:33
carlens_arcus__hai,Carlens Arcus,HAI,DEF,2.0,371686.0,https://www.transfermarkt.com/x/profil/spieler/371686,https://www.transfermarkt.de/carlens-arcus/nationalmannschaft/spieler/371686/verein_id/14161,ok,,2026-06-05T15:29:47
carl_sainte__hai,Carl Sainte,HAI,MID,2.0,718244.0,https://www.transfermarkt.com/x/profil/spieler/718244,https://www.transfermarkt.de/carl-sainte/nationalmannschaft/spieler/718244/verein_id/14161,ok,,2026-06-05T15:30:01
callum_elder__aus,Callum Elder,AUS,DEF,2.0,271997.0,https://www.transfermarkt.com/x/profil/spieler/271997,https://www.transfermarkt.de/callum-elder/nationalmannschaft/spieler/271997/verein_id/3433,ok,,2026-06-05T15:30:15
callan_elliot__nzl,Callan Elliot,NZL,DEF,2.0,482204.0,https://www.transfermarkt.com/x/profil/spieler/482204,https://www.transfermarkt.de/callan-elliot/nationalmannschaft/spieler/482204/verein_id/9171,ok,,2026-06-05T15:30:29
brian_cipenga__cod,Brian Cipenga,COD,MID,2.0,700565.0,https://www.transfermarkt.com/x/profil/spieler/700565,https://www.transfermarkt.de/brian-cipenga/nationalmannschaft/spieler/700565/verein_id/3854,ok,,2026-06-05T15:30:43
brandley_kuwas__cuw,Brandley Kuwas,CUW,FWD,2.0,232219.0,https://www.transfermarkt.com/x/profil/spieler/232219,https://www.transfermarkt.de/brandley-kuwas/nationalmannschaft/spieler/232219/verein_id/32364,ok,,2026-06-05T15:30:57
braian_ojeda__par,Braian Ojeda,PAR,MID,2.0,491596.0,https://www.transfermarkt.com/x/profil/spieler/491596,https://www.transfermarkt.de/braian-ojeda/nationalmannschaft/spieler/491596/verein_id/3581,ok,,2026-06-05T15:31:11
bongokuhle_hlongwane__rsa,Bongokuhle Hlongwane,RSA,FWD,2.0,669202.0,https://www.transfermarkt.com/x/profil/spieler/669202,https://www.transfermarkt.de/bongokuhle-hlongwane/nationalmannschaft/spieler/669202/verein_id/3806,ok,,2026-06-05T15:31:26
blas_riveros__par,Blas Riveros,PAR,DEF,2.0,401732.0,https://www.transfermarkt.com/x/profil/spieler/401732,https://www.transfermarkt.de/blas-riveros/nationalmannschaft/spieler/401732/verein_id/3581,ok,,2026-06-05T15:31:39
besfort_zeneli__swe,Besfort Zeneli,SWE,MID,2.0,715653.0,https://www.transfermarkt.com/x/profil/spieler/715653,https://www.transfermarkt.de/besfort-zeneli/nationalmannschaft/spieler/715653/verein_id/3557,ok,,2026-06-05T15:31:54
ben_old__nzl,Ben Old,NZL,MID,2.0,617021.0,https://www.transfermarkt.com/x/profil/spieler/617021,https://www.transfermarkt.de/ben-old/nationalmannschaft/spieler/617021/verein_id/9171,ok,,2026-06-05T15:32:08
bazoumana_toure__civ,Bazoumana Toure,CIV,FWD,2.0,1067904.0,https://www.transfermarkt.com/x/profil/spieler/1067904,https://www.transfermarkt.de/bazoumana-toure/nationalmannschaft/spieler/1067904/verein_id/3591,ok,,2026-06-05T15:32:22
bamba_dieng__sen,Bamba Dieng,SEN,FWD,2.0,822458.0,https://www.transfermarkt.com/x/profil/spieler/822458,https://www.transfermarkt.de/bamba-dieng/nationalmannschaft/spieler/822458/verein_id/3499,ok,,2026-06-05T15:32:36
awer_mabil__aus,Awer Mabil,AUS,FWD,2.0,255729.0,https://www.transfermarkt.com/x/profil/spieler/255729,https://www.transfermarkt.de/awer-mabil/nationalmannschaft/spieler/255729/verein_id/3433,ok,,2026-06-05T15:32:50
atakan_karazor__tur,Atakan Karazor,TUR,MID,2.0,232320.0,https://www.transfermarkt.com/x/profil/spieler/232320,https://www.transfermarkt.de/atakan-karazor/nationalmannschaft/spieler/232320/verein_id/3381,ok,,2026-06-05T15:33:04
armando_obispo__cuw,Armando Obispo,CUW,DEF,2.0,339337.0,https://www.transfermarkt.com/x/profil/spieler/339337,https://www.transfermarkt.de/armando-obispo/nationalmannschaft/spieler/339337/verein_id/32364,ok,,2026-06-05T15:33:18
aribim_pepple__can,Aribim Pepple,CAN,FWD,2.0,696502.0,https://www.transfermarkt.com/x/profil/spieler/696502,https://www.transfermarkt.de/aribim-pepple/nationalmannschaft/spieler/696502/verein_id/3510,ok,,2026-06-05T15:33:32
ardon_jashari__sui,Ardon Jashari,SUI,MID,2.0,608172.0,https://www.transfermarkt.com/x/profil/spieler/608172,https://www.transfermarkt.de/ardon-jashari/nationalmannschaft/spieler/608172/verein_id/3384,ok,,2026-06-05T15:33:45
ar_jany_martha__cuw,Ar'jany Martha,CUW,FWD,2.0,572519.0,https://www.transfermarkt.com/x/profil/spieler/572519,https://www.transfermarkt.de/arjany-martha/nationalmannschaft/spieler/572519/verein_id/32364,ok,,2026-06-05T15:33:59
aqtay_abdallah__egy,Aqtay Abdallah,EGY,FWD,2.0,1420914.0,https://www.transfermarkt.com/x/profil/spieler/1420914,https://www.transfermarkt.de/aqtay-abdallah/nationalmannschaft/spieler/1420914/verein_id/3672,ok,,2026-06-05T15:34:16
antonee_robinson__usa,Antonee Robinson,USA,DEF,2.0,349701.0,https://www.transfermarkt.com/x/profil/spieler/349701,https://www.transfermarkt.de/antonee-robinson/nationalmannschaft/spieler/349701/verein_id/3505,ok,,2026-06-05T15:34:30
anthony_valencia__ecu,Anthony Valencia,ECU,FWD,2.0,974374.0,https://www.transfermarkt.com/x/profil/spieler/974374,https://www.transfermarkt.de/anthony-valencia/nationalmannschaft/spieler/974374/verein_id/5750,ok,,2026-06-05T15:34:45
ante_suto__aus,Ante Suto,AUS,FWD,2.0,697511.0,https://www.transfermarkt.com/x/profil/spieler/697511,https://www.transfermarkt.de/ante-suto/nationalmannschaft/spieler/697511/verein_id/3433,ok,,2026-06-05T15:34:59
ngel_romero__par,Angel Romero,PAR,FWD,2.0,262262.0,https://www.transfermarkt.com/x/profil/spieler/262262,https://www.transfermarkt.de/angel-romero/nationalmannschaft/spieler/262262/verein_id/3581,ok,,2026-06-05T15:35:14
amir_hadziahmetovic__bih,Amir Hadziahmetovic,BIH,MID,2.0,293213.0,https://www.transfermarkt.com/x/profil/spieler/293213,https://www.transfermarkt.de/amir-hadziahmetovic/nationalmannschaft/spieler/293213/verein_id/3446,ok,,2026-06-05T15:35:37
alisher_odilov__uzb,Alisher Odilov,UZB,MID,2.0,630017.0,https://www.transfermarkt.com/x/profil/spieler/630017,https://www.transfermarkt.de/alisher-odilov/nationalmannschaft/spieler/630017/verein_id/3563,ok,,2026-06-05T15:35:52
ali_yousif__irq,Ali Yousif,IRQ,FWD,2.0,576265.0,https://www.transfermarkt.com/x/profil/spieler/576265,https://www.transfermarkt.de/ali-yousif/nationalmannschaft/spieler/576265/verein_id/3560,ok,,2026-06-05T15:36:06
ali_azaizeh__jor,Ali Azaizeh,JOR,MID,2.0,1059056.0,https://www.transfermarkt.com/x/profil/spieler/1059056,https://www.transfermarkt.de/ali-azaizeh/nationalmannschaft/spieler/1059056/verein_id/15737,ok,,2026-06-05T15:36:25
alexis_duarte__par,Alexis Duarte,PAR,DEF,2.0,491587.0,https://www.transfermarkt.com/x/profil/spieler/491587,https://www.transfermarkt.de/alexis-duarte/nationalmannschaft/spieler/491587/verein_id/3581,ok,,2026-06-05T15:36:38
alexander_bernhardsson__swe,Alexander Bernhardsson,SWE,MID,2.0,633454.0,https://www.transfermarkt.com/x/profil/spieler/633454,https://www.transfermarkt.de/alexander-bernhardsson/nationalmannschaft/spieler/633454/verein_id/3557,ok,,2026-06-05T15:36:52
alex_kral__cze,Alex Kral,CZE,MID,2.0,337333.0,https://www.transfermarkt.com/x/profil/spieler/337333,https://www.transfermarkt.de/alex-kral/nationalmannschaft/spieler/337333/verein_id/3445,ok,,2026-06-05T15:37:06
akam_hashem__irq,Akam Hashem,IRQ,DEF,2.0,933541.0,https://www.transfermarkt.com/x/profil/spieler/933541,https://www.transfermarkt.de/akam-hashem/nationalmannschaft/spieler/933541/verein_id/3560,ok,,2026-06-05T15:37:20
ajdin_hrustic__aus,Ajdin Hrustic,AUS,MID,2.0,265625.0,https://www.transfermarkt.com/x/profil/spieler/265625,https://www.transfermarkt.de/ajdin-hrustic/nationalmannschaft/spieler/265625/verein_id/3433,ok,,2026-06-05T15:37:33
ahmed_nadhir_benbouali__alg,Ahmed Nadhir Benbouali,ALG,FWD,2.0,840254.0,https://www.transfermarkt.com/x/profil/spieler/840254,https://www.transfermarkt.de/nadhir-benbouali/nationalmannschaft/spieler/840254/verein_id/3614,ok,,2026-06-05T15:37:47
ahmed_hasan_maknzi__irq,Ahmed Hasan Maknzi,IRQ,DEF,2.0,881506.0,https://www.transfermarkt.com/x/profil/spieler/881506,https://www.transfermarkt.de/ahmed-hasan/nationalmannschaft/spieler/881506/verein_id/3560,ok,,2026-06-05T15:38:00
adil_aouchiche__alg,Adil Aouchiche,ALG,MID,2.0,569385.0,https://www.transfermarkt.com/x/profil/spieler/569385,https://www.transfermarkt.de/adil-aouchiche/nationalmannschaft/spieler/569385/verein_id/3614,ok,,2026-06-05T15:38:14
adem_arous__tun,Adem Arous,TUN,DEF,2.0,1071742.0,https://www.transfermarkt.com/x/profil/spieler/1071742,https://www.transfermarkt.de/adem-arous/nationalmannschaft/spieler/1071742/verein_id/3670,ok,,2026-06-05T15:38:28
achref_abada__alg,Achref Abada,ALG,DEF,2.0,949929.0,https://www.transfermarkt.com/x/profil/spieler/949929,https://www.transfermarkt.de/achref-abada/nationalmannschaft/spieler/949929/verein_id/3614,ok,,2026-06-05T15:38:42
abolfazl_jalali__irn,Abolfazl Jalali,IRN,DEF,2.0,599240.0,https://www.transfermarkt.com/x/profil/spieler/599240,https://www.transfermarkt.de/abolfazl-jalali/nationalmannschaft/spieler/599240/verein_id/3582,ok,,2026-06-05T15:38:57
neymar_jr__bra,Neymar Jr.,BRA,FWD,5.5,,,,error,Ingen Transfermarkt-profil fundet,2026-06-05T16:24:45
kenan_yildiz__tur,Kenan Yildiz,TUR,MID,4.0,,,,error,Ingen kampoversigtstabel fundet,2026-06-05T16:24:48
alejandro_alex_grimaldo__esp,Alejandro 'Alex' Grimaldo,ESP,DEF,4.0,,,,error,500 Server Error: Internal Server Error for url: https://www.transfermarkt.com/schnellsuche/ergebnis/schnellsuche?query=Alejandro+%27Alex%27+Grimaldo,2026-06-05T16:24:59
yassine_bono_bounou__mar,Yassine 'Bono' Bounou,MAR,GK,3.5,,,,error,500 Server Error: Internal Server Error for url: https://www.transfermarkt.com/schnellsuche/ergebnis/schnellsuche?query=Yassine+%27Bono%27+Bounou,2026-06-05T16:25:00
wesley_franca__bra,Wesley Franca,BRA,DEF,3.5,,,,error,Ingen Transfermarkt-profil fundet,2026-06-05T16:25:00
sphephelo_yaya_sithole__rsa,Sphephelo Yaya Sithole,RSA,MID,3.0,,,,error,Ingen Transfermarkt-profil fundet,2026-06-05T16:25:03
ryan_mendes_da_graca__cpv,Ryan Mendes Da Graça,CPV,FWD,3.0,,,,error,Ingen Transfermarkt-profil fundet,2026-06-05T16:25:06
roberto_gatito_fernandez__par,Roberto 'Gatito' Fernandez,PAR,GK,3.0,,,,error,500 Server Error: Internal Server Error for url: https://www.transfermarkt.com/schnellsuche/ergebnis/schnellsuche?query=Roberto+%27Gatito%27+Fernandez,2026-06-05T16:25:08
pedro_pote_goncalves__por,Pedro 'Pote' Goncalves,POR,MID,3.0,,,,error,500 Server Error: Internal Server Error for url: https://www.transfermarkt.com/schnellsuche/ergebnis/schnellsuche?query=Pedro+%27Pote%27+Goncalves,2026-06-05T16:25:09
mohamed_el_shenawy__egy,Mohamed El-Shennawy,EGY,GK,3.0,,,,error,Ingen Transfermarkt-profil fundet,2026-06-05T16:25:10
mahmoud_trezeguet__egy,Mahmoud Trezeguet,EGY,MID,3.0,,,,error,Ingen Transfermarkt-profil fundet,2026-06-05T16:25:13
felix_feliz_torres__ecu,Felix 'Feliz' Torres,ECU,DEF,3.0,,,,error,500 Server Error: Internal Server Error for url: https://www.transfermarkt.com/schnellsuche/ergebnis/schnellsuche?query=Felix+%27Feliz%27+Torres,2026-06-05T16:25:16
danilo_dos_santos__bra,Danilo dos Santos,BRA,MID,3.0,,,,error,Ingen kampoversigtstabel fundet,2026-06-05T16:25:16
andy_robertson__sco,Andy Robertson,SCO,DEF,3.0,,,,error,Ingen kampoversigtstabel fundet,2026-06-05T16:25:28
amir_al_ammari__irq,Amir Al Ammari,IRQ,MID,3.0,,,,error,Ingen Transfermarkt-profil fundet,2026-06-05T16:25:42
zizo__egy,Ahmed Zizo,EGY,MID,3.0,,,,error,Ingen Transfermarkt-profil fundet,2026-06-05T16:25:45
ahmed_alaaeldin_abdelmotaal__qat,Ahmed Alaaeldin Abdelmotaal,QAT,FWD,3.0,,,,error,Ingen Transfermarkt-profil fundet,2026-06-05T16:25:47
yasser_ibrahim__egy,Yasser Ibrahim,EGY,DEF,2.5,,,,error,Ingen kampoversigtstabel fundet,2026-06-05T16:25:50
shoja_khalilzadeh__irn,Shojae Khalilzadeh,IRN,DEF,2.5,,,,error,Ingen Transfermarkt-profil fundet,2026-06-05T16:26:01
saleh_al_shamat__ksa,Saleh Al-Shamat,KSA,MID,2.5,,,,error,Ingen Transfermarkt-profil fundet,2026-06-05T16:26:04
saeid_ezatolahi__irn,Saeid Ezatolahi,IRN,MID,2.5,,,,error,Ingen Transfermarkt-profil fundet,2026-06-05T16:26:07
pedro_ro_ro_miguel_correia__qat,Pedro 'Ro-Ro' Miguel Correia,QAT,DEF,2.5,,,,error,500 Server Error: Internal Server Error for url: https://www.transfermarkt.com/schnellsuche/ergebnis/schnellsuche?query=Pedro+%27Ro-Ro%27+Miguel+Correia,2026-06-05T16:26:09
jose_hurtado__ecu,Jose Hurtado,ECU,DEF,2.5,,,,error,Ingen kampoversigtstabel fundet,2026-06-05T16:26:10
jorge_guti_rrez__pan,Jorge Gutierrez,PAN,DEF,2.5,,,,error,Ingen kampoversigtstabel fundet,2026-06-05T16:26:21
david_hoilett__can,David 'Junior' Hoilett,CAN,MID,2.5,,,,error,500 Server Error: Internal Server Error for url: https://www.transfermarkt.com/schnellsuche/ergebnis/schnellsuche?query=David+%27Junior%27+Hoilett,2026-06-05T16:26:37
cristian_mart_nez__pan,Cristian Martinez,PAN,MID,2.5,,,,error,Ingen kampoversigtstabel fundet,2026-06-05T16:26:37
ali_nemati__irn,Ali Nemati,IRN,DEF,2.5,,,,error,Ingen kampoversigtstabel fundet,2026-06-05T16:26:49
abdulrahman_al_obood__ksa,Abdulrahman Al-Obood,KSA,MID,2.5,,,,error,Ingen Transfermarkt-profil fundet,2026-06-05T16:27:00
odeh_al_fakhouri__jor,Odeh Al-Fakhouri,JOR,MID,2.0,,,,error,Ingen Transfermarkt-profil fundet,2026-06-05T16:27:03
mohammad_taha__jor,Mohammad Taha,JOR,MID,2.0,,,,error,Ingen kampoversigtstabel fundet,2026-06-05T16:27:06
mohamed_haj_mahmoud__tun,Mohamed 'Hadj' Mahmoud,TUN,MID,2.0,,,,error,500 Server Error: Internal Server Error for url: https://www.transfermarkt.com/schnellsuche/ergebnis/schnellsuche?query=Mohamed+%27Hadj%27+Mahmoud,2026-06-05T16:27:17
jahkeele_rutty__can,Jahkeele Rutty,CAN,DEF,2.0,,,,error,Ingen Transfermarkt-profil fundet,2026-06-05T16:27:18
