player_id,player_name,team_id,position_model,competition_category,competition_category_label,rows,starts,bench,not_in_squad,injury_or_fitness_absences,suspension_absences,not_selected_or_unknown_absences,unused_in_squad,selection_observations,recency_weight_sum,recency_selection_weight_sum,recency_start_numerator,recent_weighted_starts,recent_weighted_bench,recent_weighted_not_in_squad,start_share,bench_share,not_in_squad_share,recency_weighted_start_share,recency_weighted_bench_share,recency_weighted_not_in_squad_share,competition_weight,weighted_start_signal,recency_competition_weighted_start_signal
aaron_hickey__sco,Aaron Hickey,SCO,DEF,slutrunde,Slutrunde,3,0,0,0,3,0,0,0,0.0,1.44,0.0,0.0,0.0,0.0,0.0,0,0.0,0.0,0,0.0,0.0,1.0,0.0,0.0
aaron_hickey__sco,Aaron Hickey,SCO,DEF,kvalifikation,Kvalifikation,15,11,0,0,3,0,0,0,12.0,6.6000000000000005,4.752000000000001,4.140000000000001,4.6000000000000005,0.0,0.0,0.917,0.0,0.0,0.871,0.0,0.0,0.9,0.8253,0.7839
aaron_hickey__sco,Aaron Hickey,SCO,DEF,nations_league,Nations League,14,3,0,0,8,0,0,2,6.0,5.04,0.9360000000000002,0.4680000000000001,0.6000000000000001,0.0,0.0,0.5,0.0,0.0,0.5,0.0,0.0,0.78,0.39,0.39
aaron_hickey__sco,Aaron Hickey,SCO,DEF,venskabskamp,Venskabskamp,15,3,0,3,7,0,3,0,8.0,7.88,2.2880000000000003,1.2064000000000001,2.32,0.0,1.6800000000000002,0.375,0.0,0.2,0.527,0.0,0.213,0.52,0.195,0.274
aaron_wan_bissaka__cod,Aaron Wan-Bissaka,COD,DEF,slutrunde,Slutrunde,4,3,0,0,0,0,0,1,4.0,3.4,3.4,2.55,2.55,0.0,0.0,0.75,0.0,0.0,0.75,0.0,0.0,1.0,0.75,0.75
aaron_wan_bissaka__cod,Aaron Wan-Bissaka,COD,DEF,kvalifikation,Kvalifikation,7,7,0,0,0,0,0,0,7.0,5.0,4.500000000000001,4.500000000000001,5.0,0.0,0.0,1.0,0.0,0.0,1.0,0.0,0.0,0.9,0.9,0.9
aaron_wan_bissaka__cod,Aaron Wan-Bissaka,COD,DEF,venskabskamp,Venskabskamp,3,0,0,1,0,0,1,1,3.0,2.77,1.4404000000000001,0.0,0.0,0.0,0.92,0.0,0.0,0.333,0.0,0.0,0.332,0.52,0.0,0.0
abdallah_al_fakhouri__jor,Abdallah Al-Fakhouri,JOR,GK,slutrunde,Slutrunde,24,0,0,13,4,0,13,7,20.0,8.67,7.87,0.0,0.0,0.0,5.63,0.0,0.0,0.542,0.0,0.0,0.649,1.0,0.0,0.0
abdallah_al_fakhouri__jor,Abdallah Al-Fakhouri,JOR,GK,kvalifikation,Kvalifikation,29,0,0,14,0,0,14,14,29.0,9.24,8.316,0.0,0.0,0.0,3.0,0.0,0.0,0.483,0.0,0.0,0.325,0.9,0.0,0.0
abdallah_al_fakhouri__jor,Abdallah Al-Fakhouri,JOR,GK,venskabskamp,Venskabskamp,56,7,0,38,3,0,38,6,53.0,14.9,7.436000000000001,0.5824,1.12,0.0,9.32,0.132,0.0,0.679,0.078,0.0,0.626,0.52,0.0686,0.0406
abdallah_nasib__jor,Abdallah Nasib,JOR,DEF,slutrunde,Slutrunde,17,15,0,0,0,0,0,0,17.0,7.97,7.97,6.92,6.92,0.0,0.0,0.882,0.0,0.0,0.868,0.0,0.0,1.0,0.882,0.868
abdallah_nasib__jor,Abdallah Nasib,JOR,DEF,kvalifikation,Kvalifikation,19,17,0,1,0,0,1,1,19.0,7.84,7.056,6.48,7.2,0.0,0.32,0.895,0.0,0.053,0.918,0.0,0.041,0.9,0.8055,0.8262
abdallah_nasib__jor,Abdallah Nasib,JOR,DEF,venskabskamp,Venskabskamp,30,18,0,6,0,0,6,4,30.0,12.3,6.396000000000001,3.6816000000000004,7.08,0.0,2.56,0.6,0.0,0.2,0.576,0.0,0.208,0.52,0.312,0.2995
abde_ezzalzouli__mar,Abde Ezzalzouli,MAR,FWD,slutrunde,Slutrunde,31,7,0,6,7,0,4,4,24.0,18.32,13.56,4.89,4.89,0.0,4.93,0.292,0.0,0.194,0.361,0.0,0.269,1.0,0.292,0.361
abde_ezzalzouli__mar,Abde Ezzalzouli,MAR,FWD,kvalifikation,Kvalifikation,17,8,0,4,2,0,4,0,15.0,8.12,6.0840000000000005,3.492,3.88,0.0,1.6,0.533,0.0,0.235,0.574,0.0,0.197,0.9,0.4797,0.5166
abde_ezzalzouli__mar,Abde Ezzalzouli,MAR,FWD,venskabskamp,Venskabskamp,20,6,0,4,2,0,4,3,18.0,10.16,4.5760000000000005,1.9760000000000002,3.8000000000000003,0.0,1.96,0.333,0.0,0.2,0.432,0.0,0.193,0.52,0.1732,0.2246
abdel_rahman_al_talalga__jor,Abdel Rahman Al-Talalga,JOR,GK,venskabskamp,Venskabskamp,4,0,0,4,0,0,4,0,4.0,3.37,1.7524000000000002,0.0,0.0,0.0,3.37,0.0,0.0,1.0,0.0,0.0,1.0,0.52,0.0,0.0
abdel_rahman_al_talalga__jor,Abdel Rahman Al-Talalga,JOR,GK,ungdom_slutrunde,Ungdomsslutrunde,7,4,0,0,0,0,0,3,7.0,4.84,1.694,1.19,3.4,0.0,0.0,0.571,0.0,0.0,0.702,0.0,0.0,0.35,0.1998,0.2457
abdel_rahman_al_talalga__jor,Abdel Rahman Al-Talalga,JOR,GK,ungdom_kvalifikation,Ungdomskvalifikation,3,3,0,0,0,0,0,0,3.0,2.04,0.6120000000000001,0.6120000000000001,2.04,0.0,0.0,1.0,0.0,0.0,1.0,0.0,0.0,0.3,0.3,0.3
abdelhamid_ait_boudlal__mar,Abdelhamid Ait Boudlal,MAR,DEF,venskabskamp,Venskabskamp,2,1,0,1,0,0,1,0,2.0,1.84,0.9568000000000001,0.47840000000000005,0.92,0.0,0.92,0.5,0.0,0.5,0.5,0.0,0.5,0.52,0.26,0.26
abdelmouhib_chamakh__tun,Abdelmouhib Chamakh,TUN,GK,venskabskamp,Venskabskamp,4,3,0,0,0,0,0,1,4.0,3.84,1.9968000000000001,1.5184000000000002,2.92,0.0,0.0,0.75,0.0,0.0,0.76,0.0,0.0,0.52,0.39,0.3952
abdoulaye_seck__sen,Abdoulaye Seck,SEN,DEF,slutrunde,Slutrunde,34,3,0,16,7,0,16,6,27.0,14.71,13.31,2.02,2.02,0.0,6.08,0.111,0.0,0.471,0.152,0.0,0.413,1.0,0.111,0.152
abdoulaye_seck__sen,Abdoulaye Seck,SEN,DEF,kvalifikation,Kvalifikation,32,8,0,3,1,0,3,16,31.0,11.4,9.828000000000001,2.6460000000000004,2.94,0.0,0.72,0.258,0.0,0.094,0.269,0.0,0.063,0.9,0.2322,0.2421
abdoulaye_seck__sen,Abdoulaye Seck,SEN,DEF,venskabskamp,Venskabskamp,16,5,0,2,0,0,2,9,16.0,7.86,4.0872,1.872,3.6,0.0,0.4,0.312,0.0,0.125,0.458,0.0,0.051,0.52,0.1622,0.2382
abdukodir_khusanov__uzb,Abdukodir Khusanov,UZB,DEF,slutrunde,Slutrunde,13,5,0,6,0,0,4,1,13.0,5.6000000000000005,5.6000000000000005,1.6,1.6,0.0,3.3600000000000003,0.385,0.0,0.462,0.286,0.0,0.6,1.0,0.385,0.286
abdukodir_khusanov__uzb,Abdukodir Khusanov,UZB,DEF,kvalifikation,Kvalifikation,16,12,0,2,0,0,2,0,16.0,7.24,6.516,4.932,5.4799999999999995,0.0,0.96,0.75,0.0,0.125,0.757,0.0,0.133,0.9,0.675,0.6813
abdukodir_khusanov__uzb,Abdukodir Khusanov,UZB,DEF,venskabskamp,Venskabskamp,12,5,0,4,2,0,4,0,10.0,7.16,3.0160000000000005,1.872,3.6,0.0,1.8800000000000001,0.5,0.0,0.333,0.621,0.0,0.263,0.52,0.26,0.3229
abdulaziz_hatim_mohammed__qat,Abdulaziz Hatim Mohammed,QAT,MID,slutrunde,Slutrunde,74,38,0,22,0,0,22,4,74.0,14.67,14.67,6.12,6.12,0.0,4.62,0.514,0.0,0.297,0.417,0.0,0.315,1.0,0.514,0.417
abdulaziz_hatim_mohammed__qat,Abdulaziz Hatim Mohammed,QAT,MID,kvalifikation,Kvalifikation,66,12,0,30,0,0,30,18,66.0,13.5,12.15,2.718,3.02,0.0,4.640000000000001,0.182,0.0,0.455,0.224,0.0,0.344,0.9,0.1638,0.2016
abdulaziz_hatim_mohammed__qat,Abdulaziz Hatim Mohammed,QAT,MID,venskabskamp,Venskabskamp,93,45,0,35,0,0,35,3,93.0,15.32,7.966400000000001,3.5464,6.82,0.0,5.4,0.484,0.0,0.376,0.445,0.0,0.352,0.52,0.2517,0.2314
abdulelah_al_amri__ksa,Abdulelah Al-Amri,KSA,DEF,slutrunde,Slutrunde,31,9,0,10,4,0,10,5,27.0,13.05,11.13,5.67,5.67,0.0,2.48,0.333,0.0,0.323,0.509,0.0,0.19,1.0,0.333,0.509
abdulelah_al_amri__ksa,Abdulelah Al-Amri,KSA,DEF,kvalifikation,Kvalifikation,32,11,0,14,4,0,14,2,28.0,11.2,8.352,2.3220000000000005,2.58,0.0,5.34,0.393,0.0,0.438,0.278,0.0,0.477,0.9,0.3537,0.2502
abdulelah_al_amri__ksa,Abdulelah Al-Amri,KSA,DEF,venskabskamp,Venskabskamp,24,10,0,3,1,0,3,4,23.0,10.040000000000001,4.7424,2.1424000000000003,4.12,0.0,1.56,0.435,0.0,0.125,0.452,0.0,0.155,0.52,0.2262,0.235
abdulkerim_bardakci__tur,Abdulkerim Bardakci,TUR,DEF,slutrunde,Slutrunde,8,4,0,4,0,0,3,0,8.0,3.0,3.0,1.92,1.92,0.0,1.08,0.5,0.0,0.5,0.64,0.0,0.36,1.0,0.5,0.64
abdulkerim_bardakci__tur,Abdulkerim Bardakci,TUR,DEF,kvalifikation,Kvalifikation,19,12,0,1,1,0,1,5,18.0,8.64,7.164000000000001,6.156000000000001,6.840000000000001,0.0,0.2,0.667,0.0,0.053,0.859,0.0,0.023,0.9,0.6003,0.7731
abdulkerim_bardakci__tur,Abdulkerim Bardakci,TUR,DEF,nations_league,Nations League,8,7,0,1,0,0,0,0,8.0,3.84,2.9952,2.6208,3.36,0.0,0.48,0.875,0.0,0.125,0.875,0.0,0.125,0.78,0.6825,0.6825
abdulkerim_bardakci__tur,Abdulkerim Bardakci,TUR,DEF,venskabskamp,Venskabskamp,12,3,0,7,1,0,6,1,11.0,4.74,2.1112,0.5824,1.12,0.0,2.62,0.273,0.0,0.583,0.276,0.0,0.553,0.52,0.142,0.1435
abdullah_al_hamdan__ksa,Abdullah Al-Hamdan,KSA,FWD,slutrunde,Slutrunde,32,8,0,14,0,0,14,4,32.0,13.15,13.15,2.51,2.51,0.0,5.2,0.25,0.0,0.438,0.191,0.0,0.395,1.0,0.25,0.191
abdullah_al_hamdan__ksa,Abdullah Al-Hamdan,KSA,FWD,kvalifikation,Kvalifikation,36,5,0,15,0,0,15,6,36.0,11.6,10.440000000000001,0.882,0.98,0.0,4.5,0.139,0.0,0.417,0.084,0.0,0.388,0.9,0.1251,0.0756
abdullah_al_hamdan__ksa,Abdullah Al-Hamdan,KSA,FWD,venskabskamp,Venskabskamp,27,10,0,7,0,0,7,1,27.0,10.34,5.3768,1.8616000000000001,3.58,0.0,1.78,0.37,0.0,0.259,0.346,0.0,0.172,0.52,0.1924,0.1799
abdullah_al_khaibari__ksa,Abdullah Al-Khaibari,KSA,MID,slutrunde,Slutrunde,42,7,0,24,4,0,24,7,38.0,14.15,12.23,4.19,4.19,0.0,5.62,0.184,0.0,0.571,0.343,0.0,0.397,1.0,0.184,0.343
abdullah_al_khaibari__ksa,Abdullah Al-Khaibari,KSA,MID,kvalifikation,Kvalifikation,36,5,0,21,2,0,21,4,34.0,11.6,9.576,2.1780000000000004,2.42,0.0,5.5200000000000005,0.147,0.0,0.583,0.227,0.0,0.476,0.9,0.1323,0.2043
abdullah_al_khaibari__ksa,Abdullah Al-Khaibari,KSA,MID,venskabskamp,Venskabskamp,44,12,0,20,0,0,20,3,44.0,12.040000000000001,6.260800000000001,2.8080000000000003,5.4,0.0,3.62,0.273,0.0,0.455,0.449,0.0,0.301,0.52,0.142,0.2335
abdulrahman_al_sanbi__ksa,Abdulrahman Al-Sanbi,KSA,GK,slutrunde,Slutrunde,14,1,0,4,0,0,4,9,14.0,9.57,9.57,0.85,0.85,0.0,1.92,0.071,0.0,0.286,0.089,0.0,0.201,1.0,0.071,0.089
abdulrahman_al_sanbi__ksa,Abdulrahman Al-Sanbi,KSA,GK,kvalifikation,Kvalifikation,7,0,0,2,0,0,2,5,7.0,3.96,3.564,0.0,0.0,0.0,0.96,0.0,0.0,0.286,0.0,0.0,0.242,0.9,0.0,0.0
abdulrahman_al_sanbi__ksa,Abdulrahman Al-Sanbi,KSA,GK,venskabskamp,Venskabskamp,8,2,0,3,0,0,3,3,8.0,6.5600000000000005,3.4112,0.7072,1.36,0.0,2.84,0.25,0.0,0.375,0.207,0.0,0.433,0.52,0.13,0.1076
abduvokhid_nematov__uzb,Abduvokhid Nematov,UZB,GK,slutrunde,Slutrunde,13,2,0,2,0,0,2,9,13.0,5.6000000000000005,5.6000000000000005,1.0,1.0,0.0,1.36,0.154,0.0,0.154,0.179,0.0,0.243,1.0,0.154,0.179
abduvokhid_nematov__uzb,Abduvokhid Nematov,UZB,GK,kvalifikation,Kvalifikation,22,0,0,5,0,0,5,17,22.0,8.44,7.596,0.0,0.0,0.0,1.4,0.0,0.0,0.227,0.0,0.0,0.166,0.9,0.0,0.0
abduvokhid_nematov__uzb,Abduvokhid Nematov,UZB,GK,venskabskamp,Venskabskamp,32,12,0,10,0,0,10,10,32.0,10.46,5.4392000000000005,2.7248,5.24,0.0,2.3600000000000003,0.375,0.0,0.312,0.501,0.0,0.226,0.52,0.195,0.2605
abolfazl_jalali__irn,Abolfazl Jalali,IRN,DEF,slutrunde,Slutrunde,16,0,0,10,0,0,10,3,16.0,6.2,6.2,0.0,0.0,0.0,3.56,0.0,0.0,0.625,0.0,0.0,0.574,1.0,0.0,0.0
abolfazl_jalali__irn,Abolfazl Jalali,IRN,DEF,kvalifikation,Kvalifikation,30,1,0,21,3,0,21,4,27.0,9.94,7.65,0.432,0.48,0.0,5.94,0.037,0.0,0.7,0.056,0.0,0.598,0.9,0.0333,0.0504
abolfazl_jalali__irn,Abolfazl Jalali,IRN,DEF,venskabskamp,Venskabskamp,12,2,0,6,0,0,6,2,12.0,2.7800000000000002,1.4456000000000002,0.20800000000000002,0.4,0.0,1.6800000000000002,0.167,0.0,0.5,0.144,0.0,0.604,0.52,0.0868,0.0749
achraf_hakimi__mar,Achraf Hakimi,MAR,DEF,slutrunde,Slutrunde,63,27,0,27,6,0,27,2,57.0,22.42,17.490000000000002,7.78,7.78,0.0,7.16,0.474,0.0,0.429,0.445,0.0,0.319,1.0,0.474,0.445
achraf_hakimi__mar,Achraf Hakimi,MAR,DEF,kvalifikation,Kvalifikation,46,36,0,7,0,0,6,3,46.0,12.02,10.818000000000001,8.424000000000001,9.36,0.0,1.68,0.783,0.0,0.152,0.779,0.0,0.14,0.9,0.7047,0.7011
achraf_hakimi__mar,Achraf Hakimi,MAR,DEF,venskabskamp,Venskabskamp,50,25,0,13,2,0,13,4,48.0,13.46,6.292000000000001,3.8064000000000004,7.32,0.0,3.1,0.521,0.0,0.26,0.605,0.0,0.23,0.52,0.2709,0.3146
achref_abada__alg,Achref Abada,ALG,DEF,slutrunde,Slutrunde,14,4,0,5,0,0,5,4,14.0,10.88,10.88,3.23,3.23,0.0,4.25,0.286,0.0,0.357,0.297,0.0,0.391,1.0,0.286,0.297
achref_abada__alg,Achref Abada,ALG,DEF,kvalifikation,Kvalifikation,4,0,0,4,0,0,4,0,4.0,2.72,2.4480000000000004,0.0,0.0,0.0,2.72,0.0,0.0,1.0,0.0,0.0,1.0,0.9,0.0,0.0
achref_abada__alg,Achref Abada,ALG,DEF,venskabskamp,Venskabskamp,7,3,0,3,0,0,3,0,7.0,5.5600000000000005,2.8912000000000004,1.352,2.6,0.0,2.04,0.429,0.0,0.429,0.468,0.0,0.367,0.52,0.2231,0.2434
adalberto_carrasquilla__pan,Adalberto Carrasquilla,PAN,MID,slutrunde,Slutrunde,24,10,0,13,0,0,13,0,24.0,7.86,7.86,3.16,3.16,0.0,4.38,0.417,0.0,0.542,0.402,0.0,0.557,1.0,0.417,0.402
adalberto_carrasquilla__pan,Adalberto Carrasquilla,PAN,MID,nations_league_finals,Nations League-slutrunde,10,10,0,0,0,0,0,0,10.0,3.84,3.6479999999999997,3.6479999999999997,3.84,0.0,0.0,1.0,0.0,0.0,1.0,0.0,0.0,0.95,0.95,0.95
adalberto_carrasquilla__pan,Adalberto Carrasquilla,PAN,MID,kvalifikation,Kvalifikation,30,21,0,6,0,0,6,0,30.0,10.200000000000001,9.180000000000001,6.534000000000001,7.260000000000001,0.0,2.16,0.7,0.0,0.2,0.712,0.0,0.212,0.9,0.63,0.6408
adalberto_carrasquilla__pan,Adalberto Carrasquilla,PAN,MID,nations_league,Nations League,12,9,0,1,0,0,1,0,12.0,2.48,1.9344000000000001,1.6224000000000003,2.08,0.0,0.1,0.75,0.0,0.083,0.839,0.0,0.04,0.78,0.585,0.6544
adalberto_carrasquilla__pan,Adalberto Carrasquilla,PAN,MID,venskabskamp,Venskabskamp,42,9,0,23,3,0,23,0,39.0,13.0,5.2,1.248,2.4,0.0,5.5,0.231,0.0,0.548,0.24,0.0,0.423,0.52,0.1201,0.1248
adam_karabec__cze,Adam Karabec,CZE,MID,kvalifikation,Kvalifikation,5,1,0,0,0,0,0,2,5.0,3.8800000000000003,3.4920000000000004,0.6120000000000001,0.68,0.0,0.0,0.2,0.0,0.0,0.175,0.0,0.0,0.9,0.18,0.1575
adam_karabec__cze,Adam Karabec,CZE,MID,nations_league,Nations League,1,0,0,0,0,0,0,1,1.0,0.1,0.07800000000000001,0.0,0.0,0.0,0.0,0.0,0.0,0.0,0.0,0.0,0.0,0.78,0.0,0.0
adam_karabec__cze,Adam Karabec,CZE,MID,venskabskamp,Venskabskamp,2,1,0,0,0,0,0,0,2.0,1.36,0.7072,0.3536,0.68,0.0,0.0,0.5,0.0,0.0,0.5,0.0,0.0,0.52,0.26,0.26
adem_arous__tun,Adem Arous,TUN,DEF,slutrunde,Slutrunde,4,0,0,1,0,0,1,3,4.0,3.4,3.4,0.0,0.0,0.0,0.85,0.0,0.0,0.25,0.0,0.0,0.25,1.0,0.0,0.0
adem_arous__tun,Adem Arous,TUN,DEF,venskabskamp,Venskabskamp,5,2,0,0,0,0,0,3,5.0,4.69,2.4388,0.9984000000000001,1.92,0.0,0.0,0.4,0.0,0.0,0.409,0.0,0.0,0.52,0.208,0.2127
adil_aouchiche__alg,Adil Aouchiche,ALG,MID,venskabskamp,Venskabskamp,2,0,0,0,0,0,0,1,2.0,1.84,0.9568000000000001,0.0,0.0,0.0,0.0,0.0,0.0,0.0,0.0,0.0,0.0,0.52,0.0,0.0
adil_boulbina__alg,Adil Boulbina,ALG,FWD,slutrunde,Slutrunde,14,4,0,5,0,0,5,2,14.0,10.88,10.88,3.23,3.23,0.0,3.4000000000000004,0.286,0.0,0.357,0.297,0.0,0.312,1.0,0.286,0.297
adil_boulbina__alg,Adil Boulbina,ALG,FWD,kvalifikation,Kvalifikation,4,0,0,4,0,0,4,0,4.0,2.72,2.4480000000000004,0.0,0.0,0.0,2.72,0.0,0.0,1.0,0.0,0.0,1.0,0.9,0.0,0.0
adil_boulbina__alg,Adil Boulbina,ALG,FWD,venskabskamp,Venskabskamp,7,1,0,3,0,0,3,1,7.0,5.5600000000000005,2.8912000000000004,0.3536,0.68,0.0,2.04,0.143,0.0,0.429,0.122,0.0,0.367,0.52,0.0744,0.0634
adrien_rabiot__fra,Adrien Rabiot,FRA,MID,slutrunde,Slutrunde,24,13,0,8,1,0,7,0,23.0,5.78,5.58,4.0,4.0,0.0,1.18,0.565,0.0,0.333,0.717,0.0,0.204,1.0,0.565,0.717
adrien_rabiot__fra,Adrien Rabiot,FRA,MID,nations_league_finals,Nations League-slutrunde,6,4,0,0,1,0,0,1,5.0,2.52,2.2039999999999997,1.748,1.84,0.0,0.0,0.8,0.0,0.0,0.793,0.0,0.0,0.95,0.76,0.7533
adrien_rabiot__fra,Adrien Rabiot,FRA,MID,kvalifikation,Kvalifikation,39,13,0,13,2,0,9,6,37.0,9.4,7.236000000000001,3.0240000000000005,3.3600000000000003,0.0,1.84,0.351,0.0,0.333,0.418,0.0,0.196,0.9,0.3159,0.3762
adrien_rabiot__fra,Adrien Rabiot,FRA,MID,nations_league,Nations League,22,8,0,8,2,0,8,2,20.0,5.08,3.6504000000000003,1.0764,1.3800000000000001,0.0,2.32,0.4,0.0,0.364,0.295,0.0,0.457,0.78,0.312,0.2301
adrien_rabiot__fra,Adrien Rabiot,FRA,MID,venskabskamp,Venskabskamp,29,10,0,8,0,0,7,10,29.0,7.38,3.8376,1.6952,3.2600000000000002,0.0,0.9,0.345,0.0,0.276,0.442,0.0,0.122,0.52,0.1794,0.2298
agust_n_lvarez__uru,Agustin Alvarez,URU,FWD,slutrunde,Slutrunde,9,0,0,9,0,0,9,0,9.0,3.48,3.48,0.0,0.0,0.0,3.48,0.0,0.0,1.0,0.0,0.0,1.0,1.0,0.0,0.0
agust_n_lvarez__uru,Agustin Alvarez,URU,FWD,kvalifikation,Kvalifikation,30,3,0,13,7,0,13,5,23.0,10.68,7.704000000000001,0.54,0.6000000000000001,0.0,5.52,0.13,0.0,0.433,0.07,0.0,0.517,0.9,0.117,0.063
agust_n_lvarez__uru,Agustin Alvarez,URU,FWD,venskabskamp,Venskabskamp,19,0,0,13,4,0,13,1,15.0,8.200000000000001,3.224,0.0,0.0,0.0,4.6000000000000005,0.0,0.0,0.684,0.0,0.0,0.561,0.52,0.0,0.0
ahmad_assaf__jor,Ahmad Assaf,JOR,DEF,slutrunde,Slutrunde,6,0,0,6,0,0,6,0,6.0,4.93,4.93,0.0,0.0,0.0,4.93,0.0,0.0,1.0,0.0,0.0,1.0,1.0,0.0,0.0
ahmad_assaf__jor,Ahmad Assaf,JOR,DEF,kvalifikation,Kvalifikation,4,2,0,0,0,0,0,2,4.0,2.12,1.9080000000000001,1.044,1.1600000000000001,0.0,0.0,0.5,0.0,0.0,0.547,0.0,0.0,0.9,0.45,0.4923
ahmad_assaf__jor,Ahmad Assaf,JOR,DEF,venskabskamp,Venskabskamp,8,2,0,6,0,0,6,0,8.0,5.92,3.0784000000000002,0.9568000000000001,1.84,0.0,4.08,0.25,0.0,0.75,0.311,0.0,0.689,0.52,0.13,0.1617
ahmed_basil_fadhil__irq,Ahmed Basil Fadhil,IRQ,GK,slutrunde,Slutrunde,19,5,0,3,0,0,3,11,19.0,7.55,7.55,2.9,2.9,0.0,1.44,0.263,0.0,0.158,0.384,0.0,0.191,1.0,0.263,0.384
ahmed_basil_fadhil__irq,Ahmed Basil Fadhil,IRQ,GK,kvalifikation,Kvalifikation,30,5,0,6,0,0,6,19,30.0,12.68,11.412,2.556,2.84,0.0,2.88,0.167,0.0,0.2,0.224,0.0,0.227,0.9,0.1503,0.2016
ahmed_basil_fadhil__irq,Ahmed Basil Fadhil,IRQ,GK,venskabskamp,Venskabskamp,14,4,0,3,0,0,3,7,14.0,5.78,3.0056000000000003,1.2064000000000001,2.3200000000000003,0.0,1.2,0.286,0.0,0.214,0.401,0.0,0.208,0.52,0.1487,0.2085
ahmed_fathi__qat,Ahmed Fathi,QAT,MID,slutrunde,Slutrunde,37,27,0,4,0,0,4,5,37.0,3.7,3.7,2.7,2.7,0.0,0.4,0.73,0.0,0.108,0.73,0.0,0.108,1.0,0.73,0.73
ahmed_fathi__qat,Ahmed Fathi,QAT,MID,kvalifikation,Kvalifikation,85,42,0,22,9,0,22,9,76.0,9.1,7.380000000000001,3.8700000000000006,4.3,0.0,2.4000000000000004,0.553,0.0,0.259,0.524,0.0,0.264,0.9,0.4977,0.4716
ahmed_fathi__qat,Ahmed Fathi,QAT,MID,venskabskamp,Venskabskamp,106,50,0,44,1,0,44,2,105.0,10.700000000000001,5.5120000000000005,2.6,5.0,0.0,4.5,0.476,0.0,0.415,0.472,0.0,0.421,0.52,0.2475,0.2454
ahmed_fatouh__egy,Ahmed Fatouh,EGY,DEF,slutrunde,Slutrunde,31,17,0,10,0,0,9,3,31.0,12.61,12.61,6.24,6.24,0.0,4.03,0.548,0.0,0.323,0.495,0.0,0.32,1.0,0.548,0.495
ahmed_fatouh__egy,Ahmed Fatouh,EGY,DEF,kvalifikation,Kvalifikation,37,8,0,21,0,0,17,6,37.0,11.9,10.71,1.4580000000000002,1.62,0.0,8.52,0.216,0.0,0.568,0.136,0.0,0.716,0.9,0.1944,0.1224
ahmed_fatouh__egy,Ahmed Fatouh,EGY,DEF,venskabskamp,Venskabskamp,23,9,0,9,0,0,9,3,23.0,9.69,5.0388,2.8236000000000003,5.43,0.0,1.86,0.391,0.0,0.391,0.56,0.0,0.192,0.52,0.2033,0.2912
ahmed_hasan_maknzi__irq,Ahmed Hasan Maknzi,IRQ,DEF,slutrunde,Slutrunde,7,5,0,0,0,0,0,2,7.0,4.67,4.67,3.51,3.51,0.0,0.0,0.714,0.0,0.0,0.752,0.0,0.0,1.0,0.714,0.752
ahmed_hasan_maknzi__irq,Ahmed Hasan Maknzi,IRQ,DEF,kvalifikation,Kvalifikation,11,0,0,9,0,0,9,2,11.0,6.720000000000001,6.048000000000001,0.0,0.0,0.0,5.76,0.0,0.0,0.818,0.0,0.0,0.857,0.9,0.0,0.0
ahmed_hasan_maknzi__irq,Ahmed Hasan Maknzi,IRQ,DEF,venskabskamp,Venskabskamp,3,0,0,2,0,0,2,0,3.0,2.3600000000000003,1.2272,0.0,0.0,0.0,1.36,0.0,0.0,0.667,0.0,0.0,0.576,0.52,0.0,0.0
ahmed_nadhir_benbouali__alg,Ahmed Nadhir Benbouali,ALG,FWD,venskabskamp,Venskabskamp,3,0,0,0,0,0,0,0,3.0,2.84,1.4768000000000001,0.0,0.0,0.0,0.0,0.0,0.0,0.0,0.0,0.0,0.0,0.52,0.0,0.0
aidan_morris__usa,Aidan Morris,USA,MID,slutrunde,Slutrunde,14,1,0,12,0,0,12,0,14.0,7.12,7.12,0.32,0.32,0.0,6.48,0.071,0.0,0.857,0.045,0.0,0.91,1.0,0.071,0.045
aidan_morris__usa,Aidan Morris,USA,MID,nations_league_finals,Nations League-slutrunde,10,0,0,8,2,0,8,0,8.0,3.84,2.7359999999999998,0.0,0.0,0.0,2.88,0.0,0.0,0.8,0.0,0.0,0.75,0.95,0.0,0.0
aidan_morris__usa,Aidan Morris,USA,MID,nations_league,Nations League,2,0,0,2,0,0,2,0,2.0,0.4,0.31200000000000006,0.0,0.0,0.0,0.4,0.0,0.0,1.0,0.0,0.0,1.0,0.78,0.0,0.0
aidan_morris__usa,Aidan Morris,USA,MID,venskabskamp,Venskabskamp,26,8,0,12,0,0,12,2,26.0,13.32,6.9264,2.2048,4.24,0.0,5.92,0.308,0.0,0.462,0.318,0.0,0.444,0.52,0.1602,0.1654
aiden_o_neill__aus,Aiden O'Neill,AUS,MID,slutrunde,Slutrunde,5,1,0,0,0,0,0,0,5.0,1.6,1.6,0.32,0.32,0.0,0.0,0.2,0.0,0.0,0.2,0.0,0.0,1.0,0.2,0.2
aiden_o_neill__aus,Aiden O'Neill,AUS,MID,kvalifikation,Kvalifikation,16,6,0,1,4,0,1,1,12.0,7.24,5.0760000000000005,2.7720000000000002,3.08,0.0,0.48,0.5,0.0,0.062,0.546,0.0,0.066,0.9,0.45,0.4914
aiden_o_neill__aus,Aiden O'Neill,AUS,MID,venskabskamp,Venskabskamp,17,12,0,0,0,0,0,1,17.0,9.92,5.1584,4.2016,8.08,0.0,0.0,0.706,0.0,0.0,0.815,0.0,0.0,0.52,0.3671,0.4238
aimar_sher__irq,Aimar Sher,IRQ,MID,slutrunde,Slutrunde,4,0,0,4,0,0,4,0,4.0,3.23,3.23,0.0,0.0,0.0,3.23,0.0,0.0,1.0,0.0,0.0,1.0,1.0,0.0,0.0
aimar_sher__irq,Aimar Sher,IRQ,MID,kvalifikation,Kvalifikation,6,4,0,0,0,0,0,1,6.0,4.32,3.888000000000001,2.6640000000000006,2.96,0.0,0.0,0.667,0.0,0.0,0.685,0.0,0.0,0.9,0.6003,0.6165
aimar_sher__irq,Aimar Sher,IRQ,MID,venskabskamp,Venskabskamp,4,1,0,2,0,0,2,1,4.0,3.3600000000000003,1.7472,0.52,1.0,0.0,1.36,0.25,0.0,0.5,0.298,0.0,0.405,0.52,0.13,0.155
a_ssa_mandi__alg,Aissa Mandi,ALG,DEF,slutrunde,Slutrunde,50,26,0,21,0,0,21,2,50.0,16.64,16.64,6.5600000000000005,6.5600000000000005,0.0,9.030000000000001,0.52,0.0,0.42,0.394,0.0,0.543,1.0,0.52,0.394
a_ssa_mandi__alg,Aissa Mandi,ALG,DEF,kvalifikation,Kvalifikation,63,53,0,2,2,0,2,6,61.0,14.5,12.870000000000001,11.862,13.18,0.0,0.2,0.869,0.0,0.032,0.922,0.0,0.014,0.9,0.7821,0.8298
a_ssa_mandi__alg,Aissa Mandi,ALG,DEF,venskabskamp,Venskabskamp,52,37,0,8,2,0,8,5,50.0,12.88,6.5936,4.5864,8.82,0.0,1.58,0.74,0.0,0.154,0.696,0.0,0.123,0.52,0.3848,0.3619
ajdin_hrustic__aus,Ajdin Hrustic,AUS,MID,slutrunde,Slutrunde,20,0,0,13,0,0,13,4,20.0,3.5,3.5,0.0,0.0,0.0,2.4,0.0,0.0,0.65,0.0,0.0,0.686,1.0,0.0,0.0
ajdin_hrustic__aus,Ajdin Hrustic,AUS,MID,kvalifikation,Kvalifikation,43,17,0,15,0,0,15,4,43.0,11.44,10.296000000000001,3.834,4.26,0.0,4.52,0.395,0.0,0.349,0.372,0.0,0.395,0.9,0.3555,0.3348
ajdin_hrustic__aus,Ajdin Hrustic,AUS,MID,venskabskamp,Venskabskamp,30,3,0,16,2,0,16,2,28.0,11.520000000000001,5.782400000000001,0.936,1.8,0.0,3.74,0.107,0.0,0.533,0.162,0.0,0.325,0.52,0.0556,0.0842
akam_hashem__irq,Akam Hashem,IRQ,DEF,slutrunde,Slutrunde,11,3,0,5,0,0,5,2,11.0,5.95,5.95,2.38,2.38,0.0,2.08,0.273,0.0,0.455,0.4,0.0,0.35,1.0,0.273,0.4
akam_hashem__irq,Akam Hashem,IRQ,DEF,kvalifikation,Kvalifikation,19,4,0,10,0,0,10,2,19.0,10.24,9.216000000000001,2.4840000000000004,2.7600000000000002,0.0,4.4799999999999995,0.211,0.0,0.526,0.27,0.0,0.437,0.9,0.1899,0.243
akam_hashem__irq,Akam Hashem,IRQ,DEF,venskabskamp,Venskabskamp,5,2,0,2,0,0,2,1,5.0,3.68,1.9136000000000002,1.04,2.0,0.0,1.36,0.4,0.0,0.4,0.543,0.0,0.37,0.52,0.208,0.2824
akmal_mozgovoy__uzb,Akmal Mozgovoy,UZB,MID,slutrunde,Slutrunde,13,3,0,7,0,0,7,2,13.0,5.6000000000000005,5.6000000000000005,1.32,1.32,0.0,2.96,0.231,0.0,0.538,0.236,0.0,0.529,1.0,0.231,0.236
akmal_mozgovoy__uzb,Akmal Mozgovoy,UZB,MID,kvalifikation,Kvalifikation,22,2,0,12,0,0,12,5,22.0,8.44,7.596,1.044,1.1600000000000001,0.0,3.44,0.091,0.0,0.545,0.137,0.0,0.408,0.9,0.0819,0.1233
akmal_mozgovoy__uzb,Akmal Mozgovoy,UZB,MID,venskabskamp,Venskabskamp,32,5,0,10,0,0,10,7,32.0,10.46,5.4392000000000005,0.9672000000000001,1.86,0.0,2.16,0.156,0.0,0.312,0.178,0.0,0.207,0.52,0.0811,0.0926
akram_afif__qat,Akram Afif,QAT,FWD,slutrunde,Slutrunde,52,42,0,8,0,0,8,0,52.0,12.47,12.47,9.870000000000001,9.870000000000001,0.0,2.08,0.808,0.0,0.154,0.791,0.0,0.167,1.0,0.808,0.791
akram_afif__qat,Akram Afif,QAT,FWD,kvalifikation,Kvalifikation,43,28,0,4,0,0,4,2,43.0,11.2,10.08,7.956,8.84,0.0,1.16,0.651,0.0,0.093,0.789,0.0,0.104,0.9,0.5859,0.7101
akram_afif__qat,Akram Afif,QAT,FWD,venskabskamp,Venskabskamp,62,37,0,15,0,0,15,0,62.0,12.22,6.354400000000001,4.316000000000001,8.3,0.0,2.62,0.597,0.0,0.242,0.679,0.0,0.214,0.52,0.3104,0.3531
alan_ben_tez__par,Alan Benitez,PAR,DEF,slutrunde,Slutrunde,12,0,0,12,0,0,12,0,12.0,2.84,2.84,0.0,0.0,0.0,2.84,0.0,0.0,1.0,0.0,0.0,1.0,1.0,0.0,0.0
alan_ben_tez__par,Alan Benitez,PAR,DEF,kvalifikation,Kvalifikation,40,0,0,38,0,0,38,0,40.0,11.78,10.602,0.0,0.0,0.0,11.38,0.0,0.0,0.95,0.0,0.0,0.966,0.9,0.0,0.0
alan_ben_tez__par,Alan Benitez,PAR,DEF,venskabskamp,Venskabskamp,32,6,0,22,0,0,22,4,32.0,9.32,4.8464,1.3936000000000002,2.68,0.0,4.16,0.188,0.0,0.688,0.288,0.0,0.446,0.52,0.0978,0.1498
alan_franco__ecu,Alan Franco,ECU,MID,venskabskamp,Venskabskamp,2,0,0,0,0,0,0,1,2.0,0.2,0.10400000000000001,0.0,0.0,0.0,0.0,0.0,0.0,0.0,0.0,0.0,0.0,0.52,0.0,0.0
alan_minda__ecu,Alan Minda,ECU,MID,slutrunde,Slutrunde,4,0,0,0,0,0,0,0,4.0,1.92,1.92,0.0,0.0,0.0,0.0,0.0,0.0,0.0,0.0,0.0,0.0,1.0,0.0,0.0
alan_minda__ecu,Alan Minda,ECU,MID,kvalifikation,Kvalifikation,12,4,0,0,4,0,0,0,8.0,6.36,3.9960000000000004,1.728,1.92,0.0,0.0,0.5,0.0,0.0,0.432,0.0,0.0,0.9,0.45,0.3888
alan_minda__ecu,Alan Minda,ECU,MID,venskabskamp,Venskabskamp,12,5,0,1,0,0,0,4,12.0,7.640000000000001,3.9728000000000003,1.4144,2.72,0.0,1.0,0.417,0.0,0.083,0.356,0.0,0.131,0.52,0.2168,0.1851
alan_varela__arg,Alan Varela,ARG,MID,kvalifikation,Kvalifikation,1,0,0,0,0,0,0,1,1.0,0.68,0.6120000000000001,0.0,0.0,0.0,0.0,0.0,0.0,0.0,0.0,0.0,0.0,0.9,0.0,0.0
alban_lafont__civ,Alban Lafont,CIV,GK,slutrunde,Slutrunde,5,1,0,0,0,0,0,4,5.0,4.25,4.25,0.85,0.85,0.0,0.0,0.2,0.0,0.0,0.2,0.0,0.0,1.0,0.2,0.2
alban_lafont__civ,Alban Lafont,CIV,GK,kvalifikation,Kvalifikation,4,1,0,0,0,0,0,3,4.0,2.72,2.4480000000000004,0.6120000000000001,0.68,0.0,0.0,0.25,0.0,0.0,0.25,0.0,0.0,0.9,0.225,0.225
alban_lafont__civ,Alban Lafont,CIV,GK,venskabskamp,Venskabskamp,5,2,0,0,0,0,0,3,5.0,4.2,2.184,0.8320000000000001,1.6,0.0,0.0,0.4,0.0,0.0,0.381,0.0,0.0,0.52,0.208,0.1981
aleksandar_pavlovic__ger,Aleksandar Pavlovic,GER,MID,slutrunde,Slutrunde,5,0,0,1,4,0,1,0,1.0,2.4,0.48,0.0,0.0,0.0,0.48,0.0,0.0,0.2,0.0,0.0,0.2,1.0,0.0,0.0
aleksandar_pavlovic__ger,Aleksandar Pavlovic,GER,MID,nations_league_finals,Nations League-slutrunde,4,1,0,0,2,0,0,1,2.0,2.12,1.1019999999999999,0.45599999999999996,0.48,0.0,0.0,0.5,0.0,0.0,0.414,0.0,0.0,0.95,0.475,0.3933
aleksandar_pavlovic__ger,Aleksandar Pavlovic,GER,MID,kvalifikation,Kvalifikation,6,4,0,2,0,0,2,0,6.0,4.08,3.6720000000000006,2.4480000000000004,2.72,0.0,1.36,0.667,0.0,0.333,0.667,0.0,0.333,0.9,0.6003,0.6003
aleksandar_pavlovic__ger,Aleksandar Pavlovic,GER,MID,nations_league,Nations League,6,1,0,0,2,0,0,1,4.0,2.88,1.4976,0.3744,0.48,0.0,0.0,0.25,0.0,0.0,0.25,0.0,0.0,0.78,0.195,0.195
aleksandar_pavlovic__ger,Aleksandar Pavlovic,GER,MID,venskabskamp,Venskabskamp,6,2,0,0,2,0,0,1,4.0,4.64,1.456,1.04,2.0,0.0,0.0,0.5,0.0,0.0,0.714,0.0,0.0,0.52,0.26,0.3713
alessandro_circati__aus,Alessandro Circati,AUS,DEF,slutrunde,Slutrunde,5,0,0,5,0,0,5,0,5.0,1.6,1.6,0.0,0.0,0.0,1.6,0.0,0.0,1.0,0.0,0.0,1.0,1.0,0.0,0.0
alessandro_circati__aus,Alessandro Circati,AUS,DEF,kvalifikation,Kvalifikation,16,4,0,2,6,0,2,4,10.0,7.24,3.9240000000000004,1.728,1.92,0.0,0.64,0.4,0.0,0.125,0.44,0.0,0.088,0.9,0.36,0.396
alessandro_circati__aus,Alessandro Circati,AUS,DEF,venskabskamp,Venskabskamp,15,9,0,1,2,0,1,3,13.0,9.52,4.243200000000001,3.5776000000000003,6.88,0.0,0.32,0.692,0.0,0.067,0.843,0.0,0.034,0.52,0.3598,0.4384
alessandro_schopf__aut,Alessandro Schöpf,AUT,MID,slutrunde,Slutrunde,11,0,0,3,1,0,3,2,10.0,3.02,2.54,0.0,0.0,0.0,1.44,0.0,0.0,0.273,0.0,0.0,0.477,1.0,0.0,0.0
alessandro_schopf__aut,Alessandro Schöpf,AUT,MID,kvalifikation,Kvalifikation,47,3,0,20,6,0,19,10,41.0,11.66,9.864,0.45000000000000007,0.5,0.0,4.58,0.073,0.0,0.426,0.046,0.0,0.393,0.9,0.0657,0.0414
alessandro_schopf__aut,Alessandro Schöpf,AUT,MID,nations_league,Nations League,24,2,0,16,2,0,16,3,22.0,6.04,4.5552,0.15600000000000003,0.2,0.0,5.24,0.091,0.0,0.667,0.034,0.0,0.868,0.78,0.071,0.0265
alessandro_schopf__aut,Alessandro Schöpf,AUT,MID,venskabskamp,Venskabskamp,30,9,0,9,3,0,9,2,27.0,7.42,2.8496,0.468,0.9,0.0,2.58,0.333,0.0,0.3,0.164,0.0,0.348,0.52,0.1732,0.0853
alex_arce__par,Alex Arce,PAR,FWD,slutrunde,Slutrunde,3,2,0,1,0,0,1,0,3.0,1.44,1.44,0.96,0.96,0.0,0.48,0.667,0.0,0.333,0.667,0.0,0.333,1.0,0.667,0.667
alex_arce__par,Alex Arce,PAR,FWD,kvalifikation,Kvalifikation,12,2,0,2,2,0,2,3,10.0,6.36,4.68,0.864,0.96,0.0,0.96,0.2,0.0,0.167,0.185,0.0,0.151,0.9,0.18,0.1665
alex_arce__par,Alex Arce,PAR,FWD,venskabskamp,Venskabskamp,10,2,0,0,0,0,0,2,10.0,7.0,3.64,0.6032,1.1600000000000001,0.0,0.0,0.2,0.0,0.0,0.166,0.0,0.0,0.52,0.104,0.0863
alex_baena__esp,Alex Baena,ESP,MID,slutrunde,Slutrunde,8,0,0,1,0,0,1,5,8.0,4.28,4.28,0.0,0.0,0.0,0.92,0.0,0.0,0.125,0.0,0.0,0.215,1.0,0.0,0.0
alex_baena__esp,Alex Baena,ESP,MID,nations_league_finals,Nations League-slutrunde,4,0,0,0,0,0,0,2,4.0,2.12,2.014,0.0,0.0,0.0,0.0,0.0,0.0,0.0,0.0,0.0,0.0,0.95,0.0,0.0
alex_baena__esp,Alex Baena,ESP,MID,kvalifikation,Kvalifikation,12,2,0,4,2,0,4,1,10.0,6.0,4.176,1.2240000000000002,1.36,0.0,1.28,0.2,0.0,0.333,0.293,0.0,0.213,0.9,0.18,0.2637
alex_baena__esp,Alex Baena,ESP,MID,nations_league,Nations League,6,2,0,3,0,0,1,0,6.0,2.88,2.2464,0.7488,0.96,0.0,1.44,0.333,0.0,0.5,0.333,0.0,0.5,0.78,0.2597,0.2597
alex_baena__esp,Alex Baena,ESP,MID,venskabskamp,Venskabskamp,7,3,0,0,0,0,0,3,7.0,4.44,2.3088,1.248,2.4,0.0,0.0,0.429,0.0,0.0,0.541,0.0,0.0,0.52,0.2231,0.2813
alex_freeman__usa,Alex Freeman,USA,DEF,slutrunde,Slutrunde,6,6,0,0,0,0,0,0,6.0,4.08,4.08,4.08,4.08,0.0,0.0,1.0,0.0,0.0,1.0,0.0,0.0,1.0,1.0,1.0
alex_freeman__usa,Alex Freeman,USA,DEF,venskabskamp,Venskabskamp,12,7,0,0,0,0,0,1,12.0,9.280000000000001,4.8256000000000006,2.9328000000000003,5.640000000000001,0.0,0.0,0.583,0.0,0.0,0.608,0.0,0.0,0.52,0.3032,0.3162
alex_kral__cze,Alex Kral,CZE,MID,slutrunde,Slutrunde,8,1,0,3,0,0,3,1,8.0,2.44,2.44,0.2,0.2,0.0,1.44,0.125,0.0,0.375,0.082,0.0,0.59,1.0,0.125,0.082
alex_kral__cze,Alex Kral,CZE,MID,kvalifikation,Kvalifikation,32,13,0,2,5,0,2,4,27.0,8.98,7.236000000000001,1.9260000000000002,2.14,0.0,0.4,0.481,0.0,0.062,0.266,0.0,0.045,0.9,0.4329,0.2394
alex_kral__cze,Alex Kral,CZE,MID,nations_league,Nations League,18,9,0,0,1,0,0,5,17.0,4.68,3.5724000000000005,1.4508,1.86,0.0,0.0,0.529,0.0,0.0,0.406,0.0,0.0,0.78,0.4126,0.3167
alex_kral__cze,Alex Kral,CZE,MID,venskabskamp,Venskabskamp,18,7,0,6,0,0,6,1,18.0,4.62,2.4024,0.8736,1.6800000000000002,0.0,2.12,0.389,0.0,0.333,0.364,0.0,0.459,0.52,0.2023,0.1893
alex_paulsen__nzl,Alex Paulsen,NZL,GK,slutrunde,Slutrunde,4,1,0,0,0,0,0,3,4.0,1.92,1.92,0.48,0.48,0.0,0.0,0.25,0.0,0.0,0.25,0.0,0.0,1.0,0.25,0.25
alex_paulsen__nzl,Alex Paulsen,NZL,GK,kvalifikation,Kvalifikation,5,1,0,0,0,0,0,4,5.0,2.4,2.16,0.432,0.48,0.0,0.0,0.2,0.0,0.0,0.2,0.0,0.0,0.9,0.18,0.18
alex_paulsen__nzl,Alex Paulsen,NZL,GK,venskabskamp,Venskabskamp,23,5,0,5,0,0,5,12,23.0,12.8,6.656000000000001,1.9552,3.7600000000000002,0.0,2.9200000000000004,0.217,0.0,0.217,0.294,0.0,0.228,0.52,0.1128,0.1529
alex_rufer__nzl,Alex Rufer,NZL,MID,slutrunde,Slutrunde,7,4,0,0,0,0,0,3,7.0,2.2199999999999998,2.2199999999999998,1.92,1.92,0.0,0.0,0.571,0.0,0.0,0.865,0.0,0.0,1.0,0.571,0.865
alex_rufer__nzl,Alex Rufer,NZL,MID,kvalifikation,Kvalifikation,24,2,0,9,6,0,9,4,18.0,4.9,3.33,0.864,0.96,0.0,0.9,0.111,0.0,0.375,0.259,0.0,0.184,0.9,0.0999,0.2331
alex_rufer__nzl,Alex Rufer,NZL,MID,oevrig_turnering,Øvrig turnering,3,1,0,0,0,0,0,2,3.0,0.30000000000000004,0.186,0.062,0.1,0.0,0.0,0.333,0.0,0.0,0.333,0.0,0.0,0.62,0.2065,0.2065
alex_rufer__nzl,Alex Rufer,NZL,MID,venskabskamp,Venskabskamp,43,7,0,13,4,0,13,10,39.0,16.28,8.0496,1.6952,3.2600000000000002,0.0,3.74,0.179,0.0,0.302,0.211,0.0,0.23,0.52,0.0931,0.1097
alex_sandro__bra,Alex Sandro,BRA,DEF,slutrunde,Slutrunde,46,6,0,29,2,0,29,5,44.0,7.32,6.92,1.0,1.0,0.0,4.5200000000000005,0.136,0.0,0.63,0.145,0.0,0.617,1.0,0.136,0.145
alex_sandro__bra,Alex Sandro,BRA,DEF,kvalifikation,Kvalifikation,53,13,0,22,12,0,22,5,41.0,12.98,7.848000000000001,2.7540000000000004,3.06,0.0,4.2,0.317,0.0,0.415,0.351,0.0,0.324,0.9,0.2853,0.3159
alex_sandro__bra,Alex Sandro,BRA,DEF,venskabskamp,Venskabskamp,89,14,0,43,11,0,43,14,78.0,16.8,7.155200000000001,1.5496,2.98,0.0,7.2,0.179,0.0,0.483,0.217,0.0,0.429,0.52,0.0931,0.1128
alexander_alex_robertson__aus,Alexander 'Alex' Robertson,AUS,MID,slutrunde,Slutrunde,5,0,0,0,5,0,0,0,0.0,1.6,0.0,0.0,0.0,0.0,0.0,0,0.0,0.0,0,0.0,0.0,1.0,0.0,0.0
alexander_alex_robertson__aus,Alexander 'Alex' Robertson,AUS,MID,kvalifikation,Kvalifikation,16,0,0,14,2,0,14,0,14.0,7.24,5.94,0.0,0.0,0.0,6.6,0.0,0.0,0.875,0.0,0.0,0.912,0.9,0.0,0.0
alexander_alex_robertson__aus,Alexander 'Alex' Robertson,AUS,MID,venskabskamp,Venskabskamp,15,0,0,8,2,0,8,2,13.0,7.920000000000001,3.4112000000000005,0.0,0.0,0.0,4.0,0.0,0.0,0.533,0.0,0.0,0.505,0.52,0.0,0.0
alexander_bernhardsson__swe,Alexander Bernhardsson,SWE,MID,kvalifikation,Kvalifikation,16,5,0,10,0,0,10,0,16.0,8.24,7.416000000000001,3.0600000000000005,3.4000000000000004,0.0,4.16,0.312,0.0,0.625,0.413,0.0,0.505,0.9,0.2808,0.3717
alexander_bernhardsson__swe,Alexander Bernhardsson,SWE,MID,nations_league,Nations League,6,0,0,4,2,0,4,0,4.0,2.88,1.4976,0.0,0.0,0.0,1.92,0.0,0.0,0.667,0.0,0.0,0.667,0.78,0.0,0.0
alexander_bernhardsson__swe,Alexander Bernhardsson,SWE,MID,venskabskamp,Venskabskamp,15,3,0,9,0,0,9,1,15.0,7.28,3.7856,0.9776,1.8800000000000001,0.0,3.52,0.2,0.0,0.6,0.258,0.0,0.484,0.52,0.104,0.1342
alexander_djiku__gha,Alexander Djiku,GHA,DEF,slutrunde,Slutrunde,12,7,0,3,0,0,3,1,12.0,2.7600000000000002,2.7600000000000002,1.76,1.76,0.0,0.6000000000000001,0.583,0.0,0.25,0.638,0.0,0.217,1.0,0.583,0.638
alexander_djiku__gha,Alexander Djiku,GHA,DEF,kvalifikation,Kvalifikation,34,20,0,6,8,0,6,0,26.0,11.6,7.956,6.336,7.04,0.0,1.8,0.769,0.0,0.176,0.796,0.0,0.155,0.9,0.6921,0.7164
alexander_djiku__gha,Alexander Djiku,GHA,DEF,venskabskamp,Venskabskamp,23,9,0,12,0,0,12,1,23.0,8.88,4.6176,1.7056000000000002,3.2800000000000002,0.0,5.2,0.391,0.0,0.522,0.369,0.0,0.586,0.52,0.2033,0.1919
alexander_isak__swe,Alexander Isak,SWE,FWD,slutrunde,Slutrunde,9,4,0,5,0,0,5,0,9.0,1.3,1.3,0.8,0.8,0.0,0.5,0.444,0.0,0.556,0.615,0.0,0.385,1.0,0.444,0.615
alexander_isak__swe,Alexander Isak,SWE,FWD,kvalifikation,Kvalifikation,44,20,0,7,6,0,7,2,38.0,11.84,8.244000000000002,4.338000000000001,4.82,0.0,0.92,0.526,0.0,0.159,0.526,0.0,0.078,0.9,0.4734,0.4734
alexander_isak__swe,Alexander Isak,SWE,FWD,nations_league,Nations League,22,9,0,5,4,0,5,2,18.0,5.08,2.9016,2.1216,2.7199999999999998,0.0,0.5,0.5,0.0,0.227,0.731,0.0,0.098,0.78,0.39,0.5702
alexander_isak__swe,Alexander Isak,SWE,FWD,venskabskamp,Venskabskamp,39,10,0,19,4,0,19,2,35.0,9.98,4.8776,1.8096,3.48,0.0,3.9200000000000004,0.286,0.0,0.487,0.371,0.0,0.393,0.52,0.1487,0.1929
alexander_n_bel__ger,Alexander Nübel,GER,GK,nations_league_finals,Nations League-slutrunde,4,0,0,0,0,0,0,4,4.0,2.12,2.014,0.0,0.0,0.0,0.0,0.0,0.0,0.0,0.0,0.0,0.0,0.95,0.0,0.0
alexander_n_bel__ger,Alexander Nübel,GER,GK,kvalifikation,Kvalifikation,6,0,0,0,0,0,0,6,6.0,4.08,3.6720000000000006,0.0,0.0,0.0,0.0,0.0,0.0,0.0,0.0,0.0,0.0,0.9,0.0,0.0
alexander_n_bel__ger,Alexander Nübel,GER,GK,nations_league,Nations League,6,2,0,0,0,0,0,4,6.0,2.88,2.2464,0.7488,0.96,0.0,0.0,0.333,0.0,0.0,0.333,0.0,0.0,0.78,0.2597,0.2597
alexander_n_bel__ger,Alexander Nübel,GER,GK,venskabskamp,Venskabskamp,5,1,0,0,0,0,0,4,5.0,4.16,2.1632000000000002,0.47840000000000005,0.92,0.0,0.0,0.2,0.0,0.0,0.221,0.0,0.0,0.52,0.104,0.1149
alexander_prass__aut,Alexander Prass,AUT,DEF,slutrunde,Slutrunde,4,1,0,0,0,0,0,0,4.0,1.92,1.92,0.48,0.48,0.0,0.0,0.25,0.0,0.0,0.25,0.0,0.0,1.0,0.25,0.25
alexander_prass__aut,Alexander Prass,AUT,DEF,kvalifikation,Kvalifikation,16,2,0,8,0,0,8,3,16.0,7.760000000000001,6.984000000000001,0.9000000000000001,1.0,0.0,3.52,0.125,0.0,0.5,0.129,0.0,0.454,0.9,0.1125,0.1161
alexander_prass__aut,Alexander Prass,AUT,DEF,nations_league,Nations League,8,4,0,1,2,0,0,1,6.0,3.84,2.2464,1.4976,1.92,0.0,0.48,0.667,0.0,0.125,0.667,0.0,0.125,0.78,0.5203,0.5203
alexander_prass__aut,Alexander Prass,AUT,DEF,venskabskamp,Venskabskamp,11,2,0,2,1,0,2,2,10.0,5.32,2.6624000000000003,0.27040000000000003,0.52,0.0,0.64,0.2,0.0,0.182,0.102,0.0,0.12,0.52,0.104,0.053
alexander_schlager__aut,Alexander Schlager,AUT,GK,slutrunde,Slutrunde,8,0,0,0,4,0,0,4,4.0,2.7199999999999998,0.8,0.0,0.0,0.0,0.0,0.0,0.0,0.0,0.0,0.0,0.0,1.0,0.0,0.0
alexander_schlager__aut,Alexander Schlager,AUT,GK,kvalifikation,Kvalifikation,33,15,0,1,6,0,1,11,27.0,10.26,7.290000000000001,5.148000000000001,5.720000000000001,0.0,0.2,0.556,0.0,0.03,0.706,0.0,0.019,0.9,0.5004,0.6354
alexander_schlager__aut,Alexander Schlager,AUT,GK,nations_league,Nations League,20,6,0,4,2,0,4,8,18.0,5.64,4.2432,1.6536,2.12,0.0,0.8,0.333,0.0,0.2,0.39,0.0,0.142,0.78,0.2597,0.3042
alexander_schlager__aut,Alexander Schlager,AUT,GK,venskabskamp,Venskabskamp,16,5,0,1,3,0,1,7,13.0,6.0200000000000005,2.6624000000000003,1.4352,2.7600000000000002,0.0,0.2,0.385,0.0,0.062,0.539,0.0,0.033,0.52,0.2002,0.2803
alexander_s_rloth__nor,Alexander Sørloth,NOR,FWD,kvalifikation,Kvalifikation,47,25,0,7,3,0,7,4,44.0,11.16,9.396,7.110000000000001,7.9,0.0,1.02,0.568,0.0,0.149,0.757,0.0,0.091,0.9,0.5112,0.6813
alexander_s_rloth__nor,Alexander Sørloth,NOR,FWD,nations_league,Nations League,24,12,0,2,0,0,2,3,24.0,5.28,4.1184,3.0264,3.88,0.0,0.2,0.5,0.0,0.083,0.735,0.0,0.038,0.78,0.39,0.5733
alexander_s_rloth__nor,Alexander Sørloth,NOR,FWD,venskabskamp,Venskabskamp,28,10,0,7,2,0,7,0,26.0,8.64,4.2224,2.1736,4.18,0.0,2.2600000000000002,0.385,0.0,0.25,0.515,0.0,0.262,0.52,0.2002,0.2678
alexandre_pierre__hai,Alexandre Pierre,HAI,GK,slutrunde,Slutrunde,6,3,0,0,0,0,0,3,6.0,3.0,3.0,0.96,0.96,0.0,0.0,0.5,0.0,0.0,0.32,0.0,0.0,1.0,0.5,0.32
alexandre_pierre__hai,Alexandre Pierre,HAI,GK,kvalifikation,Kvalifikation,10,1,0,3,0,0,3,6,10.0,6.4,5.760000000000001,0.6120000000000001,0.68,0.0,2.04,0.1,0.0,0.3,0.106,0.0,0.319,0.9,0.09,0.0954
alexandre_pierre__hai,Alexandre Pierre,HAI,GK,nations_league,Nations League,16,4,0,2,0,0,2,9,16.0,5.36,4.1808000000000005,1.0608,1.3599999999999999,0.0,0.96,0.25,0.0,0.125,0.254,0.0,0.179,0.78,0.195,0.1981
alexandre_pierre__hai,Alexandre Pierre,HAI,GK,venskabskamp,Venskabskamp,7,5,0,0,0,0,0,1,7.0,4.96,2.5792,1.5392000000000001,2.96,0.0,0.0,0.714,0.0,0.0,0.597,0.0,0.0,0.52,0.3713,0.3104
alexis_duarte__par,Alexis Duarte,PAR,DEF,kvalifikation,Kvalifikation,3,0,0,0,0,0,0,3,3.0,1.56,1.4040000000000001,0.0,0.0,0.0,0.0,0.0,0.0,0.0,0.0,0.0,0.0,0.9,0.0,0.0
alexis_duarte__par,Alexis Duarte,PAR,DEF,venskabskamp,Venskabskamp,4,1,0,0,0,0,0,3,4.0,2.72,1.4144,0.3536,0.68,0.0,0.0,0.25,0.0,0.0,0.25,0.0,0.0,0.52,0.13,0.13
alexis_guendouz__alg,Alexis Guendouz,ALG,GK,slutrunde,Slutrunde,14,5,0,9,0,0,9,0,14.0,5.5600000000000005,5.5600000000000005,1.0,1.0,0.0,4.5600000000000005,0.357,0.0,0.643,0.18,0.0,0.82,1.0,0.357,0.18
alexis_guendouz__alg,Alexis Guendouz,ALG,GK,kvalifikation,Kvalifikation,20,8,0,8,0,0,8,4,20.0,9.2,8.280000000000001,3.9960000000000004,4.44,0.0,2.64,0.4,0.0,0.4,0.483,0.0,0.287,0.9,0.36,0.4347
alexis_guendouz__alg,Alexis Guendouz,ALG,GK,venskabskamp,Venskabskamp,12,1,0,8,0,0,8,3,12.0,5.44,2.8288,0.3536,0.68,0.0,2.92,0.083,0.0,0.667,0.125,0.0,0.537,0.52,0.0432,0.065
alexis_mac_allister__arg,Alexis Mac Allister,ARG,MID,slutrunde,Slutrunde,22,11,0,8,0,0,8,3,22.0,6.8,6.8,3.6,3.6,0.0,2.3200000000000003,0.5,0.0,0.364,0.529,0.0,0.341,1.0,0.5,0.529
alexis_mac_allister__arg,Alexis Mac Allister,ARG,MID,kvalifikation,Kvalifikation,35,15,0,12,4,0,12,3,31.0,11.38,8.838000000000001,5.292000000000001,5.88,0.0,2.2,0.484,0.0,0.343,0.599,0.0,0.193,0.9,0.4356,0.5391
alexis_mac_allister__arg,Alexis Mac Allister,ARG,MID,venskabskamp,Venskabskamp,24,13,0,2,0,0,2,4,24.0,8.92,4.638400000000001,2.8184,5.42,0.0,0.2,0.542,0.0,0.083,0.608,0.0,0.022,0.52,0.2818,0.3162
alexis_saelemaekers__bel,Alexis Saelemaekers,BEL,FWD,slutrunde,Slutrunde,12,0,0,9,3,0,9,0,9.0,3.52,2.92,0.0,0.0,0.0,2.92,0.0,0.0,0.75,0.0,0.0,0.83,1.0,0.0,0.0
alexis_saelemaekers__bel,Alexis Saelemaekers,BEL,FWD,nations_league_finals,Nations League-slutrunde,2,1,0,0,0,0,0,1,2.0,0.4,0.38,0.19,0.2,0.0,0.0,0.5,0.0,0.0,0.5,0.0,0.0,0.95,0.475,0.475
alexis_saelemaekers__bel,Alexis Saelemaekers,BEL,FWD,kvalifikation,Kvalifikation,24,5,0,3,3,0,3,4,21.0,9.18,7.074000000000001,2.196,2.4400000000000004,0.0,0.74,0.238,0.0,0.125,0.31,0.0,0.081,0.9,0.2142,0.279
alexis_saelemaekers__bel,Alexis Saelemaekers,BEL,FWD,nations_league,Nations League,18,0,0,4,5,0,4,7,13.0,5.4399999999999995,2.6676,0.0,0.0,0.0,0.5,0.0,0.0,0.222,0.0,0.0,0.092,0.78,0.0,0.0
alexis_saelemaekers__bel,Alexis Saelemaekers,BEL,FWD,venskabskamp,Venskabskamp,17,4,0,7,2,0,7,1,15.0,7.0600000000000005,3.5152,1.1544,2.22,0.0,2.22,0.267,0.0,0.412,0.328,0.0,0.314,0.52,0.1388,0.1706
alexis_vega__mex,Alexis Vega,MEX,FWD,slutrunde,Slutrunde,30,8,0,9,3,0,9,5,27.0,9.84,8.88,4.0,4.0,0.0,2.16,0.296,0.0,0.3,0.45,0.0,0.22,1.0,0.296,0.45
alexis_vega__mex,Alexis Vega,MEX,FWD,nations_league_finals,Nations League-slutrunde,12,2,0,6,0,0,6,2,12.0,4.14,3.933,0.9119999999999999,0.96,0.0,1.58,0.167,0.0,0.5,0.232,0.0,0.382,0.95,0.1587,0.2204
alexis_vega__mex,Alexis Vega,MEX,FWD,kvalifikation,Kvalifikation,14,6,0,3,1,0,3,1,13.0,2.8000000000000003,2.3400000000000003,1.08,1.2000000000000002,0.0,0.6000000000000001,0.462,0.0,0.214,0.462,0.0,0.214,0.9,0.4158,0.4158
alexis_vega__mex,Alexis Vega,MEX,FWD,nations_league,Nations League,8,0,0,8,0,0,8,0,8.0,1.2000000000000002,0.9360000000000002,0.0,0.0,0.0,1.2000000000000002,0.0,0.0,1.0,0.0,0.0,1.0,0.78,0.0,0.0
alexis_vega__mex,Alexis Vega,MEX,FWD,venskabskamp,Venskabskamp,59,14,0,21,6,0,20,5,53.0,22.29,9.505600000000001,3.0992,5.96,0.0,4.78,0.264,0.0,0.356,0.326,0.0,0.214,0.52,0.1373,0.1695
ali_abdi__tun,Ali Abdi,TUN,DEF,slutrunde,Slutrunde,24,9,0,10,1,0,10,3,23.0,9.370000000000001,9.17,4.64,4.64,0.0,3.6100000000000003,0.391,0.0,0.417,0.506,0.0,0.385,1.0,0.391,0.506
ali_abdi__tun,Ali Abdi,TUN,DEF,kvalifikation,Kvalifikation,32,17,0,3,2,0,3,9,30.0,11.4,9.036000000000001,6.282,6.98,0.0,0.88,0.567,0.0,0.094,0.695,0.0,0.077,0.9,0.5103,0.6255
ali_abdi__tun,Ali Abdi,TUN,DEF,venskabskamp,Venskabskamp,28,16,0,2,2,0,2,6,26.0,12.73,6.411600000000001,3.5880000000000005,6.9,0.0,1.36,0.615,0.0,0.071,0.56,0.0,0.107,0.52,0.3198,0.2912
ali_ahmed__can,Ali Ahmed,CAN,MID,slutrunde,Slutrunde,14,6,0,0,2,0,0,3,12.0,6.88,5.52,2.44,2.44,0.0,0.0,0.5,0.0,0.0,0.442,0.0,0.0,1.0,0.5,0.442
ali_ahmed__can,Ali Ahmed,CAN,MID,nations_league_finals,Nations League-slutrunde,7,4,0,1,0,0,1,2,7.0,2.88,2.7359999999999998,1.8239999999999998,1.92,0.0,0.32,0.571,0.0,0.143,0.667,0.0,0.111,0.95,0.5424,0.6337
ali_ahmed__can,Ali Ahmed,CAN,MID,venskabskamp,Venskabskamp,19,10,0,6,0,0,6,2,19.0,12.85,6.682,3.3488,6.44,0.0,3.81,0.526,0.0,0.316,0.501,0.0,0.296,0.52,0.2735,0.2605
ali_al_hamadi__irq,Ali Al-Hamadi,IRQ,FWD,slutrunde,Slutrunde,19,1,0,16,0,0,16,2,19.0,7.55,7.55,0.32,0.32,0.0,6.59,0.053,0.0,0.842,0.042,0.0,0.873,1.0,0.053,0.042
ali_al_hamadi__irq,Ali Al-Hamadi,IRQ,FWD,kvalifikation,Kvalifikation,27,7,0,11,2,0,9,2,25.0,12.08,9.648,2.9520000000000004,3.2800000000000002,0.0,5.08,0.28,0.0,0.407,0.306,0.0,0.421,0.9,0.252,0.2754
ali_al_hamadi__irq,Ali Al-Hamadi,IRQ,FWD,venskabskamp,Venskabskamp,17,3,0,7,2,0,7,2,15.0,6.680000000000001,2.7664000000000004,0.7904,1.52,0.0,1.52,0.2,0.0,0.412,0.286,0.0,0.228,0.52,0.104,0.1487
ali_alipour__irn,Ali Alipour,IRN,FWD,slutrunde,Slutrunde,25,1,0,17,4,0,17,1,21.0,7.1000000000000005,5.82,0.68,0.68,0.0,3.1,0.048,0.0,0.68,0.117,0.0,0.437,1.0,0.048,0.117
ali_alipour__irn,Ali Alipour,IRN,FWD,kvalifikation,Kvalifikation,34,1,0,30,0,0,30,2,34.0,10.34,9.306000000000001,0.432,0.48,0.0,8.22,0.029,0.0,0.882,0.046,0.0,0.795,0.9,0.0261,0.0414
ali_alipour__irn,Ali Alipour,IRN,FWD,venskabskamp,Venskabskamp,36,1,0,16,8,0,16,3,28.0,10.940000000000001,4.607200000000001,0.3536,0.68,0.0,2.62,0.036,0.0,0.444,0.077,0.0,0.239,0.52,0.0187,0.04
ali_azaizeh__jor,Ali Azaizeh,JOR,MID,slutrunde,Slutrunde,6,0,0,6,0,0,6,0,6.0,4.93,4.93,0.0,0.0,0.0,4.93,0.0,0.0,1.0,0.0,0.0,1.0,1.0,0.0,0.0
ali_azaizeh__jor,Ali Azaizeh,JOR,MID,venskabskamp,Venskabskamp,7,0,0,0,0,0,0,4,7.0,5.5600000000000005,2.8912000000000004,0.0,0.0,0.0,0.0,0.0,0.0,0.0,0.0,0.0,0.0,0.52,0.0,0.0
ali_jasim__irq,Ali Jasim,IRQ,MID,slutrunde,Slutrunde,11,7,0,0,0,0,0,0,11.0,5.95,5.95,3.45,3.45,0.0,0.0,0.636,0.0,0.0,0.58,0.0,0.0,1.0,0.636,0.58
ali_jasim__irq,Ali Jasim,IRQ,MID,kvalifikation,Kvalifikation,21,15,0,0,0,0,0,0,21.0,10.88,9.792,6.444000000000001,7.16,0.0,0.0,0.714,0.0,0.0,0.658,0.0,0.0,0.9,0.6426,0.5922
ali_jasim__irq,Ali Jasim,IRQ,MID,venskabskamp,Venskabskamp,7,4,0,3,0,0,3,0,7.0,4.32,2.2464,1.0192,1.96,0.0,2.3600000000000003,0.571,0.0,0.429,0.454,0.0,0.546,0.52,0.2969,0.2361
ali_majrashi__ksa,Ali Majrashi,KSA,DEF,slutrunde,Slutrunde,27,10,0,15,0,0,15,1,27.0,12.65,12.65,6.04,6.04,0.0,5.08,0.37,0.0,0.556,0.477,0.0,0.402,1.0,0.37,0.477
ali_majrashi__ksa,Ali Majrashi,KSA,DEF,kvalifikation,Kvalifikation,22,2,0,15,2,0,15,2,20.0,9.4,7.596,1.044,1.1600000000000001,0.0,5.64,0.1,0.0,0.682,0.137,0.0,0.6,0.9,0.09,0.1233
ali_majrashi__ksa,Ali Majrashi,KSA,DEF,venskabskamp,Venskabskamp,22,1,0,12,2,0,12,1,20.0,9.84,4.9088,0.3536,0.68,0.0,2.88,0.05,0.0,0.545,0.072,0.0,0.293,0.52,0.026,0.0374
ali_yousif__irq,Ali Yousif,IRQ,FWD,slutrunde,Slutrunde,19,0,0,14,0,0,14,3,19.0,7.55,7.55,0.0,0.0,0.0,5.99,0.0,0.0,0.737,0.0,0.0,0.793,1.0,0.0,0.0
ali_yousif__irq,Ali Yousif,IRQ,FWD,kvalifikation,Kvalifikation,25,0,0,22,0,0,22,1,25.0,11.68,10.512,0.0,0.0,0.0,9.8,0.0,0.0,0.88,0.0,0.0,0.839,0.9,0.0,0.0
ali_yousif__irq,Ali Yousif,IRQ,FWD,venskabskamp,Venskabskamp,17,1,0,14,0,0,14,1,17.0,6.680000000000001,3.4736000000000002,0.52,1.0,0.0,4.48,0.059,0.0,0.824,0.15,0.0,0.671,0.52,0.0307,0.078
alireza_beiranvand__irn,Alireza Beiranvand,IRN,GK,slutrunde,Slutrunde,29,19,0,4,1,0,0,5,28.0,7.5,7.300000000000001,3.8600000000000003,3.8600000000000003,0.0,2.72,0.679,0.0,0.138,0.529,0.0,0.363,1.0,0.679,0.529
alireza_beiranvand__irn,Alireza Beiranvand,IRN,GK,kvalifikation,Kvalifikation,52,38,0,4,0,0,4,10,52.0,12.14,10.926,8.154,9.06,0.0,0.6000000000000001,0.731,0.0,0.077,0.746,0.0,0.049,0.9,0.6579,0.6714
alireza_beiranvand__irn,Alireza Beiranvand,IRN,GK,venskabskamp,Venskabskamp,49,29,0,4,1,0,4,15,48.0,12.24,6.1984,4.3264000000000005,8.32,0.0,0.5,0.604,0.0,0.082,0.698,0.0,0.041,0.52,0.3141,0.363
alireza_jahanbakhsh__irn,Alireza Jahanbakhsh,IRN,FWD,slutrunde,Slutrunde,32,15,0,2,0,0,1,4,32.0,7.800000000000001,7.800000000000001,3.14,3.14,0.0,0.52,0.469,0.0,0.062,0.403,0.0,0.067,1.0,0.469,0.403
alireza_jahanbakhsh__irn,Alireza Jahanbakhsh,IRN,FWD,kvalifikation,Kvalifikation,56,31,0,11,5,0,10,1,51.0,12.540000000000001,10.152000000000001,5.94,6.6,0.0,2.54,0.608,0.0,0.196,0.585,0.0,0.203,0.9,0.5472,0.5265
alireza_jahanbakhsh__irn,Alireza Jahanbakhsh,IRN,FWD,venskabskamp,Venskabskamp,55,19,0,12,8,0,12,3,47.0,12.84,5.7408,1.6536000000000002,3.18,0.0,3.3600000000000003,0.404,0.0,0.218,0.288,0.0,0.262,0.52,0.2101,0.1498
alisher_odilov__uzb,Alisher Odilov,UZB,MID,slutrunde,Slutrunde,4,1,0,2,0,0,2,1,4.0,2.72,2.72,0.68,0.68,0.0,1.36,0.25,0.0,0.5,0.25,0.0,0.5,1.0,0.25,0.25
alisher_odilov__uzb,Alisher Odilov,UZB,MID,venskabskamp,Venskabskamp,6,0,0,4,0,0,4,0,6.0,4.5600000000000005,2.3712,0.0,0.0,0.0,2.72,0.0,0.0,0.667,0.0,0.0,0.596,0.52,0.0,0.0
alisson_becker__bra,Alisson Becker,BRA,GK,slutrunde,Slutrunde,30,24,0,0,0,0,0,6,30.0,5.72,5.72,4.5200000000000005,4.5200000000000005,0.0,0.0,0.8,0.0,0.0,0.79,0.0,0.0,1.0,0.8,0.79
alisson_becker__bra,Alisson Becker,BRA,GK,kvalifikation,Kvalifikation,53,33,0,2,7,0,2,11,46.0,12.98,9.342,6.930000000000001,7.7,0.0,0.4,0.717,0.0,0.038,0.742,0.0,0.031,0.9,0.6453,0.6678
alisson_becker__bra,Alisson Becker,BRA,GK,venskabskamp,Venskabskamp,47,21,0,5,12,0,5,9,35.0,12.6,3.64,2.5792,4.96,0.0,0.6000000000000001,0.6,0.0,0.106,0.709,0.0,0.048,0.52,0.312,0.3687
alistair_johnston__can,Alistair Johnston,CAN,DEF,slutrunde,Slutrunde,22,16,0,1,4,0,1,0,18.0,8.48,7.2,5.84,5.84,0.0,0.68,0.889,0.0,0.045,0.811,0.0,0.08,1.0,0.889,0.811
alistair_johnston__can,Alistair Johnston,CAN,DEF,nations_league_finals,Nations League-slutrunde,9,8,0,0,0,0,0,0,9.0,3.52,3.344,3.04,3.2,0.0,0.0,0.889,0.0,0.0,0.909,0.0,0.0,0.95,0.8446,0.8636
alistair_johnston__can,Alistair Johnston,CAN,DEF,kvalifikation,Kvalifikation,20,15,0,0,0,0,0,1,20.0,3.8000000000000003,3.4200000000000004,2.6100000000000003,2.9000000000000004,0.0,0.0,0.75,0.0,0.0,0.763,0.0,0.0,0.9,0.675,0.6867
alistair_johnston__can,Alistair Johnston,CAN,DEF,nations_league,Nations League,4,3,0,1,0,0,1,0,4.0,0.8,0.6240000000000001,0.4680000000000001,0.6000000000000001,0.0,0.2,0.75,0.0,0.25,0.75,0.0,0.25,0.78,0.585,0.585
alistair_johnston__can,Alistair Johnston,CAN,DEF,venskabskamp,Venskabskamp,23,10,0,4,9,0,4,0,14.0,13.65,3.5776,2.3712,4.56,0.0,2.3200000000000003,0.714,0.0,0.174,0.663,0.0,0.17,0.52,0.3713,0.3448
almoez_ali__qat,Almoez Ali,QAT,FWD,slutrunde,Slutrunde,56,40,0,6,3,0,6,6,53.0,12.870000000000001,10.66,7.98,7.98,0.0,1.44,0.755,0.0,0.107,0.749,0.0,0.112,1.0,0.755,0.749
almoez_ali__qat,Almoez Ali,QAT,FWD,kvalifikation,Kvalifikation,36,23,0,6,0,0,6,4,36.0,10.5,9.450000000000001,6.21,6.9,0.0,1.74,0.639,0.0,0.167,0.657,0.0,0.166,0.9,0.5751,0.5913
almoez_ali__qat,Almoez Ali,QAT,FWD,venskabskamp,Venskabskamp,60,45,0,4,3,0,4,1,57.0,12.020000000000001,5.1896,3.5776000000000003,6.880000000000001,0.0,1.3,0.789,0.0,0.067,0.689,0.0,0.108,0.52,0.4103,0.3583
alphonso_davies__can,Alphonso Davies,CAN,DEF,slutrunde,Slutrunde,30,15,0,4,9,0,4,0,21.0,9.280000000000001,5.56,3.7,3.7,0.0,1.28,0.714,0.0,0.133,0.665,0.0,0.138,1.0,0.714,0.665
alphonso_davies__can,Alphonso Davies,CAN,DEF,nations_league_finals,Nations League-slutrunde,9,6,0,2,0,0,2,0,9.0,3.52,3.344,2.128,2.24,0.0,0.96,0.667,0.0,0.222,0.636,0.0,0.273,0.95,0.6337,0.6042
alphonso_davies__can,Alphonso Davies,CAN,DEF,kvalifikation,Kvalifikation,20,12,0,0,7,0,0,0,13.0,3.8000000000000003,2.16,1.9800000000000002,2.2,0.0,0.0,0.923,0.0,0.0,0.917,0.0,0.0,0.9,0.8307,0.8253
alphonso_davies__can,Alphonso Davies,CAN,DEF,nations_league,Nations League,12,11,0,0,1,0,0,0,11.0,1.6,1.1700000000000002,1.1700000000000002,1.5,0.0,0.0,1.0,0.0,0.0,1.0,0.0,0.0,0.78,0.78,0.78
alphonso_davies__can,Alphonso Davies,CAN,DEF,venskabskamp,Venskabskamp,30,8,0,7,13,0,7,0,17.0,14.35,2.5324,1.6224,3.12,0.0,1.55,0.471,0.0,0.233,0.641,0.0,0.108,0.52,0.2449,0.3333
altay_bayindir__tur,Altay Bayindir,TUR,GK,slutrunde,Slutrunde,8,1,0,0,0,0,0,7,8.0,3.0,3.0,0.48,0.48,0.0,0.0,0.125,0.0,0.0,0.16,0.0,0.0,1.0,0.125,0.16
altay_bayindir__tur,Altay Bayindir,TUR,GK,kvalifikation,Kvalifikation,28,2,0,0,4,0,0,21,24.0,10.24,8.280000000000001,0.7920000000000001,0.8800000000000001,0.0,0.0,0.083,0.0,0.0,0.096,0.0,0.0,0.9,0.0747,0.0864
altay_bayindir__tur,Altay Bayindir,TUR,GK,nations_league,Nations League,16,2,0,0,2,0,0,12,14.0,5.24,3.3384,0.31200000000000006,0.4,0.0,0.0,0.143,0.0,0.0,0.093,0.0,0.0,0.78,0.1115,0.0725
altay_bayindir__tur,Altay Bayindir,TUR,GK,venskabskamp,Venskabskamp,17,5,0,1,2,0,1,8,15.0,6.44,3.016,1.0088000000000001,1.94,0.0,0.1,0.333,0.0,0.059,0.334,0.0,0.016,0.52,0.1732,0.1737
alvaro_fidalgo__mex,Alvaro Fidalgo,MEX,MID,venskabskamp,Venskabskamp,5,4,0,1,0,0,1,0,5.0,4.84,2.5168,1.9968000000000001,3.84,0.0,1.0,0.8,0.0,0.2,0.793,0.0,0.207,0.52,0.416,0.4124
alvaro_montero__col,Alvaro Montero,COL,GK,slutrunde,Slutrunde,17,1,0,7,0,0,7,9,17.0,4.68,4.68,0.1,0.1,0.0,1.4000000000000001,0.059,0.0,0.412,0.021,0.0,0.299,1.0,0.059,0.021
alvaro_montero__col,Alvaro Montero,COL,GK,kvalifikation,Kvalifikation,36,1,0,13,0,0,13,21,36.0,11.58,10.422,0.28800000000000003,0.32,0.0,4.42,0.028,0.0,0.361,0.028,0.0,0.382,0.9,0.0252,0.0252
alvaro_montero__col,Alvaro Montero,COL,GK,venskabskamp,Venskabskamp,35,7,0,7,0,0,3,20,35.0,11.24,5.8448,1.6744,3.22,0.0,1.0,0.2,0.0,0.2,0.286,0.0,0.089,0.52,0.104,0.1487
amad_diallo__civ,Amad Diallo,CIV,FWD,slutrunde,Slutrunde,20,4,0,15,0,0,15,0,20.0,8.09,8.09,3.4,3.4,0.0,3.8400000000000003,0.2,0.0,0.75,0.42,0.0,0.475,1.0,0.2,0.42
amad_diallo__civ,Amad Diallo,CIV,FWD,kvalifikation,Kvalifikation,30,5,0,13,7,0,13,3,23.0,11.0,7.812,2.4480000000000004,2.72,0.0,4.4,0.217,0.0,0.433,0.313,0.0,0.4,0.9,0.1953,0.2817
amad_diallo__civ,Amad Diallo,CIV,FWD,venskabskamp,Venskabskamp,19,1,0,10,2,0,10,0,17.0,8.34,4.0040000000000004,0.3536,0.68,0.0,3.2,0.059,0.0,0.526,0.088,0.0,0.384,0.52,0.0307,0.0458
amadou_onana__bel,Amadou Onana,BEL,MID,slutrunde,Slutrunde,7,5,0,1,0,0,0,0,7.0,2.52,2.52,2.12,2.12,0.0,0.2,0.714,0.0,0.143,0.841,0.0,0.079,1.0,0.714,0.841
amadou_onana__bel,Amadou Onana,BEL,MID,kvalifikation,Kvalifikation,16,7,0,3,4,0,2,0,12.0,7.880000000000001,4.968000000000001,2.8800000000000003,3.2,0.0,0.96,0.583,0.0,0.188,0.58,0.0,0.122,0.9,0.5247,0.522
amadou_onana__bel,Amadou Onana,BEL,MID,nations_league,Nations League,14,4,0,6,2,0,6,1,12.0,5.04,3.1824000000000003,1.2792000000000001,1.64,0.0,2.04,0.333,0.0,0.429,0.402,0.0,0.405,0.78,0.2597,0.3136
amadou_onana__bel,Amadou Onana,BEL,MID,venskabskamp,Venskabskamp,11,7,0,0,1,0,0,1,10.0,6.16,3.0368000000000004,2.2880000000000003,4.4,0.0,0.0,0.7,0.0,0.0,0.753,0.0,0.0,0.52,0.364,0.3916
amar_dedi__bih,Amar Dedic,BIH,DEF,kvalifikation,Kvalifikation,21,17,0,2,0,0,1,1,21.0,10.16,9.144000000000002,7.0200000000000005,7.800000000000001,0.0,1.0,0.81,0.0,0.095,0.768,0.0,0.098,0.9,0.729,0.6912
amar_dedi__bih,Amar Dedic,BIH,DEF,nations_league,Nations League,12,5,0,6,0,0,6,1,12.0,4.08,3.1824000000000003,1.4352,1.8399999999999999,0.0,1.76,0.417,0.0,0.5,0.451,0.0,0.431,0.78,0.3253,0.3518
amar_dedi__bih,Amar Dedic,BIH,DEF,venskabskamp,Venskabskamp,8,5,0,0,2,0,0,1,6.0,4.5600000000000005,1.9552,1.8512000000000002,3.56,0.0,0.0,0.833,0.0,0.0,0.947,0.0,0.0,0.52,0.4332,0.4924
amar_memi__bih,Amar Memic,BIH,MID,kvalifikation,Kvalifikation,10,6,0,0,0,0,0,1,10.0,6.880000000000001,6.192000000000001,4.104000000000001,4.5600000000000005,0.0,0.0,0.6,0.0,0.0,0.663,0.0,0.0,0.9,0.54,0.5967
amar_memi__bih,Amar Memic,BIH,MID,venskabskamp,Venskabskamp,4,2,0,0,0,0,0,0,4.0,3.3600000000000003,1.7472,0.7072,1.36,0.0,0.0,0.5,0.0,0.0,0.405,0.0,0.0,0.52,0.26,0.2106
amer_jamous__jor,Amer Jamous,JOR,MID,slutrunde,Slutrunde,6,3,0,0,0,0,0,1,6.0,4.93,4.93,2.55,2.55,0.0,0.0,0.5,0.0,0.0,0.517,0.0,0.0,1.0,0.5,0.517
amer_jamous__jor,Amer Jamous,JOR,MID,kvalifikation,Kvalifikation,6,3,0,0,0,0,0,2,6.0,3.08,2.7720000000000002,1.296,1.44,0.0,0.0,0.5,0.0,0.0,0.468,0.0,0.0,0.9,0.45,0.4212
amer_jamous__jor,Amer Jamous,JOR,MID,venskabskamp,Venskabskamp,9,2,0,1,0,0,1,3,9.0,6.92,3.5984000000000003,0.7072,1.36,0.0,1.0,0.222,0.0,0.111,0.197,0.0,0.145,0.52,0.1154,0.1024
amin_chiakha__alg,Amin Chiakha,ALG,FWD,slutrunde,Slutrunde,14,0,0,14,0,0,14,0,14.0,10.88,10.88,0.0,0.0,0.0,10.88,0.0,0.0,1.0,0.0,0.0,1.0,1.0,0.0,0.0
amin_chiakha__alg,Amin Chiakha,ALG,FWD,kvalifikation,Kvalifikation,8,0,0,3,0,0,3,3,8.0,4.640000000000001,4.176,0.0,0.0,0.0,2.04,0.0,0.0,0.375,0.0,0.0,0.44,0.9,0.0,0.0
amin_chiakha__alg,Amin Chiakha,ALG,FWD,venskabskamp,Venskabskamp,7,0,0,4,0,0,4,2,7.0,5.04,2.6208,0.0,0.0,0.0,2.72,0.0,0.0,0.571,0.0,0.0,0.54,0.52,0.0,0.0
amine_adli__mar,Amine Adli,MAR,FWD,slutrunde,Slutrunde,24,1,0,20,0,0,20,0,24.0,16.92,16.92,0.32,0.32,0.0,15.64,0.042,0.0,0.833,0.019,0.0,0.924,1.0,0.042,0.019
amine_adli__mar,Amine Adli,MAR,FWD,kvalifikation,Kvalifikation,16,2,0,2,2,0,2,3,14.0,7.8,6.156000000000001,0.72,0.8,0.0,1.0,0.143,0.0,0.125,0.117,0.0,0.128,0.9,0.1287,0.1053
amine_adli__mar,Amine Adli,MAR,FWD,venskabskamp,Venskabskamp,12,2,0,4,0,0,4,4,12.0,6.840000000000001,3.5568000000000004,0.33280000000000004,0.64,0.0,2.72,0.167,0.0,0.333,0.094,0.0,0.398,0.52,0.0868,0.0489
amine_gouiri__alg,Amine Gouiri,ALG,FWD,slutrunde,Slutrunde,17,0,0,8,9,0,8,0,8.0,11.84,5.95,0.0,0.0,0.0,5.95,0.0,0.0,0.471,0.0,0.0,0.503,1.0,0.0,0.0
amine_gouiri__alg,Amine Gouiri,ALG,FWD,kvalifikation,Kvalifikation,16,10,0,0,0,0,0,1,16.0,8.16,7.344,4.392,4.88,0.0,0.0,0.625,0.0,0.0,0.598,0.0,0.0,0.9,0.5625,0.5382
amine_gouiri__alg,Amine Gouiri,ALG,FWD,venskabskamp,Venskabskamp,13,7,0,3,3,0,3,0,10.0,7.640000000000001,3.0992,2.3296,4.48,0.0,1.48,0.7,0.0,0.231,0.752,0.0,0.194,0.52,0.364,0.391
amir_hadziahmetovic__bih,Amir Hadziahmetovic,BIH,MID,kvalifikation,Kvalifikation,30,12,0,7,1,0,7,2,29.0,11.66,10.206000000000001,2.3040000000000003,2.56,0.0,3.8800000000000003,0.414,0.0,0.233,0.226,0.0,0.333,0.9,0.3726,0.2034
amir_hadziahmetovic__bih,Amir Hadziahmetovic,BIH,MID,nations_league,Nations League,18,6,0,7,2,0,7,0,16.0,4.68,3.4944,0.7020000000000002,0.9,0.0,3.08,0.375,0.0,0.389,0.201,0.0,0.658,0.78,0.2925,0.1568
amir_hadziahmetovic__bih,Amir Hadziahmetovic,BIH,MID,venskabskamp,Venskabskamp,14,4,0,3,3,0,3,1,11.0,5.46,2.3712,0.31200000000000006,0.6000000000000001,0.0,1.56,0.364,0.0,0.214,0.132,0.0,0.286,0.52,0.1893,0.0686
amirhossein_hosseinzadeh__irn,Amirhossein Hosseinzadeh,IRN,FWD,slutrunde,Slutrunde,16,3,0,9,0,0,9,4,16.0,6.2,6.2,2.04,2.04,0.0,2.52,0.188,0.0,0.562,0.329,0.0,0.406,1.0,0.188,0.329
amirhossein_hosseinzadeh__irn,Amirhossein Hosseinzadeh,IRN,FWD,kvalifikation,Kvalifikation,18,1,0,8,0,0,8,4,18.0,7.64,6.876,0.432,0.48,0.0,3.2,0.056,0.0,0.444,0.063,0.0,0.419,0.9,0.0504,0.0567
amirhossein_hosseinzadeh__irn,Amirhossein Hosseinzadeh,IRN,FWD,venskabskamp,Venskabskamp,19,6,0,8,1,0,8,1,18.0,9.24,4.7008,2.4128000000000003,4.640000000000001,0.0,2.08,0.333,0.0,0.421,0.513,0.0,0.225,0.52,0.1732,0.2668
anass_salah_eddine__mar,Anass Salah-Eddine,MAR,DEF,slutrunde,Slutrunde,13,2,0,6,0,0,4,3,13.0,10.879999999999999,10.879999999999999,1.7,1.7,0.0,4.93,0.154,0.0,0.462,0.156,0.0,0.453,1.0,0.154,0.156
anass_salah_eddine__mar,Anass Salah-Eddine,MAR,DEF,venskabskamp,Venskabskamp,6,4,0,0,0,0,0,1,6.0,5.2,2.704,1.7056,3.2800000000000002,0.0,0.0,0.667,0.0,0.0,0.631,0.0,0.0,0.52,0.3468,0.3281
andreas_schjelderup__nor,Andreas Schjelderup,NOR,MID,kvalifikation,Kvalifikation,8,2,0,0,0,0,0,3,8.0,5.04,4.5360000000000005,0.864,0.96,0.0,0.0,0.25,0.0,0.0,0.19,0.0,0.0,0.9,0.225,0.171
andreas_schjelderup__nor,Andreas Schjelderup,NOR,MID,nations_league,Nations League,6,0,0,6,0,0,6,0,6.0,2.88,2.2464,0.0,0.0,0.0,2.88,0.0,0.0,1.0,0.0,0.0,1.0,0.78,0.0,0.0
andreas_schjelderup__nor,Andreas Schjelderup,NOR,MID,venskabskamp,Venskabskamp,7,3,0,0,0,0,0,1,7.0,5.16,2.6832000000000003,1.1856,2.2800000000000002,0.0,0.0,0.429,0.0,0.0,0.442,0.0,0.0,0.52,0.2231,0.2298
andrej_kramari__cro,Andrej Kramaric,CRO,FWD,slutrunde,Slutrunde,25,16,0,0,0,0,0,1,25.0,4.74,4.74,3.74,3.74,0.0,0.0,0.64,0.0,0.0,0.789,0.0,0.0,1.0,0.64,0.789
andrej_kramari__cro,Andrej Kramaric,CRO,FWD,nations_league_finals,Nations League-slutrunde,4,4,0,0,0,0,0,0,4.0,1.6,1.52,1.52,1.6,0.0,0.0,1.0,0.0,0.0,1.0,0.0,0.0,0.95,0.95,0.95
andrej_kramari__cro,Andrej Kramaric,CRO,FWD,kvalifikation,Kvalifikation,56,27,0,4,5,0,4,4,51.0,12.46,10.368000000000002,6.5520000000000005,7.28,0.0,0.4,0.529,0.0,0.071,0.632,0.0,0.032,0.9,0.4761,0.5688
andrej_kramari__cro,Andrej Kramaric,CRO,FWD,nations_league,Nations League,22,13,0,2,1,0,2,0,21.0,5.08,3.8844000000000003,2.7300000000000004,3.5,0.0,0.2,0.619,0.0,0.091,0.703,0.0,0.039,0.78,0.4828,0.5483
andrej_kramari__cro,Andrej Kramaric,CRO,FWD,venskabskamp,Venskabskamp,35,14,0,8,2,0,8,0,33.0,7.48,3.7856000000000005,1.6328,3.14,0.0,0.8,0.424,0.0,0.229,0.431,0.0,0.107,0.52,0.2205,0.2241
andres_andrade__pan,Andres Andrade,PAN,DEF,slutrunde,Slutrunde,21,8,0,7,4,0,7,1,17.0,7.5600000000000005,5.640000000000001,3.64,3.64,0.0,1.0,0.471,0.0,0.333,0.645,0.0,0.132,1.0,0.471,0.645
andres_andrade__pan,Andres Andrade,PAN,DEF,nations_league_finals,Nations League-slutrunde,10,5,0,0,4,0,0,1,6.0,3.84,1.8239999999999998,1.52,1.6,0.0,0.0,0.833,0.0,0.0,0.833,0.0,0.0,0.95,0.7913,0.7913
andres_andrade__pan,Andres Andrade,PAN,DEF,kvalifikation,Kvalifikation,30,21,0,5,3,0,5,1,27.0,10.200000000000001,8.136000000000001,6.6240000000000006,7.36,0.0,1.48,0.778,0.0,0.167,0.814,0.0,0.145,0.9,0.7002,0.7326
andres_andrade__pan,Andres Andrade,PAN,DEF,nations_league,Nations League,12,5,0,5,0,0,5,2,12.0,2.48,1.9344000000000001,1.1544,1.48,0.0,0.8,0.417,0.0,0.417,0.597,0.0,0.323,0.78,0.3253,0.4657
andres_andrade__pan,Andres Andrade,PAN,DEF,venskabskamp,Venskabskamp,36,5,0,19,5,0,19,2,31.0,12.4,4.9712000000000005,1.3,2.5,0.0,4.32,0.161,0.0,0.528,0.262,0.0,0.348,0.52,0.0837,0.1362
andr_s_cubas__par,Andres Cubas,PAR,MID,slutrunde,Slutrunde,8,3,0,2,0,0,2,1,8.0,2.44,2.44,1.16,1.16,0.0,0.6799999999999999,0.375,0.0,0.25,0.475,0.0,0.279,1.0,0.375,0.475
andr_s_cubas__par,Andres Cubas,PAR,MID,kvalifikation,Kvalifikation,36,18,0,13,2,0,13,3,34.0,11.38,9.666,6.12,6.8,0.0,3.44,0.529,0.0,0.361,0.633,0.0,0.302,0.9,0.4761,0.5697
andr_s_cubas__par,Andres Cubas,PAR,MID,venskabskamp,Venskabskamp,20,10,0,6,2,0,6,2,18.0,9.02,4.4824,1.9448,3.74,0.0,4.0,0.556,0.0,0.3,0.434,0.0,0.443,0.52,0.2891,0.2257
ange_yoan_bonny__civ,Ange-Yoan Bonny,CIV,FWD,venskabskamp,Venskabskamp,1,0,0,0,0,0,0,0,1.0,1.0,0.52,0.0,0.0,0.0,0.0,0.0,0.0,0.0,0.0,0.0,0.0,0.52,0.0,0.0
ngel_romero__par,Angel Romero,PAR,FWD,slutrunde,Slutrunde,21,4,0,13,0,0,13,1,21.0,3.74,3.74,0.8,0.8,0.0,1.3,0.19,0.0,0.619,0.214,0.0,0.348,1.0,0.19,0.214
ngel_romero__par,Angel Romero,PAR,FWD,kvalifikation,Kvalifikation,58,20,0,20,0,0,20,7,58.0,13.58,12.222000000000001,3.0420000000000003,3.3800000000000003,0.0,4.66,0.345,0.0,0.345,0.249,0.0,0.343,0.9,0.3105,0.2241
ngel_romero__par,Angel Romero,PAR,FWD,venskabskamp,Venskabskamp,43,6,0,21,0,0,21,8,43.0,7.62,3.9624,0.5096,0.98,0.0,2.92,0.14,0.0,0.488,0.129,0.0,0.383,0.52,0.0728,0.0671
ngelo_preciado__ecu,Angelo Preciado,ECU,DEF,slutrunde,Slutrunde,15,12,0,3,0,0,3,0,15.0,3.82,3.82,3.52,3.52,0.0,0.30000000000000004,0.8,0.0,0.2,0.921,0.0,0.079,1.0,0.8,0.921
ngelo_preciado__ecu,Angelo Preciado,ECU,DEF,kvalifikation,Kvalifikation,36,17,0,4,4,0,4,2,32.0,11.38,8.514000000000001,4.8420000000000005,5.38,0.0,1.08,0.531,0.0,0.111,0.569,0.0,0.095,0.9,0.4779,0.5121
ngelo_preciado__ecu,Angelo Preciado,ECU,DEF,venskabskamp,Venskabskamp,40,10,0,13,1,0,13,9,39.0,11.88,6.1256,1.9552,3.7600000000000002,0.0,1.7000000000000002,0.256,0.0,0.325,0.319,0.0,0.143,0.52,0.1331,0.1659
angelo_stiller__ger,Angelo Stiller,GER,MID,nations_league_finals,Nations League-slutrunde,4,1,0,0,2,0,0,1,2.0,2.12,0.9119999999999999,0.45599999999999996,0.48,0.0,0.0,0.5,0.0,0.0,0.5,0.0,0.0,0.95,0.475,0.475
angelo_stiller__ger,Angelo Stiller,GER,MID,kvalifikation,Kvalifikation,6,1,0,2,0,0,2,3,6.0,4.08,3.6720000000000006,0.6120000000000001,0.68,0.0,1.36,0.167,0.0,0.333,0.167,0.0,0.333,0.9,0.1503,0.1503
angelo_stiller__ger,Angelo Stiller,GER,MID,nations_league,Nations League,6,1,0,0,2,0,0,1,4.0,2.88,1.4976,0.3744,0.48,0.0,0.0,0.25,0.0,0.0,0.25,0.0,0.0,0.78,0.195,0.195
angelo_stiller__ger,Angelo Stiller,GER,MID,venskabskamp,Venskabskamp,4,2,0,0,0,0,0,1,4.0,3.84,1.9968000000000001,0.9568000000000001,1.84,0.0,0.0,0.5,0.0,0.0,0.479,0.0,0.0,0.52,0.26,0.2491
angus_gunn__sco,Angus Gunn,SCO,GK,slutrunde,Slutrunde,3,3,0,0,0,0,0,0,3.0,1.44,1.44,1.44,1.44,0.0,0.0,1.0,0.0,0.0,1.0,0.0,0.0,1.0,1.0,1.0
angus_gunn__sco,Angus Gunn,SCO,GK,kvalifikation,Kvalifikation,14,10,0,2,2,0,2,0,12.0,6.4,4.5360000000000005,3.9600000000000004,4.4,0.0,0.64,0.833,0.0,0.143,0.873,0.0,0.1,0.9,0.7497,0.7857
angus_gunn__sco,Angus Gunn,SCO,GK,nations_league,Nations League,8,2,0,6,0,0,6,0,8.0,3.84,2.9952,0.7488,0.96,0.0,2.88,0.25,0.0,0.75,0.25,0.0,0.75,0.78,0.195,0.195
angus_gunn__sco,Angus Gunn,SCO,GK,venskabskamp,Venskabskamp,12,7,0,1,0,0,1,4,12.0,7.28,3.7856,2.1008,4.04,0.0,0.68,0.583,0.0,0.083,0.555,0.0,0.093,0.52,0.3032,0.2886
an_bal_godoy__pan,Anibal Godoy,PAN,MID,slutrunde,Slutrunde,64,32,0,20,4,0,17,2,60.0,11.860000000000001,9.940000000000001,6.62,6.62,0.0,2.52,0.533,0.0,0.312,0.666,0.0,0.212,1.0,0.533,0.666
an_bal_godoy__pan,Anibal Godoy,PAN,MID,nations_league_finals,Nations League-slutrunde,10,7,0,0,0,0,0,1,10.0,3.84,3.6479999999999997,2.432,2.56,0.0,0.0,0.7,0.0,0.0,0.667,0.0,0.0,0.95,0.665,0.6337
an_bal_godoy__pan,Anibal Godoy,PAN,MID,kvalifikation,Kvalifikation,67,44,0,3,2,0,2,7,65.0,13.9,12.330000000000002,8.694,9.66,0.0,1.08,0.677,0.0,0.045,0.705,0.0,0.078,0.9,0.6093,0.6345
an_bal_godoy__pan,Anibal Godoy,PAN,MID,nations_league,Nations League,12,5,0,6,0,0,6,0,12.0,2.48,1.9344000000000001,0.8892000000000001,1.1400000000000001,0.0,1.1400000000000001,0.417,0.0,0.5,0.46,0.0,0.46,0.78,0.3253,0.3588
an_bal_godoy__pan,Anibal Godoy,PAN,MID,venskabskamp,Venskabskamp,95,36,0,41,4,0,41,1,91.0,18.3,7.852,2.9016,5.58,0.0,6.92,0.396,0.0,0.432,0.37,0.0,0.378,0.52,0.2059,0.1924
anis_ben_slimane__tun,Anis Ben Slimane,TUN,MID,slutrunde,Slutrunde,24,9,0,13,0,0,13,1,24.0,9.370000000000001,9.370000000000001,2.16,2.16,0.0,6.8100000000000005,0.375,0.0,0.542,0.231,0.0,0.727,1.0,0.375,0.231
anis_ben_slimane__tun,Anis Ben Slimane,TUN,MID,kvalifikation,Kvalifikation,34,7,0,16,0,0,16,3,34.0,11.6,10.440000000000001,1.6920000000000002,1.88,0.0,7.72,0.206,0.0,0.471,0.162,0.0,0.666,0.9,0.1854,0.1458
anis_ben_slimane__tun,Anis Ben Slimane,TUN,MID,venskabskamp,Venskabskamp,29,10,0,8,0,0,8,5,29.0,12.83,6.671600000000001,2.0384,3.92,0.0,4.53,0.345,0.0,0.276,0.306,0.0,0.353,0.52,0.1794,0.1591
anis_hadj_moussa__alg,Anis Hadj Moussa,ALG,FWD,slutrunde,Slutrunde,14,1,0,9,0,0,9,1,14.0,10.88,10.88,0.85,0.85,0.0,6.63,0.071,0.0,0.643,0.078,0.0,0.609,1.0,0.071,0.078
anis_hadj_moussa__alg,Anis Hadj Moussa,ALG,FWD,kvalifikation,Kvalifikation,14,0,0,5,2,0,5,3,12.0,7.52,5.904,0.0,0.0,0.0,2.6,0.0,0.0,0.357,0.0,0.0,0.346,0.9,0.0,0.0
anis_hadj_moussa__alg,Anis Hadj Moussa,ALG,FWD,venskabskamp,Venskabskamp,10,1,0,1,2,0,1,1,8.0,6.680000000000001,2.5168,0.3536,0.68,0.0,0.68,0.125,0.0,0.1,0.14,0.0,0.102,0.52,0.065,0.0728
ante_budimir__cro,Ante Budimir,CRO,FWD,slutrunde,Slutrunde,14,1,0,1,0,0,1,7,14.0,3.64,3.64,0.48,0.48,0.0,0.2,0.071,0.0,0.071,0.132,0.0,0.055,1.0,0.071,0.132
ante_budimir__cro,Ante Budimir,CRO,FWD,nations_league_finals,Nations League-slutrunde,4,2,0,2,0,0,2,0,4.0,1.6,1.52,0.9119999999999999,0.96,0.0,0.64,0.5,0.0,0.5,0.6,0.0,0.4,0.95,0.475,0.57
ante_budimir__cro,Ante Budimir,CRO,FWD,kvalifikation,Kvalifikation,26,8,0,10,5,0,10,1,21.0,9.46,7.614000000000001,3.2040000000000006,3.56,0.0,3.4400000000000004,0.381,0.0,0.385,0.421,0.0,0.364,0.9,0.3429,0.3789
ante_budimir__cro,Ante Budimir,CRO,FWD,nations_league,Nations League,18,4,0,1,0,0,0,6,18.0,4.68,3.6504000000000003,0.546,0.7000000000000001,0.0,0.48,0.222,0.0,0.056,0.15,0.0,0.103,0.78,0.1732,0.117
ante_budimir__cro,Ante Budimir,CRO,FWD,venskabskamp,Venskabskamp,14,4,0,2,0,0,2,4,14.0,5.38,2.7976,0.884,1.7,0.0,0.64,0.286,0.0,0.143,0.316,0.0,0.119,0.52,0.1487,0.1643
ante_suto__aus,Ante Suto,AUS,FWD,venskabskamp,Venskabskamp,2,0,0,0,0,0,0,2,2.0,1.84,0.9568000000000001,0.0,0.0,0.0,0.0,0.0,0.0,0.0,0.0,0.0,0.0,0.52,0.0,0.0
anthony_elanga__swe,Anthony Elanga,SWE,FWD,kvalifikation,Kvalifikation,18,5,0,4,0,0,4,4,18.0,8.64,7.776000000000001,3.4920000000000004,3.8800000000000003,0.0,1.6400000000000001,0.278,0.0,0.222,0.449,0.0,0.19,0.9,0.2502,0.4041
anthony_elanga__swe,Anthony Elanga,SWE,FWD,nations_league,Nations League,12,2,0,3,0,0,3,2,12.0,4.08,3.1824000000000003,0.5304,0.6799999999999999,0.0,1.16,0.167,0.0,0.25,0.167,0.0,0.284,0.78,0.1303,0.1303
anthony_elanga__swe,Anthony Elanga,SWE,FWD,venskabskamp,Venskabskamp,17,7,0,4,0,0,4,0,17.0,7.68,3.9936000000000003,1.8928,3.64,0.0,1.4000000000000001,0.412,0.0,0.235,0.474,0.0,0.182,0.52,0.2142,0.2465
anthony_gordon__eng,Anthony Gordon,ENG,FWD,slutrunde,Slutrunde,7,0,0,0,0,0,0,6,7.0,3.36,3.36,0.0,0.0,0.0,0.0,0.0,0.0,0.0,0.0,0.0,0.0,1.0,0.0,0.0
anthony_gordon__eng,Anthony Gordon,ENG,FWD,kvalifikation,Kvalifikation,8,2,0,0,3,0,0,0,5.0,5.04,2.8800000000000003,1.2240000000000002,1.36,0.0,0.0,0.4,0.0,0.0,0.425,0.0,0.0,0.9,0.36,0.3825
anthony_gordon__eng,Anthony Gordon,ENG,FWD,nations_league,Nations League,6,5,0,0,0,0,0,1,6.0,2.88,2.2464,1.872,2.4,0.0,0.0,0.833,0.0,0.0,0.833,0.0,0.0,0.78,0.6497,0.6497
anthony_gordon__eng,Anthony Gordon,ENG,FWD,venskabskamp,Venskabskamp,9,5,0,2,0,0,2,0,9.0,5.640000000000001,2.9328000000000003,1.6016000000000001,3.08,0.0,1.24,0.556,0.0,0.222,0.546,0.0,0.22,0.52,0.2891,0.2839
anthony_mandrea__alg,Anthony Mandrea,ALG,GK,slutrunde,Slutrunde,23,4,0,15,0,0,15,4,23.0,13.040000000000001,13.040000000000001,1.81,1.81,0.0,7.83,0.174,0.0,0.652,0.139,0.0,0.6,1.0,0.174,0.139
anthony_mandrea__alg,Anthony Mandrea,ALG,GK,kvalifikation,Kvalifikation,20,9,0,7,2,0,7,2,18.0,9.2,7.416,3.06,3.4,0.0,3.8800000000000003,0.5,0.0,0.35,0.413,0.0,0.422,0.9,0.45,0.3717
anthony_mandrea__alg,Anthony Mandrea,ALG,GK,venskabskamp,Venskabskamp,19,8,0,5,2,0,5,4,17.0,8.280000000000001,4.0976,1.3936000000000002,2.68,0.0,2.56,0.471,0.0,0.263,0.34,0.0,0.309,0.52,0.2449,0.1768
anthony_ralston__sco,Anthony Ralston,SCO,DEF,slutrunde,Slutrunde,3,3,0,0,0,0,0,0,3.0,1.44,1.44,1.44,1.44,0.0,0.0,1.0,0.0,0.0,1.0,0.0,0.0,1.0,1.0,1.0
anthony_ralston__sco,Anthony Ralston,SCO,DEF,kvalifikation,Kvalifikation,16,1,0,9,0,0,9,2,16.0,6.800000000000001,6.120000000000001,0.6120000000000001,0.68,0.0,3.24,0.062,0.0,0.562,0.1,0.0,0.476,0.9,0.0558,0.09
anthony_ralston__sco,Anthony Ralston,SCO,DEF,nations_league,Nations League,14,10,0,0,0,0,0,1,14.0,5.04,3.9312000000000005,3.3072,4.24,0.0,0.0,0.714,0.0,0.0,0.841,0.0,0.0,0.78,0.5569,0.656
anthony_ralston__sco,Anthony Ralston,SCO,DEF,venskabskamp,Venskabskamp,15,2,0,5,0,0,5,4,15.0,7.88,4.0976,0.6032,1.1600000000000001,0.0,1.24,0.133,0.0,0.333,0.147,0.0,0.157,0.52,0.0692,0.0764
anthony_valencia__ecu,Anthony Valencia,ECU,FWD,venskabskamp,Venskabskamp,5,1,0,0,0,0,0,3,5.0,3.24,1.6848,0.52,1.0,0.0,0.0,0.2,0.0,0.0,0.309,0.0,0.0,0.52,0.104,0.1607
antoine_mendy__sen,Antoine Mendy,SEN,DEF,slutrunde,Slutrunde,13,1,0,6,0,0,6,6,13.0,10.03,10.03,0.85,0.85,0.0,4.08,0.077,0.0,0.462,0.085,0.0,0.407,1.0,0.077,0.085
antoine_mendy__sen,Antoine Mendy,SEN,DEF,kvalifikation,Kvalifikation,6,1,0,0,0,0,0,4,6.0,3.68,3.3120000000000003,0.432,0.48,0.0,0.0,0.167,0.0,0.0,0.13,0.0,0.0,0.9,0.1503,0.117
antoine_mendy__sen,Antoine Mendy,SEN,DEF,venskabskamp,Venskabskamp,7,2,0,1,0,0,1,3,7.0,5.5600000000000005,2.8912000000000004,0.7072,1.36,0.0,1.0,0.286,0.0,0.143,0.245,0.0,0.18,0.52,0.1487,0.1274
antoine_semenyo__gha,Antoine Semenyo,GHA,FWD,slutrunde,Slutrunde,9,3,0,3,0,0,3,1,9.0,2.16,2.16,0.96,0.96,0.0,0.6000000000000001,0.333,0.0,0.333,0.444,0.0,0.278,1.0,0.333,0.444
antoine_semenyo__gha,Antoine Semenyo,GHA,FWD,kvalifikation,Kvalifikation,22,14,0,4,0,0,4,0,22.0,9.6,8.64,6.228000000000001,6.92,0.0,1.48,0.636,0.0,0.182,0.721,0.0,0.154,0.9,0.5724,0.6489
antoine_semenyo__gha,Antoine Semenyo,GHA,FWD,venskabskamp,Venskabskamp,19,7,0,7,0,0,6,1,19.0,9.08,4.7216000000000005,1.9760000000000002,3.8000000000000003,0.0,3.36,0.368,0.0,0.368,0.419,0.0,0.37,0.52,0.1914,0.2179
anton_stach__ger,Anton Stach,GER,MID,slutrunde,Slutrunde,8,0,0,8,0,0,8,0,8.0,3.0,3.0,0.0,0.0,0.0,3.0,0.0,0.0,1.0,0.0,0.0,1.0,1.0,0.0,0.0
anton_stach__ger,Anton Stach,GER,MID,nations_league_finals,Nations League-slutrunde,4,0,0,4,0,0,4,0,4.0,2.12,2.014,0.0,0.0,0.0,2.12,0.0,0.0,1.0,0.0,0.0,1.0,0.95,0.0,0.0
anton_stach__ger,Anton Stach,GER,MID,kvalifikation,Kvalifikation,6,0,0,6,0,0,6,0,6.0,4.08,3.6720000000000006,0.0,0.0,0.0,4.08,0.0,0.0,1.0,0.0,0.0,1.0,0.9,0.0,0.0
anton_stach__ger,Anton Stach,GER,MID,nations_league,Nations League,12,0,0,9,0,0,9,2,12.0,4.08,3.1824000000000003,0.0,0.0,0.0,3.48,0.0,0.0,0.75,0.0,0.0,0.853,0.78,0.0,0.0
anton_stach__ger,Anton Stach,GER,MID,venskabskamp,Venskabskamp,20,0,0,16,0,0,16,2,20.0,7.16,3.7232000000000003,0.0,0.0,0.0,4.92,0.0,0.0,0.8,0.0,0.0,0.687,0.52,0.0,0.0
antonee_robinson__usa,Antonee Robinson,USA,DEF,slutrunde,Slutrunde,30,7,0,17,6,0,17,0,24.0,9.72,5.640000000000001,2.24,2.24,0.0,3.4000000000000004,0.292,0.0,0.567,0.397,0.0,0.35,1.0,0.292,0.397
antonee_robinson__usa,Antonee Robinson,USA,DEF,nations_league_finals,Nations League-slutrunde,12,9,0,2,0,0,2,1,12.0,4.14,3.933,2.831,2.98,0.0,0.96,0.75,0.0,0.167,0.72,0.0,0.232,0.95,0.7125,0.684
antonee_robinson__usa,Antonee Robinson,USA,DEF,kvalifikation,Kvalifikation,14,11,0,1,0,0,1,0,14.0,2.8000000000000003,2.5200000000000005,1.9800000000000002,2.2,0.0,0.2,0.786,0.0,0.071,0.786,0.0,0.071,0.9,0.7074,0.7074
antonee_robinson__usa,Antonee Robinson,USA,DEF,nations_league,Nations League,8,3,0,4,0,0,4,1,8.0,1.2000000000000002,0.9360000000000002,0.4680000000000001,0.6000000000000001,0.0,0.4,0.375,0.0,0.5,0.5,0.0,0.333,0.78,0.2925,0.39
antonee_robinson__usa,Antonee Robinson,USA,DEF,venskabskamp,Venskabskamp,60,18,0,22,11,0,22,5,49.0,19.12,8.06,3.7336,7.18,0.0,7.1000000000000005,0.367,0.0,0.367,0.463,0.0,0.371,0.52,0.1908,0.2408
antonio_nusa__nor,Antonio Nusa,NOR,MID,kvalifikation,Kvalifikation,12,7,0,0,3,0,0,0,9.0,6.32,4.5360000000000005,3.960000000000001,4.4,0.0,0.0,0.778,0.0,0.0,0.873,0.0,0.0,0.9,0.7002,0.7857
antonio_nusa__nor,Antonio Nusa,NOR,MID,nations_league,Nations League,6,5,0,0,0,0,0,0,6.0,2.88,2.2464,1.872,2.4,0.0,0.0,0.833,0.0,0.0,0.833,0.0,0.0,0.78,0.6497,0.6497
antonio_nusa__nor,Antonio Nusa,NOR,MID,venskabskamp,Venskabskamp,11,4,0,0,1,0,0,2,10.0,6.44,3.1824000000000003,1.4144,2.72,0.0,0.0,0.4,0.0,0.0,0.444,0.0,0.0,0.52,0.208,0.2309
antonio_r_diger__ger,Antonio Rüdiger,GER,DEF,slutrunde,Slutrunde,33,17,0,7,6,0,7,3,27.0,5.9,5.3,4.3,4.3,0.0,0.7000000000000001,0.63,0.0,0.212,0.811,0.0,0.119,1.0,0.63,0.811
antonio_r_diger__ger,Antonio Rüdiger,GER,DEF,nations_league_finals,Nations League-slutrunde,4,2,0,0,2,0,0,0,2.0,2.12,0.9119999999999999,0.9119999999999999,0.96,0.0,0.0,1.0,0.0,0.0,1.0,0.0,0.0,0.95,0.95,0.95
antonio_r_diger__ger,Antonio Rüdiger,GER,DEF,kvalifikation,Kvalifikation,44,14,0,4,18,0,3,7,26.0,8.58,3.9240000000000004,2.6640000000000006,2.96,0.0,0.5,0.538,0.0,0.091,0.679,0.0,0.058,0.9,0.4842,0.6111
antonio_r_diger__ger,Antonio Rüdiger,GER,DEF,nations_league,Nations League,22,14,0,5,2,0,5,1,20.0,5.08,3.8064000000000004,2.2932,2.94,0.0,1.46,0.7,0.0,0.227,0.602,0.0,0.287,0.78,0.546,0.4696
antonio_r_diger__ger,Antonio Rüdiger,GER,DEF,venskabskamp,Venskabskamp,52,30,0,5,6,0,5,7,46.0,12.26,5.9072000000000005,3.12,6.0,0.0,0.72,0.652,0.0,0.096,0.528,0.0,0.059,0.52,0.339,0.2746
antonio_sanabria__par,Antonio Sanabria,PAR,FWD,slutrunde,Slutrunde,21,1,0,18,0,0,18,1,21.0,3.74,3.74,0.1,0.1,0.0,3.44,0.048,0.0,0.857,0.027,0.0,0.92,1.0,0.048,0.027
antonio_sanabria__par,Antonio Sanabria,PAR,FWD,kvalifikation,Kvalifikation,58,15,0,12,10,0,12,8,48.0,13.58,10.746,4.788,5.32,0.0,1.5,0.312,0.0,0.207,0.446,0.0,0.11,0.9,0.2808,0.4014
antonio_sanabria__par,Antonio Sanabria,PAR,FWD,venskabskamp,Venskabskamp,49,10,0,25,4,0,20,2,45.0,11.92,5.9904,2.0176000000000003,3.8800000000000003,0.0,4.66,0.222,0.0,0.51,0.337,0.0,0.391,0.52,0.1154,0.1752
ao_tanaka__jpn,Ao Tanaka,JPN,MID,slutrunde,Slutrunde,18,4,0,11,0,0,11,2,18.0,5.34,5.34,0.6000000000000001,0.6000000000000001,0.0,4.24,0.222,0.0,0.611,0.112,0.0,0.794,1.0,0.222,0.112
ao_tanaka__jpn,Ao Tanaka,JPN,MID,kvalifikation,Kvalifikation,30,12,0,9,0,0,9,5,30.0,9.84,8.856,3.3840000000000003,3.76,0.0,2.48,0.4,0.0,0.3,0.382,0.0,0.252,0.9,0.36,0.3438
ao_tanaka__jpn,Ao Tanaka,JPN,MID,venskabskamp,Venskabskamp,31,10,0,6,4,0,6,4,27.0,11.66,5.0232,2.5168000000000004,4.84,0.0,0.7000000000000001,0.37,0.0,0.194,0.501,0.0,0.06,0.52,0.1924,0.2605
aqtay_abdallah__egy,Aqtay Abdallah,EGY,FWD,venskabskamp,Venskabskamp,1,0,0,0,0,0,0,1,1.0,1.0,0.52,0.0,0.0,0.0,0.0,0.0,0.0,0.0,0.0,0.0,0.0,0.52,0.0,0.0
ar_jany_martha__cuw,Ar'jany Martha,CUW,FWD,slutrunde,Slutrunde,3,0,0,0,0,0,0,3,3.0,2.04,2.04,0.0,0.0,0.0,0.0,0.0,0.0,0.0,0.0,0.0,0.0,1.0,0.0,0.0
ar_jany_martha__cuw,Ar'jany Martha,CUW,FWD,kvalifikation,Kvalifikation,8,0,0,0,0,0,0,6,8.0,5.44,4.896000000000001,0.0,0.0,0.0,0.0,0.0,0.0,0.0,0.0,0.0,0.0,0.9,0.0,0.0
ar_jany_martha__cuw,Ar'jany Martha,CUW,FWD,nations_league,Nations League,6,2,0,1,0,0,1,1,6.0,2.88,2.2464,0.7488,0.96,0.0,0.48,0.333,0.0,0.167,0.333,0.0,0.167,0.78,0.2597,0.2597
ar_jany_martha__cuw,Ar'jany Martha,CUW,FWD,venskabskamp,Venskabskamp,3,0,0,0,0,0,0,2,3.0,2.84,1.4768000000000001,0.0,0.0,0.0,0.0,0.0,0.0,0.0,0.0,0.0,0.0,0.52,0.0,0.0
arda_g_ler__tur,Arda Güler,TUR,MID,slutrunde,Slutrunde,5,4,0,0,0,0,0,0,5.0,2.4,2.4,1.92,1.92,0.0,0.0,0.8,0.0,0.0,0.8,0.0,0.0,1.0,0.8,0.8
arda_g_ler__tur,Arda Güler,TUR,MID,kvalifikation,Kvalifikation,16,8,0,0,4,0,0,2,12.0,8.24,6.264000000000001,5.0040000000000004,5.5600000000000005,0.0,0.0,0.667,0.0,0.0,0.799,0.0,0.0,0.9,0.6003,0.7191
arda_g_ler__tur,Arda Güler,TUR,MID,nations_league,Nations League,8,7,0,1,0,0,0,0,8.0,3.84,2.9952,2.6208,3.36,0.0,0.48,0.875,0.0,0.125,0.875,0.0,0.125,0.78,0.6825,0.6825
arda_g_ler__tur,Arda Güler,TUR,MID,venskabskamp,Venskabskamp,12,4,0,1,2,0,1,1,10.0,5.84,2.704,1.3936000000000002,2.68,0.0,0.32,0.4,0.0,0.083,0.515,0.0,0.055,0.52,0.208,0.2678
ardon_jashari__sui,Ardon Jashari,SUI,MID,slutrunde,Slutrunde,9,0,0,0,0,0,0,8,9.0,3.2,3.2,0.0,0.0,0.0,0.0,0.0,0.0,0.0,0.0,0.0,0.0,1.0,0.0,0.0
ardon_jashari__sui,Ardon Jashari,SUI,MID,kvalifikation,Kvalifikation,16,0,0,9,5,0,9,2,11.0,7.04,3.6000000000000005,0.0,0.0,0.0,3.3600000000000003,0.0,0.0,0.562,0.0,0.0,0.477,0.9,0.0,0.0
ardon_jashari__sui,Ardon Jashari,SUI,MID,nations_league,Nations League,7,0,0,4,1,0,4,1,6.0,3.08,2.028,0.0,0.0,0.0,1.92,0.0,0.0,0.571,0.0,0.0,0.623,0.78,0.0,0.0
ardon_jashari__sui,Ardon Jashari,SUI,MID,venskabskamp,Venskabskamp,13,2,0,4,0,0,4,3,13.0,7.8,4.056,0.8320000000000001,1.6,0.0,1.6,0.154,0.0,0.308,0.205,0.0,0.205,0.52,0.0801,0.1066
aribim_pepple__can,Aribim Pepple,CAN,FWD,venskabskamp,Venskabskamp,2,0,0,0,0,0,0,2,2.0,1.84,0.9568000000000001,0.0,0.0,0.0,0.0,0.0,0.0,0.0,0.0,0.0,0.0,0.52,0.0,0.0
armando_gonzalez__mex,Armando Gonzalez,MEX,FWD,venskabskamp,Venskabskamp,10,3,0,0,0,0,0,3,10.0,8.75,4.55,1.404,2.7,0.0,0.0,0.3,0.0,0.0,0.309,0.0,0.0,0.52,0.156,0.1607
armando_obispo__cuw,Armando Obispo,CUW,DEF,kvalifikation,Kvalifikation,4,4,0,0,0,0,0,0,4.0,2.72,2.4480000000000004,2.4480000000000004,2.72,0.0,0.0,1.0,0.0,0.0,1.0,0.0,0.0,0.9,0.9,0.9
armando_obispo__cuw,Armando Obispo,CUW,DEF,venskabskamp,Venskabskamp,3,1,0,2,0,0,2,0,3.0,2.84,1.4768000000000001,0.52,1.0,0.0,1.84,0.333,0.0,0.667,0.352,0.0,0.648,0.52,0.1732,0.183
armin_gigovic__bih,Armin Gigovic,BIH,MID,kvalifikation,Kvalifikation,10,5,0,0,0,0,0,2,10.0,6.880000000000001,6.192000000000001,2.7,3.0,0.0,0.0,0.5,0.0,0.0,0.436,0.0,0.0,0.9,0.45,0.3924
armin_gigovic__bih,Armin Gigovic,BIH,MID,nations_league,Nations League,6,5,0,0,0,0,0,0,6.0,2.88,2.2464,1.872,2.4,0.0,0.0,0.833,0.0,0.0,0.833,0.0,0.0,0.78,0.6497,0.6497
armin_gigovic__bih,Armin Gigovic,BIH,MID,venskabskamp,Venskabskamp,6,4,0,0,0,0,0,0,6.0,4.16,2.1632000000000002,1.2896,2.48,0.0,0.0,0.667,0.0,0.0,0.596,0.0,0.0,0.52,0.3468,0.3099
arthur_masuaku__cod,Arthur Masuaku,COD,DEF,slutrunde,Slutrunde,26,9,0,5,8,0,5,4,18.0,9.76,6.3,3.72,3.72,0.0,1.9600000000000002,0.5,0.0,0.192,0.59,0.0,0.201,1.0,0.5,0.59
arthur_masuaku__cod,Arthur Masuaku,COD,DEF,kvalifikation,Kvalifikation,43,21,0,13,3,0,13,5,40.0,14.48,12.366000000000001,7.8660000000000005,8.74,0.0,2.58,0.525,0.0,0.302,0.636,0.0,0.178,0.9,0.4725,0.5724
arthur_masuaku__cod,Arthur Masuaku,COD,DEF,venskabskamp,Venskabskamp,24,12,0,8,2,0,8,1,22.0,7.65,3.6452000000000004,2.3764000000000003,4.57,0.0,1.9200000000000002,0.545,0.0,0.333,0.652,0.0,0.251,0.52,0.2834,0.339
arthur_theate__bel,Arthur Theate,BEL,DEF,slutrunde,Slutrunde,7,3,0,0,0,0,0,4,7.0,2.52,2.52,1.44,1.44,0.0,0.0,0.429,0.0,0.0,0.571,0.0,0.0,1.0,0.429,0.571
arthur_theate__bel,Arthur Theate,BEL,DEF,nations_league_finals,Nations League-slutrunde,2,0,0,0,0,0,0,2,2.0,0.4,0.38,0.0,0.0,0.0,0.0,0.0,0.0,0.0,0.0,0.0,0.0,0.95,0.0,0.0
arthur_theate__bel,Arthur Theate,BEL,DEF,kvalifikation,Kvalifikation,18,15,0,0,0,0,0,1,18.0,8.280000000000001,7.452000000000001,6.048000000000001,6.720000000000001,0.0,0.0,0.833,0.0,0.0,0.812,0.0,0.0,0.9,0.7497,0.7308
arthur_theate__bel,Arthur Theate,BEL,DEF,nations_league,Nations League,14,6,0,0,3,0,0,5,11.0,5.04,2.8080000000000003,2.028,2.6,0.0,0.0,0.545,0.0,0.0,0.722,0.0,0.0,0.78,0.4251,0.5632
arthur_theate__bel,Arthur Theate,BEL,DEF,venskabskamp,Venskabskamp,13,6,0,0,2,0,0,4,11.0,6.5600000000000005,2.9120000000000004,1.1648,2.24,0.0,0.0,0.545,0.0,0.0,0.4,0.0,0.0,0.52,0.2834,0.208
assane_diao_diaoune__sen,Assane Diao Diaoune,SEN,FWD,slutrunde,Slutrunde,13,0,0,3,10,0,3,0,3.0,10.03,2.04,0.0,0.0,0.0,2.04,0.0,0.0,0.231,0.0,0.0,0.203,1.0,0.0,0.0
assane_diao_diaoune__sen,Assane Diao Diaoune,SEN,FWD,kvalifikation,Kvalifikation,6,1,0,0,4,0,0,0,2.0,3.68,0.864,0.432,0.48,0.0,0.0,0.5,0.0,0.0,0.5,0.0,0.0,0.9,0.45,0.45
assane_diao_diaoune__sen,Assane Diao Diaoune,SEN,FWD,venskabskamp,Venskabskamp,7,1,0,0,4,0,0,0,3.0,5.5600000000000005,1.4768000000000001,0.47840000000000005,0.92,0.0,0.0,0.333,0.0,0.0,0.324,0.0,0.0,0.52,0.1732,0.1685
assim_madibo__qat,Assim Madibo,QAT,MID,slutrunde,Slutrunde,52,19,0,15,2,0,15,10,50.0,12.47,10.94,3.5,3.5,0.0,3.04,0.38,0.0,0.288,0.32,0.0,0.244,1.0,0.38,0.32
assim_madibo__qat,Assim Madibo,QAT,MID,kvalifikation,Kvalifikation,31,6,0,17,4,0,17,4,27.0,10.0,7.272,2.4480000000000004,2.72,0.0,4.2,0.222,0.0,0.548,0.337,0.0,0.42,0.9,0.1998,0.3033
assim_madibo__qat,Assim Madibo,QAT,MID,venskabskamp,Venskabskamp,54,18,0,16,0,0,16,7,54.0,11.42,5.938400000000001,1.6432000000000002,3.16,0.0,2.44,0.333,0.0,0.296,0.277,0.0,0.214,0.52,0.1732,0.144
atakan_karazor__tur,Atakan Karazor,TUR,MID,kvalifikation,Kvalifikation,8,0,0,3,0,0,3,3,8.0,5.92,5.328000000000001,0.0,0.0,0.0,2.04,0.0,0.0,0.375,0.0,0.0,0.345,0.9,0.0,0.0
atakan_karazor__tur,Atakan Karazor,TUR,MID,nations_league,Nations League,5,0,0,2,0,0,2,3,5.0,2.4,1.872,0.0,0.0,0.0,0.96,0.0,0.0,0.4,0.0,0.0,0.4,0.78,0.0,0.0
atakan_karazor__tur,Atakan Karazor,TUR,MID,venskabskamp,Venskabskamp,3,0,0,3,0,0,3,0,3.0,2.3600000000000003,1.2272,0.0,0.0,0.0,2.3600000000000003,0.0,0.0,1.0,0.0,0.0,1.0,0.52,0.0,0.0
aubrey_modiba__rsa,Aubrey Modiba,RSA,DEF,slutrunde,Slutrunde,20,10,0,9,0,0,9,0,20.0,8.86,8.86,4.79,4.79,0.0,3.22,0.5,0.0,0.45,0.541,0.0,0.363,1.0,0.5,0.541
aubrey_modiba__rsa,Aubrey Modiba,RSA,DEF,kvalifikation,Kvalifikation,46,15,0,21,0,0,21,8,46.0,12.280000000000001,11.052000000000001,5.796,6.44,0.0,3.56,0.326,0.0,0.457,0.524,0.0,0.29,0.9,0.2934,0.4716
aubrey_modiba__rsa,Aubrey Modiba,RSA,DEF,venskabskamp,Venskabskamp,31,9,0,12,0,0,12,6,31.0,9.4,4.888000000000001,1.8200000000000003,3.5,0.0,2.56,0.29,0.0,0.387,0.372,0.0,0.272,0.52,0.1508,0.1934
aurele_amenda__sui,Aurele Amenda,SUI,DEF,kvalifikation,Kvalifikation,6,0,0,0,0,0,0,6,6.0,4.08,3.6720000000000006,0.0,0.0,0.0,0.0,0.0,0.0,0.0,0.0,0.0,0.0,0.9,0.0,0.0
aurele_amenda__sui,Aurele Amenda,SUI,DEF,nations_league,Nations League,2,1,0,0,1,0,0,0,1.0,0.96,0.3744,0.3744,0.48,0.0,0.0,1.0,0.0,0.0,1.0,0.0,0.0,0.78,0.78,0.78
aurele_amenda__sui,Aurele Amenda,SUI,DEF,venskabskamp,Venskabskamp,8,1,0,0,0,0,0,2,8.0,6.16,3.2032000000000003,0.3536,0.68,0.0,0.0,0.125,0.0,0.0,0.11,0.0,0.0,0.52,0.065,0.0572
aur_lien_tchouam_ni__fra,Aurelien Tchouameni,FRA,MID,slutrunde,Slutrunde,13,12,0,0,0,0,0,1,13.0,4.28,4.28,3.8,3.8,0.0,0.0,0.923,0.0,0.0,0.888,0.0,0.0,1.0,0.923,0.888
aur_lien_tchouam_ni__fra,Aurelien Tchouameni,FRA,MID,nations_league_finals,Nations League-slutrunde,6,4,0,0,0,0,0,1,6.0,2.52,2.394,1.748,1.84,0.0,0.0,0.667,0.0,0.0,0.73,0.0,0.0,0.95,0.6337,0.6935
aur_lien_tchouam_ni__fra,Aurelien Tchouameni,FRA,MID,kvalifikation,Kvalifikation,19,9,0,2,4,0,2,0,15.0,7.4,4.86,2.9160000000000004,3.24,0.0,1.36,0.6,0.0,0.105,0.6,0.0,0.184,0.9,0.54,0.54
aur_lien_tchouam_ni__fra,Aurelien Tchouameni,FRA,MID,nations_league,Nations League,12,7,0,0,4,0,0,0,8.0,4.08,1.6848,1.5288000000000002,1.96,0.0,0.0,0.875,0.0,0.0,0.907,0.0,0.0,0.78,0.6825,0.7075
aur_lien_tchouam_ni__fra,Aurelien Tchouameni,FRA,MID,venskabskamp,Venskabskamp,11,7,0,0,0,0,0,4,11.0,5.48,2.8496,1.7680000000000002,3.4,0.0,0.0,0.636,0.0,0.0,0.62,0.0,0.0,0.52,0.3307,0.3224
awer_mabil__aus,Awer Mabil,AUS,FWD,slutrunde,Slutrunde,14,4,0,0,5,0,0,2,9.0,2.9,1.3,0.4,0.4,0.0,0.0,0.444,0.0,0.0,0.308,0.0,0.0,1.0,0.444,0.308
awer_mabil__aus,Awer Mabil,AUS,FWD,kvalifikation,Kvalifikation,38,9,0,13,4,0,13,2,34.0,10.94,8.694,1.35,1.5,0.0,5.6,0.265,0.0,0.342,0.155,0.0,0.512,0.9,0.2385,0.1395
awer_mabil__aus,Awer Mabil,AUS,FWD,venskabskamp,Venskabskamp,25,7,0,9,1,0,9,3,24.0,11.020000000000001,5.564,0.9464000000000001,1.82,0.0,4.92,0.292,0.0,0.36,0.17,0.0,0.446,0.52,0.1518,0.0884
axel_tuanzebe__cod,Axel Tuanzebe,COD,DEF,slutrunde,Slutrunde,8,3,0,2,2,0,2,1,6.0,6.12,4.76,2.55,2.55,0.0,1.36,0.5,0.0,0.25,0.536,0.0,0.222,1.0,0.5,0.536
axel_tuanzebe__cod,Axel Tuanzebe,COD,DEF,kvalifikation,Kvalifikation,17,8,0,4,4,0,4,1,13.0,9.8,6.732,4.572,5.08,0.0,1.92,0.615,0.0,0.235,0.679,0.0,0.196,0.9,0.5535,0.6111
axel_tuanzebe__cod,Axel Tuanzebe,COD,DEF,venskabskamp,Venskabskamp,5,1,0,2,1,0,2,1,4.0,3.93,1.5652,0.52,1.0,0.0,1.1600000000000001,0.25,0.0,0.4,0.332,0.0,0.295,0.52,0.13,0.1726
axel_witsel__bel,Axel Witsel,BEL,MID,slutrunde,Slutrunde,29,21,0,0,3,0,0,4,26.0,5.22,4.0600000000000005,2.7,2.7,0.0,0.0,0.808,0.0,0.0,0.665,0.0,0.0,1.0,0.808,0.665
axel_witsel__bel,Axel Witsel,BEL,MID,nations_league_finals,Nations League-slutrunde,2,2,0,0,0,0,0,0,2.0,0.4,0.38,0.38,0.4,0.0,0.0,1.0,0.0,0.0,1.0,0.0,0.0,0.95,0.95,0.95
axel_witsel__bel,Axel Witsel,BEL,MID,kvalifikation,Kvalifikation,84,46,0,21,7,0,17,6,77.0,15.180000000000001,13.032000000000002,4.500000000000001,5.0,0.0,6.16,0.597,0.0,0.25,0.345,0.0,0.406,0.9,0.5373,0.3105
axel_witsel__bel,Axel Witsel,BEL,MID,nations_league,Nations League,24,15,0,9,0,0,9,0,24.0,6.04,4.711200000000001,1.6380000000000003,2.1,0.0,3.94,0.625,0.0,0.375,0.348,0.0,0.652,0.78,0.4875,0.2714
axel_witsel__bel,Axel Witsel,BEL,MID,venskabskamp,Venskabskamp,70,42,0,18,2,0,18,1,68.0,12.360000000000001,6.2712,2.8600000000000003,5.5,0.0,2.7600000000000002,0.618,0.0,0.257,0.456,0.0,0.223,0.52,0.3214,0.2371
ayase_ueda__jpn,Ayase Ueda,JPN,FWD,slutrunde,Slutrunde,21,7,0,6,0,0,6,3,21.0,5.640000000000001,5.640000000000001,1.46,1.46,0.0,2.64,0.333,0.0,0.286,0.259,0.0,0.468,1.0,0.333,0.259
ayase_ueda__jpn,Ayase Ueda,JPN,FWD,kvalifikation,Kvalifikation,34,10,0,19,3,0,18,1,31.0,10.24,7.920000000000001,3.636,4.04,0.0,4.08,0.323,0.0,0.559,0.459,0.0,0.398,0.9,0.2907,0.4131
ayase_ueda__jpn,Ayase Ueda,JPN,FWD,venskabskamp,Venskabskamp,33,8,0,12,1,0,11,4,32.0,11.860000000000001,6.000800000000001,2.496,4.8,0.0,1.9400000000000002,0.25,0.0,0.364,0.416,0.0,0.164,0.52,0.13,0.2163
ayman_yahya_salem__ksa,Ayman Yahya Salem,KSA,MID,slutrunde,Slutrunde,27,6,0,13,4,0,13,1,23.0,12.65,10.73,3.29,3.29,0.0,5.03,0.261,0.0,0.481,0.307,0.0,0.398,1.0,0.261,0.307
ayman_yahya_salem__ksa,Ayman Yahya Salem,KSA,MID,kvalifikation,Kvalifikation,32,6,0,17,2,0,17,4,30.0,11.2,9.216000000000001,2.628,2.92,0.0,5.16,0.2,0.0,0.531,0.285,0.0,0.461,0.9,0.18,0.2565
ayman_yahya_salem__ksa,Ayman Yahya Salem,KSA,MID,venskabskamp,Venskabskamp,25,2,0,17,2,0,17,1,23.0,10.14,4.565600000000001,0.5304000000000001,1.02,0.0,5.32,0.087,0.0,0.68,0.116,0.0,0.525,0.52,0.0452,0.0603
aymen_dahmen__tun,Aymen Dahmen,TUN,GK,slutrunde,Slutrunde,24,10,0,6,2,0,6,6,22.0,9.370000000000001,8.97,6.21,6.21,0.0,1.2000000000000002,0.455,0.0,0.25,0.692,0.0,0.128,1.0,0.455,0.692
aymen_dahmen__tun,Aymen Dahmen,TUN,GK,kvalifikation,Kvalifikation,37,12,0,10,0,0,10,14,37.0,11.9,10.71,4.7700000000000005,5.3,0.0,3.12,0.324,0.0,0.27,0.445,0.0,0.262,0.9,0.2916,0.4005
aymen_dahmen__tun,Aymen Dahmen,TUN,GK,venskabskamp,Venskabskamp,32,12,0,2,3,0,2,13,29.0,13.13,6.5676000000000005,2.6676,5.13,0.0,0.78,0.414,0.0,0.062,0.406,0.0,0.059,0.52,0.2153,0.2111
aymen_hussein__irq,Aymen Hussein,IRQ,FWD,slutrunde,Slutrunde,36,17,0,4,2,0,4,5,34.0,9.25,7.55,4.36,4.36,0.0,0.4,0.5,0.0,0.111,0.577,0.0,0.043,1.0,0.5,0.577
aymen_hussein__irq,Aymen Hussein,IRQ,FWD,kvalifikation,Kvalifikation,55,24,0,18,2,0,16,4,53.0,15.58,12.798000000000002,7.992000000000001,8.88,0.0,2.5,0.453,0.0,0.327,0.624,0.0,0.16,0.9,0.4077,0.5616
aymen_hussein__irq,Aymen Hussein,IRQ,FWD,venskabskamp,Venskabskamp,50,16,0,14,0,0,14,2,50.0,9.98,5.1896,1.9240000000000002,3.7,0.0,2.4,0.32,0.0,0.28,0.371,0.0,0.24,0.52,0.1664,0.1929
aymeric_laporte__esp,Aymeric Laporte,ESP,DEF,slutrunde,Slutrunde,18,15,0,1,0,0,1,2,18.0,6.28,6.28,4.68,4.68,0.0,0.92,0.833,0.0,0.056,0.745,0.0,0.146,1.0,0.833,0.745
aymeric_laporte__esp,Aymeric Laporte,ESP,DEF,nations_league_finals,Nations League-slutrunde,8,4,0,3,1,0,3,0,7.0,3.16,2.546,0.988,1.04,0.0,1.6400000000000001,0.571,0.0,0.375,0.388,0.0,0.519,0.95,0.5424,0.3686
aymeric_laporte__esp,Aymeric Laporte,ESP,DEF,kvalifikation,Kvalifikation,19,13,0,5,0,0,3,1,19.0,7.4,6.660000000000001,4.0680000000000005,4.5200000000000005,0.0,2.68,0.684,0.0,0.263,0.611,0.0,0.362,0.9,0.6156,0.5499
aymeric_laporte__esp,Aymeric Laporte,ESP,DEF,nations_league,Nations League,12,5,0,4,2,0,4,1,10.0,4.08,2.8704,1.872,2.4,0.0,0.8,0.5,0.0,0.333,0.652,0.0,0.196,0.78,0.39,0.5086
aymeric_laporte__esp,Aymeric Laporte,ESP,DEF,venskabskamp,Venskabskamp,12,7,0,2,0,0,2,2,12.0,5.34,2.7768,1.5912000000000002,3.06,0.0,0.6799999999999999,0.583,0.0,0.167,0.573,0.0,0.127,0.52,0.3032,0.298
ayoub_al_oui__qat,Ayoub Al-Oui,QAT,DEF,slutrunde,Slutrunde,3,2,0,0,0,0,0,1,3.0,2.21,2.21,1.53,1.53,0.0,0.0,0.667,0.0,0.0,0.692,0.0,0.0,1.0,0.667,0.692
ayoub_al_oui__qat,Ayoub Al-Oui,QAT,DEF,kvalifikation,Kvalifikation,2,2,0,0,0,0,0,0,2.0,1.36,1.2240000000000002,1.2240000000000002,1.36,0.0,0.0,1.0,0.0,0.0,1.0,0.0,0.0,0.9,0.9,0.9
ayoub_al_oui__qat,Ayoub Al-Oui,QAT,DEF,venskabskamp,Venskabskamp,3,3,0,0,0,0,0,0,3.0,2.68,1.3936000000000002,1.3936000000000002,2.68,0.0,0.0,1.0,0.0,0.0,1.0,0.0,0.0,0.52,0.52,0.52
ayoub_el_kaabi__mar,Ayoub El Kaabi,MAR,FWD,slutrunde,Slutrunde,59,22,0,29,1,0,27,1,58.0,22.02,21.82,7.22,7.22,0.0,12.49,0.379,0.0,0.492,0.331,0.0,0.567,1.0,0.379,0.331
ayoub_el_kaabi__mar,Ayoub El Kaabi,MAR,FWD,kvalifikation,Kvalifikation,38,13,0,9,2,0,9,2,36.0,11.22,9.234,3.798,4.22,0.0,1.44,0.361,0.0,0.237,0.411,0.0,0.128,0.9,0.3249,0.3699
ayoub_el_kaabi__mar,Ayoub El Kaabi,MAR,FWD,venskabskamp,Venskabskamp,40,8,0,17,0,0,15,6,40.0,12.46,6.4792000000000005,1.9552,3.7600000000000002,0.0,2.42,0.2,0.0,0.425,0.302,0.0,0.194,0.52,0.104,0.157
ayumu_seko__jpn,Ayumu Seko,JPN,DEF,slutrunde,Slutrunde,8,0,0,8,0,0,8,0,8.0,3.64,3.64,0.0,0.0,0.0,3.64,0.0,0.0,1.0,0.0,0.0,1.0,1.0,0.0,0.0
ayumu_seko__jpn,Ayumu Seko,JPN,DEF,kvalifikation,Kvalifikation,16,3,0,8,0,0,8,4,16.0,7.24,6.516,1.476,1.6400000000000001,0.0,3.2,0.188,0.0,0.5,0.227,0.0,0.442,0.9,0.1692,0.2043
ayumu_seko__jpn,Ayumu Seko,JPN,DEF,venskabskamp,Venskabskamp,18,5,0,5,0,0,5,3,18.0,9.56,4.9712000000000005,1.6432000000000002,3.16,0.0,1.6,0.278,0.0,0.278,0.331,0.0,0.167,0.52,0.1446,0.1721
aziz_behich__aus,Aziz Behich,AUS,DEF,slutrunde,Slutrunde,36,24,0,6,0,0,6,5,36.0,5.1000000000000005,5.1000000000000005,3.9000000000000004,3.9000000000000004,0.0,0.6000000000000001,0.667,0.0,0.167,0.765,0.0,0.118,1.0,0.667,0.765
aziz_behich__aus,Aziz Behich,AUS,DEF,kvalifikation,Kvalifikation,62,28,0,19,0,0,19,9,62.0,13.34,12.006,6.966,7.74,0.0,2.44,0.452,0.0,0.306,0.58,0.0,0.183,0.9,0.4068,0.522
aziz_behich__aus,Aziz Behich,AUS,DEF,venskabskamp,Venskabskamp,49,19,0,18,2,0,18,4,47.0,13.42,6.2712,2.1528,4.140000000000001,0.0,4.44,0.404,0.0,0.367,0.343,0.0,0.331,0.52,0.2101,0.1784
aziz_g_aniyev__uzb,Aziz Ganiev,UZB,MID,slutrunde,Slutrunde,17,0,0,10,4,0,10,2,13.0,6.0,5.6000000000000005,0.0,0.0,0.0,3.56,0.0,0.0,0.588,0.0,0.0,0.593,1.0,0.0,0.0
aziz_g_aniyev__uzb,Aziz Ganiev,UZB,MID,kvalifikation,Kvalifikation,29,0,0,21,3,0,21,4,26.0,9.14,7.686,0.0,0.0,0.0,7.6,0.0,0.0,0.724,0.0,0.0,0.832,0.9,0.0,0.0
aziz_g_aniyev__uzb,Aziz Ganiev,UZB,MID,venskabskamp,Venskabskamp,53,15,0,15,11,0,15,6,42.0,12.56,5.9072000000000005,3.224,6.2,0.0,2.3200000000000003,0.357,0.0,0.283,0.546,0.0,0.185,0.52,0.1856,0.2839
azzedine_ounahi__mar,Azzedine Ounahi,MAR,MID,slutrunde,Slutrunde,36,15,0,13,4,0,11,2,32.0,19.32,15.92,5.43,5.43,0.0,9.69,0.469,0.0,0.361,0.341,0.0,0.502,1.0,0.469,0.341
azzedine_ounahi__mar,Azzedine Ounahi,MAR,MID,kvalifikation,Kvalifikation,21,11,0,4,0,0,4,2,21.0,8.92,8.028,4.104,4.56,0.0,1.6400000000000001,0.524,0.0,0.19,0.511,0.0,0.184,0.9,0.4716,0.4599
azzedine_ounahi__mar,Azzedine Ounahi,MAR,MID,venskabskamp,Venskabskamp,21,14,0,2,2,0,2,1,19.0,10.360000000000001,5.1168000000000005,3.0784000000000002,5.92,0.0,1.6800000000000002,0.737,0.0,0.095,0.602,0.0,0.162,0.52,0.3832,0.313
baghdad_bounedjah__alg,Baghdad Bounedjah,ALG,FWD,slutrunde,Slutrunde,50,18,0,23,0,0,23,3,50.0,16.64,16.64,4.66,4.66,0.0,8.63,0.36,0.0,0.46,0.28,0.0,0.519,1.0,0.36,0.28
baghdad_bounedjah__alg,Baghdad Bounedjah,ALG,FWD,kvalifikation,Kvalifikation,67,18,0,29,0,0,29,5,67.0,14.9,13.410000000000002,4.248,4.72,0.0,5.220000000000001,0.269,0.0,0.433,0.317,0.0,0.35,0.9,0.2421,0.2853
baghdad_bounedjah__alg,Baghdad Bounedjah,ALG,FWD,venskabskamp,Venskabskamp,52,22,0,21,0,0,21,2,52.0,10.34,5.3768,2.5584000000000002,4.92,0.0,3.72,0.423,0.0,0.404,0.476,0.0,0.36,0.52,0.22,0.2475
baha_a_faisal__jor,Baha'a Faisal,JOR,FWD,slutrunde,Slutrunde,24,2,0,16,2,0,16,2,22.0,8.67,8.27,0.4,0.4,0.0,7.47,0.091,0.0,0.667,0.048,0.0,0.862,1.0,0.091,0.048
baha_a_faisal__jor,Baha'a Faisal,JOR,FWD,kvalifikation,Kvalifikation,36,10,0,19,3,0,19,1,33.0,9.94,8.406,1.1700000000000002,1.3,0.0,7.64,0.303,0.0,0.528,0.139,0.0,0.769,0.9,0.2727,0.1251
baha_a_faisal__jor,Baha'a Faisal,JOR,FWD,venskabskamp,Venskabskamp,69,20,0,28,6,0,28,3,63.0,15.3,7.332000000000001,1.6744,3.22,0.0,8.46,0.317,0.0,0.406,0.228,0.0,0.553,0.52,0.1648,0.1186
bamba_dieng__sen,Bamba Dieng,SEN,FWD,slutrunde,Slutrunde,34,1,0,21,1,0,20,2,33.0,14.71,14.51,0.2,0.2,0.0,11.75,0.03,0.0,0.618,0.014,0.0,0.799,1.0,0.03,0.014
bamba_dieng__sen,Bamba Dieng,SEN,FWD,kvalifikation,Kvalifikation,28,0,0,14,6,0,14,1,22.0,10.8,8.064,0.0,0.0,0.0,7.36,0.0,0.0,0.5,0.0,0.0,0.681,0.9,0.0,0.0
bamba_dieng__sen,Bamba Dieng,SEN,FWD,venskabskamp,Venskabskamp,14,1,0,4,3,0,4,2,11.0,7.5600000000000005,3.4320000000000004,0.16640000000000002,0.32,0.0,2.72,0.091,0.0,0.286,0.048,0.0,0.36,0.52,0.0473,0.025
bara_sapoko_ndiaye__sen,Bara Sapoko Ndiaye,SEN,MID,venskabskamp,Venskabskamp,1,1,0,0,0,0,0,0,1.0,1.0,0.52,0.52,1.0,0.0,0.0,1.0,0.0,0.0,1.0,0.0,0.0,0.52,0.52,0.52
baris_alper_yilmaz__tur,Baris Alper Yilmaz,TUR,FWD,slutrunde,Slutrunde,5,5,0,0,0,0,0,0,5.0,2.4,2.4,2.4,2.4,0.0,0.0,1.0,0.0,0.0,1.0,0.0,0.0,1.0,1.0,1.0
baris_alper_yilmaz__tur,Baris Alper Yilmaz,TUR,FWD,kvalifikation,Kvalifikation,19,8,0,4,0,0,2,1,19.0,8.84,7.956000000000001,3.0600000000000005,3.4000000000000004,0.0,1.7600000000000002,0.421,0.0,0.211,0.385,0.0,0.199,0.9,0.3789,0.3465
baris_alper_yilmaz__tur,Baris Alper Yilmaz,TUR,FWD,nations_league,Nations League,14,4,0,7,1,0,6,0,13.0,5.04,3.5568000000000004,1.4976,1.92,0.0,1.6800000000000002,0.308,0.0,0.5,0.421,0.0,0.333,0.78,0.2402,0.3284
baris_alper_yilmaz__tur,Baris Alper Yilmaz,TUR,FWD,venskabskamp,Venskabskamp,13,2,0,3,0,0,3,0,13.0,6.04,3.1408,0.6864,1.32,0.0,0.6000000000000001,0.154,0.0,0.231,0.219,0.0,0.099,0.52,0.0801,0.1139
bart_verbruggen__ned,Bart Verbruggen,NED,GK,slutrunde,Slutrunde,6,6,0,0,0,0,0,0,6.0,2.88,2.88,2.88,2.88,0.0,0.0,1.0,0.0,0.0,1.0,0.0,0.0,1.0,1.0,1.0
bart_verbruggen__ned,Bart Verbruggen,NED,GK,nations_league_finals,Nations League-slutrunde,4,2,0,2,0,0,2,0,4.0,1.6,1.52,0.9119999999999999,0.96,0.0,0.64,0.5,0.0,0.5,0.6,0.0,0.4,0.95,0.475,0.57
bart_verbruggen__ned,Bart Verbruggen,NED,GK,kvalifikation,Kvalifikation,15,10,0,2,0,0,2,3,15.0,7.5600000000000005,6.804000000000001,4.824000000000001,5.36,0.0,1.36,0.667,0.0,0.133,0.709,0.0,0.18,0.9,0.6003,0.6381
bart_verbruggen__ned,Bart Verbruggen,NED,GK,nations_league,Nations League,6,5,0,0,0,0,0,1,6.0,2.88,2.2464,1.872,2.4,0.0,0.0,0.833,0.0,0.0,0.833,0.0,0.0,0.78,0.6497,0.6497
bart_verbruggen__ned,Bart Verbruggen,NED,GK,venskabskamp,Venskabskamp,7,5,0,0,0,0,0,2,7.0,4.44,2.3088,1.6640000000000001,3.2,0.0,0.0,0.714,0.0,0.0,0.721,0.0,0.0,0.52,0.3713,0.3749
bazoumana_toure__civ,Bazoumana Toure,CIV,FWD,slutrunde,Slutrunde,5,0,0,0,0,0,0,2,5.0,4.25,4.25,0.0,0.0,0.0,0.0,0.0,0.0,0.0,0.0,0.0,0.0,1.0,0.0,0.0
bazoumana_toure__civ,Bazoumana Toure,CIV,FWD,kvalifikation,Kvalifikation,4,1,0,0,0,0,0,3,4.0,2.72,2.4480000000000004,0.6120000000000001,0.68,0.0,0.0,0.25,0.0,0.0,0.25,0.0,0.0,0.9,0.225,0.225
bazoumana_toure__civ,Bazoumana Toure,CIV,FWD,venskabskamp,Venskabskamp,5,1,0,2,0,0,2,1,5.0,4.2,2.184,0.47840000000000005,0.92,0.0,1.36,0.2,0.0,0.4,0.219,0.0,0.324,0.52,0.104,0.1139
bechir_ben_said__tun,Bechir Ben Said,TUN,GK,slutrunde,Slutrunde,24,8,0,0,0,0,0,16,24.0,9.370000000000001,9.370000000000001,1.96,1.96,0.0,0.0,0.333,0.0,0.0,0.209,0.0,0.0,1.0,0.333,0.209
bechir_ben_said__tun,Bechir Ben Said,TUN,GK,kvalifikation,Kvalifikation,34,8,0,9,0,0,9,17,34.0,11.6,10.440000000000001,2.16,2.4,0.0,2.52,0.235,0.0,0.265,0.207,0.0,0.217,0.9,0.2115,0.1863
bechir_ben_said__tun,Bechir Ben Said,TUN,GK,venskabskamp,Venskabskamp,25,5,0,9,0,0,9,10,25.0,8.99,4.6748,0.7696000000000001,1.48,0.0,4.38,0.2,0.0,0.36,0.165,0.0,0.487,0.52,0.104,0.0858
ben_doak__sco,Ben Doak,SCO,MID,kvalifikation,Kvalifikation,6,5,0,0,0,0,0,0,6.0,4.08,3.6720000000000006,3.0600000000000005,3.4000000000000004,0.0,0.0,0.833,0.0,0.0,0.833,0.0,0.0,0.9,0.7497,0.7497
ben_doak__sco,Ben Doak,SCO,MID,nations_league,Nations League,8,4,0,0,2,0,0,0,6.0,3.84,2.2464,1.4976,1.92,0.0,0.0,0.667,0.0,0.0,0.667,0.0,0.0,0.78,0.5203,0.5203
ben_doak__sco,Ben Doak,SCO,MID,venskabskamp,Venskabskamp,6,2,0,4,0,0,4,0,6.0,5.2,2.704,1.04,2.0,0.0,3.2,0.333,0.0,0.667,0.385,0.0,0.615,0.52,0.1732,0.2002
ben_old__nzl,Ben Old,NZL,MID,slutrunde,Slutrunde,4,4,0,0,0,0,0,0,4.0,1.92,1.92,1.92,1.92,0.0,0.0,1.0,0.0,0.0,1.0,0.0,0.0,1.0,1.0,1.0
ben_old__nzl,Ben Old,NZL,MID,kvalifikation,Kvalifikation,11,1,0,5,4,0,5,0,7.0,3.6,1.512,0.432,0.48,0.0,1.0,0.143,0.0,0.455,0.286,0.0,0.278,0.9,0.1287,0.2574
ben_old__nzl,Ben Old,NZL,MID,venskabskamp,Venskabskamp,29,8,0,8,2,0,8,1,27.0,14.48,7.1968000000000005,2.8704,5.5200000000000005,0.0,2.08,0.296,0.0,0.276,0.399,0.0,0.144,0.52,0.1539,0.2075
ben_waine__nzl,Ben Waine,NZL,FWD,slutrunde,Slutrunde,4,3,0,0,0,0,0,1,4.0,1.92,1.92,1.44,1.44,0.0,0.0,0.75,0.0,0.0,0.75,0.0,0.0,1.0,0.75,0.75
ben_waine__nzl,Ben Waine,NZL,FWD,kvalifikation,Kvalifikation,11,1,0,3,0,0,3,1,11.0,3.6,3.24,0.18000000000000002,0.2,0.0,0.6000000000000001,0.091,0.0,0.273,0.056,0.0,0.167,0.9,0.0819,0.0504
ben_waine__nzl,Ben Waine,NZL,FWD,venskabskamp,Venskabskamp,29,8,0,4,0,0,4,4,29.0,14.48,7.5296,2.2256,4.28,0.0,1.7600000000000002,0.276,0.0,0.138,0.296,0.0,0.122,0.52,0.1435,0.1539
benjamin_asare__gha,Benjamin Asare,GHA,GK,kvalifikation,Kvalifikation,6,6,0,0,0,0,0,0,6.0,3.68,3.3120000000000003,3.3120000000000003,3.68,0.0,0.0,1.0,0.0,0.0,1.0,0.0,0.0,0.9,0.9,0.9
benjamin_asare__gha,Benjamin Asare,GHA,GK,venskabskamp,Venskabskamp,8,4,0,0,0,0,0,3,8.0,6.16,3.2032000000000003,1.6016000000000001,3.08,0.0,0.0,0.5,0.0,0.0,0.5,0.0,0.0,0.52,0.26,0.26
benjamin_nygren__swe,Benjamin Nygren,SWE,FWD,kvalifikation,Kvalifikation,8,3,0,0,0,0,0,3,8.0,5.92,5.328000000000001,2.2680000000000002,2.52,0.0,0.0,0.375,0.0,0.0,0.426,0.0,0.0,0.9,0.3375,0.3834
benjamin_nygren__swe,Benjamin Nygren,SWE,FWD,venskabskamp,Venskabskamp,6,4,0,0,0,0,0,0,6.0,4.32,2.2464,1.4768000000000001,2.84,0.0,0.0,0.667,0.0,0.0,0.657,0.0,0.0,0.52,0.3468,0.3416
benjamin_tahirovic__bih,Benjamin Tahirovic,BIH,MID,kvalifikation,Kvalifikation,21,14,0,3,0,0,3,2,21.0,10.16,9.144000000000002,7.128000000000001,7.92,0.0,0.96,0.667,0.0,0.143,0.78,0.0,0.094,0.9,0.6003,0.702
benjamin_tahirovic__bih,Benjamin Tahirovic,BIH,MID,nations_league,Nations League,6,4,0,0,0,0,0,0,6.0,2.88,2.2464,1.4976,1.92,0.0,0.0,0.667,0.0,0.0,0.667,0.0,0.0,0.78,0.5203,0.5203
benjamin_tahirovic__bih,Benjamin Tahirovic,BIH,MID,venskabskamp,Venskabskamp,6,4,0,0,0,0,0,0,6.0,4.16,2.1632000000000002,1.456,2.8,0.0,0.0,0.667,0.0,0.0,0.673,0.0,0.0,0.52,0.3468,0.35
bento_krepski__bra,Bento Krepski,BRA,GK,slutrunde,Slutrunde,4,0,0,0,0,0,0,4,4.0,1.92,1.92,0.0,0.0,0.0,0.0,0.0,0.0,0.0,0.0,0.0,0.0,1.0,0.0,0.0
bento_krepski__bra,Bento Krepski,BRA,GK,kvalifikation,Kvalifikation,14,1,0,0,0,0,0,12,14.0,7.0,6.300000000000001,0.432,0.48,0.0,0.0,0.071,0.0,0.0,0.069,0.0,0.0,0.9,0.0639,0.0621
bento_krepski__bra,Bento Krepski,BRA,GK,venskabskamp,Venskabskamp,10,5,0,0,0,0,0,5,10.0,6.16,3.2032000000000003,1.5184000000000002,2.92,0.0,0.0,0.5,0.0,0.0,0.474,0.0,0.0,0.52,0.26,0.2465
bernardo_silva__por,Bernardo Silva,POR,MID,slutrunde,Slutrunde,30,18,0,2,6,0,2,2,24.0,5.8,5.2,4.12,4.12,0.0,0.2,0.75,0.0,0.067,0.792,0.0,0.034,1.0,0.75,0.792
bernardo_silva__por,Bernardo Silva,POR,MID,nations_league_finals,Nations League-slutrunde,6,5,0,0,0,0,0,0,6.0,2.32,2.2039999999999997,1.748,1.84,0.0,0.0,0.833,0.0,0.0,0.793,0.0,0.0,0.95,0.7913,0.7533
bernardo_silva__por,Bernardo Silva,POR,MID,kvalifikation,Kvalifikation,48,38,0,0,1,0,0,7,47.0,10.940000000000001,9.666000000000002,8.136000000000001,9.040000000000001,0.0,0.0,0.809,0.0,0.0,0.842,0.0,0.0,0.9,0.7281,0.7578
bernardo_silva__por,Bernardo Silva,POR,MID,nations_league,Nations League,22,16,0,1,1,0,1,0,21.0,5.08,3.8844000000000003,2.7456000000000005,3.52,0.0,0.48,0.762,0.0,0.045,0.707,0.0,0.094,0.78,0.5944,0.5515
bernardo_silva__por,Bernardo Silva,POR,MID,venskabskamp,Venskabskamp,37,15,0,6,3,0,6,6,34.0,8.06,4.035200000000001,1.6640000000000001,3.2,0.0,2.46,0.441,0.0,0.162,0.412,0.0,0.305,0.52,0.2293,0.2142
besfort_zeneli__swe,Besfort Zeneli,SWE,MID,kvalifikation,Kvalifikation,8,1,0,4,0,0,4,1,8.0,5.92,5.328000000000001,0.6120000000000001,0.68,0.0,2.72,0.125,0.0,0.5,0.115,0.0,0.459,0.9,0.1125,0.1035
besfort_zeneli__swe,Besfort Zeneli,SWE,MID,venskabskamp,Venskabskamp,6,1,0,0,0,0,0,1,6.0,4.32,2.2464,0.2496,0.48,0.0,0.0,0.167,0.0,0.0,0.111,0.0,0.0,0.52,0.0868,0.0577
bilal_el_khannouss__mar,Bilal El Khannouss,MAR,MID,slutrunde,Slutrunde,31,5,0,13,0,0,11,8,31.0,18.32,18.32,3.6,3.6,0.0,9.69,0.161,0.0,0.419,0.197,0.0,0.529,1.0,0.161,0.197
bilal_el_khannouss__mar,Bilal El Khannouss,MAR,MID,kvalifikation,Kvalifikation,17,5,0,2,0,0,2,3,17.0,8.12,7.308000000000001,2.052,2.2800000000000002,0.0,0.64,0.294,0.0,0.118,0.281,0.0,0.079,0.9,0.2646,0.2529
bilal_el_khannouss__mar,Bilal El Khannouss,MAR,MID,venskabskamp,Venskabskamp,18,6,0,2,0,0,2,2,18.0,9.76,5.075200000000001,1.9136000000000002,3.68,0.0,1.32,0.333,0.0,0.111,0.377,0.0,0.135,0.52,0.1732,0.196
billy_gilmour__sco,Billy Gilmour,SCO,MID,slutrunde,Slutrunde,6,3,0,0,1,0,0,1,5.0,2.04,1.8399999999999999,1.16,1.16,0.0,0.0,0.6,0.0,0.0,0.63,0.0,0.0,1.0,0.6,0.63
billy_gilmour__sco,Billy Gilmour,SCO,MID,kvalifikation,Kvalifikation,22,13,0,0,2,0,0,4,20.0,8.0,5.976000000000001,3.5280000000000005,3.9200000000000004,0.0,0.0,0.65,0.0,0.0,0.59,0.0,0.0,0.9,0.585,0.531
billy_gilmour__sco,Billy Gilmour,SCO,MID,nations_league,Nations League,14,9,0,0,0,0,0,4,14.0,5.04,3.9312000000000005,3.1512000000000002,4.04,0.0,0.0,0.643,0.0,0.0,0.802,0.0,0.0,0.78,0.5015,0.6256
billy_gilmour__sco,Billy Gilmour,SCO,MID,venskabskamp,Venskabskamp,16,12,0,0,0,0,0,0,16.0,7.180000000000001,3.7336000000000005,2.9952,5.76,0.0,0.0,0.75,0.0,0.0,0.802,0.0,0.0,0.52,0.39,0.417
blas_riveros__par,Blas Riveros,PAR,DEF,slutrunde,Slutrunde,15,0,0,7,5,0,7,3,10.0,3.14,2.14,0.0,0.0,0.0,1.8399999999999999,0.0,0.0,0.467,0.0,0.0,0.586,1.0,0.0,0.0
blas_riveros__par,Blas Riveros,PAR,DEF,kvalifikation,Kvalifikation,48,4,0,33,7,0,33,3,41.0,12.58,10.332,0.6480000000000001,0.72,0.0,8.8,0.098,0.0,0.688,0.063,0.0,0.7,0.9,0.0882,0.0567
blas_riveros__par,Blas Riveros,PAR,DEF,venskabskamp,Venskabskamp,33,8,0,19,1,0,19,3,32.0,7.78,3.9416,0.8216000000000001,1.58,0.0,4.72,0.25,0.0,0.576,0.208,0.0,0.607,0.52,0.13,0.1082
bongokuhle_hlongwane__rsa,Bongokuhle Hlongwane,RSA,FWD,slutrunde,Slutrunde,15,0,0,15,0,0,15,0,15.0,8.36,8.36,0.0,0.0,0.0,8.36,0.0,0.0,1.0,0.0,0.0,1.0,1.0,0.0,0.0
bongokuhle_hlongwane__rsa,Bongokuhle Hlongwane,RSA,FWD,kvalifikation,Kvalifikation,26,8,0,14,0,0,14,0,26.0,10.28,9.252,1.6560000000000001,1.84,0.0,7.52,0.308,0.0,0.538,0.179,0.0,0.732,0.9,0.2772,0.1611
bongokuhle_hlongwane__rsa,Bongokuhle Hlongwane,RSA,FWD,venskabskamp,Venskabskamp,18,5,0,8,2,0,8,1,16.0,7.2,3.5360000000000005,0.9568000000000001,1.84,0.0,3.52,0.312,0.0,0.444,0.271,0.0,0.489,0.52,0.1622,0.1409
borja_iglesias__esp,Borja Iglesias,ESP,FWD,slutrunde,Slutrunde,12,0,0,12,0,0,12,0,12.0,5.08,5.08,0.0,0.0,0.0,5.08,0.0,0.0,1.0,0.0,0.0,1.0,1.0,0.0,0.0
borja_iglesias__esp,Borja Iglesias,ESP,FWD,nations_league_finals,Nations League-slutrunde,6,0,0,6,0,0,6,0,6.0,2.76,2.622,0.0,0.0,0.0,2.76,0.0,0.0,1.0,0.0,0.0,1.0,0.95,0.0,0.0
borja_iglesias__esp,Borja Iglesias,ESP,FWD,kvalifikation,Kvalifikation,14,0,0,9,0,0,9,1,14.0,6.4,5.760000000000001,0.0,0.0,0.0,3.48,0.0,0.0,0.643,0.0,0.0,0.544,0.9,0.0,0.0
borja_iglesias__esp,Borja Iglesias,ESP,FWD,nations_league,Nations League,8,0,0,6,0,0,6,1,8.0,3.28,2.5584000000000002,0.0,0.0,0.0,2.88,0.0,0.0,0.75,0.0,0.0,0.878,0.78,0.0,0.0
borja_iglesias__esp,Borja Iglesias,ESP,FWD,venskabskamp,Venskabskamp,8,1,0,5,0,0,5,1,8.0,4.64,2.4128000000000003,0.52,1.0,0.0,1.8,0.125,0.0,0.625,0.216,0.0,0.388,0.52,0.065,0.1123
botirali_ergashev__uzb,Botirali Ergashev,UZB,GK,slutrunde,Slutrunde,17,2,0,6,0,0,6,9,17.0,6.0,6.0,1.0,1.0,0.0,1.7600000000000002,0.118,0.0,0.353,0.167,0.0,0.293,1.0,0.118,0.167
botirali_ergashev__uzb,Botirali Ergashev,UZB,GK,kvalifikation,Kvalifikation,27,0,0,10,0,0,10,17,27.0,8.94,8.046000000000001,0.0,0.0,0.0,1.6,0.0,0.0,0.37,0.0,0.0,0.179,0.9,0.0,0.0
botirali_ergashev__uzb,Botirali Ergashev,UZB,GK,venskabskamp,Venskabskamp,50,1,0,30,0,0,30,18,50.0,12.26,6.3752,0.052000000000000005,0.1,0.0,5.6000000000000005,0.02,0.0,0.6,0.008,0.0,0.457,0.52,0.0104,0.0042
boualem_khoukhi__qat,Boualem Khoukhi,QAT,DEF,slutrunde,Slutrunde,64,38,0,17,0,0,17,2,64.0,13.67,13.67,5.54,5.54,0.0,6.03,0.594,0.0,0.266,0.405,0.0,0.441,1.0,0.594,0.405
boualem_khoukhi__qat,Boualem Khoukhi,QAT,DEF,kvalifikation,Kvalifikation,45,32,0,10,0,0,10,3,45.0,11.4,10.260000000000002,6.12,6.8,0.0,3.54,0.711,0.0,0.222,0.596,0.0,0.311,0.9,0.6399,0.5364
boualem_khoukhi__qat,Boualem Khoukhi,QAT,DEF,venskabskamp,Venskabskamp,75,43,0,28,0,0,28,2,75.0,13.520000000000001,7.0304,3.9416,7.58,0.0,4.86,0.573,0.0,0.373,0.561,0.0,0.359,0.52,0.298,0.2917
bradley_barcola__fra,Bradley Barcola,FRA,MID,slutrunde,Slutrunde,6,1,0,0,0,0,0,3,6.0,2.88,2.88,0.48,0.48,0.0,0.0,0.167,0.0,0.0,0.167,0.0,0.0,1.0,0.167,0.167
bradley_barcola__fra,Bradley Barcola,FRA,MID,nations_league_finals,Nations League-slutrunde,4,1,0,0,1,0,0,0,3.0,2.12,1.3679999999999999,0.45599999999999996,0.48,0.0,0.0,0.333,0.0,0.0,0.333,0.0,0.0,0.95,0.3164,0.3164
bradley_barcola__fra,Bradley Barcola,FRA,MID,kvalifikation,Kvalifikation,6,3,0,2,0,0,2,0,6.0,4.08,3.6720000000000006,1.8360000000000003,2.04,0.0,1.36,0.5,0.0,0.333,0.5,0.0,0.333,0.9,0.45,0.45
bradley_barcola__fra,Bradley Barcola,FRA,MID,nations_league,Nations League,6,3,0,0,0,0,0,0,6.0,2.88,2.2464,1.1232,1.44,0.0,0.0,0.5,0.0,0.0,0.5,0.0,0.0,0.78,0.39,0.39
bradley_barcola__fra,Bradley Barcola,FRA,MID,venskabskamp,Venskabskamp,5,0,0,0,2,0,0,0,3.0,3.8,1.0192,0.0,0.0,0.0,0.0,0.0,0.0,0.0,0.0,0.0,0.0,0.52,0.0,0.0
brahim_d_az__mar,Brahim Diaz,MAR,FWD,slutrunde,Slutrunde,20,7,0,13,0,0,11,0,20.0,15.64,15.64,5.95,5.95,0.0,9.69,0.35,0.0,0.65,0.38,0.0,0.62,1.0,0.35,0.38
brahim_d_az__mar,Brahim Diaz,MAR,FWD,kvalifikation,Kvalifikation,13,9,0,0,2,0,0,1,11.0,6.84,5.292,4.248,4.72,0.0,0.0,0.818,0.0,0.0,0.803,0.0,0.0,0.9,0.7362,0.7227
brahim_d_az__mar,Brahim Diaz,MAR,FWD,venskabskamp,Venskabskamp,11,6,0,2,1,0,2,0,10.0,7.880000000000001,3.744,1.872,3.6,0.0,1.6800000000000002,0.6,0.0,0.182,0.5,0.0,0.213,0.52,0.312,0.26
braian_ojeda__par,Braian Ojeda,PAR,MID,slutrunde,Slutrunde,5,0,0,3,0,0,3,2,5.0,1.8399999999999999,1.8399999999999999,0.0,0.0,0.0,1.44,0.0,0.0,0.6,0.0,0.0,0.783,1.0,0.0,0.0
braian_ojeda__par,Braian Ojeda,PAR,MID,kvalifikation,Kvalifikation,30,2,0,20,0,0,20,4,30.0,10.68,9.612,0.36000000000000004,0.4,0.0,7.36,0.067,0.0,0.667,0.037,0.0,0.689,0.9,0.0603,0.0333
braian_ojeda__par,Braian Ojeda,PAR,MID,venskabskamp,Venskabskamp,19,6,0,6,0,0,6,2,19.0,8.92,4.6384,1.56,3.0,0.0,2.04,0.316,0.0,0.316,0.336,0.0,0.229,0.52,0.1643,0.1747
brandley_kuwas__cuw,Brandley Kuwas,CUW,FWD,slutrunde,Slutrunde,7,0,0,4,0,0,4,1,7.0,2.4400000000000004,2.4400000000000004,0.0,0.0,0.0,0.4,0.0,0.0,0.571,0.0,0.0,0.164,1.0,0.0,0.0
brandley_kuwas__cuw,Brandley Kuwas,CUW,FWD,kvalifikation,Kvalifikation,17,5,0,8,0,0,8,1,17.0,7.62,6.8580000000000005,1.1700000000000002,1.3,0.0,4.28,0.294,0.0,0.471,0.171,0.0,0.562,0.9,0.2646,0.1539
brandley_kuwas__cuw,Brandley Kuwas,CUW,FWD,nations_league,Nations League,22,15,0,3,0,0,3,2,22.0,5.76,4.492800000000001,2.0904000000000003,2.68,0.0,1.16,0.682,0.0,0.136,0.465,0.0,0.201,0.78,0.532,0.3627
brandley_kuwas__cuw,Brandley Kuwas,CUW,FWD,venskabskamp,Venskabskamp,17,5,0,10,0,0,10,1,17.0,5.8,3.0160000000000005,1.3312000000000002,2.56,0.0,2.04,0.294,0.0,0.588,0.441,0.0,0.352,0.52,0.1529,0.2293
brandon_mechele__bel,Brandon Mechele,BEL,DEF,slutrunde,Slutrunde,12,0,0,12,0,0,12,0,12.0,3.52,3.52,0.0,0.0,0.0,3.52,0.0,0.0,1.0,0.0,0.0,1.0,1.0,0.0,0.0
brandon_mechele__bel,Brandon Mechele,BEL,DEF,nations_league_finals,Nations League-slutrunde,2,0,0,2,0,0,2,0,2.0,0.4,0.38,0.0,0.0,0.0,0.4,0.0,0.0,1.0,0.0,0.0,1.0,0.95,0.0,0.0
brandon_mechele__bel,Brandon Mechele,BEL,DEF,kvalifikation,Kvalifikation,34,1,0,17,0,0,17,14,34.0,10.18,9.162,0.6120000000000001,0.68,0.0,3.64,0.029,0.0,0.5,0.067,0.0,0.358,0.9,0.0261,0.0603
brandon_mechele__bel,Brandon Mechele,BEL,DEF,nations_league,Nations League,22,1,0,11,1,0,11,9,21.0,5.84,4.477200000000001,0.3744,0.48,0.0,3.88,0.048,0.0,0.5,0.084,0.0,0.664,0.78,0.0374,0.0655
brandon_mechele__bel,Brandon Mechele,BEL,DEF,venskabskamp,Venskabskamp,18,4,0,9,0,0,9,4,18.0,7.16,3.7232000000000003,1.1024,2.12,0.0,2.72,0.222,0.0,0.5,0.296,0.0,0.38,0.52,0.1154,0.1539
brandon_thomas_asante__gha,Brandon Thomas-Asante,GHA,FWD,kvalifikation,Kvalifikation,13,0,0,6,0,0,6,4,13.0,7.04,6.336,0.0,0.0,0.0,3.2800000000000002,0.0,0.0,0.462,0.0,0.0,0.466,0.9,0.0,0.0
brandon_thomas_asante__gha,Brandon Thomas-Asante,GHA,FWD,venskabskamp,Venskabskamp,8,1,0,3,0,0,3,0,8.0,6.16,3.2032000000000003,0.3536,0.68,0.0,2.84,0.125,0.0,0.375,0.11,0.0,0.461,0.52,0.065,0.0572
breel_embolo__sui,Breel Embolo,SUI,FWD,slutrunde,Slutrunde,22,15,0,0,0,0,0,0,22.0,5.0,5.0,3.54,3.54,0.0,0.0,0.682,0.0,0.0,0.708,0.0,0.0,1.0,0.682,0.708
breel_embolo__sui,Breel Embolo,SUI,FWD,nations_league_finals,Nations League-slutrunde,2,0,0,0,2,0,0,0,0.0,0.2,0.0,0.0,0.0,0.0,0.0,0,0.0,0.0,0,0.0,0.0,0.95,0.0,0.0
breel_embolo__sui,Breel Embolo,SUI,FWD,kvalifikation,Kvalifikation,49,20,0,3,18,0,3,0,31.0,10.940000000000001,6.192000000000001,5.112000000000001,5.680000000000001,0.0,0.4,0.645,0.0,0.061,0.826,0.0,0.037,0.9,0.5805,0.7434
breel_embolo__sui,Breel Embolo,SUI,FWD,nations_league,Nations League,22,14,0,5,2,0,4,0,20.0,5.08,3.8064000000000004,2.9640000000000004,3.8,0.0,0.88,0.7,0.0,0.227,0.779,0.0,0.173,0.78,0.546,0.6076
breel_embolo__sui,Breel Embolo,SUI,FWD,venskabskamp,Venskabskamp,36,16,0,3,8,0,3,4,28.0,10.4,4.5136,3.2552000000000003,6.26,0.0,1.42,0.571,0.0,0.083,0.721,0.0,0.137,0.52,0.2969,0.3749
bremer__bra,Bremer,BRA,DEF,slutrunde,Slutrunde,9,1,0,0,0,0,0,7,9.0,2.92,2.92,0.2,0.2,0.0,0.0,0.111,0.0,0.0,0.068,0.0,0.0,1.0,0.111,0.068
bremer__bra,Bremer,BRA,DEF,kvalifikation,Kvalifikation,18,0,0,6,8,0,6,4,10.0,8.28,3.8160000000000003,0.0,0.0,0.0,2.96,0.0,0.0,0.333,0.0,0.0,0.357,0.9,0.0,0.0
bremer__bra,Bremer,BRA,DEF,venskabskamp,Venskabskamp,17,3,0,1,5,0,1,5,12.0,9.4,3.4944,1.248,2.4,0.0,0.68,0.25,0.0,0.059,0.357,0.0,0.072,0.52,0.13,0.1856
brenden_aaronson__usa,Brenden Aaronson,USA,MID,slutrunde,Slutrunde,24,1,0,11,0,0,11,3,24.0,9.120000000000001,9.120000000000001,0.68,0.68,0.0,2.8000000000000003,0.042,0.0,0.458,0.075,0.0,0.307,1.0,0.042,0.075
brenden_aaronson__usa,Brenden Aaronson,USA,MID,nations_league_finals,Nations League-slutrunde,12,2,0,3,0,0,3,1,12.0,4.14,3.933,0.608,0.64,0.0,1.44,0.167,0.0,0.25,0.155,0.0,0.348,0.95,0.1587,0.1472
brenden_aaronson__usa,Brenden Aaronson,USA,MID,kvalifikation,Kvalifikation,14,7,0,0,3,0,0,0,11.0,2.8000000000000003,1.9800000000000002,1.2600000000000002,1.4000000000000001,0.0,0.0,0.636,0.0,0.0,0.636,0.0,0.0,0.9,0.5724,0.5724
brenden_aaronson__usa,Brenden Aaronson,USA,MID,nations_league,Nations League,4,2,0,0,0,0,0,0,4.0,0.8,0.6240000000000001,0.31200000000000006,0.4,0.0,0.0,0.5,0.0,0.0,0.5,0.0,0.0,0.78,0.39,0.39
brenden_aaronson__usa,Brenden Aaronson,USA,MID,venskabskamp,Venskabskamp,42,12,0,12,0,0,12,5,42.0,17.32,9.006400000000001,2.1736,4.18,0.0,3.74,0.286,0.0,0.286,0.241,0.0,0.216,0.52,0.1487,0.1253
brian_brobbey__ned,Brian Brobbey,NED,FWD,slutrunde,Slutrunde,11,0,0,5,1,0,5,4,10.0,3.88,3.4,0.0,0.0,0.0,1.0,0.0,0.0,0.455,0.0,0.0,0.258,1.0,0.0,0.0
brian_brobbey__ned,Brian Brobbey,NED,FWD,nations_league_finals,Nations League-slutrunde,4,0,0,2,0,0,2,1,4.0,1.6,1.52,0.0,0.0,0.0,0.64,0.0,0.0,0.5,0.0,0.0,0.4,0.95,0.0,0.0
brian_brobbey__ned,Brian Brobbey,NED,FWD,kvalifikation,Kvalifikation,16,0,0,8,4,0,8,3,12.0,7.760000000000001,5.832000000000001,0.0,0.0,0.0,5.44,0.0,0.0,0.5,0.0,0.0,0.701,0.9,0.0,0.0
brian_brobbey__ned,Brian Brobbey,NED,FWD,nations_league,Nations League,7,3,0,0,0,0,0,3,7.0,3.08,2.4024,1.1232,1.44,0.0,0.0,0.429,0.0,0.0,0.468,0.0,0.0,0.78,0.3346,0.365
brian_brobbey__ned,Brian Brobbey,NED,FWD,venskabskamp,Venskabskamp,7,2,0,0,2,0,0,1,5.0,4.44,1.976,0.728,1.4,0.0,0.0,0.4,0.0,0.0,0.368,0.0,0.0,0.52,0.208,0.1914
brian_cipenga__cod,Brian Cipenga,COD,MID,slutrunde,Slutrunde,4,0,0,0,0,0,0,2,4.0,3.4,3.4,0.0,0.0,0.0,0.0,0.0,0.0,0.0,0.0,0.0,0.0,1.0,0.0,0.0
brian_cipenga__cod,Brian Cipenga,COD,MID,kvalifikation,Kvalifikation,5,0,0,0,0,0,0,1,5.0,3.64,3.2760000000000007,0.0,0.0,0.0,0.0,0.0,0.0,0.0,0.0,0.0,0.0,0.9,0.0,0.0
brian_cipenga__cod,Brian Cipenga,COD,MID,venskabskamp,Venskabskamp,3,0,0,1,0,0,1,1,3.0,2.77,1.4404000000000001,0.0,0.0,0.0,0.92,0.0,0.0,0.333,0.0,0.0,0.332,0.52,0.0,0.0
brian_gutierrez__mex,Brian Gutierrez,MEX,MID,venskabskamp,Venskabskamp,8,6,0,0,0,0,0,1,8.0,7.39,3.8428,2.8808000000000002,5.54,0.0,0.0,0.75,0.0,0.0,0.75,0.0,0.0,0.52,0.39,0.39
brian_rodr_guez__uru,Brian Rodriguez,URU,FWD,slutrunde,Slutrunde,14,0,0,6,0,0,6,7,14.0,4.48,4.48,0.0,0.0,0.0,1.2000000000000002,0.0,0.0,0.429,0.0,0.0,0.268,1.0,0.0,0.0
brian_rodr_guez__uru,Brian Rodriguez,URU,FWD,kvalifikation,Kvalifikation,36,13,0,6,2,0,6,9,34.0,11.38,9.666,3.6360000000000006,4.04,0.0,1.76,0.382,0.0,0.167,0.376,0.0,0.155,0.9,0.3438,0.3384
brian_rodr_guez__uru,Brian Rodriguez,URU,FWD,venskabskamp,Venskabskamp,25,9,0,11,0,0,11,1,25.0,8.8,4.5760000000000005,1.1960000000000002,2.3000000000000003,0.0,3.56,0.36,0.0,0.44,0.261,0.0,0.405,0.52,0.1872,0.1357
brice_samba__fra,Brice Samba,FRA,GK,slutrunde,Slutrunde,6,0,0,0,0,0,0,6,6.0,2.88,2.88,0.0,0.0,0.0,0.0,0.0,0.0,0.0,0.0,0.0,0.0,1.0,0.0,0.0
brice_samba__fra,Brice Samba,FRA,GK,nations_league_finals,Nations League-slutrunde,4,0,0,0,0,0,0,4,4.0,2.12,2.014,0.0,0.0,0.0,0.0,0.0,0.0,0.0,0.0,0.0,0.0,0.95,0.0,0.0
brice_samba__fra,Brice Samba,FRA,GK,kvalifikation,Kvalifikation,14,2,0,0,0,0,0,12,14.0,6.4,5.760000000000001,0.5760000000000001,0.64,0.0,0.0,0.143,0.0,0.0,0.1,0.0,0.0,0.9,0.1287,0.09
brice_samba__fra,Brice Samba,FRA,GK,nations_league,Nations League,6,0,0,0,0,0,0,6,6.0,2.88,2.2464,0.0,0.0,0.0,0.0,0.0,0.0,0.0,0.0,0.0,0.0,0.78,0.0,0.0
brice_samba__fra,Brice Samba,FRA,GK,venskabskamp,Venskabskamp,9,2,0,0,0,0,0,7,9.0,5.08,2.6416000000000004,0.6448,1.24,0.0,0.0,0.222,0.0,0.0,0.244,0.0,0.0,0.52,0.1154,0.1269
bruno_fernandes__por,Bruno Fernandes,POR,MID,slutrunde,Slutrunde,18,11,0,0,0,0,0,4,18.0,4.6,4.6,3.22,3.22,0.0,0.0,0.611,0.0,0.0,0.7,0.0,0.0,1.0,0.611,0.7
bruno_fernandes__por,Bruno Fernandes,POR,MID,nations_league_finals,Nations League-slutrunde,6,6,0,0,0,0,0,0,6.0,2.32,2.2039999999999997,2.2039999999999997,2.32,0.0,0.0,1.0,0.0,0.0,1.0,0.0,0.0,0.95,0.95,0.95
bruno_fernandes__por,Bruno Fernandes,POR,MID,kvalifikation,Kvalifikation,38,27,0,2,2,0,1,4,36.0,9.940000000000001,8.766000000000002,7.344000000000001,8.16,0.0,0.78,0.75,0.0,0.053,0.838,0.0,0.078,0.9,0.675,0.7542
bruno_fernandes__por,Bruno Fernandes,POR,MID,nations_league,Nations League,22,16,0,1,0,0,1,3,22.0,5.08,3.9624000000000006,3.12,4.0,0.0,0.48,0.727,0.0,0.045,0.787,0.0,0.094,0.78,0.5671,0.6139
bruno_fernandes__por,Bruno Fernandes,POR,MID,venskabskamp,Venskabskamp,24,12,0,2,0,0,2,2,24.0,6.76,3.5152,2.5584000000000002,4.92,0.0,0.42000000000000004,0.5,0.0,0.083,0.728,0.0,0.062,0.52,0.26,0.3786
bruno_guimaraes__bra,Bruno Guimaraes,BRA,MID,slutrunde,Slutrunde,16,4,0,7,0,0,7,3,16.0,4.32,4.32,1.92,1.92,0.0,1.4000000000000001,0.25,0.0,0.438,0.444,0.0,0.324,1.0,0.25,0.444
bruno_guimaraes__bra,Bruno Guimaraes,BRA,MID,kvalifikation,Kvalifikation,35,18,0,8,0,0,7,4,35.0,11.18,10.062000000000001,6.948,7.72,0.0,1.78,0.514,0.0,0.229,0.691,0.0,0.159,0.9,0.4626,0.6219
bruno_guimaraes__bra,Bruno Guimaraes,BRA,MID,venskabskamp,Venskabskamp,19,10,0,2,2,0,2,1,17.0,9.8,4.139200000000001,3.2032000000000003,6.16,0.0,0.4,0.588,0.0,0.105,0.774,0.0,0.041,0.52,0.3058,0.4025
bukayo_saka__eng,Bukayo Saka,ENG,FWD,slutrunde,Slutrunde,19,14,0,1,1,0,1,2,18.0,5.76,5.56,4.76,4.76,0.0,0.2,0.778,0.0,0.053,0.856,0.0,0.035,1.0,0.778,0.856
bukayo_saka__eng,Bukayo Saka,ENG,FWD,kvalifikation,Kvalifikation,26,11,0,4,5,0,4,2,21.0,9.06,5.7780000000000005,3.2760000000000002,3.64,0.0,0.9800000000000001,0.524,0.0,0.154,0.567,0.0,0.108,0.9,0.4716,0.5103
bukayo_saka__eng,Bukayo Saka,ENG,FWD,nations_league,Nations League,16,7,0,3,1,0,3,1,15.0,4.48,3.12,1.6692,2.14,0.0,1.06,0.467,0.0,0.188,0.535,0.0,0.237,0.78,0.3643,0.4173
bukayo_saka__eng,Bukayo Saka,ENG,FWD,venskabskamp,Venskabskamp,17,5,0,5,5,0,5,0,12.0,7.180000000000001,2.2776,0.8632000000000001,1.6600000000000001,0.0,1.92,0.417,0.0,0.294,0.379,0.0,0.267,0.52,0.2168,0.1971
bum_keun_song__kor,Bum-Keun Song,KOR,GK,slutrunde,Slutrunde,16,1,0,3,0,0,3,12,16.0,5.36,5.36,0.2,0.2,0.0,2.04,0.062,0.0,0.188,0.037,0.0,0.381,1.0,0.062,0.037
bum_keun_song__kor,Bum-Keun Song,KOR,GK,kvalifikation,Kvalifikation,23,0,0,12,0,0,12,11,23.0,8.64,7.776000000000001,0.0,0.0,0.0,4.96,0.0,0.0,0.522,0.0,0.0,0.574,0.9,0.0,0.0
bum_keun_song__kor,Bum-Keun Song,KOR,GK,venskabskamp,Venskabskamp,30,1,0,2,4,0,2,22,26.0,12.56,5.865600000000001,0.3536,0.68,0.0,0.4,0.038,0.0,0.067,0.06,0.0,0.032,0.52,0.0198,0.0312
cj_dos_santos__cpv,CJ Dos Santos,CPV,GK,venskabskamp,Venskabskamp,1,0,0,0,0,0,0,0,1.0,1.0,0.52,0.0,0.0,0.0,0.0,0.0,0.0,0.0,0.0,0.0,0.0,0.52,0.0,0.0
caleb_yirenkyi__gha,Caleb Yirenkyi,GHA,DEF,kvalifikation,Kvalifikation,4,3,0,0,0,0,0,0,4.0,2.72,2.4480000000000004,1.8360000000000003,2.04,0.0,0.0,0.75,0.0,0.0,0.75,0.0,0.0,0.9,0.675,0.675
caleb_yirenkyi__gha,Caleb Yirenkyi,GHA,DEF,venskabskamp,Venskabskamp,8,5,0,1,0,0,1,0,8.0,6.16,3.2032000000000003,1.9136000000000002,3.68,0.0,1.0,0.625,0.0,0.125,0.597,0.0,0.162,0.52,0.325,0.3104
callan_elliot__nzl,Callan Elliot,NZL,DEF,slutrunde,Slutrunde,4,0,0,4,0,0,4,0,4.0,1.92,1.92,0.0,0.0,0.0,1.92,0.0,0.0,1.0,0.0,0.0,1.0,1.0,0.0,0.0
callan_elliot__nzl,Callan Elliot,NZL,DEF,kvalifikation,Kvalifikation,5,0,0,5,0,0,5,0,5.0,2.4,2.16,0.0,0.0,0.0,2.4,0.0,0.0,1.0,0.0,0.0,1.0,0.9,0.0,0.0
callan_elliot__nzl,Callan Elliot,NZL,DEF,venskabskamp,Venskabskamp,25,1,0,13,0,0,13,1,25.0,13.68,7.113600000000001,0.10400000000000001,0.2,0.0,6.08,0.04,0.0,0.52,0.015,0.0,0.444,0.52,0.0208,0.0078
callum_elder__aus,Callum Elder,AUS,DEF,slutrunde,Slutrunde,9,0,0,9,0,0,9,0,9.0,2.4,2.4,0.0,0.0,0.0,2.4,0.0,0.0,1.0,0.0,0.0,1.0,1.0,0.0,0.0
callum_elder__aus,Callum Elder,AUS,DEF,kvalifikation,Kvalifikation,28,0,0,18,4,0,18,5,24.0,9.64,7.236000000000001,0.0,0.0,0.0,6.84,0.0,0.0,0.643,0.0,0.0,0.71,0.9,0.0,0.0
callum_elder__aus,Callum Elder,AUS,DEF,venskabskamp,Venskabskamp,16,0,0,12,2,0,12,0,14.0,6.680000000000001,3.1408000000000005,0.0,0.0,0.0,4.680000000000001,0.0,0.0,0.75,0.0,0.0,0.701,0.52,0.0,0.0
callum_mccowatt__nzl,Callum McCowatt,NZL,MID,slutrunde,Slutrunde,4,0,0,4,0,0,4,0,4.0,1.92,1.92,0.0,0.0,0.0,1.92,0.0,0.0,1.0,0.0,0.0,1.0,1.0,0.0,0.0
callum_mccowatt__nzl,Callum McCowatt,NZL,MID,kvalifikation,Kvalifikation,11,5,0,3,0,0,3,1,11.0,3.6,3.24,1.6560000000000001,1.8399999999999999,0.0,0.88,0.455,0.0,0.273,0.511,0.0,0.244,0.9,0.4095,0.4599
callum_mccowatt__nzl,Callum McCowatt,NZL,MID,venskabskamp,Venskabskamp,35,18,0,4,2,0,4,4,33.0,15.48,7.3424000000000005,3.8168,7.340000000000001,0.0,2.12,0.545,0.0,0.114,0.52,0.0,0.137,0.52,0.2834,0.2704
cameron_burgess__aus,Cameron Burgess,AUS,DEF,slutrunde,Slutrunde,5,1,0,0,0,0,0,3,5.0,1.6,1.6,0.32,0.32,0.0,0.0,0.2,0.0,0.0,0.2,0.0,0.0,1.0,0.2,0.2
cameron_burgess__aus,Cameron Burgess,AUS,DEF,kvalifikation,Kvalifikation,16,12,0,0,0,0,0,4,16.0,7.24,6.516,4.932,5.4799999999999995,0.0,0.0,0.75,0.0,0.0,0.757,0.0,0.0,0.9,0.675,0.6813
cameron_burgess__aus,Cameron Burgess,AUS,DEF,venskabskamp,Venskabskamp,14,8,0,0,0,0,0,1,14.0,9.200000000000001,4.784000000000001,2.2672000000000003,4.36,0.0,0.0,0.571,0.0,0.0,0.474,0.0,0.0,0.52,0.2969,0.2465
camilo_vargas__col,Camilo Vargas,COL,GK,slutrunde,Slutrunde,36,7,0,6,0,0,6,23,36.0,6.58,6.58,3.08,3.08,0.0,0.6000000000000001,0.194,0.0,0.167,0.468,0.0,0.091,1.0,0.194,0.468
camilo_vargas__col,Camilo Vargas,COL,GK,kvalifikation,Kvalifikation,65,18,0,5,0,0,5,42,65.0,14.48,13.032000000000002,5.958,6.62,0.0,0.72,0.277,0.0,0.077,0.457,0.0,0.05,0.9,0.2493,0.4113
camilo_vargas__col,Camilo Vargas,COL,GK,venskabskamp,Venskabskamp,64,15,0,23,0,0,23,25,64.0,14.14,7.3528,2.8184,5.42,0.0,4.3,0.234,0.0,0.359,0.383,0.0,0.304,0.52,0.1217,0.1992
carl_sainte__hai,Carl Sainte,HAI,MID,slutrunde,Slutrunde,6,3,0,0,0,0,0,2,6.0,3.0,3.0,0.96,0.96,0.0,0.0,0.5,0.0,0.0,0.32,0.0,0.0,1.0,0.5,0.32
carl_sainte__hai,Carl Sainte,HAI,MID,kvalifikation,Kvalifikation,10,2,0,2,0,0,2,3,10.0,6.4,5.760000000000001,1.044,1.1600000000000001,0.0,1.36,0.2,0.0,0.2,0.181,0.0,0.212,0.9,0.18,0.1629
carl_sainte__hai,Carl Sainte,HAI,MID,nations_league,Nations League,16,5,0,2,0,0,2,1,16.0,5.36,4.1808000000000005,1.1544,1.48,0.0,0.96,0.312,0.0,0.125,0.276,0.0,0.179,0.78,0.2434,0.2153
carl_sainte__hai,Carl Sainte,HAI,MID,venskabskamp,Venskabskamp,8,2,0,1,0,0,1,3,8.0,5.16,2.6832000000000003,0.27040000000000003,0.52,0.0,0.32,0.25,0.0,0.125,0.101,0.0,0.062,0.52,0.13,0.0525
carl_starfelt__swe,Carl Starfelt,SWE,DEF,slutrunde,Slutrunde,4,0,0,4,0,0,4,0,4.0,0.8,0.8,0.0,0.0,0.0,0.8,0.0,0.0,1.0,0.0,0.0,1.0,1.0,0.0,0.0
carl_starfelt__swe,Carl Starfelt,SWE,DEF,kvalifikation,Kvalifikation,26,2,0,6,4,0,6,12,22.0,10.040000000000001,7.452000000000001,1.4400000000000002,1.6,0.0,1.44,0.091,0.0,0.231,0.193,0.0,0.143,0.9,0.0819,0.1737
carl_starfelt__swe,Carl Starfelt,SWE,DEF,nations_league,Nations League,16,3,0,7,4,0,7,1,12.0,4.48,3.0264,0.9048,1.16,0.0,1.76,0.25,0.0,0.438,0.299,0.0,0.393,0.78,0.195,0.2332
carl_starfelt__swe,Carl Starfelt,SWE,DEF,venskabskamp,Venskabskamp,23,6,0,7,3,0,7,3,20.0,8.38,3.484,0.7384000000000001,1.42,0.0,2.0,0.3,0.0,0.304,0.212,0.0,0.239,0.52,0.156,0.1102
carlens_arcus__hai,Carlens Arcus,HAI,DEF,slutrunde,Slutrunde,14,13,0,0,0,0,0,1,14.0,4.1000000000000005,4.1000000000000005,4.0,4.0,0.0,0.0,0.929,0.0,0.0,0.976,0.0,0.0,1.0,0.929,0.976
carlens_arcus__hai,Carlens Arcus,HAI,DEF,kvalifikation,Kvalifikation,25,16,0,4,0,0,4,4,25.0,8.4,7.560000000000001,6.048000000000001,6.720000000000001,0.0,0.9800000000000001,0.64,0.0,0.16,0.8,0.0,0.117,0.9,0.576,0.72
carlens_arcus__hai,Carlens Arcus,HAI,DEF,nations_league,Nations League,24,16,0,5,0,0,4,3,24.0,6.16,4.8048,3.0888000000000004,3.96,0.0,1.32,0.667,0.0,0.208,0.643,0.0,0.214,0.78,0.5203,0.5015
carlens_arcus__hai,Carlens Arcus,HAI,DEF,venskabskamp,Venskabskamp,16,7,0,6,2,0,6,1,14.0,6.16,2.2464,1.4976,2.88,0.0,1.34,0.5,0.0,0.375,0.667,0.0,0.218,0.52,0.26,0.3468
carlos_acevedo__mex,Carlos Acevedo,MEX,GK,slutrunde,Slutrunde,18,0,0,15,0,0,15,3,18.0,8.040000000000001,8.040000000000001,0.0,0.0,0.0,6.6000000000000005,0.0,0.0,0.833,0.0,0.0,0.821,1.0,0.0,0.0
carlos_acevedo__mex,Carlos Acevedo,MEX,GK,nations_league_finals,Nations League-slutrunde,10,0,0,10,0,0,10,0,10.0,3.84,3.6479999999999997,0.0,0.0,0.0,3.84,0.0,0.0,1.0,0.0,0.0,1.0,0.95,0.0,0.0
carlos_acevedo__mex,Carlos Acevedo,MEX,GK,kvalifikation,Kvalifikation,6,0,0,5,0,0,5,1,6.0,1.2000000000000002,1.08,0.0,0.0,0.0,1.0,0.0,0.0,0.833,0.0,0.0,0.833,0.9,0.0,0.0
carlos_acevedo__mex,Carlos Acevedo,MEX,GK,nations_league,Nations League,4,2,0,0,0,0,0,2,4.0,0.8,0.6240000000000001,0.31200000000000006,0.4,0.0,0.0,0.5,0.0,0.0,0.5,0.0,0.0,0.78,0.39,0.39
carlos_acevedo__mex,Carlos Acevedo,MEX,GK,venskabskamp,Venskabskamp,40,4,0,20,0,0,20,15,40.0,19.990000000000002,10.3948,0.41600000000000004,0.8,0.0,8.040000000000001,0.1,0.0,0.5,0.04,0.0,0.402,0.52,0.052,0.0208
carlos_andres_gomez__col,Carlos Andres Gomez,COL,MID,slutrunde,Slutrunde,6,0,0,6,0,0,6,0,6.0,2.88,2.88,0.0,0.0,0.0,2.88,0.0,0.0,1.0,0.0,0.0,1.0,1.0,0.0,0.0
carlos_andres_gomez__col,Carlos Andres Gomez,COL,MID,kvalifikation,Kvalifikation,12,0,0,6,4,0,6,0,8.0,6.5600000000000005,4.176,0.0,0.0,0.0,3.68,0.0,0.0,0.5,0.0,0.0,0.561,0.9,0.0,0.0
carlos_andres_gomez__col,Carlos Andres Gomez,COL,MID,venskabskamp,Venskabskamp,13,2,0,4,0,0,4,4,13.0,7.800000000000001,4.056,0.6864,1.32,0.0,2.3200000000000003,0.154,0.0,0.308,0.169,0.0,0.297,0.52,0.0801,0.0879
carlos_harvey__pan,Carlos Harvey,PAN,MID,slutrunde,Slutrunde,21,4,0,13,0,0,13,2,21.0,7.5600000000000005,7.5600000000000005,2.52,2.52,0.0,2.92,0.19,0.0,0.619,0.333,0.0,0.386,1.0,0.19,0.333
carlos_harvey__pan,Carlos Harvey,PAN,MID,nations_league_finals,Nations League-slutrunde,10,2,0,6,0,0,6,0,10.0,3.84,3.6479999999999997,0.9119999999999999,0.96,0.0,1.92,0.2,0.0,0.6,0.25,0.0,0.5,0.95,0.19,0.2375
carlos_harvey__pan,Carlos Harvey,PAN,MID,kvalifikation,Kvalifikation,30,5,0,18,2,0,18,3,28.0,10.200000000000001,7.956000000000001,2.6280000000000006,2.9200000000000004,0.0,3.4000000000000004,0.179,0.0,0.6,0.33,0.0,0.333,0.9,0.1611,0.297
carlos_harvey__pan,Carlos Harvey,PAN,MID,nations_league,Nations League,12,0,0,11,0,0,11,1,12.0,2.48,1.9344000000000001,0.0,0.0,0.0,2.38,0.0,0.0,0.917,0.0,0.0,0.96,0.78,0.0,0.0
carlos_harvey__pan,Carlos Harvey,PAN,MID,venskabskamp,Venskabskamp,34,8,0,23,0,0,23,0,34.0,12.2,6.344,2.7664,5.32,0.0,5.3,0.235,0.0,0.676,0.436,0.0,0.434,0.52,0.1222,0.2267
carlos_miguel_coronel__par,Carlos Miguel Coronel,PAR,GK,slutrunde,Slutrunde,3,0,0,0,0,0,0,3,3.0,1.44,1.44,0.0,0.0,0.0,0.0,0.0,0.0,0.0,0.0,0.0,0.0,1.0,0.0,0.0
carlos_miguel_coronel__par,Carlos Miguel Coronel,PAR,GK,kvalifikation,Kvalifikation,18,6,0,1,0,0,1,11,18.0,8.28,7.452000000000001,1.7280000000000002,1.92,0.0,0.68,0.333,0.0,0.056,0.232,0.0,0.082,0.9,0.2997,0.2088
carlos_miguel_coronel__par,Carlos Miguel Coronel,PAR,GK,venskabskamp,Venskabskamp,3,3,0,0,0,0,0,0,3.0,1.44,0.7487999999999999,0.7487999999999999,1.44,0.0,0.0,1.0,0.0,0.0,1.0,0.0,0.0,0.52,0.52,0.52
carlos_rodriguez__mex,Carlos Rodriguez,MEX,MID,slutrunde,Slutrunde,30,4,0,7,0,0,7,6,30.0,9.84,9.84,1.0,1.0,0.0,1.8800000000000001,0.133,0.0,0.233,0.102,0.0,0.191,1.0,0.133,0.102
carlos_rodriguez__mex,Carlos Rodriguez,MEX,MID,nations_league_finals,Nations League-slutrunde,12,3,0,2,0,0,2,6,12.0,4.14,3.933,1.1019999999999999,1.16,0.0,0.64,0.25,0.0,0.167,0.28,0.0,0.155,0.95,0.2375,0.266
carlos_rodriguez__mex,Carlos Rodriguez,MEX,MID,kvalifikation,Kvalifikation,14,9,0,0,0,0,0,2,14.0,2.8000000000000003,2.5200000000000005,1.62,1.8,0.0,0.0,0.643,0.0,0.0,0.643,0.0,0.0,0.9,0.5787,0.5787
carlos_rodriguez__mex,Carlos Rodriguez,MEX,MID,nations_league,Nations League,8,4,0,2,0,0,2,2,8.0,1.2000000000000002,0.9360000000000002,0.39000000000000007,0.5,0.0,0.4,0.5,0.0,0.25,0.417,0.0,0.333,0.78,0.39,0.3253
carlos_rodriguez__mex,Carlos Rodriguez,MEX,MID,venskabskamp,Venskabskamp,56,19,0,14,4,0,14,7,52.0,19.29,9.6148,2.47,4.75,0.0,3.74,0.365,0.0,0.25,0.257,0.0,0.194,0.52,0.1898,0.1336
casemiro__bra,Casemiro,BRA,MID,slutrunde,Slutrunde,46,20,0,19,0,0,16,6,46.0,7.32,7.32,2.9000000000000004,2.9000000000000004,0.0,3.42,0.435,0.0,0.413,0.396,0.0,0.467,1.0,0.435,0.396
casemiro__bra,Casemiro,BRA,MID,kvalifikation,Kvalifikation,53,23,0,16,11,0,16,3,42.0,12.98,10.026000000000002,4.788,5.32,0.0,5.32,0.548,0.0,0.302,0.478,0.0,0.41,0.9,0.4932,0.4302
casemiro__bra,Casemiro,BRA,MID,venskabskamp,Venskabskamp,93,34,0,44,4,0,44,3,89.0,17.2,8.736,5.137600000000001,9.88,0.0,5.6000000000000005,0.382,0.0,0.473,0.588,0.0,0.326,0.52,0.1986,0.3058
cecilio_waterman__pan,Cecilio Waterman,PAN,FWD,slutrunde,Slutrunde,64,3,0,44,8,0,44,2,56.0,11.860000000000001,7.220000000000001,0.52,0.52,0.0,4.7,0.054,0.0,0.688,0.072,0.0,0.396,1.0,0.054,0.072
cecilio_waterman__pan,Cecilio Waterman,PAN,FWD,nations_league_finals,Nations League-slutrunde,10,3,0,2,0,0,2,0,10.0,3.84,3.6479999999999997,1.064,1.12,0.0,0.96,0.3,0.0,0.2,0.292,0.0,0.25,0.95,0.285,0.2774
cecilio_waterman__pan,Cecilio Waterman,PAN,FWD,kvalifikation,Kvalifikation,67,9,0,38,8,0,38,3,59.0,13.9,10.926000000000002,3.5100000000000007,3.9000000000000004,0.0,4.5,0.153,0.0,0.567,0.321,0.0,0.324,0.9,0.1377,0.2889
cecilio_waterman__pan,Cecilio Waterman,PAN,FWD,nations_league,Nations League,12,4,0,5,0,0,5,0,12.0,2.48,1.9344000000000001,0.7176000000000001,0.92,0.0,0.8200000000000001,0.333,0.0,0.417,0.371,0.0,0.331,0.78,0.2597,0.2894
cecilio_waterman__pan,Cecilio Waterman,PAN,FWD,venskabskamp,Venskabskamp,94,6,0,77,4,0,77,1,90.0,18.2,8.6632,1.872,3.6,0.0,10.32,0.067,0.0,0.819,0.216,0.0,0.567,0.52,0.0348,0.1123
c_dric_bakambu__cod,Cedric Bakambu,COD,FWD,slutrunde,Slutrunde,36,13,0,17,0,0,17,3,36.0,10.76,10.76,4.65,4.65,0.0,4.32,0.361,0.0,0.472,0.432,0.0,0.401,1.0,0.361,0.432
c_dric_bakambu__cod,Cedric Bakambu,COD,FWD,kvalifikation,Kvalifikation,59,33,0,14,5,0,14,1,54.0,16.080000000000002,12.654000000000002,7.8660000000000005,8.74,0.0,3.92,0.611,0.0,0.237,0.622,0.0,0.244,0.9,0.5499,0.5598
c_dric_bakambu__cod,Cedric Bakambu,COD,FWD,venskabskamp,Venskabskamp,34,11,0,17,2,0,17,2,32.0,8.65,4.394,1.6588,3.19,0.0,3.8200000000000003,0.344,0.0,0.5,0.378,0.0,0.442,0.52,0.1789,0.1966
cedric_itten__sui,Cedric Itten,SUI,FWD,slutrunde,Slutrunde,14,0,0,14,0,0,10,0,14.0,4.2,4.2,0.0,0.0,0.0,4.2,0.0,0.0,1.0,0.0,0.0,1.0,1.0,0.0,0.0
cedric_itten__sui,Cedric Itten,SUI,FWD,kvalifikation,Kvalifikation,26,5,0,8,2,0,8,5,24.0,8.64,7.200000000000001,1.026,1.1400000000000001,0.0,2.24,0.208,0.0,0.308,0.142,0.0,0.259,0.9,0.1872,0.1278
cedric_itten__sui,Cedric Itten,SUI,FWD,nations_league,Nations League,18,0,0,14,0,0,14,3,18.0,4.68,3.6504000000000003,0.0,0.0,0.0,4.08,0.0,0.0,0.778,0.0,0.0,0.872,0.78,0.0,0.0
cedric_itten__sui,Cedric Itten,SUI,FWD,venskabskamp,Venskabskamp,21,0,0,16,2,0,15,0,19.0,8.9,4.42,0.0,0.0,0.0,6.4,0.0,0.0,0.762,0.0,0.0,0.719,0.52,0.0,0.0
c_sar_blackman__pan,Cesar Blackman,PAN,DEF,slutrunde,Slutrunde,21,5,0,4,6,0,4,5,15.0,7.5600000000000005,6.0,2.44,2.44,0.0,0.4,0.333,0.0,0.19,0.407,0.0,0.053,1.0,0.333,0.407
c_sar_blackman__pan,Cesar Blackman,PAN,DEF,nations_league_finals,Nations League-slutrunde,10,7,0,0,0,0,0,1,10.0,3.84,3.6479999999999997,2.7359999999999998,2.88,0.0,0.0,0.7,0.0,0.0,0.75,0.0,0.0,0.95,0.665,0.7125
c_sar_blackman__pan,Cesar Blackman,PAN,DEF,kvalifikation,Kvalifikation,30,4,0,0,4,0,0,17,26.0,10.200000000000001,8.46,1.9260000000000004,2.14,0.0,0.0,0.154,0.0,0.0,0.228,0.0,0.0,0.9,0.1386,0.2052
c_sar_blackman__pan,Cesar Blackman,PAN,DEF,nations_league,Nations League,12,4,0,2,0,0,2,5,12.0,2.48,1.9344000000000001,0.8112000000000001,1.04,0.0,0.2,0.333,0.0,0.167,0.419,0.0,0.081,0.78,0.2597,0.3268
c_sar_blackman__pan,Cesar Blackman,PAN,DEF,venskabskamp,Venskabskamp,33,6,0,18,3,0,18,1,30.0,12.1,6.0840000000000005,2.0384,3.92,0.0,4.7,0.2,0.0,0.545,0.335,0.0,0.388,0.52,0.104,0.1742
c_sar_montes__mex,Cesar Montes,MEX,DEF,slutrunde,Slutrunde,41,16,0,16,0,0,16,7,41.0,10.940000000000001,10.940000000000001,6.6000000000000005,6.6000000000000005,0.0,3.4400000000000004,0.39,0.0,0.39,0.603,0.0,0.314,1.0,0.39,0.603
c_sar_montes__mex,Cesar Montes,MEX,DEF,nations_league_finals,Nations League-slutrunde,12,8,0,4,0,0,3,0,12.0,4.14,3.933,2.888,3.04,0.0,1.1,0.667,0.0,0.333,0.734,0.0,0.266,0.95,0.6337,0.6973
c_sar_montes__mex,Cesar Montes,MEX,DEF,kvalifikation,Kvalifikation,18,10,0,6,0,0,6,0,18.0,3.2,2.8800000000000003,1.8000000000000003,2.0,0.0,1.0,0.556,0.0,0.333,0.625,0.0,0.312,0.9,0.5004,0.5625
c_sar_montes__mex,Cesar Montes,MEX,DEF,nations_league,Nations League,8,2,0,4,1,0,4,1,7.0,1.2000000000000002,0.8580000000000001,0.23400000000000004,0.30000000000000004,0.0,0.7000000000000001,0.286,0.0,0.5,0.273,0.0,0.583,0.78,0.2231,0.2129
c_sar_montes__mex,Cesar Montes,MEX,DEF,venskabskamp,Venskabskamp,75,24,0,28,5,0,28,14,70.0,23.89,12.1628,5.3664000000000005,10.32,0.0,8.31,0.343,0.0,0.373,0.441,0.0,0.348,0.52,0.1784,0.2293
cesar_samudio__pan,Cesar Samudio,PAN,GK,slutrunde,Slutrunde,14,0,0,4,0,0,4,10,14.0,6.5600000000000005,6.5600000000000005,0.0,0.0,0.0,2.72,0.0,0.0,0.286,0.0,0.0,0.415,1.0,0.0,0.0
cesar_samudio__pan,Cesar Samudio,PAN,GK,nations_league_finals,Nations League-slutrunde,10,0,0,0,0,0,0,10,10.0,3.84,3.6479999999999997,0.0,0.0,0.0,0.0,0.0,0.0,0.0,0.0,0.0,0.0,0.95,0.0,0.0
cesar_samudio__pan,Cesar Samudio,PAN,GK,kvalifikation,Kvalifikation,16,0,0,7,0,0,7,9,16.0,7.6000000000000005,6.840000000000001,0.0,0.0,0.0,2.3600000000000003,0.0,0.0,0.438,0.0,0.0,0.311,0.9,0.0,0.0
cesar_samudio__pan,Cesar Samudio,PAN,GK,nations_league,Nations League,8,1,0,0,0,0,0,6,8.0,2.08,1.6224000000000003,0.24960000000000002,0.32,0.0,0.0,0.125,0.0,0.0,0.154,0.0,0.0,0.78,0.0975,0.1201
cesar_samudio__pan,Cesar Samudio,PAN,GK,venskabskamp,Venskabskamp,22,2,0,10,0,0,10,9,22.0,10.9,5.668,0.624,1.2,0.0,3.7,0.091,0.0,0.455,0.11,0.0,0.339,0.52,0.0473,0.0572
c_sar_yanis__pan,Cesar Yanis,PAN,MID,slutrunde,Slutrunde,17,2,0,0,0,0,0,7,17.0,7.16,7.16,0.4,0.4,0.0,0.0,0.118,0.0,0.0,0.056,0.0,0.0,1.0,0.118,0.056
c_sar_yanis__pan,Cesar Yanis,PAN,MID,nations_league_finals,Nations League-slutrunde,10,0,0,4,0,0,4,3,10.0,3.84,3.6479999999999997,0.0,0.0,0.0,1.6,0.0,0.0,0.4,0.0,0.0,0.417,0.95,0.0,0.0
c_sar_yanis__pan,Cesar Yanis,PAN,MID,kvalifikation,Kvalifikation,30,6,0,4,0,0,4,6,30.0,10.200000000000001,9.180000000000001,1.8540000000000003,2.06,0.0,2.72,0.2,0.0,0.133,0.202,0.0,0.267,0.9,0.18,0.1818
c_sar_yanis__pan,Cesar Yanis,PAN,MID,nations_league,Nations League,8,1,0,0,0,0,0,4,8.0,2.08,1.6224000000000003,0.15600000000000003,0.2,0.0,0.0,0.125,0.0,0.0,0.096,0.0,0.0,0.78,0.0975,0.0749
c_sar_yanis__pan,Cesar Yanis,PAN,MID,venskabskamp,Venskabskamp,30,10,0,9,0,0,9,4,30.0,11.8,6.136,1.8824,3.62,0.0,3.78,0.333,0.0,0.3,0.307,0.0,0.32,0.52,0.1732,0.1596
chadi_riad__mar,Chadi Riad,MAR,DEF,slutrunde,Slutrunde,24,0,0,3,18,0,2,3,6.0,16.92,2.98,0.0,0.0,0.0,2.02,0.0,0.0,0.125,0.0,0.0,0.119,1.0,0.0,0.0
chadi_riad__mar,Chadi Riad,MAR,DEF,kvalifikation,Kvalifikation,13,1,0,0,11,0,0,1,2.0,6.84,0.864,0.432,0.48,0.0,0.0,0.5,0.0,0.0,0.5,0.0,0.0,0.9,0.45,0.45
chadi_riad__mar,Chadi Riad,MAR,DEF,venskabskamp,Venskabskamp,14,3,0,1,5,0,1,4,9.0,8.6,2.704,0.8112000000000001,1.56,0.0,1.0,0.333,0.0,0.071,0.3,0.0,0.116,0.52,0.1732,0.156
chancel_mbemba__cod,Chancel Mbemba,COD,DEF,slutrunde,Slutrunde,49,24,0,19,2,0,19,4,47.0,12.06,11.860000000000001,6.94,6.94,0.0,4.5200000000000005,0.511,0.0,0.388,0.585,0.0,0.375,1.0,0.511,0.585
chancel_mbemba__cod,Chancel Mbemba,COD,DEF,kvalifikation,Kvalifikation,74,61,0,6,3,0,6,3,71.0,17.580000000000002,15.552000000000001,14.13,15.700000000000001,0.0,0.8,0.859,0.0,0.081,0.909,0.0,0.046,0.9,0.7731,0.8181
chancel_mbemba__cod,Chancel Mbemba,COD,DEF,venskabskamp,Venskabskamp,38,19,0,16,0,0,16,2,38.0,9.05,4.706,2.8028,5.39,0.0,2.92,0.5,0.0,0.421,0.596,0.0,0.323,0.52,0.26,0.3099
charles_de_ketelaere__bel,Charles De Ketelaere,BEL,FWD,slutrunde,Slutrunde,12,0,0,5,0,0,5,5,12.0,3.52,3.52,0.0,0.0,0.0,1.0,0.0,0.0,0.417,0.0,0.0,0.284,1.0,0.0,0.0
charles_de_ketelaere__bel,Charles De Ketelaere,BEL,FWD,nations_league_finals,Nations League-slutrunde,2,0,0,0,0,0,0,1,2.0,0.4,0.38,0.0,0.0,0.0,0.0,0.0,0.0,0.0,0.0,0.0,0.0,0.95,0.0,0.0
charles_de_ketelaere__bel,Charles De Ketelaere,BEL,FWD,kvalifikation,Kvalifikation,24,6,0,7,2,0,7,6,22.0,9.18,7.362000000000001,2.9160000000000004,3.24,0.0,1.34,0.273,0.0,0.292,0.396,0.0,0.146,0.9,0.2457,0.3564
charles_de_ketelaere__bel,Charles De Ketelaere,BEL,FWD,nations_league,Nations League,16,3,0,3,2,0,3,2,14.0,5.24,3.3384,1.1232,1.44,0.0,0.4,0.214,0.0,0.188,0.336,0.0,0.076,0.78,0.1669,0.2621
charles_de_ketelaere__bel,Charles De Ketelaere,BEL,FWD,venskabskamp,Venskabskamp,16,5,0,3,3,0,3,1,13.0,6.96,3.12,1.7264000000000002,3.3200000000000003,0.0,0.78,0.385,0.0,0.188,0.553,0.0,0.112,0.52,0.2002,0.2876
charles_pickel__cod,Charles Pickel,COD,MID,slutrunde,Slutrunde,15,7,0,4,0,0,4,3,15.0,8.36,8.36,2.77,2.77,0.0,2.72,0.467,0.0,0.267,0.331,0.0,0.325,1.0,0.467,0.331
charles_pickel__cod,Charles Pickel,COD,MID,kvalifikation,Kvalifikation,20,13,0,0,0,0,0,2,20.0,10.76,9.684000000000001,5.5440000000000005,6.16,0.0,0.0,0.65,0.0,0.0,0.572,0.0,0.0,0.9,0.585,0.5148
charles_pickel__cod,Charles Pickel,COD,MID,venskabskamp,Venskabskamp,10,5,0,2,0,0,2,0,10.0,5.53,2.8756000000000004,1.2948000000000002,2.49,0.0,1.24,0.5,0.0,0.2,0.45,0.0,0.224,0.52,0.26,0.234
che_adams__sco,Che Adams,SCO,FWD,slutrunde,Slutrunde,6,5,0,0,0,0,0,0,6.0,2.04,2.04,1.8399999999999999,1.8399999999999999,0.0,0.0,0.833,0.0,0.0,0.902,0.0,0.0,1.0,0.833,0.902
che_adams__sco,Che Adams,SCO,FWD,kvalifikation,Kvalifikation,25,15,0,6,0,0,6,0,25.0,8.3,7.470000000000001,4.788,5.32,0.0,1.6800000000000002,0.6,0.0,0.24,0.641,0.0,0.202,0.9,0.54,0.5769
che_adams__sco,Che Adams,SCO,FWD,nations_league,Nations League,14,8,0,2,2,0,2,0,12.0,5.04,3.1824000000000003,1.9032000000000002,2.44,0.0,0.96,0.667,0.0,0.143,0.598,0.0,0.19,0.78,0.5203,0.4664
che_adams__sco,Che Adams,SCO,FWD,venskabskamp,Venskabskamp,17,8,0,2,1,0,2,2,16.0,8.18,4.2016,1.9968000000000001,3.8400000000000003,0.0,1.2,0.5,0.0,0.118,0.475,0.0,0.147,0.52,0.26,0.247
chemsdine_talbi__mar,Chemsdine Talbi,MAR,FWD,slutrunde,Slutrunde,13,0,0,6,0,0,4,6,13.0,10.879999999999999,10.879999999999999,0.0,0.0,0.0,4.93,0.0,0.0,0.462,0.0,0.0,0.453,1.0,0.0,0.0
chemsdine_talbi__mar,Chemsdine Talbi,MAR,FWD,kvalifikation,Kvalifikation,3,0,0,0,0,0,0,2,3.0,2.04,1.8360000000000003,0.0,0.0,0.0,0.0,0.0,0.0,0.0,0.0,0.0,0.0,0.9,0.0,0.0
chemsdine_talbi__mar,Chemsdine Talbi,MAR,FWD,venskabskamp,Venskabskamp,7,1,0,0,2,0,0,2,5.0,5.88,2.0176000000000003,0.47840000000000005,0.92,0.0,0.0,0.2,0.0,0.0,0.237,0.0,0.0,0.52,0.104,0.1232
chris_brady__usa,Chris Brady,USA,GK,slutrunde,Slutrunde,6,0,0,4,0,0,4,2,6.0,4.08,4.08,0.0,0.0,0.0,2.72,0.0,0.0,0.667,0.0,0.0,0.667,1.0,0.0,0.0
chris_brady__usa,Chris Brady,USA,GK,venskabskamp,Venskabskamp,10,0,0,2,0,0,2,7,10.0,7.92,4.1184,0.0,0.0,0.0,1.36,0.0,0.0,0.2,0.0,0.0,0.172,0.52,0.0,0.0
chris_richards__usa,Chris Richards,USA,DEF,slutrunde,Slutrunde,24,9,0,15,0,0,15,0,24.0,9.120000000000001,9.120000000000001,5.5200000000000005,5.5200000000000005,0.0,3.6,0.375,0.0,0.625,0.605,0.0,0.395,1.0,0.375,0.605
chris_richards__usa,Chris Richards,USA,DEF,nations_league_finals,Nations League-slutrunde,12,5,0,0,2,0,0,5,10.0,4.14,3.6479999999999997,1.672,1.76,0.0,0.0,0.5,0.0,0.0,0.458,0.0,0.0,0.95,0.475,0.4351
chris_richards__usa,Chris Richards,USA,DEF,kvalifikation,Kvalifikation,14,4,0,4,3,0,4,2,11.0,2.8000000000000003,1.9800000000000002,0.7200000000000001,0.8,0.0,0.8,0.364,0.0,0.286,0.364,0.0,0.286,0.9,0.3276,0.3276
chris_richards__usa,Chris Richards,USA,DEF,nations_league,Nations League,4,0,0,2,2,0,2,0,2.0,0.8,0.31200000000000006,0.0,0.0,0.0,0.4,0.0,0.0,0.5,0.0,0.0,0.5,0.78,0.0,0.0
chris_richards__usa,Chris Richards,USA,DEF,venskabskamp,Venskabskamp,41,13,0,13,9,0,13,2,32.0,17.22,7.404800000000001,3.5568,6.84,0.0,5.640000000000001,0.406,0.0,0.317,0.48,0.0,0.328,0.52,0.2111,0.2496
chris_wood__nzl,Chris Wood,NZL,FWD,slutrunde,Slutrunde,13,3,0,4,0,0,4,2,13.0,2.82,2.82,0.30000000000000004,0.30000000000000004,0.0,1.92,0.231,0.0,0.308,0.106,0.0,0.681,1.0,0.231,0.106
chris_wood__nzl,Chris Wood,NZL,FWD,kvalifikation,Kvalifikation,39,24,0,6,0,0,5,2,39.0,6.4,5.760000000000001,4.23,4.7,0.0,0.7000000000000001,0.615,0.0,0.154,0.734,0.0,0.109,0.9,0.5535,0.6606
chris_wood__nzl,Chris Wood,NZL,FWD,oevrig_turnering,Øvrig turnering,3,0,0,3,0,0,3,0,3.0,0.30000000000000004,0.186,0.0,0.0,0.0,0.30000000000000004,0.0,0.0,1.0,0.0,0.0,1.0,0.62,0.0,0.0
chris_wood__nzl,Chris Wood,NZL,FWD,venskabskamp,Venskabskamp,69,42,0,12,4,0,12,1,65.0,18.880000000000003,8.777600000000001,5.2416,10.08,0.0,3.48,0.646,0.0,0.174,0.597,0.0,0.184,0.52,0.3359,0.3104
christ_inao_oulai__civ,Christ Inao Oulaï,CIV,MID,slutrunde,Slutrunde,5,3,0,0,0,0,0,1,5.0,4.25,4.25,2.55,2.55,0.0,0.0,0.6,0.0,0.0,0.6,0.0,0.0,1.0,0.6,0.6
christ_inao_oulai__civ,Christ Inao Oulaï,CIV,MID,venskabskamp,Venskabskamp,5,2,0,0,0,0,0,0,5.0,4.2,2.184,0.8320000000000001,1.6,0.0,0.0,0.4,0.0,0.0,0.381,0.0,0.0,0.52,0.208,0.1981
christian_fassnacht__sui,Christian Fassnacht,SUI,FWD,slutrunde,Slutrunde,14,0,0,5,0,0,5,6,14.0,4.2,4.2,0.0,0.0,0.0,2.4,0.0,0.0,0.357,0.0,0.0,0.571,1.0,0.0,0.0
christian_fassnacht__sui,Christian Fassnacht,SUI,FWD,nations_league_finals,Nations League-slutrunde,2,0,0,2,0,0,2,0,2.0,0.2,0.19,0.0,0.0,0.0,0.2,0.0,0.0,1.0,0.0,0.0,1.0,0.95,0.0,0.0
christian_fassnacht__sui,Christian Fassnacht,SUI,FWD,kvalifikation,Kvalifikation,32,2,0,14,2,0,14,6,30.0,9.24,7.956000000000001,0.27,0.30000000000000004,0.0,5.48,0.067,0.0,0.438,0.034,0.0,0.593,0.9,0.0603,0.0306
christian_fassnacht__sui,Christian Fassnacht,SUI,FWD,nations_league,Nations League,21,0,0,8,6,0,8,5,15.0,4.98,2.0748,0.0,0.0,0.0,1.96,0.0,0.0,0.381,0.0,0.0,0.394,0.78,0.0,0.0
christian_fassnacht__sui,Christian Fassnacht,SUI,FWD,venskabskamp,Venskabskamp,22,1,0,11,2,0,11,1,20.0,9.0,4.472,0.052000000000000005,0.1,0.0,5.7,0.05,0.0,0.5,0.012,0.0,0.633,0.52,0.026,0.0062
christian_pulisic__usa,Christian Pulisic,USA,FWD,slutrunde,Slutrunde,42,12,0,23,0,0,23,3,42.0,10.92,10.92,2.74,2.74,0.0,7.48,0.286,0.0,0.548,0.251,0.0,0.685,1.0,0.286,0.251
christian_pulisic__usa,Christian Pulisic,USA,FWD,nations_league_finals,Nations League-slutrunde,12,10,0,1,1,0,1,0,11.0,4.14,3.629,3.3249999999999997,3.5,0.0,0.32,0.909,0.0,0.083,0.916,0.0,0.077,0.95,0.8636,0.8702
christian_pulisic__usa,Christian Pulisic,USA,FWD,kvalifikation,Kvalifikation,27,18,0,1,3,0,1,0,24.0,4.1000000000000005,3.1500000000000004,2.2500000000000004,2.5,0.0,0.2,0.75,0.0,0.037,0.714,0.0,0.049,0.9,0.675,0.6426
christian_pulisic__usa,Christian Pulisic,USA,FWD,nations_league,Nations League,8,5,0,1,2,0,1,0,6.0,1.2000000000000002,0.7800000000000001,0.6240000000000001,0.8,0.0,0.2,0.833,0.0,0.125,0.8,0.0,0.167,0.78,0.6497,0.624
christian_pulisic__usa,Christian Pulisic,USA,FWD,venskabskamp,Venskabskamp,71,28,0,29,9,0,29,1,62.0,20.220000000000002,9.7448,5.5536,10.68,0.0,6.5,0.452,0.0,0.408,0.57,0.0,0.321,0.52,0.235,0.2964
christoph_baumgartner__aut,Christoph Baumgartner,AUT,MID,slutrunde,Slutrunde,8,7,0,0,0,0,0,0,8.0,2.7199999999999998,2.7199999999999998,2.24,2.24,0.0,0.0,0.875,0.0,0.0,0.824,0.0,0.0,1.0,0.875,0.824
christoph_baumgartner__aut,Christoph Baumgartner,AUT,MID,kvalifikation,Kvalifikation,27,20,0,1,3,0,1,2,24.0,9.66,8.154000000000002,6.786000000000001,7.54,0.0,0.2,0.833,0.0,0.037,0.832,0.0,0.021,0.9,0.7497,0.7488
christoph_baumgartner__aut,Christoph Baumgartner,AUT,MID,nations_league,Nations League,20,12,0,1,2,0,1,2,18.0,5.64,3.9468000000000005,2.8704,3.6799999999999997,0.0,0.1,0.667,0.0,0.05,0.727,0.0,0.018,0.78,0.5203,0.5671
christoph_baumgartner__aut,Christoph Baumgartner,AUT,MID,venskabskamp,Venskabskamp,16,11,0,1,1,0,1,0,15.0,6.0200000000000005,3.0784000000000002,2.236,4.3,0.0,1.0,0.733,0.0,0.062,0.726,0.0,0.166,0.52,0.3812,0.3775
christopher_bonsu_baah__gha,Christopher Bonsu Baah,GHA,FWD,kvalifikation,Kvalifikation,6,0,0,0,0,0,0,4,6.0,3.68,3.3120000000000003,0.0,0.0,0.0,0.0,0.0,0.0,0.0,0.0,0.0,0.0,0.9,0.0,0.0
christopher_bonsu_baah__gha,Christopher Bonsu Baah,GHA,FWD,venskabskamp,Venskabskamp,8,3,0,1,0,0,1,0,8.0,6.16,3.2032000000000003,0.8528,1.6400000000000001,0.0,1.0,0.375,0.0,0.125,0.266,0.0,0.162,0.52,0.195,0.1383
clement_akpa__civ,Clement Akpa,CIV,DEF,slutrunde,Slutrunde,5,0,0,3,2,0,3,0,3.0,4.25,2.55,0.0,0.0,0.0,2.55,0.0,0.0,0.6,0.0,0.0,0.6,1.0,0.0,0.0
clement_akpa__civ,Clement Akpa,CIV,DEF,kvalifikation,Kvalifikation,6,0,0,2,0,0,2,2,6.0,3.68,3.3120000000000003,0.0,0.0,0.0,1.36,0.0,0.0,0.333,0.0,0.0,0.37,0.9,0.0,0.0
clement_akpa__civ,Clement Akpa,CIV,DEF,venskabskamp,Venskabskamp,6,3,0,0,0,0,0,3,6.0,4.5600000000000005,2.3712,1.1856,2.2800000000000002,0.0,0.0,0.5,0.0,0.0,0.5,0.0,0.0,0.52,0.26,0.26
cody_gakpo__ned,Cody Gakpo,NED,FWD,slutrunde,Slutrunde,15,11,0,1,0,0,1,2,15.0,4.68,4.68,3.88,3.88,0.0,0.2,0.733,0.0,0.067,0.829,0.0,0.043,1.0,0.733,0.829
cody_gakpo__ned,Cody Gakpo,NED,FWD,nations_league_finals,Nations League-slutrunde,4,4,0,0,0,0,0,0,4.0,1.6,1.52,1.52,1.6,0.0,0.0,1.0,0.0,0.0,1.0,0.0,0.0,0.95,0.95,0.95
cody_gakpo__ned,Cody Gakpo,NED,FWD,kvalifikation,Kvalifikation,23,14,0,2,5,0,2,0,18.0,9.16,7.344000000000001,6.300000000000001,7.0,0.0,0.64,0.778,0.0,0.087,0.858,0.0,0.07,0.9,0.7002,0.7722
cody_gakpo__ned,Cody Gakpo,NED,FWD,nations_league,Nations League,12,8,0,0,0,0,0,1,12.0,4.08,3.1824000000000003,2.3400000000000003,3.0,0.0,0.0,0.667,0.0,0.0,0.735,0.0,0.0,0.78,0.5203,0.5733
cody_gakpo__ned,Cody Gakpo,NED,FWD,venskabskamp,Venskabskamp,9,5,0,2,0,0,2,1,9.0,4.84,2.5168,1.8928,3.64,0.0,0.4,0.556,0.0,0.222,0.752,0.0,0.083,0.52,0.2891,0.391
cole_palmer__eng,Cole Palmer,ENG,MID,slutrunde,Slutrunde,7,0,0,0,0,0,0,2,7.0,3.36,3.36,0.0,0.0,0.0,0.0,0.0,0.0,0.0,0.0,0.0,0.0,1.0,0.0,0.0
cole_palmer__eng,Cole Palmer,ENG,MID,kvalifikation,Kvalifikation,10,1,0,0,7,0,0,0,3.0,5.680000000000001,1.1880000000000002,0.6120000000000001,0.68,0.0,0.0,0.333,0.0,0.0,0.515,0.0,0.0,0.9,0.2997,0.4635
cole_palmer__eng,Cole Palmer,ENG,MID,nations_league,Nations League,6,2,0,3,1,0,3,0,5.0,2.88,1.872,0.7488,0.96,0.0,1.44,0.4,0.0,0.5,0.4,0.0,0.5,0.78,0.312,0.312
cole_palmer__eng,Cole Palmer,ENG,MID,venskabskamp,Venskabskamp,8,3,0,1,1,0,1,2,7.0,4.640000000000001,2.0592,0.8944000000000001,1.72,0.0,0.32,0.429,0.0,0.125,0.434,0.0,0.069,0.52,0.2231,0.2257
connor_metcalfe__aus,Connor Metcalfe,AUS,MID,slutrunde,Slutrunde,9,3,0,4,0,0,4,0,9.0,2.4,2.4,0.96,0.96,0.0,0.8,0.333,0.0,0.444,0.4,0.0,0.333,1.0,0.333,0.4
connor_metcalfe__aus,Connor Metcalfe,AUS,MID,kvalifikation,Kvalifikation,31,10,0,11,5,0,11,3,26.0,10.24,7.056000000000001,3.4200000000000004,3.8,0.0,2.7600000000000002,0.385,0.0,0.355,0.485,0.0,0.27,0.9,0.3465,0.4365
connor_metcalfe__aus,Connor Metcalfe,AUS,MID,venskabskamp,Venskabskamp,20,15,0,1,0,0,1,0,20.0,10.52,5.470400000000001,4.472,8.6,0.0,0.2,0.75,0.0,0.05,0.817,0.0,0.019,0.52,0.39,0.4248
craig_gordon__sco,Craig Gordon,SCO,GK,slutrunde,Slutrunde,6,0,0,3,0,0,3,3,6.0,2.04,2.04,0.0,0.0,0.0,1.44,0.0,0.0,0.5,0.0,0.0,0.706,1.0,0.0,0.0
craig_gordon__sco,Craig Gordon,SCO,GK,kvalifikation,Kvalifikation,105,44,0,11,28,0,11,21,77.0,16.3,9.738000000000001,5.724000000000001,6.36,0.0,1.1,0.571,0.0,0.105,0.588,0.0,0.067,0.9,0.5139,0.5292
craig_gordon__sco,Craig Gordon,SCO,GK,nations_league,Nations League,24,13,0,8,0,0,8,3,24.0,6.04,4.711200000000001,3.2604,4.18,0.0,1.56,0.542,0.0,0.333,0.692,0.0,0.258,0.78,0.4228,0.5398
craig_gordon__sco,Craig Gordon,SCO,GK,venskabskamp,Venskabskamp,68,22,0,9,23,0,9,10,45.0,13.280000000000001,4.0248,1.7680000000000002,3.4000000000000004,0.0,0.9,0.489,0.0,0.132,0.439,0.0,0.068,0.52,0.2543,0.2283
cristian_roldan__usa,Cristian Roldan,USA,MID,slutrunde,Slutrunde,36,4,0,12,0,0,12,9,36.0,10.32,10.32,0.72,0.72,0.0,5.82,0.111,0.0,0.333,0.07,0.0,0.564,1.0,0.111,0.07
cristian_roldan__usa,Cristian Roldan,USA,MID,nations_league_finals,Nations League-slutrunde,12,0,0,12,0,0,12,0,12.0,4.14,3.933,0.0,0.0,0.0,4.14,0.0,0.0,1.0,0.0,0.0,1.0,0.95,0.0,0.0
cristian_roldan__usa,Cristian Roldan,USA,MID,kvalifikation,Kvalifikation,18,0,0,4,0,0,4,9,18.0,3.2,2.8800000000000003,0.0,0.0,0.0,0.4,0.0,0.0,0.222,0.0,0.0,0.125,0.9,0.0,0.0
cristian_roldan__usa,Cristian Roldan,USA,MID,nations_league,Nations League,8,3,0,2,0,0,2,2,8.0,1.2000000000000002,0.9360000000000002,0.23400000000000004,0.30000000000000004,0.0,0.4,0.375,0.0,0.25,0.25,0.0,0.333,0.78,0.2925,0.195
cristian_roldan__usa,Cristian Roldan,USA,MID,venskabskamp,Venskabskamp,63,11,0,34,3,0,34,3,60.0,19.42,9.6616,1.5288000000000002,2.9400000000000004,0.0,8.86,0.183,0.0,0.54,0.158,0.0,0.456,0.52,0.0952,0.0822
cristian_romero__arg,Cristian Romero,ARG,DEF,slutrunde,Slutrunde,22,15,0,1,4,0,1,1,18.0,6.8,6.0,4.4,4.4,0.0,0.92,0.833,0.0,0.045,0.733,0.0,0.135,1.0,0.833,0.733
cristian_romero__arg,Cristian Romero,ARG,DEF,kvalifikation,Kvalifikation,31,22,0,6,3,0,3,0,28.0,10.98,9.342,7.3260000000000005,8.14,0.0,2.24,0.786,0.0,0.194,0.784,0.0,0.204,0.9,0.7074,0.7056
cristian_romero__arg,Cristian Romero,ARG,DEF,venskabskamp,Venskabskamp,18,11,0,2,1,0,2,3,17.0,8.32,4.2224,2.7872000000000003,5.36,0.0,0.4,0.647,0.0,0.111,0.66,0.0,0.048,0.52,0.3364,0.3432
cristiano_ronaldo__por,Cristiano Ronaldo,POR,FWD,slutrunde,Slutrunde,59,52,0,1,0,0,0,2,59.0,8.700000000000001,8.700000000000001,7.8,7.8,0.0,0.1,0.881,0.0,0.017,0.897,0.0,0.011,1.0,0.881,0.897
cristiano_ronaldo__por,Cristiano Ronaldo,POR,FWD,nations_league_finals,Nations League-slutrunde,6,6,0,0,0,0,0,0,6.0,2.32,2.2039999999999997,2.2039999999999997,2.32,0.0,0.0,1.0,0.0,0.0,1.0,0.0,0.0,0.95,0.95,0.95
cristiano_ronaldo__por,Cristiano Ronaldo,POR,FWD,kvalifikation,Kvalifikation,112,95,0,7,9,0,1,0,103.0,17.34,14.796000000000001,13.266000000000002,14.74,0.0,1.6,0.922,0.0,0.062,0.897,0.0,0.092,0.9,0.8298,0.8073
cristiano_ronaldo__por,Cristiano Ronaldo,POR,FWD,nations_league,Nations League,22,12,0,6,2,0,6,0,20.0,5.08,3.7284,2.4336,3.12,0.0,0.98,0.6,0.0,0.273,0.653,0.0,0.193,0.78,0.468,0.5093
cristiano_ronaldo__por,Cristiano Ronaldo,POR,FWD,venskabskamp,Venskabskamp,91,46,0,28,7,0,28,1,84.0,13.46,5.7304,3.2760000000000002,6.3,0.0,3.3400000000000003,0.548,0.0,0.308,0.572,0.0,0.248,0.52,0.285,0.2974
crysencio_summerville__ned,Crysencio Summerville,NED,MID,venskabskamp,Venskabskamp,1,1,0,0,0,0,0,0,1.0,1.0,0.52,0.52,1.0,0.0,0.0,1.0,0.0,0.0,1.0,0.0,0.0,0.52,0.52,0.52
cyle_christopher_larin__can,Cyle Christopher Larin,CAN,FWD,slutrunde,Slutrunde,33,14,0,7,2,0,7,4,31.0,9.58,9.18,3.8,3.8,0.0,1.58,0.452,0.0,0.212,0.414,0.0,0.165,1.0,0.452,0.414
cyle_christopher_larin__can,Cyle Christopher Larin,CAN,FWD,nations_league_finals,Nations League-slutrunde,9,7,0,0,0,0,0,0,9.0,3.52,3.344,2.432,2.56,0.0,0.0,0.778,0.0,0.0,0.727,0.0,0.0,0.95,0.7391,0.6906
cyle_christopher_larin__can,Cyle Christopher Larin,CAN,FWD,kvalifikation,Kvalifikation,30,22,0,1,2,0,1,1,28.0,4.800000000000001,3.9600000000000004,2.8800000000000003,3.2,0.0,0.2,0.786,0.0,0.033,0.727,0.0,0.042,0.9,0.7074,0.6543
cyle_christopher_larin__can,Cyle Christopher Larin,CAN,FWD,nations_league,Nations League,12,4,0,2,0,0,2,0,12.0,1.6,1.2480000000000002,0.546,0.7000000000000001,0.0,0.2,0.333,0.0,0.167,0.437,0.0,0.125,0.78,0.2597,0.3409
cyle_christopher_larin__can,Cyle Christopher Larin,CAN,FWD,venskabskamp,Venskabskamp,48,18,0,15,4,0,15,4,44.0,16.150000000000002,6.9836,4.16,8.0,0.0,2.35,0.409,0.0,0.312,0.596,0.0,0.146,0.52,0.2127,0.3099
daichi_kamada__jpn,Daichi Kamada,JPN,MID,slutrunde,Slutrunde,21,4,0,17,0,0,17,0,21.0,5.640000000000001,5.640000000000001,0.8,0.8,0.0,4.84,0.19,0.0,0.81,0.142,0.0,0.858,1.0,0.19,0.142
daichi_kamada__jpn,Daichi Kamada,JPN,MID,kvalifikation,Kvalifikation,34,13,0,5,3,0,5,6,31.0,10.24,8.568,4.122,4.58,0.0,1.1400000000000001,0.419,0.0,0.147,0.481,0.0,0.111,0.9,0.3771,0.4329
daichi_kamada__jpn,Daichi Kamada,JPN,MID,venskabskamp,Venskabskamp,37,16,0,8,0,0,8,4,37.0,12.26,6.3752,2.704,5.2,0.0,2.36,0.432,0.0,0.216,0.424,0.0,0.192,0.52,0.2246,0.2205
dailon_livramento__cpv,Dailon Livramento,CPV,FWD,kvalifikation,Kvalifikation,14,8,0,0,0,0,0,0,14.0,7.52,6.768000000000001,4.176,4.640000000000001,0.0,0.0,0.571,0.0,0.0,0.617,0.0,0.0,0.9,0.5139,0.5553
dailon_livramento__cpv,Dailon Livramento,CPV,FWD,venskabskamp,Venskabskamp,9,4,0,1,0,0,1,2,9.0,6.0,3.12,1.352,2.6,0.0,0.48,0.444,0.0,0.111,0.433,0.0,0.08,0.52,0.2309,0.2252
daizen_maeda__jpn,Daizen Maeda,JPN,FWD,slutrunde,Slutrunde,21,5,0,9,0,0,9,4,21.0,5.640000000000001,5.640000000000001,1.02,1.02,0.0,2.9400000000000004,0.238,0.0,0.429,0.181,0.0,0.521,1.0,0.238,0.181
daizen_maeda__jpn,Daizen Maeda,JPN,FWD,kvalifikation,Kvalifikation,34,2,0,18,4,0,18,3,30.0,10.24,8.46,0.72,0.8,0.0,4.36,0.067,0.0,0.529,0.085,0.0,0.426,0.9,0.0603,0.0765
daizen_maeda__jpn,Daizen Maeda,JPN,FWD,venskabskamp,Venskabskamp,33,4,0,13,1,0,13,9,32.0,11.860000000000001,6.115200000000001,1.2896,2.48,0.0,2.8400000000000003,0.125,0.0,0.394,0.211,0.0,0.239,0.52,0.065,0.1097
dami_n_bobadilla__par,Damian Bobadilla,PAR,MID,slutrunde,Slutrunde,3,2,0,0,0,0,0,0,3.0,1.44,1.44,0.96,0.96,0.0,0.0,0.667,0.0,0.0,0.667,0.0,0.0,1.0,0.667,0.667
dami_n_bobadilla__par,Damian Bobadilla,PAR,MID,kvalifikation,Kvalifikation,15,6,0,2,0,0,2,4,15.0,7.32,6.588,2.7720000000000002,3.08,0.0,0.64,0.4,0.0,0.133,0.421,0.0,0.087,0.9,0.36,0.3789
dami_n_bobadilla__par,Damian Bobadilla,PAR,MID,venskabskamp,Venskabskamp,10,5,0,0,0,0,0,3,10.0,7.0,3.64,2.0176000000000003,3.8800000000000003,0.0,0.0,0.5,0.0,0.0,0.554,0.0,0.0,0.52,0.26,0.2881
dan_burn__eng,Dan Burn,ENG,DEF,kvalifikation,Kvalifikation,8,4,0,0,0,0,0,3,8.0,5.04,4.5360000000000005,2.2680000000000002,2.52,0.0,0.0,0.5,0.0,0.0,0.5,0.0,0.0,0.9,0.45,0.45
dan_burn__eng,Dan Burn,ENG,DEF,venskabskamp,Venskabskamp,5,0,0,1,0,0,1,2,5.0,4.2,2.184,0.0,0.0,0.0,0.92,0.0,0.0,0.2,0.0,0.0,0.219,0.52,0.0,0.0
dan_ndoye__sui,Dan Ndoye,SUI,FWD,slutrunde,Slutrunde,9,5,0,4,0,0,4,0,9.0,3.2,3.2,2.4,2.4,0.0,0.8,0.556,0.0,0.444,0.75,0.0,0.25,1.0,0.556,0.75
dan_ndoye__sui,Dan Ndoye,SUI,FWD,kvalifikation,Kvalifikation,17,6,0,4,0,0,4,2,17.0,7.24,6.516000000000001,3.3480000000000008,3.72,0.0,1.04,0.353,0.0,0.235,0.514,0.0,0.144,0.9,0.3177,0.4626
dan_ndoye__sui,Dan Ndoye,SUI,FWD,nations_league,Nations League,8,2,0,0,4,0,0,1,4.0,3.28,1.0608,0.7488,0.96,0.0,0.0,0.5,0.0,0.0,0.706,0.0,0.0,0.78,0.39,0.5507
dan_ndoye__sui,Dan Ndoye,SUI,FWD,venskabskamp,Venskabskamp,13,12,0,1,0,0,1,0,13.0,7.8,4.056,3.9520000000000004,7.6000000000000005,0.0,0.2,0.923,0.0,0.077,0.974,0.0,0.026,0.52,0.48,0.5065
dani_olmo__esp,Dani Olmo,ESP,MID,slutrunde,Slutrunde,18,12,0,1,0,0,1,2,18.0,6.28,6.28,3.52,3.52,0.0,0.92,0.667,0.0,0.056,0.561,0.0,0.146,1.0,0.667,0.561
dani_olmo__esp,Dani Olmo,ESP,MID,nations_league_finals,Nations League-slutrunde,8,1,0,0,2,0,0,2,6.0,3.16,2.622,0.45599999999999996,0.48,0.0,0.0,0.167,0.0,0.0,0.174,0.0,0.0,0.95,0.1587,0.1653
dani_olmo__esp,Dani Olmo,ESP,MID,kvalifikation,Kvalifikation,24,6,0,4,7,0,4,3,17.0,7.9,4.446000000000001,1.4400000000000002,1.6,0.0,0.8,0.353,0.0,0.167,0.324,0.0,0.101,0.9,0.3177,0.2916
dani_olmo__esp,Dani Olmo,ESP,MID,nations_league,Nations League,18,8,0,1,4,0,1,2,14.0,4.68,2.5896000000000003,1.3728000000000002,1.76,0.0,0.48,0.571,0.0,0.056,0.53,0.0,0.103,0.78,0.4454,0.4134
dani_olmo__esp,Dani Olmo,ESP,MID,venskabskamp,Venskabskamp,14,5,0,2,0,0,2,3,14.0,5.54,2.8808000000000002,1.3208000000000002,2.54,0.0,0.6799999999999999,0.357,0.0,0.143,0.458,0.0,0.123,0.52,0.1856,0.2382
danial_esmaeilifar__irn,Danial Esmaeilifar,IRN,DEF,slutrunde,Slutrunde,16,0,0,16,0,0,16,0,16.0,6.2,6.2,0.0,0.0,0.0,6.2,0.0,0.0,1.0,0.0,0.0,1.0,1.0,0.0,0.0
danial_esmaeilifar__irn,Danial Esmaeilifar,IRN,DEF,kvalifikation,Kvalifikation,30,0,0,25,0,0,25,4,30.0,9.94,8.946,0.0,0.0,0.0,9.04,0.0,0.0,0.833,0.0,0.0,0.909,0.9,0.0,0.0
danial_esmaeilifar__irn,Danial Esmaeilifar,IRN,DEF,venskabskamp,Venskabskamp,17,3,0,11,0,0,11,1,17.0,7.24,3.7648,1.1856,2.2800000000000002,0.0,2.68,0.176,0.0,0.647,0.315,0.0,0.37,0.52,0.0915,0.1638
daniel_jebbison__can,Daniel Jebbison,CAN,FWD,slutrunde,Slutrunde,4,0,0,0,0,0,0,2,4.0,2.72,2.72,0.0,0.0,0.0,0.0,0.0,0.0,0.0,0.0,0.0,0.0,1.0,0.0,0.0
daniel_jebbison__can,Daniel Jebbison,CAN,FWD,nations_league_finals,Nations League-slutrunde,2,0,0,0,0,0,0,1,2.0,0.96,0.9119999999999999,0.0,0.0,0.0,0.0,0.0,0.0,0.0,0.0,0.0,0.0,0.95,0.0,0.0
daniel_jebbison__can,Daniel Jebbison,CAN,FWD,venskabskamp,Venskabskamp,11,1,0,7,0,0,7,0,11.0,8.13,4.227600000000001,0.3536,0.68,0.0,4.930000000000001,0.091,0.0,0.636,0.084,0.0,0.606,0.52,0.0473,0.0437
daniel_mu_oz__col,Daniel Muñoz,COL,DEF,slutrunde,Slutrunde,13,10,0,2,0,0,1,1,13.0,4.28,4.28,3.4,3.4,0.0,0.6799999999999999,0.769,0.0,0.154,0.794,0.0,0.159,1.0,0.769,0.794
daniel_mu_oz__col,Daniel Muñoz,COL,DEF,kvalifikation,Kvalifikation,34,17,0,7,0,0,6,7,34.0,11.38,10.242,6.300000000000001,7.0,0.0,2.68,0.5,0.0,0.206,0.615,0.0,0.236,0.9,0.45,0.5535
daniel_mu_oz__col,Daniel Muñoz,COL,DEF,venskabskamp,Venskabskamp,23,14,0,5,0,0,5,3,23.0,10.040000000000001,5.2208000000000006,2.9952,5.76,0.0,1.7200000000000002,0.609,0.0,0.217,0.574,0.0,0.171,0.52,0.3167,0.2985
daniel_nana_agyei__gha,Daniel Nana Agyei,GHA,FWD,slutrunde,Slutrunde,22,0,0,0,0,0,0,22,22.0,2.2,2.2,0.0,0.0,0.0,0.0,0.0,0.0,0.0,0.0,0.0,0.0,1.0,0.0,0.0
daniel_nana_agyei__gha,Daniel Nana Agyei,GHA,FWD,kvalifikation,Kvalifikation,16,0,0,11,0,0,11,5,16.0,1.6,1.4400000000000002,0.0,0.0,0.0,1.1,0.0,0.0,0.688,0.0,0.0,0.688,0.9,0.0,0.0
daniel_nana_agyei__gha,Daniel Nana Agyei,GHA,FWD,venskabskamp,Venskabskamp,24,2,0,18,0,0,18,2,24.0,2.4000000000000004,1.2480000000000002,0.10400000000000001,0.2,0.0,1.8,0.083,0.0,0.75,0.083,0.0,0.75,0.52,0.0432,0.0432
daniel_svensson__swe,Daniel Svensson,SWE,DEF,kvalifikation,Kvalifikation,8,6,0,0,0,0,0,0,8.0,5.92,5.328000000000001,3.888000000000001,4.32,0.0,0.0,0.75,0.0,0.0,0.73,0.0,0.0,0.9,0.675,0.657
daniel_svensson__swe,Daniel Svensson,SWE,DEF,nations_league,Nations League,4,0,0,0,0,0,0,3,4.0,1.92,1.4976,0.0,0.0,0.0,0.0,0.0,0.0,0.0,0.0,0.0,0.0,0.78,0.0,0.0
daniel_svensson__swe,Daniel Svensson,SWE,DEF,venskabskamp,Venskabskamp,8,3,0,0,2,0,0,2,6.0,5.28,2.2464,1.3936000000000002,2.68,0.0,0.0,0.5,0.0,0.0,0.62,0.0,0.0,0.52,0.26,0.3224
daniel_vivian__esp,Daniel Vivian,ESP,DEF,slutrunde,Slutrunde,7,1,0,0,0,0,0,5,7.0,3.36,3.36,0.48,0.48,0.0,0.0,0.143,0.0,0.0,0.143,0.0,0.0,1.0,0.143,0.143
daniel_vivian__esp,Daniel Vivian,ESP,DEF,nations_league_finals,Nations League-slutrunde,4,0,0,0,2,0,0,1,2.0,2.12,1.1019999999999999,0.0,0.0,0.0,0.0,0.0,0.0,0.0,0.0,0.0,0.0,0.95,0.0,0.0
daniel_vivian__esp,Daniel Vivian,ESP,DEF,kvalifikation,Kvalifikation,6,0,0,2,0,0,2,3,6.0,4.08,3.6720000000000006,0.0,0.0,0.0,1.36,0.0,0.0,0.333,0.0,0.0,0.333,0.9,0.0,0.0
daniel_vivian__esp,Daniel Vivian,ESP,DEF,nations_league,Nations League,6,4,0,1,0,0,1,1,6.0,2.88,2.2464,1.4976,1.92,0.0,0.48,0.667,0.0,0.167,0.667,0.0,0.167,0.78,0.5203,0.5203
daniel_vivian__esp,Daniel Vivian,ESP,DEF,venskabskamp,Venskabskamp,4,2,0,0,0,0,0,2,4.0,1.6,0.8320000000000001,0.41600000000000004,0.8,0.0,0.0,0.5,0.0,0.0,0.5,0.0,0.0,0.52,0.26,0.26
danilo_luiz_da_silva__bra,Danilo Luiz da Silva,BRA,DEF,slutrunde,Slutrunde,46,14,0,25,5,0,25,1,41.0,7.32,6.62,3.82,3.82,0.0,2.5,0.341,0.0,0.543,0.577,0.0,0.342,1.0,0.341,0.577
danilo_luiz_da_silva__bra,Danilo Luiz da Silva,BRA,DEF,kvalifikation,Kvalifikation,53,20,0,16,5,0,16,11,48.0,12.98,9.954,4.482,4.98,0.0,2.96,0.417,0.0,0.302,0.45,0.0,0.228,0.9,0.3753,0.405
danilo_luiz_da_silva__bra,Danilo Luiz da Silva,BRA,DEF,venskabskamp,Venskabskamp,94,30,0,44,5,0,44,11,89.0,17.3,8.736,2.7352000000000003,5.26,0.0,5.86,0.337,0.0,0.468,0.313,0.0,0.339,0.52,0.1752,0.1628
danley_jean_jacques__hai,Danley Jean Jacques,HAI,MID,slutrunde,Slutrunde,6,5,0,0,0,0,0,0,6.0,3.0,3.0,2.68,2.68,0.0,0.0,0.833,0.0,0.0,0.893,0.0,0.0,1.0,0.833,0.893
danley_jean_jacques__hai,Danley Jean Jacques,HAI,MID,kvalifikation,Kvalifikation,10,8,0,1,0,0,1,0,10.0,6.4,5.760000000000001,4.716000000000001,5.24,0.0,0.68,0.8,0.0,0.1,0.819,0.0,0.106,0.9,0.72,0.7371
danley_jean_jacques__hai,Danley Jean Jacques,HAI,MID,nations_league,Nations League,12,9,0,2,0,0,2,0,12.0,4.56,3.5568,2.9016,3.7199999999999998,0.0,0.64,0.75,0.0,0.167,0.816,0.0,0.14,0.78,0.585,0.6365
danley_jean_jacques__hai,Danley Jean Jacques,HAI,MID,venskabskamp,Venskabskamp,7,5,0,2,0,0,2,0,7.0,4.96,2.5792,1.9344000000000001,3.72,0.0,1.24,0.714,0.0,0.286,0.75,0.0,0.25,0.52,0.3713,0.39
darwin_nunez__uru,Darwin Nunez,URU,FWD,slutrunde,Slutrunde,14,9,0,0,5,0,0,0,9.0,4.48,3.48,3.48,3.48,0.0,0.0,1.0,0.0,0.0,1.0,0.0,0.0,1.0,1.0,1.0
darwin_nunez__uru,Darwin Nunez,URU,FWD,kvalifikation,Kvalifikation,36,15,0,9,3,0,4,3,33.0,11.38,9.792000000000002,4.95,5.5,0.0,3.6,0.455,0.0,0.25,0.506,0.0,0.316,0.9,0.4095,0.4554
darwin_nunez__uru,Darwin Nunez,URU,FWD,venskabskamp,Venskabskamp,25,4,0,8,6,0,8,3,19.0,8.8,3.3904,0.5616,1.08,0.0,3.0,0.211,0.0,0.32,0.166,0.0,0.341,0.52,0.1097,0.0863
david_alaba__aut,David Alaba,AUT,DEF,slutrunde,Slutrunde,11,7,0,0,4,0,0,0,7.0,3.02,1.1,1.1,1.1,0.0,0.0,1.0,0.0,0.0,1.0,0.0,0.0,1.0,1.0,1.0
david_alaba__aut,David Alaba,AUT,DEF,kvalifikation,Kvalifikation,78,53,0,7,13,0,6,1,65.0,14.760000000000002,10.674000000000001,8.190000000000001,9.1,0.0,1.48,0.815,0.0,0.09,0.767,0.0,0.1,0.9,0.7335,0.6903
david_alaba__aut,David Alaba,AUT,DEF,nations_league,Nations League,24,12,0,2,8,0,2,1,16.0,6.04,2.2308000000000003,1.5444000000000002,1.98,0.0,0.2,0.75,0.0,0.083,0.692,0.0,0.033,0.78,0.585,0.5398
david_alaba__aut,David Alaba,AUT,DEF,venskabskamp,Venskabskamp,53,28,0,6,10,0,5,1,43.0,9.72,3.9936000000000003,2.1424000000000003,4.12,0.0,0.7000000000000001,0.651,0.0,0.113,0.536,0.0,0.072,0.52,0.3385,0.2787
david_cabezas__ecu,David Cabezas,ECU,GK,venskabskamp,Venskabskamp,2,2,0,0,0,0,0,0,2.0,0.2,0.10400000000000001,0.10400000000000001,0.2,0.0,0.0,1.0,0.0,0.0,1.0,0.0,0.0,0.52,0.52,0.52
david_cabezas__ecu,David Cabezas,ECU,GK,ungdom_slutrunde,Ungdomsslutrunde,13,6,0,6,0,0,6,1,13.0,1.3,0.45499999999999996,0.20999999999999996,0.6000000000000001,0.0,0.6000000000000001,0.462,0.0,0.462,0.462,0.0,0.462,0.35,0.1617,0.1617
david_jurasek__cze,David Jurasek,CZE,DEF,slutrunde,Slutrunde,3,2,0,0,0,0,0,1,3.0,1.44,1.44,0.96,0.96,0.0,0.0,0.667,0.0,0.0,0.667,0.0,0.0,1.0,0.667,0.667
david_jurasek__cze,David Jurasek,CZE,DEF,kvalifikation,Kvalifikation,18,7,0,2,1,0,2,7,17.0,9.200000000000001,7.992000000000001,2.664,2.96,0.0,1.36,0.412,0.0,0.111,0.333,0.0,0.148,0.9,0.3708,0.2997
david_jurasek__cze,David Jurasek,CZE,DEF,nations_league,Nations League,6,0,0,4,2,0,4,0,4.0,2.88,1.4976,0.0,0.0,0.0,1.92,0.0,0.0,0.667,0.0,0.0,0.667,0.78,0.0,0.0
david_jurasek__cze,David Jurasek,CZE,DEF,venskabskamp,Venskabskamp,10,5,0,1,1,0,1,0,9.0,5.6,2.7456,1.6432,3.16,0.0,0.32,0.556,0.0,0.1,0.598,0.0,0.057,0.52,0.2891,0.311
david_m_ller_wolfe__nor,David Møller Wolfe,NOR,DEF,kvalifikation,Kvalifikation,9,8,0,0,0,0,0,1,9.0,5.36,4.824000000000001,4.5360000000000005,5.04,0.0,0.0,0.889,0.0,0.0,0.94,0.0,0.0,0.9,0.8001,0.846
david_m_ller_wolfe__nor,David Møller Wolfe,NOR,DEF,nations_league,Nations League,6,4,0,2,0,0,2,0,6.0,2.88,2.2464,1.4976,1.92,0.0,0.96,0.667,0.0,0.333,0.667,0.0,0.333,0.78,0.5203,0.5203
david_m_ller_wolfe__nor,David Møller Wolfe,NOR,DEF,venskabskamp,Venskabskamp,10,6,0,0,0,0,0,1,10.0,6.12,3.1824000000000003,2.1216,4.08,0.0,0.0,0.6,0.0,0.0,0.667,0.0,0.0,0.52,0.312,0.3468
david_ospina__col,David Ospina,COL,GK,slutrunde,Slutrunde,43,27,0,4,4,0,3,8,39.0,7.28,6.88,3.3000000000000003,3.3000000000000003,0.0,0.4,0.692,0.0,0.093,0.48,0.0,0.055,1.0,0.692,0.48
david_ospina__col,David Ospina,COL,GK,kvalifikation,Kvalifikation,88,54,0,10,11,0,10,13,77.0,16.78,11.466000000000001,5.94,6.6000000000000005,0.0,1.0,0.701,0.0,0.114,0.518,0.0,0.06,0.9,0.6309,0.4662
david_ospina__col,David Ospina,COL,GK,venskabskamp,Venskabskamp,100,47,0,18,16,0,18,16,84.0,17.740000000000002,7.956,3.0160000000000005,5.800000000000001,0.0,1.9000000000000001,0.56,0.0,0.18,0.379,0.0,0.107,0.52,0.2912,0.1971
david_raum__ger,David Raum,GER,DEF,slutrunde,Slutrunde,8,5,0,0,0,0,0,2,8.0,3.0,3.0,1.56,1.56,0.0,0.0,0.625,0.0,0.0,0.52,0.0,0.0,1.0,0.625,0.52
david_raum__ger,David Raum,GER,DEF,nations_league_finals,Nations League-slutrunde,4,2,0,0,0,0,0,2,4.0,2.12,2.014,1.1019999999999999,1.1600000000000001,0.0,0.0,0.5,0.0,0.0,0.547,0.0,0.0,0.95,0.475,0.5197
david_raum__ger,David Raum,GER,DEF,kvalifikation,Kvalifikation,13,7,0,0,0,0,0,4,13.0,5.48,4.932,3.4200000000000004,3.8000000000000003,0.0,0.0,0.538,0.0,0.0,0.693,0.0,0.0,0.9,0.4842,0.6237
david_raum__ger,David Raum,GER,DEF,nations_league,Nations League,12,7,0,0,4,0,0,0,8.0,4.08,1.6848,1.5288000000000002,1.96,0.0,0.0,0.875,0.0,0.0,0.907,0.0,0.0,0.78,0.6825,0.7075
david_raum__ger,David Raum,GER,DEF,venskabskamp,Venskabskamp,22,7,0,2,0,0,2,8,22.0,9.16,4.7632,1.1648,2.24,0.0,0.64,0.318,0.0,0.091,0.245,0.0,0.07,0.52,0.1654,0.1274
david_raya__esp,David Raya,ESP,GK,slutrunde,Slutrunde,12,1,0,1,0,0,1,10,12.0,5.08,5.08,0.48,0.48,0.0,0.92,0.083,0.0,0.083,0.094,0.0,0.181,1.0,0.083,0.094
david_raya__esp,David Raya,ESP,GK,nations_league_finals,Nations League-slutrunde,6,0,0,0,0,0,0,6,6.0,2.76,2.622,0.0,0.0,0.0,0.0,0.0,0.0,0.0,0.0,0.0,0.0,0.95,0.0,0.0
david_raya__esp,David Raya,ESP,GK,kvalifikation,Kvalifikation,14,1,0,0,0,0,0,13,14.0,6.4,5.760000000000001,0.28800000000000003,0.32,0.0,0.0,0.071,0.0,0.0,0.05,0.0,0.0,0.9,0.0639,0.045
david_raya__esp,David Raya,ESP,GK,nations_league,Nations League,12,5,0,0,0,0,0,7,12.0,4.08,3.1824000000000003,1.872,2.4,0.0,0.0,0.417,0.0,0.0,0.588,0.0,0.0,0.78,0.3253,0.4586
david_raya__esp,David Raya,ESP,GK,venskabskamp,Venskabskamp,10,4,0,1,0,0,1,4,10.0,5.04,2.6208,0.9984000000000001,1.92,0.0,1.0,0.4,0.0,0.1,0.381,0.0,0.198,0.52,0.208,0.1981
davinson_s_nchez__col,Davinson Sanchez,COL,DEF,slutrunde,Slutrunde,21,18,0,0,0,0,0,1,21.0,5.08,5.08,4.58,4.58,0.0,0.0,0.857,0.0,0.0,0.902,0.0,0.0,1.0,0.857,0.902
davinson_s_nchez__col,Davinson Sanchez,COL,DEF,kvalifikation,Kvalifikation,48,28,0,8,2,0,8,10,46.0,12.780000000000001,10.89,7.488,8.32,0.0,1.78,0.609,0.0,0.167,0.688,0.0,0.139,0.9,0.5481,0.6192
davinson_s_nchez__col,Davinson Sanchez,COL,DEF,venskabskamp,Venskabskamp,45,29,0,7,1,0,7,7,44.0,12.24,6.1984,3.9520000000000004,7.6000000000000005,0.0,1.56,0.659,0.0,0.156,0.638,0.0,0.127,0.52,0.3427,0.3318
dayne_st_clair__can,Dayne St. Clair,CAN,GK,slutrunde,Slutrunde,22,6,0,0,0,0,0,16,22.0,8.48,8.48,3.16,3.16,0.0,0.0,0.273,0.0,0.0,0.373,0.0,0.0,1.0,0.273,0.373
dayne_st_clair__can,Dayne St. Clair,CAN,GK,nations_league_finals,Nations League-slutrunde,9,4,0,0,0,0,0,5,9.0,3.52,3.344,1.8239999999999998,1.92,0.0,0.0,0.444,0.0,0.0,0.545,0.0,0.0,0.95,0.4218,0.5178
dayne_st_clair__can,Dayne St. Clair,CAN,GK,kvalifikation,Kvalifikation,20,1,0,8,0,0,8,11,20.0,3.8000000000000003,3.4200000000000004,0.18000000000000002,0.2,0.0,1.6,0.05,0.0,0.4,0.053,0.0,0.421,0.9,0.045,0.0477
dayne_st_clair__can,Dayne St. Clair,CAN,GK,nations_league,Nations League,4,0,0,0,0,0,0,4,4.0,0.8,0.6240000000000001,0.0,0.0,0.0,0.0,0.0,0.0,0.0,0.0,0.0,0.0,0.78,0.0,0.0
dayne_st_clair__can,Dayne St. Clair,CAN,GK,venskabskamp,Venskabskamp,23,8,0,1,0,0,1,13,23.0,13.65,7.098000000000001,2.496,4.8,0.0,0.85,0.348,0.0,0.043,0.352,0.0,0.062,0.52,0.181,0.183
dayot_upamecano__fra,Dayot Upamecano,FRA,DEF,slutrunde,Slutrunde,17,11,0,4,0,0,4,2,17.0,5.08,5.08,3.88,3.88,0.0,0.8,0.647,0.0,0.235,0.764,0.0,0.157,1.0,0.647,0.764
dayot_upamecano__fra,Dayot Upamecano,FRA,DEF,nations_league_finals,Nations League-slutrunde,6,1,0,0,2,0,0,1,4.0,2.52,1.2919999999999998,0.45599999999999996,0.48,0.0,0.0,0.25,0.0,0.0,0.353,0.0,0.0,0.95,0.2375,0.3353
dayot_upamecano__fra,Dayot Upamecano,FRA,DEF,kvalifikation,Kvalifikation,22,12,0,2,5,0,2,3,17.0,7.7,6.0120000000000005,4.644000000000001,5.16,0.0,0.2,0.706,0.0,0.091,0.772,0.0,0.026,0.9,0.6354,0.6948
dayot_upamecano__fra,Dayot Upamecano,FRA,DEF,nations_league,Nations League,18,5,0,5,4,0,5,4,14.0,4.68,2.7456000000000005,1.0608,1.3599999999999999,0.0,0.9,0.357,0.0,0.278,0.386,0.0,0.192,0.78,0.2785,0.3011
dayot_upamecano__fra,Dayot Upamecano,FRA,DEF,venskabskamp,Venskabskamp,15,6,0,5,2,0,5,2,13.0,5.98,2.8912,1.716,3.3,0.0,1.62,0.462,0.0,0.333,0.594,0.0,0.271,0.52,0.2402,0.3089
dean_donny_huijsen__esp,Dean Donny Huijsen,ESP,DEF,slutrunde,Slutrunde,1,0,0,1,0,0,1,0,1.0,0.92,0.92,0.0,0.0,0.0,0.92,0.0,0.0,1.0,0.0,0.0,1.0,1.0,0.0,0.0
dean_donny_huijsen__esp,Dean Donny Huijsen,ESP,DEF,nations_league_finals,Nations League-slutrunde,4,3,0,0,0,0,0,0,4.0,2.12,2.014,1.5579999999999998,1.6400000000000001,0.0,0.0,0.75,0.0,0.0,0.774,0.0,0.0,0.95,0.7125,0.7353
dean_donny_huijsen__esp,Dean Donny Huijsen,ESP,DEF,kvalifikation,Kvalifikation,6,2,0,0,4,0,0,0,2.0,4.08,1.2240000000000002,1.2240000000000002,1.36,0.0,0.0,1.0,0.0,0.0,1.0,0.0,0.0,0.9,0.9,0.9
dean_donny_huijsen__esp,Dean Donny Huijsen,ESP,DEF,venskabskamp,Venskabskamp,2,1,0,0,0,0,0,1,2.0,1.84,0.9568000000000001,0.47840000000000005,0.92,0.0,0.0,0.5,0.0,0.0,0.5,0.0,0.0,0.52,0.26,0.26
dean_henderson__eng,Dean Henderson,ENG,GK,slutrunde,Slutrunde,19,0,0,5,6,0,5,8,13.0,5.76,4.56,0.0,0.0,0.0,1.0,0.0,0.0,0.263,0.0,0.0,0.174,1.0,0.0,0.0
dean_henderson__eng,Dean Henderson,ENG,GK,kvalifikation,Kvalifikation,30,1,0,8,7,0,8,14,23.0,9.46,6.714,0.6120000000000001,0.68,0.0,1.7200000000000002,0.043,0.0,0.267,0.091,0.0,0.182,0.9,0.0387,0.0819
dean_henderson__eng,Dean Henderson,ENG,GK,nations_league,Nations League,18,1,0,4,0,0,4,13,18.0,4.68,3.6504000000000003,0.3744,0.48,0.0,0.8,0.056,0.0,0.222,0.103,0.0,0.171,0.78,0.0437,0.0803
dean_henderson__eng,Dean Henderson,ENG,GK,venskabskamp,Venskabskamp,17,1,0,7,1,0,7,7,16.0,7.180000000000001,3.5672,0.3536,0.68,0.0,2.38,0.062,0.0,0.412,0.099,0.0,0.331,0.52,0.0322,0.0515
declan_rice__eng,Declan Rice,ENG,MID,slutrunde,Slutrunde,19,19,0,0,0,0,0,0,19.0,5.76,5.76,5.76,5.76,0.0,0.0,1.0,0.0,0.0,1.0,0.0,0.0,1.0,1.0,1.0
declan_rice__eng,Declan Rice,ENG,MID,nations_league_finals,Nations League-slutrunde,2,1,0,0,0,0,0,1,2.0,0.2,0.19,0.095,0.1,0.0,0.0,0.5,0.0,0.0,0.5,0.0,0.0,0.95,0.475,0.475
declan_rice__eng,Declan Rice,ENG,MID,kvalifikation,Kvalifikation,34,24,0,2,0,0,2,5,34.0,9.860000000000001,8.874,6.894000000000001,7.66,0.0,0.4,0.706,0.0,0.059,0.777,0.0,0.041,0.9,0.6354,0.6993
declan_rice__eng,Declan Rice,ENG,MID,nations_league,Nations League,18,15,0,0,2,0,0,1,16.0,4.68,2.9016,2.7456000000000005,3.52,0.0,0.0,0.938,0.0,0.0,0.946,0.0,0.0,0.78,0.7316,0.7379
declan_rice__eng,Declan Rice,ENG,MID,venskabskamp,Venskabskamp,17,8,0,3,0,0,3,4,17.0,7.180000000000001,3.7336000000000005,1.612,3.1,0.0,2.84,0.471,0.0,0.176,0.432,0.0,0.396,0.52,0.2449,0.2246
deiver_machado__col,Deiver Machado,COL,DEF,slutrunde,Slutrunde,17,1,0,11,0,0,11,5,17.0,4.68,4.68,0.48,0.48,0.0,1.8,0.059,0.0,0.647,0.103,0.0,0.385,1.0,0.059,0.103
deiver_machado__col,Deiver Machado,COL,DEF,kvalifikation,Kvalifikation,36,5,0,22,7,0,22,2,29.0,11.58,8.190000000000001,1.7640000000000002,1.96,0.0,6.14,0.172,0.0,0.611,0.215,0.0,0.53,0.9,0.1548,0.1935
deiver_machado__col,Deiver Machado,COL,DEF,venskabskamp,Venskabskamp,37,6,0,16,6,0,16,6,31.0,11.440000000000001,4.8256000000000006,0.676,1.3,0.0,3.8400000000000003,0.194,0.0,0.432,0.14,0.0,0.336,0.52,0.1009,0.0728
deni_juric__aus,Deni Juric,AUS,FWD,venskabskamp,Venskabskamp,3,2,0,1,0,0,1,0,3.0,2.84,1.4768000000000001,0.9568000000000001,1.84,0.0,1.0,0.667,0.0,0.333,0.648,0.0,0.352,0.52,0.3468,0.337
denis_visinsky__cze,Denis Visinsky,CZE,MID,kvalifikation,Kvalifikation,2,0,0,0,0,0,0,2,2.0,1.84,1.6560000000000001,0.0,0.0,0.0,0.0,0.0,0.0,0.0,0.0,0.0,0.0,0.9,0.0,0.0
denis_visinsky__cze,Denis Visinsky,CZE,MID,venskabskamp,Venskabskamp,2,0,0,0,0,0,0,0,2.0,2.0,1.04,0.0,0.0,0.0,0.0,0.0,0.0,0.0,0.0,0.0,0.0,0.52,0.0,0.0
denis_zakaria__sui,Denis Zakaria,SUI,MID,slutrunde,Slutrunde,22,1,0,0,2,0,0,13,20.0,5.0,4.04,0.2,0.2,0.0,0.0,0.05,0.0,0.0,0.05,0.0,0.0,1.0,0.05,0.05
denis_zakaria__sui,Denis Zakaria,SUI,MID,nations_league_finals,Nations League-slutrunde,2,1,0,0,0,0,0,0,2.0,0.2,0.19,0.095,0.1,0.0,0.0,0.5,0.0,0.0,0.5,0.0,0.0,0.95,0.475,0.475
denis_zakaria__sui,Denis Zakaria,SUI,MID,kvalifikation,Kvalifikation,44,21,0,4,4,0,3,5,40.0,10.440000000000001,7.470000000000001,3.4200000000000004,3.8000000000000003,0.0,1.08,0.525,0.0,0.091,0.458,0.0,0.103,0.9,0.4725,0.4122
denis_zakaria__sui,Denis Zakaria,SUI,MID,nations_league,Nations League,22,4,0,8,6,0,8,0,16.0,5.08,2.9016,0.6084,0.78,0.0,1.96,0.25,0.0,0.364,0.21,0.0,0.386,0.78,0.195,0.1638
denis_zakaria__sui,Denis Zakaria,SUI,MID,venskabskamp,Venskabskamp,30,11,0,2,9,0,2,2,21.0,9.8,3.6088,1.8824,3.62,0.0,0.2,0.524,0.0,0.067,0.522,0.0,0.02,0.52,0.2725,0.2714
deniz_g_l__tur,Deniz Gül,TUR,FWD,kvalifikation,Kvalifikation,8,1,0,2,0,0,2,3,8.0,5.92,5.328000000000001,0.6120000000000001,0.68,0.0,1.36,0.125,0.0,0.25,0.115,0.0,0.23,0.9,0.1125,0.1035
deniz_g_l__tur,Deniz Gül,TUR,FWD,nations_league,Nations League,2,0,0,0,0,0,0,0,2.0,0.96,0.7488,0.0,0.0,0.0,0.0,0.0,0.0,0.0,0.0,0.0,0.0,0.78,0.0,0.0
deniz_g_l__tur,Deniz Gül,TUR,FWD,venskabskamp,Venskabskamp,4,2,0,0,0,0,0,1,4.0,3.3600000000000003,1.7472,1.04,2.0,0.0,0.0,0.5,0.0,0.0,0.595,0.0,0.0,0.52,0.26,0.3094
deniz_undav__ger,Deniz Undav,GER,FWD,slutrunde,Slutrunde,5,0,0,0,0,0,0,4,5.0,2.4,2.4,0.0,0.0,0.0,0.0,0.0,0.0,0.0,0.0,0.0,0.0,1.0,0.0,0.0
deniz_undav__ger,Deniz Undav,GER,FWD,nations_league_finals,Nations League-slutrunde,4,0,0,0,0,0,0,3,4.0,2.12,2.014,0.0,0.0,0.0,0.0,0.0,0.0,0.0,0.0,0.0,0.0,0.95,0.0,0.0
deniz_undav__ger,Deniz Undav,GER,FWD,kvalifikation,Kvalifikation,6,0,0,4,2,0,4,0,4.0,4.08,2.4480000000000004,0.0,0.0,0.0,2.72,0.0,0.0,0.667,0.0,0.0,0.667,0.9,0.0,0.0
deniz_undav__ger,Deniz Undav,GER,FWD,nations_league,Nations League,6,2,0,0,2,0,0,2,4.0,2.88,1.4976,0.7488,0.96,0.0,0.0,0.5,0.0,0.0,0.5,0.0,0.0,0.78,0.39,0.39
deniz_undav__ger,Deniz Undav,GER,FWD,venskabskamp,Venskabskamp,8,1,0,0,0,0,0,3,8.0,5.28,2.7456,0.52,1.0,0.0,0.0,0.125,0.0,0.0,0.189,0.0,0.0,0.52,0.065,0.0983
dennis_hadzikadunic__bih,Dennis Hadzikadunic,BIH,DEF,kvalifikation,Kvalifikation,30,13,0,7,3,0,7,6,27.0,11.66,8.226,3.24,3.6,0.0,3.16,0.481,0.0,0.233,0.394,0.0,0.271,0.9,0.4329,0.3546
dennis_hadzikadunic__bih,Dennis Hadzikadunic,BIH,DEF,nations_league,Nations League,16,7,0,5,2,0,5,1,14.0,4.48,2.7456000000000005,0.8580000000000001,1.1,0.0,1.8399999999999999,0.5,0.0,0.312,0.312,0.0,0.411,0.78,0.39,0.2434
dennis_hadzikadunic__bih,Dennis Hadzikadunic,BIH,DEF,venskabskamp,Venskabskamp,14,4,0,2,1,0,2,1,13.0,5.46,2.4856000000000003,0.6136,1.1800000000000002,0.0,0.30000000000000004,0.308,0.0,0.143,0.247,0.0,0.055,0.52,0.1602,0.1284
denzel_dumfries__ned,Denzel Dumfries,NED,DEF,slutrunde,Slutrunde,15,14,0,0,0,0,0,1,15.0,4.68,4.68,4.2,4.2,0.0,0.0,0.933,0.0,0.0,0.897,0.0,0.0,1.0,0.933,0.897
denzel_dumfries__ned,Denzel Dumfries,NED,DEF,nations_league_finals,Nations League-slutrunde,6,4,0,0,2,0,0,0,4.0,1.8,0.798,0.798,0.8400000000000001,0.0,0.0,1.0,0.0,0.0,1.0,0.0,0.0,0.95,0.95,0.95
denzel_dumfries__ned,Denzel Dumfries,NED,DEF,kvalifikation,Kvalifikation,34,24,0,1,2,0,0,5,32.0,10.26,8.010000000000002,6.912000000000001,7.680000000000001,0.0,0.2,0.75,0.0,0.029,0.863,0.0,0.019,0.9,0.675,0.7767
denzel_dumfries__ned,Denzel Dumfries,NED,DEF,nations_league,Nations League,21,13,0,1,0,0,1,4,21.0,4.98,3.8844000000000003,2.8080000000000003,3.6,0.0,0.1,0.619,0.0,0.048,0.723,0.0,0.02,0.78,0.4828,0.5639
denzel_dumfries__ned,Denzel Dumfries,NED,DEF,venskabskamp,Venskabskamp,14,9,0,1,0,0,0,2,14.0,5.44,2.8288,1.7888000000000002,3.44,0.0,1.0,0.643,0.0,0.071,0.632,0.0,0.184,0.52,0.3344,0.3286
denzell_garcia__mex,Denzell Garcia,MEX,MID,slutrunde,Slutrunde,9,0,0,9,0,0,9,0,9.0,5.5200000000000005,5.5200000000000005,0.0,0.0,0.0,5.5200000000000005,0.0,0.0,1.0,0.0,0.0,1.0,1.0,0.0,0.0
denzell_garcia__mex,Denzell Garcia,MEX,MID,nations_league_finals,Nations League-slutrunde,4,0,0,4,0,0,4,0,4.0,1.92,1.8239999999999998,0.0,0.0,0.0,1.92,0.0,0.0,1.0,0.0,0.0,1.0,0.95,0.0,0.0
denzell_garcia__mex,Denzell Garcia,MEX,MID,venskabskamp,Venskabskamp,19,0,0,13,0,0,13,4,19.0,12.55,6.526000000000001,0.0,0.0,0.0,7.84,0.0,0.0,0.684,0.0,0.0,0.625,0.52,0.0,0.0
derek_cornelius__can,Derek Cornelius,CAN,DEF,slutrunde,Slutrunde,26,11,0,11,0,0,11,3,26.0,8.88,8.88,4.16,4.16,0.0,3.64,0.423,0.0,0.423,0.468,0.0,0.41,1.0,0.423,0.468
derek_cornelius__can,Derek Cornelius,CAN,DEF,nations_league_finals,Nations League-slutrunde,9,3,0,2,2,0,2,2,7.0,3.52,2.432,1.216,1.28,0.0,0.64,0.429,0.0,0.222,0.5,0.0,0.182,0.95,0.4075,0.475
derek_cornelius__can,Derek Cornelius,CAN,DEF,kvalifikation,Kvalifikation,20,1,0,9,0,0,9,10,20.0,3.8000000000000003,3.4200000000000004,0.18000000000000002,0.2,0.0,1.6,0.05,0.0,0.45,0.053,0.0,0.421,0.9,0.045,0.0477
derek_cornelius__can,Derek Cornelius,CAN,DEF,nations_league,Nations League,12,8,0,2,0,0,2,0,12.0,1.6,1.2480000000000002,0.7800000000000001,1.0,0.0,0.4,0.667,0.0,0.167,0.625,0.0,0.25,0.78,0.5203,0.4875
derek_cornelius__can,Derek Cornelius,CAN,DEF,venskabskamp,Venskabskamp,27,16,0,1,1,0,1,7,26.0,14.05,6.864000000000001,4.9816,9.58,0.0,0.2,0.615,0.0,0.037,0.726,0.0,0.014,0.52,0.3198,0.3775
deroy_duarte__cpv,Deroy Duarte,CPV,MID,slutrunde,Slutrunde,5,3,0,0,0,0,0,2,5.0,1.6,1.6,0.96,0.96,0.0,0.0,0.6,0.0,0.0,0.6,0.0,0.0,1.0,0.6,0.6
deroy_duarte__cpv,Deroy Duarte,CPV,MID,kvalifikation,Kvalifikation,22,11,0,1,0,0,1,6,22.0,9.6,8.64,3.708,4.12,0.0,0.32,0.5,0.0,0.045,0.429,0.0,0.033,0.9,0.45,0.3861
deroy_duarte__cpv,Deroy Duarte,CPV,MID,venskabskamp,Venskabskamp,18,9,0,5,0,0,5,1,18.0,8.280000000000001,4.3056,1.9968000000000001,3.8400000000000003,0.0,2.44,0.5,0.0,0.278,0.464,0.0,0.295,0.52,0.26,0.2413
derrick_etienne__hai,Derrick Etienne Jr.,HAI,FWD,slutrunde,Slutrunde,14,7,0,3,0,0,3,0,14.0,4.1000000000000005,4.1000000000000005,1.44,1.44,0.0,2.04,0.5,0.0,0.214,0.351,0.0,0.498,1.0,0.5,0.351
derrick_etienne__hai,Derrick Etienne Jr.,HAI,FWD,kvalifikation,Kvalifikation,23,10,0,5,0,0,5,4,23.0,8.200000000000001,7.380000000000001,2.124,2.3600000000000003,0.0,2.8200000000000003,0.435,0.0,0.217,0.288,0.0,0.344,0.9,0.3915,0.2592
derrick_etienne__hai,Derrick Etienne Jr.,HAI,FWD,nations_league,Nations League,24,9,0,9,0,0,9,1,24.0,6.16,4.8048,1.2636000000000003,1.62,0.0,3.62,0.375,0.0,0.375,0.263,0.0,0.588,0.78,0.2925,0.2051
derrick_etienne__hai,Derrick Etienne Jr.,HAI,FWD,venskabskamp,Venskabskamp,16,4,0,6,0,0,6,1,16.0,6.16,3.2032000000000003,0.26,0.5,0.0,1.62,0.25,0.0,0.375,0.081,0.0,0.263,0.52,0.13,0.0421
derrick_kohn__gha,Derrick Köhn,GHA,DEF,venskabskamp,Venskabskamp,4,3,0,0,0,0,0,1,4.0,3.2,1.6640000000000001,1.3104,2.52,0.0,0.0,0.75,0.0,0.0,0.787,0.0,0.0,0.52,0.39,0.4092
derrick_luckassen__gha,Derrick Luckassen,GHA,DEF,venskabskamp,Venskabskamp,4,0,0,1,0,0,1,2,4.0,3.84,1.9968000000000001,0.0,0.0,0.0,1.0,0.0,0.0,0.25,0.0,0.0,0.26,0.52,0.0,0.0
d_sir_dou__fra,Desire Doue,FRA,FWD,nations_league_finals,Nations League-slutrunde,4,1,0,0,0,0,0,1,4.0,2.12,2.014,0.45599999999999996,0.48,0.0,0.0,0.25,0.0,0.0,0.226,0.0,0.0,0.95,0.2375,0.2147
d_sir_dou__fra,Desire Doue,FRA,FWD,kvalifikation,Kvalifikation,6,1,0,0,5,0,0,0,1.0,4.08,0.6120000000000001,0.6120000000000001,0.68,0.0,0.0,1.0,0.0,0.0,1.0,0.0,0.0,0.9,0.9,0.9
d_sir_dou__fra,Desire Doue,FRA,FWD,venskabskamp,Venskabskamp,3,1,0,0,0,0,0,1,3.0,2.84,1.4768000000000001,0.47840000000000005,0.92,0.0,0.0,0.333,0.0,0.0,0.324,0.0,0.0,0.52,0.1732,0.1685
deveron_fonville__cuw,Deveron Fonville,CUW,DEF,kvalifikation,Kvalifikation,1,0,0,0,0,0,0,1,1.0,0.68,0.6120000000000001,0.0,0.0,0.0,0.0,0.0,0.0,0.0,0.0,0.0,0.0,0.9,0.0,0.0
deveron_fonville__cuw,Deveron Fonville,CUW,DEF,venskabskamp,Venskabskamp,1,1,0,0,0,0,0,0,1.0,1.0,0.52,0.52,1.0,0.0,0.0,1.0,0.0,0.0,1.0,0.0,0.0,0.52,0.52,0.52
diego_g_mez__par,Diego Gomez,PAR,MID,slutrunde,Slutrunde,3,0,0,2,1,0,2,0,2.0,1.44,0.96,0.0,0.0,0.0,0.96,0.0,0.0,0.667,0.0,0.0,0.667,1.0,0.0,0.0
diego_g_mez__par,Diego Gomez,PAR,MID,kvalifikation,Kvalifikation,18,12,0,4,1,0,3,0,17.0,8.28,7.164000000000001,5.436,6.04,0.0,1.6,0.706,0.0,0.222,0.759,0.0,0.193,0.9,0.6354,0.6831
diego_g_mez__par,Diego Gomez,PAR,MID,venskabskamp,Venskabskamp,17,8,0,0,3,0,0,3,14.0,8.52,3.6816000000000004,2.9952,5.760000000000001,0.0,0.0,0.571,0.0,0.0,0.814,0.0,0.0,0.52,0.2969,0.4233
diego_moreira__bel,Diego Moreira,BEL,MID,kvalifikation,Kvalifikation,7,0,0,2,0,0,2,3,7.0,4.760000000000001,4.284000000000001,0.0,0.0,0.0,1.36,0.0,0.0,0.286,0.0,0.0,0.286,0.9,0.0,0.0
diego_moreira__bel,Diego Moreira,BEL,MID,venskabskamp,Venskabskamp,4,0,0,0,2,0,0,1,2.0,3.84,1.04,0.0,0.0,0.0,0.0,0.0,0.0,0.0,0.0,0.0,0.0,0.52,0.0,0.0
dilshod_komilov__uzb,Dilshod Komilov,UZB,DEF,slutrunde,Slutrunde,4,2,0,0,0,0,0,2,4.0,2.72,2.72,1.36,1.36,0.0,0.0,0.5,0.0,0.0,0.5,0.0,0.0,1.0,0.5,0.5
dilshod_komilov__uzb,Dilshod Komilov,UZB,DEF,kvalifikation,Kvalifikation,2,0,0,0,0,0,0,2,2.0,0.96,0.864,0.0,0.0,0.0,0.0,0.0,0.0,0.0,0.0,0.0,0.0,0.9,0.0,0.0
diney_borges__cpv,Diney Borges,CPV,DEF,slutrunde,Slutrunde,9,2,0,0,0,0,0,6,9.0,2.4,2.4,0.52,0.52,0.0,0.0,0.222,0.0,0.0,0.217,0.0,0.0,1.0,0.222,0.217
diney_borges__cpv,Diney Borges,CPV,DEF,kvalifikation,Kvalifikation,40,9,0,13,0,0,13,13,40.0,12.0,10.8,3.6720000000000006,4.08,0.0,3.08,0.225,0.0,0.325,0.34,0.0,0.257,0.9,0.2025,0.306
diney_borges__cpv,Diney Borges,CPV,DEF,venskabskamp,Venskabskamp,25,11,0,9,0,0,9,2,25.0,9.18,4.7736,2.8080000000000003,5.4,0.0,2.64,0.44,0.0,0.36,0.588,0.0,0.288,0.52,0.2288,0.3058
diogo_costa__por,Diogo Costa,POR,GK,slutrunde,Slutrunde,10,10,0,0,0,0,0,0,10.0,3.4,3.4,3.4,3.4,0.0,0.0,1.0,0.0,0.0,1.0,0.0,0.0,1.0,1.0,1.0
diogo_costa__por,Diogo Costa,POR,GK,nations_league_finals,Nations League-slutrunde,4,4,0,0,0,0,0,0,4.0,2.12,2.014,2.014,2.12,0.0,0.0,1.0,0.0,0.0,1.0,0.0,0.0,0.95,0.95,0.95
diogo_costa__por,Diogo Costa,POR,GK,kvalifikation,Kvalifikation,23,15,0,0,2,0,0,6,21.0,8.440000000000001,7.236000000000001,6.048000000000001,6.720000000000001,0.0,0.0,0.714,0.0,0.0,0.836,0.0,0.0,0.9,0.6426,0.7524
diogo_costa__por,Diogo Costa,POR,GK,nations_league,Nations League,12,9,0,1,0,0,1,2,12.0,4.08,3.1824000000000003,2.496,3.2,0.0,0.48,0.75,0.0,0.083,0.784,0.0,0.118,0.78,0.585,0.6115
diogo_costa__por,Diogo Costa,POR,GK,venskabskamp,Venskabskamp,11,4,0,1,2,0,1,4,9.0,5.36,2.1424000000000003,0.7696000000000001,1.48,0.0,0.92,0.444,0.0,0.091,0.359,0.0,0.172,0.52,0.2309,0.1867
diogo_dalot__por,Diogo Dalot,POR,DEF,slutrunde,Slutrunde,13,6,0,0,0,0,0,6,13.0,4.0,4.0,1.76,1.76,0.0,0.0,0.462,0.0,0.0,0.44,0.0,0.0,1.0,0.462,0.44
diogo_dalot__por,Diogo Dalot,POR,DEF,nations_league_finals,Nations League-slutrunde,4,2,0,0,0,0,0,2,4.0,2.12,2.014,0.9119999999999999,0.96,0.0,0.0,0.5,0.0,0.0,0.453,0.0,0.0,0.95,0.475,0.4304
diogo_dalot__por,Diogo Dalot,POR,DEF,kvalifikation,Kvalifikation,23,10,0,5,2,0,5,6,21.0,8.440000000000001,6.372000000000001,3.2040000000000006,3.56,0.0,1.24,0.476,0.0,0.217,0.503,0.0,0.147,0.9,0.4284,0.4527
diogo_dalot__por,Diogo Dalot,POR,DEF,nations_league,Nations League,12,4,0,0,0,0,0,6,12.0,4.08,3.1824000000000003,1.2792000000000001,1.64,0.0,0.0,0.333,0.0,0.0,0.402,0.0,0.0,0.78,0.2597,0.3136
diogo_dalot__por,Diogo Dalot,POR,DEF,venskabskamp,Venskabskamp,11,6,0,2,0,0,2,0,11.0,5.36,2.7872000000000003,1.352,2.6,0.0,0.52,0.545,0.0,0.182,0.485,0.0,0.097,0.52,0.2834,0.2522
djed_spence__eng,Djed Spence,ENG,DEF,kvalifikation,Kvalifikation,5,1,0,0,0,0,0,3,5.0,3.4000000000000004,3.0600000000000005,0.6120000000000001,0.68,0.0,0.0,0.2,0.0,0.0,0.2,0.0,0.0,0.9,0.18,0.18
djed_spence__eng,Djed Spence,ENG,DEF,venskabskamp,Venskabskamp,4,3,0,0,0,0,0,1,4.0,3.52,1.8304,1.352,2.6,0.0,0.0,0.75,0.0,0.0,0.739,0.0,0.0,0.52,0.39,0.3843
djibril_sow__sui,Djibril Sow,SUI,MID,slutrunde,Slutrunde,14,4,0,1,4,0,1,3,10.0,4.2,2.2800000000000002,0.8,0.8,0.0,0.48,0.4,0.0,0.071,0.351,0.0,0.114,1.0,0.4,0.351
djibril_sow__sui,Djibril Sow,SUI,MID,nations_league_finals,Nations League-slutrunde,2,0,0,0,0,0,0,2,2.0,0.2,0.19,0.0,0.0,0.0,0.0,0.0,0.0,0.0,0.0,0.0,0.0,0.95,0.0,0.0
djibril_sow__sui,Djibril Sow,SUI,MID,kvalifikation,Kvalifikation,32,5,0,5,3,0,5,5,29.0,9.24,6.912000000000001,1.8720000000000003,2.08,0.0,1.1600000000000001,0.172,0.0,0.156,0.271,0.0,0.126,0.9,0.1548,0.2439
djibril_sow__sui,Djibril Sow,SUI,MID,nations_league,Nations League,22,8,0,6,1,0,6,3,21.0,5.08,3.5880000000000005,1.0140000000000002,1.3,0.0,2.5,0.381,0.0,0.273,0.283,0.0,0.492,0.78,0.2972,0.2207
djibril_sow__sui,Djibril Sow,SUI,MID,venskabskamp,Venskabskamp,24,7,0,2,3,0,2,4,21.0,9.200000000000001,4.316,0.6656,1.28,0.0,0.64,0.333,0.0,0.083,0.154,0.0,0.07,0.52,0.1732,0.0801
dodi_lukebakio__bel,Dodi Lukebakio,BEL,FWD,slutrunde,Slutrunde,12,1,0,9,0,0,8,0,12.0,3.52,3.52,0.48,0.48,0.0,2.08,0.083,0.0,0.75,0.136,0.0,0.591,1.0,0.083,0.136
dodi_lukebakio__bel,Dodi Lukebakio,BEL,FWD,nations_league_finals,Nations League-slutrunde,2,0,0,0,0,0,0,2,2.0,0.4,0.38,0.0,0.0,0.0,0.0,0.0,0.0,0.0,0.0,0.0,0.0,0.95,0.0,0.0
dodi_lukebakio__bel,Dodi Lukebakio,BEL,FWD,kvalifikation,Kvalifikation,24,4,0,5,2,0,5,7,22.0,9.18,7.038000000000001,0.9360000000000002,1.04,0.0,0.7000000000000001,0.182,0.0,0.208,0.133,0.0,0.076,0.9,0.1638,0.1197
dodi_lukebakio__bel,Dodi Lukebakio,BEL,FWD,nations_league,Nations League,18,3,0,6,0,0,6,4,18.0,5.4399999999999995,4.2432,1.1232,1.44,0.0,1.1,0.167,0.0,0.333,0.265,0.0,0.202,0.78,0.1303,0.2067
dodi_lukebakio__bel,Dodi Lukebakio,BEL,FWD,venskabskamp,Venskabskamp,17,3,0,5,0,0,5,3,17.0,7.0600000000000005,3.6712000000000002,0.6344000000000001,1.22,0.0,0.9,0.176,0.0,0.294,0.173,0.0,0.127,0.52,0.0915,0.09
dominic_hyam__sco,Dominic Hyam,SCO,DEF,slutrunde,Slutrunde,3,0,0,3,0,0,3,0,3.0,1.44,1.44,0.0,0.0,0.0,1.44,0.0,0.0,1.0,0.0,0.0,1.0,1.0,0.0,0.0
dominic_hyam__sco,Dominic Hyam,SCO,DEF,kvalifikation,Kvalifikation,14,0,0,11,0,0,11,2,14.0,6.4,5.760000000000001,0.0,0.0,0.0,5.680000000000001,0.0,0.0,0.786,0.0,0.0,0.888,0.9,0.0,0.0
dominic_hyam__sco,Dominic Hyam,SCO,DEF,nations_league,Nations League,8,0,0,8,0,0,8,0,8.0,3.84,2.9952,0.0,0.0,0.0,3.84,0.0,0.0,1.0,0.0,0.0,1.0,0.78,0.0,0.0
dominic_hyam__sco,Dominic Hyam,SCO,DEF,venskabskamp,Venskabskamp,12,1,0,8,0,0,8,1,12.0,7.28,3.7856,0.47840000000000005,0.92,0.0,3.44,0.083,0.0,0.667,0.126,0.0,0.473,0.52,0.0432,0.0655
dominik_kotarski__cro,Dominik Kotarski,CRO,GK,slutrunde,Slutrunde,3,0,0,3,0,0,3,0,3.0,1.44,1.44,0.0,0.0,0.0,1.44,0.0,0.0,1.0,0.0,0.0,1.0,1.0,0.0,0.0
dominik_kotarski__cro,Dominik Kotarski,CRO,GK,nations_league_finals,Nations League-slutrunde,2,0,0,0,0,0,0,2,2.0,0.96,0.9119999999999999,0.0,0.0,0.0,0.0,0.0,0.0,0.0,0.0,0.0,0.0,0.95,0.0,0.0
dominik_kotarski__cro,Dominik Kotarski,CRO,GK,kvalifikation,Kvalifikation,8,1,0,2,0,0,2,5,8.0,5.44,4.896000000000001,0.6120000000000001,0.68,0.0,1.36,0.125,0.0,0.25,0.125,0.0,0.25,0.9,0.1125,0.1125
dominik_kotarski__cro,Dominik Kotarski,CRO,GK,nations_league,Nations League,6,1,0,2,0,0,2,3,6.0,2.88,2.2464,0.3744,0.48,0.0,0.96,0.167,0.0,0.333,0.167,0.0,0.333,0.78,0.1303,0.1303
dominik_kotarski__cro,Dominik Kotarski,CRO,GK,venskabskamp,Venskabskamp,7,0,0,4,0,0,4,1,7.0,4.28,2.2256,0.0,0.0,0.0,2.64,0.0,0.0,0.571,0.0,0.0,0.617,0.52,0.0,0.0
dominik_livakovi__cro,Dominik Livakovic,CRO,GK,slutrunde,Slutrunde,21,14,0,0,0,0,0,7,21.0,4.34,4.34,3.64,3.64,0.0,0.0,0.667,0.0,0.0,0.839,0.0,0.0,1.0,0.667,0.839
dominik_livakovi__cro,Dominik Livakovic,CRO,GK,nations_league_finals,Nations League-slutrunde,4,4,0,0,0,0,0,0,4.0,1.6,1.52,1.52,1.6,0.0,0.0,1.0,0.0,0.0,1.0,0.0,0.0,0.95,0.95,0.95
dominik_livakovi__cro,Dominik Livakovic,CRO,GK,kvalifikation,Kvalifikation,42,27,0,0,0,0,0,15,42.0,11.06,9.954,7.722000000000001,8.58,0.0,0.0,0.643,0.0,0.0,0.776,0.0,0.0,0.9,0.5787,0.6984
dominik_livakovi__cro,Dominik Livakovic,CRO,GK,nations_league,Nations League,22,16,0,1,0,0,0,5,22.0,5.08,3.9624000000000006,3.0420000000000003,3.9,0.0,0.48,0.727,0.0,0.045,0.768,0.0,0.094,0.78,0.5671,0.599
dominik_livakovi__cro,Dominik Livakovic,CRO,GK,venskabskamp,Venskabskamp,27,13,0,2,0,0,2,12,27.0,6.680000000000001,3.4736000000000002,2.5792,4.96,0.0,0.2,0.481,0.0,0.074,0.743,0.0,0.03,0.52,0.2501,0.3864
dominique_simon__hai,Dominique Simon,HAI,MID,venskabskamp,Venskabskamp,2,1,0,0,0,0,0,0,2.0,2.0,1.04,0.52,1.0,0.0,0.0,0.5,0.0,0.0,0.5,0.0,0.0,0.52,0.26,0.26
don_deedson_louicius__hai,Don Deedson Louicius,HAI,FWD,slutrunde,Slutrunde,9,3,0,6,0,0,6,0,9.0,3.6,3.6,2.04,2.04,0.0,1.56,0.333,0.0,0.667,0.567,0.0,0.433,1.0,0.333,0.567
don_deedson_louicius__hai,Don Deedson Louicius,HAI,FWD,kvalifikation,Kvalifikation,17,6,0,0,0,0,0,3,17.0,7.6000000000000005,6.840000000000001,2.97,3.3000000000000003,0.0,0.0,0.353,0.0,0.0,0.434,0.0,0.0,0.9,0.3177,0.3906
don_deedson_louicius__hai,Don Deedson Louicius,HAI,FWD,nations_league,Nations League,18,7,0,6,0,0,6,3,18.0,5.56,4.3368,2.2464,2.88,0.0,1.2000000000000002,0.389,0.0,0.333,0.518,0.0,0.216,0.78,0.3034,0.404
don_deedson_louicius__hai,Don Deedson Louicius,HAI,FWD,venskabskamp,Venskabskamp,10,4,0,4,0,0,4,0,10.0,5.5600000000000005,2.8912,1.4144,2.72,0.0,0.92,0.4,0.0,0.4,0.489,0.0,0.165,0.52,0.208,0.2543
dong_gyeong_lee__kor,Dong-gyeong Lee,KOR,MID,slutrunde,Slutrunde,19,2,0,16,0,0,16,1,19.0,5.66,5.66,1.36,1.36,0.0,3.62,0.105,0.0,0.842,0.24,0.0,0.64,1.0,0.105,0.24
dong_gyeong_lee__kor,Dong-gyeong Lee,KOR,MID,kvalifikation,Kvalifikation,33,3,0,13,2,0,13,12,31.0,10.14,8.766,0.792,0.88,0.0,5.14,0.097,0.0,0.394,0.09,0.0,0.507,0.9,0.0873,0.081
dong_gyeong_lee__kor,Dong-gyeong Lee,KOR,MID,venskabskamp,Venskabskamp,33,5,0,16,5,0,16,2,28.0,12.860000000000001,6.219200000000001,1.8512000000000002,3.56,0.0,6.0,0.179,0.0,0.485,0.298,0.0,0.467,0.52,0.0931,0.155
donyell_malen__ned,Donyell Malen,NED,FWD,slutrunde,Slutrunde,15,4,0,5,0,0,5,2,15.0,4.68,4.68,1.3599999999999999,1.3599999999999999,0.0,1.0,0.267,0.0,0.333,0.291,0.0,0.214,1.0,0.267,0.291
donyell_malen__ned,Donyell Malen,NED,FWD,nations_league_finals,Nations League-slutrunde,4,2,0,0,0,0,0,1,4.0,1.6,1.52,0.608,0.64,0.0,0.0,0.5,0.0,0.0,0.4,0.0,0.0,0.95,0.475,0.38
donyell_malen__ned,Donyell Malen,NED,FWD,kvalifikation,Kvalifikation,32,10,0,1,1,0,1,6,31.0,10.06,8.964,3.4740000000000006,3.8600000000000003,0.0,0.1,0.323,0.0,0.031,0.388,0.0,0.01,0.9,0.2907,0.3492
donyell_malen__ned,Donyell Malen,NED,FWD,nations_league,Nations League,18,3,0,4,4,0,4,3,14.0,4.68,3.0264,0.5304,0.6799999999999999,0.0,0.6000000000000001,0.214,0.0,0.222,0.175,0.0,0.128,0.78,0.1669,0.1365
donyell_malen__ned,Donyell Malen,NED,FWD,venskabskamp,Venskabskamp,13,5,0,1,0,0,1,2,13.0,5.34,2.7768,1.7472,3.3600000000000003,0.0,0.1,0.385,0.0,0.077,0.629,0.0,0.019,0.52,0.2002,0.3271
dostonbek_khamdamov__uzb,Dostonbek Khamdamov,UZB,MID,slutrunde,Slutrunde,17,3,0,13,0,0,13,0,17.0,6.0,6.0,0.30000000000000004,0.30000000000000004,0.0,5.6000000000000005,0.176,0.0,0.765,0.05,0.0,0.933,1.0,0.176,0.05
dostonbek_khamdamov__uzb,Dostonbek Khamdamov,UZB,MID,kvalifikation,Kvalifikation,37,7,0,21,0,0,21,7,37.0,9.94,8.946,0.9000000000000001,1.0,0.0,7.74,0.189,0.0,0.568,0.101,0.0,0.779,0.9,0.1701,0.0909
dostonbek_khamdamov__uzb,Dostonbek Khamdamov,UZB,MID,venskabskamp,Venskabskamp,58,9,0,28,0,0,28,7,58.0,13.06,6.791200000000001,0.676,1.3,0.0,5.66,0.155,0.0,0.483,0.1,0.0,0.433,0.52,0.0806,0.052
douglas_santos__bra,Douglas Santos,BRA,DEF,slutrunde,Slutrunde,30,0,0,27,0,0,27,3,30.0,5.72,5.72,0.0,0.0,0.0,5.42,0.0,0.0,0.9,0.0,0.0,0.948,1.0,0.0,0.0
douglas_santos__bra,Douglas Santos,BRA,DEF,kvalifikation,Kvalifikation,53,1,0,48,1,0,48,3,52.0,12.98,11.502,0.6120000000000001,0.68,0.0,11.22,0.019,0.0,0.906,0.053,0.0,0.864,0.9,0.0171,0.0477
douglas_santos__bra,Douglas Santos,BRA,DEF,venskabskamp,Venskabskamp,48,5,0,35,3,0,33,4,45.0,12.700000000000001,5.647200000000001,1.8824,3.62,0.0,5.26,0.111,0.0,0.729,0.333,0.0,0.414,0.52,0.0577,0.1732
duckens_nazon__hai,Duckens Nazon,HAI,FWD,slutrunde,Slutrunde,21,17,0,2,0,0,2,0,21.0,4.800000000000001,4.800000000000001,4.2,4.2,0.0,0.4,0.81,0.0,0.095,0.875,0.0,0.083,1.0,0.81,0.875
duckens_nazon__hai,Duckens Nazon,HAI,FWD,kvalifikation,Kvalifikation,32,19,0,4,0,0,4,2,32.0,9.1,8.190000000000001,4.32,4.8,0.0,0.4,0.594,0.0,0.125,0.527,0.0,0.044,0.9,0.5346,0.4743
duckens_nazon__hai,Duckens Nazon,HAI,FWD,nations_league,Nations League,24,12,0,6,0,0,6,2,24.0,6.16,4.8048,2.6676,3.42,0.0,1.44,0.5,0.0,0.25,0.555,0.0,0.234,0.78,0.39,0.4329
duckens_nazon__hai,Duckens Nazon,HAI,FWD,venskabskamp,Venskabskamp,19,10,0,4,0,0,4,0,19.0,6.46,3.3592000000000004,1.7264000000000002,3.3200000000000003,0.0,0.92,0.526,0.0,0.211,0.514,0.0,0.142,0.52,0.2735,0.2673
duckens_nazon__hai,Duckens Nazon,HAI,FWD,ungdom_slutrunde,Ungdomsslutrunde,3,2,0,1,0,0,1,0,3.0,0.30000000000000004,0.10499999999999998,0.06999999999999999,0.2,0.0,0.1,0.667,0.0,0.333,0.667,0.0,0.333,0.35,0.2334,0.2334
duje_aleta_car__cro,Duje Caleta-Car,CRO,DEF,slutrunde,Slutrunde,21,3,0,10,0,0,10,8,21.0,4.34,4.34,0.5,0.5,0.0,2.84,0.143,0.0,0.476,0.115,0.0,0.654,1.0,0.143,0.115
duje_aleta_car__cro,Duje Caleta-Car,CRO,DEF,nations_league_finals,Nations League-slutrunde,4,2,0,2,0,0,2,0,4.0,1.6,1.52,0.9119999999999999,0.96,0.0,0.64,0.5,0.0,0.5,0.6,0.0,0.4,0.95,0.475,0.57
duje_aleta_car__cro,Duje Caleta-Car,CRO,DEF,kvalifikation,Kvalifikation,37,13,0,13,0,0,13,10,37.0,10.56,9.504000000000001,4.572000000000001,5.08,0.0,3.4000000000000004,0.351,0.0,0.351,0.481,0.0,0.322,0.9,0.3159,0.4329
duje_aleta_car__cro,Duje Caleta-Car,CRO,DEF,nations_league,Nations League,22,8,0,7,0,0,7,6,22.0,5.08,3.9624000000000006,1.8876000000000002,2.42,0.0,1.0,0.364,0.0,0.318,0.476,0.0,0.197,0.78,0.2839,0.3713
duje_aleta_car__cro,Duje Caleta-Car,CRO,DEF,venskabskamp,Venskabskamp,21,6,0,5,0,0,5,6,21.0,6.08,3.1616000000000004,0.8944000000000001,1.7200000000000002,0.0,1.2,0.286,0.0,0.238,0.283,0.0,0.197,0.52,0.1487,0.1472
duke_lacroix__hai,Duke Lacroix,HAI,DEF,slutrunde,Slutrunde,6,0,0,3,0,0,3,3,6.0,3.0,3.0,0.0,0.0,0.0,0.96,0.0,0.0,0.5,0.0,0.0,0.32,1.0,0.0,0.0
duke_lacroix__hai,Duke Lacroix,HAI,DEF,kvalifikation,Kvalifikation,10,8,0,0,0,0,0,2,10.0,6.4,5.760000000000001,4.5360000000000005,5.04,0.0,0.0,0.8,0.0,0.0,0.787,0.0,0.0,0.9,0.72,0.7083
duke_lacroix__hai,Duke Lacroix,HAI,DEF,nations_league,Nations League,10,3,0,4,0,0,4,3,10.0,4.16,3.2448,1.1232,1.44,0.0,1.28,0.3,0.0,0.4,0.346,0.0,0.308,0.78,0.234,0.2699
duke_lacroix__hai,Duke Lacroix,HAI,DEF,venskabskamp,Venskabskamp,7,2,0,1,0,0,1,1,7.0,4.96,2.5792,0.6448,1.24,0.0,0.32,0.286,0.0,0.143,0.25,0.0,0.065,0.52,0.1487,0.13
dylan_batubinsika__cod,Dylan Batubinsika,COD,DEF,slutrunde,Slutrunde,15,3,0,5,0,0,4,6,15.0,8.36,8.36,0.96,0.96,0.0,3.04,0.2,0.0,0.333,0.115,0.0,0.364,1.0,0.2,0.115
dylan_batubinsika__cod,Dylan Batubinsika,COD,DEF,kvalifikation,Kvalifikation,21,7,0,6,2,0,6,6,19.0,11.08,9.396,3.096,3.44,0.0,3.92,0.368,0.0,0.286,0.33,0.0,0.354,0.9,0.3312,0.297
dylan_batubinsika__cod,Dylan Batubinsika,COD,DEF,venskabskamp,Venskabskamp,11,3,0,2,0,0,2,5,11.0,5.85,3.0420000000000003,0.5824,1.12,0.0,1.24,0.273,0.0,0.182,0.191,0.0,0.212,0.52,0.142,0.0993
dylan_bronn__tun,Dylan Bronn,TUN,DEF,slutrunde,Slutrunde,34,16,0,12,3,0,12,3,31.0,10.370000000000001,9.870000000000001,5.0,5.0,0.0,4.37,0.516,0.0,0.353,0.507,0.0,0.421,1.0,0.516,0.507
dylan_bronn__tun,Dylan Bronn,TUN,DEF,kvalifikation,Kvalifikation,46,18,0,22,0,0,22,6,46.0,12.8,11.520000000000001,4.41,4.9,0.0,5.1,0.391,0.0,0.478,0.383,0.0,0.398,0.9,0.3519,0.3447
dylan_bronn__tun,Dylan Bronn,TUN,DEF,venskabskamp,Venskabskamp,46,17,0,19,2,0,19,7,44.0,14.530000000000001,6.598800000000001,2.21,4.25,0.0,5.0600000000000005,0.386,0.0,0.413,0.335,0.0,0.348,0.52,0.2007,0.1742
d_enis_burni__bih,Dzenis Burnic,BIH,MID,kvalifikation,Kvalifikation,10,3,0,1,0,0,0,1,10.0,6.880000000000001,6.192000000000001,1.8360000000000003,2.04,0.0,0.68,0.3,0.0,0.1,0.297,0.0,0.099,0.9,0.27,0.2673
d_enis_burni__bih,Dzenis Burnic,BIH,MID,nations_league,Nations League,6,5,0,0,0,0,0,0,6.0,2.88,2.2464,1.872,2.4,0.0,0.0,0.833,0.0,0.0,0.833,0.0,0.0,0.78,0.6497,0.6497
d_enis_burni__bih,Dzenis Burnic,BIH,MID,venskabskamp,Venskabskamp,6,1,0,0,0,0,0,0,6.0,4.16,2.1632000000000002,0.3536,0.68,0.0,0.0,0.167,0.0,0.0,0.163,0.0,0.0,0.52,0.0868,0.0848
eberechi_eze__eng,Eberechi Eze,ENG,MID,slutrunde,Slutrunde,7,0,0,0,0,0,0,4,7.0,3.36,3.36,0.0,0.0,0.0,0.0,0.0,0.0,0.0,0.0,0.0,0.0,1.0,0.0,0.0
eberechi_eze__eng,Eberechi Eze,ENG,MID,kvalifikation,Kvalifikation,14,2,0,2,1,0,2,4,13.0,6.96,5.976000000000001,1.2240000000000002,1.36,0.0,0.64,0.154,0.0,0.143,0.205,0.0,0.092,0.9,0.1386,0.1845
eberechi_eze__eng,Eberechi Eze,ENG,MID,nations_league,Nations League,6,0,0,2,2,0,2,0,4.0,2.88,1.4976,0.0,0.0,0.0,0.96,0.0,0.0,0.333,0.0,0.0,0.333,0.78,0.0,0.0
eberechi_eze__eng,Eberechi Eze,ENG,MID,venskabskamp,Venskabskamp,11,2,0,3,3,0,3,1,8.0,6.28,2.1424000000000003,0.52,1.0,0.0,1.6400000000000001,0.25,0.0,0.273,0.243,0.0,0.261,0.52,0.13,0.1264
der_milit_o__bra,Eder Militão,BRA,DEF,slutrunde,Slutrunde,22,11,0,0,0,0,0,8,22.0,4.92,4.92,3.32,3.32,0.0,0.0,0.5,0.0,0.0,0.675,0.0,0.0,1.0,0.5,0.675
der_milit_o__bra,Eder Militão,BRA,DEF,kvalifikation,Kvalifikation,35,8,0,5,19,0,5,3,16.0,11.18,3.5640000000000005,1.35,1.5,0.0,1.86,0.5,0.0,0.143,0.379,0.0,0.166,0.9,0.45,0.3411
der_milit_o__bra,Eder Militão,BRA,DEF,venskabskamp,Venskabskamp,31,14,0,3,2,0,3,10,29.0,7.5600000000000005,3.5984000000000003,2.2152000000000003,4.26,0.0,0.4,0.483,0.0,0.097,0.616,0.0,0.053,0.52,0.2512,0.3203
ederson_moraes__bra,Ederson Moraes,BRA,GK,slutrunde,Slutrunde,27,5,0,1,4,0,1,17,23.0,5.42,3.5,1.0,1.0,0.0,0.1,0.217,0.0,0.037,0.286,0.0,0.018,1.0,0.217,0.286
ederson_moraes__bra,Ederson Moraes,BRA,GK,kvalifikation,Kvalifikation,41,14,0,10,2,0,10,15,39.0,11.78,9.738000000000001,3.6900000000000004,4.1,0.0,3.96,0.359,0.0,0.244,0.379,0.0,0.336,0.9,0.3231,0.3411
ederson_moraes__bra,Ederson Moraes,BRA,GK,venskabskamp,Venskabskamp,43,12,0,4,8,0,4,18,35.0,12.200000000000001,4.7008,1.5808000000000002,3.04,0.0,0.6000000000000001,0.343,0.0,0.093,0.336,0.0,0.049,0.52,0.1784,0.1747
edin_dzeko__bih,Edin Dzeko,BIH,FWD,slutrunde,Slutrunde,3,3,0,0,0,0,0,0,3.0,0.30000000000000004,0.30000000000000004,0.30000000000000004,0.30000000000000004,0.0,0.0,1.0,0.0,0.0,1.0,0.0,0.0,1.0,1.0,1.0
edin_dzeko__bih,Edin Dzeko,BIH,FWD,kvalifikation,Kvalifikation,103,84,0,4,5,0,4,4,98.0,18.96,16.434,13.734000000000002,15.260000000000002,0.0,0.8400000000000001,0.857,0.0,0.039,0.836,0.0,0.044,0.9,0.7713,0.7524
edin_dzeko__bih,Edin Dzeko,BIH,FWD,nations_league,Nations League,22,16,0,0,2,0,0,1,20.0,5.08,3.8064000000000004,3.12,4.0,0.0,0.0,0.8,0.0,0.0,0.82,0.0,0.0,0.78,0.624,0.6396
edin_dzeko__bih,Edin Dzeko,BIH,FWD,venskabskamp,Venskabskamp,58,33,0,14,4,0,14,4,54.0,9.860000000000001,4.9192,1.7680000000000002,3.4000000000000004,0.0,2.66,0.611,0.0,0.241,0.359,0.0,0.27,0.52,0.3177,0.1867
edmilson_junior__qat,Edmilson Junior,QAT,FWD,slutrunde,Slutrunde,6,1,0,3,0,0,3,0,6.0,3.65,3.65,0.68,0.68,0.0,1.44,0.167,0.0,0.5,0.186,0.0,0.395,1.0,0.167,0.186
edmilson_junior__qat,Edmilson Junior,QAT,FWD,kvalifikation,Kvalifikation,11,6,0,2,0,0,2,0,11.0,5.88,5.292,2.952,3.2800000000000002,0.0,0.96,0.545,0.0,0.182,0.558,0.0,0.163,0.9,0.4905,0.5022
edmilson_junior__qat,Edmilson Junior,QAT,FWD,venskabskamp,Venskabskamp,5,4,0,1,0,0,1,0,5.0,4.04,2.1008,1.7472,3.3600000000000003,0.0,0.68,0.8,0.0,0.2,0.832,0.0,0.168,0.52,0.416,0.4326
edo_kayembe__cod,Edo Kayembe,COD,MID,slutrunde,Slutrunde,22,1,0,8,10,0,8,1,12.0,9.36,6.5200000000000005,0.85,0.85,0.0,3.12,0.083,0.0,0.364,0.13,0.0,0.333,1.0,0.083,0.13
edo_kayembe__cod,Edo Kayembe,COD,MID,kvalifikation,Kvalifikation,39,15,0,5,2,0,5,5,37.0,14.08,12.312000000000001,5.418,6.0200000000000005,0.0,0.72,0.405,0.0,0.128,0.44,0.0,0.051,0.9,0.3645,0.396
edo_kayembe__cod,Edo Kayembe,COD,MID,venskabskamp,Venskabskamp,21,6,0,7,1,0,7,2,20.0,7.3500000000000005,3.6556,1.6484,3.17,0.0,2.04,0.3,0.0,0.333,0.451,0.0,0.278,0.52,0.156,0.2345
edouard_mendy__sen,Edouard Mendy,SEN,GK,slutrunde,Slutrunde,41,22,0,7,9,0,6,3,32.0,15.41,13.81,9.23,9.23,0.0,4.28,0.688,0.0,0.171,0.668,0.0,0.278,1.0,0.688,0.668
edouard_mendy__sen,Edouard Mendy,SEN,GK,kvalifikation,Kvalifikation,41,27,0,10,0,0,10,4,41.0,12.3,11.07,7.596000000000001,8.44,0.0,3.36,0.659,0.0,0.244,0.686,0.0,0.273,0.9,0.5931,0.6174
edouard_mendy__sen,Edouard Mendy,SEN,GK,venskabskamp,Venskabskamp,20,7,0,9,1,0,9,3,19.0,8.26,4.243200000000001,1.5496,2.98,0.0,4.08,0.368,0.0,0.45,0.365,0.0,0.494,0.52,0.1914,0.1898
edson_alvarez__mex,Edson Alvarez,MEX,MID,slutrunde,Slutrunde,44,32,0,5,2,0,5,2,42.0,11.24,10.280000000000001,8.96,8.96,0.0,0.5,0.762,0.0,0.114,0.872,0.0,0.044,1.0,0.762,0.872
edson_alvarez__mex,Edson Alvarez,MEX,MID,nations_league_finals,Nations League-slutrunde,12,11,0,0,0,0,0,1,12.0,4.14,3.933,3.629,3.82,0.0,0.0,0.917,0.0,0.0,0.923,0.0,0.0,0.95,0.8711,0.8769
edson_alvarez__mex,Edson Alvarez,MEX,MID,kvalifikation,Kvalifikation,22,11,0,6,1,0,6,3,21.0,3.6,3.0600000000000005,1.8900000000000001,2.1,0.0,0.8,0.524,0.0,0.273,0.618,0.0,0.222,0.9,0.4716,0.5562
edson_alvarez__mex,Edson Alvarez,MEX,MID,nations_league,Nations League,8,3,0,5,0,0,5,0,8.0,1.2000000000000002,0.9360000000000002,0.31200000000000006,0.4,0.0,0.8,0.375,0.0,0.625,0.333,0.0,0.667,0.78,0.2925,0.2597
edson_alvarez__mex,Edson Alvarez,MEX,MID,venskabskamp,Venskabskamp,78,29,0,23,6,0,23,11,72.0,24.19,9.942400000000001,4.4408,8.540000000000001,0.0,5.9,0.403,0.0,0.295,0.447,0.0,0.244,0.52,0.2096,0.2324
eduardo_camavinga__fra,Eduardo Camavinga,FRA,MID,slutrunde,Slutrunde,17,2,0,4,0,0,4,7,17.0,5.08,5.08,0.6799999999999999,0.6799999999999999,0.0,0.8,0.118,0.0,0.235,0.134,0.0,0.157,1.0,0.118,0.134
eduardo_camavinga__fra,Eduardo Camavinga,FRA,MID,nations_league_finals,Nations League-slutrunde,6,0,0,0,4,0,0,0,2.0,2.52,0.9119999999999999,0.0,0.0,0.0,0.0,0.0,0.0,0.0,0.0,0.0,0.0,0.95,0.0,0.0
eduardo_camavinga__fra,Eduardo Camavinga,FRA,MID,kvalifikation,Kvalifikation,22,4,0,10,4,0,10,1,18.0,7.7,5.130000000000001,1.368,1.52,0.0,2.66,0.222,0.0,0.455,0.267,0.0,0.345,0.9,0.1998,0.2403
eduardo_camavinga__fra,Eduardo Camavinga,FRA,MID,nations_league,Nations League,18,3,0,6,3,0,6,3,15.0,4.68,2.8236000000000003,0.9048,1.16,0.0,1.3800000000000001,0.2,0.0,0.333,0.32,0.0,0.295,0.78,0.156,0.2496
eduardo_camavinga__fra,Eduardo Camavinga,FRA,MID,venskabskamp,Venskabskamp,14,5,0,4,1,0,4,1,13.0,4.98,2.5376000000000003,0.8008000000000001,1.54,0.0,0.7000000000000001,0.385,0.0,0.286,0.316,0.0,0.141,0.52,0.2002,0.1643
egil_selvik__nor,Egil Selvik,NOR,GK,kvalifikation,Kvalifikation,16,1,0,2,0,0,2,13,16.0,7.36,6.6240000000000006,0.28800000000000003,0.32,0.0,1.36,0.062,0.0,0.125,0.043,0.0,0.185,0.9,0.0558,0.0387
egil_selvik__nor,Egil Selvik,NOR,GK,nations_league,Nations League,6,2,0,0,0,0,0,4,6.0,2.88,2.2464,0.7488,0.96,0.0,0.0,0.333,0.0,0.0,0.333,0.0,0.0,0.78,0.2597,0.2597
egil_selvik__nor,Egil Selvik,NOR,GK,venskabskamp,Venskabskamp,13,1,0,0,0,0,0,10,13.0,6.84,3.5568000000000004,0.3536,0.68,0.0,0.0,0.077,0.0,0.0,0.099,0.0,0.0,0.52,0.04,0.0515
ehsan_hajsafi__irn,Ehsan Hajsafi,IRN,DEF,slutrunde,Slutrunde,47,33,0,6,0,0,6,5,47.0,9.3,9.3,4.92,4.92,0.0,2.9200000000000004,0.702,0.0,0.128,0.529,0.0,0.314,1.0,0.702,0.529
ehsan_hajsafi__irn,Ehsan Hajsafi,IRN,DEF,kvalifikation,Kvalifikation,92,31,0,34,2,0,32,16,90.0,16.14,14.166,3.3480000000000003,3.72,0.0,8.9,0.344,0.0,0.37,0.236,0.0,0.551,0.9,0.3096,0.2124
ehsan_hajsafi__irn,Ehsan Hajsafi,IRN,DEF,venskabskamp,Venskabskamp,91,54,0,17,0,0,17,7,91.0,16.44,8.5488,3.8168,7.340000000000001,0.0,4.12,0.593,0.0,0.187,0.446,0.0,0.251,0.52,0.3084,0.2319
el_hadji_malick_diouf__sen,El Hadji Malick Diouf,SEN,DEF,slutrunde,Slutrunde,13,4,0,7,0,0,6,1,13.0,10.03,10.03,3.4,3.4,0.0,4.930000000000001,0.308,0.0,0.538,0.339,0.0,0.492,1.0,0.308,0.339
el_hadji_malick_diouf__sen,El Hadji Malick Diouf,SEN,DEF,kvalifikation,Kvalifikation,12,7,0,0,2,0,0,2,10.0,6.5600000000000005,5.04,3.744,4.16,0.0,0.0,0.7,0.0,0.0,0.743,0.0,0.0,0.9,0.63,0.6687
el_hadji_malick_diouf__sen,El Hadji Malick Diouf,SEN,DEF,venskabskamp,Venskabskamp,7,3,0,0,0,0,0,1,7.0,5.5600000000000005,2.8912000000000004,1.1856,2.2800000000000002,0.0,0.0,0.429,0.0,0.0,0.41,0.0,0.0,0.52,0.2231,0.2132
el_mahdi_soliman__egy,El Mahdi Soliman,EGY,GK,kvalifikation,Kvalifikation,7,0,0,3,0,0,3,4,7.0,2.98,2.682,0.0,0.0,0.0,1.44,0.0,0.0,0.429,0.0,0.0,0.483,0.9,0.0,0.0
el_mahdi_soliman__egy,El Mahdi Soliman,EGY,GK,venskabskamp,Venskabskamp,7,0,0,0,0,0,0,7,7.0,4.58,2.3816,0.0,0.0,0.0,0.0,0.0,0.0,0.0,0.0,0.0,0.0,0.52,0.0,0.0
el_mehdi_al_harrar__mar,El Mehdi Al Harrar,MAR,GK,slutrunde,Slutrunde,20,7,0,6,0,0,4,7,20.0,15.64,15.64,4.760000000000001,4.760000000000001,0.0,4.93,0.35,0.0,0.3,0.304,0.0,0.315,1.0,0.35,0.304
el_mehdi_al_harrar__mar,El Mehdi Al Harrar,MAR,GK,kvalifikation,Kvalifikation,3,0,0,0,0,0,0,3,3.0,2.04,1.8360000000000003,0.0,0.0,0.0,0.0,0.0,0.0,0.0,0.0,0.0,0.0,0.9,0.0,0.0
el_mehdi_al_harrar__mar,El Mehdi Al Harrar,MAR,GK,venskabskamp,Venskabskamp,7,0,0,3,0,0,3,4,7.0,5.88,3.0576000000000003,0.0,0.0,0.0,2.2800000000000002,0.0,0.0,0.429,0.0,0.0,0.388,0.52,0.0,0.0
el_mehdi_benabid__mar,El Mehdi Benabid,MAR,GK,slutrunde,Slutrunde,24,5,0,18,0,0,18,1,24.0,16.92,16.92,4.25,4.25,0.0,11.99,0.208,0.0,0.75,0.251,0.0,0.709,1.0,0.208,0.251
el_mehdi_benabid__mar,El Mehdi Benabid,MAR,GK,kvalifikation,Kvalifikation,16,0,0,10,0,0,10,6,16.0,7.8,7.0200000000000005,0.0,0.0,0.0,5.24,0.0,0.0,0.625,0.0,0.0,0.672,0.9,0.0,0.0
el_mehdi_benabid__mar,El Mehdi Benabid,MAR,GK,venskabskamp,Venskabskamp,15,0,0,3,0,0,3,12,15.0,7.5600000000000005,3.9312000000000005,0.0,0.0,0.0,2.04,0.0,0.0,0.2,0.0,0.0,0.27,0.52,0.0,0.0
eldor_shomurodov__uzb,Eldor Shomurodov,UZB,FWD,slutrunde,Slutrunde,17,7,0,3,5,0,3,0,12.0,6.0,4.4,2.3000000000000003,2.3000000000000003,0.0,1.6800000000000002,0.583,0.0,0.176,0.523,0.0,0.28,1.0,0.583,0.523
eldor_shomurodov__uzb,Eldor Shomurodov,UZB,FWD,kvalifikation,Kvalifikation,44,38,0,0,1,0,0,3,43.0,10.64,9.144,8.694,9.66,0.0,0.0,0.884,0.0,0.0,0.951,0.0,0.0,0.9,0.7956,0.8559
eldor_shomurodov__uzb,Eldor Shomurodov,UZB,FWD,venskabskamp,Venskabskamp,59,39,0,13,2,0,13,2,57.0,13.16,6.6248000000000005,5.3456,10.280000000000001,0.0,1.74,0.684,0.0,0.22,0.807,0.0,0.132,0.52,0.3557,0.4196
elias_achouri__tun,Elias Achouri,TUN,MID,slutrunde,Slutrunde,13,7,0,6,0,0,6,0,13.0,7.17,7.17,4.36,4.36,0.0,2.81,0.538,0.0,0.462,0.608,0.0,0.392,1.0,0.538,0.608
elias_achouri__tun,Elias Achouri,TUN,MID,kvalifikation,Kvalifikation,22,5,0,9,2,0,9,1,20.0,9.6,7.776000000000001,2.52,2.8,0.0,4.24,0.25,0.0,0.409,0.324,0.0,0.442,0.9,0.225,0.2916
elias_achouri__tun,Elias Achouri,TUN,MID,venskabskamp,Venskabskamp,24,11,0,8,2,0,8,1,22.0,12.13,5.3508000000000004,2.6468000000000003,5.09,0.0,2.8400000000000003,0.5,0.0,0.333,0.495,0.0,0.234,0.52,0.26,0.2574
elias_saad__tun,Elias Saad,TUN,MID,slutrunde,Slutrunde,10,1,0,7,0,0,6,1,10.0,6.57,6.57,0.85,0.85,0.0,4.0200000000000005,0.1,0.0,0.7,0.129,0.0,0.612,1.0,0.1,0.129
elias_saad__tun,Elias Saad,TUN,MID,kvalifikation,Kvalifikation,16,5,0,4,4,0,4,2,12.0,8.16,5.6160000000000005,2.7,3.0,0.0,1.6,0.417,0.0,0.25,0.481,0.0,0.196,0.9,0.3753,0.4329
elias_saad__tun,Elias Saad,TUN,MID,venskabskamp,Venskabskamp,18,4,0,5,3,0,5,3,15.0,10.81,4.6644000000000005,1.6276000000000002,3.13,0.0,1.96,0.267,0.0,0.278,0.349,0.0,0.181,0.52,0.1388,0.1815
eliesse_ben_seghir__mar,Eliesse Ben Seghir,MAR,MID,slutrunde,Slutrunde,19,0,0,13,0,0,11,2,19.0,14.790000000000001,14.790000000000001,0.0,0.0,0.0,9.69,0.0,0.0,0.684,0.0,0.0,0.655,1.0,0.0,0.0
eliesse_ben_seghir__mar,Eliesse Ben Seghir,MAR,MID,kvalifikation,Kvalifikation,13,10,0,2,0,0,2,0,13.0,6.84,6.156000000000001,4.86,5.4,0.0,0.96,0.769,0.0,0.154,0.789,0.0,0.14,0.9,0.6921,0.7101
eliesse_ben_seghir__mar,Eliesse Ben Seghir,MAR,MID,venskabskamp,Venskabskamp,7,3,0,0,0,0,0,2,7.0,4.04,2.1008,0.6864000000000001,1.32,0.0,0.0,0.429,0.0,0.0,0.327,0.0,0.0,0.52,0.2231,0.17
elijah_just__nzl,Elijah Just,NZL,MID,slutrunde,Slutrunde,4,4,0,0,0,0,0,0,4.0,1.92,1.92,1.92,1.92,0.0,0.0,1.0,0.0,0.0,1.0,0.0,0.0,1.0,1.0,1.0
elijah_just__nzl,Elijah Just,NZL,MID,kvalifikation,Kvalifikation,11,3,0,2,0,0,2,0,11.0,3.6,3.24,1.044,1.16,0.0,0.4,0.273,0.0,0.182,0.322,0.0,0.111,0.9,0.2457,0.2898
elijah_just__nzl,Elijah Just,NZL,MID,venskabskamp,Venskabskamp,35,23,0,2,0,0,2,2,35.0,15.48,8.0496,5.896800000000001,11.34,0.0,1.36,0.657,0.0,0.057,0.733,0.0,0.088,0.52,0.3416,0.3812
elisha_owusu__gha,Elisha Owusu,GHA,MID,slutrunde,Slutrunde,9,0,0,2,1,0,2,5,8.0,2.16,1.96,0.0,0.0,0.0,0.4,0.0,0.0,0.222,0.0,0.0,0.185,1.0,0.0,0.0
elisha_owusu__gha,Elisha Owusu,GHA,MID,kvalifikation,Kvalifikation,24,6,0,9,2,0,9,2,22.0,10.0,8.64,2.628,2.92,0.0,3.68,0.273,0.0,0.375,0.304,0.0,0.368,0.9,0.2457,0.2736
elisha_owusu__gha,Elisha Owusu,GHA,MID,venskabskamp,Venskabskamp,19,4,0,9,0,0,9,2,19.0,9.08,4.7216000000000005,0.9568000000000001,1.84,0.0,4.36,0.211,0.0,0.474,0.203,0.0,0.48,0.52,0.1097,0.1056
elliot_anderson__eng,Elliot Anderson,ENG,MID,kvalifikation,Kvalifikation,5,4,0,0,0,0,0,0,5.0,3.4000000000000004,3.0600000000000005,2.4480000000000004,2.72,0.0,0.0,0.8,0.0,0.0,0.8,0.0,0.0,0.9,0.72,0.72
elliot_anderson__eng,Elliot Anderson,ENG,MID,venskabskamp,Venskabskamp,4,2,0,1,0,0,1,0,4.0,3.52,1.8304,0.8320000000000001,1.6,0.0,0.92,0.5,0.0,0.25,0.455,0.0,0.261,0.52,0.26,0.2366
elliot_stroud__swe,Elliot Stroud,SWE,DEF,kvalifikation,Kvalifikation,1,0,0,0,0,0,0,1,1.0,0.92,0.8280000000000001,0.0,0.0,0.0,0.0,0.0,0.0,0.0,0.0,0.0,0.0,0.9,0.0,0.0
elliot_stroud__swe,Elliot Stroud,SWE,DEF,venskabskamp,Venskabskamp,2,0,0,1,0,0,1,0,2.0,2.0,1.04,0.0,0.0,0.0,1.0,0.0,0.0,0.5,0.0,0.0,0.5,0.52,0.0,0.0
ellyes_skhiri__tun,Ellyes Skhiri,TUN,MID,slutrunde,Slutrunde,34,25,0,6,3,0,6,0,31.0,10.370000000000001,9.77,6.96,6.96,0.0,2.81,0.806,0.0,0.176,0.712,0.0,0.271,1.0,0.806,0.712
ellyes_skhiri__tun,Ellyes Skhiri,TUN,MID,kvalifikation,Kvalifikation,41,24,0,8,5,0,8,1,36.0,12.3,9.666,5.184,5.76,0.0,3.14,0.667,0.0,0.195,0.536,0.0,0.255,0.9,0.6003,0.4824
ellyes_skhiri__tun,Ellyes Skhiri,TUN,MID,venskabskamp,Venskabskamp,44,31,0,11,2,0,11,0,42.0,14.33,7.1188,5.226,10.05,0.0,3.64,0.738,0.0,0.25,0.734,0.0,0.254,0.52,0.3838,0.3817
eloy_room__cuw,Eloy Room,CUW,GK,slutrunde,Slutrunde,10,10,0,0,0,0,0,0,10.0,2.74,2.74,2.74,2.74,0.0,0.0,1.0,0.0,0.0,1.0,0.0,0.0,1.0,1.0,1.0
eloy_room__cuw,Eloy Room,CUW,GK,kvalifikation,Kvalifikation,27,27,0,0,0,0,0,0,27.0,8.620000000000001,7.758000000000001,7.758000000000001,8.620000000000001,0.0,0.0,1.0,0.0,0.0,1.0,0.0,0.0,0.9,0.9,0.9
eloy_room__cuw,Eloy Room,CUW,GK,nations_league,Nations League,22,18,0,4,0,0,4,0,22.0,5.76,4.492800000000001,3.4944,4.48,0.0,1.28,0.818,0.0,0.182,0.778,0.0,0.222,0.78,0.638,0.6068
eloy_room__cuw,Eloy Room,CUW,GK,venskabskamp,Venskabskamp,22,11,0,10,0,0,10,1,22.0,6.3,3.2760000000000002,1.9448,3.74,0.0,2.24,0.5,0.0,0.455,0.594,0.0,0.356,0.52,0.26,0.3089
eloy_room__cuw,Eloy Room,CUW,GK,ungdom_slutrunde,Ungdomsslutrunde,2,2,0,0,0,0,0,0,2.0,0.2,0.06999999999999999,0.06999999999999999,0.2,0.0,0.0,1.0,0.0,0.0,1.0,0.0,0.0,0.35,0.35,0.35
elye_wahi__civ,Elye Wahi,CIV,FWD,venskabskamp,Venskabskamp,3,2,0,0,0,0,0,1,3.0,2.84,1.4768000000000001,0.9984000000000001,1.92,0.0,0.0,0.667,0.0,0.0,0.676,0.0,0.0,0.52,0.3468,0.3515
emam_ashour__egy,Emam Ashour,EGY,MID,slutrunde,Slutrunde,27,8,0,8,2,0,8,6,25.0,12.21,11.69,5.09,5.09,0.0,3.38,0.32,0.0,0.296,0.435,0.0,0.277,1.0,0.32,0.435
emam_ashour__egy,Emam Ashour,EGY,MID,kvalifikation,Kvalifikation,26,4,0,10,5,0,10,3,21.0,10.4,6.984,0.9720000000000001,1.08,0.0,4.88,0.19,0.0,0.385,0.139,0.0,0.469,0.9,0.171,0.1251
emam_ashour__egy,Emam Ashour,EGY,MID,venskabskamp,Venskabskamp,18,7,0,3,5,0,3,0,13.0,9.09,3.7076000000000002,2.3556000000000004,4.53,0.0,1.2000000000000002,0.538,0.0,0.167,0.635,0.0,0.132,0.52,0.2798,0.3302
emil_holm__swe,Emil Holm,SWE,DEF,kvalifikation,Kvalifikation,13,1,0,6,2,0,6,1,11.0,5.720000000000001,3.9240000000000004,0.6120000000000001,0.68,0.0,1.6800000000000002,0.091,0.0,0.462,0.156,0.0,0.294,0.9,0.0819,0.1404
emil_holm__swe,Emil Holm,SWE,DEF,nations_league,Nations League,6,0,0,4,0,0,4,0,6.0,2.88,2.2464,0.0,0.0,0.0,1.92,0.0,0.0,0.667,0.0,0.0,0.667,0.78,0.0,0.0
emil_holm__swe,Emil Holm,SWE,DEF,venskabskamp,Venskabskamp,15,5,0,4,0,0,4,1,15.0,5.68,2.9536000000000002,0.9776,1.8800000000000001,0.0,1.04,0.333,0.0,0.267,0.331,0.0,0.183,0.52,0.1732,0.1721
emiliano_mart_nez__arg,Emiliano Martinez,ARG,GK,slutrunde,Slutrunde,22,20,0,2,0,0,2,0,22.0,6.8,6.8,5.68,5.68,0.0,1.12,0.909,0.0,0.091,0.835,0.0,0.165,1.0,0.909,0.835
emiliano_mart_nez__arg,Emiliano Martinez,ARG,GK,kvalifikation,Kvalifikation,35,26,0,6,0,0,2,3,35.0,11.38,10.242,8.478000000000002,9.42,0.0,1.66,0.743,0.0,0.171,0.828,0.0,0.146,0.9,0.6687,0.7452
emiliano_mart_nez__arg,Emiliano Martinez,ARG,GK,venskabskamp,Venskabskamp,23,13,0,3,0,0,3,7,23.0,8.82,4.5864,3.0784000000000002,5.92,0.0,1.8800000000000001,0.565,0.0,0.13,0.671,0.0,0.213,0.52,0.2938,0.3489
emiliano_martinez_toranza__uru,Emiliano Martinez Toranza,URU,MID,slutrunde,Slutrunde,6,0,0,0,0,0,0,6,6.0,2.88,2.88,0.0,0.0,0.0,0.0,0.0,0.0,0.0,0.0,0.0,0.0,1.0,0.0,0.0
emiliano_martinez_toranza__uru,Emiliano Martinez Toranza,URU,MID,kvalifikation,Kvalifikation,18,1,0,4,6,0,4,6,12.0,8.28,5.724,0.432,0.48,0.0,2.12,0.083,0.0,0.222,0.075,0.0,0.256,0.9,0.0747,0.0675
emiliano_martinez_toranza__uru,Emiliano Martinez Toranza,URU,MID,venskabskamp,Venskabskamp,12,3,0,4,0,0,4,0,12.0,6.800000000000001,3.5360000000000005,0.8736,1.6800000000000002,0.0,1.6,0.25,0.0,0.333,0.247,0.0,0.235,0.52,0.13,0.1284
emmanuel_agbadou__civ,Emmanuel Agbadou,CIV,DEF,slutrunde,Slutrunde,20,1,0,15,0,0,15,4,20.0,8.09,8.09,0.85,0.85,0.0,3.8400000000000003,0.05,0.0,0.75,0.105,0.0,0.475,1.0,0.05,0.105
emmanuel_agbadou__civ,Emmanuel Agbadou,CIV,DEF,kvalifikation,Kvalifikation,28,9,0,6,0,0,6,9,28.0,10.8,9.72,4.248,4.72,0.0,1.56,0.321,0.0,0.214,0.437,0.0,0.144,0.9,0.2889,0.3933
emmanuel_agbadou__civ,Emmanuel Agbadou,CIV,DEF,venskabskamp,Venskabskamp,18,4,0,8,0,0,8,3,18.0,8.24,4.284800000000001,1.5184000000000002,2.92,0.0,2.8000000000000003,0.222,0.0,0.444,0.354,0.0,0.34,0.52,0.1154,0.1841
endrick__bra,Endrick,BRA,FWD,slutrunde,Slutrunde,4,1,0,0,0,0,0,0,4.0,1.92,1.92,0.48,0.48,0.0,0.0,0.25,0.0,0.0,0.25,0.0,0.0,1.0,0.25,0.25
endrick__bra,Endrick,BRA,FWD,kvalifikation,Kvalifikation,14,1,0,2,4,0,2,2,10.0,7.0,4.032,0.432,0.48,0.0,0.96,0.1,0.0,0.143,0.107,0.0,0.137,0.9,0.09,0.0963
endrick__bra,Endrick,BRA,FWD,venskabskamp,Venskabskamp,12,0,0,4,0,0,4,1,12.0,8.16,4.2432,0.0,0.0,0.0,2.72,0.0,0.0,0.333,0.0,0.0,0.333,0.52,0.0,0.0
enner_valencia__ecu,Enner Valencia,ECU,FWD,slutrunde,Slutrunde,25,23,0,2,0,0,1,0,25.0,4.82,4.82,4.14,4.14,0.0,0.6799999999999999,0.92,0.0,0.08,0.859,0.0,0.141,1.0,0.92,0.859
enner_valencia__ecu,Enner Valencia,ECU,FWD,kvalifikation,Kvalifikation,67,38,0,16,9,0,13,0,58.0,14.48,11.700000000000001,8.622,9.58,0.0,2.24,0.655,0.0,0.239,0.737,0.0,0.155,0.9,0.5895,0.6633
enner_valencia__ecu,Enner Valencia,ECU,FWD,venskabskamp,Venskabskamp,64,28,0,17,6,0,17,1,58.0,14.280000000000001,6.9576,3.8272000000000004,7.36,0.0,3.8200000000000003,0.483,0.0,0.266,0.55,0.0,0.268,0.52,0.2512,0.286
enzo_fern_ndez__arg,Enzo Fernandez,ARG,MID,slutrunde,Slutrunde,14,9,0,1,0,0,1,1,14.0,5.2,5.2,2.92,2.92,0.0,0.92,0.643,0.0,0.071,0.562,0.0,0.177,1.0,0.643,0.562
enzo_fern_ndez__arg,Enzo Fernandez,ARG,MID,kvalifikation,Kvalifikation,18,15,0,3,0,0,2,0,18.0,8.48,7.632000000000001,5.796,6.4399999999999995,0.0,2.04,0.833,0.0,0.167,0.759,0.0,0.241,0.9,0.7497,0.6831
enzo_fern_ndez__arg,Enzo Fernandez,ARG,MID,venskabskamp,Venskabskamp,17,9,0,0,2,0,0,1,15.0,8.120000000000001,3.5152,2.2672000000000003,4.36,0.0,0.0,0.6,0.0,0.0,0.645,0.0,0.0,0.52,0.312,0.3354
eray_c_mert__sui,Eray Cömert,SUI,DEF,slutrunde,Slutrunde,14,0,0,6,0,0,6,6,14.0,4.2,4.2,0.0,0.0,0.0,2.6,0.0,0.0,0.429,0.0,0.0,0.619,1.0,0.0,0.0
eray_c_mert__sui,Eray Cömert,SUI,DEF,kvalifikation,Kvalifikation,30,1,0,10,2,0,10,15,28.0,9.040000000000001,7.776000000000001,0.28800000000000003,0.32,0.0,5.36,0.036,0.0,0.333,0.037,0.0,0.593,0.9,0.0324,0.0333
eray_c_mert__sui,Eray Cömert,SUI,DEF,nations_league,Nations League,18,3,0,5,0,0,5,10,18.0,4.68,3.6504000000000003,0.9048,1.16,0.0,1.26,0.167,0.0,0.278,0.248,0.0,0.269,0.78,0.1303,0.1934
eray_c_mert__sui,Eray Cömert,SUI,DEF,venskabskamp,Venskabskamp,21,9,0,4,0,0,4,3,21.0,8.9,4.628,0.936,1.8,0.0,2.16,0.429,0.0,0.19,0.202,0.0,0.243,0.52,0.2231,0.105
erick_davis__pan,Eric Davis,PAN,DEF,slutrunde,Slutrunde,64,30,0,15,0,0,15,14,64.0,11.860000000000001,11.860000000000001,5.82,5.82,0.0,1.5,0.469,0.0,0.234,0.491,0.0,0.126,1.0,0.469,0.491
erick_davis__pan,Eric Davis,PAN,DEF,nations_league_finals,Nations League-slutrunde,10,1,0,3,4,0,3,1,6.0,3.84,1.8239999999999998,0.304,0.32,0.0,0.96,0.167,0.0,0.3,0.167,0.0,0.25,0.95,0.1587,0.1587
erick_davis__pan,Eric Davis,PAN,DEF,kvalifikation,Kvalifikation,67,29,0,23,1,0,23,10,66.0,13.9,12.330000000000002,7.344000000000001,8.16,0.0,2.98,0.439,0.0,0.343,0.596,0.0,0.214,0.9,0.3951,0.5364
erick_davis__pan,Eric Davis,PAN,DEF,nations_league,Nations League,12,8,0,3,0,0,3,0,12.0,2.48,1.9344000000000001,1.4664000000000001,1.8800000000000001,0.0,0.4,0.667,0.0,0.25,0.758,0.0,0.161,0.78,0.5203,0.5912
erick_davis__pan,Eric Davis,PAN,DEF,venskabskamp,Venskabskamp,94,20,0,50,8,0,50,8,86.0,18.2,8.3512,1.8304,3.52,0.0,7.42,0.233,0.0,0.532,0.219,0.0,0.408,0.52,0.1212,0.1139
eric_garcia__esp,Eric Garcia,ESP,DEF,slutrunde,Slutrunde,18,3,0,8,0,0,8,7,18.0,6.28,6.28,0.6000000000000001,0.6000000000000001,0.0,4.28,0.167,0.0,0.444,0.096,0.0,0.682,1.0,0.167,0.096
eric_garcia__esp,Eric Garcia,ESP,DEF,nations_league_finals,Nations League-slutrunde,8,1,0,6,0,0,6,1,8.0,3.16,3.002,0.19,0.2,0.0,2.76,0.125,0.0,0.75,0.063,0.0,0.873,0.95,0.1187,0.0599
eric_garcia__esp,Eric Garcia,ESP,DEF,kvalifikation,Kvalifikation,22,5,0,14,2,0,14,1,20.0,7.7,6.570000000000001,0.6300000000000001,0.7000000000000001,0.0,6.4,0.25,0.0,0.636,0.096,0.0,0.831,0.9,0.225,0.0864
eric_garcia__esp,Eric Garcia,ESP,DEF,nations_league,Nations League,18,3,0,6,2,0,6,5,16.0,4.68,2.9016,0.4680000000000001,0.6000000000000001,0.0,2.32,0.188,0.0,0.333,0.161,0.0,0.496,0.78,0.1466,0.1256
eric_garcia__esp,Eric Garcia,ESP,DEF,venskabskamp,Venskabskamp,14,4,0,7,0,0,7,1,14.0,5.54,2.8808000000000002,0.31200000000000006,0.6000000000000001,0.0,3.64,0.286,0.0,0.5,0.108,0.0,0.657,0.52,0.1487,0.0562
eric_smith__swe,Eric Smith,SWE,DEF,kvalifikation,Kvalifikation,2,0,0,0,1,0,0,1,1.0,1.84,0.8280000000000001,0.0,0.0,0.0,0.0,0.0,0.0,0.0,0.0,0.0,0.0,0.9,0.0,0.0
eric_smith__swe,Eric Smith,SWE,DEF,venskabskamp,Venskabskamp,2,1,0,0,0,0,0,0,2.0,2.0,1.04,0.52,1.0,0.0,0.0,0.5,0.0,0.0,0.5,0.0,0.0,0.52,0.26,0.26
erick_sanchez__mex,Erick Sanchez,MEX,MID,slutrunde,Slutrunde,24,3,0,9,0,0,9,5,24.0,9.24,9.24,0.96,0.96,0.0,4.680000000000001,0.125,0.0,0.375,0.104,0.0,0.506,1.0,0.125,0.104
erick_sanchez__mex,Erick Sanchez,MEX,MID,nations_league_finals,Nations League-slutrunde,10,5,0,4,0,0,4,1,10.0,3.84,3.6479999999999997,1.52,1.6,0.0,1.92,0.5,0.0,0.4,0.417,0.0,0.5,0.95,0.475,0.3961
erick_sanchez__mex,Erick Sanchez,MEX,MID,kvalifikation,Kvalifikation,14,0,0,14,0,0,14,0,14.0,2.8000000000000003,2.5200000000000005,0.0,0.0,0.0,2.8000000000000003,0.0,0.0,1.0,0.0,0.0,1.0,0.9,0.0,0.0
erick_sanchez__mex,Erick Sanchez,MEX,MID,nations_league,Nations League,4,1,0,1,0,0,1,0,4.0,0.8,0.6240000000000001,0.15600000000000003,0.2,0.0,0.2,0.25,0.0,0.25,0.25,0.0,0.25,0.78,0.195,0.195
erick_sanchez__mex,Erick Sanchez,MEX,MID,venskabskamp,Venskabskamp,39,8,0,17,0,0,17,2,39.0,17.39,9.0428,1.7680000000000002,3.4000000000000004,0.0,7.3,0.205,0.0,0.436,0.196,0.0,0.42,0.52,0.1066,0.1019
erik_lira__mex,Erik Lira,MEX,MID,slutrunde,Slutrunde,18,2,0,12,0,0,12,3,18.0,8.040000000000001,8.040000000000001,1.36,1.36,0.0,3.96,0.111,0.0,0.667,0.169,0.0,0.493,1.0,0.111,0.169
erik_lira__mex,Erik Lira,MEX,MID,nations_league_finals,Nations League-slutrunde,10,1,0,6,0,0,6,3,10.0,3.84,3.6479999999999997,0.45599999999999996,0.48,0.0,1.92,0.1,0.0,0.6,0.125,0.0,0.5,0.95,0.095,0.1187
erik_lira__mex,Erik Lira,MEX,MID,kvalifikation,Kvalifikation,8,0,0,8,0,0,8,0,8.0,1.6,1.4400000000000002,0.0,0.0,0.0,1.6,0.0,0.0,1.0,0.0,0.0,1.0,0.9,0.0,0.0
erik_lira__mex,Erik Lira,MEX,MID,nations_league,Nations League,4,0,0,2,0,0,2,2,4.0,0.8,0.6240000000000001,0.0,0.0,0.0,0.4,0.0,0.0,0.5,0.0,0.0,0.5,0.78,0.0,0.0
erik_lira__mex,Erik Lira,MEX,MID,venskabskamp,Venskabskamp,41,13,0,17,0,0,17,3,41.0,20.19,10.498800000000001,5.002400000000001,9.620000000000001,0.0,4.8,0.317,0.0,0.415,0.476,0.0,0.238,0.52,0.1648,0.2475
erling_haaland__nor,Erling Haaland,NOR,FWD,kvalifikation,Kvalifikation,33,21,0,1,10,0,1,0,23.0,9.76,7.236000000000001,6.966000000000001,7.74,0.0,0.2,0.913,0.0,0.03,0.963,0.0,0.02,0.9,0.8217,0.8667
erling_haaland__nor,Erling Haaland,NOR,FWD,nations_league,Nations League,18,16,0,2,0,0,2,0,18.0,4.68,3.6504000000000003,3.4944,4.48,0.0,0.2,0.889,0.0,0.111,0.957,0.0,0.043,0.78,0.6934,0.7465
erling_haaland__nor,Erling Haaland,NOR,FWD,venskabskamp,Venskabskamp,17,10,0,5,0,0,5,1,17.0,7.54,3.9208000000000003,2.028,3.9,0.0,3.0,0.588,0.0,0.294,0.517,0.0,0.398,0.52,0.3058,0.2688
ermedin_demirovic__bih,Ermedin Demirovic,BIH,FWD,kvalifikation,Kvalifikation,29,18,0,1,5,0,1,0,24.0,11.56,7.992000000000001,6.984000000000001,7.760000000000001,0.0,0.1,0.75,0.0,0.034,0.874,0.0,0.009,0.9,0.675,0.7866
ermedin_demirovic__bih,Ermedin Demirovic,BIH,FWD,nations_league,Nations League,15,7,0,4,0,0,3,3,15.0,4.38,3.4164000000000003,2.184,2.8,0.0,0.88,0.467,0.0,0.267,0.639,0.0,0.201,0.78,0.3643,0.4984
ermedin_demirovic__bih,Ermedin Demirovic,BIH,FWD,venskabskamp,Venskabskamp,15,8,0,2,1,0,2,3,14.0,5.5600000000000005,2.5376000000000003,1.352,2.6,0.0,0.8800000000000001,0.571,0.0,0.133,0.533,0.0,0.158,0.52,0.2969,0.2772
ermin_mahmic__bih,Ermin Mahmic,BIH,MID,venskabskamp,Venskabskamp,2,0,0,0,0,0,0,0,2.0,2.0,1.04,0.0,0.0,0.0,0.0,0.0,0.0,0.0,0.0,0.0,0.0,0.52,0.0,0.0
esmir_bajraktarevic__bih,Esmir Bajraktarevic,BIH,MID,kvalifikation,Kvalifikation,10,4,0,3,0,0,3,0,10.0,6.880000000000001,6.192000000000001,2.8800000000000003,3.2,0.0,1.6400000000000001,0.4,0.0,0.3,0.465,0.0,0.238,0.9,0.36,0.4185
esmir_bajraktarevic__bih,Esmir Bajraktarevic,BIH,MID,nations_league,Nations League,6,1,0,0,0,0,0,0,6.0,2.88,2.2464,0.3744,0.48,0.0,0.0,0.167,0.0,0.0,0.167,0.0,0.0,0.78,0.1303,0.1303
esmir_bajraktarevic__bih,Esmir Bajraktarevic,BIH,MID,venskabskamp,Venskabskamp,4,3,0,1,0,0,1,0,4.0,3.3600000000000003,1.7472,1.3936000000000002,2.68,0.0,0.68,0.75,0.0,0.25,0.798,0.0,0.202,0.52,0.39,0.415
evan_n_dicka__civ,Evan N'Dicka,CIV,DEF,slutrunde,Slutrunde,12,11,0,0,0,0,0,1,12.0,6.49,6.49,5.64,5.64,0.0,0.0,0.917,0.0,0.0,0.869,0.0,0.0,1.0,0.917,0.869
evan_n_dicka__civ,Evan N'Dicka,CIV,DEF,kvalifikation,Kvalifikation,17,13,0,1,0,0,1,3,17.0,8.48,7.632000000000001,5.724,6.36,0.0,0.48,0.765,0.0,0.059,0.75,0.0,0.057,0.9,0.6885,0.675
evan_n_dicka__civ,Evan N'Dicka,CIV,DEF,venskabskamp,Venskabskamp,11,3,0,6,1,0,6,1,10.0,6.84,3.0368000000000004,0.8112000000000001,1.56,0.0,3.3600000000000003,0.3,0.0,0.545,0.267,0.0,0.491,0.52,0.156,0.1388
evann_guessand__civ,Evann Guessand,CIV,FWD,slutrunde,Slutrunde,5,2,0,0,0,0,0,1,5.0,4.25,4.25,1.7,1.7,0.0,0.0,0.4,0.0,0.0,0.4,0.0,0.0,1.0,0.4,0.4
evann_guessand__civ,Evann Guessand,CIV,FWD,kvalifikation,Kvalifikation,13,7,0,0,0,0,0,2,13.0,7.04,6.336,3.3840000000000003,3.76,0.0,0.0,0.538,0.0,0.0,0.534,0.0,0.0,0.9,0.4842,0.4806
evann_guessand__civ,Evann Guessand,CIV,FWD,venskabskamp,Venskabskamp,7,4,0,0,0,0,0,1,7.0,5.5600000000000005,2.8912000000000004,1.5392000000000001,2.96,0.0,0.0,0.571,0.0,0.0,0.532,0.0,0.0,0.52,0.2969,0.2766
everardo_lopez__mex,Everardo Lopez,MEX,DEF,venskabskamp,Venskabskamp,14,4,0,6,0,0,6,3,14.0,6.92,3.5984000000000003,1.2064,2.3200000000000003,0.0,2.28,0.286,0.0,0.429,0.335,0.0,0.329,0.52,0.1487,0.1742
everardo_lopez__mex,Everardo Lopez,MEX,DEF,ungdom_slutrunde,Ungdomsslutrunde,16,6,0,6,0,0,6,4,16.0,7.28,2.5479999999999996,1.26,3.6,0.0,2.88,0.375,0.0,0.375,0.495,0.0,0.396,0.35,0.1312,0.1732
evidence_makgopa__rsa,Evidence Makgopa,RSA,FWD,slutrunde,Slutrunde,15,7,0,4,0,0,4,1,15.0,8.36,8.36,2.24,2.24,0.0,2.72,0.467,0.0,0.267,0.268,0.0,0.325,1.0,0.467,0.268
evidence_makgopa__rsa,Evidence Makgopa,RSA,FWD,kvalifikation,Kvalifikation,26,7,0,14,0,0,14,2,26.0,10.28,9.252,2.052,2.2800000000000002,0.0,6.12,0.269,0.0,0.538,0.222,0.0,0.595,0.9,0.2421,0.1998
evidence_makgopa__rsa,Evidence Makgopa,RSA,FWD,venskabskamp,Venskabskamp,19,1,0,12,0,0,12,1,19.0,8.200000000000001,4.264,0.10400000000000001,0.2,0.0,4.08,0.053,0.0,0.632,0.024,0.0,0.498,0.52,0.0276,0.0125
evren_eren_elmali__tur,Evren Eren Elmali,TUR,DEF,slutrunde,Slutrunde,5,0,0,5,0,0,5,0,5.0,2.4,2.4,0.0,0.0,0.0,2.4,0.0,0.0,1.0,0.0,0.0,1.0,1.0,0.0,0.0
evren_eren_elmali__tur,Evren Eren Elmali,TUR,DEF,kvalifikation,Kvalifikation,16,3,0,3,0,0,1,6,16.0,8.24,7.416000000000001,1.8360000000000003,2.04,0.0,1.6800000000000002,0.188,0.0,0.188,0.248,0.0,0.204,0.9,0.1692,0.2232
evren_eren_elmali__tur,Evren Eren Elmali,TUR,DEF,nations_league,Nations League,13,7,0,1,1,0,1,1,12.0,4.84,3.4008000000000003,2.184,2.8,0.0,0.2,0.583,0.0,0.077,0.642,0.0,0.041,0.78,0.4547,0.5008
evren_eren_elmali__tur,Evren Eren Elmali,TUR,DEF,venskabskamp,Venskabskamp,12,4,0,5,0,0,5,1,12.0,5.84,3.0368000000000004,1.4976,2.88,0.0,1.76,0.333,0.0,0.417,0.493,0.0,0.301,0.52,0.1732,0.2564
exequiel_palacios__arg,Exequiel Palacios,ARG,MID,slutrunde,Slutrunde,28,2,0,2,6,0,2,10,22.0,7.4,6.8,0.6799999999999999,0.6799999999999999,0.0,1.12,0.091,0.0,0.071,0.1,0.0,0.151,1.0,0.091,0.1
exequiel_palacios__arg,Exequiel Palacios,ARG,MID,kvalifikation,Kvalifikation,35,3,0,1,5,0,1,10,30.0,11.38,8.928,0.7920000000000001,0.8800000000000001,0.0,0.32,0.1,0.0,0.029,0.089,0.0,0.028,0.9,0.09,0.0801
exequiel_palacios__arg,Exequiel Palacios,ARG,MID,venskabskamp,Venskabskamp,33,5,0,10,8,0,10,5,25.0,9.82,3.6816000000000004,0.8424,1.62,0.0,1.44,0.2,0.0,0.303,0.229,0.0,0.147,0.52,0.104,0.1191
ezri_konsa__eng,Ezri Konsa,ENG,DEF,slutrunde,Slutrunde,7,1,0,0,0,0,0,4,7.0,3.36,3.36,0.48,0.48,0.0,0.0,0.143,0.0,0.0,0.143,0.0,0.0,1.0,0.143,0.143
ezri_konsa__eng,Ezri Konsa,ENG,DEF,kvalifikation,Kvalifikation,10,6,0,1,0,0,1,2,10.0,5.680000000000001,5.112000000000001,3.3120000000000003,3.68,0.0,0.68,0.6,0.0,0.1,0.648,0.0,0.12,0.9,0.54,0.5832
ezri_konsa__eng,Ezri Konsa,ENG,DEF,nations_league,Nations League,6,2,0,3,0,0,3,1,6.0,2.88,2.2464,0.7488,0.96,0.0,1.44,0.333,0.0,0.5,0.333,0.0,0.5,0.78,0.2597,0.2597
ezri_konsa__eng,Ezri Konsa,ENG,DEF,venskabskamp,Venskabskamp,9,5,0,1,0,0,1,1,9.0,5.640000000000001,2.9328000000000003,1.3312000000000002,2.56,0.0,0.92,0.556,0.0,0.111,0.454,0.0,0.163,0.52,0.2891,0.2361
fabian_rieder__sui,Fabian Rieder,SUI,MID,slutrunde,Slutrunde,9,4,0,0,0,0,0,2,9.0,3.2,3.2,1.64,1.64,0.0,0.0,0.444,0.0,0.0,0.512,0.0,0.0,1.0,0.444,0.512
fabian_rieder__sui,Fabian Rieder,SUI,MID,kvalifikation,Kvalifikation,16,4,0,8,0,0,8,0,16.0,7.04,6.336000000000001,2.4480000000000004,2.72,0.0,2.56,0.25,0.0,0.5,0.386,0.0,0.364,0.9,0.225,0.3474
fabian_rieder__sui,Fabian Rieder,SUI,MID,nations_league,Nations League,6,3,0,0,0,0,0,0,6.0,2.88,2.2464,1.1232,1.44,0.0,0.0,0.5,0.0,0.0,0.5,0.0,0.0,0.78,0.39,0.39
fabian_rieder__sui,Fabian Rieder,SUI,MID,venskabskamp,Venskabskamp,13,3,0,1,1,0,1,4,12.0,7.8,3.8896,1.3104,2.52,0.0,0.32,0.25,0.0,0.077,0.337,0.0,0.041,0.52,0.13,0.1752
fabian_ruiz__esp,Fabian Ruiz,ESP,MID,slutrunde,Slutrunde,18,6,0,5,1,0,5,3,17.0,6.28,5.36,2.88,2.88,0.0,1.0,0.353,0.0,0.278,0.537,0.0,0.159,1.0,0.353,0.537
fabian_ruiz__esp,Fabian Ruiz,ESP,MID,nations_league_finals,Nations League-slutrunde,8,4,0,2,0,0,2,0,8.0,3.16,3.002,1.8619999999999999,1.96,0.0,0.4,0.5,0.0,0.25,0.62,0.0,0.127,0.95,0.475,0.589
fabian_ruiz__esp,Fabian Ruiz,ESP,MID,kvalifikation,Kvalifikation,30,11,0,5,4,0,5,7,26.0,8.5,5.202000000000001,2.6280000000000006,2.92,0.0,1.0,0.423,0.0,0.167,0.505,0.0,0.118,0.9,0.3807,0.4545
fabian_ruiz__esp,Fabian Ruiz,ESP,MID,nations_league,Nations League,18,8,0,8,0,0,8,1,18.0,4.68,3.6504000000000003,2.106,2.6999999999999997,0.0,1.4000000000000001,0.444,0.0,0.444,0.577,0.0,0.299,0.78,0.3463,0.4501
fabian_ruiz__esp,Fabian Ruiz,ESP,MID,venskabskamp,Venskabskamp,14,3,0,6,2,0,6,3,12.0,5.54,1.9240000000000002,0.468,0.9,0.0,1.9000000000000001,0.25,0.0,0.429,0.243,0.0,0.343,0.52,0.13,0.1264
facundo_pellistri__uru,Facundo Pellistri,URU,FWD,slutrunde,Slutrunde,9,8,0,0,0,0,0,0,9.0,3.48,3.48,3.28,3.28,0.0,0.0,0.889,0.0,0.0,0.943,0.0,0.0,1.0,0.889,0.943
facundo_pellistri__uru,Facundo Pellistri,URU,FWD,kvalifikation,Kvalifikation,22,17,0,1,1,0,0,0,21.0,9.08,7.5600000000000005,6.228000000000001,6.92,0.0,0.2,0.81,0.0,0.045,0.824,0.0,0.022,0.9,0.729,0.7416
facundo_pellistri__uru,Facundo Pellistri,URU,FWD,venskabskamp,Venskabskamp,19,7,0,5,2,0,5,2,17.0,8.200000000000001,3.5568000000000004,0.9984000000000001,1.92,0.0,2.48,0.412,0.0,0.263,0.281,0.0,0.302,0.52,0.2142,0.1461
facundo_torres__uru,Facundo Torres,URU,FWD,slutrunde,Slutrunde,14,0,0,6,0,0,6,3,14.0,4.48,4.48,0.0,0.0,0.0,2.88,0.0,0.0,0.429,0.0,0.0,0.643,1.0,0.0,0.0
facundo_torres__uru,Facundo Torres,URU,FWD,kvalifikation,Kvalifikation,32,2,0,7,2,0,7,14,30.0,10.98,9.522,0.36000000000000004,0.4,0.0,3.68,0.067,0.0,0.219,0.038,0.0,0.335,0.9,0.0603,0.0342
facundo_torres__uru,Facundo Torres,URU,FWD,venskabskamp,Venskabskamp,19,4,0,9,0,0,8,2,19.0,8.200000000000001,4.264,0.9776,1.8800000000000001,0.0,2.44,0.211,0.0,0.474,0.229,0.0,0.298,0.52,0.1097,0.1191
fahad_talib__irq,Fahad Talib,IRQ,GK,slutrunde,Slutrunde,36,5,0,17,0,0,17,14,36.0,9.25,9.25,1.55,1.55,0.0,3.06,0.139,0.0,0.472,0.168,0.0,0.331,1.0,0.139,0.168
fahad_talib__irq,Fahad Talib,IRQ,GK,kvalifikation,Kvalifikation,48,8,0,13,2,0,13,25,46.0,14.88,13.032000000000002,1.4400000000000002,1.6,0.0,4.02,0.174,0.0,0.271,0.11,0.0,0.27,0.9,0.1566,0.099
fahad_talib__irq,Fahad Talib,IRQ,GK,venskabskamp,Venskabskamp,47,7,0,22,1,0,22,17,46.0,9.68,4.929600000000001,0.9984000000000001,1.92,0.0,2.6,0.152,0.0,0.468,0.203,0.0,0.269,0.52,0.079,0.1056
fares_cha_bi__alg,Fares Chaibi,ALG,MID,slutrunde,Slutrunde,17,5,0,9,0,0,9,1,17.0,11.84,11.84,3.7199999999999998,3.7199999999999998,0.0,6.63,0.294,0.0,0.529,0.314,0.0,0.56,1.0,0.294,0.314
fares_cha_bi__alg,Fares Chaibi,ALG,MID,kvalifikation,Kvalifikation,20,8,0,6,0,0,6,2,20.0,9.2,8.280000000000001,3.132,3.48,0.0,2.88,0.4,0.0,0.3,0.378,0.0,0.313,0.9,0.36,0.3402
fares_cha_bi__alg,Fares Chaibi,ALG,MID,venskabskamp,Venskabskamp,15,6,0,1,2,0,1,2,13.0,8.280000000000001,3.5984000000000003,1.3104000000000002,2.52,0.0,0.68,0.462,0.0,0.067,0.364,0.0,0.082,0.52,0.2402,0.1893
fares_ghedjemis__alg,Fares Ghedjemis,ALG,FWD,venskabskamp,Venskabskamp,3,0,0,0,0,0,0,2,3.0,2.84,1.4768000000000001,0.0,0.0,0.0,0.0,0.0,0.0,0.0,0.0,0.0,0.0,0.52,0.0,0.0
farrukh_sayfiev__uzb,Farrukh Sayfiev,UZB,DEF,slutrunde,Slutrunde,21,9,0,2,0,0,1,9,21.0,6.4,6.4,3.02,3.02,0.0,1.0,0.429,0.0,0.095,0.472,0.0,0.156,1.0,0.429,0.472
farrukh_sayfiev__uzb,Farrukh Sayfiev,UZB,DEF,kvalifikation,Kvalifikation,45,16,0,18,0,0,18,8,45.0,10.74,9.666,4.212000000000001,4.68,0.0,2.48,0.356,0.0,0.4,0.436,0.0,0.231,0.9,0.3204,0.3924
farrukh_sayfiev__uzb,Farrukh Sayfiev,UZB,DEF,venskabskamp,Venskabskamp,72,25,0,27,0,0,27,7,72.0,14.46,7.5192000000000005,2.7768,5.34,0.0,4.38,0.347,0.0,0.375,0.369,0.0,0.303,0.52,0.1804,0.1919
federico_valverde__uru,Federico Valverde,URU,MID,slutrunde,Slutrunde,23,16,0,5,0,0,5,0,23.0,5.38,5.38,4.68,4.68,0.0,0.5,0.696,0.0,0.217,0.87,0.0,0.093,1.0,0.696,0.87
federico_valverde__uru,Federico Valverde,URU,MID,kvalifikation,Kvalifikation,40,31,0,1,6,0,1,1,34.0,11.78,9.018,8.064,8.96,0.0,0.48,0.912,0.0,0.025,0.894,0.0,0.041,0.9,0.8208,0.8046
federico_valverde__uru,Federico Valverde,URU,MID,venskabskamp,Venskabskamp,38,17,0,10,2,0,10,3,36.0,10.1,5.148000000000001,2.1632000000000002,4.16,0.0,4.74,0.472,0.0,0.263,0.42,0.0,0.469,0.52,0.2454,0.2184
federico_vi_as__uru,Federico Vinas,URU,FWD,slutrunde,Slutrunde,6,0,0,0,6,0,0,0,0.0,2.88,0.0,0.0,0.0,0.0,0.0,0,0.0,0.0,0,0.0,0.0,1.0,0.0,0.0
federico_vi_as__uru,Federico Vinas,URU,FWD,kvalifikation,Kvalifikation,14,1,0,3,5,0,3,1,9.0,7.0,4.140000000000001,0.432,0.48,0.0,1.6400000000000001,0.111,0.0,0.214,0.104,0.0,0.234,0.9,0.0999,0.0936
federico_vi_as__uru,Federico Vinas,URU,FWD,venskabskamp,Venskabskamp,10,4,0,1,3,0,1,0,7.0,6.16,2.5376000000000003,1.352,2.6,0.0,0.68,0.571,0.0,0.1,0.533,0.0,0.11,0.52,0.2969,0.2772
felix_nmecha__ger,Felix Nmecha,GER,MID,slutrunde,Slutrunde,5,0,0,5,0,0,5,0,5.0,2.4,2.4,0.0,0.0,0.0,2.4,0.0,0.0,1.0,0.0,0.0,1.0,1.0,0.0,0.0
felix_nmecha__ger,Felix Nmecha,GER,MID,nations_league_finals,Nations League-slutrunde,4,0,0,0,2,0,0,1,2.0,2.12,1.1019999999999999,0.0,0.0,0.0,0.0,0.0,0.0,0.0,0.0,0.0,0.0,0.95,0.0,0.0
felix_nmecha__ger,Felix Nmecha,GER,MID,kvalifikation,Kvalifikation,6,0,0,2,0,0,2,2,6.0,4.08,3.6720000000000006,0.0,0.0,0.0,1.36,0.0,0.0,0.333,0.0,0.0,0.333,0.9,0.0,0.0
felix_nmecha__ger,Felix Nmecha,GER,MID,nations_league,Nations League,6,1,0,4,0,0,4,0,6.0,2.88,2.2464,0.3744,0.48,0.0,1.92,0.167,0.0,0.667,0.167,0.0,0.667,0.78,0.1303,0.1303
felix_nmecha__ger,Felix Nmecha,GER,MID,venskabskamp,Venskabskamp,19,2,0,9,4,0,9,3,15.0,8.56,3.1616000000000004,1.04,2.0,0.0,3.04,0.133,0.0,0.474,0.329,0.0,0.355,0.52,0.0692,0.1711
ferdi_kadioglu__tur,Ferdi Kadioglu,TUR,DEF,slutrunde,Slutrunde,5,5,0,0,0,0,0,0,5.0,2.4,2.4,2.4,2.4,0.0,0.0,1.0,0.0,0.0,1.0,0.0,0.0,1.0,1.0,1.0
ferdi_kadioglu__tur,Ferdi Kadioglu,TUR,DEF,kvalifikation,Kvalifikation,16,12,0,0,1,0,0,0,15.0,8.24,7.128000000000001,5.292000000000001,5.88,0.0,0.0,0.8,0.0,0.0,0.742,0.0,0.0,0.9,0.72,0.6678
ferdi_kadioglu__tur,Ferdi Kadioglu,TUR,DEF,nations_league,Nations League,14,8,0,0,6,0,0,0,8.0,5.04,1.6848,1.6848,2.16,0.0,0.0,1.0,0.0,0.0,1.0,0.0,0.0,0.78,0.78,0.78
ferdi_kadioglu__tur,Ferdi Kadioglu,TUR,DEF,venskabskamp,Venskabskamp,12,2,0,1,8,0,1,1,4.0,5.84,0.6864,0.27040000000000003,0.52,0.0,0.32,0.5,0.0,0.083,0.394,0.0,0.055,0.52,0.26,0.2049
ferjani_sassi__tun,Ferjani Sassi,TUN,MID,slutrunde,Slutrunde,46,25,0,12,0,0,12,4,46.0,11.57,11.57,7.26,7.26,0.0,2.3600000000000003,0.543,0.0,0.261,0.627,0.0,0.204,1.0,0.543,0.627
ferjani_sassi__tun,Ferjani Sassi,TUN,MID,kvalifikation,Kvalifikation,67,32,0,18,0,0,18,6,67.0,14.9,13.410000000000002,5.868,6.5200000000000005,0.0,4.64,0.478,0.0,0.269,0.438,0.0,0.311,0.9,0.4302,0.3942
ferjani_sassi__tun,Ferjani Sassi,TUN,MID,venskabskamp,Venskabskamp,59,24,0,25,0,0,24,6,59.0,12.39,6.4428,2.2048,4.24,0.0,5.04,0.407,0.0,0.424,0.342,0.0,0.407,0.52,0.2116,0.1778
fermin_lopez__esp,Fermin Lopez,ESP,MID,slutrunde,Slutrunde,8,0,0,1,0,0,1,6,8.0,4.28,4.28,0.0,0.0,0.0,0.92,0.0,0.0,0.125,0.0,0.0,0.215,1.0,0.0,0.0
fermin_lopez__esp,Fermin Lopez,ESP,MID,nations_league_finals,Nations League-slutrunde,4,0,0,2,0,0,2,2,4.0,2.12,2.014,0.0,0.0,0.0,0.96,0.0,0.0,0.5,0.0,0.0,0.453,0.95,0.0,0.0
fermin_lopez__esp,Fermin Lopez,ESP,MID,kvalifikation,Kvalifikation,6,0,0,0,2,0,0,1,4.0,4.08,2.4480000000000004,0.0,0.0,0.0,0.0,0.0,0.0,0.0,0.0,0.0,0.0,0.9,0.0,0.0
fermin_lopez__esp,Fermin Lopez,ESP,MID,nations_league,Nations League,6,0,0,2,4,0,2,0,2.0,2.88,0.7488,0.0,0.0,0.0,0.96,0.0,0.0,0.333,0.0,0.0,0.333,0.78,0.0,0.0
fermin_lopez__esp,Fermin Lopez,ESP,MID,venskabskamp,Venskabskamp,4,1,0,0,0,0,0,1,4.0,2.8,1.456,0.47840000000000005,0.92,0.0,0.0,0.25,0.0,0.0,0.329,0.0,0.0,0.52,0.13,0.1711
fernando_muslera__uru,Fernando Muslera,URU,GK,slutrunde,Slutrunde,52,42,0,6,0,0,6,4,52.0,8.28,8.28,4.7,4.7,0.0,2.88,0.808,0.0,0.115,0.568,0.0,0.348,1.0,0.808,0.568
fernando_muslera__uru,Fernando Muslera,URU,GK,kvalifikation,Kvalifikation,78,47,0,19,8,0,18,4,70.0,15.58,13.122000000000002,5.040000000000001,5.6000000000000005,0.0,8.38,0.671,0.0,0.244,0.384,0.0,0.538,0.9,0.6039,0.3456
fernando_muslera__uru,Fernando Muslera,URU,GK,venskabskamp,Venskabskamp,74,44,0,17,2,0,17,10,72.0,13.700000000000001,7.0200000000000005,2.7664000000000004,5.32,0.0,5.86,0.611,0.0,0.23,0.394,0.0,0.428,0.52,0.3177,0.2049
ferr_n_torres__esp,Ferran Torres,ESP,FWD,slutrunde,Slutrunde,18,8,0,1,0,0,1,2,18.0,6.28,6.28,1.8800000000000001,1.8800000000000001,0.0,0.92,0.444,0.0,0.056,0.299,0.0,0.146,1.0,0.444,0.299
ferr_n_torres__esp,Ferran Torres,ESP,FWD,nations_league_finals,Nations League-slutrunde,8,2,0,5,0,0,5,0,8.0,3.16,3.002,0.38,0.4,0.0,2.2800000000000002,0.25,0.0,0.625,0.127,0.0,0.722,0.95,0.2375,0.1206
ferr_n_torres__esp,Ferran Torres,ESP,FWD,kvalifikation,Kvalifikation,22,11,0,3,3,0,3,1,19.0,7.7,5.958000000000001,2.8980000000000006,3.22,0.0,0.72,0.579,0.0,0.136,0.486,0.0,0.094,0.9,0.5211,0.4374
ferr_n_torres__esp,Ferran Torres,ESP,FWD,nations_league,Nations League,18,8,0,0,4,0,0,0,14.0,4.68,2.1528,0.9360000000000002,1.2000000000000002,0.0,0.0,0.571,0.0,0.0,0.435,0.0,0.0,0.78,0.4454,0.3393
ferr_n_torres__esp,Ferran Torres,ESP,FWD,venskabskamp,Venskabskamp,14,5,0,1,2,0,1,2,12.0,5.54,2.548,1.4040000000000001,2.7,0.0,0.2,0.417,0.0,0.071,0.551,0.0,0.036,0.52,0.2168,0.2865
fidel_escobar__pan,Fidel Escobar,PAN,DEF,slutrunde,Slutrunde,45,20,0,17,4,0,17,4,41.0,9.96,8.040000000000001,5.640000000000001,5.640000000000001,0.0,2.0,0.488,0.0,0.378,0.701,0.0,0.201,1.0,0.488,0.701
fidel_escobar__pan,Fidel Escobar,PAN,DEF,nations_league_finals,Nations League-slutrunde,10,7,0,1,0,0,0,2,10.0,3.84,3.6479999999999997,2.432,2.56,0.0,0.48,0.7,0.0,0.1,0.667,0.0,0.125,0.95,0.665,0.6337
fidel_escobar__pan,Fidel Escobar,PAN,DEF,kvalifikation,Kvalifikation,47,28,0,13,2,0,13,1,45.0,11.9,9.846000000000002,7.866000000000001,8.74,0.0,1.7000000000000002,0.622,0.0,0.277,0.799,0.0,0.143,0.9,0.5598,0.7191
fidel_escobar__pan,Fidel Escobar,PAN,DEF,nations_league,Nations League,12,11,0,0,0,0,0,1,12.0,2.48,1.9344000000000001,1.8564000000000003,2.38,0.0,0.0,0.917,0.0,0.0,0.96,0.0,0.0,0.78,0.7153,0.7488
fidel_escobar__pan,Fidel Escobar,PAN,DEF,venskabskamp,Venskabskamp,67,23,0,28,5,0,28,4,62.0,15.5,5.969600000000001,2.2152000000000003,4.26,0.0,4.0,0.371,0.0,0.418,0.371,0.0,0.258,0.52,0.1929,0.1929
findlay_curtis__sco,Findlay Curtis,SCO,FWD,venskabskamp,Venskabskamp,4,0,0,0,0,0,0,1,4.0,3.84,1.9968000000000001,0.0,0.0,0.0,0.0,0.0,0.0,0.0,0.0,0.0,0.0,0.52,0.0,0.0
finn_dahmen__ger,Finn Dahmen,GER,GK,kvalifikation,Kvalifikation,6,0,0,0,0,0,0,6,6.0,4.08,3.6720000000000006,0.0,0.0,0.0,0.0,0.0,0.0,0.0,0.0,0.0,0.0,0.9,0.0,0.0
finn_dahmen__ger,Finn Dahmen,GER,GK,venskabskamp,Venskabskamp,2,0,0,0,0,0,0,2,2.0,1.84,0.9568000000000001,0.0,0.0,0.0,0.0,0.0,0.0,0.0,0.0,0.0,0.0,0.52,0.0,0.0
finn_surman__nzl,Finn Surman,NZL,DEF,slutrunde,Slutrunde,4,4,0,0,0,0,0,0,4.0,1.92,1.92,1.92,1.92,0.0,0.0,1.0,0.0,0.0,1.0,0.0,0.0,1.0,1.0,1.0
finn_surman__nzl,Finn Surman,NZL,DEF,kvalifikation,Kvalifikation,5,1,0,3,0,0,3,1,5.0,2.4,2.16,0.432,0.48,0.0,1.44,0.2,0.0,0.6,0.2,0.0,0.6,0.9,0.18,0.18
finn_surman__nzl,Finn Surman,NZL,DEF,venskabskamp,Venskabskamp,21,12,0,1,1,0,1,5,20.0,12.64,6.4064000000000005,4.7216000000000005,9.08,0.0,0.48,0.6,0.0,0.048,0.737,0.0,0.038,0.52,0.312,0.3832
firas_al_buraikan__ksa,Firas Al-Buraikan,KSA,FWD,slutrunde,Slutrunde,39,18,0,13,3,0,13,2,36.0,13.85,12.41,7.84,7.84,0.0,2.3000000000000003,0.5,0.0,0.333,0.632,0.0,0.166,1.0,0.5,0.632
firas_al_buraikan__ksa,Firas Al-Buraikan,KSA,FWD,kvalifikation,Kvalifikation,36,19,0,6,0,0,6,3,36.0,11.6,10.440000000000001,7.2540000000000004,8.06,0.0,1.34,0.528,0.0,0.167,0.695,0.0,0.116,0.9,0.4752,0.6255
firas_al_buraikan__ksa,Firas Al-Buraikan,KSA,FWD,venskabskamp,Venskabskamp,32,17,0,8,0,0,8,2,32.0,10.84,5.6368,3.6296000000000004,6.98,0.0,1.8,0.531,0.0,0.25,0.644,0.0,0.166,0.52,0.2761,0.3349
firas_chaouat__tun,Firas Chaouat,TUN,FWD,slutrunde,Slutrunde,31,3,0,17,0,0,17,6,31.0,10.07,10.07,2.21,2.21,0.0,3.7600000000000002,0.097,0.0,0.548,0.219,0.0,0.373,1.0,0.097,0.219
firas_chaouat__tun,Firas Chaouat,TUN,FWD,kvalifikation,Kvalifikation,39,3,0,29,0,0,29,2,39.0,12.1,10.89,0.7920000000000001,0.8800000000000001,0.0,8.4,0.077,0.0,0.744,0.073,0.0,0.694,0.9,0.0693,0.0657
firas_chaouat__tun,Firas Chaouat,TUN,FWD,venskabskamp,Venskabskamp,39,5,0,23,0,0,23,2,39.0,13.83,7.1916,1.5288000000000002,2.94,0.0,5.34,0.128,0.0,0.59,0.213,0.0,0.386,0.52,0.0666,0.1108
fiston_mayele__cod,Fiston Mayele,COD,FWD,slutrunde,Slutrunde,22,5,0,8,0,0,8,3,22.0,9.36,9.36,1.47,1.47,0.0,3.4200000000000004,0.227,0.0,0.364,0.157,0.0,0.365,1.0,0.227,0.157
fiston_mayele__cod,Fiston Mayele,COD,FWD,kvalifikation,Kvalifikation,35,3,0,12,0,0,12,2,35.0,13.68,12.312000000000001,1.6560000000000001,1.84,0.0,2.2,0.086,0.0,0.343,0.135,0.0,0.161,0.9,0.0774,0.1215
fiston_mayele__cod,Fiston Mayele,COD,FWD,venskabskamp,Venskabskamp,17,1,0,9,0,0,9,4,17.0,6.95,3.6140000000000003,0.16640000000000002,0.32,0.0,2.66,0.059,0.0,0.529,0.046,0.0,0.383,0.52,0.0307,0.0239
florian_grillitsch__aut,Florian Grillitsch,AUT,MID,slutrunde,Slutrunde,8,5,0,0,0,0,0,1,8.0,2.7199999999999998,2.7199999999999998,1.8399999999999999,1.8399999999999999,0.0,0.0,0.625,0.0,0.0,0.676,0.0,0.0,1.0,0.625,0.676
florian_grillitsch__aut,Florian Grillitsch,AUT,MID,kvalifikation,Kvalifikation,42,16,0,7,2,0,6,8,40.0,11.16,9.864,2.466,2.74,0.0,1.22,0.4,0.0,0.167,0.25,0.0,0.109,0.9,0.36,0.225
florian_grillitsch__aut,Florian Grillitsch,AUT,MID,nations_league,Nations League,24,4,0,8,4,0,8,4,20.0,6.04,4.3992,0.9048,1.16,0.0,1.78,0.2,0.0,0.333,0.206,0.0,0.295,0.78,0.156,0.1607
florian_grillitsch__aut,Florian Grillitsch,AUT,MID,venskabskamp,Venskabskamp,25,11,0,2,1,0,2,3,24.0,6.92,3.5464,1.4456000000000002,2.7800000000000002,0.0,0.30000000000000004,0.458,0.0,0.08,0.408,0.0,0.043,0.52,0.2382,0.2122
florian_wirtz__ger,Florian Wirtz,GER,MID,slutrunde,Slutrunde,12,4,0,4,3,0,4,0,9.0,3.8,3.2,1.92,1.92,0.0,0.8,0.444,0.0,0.333,0.6,0.0,0.211,1.0,0.444,0.6
florian_wirtz__ger,Florian Wirtz,GER,MID,nations_league_finals,Nations League-slutrunde,4,2,0,0,2,0,0,0,2.0,2.12,1.1019999999999999,1.1019999999999999,1.1600000000000001,0.0,0.0,1.0,0.0,0.0,1.0,0.0,0.0,0.95,0.95,0.95
florian_wirtz__ger,Florian Wirtz,GER,MID,kvalifikation,Kvalifikation,16,6,0,0,2,0,0,4,14.0,5.78,4.8420000000000005,3.6720000000000006,4.08,0.0,0.0,0.429,0.0,0.0,0.758,0.0,0.0,0.9,0.3861,0.6822
florian_wirtz__ger,Florian Wirtz,GER,MID,nations_league,Nations League,12,5,0,0,6,0,0,0,6.0,4.08,2.2464,1.872,2.4,0.0,0.0,0.833,0.0,0.0,0.833,0.0,0.0,0.78,0.6497,0.6497
florian_wirtz__ger,Florian Wirtz,GER,MID,venskabskamp,Venskabskamp,24,16,0,2,3,0,2,1,21.0,9.46,4.607200000000001,3.9520000000000004,7.6000000000000005,0.0,0.30000000000000004,0.762,0.0,0.083,0.858,0.0,0.032,0.52,0.3962,0.4462
folarin_balogun__usa,Folarin Balogun,USA,FWD,slutrunde,Slutrunde,14,3,0,7,4,0,7,0,10.0,7.12,4.4,1.44,1.44,0.0,2.96,0.3,0.0,0.5,0.327,0.0,0.416,1.0,0.3,0.327
folarin_balogun__usa,Folarin Balogun,USA,FWD,nations_league_finals,Nations League-slutrunde,10,5,0,0,4,0,0,0,6.0,3.84,1.8239999999999998,1.52,1.6,0.0,0.0,0.833,0.0,0.0,0.833,0.0,0.0,0.95,0.7913,0.7913
folarin_balogun__usa,Folarin Balogun,USA,FWD,venskabskamp,Venskabskamp,25,12,0,1,6,0,1,0,19.0,14.72,5.9488,3.4736000000000002,6.68,0.0,0.32,0.632,0.0,0.04,0.584,0.0,0.022,0.52,0.3286,0.3037
francis_de_vries__nzl,Francis de Vries,NZL,DEF,slutrunde,Slutrunde,4,0,0,4,0,0,4,0,4.0,1.92,1.92,0.0,0.0,0.0,1.92,0.0,0.0,1.0,0.0,0.0,1.0,1.0,0.0,0.0
francis_de_vries__nzl,Francis de Vries,NZL,DEF,kvalifikation,Kvalifikation,11,4,0,1,0,0,1,4,11.0,3.6,3.24,0.9720000000000001,1.08,0.0,0.48,0.364,0.0,0.091,0.3,0.0,0.133,0.9,0.3276,0.27
francis_de_vries__nzl,Francis de Vries,NZL,DEF,venskabskamp,Venskabskamp,31,9,0,10,4,0,10,4,27.0,14.88,6.9472000000000005,2.8080000000000003,5.4,0.0,3.56,0.333,0.0,0.323,0.404,0.0,0.239,0.52,0.1732,0.2101
francisco_concei_o__por,Francisco Conceicao,POR,FWD,slutrunde,Slutrunde,5,1,0,0,0,0,0,1,5.0,2.4,2.4,0.48,0.48,0.0,0.0,0.2,0.0,0.0,0.2,0.0,0.0,1.0,0.2,0.2
francisco_concei_o__por,Francisco Conceicao,POR,FWD,nations_league_finals,Nations League-slutrunde,4,2,0,1,0,0,1,0,4.0,2.12,2.014,1.1019999999999999,1.1600000000000001,0.0,0.48,0.5,0.0,0.25,0.547,0.0,0.226,0.95,0.475,0.5197
francisco_concei_o__por,Francisco Conceicao,POR,FWD,kvalifikation,Kvalifikation,6,0,0,0,1,0,0,3,5.0,4.08,3.0600000000000005,0.0,0.0,0.0,0.0,0.0,0.0,0.0,0.0,0.0,0.0,0.9,0.0,0.0
francisco_concei_o__por,Francisco Conceicao,POR,FWD,nations_league,Nations League,6,1,0,1,2,0,1,1,4.0,2.88,1.4976,0.3744,0.48,0.0,0.48,0.25,0.0,0.167,0.25,0.0,0.167,0.78,0.195,0.195
francisco_concei_o__por,Francisco Conceicao,POR,FWD,venskabskamp,Venskabskamp,8,3,0,0,0,0,0,3,8.0,4.76,2.4752,1.1648,2.24,0.0,0.0,0.375,0.0,0.0,0.471,0.0,0.0,0.52,0.195,0.2449
francisco_trinc_o__por,Francisco Trincao,POR,FWD,slutrunde,Slutrunde,14,0,0,14,0,0,14,0,14.0,4.2,4.2,0.0,0.0,0.0,4.2,0.0,0.0,1.0,0.0,0.0,1.0,1.0,0.0,0.0
francisco_trinc_o__por,Francisco Trincao,POR,FWD,nations_league_finals,Nations League-slutrunde,4,1,0,0,0,0,0,2,4.0,2.12,2.014,0.45599999999999996,0.48,0.0,0.0,0.25,0.0,0.0,0.226,0.0,0.0,0.95,0.2375,0.2147
francisco_trinc_o__por,Francisco Trincao,POR,FWD,kvalifikation,Kvalifikation,26,0,0,18,1,0,18,3,25.0,8.74,7.686000000000001,0.0,0.0,0.0,4.26,0.0,0.0,0.692,0.0,0.0,0.487,0.9,0.0,0.0
francisco_trinc_o__por,Francisco Trincao,POR,FWD,nations_league,Nations League,18,0,0,6,0,0,6,6,18.0,4.68,3.6504000000000003,0.0,0.0,0.0,1.2000000000000002,0.0,0.0,0.333,0.0,0.0,0.256,0.78,0.0,0.0
francisco_trinc_o__por,Francisco Trincao,POR,FWD,venskabskamp,Venskabskamp,15,3,0,8,1,0,8,1,14.0,5.86,2.9432,0.5824,1.12,0.0,2.42,0.214,0.0,0.533,0.198,0.0,0.413,0.52,0.1113,0.103
franck_kessie__civ,Franck Kessie,CIV,MID,slutrunde,Slutrunde,43,23,0,19,0,0,19,0,43.0,10.39,10.39,7.77,7.77,0.0,2.3000000000000003,0.535,0.0,0.442,0.748,0.0,0.221,1.0,0.535,0.748
franck_kessie__civ,Franck Kessie,CIV,MID,kvalifikation,Kvalifikation,58,43,0,10,2,0,9,1,56.0,13.8,12.06,9.99,11.1,0.0,1.2000000000000002,0.768,0.0,0.172,0.828,0.0,0.087,0.9,0.6912,0.7452
franck_kessie__civ,Franck Kessie,CIV,MID,venskabskamp,Venskabskamp,45,29,0,6,2,0,6,6,43.0,10.940000000000001,5.4808,3.7232000000000003,7.16,0.0,0.6000000000000001,0.674,0.0,0.133,0.679,0.0,0.055,0.52,0.3505,0.3531
franco_mastantuono__arg,Franco Mastantuono,ARG,MID,slutrunde,Slutrunde,1,0,0,1,0,0,1,0,1.0,0.92,0.92,0.0,0.0,0.0,0.92,0.0,0.0,1.0,0.0,0.0,1.0,1.0,0.0,0.0
franco_mastantuono__arg,Franco Mastantuono,ARG,MID,kvalifikation,Kvalifikation,4,1,0,0,0,0,0,1,4.0,2.72,2.4480000000000004,0.6120000000000001,0.68,0.0,0.0,0.25,0.0,0.0,0.25,0.0,0.0,0.9,0.225,0.225
franco_mastantuono__arg,Franco Mastantuono,ARG,MID,venskabskamp,Venskabskamp,5,0,0,0,3,0,0,1,2.0,3.8800000000000003,0.9568000000000001,0.0,0.0,0.0,0.0,0.0,0.0,0.0,0.0,0.0,0.0,0.52,0.0,0.0
frans_dhia_putros__irq,Frans Dhia Putros,IRQ,DEF,slutrunde,Slutrunde,32,2,0,21,0,0,21,6,32.0,8.85,8.85,0.42000000000000004,0.42000000000000004,0.0,6.57,0.062,0.0,0.656,0.047,0.0,0.742,1.0,0.062,0.047
frans_dhia_putros__irq,Frans Dhia Putros,IRQ,DEF,kvalifikation,Kvalifikation,39,5,0,18,5,0,18,6,34.0,13.98,11.178,1.584,1.76,0.0,5.94,0.147,0.0,0.462,0.142,0.0,0.425,0.9,0.1323,0.1278
frans_dhia_putros__irq,Frans Dhia Putros,IRQ,DEF,venskabskamp,Venskabskamp,35,8,0,16,4,0,16,3,31.0,8.48,4.2016,1.1752,2.2600000000000002,0.0,2.3000000000000003,0.258,0.0,0.457,0.28,0.0,0.271,0.52,0.1342,0.1456
frantzdy_pierrot__hai,Frantzdy Pierrot,HAI,FWD,slutrunde,Slutrunde,14,10,0,3,0,0,3,1,14.0,4.1000000000000005,4.1000000000000005,3.4000000000000004,3.4000000000000004,0.0,0.6000000000000001,0.714,0.0,0.214,0.829,0.0,0.146,1.0,0.714,0.829
frantzdy_pierrot__hai,Frantzdy Pierrot,HAI,FWD,kvalifikation,Kvalifikation,19,15,0,1,0,0,1,2,19.0,7.800000000000001,7.020000000000001,6.660000000000001,7.4,0.0,0.1,0.789,0.0,0.053,0.949,0.0,0.013,0.9,0.7101,0.8541
frantzdy_pierrot__hai,Frantzdy Pierrot,HAI,FWD,nations_league,Nations League,24,14,0,5,2,0,5,1,22.0,6.16,4.3056,2.6052000000000004,3.34,0.0,1.12,0.636,0.0,0.208,0.605,0.0,0.182,0.78,0.4961,0.4719
frantzdy_pierrot__hai,Frantzdy Pierrot,HAI,FWD,venskabskamp,Venskabskamp,14,7,0,4,1,0,4,0,13.0,5.96,2.9328000000000003,1.456,2.8,0.0,0.92,0.538,0.0,0.286,0.496,0.0,0.154,0.52,0.2798,0.2579
fredrik_andr_bj_rkan__nor,Fredrik Andre Bjørkan,NOR,DEF,kvalifikation,Kvalifikation,23,2,0,10,1,0,10,6,22.0,8.76,7.272000000000001,0.5760000000000001,0.64,0.0,4.0,0.091,0.0,0.435,0.079,0.0,0.457,0.9,0.0819,0.0711
fredrik_andr_bj_rkan__nor,Fredrik Andre Bjørkan,NOR,DEF,nations_league,Nations League,12,1,0,4,0,0,4,5,12.0,4.08,3.1824000000000003,0.15600000000000003,0.2,0.0,1.92,0.083,0.0,0.333,0.049,0.0,0.471,0.78,0.0647,0.0382
fredrik_andr_bj_rkan__nor,Fredrik Andre Bjørkan,NOR,DEF,venskabskamp,Venskabskamp,16,7,0,1,2,0,1,2,14.0,7.44,3.3696,1.2896,2.48,0.0,0.68,0.5,0.0,0.062,0.383,0.0,0.091,0.52,0.26,0.1992
fredrik_aursnes__nor,Fredrik Aursnes,NOR,MID,kvalifikation,Kvalifikation,23,8,0,9,0,0,9,3,23.0,8.76,7.884000000000001,2.088,2.3200000000000003,0.0,5.24,0.348,0.0,0.391,0.265,0.0,0.598,0.9,0.3132,0.2385
fredrik_aursnes__nor,Fredrik Aursnes,NOR,MID,nations_league,Nations League,12,3,0,6,2,0,6,0,10.0,4.08,2.4336,0.4680000000000001,0.6000000000000001,0.0,2.32,0.3,0.0,0.5,0.192,0.0,0.569,0.78,0.234,0.1498
fredrik_aursnes__nor,Fredrik Aursnes,NOR,MID,venskabskamp,Venskabskamp,17,3,0,6,4,0,6,1,13.0,7.54,2.7560000000000002,0.8528,1.6400000000000001,0.0,2.96,0.231,0.0,0.353,0.309,0.0,0.393,0.52,0.1201,0.1607
frenkie_de_jong__ned,Frenkie de Jong,NED,MID,slutrunde,Slutrunde,15,9,0,0,6,0,0,0,9.0,4.68,1.8,1.8,1.8,0.0,0.0,1.0,0.0,0.0,1.0,0.0,0.0,1.0,1.0,1.0
frenkie_de_jong__ned,Frenkie de Jong,NED,MID,nations_league_finals,Nations League-slutrunde,6,6,0,0,0,0,0,0,6.0,1.8,1.71,1.71,1.8,0.0,0.0,1.0,0.0,0.0,1.0,0.0,0.0,0.95,0.95,0.95
frenkie_de_jong__ned,Frenkie de Jong,NED,MID,kvalifikation,Kvalifikation,34,27,0,0,7,0,0,0,27.0,10.26,7.110000000000001,7.110000000000001,7.9,0.0,0.0,1.0,0.0,0.0,1.0,0.0,0.0,0.9,0.9,0.9
frenkie_de_jong__ned,Frenkie de Jong,NED,MID,nations_league,Nations League,22,15,0,2,4,0,2,0,18.0,5.08,2.6832000000000003,1.7784000000000002,2.2800000000000002,0.0,0.96,0.833,0.0,0.091,0.663,0.0,0.189,0.78,0.6497,0.5171
frenkie_de_jong__ned,Frenkie de Jong,NED,MID,venskabskamp,Venskabskamp,15,6,0,0,6,0,0,2,9.0,5.54,1.092,0.936,1.8,0.0,0.0,0.667,0.0,0.0,0.857,0.0,0.0,0.52,0.3468,0.4456
gabriel_avalos__par,Gabriel Avalos,PAR,FWD,slutrunde,Slutrunde,8,3,0,4,0,0,4,0,8.0,2.44,2.44,0.6000000000000001,0.6000000000000001,0.0,1.64,0.375,0.0,0.5,0.246,0.0,0.672,1.0,0.375,0.246
gabriel_avalos__par,Gabriel Avalos,PAR,FWD,kvalifikation,Kvalifikation,32,4,0,18,0,0,18,1,32.0,10.98,9.882000000000001,1.296,1.44,0.0,5.28,0.125,0.0,0.562,0.131,0.0,0.481,0.9,0.1125,0.1179
gabriel_avalos__par,Gabriel Avalos,PAR,FWD,venskabskamp,Venskabskamp,19,4,0,12,0,0,12,1,19.0,8.92,4.6384,0.8528000000000001,1.6400000000000001,0.0,5.16,0.211,0.0,0.632,0.184,0.0,0.578,0.52,0.1097,0.0957
gabriel_gudmundsson__swe,Gabriel Gudmundsson,SWE,DEF,kvalifikation,Kvalifikation,16,7,0,6,0,0,6,0,16.0,8.24,7.416000000000001,4.284000000000001,4.760000000000001,0.0,1.92,0.438,0.0,0.375,0.578,0.0,0.233,0.9,0.3942,0.5202
gabriel_gudmundsson__swe,Gabriel Gudmundsson,SWE,DEF,nations_league,Nations League,12,6,0,1,0,0,1,4,12.0,4.08,3.1824000000000003,2.028,2.6,0.0,0.48,0.5,0.0,0.083,0.637,0.0,0.118,0.78,0.39,0.4969
gabriel_gudmundsson__swe,Gabriel Gudmundsson,SWE,DEF,venskabskamp,Venskabskamp,17,6,0,3,5,0,3,2,12.0,7.68,3.0576000000000003,1.7056,3.2800000000000002,0.0,1.28,0.5,0.0,0.176,0.558,0.0,0.167,0.52,0.26,0.2902
gabriel_magalh_es__bra,Gabriel Magalhaes,BRA,DEF,slutrunde,Slutrunde,4,0,0,0,0,0,0,3,4.0,1.92,1.92,0.0,0.0,0.0,0.0,0.0,0.0,0.0,0.0,0.0,0.0,1.0,0.0,0.0
gabriel_magalh_es__bra,Gabriel Magalhaes,BRA,DEF,kvalifikation,Kvalifikation,22,14,0,1,2,0,1,5,20.0,9.08,7.128,5.364,5.96,0.0,0.48,0.7,0.0,0.045,0.753,0.0,0.053,0.9,0.63,0.6777
gabriel_magalh_es__bra,Gabriel Magalhaes,BRA,DEF,venskabskamp,Venskabskamp,12,2,0,3,3,0,3,4,9.0,8.16,2.9328000000000003,0.7072,1.36,0.0,1.6400000000000001,0.222,0.0,0.25,0.241,0.0,0.201,0.52,0.1154,0.1253
gabriel_martinelli__bra,Gabriel Martinelli,BRA,FWD,slutrunde,Slutrunde,9,1,0,0,0,0,0,4,9.0,2.92,2.92,0.2,0.2,0.0,0.0,0.111,0.0,0.0,0.068,0.0,0.0,1.0,0.111,0.068
gabriel_martinelli__bra,Gabriel Martinelli,BRA,FWD,kvalifikation,Kvalifikation,20,4,0,6,0,0,6,3,20.0,8.68,7.812,1.8000000000000003,2.0,0.0,2.56,0.2,0.0,0.3,0.23,0.0,0.295,0.9,0.18,0.207
gabriel_martinelli__bra,Gabriel Martinelli,BRA,FWD,venskabskamp,Venskabskamp,19,3,0,7,4,0,7,1,15.0,9.8,4.056,1.0816000000000001,2.08,0.0,2.44,0.2,0.0,0.368,0.267,0.0,0.249,0.52,0.104,0.1388
garry_mendes_rodrigues__cpv,Garry Mendes Rodrigues,CPV,FWD,slutrunde,Slutrunde,12,6,0,0,0,0,0,2,12.0,2.7,2.7,1.34,1.34,0.0,0.0,0.5,0.0,0.0,0.496,0.0,0.0,1.0,0.5,0.496
garry_mendes_rodrigues__cpv,Garry Mendes Rodrigues,CPV,FWD,kvalifikation,Kvalifikation,61,25,0,16,5,0,16,6,56.0,14.1,11.106000000000002,3.2580000000000005,3.62,0.0,4.42,0.446,0.0,0.262,0.293,0.0,0.313,0.9,0.4014,0.2637
garry_mendes_rodrigues__cpv,Garry Mendes Rodrigues,CPV,FWD,venskabskamp,Venskabskamp,31,8,0,10,3,0,10,2,28.0,9.780000000000001,4.7008,1.6744,3.22,0.0,2.2,0.286,0.0,0.323,0.356,0.0,0.225,0.52,0.1487,0.1851
gaston_olveira__par,Gaston Olveira,PAR,GK,venskabskamp,Venskabskamp,3,1,0,0,0,0,0,2,3.0,2.84,1.4768000000000001,0.47840000000000005,0.92,0.0,0.0,0.333,0.0,0.0,0.324,0.0,0.0,0.52,0.1732,0.1685
gael_kakuta__cod,Gaël Kakuta,COD,MID,slutrunde,Slutrunde,26,5,0,17,1,0,15,2,25.0,9.76,9.44,2.13,2.13,0.0,4.760000000000001,0.2,0.0,0.654,0.226,0.0,0.488,1.0,0.2,0.226
gael_kakuta__cod,Gaël Kakuta,COD,MID,kvalifikation,Kvalifikation,49,14,0,20,5,0,20,7,44.0,15.08,12.258000000000001,3.1500000000000004,3.5,0.0,7.46,0.318,0.0,0.408,0.257,0.0,0.495,0.9,0.2862,0.2313
gael_kakuta__cod,Gaël Kakuta,COD,MID,venskabskamp,Venskabskamp,27,6,0,15,3,0,15,2,24.0,7.95,3.6972,0.5408000000000001,1.04,0.0,4.43,0.25,0.0,0.556,0.146,0.0,0.557,0.52,0.13,0.0759
george_hirst__sco,George Hirst,SCO,FWD,kvalifikation,Kvalifikation,6,0,0,0,0,0,0,4,6.0,4.08,3.6720000000000006,0.0,0.0,0.0,0.0,0.0,0.0,0.0,0.0,0.0,0.0,0.9,0.0,0.0
george_hirst__sco,George Hirst,SCO,FWD,nations_league,Nations League,2,0,0,0,0,0,0,0,2.0,0.96,0.7488,0.0,0.0,0.0,0.0,0.0,0.0,0.0,0.0,0.0,0.0,0.78,0.0,0.0
george_hirst__sco,George Hirst,SCO,FWD,venskabskamp,Venskabskamp,6,4,0,0,0,0,0,0,6.0,5.2,2.704,1.7056,3.2800000000000002,0.0,0.0,0.667,0.0,0.0,0.631,0.0,0.0,0.52,0.3468,0.3281
german_berterame__mex,German Berterame,MEX,FWD,slutrunde,Slutrunde,6,0,0,6,0,0,6,0,6.0,4.08,4.08,0.0,0.0,0.0,4.08,0.0,0.0,1.0,0.0,0.0,1.0,1.0,0.0,0.0
german_berterame__mex,German Berterame,MEX,FWD,nations_league_finals,Nations League-slutrunde,4,0,0,4,0,0,4,0,4.0,1.92,1.8239999999999998,0.0,0.0,0.0,1.92,0.0,0.0,1.0,0.0,0.0,1.0,0.95,0.0,0.0
german_berterame__mex,German Berterame,MEX,FWD,venskabskamp,Venskabskamp,14,3,0,3,0,0,3,2,14.0,10.31,5.3612,1.1492,2.21,0.0,2.21,0.214,0.0,0.214,0.214,0.0,0.214,0.52,0.1113,0.1113
ger_nimo_rulli__arg,Geronimo Rulli,ARG,GK,slutrunde,Slutrunde,34,0,0,20,0,0,20,14,34.0,8.0,8.0,0.0,0.0,0.0,3.52,0.0,0.0,0.588,0.0,0.0,0.44,1.0,0.0,0.0
ger_nimo_rulli__arg,Geronimo Rulli,ARG,GK,kvalifikation,Kvalifikation,47,3,0,19,6,0,19,19,41.0,12.58,9.594000000000001,1.044,1.16,0.0,2.7,0.073,0.0,0.404,0.109,0.0,0.215,0.9,0.0657,0.0981
ger_nimo_rulli__arg,Geronimo Rulli,ARG,GK,venskabskamp,Venskabskamp,38,4,0,12,0,0,12,22,38.0,10.32,5.3664000000000005,0.5616000000000001,1.08,0.0,1.6400000000000001,0.105,0.0,0.316,0.105,0.0,0.159,0.52,0.0546,0.0546
gervane_kastaneer__cuw,Gervane Kastaneer,CUW,FWD,slutrunde,Slutrunde,7,1,0,4,0,0,4,0,7.0,2.4400000000000004,2.4400000000000004,0.68,0.68,0.0,0.4,0.143,0.0,0.571,0.279,0.0,0.164,1.0,0.143,0.279
gervane_kastaneer__cuw,Gervane Kastaneer,CUW,FWD,kvalifikation,Kvalifikation,17,4,0,3,1,0,2,4,16.0,7.62,6.246,2.4480000000000004,2.72,0.0,0.8800000000000001,0.25,0.0,0.176,0.392,0.0,0.115,0.9,0.225,0.3528
gervane_kastaneer__cuw,Gervane Kastaneer,CUW,FWD,nations_league,Nations League,21,5,0,9,1,0,9,1,20.0,5.66,4.3368,1.3572000000000002,1.74,0.0,1.8800000000000001,0.25,0.0,0.429,0.313,0.0,0.332,0.78,0.195,0.2441
gervane_kastaneer__cuw,Gervane Kastaneer,CUW,FWD,venskabskamp,Venskabskamp,17,0,0,9,0,0,9,2,17.0,5.8,3.0160000000000005,0.0,0.0,0.0,2.04,0.0,0.0,0.529,0.0,0.0,0.352,0.52,0.0,0.0
ghislain_konan__civ,Ghislain Konan,CIV,DEF,slutrunde,Slutrunde,28,15,0,12,0,0,12,1,28.0,8.89,8.89,6.44,6.44,0.0,1.6,0.536,0.0,0.429,0.724,0.0,0.18,1.0,0.536,0.724
ghislain_konan__civ,Ghislain Konan,CIV,DEF,kvalifikation,Kvalifikation,44,16,0,21,1,0,21,4,43.0,12.4,11.07,4.338,4.82,0.0,5.66,0.372,0.0,0.477,0.392,0.0,0.456,0.9,0.3348,0.3528
ghislain_konan__civ,Ghislain Konan,CIV,DEF,venskabskamp,Venskabskamp,31,15,0,6,2,0,6,3,29.0,9.540000000000001,4.856800000000001,3.0784000000000002,5.92,0.0,0.7000000000000001,0.517,0.0,0.194,0.634,0.0,0.073,0.52,0.2688,0.3297
gi_hyuk_lee__kor,Gi-hyuk Lee,KOR,DEF,slutrunde,Slutrunde,16,1,0,13,0,0,13,2,16.0,5.36,5.36,0.2,0.2,0.0,4.76,0.062,0.0,0.812,0.037,0.0,0.888,1.0,0.062,0.037
gi_hyuk_lee__kor,Gi-hyuk Lee,KOR,DEF,kvalifikation,Kvalifikation,16,0,0,15,0,0,15,1,16.0,7.24,6.516,0.0,0.0,0.0,6.76,0.0,0.0,0.938,0.0,0.0,0.934,0.9,0.0,0.0
gi_hyuk_lee__kor,Gi-hyuk Lee,KOR,DEF,venskabskamp,Venskabskamp,22,2,0,20,0,0,20,0,22.0,11.16,5.8032,1.04,2.0,0.0,9.16,0.091,0.0,0.909,0.179,0.0,0.821,0.52,0.0473,0.0931
gideon_mensah__gha,Gideon Mensah,GHA,DEF,slutrunde,Slutrunde,12,4,0,1,2,0,1,5,10.0,2.7600000000000002,2.3600000000000003,1.1600000000000001,1.1600000000000001,0.0,0.2,0.4,0.0,0.083,0.492,0.0,0.072,1.0,0.4,0.492
gideon_mensah__gha,Gideon Mensah,GHA,DEF,kvalifikation,Kvalifikation,36,21,0,8,2,0,8,4,34.0,11.8,9.756,6.876,7.640000000000001,0.0,1.6,0.618,0.0,0.222,0.705,0.0,0.136,0.9,0.5562,0.6345
gideon_mensah__gha,Gideon Mensah,GHA,DEF,venskabskamp,Venskabskamp,24,12,0,6,0,0,6,4,24.0,9.88,5.1376,2.2880000000000003,4.4,0.0,2.36,0.5,0.0,0.25,0.445,0.0,0.239,0.52,0.26,0.2314
gilson_benchimol_tavares__cpv,Gilson Benchimol Tavares,CPV,FWD,slutrunde,Slutrunde,9,1,0,0,2,0,0,2,7.0,2.4,2.0,0.32,0.32,0.0,0.0,0.143,0.0,0.0,0.16,0.0,0.0,1.0,0.143,0.16
gilson_benchimol_tavares__cpv,Gilson Benchimol Tavares,CPV,FWD,kvalifikation,Kvalifikation,32,5,0,13,4,0,13,4,28.0,11.2,7.992000000000001,1.764,1.96,0.0,4.0600000000000005,0.179,0.0,0.406,0.221,0.0,0.363,0.9,0.1611,0.1989
gilson_benchimol_tavares__cpv,Gilson Benchimol Tavares,CPV,FWD,venskabskamp,Venskabskamp,21,1,0,12,0,0,12,4,21.0,8.780000000000001,4.565600000000001,0.10400000000000001,0.2,0.0,5.44,0.048,0.0,0.571,0.023,0.0,0.62,0.52,0.025,0.012
giorgian_de_arrascaeta__uru,Giorgian De Arrascaeta,URU,MID,slutrunde,Slutrunde,30,9,0,3,0,0,3,10,30.0,6.08,6.08,1.78,1.78,0.0,0.30000000000000004,0.3,0.0,0.1,0.293,0.0,0.049,1.0,0.3,0.293
giorgian_de_arrascaeta__uru,Giorgian De Arrascaeta,URU,MID,kvalifikation,Kvalifikation,54,14,0,7,14,0,7,14,40.0,13.18,8.046000000000001,4.212000000000001,4.68,0.0,1.28,0.35,0.0,0.13,0.523,0.0,0.097,0.9,0.315,0.4707
giorgian_de_arrascaeta__uru,Giorgian De Arrascaeta,URU,MID,venskabskamp,Venskabskamp,51,13,0,10,10,0,10,8,41.0,11.4,5.002400000000001,1.8824,3.62,0.0,3.7800000000000002,0.317,0.0,0.196,0.376,0.0,0.332,0.52,0.1648,0.1955
giovani_lo_celso__arg,Giovani Lo Celso,ARG,MID,slutrunde,Slutrunde,32,11,0,1,8,0,1,5,24.0,7.8,5.48,2.08,2.08,0.0,0.2,0.458,0.0,0.031,0.38,0.0,0.026,1.0,0.458,0.38
giovani_lo_celso__arg,Giovani Lo Celso,ARG,MID,kvalifikation,Kvalifikation,35,12,0,5,8,0,3,2,27.0,11.38,7.65,2.3400000000000003,2.6,0.0,1.46,0.444,0.0,0.143,0.306,0.0,0.128,0.9,0.3996,0.2754
giovani_lo_celso__arg,Giovani Lo Celso,ARG,MID,venskabskamp,Venskabskamp,38,25,0,0,6,0,0,4,32.0,10.32,4.1496,3.5672,6.86,0.0,0.0,0.781,0.0,0.0,0.86,0.0,0.0,0.52,0.4061,0.4472
giovanni_reyna__usa,Giovanni Reyna,USA,MID,slutrunde,Slutrunde,24,3,0,12,5,0,12,2,19.0,9.120000000000001,7.5200000000000005,1.44,1.44,0.0,5.28,0.158,0.0,0.5,0.191,0.0,0.579,1.0,0.158,0.191
giovanni_reyna__usa,Giovanni Reyna,USA,MID,nations_league_finals,Nations League-slutrunde,12,8,0,0,2,0,0,1,10.0,4.14,3.021,2.109,2.22,0.0,0.0,0.8,0.0,0.0,0.698,0.0,0.0,0.95,0.76,0.6631
giovanni_reyna__usa,Giovanni Reyna,USA,MID,kvalifikation,Kvalifikation,14,1,0,3,7,0,3,0,7.0,2.8000000000000003,1.2600000000000002,0.18000000000000002,0.2,0.0,0.6000000000000001,0.143,0.0,0.214,0.143,0.0,0.214,0.9,0.1287,0.1287
giovanni_reyna__usa,Giovanni Reyna,USA,MID,nations_league,Nations League,4,2,0,0,2,0,0,0,2.0,0.8,0.31200000000000006,0.31200000000000006,0.4,0.0,0.0,1.0,0.0,0.0,1.0,0.0,0.0,0.78,0.78,0.78
giovanni_reyna__usa,Giovanni Reyna,USA,MID,venskabskamp,Venskabskamp,41,13,0,13,10,0,13,0,31.0,17.22,6.9576,2.1736,4.18,0.0,5.48,0.419,0.0,0.317,0.312,0.0,0.318,0.52,0.2179,0.1622
giuliano_simeone__arg,Giuliano Simeone,ARG,FWD,slutrunde,Slutrunde,1,0,0,1,0,0,1,0,1.0,0.92,0.92,0.0,0.0,0.0,0.92,0.0,0.0,1.0,0.0,0.0,1.0,1.0,0.0,0.0
giuliano_simeone__arg,Giuliano Simeone,ARG,FWD,kvalifikation,Kvalifikation,11,3,0,3,0,0,3,1,11.0,6.08,5.472,1.6560000000000001,1.84,0.0,1.44,0.273,0.0,0.273,0.303,0.0,0.237,0.9,0.2457,0.2727
giuliano_simeone__arg,Giuliano Simeone,ARG,FWD,venskabskamp,Venskabskamp,6,2,0,1,0,0,1,0,6.0,4.88,2.5376000000000003,0.8736,1.6800000000000002,0.0,0.68,0.333,0.0,0.167,0.344,0.0,0.139,0.52,0.1732,0.1789
godfried_roemeratoe__cuw,Godfried Roemeratoe,CUW,MID,slutrunde,Slutrunde,3,1,0,0,0,0,0,0,3.0,2.04,2.04,0.68,0.68,0.0,0.0,0.333,0.0,0.0,0.333,0.0,0.0,1.0,0.333,0.333
godfried_roemeratoe__cuw,Godfried Roemeratoe,CUW,MID,kvalifikation,Kvalifikation,11,2,0,0,0,0,0,3,11.0,6.720000000000001,6.048000000000001,0.864,0.96,0.0,0.0,0.182,0.0,0.0,0.143,0.0,0.0,0.9,0.1638,0.1287
godfried_roemeratoe__cuw,Godfried Roemeratoe,CUW,MID,nations_league,Nations League,11,5,0,2,0,0,2,0,11.0,4.36,3.4008000000000003,1.4976,1.92,0.0,0.96,0.455,0.0,0.182,0.44,0.0,0.22,0.78,0.3549,0.3432
godfried_roemeratoe__cuw,Godfried Roemeratoe,CUW,MID,venskabskamp,Venskabskamp,7,2,0,0,0,0,0,0,7.0,4.0,2.08,0.33280000000000004,0.64,0.0,0.0,0.286,0.0,0.0,0.16,0.0,0.0,0.52,0.1487,0.0832
goncalo_guedes__por,Goncalo Guedes,POR,FWD,slutrunde,Slutrunde,30,3,0,25,0,0,25,1,30.0,5.8,5.8,0.30000000000000004,0.30000000000000004,0.0,5.2,0.1,0.0,0.833,0.052,0.0,0.897,1.0,0.1,0.052
goncalo_guedes__por,Goncalo Guedes,POR,FWD,nations_league_finals,Nations League-slutrunde,6,1,0,4,0,0,4,0,6.0,2.32,2.2039999999999997,0.095,0.1,0.0,2.12,0.167,0.0,0.667,0.043,0.0,0.914,0.95,0.1587,0.0408
goncalo_guedes__por,Goncalo Guedes,POR,FWD,kvalifikation,Kvalifikation,44,3,0,26,4,0,26,4,40.0,10.540000000000001,8.946000000000002,0.36000000000000004,0.4,0.0,7.840000000000001,0.075,0.0,0.591,0.04,0.0,0.744,0.9,0.0675,0.036
goncalo_guedes__por,Goncalo Guedes,POR,FWD,nations_league,Nations League,22,2,0,13,1,0,13,4,21.0,5.08,3.8844000000000003,0.23400000000000004,0.30000000000000004,0.0,3.88,0.095,0.0,0.591,0.06,0.0,0.764,0.78,0.0741,0.0468
goncalo_guedes__por,Goncalo Guedes,POR,FWD,venskabskamp,Venskabskamp,34,7,0,17,1,0,17,2,33.0,7.76,3.9832,0.468,0.9,0.0,3.22,0.212,0.0,0.5,0.117,0.0,0.415,0.52,0.1102,0.0608
gon_alo_in_cio__por,Goncalo Inacio,POR,DEF,slutrunde,Slutrunde,5,1,0,0,0,0,0,3,5.0,2.4,2.4,0.48,0.48,0.0,0.0,0.2,0.0,0.0,0.2,0.0,0.0,1.0,0.2,0.2
gon_alo_in_cio__por,Goncalo Inacio,POR,DEF,nations_league_finals,Nations League-slutrunde,4,3,0,0,0,0,0,0,4.0,2.12,2.014,1.5579999999999998,1.6400000000000001,0.0,0.0,0.75,0.0,0.0,0.774,0.0,0.0,0.95,0.7125,0.7353
gon_alo_in_cio__por,Goncalo Inacio,POR,DEF,kvalifikation,Kvalifikation,16,7,0,2,0,0,2,6,16.0,7.04,6.336000000000001,2.8800000000000003,3.2,0.0,0.8800000000000001,0.438,0.0,0.125,0.455,0.0,0.125,0.9,0.3942,0.4095
gon_alo_in_cio__por,Goncalo Inacio,POR,DEF,nations_league,Nations League,6,1,0,4,1,0,4,0,5.0,2.88,1.872,0.3744,0.48,0.0,1.92,0.2,0.0,0.667,0.2,0.0,0.667,0.78,0.156,0.156
gon_alo_in_cio__por,Goncalo Inacio,POR,DEF,venskabskamp,Venskabskamp,8,4,0,0,0,0,0,2,8.0,4.76,2.4752,1.1440000000000001,2.2,0.0,0.0,0.5,0.0,0.0,0.462,0.0,0.0,0.52,0.26,0.2402
gon_alo_ramos__por,Goncalo Ramos,POR,FWD,slutrunde,Slutrunde,10,2,0,0,0,0,0,5,10.0,3.4,3.4,0.4,0.4,0.0,0.0,0.2,0.0,0.0,0.118,0.0,0.0,1.0,0.2,0.118
gon_alo_ramos__por,Goncalo Ramos,POR,FWD,nations_league_finals,Nations League-slutrunde,4,0,0,0,1,0,0,1,3.0,2.12,1.5579999999999998,0.0,0.0,0.0,0.0,0.0,0.0,0.0,0.0,0.0,0.0,0.95,0.0,0.0
gon_alo_ramos__por,Goncalo Ramos,POR,FWD,kvalifikation,Kvalifikation,16,4,0,2,0,0,2,3,16.0,7.04,6.336000000000001,1.4760000000000002,1.6400000000000001,0.0,0.64,0.25,0.0,0.125,0.233,0.0,0.091,0.9,0.225,0.2097
gon_alo_ramos__por,Goncalo Ramos,POR,FWD,nations_league,Nations League,8,0,0,3,4,0,3,1,4.0,3.28,1.0608,0.0,0.0,0.0,1.16,0.0,0.0,0.375,0.0,0.0,0.354,0.78,0.0,0.0
gon_alo_ramos__por,Goncalo Ramos,POR,FWD,venskabskamp,Venskabskamp,9,4,0,2,0,0,2,1,9.0,4.96,2.5792,1.3728,2.64,0.0,1.32,0.444,0.0,0.222,0.532,0.0,0.266,0.52,0.2309,0.2766
gonzalo_agustin_sandez__par,Gonzalo Agustin Sandez,PAR,DEF,kvalifikation,Kvalifikation,10,3,0,1,0,0,1,5,10.0,5.4,4.86,1.476,1.6400000000000001,0.0,0.48,0.3,0.0,0.1,0.304,0.0,0.089,0.9,0.27,0.2736
gonzalo_agustin_sandez__par,Gonzalo Agustin Sandez,PAR,DEF,venskabskamp,Venskabskamp,4,1,0,2,0,0,2,1,4.0,2.72,1.4144,0.3536,0.68,0.0,1.36,0.25,0.0,0.5,0.25,0.0,0.5,0.52,0.13,0.13
gonzalo_montiel__arg,Gonzalo Montiel,ARG,DEF,slutrunde,Slutrunde,28,7,0,8,1,0,7,5,27.0,7.4,6.48,2.24,2.24,0.0,1.0,0.259,0.0,0.286,0.346,0.0,0.135,1.0,0.259,0.346
gonzalo_montiel__arg,Gonzalo Montiel,ARG,DEF,kvalifikation,Kvalifikation,35,11,0,2,4,0,1,16,31.0,11.38,8.154,2.664,2.96,0.0,0.30000000000000004,0.355,0.0,0.057,0.327,0.0,0.026,0.9,0.3195,0.2943
gonzalo_montiel__arg,Gonzalo Montiel,ARG,DEF,venskabskamp,Venskabskamp,27,8,0,9,4,0,9,3,23.0,9.22,2.9640000000000004,1.0192,1.96,0.0,1.78,0.348,0.0,0.333,0.344,0.0,0.193,0.52,0.181,0.1789
gonzalo_plata__ecu,Gonzalo Plata,ECU,MID,slutrunde,Slutrunde,12,4,0,5,0,0,5,0,12.0,3.52,3.52,0.8,0.8,0.0,2.12,0.333,0.0,0.417,0.227,0.0,0.602,1.0,0.333,0.227
gonzalo_plata__ecu,Gonzalo Plata,ECU,MID,kvalifikation,Kvalifikation,36,15,0,8,2,0,8,1,34.0,11.38,9.198,4.752000000000001,5.28,0.0,2.54,0.441,0.0,0.222,0.517,0.0,0.223,0.9,0.3969,0.4653
gonzalo_plata__ecu,Gonzalo Plata,ECU,MID,venskabskamp,Venskabskamp,30,10,0,9,2,0,8,2,28.0,10.88,5.4496,2.0592,3.96,0.0,4.4,0.357,0.0,0.3,0.378,0.0,0.404,0.52,0.1856,0.1966
gonzalo_valle__ecu,Gonzalo Valle,ECU,GK,kvalifikation,Kvalifikation,10,2,0,2,0,0,2,6,10.0,5.4,4.86,1.044,1.1600000000000001,0.0,0.96,0.2,0.0,0.2,0.215,0.0,0.178,0.9,0.18,0.1935
gonzalo_valle__ecu,Gonzalo Valle,ECU,GK,venskabskamp,Venskabskamp,8,1,0,0,2,0,0,5,6.0,5.760000000000001,2.2880000000000003,0.47840000000000005,0.92,0.0,0.0,0.167,0.0,0.0,0.209,0.0,0.0,0.52,0.0868,0.1087
grady_diangana__cod,Grady Diangana,COD,MID,slutrunde,Slutrunde,7,1,0,0,0,0,0,5,7.0,2.24,2.24,0.32,0.32,0.0,0.0,0.143,0.0,0.0,0.143,0.0,0.0,1.0,0.143,0.143
grady_diangana__cod,Grady Diangana,COD,MID,kvalifikation,Kvalifikation,12,1,0,4,2,0,4,3,10.0,5.4399999999999995,4.032,0.28800000000000003,0.32,0.0,1.92,0.1,0.0,0.333,0.071,0.0,0.353,0.9,0.09,0.0639
grady_diangana__cod,Grady Diangana,COD,MID,venskabskamp,Venskabskamp,4,0,0,1,0,0,1,0,4.0,1.28,0.6656000000000001,0.0,0.0,0.0,0.32,0.0,0.0,0.25,0.0,0.0,0.25,0.52,0.0,0.0
granit_xhaka__sui,Granit Xhaka,SUI,MID,slutrunde,Slutrunde,26,25,0,1,0,0,0,0,26.0,5.4,5.4,5.2,5.2,0.0,0.2,0.962,0.0,0.038,0.963,0.0,0.037,1.0,0.962,0.963
granit_xhaka__sui,Granit Xhaka,SUI,MID,nations_league_finals,Nations League-slutrunde,2,2,0,0,0,0,0,0,2.0,0.2,0.19,0.19,0.2,0.0,0.0,1.0,0.0,0.0,1.0,0.0,0.0,0.95,0.95,0.95
granit_xhaka__sui,Granit Xhaka,SUI,MID,kvalifikation,Kvalifikation,68,57,0,3,5,0,2,2,63.0,12.84,10.746000000000002,10.026000000000002,11.14,0.0,0.5,0.905,0.0,0.044,0.933,0.0,0.039,0.9,0.8145,0.8397
granit_xhaka__sui,Granit Xhaka,SUI,MID,nations_league,Nations League,22,20,0,2,0,0,1,0,22.0,5.08,3.9624000000000006,3.5100000000000002,4.5,0.0,0.58,0.909,0.0,0.091,0.886,0.0,0.114,0.78,0.709,0.6911
granit_xhaka__sui,Granit Xhaka,SUI,MID,venskabskamp,Venskabskamp,51,37,0,5,3,0,5,2,48.0,11.9,6.032,4.5864,8.82,0.0,2.08,0.771,0.0,0.098,0.76,0.0,0.175,0.52,0.4009,0.3952
grant_hanley__sco,Grant Hanley,SCO,DEF,slutrunde,Slutrunde,6,5,0,0,0,0,0,0,6.0,2.04,2.04,1.56,1.56,0.0,0.0,0.833,0.0,0.0,0.765,0.0,0.0,1.0,0.833,0.765
grant_hanley__sco,Grant Hanley,SCO,DEF,kvalifikation,Kvalifikation,71,29,0,16,15,0,16,9,56.0,12.9,8.892000000000001,5.328000000000001,5.92,0.0,1.7000000000000002,0.518,0.0,0.225,0.599,0.0,0.132,0.9,0.4662,0.5391
grant_hanley__sco,Grant Hanley,SCO,DEF,nations_league,Nations League,24,10,0,9,4,0,9,1,20.0,6.04,4.3992,3.3072,4.24,0.0,1.2000000000000002,0.5,0.0,0.375,0.752,0.0,0.199,0.78,0.39,0.5866
grant_hanley__sco,Grant Hanley,SCO,DEF,venskabskamp,Venskabskamp,48,18,0,16,5,0,16,6,43.0,11.280000000000001,5.148000000000001,2.2256,4.28,0.0,2.42,0.419,0.0,0.333,0.432,0.0,0.215,0.52,0.2179,0.2246
gregor_kobel__sui,Gregor Kobel,SUI,GK,slutrunde,Slutrunde,14,1,0,1,0,0,1,12,14.0,4.2,4.2,0.2,0.2,0.0,0.2,0.071,0.0,0.071,0.048,0.0,0.048,1.0,0.071,0.048
gregor_kobel__sui,Gregor Kobel,SUI,GK,kvalifikation,Kvalifikation,22,7,0,3,6,0,3,6,16.0,8.24,6.0120000000000005,3.960000000000001,4.4,0.0,0.6000000000000001,0.438,0.0,0.136,0.659,0.0,0.073,0.9,0.3942,0.5931
gregor_kobel__sui,Gregor Kobel,SUI,GK,nations_league,Nations League,13,6,0,1,2,0,1,4,11.0,4.18,2.9484000000000004,2.028,2.6,0.0,0.2,0.545,0.0,0.077,0.688,0.0,0.048,0.78,0.4251,0.5366
gregor_kobel__sui,Gregor Kobel,SUI,GK,venskabskamp,Venskabskamp,21,7,0,5,0,0,5,9,21.0,8.9,4.628,2.1632000000000002,4.16,0.0,1.1600000000000001,0.333,0.0,0.238,0.467,0.0,0.13,0.52,0.1732,0.2428
cho_gue_sung__kor,Gue-sung Cho,KOR,FWD,slutrunde,Slutrunde,16,9,0,0,3,0,0,0,13.0,5.36,3.3200000000000003,2.2800000000000002,2.2800000000000002,0.0,0.0,0.692,0.0,0.0,0.687,0.0,0.0,1.0,0.692,0.687
cho_gue_sung__kor,Gue-sung Cho,KOR,FWD,kvalifikation,Kvalifikation,26,8,0,2,11,0,2,2,15.0,9.24,3.636,1.7640000000000002,1.96,0.0,0.96,0.533,0.0,0.077,0.485,0.0,0.104,0.9,0.4797,0.4365
cho_gue_sung__kor,Gue-sung Cho,KOR,FWD,venskabskamp,Venskabskamp,28,10,0,4,2,0,4,2,26.0,12.360000000000001,6.219200000000001,1.7680000000000002,3.4,0.0,2.72,0.385,0.0,0.143,0.284,0.0,0.22,0.52,0.2002,0.1477
guela_doue__civ,Guela Doue,CIV,DEF,slutrunde,Slutrunde,5,4,0,0,0,0,0,0,5.0,4.25,4.25,3.4,3.4,0.0,0.0,0.8,0.0,0.0,0.8,0.0,0.0,1.0,0.8,0.8
guela_doue__civ,Guela Doue,CIV,DEF,kvalifikation,Kvalifikation,14,4,0,0,2,0,0,4,12.0,7.52,5.5440000000000005,1.9080000000000001,2.12,0.0,0.0,0.333,0.0,0.0,0.344,0.0,0.0,0.9,0.2997,0.3096
guela_doue__civ,Guela Doue,CIV,DEF,venskabskamp,Venskabskamp,9,3,0,2,0,0,2,0,9.0,6.2,3.224,1.352,2.6,0.0,1.36,0.333,0.0,0.222,0.419,0.0,0.219,0.52,0.1732,0.2179
guillermo_martinez__mex,Guillermo Martínez,MEX,FWD,slutrunde,Slutrunde,9,0,0,6,0,0,6,0,9.0,5.5200000000000005,5.5200000000000005,0.0,0.0,0.0,4.08,0.0,0.0,0.667,0.0,0.0,0.739,1.0,0.0,0.0
guillermo_martinez__mex,Guillermo Martínez,MEX,FWD,nations_league_finals,Nations League-slutrunde,6,0,0,5,0,0,5,0,6.0,2.56,2.432,0.0,0.0,0.0,2.08,0.0,0.0,0.833,0.0,0.0,0.812,0.95,0.0,0.0
guillermo_martinez__mex,Guillermo Martínez,MEX,FWD,venskabskamp,Venskabskamp,23,3,0,11,0,0,11,4,23.0,15.870000000000001,8.2524,0.936,1.8,0.0,7.46,0.13,0.0,0.478,0.113,0.0,0.47,0.52,0.0676,0.0588
guillermo_ochoa__mex,Guillermo Ochoa,MEX,GK,slutrunde,Slutrunde,104,46,0,34,0,0,34,24,104.0,17.240000000000002,17.240000000000002,6.220000000000001,6.220000000000001,0.0,5.140000000000001,0.442,0.0,0.327,0.361,0.0,0.298,1.0,0.442,0.361
guillermo_ochoa__mex,Guillermo Ochoa,MEX,GK,nations_league_finals,Nations League-slutrunde,12,8,0,2,1,0,2,1,11.0,4.14,3.629,2.261,2.38,0.0,0.96,0.727,0.0,0.167,0.623,0.0,0.232,0.95,0.6906,0.5918
guillermo_ochoa__mex,Guillermo Ochoa,MEX,GK,kvalifikation,Kvalifikation,69,33,0,12,0,0,12,24,69.0,8.3,7.470000000000001,4.23,4.7,0.0,1.2000000000000002,0.478,0.0,0.174,0.566,0.0,0.145,0.9,0.4302,0.5094
guillermo_ochoa__mex,Guillermo Ochoa,MEX,GK,nations_league,Nations League,8,2,0,5,0,0,5,1,8.0,1.2000000000000002,0.9360000000000002,0.23400000000000004,0.30000000000000004,0.0,0.8,0.25,0.0,0.625,0.25,0.0,0.667,0.78,0.195,0.195
guillermo_ochoa__mex,Guillermo Ochoa,MEX,GK,venskabskamp,Venskabskamp,175,59,0,77,1,0,77,33,174.0,33.89,17.456400000000002,3.7856000000000005,7.28,0.0,16.41,0.339,0.0,0.44,0.217,0.0,0.484,0.52,0.1763,0.1128
guillermo_varela__uru,Guillermo Varela,URU,DEF,slutrunde,Slutrunde,23,4,0,10,0,0,9,6,23.0,5.38,5.38,0.6000000000000001,0.6000000000000001,0.0,1.8800000000000001,0.174,0.0,0.435,0.112,0.0,0.349,1.0,0.174,0.112
guillermo_varela__uru,Guillermo Varela,URU,DEF,kvalifikation,Kvalifikation,38,6,0,19,5,0,19,6,33.0,11.58,8.658000000000001,2.7720000000000002,3.08,0.0,3.58,0.182,0.0,0.5,0.32,0.0,0.309,0.9,0.1638,0.288
guillermo_varela__uru,Guillermo Varela,URU,DEF,venskabskamp,Venskabskamp,38,9,0,19,5,0,18,2,33.0,10.1,4.992,1.8408000000000002,3.54,0.0,4.5600000000000005,0.273,0.0,0.5,0.369,0.0,0.451,0.52,0.142,0.1919
gustaf_lagerbielke__swe,Gustaf Lagerbielke,SWE,DEF,kvalifikation,Kvalifikation,16,5,0,8,0,0,8,2,16.0,8.24,7.416000000000001,3.4920000000000004,3.8800000000000003,0.0,3.04,0.312,0.0,0.5,0.471,0.0,0.369,0.9,0.2808,0.4239
gustaf_lagerbielke__swe,Gustaf Lagerbielke,SWE,DEF,nations_league,Nations League,6,0,0,5,0,0,5,1,6.0,2.88,2.2464,0.0,0.0,0.0,2.4,0.0,0.0,0.833,0.0,0.0,0.833,0.78,0.0,0.0
gustaf_lagerbielke__swe,Gustaf Lagerbielke,SWE,DEF,venskabskamp,Venskabskamp,15,4,0,8,0,0,8,2,15.0,7.28,3.7856,1.3104,2.52,0.0,3.6,0.267,0.0,0.533,0.346,0.0,0.495,0.52,0.1388,0.1799
gustaf_nilsson__swe,Gustaf Nilsson,SWE,FWD,slutrunde,Slutrunde,9,0,0,9,0,0,9,0,9.0,1.3,1.3,0.0,0.0,0.0,1.3,0.0,0.0,1.0,0.0,0.0,1.0,1.0,0.0,0.0
gustaf_nilsson__swe,Gustaf Nilsson,SWE,FWD,kvalifikation,Kvalifikation,36,0,0,29,5,0,29,2,31.0,11.040000000000001,8.82,0.0,0.0,0.0,7.960000000000001,0.0,0.0,0.806,0.0,0.0,0.721,0.9,0.0,0.0
gustaf_nilsson__swe,Gustaf Nilsson,SWE,FWD,nations_league,Nations League,22,0,0,13,7,0,13,1,15.0,5.08,2.1528,0.0,0.0,0.0,1.8,0.0,0.0,0.591,0.0,0.0,0.354,0.78,0.0,0.0
gustaf_nilsson__swe,Gustaf Nilsson,SWE,FWD,venskabskamp,Venskabskamp,35,4,0,23,2,0,23,1,33.0,9.58,4.8776,0.988,1.9,0.0,4.62,0.121,0.0,0.657,0.203,0.0,0.482,0.52,0.0629,0.1056
gustavo_g_mez__par,Gustavo Gomez,PAR,DEF,slutrunde,Slutrunde,21,10,0,7,0,0,6,4,21.0,3.74,3.74,1.4000000000000001,1.4000000000000001,0.0,0.7000000000000001,0.476,0.0,0.333,0.374,0.0,0.187,1.0,0.476,0.374
gustavo_g_mez__par,Gustavo Gomez,PAR,DEF,kvalifikation,Kvalifikation,59,43,0,7,3,0,1,6,56.0,13.68,11.358,9.486,10.540000000000001,0.0,1.48,0.768,0.0,0.119,0.835,0.0,0.108,0.9,0.6912,0.7515
gustavo_g_mez__par,Gustavo Gomez,PAR,DEF,venskabskamp,Venskabskamp,50,33,0,7,0,0,7,7,50.0,12.020000000000001,6.250400000000001,4.565600000000001,8.780000000000001,0.0,0.9,0.66,0.0,0.14,0.73,0.0,0.075,0.52,0.3432,0.3796
gustavo_puerta__col,Gustavo Puerta,COL,MID,slutrunde,Slutrunde,6,0,0,6,0,0,6,0,6.0,2.88,2.88,0.0,0.0,0.0,2.88,0.0,0.0,1.0,0.0,0.0,1.0,1.0,0.0,0.0
gustavo_puerta__col,Gustavo Puerta,COL,MID,kvalifikation,Kvalifikation,10,0,0,8,0,0,8,2,10.0,5.2,4.68,0.0,0.0,0.0,3.84,0.0,0.0,0.8,0.0,0.0,0.738,0.9,0.0,0.0
gustavo_puerta__col,Gustavo Puerta,COL,MID,venskabskamp,Venskabskamp,9,2,0,2,0,0,2,2,9.0,5.8,3.016,0.8736,1.6800000000000002,0.0,0.96,0.222,0.0,0.222,0.29,0.0,0.166,0.52,0.1154,0.1508
gustavo_vel_squez__par,Gustavo Velazquez,PAR,DEF,slutrunde,Slutrunde,3,3,0,0,0,0,0,0,3.0,1.44,1.44,1.44,1.44,0.0,0.0,1.0,0.0,0.0,1.0,0.0,0.0,1.0,1.0,1.0
gustavo_vel_squez__par,Gustavo Velazquez,PAR,DEF,kvalifikation,Kvalifikation,12,3,0,0,0,0,0,7,12.0,6.36,5.724,1.476,1.6400000000000001,0.0,0.0,0.25,0.0,0.0,0.258,0.0,0.0,0.9,0.225,0.2322
gustavo_vel_squez__par,Gustavo Velazquez,PAR,DEF,venskabskamp,Venskabskamp,11,3,0,0,0,0,0,6,11.0,7.1000000000000005,3.692,0.8528,1.6400000000000001,0.0,0.0,0.273,0.0,0.0,0.231,0.0,0.0,0.52,0.142,0.1201
habib_diarra__sen,Habib Diarra,SEN,MID,slutrunde,Slutrunde,13,3,0,7,0,0,6,2,13.0,10.03,10.03,2.55,2.55,0.0,4.930000000000001,0.231,0.0,0.538,0.254,0.0,0.492,1.0,0.231,0.254
habib_diarra__sen,Habib Diarra,SEN,MID,kvalifikation,Kvalifikation,14,6,0,0,4,0,0,1,10.0,7.52,4.68,2.7720000000000002,3.08,0.0,0.0,0.6,0.0,0.0,0.592,0.0,0.0,0.9,0.54,0.5328
habib_diarra__sen,Habib Diarra,SEN,MID,venskabskamp,Venskabskamp,9,5,0,0,2,0,0,0,7.0,6.2,2.5168000000000004,1.872,3.6,0.0,0.0,0.714,0.0,0.0,0.744,0.0,0.0,0.52,0.3713,0.3869
haissem_hassan__egy,Haissem Hassan,EGY,MID,venskabskamp,Venskabskamp,4,1,0,0,0,0,0,0,4.0,3.84,1.9968000000000001,0.52,1.0,0.0,0.0,0.25,0.0,0.0,0.26,0.0,0.0,0.52,0.13,0.1352
hakan_calhanoglu__tur,Hakan Calhanoglu,TUR,MID,slutrunde,Slutrunde,11,9,0,1,0,0,0,1,11.0,3.3,3.3,2.7199999999999998,2.7199999999999998,0.0,0.48,0.818,0.0,0.091,0.824,0.0,0.145,1.0,0.818,0.824
hakan_calhanoglu__tur,Hakan Calhanoglu,TUR,MID,kvalifikation,Kvalifikation,61,43,0,5,3,0,3,4,58.0,13.540000000000001,11.196000000000002,9.756000000000002,10.84,0.0,0.5,0.741,0.0,0.082,0.871,0.0,0.037,0.9,0.6669,0.7839
hakan_calhanoglu__tur,Hakan Calhanoglu,TUR,MID,nations_league,Nations League,24,19,0,0,3,0,0,1,21.0,6.04,4.0248,3.5724000000000005,4.58,0.0,0.0,0.905,0.0,0.0,0.888,0.0,0.0,0.78,0.7059,0.6926
hakan_calhanoglu__tur,Hakan Calhanoglu,TUR,MID,venskabskamp,Venskabskamp,49,24,0,9,10,0,8,2,39.0,9.64,3.7752000000000003,1.9448,3.74,0.0,0.9,0.615,0.0,0.184,0.515,0.0,0.093,0.52,0.3198,0.2678
hakim_ziyech__mar,Hakim Ziyech,MAR,MID,slutrunde,Slutrunde,46,17,0,28,1,0,28,0,45.0,7.08,6.760000000000001,3.06,3.06,0.0,3.7,0.378,0.0,0.609,0.453,0.0,0.523,1.0,0.378,0.453
hakim_ziyech__mar,Hakim Ziyech,MAR,MID,kvalifikation,Kvalifikation,42,19,0,13,5,0,13,1,37.0,7.6000000000000005,6.192,3.132,3.48,0.0,2.52,0.514,0.0,0.31,0.506,0.0,0.332,0.9,0.4626,0.4554
hakim_ziyech__mar,Hakim Ziyech,MAR,MID,venskabskamp,Venskabskamp,46,20,0,15,5,0,15,2,41.0,6.720000000000001,3.12,1.6952000000000003,3.2600000000000002,0.0,1.82,0.488,0.0,0.326,0.543,0.0,0.271,0.52,0.2538,0.2824
hamdy_fathy__egy,Hamdy Fathy,EGY,MID,slutrunde,Slutrunde,27,19,0,5,0,0,5,0,27.0,12.21,12.21,8.18,8.18,0.0,2.7800000000000002,0.704,0.0,0.185,0.67,0.0,0.228,1.0,0.704,0.67
hamdy_fathy__egy,Hamdy Fathy,EGY,MID,kvalifikation,Kvalifikation,36,18,0,5,2,0,5,1,34.0,11.8,10.440000000000001,5.904,6.5600000000000005,0.0,2.14,0.529,0.0,0.139,0.566,0.0,0.181,0.9,0.4761,0.5094
hamdy_fathy__egy,Hamdy Fathy,EGY,MID,venskabskamp,Venskabskamp,20,8,0,3,1,0,3,3,19.0,9.39,4.5292,2.5844,4.97,0.0,1.52,0.421,0.0,0.15,0.571,0.0,0.162,0.52,0.2189,0.2969
hamza_abdelkarim__egy,Hamza Abdelkarim,EGY,FWD,venskabskamp,Venskabskamp,2,0,0,0,0,0,0,0,2.0,2.0,1.04,0.0,0.0,0.0,0.0,0.0,0.0,0.0,0.0,0.0,0.0,0.52,0.0,0.0
han_beom_lee__kor,Han-beom Lee,KOR,DEF,slutrunde,Slutrunde,3,0,0,3,0,0,3,0,3.0,2.04,2.04,0.0,0.0,0.0,2.04,0.0,0.0,1.0,0.0,0.0,1.0,1.0,0.0,0.0
han_beom_lee__kor,Han-beom Lee,KOR,DEF,kvalifikation,Kvalifikation,2,1,0,0,0,0,0,1,2.0,1.1600000000000001,1.044,0.6120000000000001,0.68,0.0,0.0,0.5,0.0,0.0,0.586,0.0,0.0,0.9,0.45,0.5274
han_beom_lee__kor,Han-beom Lee,KOR,DEF,venskabskamp,Venskabskamp,10,6,0,0,0,0,0,3,10.0,7.92,4.1184,2.5792,4.96,0.0,0.0,0.6,0.0,0.0,0.626,0.0,0.0,0.52,0.312,0.3255
hannes_delcroix__hai,Hannes Delcroix,HAI,DEF,kvalifikation,Kvalifikation,4,2,0,0,0,0,0,1,4.0,2.72,2.4480000000000004,1.2240000000000002,1.36,0.0,0.0,0.5,0.0,0.0,0.5,0.0,0.0,0.9,0.45,0.45
hannes_delcroix__hai,Hannes Delcroix,HAI,DEF,venskabskamp,Venskabskamp,4,3,0,0,0,0,0,0,4.0,3.84,1.9968000000000001,1.4768000000000001,2.84,0.0,0.0,0.75,0.0,0.0,0.74,0.0,0.0,0.52,0.39,0.3848
hannibal_mejbri__tun,Hannibal Mejbri,TUN,MID,slutrunde,Slutrunde,24,11,0,6,0,0,6,5,24.0,9.370000000000001,9.370000000000001,4.8,4.8,0.0,3.17,0.458,0.0,0.25,0.512,0.0,0.338,1.0,0.458,0.512
hannibal_mejbri__tun,Hannibal Mejbri,TUN,MID,kvalifikation,Kvalifikation,30,11,0,13,0,0,13,1,30.0,11.2,10.08,4.248,4.72,0.0,4.24,0.367,0.0,0.433,0.421,0.0,0.379,0.9,0.3303,0.3789
hannibal_mejbri__tun,Hannibal Mejbri,TUN,MID,venskabskamp,Venskabskamp,27,9,0,6,2,0,6,3,25.0,12.63,5.6108,2.5636,4.93,0.0,2.64,0.36,0.0,0.222,0.457,0.0,0.209,0.52,0.1872,0.2376
hans_vanaken__bel,Hans Vanaken,BEL,MID,slutrunde,Slutrunde,12,0,0,8,0,0,8,3,12.0,3.52,3.52,0.0,0.0,0.0,2.7199999999999998,0.0,0.0,0.667,0.0,0.0,0.773,1.0,0.0,0.0
hans_vanaken__bel,Hans Vanaken,BEL,MID,nations_league_finals,Nations League-slutrunde,2,1,0,0,0,0,0,0,2.0,0.4,0.38,0.19,0.2,0.0,0.0,0.5,0.0,0.0,0.5,0.0,0.0,0.95,0.475,0.475
hans_vanaken__bel,Hans Vanaken,BEL,MID,kvalifikation,Kvalifikation,34,12,0,7,0,0,7,13,34.0,10.18,9.162,4.050000000000001,4.5,0.0,1.9000000000000001,0.353,0.0,0.206,0.442,0.0,0.187,0.9,0.3177,0.3978
hans_vanaken__bel,Hans Vanaken,BEL,MID,nations_league,Nations League,24,2,0,6,0,0,6,10,24.0,6.04,4.711200000000001,0.5304,0.6799999999999999,0.0,2.88,0.083,0.0,0.25,0.113,0.0,0.477,0.78,0.0647,0.0881
hans_vanaken__bel,Hans Vanaken,BEL,MID,venskabskamp,Venskabskamp,19,5,0,7,1,0,7,2,18.0,7.26,3.2968,0.41600000000000004,0.8,0.0,3.04,0.278,0.0,0.368,0.126,0.0,0.419,0.52,0.1446,0.0655
haris_tabakovic__bih,Haris Tabakovic,BIH,FWD,kvalifikation,Kvalifikation,13,2,0,5,0,0,5,3,13.0,7.840000000000001,7.056000000000001,0.9000000000000001,1.0,0.0,3.0,0.154,0.0,0.385,0.128,0.0,0.383,0.9,0.1386,0.1152
haris_tabakovic__bih,Haris Tabakovic,BIH,FWD,nations_league,Nations League,6,0,0,0,2,0,0,1,4.0,2.88,1.4976,0.0,0.0,0.0,0.0,0.0,0.0,0.0,0.0,0.0,0.0,0.78,0.0,0.0
haris_tabakovic__bih,Haris Tabakovic,BIH,FWD,venskabskamp,Venskabskamp,6,1,0,1,2,0,1,1,4.0,4.16,1.1232,0.3536,0.68,0.0,0.68,0.25,0.0,0.167,0.315,0.0,0.163,0.52,0.13,0.1638
harry_kane__eng,Harry Kane,ENG,FWD,slutrunde,Slutrunde,30,28,0,0,0,0,0,1,30.0,6.86,6.86,6.66,6.66,0.0,0.0,0.933,0.0,0.0,0.971,0.0,0.0,1.0,0.933,0.971
harry_kane__eng,Harry Kane,ENG,FWD,nations_league_finals,Nations League-slutrunde,2,2,0,0,0,0,0,0,2.0,0.2,0.19,0.19,0.2,0.0,0.0,1.0,0.0,0.0,1.0,0.0,0.0,0.95,0.95,0.95
harry_kane__eng,Harry Kane,ENG,FWD,kvalifikation,Kvalifikation,50,38,0,1,3,0,1,3,47.0,11.46,10.044,8.856000000000002,9.84,0.0,0.1,0.809,0.0,0.02,0.882,0.0,0.009,0.9,0.7281,0.7938
harry_kane__eng,Harry Kane,ENG,FWD,nations_league,Nations League,22,18,0,1,0,0,1,0,22.0,5.08,3.9624000000000006,2.9796000000000005,3.82,0.0,0.48,0.818,0.0,0.045,0.752,0.0,0.094,0.78,0.638,0.5866
harry_kane__eng,Harry Kane,ENG,FWD,venskabskamp,Venskabskamp,37,14,0,5,7,0,5,7,30.0,9.18,3.7544000000000004,1.8616000000000001,3.58,0.0,1.32,0.467,0.0,0.135,0.496,0.0,0.144,0.52,0.2428,0.2579
hasan_abdulkareem__irq,Hasan Abdulkareem,IRQ,MID,slutrunde,Slutrunde,19,5,0,7,0,0,7,2,19.0,7.55,7.55,2.13,2.13,0.0,2.7199999999999998,0.263,0.0,0.368,0.282,0.0,0.36,1.0,0.263,0.282
hasan_abdulkareem__irq,Hasan Abdulkareem,IRQ,MID,kvalifikation,Kvalifikation,26,1,0,11,0,0,11,8,26.0,11.88,10.692,0.18000000000000002,0.2,0.0,5.12,0.038,0.0,0.423,0.017,0.0,0.431,0.9,0.0342,0.0153
hasan_abdulkareem__irq,Hasan Abdulkareem,IRQ,MID,venskabskamp,Venskabskamp,15,1,0,9,0,0,9,2,15.0,4.680000000000001,2.4336,0.10400000000000001,0.2,0.0,3.48,0.067,0.0,0.6,0.043,0.0,0.744,0.52,0.0348,0.0224
hazem_mastouri__tun,Hazem Mastouri,TUN,FWD,slutrunde,Slutrunde,7,4,0,3,0,0,3,0,7.0,5.61,5.61,3.4,3.4,0.0,2.21,0.571,0.0,0.429,0.606,0.0,0.394,1.0,0.571,0.606
hazem_mastouri__tun,Hazem Mastouri,TUN,FWD,kvalifikation,Kvalifikation,8,7,0,0,0,0,0,0,8.0,4.640000000000001,4.176,3.564,3.96,0.0,0.0,0.875,0.0,0.0,0.853,0.0,0.0,0.9,0.7875,0.7677
hazem_mastouri__tun,Hazem Mastouri,TUN,FWD,venskabskamp,Venskabskamp,11,4,0,3,0,0,3,1,11.0,8.57,4.4564,1.6692,3.21,0.0,2.3600000000000003,0.364,0.0,0.273,0.375,0.0,0.275,0.52,0.1893,0.195
hwang_hee_chan__kor,Hee-Chan Hwang,KOR,MID,slutrunde,Slutrunde,30,10,0,10,4,0,10,3,26.0,6.760000000000001,5.92,1.76,1.76,0.0,3.04,0.385,0.0,0.333,0.297,0.0,0.45,1.0,0.385,0.297
hwang_hee_chan__kor,Hee-Chan Hwang,KOR,MID,kvalifikation,Kvalifikation,43,21,0,3,7,0,3,1,36.0,11.14,7.7940000000000005,5.058,5.62,0.0,0.30000000000000004,0.583,0.0,0.07,0.649,0.0,0.027,0.9,0.5247,0.5841
hwang_hee_chan__kor,Hee-Chan Hwang,KOR,MID,venskabskamp,Venskabskamp,59,23,0,10,10,0,8,5,49.0,15.46,7.4152000000000005,3.172,6.1000000000000005,0.0,2.56,0.469,0.0,0.169,0.428,0.0,0.166,0.52,0.2439,0.2226
h_lio_varela__cpv,Helio Varela,CPV,FWD,slutrunde,Slutrunde,5,0,0,5,0,0,5,0,5.0,1.6,1.6,0.0,0.0,0.0,1.6,0.0,0.0,1.0,0.0,0.0,1.0,1.0,0.0,0.0
h_lio_varela__cpv,Helio Varela,CPV,FWD,kvalifikation,Kvalifikation,16,3,0,1,0,0,1,1,16.0,8.16,7.344,1.296,1.44,0.0,0.68,0.188,0.0,0.062,0.176,0.0,0.083,0.9,0.1692,0.1584
h_lio_varela__cpv,Helio Varela,CPV,FWD,venskabskamp,Venskabskamp,12,2,0,4,1,0,4,1,11.0,6.96,3.3696,0.52,1.0,0.0,2.8400000000000003,0.182,0.0,0.333,0.154,0.0,0.408,0.52,0.0946,0.0801
henrik_falchener__nor,Henrik Falchener,NOR,DEF,venskabskamp,Venskabskamp,3,0,0,0,0,0,0,2,3.0,2.84,1.4768000000000001,0.0,0.0,0.0,0.0,0.0,0.0,0.0,0.0,0.0,0.0,0.52,0.0,0.0
hern_n_gal_ndez__ecu,Hernan Galindez,ECU,GK,slutrunde,Slutrunde,12,6,0,0,0,0,0,6,12.0,3.52,3.52,1.2000000000000002,1.2000000000000002,0.0,0.0,0.5,0.0,0.0,0.341,0.0,0.0,1.0,0.5,0.341
hern_n_gal_ndez__ecu,Hernan Galindez,ECU,GK,kvalifikation,Kvalifikation,36,18,0,0,4,0,0,14,32.0,11.38,9.522,6.336,7.04,0.0,0.0,0.562,0.0,0.0,0.665,0.0,0.0,0.9,0.5058,0.5985
hern_n_gal_ndez__ecu,Hernan Galindez,ECU,GK,venskabskamp,Venskabskamp,25,10,0,2,0,0,2,13,25.0,10.38,5.397600000000001,2.5584000000000002,4.92,0.0,1.2,0.4,0.0,0.08,0.474,0.0,0.116,0.52,0.208,0.2465
son_heung_min__kor,Heung-Min Son,KOR,FWD,slutrunde,Slutrunde,51,23,0,21,0,0,21,2,51.0,8.860000000000001,8.860000000000001,4.0200000000000005,4.0200000000000005,0.0,4.140000000000001,0.451,0.0,0.412,0.454,0.0,0.467,1.0,0.451,0.454
son_heung_min__kor,Heung-Min Son,KOR,FWD,kvalifikation,Kvalifikation,65,39,0,8,8,0,7,2,57.0,13.34,10.332,7.758000000000001,8.62,0.0,1.18,0.684,0.0,0.123,0.751,0.0,0.088,0.9,0.6156,0.6759
son_heung_min__kor,Heung-Min Son,KOR,FWD,venskabskamp,Venskabskamp,97,59,0,19,5,0,19,3,92.0,19.26,9.599200000000002,6.2296000000000005,11.98,0.0,1.9000000000000001,0.641,0.0,0.196,0.649,0.0,0.099,0.52,0.3333,0.3375
hicham_boudaoui__alg,Hicham Boudaoui,ALG,MID,slutrunde,Slutrunde,39,6,0,24,0,0,24,8,39.0,15.540000000000001,15.540000000000001,3.82,3.82,0.0,9.63,0.154,0.0,0.615,0.246,0.0,0.62,1.0,0.154,0.246
hicham_boudaoui__alg,Hicham Boudaoui,ALG,MID,kvalifikation,Kvalifikation,37,9,0,9,8,0,9,4,29.0,11.9,8.442,4.014,4.46,0.0,2.08,0.31,0.0,0.243,0.475,0.0,0.175,0.9,0.279,0.4275
hicham_boudaoui__alg,Hicham Boudaoui,ALG,MID,venskabskamp,Venskabskamp,36,6,0,16,2,0,16,9,34.0,11.280000000000001,4.992000000000001,1.3416000000000001,2.58,0.0,3.9200000000000004,0.176,0.0,0.444,0.269,0.0,0.348,0.52,0.0915,0.1399
himad_abdelli__alg,Himad Abdelli,ALG,MID,slutrunde,Slutrunde,17,2,0,10,3,0,9,0,14.0,11.84,9.8,1.7,1.7,0.0,6.4,0.143,0.0,0.588,0.173,0.0,0.541,1.0,0.143,0.173
himad_abdelli__alg,Himad Abdelli,ALG,MID,kvalifikation,Kvalifikation,18,2,0,12,2,0,12,1,16.0,8.8,7.056000000000001,0.5760000000000001,0.64,0.0,6.24,0.125,0.0,0.667,0.082,0.0,0.709,0.9,0.1125,0.0738
himad_abdelli__alg,Himad Abdelli,ALG,MID,venskabskamp,Venskabskamp,12,0,0,10,0,0,10,1,12.0,5.44,2.8288,0.0,0.0,0.0,4.8,0.0,0.0,0.833,0.0,0.0,0.882,0.52,0.0,0.0
hiroki_ito__jpn,Hiroki Ito,JPN,DEF,slutrunde,Slutrunde,15,3,0,3,3,0,3,5,12.0,5.04,3.0,0.96,0.96,0.0,0.6000000000000001,0.25,0.0,0.2,0.32,0.0,0.119,1.0,0.25,0.32
hiroki_ito__jpn,Hiroki Ito,JPN,DEF,kvalifikation,Kvalifikation,16,5,0,1,8,0,1,1,8.0,7.24,2.88,1.872,2.08,0.0,0.32,0.625,0.0,0.062,0.65,0.0,0.044,0.9,0.5625,0.585
hiroki_ito__jpn,Hiroki Ito,JPN,DEF,venskabskamp,Venskabskamp,25,13,0,2,5,0,2,4,20.0,10.96,3.9312000000000005,2.704,5.2,0.0,1.0,0.65,0.0,0.08,0.688,0.0,0.091,0.52,0.338,0.3578
hjalmar_ekdal__swe,Hjalmar Ekdal,SWE,DEF,kvalifikation,Kvalifikation,16,4,0,4,4,0,4,4,12.0,8.24,6.264000000000001,1.5840000000000003,1.7600000000000002,0.0,3.2,0.333,0.0,0.25,0.253,0.0,0.388,0.9,0.2997,0.2277
hjalmar_ekdal__swe,Hjalmar Ekdal,SWE,DEF,nations_league,Nations League,12,2,0,2,6,0,2,2,6.0,4.08,0.9360000000000002,0.31200000000000006,0.4,0.0,0.4,0.333,0.0,0.167,0.333,0.0,0.098,0.78,0.2597,0.2597
hjalmar_ekdal__swe,Hjalmar Ekdal,SWE,DEF,venskabskamp,Venskabskamp,17,4,0,3,2,0,3,5,15.0,7.68,3.5776000000000003,0.9776,1.8800000000000001,0.0,0.72,0.267,0.0,0.176,0.273,0.0,0.094,0.52,0.1388,0.142
homam_al_amin__qat,Homam Al-Amin,QAT,DEF,slutrunde,Slutrunde,39,26,0,5,4,0,5,2,35.0,11.17,9.89,7.49,7.49,0.0,0.72,0.743,0.0,0.128,0.757,0.0,0.064,1.0,0.743,0.757
homam_al_amin__qat,Homam Al-Amin,QAT,DEF,kvalifikation,Kvalifikation,22,9,0,2,0,0,2,4,22.0,9.1,8.190000000000001,3.636,4.04,0.0,0.96,0.409,0.0,0.091,0.444,0.0,0.105,0.9,0.3681,0.3996
homam_al_amin__qat,Homam Al-Amin,QAT,DEF,venskabskamp,Venskabskamp,31,21,0,2,0,0,2,4,31.0,9.120000000000001,4.7424,3.9624,7.62,0.0,0.30000000000000004,0.677,0.0,0.065,0.836,0.0,0.033,0.52,0.352,0.4347
hossam_abdelmaguid__egy,Hossam Abdelmaguid,EGY,DEF,slutrunde,Slutrunde,14,4,0,8,0,0,4,2,14.0,9.61,9.61,3.4,3.4,0.0,4.51,0.286,0.0,0.571,0.354,0.0,0.469,1.0,0.286,0.354
hossam_abdelmaguid__egy,Hossam Abdelmaguid,EGY,DEF,kvalifikation,Kvalifikation,17,0,0,8,0,0,8,6,17.0,8.48,7.632000000000001,0.0,0.0,0.0,3.52,0.0,0.0,0.471,0.0,0.0,0.415,0.9,0.0,0.0
hossam_abdelmaguid__egy,Hossam Abdelmaguid,EGY,DEF,venskabskamp,Venskabskamp,13,2,0,5,0,0,5,2,13.0,7.970000000000001,4.1444,0.6084,1.17,0.0,1.6,0.154,0.0,0.385,0.147,0.0,0.201,0.52,0.0801,0.0764
hossein_abarghouei__irn,Hossein Abarghouei,IRN,DEF,venskabskamp,Venskabskamp,1,1,0,0,0,0,0,0,1.0,0.68,0.3536,0.3536,0.68,0.0,0.0,1.0,0.0,0.0,1.0,0.0,0.0,0.52,0.52,0.52
hossein_kanaani__irn,Hossein Kanaani,IRN,DEF,slutrunde,Slutrunde,25,13,0,4,0,0,3,6,25.0,7.1000000000000005,7.1000000000000005,4.0,4.0,0.0,0.62,0.52,0.0,0.16,0.563,0.0,0.087,1.0,0.52,0.563
hossein_kanaani__irn,Hossein Kanaani,IRN,DEF,kvalifikation,Kvalifikation,52,27,0,7,11,0,6,6,41.0,12.14,8.388,6.0120000000000005,6.68,0.0,1.18,0.659,0.0,0.135,0.717,0.0,0.097,0.9,0.5931,0.6453
hossein_kanaani__irn,Hossein Kanaani,IRN,DEF,venskabskamp,Venskabskamp,46,17,0,12,8,0,12,6,38.0,11.940000000000001,5.1896,2.1528,4.140000000000001,0.0,2.56,0.447,0.0,0.261,0.415,0.0,0.214,0.52,0.2324,0.2158
houssem_aouar__alg,Houssem Aouar,ALG,MID,slutrunde,Slutrunde,17,1,0,9,5,0,9,1,12.0,11.84,7.59,0.32,0.32,0.0,6.63,0.083,0.0,0.529,0.042,0.0,0.56,1.0,0.083,0.042
houssem_aouar__alg,Houssem Aouar,ALG,MID,kvalifikation,Kvalifikation,18,6,0,3,5,0,3,2,13.0,8.8,5.904000000000001,2.628,2.92,0.0,1.84,0.462,0.0,0.167,0.445,0.0,0.209,0.9,0.4158,0.4005
houssem_aouar__alg,Houssem Aouar,ALG,MID,venskabskamp,Venskabskamp,15,7,0,3,1,0,3,1,14.0,8.280000000000001,4.139200000000001,2.5168000000000004,4.84,0.0,1.48,0.5,0.0,0.2,0.608,0.0,0.179,0.52,0.26,0.3162
hugo_cuenca__par,Hugo Cuenca,PAR,MID,kvalifikation,Kvalifikation,12,0,0,5,4,0,5,2,8.0,6.36,3.9960000000000004,0.0,0.0,0.0,3.0,0.0,0.0,0.417,0.0,0.0,0.472,0.9,0.0,0.0
hugo_cuenca__par,Hugo Cuenca,PAR,MID,venskabskamp,Venskabskamp,2,1,0,0,0,0,0,0,2.0,1.36,0.7072,0.3536,0.68,0.0,0.0,0.5,0.0,0.0,0.5,0.0,0.0,0.52,0.26,0.26
hugo_ekitike__fra,Hugo Ekitike,FRA,FWD,kvalifikation,Kvalifikation,6,2,0,0,0,0,0,0,6.0,4.08,3.6720000000000006,1.2240000000000002,1.36,0.0,0.0,0.333,0.0,0.0,0.333,0.0,0.0,0.9,0.2997,0.2997
hugo_ekitike__fra,Hugo Ekitike,FRA,FWD,venskabskamp,Venskabskamp,2,1,0,0,0,0,0,0,2.0,1.84,0.9568000000000001,0.47840000000000005,0.92,0.0,0.0,0.5,0.0,0.0,0.5,0.0,0.0,0.52,0.26,0.26
husam_abu_dahab__jor,Husam Abu Dahab,JOR,DEF,slutrunde,Slutrunde,6,4,0,0,0,0,0,0,6.0,4.93,4.93,3.4,3.4,0.0,0.0,0.667,0.0,0.0,0.69,0.0,0.0,1.0,0.667,0.69
husam_abu_dahab__jor,Husam Abu Dahab,JOR,DEF,kvalifikation,Kvalifikation,10,3,0,3,0,0,3,4,10.0,5.0,4.5,1.296,1.44,0.0,1.44,0.3,0.0,0.3,0.288,0.0,0.288,0.9,0.27,0.2592
husam_abu_dahab__jor,Husam Abu Dahab,JOR,DEF,venskabskamp,Venskabskamp,9,1,0,2,0,0,2,4,9.0,6.92,3.5984000000000003,0.47840000000000005,0.92,0.0,1.36,0.111,0.0,0.222,0.133,0.0,0.197,0.52,0.0577,0.0692
hussein_ali__irq,Hussein Ali,IRQ,DEF,slutrunde,Slutrunde,11,3,0,7,0,0,7,1,11.0,5.95,5.95,0.96,0.96,0.0,4.67,0.273,0.0,0.636,0.161,0.0,0.785,1.0,0.273,0.161
hussein_ali__irq,Hussein Ali,IRQ,DEF,kvalifikation,Kvalifikation,21,16,0,1,0,0,1,1,21.0,10.88,9.792,7.452000000000001,8.28,0.0,0.68,0.762,0.0,0.048,0.761,0.0,0.062,0.9,0.6858,0.6849
hussein_ali__irq,Hussein Ali,IRQ,DEF,venskabskamp,Venskabskamp,9,4,0,4,1,0,4,0,8.0,4.96,2.4128000000000003,1.0192,1.96,0.0,2.68,0.5,0.0,0.444,0.422,0.0,0.54,0.52,0.26,0.2194
oh_hyeon_gyu__kor,Hyeon-Gyu Oh,KOR,FWD,slutrunde,Slutrunde,13,0,0,7,0,0,7,3,13.0,4.76,4.76,0.0,0.0,0.0,2.8400000000000003,0.0,0.0,0.538,0.0,0.0,0.597,1.0,0.0,0.0
oh_hyeon_gyu__kor,Hyeon-Gyu Oh,KOR,FWD,kvalifikation,Kvalifikation,16,1,0,6,0,0,6,1,16.0,7.24,6.516,0.6120000000000001,0.68,0.0,2.56,0.062,0.0,0.375,0.094,0.0,0.354,0.9,0.0558,0.0846
oh_hyeon_gyu__kor,Hyeon-Gyu Oh,KOR,FWD,venskabskamp,Venskabskamp,20,5,0,1,0,0,1,4,20.0,10.76,5.5952,1.5184000000000002,2.92,0.0,1.0,0.25,0.0,0.05,0.271,0.0,0.093,0.52,0.13,0.1409
jo_hyeon_woo__kor,Hyeon-Woo Jo,KOR,GK,slutrunde,Slutrunde,30,14,0,0,0,0,0,16,30.0,6.760000000000001,6.760000000000001,3.7600000000000002,3.7600000000000002,0.0,0.0,0.467,0.0,0.0,0.556,0.0,0.0,1.0,0.467,0.556
jo_hyeon_woo__kor,Hyeon-Woo Jo,KOR,GK,kvalifikation,Kvalifikation,37,16,0,3,0,0,3,18,37.0,10.540000000000001,9.486,5.7780000000000005,6.42,0.0,0.30000000000000004,0.432,0.0,0.081,0.609,0.0,0.028,0.9,0.3888,0.5481
jo_hyeon_woo__kor,Hyeon-Woo Jo,KOR,GK,venskabskamp,Venskabskamp,58,18,0,6,4,0,6,30,54.0,15.360000000000001,7.6752,2.704,5.2,0.0,0.6000000000000001,0.333,0.0,0.103,0.352,0.0,0.039,0.52,0.1732,0.183
hyun_jun_yang__kor,Hyun-Jun Yang,KOR,MID,slutrunde,Slutrunde,13,0,0,8,0,0,8,3,13.0,4.76,4.76,0.0,0.0,0.0,3.16,0.0,0.0,0.615,0.0,0.0,0.664,1.0,0.0,0.0
hyun_jun_yang__kor,Hyun-Jun Yang,KOR,MID,kvalifikation,Kvalifikation,16,0,0,12,0,0,12,1,16.0,7.24,6.516,0.0,0.0,0.0,5.12,0.0,0.0,0.75,0.0,0.0,0.707,0.9,0.0,0.0
hyun_jun_yang__kor,Hyun-Jun Yang,KOR,MID,venskabskamp,Venskabskamp,22,0,0,11,1,0,11,6,21.0,11.16,5.6992,0.0,0.0,0.0,5.5600000000000005,0.0,0.0,0.5,0.0,0.0,0.498,0.52,0.0,0.0
ibrahim_adel__egy,Ibrahim Adel,EGY,MID,slutrunde,Slutrunde,27,2,0,17,3,0,17,3,24.0,12.21,11.25,1.7,1.7,0.0,5.3,0.083,0.0,0.63,0.151,0.0,0.434,1.0,0.083,0.151
ibrahim_adel__egy,Ibrahim Adel,EGY,MID,kvalifikation,Kvalifikation,28,3,0,9,2,0,9,3,26.0,10.8,9.144,1.6560000000000001,1.84,0.0,2.48,0.115,0.0,0.321,0.181,0.0,0.23,0.9,0.1035,0.1629
ibrahim_adel__egy,Ibrahim Adel,EGY,MID,venskabskamp,Venskabskamp,19,1,0,9,3,0,8,1,16.0,9.290000000000001,4.3316,0.10400000000000001,0.2,0.0,3.77,0.062,0.0,0.474,0.024,0.0,0.406,0.52,0.0322,0.0125
ibrahim_bayesh__irq,Ibrahim Bayesh,IRQ,MID,slutrunde,Slutrunde,36,19,0,8,3,0,8,4,33.0,9.25,8.65,4.2,4.2,0.0,3.63,0.576,0.0,0.222,0.486,0.0,0.392,1.0,0.576,0.486
ibrahim_bayesh__irq,Ibrahim Bayesh,IRQ,MID,kvalifikation,Kvalifikation,39,25,0,4,2,0,4,2,37.0,13.98,11.358,8.622,9.58,0.0,0.7000000000000001,0.676,0.0,0.103,0.759,0.0,0.05,0.9,0.6084,0.6831
ibrahim_bayesh__irq,Ibrahim Bayesh,IRQ,MID,venskabskamp,Venskabskamp,38,19,0,15,2,0,15,0,36.0,8.780000000000001,4.461600000000001,2.9432,5.66,0.0,2.5,0.528,0.0,0.395,0.66,0.0,0.285,0.52,0.2746,0.3432
ibrahim_maza__alg,Ibrahim Maza,ALG,MID,slutrunde,Slutrunde,14,4,0,9,0,0,9,0,14.0,10.88,10.88,3.4,3.4,0.0,6.63,0.286,0.0,0.643,0.312,0.0,0.609,1.0,0.286,0.312
ibrahim_maza__alg,Ibrahim Maza,ALG,MID,kvalifikation,Kvalifikation,10,1,0,2,2,0,2,2,8.0,5.6,4.176,0.6120000000000001,0.68,0.0,1.1600000000000001,0.125,0.0,0.2,0.147,0.0,0.207,0.9,0.1125,0.1323
ibrahim_maza__alg,Ibrahim Maza,ALG,MID,venskabskamp,Venskabskamp,8,3,0,1,0,0,1,0,8.0,6.04,3.1408,1.0816000000000001,2.08,0.0,0.68,0.375,0.0,0.125,0.344,0.0,0.113,0.52,0.195,0.1789
ibrahim_mbaye__sen,Ibrahim Mbaye,SEN,MID,slutrunde,Slutrunde,7,0,0,0,0,0,0,1,7.0,5.95,5.95,0.0,0.0,0.0,0.0,0.0,0.0,0.0,0.0,0.0,0.0,1.0,0.0,0.0
ibrahim_mbaye__sen,Ibrahim Mbaye,SEN,MID,venskabskamp,Venskabskamp,5,2,0,1,0,0,1,0,5.0,4.2,2.184,0.8320000000000001,1.6,0.0,1.0,0.4,0.0,0.2,0.381,0.0,0.238,0.52,0.208,0.1981
ibrahim_sa_deh__jor,Ibrahim Saadeh,JOR,MID,slutrunde,Slutrunde,17,2,0,1,0,0,1,5,17.0,7.97,7.97,1.53,1.53,0.0,0.32,0.118,0.0,0.059,0.192,0.0,0.04,1.0,0.118,0.192
ibrahim_sa_deh__jor,Ibrahim Saadeh,JOR,MID,kvalifikation,Kvalifikation,23,5,0,3,3,0,3,5,20.0,8.64,7.236000000000001,1.9440000000000002,2.16,0.0,0.8400000000000001,0.25,0.0,0.13,0.269,0.0,0.097,0.9,0.225,0.2421
ibrahim_sa_deh__jor,Ibrahim Saadeh,JOR,MID,venskabskamp,Venskabskamp,35,13,0,10,1,0,10,3,34.0,12.8,6.5520000000000005,2.7560000000000002,5.300000000000001,0.0,3.06,0.382,0.0,0.286,0.421,0.0,0.239,0.52,0.1986,0.2189
ibrahim_sabra__jor,Ibrahim Sabra,JOR,FWD,slutrunde,Slutrunde,6,0,0,3,3,0,3,0,3.0,4.93,2.55,0.0,0.0,0.0,2.55,0.0,0.0,0.5,0.0,0.0,0.517,1.0,0.0,0.0
ibrahim_sabra__jor,Ibrahim Sabra,JOR,FWD,kvalifikation,Kvalifikation,8,0,0,1,0,0,1,5,8.0,4.04,3.636,0.0,0.0,0.0,0.48,0.0,0.0,0.125,0.0,0.0,0.119,0.9,0.0,0.0
ibrahim_sabra__jor,Ibrahim Sabra,JOR,FWD,venskabskamp,Venskabskamp,9,2,0,2,3,0,2,1,6.0,6.92,2.5376000000000003,0.8320000000000001,1.6,0.0,1.36,0.333,0.0,0.222,0.328,0.0,0.197,0.52,0.1732,0.1706
ibrahim_sangare__civ,Ibrahim Sangare,CIV,MID,slutrunde,Slutrunde,43,13,0,23,0,0,23,4,43.0,10.39,10.39,5.58,5.58,0.0,2.7,0.302,0.0,0.535,0.537,0.0,0.26,1.0,0.302,0.537
ibrahim_sangare__civ,Ibrahim Sangare,CIV,MID,kvalifikation,Kvalifikation,52,19,0,23,5,0,23,3,47.0,13.200000000000001,10.062000000000001,5.454000000000001,6.0600000000000005,0.0,3.92,0.404,0.0,0.442,0.542,0.0,0.297,0.9,0.3636,0.4878
ibrahim_sangare__civ,Ibrahim Sangare,CIV,MID,venskabskamp,Venskabskamp,44,11,0,22,0,0,22,5,44.0,10.84,5.636800000000001,1.6640000000000001,3.2,0.0,2.64,0.25,0.0,0.5,0.295,0.0,0.244,0.52,0.13,0.1534
ibrahim_sulemana__gha,Ibrahim Sulemana,GHA,MID,kvalifikation,Kvalifikation,14,4,0,0,7,0,0,2,7.0,7.52,3.204,1.728,1.92,0.0,0.0,0.571,0.0,0.0,0.539,0.0,0.0,0.9,0.5139,0.4851
ibrahim_sulemana__gha,Ibrahim Sulemana,GHA,MID,venskabskamp,Venskabskamp,7,1,0,4,0,0,4,1,7.0,5.16,2.6832000000000003,0.2496,0.48,0.0,2.84,0.143,0.0,0.571,0.093,0.0,0.55,0.52,0.0744,0.0484
ibrahima_konat__fra,Ibrahima Konate,FRA,DEF,slutrunde,Slutrunde,13,3,0,0,0,0,0,8,13.0,4.28,4.28,0.6000000000000001,0.6000000000000001,0.0,0.0,0.231,0.0,0.0,0.14,0.0,0.0,1.0,0.231,0.14
ibrahima_konat__fra,Ibrahima Konate,FRA,DEF,nations_league_finals,Nations League-slutrunde,4,2,0,0,0,0,0,2,4.0,2.12,2.014,0.9119999999999999,0.96,0.0,0.0,0.5,0.0,0.0,0.453,0.0,0.0,0.95,0.475,0.4304
ibrahima_konat__fra,Ibrahima Konate,FRA,DEF,kvalifikation,Kvalifikation,14,8,0,1,3,0,1,2,11.0,6.4,4.896000000000001,3.0600000000000005,3.4000000000000004,0.0,0.68,0.727,0.0,0.071,0.625,0.0,0.106,0.9,0.6543,0.5625
ibrahima_konat__fra,Ibrahima Konate,FRA,DEF,nations_league,Nations League,11,7,0,1,1,0,1,2,10.0,3.88,2.8704,2.184,2.8,0.0,0.2,0.7,0.0,0.091,0.761,0.0,0.052,0.78,0.546,0.5936
ibrahima_konat__fra,Ibrahima Konate,FRA,DEF,venskabskamp,Venskabskamp,9,5,0,0,1,0,0,2,8.0,5.08,2.4752,1.5808,3.04,0.0,0.0,0.625,0.0,0.0,0.639,0.0,0.0,0.52,0.325,0.3323
ibrokhim_ibrokhimov__uzb,Ibrokhim Ibrokhimov,UZB,MID,venskabskamp,Venskabskamp,2,0,0,0,0,0,0,2,2.0,1.84,0.9568000000000001,0.0,0.0,0.0,0.0,0.0,0.0,0.0,0.0,0.0,0.0,0.52,0.0,0.0
idrissa_gana_gueye__sen,Idrissa Gana Gueye,SEN,MID,slutrunde,Slutrunde,54,31,0,15,1,0,14,3,53.0,16.71,16.51,9.25,9.25,0.0,5.58,0.585,0.0,0.278,0.56,0.0,0.334,1.0,0.585,0.56
idrissa_gana_gueye__sen,Idrissa Gana Gueye,SEN,MID,kvalifikation,Kvalifikation,73,61,0,3,2,0,3,2,71.0,15.5,13.770000000000001,11.520000000000001,12.8,0.0,0.52,0.859,0.0,0.041,0.837,0.0,0.034,0.9,0.7731,0.7533
idrissa_gana_gueye__sen,Idrissa Gana Gueye,SEN,MID,venskabskamp,Venskabskamp,43,22,0,9,0,0,9,5,43.0,10.56,5.4912,2.5064,4.82,0.0,1.8,0.512,0.0,0.209,0.456,0.0,0.17,0.52,0.2662,0.2371
igor_matanovic__cro,Igor Matanovic,CRO,FWD,nations_league_finals,Nations League-slutrunde,2,0,0,0,2,0,0,0,0.0,0.96,0.0,0.0,0.0,0.0,0.0,0,0.0,0.0,0,0.0,0.0,0.95,0.0,0.0
igor_matanovic__cro,Igor Matanovic,CRO,FWD,kvalifikation,Kvalifikation,8,1,0,4,2,0,4,0,6.0,5.44,3.6720000000000006,0.6120000000000001,0.68,0.0,2.72,0.167,0.0,0.5,0.167,0.0,0.5,0.9,0.1503,0.1503
igor_matanovic__cro,Igor Matanovic,CRO,FWD,nations_league,Nations League,6,4,0,0,0,0,0,1,6.0,2.88,2.2464,1.4976,1.92,0.0,0.0,0.667,0.0,0.0,0.667,0.0,0.0,0.78,0.5203,0.5203
igor_matanovic__cro,Igor Matanovic,CRO,FWD,venskabskamp,Venskabskamp,3,1,0,0,0,0,0,2,3.0,2.84,1.4768000000000001,0.47840000000000005,0.92,0.0,0.0,0.333,0.0,0.0,0.324,0.0,0.0,0.52,0.1732,0.1685
igor_sergeev__uzb,Igor Sergeev,UZB,FWD,slutrunde,Slutrunde,21,5,0,8,2,0,8,1,19.0,6.4,5.760000000000001,1.8800000000000001,1.8800000000000001,0.0,1.6800000000000002,0.263,0.0,0.381,0.326,0.0,0.262,1.0,0.263,0.326
igor_sergeev__uzb,Igor Sergeev,UZB,FWD,kvalifikation,Kvalifikation,51,22,0,4,9,0,4,6,42.0,11.34,6.606000000000001,2.0700000000000003,2.3000000000000003,0.0,1.64,0.524,0.0,0.078,0.313,0.0,0.145,0.9,0.4716,0.2817
igor_sergeev__uzb,Igor Sergeev,UZB,FWD,venskabskamp,Venskabskamp,74,18,0,27,0,0,27,6,74.0,14.66,7.623200000000001,1.1648,2.24,0.0,3.66,0.243,0.0,0.365,0.153,0.0,0.25,0.52,0.1264,0.0796
igor_thiago__bra,Igor Thiago,BRA,FWD,venskabskamp,Venskabskamp,4,1,0,0,0,0,0,0,4.0,3.84,1.9968000000000001,0.52,1.0,0.0,0.0,0.25,0.0,0.0,0.26,0.0,0.0,0.52,0.13,0.1352
ilay_camara__sen,Ilay Camara,SEN,DEF,slutrunde,Slutrunde,13,0,0,1,12,0,1,0,1.0,10.03,0.68,0.0,0.0,0.0,0.68,0.0,0.0,0.077,0.0,0.0,0.068,1.0,0.0,0.0
ilay_camara__sen,Ilay Camara,SEN,DEF,kvalifikation,Kvalifikation,6,1,0,0,2,0,0,2,4.0,3.68,2.088,0.432,0.48,0.0,0.0,0.25,0.0,0.0,0.207,0.0,0.0,0.9,0.225,0.1863
ilay_camara__sen,Ilay Camara,SEN,DEF,venskabskamp,Venskabskamp,7,1,0,4,0,0,4,2,7.0,5.5600000000000005,2.8912000000000004,0.3536,0.68,0.0,3.2,0.143,0.0,0.571,0.122,0.0,0.576,0.52,0.0744,0.0634
iliman_ndiaye__sen,Iliman Ndiaye,SEN,MID,slutrunde,Slutrunde,27,8,0,12,0,0,12,2,27.0,13.31,13.31,5.5,5.5,0.0,5.28,0.296,0.0,0.444,0.413,0.0,0.397,1.0,0.296,0.413
iliman_ndiaye__sen,Iliman Ndiaye,SEN,MID,kvalifikation,Kvalifikation,22,13,0,2,2,0,2,1,20.0,9.6,7.776000000000001,5.5440000000000005,6.16,0.0,0.64,0.65,0.0,0.091,0.713,0.0,0.067,0.9,0.585,0.6417
iliman_ndiaye__sen,Iliman Ndiaye,SEN,MID,venskabskamp,Venskabskamp,14,6,0,3,0,0,3,2,14.0,7.5600000000000005,3.9312000000000005,1.9136000000000002,3.68,0.0,2.16,0.429,0.0,0.214,0.487,0.0,0.286,0.52,0.2231,0.2532
ime_okon__rsa,Ime Okon,RSA,DEF,venskabskamp,Venskabskamp,3,3,0,0,0,0,0,0,3.0,2.84,1.4768000000000001,1.4768000000000001,2.84,0.0,0.0,1.0,0.0,0.0,1.0,0.0,0.0,0.52,0.52,0.52
in_beom_hwang__kor,In-beom Hwang,KOR,MID,slutrunde,Slutrunde,24,18,0,5,0,0,5,0,24.0,6.16,6.16,3.62,3.62,0.0,2.4400000000000004,0.75,0.0,0.208,0.588,0.0,0.396,1.0,0.75,0.588
in_beom_hwang__kor,In-beom Hwang,KOR,MID,kvalifikation,Kvalifikation,33,26,0,5,2,0,5,0,31.0,10.14,8.766,7.7940000000000005,8.66,0.0,1.08,0.839,0.0,0.152,0.889,0.0,0.107,0.9,0.7551,0.8001
in_beom_hwang__kor,In-beom Hwang,KOR,MID,venskabskamp,Venskabskamp,44,23,0,5,9,0,5,2,35.0,13.96,4.732,3.2032000000000003,6.16,0.0,0.9,0.657,0.0,0.114,0.677,0.0,0.064,0.52,0.3416,0.352
irfan_can_kahveci__tur,Irfan Can Kahveci,TUR,MID,slutrunde,Slutrunde,8,1,0,0,2,0,0,2,6.0,3.0,2.04,0.2,0.2,0.0,0.0,0.167,0.0,0.0,0.098,0.0,0.0,1.0,0.167,0.098
irfan_can_kahveci__tur,Irfan Can Kahveci,TUR,MID,kvalifikation,Kvalifikation,37,7,0,4,13,0,4,6,24.0,11.14,7.884000000000001,1.35,1.5,0.0,1.28,0.292,0.0,0.108,0.171,0.0,0.115,0.9,0.2628,0.1539
irfan_can_kahveci__tur,Irfan Can Kahveci,TUR,MID,nations_league,Nations League,24,4,0,8,3,0,8,1,21.0,6.04,3.8844000000000003,0.9828000000000001,1.26,0.0,1.2000000000000002,0.19,0.0,0.333,0.253,0.0,0.199,0.78,0.1482,0.1973
irfan_can_kahveci__tur,Irfan Can Kahveci,TUR,MID,venskabskamp,Venskabskamp,28,12,0,3,3,0,3,5,25.0,7.54,3.7648,1.9864000000000002,3.8200000000000003,0.0,0.5,0.48,0.0,0.107,0.528,0.0,0.066,0.52,0.2496,0.2746
isak_hien__swe,Isak Hien,SWE,DEF,kvalifikation,Kvalifikation,16,9,0,0,3,0,0,3,13.0,8.24,6.120000000000001,4.752000000000001,5.28,0.0,0.0,0.692,0.0,0.0,0.776,0.0,0.0,0.9,0.6228,0.6984
isak_hien__swe,Isak Hien,SWE,DEF,nations_league,Nations League,8,7,0,1,0,0,0,0,8.0,3.28,2.5584000000000002,2.184,2.8,0.0,0.48,0.875,0.0,0.125,0.854,0.0,0.146,0.78,0.6825,0.6661
isak_hien__swe,Isak Hien,SWE,DEF,venskabskamp,Venskabskamp,17,11,0,4,1,0,4,0,16.0,7.68,3.8272000000000004,3.12,6.0,0.0,1.04,0.688,0.0,0.235,0.815,0.0,0.135,0.52,0.3578,0.4238
isma_l_bennacer__alg,Ismael Bennacer,ALG,MID,slutrunde,Slutrunde,41,13,0,19,5,0,18,4,36.0,14.99,13.75,3.97,3.97,0.0,8.63,0.361,0.0,0.463,0.289,0.0,0.576,1.0,0.361,0.289
isma_l_bennacer__alg,Ismael Bennacer,ALG,MID,kvalifikation,Kvalifikation,49,21,0,10,11,0,10,5,38.0,13.1,7.614000000000001,3.6540000000000004,4.0600000000000005,0.0,3.3200000000000003,0.553,0.0,0.204,0.48,0.0,0.253,0.9,0.4977,0.432
isma_l_bennacer__alg,Ismael Bennacer,ALG,MID,venskabskamp,Venskabskamp,41,14,0,8,9,0,8,4,32.0,9.24,3.5464,1.9552,3.7600000000000002,0.0,1.86,0.438,0.0,0.195,0.551,0.0,0.201,0.52,0.2278,0.2865
ismael_d_az__pan,Ismael Diaz,PAN,FWD,slutrunde,Slutrunde,45,11,0,22,3,0,22,5,42.0,9.96,9.66,4.5200000000000005,4.5200000000000005,0.0,2.5,0.262,0.0,0.489,0.468,0.0,0.251,1.0,0.262,0.468
ismael_d_az__pan,Ismael Diaz,PAN,FWD,nations_league_finals,Nations League-slutrunde,10,5,0,0,2,0,0,0,8.0,3.84,2.7359999999999998,1.52,1.6,0.0,0.0,0.625,0.0,0.0,0.556,0.0,0.0,0.95,0.5938,0.5282
ismael_d_az__pan,Ismael Diaz,PAN,FWD,kvalifikation,Kvalifikation,47,6,0,26,4,0,26,8,43.0,11.9,10.350000000000001,2.97,3.3000000000000003,0.0,4.38,0.14,0.0,0.553,0.287,0.0,0.368,0.9,0.126,0.2583
ismael_d_az__pan,Ismael Diaz,PAN,FWD,nations_league,Nations League,12,5,0,4,0,0,4,0,12.0,2.48,1.9344000000000001,0.9672000000000001,1.24,0.0,0.4,0.417,0.0,0.333,0.5,0.0,0.161,0.78,0.3253,0.39
ismael_d_az__pan,Ismael Diaz,PAN,FWD,venskabskamp,Venskabskamp,67,8,0,46,3,0,46,2,64.0,15.5,7.904000000000001,1.6640000000000001,3.2,0.0,8.28,0.125,0.0,0.687,0.211,0.0,0.534,0.52,0.065,0.1097
isma_l_gharbi__tun,Ismael Gharbi,TUN,MID,slutrunde,Slutrunde,7,4,0,1,0,0,1,0,7.0,5.61,5.61,3.06,3.06,0.0,0.85,0.571,0.0,0.143,0.545,0.0,0.152,1.0,0.571,0.545
isma_l_gharbi__tun,Ismael Gharbi,TUN,MID,kvalifikation,Kvalifikation,4,1,0,0,0,0,0,0,4.0,2.72,2.4480000000000004,0.6120000000000001,0.68,0.0,0.0,0.25,0.0,0.0,0.25,0.0,0.0,0.9,0.225,0.225
isma_l_gharbi__tun,Ismael Gharbi,TUN,MID,venskabskamp,Venskabskamp,8,5,0,1,0,0,1,0,8.0,6.73,3.4996,2.314,4.45,0.0,0.68,0.625,0.0,0.125,0.661,0.0,0.101,0.52,0.325,0.3437
isma_l_kon__can,Ismael Kone,CAN,MID,slutrunde,Slutrunde,17,5,0,4,0,0,4,3,17.0,7.48,7.48,2.6,2.6,0.0,1.28,0.294,0.0,0.235,0.348,0.0,0.171,1.0,0.294,0.348
isma_l_kon__can,Ismael Kone,CAN,MID,nations_league_finals,Nations League-slutrunde,9,8,0,0,0,0,0,0,9.0,3.52,3.344,2.888,3.04,0.0,0.0,0.889,0.0,0.0,0.864,0.0,0.0,0.95,0.8446,0.8208
isma_l_kon__can,Ismael Kone,CAN,MID,kvalifikation,Kvalifikation,3,1,0,0,0,0,0,1,3.0,0.6000000000000001,0.54,0.18000000000000002,0.2,0.0,0.0,0.333,0.0,0.0,0.333,0.0,0.0,0.9,0.2997,0.2997
isma_l_kon__can,Ismael Kone,CAN,MID,nations_league,Nations League,4,2,0,2,0,0,2,0,4.0,0.8,0.6240000000000001,0.31200000000000006,0.4,0.0,0.4,0.5,0.0,0.5,0.5,0.0,0.5,0.78,0.39,0.39
isma_l_kon__can,Ismael Kone,CAN,MID,venskabskamp,Venskabskamp,23,14,0,3,2,0,3,1,21.0,13.65,6.4064000000000005,4.7632,9.16,0.0,1.88,0.667,0.0,0.13,0.744,0.0,0.138,0.52,0.3468,0.3869
ismael_saibari__mar,Ismael Saibari,MAR,MID,slutrunde,Slutrunde,24,8,0,13,0,0,11,2,24.0,16.92,16.92,6.27,6.27,0.0,9.69,0.333,0.0,0.542,0.371,0.0,0.573,1.0,0.333,0.371
ismael_saibari__mar,Ismael Saibari,MAR,MID,kvalifikation,Kvalifikation,16,3,0,1,2,0,1,3,14.0,7.8,6.156000000000001,1.6560000000000001,1.84,0.0,0.32,0.214,0.0,0.062,0.269,0.0,0.041,0.9,0.1926,0.2421
ismael_saibari__mar,Ismael Saibari,MAR,MID,venskabskamp,Venskabskamp,14,7,0,1,2,0,1,1,12.0,8.84,4.264,2.9328000000000003,5.640000000000001,0.0,0.92,0.583,0.0,0.071,0.688,0.0,0.104,0.52,0.3032,0.3578
ismail_jakobs__sen,Ismail Jakobs,SEN,DEF,slutrunde,Slutrunde,27,10,0,12,0,0,12,3,27.0,13.31,13.31,4.43,4.43,0.0,5.28,0.37,0.0,0.444,0.333,0.0,0.397,1.0,0.37,0.333
ismail_jakobs__sen,Ismail Jakobs,SEN,DEF,kvalifikation,Kvalifikation,20,5,0,6,6,0,6,2,14.0,9.2,6.192,1.7280000000000002,1.92,0.0,3.12,0.357,0.0,0.3,0.279,0.0,0.339,0.9,0.3213,0.2511
ismail_jakobs__sen,Ismail Jakobs,SEN,DEF,venskabskamp,Venskabskamp,14,8,0,0,0,0,0,3,14.0,7.5600000000000005,3.9312000000000005,2.3088,4.44,0.0,0.0,0.571,0.0,0.0,0.587,0.0,0.0,0.52,0.2969,0.3052
i_smail_y_ksek__tur,Ismail Yüksek,TUR,MID,slutrunde,Slutrunde,5,2,0,1,0,0,0,1,5.0,2.4,2.4,0.96,0.96,0.0,0.48,0.4,0.0,0.2,0.4,0.0,0.2,1.0,0.4,0.4
i_smail_y_ksek__tur,Ismail Yüksek,TUR,MID,kvalifikation,Kvalifikation,16,10,0,1,0,0,0,3,16.0,8.24,7.416000000000001,5.256,5.84,0.0,0.68,0.625,0.0,0.062,0.709,0.0,0.083,0.9,0.5625,0.6381
i_smail_y_ksek__tur,Ismail Yüksek,TUR,MID,nations_league,Nations League,10,3,0,0,2,0,0,0,8.0,4.24,2.5584000000000002,1.1232,1.44,0.0,0.0,0.375,0.0,0.0,0.439,0.0,0.0,0.78,0.2925,0.3424
i_smail_y_ksek__tur,Ismail Yüksek,TUR,MID,venskabskamp,Venskabskamp,12,5,0,0,0,0,0,3,12.0,5.84,3.0368000000000004,1.56,3.0,0.0,0.0,0.417,0.0,0.0,0.514,0.0,0.0,0.52,0.2168,0.2673
ismaila_sarr__sen,Ismaila Sarr,SEN,MID,slutrunde,Slutrunde,48,20,0,12,4,0,12,5,44.0,16.11,15.31,5.63,5.63,0.0,5.28,0.455,0.0,0.25,0.368,0.0,0.328,1.0,0.455,0.368
ismaila_sarr__sen,Ismaila Sarr,SEN,MID,kvalifikation,Kvalifikation,50,29,0,5,7,0,5,5,43.0,13.200000000000001,10.008000000000001,7.344,8.16,0.0,0.7000000000000001,0.674,0.0,0.1,0.734,0.0,0.053,0.9,0.6066,0.6606
ismaila_sarr__sen,Ismaila Sarr,SEN,MID,venskabskamp,Venskabskamp,29,18,0,3,2,0,3,2,27.0,9.16,4.430400000000001,2.8392000000000004,5.46,0.0,1.2,0.667,0.0,0.103,0.641,0.0,0.131,0.52,0.3468,0.3333
israel_reyes__mex,Israel Reyes,MEX,DEF,slutrunde,Slutrunde,18,3,0,3,0,0,3,6,18.0,8.040000000000001,8.040000000000001,1.6800000000000002,1.6800000000000002,0.0,0.6000000000000001,0.167,0.0,0.167,0.209,0.0,0.075,1.0,0.167,0.209
israel_reyes__mex,Israel Reyes,MEX,DEF,nations_league_finals,Nations League-slutrunde,10,5,0,4,0,0,4,1,10.0,3.84,3.6479999999999997,1.976,2.08,0.0,1.44,0.5,0.0,0.4,0.542,0.0,0.375,0.95,0.475,0.5149
israel_reyes__mex,Israel Reyes,MEX,DEF,kvalifikation,Kvalifikation,6,0,0,5,0,0,5,1,6.0,1.2000000000000002,1.08,0.0,0.0,0.0,1.0,0.0,0.0,0.833,0.0,0.0,0.833,0.9,0.0,0.0
israel_reyes__mex,Israel Reyes,MEX,DEF,nations_league,Nations League,4,2,0,1,0,0,1,1,4.0,0.8,0.6240000000000001,0.31200000000000006,0.4,0.0,0.2,0.5,0.0,0.25,0.5,0.0,0.25,0.78,0.39,0.39
israel_reyes__mex,Israel Reyes,MEX,DEF,venskabskamp,Venskabskamp,40,14,0,15,0,0,15,7,40.0,19.990000000000002,10.3948,4.3368,8.34,0.0,5.44,0.35,0.0,0.375,0.417,0.0,0.272,0.52,0.182,0.2168
issa_diop__mar,Issa Diop,MAR,DEF,venskabskamp,Venskabskamp,4,3,0,1,0,0,1,0,4.0,3.84,1.9968000000000001,1.4768000000000001,2.84,0.0,1.0,0.75,0.0,0.25,0.74,0.0,0.26,0.52,0.39,0.3848
abdul_fatawu_issahaku__gha,Issahaku Abdul Fatawu,GHA,FWD,slutrunde,Slutrunde,12,1,0,6,0,0,6,2,12.0,2.7600000000000002,2.7600000000000002,0.2,0.2,0.0,1.56,0.083,0.0,0.5,0.072,0.0,0.565,1.0,0.083,0.072
abdul_fatawu_issahaku__gha,Issahaku Abdul Fatawu,GHA,FWD,kvalifikation,Kvalifikation,29,9,0,6,3,0,6,5,26.0,11.0,8.604000000000001,3.06,3.4,0.0,2.4000000000000004,0.346,0.0,0.207,0.356,0.0,0.218,0.9,0.3114,0.3204
abdul_fatawu_issahaku__gha,Issahaku Abdul Fatawu,GHA,FWD,venskabskamp,Venskabskamp,22,6,0,6,2,0,6,5,20.0,9.68,4.534400000000001,1.4768000000000001,2.84,0.0,3.3200000000000003,0.3,0.0,0.273,0.326,0.0,0.343,0.52,0.156,0.1695
ivan_ba_i__bih,Ivan Basic,BIH,MID,kvalifikation,Kvalifikation,14,3,0,1,0,0,1,5,14.0,8.16,7.344000000000001,1.7280000000000002,1.9200000000000002,0.0,0.32,0.214,0.0,0.071,0.235,0.0,0.039,0.9,0.1926,0.2115
ivan_ba_i__bih,Ivan Basic,BIH,MID,nations_league,Nations League,6,2,0,0,0,0,0,1,6.0,2.88,2.2464,0.7488,0.96,0.0,0.0,0.333,0.0,0.0,0.333,0.0,0.0,0.78,0.2597,0.2597
ivan_ba_i__bih,Ivan Basic,BIH,MID,venskabskamp,Venskabskamp,6,3,0,2,0,0,2,0,6.0,4.16,2.1632000000000002,1.2272,2.3600000000000003,0.0,0.8,0.5,0.0,0.333,0.567,0.0,0.192,0.52,0.26,0.2948
ivan_peri_i__cro,Ivan Perisic,CRO,FWD,slutrunde,Slutrunde,31,27,0,0,1,0,0,0,30.0,5.34,5.140000000000001,4.08,4.08,0.0,0.0,0.9,0.0,0.0,0.794,0.0,0.0,1.0,0.9,0.794
ivan_peri_i__cro,Ivan Perisic,CRO,FWD,nations_league_finals,Nations League-slutrunde,4,4,0,0,0,0,0,0,4.0,1.6,1.52,1.52,1.6,0.0,0.0,1.0,0.0,0.0,1.0,0.0,0.0,0.95,0.95,0.95
ivan_peri_i__cro,Ivan Perisic,CRO,FWD,kvalifikation,Kvalifikation,76,56,0,2,7,0,1,1,69.0,14.46,11.592000000000002,9.288000000000002,10.32,0.0,0.2,0.812,0.0,0.026,0.801,0.0,0.014,0.9,0.7308,0.7209
ivan_peri_i__cro,Ivan Perisic,CRO,FWD,nations_league,Nations League,22,14,0,0,4,0,0,0,18.0,5.08,3.3384,2.1372,2.74,0.0,0.0,0.778,0.0,0.0,0.64,0.0,0.0,0.78,0.6068,0.4992
ivan_peri_i__cro,Ivan Perisic,CRO,FWD,venskabskamp,Venskabskamp,49,25,0,11,1,0,11,2,48.0,8.88,4.565600000000001,2.8392000000000004,5.46,0.0,1.54,0.521,0.0,0.224,0.622,0.0,0.173,0.52,0.2709,0.3234
ivan_unji__bih,Ivan Sunjic,BIH,MID,kvalifikation,Kvalifikation,10,8,0,1,0,0,1,1,10.0,6.880000000000001,6.192000000000001,4.968000000000001,5.5200000000000005,0.0,0.68,0.8,0.0,0.1,0.802,0.0,0.099,0.9,0.72,0.7218
ivan_unji__bih,Ivan Sunjic,BIH,MID,nations_league,Nations League,2,2,0,0,0,0,0,0,2.0,0.96,0.7488,0.7488,0.96,0.0,0.0,1.0,0.0,0.0,1.0,0.0,0.0,0.78,0.78,0.78
ivan_unji__bih,Ivan Sunjic,BIH,MID,venskabskamp,Venskabskamp,4,1,0,1,1,0,1,1,3.0,3.3600000000000003,1.2272,0.3536,0.68,0.0,0.68,0.333,0.0,0.25,0.288,0.0,0.202,0.52,0.1732,0.1498
ivan_toney__eng,Ivan Toney,ENG,FWD,slutrunde,Slutrunde,12,0,0,5,0,0,5,4,12.0,4.36,4.36,0.0,0.0,0.0,1.0,0.0,0.0,0.417,0.0,0.0,0.229,1.0,0.0,0.0
ivan_toney__eng,Ivan Toney,ENG,FWD,kvalifikation,Kvalifikation,16,0,0,13,0,0,7,2,16.0,7.36,6.6240000000000006,0.0,0.0,0.0,6.28,0.0,0.0,0.812,0.0,0.0,0.853,0.9,0.0,0.0
ivan_toney__eng,Ivan Toney,ENG,FWD,nations_league,Nations League,7,0,0,6,0,0,6,1,7.0,3.08,2.4024,0.0,0.0,0.0,2.88,0.0,0.0,0.857,0.0,0.0,0.935,0.78,0.0,0.0
ivan_toney__eng,Ivan Toney,ENG,FWD,venskabskamp,Venskabskamp,11,1,0,5,0,0,3,2,11.0,6.28,3.2656,0.16640000000000002,0.32,0.0,3.16,0.091,0.0,0.455,0.051,0.0,0.503,0.52,0.0473,0.0265
ivor_pandur__cro,Ivor Pandur,CRO,GK,kvalifikation,Kvalifikation,2,0,0,0,0,0,0,2,2.0,1.36,1.2240000000000002,0.0,0.0,0.0,0.0,0.0,0.0,0.0,0.0,0.0,0.0,0.9,0.0,0.0
ivor_pandur__cro,Ivor Pandur,CRO,GK,venskabskamp,Venskabskamp,3,0,0,0,0,0,0,3,3.0,2.84,1.4768000000000001,0.0,0.0,0.0,0.0,0.0,0.0,0.0,0.0,0.0,0.0,0.52,0.0,0.0
i_aki_williams__gha,Iñaki Williams,GHA,FWD,slutrunde,Slutrunde,9,4,0,2,1,0,2,0,8.0,2.16,1.96,0.92,0.92,0.0,0.4,0.5,0.0,0.222,0.469,0.0,0.185,1.0,0.5,0.469
i_aki_williams__gha,Iñaki Williams,GHA,FWD,kvalifikation,Kvalifikation,20,8,0,4,3,0,4,0,17.0,9.2,6.768000000000001,2.9520000000000004,3.2800000000000002,0.0,1.92,0.471,0.0,0.2,0.436,0.0,0.209,0.9,0.4239,0.3924
i_aki_williams__gha,Iñaki Williams,GHA,FWD,venskabskamp,Venskabskamp,17,4,0,7,2,0,7,1,15.0,8.68,3.8064000000000004,0.5408000000000001,1.04,0.0,4.44,0.267,0.0,0.412,0.142,0.0,0.512,0.52,0.1388,0.0738
jacen_russell_rowe__can,Jacen Russell-Rowe,CAN,FWD,slutrunde,Slutrunde,14,0,0,4,0,0,4,6,14.0,6.88,6.88,0.0,0.0,0.0,2.72,0.0,0.0,0.286,0.0,0.0,0.395,1.0,0.0,0.0
jacen_russell_rowe__can,Jacen Russell-Rowe,CAN,FWD,nations_league_finals,Nations League-slutrunde,7,0,0,4,0,0,4,1,7.0,2.88,2.7359999999999998,0.0,0.0,0.0,1.92,0.0,0.0,0.571,0.0,0.0,0.667,0.95,0.0,0.0
jacen_russell_rowe__can,Jacen Russell-Rowe,CAN,FWD,venskabskamp,Venskabskamp,17,1,0,12,0,0,12,2,17.0,10.85,5.642,0.442,0.85,0.0,7.2,0.059,0.0,0.706,0.078,0.0,0.664,0.52,0.0307,0.0406
jack_hendry__sco,Jack Hendry,SCO,DEF,slutrunde,Slutrunde,6,4,0,1,0,0,1,1,6.0,2.04,2.04,1.64,1.64,0.0,0.2,0.667,0.0,0.167,0.804,0.0,0.098,1.0,0.667,0.804
jack_hendry__sco,Jack Hendry,SCO,DEF,kvalifikation,Kvalifikation,37,13,0,13,2,0,13,8,35.0,9.5,8.190000000000001,3.1320000000000006,3.48,0.0,1.4000000000000001,0.371,0.0,0.351,0.382,0.0,0.147,0.9,0.3339,0.3438
jack_hendry__sco,Jack Hendry,SCO,DEF,nations_league,Nations League,24,6,0,11,1,0,11,6,23.0,6.04,4.6332,0.9360000000000002,1.2000000000000002,0.0,3.0,0.261,0.0,0.458,0.202,0.0,0.497,0.78,0.2036,0.1576
jack_hendry__sco,Jack Hendry,SCO,DEF,venskabskamp,Venskabskamp,23,14,0,0,1,0,0,8,22.0,8.780000000000001,4.5136,2.6832000000000003,5.16,0.0,0.0,0.636,0.0,0.0,0.594,0.0,0.0,0.52,0.3307,0.3089
jackson_porozo__ecu,Jackson Porozo,ECU,DEF,slutrunde,Slutrunde,12,1,0,5,0,0,5,5,12.0,3.52,3.52,0.2,0.2,0.0,1.0,0.083,0.0,0.417,0.057,0.0,0.284,1.0,0.083,0.057
jackson_porozo__ecu,Jackson Porozo,ECU,DEF,kvalifikation,Kvalifikation,36,0,0,31,3,0,31,2,33.0,11.38,9.486,0.0,0.0,0.0,9.86,0.0,0.0,0.861,0.0,0.0,0.866,0.9,0.0,0.0
jackson_porozo__ecu,Jackson Porozo,ECU,DEF,venskabskamp,Venskabskamp,32,5,0,16,1,0,16,8,31.0,11.08,5.6576,1.0816000000000001,2.08,0.0,5.4,0.161,0.0,0.5,0.191,0.0,0.487,0.52,0.0837,0.0993
jacob_italiano__aus,Jacob Italiano,AUS,DEF,venskabskamp,Venskabskamp,8,4,0,0,2,0,0,1,6.0,6.5600000000000005,2.704,1.7056,3.2800000000000002,0.0,0.0,0.667,0.0,0.0,0.631,0.0,0.0,0.52,0.3468,0.3281
jacob_widell_zetterstrom__swe,Jacob Widell Zetterström,SWE,GK,kvalifikation,Kvalifikation,16,1,0,12,2,0,12,1,14.0,8.24,5.760000000000001,0.6120000000000001,0.68,0.0,5.04,0.071,0.0,0.75,0.106,0.0,0.612,0.9,0.0639,0.0954
jacob_widell_zetterstrom__swe,Jacob Widell Zetterström,SWE,GK,nations_league,Nations League,6,0,0,0,0,0,0,6,6.0,2.88,2.2464,0.0,0.0,0.0,0.0,0.0,0.0,0.0,0.0,0.0,0.0,0.78,0.0,0.0
jacob_widell_zetterstrom__swe,Jacob Widell Zetterström,SWE,GK,venskabskamp,Venskabskamp,15,2,0,9,0,0,9,4,15.0,7.28,3.7856,0.624,1.2,0.0,4.24,0.133,0.0,0.6,0.165,0.0,0.582,0.52,0.0692,0.0858
lee_jae_sung__kor,Jae-Sung Lee,KOR,MID,slutrunde,Slutrunde,33,17,0,9,0,0,9,5,33.0,7.0600000000000005,7.0600000000000005,3.1,3.1,0.0,2.9400000000000004,0.515,0.0,0.273,0.439,0.0,0.416,1.0,0.515,0.439
lee_jae_sung__kor,Jae-Sung Lee,KOR,MID,kvalifikation,Kvalifikation,51,34,0,3,0,0,3,5,51.0,11.94,10.746,7.974,8.86,0.0,0.30000000000000004,0.667,0.0,0.059,0.742,0.0,0.025,0.9,0.6003,0.6678
lee_jae_sung__kor,Jae-Sung Lee,KOR,MID,venskabskamp,Venskabskamp,66,34,0,10,7,0,10,6,59.0,16.16,7.5296,4.524,8.700000000000001,0.0,1.3,0.576,0.0,0.152,0.601,0.0,0.08,0.52,0.2995,0.3125
jakhongir_urozov__uzb,Jakhongir Urozov,UZB,DEF,venskabskamp,Venskabskamp,7,2,0,2,0,0,2,2,7.0,5.5600000000000005,2.8912000000000004,0.9568000000000001,1.84,0.0,1.36,0.286,0.0,0.286,0.331,0.0,0.245,0.52,0.1487,0.1721
jamal_musiala__ger,Jamal Musiala,GER,MID,slutrunde,Slutrunde,12,8,0,1,1,0,1,0,11.0,3.8,3.6,3.0,3.0,0.0,0.2,0.727,0.0,0.083,0.833,0.0,0.053,1.0,0.727,0.833
jamal_musiala__ger,Jamal Musiala,GER,MID,nations_league_finals,Nations League-slutrunde,4,2,0,0,2,0,0,0,2.0,2.12,0.9119999999999999,0.9119999999999999,0.96,0.0,0.0,1.0,0.0,0.0,1.0,0.0,0.0,0.95,0.95,0.95
jamal_musiala__ger,Jamal Musiala,GER,MID,kvalifikation,Kvalifikation,16,1,0,0,8,0,0,2,8.0,5.78,1.1700000000000002,0.18000000000000002,0.2,0.0,0.0,0.125,0.0,0.0,0.154,0.0,0.0,0.9,0.1125,0.1386
jamal_musiala__ger,Jamal Musiala,GER,MID,nations_league,Nations League,12,6,0,0,2,0,0,0,10.0,4.08,2.4336,1.5912000000000002,2.04,0.0,0.0,0.6,0.0,0.0,0.654,0.0,0.0,0.78,0.468,0.5101
jamal_musiala__ger,Jamal Musiala,GER,MID,venskabskamp,Venskabskamp,24,12,0,2,6,0,2,2,18.0,9.46,3.4216,2.6624000000000003,5.12,0.0,0.64,0.667,0.0,0.083,0.778,0.0,0.068,0.52,0.3468,0.4046
james_rodr_guez__col,James Rodriguez,COL,MID,slutrunde,Slutrunde,36,24,0,7,1,0,7,0,35.0,6.58,6.48,4.68,4.68,0.0,1.4000000000000001,0.686,0.0,0.194,0.722,0.0,0.213,1.0,0.686,0.722
james_rodr_guez__col,James Rodriguez,COL,MID,kvalifikation,Kvalifikation,70,51,0,6,7,0,6,1,63.0,14.98,12.582,9.972000000000001,11.08,0.0,1.0,0.81,0.0,0.086,0.793,0.0,0.067,0.9,0.729,0.7137
james_rodr_guez__col,James Rodriguez,COL,MID,venskabskamp,Venskabskamp,65,35,0,15,9,0,15,0,56.0,14.24,6.8848,4.2432,8.16,0.0,2.68,0.625,0.0,0.231,0.616,0.0,0.188,0.52,0.325,0.3203
james_trafford__eng,James Trafford,ENG,GK,kvalifikation,Kvalifikation,8,0,0,0,0,0,0,8,8.0,5.04,4.5360000000000005,0.0,0.0,0.0,0.0,0.0,0.0,0.0,0.0,0.0,0.0,0.9,0.0,0.0
james_trafford__eng,James Trafford,ENG,GK,nations_league,Nations League,2,0,0,0,0,0,0,2,2.0,0.96,0.7488,0.0,0.0,0.0,0.0,0.0,0.0,0.0,0.0,0.0,0.0,0.78,0.0,0.0
james_trafford__eng,James Trafford,ENG,GK,venskabskamp,Venskabskamp,8,1,0,0,0,0,0,6,8.0,5.32,2.7664,0.47840000000000005,0.92,0.0,0.0,0.125,0.0,0.0,0.173,0.0,0.0,0.52,0.065,0.09
jamie_leweling__ger,Jamie Leweling,GER,MID,nations_league_finals,Nations League-slutrunde,4,0,0,2,0,0,2,1,4.0,2.12,2.014,0.0,0.0,0.0,1.1600000000000001,0.0,0.0,0.5,0.0,0.0,0.547,0.95,0.0,0.0
jamie_leweling__ger,Jamie Leweling,GER,MID,kvalifikation,Kvalifikation,6,1,0,0,2,0,0,2,4.0,4.08,2.4480000000000004,0.6120000000000001,0.68,0.0,0.0,0.25,0.0,0.0,0.25,0.0,0.0,0.9,0.225,0.225
jamie_leweling__ger,Jamie Leweling,GER,MID,nations_league,Nations League,4,1,0,0,2,0,0,1,2.0,1.92,0.7488,0.3744,0.48,0.0,0.0,0.5,0.0,0.0,0.5,0.0,0.0,0.78,0.39,0.39
jamie_leweling__ger,Jamie Leweling,GER,MID,venskabskamp,Venskabskamp,4,0,0,0,2,0,0,1,2.0,3.84,1.04,0.0,0.0,0.0,0.0,0.0,0.0,0.0,0.0,0.0,0.0,0.52,0.0,0.0
jaminton_campaz__col,Jaminton Campaz,COL,MID,slutrunde,Slutrunde,13,0,0,11,0,0,11,1,13.0,4.28,4.28,0.0,0.0,0.0,3.88,0.0,0.0,0.846,0.0,0.0,0.907,1.0,0.0,0.0
jaminton_campaz__col,Jaminton Campaz,COL,MID,kvalifikation,Kvalifikation,31,1,0,22,1,0,22,3,30.0,11.08,9.540000000000001,0.6120000000000001,0.68,0.0,6.5600000000000005,0.033,0.0,0.71,0.064,0.0,0.592,0.9,0.0297,0.0576
jaminton_campaz__col,Jaminton Campaz,COL,MID,venskabskamp,Venskabskamp,23,1,0,15,2,0,15,3,21.0,10.040000000000001,5.0128,0.3536,0.68,0.0,5.24,0.048,0.0,0.652,0.071,0.0,0.522,0.52,0.025,0.0369
jamiro_monteiro__cpv,Jamiro Monteiro,CPV,MID,slutrunde,Slutrunde,9,8,0,0,0,0,0,0,9.0,2.4,2.4,2.08,2.08,0.0,0.0,0.889,0.0,0.0,0.867,0.0,0.0,1.0,0.889,0.867
jamiro_monteiro__cpv,Jamiro Monteiro,CPV,MID,kvalifikation,Kvalifikation,49,25,0,8,0,0,8,7,49.0,12.9,11.610000000000001,6.894,7.66,0.0,1.78,0.51,0.0,0.163,0.594,0.0,0.138,0.9,0.459,0.5346
jamiro_monteiro__cpv,Jamiro Monteiro,CPV,MID,venskabskamp,Venskabskamp,26,7,0,14,2,0,14,0,24.0,9.280000000000001,3.8688000000000002,1.7680000000000002,3.4000000000000004,0.0,3.06,0.292,0.0,0.538,0.457,0.0,0.33,0.52,0.1518,0.2376
jamshid_iskanderov__uzb,Jamshid Iskanderov,UZB,MID,slutrunde,Slutrunde,21,4,0,5,0,0,5,4,21.0,6.4,6.4,1.4200000000000002,1.4200000000000002,0.0,1.08,0.19,0.0,0.238,0.222,0.0,0.169,1.0,0.19,0.222
jamshid_iskanderov__uzb,Jamshid Iskanderov,UZB,MID,kvalifikation,Kvalifikation,51,2,0,17,0,0,17,23,51.0,11.34,10.206000000000001,0.18000000000000002,0.2,0.0,2.3000000000000003,0.039,0.0,0.333,0.018,0.0,0.203,0.9,0.0351,0.0162
jamshid_iskanderov__uzb,Jamshid Iskanderov,UZB,MID,venskabskamp,Venskabskamp,74,11,0,43,0,0,43,10,74.0,14.66,7.623200000000001,0.6240000000000001,1.2000000000000002,0.0,5.62,0.149,0.0,0.581,0.082,0.0,0.383,0.52,0.0775,0.0426
jan_kliment__cze,Jan Kliment,CZE,FWD,slutrunde,Slutrunde,8,0,0,8,0,0,8,0,8.0,2.44,2.44,0.0,0.0,0.0,2.44,0.0,0.0,1.0,0.0,0.0,1.0,1.0,0.0,0.0
jan_kliment__cze,Jan Kliment,CZE,FWD,kvalifikation,Kvalifikation,39,0,0,22,9,0,22,2,30.0,11.9,6.768000000000001,0.0,0.0,0.0,4.32,0.0,0.0,0.564,0.0,0.0,0.363,0.9,0.0,0.0
jan_kliment__cze,Jan Kliment,CZE,FWD,nations_league,Nations League,22,1,0,12,6,0,12,1,16.0,5.08,3.3384,0.3744,0.48,0.0,2.36,0.062,0.0,0.545,0.112,0.0,0.465,0.78,0.0484,0.0874
jan_kliment__cze,Jan Kliment,CZE,FWD,venskabskamp,Venskabskamp,27,1,0,16,9,0,16,1,18.0,6.1000000000000005,1.9968000000000001,0.052000000000000005,0.1,0.0,3.64,0.056,0.0,0.593,0.026,0.0,0.597,0.52,0.0291,0.0135
jan_paul_van_hecke__ned,Jan Paul van Hecke,NED,DEF,nations_league_finals,Nations League-slutrunde,2,2,0,0,0,0,0,0,2.0,0.96,0.9119999999999999,0.9119999999999999,0.96,0.0,0.0,1.0,0.0,0.0,1.0,0.0,0.0,0.95,0.95,0.95
jan_paul_van_hecke__ned,Jan Paul van Hecke,NED,DEF,kvalifikation,Kvalifikation,8,2,0,1,0,0,0,3,8.0,5.44,4.896000000000001,1.2240000000000002,1.36,0.0,0.68,0.25,0.0,0.125,0.25,0.0,0.125,0.9,0.225,0.225
jan_paul_van_hecke__ned,Jan Paul van Hecke,NED,DEF,nations_league,Nations League,6,1,0,0,2,0,0,2,4.0,2.88,1.4976,0.3744,0.48,0.0,0.0,0.25,0.0,0.0,0.25,0.0,0.0,0.78,0.195,0.195
jan_paul_van_hecke__ned,Jan Paul van Hecke,NED,DEF,venskabskamp,Venskabskamp,3,2,0,0,0,0,0,0,3.0,2.84,1.4768000000000001,0.9984000000000001,1.92,0.0,0.0,0.667,0.0,0.0,0.676,0.0,0.0,0.52,0.3468,0.3515
janner_corozo__ecu,Janner Corozo,ECU,FWD,slutrunde,Slutrunde,7,0,0,3,0,0,3,3,7.0,2.52,2.52,0.0,0.0,0.0,0.6000000000000001,0.0,0.0,0.429,0.0,0.0,0.238,1.0,0.0,0.0
janner_corozo__ecu,Janner Corozo,ECU,FWD,kvalifikation,Kvalifikation,24,1,0,19,0,0,19,2,24.0,9.48,8.532,0.432,0.48,0.0,7.640000000000001,0.042,0.0,0.792,0.051,0.0,0.806,0.9,0.0378,0.0459
janner_corozo__ecu,Janner Corozo,ECU,FWD,venskabskamp,Venskabskamp,23,3,0,17,0,0,17,3,23.0,9.280000000000001,4.8256000000000006,0.4576,0.88,0.0,6.5200000000000005,0.13,0.0,0.739,0.095,0.0,0.703,0.52,0.0676,0.0494
jarell_quansah__eng,Jarell Quansah,ENG,DEF,kvalifikation,Kvalifikation,8,1,0,3,1,0,3,3,7.0,5.04,3.9240000000000004,0.6120000000000001,0.68,0.0,1.84,0.143,0.0,0.375,0.156,0.0,0.365,0.9,0.1287,0.1404
jarell_quansah__eng,Jarell Quansah,ENG,DEF,nations_league,Nations League,2,0,0,0,0,0,0,2,2.0,0.96,0.7488,0.0,0.0,0.0,0.0,0.0,0.0,0.0,0.0,0.0,0.0,0.78,0.0,0.0
jarell_quansah__eng,Jarell Quansah,ENG,DEF,venskabskamp,Venskabskamp,7,1,0,1,2,0,1,3,5.0,5.0,1.6432,0.52,1.0,0.0,0.68,0.2,0.0,0.143,0.316,0.0,0.136,0.52,0.104,0.1643
jaroslav_zeleny__cze,Jaroslav Zeleny,CZE,DEF,slutrunde,Slutrunde,8,0,0,8,0,0,8,0,8.0,2.44,2.44,0.0,0.0,0.0,2.44,0.0,0.0,1.0,0.0,0.0,1.0,1.0,0.0,0.0
jaroslav_zeleny__cze,Jaroslav Zeleny,CZE,DEF,kvalifikation,Kvalifikation,27,8,0,13,0,0,13,5,27.0,10.700000000000001,9.63,4.752000000000001,5.28,0.0,3.2600000000000002,0.296,0.0,0.481,0.493,0.0,0.305,0.9,0.2664,0.4437
jaroslav_zeleny__cze,Jaroslav Zeleny,CZE,DEF,nations_league,Nations League,17,7,0,4,4,0,4,2,13.0,4.58,2.0748,1.4508,1.86,0.0,0.4,0.538,0.0,0.235,0.699,0.0,0.087,0.78,0.4196,0.5452
jaroslav_zeleny__cze,Jaroslav Zeleny,CZE,DEF,venskabskamp,Venskabskamp,19,5,0,10,0,0,10,2,19.0,7.1000000000000005,3.692,0.9568000000000001,1.84,0.0,2.2600000000000002,0.263,0.0,0.526,0.259,0.0,0.318,0.52,0.1368,0.1347
jarrod_bowen__eng,Jarrod Bowen,ENG,FWD,slutrunde,Slutrunde,12,0,0,5,0,0,5,5,12.0,4.36,4.36,0.0,0.0,0.0,1.0,0.0,0.0,0.417,0.0,0.0,0.229,1.0,0.0,0.0
jarrod_bowen__eng,Jarrod Bowen,ENG,FWD,kvalifikation,Kvalifikation,16,2,0,7,0,0,7,4,16.0,7.36,6.6240000000000006,1.044,1.1600000000000001,0.0,2.3600000000000003,0.125,0.0,0.438,0.158,0.0,0.321,0.9,0.1125,0.1422
jarrod_bowen__eng,Jarrod Bowen,ENG,FWD,nations_league,Nations League,12,2,0,3,0,0,3,1,12.0,4.08,3.1824000000000003,0.31200000000000006,0.4,0.0,1.16,0.167,0.0,0.25,0.098,0.0,0.284,0.78,0.1303,0.0764
jarrod_bowen__eng,Jarrod Bowen,ENG,FWD,venskabskamp,Venskabskamp,10,3,0,2,0,0,2,1,10.0,5.28,2.7456,0.4992000000000001,0.96,0.0,1.0,0.3,0.0,0.2,0.182,0.0,0.189,0.52,0.156,0.0946
jason_geria__aus,Jason Geria,AUS,DEF,slutrunde,Slutrunde,20,0,0,20,0,0,20,0,20.0,3.5,3.5,0.0,0.0,0.0,3.5,0.0,0.0,1.0,0.0,0.0,1.0,1.0,0.0,0.0
jason_geria__aus,Jason Geria,AUS,DEF,kvalifikation,Kvalifikation,52,5,0,42,0,0,42,2,52.0,12.34,11.106,2.34,2.6,0.0,8.1,0.096,0.0,0.808,0.211,0.0,0.656,0.9,0.0864,0.1899
jason_geria__aus,Jason Geria,AUS,DEF,venskabskamp,Venskabskamp,32,4,0,19,4,0,19,3,28.0,11.72,5.678400000000001,1.2376,2.3800000000000003,0.0,4.84,0.143,0.0,0.594,0.218,0.0,0.413,0.52,0.0744,0.1134
jassem_gaber__qat,Jassem Gaber,QAT,MID,slutrunde,Slutrunde,30,14,0,6,0,0,6,6,30.0,9.77,9.77,4.84,4.84,0.0,1.2000000000000002,0.467,0.0,0.2,0.495,0.0,0.123,1.0,0.467,0.495
jassem_gaber__qat,Jassem Gaber,QAT,MID,kvalifikation,Kvalifikation,19,6,0,6,1,0,6,2,18.0,8.7,7.398000000000001,2.3040000000000003,2.56,0.0,3.48,0.333,0.0,0.316,0.311,0.0,0.4,0.9,0.2997,0.2799
jassem_gaber__qat,Jassem Gaber,QAT,MID,venskabskamp,Venskabskamp,24,4,0,11,0,0,11,7,24.0,8.32,4.3264000000000005,1.56,3.0,0.0,3.16,0.167,0.0,0.458,0.361,0.0,0.38,0.52,0.0868,0.1877
jawad_el_yamiq__mar,Jawad El Yamiq,MAR,DEF,slutrunde,Slutrunde,66,12,0,38,7,0,36,5,59.0,22.72,21.72,3.0,3.0,0.0,13.67,0.203,0.0,0.576,0.138,0.0,0.602,1.0,0.203,0.138
jawad_el_yamiq__mar,Jawad El Yamiq,MAR,DEF,kvalifikation,Kvalifikation,49,7,0,33,0,0,33,7,49.0,12.32,11.088000000000001,2.5380000000000003,2.8200000000000003,0.0,7.28,0.143,0.0,0.673,0.229,0.0,0.591,0.9,0.1287,0.2061
jawad_el_yamiq__mar,Jawad El Yamiq,MAR,DEF,venskabskamp,Venskabskamp,47,14,0,23,0,0,23,8,47.0,9.72,5.0544,2.2880000000000003,4.4,0.0,3.2800000000000002,0.298,0.0,0.489,0.453,0.0,0.337,0.52,0.155,0.2356
jayden_adams__rsa,Jayden Adams,RSA,MID,slutrunde,Slutrunde,15,0,0,8,0,0,8,5,15.0,8.36,8.36,0.0,0.0,0.0,6.12,0.0,0.0,0.533,0.0,0.0,0.732,1.0,0.0,0.0
jayden_adams__rsa,Jayden Adams,RSA,MID,kvalifikation,Kvalifikation,16,0,0,9,0,0,9,6,16.0,8.16,7.344,0.0,0.0,0.0,5.12,0.0,0.0,0.562,0.0,0.0,0.627,0.9,0.0,0.0
jayden_adams__rsa,Jayden Adams,RSA,MID,venskabskamp,Venskabskamp,8,1,0,5,0,0,5,0,8.0,5.5200000000000005,2.8704,0.47840000000000005,0.92,0.0,2.68,0.125,0.0,0.625,0.167,0.0,0.486,0.52,0.065,0.0868
jean_michael_seri__civ,Jean Michael Seri,CIV,MID,slutrunde,Slutrunde,37,13,0,13,0,0,13,10,37.0,9.790000000000001,9.790000000000001,4.08,4.08,0.0,1.7000000000000002,0.351,0.0,0.351,0.417,0.0,0.174,1.0,0.351,0.417
jean_michael_seri__civ,Jean Michael Seri,CIV,MID,kvalifikation,Kvalifikation,52,27,0,11,8,0,11,3,44.0,13.200000000000001,7.704000000000001,4.878,5.42,0.0,1.3,0.614,0.0,0.212,0.633,0.0,0.098,0.9,0.5526,0.5697
jean_michael_seri__civ,Jean Michael Seri,CIV,MID,venskabskamp,Venskabskamp,39,14,0,12,2,0,12,6,37.0,10.34,4.6696,1.5912000000000002,3.06,0.0,2.46,0.378,0.0,0.308,0.341,0.0,0.238,0.52,0.1966,0.1773
jean_kevin_duverne__hai,Jean-Kevin Duverne,HAI,DEF,slutrunde,Slutrunde,3,2,0,1,0,0,1,0,3.0,2.04,2.04,1.36,1.36,0.0,0.68,0.667,0.0,0.333,0.667,0.0,0.333,1.0,0.667,0.667
jean_kevin_duverne__hai,Jean-Kevin Duverne,HAI,DEF,kvalifikation,Kvalifikation,10,7,0,1,2,0,1,0,8.0,6.4,4.5360000000000005,3.9240000000000004,4.36,0.0,0.68,0.875,0.0,0.1,0.865,0.0,0.106,0.9,0.7875,0.7785
jean_kevin_duverne__hai,Jean-Kevin Duverne,HAI,DEF,nations_league,Nations League,6,2,0,2,2,0,2,0,4.0,2.88,1.4976,0.7488,0.96,0.0,0.96,0.5,0.0,0.333,0.5,0.0,0.333,0.78,0.39,0.39
jean_kevin_duverne__hai,Jean-Kevin Duverne,HAI,DEF,venskabskamp,Venskabskamp,6,5,0,0,0,0,0,0,6.0,4.64,2.4128000000000003,1.8928,3.64,0.0,0.0,0.833,0.0,0.0,0.784,0.0,0.0,0.52,0.4332,0.4077
jean_philippe_mateta__fra,Jean-Philippe Mateta,FRA,FWD,kvalifikation,Kvalifikation,4,2,0,0,0,0,0,1,4.0,2.72,2.4480000000000004,1.2240000000000002,1.36,0.0,0.0,0.5,0.0,0.0,0.5,0.0,0.0,0.9,0.45,0.45
jean_philippe_mateta__fra,Jean-Philippe Mateta,FRA,FWD,venskabskamp,Venskabskamp,3,0,0,2,0,0,2,0,3.0,2.84,1.4768000000000001,0.0,0.0,0.0,1.84,0.0,0.0,0.667,0.0,0.0,0.648,0.52,0.0,0.0
jean_ricner_bellegarde__hai,Jean-Ricner Bellegarde,HAI,MID,kvalifikation,Kvalifikation,6,6,0,0,0,0,0,0,6.0,4.08,3.6720000000000006,3.6720000000000006,4.08,0.0,0.0,1.0,0.0,0.0,1.0,0.0,0.0,0.9,0.9,0.9
jean_ricner_bellegarde__hai,Jean-Ricner Bellegarde,HAI,MID,venskabskamp,Venskabskamp,4,3,0,0,0,0,0,0,4.0,3.84,1.9968000000000001,1.4768000000000001,2.84,0.0,0.0,0.75,0.0,0.0,0.74,0.0,0.0,0.52,0.39,0.3848
jearl_margaritha__cuw,Jearl Margaritha,CUW,FWD,slutrunde,Slutrunde,3,3,0,0,0,0,0,0,3.0,2.04,2.04,2.04,2.04,0.0,0.0,1.0,0.0,0.0,1.0,0.0,0.0,1.0,1.0,1.0
jearl_margaritha__cuw,Jearl Margaritha,CUW,FWD,kvalifikation,Kvalifikation,10,6,0,0,0,0,0,2,10.0,6.4,5.760000000000001,3.4920000000000004,3.8800000000000003,0.0,0.0,0.6,0.0,0.0,0.606,0.0,0.0,0.9,0.54,0.5454
jearl_margaritha__cuw,Jearl Margaritha,CUW,FWD,nations_league,Nations League,12,8,0,0,0,0,0,4,12.0,4.56,3.5568,2.7456,3.52,0.0,0.0,0.667,0.0,0.0,0.772,0.0,0.0,0.78,0.5203,0.6022
jearl_margaritha__cuw,Jearl Margaritha,CUW,FWD,venskabskamp,Venskabskamp,5,0,0,0,2,0,0,1,3.0,3.48,1.4768000000000001,0.0,0.0,0.0,0.0,0.0,0.0,0.0,0.0,0.0,0.0,0.52,0.0,0.0
jefferson_lerma__col,Jefferson Lerma,COL,MID,slutrunde,Slutrunde,21,8,0,8,0,0,8,2,21.0,5.08,5.08,2.6999999999999997,2.6999999999999997,0.0,1.8800000000000001,0.381,0.0,0.381,0.531,0.0,0.37,1.0,0.381,0.531
jefferson_lerma__col,Jefferson Lerma,COL,MID,kvalifikation,Kvalifikation,36,21,0,8,2,0,8,1,34.0,11.58,9.846,6.732,7.48,0.0,2.06,0.618,0.0,0.222,0.684,0.0,0.178,0.9,0.5562,0.6156
jefferson_lerma__col,Jefferson Lerma,COL,MID,venskabskamp,Venskabskamp,42,18,0,11,0,0,11,3,42.0,11.940000000000001,6.2088,3.3488,6.44,0.0,2.04,0.429,0.0,0.262,0.539,0.0,0.171,0.52,0.2231,0.2803
jens_castrop__kor,Jens Castrop,KOR,MID,venskabskamp,Venskabskamp,10,3,0,0,1,0,0,2,9.0,7.92,3.64,1.2272,2.3600000000000003,0.0,0.0,0.333,0.0,0.0,0.337,0.0,0.0,0.52,0.1732,0.1752
jens_petter_hauge__nor,Jens Petter Hauge,NOR,MID,kvalifikation,Kvalifikation,27,3,0,14,0,0,14,5,27.0,9.16,8.244000000000002,0.54,0.6000000000000001,0.0,6.4,0.111,0.0,0.519,0.066,0.0,0.699,0.9,0.0999,0.0594
jens_petter_hauge__nor,Jens Petter Hauge,NOR,MID,nations_league,Nations League,16,0,0,6,0,0,6,6,16.0,4.48,3.4944,0.0,0.0,0.0,1.56,0.0,0.0,0.375,0.0,0.0,0.348,0.78,0.0,0.0
jens_petter_hauge__nor,Jens Petter Hauge,NOR,MID,venskabskamp,Venskabskamp,17,1,0,10,0,0,10,4,17.0,7.54,3.9208000000000003,0.052000000000000005,0.1,0.0,4.0,0.059,0.0,0.588,0.013,0.0,0.531,0.52,0.0307,0.0068
jeremie_frimpong__ned,Jeremie Frimpong,NED,DEF,slutrunde,Slutrunde,11,1,0,0,0,0,0,8,11.0,3.88,3.88,0.48,0.48,0.0,0.0,0.091,0.0,0.0,0.124,0.0,0.0,1.0,0.091,0.124
jeremie_frimpong__ned,Jeremie Frimpong,NED,DEF,nations_league_finals,Nations League-slutrunde,2,2,0,0,0,0,0,0,2.0,0.96,0.9119999999999999,0.9119999999999999,0.96,0.0,0.0,1.0,0.0,0.0,1.0,0.0,0.0,0.95,0.95,0.95
jeremie_frimpong__ned,Jeremie Frimpong,NED,DEF,kvalifikation,Kvalifikation,12,2,0,0,6,0,0,3,6.0,6.720000000000001,3.0240000000000005,1.2240000000000002,1.36,0.0,0.0,0.333,0.0,0.0,0.405,0.0,0.0,0.9,0.2997,0.3645
jeremie_frimpong__ned,Jeremie Frimpong,NED,DEF,nations_league,Nations League,6,1,0,1,0,0,1,2,6.0,2.88,2.2464,0.3744,0.48,0.0,0.48,0.167,0.0,0.167,0.167,0.0,0.167,0.78,0.1303,0.1303
jeremie_frimpong__ned,Jeremie Frimpong,NED,DEF,venskabskamp,Venskabskamp,6,2,0,0,0,0,0,2,6.0,3.44,1.7888000000000002,0.41600000000000004,0.8,0.0,0.0,0.333,0.0,0.0,0.233,0.0,0.0,0.52,0.1732,0.1212
jeremy_antonisse__cuw,Jeremy Antonisse,CUW,FWD,slutrunde,Slutrunde,3,1,0,0,0,0,0,0,3.0,2.04,2.04,0.68,0.68,0.0,0.0,0.333,0.0,0.0,0.333,0.0,0.0,1.0,0.333,0.333
jeremy_antonisse__cuw,Jeremy Antonisse,CUW,FWD,kvalifikation,Kvalifikation,17,3,0,7,0,0,7,1,17.0,7.62,6.8580000000000005,1.8360000000000003,2.04,0.0,1.98,0.176,0.0,0.412,0.268,0.0,0.26,0.9,0.1584,0.2412
jeremy_antonisse__cuw,Jeremy Antonisse,CUW,FWD,nations_league,Nations League,14,2,0,9,0,0,9,0,14.0,4.96,3.8688000000000002,0.7488,0.96,0.0,2.84,0.143,0.0,0.643,0.194,0.0,0.573,0.78,0.1115,0.1513
jeremy_antonisse__cuw,Jeremy Antonisse,CUW,FWD,venskabskamp,Venskabskamp,15,4,0,3,4,0,3,0,11.0,5.6000000000000005,2.4960000000000004,0.9152000000000001,1.76,0.0,0.72,0.364,0.0,0.2,0.367,0.0,0.129,0.52,0.1893,0.1908
jeremy_ar_valo__ecu,Jeremy Arevalo,ECU,FWD,venskabskamp,Venskabskamp,5,0,0,0,0,0,0,2,5.0,4.2,2.184,0.0,0.0,0.0,0.0,0.0,0.0,0.0,0.0,0.0,0.0,0.52,0.0,0.0
jeremy_doku__bel,Jeremy Doku,BEL,FWD,slutrunde,Slutrunde,12,6,0,0,0,0,0,5,12.0,3.52,3.52,2.32,2.32,0.0,0.0,0.5,0.0,0.0,0.659,0.0,0.0,1.0,0.5,0.659
jeremy_doku__bel,Jeremy Doku,BEL,FWD,nations_league_finals,Nations League-slutrunde,2,0,0,2,0,0,2,0,2.0,0.4,0.38,0.0,0.0,0.0,0.4,0.0,0.0,1.0,0.0,0.0,1.0,0.95,0.0,0.0
jeremy_doku__bel,Jeremy Doku,BEL,FWD,kvalifikation,Kvalifikation,24,13,0,3,3,0,3,3,21.0,9.18,7.722000000000001,6.138000000000001,6.82,0.0,0.6000000000000001,0.619,0.0,0.125,0.795,0.0,0.065,0.9,0.5571,0.7155
jeremy_doku__bel,Jeremy Doku,BEL,FWD,nations_league,Nations League,20,7,0,8,2,0,8,1,18.0,5.64,3.6504000000000003,2.028,2.6,0.0,1.4000000000000001,0.389,0.0,0.4,0.556,0.0,0.248,0.78,0.3034,0.4337
jeremy_doku__bel,Jeremy Doku,BEL,FWD,venskabskamp,Venskabskamp,17,7,0,2,2,0,2,1,15.0,7.0600000000000005,3.4632,2.0384,3.92,0.0,0.30000000000000004,0.467,0.0,0.118,0.589,0.0,0.042,0.52,0.2428,0.3063
jeremy_ngakia__cod,Jeremy Ngakia,COD,DEF,kvalifikation,Kvalifikation,1,0,0,0,0,0,0,1,1.0,0.48,0.432,0.0,0.0,0.0,0.0,0.0,0.0,0.0,0.0,0.0,0.0,0.9,0.0,0.0
jerome_opoku__gha,Jerome Opoku,GHA,DEF,slutrunde,Slutrunde,3,0,0,3,0,0,3,0,3.0,0.96,0.96,0.0,0.0,0.0,0.96,0.0,0.0,1.0,0.0,0.0,1.0,1.0,0.0,0.0
jerome_opoku__gha,Jerome Opoku,GHA,DEF,kvalifikation,Kvalifikation,16,2,0,7,0,0,7,4,16.0,8.16,7.344,1.044,1.1600000000000001,0.0,3.04,0.125,0.0,0.438,0.142,0.0,0.373,0.9,0.1125,0.1278
jerome_opoku__gha,Jerome Opoku,GHA,DEF,venskabskamp,Venskabskamp,13,5,0,4,0,0,4,3,13.0,7.76,4.035200000000001,1.3728,2.64,0.0,2.28,0.385,0.0,0.308,0.34,0.0,0.294,0.52,0.2002,0.1768
jesper_karlstr_m__swe,Jesper Karlström,SWE,MID,slutrunde,Slutrunde,9,0,0,9,0,0,9,0,9.0,1.3,1.3,0.0,0.0,0.0,1.3,0.0,0.0,1.0,0.0,0.0,1.0,1.0,0.0,0.0
jesper_karlstr_m__swe,Jesper Karlström,SWE,MID,kvalifikation,Kvalifikation,36,5,0,21,0,0,21,7,36.0,11.040000000000001,9.936000000000002,3.0600000000000005,3.4000000000000004,0.0,3.3600000000000003,0.139,0.0,0.583,0.308,0.0,0.304,0.9,0.1251,0.2772
jesper_karlstr_m__swe,Jesper Karlström,SWE,MID,nations_league,Nations League,22,5,0,12,0,0,12,2,22.0,5.08,3.9624000000000006,1.2168,1.56,0.0,1.96,0.227,0.0,0.545,0.307,0.0,0.386,0.78,0.1771,0.2395
jesper_karlstr_m__swe,Jesper Karlström,SWE,MID,venskabskamp,Venskabskamp,35,4,0,24,0,0,24,2,35.0,9.58,4.9816,0.9256,1.78,0.0,4.34,0.114,0.0,0.686,0.186,0.0,0.453,0.52,0.0593,0.0967
jesse_randall__nzl,Jesse Randall,NZL,FWD,slutrunde,Slutrunde,4,0,0,0,0,0,0,0,4.0,1.92,1.92,0.0,0.0,0.0,0.0,0.0,0.0,0.0,0.0,0.0,0.0,1.0,0.0,0.0
jesse_randall__nzl,Jesse Randall,NZL,FWD,kvalifikation,Kvalifikation,5,0,0,3,0,0,3,2,5.0,2.4,2.16,0.0,0.0,0.0,1.44,0.0,0.0,0.6,0.0,0.0,0.6,0.9,0.0,0.0
jesse_randall__nzl,Jesse Randall,NZL,FWD,venskabskamp,Venskabskamp,15,2,0,7,0,0,7,1,15.0,10.72,5.574400000000001,0.9984000000000001,1.92,0.0,4.16,0.133,0.0,0.467,0.179,0.0,0.388,0.52,0.0692,0.0931
jesus_angulo__mex,Jesus Angulo,MEX,DEF,slutrunde,Slutrunde,30,0,0,30,0,0,30,0,30.0,9.84,9.84,0.0,0.0,0.0,9.84,0.0,0.0,1.0,0.0,0.0,1.0,1.0,0.0,0.0
jesus_angulo__mex,Jesus Angulo,MEX,DEF,nations_league_finals,Nations League-slutrunde,12,1,0,7,0,0,7,3,12.0,4.14,3.933,0.45599999999999996,0.48,0.0,1.9000000000000001,0.083,0.0,0.583,0.116,0.0,0.459,0.95,0.0789,0.1102
jesus_angulo__mex,Jesus Angulo,MEX,DEF,kvalifikation,Kvalifikation,14,0,0,14,0,0,14,0,14.0,2.8000000000000003,2.5200000000000005,0.0,0.0,0.0,2.8000000000000003,0.0,0.0,1.0,0.0,0.0,1.0,0.9,0.0,0.0
jesus_angulo__mex,Jesus Angulo,MEX,DEF,nations_league,Nations League,8,2,0,4,0,0,4,1,8.0,1.2000000000000002,0.9360000000000002,0.31200000000000006,0.4,0.0,0.5,0.25,0.0,0.5,0.333,0.0,0.417,0.78,0.195,0.2597
jesus_angulo__mex,Jesus Angulo,MEX,DEF,venskabskamp,Venskabskamp,62,10,0,42,0,0,42,6,62.0,19.89,10.3428,1.2376,2.38,0.0,13.870000000000001,0.161,0.0,0.677,0.12,0.0,0.697,0.52,0.0837,0.0624
jes_s_gallardo__mex,Jesus Gallardo,MEX,DEF,slutrunde,Slutrunde,44,30,0,9,0,0,9,1,44.0,11.24,11.24,7.220000000000001,7.220000000000001,0.0,2.62,0.682,0.0,0.205,0.642,0.0,0.233,1.0,0.682,0.642
jes_s_gallardo__mex,Jesus Gallardo,MEX,DEF,nations_league_finals,Nations League-slutrunde,12,10,0,0,0,0,0,1,12.0,4.14,3.933,3.3819999999999997,3.56,0.0,0.0,0.833,0.0,0.0,0.86,0.0,0.0,0.95,0.7913,0.817
jes_s_gallardo__mex,Jesus Gallardo,MEX,DEF,kvalifikation,Kvalifikation,24,13,0,3,0,0,3,5,24.0,3.8000000000000003,3.4200000000000004,2.0700000000000003,2.3000000000000003,0.0,0.30000000000000004,0.542,0.0,0.125,0.605,0.0,0.079,0.9,0.4878,0.5445
jes_s_gallardo__mex,Jesus Gallardo,MEX,DEF,nations_league,Nations League,8,3,0,3,0,0,3,2,8.0,1.2000000000000002,0.9360000000000002,0.39000000000000007,0.5,0.0,0.4,0.375,0.0,0.375,0.417,0.0,0.333,0.78,0.2925,0.3253
jes_s_gallardo__mex,Jesus Gallardo,MEX,DEF,venskabskamp,Venskabskamp,80,46,0,11,0,0,11,11,80.0,24.39,12.6828,7.072,13.6,0.0,3.08,0.575,0.0,0.138,0.558,0.0,0.126,0.52,0.299,0.2902
jhon_arias__col,Jhon Arias,COL,MID,slutrunde,Slutrunde,6,6,0,0,0,0,0,0,6.0,2.88,2.88,2.88,2.88,0.0,0.0,1.0,0.0,0.0,1.0,0.0,0.0,1.0,1.0,1.0
jhon_arias__col,Jhon Arias,COL,MID,kvalifikation,Kvalifikation,18,15,0,1,0,0,1,0,18.0,8.48,7.632000000000001,6.12,6.8,0.0,0.32,0.833,0.0,0.056,0.802,0.0,0.038,0.9,0.7497,0.7218
jhon_arias__col,Jhon Arias,COL,MID,venskabskamp,Venskabskamp,22,11,0,7,0,0,7,1,22.0,9.84,5.1168000000000005,2.6208,5.04,0.0,2.6,0.5,0.0,0.318,0.512,0.0,0.264,0.52,0.26,0.2662
jhon_c_rdoba__col,Jhon Cordoba,COL,FWD,slutrunde,Slutrunde,6,5,0,0,0,0,0,0,6.0,2.88,2.88,2.4,2.4,0.0,0.0,0.833,0.0,0.0,0.833,0.0,0.0,1.0,0.833,0.833
jhon_c_rdoba__col,Jhon Cordoba,COL,FWD,kvalifikation,Kvalifikation,19,6,0,5,0,0,5,4,19.0,8.36,7.524000000000001,2.7720000000000002,3.08,0.0,2.48,0.316,0.0,0.263,0.368,0.0,0.297,0.9,0.2844,0.3312
jhon_c_rdoba__col,Jhon Cordoba,COL,FWD,venskabskamp,Venskabskamp,13,3,0,4,0,0,4,4,13.0,7.800000000000001,4.056,0.7696000000000001,1.48,0.0,2.0,0.231,0.0,0.308,0.19,0.0,0.256,0.52,0.1201,0.0988
jhon_lucum__col,Jhon Lucumi,COL,DEF,slutrunde,Slutrunde,17,2,0,6,3,0,6,6,14.0,4.68,3.24,0.58,0.58,0.0,1.2000000000000002,0.143,0.0,0.353,0.179,0.0,0.256,1.0,0.143,0.179
jhon_lucum__col,Jhon Lucumi,COL,DEF,kvalifikation,Kvalifikation,36,14,0,11,2,0,11,9,34.0,11.58,9.846,5.832000000000001,6.48,0.0,2.1,0.412,0.0,0.306,0.592,0.0,0.181,0.9,0.3708,0.5328
jhon_lucum__col,Jhon Lucumi,COL,DEF,venskabskamp,Venskabskamp,37,15,0,8,0,0,8,9,37.0,11.440000000000001,5.9488,2.9744,5.720000000000001,0.0,1.44,0.405,0.0,0.216,0.5,0.0,0.126,0.52,0.2106,0.26
ji_sung_eom__kor,Ji-sung Eom,KOR,MID,slutrunde,Slutrunde,16,0,0,16,0,0,16,0,16.0,5.36,5.36,0.0,0.0,0.0,5.36,0.0,0.0,1.0,0.0,0.0,1.0,1.0,0.0,0.0
ji_sung_eom__kor,Ji-sung Eom,KOR,MID,kvalifikation,Kvalifikation,20,0,0,11,5,0,11,2,15.0,8.04,5.58,0.0,0.0,0.0,4.28,0.0,0.0,0.55,0.0,0.0,0.532,0.9,0.0,0.0
ji_sung_eom__kor,Ji-sung Eom,KOR,MID,venskabskamp,Venskabskamp,28,1,0,16,2,0,10,3,26.0,12.360000000000001,6.1568000000000005,0.3536,0.68,0.0,4.88,0.038,0.0,0.571,0.057,0.0,0.395,0.52,0.0198,0.0296
jin_gyu_kim__kor,Jin-gyu Kim,KOR,MID,slutrunde,Slutrunde,16,4,0,10,0,0,10,0,16.0,5.36,5.36,1.7600000000000002,1.7600000000000002,0.0,2.72,0.25,0.0,0.625,0.328,0.0,0.507,1.0,0.25,0.328
jin_gyu_kim__kor,Jin-gyu Kim,KOR,MID,kvalifikation,Kvalifikation,20,0,0,14,2,0,14,2,18.0,8.04,6.876,0.0,0.0,0.0,6.08,0.0,0.0,0.7,0.0,0.0,0.756,0.9,0.0,0.0
jin_gyu_kim__kor,Jin-gyu Kim,KOR,MID,venskabskamp,Venskabskamp,28,8,0,12,0,0,12,2,28.0,12.360000000000001,6.427200000000001,2.7456,5.28,0.0,3.24,0.286,0.0,0.429,0.427,0.0,0.262,0.52,0.1487,0.222
jin_seob_park__kor,Jin-seob Park,KOR,MID,slutrunde,Slutrunde,9,2,0,0,0,0,0,3,9.0,3.96,3.96,1.36,1.36,0.0,0.0,0.222,0.0,0.0,0.343,0.0,0.0,1.0,0.222,0.343
jin_seob_park__kor,Jin-seob Park,KOR,MID,kvalifikation,Kvalifikation,16,0,0,8,2,0,8,4,14.0,7.24,5.652,0.0,0.0,0.0,3.84,0.0,0.0,0.5,0.0,0.0,0.53,0.9,0.0,0.0
jin_seob_park__kor,Jin-seob Park,KOR,MID,venskabskamp,Venskabskamp,11,3,0,0,0,0,0,5,11.0,8.24,4.284800000000001,1.1856,2.2800000000000002,0.0,0.0,0.273,0.0,0.0,0.277,0.0,0.0,0.52,0.142,0.144
jiovany_ramos__pan,Jiovany Ramos,PAN,DEF,slutrunde,Slutrunde,17,0,0,13,4,0,13,0,13.0,7.16,5.24,0.0,0.0,0.0,5.24,0.0,0.0,0.765,0.0,0.0,0.732,1.0,0.0,0.0
jiovany_ramos__pan,Jiovany Ramos,PAN,DEF,nations_league_finals,Nations League-slutrunde,10,1,0,4,0,0,4,2,10.0,3.84,3.6479999999999997,0.304,0.32,0.0,1.6,0.1,0.0,0.4,0.083,0.0,0.417,0.95,0.095,0.0789
jiovany_ramos__pan,Jiovany Ramos,PAN,DEF,kvalifikation,Kvalifikation,30,2,0,17,2,0,17,8,28.0,10.200000000000001,8.316,1.2240000000000002,1.36,0.0,5.6000000000000005,0.071,0.0,0.567,0.147,0.0,0.549,0.9,0.0639,0.1323
jiovany_ramos__pan,Jiovany Ramos,PAN,DEF,nations_league,Nations League,9,0,0,3,0,0,3,5,9.0,2.18,1.7004000000000001,0.0,0.0,0.0,0.8400000000000001,0.0,0.0,0.333,0.0,0.0,0.385,0.78,0.0,0.0
jiovany_ramos__pan,Jiovany Ramos,PAN,DEF,venskabskamp,Venskabskamp,30,12,0,12,1,0,12,2,29.0,11.8,5.8864,2.5376000000000003,4.88,0.0,3.74,0.414,0.0,0.4,0.431,0.0,0.317,0.52,0.2153,0.2241
joan_garcia__esp,Joan Garcia,ESP,GK,venskabskamp,Venskabskamp,2,1,0,0,0,0,0,0,2.0,1.92,0.9984000000000001,0.52,1.0,0.0,0.0,0.5,0.0,0.0,0.521,0.0,0.0,0.52,0.26,0.2709
joao_paulo__cpv,Joao Paulo,CPV,DEF,slutrunde,Slutrunde,9,4,0,2,0,0,2,1,9.0,2.4,2.4,1.28,1.28,0.0,0.4,0.444,0.0,0.222,0.533,0.0,0.167,1.0,0.444,0.533
joao_paulo__cpv,Joao Paulo,CPV,DEF,kvalifikation,Kvalifikation,30,19,0,5,0,0,5,5,30.0,11.0,9.9,6.912000000000001,7.68,0.0,1.8399999999999999,0.633,0.0,0.167,0.698,0.0,0.167,0.9,0.5697,0.6282
joao_paulo__cpv,Joao Paulo,CPV,DEF,venskabskamp,Venskabskamp,20,9,0,4,0,0,4,2,20.0,8.68,4.5136,1.9344000000000001,3.72,0.0,1.56,0.45,0.0,0.2,0.429,0.0,0.18,0.52,0.234,0.2231
joaqu_n_piquerez__uru,Joaquin Piquerez,URU,MID,slutrunde,Slutrunde,9,0,0,9,0,0,9,0,9.0,3.48,3.48,0.0,0.0,0.0,3.48,0.0,0.0,1.0,0.0,0.0,1.0,1.0,0.0,0.0
joaqu_n_piquerez__uru,Joaquin Piquerez,URU,MID,kvalifikation,Kvalifikation,30,7,0,7,6,0,7,3,24.0,10.68,7.0200000000000005,2.0160000000000005,2.24,0.0,1.92,0.292,0.0,0.233,0.287,0.0,0.18,0.9,0.2628,0.2583
joaqu_n_piquerez__uru,Joaquin Piquerez,URU,MID,venskabskamp,Venskabskamp,19,4,0,10,3,0,10,1,16.0,8.200000000000001,3.4320000000000004,1.1024,2.12,0.0,3.6,0.25,0.0,0.526,0.321,0.0,0.439,0.52,0.13,0.1669
joaquin_seys__bel,Joaquin Seys,BEL,DEF,kvalifikation,Kvalifikation,4,1,0,0,0,0,0,2,4.0,2.72,2.4480000000000004,0.6120000000000001,0.68,0.0,0.0,0.25,0.0,0.0,0.25,0.0,0.0,0.9,0.225,0.225
joaquin_seys__bel,Joaquin Seys,BEL,DEF,venskabskamp,Venskabskamp,4,0,0,0,0,0,0,1,4.0,3.84,1.9968000000000001,0.0,0.0,0.0,0.0,0.0,0.0,0.0,0.0,0.0,0.0,0.52,0.0,0.0
joe_bell__nzl,Joe Bell,NZL,MID,slutrunde,Slutrunde,4,0,0,4,0,0,4,0,4.0,1.92,1.92,0.0,0.0,0.0,1.92,0.0,0.0,1.0,0.0,0.0,1.0,1.0,0.0,0.0
joe_bell__nzl,Joe Bell,NZL,MID,kvalifikation,Kvalifikation,11,6,0,3,0,0,3,0,11.0,3.6,3.24,1.836,2.04,0.0,0.88,0.545,0.0,0.273,0.567,0.0,0.244,0.9,0.4905,0.5103
joe_bell__nzl,Joe Bell,NZL,MID,venskabskamp,Venskabskamp,35,21,0,9,0,0,9,2,35.0,15.48,8.0496,4.711200000000001,9.06,0.0,3.84,0.6,0.0,0.257,0.585,0.0,0.248,0.52,0.312,0.3042
joel_ord_ez__ecu,Joel Ordonez,ECU,DEF,slutrunde,Slutrunde,4,0,0,0,0,0,0,4,4.0,1.92,1.92,0.0,0.0,0.0,0.0,0.0,0.0,0.0,0.0,0.0,0.0,1.0,0.0,0.0
joel_ord_ez__ecu,Joel Ordonez,ECU,DEF,kvalifikation,Kvalifikation,18,8,0,5,0,0,5,5,18.0,8.28,7.452000000000001,3.9960000000000004,4.44,0.0,1.76,0.444,0.0,0.278,0.536,0.0,0.213,0.9,0.3996,0.4824
joel_ord_ez__ecu,Joel Ordonez,ECU,DEF,venskabskamp,Venskabskamp,14,8,0,1,0,0,1,5,14.0,8.040000000000001,4.1808000000000005,2.7872000000000003,5.36,0.0,1.0,0.571,0.0,0.071,0.667,0.0,0.124,0.52,0.2969,0.3468
joel_waterman__can,Joel Waterman,CAN,DEF,slutrunde,Slutrunde,17,2,0,4,0,0,4,10,17.0,7.48,7.48,1.36,1.36,0.0,1.28,0.118,0.0,0.235,0.182,0.0,0.171,1.0,0.118,0.182
joel_waterman__can,Joel Waterman,CAN,DEF,nations_league_finals,Nations League-slutrunde,9,2,0,4,0,0,4,3,9.0,3.52,3.344,0.76,0.8,0.0,1.28,0.222,0.0,0.444,0.227,0.0,0.364,0.95,0.2109,0.2157
joel_waterman__can,Joel Waterman,CAN,DEF,kvalifikation,Kvalifikation,2,0,0,0,0,0,0,2,2.0,0.2,0.18000000000000002,0.0,0.0,0.0,0.0,0.0,0.0,0.0,0.0,0.0,0.0,0.9,0.0,0.0
joel_waterman__can,Joel Waterman,CAN,DEF,nations_league,Nations League,2,0,0,2,0,0,2,0,2.0,0.4,0.31200000000000006,0.0,0.0,0.0,0.4,0.0,0.0,1.0,0.0,0.0,1.0,0.78,0.0,0.0
joel_waterman__can,Joel Waterman,CAN,DEF,venskabskamp,Venskabskamp,23,6,0,4,0,0,4,7,23.0,13.65,7.098000000000001,2.1216000000000004,4.08,0.0,1.76,0.261,0.0,0.174,0.299,0.0,0.129,0.52,0.1357,0.1555
johan_carbonero__col,Johan Carbonero,COL,FWD,venskabskamp,Venskabskamp,6,0,0,0,0,0,0,4,6.0,4.5600000000000005,2.3712,0.0,0.0,0.0,0.0,0.0,0.0,0.0,0.0,0.0,0.0,0.52,0.0,0.0
johan_manzambi__sui,Johan Manzambi,SUI,MID,kvalifikation,Kvalifikation,6,1,0,0,0,0,0,0,6.0,4.08,3.6720000000000006,0.6120000000000001,0.68,0.0,0.0,0.167,0.0,0.0,0.167,0.0,0.0,0.9,0.1503,0.1503
johan_manzambi__sui,Johan Manzambi,SUI,MID,venskabskamp,Venskabskamp,6,3,0,0,0,0,0,0,6.0,5.2,2.704,1.3936000000000002,2.68,0.0,0.0,0.5,0.0,0.0,0.515,0.0,0.0,0.52,0.26,0.2678
johan_mojica__col,Johan Mojica,COL,DEF,slutrunde,Slutrunde,31,9,0,21,0,0,21,0,31.0,6.08,6.08,2.8,2.8,0.0,2.8000000000000003,0.29,0.0,0.677,0.461,0.0,0.461,1.0,0.29,0.461
johan_mojica__col,Johan Mojica,COL,DEF,kvalifikation,Kvalifikation,54,18,0,25,4,0,25,7,50.0,13.38,11.286000000000001,5.0760000000000005,5.64,0.0,4.800000000000001,0.36,0.0,0.463,0.45,0.0,0.359,0.9,0.324,0.405
johan_mojica__col,Johan Mojica,COL,DEF,venskabskamp,Venskabskamp,50,13,0,18,8,0,18,8,42.0,12.74,5.98,3.1824000000000003,6.12,0.0,2.54,0.31,0.0,0.36,0.532,0.0,0.199,0.52,0.1612,0.2766
johan_v_squez__mex,Johan Vasquez,MEX,DEF,slutrunde,Slutrunde,24,13,0,7,0,0,7,4,24.0,9.24,9.24,6.44,6.44,0.0,1.8800000000000001,0.542,0.0,0.292,0.697,0.0,0.203,1.0,0.542,0.697
johan_v_squez__mex,Johan Vasquez,MEX,DEF,nations_league_finals,Nations League-slutrunde,12,7,0,2,2,0,2,1,10.0,4.14,3.021,2.432,2.56,0.0,0.30000000000000004,0.7,0.0,0.167,0.805,0.0,0.072,0.95,0.665,0.7648
johan_v_squez__mex,Johan Vasquez,MEX,DEF,kvalifikation,Kvalifikation,14,4,0,6,0,0,6,4,14.0,2.8000000000000003,2.5200000000000005,0.7200000000000001,0.8,0.0,1.2000000000000002,0.286,0.0,0.429,0.286,0.0,0.429,0.9,0.2574,0.2574
johan_v_squez__mex,Johan Vasquez,MEX,DEF,nations_league,Nations League,8,1,0,2,0,0,2,5,8.0,1.2000000000000002,0.9360000000000002,0.15600000000000003,0.2,0.0,0.4,0.125,0.0,0.25,0.167,0.0,0.333,0.78,0.0975,0.1303
johan_v_squez__mex,Johan Vasquez,MEX,DEF,venskabskamp,Venskabskamp,53,18,0,25,1,0,25,6,52.0,21.69,11.2268,5.5328,10.64,0.0,8.59,0.346,0.0,0.472,0.493,0.0,0.396,0.52,0.1799,0.2564
john_mcginn__sco,John McGinn,SCO,MID,slutrunde,Slutrunde,6,6,0,0,0,0,0,0,6.0,2.04,2.04,2.04,2.04,0.0,0.0,1.0,0.0,0.0,1.0,0.0,0.0,1.0,1.0,1.0
john_mcginn__sco,John McGinn,SCO,MID,kvalifikation,Kvalifikation,47,33,0,4,0,0,4,7,47.0,10.5,9.450000000000001,8.100000000000001,9.0,0.0,0.5,0.702,0.0,0.085,0.857,0.0,0.048,0.9,0.6318,0.7713
john_mcginn__sco,John McGinn,SCO,MID,nations_league,Nations League,24,18,0,4,0,0,4,0,24.0,6.04,4.711200000000001,3.354,4.3,0.0,1.16,0.75,0.0,0.167,0.712,0.0,0.192,0.78,0.585,0.5554
john_mcginn__sco,John McGinn,SCO,MID,venskabskamp,Venskabskamp,28,18,0,2,1,0,2,1,27.0,9.280000000000001,4.7736,2.8288,5.44,0.0,1.1,0.667,0.0,0.071,0.593,0.0,0.119,0.52,0.3468,0.3084
john_mercado__ecu,John Mercado,ECU,FWD,kvalifikation,Kvalifikation,12,1,0,4,0,0,4,4,12.0,6.36,5.724,0.432,0.48,0.0,2.3200000000000003,0.083,0.0,0.333,0.075,0.0,0.365,0.9,0.0747,0.0675
john_mercado__ecu,John Mercado,ECU,FWD,venskabskamp,Venskabskamp,7,0,0,0,0,0,0,4,7.0,5.5600000000000005,2.8912000000000004,0.0,0.0,0.0,0.0,0.0,0.0,0.0,0.0,0.0,0.0,0.52,0.0,0.0
john_souttar__sco,John Souttar,SCO,DEF,slutrunde,Slutrunde,6,0,0,6,0,0,6,0,6.0,2.04,2.04,0.0,0.0,0.0,2.04,0.0,0.0,1.0,0.0,0.0,1.0,1.0,0.0,0.0
john_souttar__sco,John Souttar,SCO,DEF,kvalifikation,Kvalifikation,37,5,0,11,11,0,11,8,26.0,9.5,7.038000000000001,2.6280000000000006,2.9200000000000004,0.0,2.46,0.192,0.0,0.297,0.373,0.0,0.259,0.9,0.1728,0.3357
john_souttar__sco,John Souttar,SCO,DEF,nations_league,Nations League,24,9,0,1,11,0,1,2,13.0,6.04,3.6192,2.5584000000000002,3.28,0.0,0.2,0.692,0.0,0.042,0.707,0.0,0.033,0.78,0.5398,0.5515
john_souttar__sco,John Souttar,SCO,DEF,venskabskamp,Venskabskamp,19,4,0,4,4,0,4,4,15.0,8.38,3.9936000000000003,1.4040000000000001,2.7,0.0,1.1,0.267,0.0,0.211,0.352,0.0,0.131,0.52,0.1388,0.183
john_stones__eng,John Stones,ENG,DEF,slutrunde,Slutrunde,33,26,0,3,0,0,3,4,33.0,7.16,7.16,6.46,6.46,0.0,0.30000000000000004,0.788,0.0,0.091,0.902,0.0,0.042,1.0,0.788,0.902
john_stones__eng,John Stones,ENG,DEF,nations_league_finals,Nations League-slutrunde,2,1,0,0,0,0,0,1,2.0,0.2,0.19,0.095,0.1,0.0,0.0,0.5,0.0,0.0,0.5,0.0,0.0,0.95,0.475,0.475
john_stones__eng,John Stones,ENG,DEF,kvalifikation,Kvalifikation,54,25,0,5,16,0,5,6,38.0,11.860000000000001,7.308000000000001,4.8420000000000005,5.38,0.0,1.52,0.658,0.0,0.093,0.663,0.0,0.128,0.9,0.5922,0.5967
john_stones__eng,John Stones,ENG,DEF,nations_league,Nations League,22,9,0,8,2,0,6,1,20.0,5.08,3.2136000000000005,1.8252000000000002,2.34,0.0,0.9,0.45,0.0,0.364,0.568,0.0,0.177,0.78,0.351,0.443
john_stones__eng,John Stones,ENG,DEF,venskabskamp,Venskabskamp,42,18,0,10,3,0,10,6,39.0,9.68,4.3368,2.132,4.1000000000000005,0.0,2.1,0.462,0.0,0.238,0.492,0.0,0.217,0.52,0.2402,0.2558
john_yeboah__ecu,John Yeboah,ECU,MID,slutrunde,Slutrunde,4,2,0,0,0,0,0,1,4.0,1.92,1.92,0.96,0.96,0.0,0.0,0.5,0.0,0.0,0.5,0.0,0.0,1.0,0.5,0.5
john_yeboah__ecu,John Yeboah,ECU,MID,kvalifikation,Kvalifikation,15,3,0,0,3,0,0,3,12.0,7.32,5.58,1.476,1.6400000000000001,0.0,0.0,0.25,0.0,0.0,0.265,0.0,0.0,0.9,0.225,0.2385
john_yeboah__ecu,John Yeboah,ECU,MID,venskabskamp,Venskabskamp,12,10,0,0,0,0,0,2,12.0,7.640000000000001,3.9728000000000003,3.5568000000000004,6.84,0.0,0.0,0.833,0.0,0.0,0.895,0.0,0.0,0.52,0.4332,0.4654
johny_placide__hai,Johny Placide,HAI,GK,slutrunde,Slutrunde,24,15,0,9,0,0,9,0,24.0,5.1000000000000005,5.1000000000000005,3.24,3.24,0.0,1.86,0.625,0.0,0.375,0.635,0.0,0.365,1.0,0.625,0.635
johny_placide__hai,Johny Placide,HAI,GK,kvalifikation,Kvalifikation,43,28,0,14,0,0,14,1,43.0,10.200000000000001,9.180000000000001,6.516000000000001,7.24,0.0,2.8600000000000003,0.651,0.0,0.326,0.71,0.0,0.28,0.9,0.5859,0.639
johny_placide__hai,Johny Placide,HAI,GK,nations_league,Nations League,24,19,0,3,0,0,3,2,24.0,6.16,4.8048,3.588,4.6,0.0,0.88,0.792,0.0,0.125,0.747,0.0,0.143,0.78,0.6178,0.5827
johny_placide__hai,Johny Placide,HAI,GK,venskabskamp,Venskabskamp,28,13,0,13,2,0,13,0,26.0,7.36,2.8704,1.612,3.1,0.0,2.42,0.5,0.0,0.464,0.562,0.0,0.329,0.52,0.26,0.2922
johny_placide__hai,Johny Placide,HAI,GK,ungdom_slutrunde,Ungdomsslutrunde,9,6,0,1,0,0,1,2,9.0,0.9,0.31499999999999995,0.20999999999999996,0.6000000000000001,0.0,0.1,0.667,0.0,0.111,0.667,0.0,0.111,0.35,0.2334,0.2334
jonas_urbig__ger,Jonas Urbig,GER,GK,venskabskamp,Venskabskamp,1,0,0,0,0,0,0,1,1.0,1.0,0.52,0.0,0.0,0.0,0.0,0.0,0.0,0.0,0.0,0.0,0.0,0.52,0.0,0.0
jonathan_david__can,Jonathan David,CAN,FWD,slutrunde,Slutrunde,26,14,0,9,0,0,9,0,26.0,8.88,8.88,5.82,5.82,0.0,2.2800000000000002,0.538,0.0,0.346,0.655,0.0,0.257,1.0,0.538,0.655
jonathan_david__can,Jonathan David,CAN,FWD,nations_league_finals,Nations League-slutrunde,9,9,0,0,0,0,0,0,9.0,3.52,3.344,3.344,3.52,0.0,0.0,1.0,0.0,0.0,1.0,0.0,0.0,0.95,0.95,0.95
jonathan_david__can,Jonathan David,CAN,FWD,kvalifikation,Kvalifikation,20,15,0,2,0,0,2,0,20.0,3.8000000000000003,3.4200000000000004,2.7,3.0,0.0,0.2,0.75,0.0,0.1,0.789,0.0,0.053,0.9,0.675,0.7101
jonathan_david__can,Jonathan David,CAN,FWD,nations_league,Nations League,12,10,0,0,0,0,0,0,12.0,1.6,1.2480000000000002,1.0140000000000002,1.3,0.0,0.0,0.833,0.0,0.0,0.812,0.0,0.0,0.78,0.6497,0.6334
jonathan_david__can,Jonathan David,CAN,FWD,venskabskamp,Venskabskamp,26,19,0,5,0,0,5,0,26.0,13.950000000000001,7.2540000000000004,5.9488,11.440000000000001,0.0,1.35,0.731,0.0,0.192,0.82,0.0,0.097,0.52,0.3801,0.4264
jonathan_osorio__can,Jonathan Osorio,CAN,MID,slutrunde,Slutrunde,36,19,0,1,2,0,0,5,34.0,9.88,8.52,4.5200000000000005,4.5200000000000005,0.0,0.68,0.559,0.0,0.028,0.531,0.0,0.069,1.0,0.559,0.531
jonathan_osorio__can,Jonathan Osorio,CAN,MID,nations_league_finals,Nations League-slutrunde,9,2,0,1,0,0,1,1,9.0,3.52,3.344,0.76,0.8,0.0,0.32,0.222,0.0,0.111,0.227,0.0,0.091,0.95,0.2109,0.2157
jonathan_osorio__can,Jonathan Osorio,CAN,MID,kvalifikation,Kvalifikation,30,12,0,9,2,0,9,2,28.0,4.800000000000001,4.140000000000001,2.0700000000000003,2.3000000000000003,0.0,1.0,0.429,0.0,0.3,0.5,0.0,0.208,0.9,0.3861,0.45
jonathan_osorio__can,Jonathan Osorio,CAN,MID,nations_league,Nations League,12,8,0,1,2,0,1,0,10.0,1.6,0.9360000000000002,0.7800000000000001,1.0,0.0,0.1,0.8,0.0,0.083,0.833,0.0,0.062,0.78,0.624,0.6497
jonathan_osorio__can,Jonathan Osorio,CAN,MID,venskabskamp,Venskabskamp,54,17,0,16,0,0,16,8,54.0,16.75,8.71,1.9396,3.73,0.0,2.96,0.315,0.0,0.296,0.223,0.0,0.177,0.52,0.1638,0.116
jonathan_tah__ger,Jonathan Tah,GER,DEF,slutrunde,Slutrunde,26,4,0,11,5,0,10,6,21.0,5.2,4.7,1.92,1.92,0.0,2.18,0.19,0.0,0.423,0.409,0.0,0.419,1.0,0.19,0.409
jonathan_tah__ger,Jonathan Tah,GER,DEF,nations_league_finals,Nations League-slutrunde,4,4,0,0,0,0,0,0,4.0,2.12,2.014,2.014,2.12,0.0,0.0,1.0,0.0,0.0,1.0,0.0,0.0,0.95,0.95,0.95
jonathan_tah__ger,Jonathan Tah,GER,DEF,kvalifikation,Kvalifikation,34,9,0,11,3,0,11,9,31.0,7.58,6.552000000000001,3.5100000000000007,3.9000000000000004,0.0,1.6,0.29,0.0,0.324,0.536,0.0,0.211,0.9,0.261,0.4824
jonathan_tah__ger,Jonathan Tah,GER,DEF,nations_league,Nations League,22,4,0,4,0,0,3,11,22.0,5.08,3.9624000000000006,1.4976,1.92,0.0,1.08,0.182,0.0,0.182,0.378,0.0,0.213,0.78,0.142,0.2948
jonathan_tah__ger,Jonathan Tah,GER,DEF,venskabskamp,Venskabskamp,44,16,0,14,4,0,14,5,40.0,11.46,5.751200000000001,3.7856000000000005,7.28,0.0,2.46,0.4,0.0,0.318,0.658,0.0,0.215,0.52,0.208,0.3422
jordan_ayew__gha,Jordan Ayew,GHA,FWD,slutrunde,Slutrunde,49,25,0,15,0,0,15,3,49.0,6.46,6.46,3.66,3.66,0.0,1.8,0.51,0.0,0.306,0.567,0.0,0.279,1.0,0.51,0.567
jordan_ayew__gha,Jordan Ayew,GHA,FWD,kvalifikation,Kvalifikation,76,49,0,16,0,0,16,4,76.0,15.8,14.22,10.242,11.38,0.0,2.08,0.645,0.0,0.211,0.72,0.0,0.132,0.9,0.5805,0.648
jordan_ayew__gha,Jordan Ayew,GHA,FWD,venskabskamp,Venskabskamp,58,24,0,26,0,0,26,1,58.0,13.280000000000001,6.905600000000001,3.6816000000000004,7.08,0.0,4.76,0.414,0.0,0.448,0.533,0.0,0.358,0.52,0.2153,0.2772
jordan_bos__aus,Jordan Bos,AUS,DEF,slutrunde,Slutrunde,5,3,0,0,0,0,0,0,5.0,1.6,1.6,0.96,0.96,0.0,0.0,0.6,0.0,0.0,0.6,0.0,0.0,1.0,0.6,0.6
jordan_bos__aus,Jordan Bos,AUS,DEF,kvalifikation,Kvalifikation,16,4,0,1,6,0,1,0,10.0,7.24,3.888,1.584,1.76,0.0,0.48,0.4,0.0,0.062,0.407,0.0,0.066,0.9,0.36,0.3663
jordan_bos__aus,Jordan Bos,AUS,DEF,venskabskamp,Venskabskamp,17,7,0,0,3,0,0,1,14.0,9.92,4.284800000000001,2.2048,4.24,0.0,0.0,0.5,0.0,0.0,0.515,0.0,0.0,0.52,0.26,0.2678
jordan_henderson__eng,Jordan Henderson,ENG,MID,slutrunde,Slutrunde,37,11,0,7,0,0,7,11,37.0,7.5600000000000005,7.5600000000000005,1.4000000000000001,1.4000000000000001,0.0,3.36,0.297,0.0,0.189,0.185,0.0,0.444,1.0,0.297,0.185
jordan_henderson__eng,Jordan Henderson,ENG,MID,nations_league_finals,Nations League-slutrunde,2,0,0,0,0,0,0,1,2.0,0.2,0.19,0.0,0.0,0.0,0.0,0.0,0.0,0.0,0.0,0.0,0.0,0.95,0.0,0.0
jordan_henderson__eng,Jordan Henderson,ENG,MID,kvalifikation,Kvalifikation,69,27,0,18,9,0,18,6,60.0,13.360000000000001,11.214000000000002,4.014,4.46,0.0,1.9000000000000001,0.45,0.0,0.261,0.358,0.0,0.142,0.9,0.405,0.3222
jordan_henderson__eng,Jordan Henderson,ENG,MID,nations_league,Nations League,22,4,0,14,2,0,14,0,20.0,5.08,3.7284,0.31200000000000006,0.4,0.0,4.08,0.2,0.0,0.636,0.084,0.0,0.803,0.78,0.156,0.0655
jordan_henderson__eng,Jordan Henderson,ENG,MID,venskabskamp,Venskabskamp,59,16,0,17,6,0,17,9,53.0,11.38,5.179200000000001,1.8928000000000003,3.64,0.0,2.52,0.302,0.0,0.288,0.365,0.0,0.221,0.52,0.157,0.1898
jordan_pickford__eng,Jordan Pickford,ENG,GK,slutrunde,Slutrunde,26,26,0,0,0,0,0,0,26.0,6.46,6.46,6.46,6.46,0.0,0.0,1.0,0.0,0.0,1.0,0.0,0.0,1.0,1.0,1.0
jordan_pickford__eng,Jordan Pickford,ENG,GK,nations_league_finals,Nations League-slutrunde,2,2,0,0,0,0,0,0,2.0,0.2,0.19,0.19,0.2,0.0,0.0,1.0,0.0,0.0,1.0,0.0,0.0,0.95,0.95,0.95
jordan_pickford__eng,Jordan Pickford,ENG,GK,kvalifikation,Kvalifikation,42,26,0,7,0,0,7,9,42.0,10.66,9.594000000000001,7.362000000000001,8.18,0.0,0.7000000000000001,0.619,0.0,0.167,0.767,0.0,0.066,0.9,0.5571,0.6903
jordan_pickford__eng,Jordan Pickford,ENG,GK,nations_league,Nations League,22,17,0,0,2,0,0,3,20.0,5.08,3.6504000000000003,2.9640000000000004,3.8,0.0,0.0,0.85,0.0,0.0,0.812,0.0,0.0,0.78,0.663,0.6334
jordan_pickford__eng,Jordan Pickford,ENG,GK,venskabskamp,Venskabskamp,28,12,0,2,0,0,2,14,28.0,8.280000000000001,4.3056,2.2152000000000003,4.26,0.0,0.2,0.429,0.0,0.071,0.514,0.0,0.024,0.52,0.2231,0.2673
jordy_alcivar__ecu,Jordy Alcivar,ECU,MID,slutrunde,Slutrunde,7,0,0,7,0,0,7,0,7.0,2.52,2.52,0.0,0.0,0.0,2.52,0.0,0.0,1.0,0.0,0.0,1.0,1.0,0.0,0.0
jordy_alcivar__ecu,Jordy Alcivar,ECU,MID,kvalifikation,Kvalifikation,23,1,0,18,0,0,18,3,23.0,9.18,8.262,0.6120000000000001,0.68,0.0,7.08,0.043,0.0,0.783,0.074,0.0,0.771,0.9,0.0387,0.0666
jordy_alcivar__ecu,Jordy Alcivar,ECU,MID,venskabskamp,Venskabskamp,24,3,0,11,2,0,11,3,22.0,10.18,4.9608,0.8736,1.6800000000000002,0.0,3.04,0.136,0.0,0.458,0.176,0.0,0.299,0.52,0.0707,0.0915
jordy_caicedo__ecu,Jordy Caicedo,ECU,FWD,slutrunde,Slutrunde,12,0,0,4,0,0,4,3,12.0,3.52,3.52,0.0,0.0,0.0,0.8,0.0,0.0,0.333,0.0,0.0,0.227,1.0,0.0,0.0
jordy_caicedo__ecu,Jordy Caicedo,ECU,FWD,kvalifikation,Kvalifikation,32,2,0,20,0,0,20,4,32.0,10.98,9.882000000000001,0.4680000000000001,0.52,0.0,8.2,0.062,0.0,0.625,0.047,0.0,0.747,0.9,0.0558,0.0423
jordy_caicedo__ecu,Jordy Caicedo,ECU,FWD,venskabskamp,Venskabskamp,24,3,0,14,0,0,14,4,24.0,10.280000000000001,5.3456,0.7904,1.52,0.0,4.96,0.125,0.0,0.583,0.148,0.0,0.482,0.52,0.065,0.077
jorge_carrascal__col,Jorge Carrascal,COL,MID,slutrunde,Slutrunde,6,0,0,0,0,0,0,3,6.0,2.88,2.88,0.0,0.0,0.0,0.0,0.0,0.0,0.0,0.0,0.0,0.0,1.0,0.0,0.0
jorge_carrascal__col,Jorge Carrascal,COL,MID,kvalifikation,Kvalifikation,18,2,0,6,0,0,6,5,18.0,8.48,7.632000000000001,0.5760000000000001,0.64,0.0,3.08,0.111,0.0,0.333,0.075,0.0,0.363,0.9,0.0999,0.0675
jorge_carrascal__col,Jorge Carrascal,COL,MID,venskabskamp,Venskabskamp,21,5,0,6,0,0,6,2,21.0,9.64,5.0128,1.0608,2.04,0.0,2.52,0.238,0.0,0.286,0.212,0.0,0.261,0.52,0.1238,0.1102
jorge_sanchez__mex,Jorge Sanchez,MEX,DEF,slutrunde,Slutrunde,30,13,0,13,0,0,13,4,30.0,9.84,9.84,5.48,5.48,0.0,2.12,0.433,0.0,0.433,0.557,0.0,0.215,1.0,0.433,0.557
jorge_sanchez__mex,Jorge Sanchez,MEX,DEF,nations_league_finals,Nations League-slutrunde,12,5,0,3,0,0,3,3,12.0,4.14,3.933,1.672,1.76,0.0,1.28,0.417,0.0,0.25,0.425,0.0,0.309,0.95,0.3961,0.4037
jorge_sanchez__mex,Jorge Sanchez,MEX,DEF,kvalifikation,Kvalifikation,14,8,0,4,0,0,4,2,14.0,2.8000000000000003,2.5200000000000005,1.4400000000000002,1.6,0.0,0.8,0.571,0.0,0.286,0.571,0.0,0.286,0.9,0.5139,0.5139
jorge_sanchez__mex,Jorge Sanchez,MEX,DEF,nations_league,Nations League,8,3,0,3,0,0,3,2,8.0,1.2000000000000002,0.9360000000000002,0.31200000000000006,0.4,0.0,0.6000000000000001,0.375,0.0,0.375,0.333,0.0,0.5,0.78,0.2925,0.2597
jorge_sanchez__mex,Jorge Sanchez,MEX,DEF,venskabskamp,Venskabskamp,59,23,0,19,2,0,19,9,57.0,22.29,11.382800000000001,4.654,8.950000000000001,0.0,6.75,0.404,0.0,0.322,0.409,0.0,0.303,0.52,0.2101,0.2127
joris_kayembe__cod,Joris Kayembe,COD,DEF,slutrunde,Slutrunde,15,3,0,4,0,0,4,5,15.0,8.36,8.36,2.02,2.02,0.0,2.72,0.2,0.0,0.267,0.242,0.0,0.325,1.0,0.2,0.242
joris_kayembe__cod,Joris Kayembe,COD,DEF,kvalifikation,Kvalifikation,20,8,0,1,0,0,1,4,20.0,10.76,9.684000000000001,3.5280000000000005,3.92,0.0,0.68,0.4,0.0,0.05,0.364,0.0,0.063,0.9,0.36,0.3276
joris_kayembe__cod,Joris Kayembe,COD,DEF,venskabskamp,Venskabskamp,10,2,0,3,0,0,3,3,10.0,5.53,2.8756000000000004,0.52,1.0,0.0,1.56,0.2,0.0,0.3,0.181,0.0,0.282,0.52,0.104,0.0941
jorrel_hato__ned,Jorrel Hato,NED,DEF,slutrunde,Slutrunde,6,0,0,6,0,0,6,0,6.0,2.88,2.88,0.0,0.0,0.0,2.88,0.0,0.0,1.0,0.0,0.0,1.0,1.0,0.0,0.0
jorrel_hato__ned,Jorrel Hato,NED,DEF,nations_league_finals,Nations League-slutrunde,2,1,0,1,0,0,0,0,2.0,0.96,0.9119999999999999,0.45599999999999996,0.48,0.0,0.48,0.5,0.0,0.5,0.5,0.0,0.5,0.95,0.475,0.475
jorrel_hato__ned,Jorrel Hato,NED,DEF,kvalifikation,Kvalifikation,10,0,0,7,0,0,7,2,10.0,6.08,5.472000000000001,0.0,0.0,0.0,4.760000000000001,0.0,0.0,0.7,0.0,0.0,0.783,0.9,0.0,0.0
jorrel_hato__ned,Jorrel Hato,NED,DEF,nations_league,Nations League,6,2,0,0,0,0,0,2,6.0,2.88,2.2464,0.7488,0.96,0.0,0.0,0.333,0.0,0.0,0.333,0.0,0.0,0.78,0.2597,0.2597
jorrel_hato__ned,Jorrel Hato,NED,DEF,venskabskamp,Venskabskamp,7,0,0,4,0,0,4,1,7.0,4.44,2.3088,0.0,0.0,0.0,1.6,0.0,0.0,0.571,0.0,0.0,0.36,0.52,0.0,0.0
jos_cordoba__pan,Jose Cordoba,PAN,DEF,slutrunde,Slutrunde,14,5,0,6,0,0,6,1,14.0,6.5600000000000005,6.5600000000000005,2.6,2.6,0.0,1.92,0.357,0.0,0.429,0.396,0.0,0.293,1.0,0.357,0.396
jos_cordoba__pan,Jose Cordoba,PAN,DEF,nations_league_finals,Nations League-slutrunde,10,8,0,2,0,0,2,0,10.0,3.84,3.6479999999999997,3.04,3.2,0.0,0.64,0.8,0.0,0.2,0.833,0.0,0.167,0.95,0.76,0.7913
jos_cordoba__pan,Jose Cordoba,PAN,DEF,kvalifikation,Kvalifikation,13,5,0,1,3,0,0,4,10.0,7.0,4.464,2.2680000000000002,2.52,0.0,0.68,0.5,0.0,0.077,0.508,0.0,0.097,0.9,0.45,0.4572
jos_cordoba__pan,Jose Cordoba,PAN,DEF,nations_league,Nations League,8,4,0,3,0,0,3,0,8.0,2.08,1.6224000000000003,0.9984000000000001,1.28,0.0,0.6000000000000001,0.5,0.0,0.375,0.615,0.0,0.288,0.78,0.39,0.4797
jos_cordoba__pan,Jose Cordoba,PAN,DEF,venskabskamp,Venskabskamp,21,6,0,12,1,0,12,1,20.0,10.7,5.397600000000001,1.9344000000000001,3.72,0.0,4.66,0.3,0.0,0.571,0.358,0.0,0.436,0.52,0.156,0.1862
jose_fajardo__pan,Jose Fajardo,PAN,FWD,slutrunde,Slutrunde,24,10,0,7,0,0,7,4,24.0,7.86,7.86,3.24,3.24,0.0,3.02,0.417,0.0,0.292,0.412,0.0,0.384,1.0,0.417,0.412
jose_fajardo__pan,Jose Fajardo,PAN,FWD,nations_league_finals,Nations League-slutrunde,10,8,0,1,0,0,1,0,10.0,3.84,3.6479999999999997,2.888,3.04,0.0,0.32,0.8,0.0,0.1,0.792,0.0,0.083,0.95,0.76,0.7524
jose_fajardo__pan,Jose Fajardo,PAN,FWD,kvalifikation,Kvalifikation,30,8,0,9,0,0,9,4,30.0,10.200000000000001,9.180000000000001,2.6460000000000004,2.9400000000000004,0.0,2.2800000000000002,0.267,0.0,0.3,0.288,0.0,0.224,0.9,0.2403,0.2592
jose_fajardo__pan,Jose Fajardo,PAN,FWD,nations_league,Nations League,12,4,0,3,0,0,3,2,12.0,2.48,1.9344000000000001,0.9984000000000001,1.28,0.0,0.6000000000000001,0.333,0.0,0.25,0.516,0.0,0.242,0.78,0.2597,0.4025
jose_fajardo__pan,Jose Fajardo,PAN,FWD,venskabskamp,Venskabskamp,47,11,0,25,0,0,25,0,47.0,13.5,7.0200000000000005,1.6432,3.16,0.0,5.32,0.234,0.0,0.532,0.234,0.0,0.394,0.52,0.1217,0.1217
jos_luis_rodr_guez_bebanz__uru,Jose Luis Rodriguez Bebanz,URU,DEF,slutrunde,Slutrunde,9,0,0,6,0,0,6,3,9.0,3.48,3.48,0.0,0.0,0.0,2.88,0.0,0.0,0.667,0.0,0.0,0.828,1.0,0.0,0.0
jos_luis_rodr_guez_bebanz__uru,Jose Luis Rodriguez Bebanz,URU,DEF,kvalifikation,Kvalifikation,18,0,0,7,0,0,7,10,18.0,8.28,7.452000000000001,0.0,0.0,0.0,2.92,0.0,0.0,0.389,0.0,0.0,0.353,0.9,0.0,0.0
jos_luis_rodr_guez_bebanz__uru,Jose Luis Rodriguez Bebanz,URU,DEF,venskabskamp,Venskabskamp,14,4,0,6,0,0,5,4,14.0,7.2,3.744,0.9776,1.8800000000000001,0.0,2.6,0.286,0.0,0.429,0.261,0.0,0.361,0.52,0.1487,0.1357
jose_luis_rodriguez_francis__pan,Jose Luis Rodriguez Francis,PAN,MID,slutrunde,Slutrunde,24,10,0,0,9,0,0,2,15.0,7.86,4.5,3.3200000000000003,3.3200000000000003,0.0,0.0,0.667,0.0,0.0,0.738,0.0,0.0,1.0,0.667,0.738
jose_luis_rodriguez_francis__pan,Jose Luis Rodriguez Francis,PAN,MID,nations_league_finals,Nations League-slutrunde,10,8,0,0,2,0,0,0,8.0,3.84,3.04,3.04,3.2,0.0,0.0,1.0,0.0,0.0,1.0,0.0,0.0,0.95,0.95,0.95
jose_luis_rodriguez_francis__pan,Jose Luis Rodriguez Francis,PAN,MID,kvalifikation,Kvalifikation,30,17,0,2,0,0,1,3,30.0,10.200000000000001,9.180000000000001,4.86,5.4,0.0,0.8800000000000001,0.567,0.0,0.067,0.529,0.0,0.086,0.9,0.5103,0.4761
jose_luis_rodriguez_francis__pan,Jose Luis Rodriguez Francis,PAN,MID,nations_league,Nations League,12,5,0,3,1,0,3,1,11.0,2.48,1.7784000000000002,0.7176000000000001,0.92,0.0,0.8400000000000001,0.455,0.0,0.25,0.404,0.0,0.339,0.78,0.3549,0.3151
jose_luis_rodriguez_francis__pan,Jose Luis Rodriguez Francis,PAN,MID,venskabskamp,Venskabskamp,41,14,0,19,3,0,19,2,38.0,12.9,6.333600000000001,2.3400000000000003,4.5,0.0,4.7,0.368,0.0,0.463,0.369,0.0,0.364,0.52,0.1914,0.1919
jos_manuel_l_pez__arg,Jose Manuel Lopez,ARG,FWD,slutrunde,Slutrunde,1,0,0,1,0,0,1,0,1.0,0.92,0.92,0.0,0.0,0.0,0.92,0.0,0.0,1.0,0.0,0.0,1.0,1.0,0.0,0.0
jos_manuel_l_pez__arg,Jose Manuel Lopez,ARG,FWD,kvalifikation,Kvalifikation,1,0,0,0,0,0,0,1,1.0,0.68,0.6120000000000001,0.0,0.0,0.0,0.0,0.0,0.0,0.0,0.0,0.0,0.0,0.9,0.0,0.0
jos_manuel_l_pez__arg,Jose Manuel Lopez,ARG,FWD,venskabskamp,Venskabskamp,6,1,0,0,0,0,0,2,6.0,4.88,2.5376000000000003,0.3536,0.68,0.0,0.0,0.167,0.0,0.0,0.139,0.0,0.0,0.52,0.0868,0.0723
jos_mar_a_gim_nez__uru,Jose Maria Gimenez,URU,DEF,slutrunde,Slutrunde,34,28,0,0,1,0,0,2,33.0,6.48,6.38,4.36,4.36,0.0,0.0,0.848,0.0,0.0,0.683,0.0,0.0,1.0,0.848,0.683
jos_mar_a_gim_nez__uru,Jose Maria Gimenez,URU,DEF,kvalifikation,Kvalifikation,60,32,0,3,16,0,0,7,44.0,13.780000000000001,8.946,6.5520000000000005,7.28,0.0,1.44,0.727,0.0,0.05,0.732,0.0,0.104,0.9,0.6543,0.6588
jos_mar_a_gim_nez__uru,Jose Maria Gimenez,URU,DEF,venskabskamp,Venskabskamp,54,32,0,6,13,0,6,1,41.0,11.700000000000001,4.607200000000001,3.12,6.0,0.0,1.98,0.78,0.0,0.111,0.677,0.0,0.169,0.52,0.4056,0.352
jos_s__por,Jose Sa,POR,GK,slutrunde,Slutrunde,3,2,0,0,0,0,0,1,3.0,0.30000000000000004,0.30000000000000004,0.2,0.2,0.0,0.0,0.667,0.0,0.0,0.667,0.0,0.0,1.0,0.667,0.667
jos_s__por,Jose Sa,POR,GK,kvalifikation,Kvalifikation,8,4,0,4,0,0,4,0,8.0,0.8,0.7200000000000001,0.36000000000000004,0.4,0.0,0.4,0.5,0.0,0.5,0.5,0.0,0.5,0.9,0.45,0.45
jos_s__por,Jose Sa,POR,GK,venskabskamp,Venskabskamp,15,7,0,5,0,0,5,0,15.0,1.5,0.78,0.36400000000000005,0.7000000000000001,0.0,0.5,0.467,0.0,0.333,0.467,0.0,0.333,0.52,0.2428,0.2428
joseph_anang__gha,Joseph Anang,GHA,GK,kvalifikation,Kvalifikation,4,0,0,0,0,0,0,4,4.0,2.72,2.4480000000000004,0.0,0.0,0.0,0.0,0.0,0.0,0.0,0.0,0.0,0.0,0.9,0.0,0.0
joseph_anang__gha,Joseph Anang,GHA,GK,venskabskamp,Venskabskamp,8,1,0,1,0,0,1,6,8.0,6.16,3.2032000000000003,0.3536,0.68,0.0,1.0,0.125,0.0,0.125,0.11,0.0,0.162,0.52,0.065,0.0572
joshua_brenet__cuw,Joshua Brenet,CUW,DEF,slutrunde,Slutrunde,3,2,0,0,0,0,0,1,3.0,2.04,2.04,1.36,1.36,0.0,0.0,0.667,0.0,0.0,0.667,0.0,0.0,1.0,0.667,0.667
joshua_brenet__cuw,Joshua Brenet,CUW,DEF,kvalifikation,Kvalifikation,10,5,0,2,0,0,2,2,10.0,6.4,5.760000000000001,2.7,3.0,0.0,1.36,0.5,0.0,0.2,0.469,0.0,0.212,0.9,0.45,0.4221
joshua_brenet__cuw,Joshua Brenet,CUW,DEF,nations_league,Nations League,6,5,0,0,0,0,0,0,6.0,2.88,2.2464,1.872,2.4,0.0,0.0,0.833,0.0,0.0,0.833,0.0,0.0,0.78,0.6497,0.6497
joshua_brenet__cuw,Joshua Brenet,CUW,DEF,venskabskamp,Venskabskamp,3,1,0,0,0,0,0,1,3.0,2.84,1.4768000000000001,0.47840000000000005,0.92,0.0,0.0,0.333,0.0,0.0,0.324,0.0,0.0,0.52,0.1732,0.1685
joshua_kimmich__ger,Joshua Kimmich,GER,MID,slutrunde,Slutrunde,26,24,0,0,0,0,0,2,26.0,5.2,5.2,5.0,5.0,0.0,0.0,0.923,0.0,0.0,0.962,0.0,0.0,1.0,0.923,0.962
joshua_kimmich__ger,Joshua Kimmich,GER,MID,nations_league_finals,Nations League-slutrunde,4,4,0,0,0,0,0,0,4.0,2.12,2.014,2.014,2.12,0.0,0.0,1.0,0.0,0.0,1.0,0.0,0.0,0.95,0.95,0.95
joshua_kimmich__ger,Joshua Kimmich,GER,MID,kvalifikation,Kvalifikation,34,31,0,0,2,0,0,1,32.0,7.58,6.462000000000001,5.8500000000000005,6.5,0.0,0.0,0.969,0.0,0.0,0.905,0.0,0.0,0.9,0.8721,0.8145
joshua_kimmich__ger,Joshua Kimmich,GER,MID,nations_league,Nations League,22,18,0,2,2,0,2,0,20.0,5.08,3.8064000000000004,3.6504000000000003,4.68,0.0,0.2,0.9,0.0,0.091,0.959,0.0,0.039,0.78,0.702,0.748
joshua_kimmich__ger,Joshua Kimmich,GER,MID,venskabskamp,Venskabskamp,42,30,0,3,3,0,2,3,39.0,11.26,5.470400000000001,4.5032000000000005,8.66,0.0,0.5,0.769,0.0,0.071,0.823,0.0,0.044,0.52,0.3999,0.428
josip_stani_i__cro,Josip Stanisic,CRO,DEF,slutrunde,Slutrunde,10,3,0,1,0,0,1,6,10.0,2.84,2.84,1.16,1.16,0.0,0.2,0.3,0.0,0.1,0.408,0.0,0.07,1.0,0.3,0.408
josip_stani_i__cro,Josip Stanisic,CRO,DEF,nations_league_finals,Nations League-slutrunde,4,2,0,0,0,0,0,0,4.0,1.6,1.52,0.9119999999999999,0.96,0.0,0.0,0.5,0.0,0.0,0.6,0.0,0.0,0.95,0.475,0.57
josip_stani_i__cro,Josip Stanisic,CRO,DEF,kvalifikation,Kvalifikation,20,11,0,1,2,0,1,3,18.0,8.56,6.480000000000001,4.140000000000001,4.6000000000000005,0.0,0.68,0.611,0.0,0.05,0.639,0.0,0.079,0.9,0.5499,0.5751
josip_stani_i__cro,Josip Stanisic,CRO,DEF,nations_league,Nations League,12,2,0,2,6,0,2,1,6.0,4.08,0.9360000000000002,0.31200000000000006,0.4,0.0,0.4,0.333,0.0,0.167,0.333,0.0,0.098,0.78,0.2597,0.2597
josip_stani_i__cro,Josip Stanisic,CRO,DEF,venskabskamp,Venskabskamp,10,5,0,2,0,0,2,2,10.0,4.88,2.5376000000000003,1.5184000000000002,2.92,0.0,0.4,0.5,0.0,0.2,0.598,0.0,0.082,0.52,0.26,0.311
josip_utalo__cro,Josip Sutalo,CRO,DEF,slutrunde,Slutrunde,10,4,0,0,0,0,0,6,10.0,2.84,2.84,1.64,1.64,0.0,0.0,0.4,0.0,0.0,0.577,0.0,0.0,1.0,0.4,0.577
josip_utalo__cro,Josip Sutalo,CRO,DEF,nations_league_finals,Nations League-slutrunde,4,4,0,0,0,0,0,0,4.0,1.6,1.52,1.52,1.6,0.0,0.0,1.0,0.0,0.0,1.0,0.0,0.0,0.95,0.95,0.95
josip_utalo__cro,Josip Sutalo,CRO,DEF,kvalifikation,Kvalifikation,16,11,0,1,0,0,1,3,16.0,7.760000000000001,6.984000000000001,4.248,4.720000000000001,0.0,0.68,0.688,0.0,0.062,0.608,0.0,0.088,0.9,0.6192,0.5472
josip_utalo__cro,Josip Sutalo,CRO,DEF,nations_league,Nations League,11,9,0,1,0,0,1,1,11.0,3.88,3.0264,2.7144000000000004,3.48,0.0,0.2,0.818,0.0,0.091,0.897,0.0,0.052,0.78,0.638,0.6997
josip_utalo__cro,Josip Sutalo,CRO,DEF,venskabskamp,Venskabskamp,8,3,0,0,2,0,0,3,6.0,4.48,1.9968000000000001,1.248,2.4,0.0,0.0,0.5,0.0,0.0,0.625,0.0,0.0,0.52,0.26,0.325
jo_ko_gvardiol__cro,Josko Gvardiol,CRO,DEF,slutrunde,Slutrunde,14,14,0,0,0,0,0,0,14.0,3.64,3.64,3.64,3.64,0.0,0.0,1.0,0.0,0.0,1.0,0.0,0.0,1.0,1.0,1.0
jo_ko_gvardiol__cro,Josko Gvardiol,CRO,DEF,nations_league_finals,Nations League-slutrunde,4,2,0,0,2,0,0,0,2.0,1.6,0.9119999999999999,0.9119999999999999,0.96,0.0,0.0,1.0,0.0,0.0,1.0,0.0,0.0,0.95,0.95,0.95
jo_ko_gvardiol__cro,Josko Gvardiol,CRO,DEF,kvalifikation,Kvalifikation,23,16,0,5,0,0,5,1,23.0,9.16,8.244000000000002,5.256000000000001,5.84,0.0,1.9600000000000002,0.696,0.0,0.217,0.638,0.0,0.214,0.9,0.6264,0.5742
jo_ko_gvardiol__cro,Josko Gvardiol,CRO,DEF,nations_league,Nations League,12,8,0,4,0,0,4,0,12.0,4.08,3.1824000000000003,2.5584000000000002,3.28,0.0,0.8,0.667,0.0,0.333,0.804,0.0,0.196,0.78,0.5203,0.6271
jo_ko_gvardiol__cro,Josko Gvardiol,CRO,DEF,venskabskamp,Venskabskamp,11,5,0,0,2,0,0,3,9.0,5.08,1.6848,1.2064000000000001,2.32,0.0,0.0,0.556,0.0,0.0,0.716,0.0,0.0,0.52,0.2891,0.3723
josue_casimir__hai,Josue Casimir,HAI,FWD,kvalifikation,Kvalifikation,4,4,0,0,0,0,0,0,4.0,2.72,2.4480000000000004,2.4480000000000004,2.72,0.0,0.0,1.0,0.0,0.0,1.0,0.0,0.0,0.9,0.9,0.9
josue_casimir__hai,Josue Casimir,HAI,FWD,venskabskamp,Venskabskamp,4,2,0,1,0,0,1,0,4.0,3.84,1.9968000000000001,0.9984000000000001,1.92,0.0,0.92,0.5,0.0,0.25,0.5,0.0,0.24,0.52,0.26,0.26
josue_duverger__hai,Josue Duverger,HAI,GK,slutrunde,Slutrunde,14,0,0,5,0,0,5,9,14.0,4.1000000000000005,4.1000000000000005,0.0,0.0,0.0,2.4400000000000004,0.0,0.0,0.357,0.0,0.0,0.595,1.0,0.0,0.0
josue_duverger__hai,Josue Duverger,HAI,GK,kvalifikation,Kvalifikation,17,3,0,5,0,0,5,9,17.0,7.6000000000000005,6.840000000000001,0.9720000000000002,1.08,0.0,2.42,0.176,0.0,0.294,0.142,0.0,0.318,0.9,0.1584,0.1278
josue_duverger__hai,Josue Duverger,HAI,GK,nations_league,Nations League,24,1,0,10,0,0,10,13,24.0,6.16,4.8048,0.15600000000000003,0.2,0.0,4.16,0.042,0.0,0.417,0.032,0.0,0.675,0.78,0.0328,0.025
josue_duverger__hai,Josue Duverger,HAI,GK,venskabskamp,Venskabskamp,15,1,0,6,0,0,6,7,15.0,6.0600000000000005,3.1512000000000002,0.10400000000000001,0.2,0.0,1.62,0.067,0.0,0.4,0.033,0.0,0.267,0.52,0.0348,0.0172
jovane_cabral__cpv,Jovane Cabral,CPV,FWD,slutrunde,Slutrunde,9,4,0,2,2,0,2,1,7.0,2.4,2.0,1.28,1.28,0.0,0.4,0.571,0.0,0.222,0.64,0.0,0.167,1.0,0.571,0.64
jovane_cabral__cpv,Jovane Cabral,CPV,FWD,kvalifikation,Kvalifikation,44,9,0,25,6,0,25,0,38.0,12.4,9.936,3.996,4.44,0.0,5.24,0.237,0.0,0.568,0.402,0.0,0.423,0.9,0.2133,0.3618
jovane_cabral__cpv,Jovane Cabral,CPV,FWD,venskabskamp,Venskabskamp,26,7,0,9,5,0,9,2,21.0,9.280000000000001,4.3992,1.7888000000000002,3.44,0.0,2.68,0.333,0.0,0.346,0.407,0.0,0.289,0.52,0.1732,0.2116
jovo_lukic__bih,Jovo Lukic,BIH,FWD,kvalifikation,Kvalifikation,21,0,0,21,0,0,21,0,21.0,10.16,9.144000000000002,0.0,0.0,0.0,10.16,0.0,0.0,1.0,0.0,0.0,1.0,0.9,0.0,0.0
jovo_lukic__bih,Jovo Lukic,BIH,FWD,nations_league,Nations League,12,0,0,12,0,0,12,0,12.0,4.08,3.1824000000000003,0.0,0.0,0.0,4.08,0.0,0.0,1.0,0.0,0.0,1.0,0.78,0.0,0.0
jovo_lukic__bih,Jovo Lukic,BIH,FWD,venskabskamp,Venskabskamp,9,3,0,6,0,0,6,0,9.0,4.76,2.4752,1.1440000000000001,2.2,0.0,2.56,0.333,0.0,0.667,0.462,0.0,0.538,0.52,0.1732,0.2402
jo_o_cancelo__por,João Cancelo,POR,DEF,slutrunde,Slutrunde,23,7,0,9,4,0,9,2,19.0,5.1,4.3,2.52,2.52,0.0,0.9,0.368,0.0,0.391,0.586,0.0,0.176,1.0,0.368,0.586
jo_o_cancelo__por,João Cancelo,POR,DEF,nations_league_finals,Nations League-slutrunde,6,0,0,0,4,0,0,2,2.0,2.32,0.19,0.0,0.0,0.0,0.0,0.0,0.0,0.0,0.0,0.0,0.0,0.95,0.0,0.0
jo_o_cancelo__por,João Cancelo,POR,DEF,kvalifikation,Kvalifikation,44,26,0,5,6,0,5,5,38.0,10.540000000000001,7.902000000000001,6.354000000000001,7.0600000000000005,0.0,0.6000000000000001,0.684,0.0,0.114,0.804,0.0,0.057,0.9,0.6156,0.7236
jo_o_cancelo__por,João Cancelo,POR,DEF,nations_league,Nations League,22,15,0,3,0,0,2,2,22.0,5.08,3.9624000000000006,2.1528,2.7600000000000002,0.0,1.16,0.682,0.0,0.136,0.543,0.0,0.228,0.78,0.532,0.4235
jo_o_cancelo__por,João Cancelo,POR,DEF,venskabskamp,Venskabskamp,27,12,0,5,1,0,5,7,26.0,7.0600000000000005,3.5048000000000004,1.9968000000000001,3.84,0.0,0.5,0.462,0.0,0.185,0.57,0.0,0.071,0.52,0.2402,0.2964
jo_o_f_lix__por,João Felix,POR,FWD,slutrunde,Slutrunde,14,5,0,0,1,0,0,6,13.0,4.2,4.0,1.28,1.28,0.0,0.0,0.385,0.0,0.0,0.32,0.0,0.0,1.0,0.385,0.32
jo_o_f_lix__por,João Felix,POR,FWD,nations_league_finals,Nations League-slutrunde,6,1,0,0,0,0,0,5,6.0,2.32,2.2039999999999997,0.095,0.1,0.0,0.0,0.167,0.0,0.0,0.043,0.0,0.0,0.95,0.1587,0.0408
jo_o_f_lix__por,João Felix,POR,FWD,kvalifikation,Kvalifikation,32,11,0,2,4,0,2,2,28.0,9.34,7.866000000000001,3.0060000000000002,3.3400000000000003,0.0,0.8800000000000001,0.393,0.0,0.062,0.382,0.0,0.094,0.9,0.3537,0.3438
jo_o_f_lix__por,João Felix,POR,FWD,nations_league,Nations League,18,7,0,1,4,0,1,2,14.0,4.68,3.0264,0.8424,1.08,0.0,0.2,0.5,0.0,0.056,0.278,0.0,0.043,0.78,0.39,0.2168
jo_o_f_lix__por,João Felix,POR,FWD,venskabskamp,Venskabskamp,15,6,0,3,1,0,3,1,14.0,5.86,2.9432,1.3,2.5,0.0,0.72,0.429,0.0,0.2,0.442,0.0,0.123,0.52,0.2231,0.2298
jo_o_neves__por,João Neves,POR,MID,slutrunde,Slutrunde,5,1,0,0,0,0,0,3,5.0,2.4,2.4,0.48,0.48,0.0,0.0,0.2,0.0,0.0,0.2,0.0,0.0,1.0,0.2,0.2
jo_o_neves__por,João Neves,POR,MID,nations_league_finals,Nations League-slutrunde,4,3,0,0,0,0,0,1,4.0,2.12,2.014,1.5579999999999998,1.6400000000000001,0.0,0.0,0.75,0.0,0.0,0.774,0.0,0.0,0.95,0.7125,0.7353
jo_o_neves__por,João Neves,POR,MID,kvalifikation,Kvalifikation,10,4,0,0,2,0,0,1,8.0,5.36,3.6000000000000005,2.4480000000000004,2.72,0.0,0.0,0.5,0.0,0.0,0.68,0.0,0.0,0.9,0.45,0.612
jo_o_neves__por,João Neves,POR,MID,nations_league,Nations League,6,2,0,0,0,0,0,2,6.0,2.88,2.2464,0.7488,0.96,0.0,0.0,0.333,0.0,0.0,0.333,0.0,0.0,0.78,0.2597,0.2597
jo_o_neves__por,João Neves,POR,MID,venskabskamp,Venskabskamp,8,2,0,1,0,0,1,2,8.0,4.76,2.4752,0.41600000000000004,0.8,0.0,1.0,0.25,0.0,0.125,0.168,0.0,0.21,0.52,0.13,0.0874
joao_palhinha__por,João Palhinha,POR,MID,slutrunde,Slutrunde,14,5,0,1,0,0,1,4,14.0,4.2,4.2,2.12,2.12,0.0,0.2,0.357,0.0,0.071,0.505,0.0,0.048,1.0,0.357,0.505
joao_palhinha__por,João Palhinha,POR,MID,nations_league_finals,Nations League-slutrunde,4,0,0,0,0,0,0,3,4.0,2.12,2.014,0.0,0.0,0.0,0.0,0.0,0.0,0.0,0.0,0.0,0.0,0.95,0.0,0.0
joao_palhinha__por,João Palhinha,POR,MID,kvalifikation,Kvalifikation,26,10,0,3,0,0,3,6,26.0,8.74,7.866000000000001,2.232,2.48,0.0,0.72,0.385,0.0,0.115,0.284,0.0,0.082,0.9,0.3465,0.2556
joao_palhinha__por,João Palhinha,POR,MID,nations_league,Nations League,12,2,0,1,2,0,1,4,10.0,4.08,2.4336,0.7488,0.96,0.0,0.48,0.2,0.0,0.083,0.308,0.0,0.118,0.78,0.156,0.2402
joao_palhinha__por,João Palhinha,POR,MID,venskabskamp,Venskabskamp,10,3,0,1,0,0,1,4,10.0,2.82,1.4664000000000001,0.5824,1.12,0.0,0.32,0.3,0.0,0.1,0.397,0.0,0.113,0.52,0.156,0.2064
joao_pedro__bra,João Pedro,BRA,FWD,slutrunde,Slutrunde,4,0,0,4,0,0,4,0,4.0,1.92,1.92,0.0,0.0,0.0,1.92,0.0,0.0,1.0,0.0,0.0,1.0,1.0,0.0,0.0
joao_pedro__bra,João Pedro,BRA,FWD,kvalifikation,Kvalifikation,14,3,0,6,0,0,6,3,14.0,7.0,6.300000000000001,1.332,1.48,0.0,3.08,0.214,0.0,0.429,0.211,0.0,0.44,0.9,0.1926,0.1899
joao_pedro__bra,João Pedro,BRA,FWD,venskabskamp,Venskabskamp,10,1,0,4,2,0,4,1,8.0,6.16,2.8704,0.47840000000000005,0.92,0.0,2.3200000000000003,0.125,0.0,0.4,0.167,0.0,0.377,0.52,0.065,0.0868
juan_cucho_hernandez__col,Juan 'Cucho' Hernandez,COL,FWD,slutrunde,Slutrunde,17,0,0,13,4,0,13,0,13.0,4.68,4.28,0.0,0.0,0.0,4.28,0.0,0.0,0.765,0.0,0.0,0.915,1.0,0.0,0.0
juan_cucho_hernandez__col,Juan 'Cucho' Hernandez,COL,FWD,kvalifikation,Kvalifikation,36,1,0,32,0,0,32,2,36.0,11.58,10.422,0.6120000000000001,0.68,0.0,9.42,0.028,0.0,0.889,0.059,0.0,0.813,0.9,0.0252,0.0531
juan_cucho_hernandez__col,Juan 'Cucho' Hernandez,COL,FWD,venskabskamp,Venskabskamp,34,4,0,18,9,0,18,1,25.0,11.14,5.2208000000000006,1.1440000000000001,2.2,0.0,6.86,0.16,0.0,0.529,0.219,0.0,0.616,0.52,0.0832,0.1139
juan_cabal__col,Juan Cabal,COL,DEF,slutrunde,Slutrunde,6,0,0,6,0,0,6,0,6.0,2.88,2.88,0.0,0.0,0.0,2.88,0.0,0.0,1.0,0.0,0.0,1.0,1.0,0.0,0.0
juan_cabal__col,Juan Cabal,COL,DEF,kvalifikation,Kvalifikation,12,0,0,3,7,0,3,0,5.0,6.5600000000000005,2.34,0.0,0.0,0.0,1.6400000000000001,0.0,0.0,0.25,0.0,0.0,0.25,0.9,0.0,0.0
juan_cabal__col,Juan Cabal,COL,DEF,venskabskamp,Venskabskamp,10,1,0,2,4,0,2,3,6.0,6.16,1.7888000000000002,0.47840000000000005,0.92,0.0,0.96,0.167,0.0,0.2,0.267,0.0,0.156,0.52,0.0868,0.1388
juan_espinola__par,Juan Espinola,PAR,GK,slutrunde,Slutrunde,3,0,0,3,0,0,3,0,3.0,1.44,1.44,0.0,0.0,0.0,1.44,0.0,0.0,1.0,0.0,0.0,1.0,1.0,0.0,0.0
juan_espinola__par,Juan Espinola,PAR,GK,kvalifikation,Kvalifikation,18,0,0,3,0,0,3,15,18.0,8.28,7.452000000000001,0.0,0.0,0.0,1.84,0.0,0.0,0.167,0.0,0.0,0.222,0.9,0.0,0.0
juan_espinola__par,Juan Espinola,PAR,GK,venskabskamp,Venskabskamp,14,1,0,5,0,0,5,8,14.0,4.62,2.4024,0.10400000000000001,0.2,0.0,1.96,0.071,0.0,0.357,0.043,0.0,0.424,0.52,0.0369,0.0224
juan_jose_caceres__par,Juan Jose Caceres,PAR,DEF,slutrunde,Slutrunde,3,0,0,0,3,0,0,0,0.0,1.44,0.0,0.0,0.0,0.0,0.0,0,0.0,0.0,0,0.0,0.0,1.0,0.0,0.0
juan_jose_caceres__par,Juan Jose Caceres,PAR,DEF,kvalifikation,Kvalifikation,18,10,0,3,2,0,2,1,16.0,8.28,6.876,4.5360000000000005,5.04,0.0,1.12,0.625,0.0,0.167,0.66,0.0,0.135,0.9,0.5625,0.594
juan_jose_caceres__par,Juan Jose Caceres,PAR,DEF,venskabskamp,Venskabskamp,11,5,0,0,3,0,0,3,8.0,7.32,3.0576000000000003,1.872,3.6,0.0,0.0,0.625,0.0,0.0,0.612,0.0,0.0,0.52,0.325,0.3182
juan_manuel_sanabria__uru,Juan Manuel Sanabria,URU,MID,kvalifikation,Kvalifikation,2,0,0,0,0,0,0,2,2.0,1.36,1.2240000000000002,0.0,0.0,0.0,0.0,0.0,0.0,0.0,0.0,0.0,0.0,0.9,0.0,0.0
juan_manuel_sanabria__uru,Juan Manuel Sanabria,URU,MID,venskabskamp,Venskabskamp,6,3,0,0,0,0,0,1,6.0,4.5600000000000005,2.3712,1.0608,2.04,0.0,0.0,0.5,0.0,0.0,0.447,0.0,0.0,0.52,0.26,0.2324
juan_musso__arg,Juan Musso,ARG,GK,slutrunde,Slutrunde,28,0,0,19,0,0,19,9,28.0,7.4,7.4,0.0,0.0,0.0,6.2,0.0,0.0,0.679,0.0,0.0,0.838,1.0,0.0,0.0
juan_musso__arg,Juan Musso,ARG,GK,kvalifikation,Kvalifikation,35,1,0,18,1,0,18,15,34.0,11.38,10.152000000000001,0.18000000000000002,0.2,0.0,7.26,0.029,0.0,0.514,0.018,0.0,0.638,0.9,0.0261,0.0162
juan_musso__arg,Juan Musso,ARG,GK,venskabskamp,Venskabskamp,27,1,0,15,2,0,15,7,25.0,9.22,4.5864,0.52,1.0,0.0,5.180000000000001,0.04,0.0,0.556,0.113,0.0,0.562,0.52,0.0208,0.0588
juan_portilla__col,Juan Portilla,COL,MID,slutrunde,Slutrunde,6,0,0,6,0,0,6,0,6.0,2.88,2.88,0.0,0.0,0.0,2.88,0.0,0.0,1.0,0.0,0.0,1.0,1.0,0.0,0.0
juan_portilla__col,Juan Portilla,COL,MID,kvalifikation,Kvalifikation,12,2,0,3,0,0,3,4,12.0,6.5600000000000005,5.904,0.864,0.96,0.0,1.84,0.167,0.0,0.25,0.146,0.0,0.28,0.9,0.1503,0.1314
juan_portilla__col,Juan Portilla,COL,MID,venskabskamp,Venskabskamp,11,2,0,4,0,0,4,3,11.0,7.16,3.7232000000000003,0.7072,1.36,0.0,2.8,0.182,0.0,0.364,0.19,0.0,0.391,0.52,0.0946,0.0988
juan_quintero__col,Juan Quintero,COL,MID,venskabskamp,Venskabskamp,1,0,0,0,0,0,0,1,1.0,0.1,0.052000000000000005,0.0,0.0,0.0,0.0,0.0,0.0,0.0,0.0,0.0,0.0,0.52,0.0,0.0
jude_bellingham__eng,Jude Bellingham,ENG,MID,slutrunde,Slutrunde,19,12,0,0,0,0,0,4,19.0,5.76,5.76,4.36,4.36,0.0,0.0,0.632,0.0,0.0,0.757,0.0,0.0,1.0,0.632,0.757
jude_bellingham__eng,Jude Bellingham,ENG,MID,kvalifikation,Kvalifikation,26,10,0,5,4,0,5,4,22.0,9.06,6.354000000000001,3.3840000000000003,3.7600000000000002,0.0,1.7200000000000002,0.455,0.0,0.192,0.533,0.0,0.19,0.9,0.4095,0.4797
jude_bellingham__eng,Jude Bellingham,ENG,MID,nations_league,Nations League,14,9,0,0,2,0,0,3,12.0,4.28,2.5896000000000003,2.2776,2.92,0.0,0.0,0.75,0.0,0.0,0.88,0.0,0.0,0.78,0.585,0.6864
jude_bellingham__eng,Jude Bellingham,ENG,MID,venskabskamp,Venskabskamp,16,5,0,4,0,0,4,2,16.0,7.08,3.6816000000000004,0.6552000000000001,1.26,0.0,2.4,0.312,0.0,0.25,0.178,0.0,0.339,0.52,0.1622,0.0926
jules_kounde__fra,Jules Kounde,FRA,DEF,slutrunde,Slutrunde,17,12,0,1,0,0,1,3,17.0,5.08,5.08,4.08,4.08,0.0,0.2,0.706,0.0,0.059,0.803,0.0,0.039,1.0,0.706,0.803
jules_kounde__fra,Jules Kounde,FRA,DEF,nations_league_finals,Nations League-slutrunde,6,4,0,0,2,0,0,0,4.0,2.52,1.2919999999999998,1.2919999999999998,1.3599999999999999,0.0,0.0,1.0,0.0,0.0,1.0,0.0,0.0,0.95,0.95,0.95
jules_kounde__fra,Jules Kounde,FRA,DEF,kvalifikation,Kvalifikation,19,11,0,2,1,0,0,4,18.0,7.4,6.372000000000001,4.032000000000001,4.48,0.0,0.4,0.611,0.0,0.105,0.633,0.0,0.054,0.9,0.5499,0.5697
jules_kounde__fra,Jules Kounde,FRA,DEF,nations_league,Nations League,12,8,0,0,1,0,0,2,11.0,4.08,3.0264,2.3400000000000003,3.0,0.0,0.0,0.727,0.0,0.0,0.773,0.0,0.0,0.78,0.5671,0.6029
jules_kounde__fra,Jules Kounde,FRA,DEF,venskabskamp,Venskabskamp,13,6,0,0,3,0,0,1,10.0,5.78,1.8824,1.456,2.8,0.0,0.0,0.6,0.0,0.0,0.773,0.0,0.0,0.52,0.312,0.402
juli_n_lvarez__arg,Julian Alvarez,ARG,FWD,slutrunde,Slutrunde,22,9,0,6,0,0,6,2,22.0,6.8,6.8,2.92,2.92,0.0,1.9200000000000002,0.409,0.0,0.273,0.429,0.0,0.282,1.0,0.409,0.429
juli_n_lvarez__arg,Julian Alvarez,ARG,FWD,kvalifikation,Kvalifikation,31,17,0,3,0,0,1,4,31.0,10.98,9.882000000000001,6.912000000000001,7.68,0.0,0.6000000000000001,0.548,0.0,0.097,0.699,0.0,0.055,0.9,0.4932,0.6291
juli_n_lvarez__arg,Julian Alvarez,ARG,FWD,venskabskamp,Venskabskamp,18,10,0,2,0,0,2,3,18.0,8.32,4.3264000000000005,2.3088,4.44,0.0,1.6800000000000002,0.556,0.0,0.111,0.534,0.0,0.202,0.52,0.2891,0.2777
juli_n_qui_ones__mex,Julian Quinones,MEX,FWD,slutrunde,Slutrunde,9,4,0,1,0,0,1,1,9.0,5.5200000000000005,5.5200000000000005,2.12,2.12,0.0,0.68,0.444,0.0,0.111,0.384,0.0,0.123,1.0,0.444,0.384
juli_n_qui_ones__mex,Julian Quinones,MEX,FWD,nations_league_finals,Nations League-slutrunde,8,2,0,0,0,0,0,3,8.0,3.2,3.04,0.76,0.8,0.0,0.0,0.25,0.0,0.0,0.25,0.0,0.0,0.95,0.2375,0.2375
juli_n_qui_ones__mex,Julian Quinones,MEX,FWD,venskabskamp,Venskabskamp,23,6,0,10,2,0,10,1,21.0,15.870000000000001,7.5452,2.2048,4.24,0.0,6.71,0.286,0.0,0.435,0.292,0.0,0.423,0.52,0.1487,0.1518
julian_ryerson__nor,Julian Ryerson,NOR,DEF,kvalifikation,Kvalifikation,26,14,0,1,0,0,1,6,26.0,9.06,8.154000000000002,6.066000000000001,6.74,0.0,0.1,0.538,0.0,0.038,0.744,0.0,0.011,0.9,0.4842,0.6696
julian_ryerson__nor,Julian Ryerson,NOR,DEF,nations_league,Nations League,13,10,0,0,0,0,0,2,13.0,4.18,3.2604,2.7924,3.58,0.0,0.0,0.769,0.0,0.0,0.856,0.0,0.0,0.78,0.5998,0.6677
julian_ryerson__nor,Julian Ryerson,NOR,DEF,venskabskamp,Venskabskamp,17,5,0,2,0,0,2,3,17.0,7.54,3.9208000000000003,1.768,3.4,0.0,1.0,0.294,0.0,0.118,0.451,0.0,0.133,0.52,0.1529,0.2345
julio_enciso__par,Julio Enciso,PAR,FWD,slutrunde,Slutrunde,8,3,0,1,0,0,1,2,8.0,2.44,2.44,1.44,1.44,0.0,0.2,0.375,0.0,0.125,0.59,0.0,0.082,1.0,0.375,0.59
julio_enciso__par,Julio Enciso,PAR,FWD,kvalifikation,Kvalifikation,30,11,0,8,6,0,8,2,24.0,10.68,7.884,4.428,4.92,0.0,2.56,0.458,0.0,0.267,0.562,0.0,0.24,0.9,0.4122,0.5058
julio_enciso__par,Julio Enciso,PAR,FWD,venskabskamp,Venskabskamp,19,11,0,4,2,0,4,0,17.0,8.92,4.430400000000001,2.9120000000000004,5.6000000000000005,0.0,1.7600000000000002,0.647,0.0,0.211,0.657,0.0,0.197,0.52,0.3364,0.3416
julio_soler__arg,Julio Soler,ARG,DEF,venskabskamp,Venskabskamp,14,3,0,8,0,0,6,1,14.0,5.32,2.7664,0.6032,1.16,0.0,3.28,0.214,0.0,0.571,0.218,0.0,0.617,0.52,0.1113,0.1134
julio_soler__arg,Julio Soler,ARG,DEF,ungdom_slutrunde,Ungdomsslutrunde,27,13,0,12,0,0,11,2,27.0,11.280000000000001,3.9479999999999995,2.6039999999999996,7.44,0.0,2.68,0.481,0.0,0.444,0.66,0.0,0.238,0.35,0.1683,0.231
jun_ho_bae__kor,Jun-ho Bae,KOR,MID,slutrunde,Slutrunde,3,0,0,3,0,0,3,0,3.0,2.04,2.04,0.0,0.0,0.0,2.04,0.0,0.0,1.0,0.0,0.0,1.0,1.0,0.0,0.0
jun_ho_bae__kor,Jun-ho Bae,KOR,MID,kvalifikation,Kvalifikation,12,2,0,4,0,0,4,0,12.0,5.96,5.364,1.044,1.1600000000000001,0.0,1.92,0.167,0.0,0.333,0.195,0.0,0.322,0.9,0.1503,0.1755
jun_ho_bae__kor,Jun-ho Bae,KOR,MID,venskabskamp,Venskabskamp,10,3,0,3,0,0,3,2,10.0,7.92,4.1184,1.352,2.6,0.0,2.3600000000000003,0.3,0.0,0.3,0.328,0.0,0.298,0.52,0.156,0.1706
juninho_bacuna__cuw,Juninho Bacuna,CUW,MID,slutrunde,Slutrunde,3,2,0,1,0,0,1,0,3.0,2.04,2.04,1.36,1.36,0.0,0.68,0.667,0.0,0.333,0.667,0.0,0.333,1.0,0.667,0.667
juninho_bacuna__cuw,Juninho Bacuna,CUW,MID,kvalifikation,Kvalifikation,17,17,0,0,0,0,0,0,17.0,7.62,6.8580000000000005,6.8580000000000005,7.62,0.0,0.0,1.0,0.0,0.0,1.0,0.0,0.0,0.9,0.9,0.9
juninho_bacuna__cuw,Juninho Bacuna,CUW,MID,nations_league,Nations League,18,17,0,0,0,0,0,0,18.0,5.36,4.1808000000000005,4.0248,5.16,0.0,0.0,0.944,0.0,0.0,0.963,0.0,0.0,0.78,0.7363,0.7511
juninho_bacuna__cuw,Juninho Bacuna,CUW,MID,venskabskamp,Venskabskamp,15,11,0,4,0,0,4,0,15.0,5.6000000000000005,2.9120000000000004,2.4960000000000004,4.8,0.0,0.8,0.733,0.0,0.267,0.857,0.0,0.143,0.52,0.3812,0.4456
j_nior_alonso__par,Junior Alonso,PAR,DEF,slutrunde,Slutrunde,21,9,0,9,0,0,9,3,21.0,3.74,3.74,1.4000000000000001,1.4000000000000001,0.0,0.9,0.429,0.0,0.429,0.374,0.0,0.241,1.0,0.429,0.374
j_nior_alonso__par,Junior Alonso,PAR,DEF,kvalifikation,Kvalifikation,58,35,0,13,0,0,7,10,58.0,13.58,12.222000000000001,8.226,9.14,0.0,2.56,0.603,0.0,0.224,0.673,0.0,0.189,0.9,0.5427,0.6057
j_nior_alonso__par,Junior Alonso,PAR,DEF,venskabskamp,Venskabskamp,48,26,0,11,2,0,11,8,46.0,11.82,5.938400000000001,4.1912,8.06,0.0,1.4000000000000001,0.565,0.0,0.229,0.706,0.0,0.118,0.52,0.2938,0.3671
junnosuke_suzuki__jpn,Junnosuke Suzuki,JPN,DEF,slutrunde,Slutrunde,3,0,0,0,3,0,0,0,0.0,2.04,0.0,0.0,0.0,0.0,0.0,0,0.0,0.0,0,0.0,0.0,1.0,0.0,0.0
junnosuke_suzuki__jpn,Junnosuke Suzuki,JPN,DEF,kvalifikation,Kvalifikation,1,1,0,0,0,0,0,0,1.0,0.68,0.6120000000000001,0.6120000000000001,0.68,0.0,0.0,1.0,0.0,0.0,1.0,0.0,0.0,0.9,0.9,0.9
junnosuke_suzuki__jpn,Junnosuke Suzuki,JPN,DEF,venskabskamp,Venskabskamp,9,3,0,2,0,0,2,2,9.0,6.92,3.5984000000000003,1.0608,2.04,0.0,1.36,0.333,0.0,0.222,0.295,0.0,0.197,0.52,0.1732,0.1534
junya_ito__jpn,Junya Ito,JPN,MID,slutrunde,Slutrunde,35,8,0,17,0,0,16,3,35.0,7.04,7.04,1.54,1.54,0.0,3.9600000000000004,0.229,0.0,0.486,0.219,0.0,0.562,1.0,0.229,0.219
junya_ito__jpn,Junya Ito,JPN,MID,kvalifikation,Kvalifikation,34,14,0,7,0,0,6,4,34.0,10.24,9.216000000000001,2.5200000000000005,2.8000000000000003,0.0,2.96,0.412,0.0,0.206,0.273,0.0,0.289,0.9,0.3708,0.2457
junya_ito__jpn,Junya Ito,JPN,MID,venskabskamp,Venskabskamp,47,20,0,8,2,0,8,6,45.0,13.26,6.188000000000001,3.3696,6.48,0.0,0.8,0.444,0.0,0.17,0.545,0.0,0.06,0.52,0.2309,0.2834
juri_n_gaari__cuw,Jurien Gaari,CUW,DEF,slutrunde,Slutrunde,10,8,0,0,0,0,0,2,10.0,2.74,2.74,2.54,2.54,0.0,0.0,0.8,0.0,0.0,0.927,0.0,0.0,1.0,0.8,0.927
juri_n_gaari__cuw,Jurien Gaari,CUW,DEF,kvalifikation,Kvalifikation,19,15,0,2,0,0,2,0,19.0,7.82,7.038000000000001,4.914000000000001,5.46,0.0,1.0,0.789,0.0,0.105,0.698,0.0,0.128,0.9,0.7101,0.6282
juri_n_gaari__cuw,Jurien Gaari,CUW,DEF,nations_league,Nations League,22,18,0,4,0,0,4,0,22.0,5.76,4.492800000000001,4.1808000000000005,5.36,0.0,0.4,0.818,0.0,0.182,0.931,0.0,0.069,0.78,0.638,0.7262
juri_n_gaari__cuw,Jurien Gaari,CUW,DEF,venskabskamp,Venskabskamp,22,10,0,6,0,0,6,2,22.0,6.3,3.2760000000000002,2.2256,4.28,0.0,1.2000000000000002,0.455,0.0,0.273,0.679,0.0,0.19,0.52,0.2366,0.3531
juri_n_gaari__cuw,Jurien Gaari,CUW,DEF,ungdom_slutrunde,Ungdomsslutrunde,2,0,0,0,0,0,0,1,2.0,0.2,0.06999999999999999,0.0,0.0,0.0,0.0,0.0,0.0,0.0,0.0,0.0,0.0,0.35,0.0,0.0
jurri_n_timber__ned,Jurrien Timber,NED,DEF,slutrunde,Slutrunde,15,5,0,6,0,0,6,2,15.0,4.68,4.68,1.0,1.0,0.0,2.88,0.333,0.0,0.4,0.214,0.0,0.615,1.0,0.333,0.214
jurri_n_timber__ned,Jurrien Timber,NED,DEF,nations_league_finals,Nations League-slutrunde,4,0,0,0,2,0,0,2,2.0,1.6,0.608,0.0,0.0,0.0,0.0,0.0,0.0,0.0,0.0,0.0,0.0,0.95,0.0,0.0
jurri_n_timber__ned,Jurrien Timber,NED,DEF,kvalifikation,Kvalifikation,23,6,0,2,8,0,2,6,15.0,9.16,6.156000000000001,2.8080000000000003,3.12,0.0,1.36,0.4,0.0,0.087,0.456,0.0,0.148,0.9,0.36,0.4104
jurri_n_timber__ned,Jurrien Timber,NED,DEF,nations_league,Nations League,12,5,0,2,2,0,2,1,10.0,4.08,2.4336,0.9984000000000002,1.28,0.0,0.4,0.5,0.0,0.167,0.41,0.0,0.098,0.78,0.39,0.3198
jurri_n_timber__ned,Jurrien Timber,NED,DEF,venskabskamp,Venskabskamp,11,2,0,2,7,0,2,0,4.0,5.14,0.6552,0.15600000000000003,0.30000000000000004,0.0,0.96,0.5,0.0,0.182,0.238,0.0,0.187,0.52,0.26,0.1238
justin_bijlow__ned,Justin Bijlow,NED,GK,slutrunde,Slutrunde,11,0,0,0,0,0,0,11,11.0,3.88,3.88,0.0,0.0,0.0,0.0,0.0,0.0,0.0,0.0,0.0,0.0,1.0,0.0,0.0
justin_bijlow__ned,Justin Bijlow,NED,GK,nations_league_finals,Nations League-slutrunde,4,2,0,0,2,0,0,0,2.0,1.6,0.608,0.608,0.64,0.0,0.0,1.0,0.0,0.0,1.0,0.0,0.0,0.95,0.95,0.95
justin_bijlow__ned,Justin Bijlow,NED,GK,kvalifikation,Kvalifikation,23,6,0,7,8,0,7,2,15.0,9.16,5.292000000000001,1.08,1.2000000000000002,0.0,4.04,0.4,0.0,0.304,0.204,0.0,0.441,0.9,0.36,0.1836
justin_bijlow__ned,Justin Bijlow,NED,GK,nations_league,Nations League,12,0,0,6,6,0,6,0,6.0,4.08,1.8096,0.0,0.0,0.0,2.32,0.0,0.0,0.5,0.0,0.0,0.569,0.78,0.0,0.0
justin_bijlow__ned,Justin Bijlow,NED,GK,venskabskamp,Venskabskamp,8,0,0,0,4,0,0,4,4.0,3.84,1.456,0.0,0.0,0.0,0.0,0.0,0.0,0.0,0.0,0.0,0.0,0.52,0.0,0.0
j_rgen_strand_larsen__nor,Jørgen Strand Larsen,NOR,FWD,kvalifikation,Kvalifikation,26,2,0,9,4,0,9,4,22.0,9.06,7.272000000000001,0.5760000000000001,0.64,0.0,2.36,0.091,0.0,0.346,0.079,0.0,0.26,0.9,0.0819,0.0711
j_rgen_strand_larsen__nor,Jørgen Strand Larsen,NOR,FWD,nations_league,Nations League,13,1,0,4,0,0,4,1,13.0,4.18,3.2604,0.07800000000000001,0.1,0.0,0.8,0.077,0.0,0.308,0.024,0.0,0.191,0.78,0.0601,0.0187
j_rgen_strand_larsen__nor,Jørgen Strand Larsen,NOR,FWD,venskabskamp,Venskabskamp,17,7,0,5,1,0,5,1,16.0,7.54,3.5672,2.0384,3.92,0.0,0.9,0.438,0.0,0.294,0.571,0.0,0.119,0.52,0.2278,0.2969
jurgen_locadia__cuw,Jürgen Locadia,CUW,FWD,slutrunde,Slutrunde,3,2,0,0,0,0,0,0,3.0,2.04,2.04,1.36,1.36,0.0,0.0,0.667,0.0,0.0,0.667,0.0,0.0,1.0,0.667,0.667
jurgen_locadia__cuw,Jürgen Locadia,CUW,FWD,kvalifikation,Kvalifikation,11,4,0,2,0,0,2,1,11.0,6.720000000000001,6.048000000000001,2.1240000000000006,2.3600000000000003,0.0,1.36,0.364,0.0,0.182,0.351,0.0,0.202,0.9,0.3276,0.3159
jurgen_locadia__cuw,Jürgen Locadia,CUW,FWD,nations_league,Nations League,10,0,0,7,3,0,7,0,7.0,4.16,2.1216,0.0,0.0,0.0,2.7199999999999998,0.0,0.0,0.7,0.0,0.0,0.654,0.78,0.0,0.0
jurgen_locadia__cuw,Jürgen Locadia,CUW,FWD,venskabskamp,Venskabskamp,6,2,0,4,0,0,4,0,6.0,3.8000000000000003,1.9760000000000002,0.6864,1.32,0.0,2.48,0.333,0.0,0.667,0.347,0.0,0.653,0.52,0.1732,0.1804
kaan_ayhan__tur,Kaan Ayhan,TUR,MID,slutrunde,Slutrunde,8,6,0,0,0,0,0,0,8.0,3.0,3.0,2.32,2.32,0.0,0.0,0.75,0.0,0.0,0.773,0.0,0.0,1.0,0.75,0.773
kaan_ayhan__tur,Kaan Ayhan,TUR,MID,kvalifikation,Kvalifikation,48,15,0,7,5,0,7,11,43.0,12.24,8.478000000000002,1.62,1.8,0.0,1.56,0.349,0.0,0.146,0.191,0.0,0.127,0.9,0.3141,0.1719
kaan_ayhan__tur,Kaan Ayhan,TUR,MID,nations_league,Nations League,24,11,0,1,3,0,0,3,21.0,6.04,4.1808000000000005,2.0592,2.64,0.0,0.48,0.524,0.0,0.042,0.493,0.0,0.079,0.78,0.4087,0.3845
kaan_ayhan__tur,Kaan Ayhan,TUR,MID,venskabskamp,Venskabskamp,34,17,0,6,0,0,6,5,34.0,8.14,4.2328,1.7784000000000002,3.42,0.0,1.02,0.5,0.0,0.176,0.42,0.0,0.125,0.52,0.26,0.2184
kadir_barria__pan,Kadir Barria,PAN,FWD,venskabskamp,Venskabskamp,7,3,0,0,0,0,0,2,7.0,6.54,3.4008000000000003,1.3624,2.62,0.0,0.0,0.429,0.0,0.0,0.401,0.0,0.0,0.52,0.2231,0.2085
kai_havertz__ger,Kai Havertz,GER,FWD,slutrunde,Slutrunde,12,10,0,0,0,0,0,1,12.0,3.8,3.8,3.4,3.4,0.0,0.0,0.833,0.0,0.0,0.895,0.0,0.0,1.0,0.833,0.895
kai_havertz__ger,Kai Havertz,GER,FWD,nations_league_finals,Nations League-slutrunde,4,0,0,2,2,0,2,0,2.0,2.12,1.1019999999999999,0.0,0.0,0.0,1.1600000000000001,0.0,0.0,0.5,0.0,0.0,0.547,0.95,0.0,0.0
kai_havertz__ger,Kai Havertz,GER,FWD,kvalifikation,Kvalifikation,24,7,0,1,9,0,0,3,15.0,6.58,1.8900000000000001,0.9000000000000001,1.0,0.0,0.2,0.467,0.0,0.042,0.476,0.0,0.03,0.9,0.4203,0.4284
kai_havertz__ger,Kai Havertz,GER,FWD,nations_league,Nations League,22,7,0,1,6,0,1,4,16.0,5.08,2.9016,1.6692,2.14,0.0,0.1,0.438,0.0,0.045,0.575,0.0,0.02,0.78,0.3416,0.4485
kai_havertz__ger,Kai Havertz,GER,FWD,venskabskamp,Venskabskamp,30,21,0,2,2,0,0,1,28.0,10.06,5.075200000000001,3.7856000000000005,7.28,0.0,1.1,0.75,0.0,0.067,0.746,0.0,0.109,0.52,0.39,0.3879
kai_trewin__aus,Kai Trewin,AUS,DEF,kvalifikation,Kvalifikation,4,0,0,0,0,0,0,4,4.0,2.12,1.9080000000000001,0.0,0.0,0.0,0.0,0.0,0.0,0.0,0.0,0.0,0.0,0.9,0.0,0.0
kai_trewin__aus,Kai Trewin,AUS,DEF,venskabskamp,Venskabskamp,6,4,0,0,0,0,0,0,6.0,5.2,2.704,1.7056,3.2800000000000002,0.0,0.0,0.667,0.0,0.0,0.631,0.0,0.0,0.52,0.3468,0.3281
kaishu_sano__jpn,Kaishu Sano,JPN,MID,slutrunde,Slutrunde,8,0,0,3,0,0,3,3,8.0,3.64,3.64,0.0,0.0,0.0,2.04,0.0,0.0,0.375,0.0,0.0,0.56,1.0,0.0,0.0
kaishu_sano__jpn,Kaishu Sano,JPN,MID,kvalifikation,Kvalifikation,16,2,0,12,0,0,12,1,16.0,7.24,6.516,1.044,1.1600000000000001,0.0,5.4399999999999995,0.125,0.0,0.75,0.16,0.0,0.751,0.9,0.1125,0.144
kaishu_sano__jpn,Kaishu Sano,JPN,MID,venskabskamp,Venskabskamp,10,6,0,0,0,0,0,2,10.0,7.24,3.7648,2.0592,3.9600000000000004,0.0,0.0,0.6,0.0,0.0,0.547,0.0,0.0,0.52,0.312,0.2844
kalidou_koulibaly__sen,Kalidou Koulibaly,SEN,DEF,slutrunde,Slutrunde,48,30,0,15,2,0,13,1,46.0,16.11,15.71,8.53,8.53,0.0,7.08,0.652,0.0,0.312,0.543,0.0,0.439,1.0,0.652,0.543
kalidou_koulibaly__sen,Kalidou Koulibaly,SEN,DEF,kvalifikation,Kvalifikation,56,49,0,5,0,0,4,2,56.0,13.8,12.420000000000002,11.394,12.66,0.0,0.72,0.875,0.0,0.089,0.917,0.0,0.052,0.9,0.7875,0.8253
kalidou_koulibaly__sen,Kalidou Koulibaly,SEN,DEF,venskabskamp,Venskabskamp,33,22,0,5,1,0,5,4,32.0,9.56,4.4512,2.6624000000000003,5.12,0.0,2.3600000000000003,0.688,0.0,0.152,0.598,0.0,0.247,0.52,0.3578,0.311
kamal_miller__can,Kamal Miller,CAN,DEF,slutrunde,Slutrunde,26,13,0,0,0,0,0,9,26.0,8.88,8.88,3.56,3.56,0.0,0.0,0.5,0.0,0.0,0.401,0.0,0.0,1.0,0.5,0.401
kamal_miller__can,Kamal Miller,CAN,DEF,nations_league_finals,Nations League-slutrunde,9,6,0,2,0,0,2,1,9.0,3.52,3.344,1.976,2.08,0.0,0.96,0.667,0.0,0.222,0.591,0.0,0.273,0.95,0.6337,0.5614
kamal_miller__can,Kamal Miller,CAN,DEF,kvalifikation,Kvalifikation,20,10,0,4,0,0,4,3,20.0,3.8000000000000003,3.4200000000000004,1.7100000000000002,1.9000000000000001,0.0,0.8,0.5,0.0,0.2,0.5,0.0,0.211,0.9,0.45,0.45
kamal_miller__can,Kamal Miller,CAN,DEF,nations_league,Nations League,9,4,0,2,0,0,2,3,9.0,1.3,1.0140000000000002,0.4680000000000001,0.6000000000000001,0.0,0.4,0.444,0.0,0.222,0.462,0.0,0.308,0.78,0.3463,0.3604
kamal_miller__can,Kamal Miller,CAN,DEF,venskabskamp,Venskabskamp,24,11,0,5,0,0,4,6,24.0,11.950000000000001,6.214,2.4388,4.69,0.0,3.2,0.458,0.0,0.208,0.392,0.0,0.268,0.52,0.2382,0.2038
kamaldeen_sulemana__gha,Kamaldeen Sulemana,GHA,FWD,slutrunde,Slutrunde,12,3,0,3,3,0,3,1,9.0,2.7600000000000002,1.8,0.6000000000000001,0.6000000000000001,0.0,0.6000000000000001,0.333,0.0,0.25,0.333,0.0,0.217,1.0,0.333,0.333
kamaldeen_sulemana__gha,Kamaldeen Sulemana,GHA,FWD,kvalifikation,Kvalifikation,34,9,0,10,6,0,10,4,28.0,11.6,8.352,1.9800000000000002,2.2,0.0,2.52,0.321,0.0,0.294,0.237,0.0,0.217,0.9,0.2889,0.2133
kamaldeen_sulemana__gha,Kamaldeen Sulemana,GHA,FWD,venskabskamp,Venskabskamp,24,4,0,14,1,0,14,0,23.0,9.88,4.9712000000000005,1.3312000000000002,2.56,0.0,4.76,0.174,0.0,0.583,0.268,0.0,0.482,0.52,0.0905,0.1394
lee_kang_in__kor,Kang-In Lee,KOR,MID,slutrunde,Slutrunde,19,7,0,6,3,0,6,0,16.0,5.66,5.36,2.12,2.12,0.0,2.64,0.438,0.0,0.316,0.396,0.0,0.466,1.0,0.438,0.396
lee_kang_in__kor,Kang-In Lee,KOR,MID,kvalifikation,Kvalifikation,33,14,0,13,1,0,10,2,32.0,10.14,8.694,5.454,6.06,0.0,2.5,0.438,0.0,0.394,0.627,0.0,0.247,0.9,0.3942,0.5643
lee_kang_in__kor,Kang-In Lee,KOR,MID,venskabskamp,Venskabskamp,35,12,0,8,2,0,8,5,33.0,13.06,6.4584,2.7664000000000004,5.32,0.0,2.4,0.364,0.0,0.229,0.428,0.0,0.184,0.52,0.1893,0.2226
kaoru_mitoma__jpn,Kaoru Mitoma,JPN,MID,slutrunde,Slutrunde,15,0,0,6,3,0,6,0,12.0,5.04,4.08,0.0,0.0,0.0,2.64,0.0,0.0,0.4,0.0,0.0,0.524,1.0,0.0,0.0
kaoru_mitoma__jpn,Kaoru Mitoma,JPN,MID,kvalifikation,Kvalifikation,22,7,0,3,8,0,3,1,14.0,8.44,5.22,2.772,3.08,0.0,1.6400000000000001,0.5,0.0,0.136,0.531,0.0,0.194,0.9,0.45,0.4779
kaoru_mitoma__jpn,Kaoru Mitoma,JPN,MID,venskabskamp,Venskabskamp,24,10,0,3,5,0,3,1,19.0,9.96,3.5984000000000003,1.8512000000000002,3.56,0.0,0.8400000000000001,0.526,0.0,0.125,0.514,0.0,0.084,0.52,0.2735,0.2673
karim_boudiaf__qat,Karim Boudiaf,QAT,MID,slutrunde,Slutrunde,64,33,0,21,0,0,21,3,64.0,13.67,13.67,4.4,4.4,0.0,7.97,0.516,0.0,0.328,0.322,0.0,0.583,1.0,0.516,0.322
karim_boudiaf__qat,Karim Boudiaf,QAT,MID,kvalifikation,Kvalifikation,45,20,0,17,0,0,17,2,45.0,11.4,10.260000000000002,3.2760000000000002,3.64,0.0,6.58,0.444,0.0,0.378,0.319,0.0,0.577,0.9,0.3996,0.2871
karim_boudiaf__qat,Karim Boudiaf,QAT,MID,venskabskamp,Venskabskamp,75,40,0,17,0,0,17,2,75.0,13.520000000000001,7.0304,3.224,6.2,0.0,3.04,0.533,0.0,0.227,0.459,0.0,0.225,0.52,0.2772,0.2387
karim_hafez__egy,Karim Hafez,EGY,DEF,slutrunde,Slutrunde,40,1,0,34,0,0,34,5,40.0,13.51,13.51,0.1,0.1,0.0,12.91,0.025,0.0,0.85,0.007,0.0,0.956,1.0,0.025,0.007
karim_hafez__egy,Karim Hafez,EGY,DEF,kvalifikation,Kvalifikation,55,2,0,46,3,0,46,4,52.0,13.700000000000001,11.88,0.18000000000000002,0.2,0.0,12.4,0.038,0.0,0.836,0.015,0.0,0.905,0.9,0.0342,0.0135
karim_hafez__egy,Karim Hafez,EGY,DEF,venskabskamp,Venskabskamp,39,4,0,28,3,0,28,2,36.0,11.290000000000001,5.7148,0.676,1.3,0.0,8.290000000000001,0.111,0.0,0.718,0.118,0.0,0.734,0.52,0.0577,0.0614
kees_smit__ned,Kees Smit,NED,MID,venskabskamp,Venskabskamp,2,1,0,0,0,0,0,1,2.0,1.84,0.9568000000000001,0.47840000000000005,0.92,0.0,0.0,0.5,0.0,0.0,0.5,0.0,0.0,0.52,0.26,0.26
keisuke_goto__jpn,Keisuke Goto,JPN,FWD,venskabskamp,Venskabskamp,5,1,0,0,0,0,0,1,5.0,4.2,2.184,0.47840000000000005,0.92,0.0,0.0,0.2,0.0,0.0,0.219,0.0,0.0,0.52,0.104,0.1139
keisuke_sako__jpn,Keisuke Osako,JPN,GK,slutrunde,Slutrunde,21,4,0,4,5,0,4,8,16.0,5.640000000000001,4.04,1.08,1.08,0.0,0.8,0.25,0.0,0.19,0.267,0.0,0.142,1.0,0.25,0.267
keisuke_sako__jpn,Keisuke Osako,JPN,GK,kvalifikation,Kvalifikation,34,3,0,19,0,0,18,12,34.0,10.24,9.216000000000001,1.332,1.48,0.0,3.3200000000000003,0.088,0.0,0.559,0.145,0.0,0.324,0.9,0.0792,0.1305
keisuke_sako__jpn,Keisuke Osako,JPN,GK,venskabskamp,Venskabskamp,35,4,0,16,1,0,15,14,34.0,12.06,6.104800000000001,0.8528000000000001,1.6400000000000001,0.0,3.4600000000000004,0.118,0.0,0.457,0.14,0.0,0.287,0.52,0.0614,0.0728
keito_nakamura__jpn,Keito Nakamura,JPN,MID,slutrunde,Slutrunde,8,3,0,3,0,0,3,2,8.0,3.64,3.64,0.96,0.96,0.0,2.04,0.375,0.0,0.375,0.264,0.0,0.56,1.0,0.375,0.264
keito_nakamura__jpn,Keito Nakamura,JPN,MID,kvalifikation,Kvalifikation,16,4,0,2,1,0,2,3,15.0,7.24,6.228,1.728,1.92,0.0,0.64,0.267,0.0,0.125,0.277,0.0,0.088,0.9,0.2403,0.2493
keito_nakamura__jpn,Keito Nakamura,JPN,MID,venskabskamp,Venskabskamp,18,7,0,2,0,0,2,4,18.0,9.56,4.9712000000000005,2.3920000000000003,4.6000000000000005,0.0,1.36,0.389,0.0,0.111,0.481,0.0,0.142,0.52,0.2023,0.2501
kelvin_pires__cpv,Kelvin Pires,CPV,DEF,slutrunde,Slutrunde,9,0,0,9,0,0,9,0,9.0,2.4,2.4,0.0,0.0,0.0,2.4,0.0,0.0,1.0,0.0,0.0,1.0,1.0,0.0,0.0
kelvin_pires__cpv,Kelvin Pires,CPV,DEF,kvalifikation,Kvalifikation,29,1,0,19,0,0,19,9,29.0,10.9,9.81,0.18000000000000002,0.2,0.0,6.84,0.034,0.0,0.655,0.018,0.0,0.628,0.9,0.0306,0.0162
kelvin_pires__cpv,Kelvin Pires,CPV,DEF,venskabskamp,Venskabskamp,18,3,0,8,0,0,8,6,18.0,8.280000000000001,4.3056,0.936,1.8,0.0,2.96,0.167,0.0,0.444,0.217,0.0,0.357,0.52,0.0868,0.1128
ken_sema__swe,Ken Sema,SWE,MID,slutrunde,Slutrunde,9,0,0,5,0,0,5,4,9.0,1.3,1.3,0.0,0.0,0.0,0.5,0.0,0.0,0.556,0.0,0.0,0.385,1.0,0.0,0.0
ken_sema__swe,Ken Sema,SWE,MID,kvalifikation,Kvalifikation,44,6,0,14,2,0,14,20,42.0,11.84,10.296000000000001,2.1780000000000004,2.42,0.0,3.56,0.143,0.0,0.318,0.212,0.0,0.301,0.9,0.1287,0.1908
ken_sema__swe,Ken Sema,SWE,MID,nations_league,Nations League,22,5,0,9,0,0,9,6,22.0,5.08,3.9624000000000006,1.872,2.4,0.0,1.5,0.227,0.0,0.409,0.472,0.0,0.295,0.78,0.1771,0.3682
ken_sema__swe,Ken Sema,SWE,MID,venskabskamp,Venskabskamp,39,9,0,17,0,0,17,4,39.0,9.98,5.1896,1.3208,2.54,0.0,3.54,0.231,0.0,0.436,0.255,0.0,0.355,0.52,0.1201,0.1326
kendry_p_ez__ecu,Kendry Paez,ECU,MID,slutrunde,Slutrunde,4,4,0,0,0,0,0,0,4.0,1.92,1.92,1.92,1.92,0.0,0.0,1.0,0.0,0.0,1.0,0.0,0.0,1.0,1.0,1.0
kendry_p_ez__ecu,Kendry Paez,ECU,MID,kvalifikation,Kvalifikation,18,8,0,0,0,0,0,6,18.0,8.28,7.452000000000001,2.9160000000000004,3.24,0.0,0.0,0.444,0.0,0.0,0.391,0.0,0.0,0.9,0.3996,0.3519
kendry_p_ez__ecu,Kendry Paez,ECU,MID,venskabskamp,Venskabskamp,12,4,0,0,0,0,0,3,12.0,7.640000000000001,3.9728000000000003,1.2064,2.3200000000000003,0.0,0.0,0.333,0.0,0.0,0.304,0.0,0.0,0.52,0.1732,0.1581
kenji_gorr__cuw,Kenji Gorre,CUW,FWD,slutrunde,Slutrunde,7,4,0,0,0,0,0,2,7.0,2.4400000000000004,2.4400000000000004,2.14,2.14,0.0,0.0,0.571,0.0,0.0,0.877,0.0,0.0,1.0,0.571,0.877
kenji_gorr__cuw,Kenji Gorre,CUW,FWD,kvalifikation,Kvalifikation,17,8,0,3,2,0,3,2,15.0,7.62,5.634,4.104,4.5600000000000005,0.0,0.52,0.533,0.0,0.176,0.728,0.0,0.068,0.9,0.4797,0.6552
kenji_gorr__cuw,Kenji Gorre,CUW,FWD,nations_league,Nations League,18,10,0,2,0,0,2,2,18.0,5.36,4.1808000000000005,2.73,3.5,0.0,0.96,0.556,0.0,0.111,0.653,0.0,0.179,0.78,0.4337,0.5093
kenji_gorr__cuw,Kenji Gorre,CUW,FWD,venskabskamp,Venskabskamp,15,7,0,5,0,0,5,3,15.0,5.6000000000000005,2.9120000000000004,1.2272,2.3600000000000003,0.0,1.12,0.467,0.0,0.333,0.421,0.0,0.2,0.52,0.2428,0.2189
kenny_mclean__sco,Kenny McLean,SCO,MID,slutrunde,Slutrunde,6,0,0,0,3,0,0,0,3.0,2.04,1.44,0.0,0.0,0.0,0.0,0.0,0.0,0.0,0.0,0.0,0.0,1.0,0.0,0.0
kenny_mclean__sco,Kenny McLean,SCO,MID,kvalifikation,Kvalifikation,47,9,0,16,0,0,16,7,47.0,10.5,9.450000000000001,2.1420000000000003,2.3800000000000003,0.0,1.8,0.191,0.0,0.34,0.227,0.0,0.171,0.9,0.1719,0.2043
kenny_mclean__sco,Kenny McLean,SCO,MID,nations_league,Nations League,24,12,0,7,0,0,7,1,24.0,6.04,4.711200000000001,3.3852,4.34,0.0,1.0,0.5,0.0,0.292,0.719,0.0,0.166,0.78,0.39,0.5608
kenny_mclean__sco,Kenny McLean,SCO,MID,venskabskamp,Venskabskamp,29,8,0,10,2,0,10,3,27.0,9.38,4.7216000000000005,1.5392000000000001,2.96,0.0,2.3600000000000003,0.296,0.0,0.345,0.326,0.0,0.252,0.52,0.1539,0.1695
kento_shiogai__jpn,Kento Shiogai,JPN,FWD,venskabskamp,Venskabskamp,3,0,0,0,0,0,0,1,3.0,2.84,1.4768000000000001,0.0,0.0,0.0,0.0,0.0,0.0,0.0,0.0,0.0,0.0,0.52,0.0,0.0
kerem_akt_rko_lu__tur,Kerem Akturkoglu,TUR,MID,slutrunde,Slutrunde,8,1,0,2,0,0,2,1,8.0,3.0,3.0,0.48,0.48,0.0,0.4,0.125,0.0,0.25,0.16,0.0,0.133,1.0,0.125,0.16
kerem_akt_rko_lu__tur,Kerem Akturkoglu,TUR,MID,kvalifikation,Kvalifikation,24,20,0,0,1,0,0,0,23.0,9.84,8.244000000000002,7.704000000000001,8.56,0.0,0.0,0.87,0.0,0.0,0.934,0.0,0.0,0.9,0.783,0.8406
kerem_akt_rko_lu__tur,Kerem Akturkoglu,TUR,MID,nations_league,Nations League,14,11,0,0,0,0,0,0,14.0,5.04,3.9312000000000005,3.2448,4.16,0.0,0.0,0.786,0.0,0.0,0.825,0.0,0.0,0.78,0.6131,0.6435
kerem_akt_rko_lu__tur,Kerem Akturkoglu,TUR,MID,venskabskamp,Venskabskamp,16,5,0,0,2,0,0,4,14.0,6.34,2.6104000000000003,1.2272,2.3600000000000003,0.0,0.0,0.357,0.0,0.0,0.47,0.0,0.0,0.52,0.1856,0.2444
kerim_alajbegovi__bih,Kerim Alajbegovic,BIH,MID,kvalifikation,Kvalifikation,7,3,0,0,0,0,0,0,7.0,5.24,4.716000000000001,2.0520000000000005,2.2800000000000002,0.0,0.0,0.429,0.0,0.0,0.435,0.0,0.0,0.9,0.3861,0.3915
kerim_alajbegovi__bih,Kerim Alajbegovic,BIH,MID,venskabskamp,Venskabskamp,3,2,0,0,0,0,0,0,3.0,2.68,1.3936000000000002,1.04,2.0,0.0,0.0,0.667,0.0,0.0,0.746,0.0,0.0,0.52,0.3468,0.3879
kevin_casta_o__col,Kevin Castano,COL,MID,slutrunde,Slutrunde,6,0,0,0,0,0,0,2,6.0,2.88,2.88,0.0,0.0,0.0,0.0,0.0,0.0,0.0,0.0,0.0,0.0,1.0,0.0,0.0
kevin_casta_o__col,Kevin Castano,COL,MID,kvalifikation,Kvalifikation,18,7,0,3,0,0,3,6,18.0,8.48,7.632000000000001,3.1320000000000006,3.48,0.0,1.32,0.389,0.0,0.167,0.41,0.0,0.156,0.9,0.3501,0.369
kevin_casta_o__col,Kevin Castano,COL,MID,venskabskamp,Venskabskamp,18,4,0,2,0,0,2,4,18.0,9.040000000000001,4.7008,0.7280000000000001,1.4000000000000001,0.0,0.64,0.222,0.0,0.111,0.155,0.0,0.071,0.52,0.1154,0.0806
kevin_danso__aut,Kevin Danso,AUT,DEF,slutrunde,Slutrunde,8,2,0,4,0,0,4,1,8.0,2.7199999999999998,2.7199999999999998,0.96,0.96,0.0,0.8,0.25,0.0,0.5,0.353,0.0,0.294,1.0,0.25,0.353
kevin_danso__aut,Kevin Danso,AUT,DEF,kvalifikation,Kvalifikation,42,10,0,18,3,0,18,8,39.0,11.16,8.964,2.8440000000000003,3.16,0.0,2.3000000000000003,0.256,0.0,0.429,0.317,0.0,0.206,0.9,0.2304,0.2853
kevin_danso__aut,Kevin Danso,AUT,DEF,nations_league,Nations League,24,4,0,9,8,0,8,1,16.0,6.04,2.3088,0.8424,1.08,0.0,1.0,0.25,0.0,0.375,0.365,0.0,0.166,0.78,0.195,0.2847
kevin_danso__aut,Kevin Danso,AUT,DEF,venskabskamp,Venskabskamp,24,6,0,7,3,0,7,4,21.0,6.82,3.3384000000000005,1.1960000000000002,2.3000000000000003,0.0,0.9,0.286,0.0,0.292,0.358,0.0,0.132,0.52,0.1487,0.1862
kevin_de_bruyne__bel,Kevin De Bruyne,BEL,MID,slutrunde,Slutrunde,29,25,0,0,1,0,0,2,28.0,5.22,5.0200000000000005,4.62,4.62,0.0,0.0,0.893,0.0,0.0,0.92,0.0,0.0,1.0,0.893,0.92
kevin_de_bruyne__bel,Kevin De Bruyne,BEL,MID,nations_league_finals,Nations League-slutrunde,2,1,0,0,0,0,0,0,2.0,0.4,0.38,0.19,0.2,0.0,0.0,0.5,0.0,0.0,0.5,0.0,0.0,0.95,0.475,0.475
kevin_de_bruyne__bel,Kevin De Bruyne,BEL,MID,kvalifikation,Kvalifikation,74,41,0,11,18,0,11,1,56.0,14.180000000000001,8.838000000000001,7.092000000000001,7.880000000000001,0.0,1.54,0.732,0.0,0.149,0.802,0.0,0.109,0.9,0.6588,0.7218
kevin_de_bruyne__bel,Kevin De Bruyne,BEL,MID,nations_league,Nations League,24,13,0,4,7,0,4,0,17.0,6.04,3.5724000000000005,2.5896000000000003,3.32,0.0,1.26,0.765,0.0,0.167,0.725,0.0,0.209,0.78,0.5967,0.5655
kevin_de_bruyne__bel,Kevin De Bruyne,BEL,MID,venskabskamp,Venskabskamp,59,31,0,10,11,0,10,4,48.0,11.26,5.1168000000000005,3.9000000000000004,7.5,0.0,1.6400000000000001,0.646,0.0,0.169,0.762,0.0,0.146,0.52,0.3359,0.3962
kevin_felida__cuw,Kevin Felida,CUW,MID,slutrunde,Slutrunde,3,0,0,0,0,0,0,3,3.0,2.04,2.04,0.0,0.0,0.0,0.0,0.0,0.0,0.0,0.0,0.0,0.0,1.0,0.0,0.0
kevin_felida__cuw,Kevin Felida,CUW,MID,kvalifikation,Kvalifikation,15,1,0,0,0,0,0,9,15.0,7.420000000000001,6.678000000000001,0.18000000000000002,0.2,0.0,0.0,0.067,0.0,0.0,0.027,0.0,0.0,0.9,0.0603,0.0243
kevin_felida__cuw,Kevin Felida,CUW,MID,nations_league,Nations League,14,3,0,3,0,0,3,5,14.0,4.96,3.8688000000000002,0.7488,0.96,0.0,0.6000000000000001,0.214,0.0,0.214,0.194,0.0,0.121,0.78,0.1669,0.1513
kevin_felida__cuw,Kevin Felida,CUW,MID,venskabskamp,Venskabskamp,15,2,0,6,0,0,6,2,15.0,5.6000000000000005,2.9120000000000004,0.33280000000000004,0.64,0.0,1.2000000000000002,0.133,0.0,0.4,0.114,0.0,0.214,0.52,0.0692,0.0593
kevin_lenini__cpv,Kevin Lenini Pina,CPV,MID,slutrunde,Slutrunde,5,5,0,0,0,0,0,0,5.0,1.6,1.6,1.6,1.6,0.0,0.0,1.0,0.0,0.0,1.0,0.0,0.0,1.0,1.0,1.0
kevin_lenini__cpv,Kevin Lenini Pina,CPV,MID,kvalifikation,Kvalifikation,24,15,0,5,0,0,5,3,24.0,10.0,9.0,6.804,7.5600000000000005,0.0,1.52,0.625,0.0,0.208,0.756,0.0,0.152,0.9,0.5625,0.6804
kevin_lenini__cpv,Kevin Lenini Pina,CPV,MID,venskabskamp,Venskabskamp,17,8,0,6,1,0,6,0,16.0,8.08,4.035200000000001,2.3088,4.44,0.0,2.2,0.5,0.0,0.353,0.572,0.0,0.272,0.52,0.26,0.2974
kevin_rodr_guez__ecu,Kevin Rodriguez,ECU,FWD,slutrunde,Slutrunde,7,2,0,0,0,0,0,1,7.0,2.52,2.52,0.96,0.96,0.0,0.0,0.286,0.0,0.0,0.381,0.0,0.0,1.0,0.286,0.381
kevin_rodr_guez__ecu,Kevin Rodriguez,ECU,FWD,kvalifikation,Kvalifikation,18,5,0,0,1,0,0,1,17.0,8.28,7.0200000000000005,1.9080000000000001,2.12,0.0,0.0,0.294,0.0,0.0,0.272,0.0,0.0,0.9,0.2646,0.2448
kevin_rodr_guez__ecu,Kevin Rodriguez,ECU,FWD,venskabskamp,Venskabskamp,17,2,0,3,3,0,3,2,14.0,8.88,4.035200000000001,0.4576,0.8800000000000001,0.0,1.56,0.143,0.0,0.176,0.113,0.0,0.176,0.52,0.0744,0.0588
kevin_schade__ger,Kevin Schade,GER,MID,slutrunde,Slutrunde,5,0,0,5,0,0,5,0,5.0,2.4,2.4,0.0,0.0,0.0,2.4,0.0,0.0,1.0,0.0,0.0,1.0,1.0,0.0,0.0
kevin_schade__ger,Kevin Schade,GER,MID,nations_league_finals,Nations League-slutrunde,4,0,0,4,0,0,4,0,4.0,2.12,2.014,0.0,0.0,0.0,2.12,0.0,0.0,1.0,0.0,0.0,1.0,0.95,0.0,0.0
kevin_schade__ger,Kevin Schade,GER,MID,kvalifikation,Kvalifikation,6,0,0,4,0,0,4,1,6.0,4.08,3.6720000000000006,0.0,0.0,0.0,2.72,0.0,0.0,0.667,0.0,0.0,0.667,0.9,0.0,0.0
kevin_schade__ger,Kevin Schade,GER,MID,nations_league,Nations League,6,0,0,4,0,0,4,1,6.0,2.88,2.2464,0.0,0.0,0.0,1.92,0.0,0.0,0.667,0.0,0.0,0.667,0.78,0.0,0.0
kevin_schade__ger,Kevin Schade,GER,MID,venskabskamp,Venskabskamp,17,0,0,5,6,0,5,3,11.0,6.5600000000000005,2.4128000000000003,0.0,0.0,0.0,1.76,0.0,0.0,0.294,0.0,0.0,0.268,0.52,0.0,0.0
kevin_yakob__irq,Kevin Yakob,IRQ,MID,slutrunde,Slutrunde,11,0,0,7,4,0,7,0,7.0,5.95,4.67,0.0,0.0,0.0,4.67,0.0,0.0,0.636,0.0,0.0,0.785,1.0,0.0,0.0
kevin_yakob__irq,Kevin Yakob,IRQ,MID,kvalifikation,Kvalifikation,21,2,0,10,6,0,10,2,15.0,10.88,7.776000000000001,1.2240000000000002,1.36,0.0,5.0,0.133,0.0,0.476,0.157,0.0,0.46,0.9,0.1197,0.1413
kevin_yakob__irq,Kevin Yakob,IRQ,MID,venskabskamp,Venskabskamp,10,2,0,0,5,0,0,0,5.0,5.28,1.9136000000000002,0.52,1.0,0.0,0.0,0.4,0.0,0.0,0.272,0.0,0.0,0.52,0.208,0.1414
khalil_ayari__tun,Khalil Ayari,TUN,MID,venskabskamp,Venskabskamp,5,2,0,0,0,0,0,1,5.0,4.32,2.2464,0.9984000000000001,1.92,0.0,0.0,0.4,0.0,0.0,0.444,0.0,0.0,0.52,0.208,0.2309
khozhiakbar_alizhonov__uzb,Khozhiakbar Alizhonov,UZB,DEF,slutrunde,Slutrunde,13,6,0,0,3,0,0,1,10.0,5.6000000000000005,4.640000000000001,3.0,3.0,0.0,0.0,0.6,0.0,0.0,0.647,0.0,0.0,1.0,0.6,0.647
khozhiakbar_alizhonov__uzb,Khozhiakbar Alizhonov,UZB,DEF,kvalifikation,Kvalifikation,27,18,0,0,4,0,0,2,23.0,8.94,6.606,5.292,5.88,0.0,0.0,0.783,0.0,0.0,0.801,0.0,0.0,0.9,0.7047,0.7209
khozhiakbar_alizhonov__uzb,Khozhiakbar Alizhonov,UZB,DEF,venskabskamp,Venskabskamp,39,18,0,12,0,0,12,5,39.0,11.16,5.8032,2.9744,5.720000000000001,0.0,3.2,0.462,0.0,0.308,0.513,0.0,0.287,0.52,0.2402,0.2668
khuliso_mudau__rsa,Khuliso Mudau,RSA,DEF,slutrunde,Slutrunde,15,11,0,4,0,0,4,0,15.0,8.36,8.36,5.64,5.64,0.0,2.72,0.733,0.0,0.267,0.675,0.0,0.325,1.0,0.733,0.675
khuliso_mudau__rsa,Khuliso Mudau,RSA,DEF,kvalifikation,Kvalifikation,20,14,0,6,0,0,6,0,20.0,9.08,8.172,5.868,6.52,0.0,2.56,0.7,0.0,0.3,0.718,0.0,0.282,0.9,0.63,0.6462
khuliso_mudau__rsa,Khuliso Mudau,RSA,DEF,venskabskamp,Venskabskamp,18,6,0,8,0,0,8,3,18.0,8.0,4.16,1.6848,3.24,0.0,3.04,0.333,0.0,0.444,0.405,0.0,0.38,0.52,0.1732,0.2106
khulumani_ndamane__rsa,Khulumani Ndamane,RSA,DEF,slutrunde,Slutrunde,8,0,0,4,0,0,4,4,8.0,6.12,6.12,0.0,0.0,0.0,2.72,0.0,0.0,0.5,0.0,0.0,0.444,1.0,0.0,0.0
khulumani_ndamane__rsa,Khulumani Ndamane,RSA,DEF,kvalifikation,Kvalifikation,4,1,0,0,0,0,0,2,4.0,2.72,2.4480000000000004,0.6120000000000001,0.68,0.0,0.0,0.25,0.0,0.0,0.25,0.0,0.0,0.9,0.225,0.225
khulumani_ndamane__rsa,Khulumani Ndamane,RSA,DEF,venskabskamp,Venskabskamp,6,2,0,0,0,0,0,3,6.0,4.88,2.5376000000000003,0.8320000000000001,1.6,0.0,0.0,0.333,0.0,0.0,0.328,0.0,0.0,0.52,0.1732,0.1706
kieran_tierney__sco,Kieran Tierney,SCO,DEF,slutrunde,Slutrunde,6,4,0,1,1,0,1,0,5.0,2.04,1.56,1.3599999999999999,1.3599999999999999,0.0,0.2,0.8,0.0,0.167,0.872,0.0,0.098,1.0,0.8,0.872
kieran_tierney__sco,Kieran Tierney,SCO,DEF,kvalifikation,Kvalifikation,47,23,0,12,7,0,12,2,40.0,10.5,8.136000000000001,3.474,3.8600000000000003,0.0,2.3600000000000003,0.575,0.0,0.255,0.427,0.0,0.225,0.9,0.5175,0.3843
kieran_tierney__sco,Kieran Tierney,SCO,DEF,nations_league,Nations League,24,7,0,1,13,0,1,1,11.0,6.04,1.6848,0.7020000000000002,0.9,0.0,0.2,0.636,0.0,0.042,0.417,0.0,0.033,0.78,0.4961,0.3253
kieran_tierney__sco,Kieran Tierney,SCO,DEF,venskabskamp,Venskabskamp,28,14,0,8,3,0,8,0,25.0,9.280000000000001,4.5552,2.2048,4.24,0.0,2.2800000000000002,0.56,0.0,0.286,0.484,0.0,0.246,0.52,0.2912,0.2517
ko_itakura__jpn,Ko Itakura,JPN,DEF,slutrunde,Slutrunde,21,9,0,11,0,0,9,1,21.0,5.640000000000001,5.640000000000001,2.08,2.08,0.0,3.4600000000000004,0.429,0.0,0.524,0.369,0.0,0.613,1.0,0.429,0.369
ko_itakura__jpn,Ko Itakura,JPN,DEF,kvalifikation,Kvalifikation,34,14,0,8,4,0,8,7,30.0,10.24,8.280000000000001,4.806,5.34,0.0,2.2800000000000002,0.467,0.0,0.235,0.58,0.0,0.223,0.9,0.4203,0.522
ko_itakura__jpn,Ko Itakura,JPN,DEF,venskabskamp,Venskabskamp,33,13,0,3,6,0,3,8,27.0,11.860000000000001,4.2952,2.4648000000000003,4.74,0.0,0.4,0.481,0.0,0.091,0.574,0.0,0.034,0.52,0.2501,0.2985
kobbie_mainoo__eng,Kobbie Mainoo,ENG,MID,slutrunde,Slutrunde,7,4,0,0,0,0,0,1,7.0,3.36,3.36,1.92,1.92,0.0,0.0,0.571,0.0,0.0,0.571,0.0,0.0,1.0,0.571,0.571
kobbie_mainoo__eng,Kobbie Mainoo,ENG,MID,kvalifikation,Kvalifikation,8,0,0,6,2,0,6,0,6.0,5.04,3.6720000000000006,0.0,0.0,0.0,4.08,0.0,0.0,0.75,0.0,0.0,0.81,0.9,0.0,0.0
kobbie_mainoo__eng,Kobbie Mainoo,ENG,MID,nations_league,Nations League,6,1,0,4,0,0,4,1,6.0,2.88,2.2464,0.3744,0.48,0.0,1.92,0.167,0.0,0.667,0.167,0.0,0.667,0.78,0.1303,0.1303
kobbie_mainoo__eng,Kobbie Mainoo,ENG,MID,venskabskamp,Venskabskamp,9,4,0,3,0,0,3,0,9.0,5.640000000000001,2.9328000000000003,1.4144,2.72,0.0,1.6800000000000002,0.444,0.0,0.333,0.482,0.0,0.298,0.52,0.2309,0.2506
kojo_peprah_oppong__gha,Kojo Peprah Oppong,GHA,DEF,kvalifikation,Kvalifikation,1,0,0,0,0,0,0,0,1.0,0.68,0.6120000000000001,0.0,0.0,0.0,0.0,0.0,0.0,0.0,0.0,0.0,0.0,0.9,0.0,0.0
kojo_peprah_oppong__gha,Kojo Peprah Oppong,GHA,DEF,venskabskamp,Venskabskamp,6,3,0,1,0,0,1,2,6.0,5.2,2.704,1.1856,2.2800000000000002,0.0,1.0,0.5,0.0,0.167,0.438,0.0,0.192,0.52,0.26,0.2278
koki_ogawa__jpn,Koki Ogawa,JPN,FWD,slutrunde,Slutrunde,18,1,0,15,0,0,15,2,18.0,5.34,5.34,0.1,0.1,0.0,5.04,0.056,0.0,0.833,0.019,0.0,0.944,1.0,0.056,0.019
koki_ogawa__jpn,Koki Ogawa,JPN,FWD,kvalifikation,Kvalifikation,30,3,0,17,4,0,17,1,26.0,9.84,7.632000000000001,1.296,1.44,0.0,4.32,0.115,0.0,0.567,0.17,0.0,0.439,0.9,0.1035,0.153
koki_ogawa__jpn,Koki Ogawa,JPN,FWD,venskabskamp,Venskabskamp,31,3,0,20,2,0,20,3,29.0,11.66,5.959200000000001,1.0608,2.04,0.0,4.54,0.103,0.0,0.645,0.178,0.0,0.389,0.52,0.0536,0.0926
koni_de_winter__bel,Koni de Winter,BEL,DEF,slutrunde,Slutrunde,4,0,0,4,0,0,4,0,4.0,1.92,1.92,0.0,0.0,0.0,1.92,0.0,0.0,1.0,0.0,0.0,1.0,1.0,0.0,0.0
koni_de_winter__bel,Koni de Winter,BEL,DEF,kvalifikation,Kvalifikation,8,2,0,1,0,0,1,4,8.0,5.44,4.896000000000001,1.2240000000000002,1.36,0.0,0.68,0.25,0.0,0.125,0.25,0.0,0.125,0.9,0.225,0.225
koni_de_winter__bel,Koni de Winter,BEL,DEF,nations_league,Nations League,8,1,0,0,5,0,0,2,3.0,3.84,1.1232,0.3744,0.48,0.0,0.0,0.333,0.0,0.0,0.333,0.0,0.0,0.78,0.2597,0.2597
koni_de_winter__bel,Koni de Winter,BEL,DEF,venskabskamp,Venskabskamp,8,2,0,2,0,0,2,2,8.0,5.44,2.8288,0.6448,1.24,0.0,0.96,0.25,0.0,0.25,0.228,0.0,0.176,0.52,0.13,0.1186
konrad_laimer__aut,Konrad Laimer,AUT,MID,slutrunde,Slutrunde,8,7,0,0,0,0,0,0,8.0,2.7199999999999998,2.7199999999999998,2.24,2.24,0.0,0.0,0.875,0.0,0.0,0.824,0.0,0.0,1.0,0.875,0.824
konrad_laimer__aut,Konrad Laimer,AUT,MID,kvalifikation,Kvalifikation,40,27,0,1,7,0,1,5,33.0,10.96,8.658000000000001,8.118,9.020000000000001,0.0,0.1,0.818,0.0,0.025,0.938,0.0,0.009,0.9,0.7362,0.8442
konrad_laimer__aut,Konrad Laimer,AUT,MID,nations_league,Nations League,23,10,0,2,8,0,1,2,15.0,5.94,3.8532,3.0888,3.96,0.0,0.58,0.667,0.0,0.087,0.802,0.0,0.098,0.78,0.5203,0.6256
konrad_laimer__aut,Konrad Laimer,AUT,MID,venskabskamp,Venskabskamp,17,9,0,1,4,0,1,1,13.0,6.12,2.8704,2.0696000000000003,3.98,0.0,0.1,0.692,0.0,0.059,0.721,0.0,0.016,0.52,0.3598,0.3749
kosta_barbarouses__nzl,Kosta Barbarouses,NZL,FWD,slutrunde,Slutrunde,13,5,0,6,0,0,6,0,13.0,2.82,2.82,2.02,2.02,0.0,0.6000000000000001,0.385,0.0,0.462,0.716,0.0,0.213,1.0,0.385,0.716
kosta_barbarouses__nzl,Kosta Barbarouses,NZL,FWD,kvalifikation,Kvalifikation,40,20,0,8,0,0,8,1,40.0,6.5,5.8500000000000005,1.9800000000000002,2.2,0.0,1.48,0.5,0.0,0.2,0.338,0.0,0.228,0.9,0.45,0.3042
kosta_barbarouses__nzl,Kosta Barbarouses,NZL,FWD,oevrig_turnering,Øvrig turnering,3,0,0,3,0,0,3,0,3.0,0.30000000000000004,0.186,0.0,0.0,0.0,0.30000000000000004,0.0,0.0,1.0,0.0,0.0,1.0,0.62,0.0,0.0
kosta_barbarouses__nzl,Kosta Barbarouses,NZL,FWD,venskabskamp,Venskabskamp,70,23,0,27,4,0,27,1,66.0,18.98,9.453600000000002,2.6416000000000004,5.08,0.0,5.38,0.348,0.0,0.386,0.279,0.0,0.283,0.52,0.181,0.1451
kr_pin_diatta__sen,Krepin Diatta,SEN,FWD,slutrunde,Slutrunde,41,16,0,11,9,0,10,1,32.0,15.41,13.61,7.28,7.28,0.0,5.73,0.5,0.0,0.268,0.535,0.0,0.372,1.0,0.5,0.535
kr_pin_diatta__sen,Krepin Diatta,SEN,FWD,kvalifikation,Kvalifikation,37,21,0,8,5,0,8,0,32.0,11.9,9.81,6.210000000000001,6.9,0.0,3.4,0.656,0.0,0.216,0.633,0.0,0.286,0.9,0.5904,0.5697
kr_pin_diatta__sen,Krepin Diatta,SEN,FWD,venskabskamp,Venskabskamp,20,13,0,3,1,0,3,0,19.0,8.26,3.9416,2.8704,5.5200000000000005,0.0,1.32,0.684,0.0,0.15,0.728,0.0,0.16,0.52,0.3557,0.3786
kristian_thorstvedt__nor,Kristian Thorstvedt,NOR,MID,kvalifikation,Kvalifikation,26,7,0,5,4,0,4,1,22.0,9.06,6.066000000000001,1.6020000000000003,1.78,0.0,1.9800000000000002,0.318,0.0,0.192,0.264,0.0,0.219,0.9,0.2862,0.2376
kristian_thorstvedt__nor,Kristian Thorstvedt,NOR,MID,nations_league,Nations League,13,2,0,1,0,0,0,3,13.0,4.18,3.2604,0.5304,0.6799999999999999,0.0,0.2,0.154,0.0,0.077,0.163,0.0,0.048,0.78,0.1201,0.1271
kristian_thorstvedt__nor,Kristian Thorstvedt,NOR,MID,venskabskamp,Venskabskamp,17,4,0,4,1,0,4,1,16.0,7.54,3.5672,0.9984000000000001,1.92,0.0,1.4000000000000001,0.25,0.0,0.235,0.28,0.0,0.186,0.52,0.13,0.1456
kristijan_jaki__cro,Kristijan Jakic,CRO,DEF,slutrunde,Slutrunde,10,0,0,0,3,0,0,6,7.0,2.84,1.4000000000000001,0.0,0.0,0.0,0.0,0.0,0.0,0.0,0.0,0.0,0.0,1.0,0.0,0.0
kristijan_jaki__cro,Kristijan Jakic,CRO,DEF,nations_league_finals,Nations League-slutrunde,4,0,0,2,0,0,2,1,4.0,1.6,1.52,0.0,0.0,0.0,0.64,0.0,0.0,0.5,0.0,0.0,0.4,0.95,0.0,0.0
kristijan_jaki__cro,Kristijan Jakic,CRO,DEF,kvalifikation,Kvalifikation,20,4,0,6,2,0,6,5,18.0,8.56,7.128000000000001,2.4480000000000004,2.72,0.0,1.6800000000000002,0.222,0.0,0.3,0.343,0.0,0.196,0.9,0.1998,0.3087
kristijan_jaki__cro,Kristijan Jakic,CRO,DEF,nations_league,Nations League,12,3,0,0,2,0,0,5,10.0,4.08,2.8704,0.9048,1.16,0.0,0.0,0.3,0.0,0.0,0.315,0.0,0.0,0.78,0.234,0.2457
kristijan_jaki__cro,Kristijan Jakic,CRO,DEF,venskabskamp,Venskabskamp,10,1,0,2,2,0,2,3,8.0,4.88,2.1216000000000004,0.10400000000000001,0.2,0.0,0.64,0.125,0.0,0.2,0.049,0.0,0.131,0.52,0.065,0.0255
kristoffer_ajer__nor,Kristoffer Ajer,NOR,DEF,kvalifikation,Kvalifikation,37,24,0,7,2,0,7,3,35.0,10.16,8.964,6.750000000000001,7.5,0.0,1.52,0.686,0.0,0.189,0.753,0.0,0.15,0.9,0.6174,0.6777
kristoffer_ajer__nor,Kristoffer Ajer,NOR,DEF,nations_league,Nations League,24,8,0,6,8,0,6,1,16.0,5.28,2.3088,1.2168,1.56,0.0,1.0,0.5,0.0,0.25,0.527,0.0,0.189,0.78,0.39,0.4111
kristoffer_ajer__nor,Kristoffer Ajer,NOR,DEF,venskabskamp,Venskabskamp,21,17,0,2,0,0,2,2,21.0,7.94,4.1288,3.4632,6.66,0.0,0.4,0.81,0.0,0.095,0.839,0.0,0.05,0.52,0.4212,0.4363
kristoffer_nordfeldt__swe,Kristoffer Nordfeldt,SWE,GK,slutrunde,Slutrunde,15,0,0,6,0,0,6,9,15.0,1.9000000000000001,1.9000000000000001,0.0,0.0,0.0,0.6000000000000001,0.0,0.0,0.4,0.0,0.0,0.316,1.0,0.0,0.0
kristoffer_nordfeldt__swe,Kristoffer Nordfeldt,SWE,GK,kvalifikation,Kvalifikation,79,5,0,15,0,0,15,59,79.0,15.340000000000002,13.806000000000001,1.9260000000000002,2.14,0.0,1.5,0.063,0.0,0.19,0.14,0.0,0.098,0.9,0.0567,0.126
kristoffer_nordfeldt__swe,Kristoffer Nordfeldt,SWE,GK,nations_league,Nations League,22,0,0,2,0,0,2,20,22.0,5.08,3.9624000000000006,0.0,0.0,0.0,0.4,0.0,0.0,0.091,0.0,0.0,0.079,0.78,0.0,0.0
kristoffer_nordfeldt__swe,Kristoffer Nordfeldt,SWE,GK,venskabskamp,Venskabskamp,80,13,0,38,1,0,38,25,79.0,14.08,7.2696000000000005,1.4768000000000001,2.84,0.0,4.98,0.165,0.0,0.475,0.203,0.0,0.354,0.52,0.0858,0.1056
kumel_al_rekabe__irq,Kumel Al-Rekabe,IRQ,GK,slutrunde,Slutrunde,3,0,0,0,0,0,0,3,3.0,1.44,1.44,0.0,0.0,0.0,0.0,0.0,0.0,0.0,0.0,0.0,0.0,1.0,0.0,0.0
kumel_al_rekabe__irq,Kumel Al-Rekabe,IRQ,GK,kvalifikation,Kvalifikation,10,0,0,7,0,0,7,3,10.0,5.24,4.716,0.0,0.0,0.0,3.36,0.0,0.0,0.7,0.0,0.0,0.641,0.9,0.0,0.0
kumel_al_rekabe__irq,Kumel Al-Rekabe,IRQ,GK,venskabskamp,Venskabskamp,1,0,0,0,0,0,0,0,1.0,1.0,0.52,0.0,0.0,0.0,0.0,0.0,0.0,0.0,0.0,0.0,0.0,0.52,0.0,0.0
kwasi_sibo__gha,Kwasi Sibo,GHA,MID,kvalifikation,Kvalifikation,3,3,0,0,0,0,0,0,3.0,2.04,1.8360000000000003,1.8360000000000003,2.04,0.0,0.0,1.0,0.0,0.0,1.0,0.0,0.0,0.9,0.9,0.9
kwasi_sibo__gha,Kwasi Sibo,GHA,MID,venskabskamp,Venskabskamp,6,4,0,1,0,0,1,0,6.0,5.2,2.704,1.6640000000000001,3.2,0.0,1.0,0.667,0.0,0.167,0.615,0.0,0.192,0.52,0.3468,0.3198
kye_rowles__aus,Kye Rowles,AUS,DEF,slutrunde,Slutrunde,9,8,0,0,0,0,0,1,9.0,2.4,2.4,2.08,2.08,0.0,0.0,0.889,0.0,0.0,0.867,0.0,0.0,1.0,0.889,0.867
kye_rowles__aus,Kye Rowles,AUS,DEF,kvalifikation,Kvalifikation,22,9,0,5,0,0,5,7,22.0,8.44,7.596,2.952,3.28,0.0,1.56,0.409,0.0,0.227,0.389,0.0,0.185,0.9,0.3681,0.3501
kye_rowles__aus,Kye Rowles,AUS,DEF,venskabskamp,Venskabskamp,19,9,0,2,2,0,2,4,17.0,9.52,4.7424,2.2464000000000004,4.32,0.0,1.6,0.529,0.0,0.105,0.474,0.0,0.168,0.52,0.2751,0.2465
kylian_mbapp__fra,Kylian Mbappe,FRA,FWD,slutrunde,Slutrunde,24,21,0,0,0,0,0,1,24.0,5.78,5.78,5.0,5.0,0.0,0.0,0.875,0.0,0.0,0.865,0.0,0.0,1.0,0.875,0.865
kylian_mbapp__fra,Kylian Mbappe,FRA,FWD,nations_league_finals,Nations League-slutrunde,6,6,0,0,0,0,0,0,6.0,2.52,2.394,2.394,2.52,0.0,0.0,1.0,0.0,0.0,1.0,0.0,0.0,0.95,0.95,0.95
kylian_mbapp__fra,Kylian Mbappe,FRA,FWD,kvalifikation,Kvalifikation,38,23,0,2,6,0,2,1,32.0,9.3,7.650000000000001,5.598000000000001,6.220000000000001,0.0,1.36,0.719,0.0,0.053,0.732,0.0,0.146,0.9,0.6471,0.6588
kylian_mbapp__fra,Kylian Mbappe,FRA,FWD,nations_league,Nations League,22,12,0,4,2,0,4,1,20.0,5.08,3.8064000000000004,1.5444000000000002,1.98,0.0,1.92,0.6,0.0,0.182,0.406,0.0,0.378,0.78,0.468,0.3167
kylian_mbapp__fra,Kylian Mbappe,FRA,FWD,venskabskamp,Venskabskamp,28,20,0,0,1,0,0,3,27.0,7.28,3.7336000000000005,2.5792,4.96,0.0,0.0,0.741,0.0,0.0,0.691,0.0,0.0,0.52,0.3853,0.3593
lachlan_bayliss__nzl,Lachlan Bayliss,NZL,MID,venskabskamp,Venskabskamp,4,0,0,0,0,0,0,0,4.0,3.84,1.9968000000000001,0.0,0.0,0.0,0.0,0.0,0.0,0.0,0.0,0.0,0.0,0.52,0.0,0.0
ladislav_krejci__cze,Ladislav Krejci,CZE,DEF,slutrunde,Slutrunde,3,3,0,0,0,0,0,0,3.0,1.44,1.44,1.44,1.44,0.0,0.0,1.0,0.0,0.0,1.0,0.0,0.0,1.0,1.0,1.0
ladislav_krejci__cze,Ladislav Krejci,CZE,DEF,kvalifikation,Kvalifikation,19,14,0,2,2,0,1,0,17.0,9.4,7.884000000000001,6.912000000000001,7.680000000000001,0.0,0.8800000000000001,0.824,0.0,0.105,0.877,0.0,0.094,0.9,0.7416,0.7893
ladislav_krejci__cze,Ladislav Krejci,CZE,DEF,nations_league,Nations League,12,4,0,1,7,0,0,0,5.0,4.08,1.6536,1.2792000000000001,1.64,0.0,0.48,0.8,0.0,0.083,0.774,0.0,0.118,0.78,0.624,0.6037
ladislav_krejci__cze,Ladislav Krejci,CZE,DEF,venskabskamp,Venskabskamp,13,5,0,3,2,0,3,3,11.0,6.2,3.016,1.6224,3.12,0.0,1.6800000000000002,0.455,0.0,0.231,0.538,0.0,0.271,0.52,0.2366,0.2798
lamine_camara__sen,Lamine Camara,SEN,MID,slutrunde,Slutrunde,23,11,0,6,0,0,6,1,23.0,12.51,12.51,3.86,3.86,0.0,4.08,0.478,0.0,0.261,0.309,0.0,0.326,1.0,0.478,0.309
lamine_camara__sen,Lamine Camara,SEN,MID,kvalifikation,Kvalifikation,20,5,0,7,2,0,7,1,18.0,9.2,7.056,2.196,2.44,0.0,2.48,0.278,0.0,0.35,0.311,0.0,0.27,0.9,0.2502,0.2799
lamine_camara__sen,Lamine Camara,SEN,MID,venskabskamp,Venskabskamp,12,4,0,4,1,0,4,1,11.0,7.16,3.3696,1.5184000000000002,2.92,0.0,1.6400000000000001,0.364,0.0,0.333,0.451,0.0,0.229,0.52,0.1893,0.2345
lamine_yamal__esp,Lamine Yamal,ESP,FWD,slutrunde,Slutrunde,8,6,0,1,0,0,1,0,8.0,4.28,4.28,2.88,2.88,0.0,0.92,0.75,0.0,0.125,0.673,0.0,0.215,1.0,0.75,0.673
lamine_yamal__esp,Lamine Yamal,ESP,FWD,nations_league_finals,Nations League-slutrunde,4,4,0,0,0,0,0,0,4.0,2.12,2.014,2.014,2.12,0.0,0.0,1.0,0.0,0.0,1.0,0.0,0.0,0.95,0.95,0.95
lamine_yamal__esp,Lamine Yamal,ESP,FWD,kvalifikation,Kvalifikation,12,4,0,0,6,0,0,0,6.0,6.0,2.3760000000000003,1.8000000000000003,2.0,0.0,0.0,0.667,0.0,0.0,0.758,0.0,0.0,0.9,0.6003,0.6822
lamine_yamal__esp,Lamine Yamal,ESP,FWD,nations_league,Nations League,6,3,0,0,3,0,0,0,3.0,2.88,1.1232,1.1232,1.44,0.0,0.0,1.0,0.0,0.0,1.0,0.0,0.0,0.78,0.78,0.78
lamine_yamal__esp,Lamine Yamal,ESP,FWD,venskabskamp,Venskabskamp,7,4,0,1,0,0,1,1,7.0,4.44,2.3088,1.3728,2.64,0.0,1.0,0.571,0.0,0.143,0.595,0.0,0.225,0.52,0.2969,0.3094
laros_duarte__cpv,Laros Duarte,CPV,MID,slutrunde,Slutrunde,5,0,0,1,0,0,1,2,5.0,1.6,1.6,0.0,0.0,0.0,0.32,0.0,0.0,0.2,0.0,0.0,0.2,1.0,0.0,0.0
laros_duarte__cpv,Laros Duarte,CPV,MID,kvalifikation,Kvalifikation,14,3,0,2,0,0,2,2,14.0,7.52,6.768000000000001,1.296,1.44,0.0,0.96,0.214,0.0,0.143,0.191,0.0,0.128,0.9,0.1926,0.1719
laros_duarte__cpv,Laros Duarte,CPV,MID,venskabskamp,Venskabskamp,10,3,0,3,0,0,3,2,10.0,6.32,3.2864000000000004,1.0816000000000001,2.08,0.0,1.32,0.3,0.0,0.3,0.329,0.0,0.209,0.52,0.156,0.1711
lautaro_mart_nez__arg,Lautaro Martinez,ARG,FWD,slutrunde,Slutrunde,32,14,0,5,1,0,4,3,31.0,7.8,6.88,2.96,2.96,0.0,0.5,0.452,0.0,0.156,0.43,0.0,0.064,1.0,0.452,0.43
lautaro_mart_nez__arg,Lautaro Martinez,ARG,FWD,kvalifikation,Kvalifikation,35,22,0,0,5,0,0,2,30.0,11.38,8.838000000000001,5.418,6.0200000000000005,0.0,0.0,0.733,0.0,0.0,0.613,0.0,0.0,0.9,0.6597,0.5517
lautaro_mart_nez__arg,Lautaro Martinez,ARG,FWD,venskabskamp,Venskabskamp,36,18,0,4,4,0,4,3,32.0,10.120000000000001,4.2016,2.6728,5.140000000000001,0.0,0.9400000000000001,0.562,0.0,0.111,0.636,0.0,0.093,0.52,0.2922,0.3307
lawrence_ati_zigi__gha,Lawrence Ati Zigi,GHA,GK,slutrunde,Slutrunde,16,3,0,5,0,0,5,8,16.0,3.16,3.16,0.6000000000000001,0.6000000000000001,0.0,1.0,0.188,0.0,0.312,0.19,0.0,0.316,1.0,0.188,0.19
lawrence_ati_zigi__gha,Lawrence Ati Zigi,GHA,GK,kvalifikation,Kvalifikation,43,11,0,6,0,0,6,25,43.0,12.5,11.25,3.708,4.12,0.0,0.8,0.256,0.0,0.14,0.33,0.0,0.064,0.9,0.2304,0.297
lawrence_ati_zigi__gha,Lawrence Ati Zigi,GHA,GK,venskabskamp,Venskabskamp,28,12,0,3,0,0,3,11,28.0,10.280000000000001,5.3456,2.1008,4.04,0.0,1.4,0.429,0.0,0.107,0.393,0.0,0.136,0.52,0.2231,0.2044
lawrence_shankland__sco,Lawrence Shankland,SCO,FWD,slutrunde,Slutrunde,6,0,0,3,0,0,3,0,6.0,2.04,2.04,0.0,0.0,0.0,0.6000000000000001,0.0,0.0,0.5,0.0,0.0,0.294,1.0,0.0,0.0
lawrence_shankland__sco,Lawrence Shankland,SCO,FWD,kvalifikation,Kvalifikation,31,1,0,19,1,0,19,3,30.0,8.9,7.920000000000001,0.09000000000000001,0.1,0.0,5.5600000000000005,0.033,0.0,0.613,0.011,0.0,0.625,0.9,0.0297,0.0099
lawrence_shankland__sco,Lawrence Shankland,SCO,FWD,nations_league,Nations League,20,0,0,11,2,0,11,4,18.0,5.64,4.2432,0.0,0.0,0.0,3.22,0.0,0.0,0.55,0.0,0.0,0.571,0.78,0.0,0.0
lawrence_shankland__sco,Lawrence Shankland,SCO,FWD,venskabskamp,Venskabskamp,17,5,0,10,0,0,10,1,17.0,8.18,4.2536000000000005,1.6224,3.12,0.0,4.42,0.294,0.0,0.588,0.381,0.0,0.54,0.52,0.1529,0.1981
leandro_bacuna__cuw,Leandro Bacuna,CUW,MID,slutrunde,Slutrunde,10,9,0,1,0,0,1,0,10.0,2.74,2.74,2.06,2.06,0.0,0.68,0.9,0.0,0.1,0.752,0.0,0.248,1.0,0.9,0.752
leandro_bacuna__cuw,Leandro Bacuna,CUW,MID,kvalifikation,Kvalifikation,23,22,0,1,0,0,1,0,23.0,8.22,7.398000000000001,6.966000000000001,7.74,0.0,0.48,0.957,0.0,0.043,0.942,0.0,0.058,0.9,0.8613,0.8478
leandro_bacuna__cuw,Leandro Bacuna,CUW,MID,nations_league,Nations League,22,19,0,2,0,0,2,0,22.0,5.76,4.492800000000001,3.8376,4.92,0.0,0.64,0.864,0.0,0.091,0.854,0.0,0.111,0.78,0.6739,0.6661
leandro_bacuna__cuw,Leandro Bacuna,CUW,MID,venskabskamp,Venskabskamp,22,16,0,6,0,0,6,0,22.0,6.3,3.2760000000000002,2.5272,4.86,0.0,1.44,0.727,0.0,0.273,0.771,0.0,0.229,0.52,0.378,0.4009
leandro_bacuna__cuw,Leandro Bacuna,CUW,MID,ungdom_slutrunde,Ungdomsslutrunde,2,2,0,0,0,0,0,0,2.0,0.2,0.06999999999999999,0.06999999999999999,0.2,0.0,0.0,1.0,0.0,0.0,1.0,0.0,0.0,0.35,0.35,0.35
leandro_paredes__arg,Leandro Paredes,ARG,MID,slutrunde,Slutrunde,32,14,0,5,1,0,5,6,31.0,7.8,7.6000000000000005,2.7600000000000002,2.7600000000000002,0.0,1.32,0.452,0.0,0.156,0.363,0.0,0.169,1.0,0.452,0.363
leandro_paredes__arg,Leandro Paredes,ARG,MID,kvalifikation,Kvalifikation,39,20,0,3,1,0,1,6,38.0,11.780000000000001,10.422,5.202000000000001,5.78,0.0,1.08,0.526,0.0,0.077,0.499,0.0,0.092,0.9,0.4734,0.4491
leandro_paredes__arg,Leandro Paredes,ARG,MID,venskabskamp,Venskabskamp,40,21,0,3,1,0,3,8,39.0,10.52,5.3664000000000005,2.3504,4.5200000000000005,0.0,1.78,0.538,0.0,0.075,0.438,0.0,0.169,0.52,0.2798,0.2278
leandro_trossard__bel,Leandro Trossard,BEL,FWD,slutrunde,Slutrunde,12,4,0,0,0,0,0,5,12.0,3.52,3.52,1.3599999999999999,1.3599999999999999,0.0,0.0,0.333,0.0,0.0,0.386,0.0,0.0,1.0,0.333,0.386
leandro_trossard__bel,Leandro Trossard,BEL,FWD,nations_league_finals,Nations League-slutrunde,2,0,0,0,0,0,0,0,2.0,0.4,0.38,0.0,0.0,0.0,0.0,0.0,0.0,0.0,0.0,0.0,0.0,0.95,0.0,0.0
leandro_trossard__bel,Leandro Trossard,BEL,FWD,kvalifikation,Kvalifikation,26,12,0,5,0,0,5,3,26.0,9.38,8.442000000000002,4.554,5.0600000000000005,0.0,1.3800000000000001,0.462,0.0,0.192,0.539,0.0,0.147,0.9,0.4158,0.4851
leandro_trossard__bel,Leandro Trossard,BEL,FWD,nations_league,Nations League,24,9,0,5,3,0,5,2,21.0,6.04,4.477200000000001,2.6364,3.38,0.0,1.26,0.429,0.0,0.208,0.589,0.0,0.209,0.78,0.3346,0.4594
leandro_trossard__bel,Leandro Trossard,BEL,FWD,venskabskamp,Venskabskamp,19,6,0,4,2,0,4,3,17.0,7.26,3.6712000000000002,1.2584,2.42,0.0,3.04,0.353,0.0,0.211,0.343,0.0,0.419,0.52,0.1836,0.1784
lennart_karl__ger,Lennart Karl,GER,MID,venskabskamp,Venskabskamp,3,1,0,0,0,0,0,0,3.0,2.84,1.4768000000000001,0.52,1.0,0.0,0.0,0.333,0.0,0.0,0.352,0.0,0.0,0.52,0.1732,0.183
lenny_joseph__hai,Lenny Joseph,HAI,FWD,venskabskamp,Venskabskamp,2,0,0,0,0,0,0,0,2.0,2.0,1.04,0.0,0.0,0.0,0.0,0.0,0.0,0.0,0.0,0.0,0.0,0.52,0.0,0.0
leo_pereira__bra,Leo Pereira,BRA,DEF,venskabskamp,Venskabskamp,4,3,0,0,0,0,0,0,4.0,3.84,1.9968000000000001,1.4768000000000001,2.84,0.0,0.0,0.75,0.0,0.0,0.74,0.0,0.0,0.52,0.39,0.3848
leo_ostigard__nor,Leo Østigård,NOR,DEF,kvalifikation,Kvalifikation,19,9,0,1,2,0,1,3,17.0,7.66,5.8500000000000005,2.5200000000000005,2.8,0.0,0.1,0.529,0.0,0.053,0.431,0.0,0.013,0.9,0.4761,0.3879
leo_ostigard__nor,Leo Østigård,NOR,DEF,nations_league,Nations League,16,11,0,3,0,0,3,2,16.0,4.48,3.4944,2.8080000000000003,3.6,0.0,0.6799999999999999,0.688,0.0,0.188,0.804,0.0,0.152,0.78,0.5366,0.6271
leo_ostigard__nor,Leo Østigård,NOR,DEF,venskabskamp,Venskabskamp,15,11,0,0,1,0,0,1,14.0,7.24,3.4112,2.3088,4.44,0.0,0.0,0.786,0.0,0.0,0.677,0.0,0.0,0.52,0.4087,0.352
leon_goretzka__ger,Leon Goretzka,GER,MID,slutrunde,Slutrunde,33,8,0,16,3,0,16,3,30.0,5.9,5.5,1.1,1.1,0.0,3.5,0.267,0.0,0.485,0.2,0.0,0.593,1.0,0.267,0.2
leon_goretzka__ger,Leon Goretzka,GER,MID,nations_league_finals,Nations League-slutrunde,4,4,0,0,0,0,0,0,4.0,2.12,2.014,2.014,2.12,0.0,0.0,1.0,0.0,0.0,1.0,0.0,0.0,0.95,0.95,0.95
leon_goretzka__ger,Leon Goretzka,GER,MID,kvalifikation,Kvalifikation,44,20,0,12,6,0,12,1,38.0,8.58,7.182000000000001,4.86,5.4,0.0,1.3,0.526,0.0,0.273,0.677,0.0,0.152,0.9,0.4734,0.6093
leon_goretzka__ger,Leon Goretzka,GER,MID,nations_league,Nations League,22,7,0,9,3,0,9,1,19.0,5.08,3.6504000000000003,0.7020000000000002,0.9,0.0,3.28,0.368,0.0,0.409,0.192,0.0,0.646,0.78,0.287,0.1498
leon_goretzka__ger,Leon Goretzka,GER,MID,venskabskamp,Venskabskamp,52,10,0,18,10,0,18,3,42.0,12.26,5.751200000000001,1.3936000000000002,2.68,0.0,3.38,0.238,0.0,0.346,0.242,0.0,0.276,0.52,0.1238,0.1258
leonardo_balerdi__arg,Leonardo Balerdi,ARG,DEF,slutrunde,Slutrunde,21,0,0,20,1,0,20,0,20.0,5.88,5.68,0.0,0.0,0.0,5.68,0.0,0.0,0.952,0.0,0.0,0.966,1.0,0.0,0.0
leonardo_balerdi__arg,Leonardo Balerdi,ARG,DEF,kvalifikation,Kvalifikation,35,3,0,21,4,0,21,3,31.0,11.38,9.018,1.6560000000000001,1.84,0.0,4.42,0.097,0.0,0.6,0.184,0.0,0.388,0.9,0.0873,0.1656
leonardo_balerdi__arg,Leonardo Balerdi,ARG,DEF,venskabskamp,Venskabskamp,20,1,0,11,1,0,11,4,19.0,5.4,2.704,0.3536,0.68,0.0,2.42,0.053,0.0,0.55,0.131,0.0,0.448,0.52,0.0276,0.0681
leopold_querfeld__aut,Leopold Querfeld,AUT,DEF,slutrunde,Slutrunde,4,0,0,0,0,0,0,3,4.0,1.92,1.92,0.0,0.0,0.0,0.0,0.0,0.0,0.0,0.0,0.0,0.0,1.0,0.0,0.0
leopold_querfeld__aut,Leopold Querfeld,AUT,DEF,kvalifikation,Kvalifikation,12,0,0,4,0,0,4,7,12.0,6.720000000000001,6.048000000000001,0.0,0.0,0.0,1.28,0.0,0.0,0.333,0.0,0.0,0.19,0.9,0.0,0.0
leopold_querfeld__aut,Leopold Querfeld,AUT,DEF,nations_league,Nations League,8,0,0,2,0,0,2,5,8.0,3.84,2.9952,0.0,0.0,0.0,0.96,0.0,0.0,0.25,0.0,0.0,0.25,0.78,0.0,0.0
leopold_querfeld__aut,Leopold Querfeld,AUT,DEF,venskabskamp,Venskabskamp,6,1,0,1,0,0,1,3,6.0,2.08,1.0816000000000001,0.16640000000000002,0.32,0.0,0.32,0.167,0.0,0.167,0.154,0.0,0.154,0.52,0.0868,0.0801
leroy_san__ger,Leroy Sane,GER,FWD,slutrunde,Slutrunde,26,4,0,4,5,0,4,5,21.0,5.2,4.7,1.3599999999999999,1.3599999999999999,0.0,0.5,0.19,0.0,0.154,0.289,0.0,0.096,1.0,0.19,0.289
leroy_san__ger,Leroy Sane,GER,FWD,nations_league_finals,Nations League-slutrunde,4,3,0,0,0,0,0,1,4.0,2.12,2.014,1.3679999999999999,1.44,0.0,0.0,0.75,0.0,0.0,0.679,0.0,0.0,0.95,0.7125,0.6451
leroy_san__ger,Leroy Sane,GER,FWD,kvalifikation,Kvalifikation,34,15,0,9,7,0,9,1,27.0,7.58,6.192000000000001,2.9340000000000006,3.2600000000000002,0.0,3.22,0.556,0.0,0.265,0.474,0.0,0.425,0.9,0.5004,0.4266
leroy_san__ger,Leroy Sane,GER,FWD,nations_league,Nations League,22,11,0,4,2,0,4,1,20.0,5.08,3.8064000000000004,1.4664000000000001,1.8800000000000001,0.0,1.92,0.55,0.0,0.182,0.385,0.0,0.378,0.78,0.429,0.3003
leroy_san__ger,Leroy Sane,GER,FWD,venskabskamp,Venskabskamp,45,20,0,10,5,0,8,1,40.0,11.56,5.636800000000001,2.9536000000000002,5.68,0.0,1.6400000000000001,0.5,0.0,0.222,0.524,0.0,0.142,0.52,0.26,0.2725
leverton_pierre__hai,Leverton Pierre,HAI,MID,slutrunde,Slutrunde,9,6,0,0,0,0,0,2,9.0,3.6,3.6,2.64,2.64,0.0,0.0,0.667,0.0,0.0,0.733,0.0,0.0,1.0,0.667,0.733
leverton_pierre__hai,Leverton Pierre,HAI,MID,kvalifikation,Kvalifikation,14,9,0,1,0,0,1,0,14.0,7.2,6.48,3.8520000000000003,4.28,0.0,0.68,0.643,0.0,0.071,0.594,0.0,0.094,0.9,0.5787,0.5346
leverton_pierre__hai,Leverton Pierre,HAI,MID,nations_league,Nations League,16,6,0,7,0,0,7,1,16.0,5.36,4.1808000000000005,1.5912000000000002,2.04,0.0,2.44,0.375,0.0,0.438,0.381,0.0,0.455,0.78,0.2925,0.2972
leverton_pierre__hai,Leverton Pierre,HAI,MID,venskabskamp,Venskabskamp,10,5,0,3,0,0,3,2,10.0,5.5600000000000005,2.8912,1.4768000000000001,2.84,0.0,0.72,0.5,0.0,0.3,0.511,0.0,0.129,0.52,0.26,0.2657
lewis_ferguson__sco,Lewis Ferguson,SCO,MID,slutrunde,Slutrunde,3,0,0,0,3,0,0,0,0.0,1.44,0.0,0.0,0.0,0.0,0.0,0,0.0,0.0,0,0.0,0.0,1.0,0.0,0.0
lewis_ferguson__sco,Lewis Ferguson,SCO,MID,kvalifikation,Kvalifikation,22,5,0,1,0,0,1,11,22.0,8.0,7.200000000000001,3.0600000000000005,3.4000000000000004,0.0,0.68,0.227,0.0,0.045,0.425,0.0,0.085,0.9,0.2043,0.3825
lewis_ferguson__sco,Lewis Ferguson,SCO,MID,nations_league,Nations League,14,1,0,7,4,0,7,0,10.0,5.04,2.4336,0.3744,0.48,0.0,1.96,0.1,0.0,0.5,0.154,0.0,0.389,0.78,0.078,0.1201
lewis_ferguson__sco,Lewis Ferguson,SCO,MID,venskabskamp,Venskabskamp,15,6,0,1,2,0,1,1,13.0,7.88,3.6816000000000004,1.9760000000000002,3.8000000000000003,0.0,1.0,0.462,0.0,0.067,0.537,0.0,0.127,0.52,0.2402,0.2792
lewis_hall__eng,Lewis Hall,ENG,DEF,kvalifikation,Kvalifikation,8,0,0,4,4,0,4,0,4.0,5.04,2.4480000000000004,0.0,0.0,0.0,2.72,0.0,0.0,0.5,0.0,0.0,0.54,0.9,0.0,0.0
lewis_hall__eng,Lewis Hall,ENG,DEF,nations_league,Nations League,2,1,0,0,0,0,0,0,2.0,0.96,0.7488,0.3744,0.48,0.0,0.0,0.5,0.0,0.0,0.5,0.0,0.0,0.78,0.39,0.39
lewis_hall__eng,Lewis Hall,ENG,DEF,venskabskamp,Venskabskamp,4,0,0,0,2,0,0,0,2.0,3.2,0.9568000000000001,0.0,0.0,0.0,0.0,0.0,0.0,0.0,0.0,0.0,0.0,0.52,0.0,0.0
liam_kelly__sco,Liam Kelly,SCO,GK,venskabskamp,Venskabskamp,2,1,0,0,0,0,0,1,2.0,0.2,0.10400000000000001,0.052000000000000005,0.1,0.0,0.0,0.5,0.0,0.0,0.5,0.0,0.0,0.52,0.26,0.26
liam_millar__can,Liam Millar,CAN,MID,slutrunde,Slutrunde,26,6,0,9,0,0,9,4,26.0,8.88,8.88,2.24,2.24,0.0,3.72,0.231,0.0,0.346,0.252,0.0,0.419,1.0,0.231,0.252
liam_millar__can,Liam Millar,CAN,MID,nations_league_finals,Nations League-slutrunde,9,0,0,2,4,0,2,1,5.0,3.52,1.52,0.0,0.0,0.0,0.64,0.0,0.0,0.222,0.0,0.0,0.182,0.95,0.0,0.0
liam_millar__can,Liam Millar,CAN,MID,kvalifikation,Kvalifikation,20,5,0,3,0,0,3,10,20.0,3.8000000000000003,3.4200000000000004,0.81,0.9,0.0,0.6000000000000001,0.25,0.0,0.15,0.237,0.0,0.158,0.9,0.225,0.2133
liam_millar__can,Liam Millar,CAN,MID,nations_league,Nations League,12,2,0,3,1,0,3,3,11.0,1.6,1.092,0.15600000000000003,0.2,0.0,0.6000000000000001,0.182,0.0,0.25,0.143,0.0,0.375,0.78,0.142,0.1115
liam_millar__can,Liam Millar,CAN,MID,venskabskamp,Venskabskamp,27,7,0,9,2,0,9,2,25.0,14.05,6.598800000000001,2.3192,4.46,0.0,4.07,0.28,0.0,0.333,0.351,0.0,0.29,0.52,0.1456,0.1825
liberato_cacace__nzl,Liberato Cacace,NZL,DEF,slutrunde,Slutrunde,4,3,0,1,0,0,1,0,4.0,1.92,1.92,1.44,1.44,0.0,0.48,0.75,0.0,0.25,0.75,0.0,0.25,1.0,0.75,0.75
liberato_cacace__nzl,Liberato Cacace,NZL,DEF,kvalifikation,Kvalifikation,11,6,0,2,0,0,2,1,11.0,3.6,3.24,2.088,2.32,0.0,0.4,0.545,0.0,0.182,0.644,0.0,0.111,0.9,0.4905,0.5796
liberato_cacace__nzl,Liberato Cacace,NZL,DEF,oevrig_turnering,Øvrig turnering,3,2,0,0,0,0,0,1,3.0,0.30000000000000004,0.186,0.124,0.2,0.0,0.0,0.667,0.0,0.0,0.667,0.0,0.0,0.62,0.4135,0.4135
liberato_cacace__nzl,Liberato Cacace,NZL,DEF,venskabskamp,Venskabskamp,35,24,0,10,0,0,10,1,35.0,15.48,8.0496,4.711200000000001,9.06,0.0,6.32,0.686,0.0,0.286,0.585,0.0,0.408,0.52,0.3567,0.3042
lionel_messi__arg,Lionel Messi,ARG,FWD,slutrunde,Slutrunde,71,61,0,1,0,0,1,4,71.0,11.700000000000001,11.700000000000001,9.5,9.5,0.0,0.92,0.859,0.0,0.014,0.812,0.0,0.079,1.0,0.859,0.812
lionel_messi__arg,Lionel Messi,ARG,FWD,kvalifikation,Kvalifikation,90,65,0,4,14,0,3,0,76.0,16.88,12.366000000000001,9.864,10.96,0.0,1.1800000000000002,0.855,0.0,0.044,0.798,0.0,0.07,0.9,0.7695,0.7182
lionel_messi__arg,Lionel Messi,ARG,FWD,venskabskamp,Venskabskamp,110,52,0,33,13,0,29,4,97.0,17.52,8.2056,4.3056,8.280000000000001,0.0,4.1000000000000005,0.536,0.0,0.3,0.525,0.0,0.234,0.52,0.2787,0.273
lionel_mpasi_nzau__cod,Lionel Mpasi Nzau,COD,GK,slutrunde,Slutrunde,18,10,0,7,0,0,7,1,18.0,8.96,8.96,5.32,5.32,0.0,3.3200000000000003,0.556,0.0,0.389,0.594,0.0,0.371,1.0,0.556,0.594
lionel_mpasi_nzau__cod,Lionel Mpasi Nzau,COD,GK,kvalifikation,Kvalifikation,30,10,0,2,0,0,2,18,30.0,12.88,11.592,4.86,5.4,0.0,0.96,0.333,0.0,0.067,0.419,0.0,0.075,0.9,0.2997,0.3771
lionel_mpasi_nzau__cod,Lionel Mpasi Nzau,COD,GK,venskabskamp,Venskabskamp,15,6,0,3,0,0,3,5,15.0,6.65,3.458,1.2896,2.48,0.0,1.44,0.4,0.0,0.2,0.373,0.0,0.217,0.52,0.208,0.194
livano_comenencia__cuw,Livano Comenencia,CUW,DEF,slutrunde,Slutrunde,3,3,0,0,0,0,0,0,3.0,2.04,2.04,2.04,2.04,0.0,0.0,1.0,0.0,0.0,1.0,0.0,0.0,1.0,1.0,1.0
livano_comenencia__cuw,Livano Comenencia,CUW,DEF,kvalifikation,Kvalifikation,8,7,0,0,0,0,0,0,8.0,5.44,4.896000000000001,4.284000000000001,4.760000000000001,0.0,0.0,0.875,0.0,0.0,0.875,0.0,0.0,0.9,0.7875,0.7875
livano_comenencia__cuw,Livano Comenencia,CUW,DEF,nations_league,Nations League,4,3,0,0,0,0,0,0,4.0,1.92,1.4976,1.1232,1.44,0.0,0.0,0.75,0.0,0.0,0.75,0.0,0.0,0.78,0.585,0.585
livano_comenencia__cuw,Livano Comenencia,CUW,DEF,venskabskamp,Venskabskamp,3,3,0,0,0,0,0,0,3.0,2.84,1.4768000000000001,1.4768000000000001,2.84,0.0,0.0,1.0,0.0,0.0,1.0,0.0,0.0,0.52,0.52,0.52
logan_costa__cpv,Logan Costa,CPV,DEF,slutrunde,Slutrunde,5,5,0,0,0,0,0,0,5.0,1.6,1.6,1.6,1.6,0.0,0.0,1.0,0.0,0.0,1.0,0.0,0.0,1.0,1.0,1.0
logan_costa__cpv,Logan Costa,CPV,DEF,kvalifikation,Kvalifikation,22,13,0,3,4,0,3,2,18.0,9.6,6.192,5.184,5.76,0.0,0.6000000000000001,0.722,0.0,0.136,0.837,0.0,0.063,0.9,0.6498,0.7533
logan_costa__cpv,Logan Costa,CPV,DEF,venskabskamp,Venskabskamp,18,6,0,3,4,0,3,2,14.0,8.280000000000001,2.6416000000000004,0.8112000000000001,1.56,0.0,1.48,0.429,0.0,0.167,0.307,0.0,0.179,0.52,0.2231,0.1596
lois_openda__bel,Lois Openda,BEL,FWD,slutrunde,Slutrunde,7,1,0,0,0,0,0,3,7.0,2.52,2.52,0.48,0.48,0.0,0.0,0.143,0.0,0.0,0.19,0.0,0.0,1.0,0.143,0.19
lois_openda__bel,Lois Openda,BEL,FWD,kvalifikation,Kvalifikation,16,2,0,1,0,0,1,4,16.0,7.880000000000001,7.092000000000001,0.9000000000000001,1.0,0.0,0.32,0.125,0.0,0.062,0.127,0.0,0.041,0.9,0.1125,0.1143
lois_openda__bel,Lois Openda,BEL,FWD,nations_league,Nations League,13,6,0,1,0,0,0,2,13.0,4.84,3.7752000000000003,2.2464,2.88,0.0,0.48,0.462,0.0,0.077,0.595,0.0,0.099,0.78,0.3604,0.4641
lois_openda__bel,Lois Openda,BEL,FWD,venskabskamp,Venskabskamp,9,4,0,0,0,0,0,1,9.0,4.16,2.1632000000000002,1.0608,2.04,0.0,0.0,0.444,0.0,0.0,0.49,0.0,0.0,0.52,0.2309,0.2548
luc_de_fougerolles__can,Luc De Fougerolles,CAN,DEF,slutrunde,Slutrunde,10,4,0,0,0,0,0,6,10.0,5.6,5.6,2.52,2.52,0.0,0.0,0.4,0.0,0.0,0.45,0.0,0.0,1.0,0.4,0.45
luc_de_fougerolles__can,Luc De Fougerolles,CAN,DEF,nations_league_finals,Nations League-slutrunde,7,0,0,4,0,0,4,2,7.0,2.88,2.7359999999999998,0.0,0.0,0.0,1.92,0.0,0.0,0.571,0.0,0.0,0.667,0.95,0.0,0.0
luc_de_fougerolles__can,Luc De Fougerolles,CAN,DEF,venskabskamp,Venskabskamp,19,5,0,6,0,0,6,5,19.0,12.85,6.682,1.9344000000000001,3.72,0.0,3.65,0.263,0.0,0.316,0.289,0.0,0.284,0.52,0.1368,0.1503
luca_jaquez__sui,Luca Jaquez,SUI,DEF,kvalifikation,Kvalifikation,4,0,0,0,2,0,0,1,2.0,2.72,1.2240000000000002,0.0,0.0,0.0,0.0,0.0,0.0,0.0,0.0,0.0,0.0,0.9,0.0,0.0
luca_jaquez__sui,Luca Jaquez,SUI,DEF,venskabskamp,Venskabskamp,4,0,0,0,0,0,0,2,4.0,3.84,1.9968000000000001,0.0,0.0,0.0,0.0,0.0,0.0,0.0,0.0,0.0,0.0,0.52,0.0,0.0
luca_zidane__alg,Luca Zidane,ALG,GK,slutrunde,Slutrunde,9,4,0,4,0,0,4,1,9.0,7.4799999999999995,7.4799999999999995,3.4,3.4,0.0,3.23,0.444,0.0,0.444,0.455,0.0,0.432,1.0,0.444,0.455
luca_zidane__alg,Luca Zidane,ALG,GK,kvalifikation,Kvalifikation,2,1,0,0,0,0,0,1,2.0,1.36,1.2240000000000002,0.6120000000000001,0.68,0.0,0.0,0.5,0.0,0.0,0.5,0.0,0.0,0.9,0.45,0.45
luca_zidane__alg,Luca Zidane,ALG,GK,venskabskamp,Venskabskamp,5,2,0,1,1,0,1,1,4.0,4.2,1.8304,0.9984000000000001,1.92,0.0,0.68,0.5,0.0,0.2,0.545,0.0,0.162,0.52,0.26,0.2834
lucas_bergvall__swe,Lucas Bergvall,SWE,MID,kvalifikation,Kvalifikation,8,2,0,0,2,0,0,2,6.0,5.92,4.104000000000001,1.2240000000000002,1.36,0.0,0.0,0.333,0.0,0.0,0.298,0.0,0.0,0.9,0.2997,0.2682
lucas_bergvall__swe,Lucas Bergvall,SWE,MID,nations_league,Nations League,6,0,0,1,0,0,1,2,6.0,2.88,2.2464,0.0,0.0,0.0,0.48,0.0,0.0,0.167,0.0,0.0,0.167,0.78,0.0,0.0
lucas_bergvall__swe,Lucas Bergvall,SWE,MID,venskabskamp,Venskabskamp,11,1,0,7,1,0,7,0,10.0,6.24,2.8912,0.52,1.0,0.0,3.24,0.1,0.0,0.636,0.18,0.0,0.519,0.52,0.052,0.0936
lucas_digne__fra,Lucas Digne,FRA,DEF,slutrunde,Slutrunde,36,2,0,21,0,0,21,12,36.0,6.98,6.98,0.30000000000000004,0.30000000000000004,0.0,5.18,0.056,0.0,0.583,0.043,0.0,0.742,1.0,0.056,0.043
lucas_digne__fra,Lucas Digne,FRA,DEF,nations_league_finals,Nations League-slutrunde,6,2,0,1,0,0,1,3,6.0,2.52,2.394,1.1019999999999999,1.1600000000000001,0.0,0.2,0.333,0.0,0.167,0.46,0.0,0.079,0.95,0.3164,0.437
lucas_digne__fra,Lucas Digne,FRA,DEF,kvalifikation,Kvalifikation,42,13,0,9,1,0,9,17,41.0,9.700000000000001,8.64,3.0060000000000002,3.3400000000000003,0.0,2.42,0.317,0.0,0.214,0.348,0.0,0.249,0.9,0.2853,0.3132
lucas_digne__fra,Lucas Digne,FRA,DEF,nations_league,Nations League,22,8,0,3,2,0,3,7,20.0,5.08,3.6504000000000003,1.6692,2.14,0.0,0.6799999999999999,0.4,0.0,0.136,0.457,0.0,0.134,0.78,0.312,0.3565
lucas_digne__fra,Lucas Digne,FRA,DEF,venskabskamp,Venskabskamp,54,15,0,16,0,0,16,11,54.0,9.88,5.137600000000001,1.2584000000000002,2.42,0.0,3.24,0.278,0.0,0.296,0.245,0.0,0.328,0.52,0.1446,0.1274
lucas_hern_ndez__fra,Lucas Hernandez,FRA,DEF,slutrunde,Slutrunde,24,10,0,0,12,0,0,2,12.0,5.78,1.7000000000000002,1.3,1.3,0.0,0.0,0.833,0.0,0.0,0.765,0.0,0.0,1.0,0.833,0.765
lucas_hern_ndez__fra,Lucas Hernandez,FRA,DEF,nations_league_finals,Nations League-slutrunde,6,2,0,2,0,0,2,1,6.0,2.52,2.394,0.8360000000000001,0.8800000000000001,0.0,0.96,0.333,0.0,0.333,0.349,0.0,0.381,0.95,0.3164,0.3315
lucas_hern_ndez__fra,Lucas Hernandez,FRA,DEF,kvalifikation,Kvalifikation,32,9,0,3,10,0,3,10,22.0,8.700000000000001,6.354000000000001,2.0160000000000005,2.24,0.0,0.6000000000000001,0.409,0.0,0.094,0.317,0.0,0.069,0.9,0.3681,0.2853
lucas_hern_ndez__fra,Lucas Hernandez,FRA,DEF,nations_league,Nations League,22,8,0,1,9,0,0,3,13.0,5.08,1.3260000000000003,0.7020000000000002,0.9,0.0,0.2,0.615,0.0,0.045,0.529,0.0,0.039,0.78,0.4797,0.4126
lucas_hern_ndez__fra,Lucas Hernandez,FRA,DEF,venskabskamp,Venskabskamp,23,7,0,0,4,0,0,8,19.0,6.78,2.9224,1.0088000000000001,1.9400000000000002,0.0,0.0,0.368,0.0,0.0,0.345,0.0,0.0,0.52,0.1914,0.1794
lucas_herrington__aus,Lucas Herrington,AUS,DEF,venskabskamp,Venskabskamp,4,4,0,0,0,0,0,0,4.0,3.84,1.9968000000000001,1.9968000000000001,3.84,0.0,0.0,1.0,0.0,0.0,1.0,0.0,0.0,0.52,0.52,0.52
lucas_mendes__qat,Lucas Mendes,QAT,DEF,slutrunde,Slutrunde,13,10,0,1,0,0,1,1,13.0,5.89,5.89,4.41,4.41,0.0,0.48,0.769,0.0,0.077,0.749,0.0,0.081,1.0,0.769,0.749
lucas_mendes__qat,Lucas Mendes,QAT,DEF,kvalifikation,Kvalifikation,17,11,0,2,2,0,2,0,15.0,8.28,6.408,4.32,4.8,0.0,0.96,0.733,0.0,0.118,0.674,0.0,0.116,0.9,0.6597,0.6066
lucas_mendes__qat,Lucas Mendes,QAT,DEF,venskabskamp,Venskabskamp,5,0,0,2,0,0,2,1,5.0,4.04,2.1008,0.0,0.0,0.0,1.36,0.0,0.0,0.4,0.0,0.0,0.337,0.52,0.0,0.0
lucas_paqueta__bra,Lucas Paqueta,BRA,MID,slutrunde,Slutrunde,22,12,0,0,0,0,0,7,22.0,4.92,4.92,3.52,3.52,0.0,0.0,0.545,0.0,0.0,0.715,0.0,0.0,1.0,0.545,0.715
lucas_paqueta__bra,Lucas Paqueta,BRA,MID,kvalifikation,Kvalifikation,35,15,0,14,0,0,13,0,35.0,11.18,10.062000000000001,3.7980000000000005,4.22,0.0,4.92,0.429,0.0,0.4,0.377,0.0,0.44,0.9,0.3861,0.3393
lucas_paqueta__bra,Lucas Paqueta,BRA,MID,venskabskamp,Venskabskamp,35,16,0,6,0,0,6,2,35.0,11.4,5.928000000000001,2.5168000000000004,4.84,0.0,2.24,0.457,0.0,0.171,0.425,0.0,0.196,0.52,0.2376,0.221
lucas_ramon_romero__par,Lucas Ramon Romero,PAR,MID,kvalifikation,Kvalifikation,1,0,0,0,0,0,0,1,1.0,0.68,0.6120000000000001,0.0,0.0,0.0,0.0,0.0,0.0,0.0,0.0,0.0,0.0,0.9,0.0,0.0
lucas_ramon_romero__par,Lucas Ramon Romero,PAR,MID,venskabskamp,Venskabskamp,6,1,0,0,0,0,0,4,6.0,4.5600000000000005,2.3712,0.47840000000000005,0.92,0.0,0.0,0.167,0.0,0.0,0.202,0.0,0.0,0.52,0.0868,0.105
luciano_valente__ned,Luciano Valente,NED,MID,kvalifikation,Kvalifikation,2,0,0,0,0,0,0,1,2.0,1.36,1.2240000000000002,0.0,0.0,0.0,0.0,0.0,0.0,0.0,0.0,0.0,0.0,0.9,0.0,0.0
luciano_valente__ned,Luciano Valente,NED,MID,venskabskamp,Venskabskamp,2,0,0,0,0,0,0,1,2.0,1.84,0.9568000000000001,0.0,0.0,0.0,0.0,0.0,0.0,0.0,0.0,0.0,0.0,0.52,0.0,0.0
luis_d_az__col,Luis Diaz,COL,FWD,slutrunde,Slutrunde,17,11,0,1,0,0,0,2,17.0,4.68,4.68,3.78,3.78,0.0,0.2,0.647,0.0,0.059,0.808,0.0,0.043,1.0,0.647,0.808
luis_d_az__col,Luis Diaz,COL,FWD,kvalifikation,Kvalifikation,36,31,0,3,0,0,3,0,36.0,11.58,10.422,9.360000000000001,10.4,0.0,0.8800000000000001,0.861,0.0,0.083,0.898,0.0,0.076,0.9,0.7749,0.8082
luis_d_az__col,Luis Diaz,COL,FWD,venskabskamp,Venskabskamp,37,19,0,6,4,0,6,1,33.0,11.440000000000001,5.532800000000001,4.472,8.6,0.0,1.24,0.576,0.0,0.162,0.808,0.0,0.108,0.52,0.2995,0.4202
luis_mejia__pan,Luis Mejia,PAN,GK,slutrunde,Slutrunde,68,8,0,27,3,0,27,30,65.0,12.26,11.96,1.0,1.0,0.0,2.7,0.123,0.0,0.397,0.084,0.0,0.22,1.0,0.123,0.084
luis_mejia__pan,Luis Mejia,PAN,GK,nations_league_finals,Nations League-slutrunde,10,1,0,6,0,0,6,3,10.0,3.84,3.6479999999999997,0.304,0.32,0.0,2.24,0.1,0.0,0.6,0.083,0.0,0.583,0.95,0.095,0.0789
luis_mejia__pan,Luis Mejia,PAN,GK,kvalifikation,Kvalifikation,67,23,0,18,0,0,18,26,67.0,13.9,12.510000000000002,5.328,5.92,0.0,1.8,0.343,0.0,0.269,0.426,0.0,0.129,0.9,0.3087,0.3834
luis_mejia__pan,Luis Mejia,PAN,GK,nations_league,Nations League,12,4,0,1,2,0,1,5,10.0,2.48,1.7784000000000002,0.6396000000000001,0.8200000000000001,0.0,0.1,0.4,0.0,0.083,0.36,0.0,0.04,0.78,0.312,0.2808
luis_mejia__pan,Luis Mejia,PAN,GK,venskabskamp,Venskabskamp,99,19,0,62,8,0,62,9,91.0,18.7,7.477600000000001,1.5288000000000002,2.94,0.0,9.96,0.209,0.0,0.626,0.204,0.0,0.533,0.52,0.1087,0.1061
luis_suarez_charris__col,Luis Suarez Charris,COL,FWD,slutrunde,Slutrunde,13,0,0,13,0,0,13,0,13.0,4.28,4.28,0.0,0.0,0.0,4.28,0.0,0.0,1.0,0.0,0.0,1.0,1.0,0.0,0.0
luis_suarez_charris__col,Luis Suarez Charris,COL,FWD,kvalifikation,Kvalifikation,34,1,0,21,4,0,21,4,30.0,11.38,9.09,0.6120000000000001,0.68,0.0,6.58,0.033,0.0,0.618,0.067,0.0,0.578,0.9,0.0297,0.0603
luis_suarez_charris__col,Luis Suarez Charris,COL,FWD,venskabskamp,Venskabskamp,23,5,0,13,2,0,13,2,21.0,10.040000000000001,4.888,1.7680000000000002,3.4000000000000004,0.0,3.64,0.238,0.0,0.565,0.362,0.0,0.363,0.52,0.1238,0.1882
luiz_henrique__bra,Luiz Henrique,BRA,FWD,kvalifikation,Kvalifikation,12,2,0,4,0,0,4,0,12.0,6.36,5.724,1.044,1.1600000000000001,0.0,2.12,0.167,0.0,0.333,0.182,0.0,0.333,0.9,0.1503,0.1638
luiz_henrique__bra,Luiz Henrique,BRA,FWD,venskabskamp,Venskabskamp,8,3,0,0,0,0,0,1,8.0,6.5600000000000005,3.4112,1.352,2.6,0.0,0.0,0.375,0.0,0.0,0.396,0.0,0.0,0.52,0.195,0.2059
luka_modri__cro,Luka Modric,CRO,MID,slutrunde,Slutrunde,38,33,0,0,0,0,0,3,38.0,6.04,6.04,5.54,5.54,0.0,0.0,0.868,0.0,0.0,0.917,0.0,0.0,1.0,0.868,0.917
luka_modri__cro,Luka Modric,CRO,MID,nations_league_finals,Nations League-slutrunde,4,4,0,0,0,0,0,0,4.0,1.6,1.52,1.52,1.6,0.0,0.0,1.0,0.0,0.0,1.0,0.0,0.0,0.95,0.95,0.95
luka_modri__cro,Luka Modric,CRO,MID,kvalifikation,Kvalifikation,102,82,0,1,10,0,0,3,92.0,17.060000000000002,14.184000000000001,11.196000000000002,12.440000000000001,0.0,0.1,0.891,0.0,0.01,0.789,0.0,0.006,0.9,0.8019,0.7101
luka_modri__cro,Luka Modric,CRO,MID,nations_league,Nations League,22,18,0,2,0,0,2,0,22.0,5.08,3.9624000000000006,3.4944,4.48,0.0,0.2,0.818,0.0,0.091,0.882,0.0,0.039,0.78,0.638,0.688
luka_modri__cro,Luka Modric,CRO,MID,venskabskamp,Venskabskamp,72,37,0,20,2,0,20,0,70.0,11.18,5.709600000000001,3.3488,6.44,0.0,2.22,0.529,0.0,0.278,0.587,0.0,0.199,0.52,0.2751,0.3052
luka_su_i__cro,Luka Sucic,CRO,MID,slutrunde,Slutrunde,10,1,0,0,0,0,0,7,10.0,2.84,2.84,0.48,0.48,0.0,0.0,0.1,0.0,0.0,0.169,0.0,0.0,1.0,0.1,0.169
luka_su_i__cro,Luka Sucic,CRO,MID,nations_league_finals,Nations League-slutrunde,4,0,0,2,2,0,2,0,2.0,1.6,0.9119999999999999,0.0,0.0,0.0,0.96,0.0,0.0,0.5,0.0,0.0,0.6,0.95,0.0,0.0
luka_su_i__cro,Luka Sucic,CRO,MID,kvalifikation,Kvalifikation,19,1,0,9,5,0,9,1,14.0,8.360000000000001,6.300000000000001,0.6120000000000001,0.68,0.0,4.92,0.071,0.0,0.474,0.097,0.0,0.589,0.9,0.0639,0.0873
luka_su_i__cro,Luka Sucic,CRO,MID,nations_league,Nations League,12,2,0,3,0,0,3,1,12.0,4.08,3.1824000000000003,0.7488,0.96,0.0,0.6000000000000001,0.167,0.0,0.25,0.235,0.0,0.147,0.78,0.1303,0.1833
luka_su_i__cro,Luka Sucic,CRO,MID,venskabskamp,Venskabskamp,10,1,0,2,2,0,2,1,8.0,4.88,2.2048,0.10400000000000001,0.2,0.0,0.4,0.125,0.0,0.2,0.047,0.0,0.082,0.52,0.065,0.0244
luka_vuskovic__cro,Luka Vuskovic,CRO,DEF,kvalifikation,Kvalifikation,8,1,0,4,0,0,4,2,8.0,5.44,4.896000000000001,0.6120000000000001,0.68,0.0,2.72,0.125,0.0,0.5,0.125,0.0,0.5,0.9,0.1125,0.1125
luka_vuskovic__cro,Luka Vuskovic,CRO,DEF,venskabskamp,Venskabskamp,3,3,0,0,0,0,0,0,3.0,2.84,1.4768000000000001,1.4768000000000001,2.84,0.0,0.0,1.0,0.0,0.0,1.0,0.0,0.0,0.52,0.52,0.52
lukas_cerv__cze,Lukas Cerv,CZE,MID,slutrunde,Slutrunde,3,0,0,0,0,0,0,3,3.0,1.44,1.44,0.0,0.0,0.0,0.0,0.0,0.0,0.0,0.0,0.0,0.0,1.0,0.0,0.0
lukas_cerv__cze,Lukas Cerv,CZE,MID,kvalifikation,Kvalifikation,10,7,0,0,0,0,0,2,10.0,6.880000000000001,6.192000000000001,4.140000000000001,4.6000000000000005,0.0,0.0,0.7,0.0,0.0,0.669,0.0,0.0,0.9,0.63,0.6021
lukas_cerv__cze,Lukas Cerv,CZE,MID,nations_league,Nations League,6,5,0,0,0,0,0,1,6.0,2.88,2.2464,1.872,2.4,0.0,0.0,0.833,0.0,0.0,0.833,0.0,0.0,0.78,0.6497,0.6497
lukas_cerv__cze,Lukas Cerv,CZE,MID,venskabskamp,Venskabskamp,6,1,0,0,0,0,0,2,6.0,4.32,2.2464,0.52,1.0,0.0,0.0,0.167,0.0,0.0,0.231,0.0,0.0,0.52,0.0868,0.1201
lukas_hornicek__cze,Lukas Hornicek,CZE,GK,kvalifikation,Kvalifikation,4,0,0,0,0,0,0,4,4.0,3.2,2.8800000000000003,0.0,0.0,0.0,0.0,0.0,0.0,0.0,0.0,0.0,0.0,0.9,0.0,0.0
lukas_hornicek__cze,Lukas Hornicek,CZE,GK,venskabskamp,Venskabskamp,2,1,0,0,0,0,0,1,2.0,2.0,1.04,0.52,1.0,0.0,0.0,0.5,0.0,0.0,0.5,0.0,0.0,0.52,0.26,0.26
lukas_provod__cze,Lukas Provod,CZE,MID,slutrunde,Slutrunde,8,3,0,0,5,0,0,0,3.0,2.44,1.44,1.44,1.44,0.0,0.0,1.0,0.0,0.0,1.0,0.0,0.0,1.0,1.0,1.0
lukas_provod__cze,Lukas Provod,CZE,MID,kvalifikation,Kvalifikation,27,13,0,1,8,0,1,0,19.0,10.700000000000001,8.190000000000001,5.670000000000001,6.300000000000001,0.0,0.68,0.684,0.0,0.037,0.692,0.0,0.064,0.9,0.6156,0.6228
lukas_provod__cze,Lukas Provod,CZE,MID,nations_league,Nations League,18,7,0,2,6,0,2,0,12.0,4.68,2.8704,2.028,2.6,0.0,0.30000000000000004,0.583,0.0,0.111,0.707,0.0,0.064,0.78,0.4547,0.5515
lukas_provod__cze,Lukas Provod,CZE,MID,venskabskamp,Venskabskamp,19,4,0,3,6,0,3,3,13.0,7.1000000000000005,3.172,0.988,1.9,0.0,1.4,0.308,0.0,0.158,0.311,0.0,0.197,0.52,0.1602,0.1617
lyle_foster__rsa,Lyle Foster,RSA,FWD,slutrunde,Slutrunde,15,4,0,9,2,0,9,0,13.0,8.36,7.72,3.4,3.4,0.0,4.32,0.308,0.0,0.6,0.44,0.0,0.517,1.0,0.308,0.44
lyle_foster__rsa,Lyle Foster,RSA,FWD,kvalifikation,Kvalifikation,30,9,0,11,5,0,11,3,25.0,10.68,8.082,3.9240000000000004,4.36,0.0,3.2600000000000002,0.36,0.0,0.367,0.486,0.0,0.305,0.9,0.324,0.4374
lyle_foster__rsa,Lyle Foster,RSA,FWD,venskabskamp,Venskabskamp,21,10,0,7,2,0,7,0,19.0,8.4,4.16,2.5896000000000003,4.98,0.0,2.6,0.526,0.0,0.333,0.623,0.0,0.31,0.52,0.2735,0.324
lyndon_dykes__sco,Lyndon Dykes,SCO,FWD,slutrunde,Slutrunde,6,3,0,0,3,0,0,0,3.0,2.04,0.6000000000000001,0.6000000000000001,0.6000000000000001,0.0,0.0,1.0,0.0,0.0,1.0,0.0,0.0,1.0,1.0,1.0
lyndon_dykes__sco,Lyndon Dykes,SCO,FWD,kvalifikation,Kvalifikation,27,16,0,2,0,0,2,0,27.0,8.5,7.650000000000001,3.8160000000000007,4.24,0.0,0.4,0.593,0.0,0.074,0.499,0.0,0.047,0.9,0.5337,0.4491
lyndon_dykes__sco,Lyndon Dykes,SCO,FWD,nations_league,Nations League,20,10,0,1,5,0,0,0,15.0,5.64,3.1824000000000003,2.0436,2.62,0.0,0.1,0.667,0.0,0.05,0.642,0.0,0.018,0.78,0.5203,0.5008
lyndon_dykes__sco,Lyndon Dykes,SCO,FWD,venskabskamp,Venskabskamp,17,5,0,1,4,0,1,3,13.0,8.18,3.1304000000000003,0.9048,1.74,0.0,0.2,0.385,0.0,0.059,0.289,0.0,0.024,0.52,0.2002,0.1503
maarten_vandevoordt__bel,Maarten Vandevoordt,BEL,GK,kvalifikation,Kvalifikation,7,0,0,1,0,0,1,6,7.0,4.760000000000001,4.284000000000001,0.0,0.0,0.0,0.68,0.0,0.0,0.143,0.0,0.0,0.143,0.9,0.0,0.0
maarten_vandevoordt__bel,Maarten Vandevoordt,BEL,GK,nations_league,Nations League,6,0,0,1,0,0,1,5,6.0,2.88,2.2464,0.0,0.0,0.0,0.48,0.0,0.0,0.167,0.0,0.0,0.167,0.78,0.0,0.0
maarten_vandevoordt__bel,Maarten Vandevoordt,BEL,GK,venskabskamp,Venskabskamp,2,0,0,0,0,0,0,2,2.0,1.84,0.9568000000000001,0.0,0.0,0.0,0.0,0.0,0.0,0.0,0.0,0.0,0.0,0.52,0.0,0.0
maghnes_akliouche__fra,Maghnes Akliouche,FRA,FWD,kvalifikation,Kvalifikation,6,1,0,0,0,0,0,1,6.0,4.08,3.6720000000000006,0.6120000000000001,0.68,0.0,0.0,0.167,0.0,0.0,0.167,0.0,0.0,0.9,0.1503,0.1503
maghnes_akliouche__fra,Maghnes Akliouche,FRA,FWD,venskabskamp,Venskabskamp,3,1,0,0,0,0,0,0,3.0,2.84,1.4768000000000001,0.47840000000000005,0.92,0.0,0.0,0.333,0.0,0.0,0.324,0.0,0.0,0.52,0.1732,0.1685
mahmoud_abunada__qat,Mahmoud Abunada,QAT,GK,slutrunde,Slutrunde,7,1,0,0,0,0,0,6,7.0,3.0100000000000002,3.0100000000000002,0.68,0.68,0.0,0.0,0.143,0.0,0.0,0.226,0.0,0.0,1.0,0.143,0.226
mahmoud_abunada__qat,Mahmoud Abunada,QAT,GK,kvalifikation,Kvalifikation,7,2,0,0,0,0,0,5,7.0,2.72,2.4480000000000004,1.2240000000000002,1.36,0.0,0.0,0.286,0.0,0.0,0.5,0.0,0.0,0.9,0.2574,0.45
mahmoud_abunada__qat,Mahmoud Abunada,QAT,GK,venskabskamp,Venskabskamp,11,2,0,0,0,0,0,8,11.0,3.7800000000000002,1.9656,1.04,2.0,0.0,0.0,0.182,0.0,0.0,0.529,0.0,0.0,0.52,0.0946,0.2751
mahmoud_al_mardi__jor,Mahmoud Al-Mardi,JOR,MID,slutrunde,Slutrunde,24,13,0,8,0,0,8,0,24.0,8.67,8.67,5.92,5.92,0.0,1.02,0.542,0.0,0.333,0.683,0.0,0.118,1.0,0.542,0.683
mahmoud_al_mardi__jor,Mahmoud Al-Mardi,JOR,MID,kvalifikation,Kvalifikation,41,15,0,17,0,0,17,2,41.0,10.44,9.396,5.436,6.04,0.0,2.7,0.366,0.0,0.415,0.579,0.0,0.259,0.9,0.3294,0.5211
mahmoud_al_mardi__jor,Mahmoud Al-Mardi,JOR,MID,venskabskamp,Venskabskamp,73,18,0,34,0,0,34,7,73.0,16.6,8.632000000000001,2.6,5.0,0.0,6.300000000000001,0.247,0.0,0.466,0.301,0.0,0.38,0.52,0.1284,0.1565
mahmoud_saber__egy,Mahmoud Saber,EGY,MID,slutrunde,Slutrunde,10,1,0,3,0,0,3,5,10.0,8.33,8.33,0.85,0.85,0.0,2.38,0.1,0.0,0.3,0.102,0.0,0.286,1.0,0.1,0.102
mahmoud_saber__egy,Mahmoud Saber,EGY,MID,kvalifikation,Kvalifikation,10,2,0,0,0,0,0,3,10.0,5.6,5.04,0.864,0.96,0.0,0.0,0.2,0.0,0.0,0.171,0.0,0.0,0.9,0.18,0.1539
mahmoud_saber__egy,Mahmoud Saber,EGY,MID,venskabskamp,Venskabskamp,7,2,0,0,0,0,0,1,7.0,6.05,3.1460000000000004,0.7956000000000001,1.53,0.0,0.0,0.286,0.0,0.0,0.253,0.0,0.0,0.52,0.1487,0.1316
malick_thiaw__ger,Malick Thiaw,GER,DEF,slutrunde,Slutrunde,5,0,0,5,0,0,5,0,5.0,2.4,2.4,0.0,0.0,0.0,2.4,0.0,0.0,1.0,0.0,0.0,1.0,1.0,0.0,0.0
malick_thiaw__ger,Malick Thiaw,GER,DEF,nations_league_finals,Nations League-slutrunde,4,0,0,4,0,0,4,0,4.0,2.12,2.014,0.0,0.0,0.0,2.12,0.0,0.0,1.0,0.0,0.0,1.0,0.95,0.0,0.0
malick_thiaw__ger,Malick Thiaw,GER,DEF,kvalifikation,Kvalifikation,6,0,0,4,0,0,4,0,6.0,4.08,3.6720000000000006,0.0,0.0,0.0,2.72,0.0,0.0,0.667,0.0,0.0,0.667,0.9,0.0,0.0
malick_thiaw__ger,Malick Thiaw,GER,DEF,nations_league,Nations League,6,0,0,4,2,0,4,0,4.0,2.88,1.4976,0.0,0.0,0.0,1.92,0.0,0.0,0.667,0.0,0.0,0.667,0.78,0.0,0.0
malick_thiaw__ger,Malick Thiaw,GER,DEF,venskabskamp,Venskabskamp,19,2,0,6,0,0,6,10,19.0,8.56,4.4512,0.33280000000000004,0.64,0.0,2.08,0.105,0.0,0.316,0.075,0.0,0.243,0.52,0.0546,0.039
malik_tillman__usa,Malik Tillman,USA,MID,slutrunde,Slutrunde,18,6,0,7,2,0,7,2,16.0,7.92,7.28,4.08,4.08,0.0,1.76,0.375,0.0,0.389,0.56,0.0,0.222,1.0,0.375,0.56
malik_tillman__usa,Malik Tillman,USA,MID,nations_league_finals,Nations League-slutrunde,10,3,0,0,4,0,0,1,6.0,3.84,2.128,1.064,1.12,0.0,0.0,0.5,0.0,0.0,0.5,0.0,0.0,0.95,0.475,0.475
malik_tillman__usa,Malik Tillman,USA,MID,nations_league,Nations League,4,0,0,3,0,0,3,0,4.0,0.8,0.6240000000000001,0.0,0.0,0.0,0.6000000000000001,0.0,0.0,0.75,0.0,0.0,0.75,0.78,0.0,0.0
malik_tillman__usa,Malik Tillman,USA,MID,venskabskamp,Venskabskamp,32,8,0,8,4,0,8,3,28.0,16.12,7.550400000000001,2.8496,5.48,0.0,3.64,0.286,0.0,0.25,0.377,0.0,0.226,0.52,0.1487,0.196
malo_gusto__fra,Malo Gusto,FRA,DEF,slutrunde,Slutrunde,6,0,0,6,0,0,6,0,6.0,2.88,2.88,0.0,0.0,0.0,2.88,0.0,0.0,1.0,0.0,0.0,1.0,1.0,0.0,0.0
malo_gusto__fra,Malo Gusto,FRA,DEF,nations_league_finals,Nations League-slutrunde,4,1,0,2,0,0,2,0,4.0,2.12,2.014,0.646,0.68,0.0,0.96,0.25,0.0,0.5,0.321,0.0,0.453,0.95,0.2375,0.3049
malo_gusto__fra,Malo Gusto,FRA,DEF,kvalifikation,Kvalifikation,9,2,0,0,2,0,0,1,7.0,5.04,3.960000000000001,1.2240000000000002,1.36,0.0,0.0,0.286,0.0,0.0,0.309,0.0,0.0,0.9,0.2574,0.2781
malo_gusto__fra,Malo Gusto,FRA,DEF,nations_league,Nations League,6,0,0,4,2,0,4,0,4.0,2.88,1.4976,0.0,0.0,0.0,1.92,0.0,0.0,0.667,0.0,0.0,0.667,0.78,0.0,0.0
malo_gusto__fra,Malo Gusto,FRA,DEF,venskabskamp,Venskabskamp,8,1,0,4,0,0,4,2,8.0,4.76,2.4752,0.47840000000000005,0.92,0.0,1.6,0.125,0.0,0.5,0.193,0.0,0.336,0.52,0.065,0.1004
mamadou_sarr__sen,Mamadou Sarr,SEN,DEF,slutrunde,Slutrunde,7,2,0,0,0,0,0,4,7.0,5.95,5.95,1.7,1.7,0.0,0.0,0.286,0.0,0.0,0.286,0.0,0.0,1.0,0.286,0.286
mamadou_sarr__sen,Mamadou Sarr,SEN,DEF,venskabskamp,Venskabskamp,5,4,0,0,0,0,0,1,5.0,4.2,2.184,1.8304,3.52,0.0,0.0,0.8,0.0,0.0,0.838,0.0,0.0,0.52,0.416,0.4358
manaf_younis__irq,Manaf Younis,IRQ,DEF,slutrunde,Slutrunde,19,8,0,0,4,0,0,4,15.0,7.55,6.27,3.94,3.94,0.0,0.0,0.533,0.0,0.0,0.628,0.0,0.0,1.0,0.533,0.628
manaf_younis__irq,Manaf Younis,IRQ,DEF,kvalifikation,Kvalifikation,25,9,0,3,3,0,3,7,22.0,11.68,9.756,3.672,4.08,0.0,1.72,0.409,0.0,0.12,0.376,0.0,0.147,0.9,0.3681,0.3384
manaf_younis__irq,Manaf Younis,IRQ,DEF,venskabskamp,Venskabskamp,17,5,0,2,1,0,2,5,16.0,6.680000000000001,3.3072000000000004,0.7696000000000001,1.48,0.0,0.64,0.312,0.0,0.118,0.233,0.0,0.096,0.52,0.1622,0.1212
manu_kon__fra,Manu Koné,FRA,MID,nations_league_finals,Nations League-slutrunde,4,2,0,0,0,0,0,0,4.0,2.12,2.014,0.9119999999999999,0.96,0.0,0.0,0.5,0.0,0.0,0.453,0.0,0.0,0.95,0.475,0.4304
manu_kon__fra,Manu Koné,FRA,MID,kvalifikation,Kvalifikation,6,4,0,1,0,0,1,1,6.0,4.08,3.6720000000000006,2.4480000000000004,2.72,0.0,0.68,0.667,0.0,0.167,0.667,0.0,0.167,0.9,0.6003,0.6003
manu_kon__fra,Manu Koné,FRA,MID,nations_league,Nations League,6,3,0,1,0,0,1,1,6.0,2.88,2.2464,1.1232,1.44,0.0,0.48,0.5,0.0,0.167,0.5,0.0,0.167,0.78,0.39,0.39
manu_kon__fra,Manu Koné,FRA,MID,venskabskamp,Venskabskamp,3,0,0,0,2,0,0,0,1.0,2.84,0.52,0.0,0.0,0.0,0.0,0.0,0.0,0.0,0.0,0.0,0.0,0.52,0.0,0.0
manuel_akanji__sui,Manuel Akanji,SUI,DEF,slutrunde,Slutrunde,18,18,0,0,0,0,0,0,18.0,4.6,4.6,4.6,4.6,0.0,0.0,1.0,0.0,0.0,1.0,0.0,0.0,1.0,1.0,1.0
manuel_akanji__sui,Manuel Akanji,SUI,DEF,nations_league_finals,Nations League-slutrunde,2,2,0,0,0,0,0,0,2.0,0.2,0.19,0.19,0.2,0.0,0.0,1.0,0.0,0.0,1.0,0.0,0.0,0.95,0.95,0.95
manuel_akanji__sui,Manuel Akanji,SUI,DEF,kvalifikation,Kvalifikation,39,33,0,3,0,0,2,3,39.0,9.940000000000001,8.946000000000002,8.226,9.14,0.0,0.5,0.846,0.0,0.077,0.92,0.0,0.05,0.9,0.7614,0.828
manuel_akanji__sui,Manuel Akanji,SUI,DEF,nations_league,Nations League,22,11,0,4,7,0,3,0,15.0,5.08,2.8236000000000003,2.2776,2.92,0.0,0.7000000000000001,0.733,0.0,0.182,0.807,0.0,0.138,0.78,0.5717,0.6295
manuel_akanji__sui,Manuel Akanji,SUI,DEF,venskabskamp,Venskabskamp,27,15,0,2,5,0,2,3,22.0,9.5,4.2328,3.7024000000000004,7.12,0.0,0.42000000000000004,0.682,0.0,0.074,0.875,0.0,0.044,0.52,0.3546,0.455
manuel_neuer__ger,Manuel Neuer,GER,GK,slutrunde,Slutrunde,45,39,0,0,5,0,0,1,40.0,7.1000000000000005,6.6000000000000005,6.5,6.5,0.0,0.0,0.975,0.0,0.0,0.985,0.0,0.0,1.0,0.975,0.985
manuel_neuer__ger,Manuel Neuer,GER,GK,nations_league_finals,Nations League-slutrunde,4,0,0,2,2,0,2,0,2.0,2.12,1.1019999999999999,0.0,0.0,0.0,1.1600000000000001,0.0,0.0,0.5,0.0,0.0,0.547,0.95,0.0,0.0
manuel_neuer__ger,Manuel Neuer,GER,GK,kvalifikation,Kvalifikation,68,45,0,15,5,0,15,3,63.0,10.98,9.432000000000002,4.41,4.9,0.0,5.28,0.714,0.0,0.221,0.468,0.0,0.481,0.9,0.6426,0.4212
manuel_neuer__ger,Manuel Neuer,GER,GK,nations_league,Nations League,22,12,0,9,1,0,9,0,21.0,5.08,3.8064000000000004,1.2480000000000002,1.6,0.0,3.28,0.571,0.0,0.409,0.328,0.0,0.646,0.78,0.4454,0.2558
manuel_neuer__ger,Manuel Neuer,GER,GK,venskabskamp,Venskabskamp,81,27,0,14,25,0,14,14,56.0,15.16,4.5552,1.872,3.6,0.0,2.66,0.482,0.0,0.173,0.411,0.0,0.175,0.52,0.2506,0.2137
manuel_ugarte__uru,Manuel Ugarte,URU,MID,slutrunde,Slutrunde,9,6,0,0,0,0,0,3,9.0,3.48,3.48,2.88,2.88,0.0,0.0,0.667,0.0,0.0,0.828,0.0,0.0,1.0,0.667,0.828
manuel_ugarte__uru,Manuel Ugarte,URU,MID,kvalifikation,Kvalifikation,29,14,0,8,0,0,7,3,29.0,10.48,9.432,5.688000000000001,6.32,0.0,2.0,0.483,0.0,0.276,0.603,0.0,0.191,0.9,0.4347,0.5427
manuel_ugarte__uru,Manuel Ugarte,URU,MID,venskabskamp,Venskabskamp,19,8,0,6,0,0,6,2,19.0,8.200000000000001,4.264,2.0384,3.92,0.0,2.8000000000000003,0.421,0.0,0.316,0.478,0.0,0.341,0.52,0.2189,0.2486
marc_cucurella__esp,Marc Cucurella,ESP,DEF,slutrunde,Slutrunde,18,6,0,11,0,0,11,1,18.0,6.28,6.28,2.88,2.88,0.0,2.92,0.333,0.0,0.611,0.459,0.0,0.465,1.0,0.333,0.459
marc_cucurella__esp,Marc Cucurella,ESP,DEF,nations_league_finals,Nations League-slutrunde,8,4,0,4,0,0,4,0,8.0,3.16,3.002,2.014,2.12,0.0,1.04,0.5,0.0,0.5,0.671,0.0,0.329,0.95,0.475,0.6374
marc_cucurella__esp,Marc Cucurella,ESP,DEF,kvalifikation,Kvalifikation,22,5,0,16,0,0,16,1,22.0,7.7,6.930000000000001,3.0600000000000005,3.4000000000000004,0.0,3.62,0.227,0.0,0.727,0.442,0.0,0.47,0.9,0.2043,0.3978
marc_cucurella__esp,Marc Cucurella,ESP,DEF,nations_league,Nations League,14,3,0,6,0,0,6,5,14.0,4.28,3.3384,1.1232,1.44,0.0,1.2000000000000002,0.214,0.0,0.429,0.336,0.0,0.28,0.78,0.1669,0.2621
marc_cucurella__esp,Marc Cucurella,ESP,DEF,venskabskamp,Venskabskamp,12,4,0,5,0,0,5,2,12.0,5.34,2.7768,0.9984000000000001,1.92,0.0,1.7,0.333,0.0,0.417,0.36,0.0,0.318,0.52,0.1732,0.1872
marc_gu_hi__eng,Marc Guehi,ENG,DEF,slutrunde,Slutrunde,12,6,0,6,0,0,5,0,12.0,4.36,4.36,2.88,2.88,0.0,1.48,0.5,0.0,0.5,0.661,0.0,0.339,1.0,0.5,0.661
marc_gu_hi__eng,Marc Guehi,ENG,DEF,kvalifikation,Kvalifikation,16,7,0,1,2,0,1,5,14.0,7.36,5.4,2.8080000000000003,3.12,0.0,0.68,0.5,0.0,0.062,0.52,0.0,0.092,0.9,0.45,0.468
marc_gu_hi__eng,Marc Guehi,ENG,DEF,nations_league,Nations League,12,5,0,2,0,0,2,3,12.0,4.08,3.1824000000000003,1.6536,2.12,0.0,0.4,0.417,0.0,0.167,0.52,0.0,0.098,0.78,0.3253,0.4056
marc_gu_hi__eng,Marc Guehi,ENG,DEF,venskabskamp,Venskabskamp,13,7,0,2,2,0,2,2,11.0,6.680000000000001,3.1408,2.0384,3.92,0.0,1.6,0.636,0.0,0.154,0.649,0.0,0.24,0.52,0.3307,0.3375
marc_pubill__esp,Marc Pubill,ESP,DEF,venskabskamp,Venskabskamp,1,0,0,0,0,0,0,0,1.0,1.0,0.52,0.0,0.0,0.0,0.0,0.0,0.0,0.0,0.0,0.0,0.0,0.52,0.0,0.0
marcel_sabitzer__aut,Marcel Sabitzer,AUT,MID,slutrunde,Slutrunde,11,10,0,0,0,0,0,0,11.0,3.02,3.02,2.92,2.92,0.0,0.0,0.909,0.0,0.0,0.967,0.0,0.0,1.0,0.909,0.967
marcel_sabitzer__aut,Marcel Sabitzer,AUT,MID,kvalifikation,Kvalifikation,67,33,0,10,4,0,10,7,63.0,13.66,11.934000000000001,8.082,8.98,0.0,1.3,0.524,0.0,0.149,0.677,0.0,0.095,0.9,0.4716,0.6093
marcel_sabitzer__aut,Marcel Sabitzer,AUT,MID,nations_league,Nations League,24,15,0,0,6,0,0,1,18.0,6.04,3.6504000000000003,3.0420000000000003,3.9,0.0,0.0,0.833,0.0,0.0,0.833,0.0,0.0,0.78,0.6497,0.6497
marcel_sabitzer__aut,Marcel Sabitzer,AUT,MID,venskabskamp,Venskabskamp,43,18,0,7,7,0,7,5,36.0,8.72,4.170400000000001,2.6936000000000004,5.180000000000001,0.0,1.1400000000000001,0.5,0.0,0.163,0.646,0.0,0.131,0.52,0.26,0.3359
marcelo_flores__can,Marcelo Flores,CAN,MID,venskabskamp,Venskabskamp,3,1,0,0,1,0,0,0,2.0,2.84,0.9568000000000001,0.47840000000000005,0.92,0.0,0.0,0.5,0.0,0.0,0.5,0.0,0.0,0.52,0.26,0.26
marcio_rosa__cpv,Marcio Rosa,CPV,GK,slutrunde,Slutrunde,9,1,0,1,0,0,1,6,9.0,2.4,2.4,0.2,0.2,0.0,0.32,0.111,0.0,0.111,0.083,0.0,0.133,1.0,0.111,0.083
marcio_rosa__cpv,Marcio Rosa,CPV,GK,kvalifikation,Kvalifikation,43,1,0,10,0,0,10,31,43.0,12.3,11.07,0.18000000000000002,0.2,0.0,2.7199999999999998,0.023,0.0,0.233,0.016,0.0,0.221,0.9,0.0207,0.0144
marcio_rosa__cpv,Marcio Rosa,CPV,GK,venskabskamp,Venskabskamp,25,5,0,8,1,0,8,11,24.0,9.18,4.42,0.8424,1.62,0.0,2.14,0.208,0.0,0.32,0.191,0.0,0.233,0.52,0.1082,0.0993
marco_friedl__aut,Marco Friedl,AUT,DEF,slutrunde,Slutrunde,8,0,0,7,0,0,7,1,8.0,2.7199999999999998,2.7199999999999998,0.0,0.0,0.0,2.52,0.0,0.0,0.875,0.0,0.0,0.926,1.0,0.0,0.0
marco_friedl__aut,Marco Friedl,AUT,DEF,kvalifikation,Kvalifikation,29,1,0,15,3,0,15,7,26.0,9.860000000000001,8.334000000000001,0.6120000000000001,0.68,0.0,4.680000000000001,0.038,0.0,0.517,0.073,0.0,0.475,0.9,0.0342,0.0657
marco_friedl__aut,Marco Friedl,AUT,DEF,nations_league,Nations League,18,1,0,11,0,0,11,5,18.0,5.4399999999999995,4.2432,0.15600000000000003,0.2,0.0,3.48,0.056,0.0,0.611,0.037,0.0,0.64,0.78,0.0437,0.0289
marco_friedl__aut,Marco Friedl,AUT,DEF,venskabskamp,Venskabskamp,16,4,0,9,2,0,9,0,14.0,6.0200000000000005,2.8600000000000003,1.0608000000000002,2.04,0.0,2.46,0.286,0.0,0.562,0.371,0.0,0.409,0.52,0.1487,0.1929
marco_grull__aut,Marco Grüll,AUT,FWD,slutrunde,Slutrunde,4,0,0,0,0,0,0,4,4.0,1.92,1.92,0.0,0.0,0.0,0.0,0.0,0.0,0.0,0.0,0.0,0.0,1.0,0.0,0.0
marco_grull__aut,Marco Grüll,AUT,FWD,kvalifikation,Kvalifikation,21,3,0,7,0,0,7,9,21.0,8.76,7.884000000000001,0.54,0.6000000000000001,0.0,2.3600000000000003,0.143,0.0,0.333,0.068,0.0,0.269,0.9,0.1287,0.0612
marco_grull__aut,Marco Grüll,AUT,FWD,nations_league,Nations League,14,0,0,9,1,0,9,3,13.0,5.04,3.5568000000000004,0.0,0.0,0.0,2.64,0.0,0.0,0.643,0.0,0.0,0.524,0.78,0.0,0.0
marco_grull__aut,Marco Grüll,AUT,FWD,venskabskamp,Venskabskamp,9,0,0,6,0,0,6,1,9.0,2.68,1.3936000000000002,0.0,0.0,0.0,1.6800000000000002,0.0,0.0,0.667,0.0,0.0,0.627,0.52,0.0,0.0
marco_pasalic__cro,Marco Pasalic,CRO,FWD,slutrunde,Slutrunde,3,0,0,0,0,0,0,3,3.0,1.44,1.44,0.0,0.0,0.0,0.0,0.0,0.0,0.0,0.0,0.0,0.0,1.0,0.0,0.0
marco_pasalic__cro,Marco Pasalic,CRO,FWD,nations_league_finals,Nations League-slutrunde,2,0,0,2,0,0,2,0,2.0,0.96,0.9119999999999999,0.0,0.0,0.0,0.96,0.0,0.0,1.0,0.0,0.0,1.0,0.95,0.0,0.0
marco_pasalic__cro,Marco Pasalic,CRO,FWD,kvalifikation,Kvalifikation,10,2,0,0,0,0,0,2,10.0,6.08,5.472000000000001,1.2240000000000002,1.36,0.0,0.0,0.2,0.0,0.0,0.224,0.0,0.0,0.9,0.18,0.2016
marco_pasalic__cro,Marco Pasalic,CRO,FWD,nations_league,Nations League,6,0,0,2,0,0,2,4,6.0,2.88,2.2464,0.0,0.0,0.0,0.96,0.0,0.0,0.333,0.0,0.0,0.333,0.78,0.0,0.0
marco_pasalic__cro,Marco Pasalic,CRO,FWD,venskabskamp,Venskabskamp,7,1,0,0,0,0,0,1,7.0,4.28,2.2256,0.47840000000000005,0.92,0.0,0.0,0.143,0.0,0.0,0.215,0.0,0.0,0.52,0.0744,0.1118
marcos_llorente__esp,Marcos Llorente,ESP,MID,slutrunde,Slutrunde,18,3,0,8,0,0,8,5,18.0,6.28,6.28,0.6000000000000001,0.6000000000000001,0.0,4.28,0.167,0.0,0.444,0.096,0.0,0.682,1.0,0.167,0.096
marcos_llorente__esp,Marcos Llorente,ESP,MID,nations_league_finals,Nations League-slutrunde,8,0,0,4,4,0,4,0,4.0,3.16,2.014,0.0,0.0,0.0,2.12,0.0,0.0,0.5,0.0,0.0,0.671,0.95,0.0,0.0
marcos_llorente__esp,Marcos Llorente,ESP,MID,kvalifikation,Kvalifikation,22,5,0,10,2,0,10,1,20.0,7.7,6.570000000000001,1.1520000000000001,1.28,0.0,3.68,0.25,0.0,0.455,0.175,0.0,0.478,0.9,0.225,0.1575
marcos_llorente__esp,Marcos Llorente,ESP,MID,nations_league,Nations League,14,1,0,5,2,0,5,3,12.0,4.28,2.5896000000000003,0.15600000000000003,0.2,0.0,2.02,0.083,0.0,0.357,0.06,0.0,0.472,0.78,0.0647,0.0468
marcos_llorente__esp,Marcos Llorente,ESP,MID,venskabskamp,Venskabskamp,13,4,0,4,0,0,4,4,13.0,5.44,2.8288,0.884,1.7,0.0,1.32,0.308,0.0,0.308,0.312,0.0,0.243,0.52,0.1602,0.1622
marcus_holmgren_pedersen__nor,Marcus Holmgren Pedersen,NOR,DEF,kvalifikation,Kvalifikation,23,9,0,0,2,0,0,9,21.0,8.76,7.308000000000001,1.62,1.8,0.0,0.0,0.429,0.0,0.0,0.222,0.0,0.0,0.9,0.3861,0.1998
marcus_holmgren_pedersen__nor,Marcus Holmgren Pedersen,NOR,DEF,nations_league,Nations League,12,6,0,1,0,0,0,2,12.0,4.08,3.1824000000000003,1.5912000000000002,2.04,0.0,0.2,0.5,0.0,0.083,0.5,0.0,0.049,0.78,0.39,0.39
marcus_holmgren_pedersen__nor,Marcus Holmgren Pedersen,NOR,DEF,venskabskamp,Venskabskamp,15,9,0,0,2,0,0,2,13.0,7.24,3.4320000000000004,1.8304,3.52,0.0,0.0,0.692,0.0,0.0,0.533,0.0,0.0,0.52,0.3598,0.2772
marcus_rashford__eng,Marcus Rashford,ENG,FWD,slutrunde,Slutrunde,30,2,0,7,0,0,7,5,30.0,6.86,6.86,0.30000000000000004,0.30000000000000004,0.0,3.36,0.067,0.0,0.233,0.044,0.0,0.49,1.0,0.067,0.044
marcus_rashford__eng,Marcus Rashford,ENG,FWD,nations_league_finals,Nations League-slutrunde,2,1,0,0,0,0,0,1,2.0,0.2,0.19,0.095,0.1,0.0,0.0,0.5,0.0,0.0,0.5,0.0,0.0,0.95,0.475,0.475
marcus_rashford__eng,Marcus Rashford,ENG,FWD,kvalifikation,Kvalifikation,44,14,0,7,9,0,7,1,35.0,10.860000000000001,8.334000000000001,3.5820000000000003,3.98,0.0,1.48,0.4,0.0,0.159,0.43,0.0,0.136,0.9,0.36,0.387
marcus_rashford__eng,Marcus Rashford,ENG,FWD,nations_league,Nations League,22,6,0,14,2,0,14,0,20.0,5.08,3.8064000000000004,0.4680000000000001,0.6000000000000001,0.0,4.28,0.3,0.0,0.636,0.123,0.0,0.843,0.78,0.234,0.0959
marcus_rashford__eng,Marcus Rashford,ENG,FWD,venskabskamp,Venskabskamp,30,9,0,6,1,0,6,4,29.0,8.48,4.357600000000001,1.5288000000000002,2.94,0.0,1.98,0.31,0.0,0.2,0.351,0.0,0.233,0.52,0.1612,0.1825
marcus_thuram__fra,Marcus Thuram,FRA,FWD,slutrunde,Slutrunde,17,4,0,1,1,0,1,5,16.0,5.08,4.88,1.64,1.64,0.0,0.2,0.25,0.0,0.059,0.336,0.0,0.039,1.0,0.25,0.336
marcus_thuram__fra,Marcus Thuram,FRA,FWD,nations_league_finals,Nations League-slutrunde,6,1,0,0,4,0,0,1,2.0,2.52,1.1019999999999999,0.646,0.68,0.0,0.0,0.5,0.0,0.0,0.586,0.0,0.0,0.95,0.475,0.5567
marcus_thuram__fra,Marcus Thuram,FRA,FWD,kvalifikation,Kvalifikation,22,3,0,7,5,0,7,4,17.0,7.7,5.166,1.1880000000000002,1.32,0.0,2.06,0.176,0.0,0.318,0.23,0.0,0.268,0.9,0.1584,0.207
marcus_thuram__fra,Marcus Thuram,FRA,FWD,nations_league,Nations League,14,3,0,6,0,0,6,1,14.0,4.28,3.3384,0.8268,1.06,0.0,1.2000000000000002,0.214,0.0,0.429,0.248,0.0,0.28,0.78,0.1669,0.1934
marcus_thuram__fra,Marcus Thuram,FRA,FWD,venskabskamp,Venskabskamp,14,6,0,3,0,0,3,1,14.0,5.88,3.0576000000000003,1.716,3.3,0.0,0.6000000000000001,0.429,0.0,0.214,0.561,0.0,0.102,0.52,0.2231,0.2917
marin_pongra_i__cro,Marin Pongracic,CRO,DEF,slutrunde,Slutrunde,14,2,0,11,0,0,11,1,14.0,3.64,3.64,0.96,0.96,0.0,2.2,0.143,0.0,0.786,0.264,0.0,0.604,1.0,0.143,0.264
marin_pongra_i__cro,Marin Pongracic,CRO,DEF,nations_league_finals,Nations League-slutrunde,4,0,0,2,0,0,2,1,4.0,1.6,1.52,0.0,0.0,0.0,0.64,0.0,0.0,0.5,0.0,0.0,0.4,0.95,0.0,0.0
marin_pongra_i__cro,Marin Pongracic,CRO,DEF,kvalifikation,Kvalifikation,26,3,0,12,2,0,12,8,24.0,9.46,8.154000000000002,1.8360000000000003,2.04,0.0,2.58,0.125,0.0,0.462,0.225,0.0,0.273,0.9,0.1125,0.2025
marin_pongra_i__cro,Marin Pongracic,CRO,DEF,nations_league,Nations League,14,3,0,4,2,0,4,5,12.0,4.28,2.5896000000000003,0.6084,0.78,0.0,0.7000000000000001,0.25,0.0,0.286,0.235,0.0,0.164,0.78,0.195,0.1833
marin_pongra_i__cro,Marin Pongracic,CRO,DEF,venskabskamp,Venskabskamp,13,6,0,3,0,0,3,1,13.0,5.28,2.7456,1.1544,2.22,0.0,0.5,0.462,0.0,0.231,0.42,0.0,0.095,0.52,0.2402,0.2184
mario_pa_ali__cro,Mario Pasalic,CRO,MID,slutrunde,Slutrunde,25,3,0,7,4,0,7,2,21.0,4.74,4.34,0.88,0.88,0.0,0.7000000000000001,0.143,0.0,0.28,0.203,0.0,0.148,1.0,0.143,0.203
mario_pa_ali__cro,Mario Pasalic,CRO,MID,nations_league_finals,Nations League-slutrunde,4,2,0,0,0,0,0,0,4.0,1.6,1.52,0.608,0.64,0.0,0.0,0.5,0.0,0.0,0.4,0.0,0.0,0.95,0.475,0.38
mario_pa_ali__cro,Mario Pasalic,CRO,MID,kvalifikation,Kvalifikation,56,16,0,14,0,0,14,12,56.0,12.46,11.214000000000002,5.832000000000001,6.48,0.0,1.4000000000000001,0.286,0.0,0.25,0.52,0.0,0.112,0.9,0.2574,0.468
mario_pa_ali__cro,Mario Pasalic,CRO,MID,nations_league,Nations League,22,9,0,0,0,0,0,4,22.0,5.08,3.9624000000000006,1.6068000000000002,2.06,0.0,0.0,0.409,0.0,0.0,0.406,0.0,0.0,0.78,0.319,0.3167
mario_pa_ali__cro,Mario Pasalic,CRO,MID,venskabskamp,Venskabskamp,36,10,0,9,4,0,9,3,32.0,7.58,3.7336000000000005,1.1648,2.24,0.0,0.9,0.312,0.0,0.25,0.312,0.0,0.119,0.52,0.1622,0.1622
mark_flekken__ned,Mark Flekken,NED,GK,slutrunde,Slutrunde,11,0,0,5,0,0,5,6,11.0,3.88,3.88,0.0,0.0,0.0,1.0,0.0,0.0,0.455,0.0,0.0,0.258,1.0,0.0,0.0
mark_flekken__ned,Mark Flekken,NED,GK,nations_league_finals,Nations League-slutrunde,4,0,0,0,0,0,0,4,4.0,1.6,1.52,0.0,0.0,0.0,0.0,0.0,0.0,0.0,0.0,0.0,0.0,0.95,0.0,0.0
mark_flekken__ned,Mark Flekken,NED,GK,kvalifikation,Kvalifikation,20,4,0,0,2,0,0,14,18.0,8.56,7.128000000000001,1.8000000000000003,2.0,0.0,0.0,0.222,0.0,0.0,0.253,0.0,0.0,0.9,0.1998,0.2277
mark_flekken__ned,Mark Flekken,NED,GK,nations_league,Nations League,12,3,0,0,0,0,0,9,12.0,4.08,3.1824000000000003,0.6864000000000001,0.88,0.0,0.0,0.25,0.0,0.0,0.216,0.0,0.0,0.78,0.195,0.1685
mark_flekken__ned,Mark Flekken,NED,GK,venskabskamp,Venskabskamp,9,4,0,0,0,0,0,5,9.0,4.84,2.5168,0.8528000000000001,1.6400000000000001,0.0,0.0,0.444,0.0,0.0,0.339,0.0,0.0,0.52,0.2309,0.1763
mark_mckenzie__usa,Mark McKenzie,USA,DEF,slutrunde,Slutrunde,24,0,0,15,0,0,15,8,24.0,9.120000000000001,9.120000000000001,0.0,0.0,0.0,3.6,0.0,0.0,0.625,0.0,0.0,0.395,1.0,0.0,0.0
mark_mckenzie__usa,Mark McKenzie,USA,DEF,nations_league_finals,Nations League-slutrunde,12,5,0,4,0,0,4,2,12.0,4.14,3.933,1.6529999999999998,1.74,0.0,1.28,0.417,0.0,0.333,0.42,0.0,0.309,0.95,0.3961,0.399
mark_mckenzie__usa,Mark McKenzie,USA,DEF,kvalifikation,Kvalifikation,14,2,0,3,0,0,3,9,14.0,2.8000000000000003,2.5200000000000005,0.36000000000000004,0.4,0.0,0.6000000000000001,0.143,0.0,0.214,0.143,0.0,0.214,0.9,0.1287,0.1287
mark_mckenzie__usa,Mark McKenzie,USA,DEF,nations_league,Nations League,4,1,0,2,0,0,2,1,4.0,0.8,0.6240000000000001,0.15600000000000003,0.2,0.0,0.4,0.25,0.0,0.5,0.25,0.0,0.5,0.78,0.195,0.195
mark_mckenzie__usa,Mark McKenzie,USA,DEF,venskabskamp,Venskabskamp,43,10,0,18,0,0,18,6,43.0,17.42,9.0584,2.7664,5.32,0.0,4.98,0.233,0.0,0.419,0.305,0.0,0.286,0.52,0.1212,0.1586
marko_arnautovi__aut,Marko Arnautovic,AUT,FWD,slutrunde,Slutrunde,11,8,0,1,0,0,0,0,11.0,3.02,3.02,2.14,2.14,0.0,0.2,0.727,0.0,0.091,0.709,0.0,0.066,1.0,0.727,0.709
marko_arnautovi__aut,Marko Arnautovic,AUT,FWD,kvalifikation,Kvalifikation,85,56,0,12,7,0,10,2,78.0,15.46,12.528000000000002,8.586,9.540000000000001,0.0,1.2000000000000002,0.718,0.0,0.141,0.685,0.0,0.078,0.9,0.6462,0.6165
marko_arnautovi__aut,Marko Arnautovic,AUT,FWD,nations_league,Nations League,24,12,0,4,0,0,4,1,24.0,6.04,4.711200000000001,2.4336,3.12,0.0,0.4,0.5,0.0,0.167,0.517,0.0,0.066,0.78,0.39,0.4033
marko_arnautovi__aut,Marko Arnautovic,AUT,FWD,venskabskamp,Venskabskamp,56,34,0,8,6,0,8,2,50.0,10.02,4.6696,2.8808000000000002,5.54,0.0,0.8,0.68,0.0,0.143,0.617,0.0,0.08,0.52,0.3536,0.3208
marko_farji__irq,Marko Farji,IRQ,MID,slutrunde,Slutrunde,7,0,0,5,0,0,5,0,7.0,4.67,4.67,0.0,0.0,0.0,3.71,0.0,0.0,0.714,0.0,0.0,0.794,1.0,0.0,0.0
marko_farji__irq,Marko Farji,IRQ,MID,kvalifikation,Kvalifikation,17,3,0,9,0,0,9,3,17.0,9.6,8.64,1.8360000000000003,2.04,0.0,4.52,0.176,0.0,0.529,0.213,0.0,0.471,0.9,0.1584,0.1917
marko_farji__irq,Marko Farji,IRQ,MID,venskabskamp,Venskabskamp,4,4,0,0,0,0,0,0,4.0,3.3600000000000003,1.7472,1.7472,3.3600000000000003,0.0,0.0,1.0,0.0,0.0,1.0,0.0,0.0,0.52,0.52,0.52
marko_stamenic__nzl,Marko Stamenic,NZL,MID,slutrunde,Slutrunde,4,0,0,4,0,0,4,0,4.0,1.92,1.92,0.0,0.0,0.0,1.92,0.0,0.0,1.0,0.0,0.0,1.0,1.0,0.0,0.0
marko_stamenic__nzl,Marko Stamenic,NZL,MID,kvalifikation,Kvalifikation,11,7,0,2,0,0,2,1,11.0,3.6,3.24,2.52,2.8,0.0,0.4,0.636,0.0,0.182,0.778,0.0,0.111,0.9,0.5724,0.7002
marko_stamenic__nzl,Marko Stamenic,NZL,MID,venskabskamp,Venskabskamp,33,30,0,2,0,0,2,0,33.0,15.280000000000001,7.945600000000001,7.1344,13.72,0.0,1.36,0.909,0.0,0.061,0.898,0.0,0.089,0.52,0.4727,0.467
marquinhos__bra,Marquinhos,BRA,DEF,slutrunde,Slutrunde,41,22,0,7,0,0,7,9,41.0,6.82,6.82,4.72,4.72,0.0,0.7000000000000001,0.537,0.0,0.171,0.692,0.0,0.103,1.0,0.537,0.692
marquinhos__bra,Marquinhos,BRA,DEF,kvalifikation,Kvalifikation,53,44,0,1,2,0,0,4,51.0,12.98,11.502,10.08,11.2,0.0,0.2,0.863,0.0,0.019,0.876,0.0,0.015,0.9,0.7767,0.7884
marquinhos__bra,Marquinhos,BRA,DEF,venskabskamp,Venskabskamp,62,28,0,9,8,0,9,11,54.0,14.100000000000001,6.0840000000000005,3.588,6.9,0.0,2.72,0.519,0.0,0.145,0.59,0.0,0.193,0.52,0.2699,0.3068
martial_godo__civ,Martial Godo,CIV,FWD,venskabskamp,Venskabskamp,2,1,0,0,0,0,0,1,2.0,1.84,0.9568000000000001,0.47840000000000005,0.92,0.0,0.0,0.5,0.0,0.0,0.5,0.0,0.0,0.52,0.26,0.26
martin_baturina__cro,Martin Baturina,CRO,MID,slutrunde,Slutrunde,3,0,0,0,0,0,0,2,3.0,1.44,1.44,0.0,0.0,0.0,0.0,0.0,0.0,0.0,0.0,0.0,0.0,1.0,0.0,0.0
martin_baturina__cro,Martin Baturina,CRO,MID,nations_league_finals,Nations League-slutrunde,2,1,0,0,0,0,0,0,2.0,0.96,0.9119999999999999,0.45599999999999996,0.48,0.0,0.0,0.5,0.0,0.0,0.5,0.0,0.0,0.95,0.475,0.475
martin_baturina__cro,Martin Baturina,CRO,MID,kvalifikation,Kvalifikation,10,2,0,2,0,0,2,2,10.0,6.08,5.472000000000001,1.2240000000000002,1.36,0.0,1.36,0.2,0.0,0.2,0.224,0.0,0.224,0.9,0.18,0.2016
martin_baturina__cro,Martin Baturina,CRO,MID,nations_league,Nations League,6,4,0,0,0,0,0,1,6.0,2.88,2.2464,1.4976,1.92,0.0,0.0,0.667,0.0,0.0,0.667,0.0,0.0,0.78,0.5203,0.5203
martin_baturina__cro,Martin Baturina,CRO,MID,venskabskamp,Venskabskamp,7,3,0,0,2,0,0,1,5.0,4.28,1.8928,1.1648,2.24,0.0,0.0,0.6,0.0,0.0,0.615,0.0,0.0,0.52,0.312,0.3198
martin_boyle__aus,Martin Boyle,AUS,FWD,slutrunde,Slutrunde,14,5,0,0,9,0,0,0,5.0,2.9,1.6,1.6,1.6,0.0,0.0,1.0,0.0,0.0,1.0,0.0,0.0,1.0,1.0,1.0
martin_boyle__aus,Martin Boyle,AUS,FWD,kvalifikation,Kvalifikation,36,21,0,5,5,0,5,4,31.0,10.74,8.82,5.49,6.1000000000000005,0.0,1.96,0.677,0.0,0.139,0.622,0.0,0.182,0.9,0.6093,0.5598
martin_boyle__aus,Martin Boyle,AUS,FWD,venskabskamp,Venskabskamp,23,8,0,3,2,0,3,4,21.0,9.92,4.9504,1.8408000000000002,3.54,0.0,0.62,0.381,0.0,0.13,0.372,0.0,0.062,0.52,0.1981,0.1934
martin_caceres__uru,Martin Caceres,URU,DEF,slutrunde,Slutrunde,46,25,0,4,3,0,4,11,43.0,5.4,5.1000000000000005,2.6,2.6,0.0,0.4,0.581,0.0,0.087,0.51,0.0,0.074,1.0,0.581,0.51
martin_caceres__uru,Martin Caceres,URU,DEF,kvalifikation,Kvalifikation,74,38,0,15,9,0,15,9,65.0,8.700000000000001,7.0200000000000005,3.6900000000000004,4.1000000000000005,0.0,1.7000000000000002,0.585,0.0,0.203,0.526,0.0,0.195,0.9,0.5265,0.4734
martin_caceres__uru,Martin Caceres,URU,DEF,venskabskamp,Venskabskamp,68,41,0,7,10,0,6,4,58.0,7.300000000000001,3.2760000000000002,2.236,4.3,0.0,0.7000000000000001,0.707,0.0,0.103,0.683,0.0,0.096,0.52,0.3676,0.3552
martin_erlic__cro,Martin Erlic,CRO,DEF,slutrunde,Slutrunde,10,0,0,0,0,0,0,10,10.0,2.84,2.84,0.0,0.0,0.0,0.0,0.0,0.0,0.0,0.0,0.0,0.0,1.0,0.0,0.0
martin_erlic__cro,Martin Erlic,CRO,DEF,nations_league_finals,Nations League-slutrunde,4,1,0,2,0,0,2,0,4.0,1.6,1.52,0.304,0.32,0.0,0.96,0.25,0.0,0.5,0.2,0.0,0.6,0.95,0.2375,0.19
martin_erlic__cro,Martin Erlic,CRO,DEF,kvalifikation,Kvalifikation,16,2,0,4,0,0,4,10,16.0,7.760000000000001,6.984000000000001,0.9000000000000001,1.0,0.0,2.72,0.125,0.0,0.25,0.129,0.0,0.351,0.9,0.1125,0.1161
martin_erlic__cro,Martin Erlic,CRO,DEF,nations_league,Nations League,12,4,0,2,3,0,2,3,9.0,4.08,2.2776,0.8424,1.08,0.0,0.96,0.444,0.0,0.167,0.37,0.0,0.235,0.78,0.3463,0.2886
martin_erlic__cro,Martin Erlic,CRO,DEF,venskabskamp,Venskabskamp,8,4,0,0,0,0,0,4,8.0,4.48,2.3296,0.9152000000000001,1.76,0.0,0.0,0.5,0.0,0.0,0.393,0.0,0.0,0.52,0.26,0.2044
martin_exp_rience__hai,Martin Experience,HAI,DEF,slutrunde,Slutrunde,9,5,0,3,0,0,3,1,9.0,3.6,3.6,2.4400000000000004,2.4400000000000004,0.0,0.96,0.556,0.0,0.333,0.678,0.0,0.267,1.0,0.556,0.678
martin_exp_rience__hai,Martin Experience,HAI,DEF,kvalifikation,Kvalifikation,14,3,0,5,0,0,5,3,14.0,7.2,6.48,1.4040000000000001,1.56,0.0,2.52,0.214,0.0,0.357,0.217,0.0,0.35,0.9,0.1926,0.1953
martin_exp_rience__hai,Martin Experience,HAI,DEF,nations_league,Nations League,16,3,0,8,0,0,8,4,16.0,5.36,4.1808000000000005,1.1232,1.44,0.0,2.08,0.188,0.0,0.5,0.269,0.0,0.388,0.78,0.1466,0.2098
martin_exp_rience__hai,Martin Experience,HAI,DEF,venskabskamp,Venskabskamp,10,5,0,4,0,0,4,0,10.0,5.5600000000000005,2.8912,1.9344000000000001,3.72,0.0,0.92,0.5,0.0,0.4,0.669,0.0,0.165,0.52,0.26,0.3479
martin_jedlicka__cze,Martin Jedlicka,CZE,GK,kvalifikation,Kvalifikation,10,0,0,1,0,0,1,9,10.0,6.880000000000001,6.192000000000001,0.0,0.0,0.0,0.68,0.0,0.0,0.1,0.0,0.0,0.099,0.9,0.0,0.0
martin_jedlicka__cze,Martin Jedlicka,CZE,GK,nations_league,Nations League,4,0,0,0,0,0,0,4,4.0,1.92,1.4976,0.0,0.0,0.0,0.0,0.0,0.0,0.0,0.0,0.0,0.0,0.78,0.0,0.0
martin_jedlicka__cze,Martin Jedlicka,CZE,GK,venskabskamp,Venskabskamp,2,1,0,1,0,0,1,0,2.0,1.36,0.7072,0.3536,0.68,0.0,0.68,0.5,0.0,0.5,0.5,0.0,0.5,0.52,0.26,0.26
martin_krug__pan,Martin Krug,PAN,DEF,slutrunde,Slutrunde,8,0,0,8,0,0,8,0,8.0,4.640000000000001,4.640000000000001,0.0,0.0,0.0,4.640000000000001,0.0,0.0,1.0,0.0,0.0,1.0,1.0,0.0,0.0
martin_krug__pan,Martin Krug,PAN,DEF,nations_league_finals,Nations League-slutrunde,4,0,0,2,0,0,2,2,4.0,1.92,1.8239999999999998,0.0,0.0,0.0,0.96,0.0,0.0,0.5,0.0,0.0,0.5,0.95,0.0,0.0
martin_krug__pan,Martin Krug,PAN,DEF,kvalifikation,Kvalifikation,8,0,0,8,0,0,8,0,8.0,5.44,4.896000000000001,0.0,0.0,0.0,5.44,0.0,0.0,1.0,0.0,0.0,1.0,0.9,0.0,0.0
martin_krug__pan,Martin Krug,PAN,DEF,venskabskamp,Venskabskamp,8,1,0,5,0,0,5,1,8.0,5.46,2.8392,0.47840000000000005,0.92,0.0,3.1399999999999997,0.125,0.0,0.625,0.168,0.0,0.575,0.52,0.065,0.0874
martin_vitik__cze,Martin Vitik,CZE,DEF,slutrunde,Slutrunde,3,0,0,0,0,0,0,3,3.0,1.44,1.44,0.0,0.0,0.0,0.0,0.0,0.0,0.0,0.0,0.0,0.0,1.0,0.0,0.0
martin_vitik__cze,Martin Vitik,CZE,DEF,kvalifikation,Kvalifikation,18,3,0,4,2,0,4,9,16.0,9.200000000000001,7.416000000000001,1.5120000000000002,1.6800000000000002,0.0,2.0,0.188,0.0,0.222,0.204,0.0,0.217,0.9,0.1692,0.1836
martin_vitik__cze,Martin Vitik,CZE,DEF,nations_league,Nations League,6,3,0,0,2,0,0,1,4.0,2.88,1.4976,1.1232,1.44,0.0,0.0,0.75,0.0,0.0,0.75,0.0,0.0,0.78,0.585,0.585
martin_vitik__cze,Martin Vitik,CZE,DEF,venskabskamp,Venskabskamp,8,3,0,4,0,0,4,1,8.0,3.6,1.872,0.9568000000000001,1.84,0.0,1.28,0.375,0.0,0.5,0.511,0.0,0.356,0.52,0.195,0.2657
martin_zlomisli__bih,Martin Zlomislic,BIH,GK,kvalifikation,Kvalifikation,10,0,0,1,0,0,1,9,10.0,6.880000000000001,6.192000000000001,0.0,0.0,0.0,0.68,0.0,0.0,0.1,0.0,0.0,0.099,0.9,0.0,0.0
martin_zlomisli__bih,Martin Zlomislic,BIH,GK,nations_league,Nations League,4,1,0,0,0,0,0,3,4.0,1.92,1.4976,0.3744,0.48,0.0,0.0,0.25,0.0,0.0,0.25,0.0,0.0,0.78,0.195,0.195
martin_zlomisli__bih,Martin Zlomislic,BIH,GK,venskabskamp,Venskabskamp,4,2,0,1,0,0,1,1,4.0,3.3600000000000003,1.7472,0.8736,1.6800000000000002,0.0,0.68,0.5,0.0,0.25,0.5,0.0,0.202,0.52,0.26,0.26
mart_n_zubimendi__esp,Martin Zubimendi,ESP,MID,slutrunde,Slutrunde,18,1,0,11,0,0,11,3,18.0,6.28,6.28,0.48,0.48,0.0,2.92,0.056,0.0,0.611,0.076,0.0,0.465,1.0,0.056,0.076
mart_n_zubimendi__esp,Martin Zubimendi,ESP,MID,nations_league_finals,Nations League-slutrunde,8,4,0,2,0,0,2,2,8.0,3.16,3.002,2.014,2.12,0.0,0.4,0.5,0.0,0.25,0.671,0.0,0.127,0.95,0.475,0.6374
mart_n_zubimendi__esp,Martin Zubimendi,ESP,MID,kvalifikation,Kvalifikation,19,6,0,5,0,0,5,6,19.0,7.4,6.660000000000001,3.3480000000000008,3.72,0.0,1.0,0.316,0.0,0.263,0.503,0.0,0.135,0.9,0.2844,0.4527
mart_n_zubimendi__esp,Martin Zubimendi,ESP,MID,nations_league,Nations League,12,4,0,7,0,0,7,0,12.0,4.08,3.1824000000000003,1.4976,1.92,0.0,1.6800000000000002,0.333,0.0,0.583,0.471,0.0,0.412,0.78,0.2597,0.3674
mart_n_zubimendi__esp,Martin Zubimendi,ESP,MID,venskabskamp,Venskabskamp,11,2,0,5,0,0,5,2,11.0,5.24,2.7248,0.27040000000000003,0.52,0.0,2.52,0.182,0.0,0.455,0.099,0.0,0.481,0.52,0.0946,0.0515
martin_degaard__nor,Martin Ødegaard,NOR,MID,kvalifikation,Kvalifikation,59,34,0,11,6,0,11,6,53.0,12.360000000000001,8.82,7.110000000000001,7.9,0.0,1.1,0.642,0.0,0.186,0.806,0.0,0.089,0.9,0.5778,0.7254
martin_degaard__nor,Martin Ødegaard,NOR,MID,nations_league,Nations League,24,10,0,5,4,0,5,3,20.0,5.28,3.2136000000000005,1.8408000000000002,2.36,0.0,1.26,0.5,0.0,0.208,0.573,0.0,0.239,0.78,0.39,0.4469
martin_degaard__nor,Martin Ødegaard,NOR,MID,venskabskamp,Venskabskamp,34,17,0,10,5,0,10,0,29.0,9.24,3.7024000000000004,2.184,4.2,0.0,2.72,0.586,0.0,0.294,0.59,0.0,0.294,0.52,0.3047,0.3068
marvin_keller__sui,Marvin Keller,SUI,GK,kvalifikation,Kvalifikation,6,0,0,0,0,0,0,6,6.0,4.08,3.6720000000000006,0.0,0.0,0.0,0.0,0.0,0.0,0.0,0.0,0.0,0.0,0.9,0.0,0.0
marvin_keller__sui,Marvin Keller,SUI,GK,venskabskamp,Venskabskamp,7,0,0,0,0,0,0,6,7.0,5.5200000000000005,2.8704,0.0,0.0,0.0,0.0,0.0,0.0,0.0,0.0,0.0,0.0,0.52,0.0,0.0
marvin_senaya__gha,Marvin Senaya,GHA,DEF,venskabskamp,Venskabskamp,4,1,0,1,0,0,1,1,4.0,3.84,1.9968000000000001,0.52,1.0,0.0,1.0,0.25,0.0,0.25,0.26,0.0,0.26,0.52,0.13,0.1352
marwan_ateya__egy,Marwan Ateya,EGY,MID,slutrunde,Slutrunde,14,7,0,4,0,0,3,2,14.0,9.61,9.61,4.89,4.89,0.0,3.23,0.5,0.0,0.286,0.509,0.0,0.336,1.0,0.5,0.509
marwan_ateya__egy,Marwan Ateya,EGY,MID,kvalifikation,Kvalifikation,20,14,0,3,0,0,3,1,20.0,9.2,8.280000000000001,5.976,6.64,0.0,1.84,0.7,0.0,0.15,0.722,0.0,0.2,0.9,0.63,0.6498
marwan_ateya__egy,Marwan Ateya,EGY,MID,venskabskamp,Venskabskamp,14,10,0,1,0,0,1,2,14.0,8.290000000000001,4.3108,3.6452000000000004,7.01,0.0,0.32,0.714,0.0,0.071,0.846,0.0,0.039,0.52,0.3713,0.4399
matej_kovar__cze,Matej Kovar,CZE,GK,slutrunde,Slutrunde,3,0,0,0,0,0,0,2,3.0,1.44,1.44,0.0,0.0,0.0,0.0,0.0,0.0,0.0,0.0,0.0,0.0,1.0,0.0,0.0
matej_kovar__cze,Matej Kovar,CZE,GK,kvalifikation,Kvalifikation,14,9,0,0,0,0,0,5,14.0,8.16,7.344000000000001,5.580000000000001,6.2,0.0,0.0,0.643,0.0,0.0,0.76,0.0,0.0,0.9,0.5787,0.684
matej_kovar__cze,Matej Kovar,CZE,GK,nations_league,Nations League,6,6,0,0,0,0,0,0,6.0,2.88,2.2464,2.2464,2.88,0.0,0.0,1.0,0.0,0.0,1.0,0.0,0.0,0.78,0.78,0.78
matej_kovar__cze,Matej Kovar,CZE,GK,venskabskamp,Venskabskamp,9,4,0,0,0,0,0,5,9.0,5.16,2.6832000000000003,1.2896,2.48,0.0,0.0,0.444,0.0,0.0,0.481,0.0,0.0,0.52,0.2309,0.2501
mateo_kovacic__cro,Mateo Kovacic,CRO,MID,slutrunde,Slutrunde,28,16,0,0,0,0,0,4,28.0,5.04,5.04,3.84,3.84,0.0,0.0,0.571,0.0,0.0,0.762,0.0,0.0,1.0,0.571,0.762
mateo_kovacic__cro,Mateo Kovacic,CRO,MID,nations_league_finals,Nations League-slutrunde,4,4,0,0,0,0,0,0,4.0,1.6,1.52,1.52,1.6,0.0,0.0,1.0,0.0,0.0,1.0,0.0,0.0,0.95,0.95,0.95
mateo_kovacic__cro,Mateo Kovacic,CRO,MID,kvalifikation,Kvalifikation,64,30,0,4,16,0,3,6,48.0,13.260000000000002,6.7860000000000005,4.158,4.62,0.0,0.5,0.625,0.0,0.062,0.613,0.0,0.038,0.9,0.5625,0.5517
mateo_kovacic__cro,Mateo Kovacic,CRO,MID,nations_league,Nations League,22,16,0,2,1,0,2,1,21.0,5.08,3.8844000000000003,2.8236000000000003,3.62,0.0,0.96,0.762,0.0,0.091,0.727,0.0,0.189,0.78,0.5944,0.5671
mateo_kovacic__cro,Mateo Kovacic,CRO,MID,venskabskamp,Venskabskamp,41,18,0,10,2,0,10,1,39.0,8.08,4.0976,1.9344000000000001,3.72,0.0,2.64,0.462,0.0,0.244,0.472,0.0,0.327,0.52,0.2402,0.2454
matheus_cunha__bra,Matheus Cunha,BRA,FWD,slutrunde,Slutrunde,16,0,0,16,0,0,16,0,16.0,4.32,4.32,0.0,0.0,0.0,4.32,0.0,0.0,1.0,0.0,0.0,1.0,1.0,0.0,0.0
matheus_cunha__bra,Matheus Cunha,BRA,FWD,kvalifikation,Kvalifikation,35,5,0,10,9,0,10,3,26.0,11.18,7.668,1.584,1.76,0.0,3.7199999999999998,0.192,0.0,0.286,0.207,0.0,0.333,0.9,0.1728,0.1863
matheus_cunha__bra,Matheus Cunha,BRA,FWD,venskabskamp,Venskabskamp,19,6,0,5,2,0,5,2,17.0,9.8,4.7632,2.5376000000000003,4.88,0.0,1.8,0.353,0.0,0.263,0.533,0.0,0.184,0.52,0.1836,0.2772
matheus_nunes__por,Matheus Nunes,POR,MID,slutrunde,Slutrunde,10,1,0,0,0,0,0,6,10.0,3.4,3.4,0.2,0.2,0.0,0.0,0.1,0.0,0.0,0.059,0.0,0.0,1.0,0.1,0.059
matheus_nunes__por,Matheus Nunes,POR,MID,nations_league_finals,Nations League-slutrunde,4,0,0,4,0,0,4,0,4.0,2.12,2.014,0.0,0.0,0.0,2.12,0.0,0.0,1.0,0.0,0.0,1.0,0.95,0.0,0.0
matheus_nunes__por,Matheus Nunes,POR,MID,kvalifikation,Kvalifikation,21,1,0,10,2,0,10,4,19.0,8.040000000000001,6.660000000000001,0.18000000000000002,0.2,0.0,3.68,0.053,0.0,0.476,0.027,0.0,0.458,0.9,0.0477,0.0243
matheus_nunes__por,Matheus Nunes,POR,MID,nations_league,Nations League,12,0,0,5,2,0,5,1,10.0,4.08,2.4336,0.0,0.0,0.0,2.12,0.0,0.0,0.417,0.0,0.0,0.52,0.78,0.0,0.0
matheus_nunes__por,Matheus Nunes,POR,MID,venskabskamp,Venskabskamp,10,3,0,2,0,0,2,2,10.0,5.16,2.6832000000000003,0.7488000000000001,1.44,0.0,1.32,0.3,0.0,0.2,0.279,0.0,0.256,0.52,0.156,0.1451
mathew_ryan__aus,Mathew Ryan,AUS,GK,slutrunde,Slutrunde,36,31,0,3,0,0,3,2,36.0,5.1000000000000005,5.1000000000000005,4.6000000000000005,4.6000000000000005,0.0,0.30000000000000004,0.861,0.0,0.083,0.902,0.0,0.059,1.0,0.861,0.902
mathew_ryan__aus,Mathew Ryan,AUS,GK,kvalifikation,Kvalifikation,67,45,0,10,3,0,10,9,64.0,13.84,12.186000000000002,8.586,9.540000000000001,0.0,1.86,0.703,0.0,0.149,0.705,0.0,0.134,0.9,0.6327,0.6345
mathew_ryan__aus,Mathew Ryan,AUS,GK,venskabskamp,Venskabskamp,51,27,0,10,1,0,10,12,50.0,12.72,6.5624,3.64,7.0,0.0,2.58,0.54,0.0,0.196,0.555,0.0,0.203,0.52,0.2808,0.2886
math_as_olivera__uru,Mathias Olivera,URU,DEF,slutrunde,Slutrunde,9,8,0,0,0,0,0,1,9.0,3.48,3.48,3.0,3.0,0.0,0.0,0.889,0.0,0.0,0.862,0.0,0.0,1.0,0.889,0.862
math_as_olivera__uru,Mathias Olivera,URU,DEF,kvalifikation,Kvalifikation,22,13,0,5,1,0,2,1,21.0,9.08,7.992000000000001,4.932,5.48,0.0,2.44,0.619,0.0,0.227,0.617,0.0,0.269,0.9,0.5571,0.5553
math_as_olivera__uru,Mathias Olivera,URU,DEF,venskabskamp,Venskabskamp,19,11,0,6,0,0,6,1,19.0,8.200000000000001,4.264,2.6,5.0,0.0,2.8000000000000003,0.579,0.0,0.316,0.61,0.0,0.341,0.52,0.3011,0.3172
mathieu_choiniere__can,Mathieu Choiniere,CAN,MID,slutrunde,Slutrunde,10,4,0,0,0,0,0,4,10.0,5.6,5.6,2.52,2.52,0.0,0.0,0.4,0.0,0.0,0.45,0.0,0.0,1.0,0.4,0.45
mathieu_choiniere__can,Mathieu Choiniere,CAN,MID,nations_league_finals,Nations League-slutrunde,7,2,0,2,0,0,2,0,7.0,2.88,2.7359999999999998,0.9119999999999999,0.96,0.0,0.64,0.286,0.0,0.286,0.333,0.0,0.222,0.95,0.2717,0.3164
mathieu_choiniere__can,Mathieu Choiniere,CAN,MID,venskabskamp,Venskabskamp,20,5,0,0,0,0,0,7,20.0,13.05,6.7860000000000005,1.6692,3.21,0.0,0.0,0.25,0.0,0.0,0.246,0.0,0.0,0.52,0.13,0.1279
matias_fernandez_pardo__bel,Matias Fernandez-Pardo,BEL,FWD,venskabskamp,Venskabskamp,2,0,0,0,0,0,0,0,2.0,2.0,1.04,0.0,0.0,0.0,0.0,0.0,0.0,0.0,0.0,0.0,0.0,0.52,0.0,0.0
matias_galarza_fonda__par,Matias Galarza Fonda,PAR,MID,slutrunde,Slutrunde,3,0,0,3,0,0,3,0,3.0,1.44,1.44,0.0,0.0,0.0,1.44,0.0,0.0,1.0,0.0,0.0,1.0,1.0,0.0,0.0
matias_galarza_fonda__par,Matias Galarza Fonda,PAR,MID,kvalifikation,Kvalifikation,19,3,0,7,0,0,7,5,19.0,8.48,7.632000000000001,1.296,1.44,0.0,3.08,0.158,0.0,0.368,0.17,0.0,0.363,0.9,0.1422,0.153
matias_galarza_fonda__par,Matias Galarza Fonda,PAR,MID,venskabskamp,Venskabskamp,17,2,0,3,0,0,3,6,17.0,8.52,4.430400000000001,0.4576,0.8800000000000001,0.0,1.44,0.118,0.0,0.176,0.103,0.0,0.169,0.52,0.0614,0.0536
mat_as_vi_a__uru,Matias Viña,URU,DEF,slutrunde,Slutrunde,14,10,0,0,0,0,0,2,14.0,4.48,4.48,3.4,3.4,0.0,0.0,0.714,0.0,0.0,0.759,0.0,0.0,1.0,0.714,0.759
mat_as_vi_a__uru,Matias Viña,URU,DEF,kvalifikation,Kvalifikation,36,15,0,3,12,0,3,4,24.0,11.38,6.156000000000001,3.2040000000000006,3.56,0.0,1.48,0.625,0.0,0.083,0.52,0.0,0.13,0.9,0.5625,0.468
mat_as_vi_a__uru,Matias Viña,URU,DEF,venskabskamp,Venskabskamp,25,8,0,5,1,0,5,5,24.0,8.8,4.3264000000000005,0.9984000000000001,1.9200000000000002,0.0,2.48,0.333,0.0,0.2,0.231,0.0,0.282,0.52,0.1732,0.1201
matt_freese__usa,Matt Freese,USA,GK,slutrunde,Slutrunde,6,6,0,0,0,0,0,0,6.0,4.08,4.08,4.08,4.08,0.0,0.0,1.0,0.0,0.0,1.0,0.0,0.0,1.0,1.0,1.0
matt_freese__usa,Matt Freese,USA,GK,nations_league_finals,Nations League-slutrunde,2,0,0,2,0,0,2,0,2.0,0.96,0.9119999999999999,0.0,0.0,0.0,0.96,0.0,0.0,1.0,0.0,0.0,1.0,0.95,0.0,0.0
matt_freese__usa,Matt Freese,USA,GK,venskabskamp,Venskabskamp,15,9,0,0,0,0,0,6,15.0,10.34,5.3768,3.4736000000000002,6.680000000000001,0.0,0.0,0.6,0.0,0.0,0.646,0.0,0.0,0.52,0.312,0.3359
matt_turner__usa,Matt Turner,USA,GK,slutrunde,Slutrunde,24,17,0,0,0,0,0,7,24.0,9.120000000000001,9.120000000000001,4.72,4.72,0.0,0.0,0.708,0.0,0.0,0.518,0.0,0.0,1.0,0.708,0.518
matt_turner__usa,Matt Turner,USA,GK,nations_league_finals,Nations League-slutrunde,12,10,0,2,0,0,2,0,12.0,4.14,3.933,3.6479999999999997,3.84,0.0,0.30000000000000004,0.833,0.0,0.167,0.928,0.0,0.072,0.95,0.7913,0.8816
matt_turner__usa,Matt Turner,USA,GK,kvalifikation,Kvalifikation,14,8,0,0,3,0,0,3,11.0,2.8000000000000003,1.9800000000000002,1.4400000000000002,1.6,0.0,0.0,0.727,0.0,0.0,0.727,0.0,0.0,0.9,0.6543,0.6543
matt_turner__usa,Matt Turner,USA,GK,nations_league,Nations League,6,3,0,0,0,0,0,3,6.0,1.0,0.7800000000000001,0.4680000000000001,0.6000000000000001,0.0,0.0,0.5,0.0,0.0,0.6,0.0,0.0,0.78,0.39,0.468
matt_turner__usa,Matt Turner,USA,GK,venskabskamp,Venskabskamp,38,16,0,16,0,0,16,6,38.0,16.92,8.7984,3.5672,6.86,0.0,5.62,0.421,0.0,0.421,0.405,0.0,0.332,0.52,0.2189,0.2106
matthew_garbett__nzl,Matthew Garbett,NZL,MID,slutrunde,Slutrunde,4,0,0,4,0,0,4,0,4.0,1.92,1.92,0.0,0.0,0.0,1.92,0.0,0.0,1.0,0.0,0.0,1.0,1.0,0.0,0.0
matthew_garbett__nzl,Matthew Garbett,NZL,MID,kvalifikation,Kvalifikation,11,9,0,0,0,0,0,0,11.0,3.6,3.24,2.88,3.2,0.0,0.0,0.818,0.0,0.0,0.889,0.0,0.0,0.9,0.7362,0.8001
matthew_garbett__nzl,Matthew Garbett,NZL,MID,venskabskamp,Venskabskamp,33,20,0,4,2,0,4,0,31.0,15.280000000000001,6.9888,4.368,8.4,0.0,1.7600000000000002,0.645,0.0,0.121,0.625,0.0,0.115,0.52,0.3354,0.325
matthieu_epolo__cod,Matthieu Epolo,COD,GK,slutrunde,Slutrunde,4,0,0,0,0,0,0,4,4.0,3.4,3.4,0.0,0.0,0.0,0.0,0.0,0.0,0.0,0.0,0.0,0.0,1.0,0.0,0.0
matthieu_epolo__cod,Matthieu Epolo,COD,GK,kvalifikation,Kvalifikation,3,0,0,0,0,0,0,3,3.0,2.2800000000000002,2.0520000000000005,0.0,0.0,0.0,0.0,0.0,0.0,0.0,0.0,0.0,0.0,0.9,0.0,0.0
matthieu_epolo__cod,Matthieu Epolo,COD,GK,venskabskamp,Venskabskamp,3,0,0,1,0,0,1,1,3.0,2.77,1.4404000000000001,0.0,0.0,0.0,0.92,0.0,0.0,0.333,0.0,0.0,0.332,0.52,0.0,0.0
mattias_svanberg__swe,Mattias Svanberg,SWE,MID,slutrunde,Slutrunde,4,0,0,2,2,0,2,0,2.0,0.8,0.4,0.0,0.0,0.0,0.4,0.0,0.0,0.5,0.0,0.0,0.5,1.0,0.0,0.0
mattias_svanberg__swe,Mattias Svanberg,SWE,MID,kvalifikation,Kvalifikation,36,10,0,14,0,0,14,1,36.0,11.040000000000001,9.936000000000002,2.8980000000000006,3.22,0.0,4.16,0.278,0.0,0.389,0.292,0.0,0.377,0.9,0.2502,0.2628
mattias_svanberg__swe,Mattias Svanberg,SWE,MID,nations_league,Nations League,19,4,0,3,2,0,2,7,17.0,4.78,2.9796000000000005,0.8424,1.08,0.0,1.16,0.235,0.0,0.158,0.283,0.0,0.243,0.78,0.1833,0.2207
mattias_svanberg__swe,Mattias Svanberg,SWE,MID,venskabskamp,Venskabskamp,27,9,0,8,5,0,8,2,22.0,8.78,3.1096000000000004,1.2064000000000001,2.3200000000000003,0.0,1.6,0.409,0.0,0.296,0.388,0.0,0.182,0.52,0.2127,0.2018
matz_sels__bel,Matz Sels,BEL,GK,slutrunde,Slutrunde,12,0,0,3,0,0,3,9,12.0,3.52,3.52,0.0,0.0,0.0,0.6000000000000001,0.0,0.0,0.25,0.0,0.0,0.17,1.0,0.0,0.0
matz_sels__bel,Matz Sels,BEL,GK,nations_league_finals,Nations League-slutrunde,2,0,0,2,0,0,2,0,2.0,0.4,0.38,0.0,0.0,0.0,0.4,0.0,0.0,1.0,0.0,0.0,1.0,0.95,0.0,0.0
matz_sels__bel,Matz Sels,BEL,GK,kvalifikation,Kvalifikation,38,6,0,3,0,0,3,29,38.0,10.58,9.522000000000002,2.7,3.0,0.0,0.4,0.158,0.0,0.079,0.284,0.0,0.038,0.9,0.1422,0.2556
matz_sels__bel,Matz Sels,BEL,GK,nations_league,Nations League,18,1,0,5,2,0,5,10,16.0,5.4399999999999995,3.4944,0.3744,0.48,0.0,0.7000000000000001,0.062,0.0,0.278,0.107,0.0,0.129,0.78,0.0484,0.0835
matz_sels__bel,Matz Sels,BEL,GK,venskabskamp,Venskabskamp,21,5,0,2,0,0,2,13,21.0,5.66,2.9432,1.0816000000000001,2.08,0.0,0.30000000000000004,0.238,0.0,0.095,0.367,0.0,0.053,0.52,0.1238,0.1908
max_arfsten__usa,Max Arfsten,USA,DEF,slutrunde,Slutrunde,6,5,0,0,0,0,0,1,6.0,4.08,4.08,3.4000000000000004,3.4000000000000004,0.0,0.0,0.833,0.0,0.0,0.833,0.0,0.0,1.0,0.833,0.833
max_arfsten__usa,Max Arfsten,USA,DEF,nations_league_finals,Nations League-slutrunde,2,1,0,0,0,0,0,1,2.0,0.96,0.9119999999999999,0.45599999999999996,0.48,0.0,0.0,0.5,0.0,0.0,0.5,0.0,0.0,0.95,0.475,0.475
max_arfsten__usa,Max Arfsten,USA,DEF,venskabskamp,Venskabskamp,14,7,0,0,0,0,0,0,14.0,10.24,5.324800000000001,2.3712,4.5600000000000005,0.0,0.0,0.5,0.0,0.0,0.445,0.0,0.0,0.52,0.26,0.2314
max_crocombe__nzl,Max Crocombe,NZL,GK,slutrunde,Slutrunde,4,3,0,0,0,0,0,1,4.0,1.92,1.92,1.44,1.44,0.0,0.0,0.75,0.0,0.0,0.75,0.0,0.0,1.0,0.75,0.75
max_crocombe__nzl,Max Crocombe,NZL,GK,kvalifikation,Kvalifikation,18,4,0,6,0,0,6,8,18.0,4.3,3.87,1.728,1.92,0.0,1.2000000000000002,0.222,0.0,0.333,0.447,0.0,0.279,0.9,0.1998,0.4023
max_crocombe__nzl,Max Crocombe,NZL,GK,oevrig_turnering,Øvrig turnering,3,1,0,0,0,0,0,2,3.0,0.30000000000000004,0.186,0.062,0.1,0.0,0.0,0.333,0.0,0.0,0.333,0.0,0.0,0.62,0.2065,0.2065
max_crocombe__nzl,Max Crocombe,NZL,GK,venskabskamp,Venskabskamp,39,15,0,13,0,0,13,10,39.0,15.88,8.2576,4.3368,8.34,0.0,2.52,0.385,0.0,0.333,0.525,0.0,0.159,0.52,0.2002,0.273
maxence_lacroix__fra,Maxence Lacroix,FRA,DEF,venskabskamp,Venskabskamp,3,1,0,0,0,0,0,0,3.0,2.84,1.4768000000000001,0.47840000000000005,0.92,0.0,0.0,0.333,0.0,0.0,0.324,0.0,0.0,0.52,0.1732,0.1685
maxi_araujo__uru,Maxi Araujo,URU,MID,slutrunde,Slutrunde,6,6,0,0,0,0,0,0,6.0,2.88,2.88,2.88,2.88,0.0,0.0,1.0,0.0,0.0,1.0,0.0,0.0,1.0,1.0,1.0
maxi_araujo__uru,Maxi Araujo,URU,MID,kvalifikation,Kvalifikation,18,14,0,0,3,0,0,0,15.0,8.28,5.94,5.652,6.28,0.0,0.0,0.933,0.0,0.0,0.952,0.0,0.0,0.9,0.8397,0.8568
maxi_araujo__uru,Maxi Araujo,URU,MID,venskabskamp,Venskabskamp,12,6,0,5,0,0,5,0,12.0,6.800000000000001,3.5360000000000005,1.8928000000000003,3.64,0.0,2.48,0.5,0.0,0.417,0.535,0.0,0.365,0.52,0.26,0.2782
maxim_de_cuyper__bel,Maxim De Cuyper,BEL,DEF,slutrunde,Slutrunde,4,0,0,0,0,0,0,4,4.0,1.92,1.92,0.0,0.0,0.0,0.0,0.0,0.0,0.0,0.0,0.0,0.0,1.0,0.0,0.0
maxim_de_cuyper__bel,Maxim De Cuyper,BEL,DEF,kvalifikation,Kvalifikation,8,6,0,0,0,0,0,1,8.0,5.44,4.896000000000001,3.6720000000000006,4.08,0.0,0.0,0.75,0.0,0.0,0.75,0.0,0.0,0.9,0.675,0.675
maxim_de_cuyper__bel,Maxim De Cuyper,BEL,DEF,nations_league,Nations League,8,4,0,1,1,0,1,0,7.0,3.84,2.6208,1.4976,1.92,0.0,0.48,0.571,0.0,0.125,0.571,0.0,0.125,0.78,0.4454,0.4454
maxim_de_cuyper__bel,Maxim De Cuyper,BEL,DEF,venskabskamp,Venskabskamp,6,5,0,0,0,0,0,0,6.0,4.8,2.496,1.976,3.8,0.0,0.0,0.833,0.0,0.0,0.792,0.0,0.0,0.52,0.4332,0.4118
maxime_cr_peau__can,Maxime Crepeau,CAN,GK,slutrunde,Slutrunde,30,11,0,0,7,0,0,11,23.0,9.280000000000001,7.4,4.08,4.08,0.0,0.0,0.478,0.0,0.0,0.551,0.0,0.0,1.0,0.478,0.551
maxime_cr_peau__can,Maxime Crepeau,CAN,GK,nations_league_finals,Nations League-slutrunde,9,1,0,1,2,0,0,5,7.0,3.52,2.7359999999999998,0.304,0.32,0.0,0.48,0.143,0.0,0.111,0.111,0.0,0.136,0.95,0.1358,0.1055
maxime_cr_peau__can,Maxime Crepeau,CAN,GK,kvalifikation,Kvalifikation,28,5,0,6,2,0,6,15,26.0,4.6000000000000005,3.9600000000000004,0.81,0.9,0.0,1.0,0.192,0.0,0.214,0.205,0.0,0.217,0.9,0.1728,0.1845
maxime_cr_peau__can,Maxime Crepeau,CAN,GK,nations_league,Nations League,12,0,0,2,2,0,2,8,10.0,1.6,0.9360000000000002,0.0,0.0,0.0,0.2,0.0,0.0,0.167,0.0,0.0,0.125,0.78,0.0,0.0
maxime_cr_peau__can,Maxime Crepeau,CAN,GK,venskabskamp,Venskabskamp,39,14,0,12,3,0,12,10,36.0,15.25,7.3684,3.8896,7.48,0.0,1.95,0.389,0.0,0.308,0.528,0.0,0.128,0.52,0.2023,0.2746
maximilian_beier__ger,Maximilian Beier,GER,FWD,slutrunde,Slutrunde,5,0,0,0,0,0,0,4,5.0,2.4,2.4,0.0,0.0,0.0,0.0,0.0,0.0,0.0,0.0,0.0,0.0,1.0,0.0,0.0
maximilian_beier__ger,Maximilian Beier,GER,FWD,nations_league_finals,Nations League-slutrunde,4,0,0,3,1,0,3,0,3.0,2.12,1.5579999999999998,0.0,0.0,0.0,1.6400000000000001,0.0,0.0,0.75,0.0,0.0,0.774,0.95,0.0,0.0
maximilian_beier__ger,Maximilian Beier,GER,FWD,kvalifikation,Kvalifikation,6,0,0,3,0,0,3,0,6.0,4.08,3.6720000000000006,0.0,0.0,0.0,2.04,0.0,0.0,0.5,0.0,0.0,0.5,0.9,0.0,0.0
maximilian_beier__ger,Maximilian Beier,GER,FWD,nations_league,Nations League,6,0,0,3,1,0,3,0,5.0,2.88,1.872,0.0,0.0,0.0,1.44,0.0,0.0,0.5,0.0,0.0,0.5,0.78,0.0,0.0
maximilian_beier__ger,Maximilian Beier,GER,FWD,venskabskamp,Venskabskamp,8,0,0,2,0,0,2,3,8.0,5.28,2.7456,0.0,0.0,0.0,1.84,0.0,0.0,0.25,0.0,0.0,0.348,0.52,0.0,0.0
maximilian_w_ber__aut,Maximilian Wöber,AUT,DEF,slutrunde,Slutrunde,8,2,0,4,0,0,4,1,8.0,2.7199999999999998,2.7199999999999998,0.96,0.96,0.0,0.8,0.25,0.0,0.5,0.353,0.0,0.294,1.0,0.25,0.353
maximilian_w_ber__aut,Maximilian Wöber,AUT,DEF,kvalifikation,Kvalifikation,35,11,0,10,5,0,10,7,30.0,6.98,5.562,2.394,2.66,0.0,1.4000000000000001,0.367,0.0,0.286,0.43,0.0,0.201,0.9,0.3303,0.387
maximilian_w_ber__aut,Maximilian Wöber,AUT,DEF,nations_league,Nations League,24,5,0,8,4,0,8,5,20.0,6.04,3.2136000000000005,1.2168,1.56,0.0,0.9,0.25,0.0,0.333,0.379,0.0,0.149,0.78,0.195,0.2956
maximilian_w_ber__aut,Maximilian Wöber,AUT,DEF,venskabskamp,Venskabskamp,21,4,0,9,3,0,9,1,18.0,3.98,1.9136000000000002,0.5408000000000001,1.04,0.0,1.1,0.222,0.0,0.429,0.283,0.0,0.276,0.52,0.1154,0.1472
mbekezeli_mbokazi__rsa,Mbekezeli Mbokazi,RSA,DEF,slutrunde,Slutrunde,8,4,0,4,0,0,4,0,8.0,6.12,6.12,3.4,3.4,0.0,2.72,0.5,0.0,0.5,0.556,0.0,0.444,1.0,0.5,0.556
mbekezeli_mbokazi__rsa,Mbekezeli Mbokazi,RSA,DEF,kvalifikation,Kvalifikation,4,3,0,1,0,0,1,0,4.0,2.72,2.4480000000000004,1.8360000000000003,2.04,0.0,0.68,0.75,0.0,0.25,0.75,0.0,0.25,0.9,0.675,0.675
mbekezeli_mbokazi__rsa,Mbekezeli Mbokazi,RSA,DEF,venskabskamp,Venskabskamp,6,3,0,0,0,0,0,3,6.0,4.88,2.5376000000000003,1.1856,2.2800000000000002,0.0,0.0,0.5,0.0,0.0,0.467,0.0,0.0,0.52,0.26,0.2428
mehdi_dorval__alg,Mehdi Dorval,ALG,DEF,slutrunde,Slutrunde,9,0,0,5,0,0,5,3,9.0,7.4799999999999995,7.4799999999999995,0.0,0.0,0.0,4.08,0.0,0.0,0.556,0.0,0.0,0.545,1.0,0.0,0.0
mehdi_dorval__alg,Mehdi Dorval,ALG,DEF,kvalifikation,Kvalifikation,2,0,0,0,0,0,0,1,2.0,1.36,1.2240000000000002,0.0,0.0,0.0,0.0,0.0,0.0,0.0,0.0,0.0,0.0,0.9,0.0,0.0
mehdi_dorval__alg,Mehdi Dorval,ALG,DEF,venskabskamp,Venskabskamp,4,0,0,0,0,0,0,2,4.0,3.2,1.6640000000000001,0.0,0.0,0.0,0.0,0.0,0.0,0.0,0.0,0.0,0.0,0.52,0.0,0.0
mehdi_ghayedi__irn,Mehdi Ghayedi,IRN,MID,slutrunde,Slutrunde,16,5,0,5,2,0,5,3,14.0,6.2,4.84,1.6,1.6,0.0,1.9600000000000002,0.357,0.0,0.312,0.331,0.0,0.316,1.0,0.357,0.331
mehdi_ghayedi__irn,Mehdi Ghayedi,IRN,MID,kvalifikation,Kvalifikation,30,8,0,5,4,0,4,4,26.0,9.94,7.542000000000001,3.312,3.6799999999999997,0.0,1.52,0.308,0.0,0.167,0.439,0.0,0.153,0.9,0.2772,0.3951
mehdi_ghayedi__irn,Mehdi Ghayedi,IRN,MID,venskabskamp,Venskabskamp,22,1,0,14,3,0,14,0,19.0,9.540000000000001,3.9000000000000004,0.52,1.0,0.0,4.46,0.053,0.0,0.636,0.133,0.0,0.468,0.52,0.0276,0.0692
mehdi_taremi__irn,Mehdi Taremi,IRN,FWD,slutrunde,Slutrunde,25,18,0,2,0,0,0,0,25.0,7.1000000000000005,7.1000000000000005,4.44,4.44,0.0,0.42000000000000004,0.72,0.0,0.08,0.625,0.0,0.059,1.0,0.72,0.625
mehdi_taremi__irn,Mehdi Taremi,IRN,FWD,kvalifikation,Kvalifikation,52,40,0,4,2,0,4,2,50.0,12.14,10.656,9.144,10.16,0.0,0.7000000000000001,0.8,0.0,0.077,0.858,0.0,0.058,0.9,0.72,0.7722
mehdi_taremi__irn,Mehdi Taremi,IRN,FWD,venskabskamp,Venskabskamp,46,33,0,5,1,0,5,3,45.0,11.940000000000001,5.855200000000001,5.1272,9.860000000000001,0.0,0.6000000000000001,0.733,0.0,0.109,0.876,0.0,0.05,0.52,0.3812,0.4555
melker_ellborg__swe,Melker Ellborg,SWE,GK,kvalifikation,Kvalifikation,2,0,0,0,0,0,0,2,2.0,1.84,1.6560000000000001,0.0,0.0,0.0,0.0,0.0,0.0,0.0,0.0,0.0,0.0,0.9,0.0,0.0
memphis_depay__ned,Memphis Depay,NED,FWD,slutrunde,Slutrunde,22,14,0,0,0,0,0,3,22.0,5.38,5.38,4.38,4.38,0.0,0.0,0.636,0.0,0.0,0.814,0.0,0.0,1.0,0.636,0.814
memphis_depay__ned,Memphis Depay,NED,FWD,nations_league_finals,Nations League-slutrunde,6,4,0,0,2,0,0,0,4.0,1.8,1.1019999999999999,1.1019999999999999,1.16,0.0,0.0,1.0,0.0,0.0,1.0,0.0,0.0,0.95,0.95,0.95
memphis_depay__ned,Memphis Depay,NED,FWD,kvalifikation,Kvalifikation,56,34,0,4,7,0,4,6,49.0,12.46,9.792000000000002,7.524000000000001,8.360000000000001,0.0,0.8400000000000001,0.694,0.0,0.071,0.768,0.0,0.067,0.9,0.6246,0.6912
memphis_depay__ned,Memphis Depay,NED,FWD,nations_league,Nations League,22,12,0,7,1,0,7,1,21.0,5.08,3.8064000000000004,1.1700000000000002,1.5,0.0,2.98,0.571,0.0,0.318,0.307,0.0,0.587,0.78,0.4454,0.2395
memphis_depay__ned,Memphis Depay,NED,FWD,venskabskamp,Venskabskamp,42,28,0,1,2,0,1,5,40.0,8.24,3.3280000000000003,2.236,4.3,0.0,0.1,0.7,0.0,0.024,0.672,0.0,0.012,0.52,0.364,0.3494
merchas_doski__irq,Merchas Doski,IRQ,DEF,slutrunde,Slutrunde,16,2,0,12,0,0,12,0,16.0,6.95,6.95,0.64,0.64,0.0,5.67,0.125,0.0,0.75,0.092,0.0,0.816,1.0,0.125,0.092
merchas_doski__irq,Merchas Doski,IRQ,DEF,kvalifikation,Kvalifikation,21,16,0,5,0,0,4,0,21.0,10.88,9.792,7.920000000000001,8.8,0.0,2.08,0.762,0.0,0.238,0.809,0.0,0.191,0.9,0.6858,0.7281
merchas_doski__irq,Merchas Doski,IRQ,DEF,venskabskamp,Venskabskamp,15,9,0,4,0,0,4,0,15.0,6.28,3.2656,1.9136000000000002,3.68,0.0,1.6,0.6,0.0,0.267,0.586,0.0,0.255,0.52,0.312,0.3047
merih_demiral__tur,Merih Demiral,TUR,DEF,slutrunde,Slutrunde,8,4,0,1,0,0,0,0,8.0,3.0,3.0,1.3599999999999999,1.3599999999999999,0.0,0.48,0.5,0.0,0.125,0.453,0.0,0.16,1.0,0.5,0.453
merih_demiral__tur,Merih Demiral,TUR,DEF,kvalifikation,Kvalifikation,37,28,0,0,8,0,0,0,29.0,11.14,7.236000000000001,7.056000000000001,7.840000000000001,0.0,0.0,0.966,0.0,0.0,0.975,0.0,0.0,0.9,0.8694,0.8775
merih_demiral__tur,Merih Demiral,TUR,DEF,nations_league,Nations League,20,12,0,1,4,0,0,3,16.0,5.64,3.3384,2.5740000000000003,3.3,0.0,0.48,0.75,0.0,0.05,0.771,0.0,0.085,0.78,0.585,0.6014
merih_demiral__tur,Merih Demiral,TUR,DEF,venskabskamp,Venskabskamp,21,8,0,2,1,0,2,3,20.0,6.84,3.3904,1.1856,2.2800000000000002,0.0,0.4,0.4,0.0,0.095,0.35,0.0,0.058,0.52,0.208,0.182
mert_gunok__tur,Mert Günok,TUR,GK,slutrunde,Slutrunde,11,4,0,3,1,0,3,3,10.0,3.3,2.82,1.92,1.92,0.0,0.30000000000000004,0.4,0.0,0.273,0.681,0.0,0.091,1.0,0.4,0.681
mert_gunok__tur,Mert Günok,TUR,GK,kvalifikation,Kvalifikation,73,14,0,29,3,0,29,27,70.0,14.74,12.510000000000002,2.0340000000000003,2.2600000000000002,0.0,3.3000000000000003,0.2,0.0,0.397,0.163,0.0,0.224,0.9,0.18,0.1467
mert_gunok__tur,Mert Günok,TUR,GK,nations_league,Nations League,24,9,0,6,8,0,6,1,16.0,6.04,2.5896000000000003,1.8876000000000002,2.42,0.0,0.8,0.562,0.0,0.25,0.729,0.0,0.132,0.78,0.4384,0.5686
mert_gunok__tur,Mert Günok,TUR,GK,venskabskamp,Venskabskamp,63,8,0,33,1,0,33,19,62.0,11.040000000000001,5.6368,0.728,1.4,0.0,4.66,0.129,0.0,0.524,0.129,0.0,0.422,0.52,0.0671,0.0671
mert_m_ld_r__tur,Mert Müldür,TUR,DEF,slutrunde,Slutrunde,8,5,0,0,0,0,0,2,8.0,3.0,3.0,2.12,2.12,0.0,0.0,0.625,0.0,0.0,0.707,0.0,0.0,1.0,0.625,0.707
mert_m_ld_r__tur,Mert Müldür,TUR,DEF,kvalifikation,Kvalifikation,37,9,0,15,2,0,14,6,35.0,11.14,9.666,3.3840000000000003,3.7600000000000002,0.0,2.7,0.257,0.0,0.405,0.35,0.0,0.242,0.9,0.2313,0.315
mert_m_ld_r__tur,Mert Müldür,TUR,DEF,nations_league,Nations League,22,9,0,3,2,0,3,6,20.0,5.84,4.2432,2.6364,3.38,0.0,0.30000000000000004,0.45,0.0,0.136,0.621,0.0,0.051,0.78,0.351,0.4844
mert_m_ld_r__tur,Mert Müldür,TUR,DEF,venskabskamp,Venskabskamp,22,11,0,4,2,0,4,2,20.0,6.94,3.4008000000000003,2.0488,3.94,0.0,0.62,0.55,0.0,0.182,0.602,0.0,0.089,0.52,0.286,0.313
meschak_elia__cod,Meschack Elia,COD,MID,slutrunde,Slutrunde,36,13,0,15,0,0,15,0,36.0,10.76,10.76,4.21,4.21,0.0,4.12,0.361,0.0,0.417,0.391,0.0,0.383,1.0,0.361,0.391
meschak_elia__cod,Meschack Elia,COD,MID,kvalifikation,Kvalifikation,55,16,0,23,0,0,23,1,55.0,15.68,14.112000000000002,6.3180000000000005,7.0200000000000005,0.0,3.58,0.291,0.0,0.418,0.448,0.0,0.228,0.9,0.2619,0.4032
meschak_elia__cod,Meschack Elia,COD,MID,venskabskamp,Venskabskamp,30,8,0,13,1,0,13,3,29.0,8.25,4.186,0.9464,1.82,0.0,2.3200000000000003,0.276,0.0,0.433,0.226,0.0,0.281,0.52,0.1435,0.1175
meshaal_barsham__qat,Meshaal Barsham,QAT,GK,slutrunde,Slutrunde,39,25,0,6,0,0,4,7,39.0,11.17,11.17,7.7700000000000005,7.7700000000000005,0.0,1.2,0.641,0.0,0.154,0.696,0.0,0.107,1.0,0.641,0.696
meshaal_barsham__qat,Meshaal Barsham,QAT,GK,kvalifikation,Kvalifikation,26,14,0,5,0,0,5,7,26.0,9.5,8.55,5.13,5.7,0.0,1.26,0.538,0.0,0.192,0.6,0.0,0.133,0.9,0.4842,0.54
meshaal_barsham__qat,Meshaal Barsham,QAT,GK,venskabskamp,Venskabskamp,33,14,0,8,0,0,8,11,33.0,9.32,4.8464,2.0384,3.9200000000000004,0.0,1.9000000000000001,0.424,0.0,0.242,0.421,0.0,0.204,0.52,0.2205,0.2189
michael_amir_murillo__pan,Michael Amir Murillo,PAN,DEF,slutrunde,Slutrunde,36,22,0,8,4,0,8,1,32.0,9.06,7.78,5.9,5.9,0.0,1.6800000000000002,0.688,0.0,0.222,0.758,0.0,0.185,1.0,0.688,0.758
michael_amir_murillo__pan,Michael Amir Murillo,PAN,DEF,nations_league_finals,Nations League-slutrunde,10,5,0,0,4,0,0,1,6.0,3.84,2.128,1.8239999999999998,1.92,0.0,0.0,0.833,0.0,0.0,0.857,0.0,0.0,0.95,0.7913,0.8141
michael_amir_murillo__pan,Michael Amir Murillo,PAN,DEF,kvalifikation,Kvalifikation,44,28,0,5,1,0,5,8,43.0,11.600000000000001,9.828000000000001,7.2540000000000004,8.06,0.0,1.1800000000000002,0.651,0.0,0.114,0.738,0.0,0.102,0.9,0.5859,0.6642
michael_amir_murillo__pan,Michael Amir Murillo,PAN,DEF,nations_league,Nations League,12,7,0,2,2,0,2,0,10.0,2.48,1.4352000000000003,1.1232000000000002,1.44,0.0,0.2,0.7,0.0,0.167,0.783,0.0,0.081,0.78,0.546,0.6107
michael_amir_murillo__pan,Michael Amir Murillo,PAN,DEF,venskabskamp,Venskabskamp,54,23,0,21,2,0,21,3,52.0,14.200000000000001,7.1136,3.0576000000000003,5.88,0.0,4.68,0.442,0.0,0.389,0.43,0.0,0.33,0.52,0.2298,0.2236
michael_boxall__nzl,Michael Boxall,NZL,DEF,slutrunde,Slutrunde,7,3,0,4,0,0,4,0,7.0,2.2199999999999998,2.2199999999999998,0.30000000000000004,0.30000000000000004,0.0,1.92,0.429,0.0,0.571,0.135,0.0,0.865,1.0,0.429,0.135
michael_boxall__nzl,Michael Boxall,NZL,DEF,kvalifikation,Kvalifikation,37,14,0,13,0,0,13,10,37.0,6.2,5.58,2.286,2.54,0.0,1.8,0.378,0.0,0.351,0.41,0.0,0.29,0.9,0.3402,0.369
michael_boxall__nzl,Michael Boxall,NZL,DEF,oevrig_turnering,Øvrig turnering,3,0,0,3,0,0,3,0,3.0,0.30000000000000004,0.186,0.0,0.0,0.0,0.30000000000000004,0.0,0.0,1.0,0.0,0.0,1.0,0.62,0.0,0.0
michael_boxall__nzl,Michael Boxall,NZL,DEF,venskabskamp,Venskabskamp,59,36,0,5,2,0,5,6,57.0,17.88,8.3408,5.252000000000001,10.1,0.0,0.5,0.632,0.0,0.085,0.63,0.0,0.028,0.52,0.3286,0.3276
michael_gregoritsch__aut,Michael Gregoritsch,AUT,FWD,slutrunde,Slutrunde,8,2,0,0,0,0,0,1,8.0,2.7199999999999998,2.7199999999999998,0.6799999999999999,0.6799999999999999,0.0,0.0,0.25,0.0,0.0,0.25,0.0,0.0,1.0,0.25,0.25
michael_gregoritsch__aut,Michael Gregoritsch,AUT,FWD,kvalifikation,Kvalifikation,47,14,0,3,4,0,3,10,43.0,11.66,9.738000000000001,4.932,5.48,0.0,0.5,0.326,0.0,0.064,0.506,0.0,0.043,0.9,0.2934,0.4554
michael_gregoritsch__aut,Michael Gregoritsch,AUT,FWD,nations_league,Nations League,24,11,0,1,3,0,1,1,21.0,6.04,3.8844000000000003,1.8252000000000002,2.34,0.0,0.48,0.524,0.0,0.042,0.47,0.0,0.079,0.78,0.4087,0.3666
michael_gregoritsch__aut,Michael Gregoritsch,AUT,FWD,venskabskamp,Venskabskamp,26,9,0,4,2,0,4,1,24.0,7.0200000000000005,3.5464,2.0696000000000003,3.98,0.0,0.4,0.375,0.0,0.154,0.584,0.0,0.057,0.52,0.195,0.3037
michael_olise__fra,Michael Olise,FRA,FWD,nations_league_finals,Nations League-slutrunde,4,2,0,0,0,0,0,0,4.0,2.12,2.014,0.9119999999999999,0.96,0.0,0.0,0.5,0.0,0.0,0.453,0.0,0.0,0.95,0.475,0.4304
michael_olise__fra,Michael Olise,FRA,FWD,kvalifikation,Kvalifikation,6,5,0,0,0,0,0,1,6.0,4.08,3.6720000000000006,3.0600000000000005,3.4000000000000004,0.0,0.0,0.833,0.0,0.0,0.833,0.0,0.0,0.9,0.7497,0.7497
michael_olise__fra,Michael Olise,FRA,FWD,nations_league,Nations League,6,3,0,0,0,0,0,2,6.0,2.88,2.2464,1.1232,1.44,0.0,0.0,0.5,0.0,0.0,0.5,0.0,0.0,0.78,0.39,0.39
michael_olise__fra,Michael Olise,FRA,FWD,venskabskamp,Venskabskamp,3,2,0,0,0,0,0,0,3.0,2.84,1.4768000000000001,0.9984000000000001,1.92,0.0,0.0,0.667,0.0,0.0,0.676,0.0,0.0,0.52,0.3468,0.3515
michael_woud__nzl,Michael Woud,NZL,GK,slutrunde,Slutrunde,4,0,0,4,0,0,4,0,4.0,1.92,1.92,0.0,0.0,0.0,1.92,0.0,0.0,1.0,0.0,0.0,1.0,1.0,0.0,0.0
michael_woud__nzl,Michael Woud,NZL,GK,kvalifikation,Kvalifikation,13,0,0,13,0,0,13,0,13.0,3.8,3.42,0.0,0.0,0.0,3.8,0.0,0.0,1.0,0.0,0.0,1.0,0.9,0.0,0.0
michael_woud__nzl,Michael Woud,NZL,GK,oevrig_turnering,Øvrig turnering,3,1,0,0,0,0,0,2,3.0,0.30000000000000004,0.186,0.062,0.1,0.0,0.0,0.333,0.0,0.0,0.333,0.0,0.0,0.62,0.2065,0.2065
michael_woud__nzl,Michael Woud,NZL,GK,venskabskamp,Venskabskamp,37,5,0,20,0,0,20,12,37.0,15.68,8.1536,0.5928000000000001,1.1400000000000001,0.0,9.16,0.135,0.0,0.541,0.073,0.0,0.584,0.52,0.0702,0.038
michal_sadilek__cze,Michal Sadilek,CZE,MID,slutrunde,Slutrunde,8,0,0,4,3,0,4,0,5.0,2.44,1.0,0.0,0.0,0.0,0.8,0.0,0.0,0.5,0.0,0.0,0.328,1.0,0.0,0.0
michal_sadilek__cze,Michal Sadilek,CZE,MID,kvalifikation,Kvalifikation,26,8,0,0,2,0,0,7,24.0,10.6,9.180000000000001,2.3040000000000003,2.56,0.0,0.0,0.333,0.0,0.0,0.251,0.0,0.0,0.9,0.2997,0.2259
michal_sadilek__cze,Michal Sadilek,CZE,MID,nations_league,Nations League,12,4,0,2,6,0,2,0,6.0,4.08,1.3728000000000002,0.6240000000000001,0.8,0.0,0.96,0.667,0.0,0.167,0.455,0.0,0.235,0.78,0.5203,0.3549
michal_sadilek__cze,Michal Sadilek,CZE,MID,venskabskamp,Venskabskamp,17,10,0,1,3,0,1,0,14.0,6.9,3.1304000000000003,2.2880000000000003,4.4,0.0,0.2,0.714,0.0,0.059,0.731,0.0,0.029,0.52,0.3713,0.3801
michel_aebischer__sui,Michel Aebischer,SUI,MID,slutrunde,Slutrunde,14,5,0,5,0,0,5,3,14.0,4.2,4.2,2.4,2.4,0.0,1.0,0.357,0.0,0.357,0.571,0.0,0.238,1.0,0.357,0.571
michel_aebischer__sui,Michel Aebischer,SUI,MID,kvalifikation,Kvalifikation,26,4,0,5,1,0,5,9,25.0,8.64,7.164000000000001,1.6920000000000002,1.8800000000000001,0.0,1.28,0.16,0.0,0.192,0.236,0.0,0.148,0.9,0.144,0.2124
michel_aebischer__sui,Michel Aebischer,SUI,MID,nations_league,Nations League,18,4,0,3,4,0,3,2,14.0,4.68,2.7456000000000005,1.2792000000000001,1.64,0.0,0.4,0.286,0.0,0.167,0.466,0.0,0.085,0.78,0.2231,0.3635
michel_aebischer__sui,Michel Aebischer,SUI,MID,venskabskamp,Venskabskamp,21,6,0,4,1,0,4,2,20.0,8.9,4.5760000000000005,2.2880000000000003,4.4,0.0,0.4,0.3,0.0,0.19,0.5,0.0,0.045,0.52,0.156,0.26
micky_van_de_ven__ned,Micky van de Ven,NED,DEF,slutrunde,Slutrunde,6,0,0,0,0,0,0,2,6.0,2.88,2.88,0.0,0.0,0.0,0.0,0.0,0.0,0.0,0.0,0.0,0.0,1.0,0.0,0.0
micky_van_de_ven__ned,Micky van de Ven,NED,DEF,nations_league_finals,Nations League-slutrunde,2,0,0,2,0,0,2,0,2.0,0.96,0.9119999999999999,0.0,0.0,0.0,0.96,0.0,0.0,1.0,0.0,0.0,1.0,0.95,0.0,0.0
micky_van_de_ven__ned,Micky van de Ven,NED,DEF,kvalifikation,Kvalifikation,13,5,0,0,2,0,0,2,11.0,7.04,5.760000000000001,3.0600000000000005,3.4000000000000004,0.0,0.0,0.455,0.0,0.0,0.531,0.0,0.0,0.9,0.4095,0.4779
micky_van_de_ven__ned,Micky van de Ven,NED,DEF,nations_league,Nations League,6,2,0,1,3,0,1,0,3.0,2.88,1.1232,0.7488,0.96,0.0,0.48,0.667,0.0,0.167,0.667,0.0,0.167,0.78,0.5203,0.5203
micky_van_de_ven__ned,Micky van de Ven,NED,DEF,venskabskamp,Venskabskamp,7,3,0,0,2,0,0,0,5.0,4.44,1.976,1.248,2.4,0.0,0.0,0.6,0.0,0.0,0.632,0.0,0.0,0.52,0.312,0.3286
miguel_almir_n__par,Miguel Almiron,PAR,MID,slutrunde,Slutrunde,15,13,0,1,0,0,1,1,15.0,3.14,3.14,2.84,2.84,0.0,0.2,0.867,0.0,0.067,0.904,0.0,0.064,1.0,0.867,0.904
miguel_almir_n__par,Miguel Almiron,PAR,MID,kvalifikation,Kvalifikation,54,33,0,14,3,0,14,1,51.0,13.18,11.592,8.694,9.66,0.0,2.8200000000000003,0.647,0.0,0.259,0.75,0.0,0.214,0.9,0.5823,0.675
miguel_almir_n__par,Miguel Almiron,PAR,MID,venskabskamp,Venskabskamp,37,23,0,7,2,0,7,1,35.0,10.72,5.4184,4.2952,8.26,0.0,0.9,0.657,0.0,0.189,0.793,0.0,0.084,0.52,0.3416,0.4124
mike_maignan__fra,Mike Maignan,FRA,GK,slutrunde,Slutrunde,17,6,0,0,7,0,0,4,10.0,5.08,3.6799999999999997,2.88,2.88,0.0,0.0,0.6,0.0,0.0,0.783,0.0,0.0,1.0,0.6,0.783
mike_maignan__fra,Mike Maignan,FRA,GK,nations_league_finals,Nations League-slutrunde,6,4,0,0,0,0,0,2,6.0,2.52,2.394,2.014,2.12,0.0,0.0,0.667,0.0,0.0,0.841,0.0,0.0,0.95,0.6337,0.7989
mike_maignan__fra,Mike Maignan,FRA,GK,kvalifikation,Kvalifikation,30,11,0,0,2,0,0,17,28.0,8.5,7.290000000000001,4.572000000000001,5.08,0.0,0.0,0.393,0.0,0.0,0.627,0.0,0.0,0.9,0.3537,0.5643
mike_maignan__fra,Mike Maignan,FRA,GK,nations_league,Nations League,18,9,0,0,1,0,0,8,17.0,4.68,3.4944,2.7144000000000004,3.48,0.0,0.0,0.529,0.0,0.0,0.777,0.0,0.0,0.78,0.4126,0.6061
mike_maignan__fra,Mike Maignan,FRA,GK,venskabskamp,Venskabskamp,16,8,0,0,0,0,0,7,16.0,6.08,3.1616000000000004,2.1008,4.04,0.0,0.0,0.5,0.0,0.0,0.664,0.0,0.0,0.52,0.26,0.3453
mike_penders__bel,Mike Penders,BEL,GK,kvalifikation,Kvalifikation,1,0,0,0,0,0,0,1,1.0,0.68,0.6120000000000001,0.0,0.0,0.0,0.0,0.0,0.0,0.0,0.0,0.0,0.0,0.9,0.0,0.0
mike_penders__bel,Mike Penders,BEL,GK,venskabskamp,Venskabskamp,2,0,0,0,0,0,0,2,2.0,2.0,1.04,0.0,0.0,0.0,0.0,0.0,0.0,0.0,0.0,0.0,0.0,0.52,0.0,0.0
mikel_merino__esp,Mikel Merino,ESP,MID,slutrunde,Slutrunde,18,1,0,10,1,0,10,0,17.0,6.28,5.36,0.48,0.48,0.0,2.0,0.059,0.0,0.556,0.09,0.0,0.318,1.0,0.059,0.09
mikel_merino__esp,Mikel Merino,ESP,MID,nations_league_finals,Nations League-slutrunde,8,2,0,0,0,0,0,0,8.0,3.16,3.002,0.76,0.8,0.0,0.0,0.25,0.0,0.0,0.253,0.0,0.0,0.95,0.2375,0.2403
mikel_merino__esp,Mikel Merino,ESP,MID,kvalifikation,Kvalifikation,22,11,0,5,0,0,5,2,22.0,7.7,6.930000000000001,4.896000000000001,5.44,0.0,0.7000000000000001,0.5,0.0,0.227,0.706,0.0,0.091,0.9,0.45,0.6354
mikel_merino__esp,Mikel Merino,ESP,MID,nations_league,Nations League,18,6,0,6,2,0,6,2,16.0,4.68,2.9016,1.0608,1.3599999999999999,0.0,1.2000000000000002,0.375,0.0,0.333,0.366,0.0,0.256,0.78,0.2925,0.2855
mikel_merino__esp,Mikel Merino,ESP,MID,venskabskamp,Venskabskamp,14,1,0,6,2,0,6,2,12.0,5.54,1.9240000000000002,0.16640000000000002,0.32,0.0,1.0,0.083,0.0,0.429,0.086,0.0,0.181,0.52,0.0432,0.0447
mikel_oyarzabal__esp,Mikel Oyarzabal,ESP,FWD,slutrunde,Slutrunde,26,2,0,9,4,0,9,0,22.0,7.08,6.28,0.6799999999999999,0.6799999999999999,0.0,1.7200000000000002,0.091,0.0,0.346,0.108,0.0,0.243,1.0,0.091,0.108
mikel_oyarzabal__esp,Mikel Oyarzabal,ESP,FWD,nations_league_finals,Nations League-slutrunde,8,5,0,2,0,0,2,0,8.0,3.16,3.002,1.938,2.04,0.0,0.64,0.625,0.0,0.25,0.646,0.0,0.203,0.95,0.5938,0.6137
mikel_oyarzabal__esp,Mikel Oyarzabal,ESP,FWD,kvalifikation,Kvalifikation,42,12,0,17,3,0,17,3,39.0,9.700000000000001,8.082,4.698,5.220000000000001,0.0,2.44,0.308,0.0,0.405,0.581,0.0,0.252,0.9,0.2772,0.5229
mikel_oyarzabal__esp,Mikel Oyarzabal,ESP,FWD,nations_league,Nations League,22,5,0,6,8,0,6,0,14.0,5.08,2.8704,1.2792000000000001,1.64,0.0,1.3599999999999999,0.357,0.0,0.273,0.446,0.0,0.268,0.78,0.2785,0.3479
mikel_oyarzabal__esp,Mikel Oyarzabal,ESP,FWD,venskabskamp,Venskabskamp,29,2,0,18,3,0,18,2,26.0,7.04,3.3488,0.6448,1.24,0.0,2.8000000000000003,0.077,0.0,0.621,0.193,0.0,0.398,0.52,0.04,0.1004
milad_mohammadi__irn,Milad Mohammadi,IRN,DEF,slutrunde,Slutrunde,25,9,0,7,0,0,7,6,25.0,7.1000000000000005,7.1000000000000005,1.6400000000000001,1.6400000000000001,0.0,3.68,0.36,0.0,0.28,0.231,0.0,0.518,1.0,0.36,0.231
milad_mohammadi__irn,Milad Mohammadi,IRN,DEF,kvalifikation,Kvalifikation,52,31,0,2,0,0,1,14,52.0,12.14,10.926,7.164000000000001,7.96,0.0,0.78,0.596,0.0,0.038,0.656,0.0,0.064,0.9,0.5364,0.5904
milad_mohammadi__irn,Milad Mohammadi,IRN,DEF,venskabskamp,Venskabskamp,46,19,0,8,3,0,8,8,43.0,11.940000000000001,6.0528,3.1928,6.140000000000001,0.0,1.78,0.442,0.0,0.174,0.527,0.0,0.149,0.52,0.2298,0.274
miles_robinson__usa,Miles Robinson,USA,DEF,slutrunde,Slutrunde,24,9,0,0,4,0,0,9,20.0,9.120000000000001,8.32,2.16,2.16,0.0,0.0,0.45,0.0,0.0,0.26,0.0,0.0,1.0,0.45,0.26
miles_robinson__usa,Miles Robinson,USA,DEF,nations_league_finals,Nations League-slutrunde,12,2,0,2,2,0,2,6,10.0,4.14,3.021,0.608,0.64,0.0,0.30000000000000004,0.2,0.0,0.167,0.201,0.0,0.072,0.95,0.19,0.191
miles_robinson__usa,Miles Robinson,USA,DEF,kvalifikation,Kvalifikation,14,11,0,1,0,0,1,2,14.0,2.8000000000000003,2.5200000000000005,1.9800000000000002,2.2,0.0,0.2,0.786,0.0,0.071,0.786,0.0,0.071,0.9,0.7074,0.7074
miles_robinson__usa,Miles Robinson,USA,DEF,nations_league,Nations League,8,1,0,1,5,0,1,1,3.0,1.2000000000000002,0.39000000000000007,0.15600000000000003,0.2,0.0,0.2,0.333,0.0,0.125,0.4,0.0,0.167,0.78,0.2597,0.312
miles_robinson__usa,Miles Robinson,USA,DEF,venskabskamp,Venskabskamp,44,12,0,11,11,0,11,7,33.0,17.52,6.7704,3.2344,6.22,0.0,2.16,0.364,0.0,0.25,0.478,0.0,0.123,0.52,0.1893,0.2486
milo_degenek__aus,Milos Degenek,AUS,DEF,slutrunde,Slutrunde,20,9,0,1,4,0,1,4,16.0,3.5,2.22,1.1,1.1,0.0,0.32,0.562,0.0,0.05,0.495,0.0,0.091,1.0,0.562,0.495
milo_degenek__aus,Milos Degenek,AUS,DEF,kvalifikation,Kvalifikation,50,21,0,10,6,0,10,9,44.0,12.14,9.306000000000001,3.636,4.04,0.0,3.36,0.477,0.0,0.2,0.391,0.0,0.277,0.9,0.4293,0.3519
milo_degenek__aus,Milos Degenek,AUS,DEF,venskabskamp,Venskabskamp,33,14,0,2,1,0,2,9,32.0,11.82,5.98,2.3920000000000003,4.6000000000000005,0.0,0.42000000000000004,0.438,0.0,0.061,0.4,0.0,0.036,0.52,0.2278,0.208
kim_min_jae__kor,Min-jae Kim,KOR,DEF,slutrunde,Slutrunde,30,16,0,10,3,0,9,1,27.0,6.760000000000001,6.46,3.0,3.0,0.0,3.2600000000000002,0.593,0.0,0.333,0.464,0.0,0.482,1.0,0.593,0.464
kim_min_jae__kor,Min-jae Kim,KOR,DEF,kvalifikation,Kvalifikation,35,27,0,1,6,0,0,0,29.0,10.34,6.534000000000001,6.174,6.86,0.0,0.2,0.931,0.0,0.029,0.945,0.0,0.019,0.9,0.8379,0.8505
kim_min_jae__kor,Min-jae Kim,KOR,DEF,venskabskamp,Venskabskamp,57,30,0,11,9,0,9,2,48.0,15.260000000000002,7.259200000000001,5.356000000000001,10.3,0.0,1.84,0.625,0.0,0.193,0.738,0.0,0.121,0.52,0.325,0.3838
miro_muheim__sui,Miro Muheim,SUI,DEF,kvalifikation,Kvalifikation,6,0,0,0,0,0,0,3,6.0,4.08,3.6720000000000006,0.0,0.0,0.0,0.0,0.0,0.0,0.0,0.0,0.0,0.0,0.9,0.0,0.0
miro_muheim__sui,Miro Muheim,SUI,DEF,nations_league,Nations League,2,1,0,0,0,0,0,1,2.0,0.96,0.7488,0.3744,0.48,0.0,0.0,0.5,0.0,0.0,0.5,0.0,0.0,0.78,0.39,0.39
miro_muheim__sui,Miro Muheim,SUI,DEF,venskabskamp,Venskabskamp,8,1,0,0,0,0,0,2,8.0,6.16,3.2032000000000003,0.2496,0.48,0.0,0.0,0.125,0.0,0.0,0.078,0.0,0.0,0.52,0.065,0.0406
mohamed_abdelmonem__egy,Mohamed Abdelmonem,EGY,DEF,slutrunde,Slutrunde,27,11,0,0,10,0,0,4,17.0,12.21,3.8800000000000003,2.68,2.68,0.0,0.0,0.647,0.0,0.0,0.691,0.0,0.0,1.0,0.647,0.691
mohamed_abdelmonem__egy,Mohamed Abdelmonem,EGY,DEF,kvalifikation,Kvalifikation,24,13,0,5,5,0,5,1,19.0,10.0,6.372,4.284,4.76,0.0,2.12,0.684,0.0,0.208,0.672,0.0,0.212,0.9,0.6156,0.6048
mohamed_abdelmonem__egy,Mohamed Abdelmonem,EGY,DEF,venskabskamp,Venskabskamp,18,7,0,3,4,0,3,1,14.0,9.09,3.4736000000000002,1.4560000000000002,2.8,0.0,0.8400000000000001,0.5,0.0,0.167,0.419,0.0,0.092,0.52,0.26,0.2179
mohamed_al_mannai__qat,Mohamed Al-Mannai,QAT,MID,slutrunde,Slutrunde,3,3,0,0,0,0,0,0,3.0,2.21,2.21,2.21,2.21,0.0,0.0,1.0,0.0,0.0,1.0,0.0,0.0,1.0,1.0,1.0
mohamed_al_mannai__qat,Mohamed Al-Mannai,QAT,MID,kvalifikation,Kvalifikation,3,2,0,0,0,0,0,0,3.0,2.04,1.8360000000000003,1.2240000000000002,1.36,0.0,0.0,0.667,0.0,0.0,0.667,0.0,0.0,0.9,0.6003,0.6003
mohamed_al_mannai__qat,Mohamed Al-Mannai,QAT,MID,venskabskamp,Venskabskamp,5,0,0,0,0,0,0,0,5.0,4.04,2.1008,0.0,0.0,0.0,0.0,0.0,0.0,0.0,0.0,0.0,0.0,0.52,0.0,0.0
mohamed_alaa__egy,Mohamed Alaa,EGY,GK,venskabskamp,Venskabskamp,4,0,0,0,0,0,0,4,4.0,3.84,1.9968000000000001,0.0,0.0,0.0,0.0,0.0,0.0,0.0,0.0,0.0,0.0,0.52,0.0,0.0
mohamed_amine_ben_hamida__tun,Mohamed Amine Ben Hamida,TUN,DEF,slutrunde,Slutrunde,24,6,0,13,2,0,13,2,22.0,9.370000000000001,8.97,1.2000000000000002,1.2000000000000002,0.0,6.04,0.273,0.0,0.542,0.134,0.0,0.645,1.0,0.273,0.134
mohamed_amine_ben_hamida__tun,Mohamed Amine Ben Hamida,TUN,DEF,kvalifikation,Kvalifikation,24,2,0,20,0,0,20,2,24.0,10.0,9.0,0.864,0.96,0.0,7.68,0.083,0.0,0.833,0.096,0.0,0.768,0.9,0.0747,0.0864
mohamed_amine_ben_hamida__tun,Mohamed Amine Ben Hamida,TUN,DEF,venskabskamp,Venskabskamp,24,2,0,18,0,0,18,2,24.0,12.13,6.307600000000001,0.9984000000000001,1.92,0.0,6.930000000000001,0.083,0.0,0.75,0.158,0.0,0.571,0.52,0.0432,0.0822
mohamed_amoura__alg,Mohamed Amoura,ALG,FWD,slutrunde,Slutrunde,32,5,0,20,2,0,19,4,30.0,14.84,13.48,3.7199999999999998,3.7199999999999998,0.0,7.99,0.167,0.0,0.625,0.276,0.0,0.538,1.0,0.167,0.276
mohamed_amoura__alg,Mohamed Amoura,ALG,FWD,kvalifikation,Kvalifikation,28,11,0,3,1,0,3,2,27.0,10.8,9.288,5.184,5.76,0.0,0.88,0.407,0.0,0.107,0.558,0.0,0.081,0.9,0.3663,0.5022
mohamed_amoura__alg,Mohamed Amoura,ALG,FWD,venskabskamp,Venskabskamp,22,5,0,1,3,0,1,1,19.0,9.68,3.9728000000000003,1.6848,3.24,0.0,0.2,0.263,0.0,0.045,0.424,0.0,0.021,0.52,0.1368,0.2205
mohamed_hany__egy,Mohamed Hany,EGY,DEF,slutrunde,Slutrunde,40,9,0,30,0,0,28,1,40.0,13.51,13.51,6.06,6.06,0.0,7.13,0.225,0.0,0.75,0.449,0.0,0.528,1.0,0.225,0.449
mohamed_hany__egy,Mohamed Hany,EGY,DEF,kvalifikation,Kvalifikation,51,19,0,21,5,0,21,6,46.0,13.3,10.152000000000001,6.6240000000000006,7.36,0.0,3.1,0.413,0.0,0.412,0.652,0.0,0.233,0.9,0.3717,0.5868
mohamed_hany__egy,Mohamed Hany,EGY,DEF,venskabskamp,Venskabskamp,37,12,0,21,0,0,20,2,37.0,11.09,5.766800000000001,3.8636000000000004,7.430000000000001,0.0,3.04,0.324,0.0,0.568,0.67,0.0,0.274,0.52,0.1685,0.3484
mohamed_kanno__ksa,Mohamed Kanno,KSA,MID,slutrunde,Slutrunde,44,17,0,18,0,0,18,3,44.0,14.35,14.35,7.01,7.01,0.0,5.470000000000001,0.386,0.0,0.409,0.489,0.0,0.381,1.0,0.386,0.489
mohamed_kanno__ksa,Mohamed Kanno,KSA,MID,kvalifikation,Kvalifikation,36,19,0,13,2,0,11,0,34.0,11.6,9.576,5.238,5.82,0.0,3.66,0.559,0.0,0.361,0.547,0.0,0.316,0.9,0.5031,0.4923
mohamed_kanno__ksa,Mohamed Kanno,KSA,MID,venskabskamp,Venskabskamp,44,22,0,9,0,0,9,5,44.0,12.040000000000001,6.260800000000001,4.492800000000001,8.64,0.0,1.58,0.5,0.0,0.205,0.718,0.0,0.131,0.52,0.26,0.3734
mohamed_kone__civ,Mohamed Kone,CIV,GK,slutrunde,Slutrunde,5,0,0,0,0,0,0,5,5.0,4.25,4.25,0.0,0.0,0.0,0.0,0.0,0.0,0.0,0.0,0.0,0.0,1.0,0.0,0.0
mohamed_kone__civ,Mohamed Kone,CIV,GK,kvalifikation,Kvalifikation,16,0,0,0,2,0,0,14,14.0,7.92,6.264,0.0,0.0,0.0,0.0,0.0,0.0,0.0,0.0,0.0,0.0,0.9,0.0,0.0
mohamed_kone__civ,Mohamed Kone,CIV,GK,venskabskamp,Venskabskamp,13,0,0,0,0,0,0,13,13.0,7.0,3.64,0.0,0.0,0.0,0.0,0.0,0.0,0.0,0.0,0.0,0.0,0.52,0.0,0.0
mohamed_rabie_hrimat__mar,Mohamed Rabie Hrimat,MAR,MID,slutrunde,Slutrunde,20,13,0,7,0,0,7,0,20.0,15.64,15.64,9.69,9.69,0.0,5.95,0.65,0.0,0.35,0.62,0.0,0.38,1.0,0.65,0.62
mohamed_rabie_hrimat__mar,Mohamed Rabie Hrimat,MAR,MID,kvalifikation,Kvalifikation,3,0,0,3,0,0,3,0,3.0,2.04,1.8360000000000003,0.0,0.0,0.0,2.04,0.0,0.0,1.0,0.0,0.0,1.0,0.9,0.0,0.0
mohamed_rabie_hrimat__mar,Mohamed Rabie Hrimat,MAR,MID,venskabskamp,Venskabskamp,5,1,0,3,0,0,3,0,5.0,3.8800000000000003,2.0176000000000003,0.47840000000000005,0.92,0.0,2.04,0.2,0.0,0.6,0.237,0.0,0.526,0.52,0.104,0.1232
mohamed_salah__egy,Mohamed Salah,EGY,FWD,slutrunde,Slutrunde,40,27,0,9,2,0,9,2,38.0,13.51,12.87,8.34,8.34,0.0,3.58,0.711,0.0,0.225,0.648,0.0,0.265,1.0,0.711,0.648
mohamed_salah__egy,Mohamed Salah,EGY,FWD,kvalifikation,Kvalifikation,73,56,0,9,7,0,9,0,66.0,15.5,13.32,10.404000000000002,11.56,0.0,3.04,0.848,0.0,0.123,0.781,0.0,0.196,0.9,0.7632,0.7029
mohamed_salah__egy,Mohamed Salah,EGY,FWD,venskabskamp,Venskabskamp,66,26,0,28,5,0,27,3,61.0,13.99,6.162000000000001,2.2152000000000003,4.26,0.0,5.99,0.426,0.0,0.424,0.359,0.0,0.428,0.52,0.2215,0.1867
mohamed_toure__aus,Mohamed Toure,AUS,FWD,slutrunde,Slutrunde,5,0,0,5,0,0,5,0,5.0,1.6,1.6,0.0,0.0,0.0,1.6,0.0,0.0,1.0,0.0,0.0,1.0,1.0,0.0,0.0
mohamed_toure__aus,Mohamed Toure,AUS,FWD,kvalifikation,Kvalifikation,16,0,0,15,0,0,15,0,16.0,7.24,6.516,0.0,0.0,0.0,6.56,0.0,0.0,0.938,0.0,0.0,0.906,0.9,0.0,0.0
mohamed_toure__aus,Mohamed Toure,AUS,FWD,venskabskamp,Venskabskamp,13,5,0,1,2,0,1,1,11.0,8.88,3.6608,1.9344000000000001,3.72,0.0,0.32,0.455,0.0,0.077,0.528,0.0,0.036,0.52,0.2366,0.2746
mohamed_zeki_amdouni__sui,Mohamed Zeki Amdouni,SUI,FWD,slutrunde,Slutrunde,9,0,0,4,0,0,4,1,9.0,3.2,3.2,0.0,0.0,0.0,0.8,0.0,0.0,0.444,0.0,0.0,0.25,1.0,0.0,0.0
mohamed_zeki_amdouni__sui,Mohamed Zeki Amdouni,SUI,FWD,kvalifikation,Kvalifikation,16,6,0,0,6,0,0,0,10.0,7.04,2.664,1.62,1.8,0.0,0.0,0.6,0.0,0.0,0.608,0.0,0.0,0.9,0.54,0.5472
mohamed_zeki_amdouni__sui,Mohamed Zeki Amdouni,SUI,FWD,nations_league,Nations League,9,5,0,1,0,0,1,1,9.0,3.48,2.7144000000000004,1.872,2.4,0.0,0.2,0.556,0.0,0.111,0.69,0.0,0.057,0.78,0.4337,0.5382
mohamed_zeki_amdouni__sui,Mohamed Zeki Amdouni,SUI,FWD,venskabskamp,Venskabskamp,13,3,0,2,3,0,2,0,10.0,7.8,2.8496,0.936,1.8,0.0,0.6799999999999999,0.3,0.0,0.154,0.328,0.0,0.087,0.52,0.156,0.1706
mohammad_abu_shararh_zrayq__jor,Mohammad Abu 'Shararh' Zrayq,JOR,MID,slutrunde,Slutrunde,20,4,0,4,0,0,4,8,20.0,8.27,8.27,2.1,2.1,0.0,1.1600000000000001,0.2,0.0,0.2,0.254,0.0,0.14,1.0,0.2,0.254
mohammad_abu_shararh_zrayq__jor,Mohammad Abu 'Shararh' Zrayq,JOR,MID,kvalifikation,Kvalifikation,28,1,0,10,6,0,10,3,22.0,9.14,7.002000000000001,0.18000000000000002,0.2,0.0,3.26,0.045,0.0,0.357,0.026,0.0,0.357,0.9,0.0405,0.0234
mohammad_abu_shararh_zrayq__jor,Mohammad Abu 'Shararh' Zrayq,JOR,MID,venskabskamp,Venskabskamp,43,6,0,9,8,0,9,10,35.0,13.600000000000001,5.751200000000001,0.7176,1.3800000000000001,0.0,1.74,0.171,0.0,0.209,0.125,0.0,0.128,0.52,0.0889,0.065
mohammad_abu_hasheesh__jor,Mohammad Abu Hasheesh,JOR,MID,slutrunde,Slutrunde,17,7,0,0,0,0,0,5,17.0,7.97,7.97,2.29,2.29,0.0,0.0,0.412,0.0,0.0,0.287,0.0,0.0,1.0,0.412,0.287
mohammad_abu_hasheesh__jor,Mohammad Abu Hasheesh,JOR,MID,kvalifikation,Kvalifikation,19,6,0,1,0,0,1,5,19.0,7.84,7.056,2.052,2.28,0.0,0.32,0.316,0.0,0.053,0.291,0.0,0.041,0.9,0.2844,0.2619
mohammad_abu_hasheesh__jor,Mohammad Abu Hasheesh,JOR,MID,venskabskamp,Venskabskamp,29,18,0,4,0,0,4,4,29.0,12.200000000000001,6.344,3.3072000000000004,6.36,0.0,1.3599999999999999,0.621,0.0,0.138,0.521,0.0,0.111,0.52,0.3229,0.2709
mohammad_abualnadi__jor,Mohammad Abualnadi,JOR,DEF,slutrunde,Slutrunde,6,0,0,6,0,0,6,0,6.0,4.93,4.93,0.0,0.0,0.0,4.93,0.0,0.0,1.0,0.0,0.0,1.0,1.0,0.0,0.0
mohammad_abualnadi__jor,Mohammad Abualnadi,JOR,DEF,kvalifikation,Kvalifikation,10,6,0,1,0,0,1,2,10.0,5.0,4.5,2.592,2.88,0.0,0.68,0.6,0.0,0.1,0.576,0.0,0.136,0.9,0.54,0.5184
mohammad_abualnadi__jor,Mohammad Abualnadi,JOR,DEF,venskabskamp,Venskabskamp,9,6,0,1,0,0,1,2,9.0,6.92,3.5984000000000003,2.4128000000000003,4.640000000000001,0.0,0.68,0.667,0.0,0.111,0.671,0.0,0.098,0.52,0.3468,0.3489
mohammad_al_dawoud__jor,Mohammad Al-Dawoud,JOR,MID,slutrunde,Slutrunde,27,0,0,24,0,0,24,2,27.0,8.97,8.97,0.0,0.0,0.0,8.67,0.0,0.0,0.889,0.0,0.0,0.967,1.0,0.0,0.0
mohammad_al_dawoud__jor,Mohammad Al-Dawoud,JOR,MID,kvalifikation,Kvalifikation,42,0,0,40,0,0,40,1,42.0,10.540000000000001,9.486,0.0,0.0,0.0,9.96,0.0,0.0,0.952,0.0,0.0,0.945,0.9,0.0,0.0
mohammad_al_dawoud__jor,Mohammad Al-Dawoud,JOR,MID,venskabskamp,Venskabskamp,77,1,0,71,0,0,71,2,77.0,17.0,8.84,0.052000000000000005,0.1,0.0,13.860000000000001,0.013,0.0,0.922,0.006,0.0,0.815,0.52,0.0068,0.0031
mohammed_ghorbani__irn,Mohammad Ghorbani,IRN,MID,slutrunde,Slutrunde,4,2,0,2,0,0,2,0,4.0,2.72,2.72,1.36,1.36,0.0,1.36,0.5,0.0,0.5,0.5,0.0,0.5,1.0,0.5,0.5
mohammed_ghorbani__irn,Mohammad Ghorbani,IRN,MID,kvalifikation,Kvalifikation,14,2,0,1,0,0,1,6,14.0,6.6,5.94,0.72,0.8,0.0,0.48,0.143,0.0,0.071,0.121,0.0,0.073,0.9,0.1287,0.1089
mohammed_ghorbani__irn,Mohammad Ghorbani,IRN,MID,venskabskamp,Venskabskamp,9,3,0,0,0,0,0,2,9.0,6.760000000000001,3.5152,1.1856,2.2800000000000002,0.0,0.0,0.333,0.0,0.0,0.337,0.0,0.0,0.52,0.1732,0.1752
mohammad_khalife__irn,Mohammad Khalife,IRN,GK,venskabskamp,Venskabskamp,7,0,0,5,0,0,5,2,7.0,5.5600000000000005,2.8912000000000004,0.0,0.0,0.0,3.8800000000000003,0.0,0.0,0.714,0.0,0.0,0.698,0.52,0.0,0.0
mohammad_mohebi__irn,Mohammad Mohebi,IRN,FWD,slutrunde,Slutrunde,16,5,0,4,0,0,4,1,16.0,6.2,6.2,2.3200000000000003,2.3200000000000003,0.0,1.28,0.312,0.0,0.25,0.374,0.0,0.206,1.0,0.312,0.374
mohammad_mohebi__irn,Mohammad Mohebi,IRN,FWD,kvalifikation,Kvalifikation,33,12,0,17,4,0,16,0,29.0,10.24,7.488,3.5820000000000003,3.98,0.0,4.34,0.414,0.0,0.515,0.478,0.0,0.424,0.9,0.3726,0.4302
mohammad_mohebi__irn,Mohammad Mohebi,IRN,FWD,venskabskamp,Venskabskamp,22,11,0,9,1,0,9,0,21.0,9.540000000000001,4.607200000000001,3.2448,6.24,0.0,2.3000000000000003,0.524,0.0,0.409,0.704,0.0,0.241,0.52,0.2725,0.3661
mohammed_al_rubaie_al_yami__ksa,Mohammed Al-Rubaie Al-Yami,KSA,GK,slutrunde,Slutrunde,39,1,0,20,0,0,20,18,39.0,13.85,13.85,0.2,0.2,0.0,10.47,0.026,0.0,0.513,0.014,0.0,0.756,1.0,0.026,0.014
mohammed_al_rubaie_al_yami__ksa,Mohammed Al-Rubaie Al-Yami,KSA,GK,kvalifikation,Kvalifikation,36,2,0,18,0,0,18,16,36.0,11.6,10.440000000000001,0.36000000000000004,0.4,0.0,5.7,0.056,0.0,0.5,0.034,0.0,0.491,0.9,0.0504,0.0306
mohammed_al_rubaie_al_yami__ksa,Mohammed Al-Rubaie Al-Yami,KSA,GK,venskabskamp,Venskabskamp,32,3,0,6,0,0,6,23,32.0,9.040000000000001,4.7008,0.20800000000000002,0.4,0.0,0.7000000000000001,0.094,0.0,0.188,0.044,0.0,0.077,0.52,0.0489,0.0229
mohammed_muntari__qat,Mohammed Muntari,QAT,FWD,slutrunde,Slutrunde,55,6,0,14,7,0,14,4,48.0,12.77,10.530000000000001,1.02,1.02,0.0,1.8,0.125,0.0,0.255,0.097,0.0,0.141,1.0,0.125,0.097
mohammed_muntari__qat,Mohammed Muntari,QAT,FWD,kvalifikation,Kvalifikation,44,6,0,22,6,0,22,2,38.0,11.3,7.8660000000000005,0.6300000000000001,0.7000000000000001,0.0,3.72,0.158,0.0,0.5,0.08,0.0,0.329,0.9,0.1422,0.072
mohammed_muntari__qat,Mohammed Muntari,QAT,FWD,venskabskamp,Venskabskamp,68,14,0,37,0,0,37,5,68.0,12.82,6.6664,1.5496,2.98,0.0,4.94,0.206,0.0,0.544,0.232,0.0,0.385,0.52,0.1071,0.1206
mohammed_sulaiman__ksa,Mohammed Sulaiman,KSA,DEF,slutrunde,Slutrunde,10,2,0,0,0,0,0,7,10.0,7.65,7.65,1.7,1.7,0.0,0.0,0.2,0.0,0.0,0.222,0.0,0.0,1.0,0.2,0.222
mohammed_sulaiman__ksa,Mohammed Sulaiman,KSA,DEF,kvalifikation,Kvalifikation,2,0,0,1,0,0,1,1,2.0,1.36,1.2240000000000002,0.0,0.0,0.0,0.68,0.0,0.0,0.5,0.0,0.0,0.5,0.9,0.0,0.0
mohammed_sulaiman__ksa,Mohammed Sulaiman,KSA,DEF,venskabskamp,Venskabskamp,4,2,0,0,0,0,0,1,4.0,2.72,1.4144,0.7072,1.36,0.0,0.0,0.5,0.0,0.0,0.5,0.0,0.0,0.52,0.26,0.26
mohammed_waad__qat,Mohammed Waad,QAT,MID,slutrunde,Slutrunde,49,17,0,15,3,0,15,8,46.0,12.17,10.73,5.49,5.49,0.0,1.7200000000000002,0.37,0.0,0.306,0.512,0.0,0.141,1.0,0.37,0.512
mohammed_waad__qat,Mohammed Waad,QAT,MID,kvalifikation,Kvalifikation,26,5,0,10,2,0,10,4,24.0,9.5,7.686000000000001,1.674,1.8599999999999999,0.0,3.3000000000000003,0.208,0.0,0.385,0.218,0.0,0.347,0.9,0.1872,0.1962
mohammed_waad__qat,Mohammed Waad,QAT,MID,venskabskamp,Venskabskamp,34,13,0,7,0,0,7,10,34.0,7.62,3.9624,1.2584000000000002,2.42,0.0,2.2800000000000002,0.382,0.0,0.206,0.318,0.0,0.299,0.52,0.1986,0.1654
mohanad_ali__irq,Mohanad Ali,IRQ,FWD,slutrunde,Slutrunde,36,12,0,10,3,0,10,4,33.0,9.25,8.65,3.88,3.88,0.0,1.5,0.364,0.0,0.278,0.449,0.0,0.162,1.0,0.364,0.449
mohanad_ali__irq,Mohanad Ali,IRQ,FWD,kvalifikation,Kvalifikation,39,14,0,0,8,0,0,4,31.0,13.98,11.142000000000001,3.9780000000000006,4.42,0.0,0.0,0.452,0.0,0.0,0.357,0.0,0.0,0.9,0.4068,0.3213
mohanad_ali__irq,Mohanad Ali,IRQ,FWD,venskabskamp,Venskabskamp,38,12,0,12,2,0,12,1,36.0,8.780000000000001,4.357600000000001,1.3208000000000002,2.54,0.0,2.3600000000000003,0.333,0.0,0.316,0.303,0.0,0.269,0.52,0.1732,0.1576
mohanad_lasheen__egy,Mohanad Lasheen,EGY,MID,slutrunde,Slutrunde,27,3,0,5,1,0,4,11,26.0,12.21,11.36,1.9,1.9,0.0,2.9,0.115,0.0,0.185,0.167,0.0,0.238,1.0,0.115,0.167
mohanad_lasheen__egy,Mohanad Lasheen,EGY,MID,kvalifikation,Kvalifikation,28,1,0,22,0,0,22,1,28.0,10.8,9.72,0.6120000000000001,0.68,0.0,7.56,0.036,0.0,0.786,0.063,0.0,0.7,0.9,0.0324,0.0567
mohanad_lasheen__egy,Mohanad Lasheen,EGY,MID,venskabskamp,Venskabskamp,19,5,0,10,0,0,10,1,19.0,9.290000000000001,4.8308,1.7888000000000002,3.44,0.0,3.56,0.263,0.0,0.526,0.37,0.0,0.383,0.52,0.1368,0.1924
mohannad_abu_taha__jor,Mohannad Abu Taha,JOR,MID,slutrunde,Slutrunde,13,5,0,6,0,0,6,1,13.0,7.17,7.17,4.08,4.08,0.0,1.92,0.385,0.0,0.462,0.569,0.0,0.268,1.0,0.385,0.569
mohannad_abu_taha__jor,Mohannad Abu Taha,JOR,MID,kvalifikation,Kvalifikation,16,8,0,2,0,0,2,3,16.0,7.24,6.516,3.636,4.04,0.0,0.64,0.5,0.0,0.125,0.558,0.0,0.088,0.9,0.45,0.5022
mohannad_abu_taha__jor,Mohannad Abu Taha,JOR,MID,venskabskamp,Venskabskamp,12,6,0,5,0,0,5,0,12.0,8.200000000000001,4.264,2.2256,4.28,0.0,3.0,0.5,0.0,0.417,0.522,0.0,0.366,0.52,0.26,0.2714
mohau_nkota__rsa,Mohau Nkota,RSA,FWD,slutrunde,Slutrunde,8,1,0,4,0,0,4,2,8.0,6.12,6.12,0.85,0.85,0.0,2.72,0.125,0.0,0.5,0.139,0.0,0.444,1.0,0.125,0.139
mohau_nkota__rsa,Mohau Nkota,RSA,FWD,kvalifikation,Kvalifikation,4,3,0,0,0,0,0,0,4.0,2.72,2.4480000000000004,1.8360000000000003,2.04,0.0,0.0,0.75,0.0,0.0,0.75,0.0,0.0,0.9,0.675,0.675
mohau_nkota__rsa,Mohau Nkota,RSA,FWD,venskabskamp,Venskabskamp,3,1,0,0,0,0,0,0,3.0,2.04,1.0608,0.3536,0.68,0.0,0.0,0.333,0.0,0.0,0.333,0.0,0.0,0.52,0.1732,0.1732
mois_s_caicedo__ecu,Moises Caicedo,ECU,MID,slutrunde,Slutrunde,12,11,0,0,0,0,0,0,12.0,3.52,3.52,3.32,3.32,0.0,0.0,0.917,0.0,0.0,0.943,0.0,0.0,1.0,0.917,0.943
mois_s_caicedo__ecu,Moises Caicedo,ECU,MID,kvalifikation,Kvalifikation,36,31,0,5,0,0,2,0,36.0,11.38,10.242,8.748000000000001,9.72,0.0,1.6600000000000001,0.861,0.0,0.139,0.854,0.0,0.146,0.9,0.7749,0.7686
mois_s_caicedo__ecu,Moises Caicedo,ECU,MID,venskabskamp,Venskabskamp,25,16,0,7,0,0,7,1,25.0,10.38,5.397600000000001,3.3904,6.5200000000000005,0.0,3.06,0.64,0.0,0.28,0.628,0.0,0.295,0.52,0.3328,0.3266
moises_ramirez__ecu,Moises Ramirez,ECU,GK,slutrunde,Slutrunde,7,0,0,0,0,0,0,7,7.0,2.52,2.52,0.0,0.0,0.0,0.0,0.0,0.0,0.0,0.0,0.0,0.0,1.0,0.0,0.0
moises_ramirez__ecu,Moises Ramirez,ECU,GK,kvalifikation,Kvalifikation,30,4,0,4,0,0,4,22,30.0,10.68,9.612,0.9360000000000002,1.04,0.0,1.04,0.133,0.0,0.133,0.097,0.0,0.097,0.9,0.1197,0.0873
moises_ramirez__ecu,Moises Ramirez,ECU,GK,venskabskamp,Venskabskamp,24,3,0,6,0,0,6,15,24.0,10.280000000000001,5.3456,0.7904,1.52,0.0,2.16,0.125,0.0,0.25,0.148,0.0,0.21,0.52,0.065,0.077
mojmir_chytil__cze,Mojmir Chytil,CZE,FWD,slutrunde,Slutrunde,3,1,0,0,0,0,0,0,3.0,1.44,1.44,0.48,0.48,0.0,0.0,0.333,0.0,0.0,0.333,0.0,0.0,1.0,0.333,0.333
mojmir_chytil__cze,Mojmir Chytil,CZE,FWD,kvalifikation,Kvalifikation,18,2,0,8,0,0,5,0,18.0,9.200000000000001,8.280000000000001,0.5760000000000001,0.64,0.0,4.680000000000001,0.111,0.0,0.444,0.07,0.0,0.509,0.9,0.0999,0.063
mojmir_chytil__cze,Mojmir Chytil,CZE,FWD,nations_league,Nations League,6,0,0,5,0,0,5,0,6.0,2.88,2.2464,0.0,0.0,0.0,2.4,0.0,0.0,0.833,0.0,0.0,0.833,0.78,0.0,0.0
mojmir_chytil__cze,Mojmir Chytil,CZE,FWD,venskabskamp,Venskabskamp,12,6,0,2,0,0,2,2,12.0,6.0,3.12,1.3728,2.64,0.0,1.36,0.5,0.0,0.167,0.44,0.0,0.227,0.52,0.26,0.2288
montassar_talbi__tun,Montassar Talbi,TUN,DEF,slutrunde,Slutrunde,24,16,0,6,1,0,6,1,23.0,9.370000000000001,9.17,6.16,6.16,0.0,2.81,0.696,0.0,0.25,0.672,0.0,0.3,1.0,0.696,0.672
montassar_talbi__tun,Montassar Talbi,TUN,DEF,kvalifikation,Kvalifikation,34,25,0,1,0,0,1,6,34.0,11.6,10.440000000000001,8.838000000000001,9.82,0.0,0.2,0.735,0.0,0.029,0.847,0.0,0.017,0.9,0.6615,0.7623
montassar_talbi__tun,Montassar Talbi,TUN,DEF,venskabskamp,Venskabskamp,29,20,0,4,2,0,4,2,27.0,12.83,6.338800000000001,4.4668,8.59,0.0,3.2,0.741,0.0,0.138,0.705,0.0,0.249,0.52,0.3853,0.3666
moon_hwan_kim__kor,Moon-Hwan Kim,KOR,DEF,slutrunde,Slutrunde,24,9,0,6,2,0,6,6,22.0,6.16,5.96,2.66,2.66,0.0,1.92,0.409,0.0,0.25,0.446,0.0,0.312,1.0,0.409,0.446
moon_hwan_kim__kor,Moon-Hwan Kim,KOR,DEF,kvalifikation,Kvalifikation,33,6,0,19,3,0,18,4,30.0,10.14,8.172,0.9180000000000001,1.02,0.0,6.48,0.2,0.0,0.576,0.112,0.0,0.639,0.9,0.18,0.1008
moon_hwan_kim__kor,Moon-Hwan Kim,KOR,DEF,venskabskamp,Venskabskamp,44,12,0,16,1,0,16,9,43.0,13.96,7.2072,2.5792,4.96,0.0,3.44,0.279,0.0,0.364,0.358,0.0,0.246,0.52,0.1451,0.1862
morgan_rogers__eng,Morgan Rogers,ENG,MID,kvalifikation,Kvalifikation,8,5,0,0,0,0,0,0,8.0,5.04,4.5360000000000005,2.8800000000000003,3.2,0.0,0.0,0.625,0.0,0.0,0.635,0.0,0.0,0.9,0.5625,0.5715
morgan_rogers__eng,Morgan Rogers,ENG,MID,nations_league,Nations League,2,0,0,0,0,0,0,0,2.0,0.96,0.7488,0.0,0.0,0.0,0.0,0.0,0.0,0.0,0.0,0.0,0.0,0.78,0.0,0.0
morgan_rogers__eng,Morgan Rogers,ENG,MID,venskabskamp,Venskabskamp,5,3,0,1,0,0,1,0,5.0,4.2,2.184,1.352,2.6,0.0,0.92,0.6,0.0,0.2,0.619,0.0,0.219,0.52,0.312,0.3219
mortadha_ben_ouanes__tun,Mortadha Ben Ouanes,TUN,MID,slutrunde,Slutrunde,24,0,0,18,2,0,18,4,22.0,9.370000000000001,7.84,0.0,0.0,0.0,4.44,0.0,0.0,0.75,0.0,0.0,0.474,1.0,0.0,0.0
mortadha_ben_ouanes__tun,Mortadha Ben Ouanes,TUN,MID,kvalifikation,Kvalifikation,36,4,0,19,6,0,19,4,30.0,11.8,8.676,2.088,2.3200000000000003,0.0,4.68,0.133,0.0,0.528,0.241,0.0,0.397,0.9,0.1197,0.2169
mortadha_ben_ouanes__tun,Mortadha Ben Ouanes,TUN,MID,venskabskamp,Venskabskamp,32,5,0,17,0,0,17,4,32.0,13.13,6.8276,1.1284,2.17,0.0,4.9,0.156,0.0,0.531,0.165,0.0,0.373,0.52,0.0811,0.0858
morten_thorsby__nor,Morten Thorsby,NOR,MID,kvalifikation,Kvalifikation,37,8,0,15,3,0,15,7,34.0,10.16,8.532000000000002,2.2140000000000004,2.46,0.0,3.7600000000000002,0.235,0.0,0.405,0.259,0.0,0.37,0.9,0.2115,0.2331
morten_thorsby__nor,Morten Thorsby,NOR,MID,nations_league,Nations League,24,6,0,8,0,0,8,6,24.0,5.28,4.1184,1.5132,1.94,0.0,0.8,0.25,0.0,0.333,0.367,0.0,0.152,0.78,0.195,0.2863
morten_thorsby__nor,Morten Thorsby,NOR,MID,venskabskamp,Venskabskamp,23,5,0,10,0,0,10,4,23.0,8.14,4.2328,0.9880000000000001,1.9000000000000001,0.0,2.46,0.217,0.0,0.435,0.233,0.0,0.302,0.52,0.1128,0.1212
mory_diaw__sen,Mory Diaw,SEN,GK,slutrunde,Slutrunde,27,0,0,16,0,0,16,11,27.0,13.31,13.31,0.0,0.0,0.0,6.08,0.0,0.0,0.593,0.0,0.0,0.457,1.0,0.0,0.0
mory_diaw__sen,Mory Diaw,SEN,GK,kvalifikation,Kvalifikation,20,1,0,4,0,0,4,15,20.0,9.2,8.280000000000001,0.6120000000000001,0.68,0.0,1.76,0.05,0.0,0.2,0.074,0.0,0.191,0.9,0.045,0.0666
mory_diaw__sen,Mory Diaw,SEN,GK,venskabskamp,Venskabskamp,14,4,0,0,0,0,0,10,14.0,7.5600000000000005,3.9312000000000005,1.3312000000000002,2.56,0.0,0.0,0.286,0.0,0.0,0.339,0.0,0.0,0.52,0.1487,0.1763
oufa_shobeir__egy,Mostafa Oufa Shobeir,EGY,GK,slutrunde,Slutrunde,10,2,0,3,0,0,2,5,10.0,8.33,8.33,1.7,1.7,0.0,2.38,0.2,0.0,0.3,0.204,0.0,0.286,1.0,0.2,0.204
oufa_shobeir__egy,Mostafa Oufa Shobeir,EGY,GK,kvalifikation,Kvalifikation,14,1,0,0,0,0,0,12,14.0,7.52,6.768000000000001,0.432,0.48,0.0,0.0,0.071,0.0,0.0,0.064,0.0,0.0,0.9,0.0639,0.0576
oufa_shobeir__egy,Mostafa Oufa Shobeir,EGY,GK,venskabskamp,Venskabskamp,7,4,0,0,0,0,0,1,7.0,6.05,3.1460000000000004,1.9968000000000001,3.84,0.0,0.0,0.571,0.0,0.0,0.635,0.0,0.0,0.52,0.2969,0.3302
mostafa_ziko__egy,Mostafa Ziko,EGY,MID,venskabskamp,Venskabskamp,2,1,0,0,0,0,0,0,2.0,2.0,1.04,0.52,1.0,0.0,0.0,0.5,0.0,0.0,0.5,0.0,0.0,0.52,0.26,0.26
mousa_tamari__jor,Mousa Tamari,JOR,MID,slutrunde,Slutrunde,24,9,0,14,0,0,13,1,24.0,8.67,8.67,2.22,2.22,0.0,6.13,0.375,0.0,0.583,0.256,0.0,0.707,1.0,0.375,0.256
mousa_tamari__jor,Mousa Tamari,JOR,MID,kvalifikation,Kvalifikation,34,22,0,4,3,0,4,1,31.0,9.74,7.470000000000001,6.048,6.72,0.0,0.5,0.71,0.0,0.118,0.81,0.0,0.051,0.9,0.639,0.729
mousa_tamari__jor,Mousa Tamari,JOR,MID,venskabskamp,Venskabskamp,68,32,0,25,0,0,25,2,68.0,16.1,8.372,5.1272,9.860000000000001,0.0,3.66,0.471,0.0,0.368,0.612,0.0,0.227,0.52,0.2449,0.3182
moussa_niakhate__sen,Moussa Niakhate,SEN,DEF,slutrunde,Slutrunde,27,8,0,9,10,0,6,0,17.0,13.31,11.31,5.74,5.74,0.0,5.57,0.471,0.0,0.333,0.508,0.0,0.418,1.0,0.471,0.508
moussa_niakhate__sen,Moussa Niakhate,SEN,DEF,kvalifikation,Kvalifikation,20,13,0,2,0,0,2,4,20.0,9.2,8.280000000000001,5.6160000000000005,6.24,0.0,1.0,0.65,0.0,0.1,0.678,0.0,0.109,0.9,0.585,0.6102
moussa_niakhate__sen,Moussa Niakhate,SEN,DEF,venskabskamp,Venskabskamp,14,7,0,1,1,0,1,4,13.0,7.5600000000000005,3.8272000000000004,1.8512000000000002,3.56,0.0,0.68,0.538,0.0,0.071,0.484,0.0,0.09,0.52,0.2798,0.2517
moustapha_mbow__sen,Moustapha Mbow,SEN,DEF,kvalifikation,Kvalifikation,4,0,0,1,0,0,1,3,4.0,2.72,2.4480000000000004,0.0,0.0,0.0,0.68,0.0,0.0,0.25,0.0,0.0,0.25,0.9,0.0,0.0
moustapha_mbow__sen,Moustapha Mbow,SEN,DEF,venskabskamp,Venskabskamp,1,0,0,0,0,0,0,0,1.0,1.0,0.52,0.0,0.0,0.0,0.0,0.0,0.0,0.0,0.0,0.0,0.0,0.52,0.0,0.0
moutaz_neffati__tun,Moutaz Neffati,TUN,DEF,slutrunde,Slutrunde,7,1,0,4,0,0,4,1,7.0,5.61,5.61,0.68,0.68,0.0,3.4,0.143,0.0,0.571,0.121,0.0,0.606,1.0,0.143,0.121
moutaz_neffati__tun,Moutaz Neffati,TUN,DEF,kvalifikation,Kvalifikation,4,0,0,1,0,0,1,2,4.0,2.72,2.4480000000000004,0.0,0.0,0.0,0.68,0.0,0.0,0.25,0.0,0.0,0.25,0.9,0.0,0.0
moutaz_neffati__tun,Moutaz Neffati,TUN,DEF,venskabskamp,Venskabskamp,8,1,0,4,0,0,4,2,8.0,6.73,3.4996,0.47840000000000005,0.92,0.0,2.89,0.125,0.0,0.5,0.137,0.0,0.429,0.52,0.065,0.0712
muhammed_sengezer__tur,Muhammed Sengezer,TUR,GK,kvalifikation,Kvalifikation,2,0,0,0,0,0,0,2,2.0,0.64,0.5760000000000001,0.0,0.0,0.0,0.0,0.0,0.0,0.0,0.0,0.0,0.0,0.9,0.0,0.0
muhammed_sengezer__tur,Muhammed Sengezer,TUR,GK,nations_league,Nations League,6,0,0,2,0,0,2,4,6.0,2.88,2.2464,0.0,0.0,0.0,0.96,0.0,0.0,0.333,0.0,0.0,0.333,0.78,0.0,0.0
muhammed_sengezer__tur,Muhammed Sengezer,TUR,GK,venskabskamp,Venskabskamp,4,0,0,0,0,0,0,3,4.0,2.68,1.3936000000000002,0.0,0.0,0.0,0.0,0.0,0.0,0.0,0.0,0.0,0.0,0.52,0.0,0.0
mukhammadkodir_khamraliev__uzb,Mukhammadkodir Khamraliev,UZB,DEF,slutrunde,Slutrunde,9,3,0,0,0,0,0,5,9.0,4.32,4.32,2.04,2.04,0.0,0.0,0.333,0.0,0.0,0.472,0.0,0.0,1.0,0.333,0.472
mukhammadkodir_khamraliev__uzb,Mukhammadkodir Khamraliev,UZB,DEF,kvalifikation,Kvalifikation,14,0,0,8,0,0,8,6,14.0,6.6,5.94,0.0,0.0,0.0,3.7199999999999998,0.0,0.0,0.571,0.0,0.0,0.564,0.9,0.0,0.0
mukhammadkodir_khamraliev__uzb,Mukhammadkodir Khamraliev,UZB,DEF,venskabskamp,Venskabskamp,7,3,0,2,0,0,2,2,7.0,4.88,2.5376000000000003,0.8736,1.6800000000000002,0.0,1.36,0.429,0.0,0.286,0.344,0.0,0.279,0.52,0.2231,0.1789
mukhammadrasul_abdumazhidov__uzb,Mukhammadrasul Abdumazhidov,UZB,DEF,venskabskamp,Venskabskamp,2,0,0,0,0,0,0,2,2.0,1.84,0.9568000000000001,0.0,0.0,0.0,0.0,0.0,0.0,0.0,0.0,0.0,0.0,0.52,0.0,0.0
munir_el_kajoui__mar,Munir El Kajoui,MAR,GK,slutrunde,Slutrunde,66,10,0,33,0,0,31,23,66.0,22.72,22.72,1.2000000000000002,1.2000000000000002,0.0,12.190000000000001,0.152,0.0,0.5,0.053,0.0,0.537,1.0,0.152,0.053
munir_el_kajoui__mar,Munir El Kajoui,MAR,GK,kvalifikation,Kvalifikation,53,20,0,3,0,0,3,28,53.0,12.72,11.448,2.6820000000000004,2.98,0.0,0.72,0.377,0.0,0.057,0.234,0.0,0.057,0.9,0.3393,0.2106
munir_el_kajoui__mar,Munir El Kajoui,MAR,GK,venskabskamp,Venskabskamp,58,19,0,13,3,0,13,22,55.0,14.26,6.292000000000001,2.3920000000000003,4.6000000000000005,0.0,1.3,0.345,0.0,0.224,0.38,0.0,0.091,0.52,0.1794,0.1976
musab_al_juwayr__ksa,Musab Al-Juwayr,KSA,MID,slutrunde,Slutrunde,21,10,0,8,0,0,8,0,21.0,11.45,11.45,5.07,5.07,0.0,4.0,0.476,0.0,0.381,0.443,0.0,0.349,1.0,0.476,0.443
musab_al_juwayr__ksa,Musab Al-Juwayr,KSA,MID,kvalifikation,Kvalifikation,18,11,0,4,0,0,4,0,18.0,8.6,7.74,5.292,5.88,0.0,1.28,0.611,0.0,0.222,0.684,0.0,0.149,0.9,0.5499,0.6156
musab_al_juwayr__ksa,Musab Al-Juwayr,KSA,MID,venskabskamp,Venskabskamp,14,5,0,6,0,0,6,0,14.0,8.24,4.284800000000001,2.0592,3.96,0.0,1.6800000000000002,0.357,0.0,0.429,0.481,0.0,0.204,0.52,0.1856,0.2501
mustafa_eskihella__tur,Mustafa Eskihellac,TUR,DEF,kvalifikation,Kvalifikation,8,0,0,7,0,0,7,0,8.0,5.92,5.328000000000001,0.0,0.0,0.0,5.24,0.0,0.0,0.875,0.0,0.0,0.885,0.9,0.0,0.0
mustafa_eskihella__tur,Mustafa Eskihellac,TUR,DEF,venskabskamp,Venskabskamp,3,0,0,0,1,0,0,0,2.0,2.3600000000000003,0.7072,0.0,0.0,0.0,0.0,0.0,0.0,0.0,0.0,0.0,0.0,0.52,0.0,0.0
n_golo_kant__fra,N'Golo Kante,FRA,MID,slutrunde,Slutrunde,31,20,0,1,7,0,0,2,24.0,6.48,5.08,4.68,4.68,0.0,0.1,0.833,0.0,0.032,0.921,0.0,0.015,1.0,0.833,0.921
n_golo_kant__fra,N'Golo Kante,FRA,MID,nations_league_finals,Nations League-slutrunde,6,0,0,4,2,0,4,0,4.0,2.52,2.014,0.0,0.0,0.0,2.12,0.0,0.0,0.667,0.0,0.0,0.841,0.95,0.0,0.0
n_golo_kant__fra,N'Golo Kante,FRA,MID,kvalifikation,Kvalifikation,42,11,0,12,10,0,12,7,32.0,9.700000000000001,7.650000000000001,1.6020000000000003,1.78,0.0,5.04,0.344,0.0,0.286,0.209,0.0,0.52,0.9,0.3096,0.1881
n_golo_kant__fra,N'Golo Kante,FRA,MID,nations_league,Nations League,22,12,0,5,4,0,5,1,18.0,5.08,3.3384,1.9032000000000002,2.44,0.0,1.3599999999999999,0.667,0.0,0.227,0.57,0.0,0.268,0.78,0.5203,0.4446
n_golo_kant__fra,N'Golo Kante,FRA,MID,venskabskamp,Venskabskamp,34,16,0,8,0,0,8,4,34.0,7.88,4.0976,1.7576,3.38,0.0,1.78,0.471,0.0,0.235,0.429,0.0,0.226,0.52,0.2449,0.2231
nabil_dunga_emad__egy,Nabil 'Dunga' Emad,EGY,MID,slutrunde,Slutrunde,31,1,0,24,3,0,24,2,28.0,12.61,10.23,0.1,0.1,0.0,9.83,0.036,0.0,0.774,0.01,0.0,0.78,1.0,0.036,0.01
nabil_dunga_emad__egy,Nabil 'Dunga' Emad,EGY,MID,kvalifikation,Kvalifikation,37,2,0,28,0,0,28,4,37.0,11.9,10.71,0.522,0.58,0.0,8.120000000000001,0.054,0.0,0.757,0.049,0.0,0.682,0.9,0.0486,0.0441
nabil_dunga_emad__egy,Nabil 'Dunga' Emad,EGY,MID,venskabskamp,Venskabskamp,23,2,0,13,3,0,13,2,20.0,9.69,4.726800000000001,0.4056,0.78,0.0,5.43,0.1,0.0,0.565,0.086,0.0,0.56,0.52,0.052,0.0447
nadiem_amiri__ger,Nadiem Amiri,GER,MID,slutrunde,Slutrunde,12,0,0,12,0,0,12,0,12.0,3.8,3.8,0.0,0.0,0.0,3.8,0.0,0.0,1.0,0.0,0.0,1.0,1.0,0.0,0.0
nadiem_amiri__ger,Nadiem Amiri,GER,MID,nations_league_finals,Nations League-slutrunde,4,1,0,0,2,0,0,0,2.0,2.12,0.9119999999999999,0.45599999999999996,0.48,0.0,0.0,0.5,0.0,0.0,0.5,0.0,0.0,0.95,0.475,0.475
nadiem_amiri__ger,Nadiem Amiri,GER,MID,kvalifikation,Kvalifikation,19,0,0,10,2,0,10,3,17.0,6.08,4.248,0.0,0.0,0.0,1.7000000000000002,0.0,0.0,0.526,0.0,0.0,0.28,0.9,0.0,0.0
nadiem_amiri__ger,Nadiem Amiri,GER,MID,nations_league,Nations League,18,0,0,16,0,0,16,2,18.0,4.68,3.6504000000000003,0.0,0.0,0.0,4.48,0.0,0.0,0.889,0.0,0.0,0.957,0.78,0.0,0.0
nadiem_amiri__ger,Nadiem Amiri,GER,MID,venskabskamp,Venskabskamp,27,1,0,20,2,0,20,0,25.0,9.76,4.1184,0.052000000000000005,0.1,0.0,5.62,0.04,0.0,0.741,0.013,0.0,0.576,0.52,0.0208,0.0068
nahuel_molina__arg,Nahuel Molina,ARG,DEF,slutrunde,Slutrunde,22,14,0,2,0,0,2,2,22.0,6.8,6.8,3.64,3.64,0.0,1.12,0.636,0.0,0.091,0.535,0.0,0.165,1.0,0.636,0.535
nahuel_molina__arg,Nahuel Molina,ARG,DEF,kvalifikation,Kvalifikation,31,23,0,2,1,0,2,2,30.0,10.98,9.450000000000001,7.488,8.32,0.0,0.52,0.767,0.0,0.065,0.792,0.0,0.047,0.9,0.6903,0.7128
nahuel_molina__arg,Nahuel Molina,ARG,DEF,venskabskamp,Venskabskamp,18,10,0,3,1,0,3,0,17.0,8.32,4.0768,2.3712,4.5600000000000005,0.0,1.8800000000000001,0.588,0.0,0.167,0.582,0.0,0.226,0.52,0.3058,0.3026
nando_pijnaker__nzl,Nando Pijnaker,NZL,DEF,slutrunde,Slutrunde,4,0,0,2,2,0,2,0,2.0,1.92,0.96,0.0,0.0,0.0,0.96,0.0,0.0,0.5,0.0,0.0,0.5,1.0,0.0,0.0
nando_pijnaker__nzl,Nando Pijnaker,NZL,DEF,kvalifikation,Kvalifikation,11,6,0,2,0,0,2,3,11.0,3.6,3.24,1.584,1.76,0.0,0.4,0.545,0.0,0.182,0.489,0.0,0.111,0.9,0.4905,0.4401
nando_pijnaker__nzl,Nando Pijnaker,NZL,DEF,venskabskamp,Venskabskamp,34,13,0,2,6,0,2,7,28.0,15.38,5.6264,1.8096,3.48,0.0,1.36,0.464,0.0,0.059,0.322,0.0,0.088,0.52,0.2413,0.1674
nasser_al_dawsari__ksa,Nasser Al-Dawsari,KSA,MID,slutrunde,Slutrunde,27,8,0,12,0,0,11,2,27.0,12.65,12.65,4.83,4.83,0.0,4.720000000000001,0.296,0.0,0.444,0.382,0.0,0.373,1.0,0.296,0.382
nasser_al_dawsari__ksa,Nasser Al-Dawsari,KSA,MID,kvalifikation,Kvalifikation,32,11,0,12,0,0,11,5,32.0,11.2,10.08,4.464,4.96,0.0,3.22,0.344,0.0,0.375,0.443,0.0,0.288,0.9,0.3096,0.3987
nasser_al_dawsari__ksa,Nasser Al-Dawsari,KSA,MID,venskabskamp,Venskabskamp,23,10,0,4,2,0,4,1,21.0,9.940000000000001,4.212000000000001,1.7784000000000002,3.42,0.0,1.7600000000000002,0.476,0.0,0.174,0.422,0.0,0.177,0.52,0.2475,0.2194
nathan_ak__ned,Nathan Ake,NED,DEF,slutrunde,Slutrunde,15,11,0,0,0,0,0,2,15.0,4.68,4.68,3.88,3.88,0.0,0.0,0.733,0.0,0.0,0.829,0.0,0.0,1.0,0.733,0.829
nathan_ak__ned,Nathan Ake,NED,DEF,nations_league_finals,Nations League-slutrunde,6,2,0,0,2,0,0,2,4.0,1.8,0.798,0.608,0.64,0.0,0.0,0.5,0.0,0.0,0.762,0.0,0.0,0.95,0.475,0.7239
nathan_ak__ned,Nathan Ake,NED,DEF,kvalifikation,Kvalifikation,39,11,0,8,2,0,8,13,37.0,10.76,9.504000000000001,3.5280000000000005,3.9200000000000004,0.0,1.54,0.297,0.0,0.205,0.371,0.0,0.143,0.9,0.2673,0.3339
nathan_ak__ned,Nathan Ake,NED,DEF,nations_league,Nations League,22,9,0,4,3,0,4,3,19.0,5.08,3.4320000000000004,1.6068000000000002,2.06,0.0,1.64,0.474,0.0,0.182,0.468,0.0,0.323,0.78,0.3697,0.365
nathan_ak__ned,Nathan Ake,NED,DEF,venskabskamp,Venskabskamp,23,11,0,1,0,0,1,6,23.0,6.34,3.2968,1.4768000000000001,2.84,0.0,0.1,0.478,0.0,0.043,0.448,0.0,0.016,0.52,0.2486,0.233
nathan_ngoy__bel,Nathan Ngoy,BEL,DEF,venskabskamp,Venskabskamp,4,3,0,0,0,0,0,0,4.0,3.84,1.9968000000000001,1.5184000000000002,2.92,0.0,0.0,0.75,0.0,0.0,0.76,0.0,0.0,0.52,0.39,0.3952
nathan_patterson__sco,Nathan Patterson,SCO,DEF,slutrunde,Slutrunde,6,0,0,0,3,0,0,2,3.0,2.04,0.6000000000000001,0.0,0.0,0.0,0.0,0.0,0.0,0.0,0.0,0.0,0.0,1.0,0.0,0.0
nathan_patterson__sco,Nathan Patterson,SCO,DEF,kvalifikation,Kvalifikation,22,5,0,5,7,0,5,0,15.0,8.0,4.212000000000001,1.116,1.24,0.0,2.2,0.333,0.0,0.227,0.265,0.0,0.275,0.9,0.2997,0.2385
nathan_patterson__sco,Nathan Patterson,SCO,DEF,nations_league,Nations League,14,2,0,6,4,0,6,1,10.0,5.04,2.8704,0.31200000000000006,0.4,0.0,2.88,0.2,0.0,0.429,0.109,0.0,0.571,0.78,0.156,0.085
nathan_patterson__sco,Nathan Patterson,SCO,DEF,venskabskamp,Venskabskamp,16,6,0,1,2,0,1,1,14.0,8.08,3.7856000000000005,1.1856000000000002,2.2800000000000002,0.0,0.2,0.429,0.0,0.062,0.313,0.0,0.025,0.52,0.2231,0.1628
nathan_saliba__can,Nathan Saliba,CAN,MID,slutrunde,Slutrunde,4,2,0,0,0,0,0,1,4.0,2.72,2.72,1.36,1.36,0.0,0.0,0.5,0.0,0.0,0.5,0.0,0.0,1.0,0.5,0.5
nathan_saliba__can,Nathan Saliba,CAN,MID,nations_league_finals,Nations League-slutrunde,4,0,0,4,0,0,4,0,4.0,1.92,1.8239999999999998,0.0,0.0,0.0,1.92,0.0,0.0,1.0,0.0,0.0,1.0,0.95,0.0,0.0
nathan_saliba__can,Nathan Saliba,CAN,MID,venskabskamp,Venskabskamp,16,5,0,1,0,0,1,3,16.0,11.57,6.0164,2.0176000000000003,3.8800000000000003,0.0,0.85,0.312,0.0,0.062,0.335,0.0,0.073,0.52,0.1622,0.1742
nathanael_mbuku__cod,Nathanael Mbuku,COD,MID,slutrunde,Slutrunde,8,2,0,4,0,0,4,0,8.0,6.12,6.12,1.7,1.7,0.0,2.72,0.25,0.0,0.5,0.278,0.0,0.444,1.0,0.25,0.278
nathanael_mbuku__cod,Nathanael Mbuku,COD,MID,kvalifikation,Kvalifikation,13,6,0,2,0,0,2,1,13.0,7.88,7.0920000000000005,3.7080000000000006,4.12,0.0,0.96,0.462,0.0,0.154,0.523,0.0,0.122,0.9,0.4158,0.4707
nathanael_mbuku__cod,Nathanael Mbuku,COD,MID,venskabskamp,Venskabskamp,5,1,0,1,0,0,1,0,5.0,3.93,2.0436,0.3536,0.68,0.0,0.92,0.2,0.0,0.2,0.173,0.0,0.234,0.52,0.104,0.09
nathaniel_brown__ger,Nathaniel Brown,GER,DEF,kvalifikation,Kvalifikation,4,0,0,0,0,0,0,2,4.0,2.72,2.4480000000000004,0.0,0.0,0.0,0.0,0.0,0.0,0.0,0.0,0.0,0.0,0.9,0.0,0.0
nathaniel_brown__ger,Nathaniel Brown,GER,DEF,venskabskamp,Venskabskamp,4,3,0,0,0,0,0,1,4.0,3.84,1.9968000000000001,1.5184000000000002,2.92,0.0,0.0,0.75,0.0,0.0,0.76,0.0,0.0,0.52,0.39,0.3952
nawaf_al_aqidi__ksa,Nawaf Al-Aqidi,KSA,GK,slutrunde,Slutrunde,27,12,0,4,0,0,4,11,27.0,12.65,12.65,7.03,7.03,0.0,1.28,0.444,0.0,0.148,0.556,0.0,0.101,1.0,0.444,0.556
nawaf_al_aqidi__ksa,Nawaf Al-Aqidi,KSA,GK,kvalifikation,Kvalifikation,20,6,0,11,0,0,8,3,20.0,9.0,8.1,3.132,3.48,0.0,4.8,0.3,0.0,0.55,0.387,0.0,0.533,0.9,0.27,0.3483
nawaf_al_aqidi__ksa,Nawaf Al-Aqidi,KSA,GK,venskabskamp,Venskabskamp,20,4,0,7,2,0,7,7,18.0,9.440000000000001,3.8688000000000002,1.352,2.6,0.0,2.6,0.222,0.0,0.35,0.349,0.0,0.275,0.52,0.1154,0.1815
nawaf_al_boushal__ksa,Nawaf Al-Boushal,KSA,DEF,slutrunde,Slutrunde,27,12,0,10,0,0,10,3,27.0,12.65,12.65,7.76,7.76,0.0,2.48,0.444,0.0,0.37,0.613,0.0,0.196,1.0,0.444,0.613
nawaf_al_boushal__ksa,Nawaf Al-Boushal,KSA,DEF,kvalifikation,Kvalifikation,22,5,0,16,0,0,16,0,22.0,9.4,8.46,2.52,2.8,0.0,5.92,0.227,0.0,0.727,0.298,0.0,0.63,0.9,0.2043,0.2682
nawaf_al_boushal__ksa,Nawaf Al-Boushal,KSA,DEF,venskabskamp,Venskabskamp,22,4,0,16,0,0,16,1,22.0,9.84,5.1168000000000005,1.7056,3.2800000000000002,0.0,5.2,0.182,0.0,0.727,0.333,0.0,0.528,0.52,0.0946,0.1732
nayef_aguerd__mar,Nayef Aguerd,MAR,DEF,slutrunde,Slutrunde,63,23,0,35,1,0,33,3,62.0,22.42,22.22,9.33,9.33,0.0,12.39,0.371,0.0,0.556,0.42,0.0,0.553,1.0,0.371,0.42
nayef_aguerd__mar,Nayef Aguerd,MAR,DEF,kvalifikation,Kvalifikation,46,27,0,12,2,0,12,4,44.0,12.02,10.638,8.298,9.22,0.0,1.52,0.614,0.0,0.261,0.78,0.0,0.126,0.9,0.5526,0.702
nayef_aguerd__mar,Nayef Aguerd,MAR,DEF,venskabskamp,Venskabskamp,50,12,0,29,6,0,29,3,44.0,13.46,5.1272,1.5704000000000002,3.02,0.0,6.44,0.273,0.0,0.58,0.306,0.0,0.478,0.52,0.142,0.1591
neil_el_aynaoui__mar,Neil El Aynaoui,MAR,MID,slutrunde,Slutrunde,13,7,0,6,0,0,6,0,13.0,10.879999999999999,10.879999999999999,5.95,5.95,0.0,4.93,0.538,0.0,0.462,0.547,0.0,0.453,1.0,0.538,0.547
neil_el_aynaoui__mar,Neil El Aynaoui,MAR,MID,kvalifikation,Kvalifikation,3,3,0,0,0,0,0,0,3.0,2.04,1.8360000000000003,1.8360000000000003,2.04,0.0,0.0,1.0,0.0,0.0,1.0,0.0,0.0,0.9,0.9,0.9
neil_el_aynaoui__mar,Neil El Aynaoui,MAR,MID,venskabskamp,Venskabskamp,7,5,0,2,0,0,2,0,7.0,5.88,3.0576000000000003,2.0176000000000003,3.8800000000000003,0.0,2.0,0.714,0.0,0.286,0.66,0.0,0.34,0.52,0.3713,0.3432
n_lson_semedo__por,Nelson Semedo,POR,DEF,slutrunde,Slutrunde,30,5,0,16,0,0,16,4,30.0,5.8,5.8,0.8,0.8,0.0,2.1,0.167,0.0,0.533,0.138,0.0,0.362,1.0,0.167,0.138
n_lson_semedo__por,Nelson Semedo,POR,DEF,nations_league_finals,Nations League-slutrunde,6,3,0,0,0,0,0,0,6.0,2.32,2.2039999999999997,0.8360000000000001,0.8800000000000001,0.0,0.0,0.5,0.0,0.0,0.379,0.0,0.0,0.95,0.475,0.36
n_lson_semedo__por,Nelson Semedo,POR,DEF,kvalifikation,Kvalifikation,46,9,0,14,5,0,14,13,41.0,10.74,8.172,2.1420000000000003,2.3800000000000003,0.0,2.46,0.22,0.0,0.304,0.262,0.0,0.229,0.9,0.198,0.2358
n_lson_semedo__por,Nelson Semedo,POR,DEF,nations_league,Nations League,22,4,0,6,4,0,6,5,18.0,5.08,3.3384,0.9048,1.16,0.0,0.8,0.222,0.0,0.273,0.271,0.0,0.157,0.78,0.1732,0.2114
n_lson_semedo__por,Nelson Semedo,POR,DEF,venskabskamp,Venskabskamp,34,6,0,14,6,0,14,2,28.0,7.76,2.8704,0.9464,1.82,0.0,1.9400000000000002,0.214,0.0,0.412,0.33,0.0,0.25,0.52,0.1113,0.1716
nestory_irankunda__aus,Nestory Irankunda,AUS,FWD,kvalifikation,Kvalifikation,12,3,0,6,0,0,6,1,12.0,5.96,5.364,1.296,1.44,0.0,3.08,0.25,0.0,0.5,0.242,0.0,0.517,0.9,0.225,0.2178
nestory_irankunda__aus,Nestory Irankunda,AUS,FWD,venskabskamp,Venskabskamp,12,4,0,0,0,0,0,2,12.0,8.32,4.3264000000000005,1.5808,3.04,0.0,0.0,0.333,0.0,0.0,0.365,0.0,0.0,0.52,0.1732,0.1898
ngal_ayel_mukau__cod,Ngal'ayel Mukau,COD,MID,slutrunde,Slutrunde,8,3,0,4,0,0,4,0,8.0,6.12,6.12,2.55,2.55,0.0,2.72,0.375,0.0,0.5,0.417,0.0,0.444,1.0,0.375,0.417
ngal_ayel_mukau__cod,Ngal'ayel Mukau,COD,MID,kvalifikation,Kvalifikation,11,3,0,2,0,0,2,2,11.0,6.92,6.228000000000001,1.6560000000000001,1.84,0.0,1.36,0.273,0.0,0.182,0.266,0.0,0.197,0.9,0.2457,0.2394
ngal_ayel_mukau__cod,Ngal'ayel Mukau,COD,MID,venskabskamp,Venskabskamp,5,2,0,3,0,0,3,0,5.0,3.93,2.0436,0.962,1.85,0.0,2.08,0.4,0.0,0.6,0.471,0.0,0.529,0.52,0.208,0.2449
nick_woltemade__ger,Nick Woltemade,GER,FWD,nations_league_finals,Nations League-slutrunde,2,2,0,0,0,0,0,0,2.0,1.1600000000000001,1.1019999999999999,1.1019999999999999,1.1600000000000001,0.0,0.0,1.0,0.0,0.0,1.0,0.0,0.0,0.95,0.95,0.95
nick_woltemade__ger,Nick Woltemade,GER,FWD,kvalifikation,Kvalifikation,6,6,0,0,0,0,0,0,6.0,4.08,3.6720000000000006,3.6720000000000006,4.08,0.0,0.0,1.0,0.0,0.0,1.0,0.0,0.0,0.9,0.9,0.9
nick_woltemade__ger,Nick Woltemade,GER,FWD,venskabskamp,Venskabskamp,4,1,0,0,0,0,0,1,4.0,3.84,1.9968000000000001,0.47840000000000005,0.92,0.0,0.0,0.25,0.0,0.0,0.24,0.0,0.0,0.52,0.13,0.1248
nico_elvedi__sui,Nico Elvedi,SUI,DEF,slutrunde,Slutrunde,22,7,0,0,1,0,0,14,21.0,5.0,4.8,1.4000000000000001,1.4000000000000001,0.0,0.0,0.333,0.0,0.0,0.292,0.0,0.0,1.0,0.333,0.292
nico_elvedi__sui,Nico Elvedi,SUI,DEF,nations_league_finals,Nations League-slutrunde,2,1,0,0,0,0,0,1,2.0,0.2,0.19,0.095,0.1,0.0,0.0,0.5,0.0,0.0,0.5,0.0,0.0,0.95,0.475,0.475
nico_elvedi__sui,Nico Elvedi,SUI,DEF,kvalifikation,Kvalifikation,44,27,0,1,3,0,1,12,41.0,10.440000000000001,8.748000000000001,7.092000000000001,7.880000000000001,0.0,0.1,0.659,0.0,0.023,0.811,0.0,0.01,0.9,0.5931,0.7299
nico_elvedi__sui,Nico Elvedi,SUI,DEF,nations_league,Nations League,22,15,0,6,1,0,4,0,21.0,5.08,3.5880000000000005,2.3712000000000004,3.04,0.0,1.56,0.714,0.0,0.273,0.661,0.0,0.307,0.78,0.5569,0.5156
nico_elvedi__sui,Nico Elvedi,SUI,DEF,venskabskamp,Venskabskamp,31,13,0,3,1,0,3,11,30.0,9.9,4.8984000000000005,3.2448,6.24,0.0,0.6799999999999999,0.433,0.0,0.097,0.662,0.0,0.069,0.52,0.2252,0.3442
nico_gonzalez__arg,Nico Gonzalez,ARG,FWD,venskabskamp,Venskabskamp,8,3,0,2,0,0,2,0,8.0,1.96,1.0192,0.31200000000000006,0.6000000000000001,0.0,0.64,0.375,0.0,0.25,0.306,0.0,0.327,0.52,0.195,0.1591
nico_gonzalez__arg,Nico Gonzalez,ARG,FWD,ungdom_slutrunde,Ungdomsslutrunde,6,0,0,6,0,0,6,0,6.0,1.92,0.6719999999999999,0.0,0.0,0.0,1.92,0.0,0.0,1.0,0.0,0.0,1.0,0.35,0.0,0.0
nico_gonzalez__arg,Nico Gonzalez,ARG,FWD,ungdom_kvalifikation,Ungdomskvalifikation,16,3,0,6,3,0,6,2,13.0,4.48,1.164,0.348,1.16,0.0,1.6800000000000002,0.231,0.0,0.375,0.299,0.0,0.375,0.3,0.0693,0.0897
nico_o_reilly__eng,Nico O'Reilly,ENG,DEF,kvalifikation,Kvalifikation,3,2,0,0,0,0,0,1,3.0,2.04,1.8360000000000003,1.2240000000000002,1.36,0.0,0.0,0.667,0.0,0.0,0.667,0.0,0.0,0.9,0.6003,0.6003
nico_o_reilly__eng,Nico O'Reilly,ENG,DEF,venskabskamp,Venskabskamp,4,1,0,1,0,0,1,1,4.0,3.52,1.8304,0.47840000000000005,0.92,0.0,0.92,0.25,0.0,0.25,0.261,0.0,0.261,0.52,0.13,0.1357
nico_paz__arg,Nico Paz,ARG,MID,slutrunde,Slutrunde,1,0,0,1,0,0,1,0,1.0,0.92,0.92,0.0,0.0,0.0,0.92,0.0,0.0,1.0,0.0,0.0,1.0,1.0,0.0,0.0
nico_paz__arg,Nico Paz,ARG,MID,kvalifikation,Kvalifikation,10,1,0,0,0,0,0,6,10.0,5.6,5.04,0.6120000000000001,0.68,0.0,0.0,0.1,0.0,0.0,0.121,0.0,0.0,0.9,0.09,0.1089
nico_paz__arg,Nico Paz,ARG,MID,venskabskamp,Venskabskamp,6,2,0,0,1,0,0,1,5.0,4.88,2.0176000000000003,0.8320000000000001,1.6,0.0,0.0,0.4,0.0,0.0,0.412,0.0,0.0,0.52,0.208,0.2142
nico_schlotterbeck__ger,Nico Schlotterbeck,GER,DEF,slutrunde,Slutrunde,8,2,0,0,0,0,0,4,8.0,3.0,3.0,0.6799999999999999,0.6799999999999999,0.0,0.0,0.25,0.0,0.0,0.227,0.0,0.0,1.0,0.25,0.227
nico_schlotterbeck__ger,Nico Schlotterbeck,GER,DEF,nations_league_finals,Nations League-slutrunde,4,1,0,0,2,0,0,0,2.0,2.12,0.9119999999999999,0.45599999999999996,0.48,0.0,0.0,0.5,0.0,0.0,0.5,0.0,0.0,0.95,0.475,0.475
nico_schlotterbeck__ger,Nico Schlotterbeck,GER,DEF,kvalifikation,Kvalifikation,11,3,0,0,2,0,0,6,9.0,5.08,3.3480000000000003,1.8360000000000003,2.04,0.0,0.0,0.333,0.0,0.0,0.548,0.0,0.0,0.9,0.2997,0.4932
nico_schlotterbeck__ger,Nico Schlotterbeck,GER,DEF,nations_league,Nations League,12,7,0,2,0,0,0,3,12.0,4.08,3.1824000000000003,1.9656000000000002,2.52,0.0,0.6799999999999999,0.583,0.0,0.167,0.618,0.0,0.167,0.78,0.4547,0.482
nico_schlotterbeck__ger,Nico Schlotterbeck,GER,DEF,venskabskamp,Venskabskamp,22,9,0,7,1,0,6,3,21.0,9.16,4.6592,2.6416000000000004,5.08,0.0,2.24,0.429,0.0,0.318,0.567,0.0,0.245,0.52,0.2231,0.2948
nico_williams__esp,Nico Williams,ESP,FWD,slutrunde,Slutrunde,12,7,0,0,1,0,0,1,11.0,5.08,4.16,3.08,3.08,0.0,0.0,0.636,0.0,0.0,0.74,0.0,0.0,1.0,0.636,0.74
nico_williams__esp,Nico Williams,ESP,FWD,nations_league_finals,Nations League-slutrunde,6,4,0,0,2,0,0,0,4.0,2.76,2.014,2.014,2.12,0.0,0.0,1.0,0.0,0.0,1.0,0.0,0.0,0.95,0.95,0.95
nico_williams__esp,Nico Williams,ESP,FWD,kvalifikation,Kvalifikation,14,4,0,4,2,0,4,2,12.0,6.4,5.184000000000001,1.8000000000000003,2.0,0.0,2.72,0.333,0.0,0.286,0.347,0.0,0.425,0.9,0.2997,0.3123
nico_williams__esp,Nico Williams,ESP,FWD,nations_league,Nations League,8,3,0,0,2,0,0,0,6.0,3.28,1.8096,1.1232,1.44,0.0,0.0,0.5,0.0,0.0,0.621,0.0,0.0,0.78,0.39,0.4844
nico_williams__esp,Nico Williams,ESP,FWD,venskabskamp,Venskabskamp,8,2,0,1,2,0,1,1,6.0,4.64,1.456,0.41600000000000004,0.8,0.0,1.0,0.333,0.0,0.125,0.286,0.0,0.216,0.52,0.1732,0.1487
nicolas_fonseca__uru,Nicolas Fonseca,URU,MID,slutrunde,Slutrunde,6,0,0,6,0,0,6,0,6.0,2.88,2.88,0.0,0.0,0.0,2.88,0.0,0.0,1.0,0.0,0.0,1.0,1.0,0.0,0.0
nicolas_fonseca__uru,Nicolas Fonseca,URU,MID,kvalifikation,Kvalifikation,12,1,0,2,0,0,2,6,12.0,6.36,5.724,0.432,0.48,0.0,1.36,0.083,0.0,0.167,0.075,0.0,0.214,0.9,0.0747,0.0675
nicolas_fonseca__uru,Nicolas Fonseca,URU,MID,venskabskamp,Venskabskamp,10,1,0,5,0,0,5,3,10.0,6.16,3.2032000000000003,0.3536,0.68,0.0,2.64,0.1,0.0,0.5,0.11,0.0,0.429,0.52,0.052,0.0572
nicolas_jackson__sen,Nicolas Jackson,SEN,FWD,slutrunde,Slutrunde,27,5,0,6,6,0,6,5,21.0,13.31,12.11,4.25,4.25,0.0,4.08,0.238,0.0,0.222,0.351,0.0,0.307,1.0,0.238,0.351
nicolas_jackson__sen,Nicolas Jackson,SEN,FWD,kvalifikation,Kvalifikation,20,10,0,3,3,0,3,1,17.0,9.2,6.984000000000001,4.716,5.24,0.0,0.72,0.588,0.0,0.15,0.675,0.0,0.078,0.9,0.5292,0.6075
nicolas_jackson__sen,Nicolas Jackson,SEN,FWD,venskabskamp,Venskabskamp,14,6,0,1,0,0,1,4,14.0,7.5600000000000005,3.9312000000000005,2.0384,3.92,0.0,0.32,0.429,0.0,0.071,0.519,0.0,0.042,0.52,0.2231,0.2699
nicol_s_otamendi__arg,Nicolas Otamendi,ARG,DEF,slutrunde,Slutrunde,60,38,0,13,0,0,13,5,60.0,10.6,10.6,5.48,5.48,0.0,2.22,0.633,0.0,0.217,0.517,0.0,0.209,1.0,0.633,0.517
nicol_s_otamendi__arg,Nicolas Otamendi,ARG,DEF,kvalifikation,Kvalifikation,75,52,0,23,0,0,19,0,75.0,15.38,13.842,11.16,12.4,0.0,2.98,0.693,0.0,0.307,0.806,0.0,0.194,0.9,0.6237,0.7254
nicol_s_otamendi__arg,Nicolas Otamendi,ARG,DEF,venskabskamp,Venskabskamp,91,35,0,38,5,0,38,11,86.0,15.620000000000001,7.862400000000001,3.6504000000000003,7.0200000000000005,0.0,4.220000000000001,0.407,0.0,0.418,0.464,0.0,0.27,0.52,0.2116,0.2413
nicolas_pepe__civ,Nicolas Pepe,CIV,FWD,slutrunde,Slutrunde,31,8,0,12,0,0,12,7,31.0,9.19,9.19,1.54,1.54,0.0,5.35,0.258,0.0,0.387,0.168,0.0,0.582,1.0,0.258,0.168
nicolas_pepe__civ,Nicolas Pepe,CIV,FWD,kvalifikation,Kvalifikation,45,13,0,17,2,0,17,8,43.0,12.5,10.674000000000001,2.9880000000000004,3.3200000000000003,0.0,4.36,0.302,0.0,0.378,0.28,0.0,0.349,0.9,0.2718,0.252
nicolas_pepe__civ,Nicolas Pepe,CIV,FWD,venskabskamp,Venskabskamp,35,17,0,7,2,0,7,3,33.0,9.940000000000001,4.836,2.236,4.3,0.0,1.9600000000000002,0.515,0.0,0.2,0.462,0.0,0.197,0.52,0.2678,0.2402
nicolas_raskin__bel,Nicolas Raskin,BEL,MID,kvalifikation,Kvalifikation,8,6,0,0,0,0,0,1,8.0,5.44,4.896000000000001,3.6720000000000006,4.08,0.0,0.0,0.75,0.0,0.0,0.75,0.0,0.0,0.9,0.675,0.675
nicolas_raskin__bel,Nicolas Raskin,BEL,MID,nations_league,Nations League,2,1,0,0,0,0,0,0,2.0,0.96,0.7488,0.3744,0.48,0.0,0.0,0.5,0.0,0.0,0.5,0.0,0.0,0.78,0.39,0.39
nicolas_raskin__bel,Nicolas Raskin,BEL,MID,venskabskamp,Venskabskamp,4,2,0,0,0,0,0,0,4.0,3.84,1.9968000000000001,0.9984000000000001,1.92,0.0,0.0,0.5,0.0,0.0,0.5,0.0,0.0,0.52,0.26,0.26
nicolas_seiwald__aut,Nicolas Seiwald,AUT,MID,slutrunde,Slutrunde,4,4,0,0,0,0,0,0,4.0,1.92,1.92,1.92,1.92,0.0,0.0,1.0,0.0,0.0,1.0,0.0,0.0,1.0,1.0,1.0
nicolas_seiwald__aut,Nicolas Seiwald,AUT,MID,kvalifikation,Kvalifikation,19,19,0,0,0,0,0,0,19.0,8.360000000000001,7.524000000000001,7.524000000000001,8.360000000000001,0.0,0.0,1.0,0.0,0.0,1.0,0.0,0.0,0.9,0.9,0.9
nicolas_seiwald__aut,Nicolas Seiwald,AUT,MID,nations_league,Nations League,14,13,0,0,0,0,0,0,14.0,5.04,3.9312000000000005,3.7752000000000003,4.84,0.0,0.0,0.929,0.0,0.0,0.96,0.0,0.0,0.78,0.7246,0.7488
nicolas_seiwald__aut,Nicolas Seiwald,AUT,MID,venskabskamp,Venskabskamp,12,9,0,1,0,0,1,1,12.0,5.5200000000000005,2.8704,2.184,4.2,0.0,0.2,0.75,0.0,0.083,0.761,0.0,0.036,0.52,0.39,0.3957
nicol_s_tagliafico__arg,Nicolas Tagliafico,ARG,DEF,slutrunde,Slutrunde,32,22,0,1,0,0,1,3,32.0,7.8,7.8,4.8,4.8,0.0,0.92,0.688,0.0,0.031,0.615,0.0,0.118,1.0,0.688,0.615
nicol_s_tagliafico__arg,Nicolas Tagliafico,ARG,DEF,kvalifikation,Kvalifikation,39,22,0,8,2,0,7,5,37.0,11.780000000000001,9.738000000000001,6.948,7.72,0.0,1.58,0.595,0.0,0.205,0.713,0.0,0.134,0.9,0.5355,0.6417
nicol_s_tagliafico__arg,Nicolas Tagliafico,ARG,DEF,venskabskamp,Venskabskamp,40,22,0,4,0,0,4,12,40.0,10.52,5.470400000000001,3.0264,5.82,0.0,1.22,0.55,0.0,0.1,0.553,0.0,0.116,0.52,0.286,0.2876
nicolas_de_la_cruz__uru,Nicolas de la Cruz,URU,MID,slutrunde,Slutrunde,14,8,0,1,1,0,0,1,13.0,4.48,4.28,2.7199999999999998,2.7199999999999998,0.0,0.48,0.615,0.0,0.071,0.636,0.0,0.107,1.0,0.615,0.636
nicolas_de_la_cruz__uru,Nicolas de la Cruz,URU,MID,kvalifikation,Kvalifikation,36,12,0,6,10,0,6,3,26.0,11.38,6.750000000000001,2.5380000000000003,2.8200000000000003,0.0,2.44,0.462,0.0,0.167,0.376,0.0,0.214,0.9,0.4158,0.3384
nicolas_de_la_cruz__uru,Nicolas de la Cruz,URU,MID,venskabskamp,Venskabskamp,19,3,0,6,5,0,6,2,14.0,8.200000000000001,3.0992,0.37440000000000007,0.72,0.0,2.8000000000000003,0.214,0.0,0.316,0.121,0.0,0.341,0.52,0.1113,0.0629
nidal_celik__bih,Nidal Celik,BIH,DEF,kvalifikation,Kvalifikation,2,0,0,0,0,0,0,2,2.0,1.84,1.6560000000000001,0.0,0.0,0.0,0.0,0.0,0.0,0.0,0.0,0.0,0.0,0.9,0.0,0.0
nidal_celik__bih,Nidal Celik,BIH,DEF,nations_league,Nations League,2,0,0,0,0,0,0,2,2.0,0.96,0.7488,0.0,0.0,0.0,0.0,0.0,0.0,0.0,0.0,0.0,0.0,0.78,0.0,0.0
nidal_celik__bih,Nidal Celik,BIH,DEF,venskabskamp,Venskabskamp,2,0,0,0,0,0,0,0,2.0,2.0,1.04,0.0,0.0,0.0,0.0,0.0,0.0,0.0,0.0,0.0,0.0,0.52,0.0,0.0
nihad_mujaki__bih,Nihad Mujakic,BIH,DEF,kvalifikation,Kvalifikation,13,4,0,1,0,0,1,6,13.0,7.840000000000001,7.056000000000001,1.8000000000000003,2.0,0.0,0.68,0.308,0.0,0.077,0.255,0.0,0.087,0.9,0.2772,0.2295
nihad_mujaki__bih,Nihad Mujakic,BIH,DEF,nations_league,Nations League,6,1,0,2,0,0,2,3,6.0,2.88,2.2464,0.3744,0.48,0.0,0.96,0.167,0.0,0.333,0.167,0.0,0.333,0.78,0.1303,0.1303
nihad_mujaki__bih,Nihad Mujakic,BIH,DEF,venskabskamp,Venskabskamp,6,3,0,0,0,0,0,1,6.0,4.16,2.1632000000000002,1.1232,2.16,0.0,0.0,0.5,0.0,0.0,0.519,0.0,0.0,0.52,0.26,0.2699
niko_sigur__can,Niko Sigur,CAN,MID,slutrunde,Slutrunde,4,4,0,0,0,0,0,0,4.0,2.72,2.72,2.72,2.72,0.0,0.0,1.0,0.0,0.0,1.0,0.0,0.0,1.0,1.0,1.0
niko_sigur__can,Niko Sigur,CAN,MID,nations_league_finals,Nations League-slutrunde,4,1,0,0,0,0,0,2,4.0,1.92,1.8239999999999998,0.45599999999999996,0.48,0.0,0.0,0.25,0.0,0.0,0.25,0.0,0.0,0.95,0.2375,0.2375
niko_sigur__can,Niko Sigur,CAN,MID,venskabskamp,Venskabskamp,16,9,0,1,0,0,1,2,16.0,11.57,6.0164,3.4320000000000004,6.6000000000000005,0.0,0.85,0.562,0.0,0.062,0.57,0.0,0.073,0.52,0.2922,0.2964
nikola_kati__bih,Nikola Katic,BIH,DEF,kvalifikation,Kvalifikation,10,6,0,1,0,0,0,2,10.0,6.880000000000001,6.192000000000001,4.104000000000001,4.5600000000000005,0.0,0.68,0.6,0.0,0.1,0.663,0.0,0.099,0.9,0.54,0.5967
nikola_kati__bih,Nikola Katic,BIH,DEF,nations_league,Nations League,6,4,0,2,0,0,2,0,6.0,2.88,2.2464,1.4976,1.92,0.0,0.96,0.667,0.0,0.333,0.667,0.0,0.333,0.78,0.5203,0.5203
nikola_kati__bih,Nikola Katic,BIH,DEF,venskabskamp,Venskabskamp,6,4,0,0,0,0,0,0,6.0,4.16,2.1632000000000002,1.456,2.8,0.0,0.0,0.667,0.0,0.0,0.673,0.0,0.0,0.52,0.3468,0.35
nikola_moro__cro,Nikola Moro,CRO,MID,slutrunde,Slutrunde,10,0,0,10,0,0,10,0,10.0,2.84,2.84,0.0,0.0,0.0,2.84,0.0,0.0,1.0,0.0,0.0,1.0,1.0,0.0,0.0
nikola_moro__cro,Nikola Moro,CRO,MID,nations_league_finals,Nations League-slutrunde,4,0,0,2,0,0,2,1,4.0,1.6,1.52,0.0,0.0,0.0,0.64,0.0,0.0,0.5,0.0,0.0,0.4,0.95,0.0,0.0
nikola_moro__cro,Nikola Moro,CRO,MID,kvalifikation,Kvalifikation,19,2,0,4,0,0,4,11,19.0,8.360000000000001,7.524000000000001,1.2240000000000002,1.36,0.0,1.04,0.105,0.0,0.211,0.163,0.0,0.124,0.9,0.0945,0.1467
nikola_moro__cro,Nikola Moro,CRO,MID,nations_league,Nations League,12,0,0,7,0,0,7,4,12.0,4.08,3.1824000000000003,0.0,0.0,0.0,1.6800000000000002,0.0,0.0,0.583,0.0,0.0,0.412,0.78,0.0,0.0
nikola_moro__cro,Nikola Moro,CRO,MID,venskabskamp,Venskabskamp,10,2,0,5,0,0,5,1,10.0,4.88,2.5376000000000003,0.5824,1.12,0.0,1.6400000000000001,0.2,0.0,0.5,0.23,0.0,0.336,0.52,0.104,0.1196
nikola_vasilj__bih,Nikola Vasilj,BIH,GK,kvalifikation,Kvalifikation,29,12,0,0,0,0,0,16,29.0,11.56,10.404000000000002,6.660000000000001,7.4,0.0,0.0,0.414,0.0,0.0,0.64,0.0,0.0,0.9,0.3726,0.576
nikola_vasilj__bih,Nikola Vasilj,BIH,GK,nations_league,Nations League,12,6,0,0,0,0,0,6,12.0,4.08,3.1824000000000003,2.028,2.6,0.0,0.0,0.5,0.0,0.0,0.637,0.0,0.0,0.78,0.39,0.4969
nikola_vasilj__bih,Nikola Vasilj,BIH,GK,venskabskamp,Venskabskamp,13,7,0,2,0,0,2,4,13.0,5.36,2.7872000000000003,1.4040000000000001,2.7,0.0,0.6799999999999999,0.538,0.0,0.154,0.504,0.0,0.127,0.52,0.2798,0.2621
nikola_vla_i__cro,Nikola Vlasic,CRO,MID,slutrunde,Slutrunde,21,3,0,7,2,0,7,2,19.0,4.34,3.3800000000000003,0.6000000000000001,0.6000000000000001,0.0,0.7000000000000001,0.158,0.0,0.333,0.178,0.0,0.161,1.0,0.158,0.178
nikola_vla_i__cro,Nikola Vlasic,CRO,MID,nations_league_finals,Nations League-slutrunde,4,0,0,0,0,0,0,1,4.0,1.6,1.52,0.0,0.0,0.0,0.0,0.0,0.0,0.0,0.0,0.0,0.0,0.95,0.0,0.0
nikola_vla_i__cro,Nikola Vlasic,CRO,MID,kvalifikation,Kvalifikation,41,11,0,14,0,0,14,5,41.0,10.96,9.864,1.8720000000000003,2.08,0.0,5.32,0.268,0.0,0.341,0.19,0.0,0.485,0.9,0.2412,0.171
nikola_vla_i__cro,Nikola Vlasic,CRO,MID,nations_league,Nations League,22,8,0,4,2,0,4,1,20.0,5.08,3.2136000000000005,0.7020000000000002,0.9,0.0,1.16,0.4,0.0,0.182,0.218,0.0,0.228,0.78,0.312,0.17
nikola_vla_i__cro,Nikola Vlasic,CRO,MID,venskabskamp,Venskabskamp,23,6,0,7,0,0,7,4,23.0,6.28,3.2656,0.9568000000000001,1.84,0.0,0.7000000000000001,0.261,0.0,0.304,0.293,0.0,0.111,0.52,0.1357,0.1524
nikolas_polster__aut,Nikolas Polster,AUT,GK,kvalifikation,Kvalifikation,7,0,0,0,2,0,0,5,5.0,4.760000000000001,3.0600000000000005,0.0,0.0,0.0,0.0,0.0,0.0,0.0,0.0,0.0,0.0,0.9,0.0,0.0
nishan_velupillay__aus,Nishan Velupillay,AUS,FWD,kvalifikation,Kvalifikation,8,2,0,0,3,0,0,0,5.0,4.04,2.16,0.864,0.96,0.0,0.0,0.4,0.0,0.0,0.4,0.0,0.0,0.9,0.36,0.36
nishan_velupillay__aus,Nishan Velupillay,AUS,FWD,venskabskamp,Venskabskamp,10,0,0,2,4,0,2,2,6.0,7.92,2.704,0.0,0.0,0.0,1.36,0.0,0.0,0.2,0.0,0.0,0.172,0.52,0.0,0.0
nizar_al_rashdan__jor,Nizar Al-Rashdan,JOR,MID,slutrunde,Slutrunde,17,10,0,5,0,0,5,2,17.0,7.97,7.97,5.68,5.68,0.0,1.12,0.588,0.0,0.294,0.713,0.0,0.141,1.0,0.588,0.713
nizar_al_rashdan__jor,Nizar Al-Rashdan,JOR,MID,kvalifikation,Kvalifikation,19,14,0,5,0,0,4,0,19.0,7.84,7.056,5.796,6.4399999999999995,0.0,1.4,0.737,0.0,0.263,0.821,0.0,0.179,0.9,0.6633,0.7389
nizar_al_rashdan__jor,Nizar Al-Rashdan,JOR,MID,venskabskamp,Venskabskamp,29,10,0,11,0,0,11,3,29.0,12.200000000000001,6.344,2.8288,5.44,0.0,3.24,0.345,0.0,0.379,0.446,0.0,0.266,0.52,0.1794,0.2319
nkosinathi_sibisi__rsa,Nkosinathi Sibisi,RSA,DEF,slutrunde,Slutrunde,15,2,0,4,0,0,4,8,15.0,8.36,8.36,1.17,1.17,0.0,2.72,0.133,0.0,0.267,0.14,0.0,0.325,1.0,0.133,0.14
nkosinathi_sibisi__rsa,Nkosinathi Sibisi,RSA,DEF,kvalifikation,Kvalifikation,26,4,0,10,0,0,10,9,26.0,10.28,9.252,1.9440000000000002,2.16,0.0,3.24,0.154,0.0,0.385,0.21,0.0,0.315,0.9,0.1386,0.189
nkosinathi_sibisi__rsa,Nkosinathi Sibisi,RSA,DEF,venskabskamp,Venskabskamp,19,9,0,2,0,0,2,7,19.0,8.200000000000001,4.264,1.6224,3.12,0.0,0.4,0.474,0.0,0.105,0.38,0.0,0.049,0.52,0.2465,0.1976
noa_lang__ned,Noa Lang,NED,FWD,slutrunde,Slutrunde,11,0,0,3,3,0,3,4,8.0,3.88,2.44,0.0,0.0,0.0,1.44,0.0,0.0,0.273,0.0,0.0,0.371,1.0,0.0,0.0
noa_lang__ned,Noa Lang,NED,FWD,nations_league_finals,Nations League-slutrunde,4,1,0,0,0,0,0,1,4.0,1.6,1.52,0.304,0.32,0.0,0.0,0.25,0.0,0.0,0.2,0.0,0.0,0.95,0.2375,0.19
noa_lang__ned,Noa Lang,NED,FWD,kvalifikation,Kvalifikation,20,1,0,4,4,0,4,5,16.0,8.56,6.552000000000001,0.18000000000000002,0.2,0.0,1.7600000000000002,0.062,0.0,0.2,0.027,0.0,0.206,0.9,0.0558,0.0243
noa_lang__ned,Noa Lang,NED,FWD,nations_league,Nations League,12,3,0,5,2,0,5,1,10.0,4.08,2.8704,0.6864000000000001,0.88,0.0,2.12,0.3,0.0,0.417,0.239,0.0,0.52,0.78,0.234,0.1864
noa_lang__ned,Noa Lang,NED,FWD,venskabskamp,Venskabskamp,9,0,0,1,4,0,1,4,5.0,4.84,1.6848,0.0,0.0,0.0,0.2,0.0,0.0,0.111,0.0,0.0,0.041,0.52,0.0,0.0
noah_okafor__sui,Noah Okafor,SUI,MID,slutrunde,Slutrunde,14,0,0,5,1,0,5,5,13.0,4.2,4.0,0.0,0.0,0.0,1.0,0.0,0.0,0.357,0.0,0.0,0.238,1.0,0.0,0.0
noah_okafor__sui,Noah Okafor,SUI,MID,nations_league_finals,Nations League-slutrunde,2,0,0,0,0,0,0,1,2.0,0.2,0.19,0.0,0.0,0.0,0.0,0.0,0.0,0.0,0.0,0.0,0.0,0.95,0.0,0.0
noah_okafor__sui,Noah Okafor,SUI,MID,kvalifikation,Kvalifikation,30,5,0,12,9,0,12,0,21.0,9.040000000000001,6.732000000000001,1.2240000000000002,1.36,0.0,5.08,0.238,0.0,0.4,0.182,0.0,0.562,0.9,0.2142,0.1638
noah_okafor__sui,Noah Okafor,SUI,MID,nations_league,Nations League,18,3,0,10,2,0,10,0,16.0,4.68,3.3384,0.6864000000000001,0.88,0.0,2.52,0.188,0.0,0.556,0.206,0.0,0.538,0.78,0.1466,0.1607
noah_okafor__sui,Noah Okafor,SUI,MID,venskabskamp,Venskabskamp,21,2,0,6,6,0,6,3,15.0,8.9,3.5152,0.27040000000000003,0.52,0.0,2.12,0.133,0.0,0.286,0.077,0.0,0.238,0.52,0.0692,0.04
noah_sadiki__cod,Noah Sadiki,COD,MID,slutrunde,Slutrunde,8,3,0,4,0,0,4,0,8.0,6.12,6.12,2.55,2.55,0.0,2.72,0.375,0.0,0.5,0.417,0.0,0.444,1.0,0.375,0.417
noah_sadiki__cod,Noah Sadiki,COD,MID,kvalifikation,Kvalifikation,15,7,0,2,0,0,2,1,15.0,8.84,7.956,4.140000000000001,4.6000000000000005,0.0,1.36,0.467,0.0,0.133,0.52,0.0,0.154,0.9,0.4203,0.468
noah_sadiki__cod,Noah Sadiki,COD,MID,venskabskamp,Venskabskamp,5,2,0,1,0,0,1,1,5.0,3.93,2.0436,0.6032,1.1600000000000001,0.0,0.92,0.4,0.0,0.2,0.295,0.0,0.234,0.52,0.208,0.1534
noel_tornqvist__swe,Noel Törnqvist,SWE,GK,kvalifikation,Kvalifikation,6,0,0,1,0,0,1,5,6.0,4.5600000000000005,4.104000000000001,0.0,0.0,0.0,0.68,0.0,0.0,0.167,0.0,0.0,0.149,0.9,0.0,0.0
noni_madueke__eng,Noni Madueke,ENG,FWD,kvalifikation,Kvalifikation,8,3,0,0,5,0,0,0,3.0,5.04,1.8360000000000003,1.8360000000000003,2.04,0.0,0.0,1.0,0.0,0.0,1.0,0.0,0.0,0.9,0.9,0.9
noni_madueke__eng,Noni Madueke,ENG,FWD,nations_league,Nations League,6,2,0,0,0,0,0,1,6.0,2.88,2.2464,0.7488,0.96,0.0,0.0,0.333,0.0,0.0,0.333,0.0,0.0,0.78,0.2597,0.2597
noni_madueke__eng,Noni Madueke,ENG,FWD,venskabskamp,Venskabskamp,5,1,0,2,1,0,2,0,4.0,4.2,1.8304,0.47840000000000005,0.92,0.0,1.92,0.25,0.0,0.4,0.261,0.0,0.457,0.52,0.13,0.1357
noor_al_rawabdeh__jor,Noor Al-Rawabdeh,JOR,MID,slutrunde,Slutrunde,20,9,0,6,3,0,6,1,17.0,8.27,7.31,2.18,2.18,0.0,4.93,0.529,0.0,0.3,0.298,0.0,0.596,1.0,0.529,0.298
noor_al_rawabdeh__jor,Noor Al-Rawabdeh,JOR,MID,kvalifikation,Kvalifikation,29,15,0,1,4,0,1,5,25.0,9.24,6.588,4.554,5.06,0.0,0.2,0.6,0.0,0.034,0.691,0.0,0.022,0.9,0.54,0.6219
noor_al_rawabdeh__jor,Noor Al-Rawabdeh,JOR,MID,venskabskamp,Venskabskamp,41,25,0,11,0,0,11,2,41.0,13.4,6.968000000000001,4.0456,7.78,0.0,3.64,0.61,0.0,0.268,0.581,0.0,0.272,0.52,0.3172,0.3021
noussair_mazraoui__mar,Noussair Mazraoui,MAR,DEF,slutrunde,Slutrunde,53,14,0,21,15,0,19,1,38.0,21.42,15.48,7.37,7.37,0.0,7.8100000000000005,0.368,0.0,0.396,0.476,0.0,0.365,1.0,0.368,0.476
noussair_mazraoui__mar,Noussair Mazraoui,MAR,DEF,kvalifikation,Kvalifikation,38,11,0,17,8,0,17,1,30.0,11.22,7.974,3.096,3.44,0.0,4.84,0.367,0.0,0.447,0.388,0.0,0.431,0.9,0.3303,0.3492
noussair_mazraoui__mar,Noussair Mazraoui,MAR,DEF,venskabskamp,Venskabskamp,38,14,0,15,4,0,15,3,34.0,12.26,5.751200000000001,2.7768,5.34,0.0,4.3,0.412,0.0,0.395,0.483,0.0,0.351,0.52,0.2142,0.2512
nuno_mendes__por,Nuno Mendes,POR,DEF,slutrunde,Slutrunde,14,5,0,1,5,0,1,3,9.0,4.2,3.2,2.12,2.12,0.0,0.2,0.556,0.0,0.071,0.662,0.0,0.048,1.0,0.556,0.662
nuno_mendes__por,Nuno Mendes,POR,DEF,nations_league_finals,Nations League-slutrunde,4,4,0,0,0,0,0,0,4.0,2.12,2.014,2.014,2.12,0.0,0.0,1.0,0.0,0.0,1.0,0.0,0.0,0.95,0.95,0.95
nuno_mendes__por,Nuno Mendes,POR,DEF,kvalifikation,Kvalifikation,26,10,0,1,10,0,1,1,16.0,8.74,4.338000000000001,3.3480000000000003,3.72,0.0,0.2,0.625,0.0,0.038,0.772,0.0,0.023,0.9,0.5625,0.6948
nuno_mendes__por,Nuno Mendes,POR,DEF,nations_league,Nations League,12,9,0,0,0,0,0,3,12.0,4.08,3.1824000000000003,2.7144000000000004,3.48,0.0,0.0,0.75,0.0,0.0,0.853,0.0,0.0,0.78,0.585,0.6653
nuno_mendes__por,Nuno Mendes,POR,DEF,venskabskamp,Venskabskamp,13,8,0,1,0,0,1,1,13.0,5.66,2.9432,1.4768000000000001,2.84,0.0,1.0,0.615,0.0,0.077,0.502,0.0,0.177,0.52,0.3198,0.261
nuno_da_costa__cpv,Nuno da Costa,CPV,FWD,slutrunde,Slutrunde,9,0,0,9,0,0,9,0,9.0,2.4,2.4,0.0,0.0,0.0,2.4,0.0,0.0,1.0,0.0,0.0,1.0,1.0,0.0,0.0
nuno_da_costa__cpv,Nuno da Costa,CPV,FWD,kvalifikation,Kvalifikation,48,1,0,39,2,0,39,3,46.0,12.8,10.296000000000001,0.09000000000000001,0.1,0.0,9.58,0.022,0.0,0.812,0.009,0.0,0.748,0.9,0.0198,0.0081
nuno_da_costa__cpv,Nuno da Costa,CPV,FWD,venskabskamp,Venskabskamp,26,2,0,18,3,0,18,1,23.0,9.280000000000001,4.243200000000001,0.8736,1.6800000000000002,0.0,3.96,0.087,0.0,0.692,0.206,0.0,0.427,0.52,0.0452,0.1071
obed_vargas__mex,Obed Vargas,MEX,MID,slutrunde,Slutrunde,6,0,0,6,0,0,6,0,6.0,4.08,4.08,0.0,0.0,0.0,4.08,0.0,0.0,1.0,0.0,0.0,1.0,1.0,0.0,0.0
obed_vargas__mex,Obed Vargas,MEX,MID,nations_league_finals,Nations League-slutrunde,4,0,0,4,0,0,3,0,4.0,1.92,1.8239999999999998,0.0,0.0,0.0,1.92,0.0,0.0,1.0,0.0,0.0,1.0,0.95,0.0,0.0
obed_vargas__mex,Obed Vargas,MEX,MID,venskabskamp,Venskabskamp,17,2,0,8,0,0,8,3,17.0,13.31,6.921200000000001,0.9204000000000001,1.77,0.0,5.930000000000001,0.118,0.0,0.471,0.133,0.0,0.446,0.52,0.0614,0.0692
odildzhon_khamrobekov__uzb,Odildzhon Khamrobekov,UZB,MID,slutrunde,Slutrunde,17,10,0,0,0,0,0,4,17.0,6.0,6.0,4.28,4.28,0.0,0.0,0.588,0.0,0.0,0.713,0.0,0.0,1.0,0.588,0.713
odildzhon_khamrobekov__uzb,Odildzhon Khamrobekov,UZB,MID,kvalifikation,Kvalifikation,27,22,0,3,0,0,3,0,27.0,8.94,8.046000000000001,7.506,8.34,0.0,0.30000000000000004,0.815,0.0,0.111,0.933,0.0,0.034,0.9,0.7335,0.8397
odildzhon_khamrobekov__uzb,Odildzhon Khamrobekov,UZB,MID,venskabskamp,Venskabskamp,51,35,0,9,2,0,9,3,49.0,12.360000000000001,5.720000000000001,4.784000000000001,9.200000000000001,0.0,1.2000000000000002,0.714,0.0,0.176,0.836,0.0,0.097,0.52,0.3713,0.4347
odilon_kossounou__civ,Odilon Kossounou,CIV,DEF,slutrunde,Slutrunde,20,8,0,5,0,0,4,6,20.0,8.09,8.09,4.56,4.56,0.0,1.12,0.4,0.0,0.25,0.564,0.0,0.138,1.0,0.4,0.564
odilon_kossounou__civ,Odilon Kossounou,CIV,DEF,kvalifikation,Kvalifikation,32,11,0,9,7,0,9,2,25.0,11.2,6.840000000000001,3.1140000000000003,3.46,0.0,2.4,0.44,0.0,0.281,0.455,0.0,0.214,0.9,0.396,0.4095
odilon_kossounou__civ,Odilon Kossounou,CIV,DEF,venskabskamp,Venskabskamp,21,7,0,1,2,0,1,6,19.0,8.540000000000001,4.2328,1.3104,2.52,0.0,0.2,0.368,0.0,0.048,0.31,0.0,0.023,0.52,0.1914,0.1612
o_uz_ayd_n__tur,Oguz Aydin,TUR,MID,slutrunde,Slutrunde,5,0,0,5,0,0,5,0,5.0,2.4,2.4,0.0,0.0,0.0,2.4,0.0,0.0,1.0,0.0,0.0,1.0,1.0,0.0,0.0
o_uz_ayd_n__tur,Oguz Aydin,TUR,MID,kvalifikation,Kvalifikation,8,2,0,1,0,0,1,2,8.0,5.92,5.328000000000001,1.2240000000000002,1.36,0.0,0.92,0.25,0.0,0.125,0.23,0.0,0.155,0.9,0.225,0.207
o_uz_ayd_n__tur,Oguz Aydin,TUR,MID,nations_league,Nations League,8,2,0,6,0,0,6,0,8.0,3.84,2.9952,0.7488,0.96,0.0,2.88,0.25,0.0,0.75,0.25,0.0,0.75,0.78,0.195,0.195
o_uz_ayd_n__tur,Oguz Aydin,TUR,MID,venskabskamp,Venskabskamp,8,3,0,1,0,0,1,3,8.0,4.8,2.496,1.04,2.0,0.0,0.48,0.375,0.0,0.125,0.417,0.0,0.1,0.52,0.195,0.2168
oliver_baumann__ger,Oliver Baumann,GER,GK,slutrunde,Slutrunde,5,0,0,0,0,0,0,5,5.0,2.4,2.4,0.0,0.0,0.0,0.0,0.0,0.0,0.0,0.0,0.0,0.0,1.0,0.0,0.0
oliver_baumann__ger,Oliver Baumann,GER,GK,nations_league_finals,Nations League-slutrunde,4,2,0,0,0,0,0,2,4.0,2.12,2.014,0.9119999999999999,0.96,0.0,0.0,0.5,0.0,0.0,0.453,0.0,0.0,0.95,0.475,0.4304
oliver_baumann__ger,Oliver Baumann,GER,GK,kvalifikation,Kvalifikation,6,6,0,0,0,0,0,0,6.0,4.08,3.6720000000000006,3.6720000000000006,4.08,0.0,0.0,1.0,0.0,0.0,1.0,0.0,0.0,0.9,0.9,0.9
oliver_baumann__ger,Oliver Baumann,GER,GK,nations_league,Nations League,14,2,0,0,0,0,0,12,14.0,4.28,3.3384,0.7488,0.96,0.0,0.0,0.143,0.0,0.0,0.224,0.0,0.0,0.78,0.1115,0.1747
oliver_baumann__ger,Oliver Baumann,GER,GK,venskabskamp,Venskabskamp,14,3,0,0,0,0,0,11,14.0,7.2,3.744,1.5184000000000002,2.92,0.0,0.0,0.214,0.0,0.0,0.406,0.0,0.0,0.52,0.1113,0.2111
ollie_watkins__eng,Ollie Watkins,ENG,FWD,slutrunde,Slutrunde,19,0,0,12,0,0,12,4,19.0,5.76,5.76,0.0,0.0,0.0,2.4000000000000004,0.0,0.0,0.632,0.0,0.0,0.417,1.0,0.0,0.0
ollie_watkins__eng,Ollie Watkins,ENG,FWD,kvalifikation,Kvalifikation,26,1,0,14,2,0,14,5,24.0,9.06,7.290000000000001,0.28800000000000003,0.32,0.0,5.08,0.042,0.0,0.538,0.04,0.0,0.561,0.9,0.0378,0.036
ollie_watkins__eng,Ollie Watkins,ENG,FWD,nations_league,Nations League,12,1,0,6,2,0,6,1,10.0,4.08,2.4336,0.3744,0.48,0.0,1.2000000000000002,0.1,0.0,0.5,0.154,0.0,0.294,0.78,0.078,0.1201
ollie_watkins__eng,Ollie Watkins,ENG,FWD,venskabskamp,Venskabskamp,15,6,0,4,0,0,4,1,15.0,6.98,3.6296000000000004,1.4768000000000001,2.84,0.0,2.8400000000000003,0.4,0.0,0.267,0.407,0.0,0.407,0.52,0.208,0.2116
omar_alderete__par,Omar Alderete,PAR,DEF,slutrunde,Slutrunde,12,4,0,5,0,0,5,2,12.0,2.84,2.84,1.64,1.64,0.0,0.6000000000000001,0.333,0.0,0.417,0.577,0.0,0.211,1.0,0.333,0.577
omar_alderete__par,Omar Alderete,PAR,DEF,kvalifikation,Kvalifikation,36,20,0,3,2,0,2,9,34.0,11.38,9.882000000000001,7.146000000000001,7.94,0.0,0.88,0.588,0.0,0.083,0.723,0.0,0.077,0.9,0.5292,0.6507
omar_alderete__par,Omar Alderete,PAR,DEF,venskabskamp,Venskabskamp,30,9,0,16,2,0,16,3,28.0,10.02,5.002400000000001,2.8392,5.46,0.0,3.08,0.321,0.0,0.533,0.568,0.0,0.307,0.52,0.1669,0.2954
omar_marmoush__egy,Omar Marmoush,EGY,FWD,slutrunde,Slutrunde,27,14,0,9,0,0,9,1,27.0,12.21,12.21,6.29,6.29,0.0,3.58,0.519,0.0,0.333,0.515,0.0,0.293,1.0,0.519,0.515
omar_marmoush__egy,Omar Marmoush,EGY,FWD,kvalifikation,Kvalifikation,28,18,0,4,4,0,4,0,24.0,10.8,8.136000000000001,5.94,6.6,0.0,1.92,0.75,0.0,0.143,0.73,0.0,0.178,0.9,0.675,0.657
omar_marmoush__egy,Omar Marmoush,EGY,FWD,venskabskamp,Venskabskamp,18,10,0,5,0,0,4,0,18.0,9.09,4.726800000000001,3.0576000000000003,5.88,0.0,2.25,0.556,0.0,0.278,0.647,0.0,0.248,0.52,0.2891,0.3364
omar_rekik__tun,Omar Rekik,TUN,DEF,slutrunde,Slutrunde,24,0,0,19,0,0,19,3,24.0,9.370000000000001,9.370000000000001,0.0,0.0,0.0,8.370000000000001,0.0,0.0,0.792,0.0,0.0,0.893,1.0,0.0,0.0
omar_rekik__tun,Omar Rekik,TUN,DEF,kvalifikation,Kvalifikation,30,0,0,30,0,0,28,0,30.0,11.2,10.08,0.0,0.0,0.0,11.2,0.0,0.0,1.0,0.0,0.0,1.0,0.9,0.0,0.0
omar_rekik__tun,Omar Rekik,TUN,DEF,venskabskamp,Venskabskamp,27,4,0,18,0,0,16,5,27.0,12.63,6.5676000000000005,1.6224,3.12,0.0,7.890000000000001,0.148,0.0,0.667,0.247,0.0,0.625,0.52,0.077,0.1284
omid_noorafkan__irn,Omid Noorafkan,IRN,MID,slutrunde,Slutrunde,25,6,0,18,0,0,18,1,25.0,7.1000000000000005,7.1000000000000005,3.3600000000000003,3.3600000000000003,0.0,3.42,0.24,0.0,0.72,0.473,0.0,0.482,1.0,0.24,0.473
omid_noorafkan__irn,Omid Noorafkan,IRN,MID,kvalifikation,Kvalifikation,35,12,0,7,2,0,6,6,33.0,10.44,8.82,3.6,4.0,0.0,1.1,0.364,0.0,0.2,0.408,0.0,0.105,0.9,0.3276,0.3672
omid_noorafkan__irn,Omid Noorafkan,IRN,MID,venskabskamp,Venskabskamp,35,5,0,15,4,0,15,1,31.0,9.940000000000001,4.5032000000000005,0.7176,1.3800000000000001,0.0,1.7000000000000002,0.161,0.0,0.429,0.159,0.0,0.171,0.52,0.0837,0.0827
orbel_n_pineda__mex,Orbelin Pineda,MEX,MID,slutrunde,Slutrunde,48,19,0,13,0,0,13,9,48.0,11.64,11.64,5.16,5.16,0.0,1.3,0.396,0.0,0.271,0.443,0.0,0.112,1.0,0.396,0.443
orbel_n_pineda__mex,Orbelin Pineda,MEX,MID,nations_league_finals,Nations League-slutrunde,12,3,0,0,0,0,0,1,12.0,4.14,3.933,1.064,1.12,0.0,0.0,0.25,0.0,0.0,0.271,0.0,0.0,0.95,0.2375,0.2575
orbel_n_pineda__mex,Orbelin Pineda,MEX,MID,kvalifikation,Kvalifikation,28,3,0,6,0,0,6,12,28.0,4.2,3.7800000000000002,0.54,0.6000000000000001,0.0,1.0,0.107,0.0,0.214,0.143,0.0,0.238,0.9,0.0963,0.1287
orbel_n_pineda__mex,Orbelin Pineda,MEX,MID,nations_league,Nations League,8,3,0,3,0,0,3,0,8.0,1.2000000000000002,0.9360000000000002,0.39000000000000007,0.5,0.0,0.4,0.375,0.0,0.375,0.417,0.0,0.333,0.78,0.2925,0.3253
orbel_n_pineda__mex,Orbelin Pineda,MEX,MID,venskabskamp,Venskabskamp,82,22,0,32,1,0,32,9,81.0,24.59,12.7348,4.430400000000001,8.52,0.0,7.03,0.272,0.0,0.39,0.348,0.0,0.286,0.52,0.1414,0.181
orkun_k_k__tur,Orkun Kökcü,TUR,MID,slutrunde,Slutrunde,8,3,0,1,0,0,0,2,8.0,3.0,3.0,1.44,1.44,0.0,0.48,0.375,0.0,0.125,0.48,0.0,0.16,1.0,0.375,0.48
orkun_k_k__tur,Orkun Kökcü,TUR,MID,kvalifikation,Kvalifikation,27,13,0,2,1,0,1,4,26.0,10.14,8.838000000000001,4.176,4.640000000000001,0.0,0.52,0.5,0.0,0.074,0.473,0.0,0.051,0.9,0.45,0.4257
orkun_k_k__tur,Orkun Kökcü,TUR,MID,nations_league,Nations League,20,9,0,3,3,0,2,3,17.0,5.64,4.0872,2.6364,3.38,0.0,0.78,0.529,0.0,0.15,0.645,0.0,0.138,0.78,0.4126,0.5031
orkun_k_k__tur,Orkun Kökcü,TUR,MID,venskabskamp,Venskabskamp,18,9,0,1,1,0,1,2,17.0,6.54,3.2344000000000004,2.184,4.2,0.0,0.2,0.529,0.0,0.056,0.675,0.0,0.031,0.52,0.2751,0.351
orlando_gill__par,Orlando Gill,PAR,GK,kvalifikation,Kvalifikation,4,1,0,0,0,0,0,3,4.0,2.52,2.2680000000000002,0.6120000000000001,0.68,0.0,0.0,0.25,0.0,0.0,0.27,0.0,0.0,0.9,0.225,0.243
orlando_gill__par,Orlando Gill,PAR,GK,venskabskamp,Venskabskamp,7,4,0,0,0,0,0,2,7.0,5.5600000000000005,2.8912000000000004,1.5392000000000001,2.96,0.0,0.0,0.571,0.0,0.0,0.532,0.0,0.0,0.52,0.2969,0.2766
orlando_mosquera__pan,Orlando Mosquera,PAN,GK,slutrunde,Slutrunde,25,14,0,0,0,0,0,11,25.0,7.96,7.96,6.5600000000000005,6.5600000000000005,0.0,0.0,0.56,0.0,0.0,0.824,0.0,0.0,1.0,0.56,0.824
orlando_mosquera__pan,Orlando Mosquera,PAN,GK,nations_league_finals,Nations League-slutrunde,10,9,0,0,0,0,0,1,10.0,3.84,3.6479999999999997,3.344,3.52,0.0,0.0,0.9,0.0,0.0,0.917,0.0,0.0,0.95,0.855,0.8711
orlando_mosquera__pan,Orlando Mosquera,PAN,GK,kvalifikation,Kvalifikation,30,8,0,0,0,0,0,22,30.0,10.200000000000001,9.180000000000001,3.8520000000000008,4.28,0.0,0.0,0.267,0.0,0.0,0.42,0.0,0.0,0.9,0.2403,0.378
orlando_mosquera__pan,Orlando Mosquera,PAN,GK,nations_league,Nations League,8,4,0,2,0,0,2,2,8.0,2.08,1.6224000000000003,0.8112000000000001,1.04,0.0,0.64,0.5,0.0,0.25,0.5,0.0,0.308,0.78,0.39,0.39
orlando_mosquera__pan,Orlando Mosquera,PAN,GK,venskabskamp,Venskabskamp,31,11,0,8,1,0,8,9,30.0,11.9,6.136,2.7352000000000003,5.26,0.0,3.3,0.367,0.0,0.258,0.446,0.0,0.277,0.52,0.1908,0.2319
oscar_bobb__nor,Oscar Bobb,NOR,MID,kvalifikation,Kvalifikation,11,4,0,0,2,0,0,0,9.0,6.0,4.5360000000000005,1.8000000000000003,2.0,0.0,0.0,0.444,0.0,0.0,0.397,0.0,0.0,0.9,0.3996,0.3573
oscar_bobb__nor,Oscar Bobb,NOR,MID,nations_league,Nations League,6,0,0,0,6,0,0,0,0.0,2.88,0.0,0.0,0.0,0.0,0.0,0,0.0,0.0,0,0.0,0.0,0.78,0.0,0.0
oscar_bobb__nor,Oscar Bobb,NOR,MID,venskabskamp,Venskabskamp,10,9,0,0,0,0,0,0,10.0,6.12,3.1824000000000003,2.704,5.2,0.0,0.0,0.9,0.0,0.0,0.85,0.0,0.0,0.52,0.468,0.442
osman_hadzikic__bih,Osman Hadzikic,BIH,GK,kvalifikation,Kvalifikation,10,0,0,0,0,0,0,10,10.0,6.880000000000001,6.192000000000001,0.0,0.0,0.0,0.0,0.0,0.0,0.0,0.0,0.0,0.0,0.9,0.0,0.0
osman_hadzikic__bih,Osman Hadzikic,BIH,GK,nations_league,Nations League,6,0,0,0,0,0,0,6,6.0,2.88,2.2464,0.0,0.0,0.0,0.0,0.0,0.0,0.0,0.0,0.0,0.0,0.78,0.0,0.0
osman_hadzikic__bih,Osman Hadzikic,BIH,GK,venskabskamp,Venskabskamp,5,0,0,0,0,0,0,5,5.0,3.16,1.6432,0.0,0.0,0.0,0.0,0.0,0.0,0.0,0.0,0.0,0.0,0.52,0.0,0.0
oston_urunov__uzb,Oston Urunov,UZB,MID,slutrunde,Slutrunde,13,8,0,0,0,0,0,0,13.0,5.6000000000000005,5.6000000000000005,2.92,2.92,0.0,0.0,0.615,0.0,0.0,0.521,0.0,0.0,1.0,0.615,0.521
oston_urunov__uzb,Oston Urunov,UZB,MID,kvalifikation,Kvalifikation,27,7,0,8,7,0,8,1,20.0,8.94,4.986000000000001,2.736,3.04,0.0,1.1,0.35,0.0,0.296,0.549,0.0,0.123,0.9,0.315,0.4941
oston_urunov__uzb,Oston Urunov,UZB,MID,venskabskamp,Venskabskamp,38,10,0,14,3,0,14,3,35.0,11.06,5.543200000000001,2.7872000000000003,5.36,0.0,2.3200000000000003,0.286,0.0,0.368,0.503,0.0,0.21,0.52,0.1487,0.2616
oswin_appollis__rsa,Oswin Appollis,RSA,FWD,slutrunde,Slutrunde,15,4,0,4,0,0,4,6,15.0,8.36,8.36,3.4,3.4,0.0,2.72,0.267,0.0,0.267,0.407,0.0,0.325,1.0,0.267,0.407
oswin_appollis__rsa,Oswin Appollis,RSA,FWD,kvalifikation,Kvalifikation,16,11,0,1,0,0,1,1,16.0,8.16,7.344,5.472,6.08,0.0,0.48,0.688,0.0,0.062,0.745,0.0,0.059,0.9,0.6192,0.6705
oswin_appollis__rsa,Oswin Appollis,RSA,FWD,venskabskamp,Venskabskamp,8,4,0,0,0,0,0,1,8.0,5.5200000000000005,2.8704,1.352,2.6,0.0,0.0,0.5,0.0,0.0,0.471,0.0,0.0,0.52,0.26,0.2449
otabek_shukurov__uzb,Otabek Shukurov,UZB,MID,slutrunde,Slutrunde,17,12,0,3,0,0,3,0,17.0,6.0,6.0,3.3200000000000003,3.3200000000000003,0.0,1.32,0.706,0.0,0.176,0.553,0.0,0.22,1.0,0.706,0.553
otabek_shukurov__uzb,Otabek Shukurov,UZB,MID,kvalifikation,Kvalifikation,40,28,0,5,0,0,5,6,40.0,10.24,9.216000000000001,7.182,7.9799999999999995,0.0,1.56,0.7,0.0,0.125,0.779,0.0,0.152,0.9,0.63,0.7011
otabek_shukurov__uzb,Otabek Shukurov,UZB,MID,venskabskamp,Venskabskamp,59,41,0,13,0,0,13,1,59.0,13.16,6.8432,5.678400000000001,10.92,0.0,1.52,0.695,0.0,0.22,0.83,0.0,0.116,0.52,0.3614,0.4316
oumar_diakite__civ,Oumar Diakite,CIV,FWD,slutrunde,Slutrunde,16,3,0,5,0,0,4,3,16.0,7.29,7.29,1.49,1.49,0.0,1.12,0.188,0.0,0.312,0.204,0.0,0.154,1.0,0.188,0.204
oumar_diakite__civ,Oumar Diakite,CIV,FWD,kvalifikation,Kvalifikation,22,7,0,5,1,0,5,2,21.0,9.6,8.46,2.9160000000000004,3.24,0.0,2.08,0.333,0.0,0.227,0.345,0.0,0.217,0.9,0.2997,0.3105
oumar_diakite__civ,Oumar Diakite,CIV,FWD,venskabskamp,Venskabskamp,15,4,0,8,0,0,8,0,15.0,7.640000000000001,3.9728000000000003,1.2064000000000001,2.3200000000000003,0.0,4.0,0.267,0.0,0.533,0.304,0.0,0.524,0.52,0.1388,0.1581
ousmane_demb_l__fra,Ousmane Dembele,FRA,FWD,slutrunde,Slutrunde,24,12,0,0,2,0,0,4,22.0,5.78,5.38,3.32,3.32,0.0,0.0,0.545,0.0,0.0,0.617,0.0,0.0,1.0,0.545,0.617
ousmane_demb_l__fra,Ousmane Dembele,FRA,FWD,nations_league_finals,Nations League-slutrunde,6,3,0,0,3,0,0,0,3.0,2.52,1.3679999999999999,1.3679999999999999,1.44,0.0,0.0,1.0,0.0,0.0,1.0,0.0,0.0,0.95,0.95,0.95
ousmane_demb_l__fra,Ousmane Dembele,FRA,FWD,kvalifikation,Kvalifikation,42,4,0,8,20,0,8,4,22.0,9.700000000000001,3.6900000000000004,0.7560000000000001,0.8400000000000001,0.0,0.8,0.182,0.0,0.19,0.205,0.0,0.082,0.9,0.1638,0.1845
ousmane_demb_l__fra,Ousmane Dembele,FRA,FWD,nations_league,Nations League,22,3,0,10,2,0,10,1,20.0,5.08,3.2136000000000005,1.1232,1.44,0.0,1.4000000000000001,0.15,0.0,0.455,0.35,0.0,0.276,0.78,0.117,0.273
ousmane_demb_l__fra,Ousmane Dembele,FRA,FWD,venskabskamp,Venskabskamp,30,10,0,4,3,0,4,5,27.0,7.48,3.7336000000000005,1.3728,2.64,0.0,0.6000000000000001,0.37,0.0,0.133,0.368,0.0,0.08,0.52,0.1924,0.1914
ousmane_diomande__civ,Ousmane Diomande,CIV,DEF,slutrunde,Slutrunde,12,3,0,3,0,0,3,5,12.0,6.49,6.49,1.49,1.49,0.0,0.96,0.25,0.0,0.25,0.23,0.0,0.148,1.0,0.25,0.23
ousmane_diomande__civ,Ousmane Diomande,CIV,DEF,kvalifikation,Kvalifikation,17,3,0,4,4,0,4,6,13.0,8.48,5.5440000000000005,1.1520000000000001,1.28,0.0,2.3200000000000003,0.231,0.0,0.235,0.208,0.0,0.274,0.9,0.2079,0.1872
ousmane_diomande__civ,Ousmane Diomande,CIV,DEF,venskabskamp,Venskabskamp,11,5,0,2,0,0,2,2,11.0,6.84,3.5568000000000004,1.3312000000000002,2.56,0.0,1.36,0.455,0.0,0.182,0.374,0.0,0.199,0.52,0.2366,0.1945
oussama_targhalline__mar,Oussama Targhalline,MAR,MID,slutrunde,Slutrunde,20,0,0,13,0,0,11,3,20.0,15.64,15.64,0.0,0.0,0.0,9.69,0.0,0.0,0.65,0.0,0.0,0.62,1.0,0.0,0.0
oussama_targhalline__mar,Oussama Targhalline,MAR,MID,kvalifikation,Kvalifikation,13,1,0,2,0,0,2,7,13.0,6.84,6.156000000000001,0.432,0.48,0.0,1.36,0.077,0.0,0.154,0.07,0.0,0.199,0.9,0.0693,0.063
oussama_targhalline__mar,Oussama Targhalline,MAR,MID,venskabskamp,Venskabskamp,8,0,0,0,0,0,0,5,8.0,6.24,3.2448,0.0,0.0,0.0,0.0,0.0,0.0,0.0,0.0,0.0,0.0,0.52,0.0,0.0
owen_goodman__can,Owen Goodman,CAN,GK,venskabskamp,Venskabskamp,7,0,0,1,0,0,1,6,7.0,6.05,3.1460000000000004,0.0,0.0,0.0,0.85,0.0,0.0,0.143,0.0,0.0,0.14,0.52,0.0,0.0
ozan_kabak__tur,Ozan Kabak,TUR,DEF,slutrunde,Slutrunde,8,0,0,0,5,0,0,3,3.0,3.0,0.6000000000000001,0.0,0.0,0.0,0.0,0.0,0.0,0.0,0.0,0.0,0.0,1.0,0.0,0.0
ozan_kabak__tur,Ozan Kabak,TUR,DEF,kvalifikation,Kvalifikation,37,6,0,9,8,0,8,10,29.0,11.14,7.686000000000001,1.4580000000000002,1.62,0.0,3.4200000000000004,0.207,0.0,0.243,0.19,0.0,0.307,0.9,0.1863,0.171
ozan_kabak__tur,Ozan Kabak,TUR,DEF,nations_league,Nations League,20,5,0,1,8,0,0,4,12.0,5.64,1.4040000000000004,0.546,0.7000000000000001,0.0,0.1,0.417,0.0,0.05,0.389,0.0,0.018,0.78,0.3253,0.3034
ozan_kabak__tur,Ozan Kabak,TUR,DEF,venskabskamp,Venskabskamp,20,11,0,1,5,0,1,1,15.0,6.74,2.4440000000000004,2.1216,4.08,0.0,0.1,0.733,0.0,0.05,0.868,0.0,0.015,0.52,0.3812,0.4514
pablo_gavi__esp,Pablo Gavi,ESP,MID,slutrunde,Slutrunde,12,4,0,1,7,0,1,0,5.0,5.08,1.7200000000000002,0.8,0.8,0.0,0.92,0.8,0.0,0.083,0.465,0.0,0.181,1.0,0.8,0.465
pablo_gavi__esp,Pablo Gavi,ESP,MID,nations_league_finals,Nations League-slutrunde,8,4,0,2,0,0,2,1,8.0,3.16,3.002,0.988,1.04,0.0,0.96,0.5,0.0,0.25,0.329,0.0,0.304,0.95,0.475,0.3125
pablo_gavi__esp,Pablo Gavi,ESP,MID,kvalifikation,Kvalifikation,16,9,0,0,6,0,0,0,10.0,6.800000000000001,2.4480000000000004,2.2680000000000002,2.52,0.0,0.0,0.9,0.0,0.0,0.926,0.0,0.0,0.9,0.81,0.8334
pablo_gavi__esp,Pablo Gavi,ESP,MID,nations_league,Nations League,12,4,0,2,4,0,2,0,8.0,4.08,1.6848,0.6240000000000001,0.8,0.0,0.96,0.5,0.0,0.167,0.37,0.0,0.235,0.78,0.39,0.2886
pablo_gavi__esp,Pablo Gavi,ESP,MID,venskabskamp,Venskabskamp,10,3,0,2,4,0,2,0,6.0,5.04,1.7888000000000002,0.728,1.4,0.0,1.84,0.5,0.0,0.2,0.407,0.0,0.365,0.52,0.26,0.2116
pape_alassane_gueye__sen,Pape Alassane Gueye,SEN,MID,slutrunde,Slutrunde,34,12,0,14,0,0,12,2,34.0,14.71,14.71,6.66,6.66,0.0,5.800000000000001,0.353,0.0,0.412,0.453,0.0,0.394,1.0,0.353,0.453
pape_alassane_gueye__sen,Pape Alassane Gueye,SEN,MID,kvalifikation,Kvalifikation,26,10,0,8,0,0,5,2,26.0,10.4,9.360000000000001,4.464,4.96,0.0,3.0,0.385,0.0,0.308,0.477,0.0,0.288,0.9,0.3465,0.4293
pape_alassane_gueye__sen,Pape Alassane Gueye,SEN,MID,venskabskamp,Venskabskamp,14,5,0,4,0,0,2,3,14.0,7.5600000000000005,3.9312000000000005,1.4560000000000002,2.8000000000000003,0.0,1.28,0.357,0.0,0.286,0.37,0.0,0.169,0.52,0.1856,0.1924
pape_cherif_ndiaye__sen,Pape Cherif Ndiaye,SEN,FWD,slutrunde,Slutrunde,13,0,0,6,0,0,6,2,13.0,10.03,10.03,0.0,0.0,0.0,4.08,0.0,0.0,0.462,0.0,0.0,0.407,1.0,0.0,0.0
pape_cherif_ndiaye__sen,Pape Cherif Ndiaye,SEN,FWD,kvalifikation,Kvalifikation,14,1,0,0,0,0,0,7,14.0,7.52,6.768000000000001,0.432,0.48,0.0,0.0,0.071,0.0,0.0,0.064,0.0,0.0,0.9,0.0639,0.0576
pape_cherif_ndiaye__sen,Pape Cherif Ndiaye,SEN,FWD,venskabskamp,Venskabskamp,7,1,0,0,0,0,0,1,7.0,5.5600000000000005,2.8912000000000004,0.47840000000000005,0.92,0.0,0.0,0.143,0.0,0.0,0.165,0.0,0.0,0.52,0.0744,0.0858
pape_matar_sarr__sen,Pape Matar Sarr,SEN,MID,slutrunde,Slutrunde,34,4,0,12,1,0,12,14,33.0,14.71,14.51,1.81,1.81,0.0,5.28,0.121,0.0,0.353,0.125,0.0,0.359,1.0,0.121,0.125
pape_matar_sarr__sen,Pape Matar Sarr,SEN,MID,kvalifikation,Kvalifikation,32,16,0,2,0,0,2,7,32.0,11.4,10.260000000000002,5.382000000000001,5.98,0.0,0.64,0.5,0.0,0.062,0.525,0.0,0.056,0.9,0.45,0.4725
pape_matar_sarr__sen,Pape Matar Sarr,SEN,MID,venskabskamp,Venskabskamp,16,5,0,5,0,0,5,2,16.0,7.86,4.0872,0.9568000000000001,1.84,0.0,3.2800000000000002,0.312,0.0,0.312,0.234,0.0,0.417,0.52,0.1622,0.1217
parfait_guiagon__civ,Parfait Guiagon,CIV,MID,slutrunde,Slutrunde,5,0,0,5,0,0,5,0,5.0,4.25,4.25,0.0,0.0,0.0,4.25,0.0,0.0,1.0,0.0,0.0,1.0,1.0,0.0,0.0
parfait_guiagon__civ,Parfait Guiagon,CIV,MID,kvalifikation,Kvalifikation,4,0,0,0,2,0,0,1,2.0,2.72,1.2240000000000002,0.0,0.0,0.0,0.0,0.0,0.0,0.0,0.0,0.0,0.0,0.9,0.0,0.0
parfait_guiagon__civ,Parfait Guiagon,CIV,MID,venskabskamp,Venskabskamp,7,3,0,0,0,0,0,3,7.0,5.5600000000000005,2.8912000000000004,1.1856,2.2800000000000002,0.0,0.0,0.429,0.0,0.0,0.41,0.0,0.0,0.52,0.2231,0.2132
pascal_gross__ger,Pascal Gross,GER,MID,slutrunde,Slutrunde,5,0,0,0,0,0,0,4,5.0,2.4,2.4,0.0,0.0,0.0,0.0,0.0,0.0,0.0,0.0,0.0,0.0,1.0,0.0,0.0
pascal_gross__ger,Pascal Gross,GER,MID,nations_league_finals,Nations League-slutrunde,4,2,0,0,0,0,0,1,4.0,2.12,2.014,1.1019999999999999,1.1600000000000001,0.0,0.0,0.5,0.0,0.0,0.547,0.0,0.0,0.95,0.475,0.5197
pascal_gross__ger,Pascal Gross,GER,MID,kvalifikation,Kvalifikation,6,1,0,4,0,0,4,1,6.0,4.08,3.6720000000000006,0.6120000000000001,0.68,0.0,2.72,0.167,0.0,0.667,0.167,0.0,0.667,0.9,0.1503,0.1503
pascal_gross__ger,Pascal Gross,GER,MID,nations_league,Nations League,6,4,0,0,0,0,0,2,6.0,2.88,2.2464,1.4976,1.92,0.0,0.0,0.667,0.0,0.0,0.667,0.0,0.0,0.78,0.5203,0.5203
pascal_gross__ger,Pascal Gross,GER,MID,venskabskamp,Venskabskamp,14,5,0,0,0,0,0,5,14.0,7.2,3.744,1.1440000000000001,2.2,0.0,0.0,0.357,0.0,0.0,0.306,0.0,0.0,0.52,0.1856,0.1591
pascal_loretz__sui,Pascal Loretz,SUI,GK,kvalifikation,Kvalifikation,2,0,0,0,0,0,0,2,2.0,1.36,1.2240000000000002,0.0,0.0,0.0,0.0,0.0,0.0,0.0,0.0,0.0,0.0,0.9,0.0,0.0
pascal_loretz__sui,Pascal Loretz,SUI,GK,venskabskamp,Venskabskamp,5,0,0,2,0,0,2,3,5.0,2.64,1.3728,0.0,0.0,0.0,1.36,0.0,0.0,0.4,0.0,0.0,0.515,0.52,0.0,0.0
path_ciss__sen,Pathe Ciss,SEN,MID,slutrunde,Slutrunde,27,2,0,12,0,0,12,5,27.0,13.31,13.31,0.4,0.4,0.0,5.28,0.074,0.0,0.444,0.03,0.0,0.397,1.0,0.074,0.03
path_ciss__sen,Pathe Ciss,SEN,MID,kvalifikation,Kvalifikation,20,2,0,1,0,0,1,8,20.0,9.2,8.280000000000001,0.4680000000000001,0.52,0.0,0.32,0.1,0.0,0.05,0.057,0.0,0.035,0.9,0.09,0.0513
path_ciss__sen,Pathe Ciss,SEN,MID,venskabskamp,Venskabskamp,14,6,0,3,0,0,3,3,14.0,7.5600000000000005,3.9312000000000005,1.4352,2.7600000000000002,0.0,2.3600000000000003,0.429,0.0,0.214,0.365,0.0,0.312,0.52,0.2231,0.1898
patric_pfeiffer__gha,Patric Pfeiffer,GHA,DEF,venskabskamp,Venskabskamp,2,0,0,0,0,0,0,1,2.0,1.84,0.9568000000000001,0.0,0.0,0.0,0.0,0.0,0.0,0.0,0.0,0.0,0.0,0.52,0.0,0.0
patrick_agyemang__usa,Patrick Agyemang,USA,FWD,slutrunde,Slutrunde,6,6,0,0,0,0,0,0,6.0,4.08,4.08,4.08,4.08,0.0,0.0,1.0,0.0,0.0,1.0,0.0,0.0,1.0,1.0,1.0
patrick_agyemang__usa,Patrick Agyemang,USA,FWD,nations_league_finals,Nations League-slutrunde,2,1,0,0,0,0,0,0,2.0,0.96,0.9119999999999999,0.45599999999999996,0.48,0.0,0.0,0.5,0.0,0.0,0.5,0.0,0.0,0.95,0.475,0.475
patrick_agyemang__usa,Patrick Agyemang,USA,FWD,venskabskamp,Venskabskamp,12,2,0,2,2,0,2,2,10.0,8.24,3.5776000000000003,0.6032,1.1600000000000001,0.0,1.36,0.2,0.0,0.167,0.169,0.0,0.165,0.52,0.104,0.0879
patrick_beach__aus,Patrick Beach,AUS,GK,venskabskamp,Venskabskamp,6,2,0,0,0,0,0,4,6.0,5.2,2.704,0.8736,1.6800000000000002,0.0,0.0,0.333,0.0,0.0,0.323,0.0,0.0,0.52,0.1732,0.168
patrick_berg__nor,Patrick Berg,NOR,MID,kvalifikation,Kvalifikation,27,16,0,1,2,0,1,2,25.0,9.16,7.884000000000001,4.788,5.32,0.0,0.1,0.64,0.0,0.037,0.607,0.0,0.011,0.9,0.576,0.5463
patrick_berg__nor,Patrick Berg,NOR,MID,nations_league,Nations League,18,2,0,2,2,0,2,6,16.0,4.68,3.4944,0.7488,0.96,0.0,0.30000000000000004,0.125,0.0,0.111,0.214,0.0,0.064,0.78,0.0975,0.1669
patrick_berg__nor,Patrick Berg,NOR,MID,venskabskamp,Venskabskamp,17,6,0,2,0,0,2,3,17.0,7.54,3.9208000000000003,1.3104,2.52,0.0,0.4,0.353,0.0,0.118,0.334,0.0,0.053,0.52,0.1836,0.1737
patrick_pentz__aut,Patrick Pentz,AUT,GK,slutrunde,Slutrunde,4,4,0,0,0,0,0,0,4.0,1.92,1.92,1.92,1.92,0.0,0.0,1.0,0.0,0.0,1.0,0.0,0.0,1.0,1.0,1.0
patrick_pentz__aut,Patrick Pentz,AUT,GK,kvalifikation,Kvalifikation,19,3,0,2,0,0,2,14,19.0,8.360000000000001,7.524000000000001,1.8360000000000003,2.04,0.0,0.64,0.158,0.0,0.105,0.244,0.0,0.077,0.9,0.1422,0.2196
patrick_pentz__aut,Patrick Pentz,AUT,GK,nations_league,Nations League,14,7,0,0,0,0,0,7,14.0,5.04,3.9312000000000005,1.9656000000000002,2.52,0.0,0.0,0.5,0.0,0.0,0.5,0.0,0.0,0.78,0.39,0.39
patrick_pentz__aut,Patrick Pentz,AUT,GK,venskabskamp,Venskabskamp,12,3,0,3,0,0,3,5,12.0,5.5200000000000005,2.8704,0.8112000000000001,1.56,0.0,0.72,0.25,0.0,0.25,0.283,0.0,0.13,0.52,0.13,0.1472
patrick_schulte__usa,Patrick Schulte,USA,GK,slutrunde,Slutrunde,9,0,0,3,6,0,3,0,3.0,5.5200000000000005,1.44,0.0,0.0,0.0,1.44,0.0,0.0,0.333,0.0,0.0,0.261,1.0,0.0,0.0
patrick_schulte__usa,Patrick Schulte,USA,GK,nations_league_finals,Nations League-slutrunde,6,0,0,2,0,0,2,4,6.0,2.56,2.432,0.0,0.0,0.0,0.64,0.0,0.0,0.333,0.0,0.0,0.25,0.95,0.0,0.0
patrick_schulte__usa,Patrick Schulte,USA,GK,venskabskamp,Venskabskamp,19,3,0,4,2,0,4,10,17.0,11.44,5.2416,0.6656,1.28,0.0,2.3200000000000003,0.176,0.0,0.211,0.127,0.0,0.203,0.52,0.0915,0.066
patrick_wimmer__aut,Patrick Wimmer,AUT,MID,slutrunde,Slutrunde,4,1,0,1,0,0,0,0,4.0,1.92,1.92,0.48,0.48,0.0,0.48,0.25,0.0,0.25,0.25,0.0,0.25,1.0,0.25,0.25
patrick_wimmer__aut,Patrick Wimmer,AUT,MID,kvalifikation,Kvalifikation,16,8,0,0,3,0,0,1,13.0,7.760000000000001,5.472,3.0600000000000005,3.4000000000000004,0.0,0.0,0.615,0.0,0.0,0.559,0.0,0.0,0.9,0.5535,0.5031
patrick_wimmer__aut,Patrick Wimmer,AUT,MID,nations_league,Nations League,12,6,0,2,0,0,2,1,12.0,4.64,3.6192,2.028,2.6,0.0,0.4,0.5,0.0,0.167,0.56,0.0,0.086,0.78,0.39,0.4368
patrick_wimmer__aut,Patrick Wimmer,AUT,MID,venskabskamp,Venskabskamp,11,2,0,0,3,0,0,2,8.0,5.32,2.3920000000000003,0.6448,1.24,0.0,0.0,0.25,0.0,0.0,0.27,0.0,0.0,0.52,0.13,0.1404
patrick_yazbek__aus,Patrick Yazbek,AUS,MID,slutrunde,Slutrunde,5,0,0,2,0,0,2,3,5.0,1.6,1.6,0.0,0.0,0.0,0.64,0.0,0.0,0.4,0.0,0.0,0.4,1.0,0.0,0.0
patrick_yazbek__aus,Patrick Yazbek,AUS,MID,kvalifikation,Kvalifikation,16,1,0,9,0,0,9,3,16.0,7.24,6.516,0.6120000000000001,0.68,0.0,4.0,0.062,0.0,0.562,0.094,0.0,0.552,0.9,0.0558,0.0846
patrick_yazbek__aus,Patrick Yazbek,AUS,MID,venskabskamp,Venskabskamp,11,1,0,2,0,0,2,4,11.0,6.880000000000001,3.5776000000000003,0.3536,0.68,0.0,1.36,0.091,0.0,0.182,0.099,0.0,0.198,0.52,0.0473,0.0515
patrik_schick__cze,Patrik Schick,CZE,FWD,slutrunde,Slutrunde,11,7,0,3,0,0,3,1,11.0,2.74,2.74,1.96,1.96,0.0,0.30000000000000004,0.636,0.0,0.273,0.715,0.0,0.109,1.0,0.636,0.715
patrik_schick__cze,Patrik Schick,CZE,FWD,kvalifikation,Kvalifikation,45,19,0,7,16,0,5,1,29.0,12.5,7.218000000000001,6.138000000000001,6.82,0.0,0.9,0.655,0.0,0.156,0.85,0.0,0.072,0.9,0.5895,0.765
patrik_schick__cze,Patrik Schick,CZE,FWD,nations_league,Nations League,22,6,0,4,10,0,4,0,12.0,5.08,2.8704,0.9204000000000001,1.18,0.0,1.92,0.5,0.0,0.182,0.321,0.0,0.378,0.78,0.39,0.2504
patrik_schick__cze,Patrik Schick,CZE,FWD,venskabskamp,Venskabskamp,36,11,0,6,10,0,6,3,26.0,8.8,3.6192,1.5184000000000002,2.92,0.0,1.6,0.423,0.0,0.167,0.42,0.0,0.182,0.52,0.22,0.2184
pau_cubars__esp,Pau Cubarsi,ESP,DEF,slutrunde,Slutrunde,8,0,0,8,0,0,8,0,8.0,4.28,4.28,0.0,0.0,0.0,4.28,0.0,0.0,1.0,0.0,0.0,1.0,1.0,0.0,0.0
pau_cubars__esp,Pau Cubarsi,ESP,DEF,nations_league_finals,Nations League-slutrunde,4,1,0,0,1,0,0,2,3.0,2.12,1.5579999999999998,0.45599999999999996,0.48,0.0,0.0,0.333,0.0,0.0,0.293,0.0,0.0,0.95,0.3164,0.2783
pau_cubars__esp,Pau Cubarsi,ESP,DEF,kvalifikation,Kvalifikation,6,3,0,0,0,0,0,2,6.0,4.08,3.6720000000000006,1.8360000000000003,2.04,0.0,0.0,0.5,0.0,0.0,0.5,0.0,0.0,0.9,0.45,0.45
pau_cubars__esp,Pau Cubarsi,ESP,DEF,nations_league,Nations League,6,1,0,3,0,0,3,1,6.0,2.88,2.2464,0.3744,0.48,0.0,1.44,0.167,0.0,0.5,0.167,0.0,0.5,0.78,0.1303,0.1303
pau_cubars__esp,Pau Cubarsi,ESP,DEF,venskabskamp,Venskabskamp,7,2,0,1,0,0,1,2,7.0,4.44,2.3088,0.728,1.4,0.0,0.48,0.286,0.0,0.143,0.315,0.0,0.108,0.52,0.1487,0.1638
paul_izzo__aus,Paul Izzo,AUS,GK,kvalifikation,Kvalifikation,12,0,0,0,0,0,0,12,12.0,5.96,5.364,0.0,0.0,0.0,0.0,0.0,0.0,0.0,0.0,0.0,0.0,0.9,0.0,0.0
paul_izzo__aus,Paul Izzo,AUS,GK,venskabskamp,Venskabskamp,10,4,0,0,0,0,0,6,10.0,7.92,4.1184,1.4144,2.72,0.0,0.0,0.4,0.0,0.0,0.343,0.0,0.0,0.52,0.208,0.1784
paul_okon_engstler__aus,Paul Okon-Engstler,AUS,MID,venskabskamp,Venskabskamp,6,2,0,0,0,0,0,0,6.0,5.2,2.704,0.8736,1.6800000000000002,0.0,0.0,0.333,0.0,0.0,0.323,0.0,0.0,0.52,0.1732,0.168
pavel_sulc__cze,Pavel Sulc,CZE,MID,slutrunde,Slutrunde,3,1,0,0,0,0,0,2,3.0,1.44,1.44,0.48,0.48,0.0,0.0,0.333,0.0,0.0,0.333,0.0,0.0,1.0,0.333,0.333
pavel_sulc__cze,Pavel Sulc,CZE,MID,kvalifikation,Kvalifikation,10,9,0,0,1,0,0,0,9.0,6.880000000000001,5.580000000000001,5.580000000000001,6.2,0.0,0.0,1.0,0.0,0.0,1.0,0.0,0.0,0.9,0.9,0.9
pavel_sulc__cze,Pavel Sulc,CZE,MID,nations_league,Nations League,6,5,0,0,0,0,0,0,6.0,2.88,2.2464,1.872,2.4,0.0,0.0,0.833,0.0,0.0,0.833,0.0,0.0,0.78,0.6497,0.6497
pavel_sulc__cze,Pavel Sulc,CZE,MID,venskabskamp,Venskabskamp,8,3,0,1,1,0,1,1,7.0,4.96,2.2256,0.936,1.8,0.0,1.0,0.429,0.0,0.125,0.421,0.0,0.202,0.52,0.2231,0.2189
payam_niazmand__irn,Payam Niazmand,IRN,GK,slutrunde,Slutrunde,22,6,0,0,0,0,0,16,22.0,6.800000000000001,6.800000000000001,3.3600000000000003,3.3600000000000003,0.0,0.0,0.273,0.0,0.0,0.494,0.0,0.0,1.0,0.273,0.494
payam_niazmand__irn,Payam Niazmand,IRN,GK,kvalifikation,Kvalifikation,33,1,0,3,2,0,3,27,31.0,10.24,8.64,0.432,0.48,0.0,0.6000000000000001,0.032,0.0,0.091,0.05,0.0,0.059,0.9,0.0288,0.045
payam_niazmand__irn,Payam Niazmand,IRN,GK,venskabskamp,Venskabskamp,26,5,0,1,0,0,1,19,26.0,9.940000000000001,5.1688,0.8424,1.62,0.0,0.2,0.192,0.0,0.038,0.163,0.0,0.02,0.52,0.0998,0.0848
pedri__esp,Pedri,ESP,MID,slutrunde,Slutrunde,18,14,0,1,2,0,1,1,16.0,6.28,5.32,3.92,3.92,0.0,0.92,0.875,0.0,0.056,0.737,0.0,0.146,1.0,0.875,0.737
pedri__esp,Pedri,ESP,MID,nations_league_finals,Nations League-slutrunde,8,3,0,0,4,0,0,0,4.0,3.16,2.014,1.5579999999999998,1.6400000000000001,0.0,0.0,0.75,0.0,0.0,0.774,0.0,0.0,0.95,0.7125,0.7353
pedri__esp,Pedri,ESP,MID,kvalifikation,Kvalifikation,22,6,0,5,10,0,3,0,12.0,7.7,3.8340000000000005,2.6280000000000006,2.9200000000000004,0.0,1.24,0.5,0.0,0.227,0.685,0.0,0.161,0.9,0.45,0.6165
pedri__esp,Pedri,ESP,MID,nations_league,Nations League,12,4,0,0,4,0,0,0,8.0,4.08,2.5584000000000002,1.2792000000000001,1.64,0.0,0.0,0.5,0.0,0.0,0.5,0.0,0.0,0.78,0.39,0.39
pedri__esp,Pedri,ESP,MID,venskabskamp,Venskabskamp,12,4,0,2,2,0,2,1,10.0,5.34,2.444,1.0816000000000001,2.08,0.0,1.2,0.4,0.0,0.167,0.443,0.0,0.225,0.52,0.208,0.2304
pedro_neto__por,Pedro Neto,POR,FWD,slutrunde,Slutrunde,14,1,0,0,9,0,0,2,5.0,4.2,2.4,0.48,0.48,0.0,0.0,0.2,0.0,0.0,0.2,0.0,0.0,1.0,0.2,0.2
pedro_neto__por,Pedro Neto,POR,FWD,nations_league_finals,Nations League-slutrunde,4,3,0,1,0,0,1,0,4.0,2.12,2.014,1.5579999999999998,1.6400000000000001,0.0,0.48,0.75,0.0,0.25,0.774,0.0,0.226,0.95,0.7125,0.7353
pedro_neto__por,Pedro Neto,POR,FWD,kvalifikation,Kvalifikation,26,5,0,6,9,0,6,3,17.0,8.74,5.166,2.5380000000000003,2.8200000000000003,0.0,1.44,0.294,0.0,0.231,0.491,0.0,0.165,0.9,0.2646,0.4419
pedro_neto__por,Pedro Neto,POR,FWD,nations_league,Nations League,14,4,0,6,1,0,6,3,13.0,4.28,2.9640000000000004,1.4976,1.92,0.0,1.48,0.308,0.0,0.429,0.505,0.0,0.346,0.78,0.2402,0.3939
pedro_neto__por,Pedro Neto,POR,FWD,venskabskamp,Venskabskamp,14,2,0,0,7,0,0,1,7.0,5.76,2.1944,0.5304000000000001,1.02,0.0,0.0,0.286,0.0,0.0,0.242,0.0,0.0,0.52,0.1487,0.1258
pedro_porro__esp,Pedro Porro,ESP,DEF,slutrunde,Slutrunde,18,0,0,18,0,0,18,0,18.0,6.28,6.28,0.0,0.0,0.0,6.28,0.0,0.0,1.0,0.0,0.0,1.0,1.0,0.0,0.0
pedro_porro__esp,Pedro Porro,ESP,DEF,nations_league_finals,Nations League-slutrunde,8,2,0,2,0,0,2,2,8.0,3.16,3.002,0.9119999999999999,0.96,0.0,0.64,0.25,0.0,0.25,0.304,0.0,0.203,0.95,0.2375,0.2888
pedro_porro__esp,Pedro Porro,ESP,DEF,kvalifikation,Kvalifikation,22,7,0,9,2,0,9,4,20.0,7.7,6.570000000000001,3.3300000000000005,3.7,0.0,2.52,0.35,0.0,0.409,0.507,0.0,0.327,0.9,0.315,0.4563
pedro_porro__esp,Pedro Porro,ESP,DEF,nations_league,Nations League,12,3,0,6,2,0,6,1,10.0,4.08,2.8704,1.1232,1.44,0.0,1.76,0.3,0.0,0.5,0.391,0.0,0.431,0.78,0.234,0.305
pedro_porro__esp,Pedro Porro,ESP,DEF,venskabskamp,Venskabskamp,12,3,0,5,2,0,5,2,10.0,5.34,2.5688,1.1648,2.24,0.0,1.46,0.3,0.0,0.417,0.453,0.0,0.273,0.52,0.156,0.2356
pedro_vite__ecu,Pedro Vite,ECU,MID,slutrunde,Slutrunde,4,0,0,4,0,0,4,0,4.0,1.92,1.92,0.0,0.0,0.0,1.92,0.0,0.0,1.0,0.0,0.0,1.0,1.0,0.0,0.0
pedro_vite__ecu,Pedro Vite,ECU,MID,kvalifikation,Kvalifikation,18,8,0,8,0,0,8,1,18.0,8.28,7.452000000000001,3.9960000000000004,4.44,0.0,2.88,0.444,0.0,0.444,0.536,0.0,0.348,0.9,0.3996,0.4824
pedro_vite__ecu,Pedro Vite,ECU,MID,venskabskamp,Venskabskamp,14,6,0,6,0,0,6,1,14.0,8.280000000000001,4.3056,2.3712,4.5600000000000005,0.0,3.08,0.429,0.0,0.429,0.551,0.0,0.372,0.52,0.2231,0.2865
pervis_estupi_n__ecu,Pervis Estupinan,ECU,DEF,slutrunde,Slutrunde,12,8,0,0,4,0,0,0,8.0,3.52,1.6,1.6,1.6,0.0,0.0,1.0,0.0,0.0,1.0,0.0,0.0,1.0,1.0,1.0
pervis_estupi_n__ecu,Pervis Estupinan,ECU,DEF,kvalifikation,Kvalifikation,36,30,0,1,5,0,1,0,31.0,11.38,8.478,8.298,9.22,0.0,0.2,0.968,0.0,0.028,0.979,0.0,0.018,0.9,0.8712,0.8811
pervis_estupi_n__ecu,Pervis Estupinan,ECU,DEF,venskabskamp,Venskabskamp,28,14,0,7,5,0,7,1,23.0,10.68,4.3992,2.6312,5.0600000000000005,0.0,2.16,0.609,0.0,0.25,0.598,0.0,0.202,0.52,0.3167,0.311
petar_musa__cro,Petar Musa,CRO,FWD,slutrunde,Slutrunde,3,0,0,3,0,0,3,0,3.0,1.44,1.44,0.0,0.0,0.0,1.44,0.0,0.0,1.0,0.0,0.0,1.0,1.0,0.0,0.0
petar_musa__cro,Petar Musa,CRO,FWD,nations_league_finals,Nations League-slutrunde,4,0,0,2,0,0,2,2,4.0,1.6,1.52,0.0,0.0,0.0,0.96,0.0,0.0,0.5,0.0,0.0,0.6,0.95,0.0,0.0
petar_musa__cro,Petar Musa,CRO,FWD,kvalifikation,Kvalifikation,16,3,0,8,0,0,8,0,16.0,7.760000000000001,6.984000000000001,1.1880000000000002,1.32,0.0,4.720000000000001,0.188,0.0,0.5,0.17,0.0,0.608,0.9,0.1692,0.153
petar_musa__cro,Petar Musa,CRO,FWD,nations_league,Nations League,6,0,0,6,0,0,6,0,6.0,2.88,2.2464,0.0,0.0,0.0,2.88,0.0,0.0,1.0,0.0,0.0,1.0,0.78,0.0,0.0
petar_musa__cro,Petar Musa,CRO,FWD,venskabskamp,Venskabskamp,7,1,0,4,0,0,4,0,7.0,4.28,2.2256,0.52,1.0,0.0,1.44,0.143,0.0,0.571,0.234,0.0,0.336,0.52,0.0744,0.1217
petar_sucic__cro,Petar Sucic,CRO,MID,nations_league_finals,Nations League-slutrunde,2,1,0,0,0,0,0,0,2.0,0.96,0.9119999999999999,0.45599999999999996,0.48,0.0,0.0,0.5,0.0,0.0,0.5,0.0,0.0,0.95,0.475,0.475
petar_sucic__cro,Petar Sucic,CRO,MID,kvalifikation,Kvalifikation,8,6,0,0,0,0,0,2,8.0,5.44,4.896000000000001,3.6720000000000006,4.08,0.0,0.0,0.75,0.0,0.0,0.75,0.0,0.0,0.9,0.675,0.675
petar_sucic__cro,Petar Sucic,CRO,MID,nations_league,Nations League,6,3,0,1,0,0,1,0,6.0,2.88,2.2464,1.1232,1.44,0.0,0.48,0.5,0.0,0.167,0.5,0.0,0.167,0.78,0.39,0.39
petar_sucic__cro,Petar Sucic,CRO,MID,venskabskamp,Venskabskamp,3,3,0,0,0,0,0,0,3.0,2.84,1.4768000000000001,1.4768000000000001,2.84,0.0,0.0,1.0,0.0,0.0,1.0,0.0,0.0,0.52,0.52,0.52
peter_gwargis__irq,Peter Gwargis,IRQ,MID,slutrunde,Slutrunde,7,0,0,5,0,0,5,0,7.0,4.67,4.67,0.0,0.0,0.0,3.71,0.0,0.0,0.714,0.0,0.0,0.794,1.0,0.0,0.0
peter_gwargis__irq,Peter Gwargis,IRQ,MID,kvalifikation,Kvalifikation,9,1,0,6,0,0,6,2,9.0,5.76,5.184,0.432,0.48,0.0,4.12,0.111,0.0,0.667,0.083,0.0,0.715,0.9,0.0999,0.0747
peter_gwargis__irq,Peter Gwargis,IRQ,MID,venskabskamp,Venskabskamp,3,0,0,2,0,0,2,0,3.0,2.3600000000000003,1.2272,0.0,0.0,0.0,1.36,0.0,0.0,0.667,0.0,0.0,0.576,0.52,0.0,0.0
philipp_lienhart__aut,Philipp Lienhart,AUT,DEF,slutrunde,Slutrunde,8,3,0,0,0,0,0,3,8.0,2.7199999999999998,2.7199999999999998,1.44,1.44,0.0,0.0,0.375,0.0,0.0,0.529,0.0,0.0,1.0,0.375,0.529
philipp_lienhart__aut,Philipp Lienhart,AUT,DEF,kvalifikation,Kvalifikation,40,18,0,4,6,0,4,12,34.0,10.96,8.964,6.732000000000001,7.48,0.0,0.5,0.529,0.0,0.1,0.751,0.0,0.046,0.9,0.4761,0.6759
philipp_lienhart__aut,Philipp Lienhart,AUT,DEF,nations_league,Nations League,24,8,0,9,4,0,8,3,20.0,6.04,4.0872,2.7768,3.56,0.0,1.28,0.4,0.0,0.375,0.679,0.0,0.212,0.78,0.312,0.5296
philipp_lienhart__aut,Philipp Lienhart,AUT,DEF,venskabskamp,Venskabskamp,24,8,0,9,3,0,9,2,21.0,6.82,3.1616000000000004,1.8408000000000002,3.54,0.0,1.0,0.381,0.0,0.375,0.582,0.0,0.147,0.52,0.1981,0.3026
phillipp_mwene__aut,Phillipp Mwene,AUT,DEF,slutrunde,Slutrunde,4,3,0,0,0,0,0,1,4.0,1.92,1.92,1.44,1.44,0.0,0.0,0.75,0.0,0.0,0.75,0.0,0.0,1.0,0.75,0.75
phillipp_mwene__aut,Phillipp Mwene,AUT,DEF,kvalifikation,Kvalifikation,24,10,0,3,3,0,2,7,21.0,9.360000000000001,7.668000000000001,4.176000000000001,4.640000000000001,0.0,1.08,0.476,0.0,0.125,0.545,0.0,0.115,0.9,0.4284,0.4905
phillipp_mwene__aut,Phillipp Mwene,AUT,DEF,nations_league,Nations League,14,6,0,3,4,0,2,0,10.0,5.04,3.3072,2.2464,2.88,0.0,0.88,0.6,0.0,0.214,0.679,0.0,0.175,0.78,0.468,0.5296
phillipp_mwene__aut,Phillipp Mwene,AUT,DEF,venskabskamp,Venskabskamp,12,7,0,0,1,0,0,2,11.0,5.5200000000000005,2.7664000000000004,1.8096,3.48,0.0,0.0,0.636,0.0,0.0,0.654,0.0,0.0,0.52,0.3307,0.3401
piero_hincapi__ecu,Piero Hincapie,ECU,DEF,slutrunde,Slutrunde,12,12,0,0,0,0,0,0,12.0,3.52,3.52,3.52,3.52,0.0,0.0,1.0,0.0,0.0,1.0,0.0,0.0,1.0,1.0,1.0
piero_hincapi__ecu,Piero Hincapie,ECU,DEF,kvalifikation,Kvalifikation,31,25,0,5,0,0,4,1,31.0,10.88,9.792000000000002,8.136000000000001,9.040000000000001,0.0,1.6400000000000001,0.806,0.0,0.161,0.831,0.0,0.151,0.9,0.7254,0.7479
piero_hincapi__ecu,Piero Hincapie,ECU,DEF,venskabskamp,Venskabskamp,24,14,0,4,4,0,4,2,20.0,10.280000000000001,3.9936000000000003,2.7456,5.28,0.0,1.6,0.7,0.0,0.167,0.688,0.0,0.156,0.52,0.364,0.3578
pierre_kalulu__fra,Pierre Kalulu,FRA,DEF,nations_league_finals,Nations League-slutrunde,2,1,0,0,0,0,0,1,2.0,1.1600000000000001,1.1019999999999999,0.45599999999999996,0.48,0.0,0.0,0.5,0.0,0.0,0.414,0.0,0.0,0.95,0.475,0.3933
pierre_kalulu__fra,Pierre Kalulu,FRA,DEF,kvalifikation,Kvalifikation,6,0,0,6,0,0,6,0,6.0,4.08,3.6720000000000006,0.0,0.0,0.0,4.08,0.0,0.0,1.0,0.0,0.0,1.0,0.9,0.0,0.0
pierre_kalulu__fra,Pierre Kalulu,FRA,DEF,venskabskamp,Venskabskamp,2,1,0,0,0,0,0,0,2.0,1.84,0.9568000000000001,0.47840000000000005,0.92,0.0,0.0,0.5,0.0,0.0,0.5,0.0,0.0,0.52,0.26,0.26
prince_adu__gha,Prince Adu,GHA,FWD,venskabskamp,Venskabskamp,6,4,0,1,0,0,1,0,6.0,5.2,2.704,1.8304,3.52,0.0,1.0,0.667,0.0,0.167,0.677,0.0,0.192,0.52,0.3468,0.352
promise_david__can,Promise David,CAN,FWD,slutrunde,Slutrunde,4,1,0,0,0,0,0,1,4.0,2.72,2.72,0.68,0.68,0.0,0.0,0.25,0.0,0.0,0.25,0.0,0.0,1.0,0.25,0.25
promise_david__can,Promise David,CAN,FWD,nations_league_finals,Nations League-slutrunde,2,0,0,0,0,0,0,2,2.0,0.96,0.9119999999999999,0.0,0.0,0.0,0.0,0.0,0.0,0.0,0.0,0.0,0.0,0.95,0.0,0.0
promise_david__can,Promise David,CAN,FWD,venskabskamp,Venskabskamp,13,1,0,1,2,0,1,3,11.0,10.13,4.3108,0.3536,0.68,0.0,0.85,0.091,0.0,0.077,0.082,0.0,0.084,0.52,0.0473,0.0426
quinten_timber__ned,Quinten Timber,NED,MID,slutrunde,Slutrunde,6,0,0,2,4,0,2,0,2.0,2.88,0.96,0.0,0.0,0.0,0.96,0.0,0.0,0.333,0.0,0.0,0.333,1.0,0.0,0.0
quinten_timber__ned,Quinten Timber,NED,MID,nations_league_finals,Nations League-slutrunde,2,0,0,0,2,0,0,0,0.0,0.96,0.0,0.0,0.0,0.0,0.0,0,0.0,0.0,0,0.0,0.0,0.95,0.0,0.0
quinten_timber__ned,Quinten Timber,NED,MID,kvalifikation,Kvalifikation,8,1,0,0,4,0,0,1,4.0,5.44,2.4480000000000004,0.6120000000000001,0.68,0.0,0.0,0.25,0.0,0.0,0.25,0.0,0.0,0.9,0.225,0.225
quinten_timber__ned,Quinten Timber,NED,MID,nations_league,Nations League,6,2,0,0,0,0,0,2,6.0,2.88,2.2464,0.7488,0.96,0.0,0.0,0.333,0.0,0.0,0.333,0.0,0.0,0.78,0.2597,0.2597
quinten_timber__ned,Quinten Timber,NED,MID,venskabskamp,Venskabskamp,7,1,0,0,2,0,0,1,5.0,4.44,1.8096,0.47840000000000005,0.92,0.0,0.0,0.2,0.0,0.0,0.264,0.0,0.0,0.52,0.104,0.1373
raed_chikhaoui__tun,Raed Chikhaoui,TUN,DEF,venskabskamp,Venskabskamp,4,0,0,0,0,0,0,4,4.0,3.84,1.9968000000000001,0.0,0.0,0.0,0.0,0.0,0.0,0.0,0.0,0.0,0.0,0.52,0.0,0.0
rafael_le_o__por,Rafael Leão,POR,FWD,slutrunde,Slutrunde,10,4,0,1,0,0,0,0,10.0,3.4,3.4,1.92,1.92,0.0,0.48,0.4,0.0,0.1,0.565,0.0,0.141,1.0,0.4,0.565
rafael_le_o__por,Rafael Leão,POR,FWD,nations_league_finals,Nations League-slutrunde,4,2,0,0,0,0,0,1,4.0,2.12,2.014,0.9119999999999999,0.96,0.0,0.0,0.5,0.0,0.0,0.453,0.0,0.0,0.95,0.475,0.4304
rafael_le_o__por,Rafael Leão,POR,FWD,kvalifikation,Kvalifikation,21,6,0,1,4,0,1,2,17.0,8.040000000000001,5.436000000000001,2.0520000000000005,2.2800000000000002,0.0,0.68,0.353,0.0,0.048,0.377,0.0,0.085,0.9,0.3177,0.3393
rafael_le_o__por,Rafael Leão,POR,FWD,nations_league,Nations League,12,8,0,0,0,0,0,0,12.0,4.08,3.1824000000000003,2.3400000000000003,3.0,0.0,0.0,0.667,0.0,0.0,0.735,0.0,0.0,0.78,0.5203,0.5733
rafael_le_o__por,Rafael Leão,POR,FWD,venskabskamp,Venskabskamp,10,4,0,1,2,0,1,1,8.0,5.16,1.7264000000000002,1.1024,2.12,0.0,0.32,0.5,0.0,0.1,0.639,0.0,0.062,0.52,0.26,0.3323
rafael_santos_borre__col,Rafael Santos Borre,COL,FWD,slutrunde,Slutrunde,13,5,0,0,0,0,0,4,13.0,4.28,4.28,1.28,1.28,0.0,0.0,0.385,0.0,0.0,0.299,0.0,0.0,1.0,0.385,0.299
rafael_santos_borre__col,Rafael Santos Borre,COL,FWD,kvalifikation,Kvalifikation,38,12,0,5,6,0,5,9,32.0,11.780000000000001,8.334000000000001,2.8080000000000003,3.12,0.0,1.7600000000000002,0.375,0.0,0.132,0.337,0.0,0.149,0.9,0.3375,0.3033
rafael_santos_borre__col,Rafael Santos Borre,COL,FWD,venskabskamp,Venskabskamp,30,8,0,8,0,0,8,5,30.0,9.84,5.1168000000000005,1.0504,2.02,0.0,1.44,0.267,0.0,0.267,0.205,0.0,0.146,0.52,0.1388,0.1066
rafik_belghali__alg,Rafik Belghali,ALG,DEF,slutrunde,Slutrunde,9,4,0,4,0,0,4,0,9.0,7.4799999999999995,7.4799999999999995,3.4,3.4,0.0,3.23,0.444,0.0,0.444,0.455,0.0,0.432,1.0,0.444,0.455
rafik_belghali__alg,Rafik Belghali,ALG,DEF,kvalifikation,Kvalifikation,2,2,0,0,0,0,0,0,2.0,1.36,1.2240000000000002,1.2240000000000002,1.36,0.0,0.0,1.0,0.0,0.0,1.0,0.0,0.0,0.9,0.9,0.9
rafik_belghali__alg,Rafik Belghali,ALG,DEF,venskabskamp,Venskabskamp,5,2,0,0,0,0,0,0,5.0,4.2,2.184,0.8320000000000001,1.6,0.0,0.0,0.4,0.0,0.0,0.381,0.0,0.0,0.52,0.208,0.1981
ralph_priso__can,Ralph Priso,CAN,DEF,venskabskamp,Venskabskamp,5,2,0,0,0,0,0,1,5.0,4.69,2.4388,0.9204000000000001,1.77,0.0,0.0,0.4,0.0,0.0,0.377,0.0,0.0,0.52,0.208,0.196
rami_rabia__egy,Rami Rabia,EGY,DEF,slutrunde,Slutrunde,40,5,0,33,0,0,33,2,40.0,13.51,13.51,4.25,4.25,0.0,7.5600000000000005,0.125,0.0,0.825,0.315,0.0,0.56,1.0,0.125,0.315
rami_rabia__egy,Rami Rabia,EGY,DEF,kvalifikation,Kvalifikation,67,23,0,33,6,0,32,5,61.0,14.9,12.528,6.984000000000001,7.76,0.0,5.44,0.377,0.0,0.493,0.557,0.0,0.365,0.9,0.3393,0.5013
rami_rabia__egy,Rami Rabia,EGY,DEF,venskabskamp,Venskabskamp,49,13,0,26,4,0,26,3,45.0,12.290000000000001,5.954000000000001,1.5080000000000002,2.9000000000000004,0.0,3.7600000000000002,0.289,0.0,0.531,0.253,0.0,0.306,0.52,0.1503,0.1316
ramin_rezaeian__irn,Ramin Rezaeian,IRN,DEF,slutrunde,Slutrunde,29,17,0,0,0,0,0,7,29.0,7.5,7.5,4.38,4.38,0.0,0.0,0.586,0.0,0.0,0.584,0.0,0.0,1.0,0.586,0.584
ramin_rezaeian__irn,Ramin Rezaeian,IRN,DEF,kvalifikation,Kvalifikation,52,19,0,25,1,0,25,5,51.0,12.14,10.494000000000002,2.3040000000000003,2.56,0.0,8.18,0.373,0.0,0.481,0.22,0.0,0.674,0.9,0.3357,0.198
ramin_rezaeian__irn,Ramin Rezaeian,IRN,DEF,venskabskamp,Venskabskamp,49,19,0,12,1,0,12,5,48.0,12.24,6.1984,1.7368000000000001,3.3400000000000003,0.0,2.66,0.396,0.0,0.245,0.28,0.0,0.217,0.52,0.2059,0.1456
ramiz_zerrouki__alg,Ramiz Zerrouki,ALG,MID,slutrunde,Slutrunde,32,5,0,21,2,0,21,1,30.0,14.84,14.44,2.54,2.54,0.0,9.030000000000001,0.167,0.0,0.656,0.176,0.0,0.608,1.0,0.167,0.176
ramiz_zerrouki__alg,Ramiz Zerrouki,ALG,MID,kvalifikation,Kvalifikation,32,19,0,5,2,0,5,2,30.0,11.4,9.396,5.382000000000001,5.98,0.0,2.3600000000000003,0.633,0.0,0.156,0.573,0.0,0.207,0.9,0.5697,0.5157
ramiz_zerrouki__alg,Ramiz Zerrouki,ALG,MID,venskabskamp,Venskabskamp,25,15,0,2,0,0,2,2,25.0,10.18,5.2936000000000005,3.1616000000000004,6.08,0.0,0.8800000000000001,0.6,0.0,0.08,0.597,0.0,0.086,0.52,0.312,0.3104
ram_n_sosa__par,Ramon Sosa,PAR,MID,slutrunde,Slutrunde,3,1,0,0,0,0,0,0,3.0,1.44,1.44,0.48,0.48,0.0,0.0,0.333,0.0,0.0,0.333,0.0,0.0,1.0,0.333,0.333
ram_n_sosa__par,Ramon Sosa,PAR,MID,kvalifikation,Kvalifikation,18,9,0,0,0,0,0,1,18.0,8.28,7.452000000000001,3.5280000000000005,3.92,0.0,0.0,0.5,0.0,0.0,0.473,0.0,0.0,0.9,0.45,0.4257
ram_n_sosa__par,Ramon Sosa,PAR,MID,venskabskamp,Venskabskamp,14,3,0,2,1,0,2,2,13.0,7.92,3.7648,0.8528,1.6400000000000001,0.0,1.0,0.231,0.0,0.143,0.227,0.0,0.126,0.52,0.1201,0.118
ramy_bensebaini__alg,Ramy Bensebaini,ALG,DEF,slutrunde,Slutrunde,42,17,0,22,1,0,21,2,41.0,15.84,15.74,5.44,5.44,0.0,9.35,0.415,0.0,0.524,0.346,0.0,0.59,1.0,0.415,0.346
ramy_bensebaini__alg,Ramy Bensebaini,ALG,DEF,kvalifikation,Kvalifikation,54,33,0,7,6,0,6,7,48.0,13.6,10.836,8.298,9.22,0.0,1.3800000000000001,0.688,0.0,0.13,0.766,0.0,0.101,0.9,0.6192,0.6894
ramy_bensebaini__alg,Ramy Bensebaini,ALG,DEF,venskabskamp,Venskabskamp,44,27,0,7,5,0,7,2,39.0,12.08,5.252000000000001,3.64,7.0,0.0,1.6,0.692,0.0,0.159,0.693,0.0,0.132,0.52,0.3598,0.3604
randal_kolo_muani__fra,Randal Kolo Muani,FRA,FWD,slutrunde,Slutrunde,13,4,0,0,0,0,0,5,13.0,4.28,4.28,1.3599999999999999,1.3599999999999999,0.0,0.0,0.308,0.0,0.0,0.318,0.0,0.0,1.0,0.308,0.318
randal_kolo_muani__fra,Randal Kolo Muani,FRA,FWD,nations_league_finals,Nations League-slutrunde,4,2,0,0,0,0,0,0,4.0,2.12,2.014,1.1019999999999999,1.1600000000000001,0.0,0.0,0.5,0.0,0.0,0.547,0.0,0.0,0.95,0.475,0.5197
randal_kolo_muani__fra,Randal Kolo Muani,FRA,FWD,kvalifikation,Kvalifikation,14,5,0,2,4,0,2,2,10.0,6.4,3.3120000000000003,1.2240000000000002,1.36,0.0,1.36,0.5,0.0,0.143,0.37,0.0,0.212,0.9,0.45,0.333
randal_kolo_muani__fra,Randal Kolo Muani,FRA,FWD,nations_league,Nations League,8,5,0,0,0,0,0,1,8.0,3.28,2.5584000000000002,1.872,2.4,0.0,0.0,0.625,0.0,0.0,0.732,0.0,0.0,0.78,0.4875,0.571
randal_kolo_muani__fra,Randal Kolo Muani,FRA,FWD,venskabskamp,Venskabskamp,8,3,0,0,0,0,0,1,8.0,4.08,2.1216,0.5824,1.12,0.0,0.0,0.375,0.0,0.0,0.275,0.0,0.0,0.52,0.195,0.143
rani_khedira__tun,Rani Khedira,TUN,MID,venskabskamp,Venskabskamp,4,3,0,0,0,0,0,1,4.0,3.84,1.9968000000000001,1.4768000000000001,2.84,0.0,0.0,0.75,0.0,0.0,0.74,0.0,0.0,0.52,0.39,0.3848
raphinha__bra,Raphinha,BRA,FWD,slutrunde,Slutrunde,9,7,0,0,0,0,0,0,9.0,2.92,2.92,2.24,2.24,0.0,0.0,0.778,0.0,0.0,0.767,0.0,0.0,1.0,0.778,0.767
raphinha__bra,Raphinha,BRA,FWD,kvalifikation,Kvalifikation,27,17,0,3,4,0,3,0,23.0,10.08,8.136000000000001,5.868,6.5200000000000005,0.0,1.44,0.739,0.0,0.111,0.721,0.0,0.143,0.9,0.6651,0.6489
raphinha__bra,Raphinha,BRA,FWD,venskabskamp,Venskabskamp,19,10,0,3,5,0,3,1,14.0,9.8,3.2032000000000003,2.5168,4.84,0.0,0.8400000000000001,0.714,0.0,0.158,0.786,0.0,0.086,0.52,0.3713,0.4087
raul_florucz__aut,Raul Florucz,AUT,FWD,kvalifikation,Kvalifikation,7,0,0,0,2,0,0,3,5.0,4.760000000000001,3.0600000000000005,0.0,0.0,0.0,0.0,0.0,0.0,0.0,0.0,0.0,0.0,0.9,0.0,0.0
raul_florucz__aut,Raul Florucz,AUT,FWD,nations_league,Nations League,2,0,0,0,0,0,0,1,2.0,0.96,0.7488,0.0,0.0,0.0,0.0,0.0,0.0,0.0,0.0,0.0,0.0,0.78,0.0,0.0
ra_l_jim_nez__mex,Raul Jimenez,MEX,FWD,slutrunde,Slutrunde,69,24,0,24,2,0,23,7,67.0,13.74,13.34,5.880000000000001,5.880000000000001,0.0,5.26,0.358,0.0,0.348,0.441,0.0,0.383,1.0,0.358,0.441
ra_l_jim_nez__mex,Raul Jimenez,MEX,FWD,nations_league_finals,Nations League-slutrunde,12,4,0,4,2,0,4,1,10.0,4.14,3.6479999999999997,1.8239999999999998,1.92,0.0,1.28,0.4,0.0,0.333,0.5,0.0,0.309,0.95,0.38,0.475
ra_l_jim_nez__mex,Raul Jimenez,MEX,FWD,kvalifikation,Kvalifikation,43,19,0,6,1,0,6,9,42.0,5.7,5.040000000000001,2.43,2.7,0.0,1.1,0.452,0.0,0.14,0.482,0.0,0.193,0.9,0.4068,0.4338
ra_l_jim_nez__mex,Raul Jimenez,MEX,FWD,nations_league,Nations League,8,1,0,5,0,0,5,0,8.0,1.2000000000000002,0.9360000000000002,0.07800000000000001,0.1,0.0,0.8,0.125,0.0,0.625,0.083,0.0,0.667,0.78,0.0975,0.0647
ra_l_jim_nez__mex,Raul Jimenez,MEX,FWD,venskabskamp,Venskabskamp,111,38,0,38,11,0,38,7,100.0,27.490000000000002,12.963600000000001,5.4496,10.48,0.0,10.83,0.38,0.0,0.342,0.42,0.0,0.394,0.52,0.1976,0.2184
raul_rangel__mex,Raul Rangel,MEX,GK,slutrunde,Slutrunde,9,0,0,0,0,0,0,9,9.0,5.5200000000000005,5.5200000000000005,0.0,0.0,0.0,0.0,0.0,0.0,0.0,0.0,0.0,0.0,1.0,0.0,0.0
raul_rangel__mex,Raul Rangel,MEX,GK,nations_league_finals,Nations League-slutrunde,4,0,0,0,0,0,0,4,4.0,1.92,1.8239999999999998,0.0,0.0,0.0,0.0,0.0,0.0,0.0,0.0,0.0,0.0,0.95,0.0,0.0
raul_rangel__mex,Raul Rangel,MEX,GK,venskabskamp,Venskabskamp,21,14,0,0,0,0,0,7,21.0,15.23,7.9196,5.7564,11.07,0.0,0.0,0.667,0.0,0.0,0.727,0.0,0.0,0.52,0.3468,0.378
rayan__bra,Rayan,BRA,FWD,nations_league_finals,Nations League-slutrunde,2,1,0,0,0,0,0,0,2.0,1.1600000000000001,1.1019999999999999,0.646,0.68,0.0,0.0,0.5,0.0,0.0,0.586,0.0,0.0,0.95,0.475,0.5567
rayan__bra,Rayan,BRA,FWD,kvalifikation,Kvalifikation,6,1,0,2,2,0,2,0,4.0,4.08,2.4480000000000004,0.6120000000000001,0.68,0.0,1.36,0.25,0.0,0.333,0.25,0.0,0.333,0.9,0.225,0.225
rayan__bra,Rayan,BRA,FWD,venskabskamp,Venskabskamp,3,2,0,0,0,0,0,1,3.0,2.84,1.4768000000000001,0.9984000000000001,1.92,0.0,0.0,0.667,0.0,0.0,0.676,0.0,0.0,0.52,0.3468,0.3515
rayan_a_t_nouri__alg,Rayan Ait-Nouri,ALG,DEF,slutrunde,Slutrunde,17,8,0,9,0,0,9,0,17.0,11.84,11.84,5.21,5.21,0.0,6.63,0.471,0.0,0.529,0.44,0.0,0.56,1.0,0.471,0.44
rayan_a_t_nouri__alg,Rayan Ait-Nouri,ALG,DEF,kvalifikation,Kvalifikation,20,10,0,3,4,0,3,3,16.0,9.2,5.832,3.7800000000000002,4.2,0.0,1.28,0.625,0.0,0.15,0.648,0.0,0.139,0.9,0.5625,0.5832
rayan_a_t_nouri__alg,Rayan Ait-Nouri,ALG,DEF,venskabskamp,Venskabskamp,15,10,0,5,0,0,5,0,15.0,8.280000000000001,4.3056,3.2032000000000003,6.16,0.0,2.12,0.667,0.0,0.333,0.744,0.0,0.256,0.52,0.3468,0.3869
rayan_cherki__fra,Rayan Cherki,FRA,FWD,nations_league_finals,Nations League-slutrunde,2,1,0,0,0,0,0,0,2.0,1.1600000000000001,1.1019999999999999,0.646,0.68,0.0,0.0,0.5,0.0,0.0,0.586,0.0,0.0,0.95,0.475,0.5567
rayan_cherki__fra,Rayan Cherki,FRA,FWD,kvalifikation,Kvalifikation,6,1,0,2,2,0,2,0,4.0,4.08,2.4480000000000004,0.6120000000000001,0.68,0.0,1.36,0.25,0.0,0.333,0.25,0.0,0.333,0.9,0.225,0.225
rayan_cherki__fra,Rayan Cherki,FRA,FWD,venskabskamp,Venskabskamp,3,2,0,0,0,0,0,1,3.0,2.84,1.4768000000000001,0.9984000000000001,1.92,0.0,0.0,0.667,0.0,0.0,0.676,0.0,0.0,0.52,0.3468,0.3515
rayan_elloumi__tun,Rayan Elloumi,TUN,FWD,venskabskamp,Venskabskamp,4,1,0,0,0,0,0,0,4.0,3.84,1.9968000000000001,0.47840000000000005,0.92,0.0,0.0,0.25,0.0,0.0,0.24,0.0,0.0,0.52,0.13,0.1248
rebin_sulaka__irq,Rebin Sulaka,IRQ,DEF,slutrunde,Slutrunde,36,8,0,20,0,0,20,6,36.0,9.25,9.25,2.04,2.04,0.0,6.09,0.222,0.0,0.556,0.221,0.0,0.658,1.0,0.222,0.221
rebin_sulaka__irq,Rebin Sulaka,IRQ,DEF,kvalifikation,Kvalifikation,55,23,0,25,0,0,24,6,55.0,15.58,14.022000000000002,6.984,7.76,0.0,5.720000000000001,0.418,0.0,0.455,0.498,0.0,0.367,0.9,0.3762,0.4482
rebin_sulaka__irq,Rebin Sulaka,IRQ,DEF,venskabskamp,Venskabskamp,51,16,0,27,1,0,27,4,50.0,10.08,5.1896,1.4768000000000001,2.8400000000000003,0.0,4.5200000000000005,0.32,0.0,0.529,0.285,0.0,0.448,0.52,0.1664,0.1482
reece_james__eng,Reece James,ENG,DEF,slutrunde,Slutrunde,19,1,0,8,5,0,8,5,14.0,5.76,4.76,0.2,0.2,0.0,3.56,0.071,0.0,0.421,0.042,0.0,0.618,1.0,0.071,0.042
reece_james__eng,Reece James,ENG,DEF,kvalifikation,Kvalifikation,26,8,0,8,2,0,8,4,24.0,9.06,7.686000000000001,3.3300000000000005,3.7,0.0,2.68,0.333,0.0,0.308,0.433,0.0,0.296,0.9,0.2997,0.3897
reece_james__eng,Reece James,ENG,DEF,nations_league,Nations League,16,5,0,4,4,0,4,1,12.0,4.48,1.9968000000000004,0.7020000000000002,0.9,0.0,1.16,0.417,0.0,0.25,0.352,0.0,0.259,0.78,0.3253,0.2746
reece_james__eng,Reece James,ENG,DEF,venskabskamp,Venskabskamp,17,1,0,8,5,0,8,1,12.0,7.180000000000001,2.2776,0.052000000000000005,0.1,0.0,2.5,0.083,0.0,0.471,0.023,0.0,0.348,0.52,0.0432,0.012
relebohile_mofokeng__rsa,Relebohile Mofokeng,RSA,FWD,slutrunde,Slutrunde,8,1,0,4,0,0,4,2,8.0,6.12,6.12,0.85,0.85,0.0,2.72,0.125,0.0,0.5,0.139,0.0,0.444,1.0,0.125,0.139
relebohile_mofokeng__rsa,Relebohile Mofokeng,RSA,FWD,kvalifikation,Kvalifikation,14,1,0,3,0,0,3,5,14.0,7.52,6.768000000000001,0.432,0.48,0.0,1.84,0.071,0.0,0.214,0.064,0.0,0.245,0.9,0.0639,0.0576
relebohile_mofokeng__rsa,Relebohile Mofokeng,RSA,FWD,venskabskamp,Venskabskamp,6,2,0,1,0,0,1,0,6.0,4.88,2.5376000000000003,0.8320000000000001,1.6,0.0,0.68,0.333,0.0,0.167,0.328,0.0,0.139,0.52,0.1732,0.1706
remo_freuler__sui,Remo Freuler,SUI,MID,slutrunde,Slutrunde,18,14,0,0,0,0,0,4,18.0,4.6,4.6,4.2,4.2,0.0,0.0,0.778,0.0,0.0,0.913,0.0,0.0,1.0,0.778,0.913
remo_freuler__sui,Remo Freuler,SUI,MID,nations_league_finals,Nations League-slutrunde,2,2,0,0,0,0,0,0,2.0,0.2,0.19,0.19,0.2,0.0,0.0,1.0,0.0,0.0,1.0,0.0,0.0,0.95,0.95,0.95
remo_freuler__sui,Remo Freuler,SUI,MID,kvalifikation,Kvalifikation,41,26,0,3,2,0,3,4,39.0,10.14,7.902000000000001,6.444000000000001,7.16,0.0,0.4,0.667,0.0,0.073,0.815,0.0,0.039,0.9,0.6003,0.7335
remo_freuler__sui,Remo Freuler,SUI,MID,nations_league,Nations League,22,16,0,3,0,0,2,2,22.0,5.08,3.9624000000000006,3.4164000000000003,4.38,0.0,0.30000000000000004,0.727,0.0,0.136,0.862,0.0,0.059,0.78,0.5671,0.6724
remo_freuler__sui,Remo Freuler,SUI,MID,venskabskamp,Venskabskamp,28,17,0,0,2,0,0,3,26.0,9.6,4.4928,3.5568000000000004,6.84,0.0,0.0,0.654,0.0,0.0,0.792,0.0,0.0,0.52,0.3401,0.4118
renato_veiga__por,Renato Veiga,POR,DEF,nations_league_finals,Nations League-slutrunde,4,1,0,1,0,0,1,1,4.0,2.12,2.014,0.45599999999999996,0.48,0.0,0.48,0.25,0.0,0.25,0.226,0.0,0.226,0.95,0.2375,0.2147
renato_veiga__por,Renato Veiga,POR,DEF,kvalifikation,Kvalifikation,6,2,0,0,0,0,0,2,6.0,4.08,3.6720000000000006,1.2240000000000002,1.36,0.0,0.0,0.333,0.0,0.0,0.333,0.0,0.0,0.9,0.2997,0.2997
renato_veiga__por,Renato Veiga,POR,DEF,nations_league,Nations League,6,3,0,0,0,0,0,3,6.0,2.88,2.2464,1.1232,1.44,0.0,0.0,0.5,0.0,0.0,0.5,0.0,0.0,0.78,0.39,0.39
renato_veiga__por,Renato Veiga,POR,DEF,venskabskamp,Venskabskamp,3,2,0,0,0,0,0,0,3.0,2.84,1.4768000000000001,0.9984000000000001,1.92,0.0,0.0,0.667,0.0,0.0,0.676,0.0,0.0,0.52,0.3468,0.3515
ricardo_ad__hai,Ricardo Ade,HAI,DEF,slutrunde,Slutrunde,17,10,0,2,0,0,2,5,17.0,4.4,4.4,3.7,3.7,0.0,0.2,0.588,0.0,0.118,0.841,0.0,0.045,1.0,0.588,0.841
ricardo_ad__hai,Ricardo Ade,HAI,DEF,kvalifikation,Kvalifikation,25,20,0,4,0,0,4,1,25.0,8.4,7.560000000000001,7.110000000000001,7.9,0.0,0.4,0.8,0.0,0.16,0.94,0.0,0.048,0.9,0.72,0.846
ricardo_ad__hai,Ricardo Ade,HAI,DEF,nations_league,Nations League,24,19,0,4,0,0,4,0,24.0,6.16,4.8048,3.9624,5.08,0.0,0.98,0.792,0.0,0.167,0.825,0.0,0.159,0.78,0.6178,0.6435
ricardo_ad__hai,Ricardo Ade,HAI,DEF,venskabskamp,Venskabskamp,16,9,0,6,0,0,6,1,16.0,6.16,3.2032000000000003,2.5064,4.82,0.0,1.24,0.562,0.0,0.375,0.782,0.0,0.201,0.52,0.2922,0.4066
ricardo_goss__rsa,Ricardo Goss,RSA,GK,slutrunde,Slutrunde,15,0,0,4,0,0,4,11,15.0,8.36,8.36,0.0,0.0,0.0,2.72,0.0,0.0,0.267,0.0,0.0,0.325,1.0,0.0,0.0
ricardo_goss__rsa,Ricardo Goss,RSA,GK,kvalifikation,Kvalifikation,32,0,0,16,0,0,16,16,32.0,10.88,9.792000000000002,0.0,0.0,0.0,3.82,0.0,0.0,0.5,0.0,0.0,0.351,0.9,0.0,0.0
ricardo_goss__rsa,Ricardo Goss,RSA,GK,venskabskamp,Venskabskamp,22,4,0,8,0,0,8,9,22.0,8.5,4.420000000000001,1.2064000000000001,2.3200000000000003,0.0,1.5,0.182,0.0,0.364,0.273,0.0,0.176,0.52,0.0946,0.142
ricardo_pepi__usa,Ricardo Pepi,USA,FWD,slutrunde,Slutrunde,18,0,0,11,4,0,11,0,14.0,7.92,5.2,0.0,0.0,0.0,3.7600000000000002,0.0,0.0,0.611,0.0,0.0,0.475,1.0,0.0,0.0
ricardo_pepi__usa,Ricardo Pepi,USA,FWD,nations_league_finals,Nations League-slutrunde,10,3,0,0,2,0,0,1,8.0,3.84,2.7359999999999998,1.216,1.28,0.0,0.0,0.375,0.0,0.0,0.444,0.0,0.0,0.95,0.3562,0.4218
ricardo_pepi__usa,Ricardo Pepi,USA,FWD,kvalifikation,Kvalifikation,14,8,0,0,0,0,0,4,14.0,2.8000000000000003,2.5200000000000005,1.4400000000000002,1.6,0.0,0.0,0.571,0.0,0.0,0.571,0.0,0.0,0.9,0.5139,0.5139
ricardo_pepi__usa,Ricardo Pepi,USA,FWD,nations_league,Nations League,4,1,0,2,0,0,2,0,4.0,0.8,0.6240000000000001,0.15600000000000003,0.2,0.0,0.4,0.25,0.0,0.5,0.25,0.0,0.5,0.78,0.195,0.195
ricardo_pepi__usa,Ricardo Pepi,USA,FWD,venskabskamp,Venskabskamp,33,5,0,13,2,0,13,3,31.0,16.32,7.7792,1.2272,2.36,0.0,5.48,0.161,0.0,0.394,0.158,0.0,0.336,0.52,0.0837,0.0822
ricardo_rodr_guez__sui,Ricardo Rodriguez,SUI,DEF,slutrunde,Slutrunde,26,26,0,0,0,0,0,0,26.0,5.4,5.4,5.4,5.4,0.0,0.0,1.0,0.0,0.0,1.0,0.0,0.0,1.0,1.0,1.0
ricardo_rodr_guez__sui,Ricardo Rodriguez,SUI,DEF,nations_league_finals,Nations League-slutrunde,2,2,0,0,0,0,0,0,2.0,0.2,0.19,0.19,0.2,0.0,0.0,1.0,0.0,0.0,1.0,0.0,0.0,0.95,0.95,0.95
ricardo_rodr_guez__sui,Ricardo Rodriguez,SUI,DEF,kvalifikation,Kvalifikation,66,57,0,2,4,0,2,2,62.0,12.64,10.926000000000002,10.278000000000002,11.42,0.0,0.42000000000000004,0.919,0.0,0.03,0.941,0.0,0.033,0.9,0.8271,0.8469
ricardo_rodr_guez__sui,Ricardo Rodriguez,SUI,DEF,nations_league,Nations League,22,19,0,2,0,0,2,1,22.0,5.08,3.9624000000000006,3.4320000000000004,4.4,0.0,0.2,0.864,0.0,0.091,0.866,0.0,0.039,0.78,0.6739,0.6755
ricardo_rodr_guez__sui,Ricardo Rodriguez,SUI,DEF,venskabskamp,Venskabskamp,50,28,0,7,2,0,7,8,48.0,11.8,6.032,3.7648,7.24,0.0,0.92,0.583,0.0,0.14,0.624,0.0,0.078,0.52,0.3032,0.3245
ricardo_velho__por,Ricardo Velho,POR,GK,nations_league,Nations League,2,0,0,0,0,0,0,2,2.0,0.96,0.7488,0.0,0.0,0.0,0.0,0.0,0.0,0.0,0.0,0.0,0.0,0.78,0.0,0.0
ricardo_velho__por,Ricardo Velho,POR,GK,venskabskamp,Venskabskamp,3,0,0,0,0,0,0,2,3.0,2.84,1.4768000000000001,0.0,0.0,0.0,0.0,0.0,0.0,0.0,0.0,0.0,0.0,0.52,0.0,0.0
richard_ledezma__mex,Richard Ledezma,MEX,DEF,venskabskamp,Venskabskamp,4,2,0,0,0,0,0,1,4.0,3.4699999999999998,1.8044,0.884,1.7,0.0,0.0,0.5,0.0,0.0,0.49,0.0,0.0,0.52,0.26,0.2548
richard_r_os__col,Richard Rios,COL,MID,slutrunde,Slutrunde,6,6,0,0,0,0,0,0,6.0,2.88,2.88,2.88,2.88,0.0,0.0,1.0,0.0,0.0,1.0,0.0,0.0,1.0,1.0,1.0
richard_r_os__col,Richard Rios,COL,MID,kvalifikation,Kvalifikation,17,10,0,0,0,0,0,2,17.0,8.16,7.344,4.86,5.4,0.0,0.0,0.588,0.0,0.0,0.662,0.0,0.0,0.9,0.5292,0.5958
richard_r_os__col,Richard Rios,COL,MID,venskabskamp,Venskabskamp,13,7,0,2,0,0,2,1,13.0,7.800000000000001,4.056,2.6,5.0,0.0,0.64,0.538,0.0,0.154,0.641,0.0,0.082,0.52,0.2798,0.3333
richie_laryea__can,Richie Laryea,CAN,DEF,slutrunde,Slutrunde,22,18,0,0,0,0,0,1,22.0,8.48,8.48,6.92,6.92,0.0,0.0,0.818,0.0,0.0,0.816,0.0,0.0,1.0,0.818,0.816
richie_laryea__can,Richie Laryea,CAN,DEF,nations_league_finals,Nations League-slutrunde,9,6,0,0,3,0,0,0,6.0,3.52,2.128,2.128,2.24,0.0,0.0,1.0,0.0,0.0,1.0,0.0,0.0,0.95,0.95,0.95
richie_laryea__can,Richie Laryea,CAN,DEF,kvalifikation,Kvalifikation,20,14,0,1,0,0,1,2,20.0,3.8000000000000003,3.4200000000000004,2.43,2.7,0.0,0.2,0.7,0.0,0.05,0.711,0.0,0.053,0.9,0.63,0.6399
richie_laryea__can,Richie Laryea,CAN,DEF,nations_league,Nations League,8,6,0,0,0,0,0,0,8.0,1.2000000000000002,0.9360000000000002,0.6240000000000001,0.8,0.0,0.0,0.75,0.0,0.0,0.667,0.0,0.0,0.78,0.585,0.5203
richie_laryea__can,Richie Laryea,CAN,DEF,venskabskamp,Venskabskamp,26,20,0,0,0,0,0,2,26.0,13.950000000000001,7.2540000000000004,6.1412,11.81,0.0,0.0,0.769,0.0,0.0,0.847,0.0,0.0,0.52,0.3999,0.4404
riechedly_bazoer__cuw,Riechedly Bazoer,CUW,DEF,kvalifikation,Kvalifikation,6,2,0,0,2,0,0,2,4.0,4.08,2.4480000000000004,1.2240000000000002,1.36,0.0,0.0,0.5,0.0,0.0,0.5,0.0,0.0,0.9,0.45,0.45
riechedly_bazoer__cuw,Riechedly Bazoer,CUW,DEF,venskabskamp,Venskabskamp,3,2,0,0,0,0,0,1,3.0,2.84,1.4768000000000001,0.9984000000000001,1.92,0.0,0.0,0.667,0.0,0.0,0.676,0.0,0.0,0.52,0.3468,0.3515
riley_mcgree__aus,Riley McGree,AUS,MID,slutrunde,Slutrunde,9,6,0,0,0,0,0,0,9.0,2.4,2.4,1.44,1.44,0.0,0.0,0.667,0.0,0.0,0.6,0.0,0.0,1.0,0.667,0.6
riley_mcgree__aus,Riley McGree,AUS,MID,kvalifikation,Kvalifikation,34,6,0,8,5,0,8,6,29.0,10.540000000000001,7.470000000000001,1.944,2.16,0.0,2.4,0.207,0.0,0.235,0.26,0.0,0.228,0.9,0.1863,0.234
riley_mcgree__aus,Riley McGree,AUS,MID,venskabskamp,Venskabskamp,18,7,0,3,2,0,3,2,16.0,8.52,3.7232000000000003,1.4768000000000001,2.8400000000000003,0.0,1.6800000000000002,0.438,0.0,0.167,0.397,0.0,0.197,0.52,0.2278,0.2064
ritsu_doan__jpn,Ritsu Doan,JPN,MID,slutrunde,Slutrunde,28,11,0,12,0,0,12,1,28.0,6.340000000000001,6.340000000000001,1.96,1.96,0.0,3.24,0.393,0.0,0.429,0.309,0.0,0.511,1.0,0.393,0.309
ritsu_doan__jpn,Ritsu Doan,JPN,MID,kvalifikation,Kvalifikation,34,12,0,10,2,0,10,6,32.0,10.24,8.856,4.212,4.68,0.0,2.58,0.375,0.0,0.294,0.476,0.0,0.252,0.9,0.3375,0.4284
ritsu_doan__jpn,Ritsu Doan,JPN,MID,venskabskamp,Venskabskamp,42,20,0,8,0,0,8,0,42.0,12.76,6.6352,3.5776000000000003,6.880000000000001,0.0,1.9200000000000002,0.476,0.0,0.19,0.539,0.0,0.15,0.52,0.2475,0.2803
riyad_mahrez__alg,Riyad Mahrez,ALG,FWD,slutrunde,Slutrunde,50,22,0,21,0,0,21,4,50.0,16.64,16.64,5.94,5.94,0.0,9.030000000000001,0.44,0.0,0.42,0.357,0.0,0.543,1.0,0.44,0.357
riyad_mahrez__alg,Riyad Mahrez,ALG,FWD,kvalifikation,Kvalifikation,62,44,0,9,1,0,9,1,61.0,14.4,12.870000000000001,9.306000000000001,10.34,0.0,2.24,0.721,0.0,0.145,0.723,0.0,0.156,0.9,0.6489,0.6507
riyad_mahrez__alg,Riyad Mahrez,ALG,FWD,venskabskamp,Venskabskamp,51,32,0,12,0,0,12,1,51.0,12.780000000000001,6.645600000000001,4.1912,8.06,0.0,2.52,0.627,0.0,0.235,0.631,0.0,0.197,0.52,0.326,0.3281
roberto_alvarado__mex,Roberto Alvarado,MEX,MID,slutrunde,Slutrunde,30,10,0,6,0,0,6,4,30.0,9.84,9.84,4.48,4.48,0.0,1.2000000000000002,0.333,0.0,0.2,0.455,0.0,0.122,1.0,0.333,0.455
roberto_alvarado__mex,Roberto Alvarado,MEX,MID,nations_league_finals,Nations League-slutrunde,12,2,0,7,0,0,7,3,12.0,4.14,3.933,0.9119999999999999,0.96,0.0,2.22,0.167,0.0,0.583,0.232,0.0,0.536,0.95,0.1587,0.2204
roberto_alvarado__mex,Roberto Alvarado,MEX,MID,kvalifikation,Kvalifikation,14,1,0,8,0,0,8,2,14.0,2.8000000000000003,2.5200000000000005,0.18000000000000002,0.2,0.0,1.6,0.071,0.0,0.571,0.071,0.0,0.571,0.9,0.0639,0.0639
roberto_alvarado__mex,Roberto Alvarado,MEX,MID,nations_league,Nations League,8,3,0,2,0,0,2,2,8.0,1.2000000000000002,0.9360000000000002,0.31200000000000006,0.4,0.0,0.4,0.375,0.0,0.25,0.333,0.0,0.333,0.78,0.2925,0.2597
roberto_alvarado__mex,Roberto Alvarado,MEX,MID,venskabskamp,Venskabskamp,65,25,0,19,0,0,19,8,65.0,22.89,11.902800000000001,5.6784,10.92,0.0,5.34,0.385,0.0,0.292,0.477,0.0,0.233,0.52,0.2002,0.248
roberto_lopes__cpv,Roberto Lopes,CPV,DEF,slutrunde,Slutrunde,9,8,0,0,0,0,0,1,9.0,2.4,2.4,2.08,2.08,0.0,0.0,0.889,0.0,0.0,0.867,0.0,0.0,1.0,0.889,0.867
roberto_lopes__cpv,Roberto Lopes,CPV,DEF,kvalifikation,Kvalifikation,34,27,0,4,0,0,4,3,34.0,11.4,10.260000000000002,8.946000000000002,9.94,0.0,0.78,0.794,0.0,0.118,0.872,0.0,0.068,0.9,0.7146,0.7848
roberto_lopes__cpv,Roberto Lopes,CPV,DEF,venskabskamp,Venskabskamp,23,9,0,11,1,0,11,1,22.0,8.98,4.565600000000001,2.2984,4.42,0.0,3.8400000000000003,0.409,0.0,0.478,0.503,0.0,0.428,0.52,0.2127,0.2616
robin_hranac__cze,Robin Hranac,CZE,DEF,slutrunde,Slutrunde,3,3,0,0,0,0,0,0,3.0,1.44,1.44,1.44,1.44,0.0,0.0,1.0,0.0,0.0,1.0,0.0,0.0,1.0,1.0,1.0
robin_hranac__cze,Robin Hranac,CZE,DEF,kvalifikation,Kvalifikation,10,3,0,5,0,0,5,1,10.0,6.880000000000001,6.192000000000001,2.2680000000000002,2.52,0.0,3.0,0.3,0.0,0.5,0.366,0.0,0.436,0.9,0.27,0.3294
robin_hranac__cze,Robin Hranac,CZE,DEF,nations_league,Nations League,6,1,0,2,0,0,2,3,6.0,2.88,2.2464,0.3744,0.48,0.0,0.96,0.167,0.0,0.333,0.167,0.0,0.333,0.78,0.1303,0.1303
robin_hranac__cze,Robin Hranac,CZE,DEF,venskabskamp,Venskabskamp,8,6,0,0,0,0,0,2,8.0,4.96,2.5792,2.0592,3.96,0.0,0.0,0.75,0.0,0.0,0.798,0.0,0.0,0.52,0.39,0.415
robin_koch__ger,Robin Koch,GER,DEF,slutrunde,Slutrunde,12,0,0,3,0,0,3,9,12.0,3.8,3.8,0.0,0.0,0.0,0.6000000000000001,0.0,0.0,0.25,0.0,0.0,0.158,1.0,0.0,0.0
robin_koch__ger,Robin Koch,GER,DEF,nations_league_finals,Nations League-slutrunde,4,2,0,0,0,0,0,2,4.0,2.12,2.014,1.1019999999999999,1.1600000000000001,0.0,0.0,0.5,0.0,0.0,0.547,0.0,0.0,0.95,0.475,0.5197
robin_koch__ger,Robin Koch,GER,DEF,kvalifikation,Kvalifikation,17,2,0,3,7,0,3,5,10.0,4.720000000000001,2.9880000000000004,0.7020000000000001,0.78,0.0,0.30000000000000004,0.2,0.0,0.176,0.235,0.0,0.064,0.9,0.18,0.2115
robin_koch__ger,Robin Koch,GER,DEF,nations_league,Nations League,18,3,0,6,2,0,6,4,16.0,4.68,2.9016,0.5304,0.6799999999999999,0.0,1.2000000000000002,0.188,0.0,0.333,0.183,0.0,0.256,0.78,0.1466,0.1427
robin_koch__ger,Robin Koch,GER,DEF,venskabskamp,Venskabskamp,23,3,0,11,3,0,11,4,20.0,5.92,2.6416000000000004,0.15600000000000003,0.30000000000000004,0.0,3.04,0.15,0.0,0.478,0.059,0.0,0.514,0.52,0.078,0.0307
robin_le_normand__esp,Robin Le Normand,ESP,DEF,slutrunde,Slutrunde,7,5,0,1,0,0,0,0,7.0,3.36,3.36,2.4,2.4,0.0,0.48,0.714,0.0,0.143,0.714,0.0,0.143,1.0,0.714,0.714
robin_le_normand__esp,Robin Le Normand,ESP,DEF,nations_league_finals,Nations League-slutrunde,6,6,0,0,0,0,0,0,6.0,2.76,2.622,2.622,2.76,0.0,0.0,1.0,0.0,0.0,1.0,0.0,0.0,0.95,0.95,0.95
robin_le_normand__esp,Robin Le Normand,ESP,DEF,kvalifikation,Kvalifikation,10,10,0,0,0,0,0,0,10.0,4.640000000000001,4.176,4.176,4.640000000000001,0.0,0.0,1.0,0.0,0.0,1.0,0.0,0.0,0.9,0.9,0.9
robin_le_normand__esp,Robin Le Normand,ESP,DEF,nations_league,Nations League,6,2,0,0,4,0,0,0,2.0,2.88,0.7488,0.7488,0.96,0.0,0.0,1.0,0.0,0.0,1.0,0.0,0.0,0.78,0.78,0.78
robin_le_normand__esp,Robin Le Normand,ESP,DEF,venskabskamp,Venskabskamp,4,2,0,0,0,0,0,1,4.0,1.6,0.8320000000000001,0.41600000000000004,0.8,0.0,0.0,0.5,0.0,0.0,0.5,0.0,0.0,0.52,0.26,0.26
robin_olsen__swe,Robin Olsen,SWE,GK,slutrunde,Slutrunde,12,9,0,0,0,0,0,3,12.0,1.6,1.6,1.3,1.3,0.0,0.0,0.75,0.0,0.0,0.812,0.0,0.0,1.0,0.75,0.812
robin_olsen__swe,Robin Olsen,SWE,GK,kvalifikation,Kvalifikation,50,39,0,0,0,0,0,11,50.0,8.48,7.632000000000001,6.642000000000001,7.380000000000001,0.0,0.0,0.78,0.0,0.0,0.87,0.0,0.0,0.9,0.702,0.783
robin_olsen__swe,Robin Olsen,SWE,GK,nations_league,Nations League,22,16,0,6,0,0,6,0,22.0,5.08,3.9624000000000006,1.7160000000000002,2.2,0.0,2.88,0.727,0.0,0.273,0.433,0.0,0.567,0.78,0.5671,0.3377
robin_olsen__swe,Robin Olsen,SWE,GK,venskabskamp,Venskabskamp,48,14,0,18,2,0,18,13,46.0,9.08,4.6176,1.9032,3.66,0.0,2.44,0.304,0.0,0.375,0.412,0.0,0.269,0.52,0.1581,0.2142
robin_risser__fra,Robin Risser,FRA,GK,venskabskamp,Venskabskamp,1,0,0,0,0,0,0,1,1.0,1.0,0.52,0.0,0.0,0.0,0.0,0.0,0.0,0.0,0.0,0.0,0.0,0.52,0.0,0.0
robin_roefs__ned,Robin Roefs,NED,GK,kvalifikation,Kvalifikation,6,0,0,0,0,0,0,6,6.0,4.08,3.6720000000000006,0.0,0.0,0.0,0.0,0.0,0.0,0.0,0.0,0.0,0.0,0.9,0.0,0.0
robin_roefs__ned,Robin Roefs,NED,GK,venskabskamp,Venskabskamp,1,0,0,0,0,0,0,0,1.0,1.0,0.52,0.0,0.0,0.0,0.0,0.0,0.0,0.0,0.0,0.0,0.0,0.52,0.0,0.0
rocky_bushiri__cod,Rocky Bushiri,COD,DEF,slutrunde,Slutrunde,15,1,0,7,0,0,7,7,15.0,8.36,8.36,0.85,0.85,0.0,3.68,0.067,0.0,0.467,0.102,0.0,0.44,1.0,0.067,0.102
rocky_bushiri__cod,Rocky Bushiri,COD,DEF,kvalifikation,Kvalifikation,19,2,0,2,0,0,2,15,19.0,10.44,9.396,1.044,1.1600000000000001,0.0,0.96,0.105,0.0,0.105,0.111,0.0,0.092,0.9,0.0945,0.0999
rocky_bushiri__cod,Rocky Bushiri,COD,DEF,venskabskamp,Venskabskamp,10,4,0,3,0,0,3,3,10.0,4.85,2.5220000000000002,1.1284,2.17,0.0,1.56,0.4,0.0,0.3,0.447,0.0,0.322,0.52,0.208,0.2324
roderick_miller__pan,Roderick Miller,PAN,DEF,slutrunde,Slutrunde,54,13,0,23,0,0,23,15,54.0,10.860000000000001,10.860000000000001,2.86,2.86,0.0,4.62,0.241,0.0,0.426,0.263,0.0,0.425,1.0,0.241,0.263
roderick_miller__pan,Roderick Miller,PAN,DEF,nations_league_finals,Nations League-slutrunde,10,2,0,4,2,0,4,2,8.0,3.84,2.7359999999999998,0.608,0.64,0.0,1.6,0.25,0.0,0.4,0.222,0.0,0.417,0.95,0.2375,0.2109
roderick_miller__pan,Roderick Miller,PAN,DEF,kvalifikation,Kvalifikation,66,7,0,47,0,0,47,10,66.0,13.8,12.420000000000002,1.062,1.18,0.0,11.040000000000001,0.106,0.0,0.712,0.086,0.0,0.8,0.9,0.0954,0.0774
roderick_miller__pan,Roderick Miller,PAN,DEF,nations_league,Nations League,12,3,0,9,0,0,9,0,12.0,2.48,1.9344000000000001,0.4680000000000001,0.6000000000000001,0.0,1.8800000000000001,0.25,0.0,0.75,0.242,0.0,0.758,0.78,0.195,0.1888
roderick_miller__pan,Roderick Miller,PAN,DEF,venskabskamp,Venskabskamp,80,15,0,51,5,0,51,5,75.0,16.8,8.278400000000001,2.184,4.2,0.0,7.82,0.2,0.0,0.638,0.264,0.0,0.465,0.52,0.104,0.1373
rodri_hernandez__esp,Rodri Hernandez,ESP,MID,slutrunde,Slutrunde,22,12,0,6,0,0,5,1,22.0,6.68,6.68,4.08,4.08,0.0,1.8,0.545,0.0,0.273,0.611,0.0,0.269,1.0,0.545,0.611
rodri_hernandez__esp,Rodri Hernandez,ESP,MID,nations_league_finals,Nations League-slutrunde,8,3,0,2,2,0,2,1,6.0,3.16,2.09,0.798,0.8400000000000001,0.0,1.1600000000000001,0.5,0.0,0.25,0.382,0.0,0.367,0.95,0.475,0.3629
rodri_hernandez__esp,Rodri Hernandez,ESP,MID,kvalifikation,Kvalifikation,32,15,0,1,4,0,1,5,28.0,8.700000000000001,5.382000000000001,2.7,3.0,0.0,0.32,0.536,0.0,0.031,0.502,0.0,0.037,0.9,0.4824,0.4518
rodri_hernandez__esp,Rodri Hernandez,ESP,MID,nations_league,Nations League,22,7,0,1,4,0,1,8,18.0,5.08,2.4648000000000003,1.0764,1.3800000000000001,0.0,0.48,0.389,0.0,0.045,0.437,0.0,0.094,0.78,0.3034,0.3409
rodri_hernandez__esp,Rodri Hernandez,ESP,MID,venskabskamp,Venskabskamp,20,7,0,4,0,0,4,4,20.0,6.140000000000001,3.1928,1.1544,2.22,0.0,1.78,0.35,0.0,0.2,0.362,0.0,0.29,0.52,0.182,0.1882
rodrigo_aguirre__uru,Rodrigo Aguirre,URU,FWD,kvalifikation,Kvalifikation,8,5,0,0,0,0,0,1,8.0,4.44,3.9960000000000004,2.52,2.8,0.0,0.0,0.625,0.0,0.0,0.631,0.0,0.0,0.9,0.5625,0.5679
rodrigo_aguirre__uru,Rodrigo Aguirre,URU,FWD,venskabskamp,Venskabskamp,6,2,0,3,0,0,3,0,6.0,4.5600000000000005,2.3712,0.8320000000000001,1.6,0.0,2.2800000000000002,0.333,0.0,0.5,0.351,0.0,0.5,0.52,0.1732,0.1825
rodrigo_bentancur__uru,Rodrigo Bentancur,URU,MID,slutrunde,Slutrunde,23,17,0,0,0,0,0,1,23.0,5.38,5.38,3.06,3.06,0.0,0.0,0.739,0.0,0.0,0.569,0.0,0.0,1.0,0.739,0.569
rodrigo_bentancur__uru,Rodrigo Bentancur,URU,MID,kvalifikation,Kvalifikation,38,25,0,7,4,0,0,0,34.0,11.58,9.270000000000001,6.372000000000001,7.08,0.0,2.8,0.735,0.0,0.184,0.687,0.0,0.242,0.9,0.6615,0.6183
rodrigo_bentancur__uru,Rodrigo Bentancur,URU,MID,venskabskamp,Venskabskamp,38,21,0,4,9,0,4,1,29.0,10.1,3.4424,1.9968000000000001,3.8400000000000003,0.0,2.16,0.724,0.0,0.105,0.58,0.0,0.214,0.52,0.3765,0.3016
rodrigo_de_paul__arg,Rodrigo de Paul,ARG,MID,slutrunde,Slutrunde,28,23,0,1,0,0,1,2,28.0,7.4,7.4,5.5,5.5,0.0,0.92,0.821,0.0,0.036,0.743,0.0,0.124,1.0,0.821,0.743
rodrigo_de_paul__arg,Rodrigo de Paul,ARG,MID,kvalifikation,Kvalifikation,35,33,0,1,0,0,0,1,35.0,11.38,10.242,9.63,10.700000000000001,0.0,0.2,0.943,0.0,0.029,0.94,0.0,0.018,0.9,0.8487,0.846
rodrigo_de_paul__arg,Rodrigo de Paul,ARG,MID,venskabskamp,Venskabskamp,31,18,0,2,0,0,2,1,31.0,9.620000000000001,5.002400000000001,2.1736,4.180000000000001,0.0,0.2,0.581,0.0,0.065,0.435,0.0,0.021,0.52,0.3021,0.2262
roger_ibanez__bra,Roger Ibanez,BRA,DEF,slutrunde,Slutrunde,9,0,0,9,0,0,9,0,9.0,2.92,2.92,0.0,0.0,0.0,2.92,0.0,0.0,1.0,0.0,0.0,1.0,1.0,0.0,0.0
roger_ibanez__bra,Roger Ibanez,BRA,DEF,kvalifikation,Kvalifikation,18,0,0,16,0,0,16,1,18.0,8.28,7.452000000000001,0.0,0.0,0.0,7.64,0.0,0.0,0.889,0.0,0.0,0.923,0.9,0.0,0.0
roger_ibanez__bra,Roger Ibanez,BRA,DEF,venskabskamp,Venskabskamp,17,3,0,8,0,0,8,3,17.0,9.4,4.888,1.1024,2.12,0.0,4.32,0.176,0.0,0.471,0.226,0.0,0.46,0.52,0.0915,0.1175
romano_schmid__aut,Romano Schmid,AUT,MID,slutrunde,Slutrunde,4,2,0,0,0,0,0,0,4.0,1.92,1.92,0.96,0.96,0.0,0.0,0.5,0.0,0.0,0.5,0.0,0.0,1.0,0.5,0.5
romano_schmid__aut,Romano Schmid,AUT,MID,kvalifikation,Kvalifikation,16,6,0,2,0,0,2,3,16.0,7.760000000000001,6.984000000000001,3.3480000000000008,3.72,0.0,0.64,0.375,0.0,0.125,0.479,0.0,0.082,0.9,0.3375,0.4311
romano_schmid__aut,Romano Schmid,AUT,MID,nations_league,Nations League,10,8,0,0,0,0,0,0,10.0,4.24,3.3072,2.9952,3.84,0.0,0.0,0.8,0.0,0.0,0.906,0.0,0.0,0.78,0.624,0.7067
romano_schmid__aut,Romano Schmid,AUT,MID,venskabskamp,Venskabskamp,11,5,0,1,0,0,1,1,11.0,5.32,2.7664000000000004,1.5808,3.04,0.0,0.32,0.455,0.0,0.091,0.571,0.0,0.06,0.52,0.2366,0.2969
romelu_lukaku__bel,Romelu Lukaku,BEL,FWD,slutrunde,Slutrunde,29,22,0,0,1,0,0,2,28.0,5.22,5.0200000000000005,4.22,4.22,0.0,0.0,0.786,0.0,0.0,0.841,0.0,0.0,1.0,0.786,0.841
romelu_lukaku__bel,Romelu Lukaku,BEL,FWD,nations_league_finals,Nations League-slutrunde,2,1,0,1,0,0,1,0,2.0,0.4,0.38,0.19,0.2,0.0,0.2,0.5,0.0,0.5,0.5,0.0,0.5,0.95,0.475,0.475
romelu_lukaku__bel,Romelu Lukaku,BEL,FWD,kvalifikation,Kvalifikation,74,35,0,8,12,0,8,12,62.0,14.180000000000001,8.370000000000001,5.8500000000000005,6.5,0.0,0.9,0.565,0.0,0.108,0.699,0.0,0.063,0.9,0.5085,0.6291
romelu_lukaku__bel,Romelu Lukaku,BEL,FWD,nations_league,Nations League,24,11,0,8,5,0,8,0,19.0,6.04,3.9312000000000005,1.8252000000000002,2.34,0.0,2.6999999999999997,0.579,0.0,0.333,0.464,0.0,0.447,0.78,0.4516,0.3619
romelu_lukaku__bel,Romelu Lukaku,BEL,FWD,venskabskamp,Venskabskamp,60,28,0,10,2,0,10,2,58.0,11.360000000000001,5.324800000000001,1.872,3.6,0.0,2.62,0.483,0.0,0.167,0.352,0.0,0.231,0.52,0.2512,0.183
ronald_ara_jo__uru,Ronald Araujo,URU,DEF,slutrunde,Slutrunde,14,4,0,0,6,0,0,4,8.0,4.48,3.28,1.92,1.92,0.0,0.0,0.5,0.0,0.0,0.585,0.0,0.0,1.0,0.5,0.585
ronald_ara_jo__uru,Ronald Araujo,URU,DEF,kvalifikation,Kvalifikation,36,15,0,1,11,0,1,7,25.0,11.38,6.714,4.41,4.9,0.0,0.68,0.6,0.0,0.028,0.657,0.0,0.06,0.9,0.54,0.5913
ronald_ara_jo__uru,Ronald Araujo,URU,DEF,venskabskamp,Venskabskamp,19,6,0,7,5,0,7,1,14.0,8.200000000000001,3.5360000000000005,1.6224,3.12,0.0,3.0,0.429,0.0,0.368,0.459,0.0,0.366,0.52,0.2231,0.2387
ronaldo_mart_nez__par,Ronaldo Martinez,PAR,FWD,kvalifikation,Kvalifikation,2,2,0,0,0,0,0,0,2.0,1.36,1.2240000000000002,1.2240000000000002,1.36,0.0,0.0,1.0,0.0,0.0,1.0,0.0,0.0,0.9,0.9,0.9
ronaldo_mart_nez__par,Ronaldo Martinez,PAR,FWD,venskabskamp,Venskabskamp,4,1,0,0,0,0,0,2,4.0,2.72,1.4144,0.3536,0.68,0.0,0.0,0.25,0.0,0.0,0.25,0.0,0.0,0.52,0.13,0.13
ronwen_williams__rsa,Ronwen Williams,RSA,GK,slutrunde,Slutrunde,26,15,0,10,0,0,10,1,26.0,9.46,9.46,6.04,6.04,0.0,3.3200000000000003,0.577,0.0,0.385,0.638,0.0,0.351,1.0,0.577,0.638
ronwen_williams__rsa,Ronwen Williams,RSA,GK,kvalifikation,Kvalifikation,59,30,0,21,0,0,21,8,59.0,13.58,12.222000000000001,8.586,9.540000000000001,0.0,3.24,0.508,0.0,0.356,0.703,0.0,0.239,0.9,0.4572,0.6327
ronwen_williams__rsa,Ronwen Williams,RSA,GK,venskabskamp,Venskabskamp,48,15,0,21,3,0,21,7,45.0,11.1,5.6160000000000005,2.4232,4.66,0.0,4.0200000000000005,0.333,0.0,0.438,0.431,0.0,0.362,0.52,0.1732,0.2241
roony_bardghji__swe,Roony Bardghji,SWE,MID,kvalifikation,Kvalifikation,5,1,0,0,0,0,0,2,5.0,3.64,3.2760000000000007,0.6120000000000001,0.68,0.0,0.0,0.2,0.0,0.0,0.187,0.0,0.0,0.9,0.18,0.1683
roshon_van_eijma__cuw,Roshon van Eijma,CUW,DEF,slutrunde,Slutrunde,3,3,0,0,0,0,0,0,3.0,2.04,2.04,2.04,2.04,0.0,0.0,1.0,0.0,0.0,1.0,0.0,0.0,1.0,1.0,1.0
roshon_van_eijma__cuw,Roshon van Eijma,CUW,DEF,kvalifikation,Kvalifikation,17,6,0,3,0,0,3,6,17.0,7.62,6.8580000000000005,3.6720000000000006,4.08,0.0,1.28,0.353,0.0,0.176,0.535,0.0,0.168,0.9,0.3177,0.4815
roshon_van_eijma__cuw,Roshon van Eijma,CUW,DEF,nations_league,Nations League,18,9,0,3,1,0,3,4,17.0,5.36,4.1028,2.6832000000000003,3.44,0.0,0.8400000000000001,0.529,0.0,0.167,0.654,0.0,0.157,0.78,0.4126,0.5101
roshon_van_eijma__cuw,Roshon van Eijma,CUW,DEF,venskabskamp,Venskabskamp,15,4,0,9,0,0,9,1,15.0,5.6000000000000005,2.9120000000000004,0.9152000000000001,1.76,0.0,1.9200000000000002,0.267,0.0,0.6,0.314,0.0,0.343,0.52,0.1388,0.1633
ross_stewart__sco,Ross Stewart,SCO,FWD,slutrunde,Slutrunde,3,0,0,3,0,0,3,0,3.0,1.44,1.44,0.0,0.0,0.0,1.44,0.0,0.0,1.0,0.0,0.0,1.0,1.0,0.0,0.0
ross_stewart__sco,Ross Stewart,SCO,FWD,kvalifikation,Kvalifikation,15,0,0,4,10,0,4,1,5.0,6.6000000000000005,1.9800000000000002,0.0,0.0,0.0,2.0,0.0,0.0,0.267,0.0,0.0,0.303,0.9,0.0,0.0
ross_stewart__sco,Ross Stewart,SCO,FWD,nations_league,Nations League,14,0,0,2,9,0,2,1,5.0,5.04,1.2168,0.0,0.0,0.0,0.96,0.0,0.0,0.143,0.0,0.0,0.19,0.78,0.0,0.0
ross_stewart__sco,Ross Stewart,SCO,FWD,venskabskamp,Venskabskamp,13,0,0,7,5,0,7,0,8.0,7.48,3.12,0.0,0.0,0.0,5.0,0.0,0.0,0.538,0.0,0.0,0.668,0.52,0.0,0.0
r_ben_dias__por,Ruben Dias,POR,DEF,slutrunde,Slutrunde,18,12,0,0,0,0,0,6,18.0,4.6,4.6,3.52,3.52,0.0,0.0,0.667,0.0,0.0,0.765,0.0,0.0,1.0,0.667,0.765
r_ben_dias__por,Ruben Dias,POR,DEF,nations_league_finals,Nations League-slutrunde,6,6,0,0,0,0,0,0,6.0,2.32,2.2039999999999997,2.2039999999999997,2.32,0.0,0.0,1.0,0.0,0.0,1.0,0.0,0.0,0.95,0.95,0.95
r_ben_dias__por,Ruben Dias,POR,DEF,kvalifikation,Kvalifikation,34,30,0,0,2,0,0,2,32.0,9.540000000000001,8.226,7.758000000000001,8.620000000000001,0.0,0.0,0.938,0.0,0.0,0.943,0.0,0.0,0.9,0.8442,0.8487
r_ben_dias__por,Ruben Dias,POR,DEF,nations_league,Nations League,22,16,0,0,6,0,0,0,16.0,5.08,2.5896000000000003,2.5896000000000003,3.32,0.0,0.0,1.0,0.0,0.0,1.0,0.0,0.0,0.78,0.78,0.78
r_ben_dias__por,Ruben Dias,POR,DEF,venskabskamp,Venskabskamp,20,9,0,2,2,0,2,5,18.0,6.36,2.3504,1.4664000000000001,2.82,0.0,0.42000000000000004,0.5,0.0,0.1,0.624,0.0,0.066,0.52,0.26,0.3245
r_ben_neves__por,Ruben Neves,POR,MID,slutrunde,Slutrunde,30,4,0,16,0,0,16,4,30.0,5.8,5.8,0.8,0.8,0.0,1.6,0.133,0.0,0.533,0.138,0.0,0.276,1.0,0.133,0.138
r_ben_neves__por,Ruben Neves,POR,MID,nations_league_finals,Nations League-slutrunde,6,3,0,0,0,0,0,0,6.0,2.32,2.2039999999999997,1.197,1.26,0.0,0.0,0.5,0.0,0.0,0.543,0.0,0.0,0.95,0.475,0.5159
r_ben_neves__por,Ruben Neves,POR,MID,kvalifikation,Kvalifikation,44,11,0,11,2,0,11,8,42.0,10.540000000000001,9.126000000000001,3.4740000000000006,3.8600000000000003,0.0,1.32,0.262,0.0,0.25,0.381,0.0,0.125,0.9,0.2358,0.3429
r_ben_neves__por,Ruben Neves,POR,MID,nations_league,Nations League,22,9,0,1,2,0,0,6,20.0,5.08,3.2136000000000005,1.3884000000000003,1.78,0.0,0.1,0.45,0.0,0.045,0.432,0.0,0.02,0.78,0.351,0.337
r_ben_neves__por,Ruben Neves,POR,MID,venskabskamp,Venskabskamp,34,8,0,15,0,0,15,5,34.0,7.76,4.035200000000001,1.0608000000000002,2.04,0.0,2.04,0.235,0.0,0.441,0.263,0.0,0.263,0.52,0.1222,0.1368
ruben_providence__hai,Ruben Providence,HAI,FWD,slutrunde,Slutrunde,3,2,0,0,0,0,0,0,3.0,2.04,2.04,1.36,1.36,0.0,0.0,0.667,0.0,0.0,0.667,0.0,0.0,1.0,0.667,0.667
ruben_providence__hai,Ruben Providence,HAI,FWD,kvalifikation,Kvalifikation,8,4,0,0,0,0,0,1,8.0,5.44,4.896000000000001,2.4480000000000004,2.72,0.0,0.0,0.5,0.0,0.0,0.5,0.0,0.0,0.9,0.45,0.45
ruben_providence__hai,Ruben Providence,HAI,FWD,venskabskamp,Venskabskamp,5,3,0,0,0,0,0,0,5.0,4.32,2.2464,1.5184000000000002,2.92,0.0,0.0,0.6,0.0,0.0,0.676,0.0,0.0,0.52,0.312,0.3515
ruben_vargas__sui,Ruben Vargas,SUI,FWD,slutrunde,Slutrunde,14,9,0,0,0,0,0,1,14.0,4.2,4.2,2.92,2.92,0.0,0.0,0.643,0.0,0.0,0.695,0.0,0.0,1.0,0.643,0.695
ruben_vargas__sui,Ruben Vargas,SUI,FWD,kvalifikation,Kvalifikation,29,21,0,2,2,0,2,0,27.0,8.940000000000001,7.578000000000001,6.8580000000000005,7.62,0.0,0.2,0.778,0.0,0.069,0.905,0.0,0.022,0.9,0.7002,0.8145
ruben_vargas__sui,Ruben Vargas,SUI,FWD,nations_league,Nations League,18,6,0,1,7,0,1,2,11.0,4.68,1.6848,1.2948000000000002,1.66,0.0,0.1,0.545,0.0,0.056,0.769,0.0,0.021,0.78,0.4251,0.5998
ruben_vargas__sui,Ruben Vargas,SUI,FWD,venskabskamp,Venskabskamp,21,9,0,2,2,0,2,2,19.0,8.9,3.9208000000000003,2.6,5.0,0.0,1.32,0.474,0.0,0.095,0.663,0.0,0.148,0.52,0.2465,0.3448
rui_silva__por,Rui Silva,POR,GK,slutrunde,Slutrunde,14,0,0,10,0,0,10,4,14.0,4.2,4.2,0.0,0.0,0.0,3.4,0.0,0.0,0.714,0.0,0.0,0.81,1.0,0.0,0.0
rui_silva__por,Rui Silva,POR,GK,nations_league_finals,Nations League-slutrunde,4,0,0,0,0,0,0,4,4.0,2.12,2.014,0.0,0.0,0.0,0.0,0.0,0.0,0.0,0.0,0.0,0.0,0.95,0.0,0.0
rui_silva__por,Rui Silva,POR,GK,kvalifikation,Kvalifikation,26,0,0,17,0,0,17,9,26.0,8.74,7.866000000000001,0.0,0.0,0.0,4.36,0.0,0.0,0.654,0.0,0.0,0.499,0.9,0.0,0.0
rui_silva__por,Rui Silva,POR,GK,nations_league,Nations League,18,0,0,2,0,0,2,16,18.0,4.68,3.6504000000000003,0.0,0.0,0.0,0.4,0.0,0.0,0.111,0.0,0.0,0.085,0.78,0.0,0.0
rui_silva__por,Rui Silva,POR,GK,venskabskamp,Venskabskamp,15,2,0,8,0,0,8,4,15.0,5.86,3.0472,0.5824,1.12,0.0,2.52,0.133,0.0,0.533,0.191,0.0,0.43,0.52,0.0692,0.0993
rustam_ashurmatov__uzb,Rustam Ashurmatov,UZB,DEF,slutrunde,Slutrunde,17,4,0,8,4,0,8,1,13.0,6.0,3.2800000000000002,1.28,1.28,0.0,1.6800000000000002,0.308,0.0,0.471,0.39,0.0,0.28,1.0,0.308,0.39
rustam_ashurmatov__uzb,Rustam Ashurmatov,UZB,DEF,kvalifikation,Kvalifikation,32,19,0,6,0,0,5,5,32.0,9.44,8.496,5.4,6.0,0.0,1.2,0.594,0.0,0.188,0.636,0.0,0.127,0.9,0.5346,0.5724
rustam_ashurmatov__uzb,Rustam Ashurmatov,UZB,DEF,venskabskamp,Venskabskamp,54,20,0,20,0,0,20,9,54.0,12.66,6.583200000000001,3.6192,6.96,0.0,2.3000000000000003,0.37,0.0,0.37,0.55,0.0,0.182,0.52,0.1924,0.286
ryan_christie__sco,Ryan Christie,SCO,MID,slutrunde,Slutrunde,6,2,0,0,0,0,0,2,6.0,2.04,2.04,0.6799999999999999,0.6799999999999999,0.0,0.0,0.333,0.0,0.0,0.333,0.0,0.0,1.0,0.333,0.333
ryan_christie__sco,Ryan Christie,SCO,MID,kvalifikation,Kvalifikation,37,17,0,4,3,0,4,1,34.0,9.5,8.280000000000001,4.572000000000001,5.08,0.0,1.08,0.5,0.0,0.108,0.552,0.0,0.114,0.9,0.45,0.4968
ryan_christie__sco,Ryan Christie,SCO,MID,nations_league,Nations League,24,16,0,3,2,0,3,1,22.0,6.04,4.5552,3.3384,4.28,0.0,0.6799999999999999,0.727,0.0,0.125,0.733,0.0,0.113,0.78,0.5671,0.5717
ryan_christie__sco,Ryan Christie,SCO,MID,venskabskamp,Venskabskamp,24,11,0,2,2,0,2,3,22.0,8.88,3.9104,2.5272,4.86,0.0,0.30000000000000004,0.5,0.0,0.083,0.646,0.0,0.034,0.52,0.26,0.3359
ryan_gravenberch__ned,Ryan Gravenberch,NED,MID,slutrunde,Slutrunde,15,1,0,5,0,0,5,8,15.0,4.68,4.68,0.2,0.2,0.0,1.0,0.067,0.0,0.333,0.043,0.0,0.214,1.0,0.067,0.043
ryan_gravenberch__ned,Ryan Gravenberch,NED,MID,nations_league_finals,Nations League-slutrunde,4,0,0,2,2,0,2,0,2.0,1.6,0.608,0.0,0.0,0.0,0.64,0.0,0.0,0.5,0.0,0.0,0.4,0.95,0.0,0.0
ryan_gravenberch__ned,Ryan Gravenberch,NED,MID,kvalifikation,Kvalifikation,26,6,0,6,0,0,6,8,26.0,9.46,8.514000000000001,3.6720000000000006,4.08,0.0,1.92,0.231,0.0,0.231,0.431,0.0,0.203,0.9,0.2079,0.3879
ryan_gravenberch__ned,Ryan Gravenberch,NED,MID,nations_league,Nations League,14,5,0,1,4,0,1,2,10.0,4.28,2.7144000000000004,1.872,2.4,0.0,0.2,0.5,0.0,0.071,0.69,0.0,0.047,0.78,0.39,0.5382
ryan_gravenberch__ned,Ryan Gravenberch,NED,MID,venskabskamp,Venskabskamp,11,3,0,4,0,0,4,2,11.0,5.14,2.6728,1.248,2.4,0.0,1.04,0.273,0.0,0.364,0.467,0.0,0.202,0.52,0.142,0.2428
ryan_thomas__nzl,Ryan Thomas,NZL,MID,slutrunde,Slutrunde,7,3,0,1,3,0,1,0,4.0,2.2199999999999998,0.78,0.30000000000000004,0.30000000000000004,0.0,0.48,0.75,0.0,0.143,0.385,0.0,0.216,1.0,0.75,0.385
ryan_thomas__nzl,Ryan Thomas,NZL,MID,kvalifikation,Kvalifikation,24,6,0,6,11,0,6,0,13.0,4.9,2.88,0.54,0.6000000000000001,0.0,2.5,0.462,0.0,0.25,0.188,0.0,0.51,0.9,0.4158,0.1692
ryan_thomas__nzl,Ryan Thomas,NZL,MID,oevrig_turnering,Øvrig turnering,3,0,0,3,0,0,3,0,3.0,0.30000000000000004,0.186,0.0,0.0,0.0,0.30000000000000004,0.0,0.0,1.0,0.0,0.0,1.0,0.62,0.0,0.0
ryan_thomas__nzl,Ryan Thomas,NZL,MID,venskabskamp,Venskabskamp,49,14,0,22,12,0,22,0,37.0,16.88,7.446400000000001,2.3608000000000002,4.54,0.0,8.86,0.378,0.0,0.449,0.317,0.0,0.525,0.52,0.1966,0.1648
sabri_ben_hessen__tun,Sabri Ben Hessen,TUN,GK,slutrunde,Slutrunde,7,0,0,7,0,0,7,0,7.0,5.61,5.61,0.0,0.0,0.0,5.61,0.0,0.0,1.0,0.0,0.0,1.0,1.0,0.0,0.0
sabri_ben_hessen__tun,Sabri Ben Hessen,TUN,GK,kvalifikation,Kvalifikation,2,0,0,0,0,0,0,2,2.0,0.96,0.864,0.0,0.0,0.0,0.0,0.0,0.0,0.0,0.0,0.0,0.0,0.9,0.0,0.0
sabri_ben_hessen__tun,Sabri Ben Hessen,TUN,GK,venskabskamp,Venskabskamp,8,1,0,1,0,0,1,6,8.0,6.73,3.4996,0.47840000000000005,0.92,0.0,0.92,0.125,0.0,0.125,0.137,0.0,0.137,0.52,0.065,0.0712
sadio_man__sen,Sadio Mane,SEN,FWD,slutrunde,Slutrunde,51,32,0,8,10,0,7,1,41.0,16.41,14.41,10.03,10.03,0.0,4.28,0.78,0.0,0.157,0.696,0.0,0.261,1.0,0.78,0.696
sadio_man__sen,Sadio Mane,SEN,FWD,kvalifikation,Kvalifikation,73,62,0,3,4,0,3,0,69.0,15.5,12.906,11.988000000000001,13.32,0.0,0.62,0.899,0.0,0.041,0.929,0.0,0.04,0.9,0.8091,0.8361
sadio_man__sen,Sadio Mane,SEN,FWD,venskabskamp,Venskabskamp,41,22,0,9,2,0,9,3,39.0,10.360000000000001,5.283200000000001,2.8288,5.44,0.0,3.7,0.564,0.0,0.22,0.535,0.0,0.357,0.52,0.2933,0.2782
saleem_obaid__jor,Saleem Obaid,JOR,DEF,slutrunde,Slutrunde,20,2,0,15,0,0,15,3,20.0,8.27,8.27,1.53,1.53,0.0,4.19,0.1,0.0,0.75,0.185,0.0,0.507,1.0,0.1,0.185
saleem_obaid__jor,Saleem Obaid,JOR,DEF,kvalifikation,Kvalifikation,28,1,0,26,0,0,26,0,28.0,9.14,8.226,0.6120000000000001,0.68,0.0,7.9799999999999995,0.036,0.0,0.929,0.074,0.0,0.873,0.9,0.0324,0.0666
saleem_obaid__jor,Saleem Obaid,JOR,DEF,venskabskamp,Venskabskamp,45,3,0,33,0,0,33,6,45.0,13.8,7.176,0.7592000000000001,1.4600000000000002,0.0,6.96,0.067,0.0,0.733,0.106,0.0,0.504,0.52,0.0348,0.0551
salem_al_dawsari__ksa,Salem Al-Dawsari,KSA,MID,slutrunde,Slutrunde,65,33,0,21,5,0,21,2,60.0,16.45,13.63,9.2,9.2,0.0,2.7,0.55,0.0,0.323,0.675,0.0,0.164,1.0,0.55,0.675
salem_al_dawsari__ksa,Salem Al-Dawsari,KSA,MID,kvalifikation,Kvalifikation,61,33,0,17,8,0,14,1,53.0,14.1,10.71,8.82,9.8,0.0,1.8,0.623,0.0,0.279,0.824,0.0,0.128,0.9,0.5607,0.7416
salem_al_dawsari__ksa,Salem Al-Dawsari,KSA,MID,venskabskamp,Venskabskamp,59,29,0,15,9,0,15,1,50.0,13.540000000000001,5.2624,3.2864000000000004,6.32,0.0,1.5,0.58,0.0,0.254,0.625,0.0,0.111,0.52,0.3016,0.325
salih_ozcan__tur,Salih Özcan,TUR,MID,slutrunde,Slutrunde,5,2,0,0,0,0,0,1,5.0,2.4,2.4,0.96,0.96,0.0,0.0,0.4,0.0,0.0,0.4,0.0,0.0,1.0,0.4,0.4
salih_ozcan__tur,Salih Özcan,TUR,MID,kvalifikation,Kvalifikation,16,6,0,0,0,0,0,4,16.0,8.24,7.416000000000001,1.9440000000000002,2.16,0.0,0.0,0.375,0.0,0.0,0.262,0.0,0.0,0.9,0.3375,0.2358
salih_ozcan__tur,Salih Özcan,TUR,MID,nations_league,Nations League,14,2,0,5,2,0,5,2,12.0,5.04,3.6192,0.31200000000000006,0.4,0.0,2.4,0.167,0.0,0.357,0.086,0.0,0.476,0.78,0.1303,0.0671
salih_ozcan__tur,Salih Özcan,TUR,MID,venskabskamp,Venskabskamp,13,5,0,1,2,0,1,1,11.0,6.04,2.4336,1.2064000000000001,2.32,0.0,0.32,0.455,0.0,0.077,0.496,0.0,0.053,0.52,0.2366,0.2579
saman_ghoddos__irn,Saman Ghoddos,IRN,MID,slutrunde,Slutrunde,25,10,0,5,0,0,5,2,25.0,7.1000000000000005,7.1000000000000005,3.48,3.48,0.0,2.3200000000000003,0.4,0.0,0.2,0.49,0.0,0.327,1.0,0.4,0.49
saman_ghoddos__irn,Saman Ghoddos,IRN,MID,kvalifikation,Kvalifikation,34,17,0,6,3,0,1,3,31.0,10.34,8.262,5.688000000000001,6.32,0.0,1.08,0.548,0.0,0.176,0.688,0.0,0.104,0.9,0.4932,0.6192
saman_ghoddos__irn,Saman Ghoddos,IRN,MID,venskabskamp,Venskabskamp,40,17,0,13,0,0,13,1,40.0,11.34,5.896800000000001,3.8064000000000004,7.32,0.0,2.6,0.425,0.0,0.325,0.646,0.0,0.229,0.52,0.221,0.3359
samed_ba_dar__bih,Samed Bazdar,BIH,FWD,kvalifikation,Kvalifikation,10,2,0,0,0,0,0,3,10.0,6.880000000000001,6.192000000000001,1.2240000000000002,1.36,0.0,0.0,0.2,0.0,0.0,0.198,0.0,0.0,0.9,0.18,0.1782
samed_ba_dar__bih,Samed Bazdar,BIH,FWD,nations_league,Nations League,2,0,0,0,0,0,0,0,2.0,0.96,0.7488,0.0,0.0,0.0,0.0,0.0,0.0,0.0,0.0,0.0,0.0,0.78,0.0,0.0
samed_ba_dar__bih,Samed Bazdar,BIH,FWD,venskabskamp,Venskabskamp,4,2,0,0,0,0,0,0,4.0,3.3600000000000003,1.7472,0.8736,1.6800000000000002,0.0,0.0,0.5,0.0,0.0,0.5,0.0,0.0,0.52,0.26,0.26
samet_akaydin__tur,Samet Akaydin,TUR,DEF,slutrunde,Slutrunde,5,4,0,1,0,0,0,0,5.0,2.4,2.4,1.92,1.92,0.0,0.48,0.8,0.0,0.2,0.8,0.0,0.2,1.0,0.8,0.8
samet_akaydin__tur,Samet Akaydin,TUR,DEF,kvalifikation,Kvalifikation,16,5,0,1,0,0,1,8,16.0,8.24,7.416000000000001,2.3040000000000003,2.56,0.0,0.32,0.312,0.0,0.062,0.311,0.0,0.039,0.9,0.2808,0.2799
samet_akaydin__tur,Samet Akaydin,TUR,DEF,nations_league,Nations League,8,2,0,0,0,0,0,4,8.0,3.84,2.9952,0.7488,0.96,0.0,0.0,0.25,0.0,0.0,0.25,0.0,0.0,0.78,0.195,0.195
samet_akaydin__tur,Samet Akaydin,TUR,DEF,venskabskamp,Venskabskamp,12,3,0,1,0,0,1,7,12.0,5.84,3.0368000000000004,0.52,1.0,0.0,0.32,0.25,0.0,0.083,0.171,0.0,0.055,0.52,0.13,0.0889
samu_costa__por,Samu Costa,POR,MID,nations_league_finals,Nations League-slutrunde,4,0,0,4,0,0,4,0,4.0,2.12,2.014,0.0,0.0,0.0,2.12,0.0,0.0,1.0,0.0,0.0,1.0,0.95,0.0,0.0
samu_costa__por,Samu Costa,POR,MID,kvalifikation,Kvalifikation,6,0,0,6,0,0,6,0,6.0,4.08,3.6720000000000006,0.0,0.0,0.0,4.08,0.0,0.0,1.0,0.0,0.0,1.0,0.9,0.0,0.0
samu_costa__por,Samu Costa,POR,MID,nations_league,Nations League,4,0,0,1,0,0,1,1,4.0,1.92,1.4976,0.0,0.0,0.0,0.48,0.0,0.0,0.25,0.0,0.0,0.25,0.78,0.0,0.0
samu_costa__por,Samu Costa,POR,MID,venskabskamp,Venskabskamp,3,3,0,0,0,0,0,0,3.0,2.84,1.4768000000000001,1.4768000000000001,2.84,0.0,0.0,1.0,0.0,0.0,1.0,0.0,0.0,0.52,0.52,0.52
samuel_aghehowa__esp,Samuel Aghehowa,ESP,FWD,nations_league_finals,Nations League-slutrunde,4,0,0,0,0,0,0,3,4.0,2.12,2.014,0.0,0.0,0.0,0.0,0.0,0.0,0.0,0.0,0.0,0.0,0.95,0.0,0.0
samuel_aghehowa__esp,Samuel Aghehowa,ESP,FWD,kvalifikation,Kvalifikation,6,1,0,3,0,0,3,1,6.0,4.08,3.6720000000000006,0.6120000000000001,0.68,0.0,2.04,0.167,0.0,0.5,0.167,0.0,0.5,0.9,0.1503,0.1503
samuel_aghehowa__esp,Samuel Aghehowa,ESP,FWD,nations_league,Nations League,2,0,0,0,0,0,0,1,2.0,0.96,0.7488,0.0,0.0,0.0,0.0,0.0,0.0,0.0,0.0,0.0,0.0,0.78,0.0,0.0
samuel_moutoussamy__cod,Samuel Moutoussamy,COD,MID,slutrunde,Slutrunde,22,10,0,11,0,0,11,1,22.0,9.36,9.36,4.79,4.79,0.0,3.72,0.455,0.0,0.5,0.512,0.0,0.397,1.0,0.455,0.512
samuel_moutoussamy__cod,Samuel Moutoussamy,COD,MID,kvalifikation,Kvalifikation,39,30,0,7,0,0,7,1,39.0,14.08,12.672,11.052000000000001,12.280000000000001,0.0,1.3800000000000001,0.769,0.0,0.179,0.872,0.0,0.098,0.9,0.6921,0.7848
samuel_moutoussamy__cod,Samuel Moutoussamy,COD,MID,venskabskamp,Venskabskamp,21,12,0,3,0,0,3,2,21.0,7.3500000000000005,3.822,2.1528,4.14,0.0,1.32,0.571,0.0,0.143,0.563,0.0,0.18,0.52,0.2969,0.2928
samukele_kabini__rsa,Samukele Kabini,RSA,DEF,slutrunde,Slutrunde,8,1,0,4,0,0,4,3,8.0,6.12,6.12,0.85,0.85,0.0,2.72,0.125,0.0,0.5,0.139,0.0,0.444,1.0,0.125,0.139
samukele_kabini__rsa,Samukele Kabini,RSA,DEF,kvalifikation,Kvalifikation,4,1,0,0,0,0,0,3,4.0,2.72,2.4480000000000004,0.6120000000000001,0.68,0.0,0.0,0.25,0.0,0.0,0.25,0.0,0.0,0.9,0.225,0.225
samukele_kabini__rsa,Samukele Kabini,RSA,DEF,venskabskamp,Venskabskamp,6,3,0,0,0,0,0,2,6.0,4.88,2.5376000000000003,1.2272,2.3600000000000003,0.0,0.0,0.5,0.0,0.0,0.484,0.0,0.0,0.52,0.26,0.2517
sander_berge__nor,Sander Berge,NOR,MID,kvalifikation,Kvalifikation,43,26,0,5,7,0,5,0,36.0,10.76,8.424000000000001,6.840000000000001,7.6000000000000005,0.0,0.5,0.722,0.0,0.116,0.812,0.0,0.046,0.9,0.6498,0.7308
sander_berge__nor,Sander Berge,NOR,MID,nations_league,Nations League,24,16,0,1,2,0,1,3,22.0,5.28,3.9624000000000006,3.1980000000000004,4.1,0.0,0.1,0.727,0.0,0.042,0.807,0.0,0.019,0.78,0.5671,0.6295
sander_berge__nor,Sander Berge,NOR,MID,venskabskamp,Venskabskamp,24,15,0,2,6,0,2,0,18.0,8.24,3.8688000000000002,3.3592000000000004,6.46,0.0,0.30000000000000004,0.833,0.0,0.083,0.868,0.0,0.036,0.52,0.4332,0.4514
sander_tangvik__nor,Sander Tangvik,NOR,GK,kvalifikation,Kvalifikation,2,0,0,0,0,0,0,2,2.0,1.36,1.2240000000000002,0.0,0.0,0.0,0.0,0.0,0.0,0.0,0.0,0.0,0.0,0.9,0.0,0.0
sander_tangvik__nor,Sander Tangvik,NOR,GK,venskabskamp,Venskabskamp,1,0,0,0,0,0,0,1,1.0,1.0,0.52,0.0,0.0,0.0,0.0,0.0,0.0,0.0,0.0,0.0,0.0,0.52,0.0,0.0
santiago_arias__col,Santiago Arias,COL,DEF,slutrunde,Slutrunde,36,14,0,0,7,0,0,10,29.0,6.58,5.18,1.78,1.78,0.0,0.0,0.483,0.0,0.0,0.344,0.0,0.0,1.0,0.483,0.344
santiago_arias__col,Santiago Arias,COL,DEF,kvalifikation,Kvalifikation,55,19,0,16,10,0,16,10,45.0,13.48,10.584000000000001,3.1140000000000003,3.46,0.0,4.6000000000000005,0.422,0.0,0.291,0.294,0.0,0.341,0.9,0.3798,0.2646
santiago_arias__col,Santiago Arias,COL,DEF,venskabskamp,Venskabskamp,60,22,0,18,7,0,18,6,53.0,13.74,6.728800000000001,2.2152000000000003,4.26,0.0,4.54,0.415,0.0,0.3,0.329,0.0,0.33,0.52,0.2158,0.1711
santiago_bueno__uru,Santiago Bueno,URU,DEF,slutrunde,Slutrunde,6,0,0,6,0,0,6,0,6.0,2.88,2.88,0.0,0.0,0.0,2.88,0.0,0.0,1.0,0.0,0.0,1.0,1.0,0.0,0.0
santiago_bueno__uru,Santiago Bueno,URU,DEF,kvalifikation,Kvalifikation,18,3,0,3,2,0,3,9,16.0,8.28,6.588,1.296,1.44,0.0,1.12,0.188,0.0,0.167,0.197,0.0,0.135,0.9,0.1692,0.1773
santiago_bueno__uru,Santiago Bueno,URU,DEF,venskabskamp,Venskabskamp,14,3,0,6,2,0,6,2,12.0,7.2,3.4112,0.5616000000000001,1.08,0.0,3.2,0.25,0.0,0.429,0.165,0.0,0.444,0.52,0.13,0.0858
santiago_mele__uru,Santiago Mele,URU,GK,slutrunde,Slutrunde,6,0,0,0,0,0,0,6,6.0,2.88,2.88,0.0,0.0,0.0,0.0,0.0,0.0,0.0,0.0,0.0,0.0,1.0,0.0,0.0
santiago_mele__uru,Santiago Mele,URU,GK,kvalifikation,Kvalifikation,18,4,0,0,0,0,0,14,18.0,8.28,7.452000000000001,1.9440000000000002,2.16,0.0,0.0,0.222,0.0,0.0,0.261,0.0,0.0,0.9,0.1998,0.2349
santiago_mele__uru,Santiago Mele,URU,GK,venskabskamp,Venskabskamp,14,3,0,4,0,0,4,6,14.0,7.2,3.744,0.6240000000000001,1.2000000000000002,0.0,2.16,0.214,0.0,0.286,0.167,0.0,0.3,0.52,0.1113,0.0868
sarpreet_singh__nzl,Sarpreet Singh,NZL,MID,slutrunde,Slutrunde,4,0,0,4,0,0,4,0,4.0,1.92,1.92,0.0,0.0,0.0,1.92,0.0,0.0,1.0,0.0,0.0,1.0,1.0,0.0,0.0
sarpreet_singh__nzl,Sarpreet Singh,NZL,MID,kvalifikation,Kvalifikation,11,3,0,5,2,0,5,0,9.0,3.6,2.88,1.296,1.44,0.0,1.28,0.333,0.0,0.455,0.45,0.0,0.356,0.9,0.2997,0.405
sarpreet_singh__nzl,Sarpreet Singh,NZL,MID,oevrig_turnering,Øvrig turnering,3,3,0,0,0,0,0,0,3.0,0.30000000000000004,0.186,0.186,0.30000000000000004,0.0,0.0,1.0,0.0,0.0,1.0,0.0,0.0,0.62,0.62,0.62
sarpreet_singh__nzl,Sarpreet Singh,NZL,MID,venskabskamp,Venskabskamp,36,19,0,8,6,0,8,1,30.0,15.58,6.728800000000001,5.0648,9.74,0.0,2.8,0.633,0.0,0.222,0.753,0.0,0.18,0.52,0.3292,0.3916
saud_abdulhamid__ksa,Saud Abdulhamid,KSA,DEF,slutrunde,Slutrunde,32,14,0,13,0,0,13,4,32.0,13.15,13.15,4.98,4.98,0.0,7.45,0.438,0.0,0.406,0.379,0.0,0.567,1.0,0.438,0.379
saud_abdulhamid__ksa,Saud Abdulhamid,KSA,DEF,kvalifikation,Kvalifikation,36,11,0,2,1,0,2,12,35.0,11.6,10.008000000000001,4.248,4.72,0.0,0.8,0.314,0.0,0.056,0.424,0.0,0.069,0.9,0.2826,0.3816
saud_abdulhamid__ksa,Saud Abdulhamid,KSA,DEF,venskabskamp,Venskabskamp,27,12,0,8,0,0,8,4,27.0,10.34,5.3768,2.7352000000000003,5.26,0.0,3.16,0.444,0.0,0.296,0.509,0.0,0.306,0.52,0.2309,0.2647
scott_mckenna__sco,Scott McKenna,SCO,DEF,slutrunde,Slutrunde,6,1,0,0,0,0,0,2,6.0,2.04,2.04,0.48,0.48,0.0,0.0,0.167,0.0,0.0,0.235,0.0,0.0,1.0,0.167,0.235
scott_mckenna__sco,Scott McKenna,SCO,DEF,kvalifikation,Kvalifikation,37,13,0,5,4,0,5,11,33.0,9.5,8.010000000000002,3.4200000000000004,3.8000000000000003,0.0,0.9400000000000001,0.394,0.0,0.135,0.427,0.0,0.099,0.9,0.3546,0.3843
scott_mckenna__sco,Scott McKenna,SCO,DEF,nations_league,Nations League,24,11,0,4,3,0,4,3,21.0,6.04,3.8844000000000003,1.7628000000000001,2.2600000000000002,0.0,0.6000000000000001,0.524,0.0,0.167,0.454,0.0,0.099,0.78,0.4087,0.3541
scott_mckenna__sco,Scott McKenna,SCO,DEF,venskabskamp,Venskabskamp,23,9,0,0,5,0,0,3,18.0,8.780000000000001,3.9728000000000003,1.7784000000000002,3.42,0.0,0.0,0.5,0.0,0.0,0.448,0.0,0.0,0.52,0.26,0.233
scott_mctominay__sco,Scott McTominay,SCO,MID,slutrunde,Slutrunde,6,6,0,0,0,0,0,0,6.0,2.04,2.04,2.04,2.04,0.0,0.0,1.0,0.0,0.0,1.0,0.0,0.0,1.0,1.0,1.0
scott_mctominay__sco,Scott McTominay,SCO,MID,kvalifikation,Kvalifikation,37,25,0,3,5,0,3,0,32.0,9.5,7.830000000000001,6.930000000000001,7.7,0.0,0.5,0.781,0.0,0.081,0.885,0.0,0.053,0.9,0.7029,0.7965
scott_mctominay__sco,Scott McTominay,SCO,MID,nations_league,Nations League,24,17,0,1,1,0,0,1,23.0,6.04,4.6332,4.0092,5.14,0.0,0.2,0.739,0.0,0.042,0.865,0.0,0.033,0.78,0.5764,0.6747
scott_mctominay__sco,Scott McTominay,SCO,MID,venskabskamp,Venskabskamp,23,13,0,3,3,0,3,3,20.0,8.780000000000001,3.9936000000000003,2.9120000000000004,5.6000000000000005,0.0,1.2,0.65,0.0,0.13,0.729,0.0,0.137,0.52,0.338,0.3791
sead_kolasinac__bih,Sead Kolasinac,BIH,DEF,slutrunde,Slutrunde,3,2,0,0,0,0,0,1,3.0,0.30000000000000004,0.30000000000000004,0.2,0.2,0.0,0.0,0.667,0.0,0.0,0.667,0.0,0.0,1.0,0.667,0.667
sead_kolasinac__bih,Sead Kolasinac,BIH,DEF,kvalifikation,Kvalifikation,62,37,0,6,14,0,5,4,48.0,14.860000000000001,9.360000000000001,7.3260000000000005,8.14,0.0,0.6000000000000001,0.771,0.0,0.097,0.783,0.0,0.04,0.9,0.6939,0.7047
sead_kolasinac__bih,Sead Kolasinac,BIH,DEF,nations_league,Nations League,22,9,0,3,6,0,3,1,16.0,5.08,2.6052000000000004,1.6068000000000002,2.06,0.0,0.6799999999999999,0.562,0.0,0.136,0.617,0.0,0.134,0.78,0.4384,0.4813
sead_kolasinac__bih,Sead Kolasinac,BIH,DEF,venskabskamp,Venskabskamp,34,12,0,14,5,0,14,2,29.0,7.46,2.964,1.1960000000000002,2.3000000000000003,0.0,2.2,0.414,0.0,0.412,0.404,0.0,0.295,0.52,0.2153,0.2101
sebastian_berhalter__usa,Sebastian Berhalter,USA,MID,slutrunde,Slutrunde,6,5,0,0,0,0,0,1,6.0,4.08,4.08,3.4000000000000004,3.4000000000000004,0.0,0.0,0.833,0.0,0.0,0.833,0.0,0.0,1.0,0.833,0.833
sebastian_berhalter__usa,Sebastian Berhalter,USA,MID,venskabskamp,Venskabskamp,12,5,0,2,0,0,2,2,12.0,9.280000000000001,4.8256000000000006,2.0592,3.96,0.0,1.36,0.417,0.0,0.167,0.427,0.0,0.147,0.52,0.2168,0.222
sebastian_tounekti__tun,Sebastian Tounekti,TUN,MID,slutrunde,Slutrunde,24,1,0,20,0,0,20,1,24.0,9.370000000000001,9.370000000000001,0.85,0.85,0.0,5.970000000000001,0.042,0.0,0.833,0.091,0.0,0.637,1.0,0.042,0.091
sebastian_tounekti__tun,Sebastian Tounekti,TUN,MID,kvalifikation,Kvalifikation,31,1,0,24,0,0,24,4,31.0,11.3,10.17,0.6120000000000001,0.68,0.0,9.04,0.032,0.0,0.774,0.06,0.0,0.8,0.9,0.0288,0.054
sebastian_tounekti__tun,Sebastian Tounekti,TUN,MID,venskabskamp,Venskabskamp,27,1,0,20,0,0,20,1,27.0,12.63,6.5676000000000005,0.47840000000000005,0.92,0.0,7.16,0.037,0.0,0.741,0.073,0.0,0.567,0.52,0.0192,0.038
seko_fofana__civ,Seko Fofana,CIV,MID,slutrunde,Slutrunde,28,8,0,16,0,0,16,1,28.0,8.89,8.89,3.09,3.09,0.0,2.4000000000000004,0.286,0.0,0.571,0.348,0.0,0.27,1.0,0.286,0.348
seko_fofana__civ,Seko Fofana,CIV,MID,kvalifikation,Kvalifikation,43,10,0,27,0,0,27,4,43.0,12.3,11.07,3.1860000000000004,3.54,0.0,6.82,0.233,0.0,0.628,0.288,0.0,0.554,0.9,0.2097,0.2592
seko_fofana__civ,Seko Fofana,CIV,MID,venskabskamp,Venskabskamp,30,8,0,15,4,0,15,2,26.0,9.440000000000001,4.3992,1.6432000000000002,3.16,0.0,3.6,0.308,0.0,0.5,0.374,0.0,0.381,0.52,0.1602,0.1945
senne_lammens__bel,Senne Lammens,BEL,GK,kvalifikation,Kvalifikation,8,1,0,3,0,0,3,4,8.0,5.44,4.896000000000001,0.6120000000000001,0.68,0.0,2.04,0.125,0.0,0.375,0.125,0.0,0.375,0.9,0.1125,0.1125
senne_lammens__bel,Senne Lammens,BEL,GK,nations_league,Nations League,2,0,0,1,0,0,1,1,2.0,0.96,0.7488,0.0,0.0,0.0,0.48,0.0,0.0,0.5,0.0,0.0,0.5,0.78,0.0,0.0
senne_lammens__bel,Senne Lammens,BEL,GK,venskabskamp,Venskabskamp,4,1,0,0,0,0,0,3,4.0,3.84,1.9968000000000001,0.47840000000000005,0.92,0.0,0.0,0.25,0.0,0.0,0.24,0.0,0.0,0.52,0.13,0.1248
serge_gnabry__ger,Serge Gnabry,GER,FWD,slutrunde,Slutrunde,20,6,0,5,8,0,5,0,12.0,4.6,1.9000000000000001,1.2000000000000002,1.2000000000000002,0.0,0.5,0.5,0.0,0.25,0.632,0.0,0.109,1.0,0.5,0.632
serge_gnabry__ger,Serge Gnabry,GER,FWD,nations_league_finals,Nations League-slutrunde,4,0,0,2,0,0,2,0,4.0,2.12,2.014,0.0,0.0,0.0,0.96,0.0,0.0,0.5,0.0,0.0,0.453,0.95,0.0,0.0
serge_gnabry__ger,Serge Gnabry,GER,FWD,kvalifikation,Kvalifikation,31,21,0,1,7,0,1,1,24.0,7.28,5.742000000000001,5.382000000000001,5.98,0.0,0.1,0.875,0.0,0.032,0.937,0.0,0.014,0.9,0.7875,0.8433
serge_gnabry__ger,Serge Gnabry,GER,FWD,nations_league,Nations League,22,11,0,6,0,0,6,1,22.0,5.08,3.9624000000000006,1.9032000000000002,2.44,0.0,1.46,0.5,0.0,0.273,0.48,0.0,0.287,0.78,0.39,0.3744
serge_gnabry__ger,Serge Gnabry,GER,FWD,venskabskamp,Venskabskamp,37,10,0,10,13,0,10,1,24.0,8.96,2.9952000000000005,1.8200000000000003,3.5,0.0,1.44,0.417,0.0,0.27,0.608,0.0,0.161,0.52,0.2168,0.3162
sergino_dest__usa,Sergino Dest,USA,DEF,slutrunde,Slutrunde,24,4,0,17,3,0,17,0,21.0,9.120000000000001,7.680000000000001,0.8,0.8,0.0,6.880000000000001,0.19,0.0,0.708,0.104,0.0,0.754,1.0,0.19,0.104
sergino_dest__usa,Sergino Dest,USA,DEF,nations_league_finals,Nations League-slutrunde,12,6,0,4,2,0,4,0,10.0,4.14,3.021,1.501,1.58,0.0,1.6,0.6,0.0,0.333,0.497,0.0,0.386,0.95,0.57,0.4721
sergino_dest__usa,Sergino Dest,USA,DEF,kvalifikation,Kvalifikation,14,6,0,0,6,0,0,2,8.0,2.8000000000000003,1.4400000000000002,1.08,1.2000000000000002,0.0,0.0,0.75,0.0,0.0,0.75,0.0,0.0,0.9,0.675,0.675
sergino_dest__usa,Sergino Dest,USA,DEF,nations_league,Nations League,8,2,0,4,0,0,4,2,8.0,1.2000000000000002,0.9360000000000002,0.23400000000000004,0.30000000000000004,0.0,0.6000000000000001,0.25,0.0,0.5,0.25,0.0,0.5,0.78,0.195,0.195
sergino_dest__usa,Sergino Dest,USA,DEF,venskabskamp,Venskabskamp,44,19,0,10,13,0,10,0,31.0,17.52,5.896800000000001,3.4424,6.62,0.0,3.8400000000000003,0.613,0.0,0.227,0.584,0.0,0.219,0.52,0.3188,0.3037
sergio_rochet__uru,Sergio Rochet,URU,GK,slutrunde,Slutrunde,14,9,0,0,0,0,0,5,14.0,4.48,4.48,3.48,3.48,0.0,0.0,0.643,0.0,0.0,0.777,0.0,0.0,1.0,0.643,0.777
sergio_rochet__uru,Sergio Rochet,URU,GK,kvalifikation,Kvalifikation,32,18,0,0,4,0,0,10,28.0,10.98,8.478,6.228000000000001,6.92,0.0,0.0,0.643,0.0,0.0,0.735,0.0,0.0,0.9,0.5787,0.6615
sergio_rochet__uru,Sergio Rochet,URU,GK,venskabskamp,Venskabskamp,19,8,0,4,4,0,4,3,15.0,8.200000000000001,2.8496,1.4144,2.72,0.0,1.44,0.533,0.0,0.211,0.496,0.0,0.176,0.52,0.2772,0.2579
kim_seung_gyu__kor,Seung-Gyu Kim,KOR,GK,slutrunde,Slutrunde,42,16,0,6,8,0,6,12,34.0,7.960000000000001,6.0600000000000005,2.22,2.22,0.0,2.64,0.471,0.0,0.143,0.366,0.0,0.332,1.0,0.471,0.366
kim_seung_gyu__kor,Seung-Gyu Kim,KOR,GK,kvalifikation,Kvalifikation,51,26,0,5,10,0,4,10,41.0,11.94,6.534000000000001,3.6360000000000006,4.04,0.0,1.3599999999999999,0.634,0.0,0.098,0.556,0.0,0.114,0.9,0.5706,0.5004
kim_seung_gyu__kor,Seung-Gyu Kim,KOR,GK,venskabskamp,Venskabskamp,85,43,0,10,0,0,10,31,85.0,18.060000000000002,9.391200000000001,5.137600000000001,9.88,0.0,1.1,0.506,0.0,0.118,0.547,0.0,0.061,0.52,0.2631,0.2844
paik_seung_ho__kor,Seung-Ho Paik,KOR,MID,slutrunde,Slutrunde,19,1,0,12,0,0,12,4,19.0,5.66,5.66,0.2,0.2,0.0,4.26,0.053,0.0,0.632,0.035,0.0,0.753,1.0,0.053,0.035
paik_seung_ho__kor,Seung-Ho Paik,KOR,MID,kvalifikation,Kvalifikation,33,5,0,13,4,0,9,7,29.0,10.14,7.470000000000001,1.278,1.42,0.0,3.76,0.172,0.0,0.394,0.171,0.0,0.371,0.9,0.1548,0.1539
paik_seung_ho__kor,Seung-Ho Paik,KOR,MID,venskabskamp,Venskabskamp,36,12,0,13,0,0,13,8,36.0,13.16,6.8432,2.4336,4.680000000000001,0.0,4.0,0.333,0.0,0.361,0.356,0.0,0.304,0.52,0.1732,0.1851
shahriar_moghanlou__irn,Shahriar Moghanlou,IRN,FWD,slutrunde,Slutrunde,13,3,0,5,0,0,5,4,13.0,5.6000000000000005,5.6000000000000005,1.6800000000000002,1.6800000000000002,0.0,2.3200000000000003,0.231,0.0,0.385,0.3,0.0,0.414,1.0,0.231,0.3
shahriar_moghanlou__irn,Shahriar Moghanlou,IRN,FWD,kvalifikation,Kvalifikation,16,0,0,6,0,0,6,2,16.0,7.24,6.516,0.0,0.0,0.0,2.24,0.0,0.0,0.375,0.0,0.0,0.309,0.9,0.0,0.0
shahriar_moghanlou__irn,Shahriar Moghanlou,IRN,FWD,venskabskamp,Venskabskamp,14,3,0,5,2,0,5,0,12.0,8.24,3.9520000000000004,0.728,1.4,0.0,3.64,0.25,0.0,0.357,0.184,0.0,0.442,0.52,0.13,0.0957
shehab_ellethy__qat,Shehab Ellethy,QAT,GK,slutrunde,Slutrunde,10,0,0,3,0,0,3,7,10.0,4.45,4.45,0.0,0.0,0.0,1.44,0.0,0.0,0.3,0.0,0.0,0.324,1.0,0.0,0.0
shehab_ellethy__qat,Shehab Ellethy,QAT,GK,kvalifikation,Kvalifikation,14,1,0,8,0,0,8,5,14.0,7.32,6.588,0.432,0.48,0.0,3.84,0.071,0.0,0.571,0.066,0.0,0.525,0.9,0.0639,0.0594
shehab_ellethy__qat,Shehab Ellethy,QAT,GK,venskabskamp,Venskabskamp,4,0,0,3,0,0,3,1,4.0,3.04,1.5808,0.0,0.0,0.0,2.3600000000000003,0.0,0.0,0.75,0.0,0.0,0.776,0.52,0.0,0.0
sherel_floranus__cuw,Sherel Floranus,CUW,DEF,slutrunde,Slutrunde,3,3,0,0,0,0,0,0,3.0,2.04,2.04,2.04,2.04,0.0,0.0,1.0,0.0,0.0,1.0,0.0,0.0,1.0,1.0,1.0
sherel_floranus__cuw,Sherel Floranus,CUW,DEF,kvalifikation,Kvalifikation,11,10,0,1,0,0,1,0,11.0,6.720000000000001,6.048000000000001,5.436000000000001,6.04,0.0,0.68,0.909,0.0,0.091,0.899,0.0,0.101,0.9,0.8181,0.8091
sherel_floranus__cuw,Sherel Floranus,CUW,DEF,nations_league,Nations League,11,8,0,2,1,0,2,0,10.0,4.36,3.1512000000000002,2.5272,3.2399999999999998,0.0,0.8,0.8,0.0,0.182,0.802,0.0,0.183,0.78,0.624,0.6256
sherel_floranus__cuw,Sherel Floranus,CUW,DEF,venskabskamp,Venskabskamp,7,5,0,2,0,0,2,0,7.0,4.0,2.08,1.7472,3.3600000000000003,0.0,0.64,0.714,0.0,0.286,0.84,0.0,0.16,0.52,0.3713,0.4368
sherzod_nasrullayev__uzb,Sherzod Nasrullaev,UZB,DEF,slutrunde,Slutrunde,13,6,0,3,0,0,3,2,13.0,5.6000000000000005,5.6000000000000005,2.64,2.64,0.0,1.32,0.462,0.0,0.231,0.471,0.0,0.236,1.0,0.462,0.471
sherzod_nasrullayev__uzb,Sherzod Nasrullaev,UZB,DEF,kvalifikation,Kvalifikation,19,9,0,4,3,0,4,1,16.0,7.84,6.516,4.068,4.52,0.0,1.6,0.562,0.0,0.211,0.624,0.0,0.204,0.9,0.5058,0.5616
sherzod_nasrullayev__uzb,Sherzod Nasrullaev,UZB,DEF,venskabskamp,Venskabskamp,21,15,0,0,0,0,0,2,21.0,8.96,4.6592,3.8480000000000003,7.4,0.0,0.0,0.714,0.0,0.0,0.826,0.0,0.0,0.52,0.3713,0.4295
shogo_taniguchi__jpn,Shogo Taniguchi,JPN,DEF,slutrunde,Slutrunde,38,8,0,20,0,0,20,10,38.0,7.340000000000001,7.340000000000001,1.6400000000000001,1.6400000000000001,0.0,3.74,0.211,0.0,0.526,0.223,0.0,0.51,1.0,0.211,0.223
shogo_taniguchi__jpn,Shogo Taniguchi,JPN,DEF,kvalifikation,Kvalifikation,52,10,0,29,6,0,29,5,46.0,12.040000000000001,8.748000000000001,3.2760000000000002,3.64,0.0,4.38,0.217,0.0,0.558,0.374,0.0,0.364,0.9,0.1953,0.3366
shogo_taniguchi__jpn,Shogo Taniguchi,JPN,DEF,venskabskamp,Venskabskamp,57,12,0,34,0,0,34,5,57.0,14.260000000000002,7.4152000000000005,2.5584000000000002,4.92,0.0,4.760000000000001,0.211,0.0,0.596,0.345,0.0,0.334,0.52,0.1097,0.1794
shurandy_sambo__cuw,Shurandy Sambo,CUW,DEF,kvalifikation,Kvalifikation,6,6,0,0,0,0,0,0,6.0,4.08,3.6720000000000006,3.6720000000000006,4.08,0.0,0.0,1.0,0.0,0.0,1.0,0.0,0.0,0.9,0.9,0.9
shurandy_sambo__cuw,Shurandy Sambo,CUW,DEF,venskabskamp,Venskabskamp,3,1,0,0,0,0,0,2,3.0,2.84,1.4768000000000001,0.47840000000000005,0.92,0.0,0.0,0.333,0.0,0.0,0.324,0.0,0.0,0.52,0.1732,0.1685
sidny_lopes_cabral__cpv,Sidny Lopes Cabral,CPV,DEF,slutrunde,Slutrunde,5,0,0,5,0,0,5,0,5.0,1.6,1.6,0.0,0.0,0.0,1.6,0.0,0.0,1.0,0.0,0.0,1.0,1.0,0.0,0.0
sidny_lopes_cabral__cpv,Sidny Lopes Cabral,CPV,DEF,kvalifikation,Kvalifikation,16,1,0,12,0,0,12,2,16.0,8.16,7.344,0.6120000000000001,0.68,0.0,5.4399999999999995,0.062,0.0,0.75,0.083,0.0,0.667,0.9,0.0558,0.0747
sidny_lopes_cabral__cpv,Sidny Lopes Cabral,CPV,DEF,venskabskamp,Venskabskamp,12,4,0,4,0,0,4,1,12.0,6.96,3.6192,1.6016000000000001,3.08,0.0,1.28,0.333,0.0,0.333,0.443,0.0,0.184,0.52,0.1732,0.2304
silvan_widmer__sui,Silvan Widmer,SUI,DEF,slutrunde,Slutrunde,22,9,0,10,0,0,9,1,22.0,5.0,5.0,2.64,2.64,0.0,1.48,0.409,0.0,0.455,0.528,0.0,0.296,1.0,0.409,0.528
silvan_widmer__sui,Silvan Widmer,SUI,DEF,nations_league_finals,Nations League-slutrunde,2,0,0,2,0,0,2,0,2.0,0.2,0.19,0.0,0.0,0.0,0.2,0.0,0.0,1.0,0.0,0.0,1.0,0.95,0.0,0.0
silvan_widmer__sui,Silvan Widmer,SUI,DEF,kvalifikation,Kvalifikation,54,14,0,13,10,0,13,13,44.0,11.440000000000001,8.604000000000001,5.022000000000001,5.58,0.0,2.18,0.318,0.0,0.241,0.584,0.0,0.191,0.9,0.2862,0.5256
silvan_widmer__sui,Silvan Widmer,SUI,DEF,nations_league,Nations League,22,10,0,7,1,0,7,4,21.0,5.08,3.8844000000000003,1.7628000000000001,2.2600000000000002,0.0,1.8399999999999999,0.476,0.0,0.318,0.454,0.0,0.362,0.78,0.3713,0.3541
silvan_widmer__sui,Silvan Widmer,SUI,DEF,venskabskamp,Venskabskamp,37,12,0,11,0,0,11,5,37.0,10.5,5.46,2.5168000000000004,4.84,0.0,1.96,0.324,0.0,0.297,0.461,0.0,0.187,0.52,0.1685,0.2397
simon_adingra__civ,Simon Adingra,CIV,FWD,slutrunde,Slutrunde,12,2,0,5,2,0,5,0,10.0,6.49,5.85,0.64,0.64,0.0,4.25,0.2,0.0,0.417,0.109,0.0,0.655,1.0,0.2,0.109
simon_adingra__civ,Simon Adingra,CIV,FWD,kvalifikation,Kvalifikation,20,10,0,1,1,0,1,2,19.0,9.2,7.848000000000001,4.0680000000000005,4.52,0.0,0.48,0.526,0.0,0.05,0.518,0.0,0.052,0.9,0.4734,0.4662
simon_adingra__civ,Simon Adingra,CIV,FWD,venskabskamp,Venskabskamp,11,4,0,2,0,0,2,1,11.0,6.84,3.5568000000000004,1.5184000000000002,2.92,0.0,1.36,0.364,0.0,0.182,0.427,0.0,0.199,0.52,0.1893,0.222
simon_banza__cod,Simon Banza,COD,FWD,slutrunde,Slutrunde,15,1,0,6,0,0,6,4,15.0,8.36,8.36,0.32,0.32,0.0,4.42,0.067,0.0,0.4,0.038,0.0,0.529,1.0,0.067,0.038
simon_banza__cod,Simon Banza,COD,FWD,kvalifikation,Kvalifikation,19,4,0,6,0,0,6,9,19.0,10.44,9.396,1.584,1.76,0.0,3.8800000000000003,0.211,0.0,0.316,0.169,0.0,0.372,0.9,0.1899,0.1521
simon_banza__cod,Simon Banza,COD,FWD,venskabskamp,Venskabskamp,9,3,0,2,0,0,2,1,9.0,5.21,2.7092,0.6864000000000001,1.32,0.0,1.77,0.333,0.0,0.222,0.253,0.0,0.34,0.52,0.1732,0.1316
sipho_chaine__rsa,Sipho Chaine,RSA,GK,slutrunde,Slutrunde,8,0,0,4,0,0,4,4,8.0,6.12,6.12,0.0,0.0,0.0,2.72,0.0,0.0,0.5,0.0,0.0,0.444,1.0,0.0,0.0
sipho_chaine__rsa,Sipho Chaine,RSA,GK,kvalifikation,Kvalifikation,12,1,0,1,0,0,1,10,12.0,6.5600000000000005,5.904,0.432,0.48,0.0,0.48,0.083,0.0,0.083,0.073,0.0,0.073,0.9,0.0747,0.0657
sipho_chaine__rsa,Sipho Chaine,RSA,GK,venskabskamp,Venskabskamp,6,1,0,2,0,0,2,1,6.0,4.88,2.5376000000000003,0.3536,0.68,0.0,1.84,0.167,0.0,0.333,0.139,0.0,0.377,0.52,0.0868,0.0723
sofyan_amrabat__mar,Sofyan Amrabat,MAR,MID,slutrunde,Slutrunde,59,17,0,27,6,0,27,6,53.0,22.02,17.09,5.18,5.18,0.0,7.16,0.321,0.0,0.458,0.303,0.0,0.325,1.0,0.321,0.303
sofyan_amrabat__mar,Sofyan Amrabat,MAR,MID,kvalifikation,Kvalifikation,43,24,0,12,0,0,11,3,43.0,11.72,10.548,6.8580000000000005,7.62,0.0,2.92,0.558,0.0,0.279,0.65,0.0,0.249,0.9,0.5022,0.585
sofyan_amrabat__mar,Sofyan Amrabat,MAR,MID,venskabskamp,Venskabskamp,46,21,0,12,1,0,12,7,45.0,13.06,6.6248000000000005,3.4216,6.58,0.0,3.96,0.467,0.0,0.261,0.516,0.0,0.303,0.52,0.2428,0.2683
sohaib_nair__alg,Sohaib Nair,ALG,DEF,kvalifikation,Kvalifikation,2,0,0,0,0,0,0,2,2.0,0.96,0.864,0.0,0.0,0.0,0.0,0.0,0.0,0.0,0.0,0.0,0.0,0.9,0.0,0.0
sohaib_nair__alg,Sohaib Nair,ALG,DEF,venskabskamp,Venskabskamp,2,0,0,0,0,0,0,2,2.0,1.84,0.9568000000000001,0.0,0.0,0.0,0.0,0.0,0.0,0.0,0.0,0.0,0.0,0.52,0.0,0.0
sondre_langas__nor,Sondre Langås,NOR,DEF,kvalifikation,Kvalifikation,8,0,0,1,4,0,1,3,4.0,5.04,2.088,0.0,0.0,0.0,0.48,0.0,0.0,0.125,0.0,0.0,0.095,0.9,0.0,0.0
sondre_langas__nor,Sondre Langås,NOR,DEF,nations_league,Nations League,6,0,0,0,0,0,0,4,6.0,2.88,2.2464,0.0,0.0,0.0,0.0,0.0,0.0,0.0,0.0,0.0,0.0,0.78,0.0,0.0
sondre_langas__nor,Sondre Langås,NOR,DEF,venskabskamp,Venskabskamp,5,0,0,0,4,0,0,0,1.0,4.2,0.52,0.0,0.0,0.0,0.0,0.0,0.0,0.0,0.0,0.0,0.0,0.52,0.0,0.0
sontje_hansen__cuw,Sontje Hansen,CUW,FWD,kvalifikation,Kvalifikation,4,3,0,0,0,0,0,1,4.0,2.72,2.4480000000000004,1.8360000000000003,2.04,0.0,0.0,0.75,0.0,0.0,0.75,0.0,0.0,0.9,0.675,0.675
sontje_hansen__cuw,Sontje Hansen,CUW,FWD,venskabskamp,Venskabskamp,3,1,0,0,0,0,0,1,3.0,2.84,1.4768000000000001,0.47840000000000005,0.92,0.0,0.0,0.333,0.0,0.0,0.324,0.0,0.0,0.52,0.1732,0.1685
souffian_el_karouani__mar,Souffian El Karouani,MAR,DEF,slutrunde,Slutrunde,40,0,0,39,0,0,39,1,40.0,20.12,20.12,0.0,0.0,0.0,19.92,0.0,0.0,0.975,0.0,0.0,0.99,1.0,0.0,0.0
souffian_el_karouani__mar,Souffian El Karouani,MAR,DEF,kvalifikation,Kvalifikation,27,3,0,19,0,0,19,3,27.0,10.120000000000001,9.108,0.9720000000000002,1.08,0.0,7.56,0.111,0.0,0.704,0.107,0.0,0.747,0.9,0.0999,0.0963
souffian_el_karouani__mar,Souffian El Karouani,MAR,DEF,venskabskamp,Venskabskamp,19,0,0,16,0,0,16,2,19.0,8.360000000000001,4.347200000000001,0.0,0.0,0.0,5.84,0.0,0.0,0.842,0.0,0.0,0.699,0.52,0.0,0.0
stefan_posch__aut,Stefan Posch,AUT,DEF,slutrunde,Slutrunde,8,4,0,2,0,0,2,2,8.0,2.7199999999999998,2.7199999999999998,1.92,1.92,0.0,0.4,0.5,0.0,0.25,0.706,0.0,0.147,1.0,0.5,0.706
stefan_posch__aut,Stefan Posch,AUT,DEF,kvalifikation,Kvalifikation,37,15,0,3,2,0,2,9,35.0,10.66,9.018,4.500000000000001,5.0,0.0,0.8800000000000001,0.429,0.0,0.081,0.499,0.0,0.083,0.9,0.3861,0.4491
stefan_posch__aut,Stefan Posch,AUT,DEF,nations_league,Nations League,20,10,0,3,3,0,3,2,17.0,5.64,3.5724000000000005,2.7144000000000004,3.48,0.0,0.5,0.588,0.0,0.15,0.76,0.0,0.089,0.78,0.4586,0.5928
stefan_posch__aut,Stefan Posch,AUT,DEF,venskabskamp,Venskabskamp,16,7,0,0,2,0,0,1,14.0,6.0200000000000005,2.9744,1.7056000000000002,3.2800000000000002,0.0,0.0,0.5,0.0,0.0,0.573,0.0,0.0,0.52,0.26,0.298
stefan_de_vrij__ned,Stefan de Vrij,NED,DEF,slutrunde,Slutrunde,22,17,0,0,0,0,0,5,22.0,5.38,5.38,4.38,4.38,0.0,0.0,0.773,0.0,0.0,0.814,0.0,0.0,1.0,0.773,0.814
stefan_de_vrij__ned,Stefan de Vrij,NED,DEF,nations_league_finals,Nations League-slutrunde,6,0,0,2,2,0,2,2,4.0,1.8,0.798,0.0,0.0,0.0,0.64,0.0,0.0,0.333,0.0,0.0,0.356,0.95,0.0,0.0
stefan_de_vrij__ned,Stefan de Vrij,NED,DEF,kvalifikation,Kvalifikation,64,25,0,7,16,0,7,13,48.0,13.260000000000002,10.404000000000002,4.23,4.7,0.0,1.9600000000000002,0.521,0.0,0.109,0.407,0.0,0.148,0.9,0.4689,0.3663
stefan_de_vrij__ned,Stefan de Vrij,NED,DEF,nations_league,Nations League,22,9,0,4,0,0,4,7,22.0,5.08,3.9624000000000006,1.7472,2.24,0.0,1.16,0.409,0.0,0.182,0.441,0.0,0.228,0.78,0.319,0.344
stefan_de_vrij__ned,Stefan de Vrij,NED,DEF,venskabskamp,Venskabskamp,47,17,0,8,12,0,8,4,35.0,7.84,3.12,1.56,3.0,0.0,0.8,0.486,0.0,0.17,0.5,0.0,0.102,0.52,0.2527,0.26
stepan_chaloupek__cze,Stepan Chaloupek,CZE,DEF,kvalifikation,Kvalifikation,3,2,0,0,0,0,0,0,3.0,2.52,2.2680000000000002,1.6560000000000001,1.84,0.0,0.0,0.667,0.0,0.0,0.73,0.0,0.0,0.9,0.6003,0.657
stepan_chaloupek__cze,Stepan Chaloupek,CZE,DEF,venskabskamp,Venskabskamp,3,2,0,0,0,0,0,1,3.0,2.68,1.3936000000000002,1.04,2.0,0.0,0.0,0.667,0.0,0.0,0.746,0.0,0.0,0.52,0.3468,0.3879
steve_kapuadi__cod,Steve Kapuadi,COD,DEF,slutrunde,Slutrunde,8,0,0,4,0,0,4,4,8.0,6.12,6.12,0.0,0.0,0.0,2.72,0.0,0.0,0.5,0.0,0.0,0.444,1.0,0.0,0.0
steve_kapuadi__cod,Steve Kapuadi,COD,DEF,kvalifikation,Kvalifikation,7,0,0,0,0,0,0,7,7.0,5.0,4.500000000000001,0.0,0.0,0.0,0.0,0.0,0.0,0.0,0.0,0.0,0.0,0.9,0.0,0.0
steve_kapuadi__cod,Steve Kapuadi,COD,DEF,venskabskamp,Venskabskamp,5,2,0,1,0,0,1,1,5.0,3.93,2.0436,0.8736,1.6800000000000002,0.0,0.92,0.4,0.0,0.2,0.427,0.0,0.234,0.52,0.208,0.222
steven_moreira__cpv,Steven Moreira,CPV,DEF,slutrunde,Slutrunde,5,4,0,0,0,0,0,0,5.0,1.6,1.6,1.28,1.28,0.0,0.0,0.8,0.0,0.0,0.8,0.0,0.0,1.0,0.8,0.8
steven_moreira__cpv,Steven Moreira,CPV,DEF,kvalifikation,Kvalifikation,16,10,0,4,2,0,4,0,14.0,8.16,6.48,5.04,5.6,0.0,1.6,0.714,0.0,0.25,0.778,0.0,0.196,0.9,0.6426,0.7002
steven_moreira__cpv,Steven Moreira,CPV,DEF,venskabskamp,Venskabskamp,12,3,0,7,0,0,7,1,12.0,6.96,3.6192,0.8112000000000001,1.56,0.0,3.48,0.25,0.0,0.583,0.224,0.0,0.5,0.52,0.13,0.1165
stjepan_radeljic__bih,Stjepan Radeljic,BIH,DEF,kvalifikation,Kvalifikation,10,3,0,5,0,0,5,2,10.0,6.880000000000001,6.192000000000001,1.476,1.6400000000000001,0.0,3.4000000000000004,0.3,0.0,0.5,0.238,0.0,0.494,0.9,0.27,0.2142
stjepan_radeljic__bih,Stjepan Radeljic,BIH,DEF,nations_league,Nations League,6,0,0,3,0,0,3,3,6.0,2.88,2.2464,0.0,0.0,0.0,1.44,0.0,0.0,0.5,0.0,0.0,0.5,0.78,0.0,0.0
stjepan_radeljic__bih,Stjepan Radeljic,BIH,DEF,venskabskamp,Venskabskamp,6,2,0,3,0,0,3,1,6.0,4.16,2.1632000000000002,0.6864,1.32,0.0,1.84,0.333,0.0,0.5,0.317,0.0,0.442,0.52,0.1732,0.1648
stopira__cpv,Stopira,CPV,DEF,slutrunde,Slutrunde,16,7,0,2,3,0,2,4,13.0,3.1,2.8000000000000003,1.1,1.1,0.0,0.42000000000000004,0.538,0.0,0.125,0.393,0.0,0.135,1.0,0.538,0.393
stopira__cpv,Stopira,CPV,DEF,kvalifikation,Kvalifikation,79,35,0,30,1,0,30,11,78.0,15.9,14.22,3.9780000000000006,4.42,0.0,7.56,0.449,0.0,0.38,0.28,0.0,0.475,0.9,0.4041,0.252
stopira__cpv,Stopira,CPV,DEF,venskabskamp,Venskabskamp,41,10,0,22,2,0,22,3,39.0,10.780000000000001,5.501600000000001,1.092,2.1,0.0,6.1000000000000005,0.256,0.0,0.537,0.198,0.0,0.566,0.52,0.1331,0.103
sultan_al_brake__qat,Sultan Al-Brake,QAT,DEF,slutrunde,Slutrunde,52,4,0,40,1,0,40,4,51.0,12.47,11.99,2.33,2.33,0.0,6.9,0.078,0.0,0.769,0.194,0.0,0.553,1.0,0.078,0.194
sultan_al_brake__qat,Sultan Al-Brake,QAT,DEF,kvalifikation,Kvalifikation,26,2,0,14,2,0,14,8,24.0,9.5,7.686000000000001,1.2240000000000002,1.36,0.0,4.32,0.083,0.0,0.538,0.159,0.0,0.455,0.9,0.0747,0.1431
sultan_al_brake__qat,Sultan Al-Brake,QAT,DEF,venskabskamp,Venskabskamp,49,2,0,23,0,0,23,17,49.0,10.92,5.678400000000001,0.21840000000000004,0.42000000000000004,0.0,3.54,0.041,0.0,0.469,0.038,0.0,0.324,0.52,0.0213,0.0198
tae_hyeon_kim__kor,Tae-Hyeon Kim,KOR,DEF,slutrunde,Slutrunde,3,1,0,0,0,0,0,2,3.0,2.04,2.04,0.68,0.68,0.0,0.0,0.333,0.0,0.0,0.333,0.0,0.0,1.0,0.333,0.333
tae_hyeon_kim__kor,Tae-Hyeon Kim,KOR,DEF,venskabskamp,Venskabskamp,10,4,0,2,0,0,2,2,10.0,7.92,4.1184,1.6640000000000001,3.2,0.0,1.36,0.4,0.0,0.2,0.404,0.0,0.172,0.52,0.208,0.2101
tae_seok_lee__kor,Tae-Seok Lee,KOR,DEF,slutrunde,Slutrunde,3,2,0,0,0,0,0,1,3.0,2.04,2.04,1.36,1.36,0.0,0.0,0.667,0.0,0.0,0.667,0.0,0.0,1.0,0.667,0.667
tae_seok_lee__kor,Tae-Seok Lee,KOR,DEF,kvalifikation,Kvalifikation,6,4,0,1,0,0,1,0,6.0,3.08,2.7720000000000002,1.9080000000000001,2.12,0.0,0.48,0.667,0.0,0.167,0.688,0.0,0.156,0.9,0.6003,0.6192
tae_seok_lee__kor,Tae-Seok Lee,KOR,DEF,venskabskamp,Venskabskamp,10,5,0,0,0,0,0,2,10.0,7.92,4.1184,2.0592,3.96,0.0,0.0,0.5,0.0,0.0,0.5,0.0,0.0,0.52,0.26,0.26
taha_abdi_ali__swe,Taha Abdi Ali,SWE,MID,kvalifikation,Kvalifikation,8,0,0,6,0,0,6,2,8.0,5.92,5.328000000000001,0.0,0.0,0.0,4.08,0.0,0.0,0.75,0.0,0.0,0.689,0.9,0.0,0.0
taha_abdi_ali__swe,Taha Abdi Ali,SWE,MID,nations_league,Nations League,6,0,0,6,0,0,6,0,6.0,2.88,2.2464,0.0,0.0,0.0,2.88,0.0,0.0,1.0,0.0,0.0,1.0,0.78,0.0,0.0
taha_abdi_ali__swe,Taha Abdi Ali,SWE,MID,venskabskamp,Venskabskamp,11,1,0,8,0,0,8,1,11.0,6.24,3.2448,0.16640000000000002,0.32,0.0,3.92,0.091,0.0,0.727,0.051,0.0,0.628,0.52,0.0473,0.0265
tahith_chong__cuw,Tahith Chong,CUW,MID,kvalifikation,Kvalifikation,6,1,0,0,4,0,0,0,2.0,4.08,1.2240000000000002,0.6120000000000001,0.68,0.0,0.0,0.5,0.0,0.0,0.5,0.0,0.0,0.9,0.45,0.45
tahith_chong__cuw,Tahith Chong,CUW,MID,venskabskamp,Venskabskamp,3,2,0,0,0,0,0,0,3.0,2.84,1.4768000000000001,0.9984000000000001,1.92,0.0,0.0,0.667,0.0,0.0,0.676,0.0,0.0,0.52,0.3468,0.3515
tajon_buchanan__can,Tajon Buchanan,CAN,MID,slutrunde,Slutrunde,22,12,0,4,3,0,4,0,19.0,8.48,7.04,4.12,4.12,0.0,1.28,0.632,0.0,0.182,0.585,0.0,0.151,1.0,0.632,0.585
tajon_buchanan__can,Tajon Buchanan,CAN,MID,nations_league_finals,Nations League-slutrunde,9,5,0,0,0,0,0,0,9.0,3.52,3.344,1.672,1.76,0.0,0.0,0.556,0.0,0.0,0.5,0.0,0.0,0.95,0.5282,0.475
tajon_buchanan__can,Tajon Buchanan,CAN,MID,kvalifikation,Kvalifikation,18,12,0,1,0,0,1,0,18.0,3.6,3.24,2.16,2.4000000000000004,0.0,0.2,0.667,0.0,0.056,0.667,0.0,0.056,0.9,0.6003,0.6003
tajon_buchanan__can,Tajon Buchanan,CAN,MID,nations_league,Nations League,4,3,0,0,0,0,0,0,4.0,0.8,0.6240000000000001,0.4680000000000001,0.6000000000000001,0.0,0.0,0.75,0.0,0.0,0.75,0.0,0.0,0.78,0.585,0.585
tajon_buchanan__can,Tajon Buchanan,CAN,MID,venskabskamp,Venskabskamp,23,13,0,4,4,0,4,0,19.0,13.65,6.2452000000000005,4.5968,8.84,0.0,2.29,0.684,0.0,0.174,0.736,0.0,0.168,0.52,0.3557,0.3827
takefusa_kubo__jpn,Takefusa Kubo,JPN,MID,slutrunde,Slutrunde,21,8,0,10,0,0,10,1,21.0,5.640000000000001,5.640000000000001,1.8800000000000001,1.8800000000000001,0.0,3.14,0.381,0.0,0.476,0.333,0.0,0.557,1.0,0.381,0.333
takefusa_kubo__jpn,Takefusa Kubo,JPN,MID,kvalifikation,Kvalifikation,34,10,0,6,4,0,6,7,30.0,10.24,8.496,3.8520000000000003,4.28,0.0,1.4,0.333,0.0,0.176,0.453,0.0,0.137,0.9,0.2997,0.4077
takefusa_kubo__jpn,Takefusa Kubo,JPN,MID,venskabskamp,Venskabskamp,34,13,0,5,2,0,5,5,32.0,11.96,5.2624,2.8496,5.48,0.0,0.92,0.406,0.0,0.147,0.542,0.0,0.077,0.52,0.2111,0.2818
takehiro_tomiyasu__jpn,Takehiro Tomiyasu,JPN,DEF,slutrunde,Slutrunde,28,13,0,7,3,0,6,1,25.0,6.340000000000001,4.3,2.06,2.06,0.0,1.22,0.52,0.0,0.25,0.479,0.0,0.192,1.0,0.52,0.479
takehiro_tomiyasu__jpn,Takehiro Tomiyasu,JPN,DEF,kvalifikation,Kvalifikation,34,10,0,9,15,0,9,0,19.0,10.24,3.9960000000000004,1.8900000000000001,2.1,0.0,2.34,0.526,0.0,0.265,0.473,0.0,0.229,0.9,0.4734,0.4257
takehiro_tomiyasu__jpn,Takehiro Tomiyasu,JPN,DEF,venskabskamp,Venskabskamp,42,15,0,10,10,0,10,6,32.0,12.76,4.2744,1.6432000000000002,3.16,0.0,3.9400000000000004,0.469,0.0,0.238,0.384,0.0,0.309,0.52,0.2439,0.1997
takumi_minamino__jpn,Takumi Minamino,JPN,MID,slutrunde,Slutrunde,35,8,0,17,2,0,17,2,33.0,7.04,6.840000000000001,1.24,1.24,0.0,3.74,0.242,0.0,0.486,0.181,0.0,0.531,1.0,0.242,0.181
takumi_minamino__jpn,Takumi Minamino,JPN,MID,kvalifikation,Kvalifikation,49,24,0,14,3,0,14,4,46.0,11.74,10.206000000000001,6.0120000000000005,6.68,0.0,2.68,0.522,0.0,0.286,0.589,0.0,0.228,0.9,0.4698,0.5301
takumi_minamino__jpn,Takumi Minamino,JPN,MID,venskabskamp,Venskabskamp,53,21,0,21,0,0,21,1,53.0,11.32,5.8864,2.9744,5.720000000000001,0.0,3.2800000000000002,0.396,0.0,0.396,0.505,0.0,0.29,0.52,0.2059,0.2626
tani_oluwaseyi__can,Tani Oluwaseyi,CAN,FWD,slutrunde,Slutrunde,10,4,0,0,0,0,0,2,10.0,5.6,5.6,2.52,2.52,0.0,0.0,0.4,0.0,0.0,0.45,0.0,0.0,1.0,0.4,0.45
tani_oluwaseyi__can,Tani Oluwaseyi,CAN,FWD,nations_league_finals,Nations League-slutrunde,4,2,0,0,0,0,0,1,4.0,1.92,1.8239999999999998,0.9119999999999999,0.96,0.0,0.0,0.5,0.0,0.0,0.5,0.0,0.0,0.95,0.475,0.475
tani_oluwaseyi__can,Tani Oluwaseyi,CAN,FWD,venskabskamp,Venskabskamp,18,6,0,1,0,0,1,4,18.0,12.530000000000001,6.5156,2.2464000000000004,4.32,0.0,0.85,0.333,0.0,0.056,0.345,0.0,0.068,0.52,0.1732,0.1794
tanner_tessmann__usa,Tanner Tessmann,USA,MID,slutrunde,Slutrunde,24,0,0,24,0,0,24,0,24.0,9.120000000000001,9.120000000000001,0.0,0.0,0.0,9.120000000000001,0.0,0.0,1.0,0.0,0.0,1.0,1.0,0.0,0.0
tanner_tessmann__usa,Tanner Tessmann,USA,MID,nations_league_finals,Nations League-slutrunde,12,3,0,8,0,0,8,0,12.0,4.14,3.933,1.3679999999999999,1.44,0.0,2.22,0.25,0.0,0.667,0.348,0.0,0.536,0.95,0.2375,0.3306
tanner_tessmann__usa,Tanner Tessmann,USA,MID,kvalifikation,Kvalifikation,14,0,0,14,0,0,14,0,14.0,2.8000000000000003,2.5200000000000005,0.0,0.0,0.0,2.8000000000000003,0.0,0.0,1.0,0.0,0.0,1.0,0.9,0.0,0.0
tanner_tessmann__usa,Tanner Tessmann,USA,MID,nations_league,Nations League,4,0,0,4,0,0,4,0,4.0,0.8,0.6240000000000001,0.0,0.0,0.0,0.8,0.0,0.0,1.0,0.0,0.0,1.0,0.78,0.0,0.0
tanner_tessmann__usa,Tanner Tessmann,USA,MID,venskabskamp,Venskabskamp,36,3,0,25,0,0,25,1,36.0,14.92,7.7584,1.1856,2.2800000000000002,0.0,8.66,0.083,0.0,0.694,0.153,0.0,0.58,0.52,0.0432,0.0796
tarek_alaa__egy,Tarek Alaa,EGY,DEF,venskabskamp,Venskabskamp,5,2,0,0,0,0,0,3,5.0,1.0,0.52,0.20800000000000002,0.4,0.0,0.0,0.4,0.0,0.0,0.4,0.0,0.0,0.52,0.208,0.208
tarek_alaa__egy,Tarek Alaa,EGY,DEF,ungdom_slutrunde,Ungdomsslutrunde,3,0,0,0,0,0,0,3,3.0,0.6000000000000001,0.20999999999999996,0.0,0.0,0.0,0.0,0.0,0.0,0.0,0.0,0.0,0.0,0.35,0.0,0.0
tarek_salman__qat,Tarek Salman,QAT,DEF,slutrunde,Slutrunde,52,31,0,4,0,0,4,10,52.0,12.47,12.47,6.5600000000000005,6.5600000000000005,0.0,0.62,0.596,0.0,0.077,0.526,0.0,0.05,1.0,0.596,0.526
tarek_salman__qat,Tarek Salman,QAT,DEF,kvalifikation,Kvalifikation,28,14,0,3,0,0,2,9,28.0,9.7,8.73,4.14,4.6,0.0,1.44,0.5,0.0,0.107,0.474,0.0,0.148,0.9,0.45,0.4266
tarek_salman__qat,Tarek Salman,QAT,DEF,venskabskamp,Venskabskamp,49,32,0,4,0,0,4,6,49.0,9.120000000000001,4.742400000000001,3.2968,6.340000000000001,0.0,0.6000000000000001,0.653,0.0,0.082,0.695,0.0,0.066,0.52,0.3396,0.3614
tarik_muharemovic__bih,Tarik Muharemovic,BIH,DEF,kvalifikation,Kvalifikation,10,6,0,0,0,0,0,3,10.0,6.880000000000001,6.192000000000001,4.104000000000001,4.5600000000000005,0.0,0.0,0.6,0.0,0.0,0.663,0.0,0.0,0.9,0.54,0.5967
tarik_muharemovic__bih,Tarik Muharemovic,BIH,DEF,nations_league,Nations League,6,2,0,4,0,0,4,0,6.0,2.88,2.2464,0.7488,0.96,0.0,1.92,0.333,0.0,0.667,0.333,0.0,0.667,0.78,0.2597,0.2597
tarik_muharemovic__bih,Tarik Muharemovic,BIH,DEF,venskabskamp,Venskabskamp,6,2,0,1,0,0,1,0,6.0,4.16,2.1632000000000002,0.8736,1.6800000000000002,0.0,0.68,0.333,0.0,0.167,0.404,0.0,0.163,0.52,0.1732,0.2101
teboho_mokoena__rsa,Teboho Mokoena,RSA,MID,slutrunde,Slutrunde,20,11,0,9,0,0,9,0,20.0,8.86,8.86,5.64,5.64,0.0,3.22,0.55,0.0,0.45,0.637,0.0,0.363,1.0,0.55,0.637
teboho_mokoena__rsa,Teboho Mokoena,RSA,MID,kvalifikation,Kvalifikation,37,23,0,8,0,0,8,5,37.0,11.38,10.242,8.208,9.120000000000001,0.0,1.66,0.622,0.0,0.216,0.801,0.0,0.146,0.9,0.5598,0.7209
teboho_mokoena__rsa,Teboho Mokoena,RSA,MID,venskabskamp,Venskabskamp,25,13,0,6,0,0,6,3,25.0,8.8,4.5760000000000005,2.3816,4.58,0.0,2.3000000000000003,0.52,0.0,0.24,0.52,0.0,0.261,0.52,0.2704,0.2704
telmo_arcanjo__cpv,Telmo Arcanjo,CPV,MID,slutrunde,Slutrunde,9,0,0,4,5,0,4,0,4.0,2.4,0.8,0.0,0.0,0.0,0.8,0.0,0.0,0.444,0.0,0.0,0.333,1.0,0.0,0.0
telmo_arcanjo__cpv,Telmo Arcanjo,CPV,MID,kvalifikation,Kvalifikation,28,5,0,8,6,0,8,5,22.0,10.8,7.704000000000001,2.2680000000000002,2.52,0.0,2.16,0.227,0.0,0.286,0.294,0.0,0.2,0.9,0.2043,0.2646
telmo_arcanjo__cpv,Telmo Arcanjo,CPV,MID,venskabskamp,Venskabskamp,20,4,0,7,6,0,7,1,14.0,8.68,3.5152,1.4560000000000002,2.8000000000000003,0.0,2.16,0.286,0.0,0.35,0.414,0.0,0.249,0.52,0.1487,0.2153
teun_koopmeiners__ned,Teun Koopmeiners,NED,MID,slutrunde,Slutrunde,15,2,0,2,6,0,2,2,9.0,4.68,1.8,0.4,0.4,0.0,0.4,0.222,0.0,0.133,0.222,0.0,0.085,1.0,0.222,0.222
teun_koopmeiners__ned,Teun Koopmeiners,NED,MID,nations_league_finals,Nations League-slutrunde,4,1,0,0,0,0,0,0,4.0,1.6,1.52,0.304,0.32,0.0,0.0,0.25,0.0,0.0,0.2,0.0,0.0,0.95,0.2375,0.19
teun_koopmeiners__ned,Teun Koopmeiners,NED,MID,kvalifikation,Kvalifikation,26,1,0,8,4,0,8,9,22.0,9.46,7.578000000000001,0.28800000000000003,0.32,0.0,3.7,0.045,0.0,0.308,0.038,0.0,0.391,0.9,0.0405,0.0342
teun_koopmeiners__ned,Teun Koopmeiners,NED,MID,nations_league,Nations League,16,4,0,4,3,0,4,2,13.0,4.48,2.5896000000000003,0.8424,1.08,0.0,1.16,0.308,0.0,0.25,0.325,0.0,0.259,0.78,0.2402,0.2535
teun_koopmeiners__ned,Teun Koopmeiners,NED,MID,venskabskamp,Venskabskamp,13,4,0,1,2,0,0,3,11.0,5.34,2.3608000000000002,0.7384000000000001,1.4200000000000002,0.0,0.48,0.364,0.0,0.077,0.313,0.0,0.09,0.52,0.1893,0.1628
thabang_matuludi__rsa,Thabang Matuludi,RSA,DEF,slutrunde,Slutrunde,4,0,0,0,0,0,0,4,4.0,3.4,3.4,0.0,0.0,0.0,0.0,0.0,0.0,0.0,0.0,0.0,0.0,1.0,0.0,0.0
thabang_matuludi__rsa,Thabang Matuludi,RSA,DEF,kvalifikation,Kvalifikation,2,0,0,0,0,0,0,2,2.0,1.36,1.2240000000000002,0.0,0.0,0.0,0.0,0.0,0.0,0.0,0.0,0.0,0.0,0.9,0.0,0.0
thabang_matuludi__rsa,Thabang Matuludi,RSA,DEF,venskabskamp,Venskabskamp,4,1,0,0,0,0,0,1,4.0,3.52,1.8304,0.52,1.0,0.0,0.0,0.25,0.0,0.0,0.284,0.0,0.0,0.52,0.13,0.1477
thalente_mbatha__rsa,Thalente Mbatha,RSA,MID,slutrunde,Slutrunde,8,1,0,4,0,0,4,2,8.0,6.12,6.12,0.85,0.85,0.0,2.72,0.125,0.0,0.5,0.139,0.0,0.444,1.0,0.125,0.139
thalente_mbatha__rsa,Thalente Mbatha,RSA,MID,kvalifikation,Kvalifikation,12,3,0,3,0,0,3,1,12.0,6.5600000000000005,5.904,1.6560000000000001,1.84,0.0,1.44,0.25,0.0,0.25,0.28,0.0,0.22,0.9,0.225,0.252
thalente_mbatha__rsa,Thalente Mbatha,RSA,MID,venskabskamp,Venskabskamp,6,2,0,0,0,0,0,1,6.0,4.88,2.5376000000000003,0.8736,1.6800000000000002,0.0,0.0,0.333,0.0,0.0,0.344,0.0,0.0,0.52,0.1732,0.1789
thapelo_maseko__rsa,Thapelo Maseko,RSA,FWD,slutrunde,Slutrunde,15,1,0,8,2,0,8,0,13.0,8.36,7.72,0.32,0.32,0.0,6.12,0.077,0.0,0.533,0.041,0.0,0.732,1.0,0.077,0.041
thapelo_maseko__rsa,Thapelo Maseko,RSA,FWD,kvalifikation,Kvalifikation,15,0,0,12,2,0,12,1,13.0,7.84,6.192,0.0,0.0,0.0,6.5600000000000005,0.0,0.0,0.8,0.0,0.0,0.837,0.9,0.0,0.0
thapelo_maseko__rsa,Thapelo Maseko,RSA,FWD,venskabskamp,Venskabskamp,8,0,0,3,2,0,3,1,6.0,5.5200000000000005,2.5376000000000003,0.0,0.0,0.0,2.04,0.0,0.0,0.375,0.0,0.0,0.37,0.52,0.0,0.0
thapelo_morena__rsa,Thapelo Morena,RSA,FWD,slutrunde,Slutrunde,20,5,0,13,0,0,13,1,20.0,8.86,8.86,1.6,1.6,0.0,6.62,0.25,0.0,0.65,0.181,0.0,0.747,1.0,0.25,0.181
thapelo_morena__rsa,Thapelo Morena,RSA,FWD,kvalifikation,Kvalifikation,53,15,0,29,2,0,29,0,51.0,12.98,11.502,3.4560000000000004,3.84,0.0,5.38,0.294,0.0,0.547,0.3,0.0,0.414,0.9,0.2646,0.27
thapelo_morena__rsa,Thapelo Morena,RSA,FWD,venskabskamp,Venskabskamp,37,4,0,27,2,0,27,3,35.0,9.1,4.3992,0.3224,0.62,0.0,7.0200000000000005,0.114,0.0,0.73,0.073,0.0,0.771,0.52,0.0593,0.038
thelo_aasgaard__nor,Thelo Aasgaard,NOR,MID,kvalifikation,Kvalifikation,8,1,0,1,0,0,1,3,8.0,5.04,4.5360000000000005,0.432,0.48,0.0,0.68,0.125,0.0,0.125,0.095,0.0,0.135,0.9,0.1125,0.0855
thelo_aasgaard__nor,Thelo Aasgaard,NOR,MID,venskabskamp,Venskabskamp,5,1,0,2,0,0,2,0,5.0,4.2,2.184,0.3536,0.68,0.0,1.84,0.2,0.0,0.4,0.162,0.0,0.438,0.52,0.104,0.0842
themba_zwane__rsa,Themba Zwane,RSA,MID,slutrunde,Slutrunde,23,10,0,9,0,0,9,3,23.0,9.16,9.16,2.54,2.54,0.0,6.22,0.435,0.0,0.391,0.277,0.0,0.679,1.0,0.435,0.277
themba_zwane__rsa,Themba Zwane,RSA,MID,kvalifikation,Kvalifikation,59,22,0,25,5,0,25,5,54.0,13.58,10.728000000000002,4.716,5.24,0.0,5.88,0.407,0.0,0.424,0.44,0.0,0.433,0.9,0.3663,0.396
themba_zwane__rsa,Themba Zwane,RSA,MID,venskabskamp,Venskabskamp,44,13,0,18,2,0,18,5,42.0,10.700000000000001,5.2312,2.0696000000000003,3.98,0.0,3.8400000000000003,0.31,0.0,0.409,0.396,0.0,0.359,0.52,0.1612,0.2059
theo_bongonda__cod,Theo Bongonda,COD,MID,slutrunde,Slutrunde,18,8,0,3,4,0,3,1,14.0,8.96,6.24,4.15,4.15,0.0,0.6000000000000001,0.571,0.0,0.167,0.665,0.0,0.067,1.0,0.571,0.665
theo_bongonda__cod,Theo Bongonda,COD,MID,kvalifikation,Kvalifikation,27,12,0,3,2,0,3,3,25.0,12.280000000000001,10.008000000000001,5.256,5.84,0.0,0.88,0.48,0.0,0.111,0.525,0.0,0.072,0.9,0.432,0.4725
theo_bongonda__cod,Theo Bongonda,COD,MID,venskabskamp,Venskabskamp,15,7,0,4,1,0,4,2,14.0,6.65,3.1044,1.4612,2.81,0.0,1.6400000000000001,0.5,0.0,0.267,0.471,0.0,0.247,0.52,0.26,0.2449
theo_hern_ndez__fra,Theo Hernandez,FRA,DEF,slutrunde,Slutrunde,13,12,0,0,0,0,0,1,13.0,4.28,4.28,4.08,4.08,0.0,0.0,0.923,0.0,0.0,0.953,0.0,0.0,1.0,0.923,0.953
theo_hern_ndez__fra,Theo Hernandez,FRA,DEF,nations_league_finals,Nations League-slutrunde,6,4,0,0,0,0,0,2,6.0,2.52,2.394,1.2919999999999998,1.3599999999999999,0.0,0.0,0.667,0.0,0.0,0.54,0.0,0.0,0.95,0.6337,0.513
theo_hern_ndez__fra,Theo Hernandez,FRA,DEF,kvalifikation,Kvalifikation,19,13,0,0,0,0,0,6,19.0,7.4,6.660000000000001,4.284000000000001,4.76,0.0,0.0,0.684,0.0,0.0,0.643,0.0,0.0,0.9,0.6156,0.5787
theo_hern_ndez__fra,Theo Hernandez,FRA,DEF,nations_league,Nations League,12,5,0,0,2,0,0,5,10.0,4.08,2.8704,1.4352,1.8399999999999999,0.0,0.0,0.5,0.0,0.0,0.5,0.0,0.0,0.78,0.39,0.39
theo_hern_ndez__fra,Theo Hernandez,FRA,DEF,venskabskamp,Venskabskamp,11,8,0,0,0,0,0,2,11.0,5.48,2.8496,2.1008,4.04,0.0,0.0,0.727,0.0,0.0,0.737,0.0,0.0,0.52,0.378,0.3832
thiago_almada__arg,Thiago Almada,ARG,MID,slutrunde,Slutrunde,14,0,0,7,0,0,5,6,14.0,5.2,5.2,0.0,0.0,0.0,3.8,0.0,0.0,0.5,0.0,0.0,0.731,1.0,0.0,0.0
thiago_almada__arg,Thiago Almada,ARG,MID,kvalifikation,Kvalifikation,18,6,0,9,0,0,9,2,18.0,8.48,7.632000000000001,3.132,3.48,0.0,3.56,0.333,0.0,0.5,0.41,0.0,0.42,0.9,0.2997,0.369
thiago_almada__arg,Thiago Almada,ARG,MID,venskabskamp,Venskabskamp,17,4,0,7,1,0,7,2,16.0,8.120000000000001,3.8688000000000002,1.8304,3.52,0.0,2.68,0.25,0.0,0.412,0.473,0.0,0.33,0.52,0.13,0.246
thibaut_courtois__bel,Thibaut Courtois,BEL,GK,slutrunde,Slutrunde,29,25,0,4,0,0,4,0,29.0,5.22,5.22,3.3000000000000003,3.3000000000000003,0.0,1.92,0.862,0.0,0.138,0.632,0.0,0.368,1.0,0.862,0.632
thibaut_courtois__bel,Thibaut Courtois,BEL,GK,nations_league_finals,Nations League-slutrunde,2,2,0,0,0,0,0,0,2.0,0.4,0.38,0.38,0.4,0.0,0.0,1.0,0.0,0.0,1.0,0.0,0.0,0.95,0.95,0.95
thibaut_courtois__bel,Thibaut Courtois,BEL,GK,kvalifikation,Kvalifikation,67,48,0,7,9,0,7,3,58.0,13.48,9.288000000000002,6.966000000000001,7.74,0.0,2.2800000000000002,0.828,0.0,0.104,0.75,0.0,0.169,0.9,0.7452,0.675
thibaut_courtois__bel,Thibaut Courtois,BEL,GK,nations_league,Nations League,24,9,0,4,10,0,4,1,14.0,6.04,2.4336,1.1544,1.48,0.0,1.16,0.643,0.0,0.167,0.474,0.0,0.192,0.78,0.5015,0.3697
thibaut_courtois__bel,Thibaut Courtois,BEL,GK,venskabskamp,Venskabskamp,55,25,0,10,9,0,10,11,46.0,10.860000000000001,3.9312,2.3400000000000003,4.5,0.0,1.96,0.543,0.0,0.182,0.595,0.0,0.18,0.52,0.2824,0.3094
thomas_meunier__bel,Thomas Meunier,BEL,DEF,slutrunde,Slutrunde,29,15,0,6,4,0,5,2,25.0,5.22,3.3000000000000003,2.1,2.1,0.0,0.6000000000000001,0.6,0.0,0.207,0.636,0.0,0.115,1.0,0.6,0.636
thomas_meunier__bel,Thomas Meunier,BEL,DEF,nations_league_finals,Nations League-slutrunde,2,0,0,2,0,0,2,0,2.0,0.4,0.38,0.0,0.0,0.0,0.4,0.0,0.0,1.0,0.0,0.0,1.0,0.95,0.0,0.0
thomas_meunier__bel,Thomas Meunier,BEL,DEF,kvalifikation,Kvalifikation,54,22,0,10,16,0,9,3,38.0,12.180000000000001,8.46,4.7700000000000005,5.300000000000001,0.0,2.24,0.579,0.0,0.185,0.564,0.0,0.184,0.9,0.5211,0.5076
thomas_meunier__bel,Thomas Meunier,BEL,DEF,nations_league,Nations League,24,14,0,6,0,0,6,3,24.0,6.04,4.711200000000001,1.9968000000000004,2.56,0.0,2.2199999999999998,0.583,0.0,0.25,0.424,0.0,0.368,0.78,0.4547,0.3307
thomas_meunier__bel,Thomas Meunier,BEL,DEF,venskabskamp,Venskabskamp,43,14,0,12,5,0,12,3,38.0,9.66,4.6592,2.0176000000000003,3.88,0.0,1.4200000000000002,0.368,0.0,0.279,0.433,0.0,0.147,0.52,0.1914,0.2252
thomas_partey__gha,Thomas Partey,GHA,MID,slutrunde,Slutrunde,22,15,0,3,3,0,3,1,19.0,3.7600000000000002,2.8000000000000003,2.1,2.1,0.0,0.6000000000000001,0.789,0.0,0.136,0.75,0.0,0.16,1.0,0.789,0.75
thomas_partey__gha,Thomas Partey,GHA,MID,kvalifikation,Kvalifikation,48,26,0,10,7,0,10,3,41.0,13.0,10.296000000000001,6.606000000000001,7.34,0.0,2.92,0.634,0.0,0.208,0.642,0.0,0.225,0.9,0.5706,0.5778
thomas_partey__gha,Thomas Partey,GHA,MID,venskabskamp,Venskabskamp,32,14,0,10,6,0,10,2,26.0,10.68,4.8048,2.3816,4.58,0.0,4.36,0.538,0.0,0.312,0.496,0.0,0.408,0.52,0.2798,0.2579
tijjani_reijnders__ned,Tijjani Reijnders,NED,MID,slutrunde,Slutrunde,6,6,0,0,0,0,0,0,6.0,2.88,2.88,2.88,2.88,0.0,0.0,1.0,0.0,0.0,1.0,0.0,0.0,1.0,1.0,1.0
tijjani_reijnders__ned,Tijjani Reijnders,NED,MID,nations_league_finals,Nations League-slutrunde,2,2,0,0,0,0,0,0,2.0,0.96,0.9119999999999999,0.9119999999999999,0.96,0.0,0.0,1.0,0.0,0.0,1.0,0.0,0.0,0.95,0.95,0.95
tijjani_reijnders__ned,Tijjani Reijnders,NED,MID,kvalifikation,Kvalifikation,14,8,0,0,0,0,0,1,14.0,7.36,6.6240000000000006,3.9240000000000004,4.36,0.0,0.0,0.571,0.0,0.0,0.592,0.0,0.0,0.9,0.5139,0.5328
tijjani_reijnders__ned,Tijjani Reijnders,NED,MID,nations_league,Nations League,6,5,0,0,0,0,0,1,6.0,2.88,2.2464,1.872,2.4,0.0,0.0,0.833,0.0,0.0,0.833,0.0,0.0,0.78,0.6497,0.6497
tijjani_reijnders__ned,Tijjani Reijnders,NED,MID,venskabskamp,Venskabskamp,7,5,0,1,0,0,0,1,7.0,4.44,2.3088,1.5808,3.04,0.0,0.48,0.714,0.0,0.143,0.685,0.0,0.108,0.52,0.3713,0.3562
tim_payne__nzl,Tim Payne,NZL,DEF,slutrunde,Slutrunde,7,3,0,3,0,0,3,1,7.0,2.2199999999999998,2.2199999999999998,1.44,1.44,0.0,0.30000000000000004,0.429,0.0,0.429,0.649,0.0,0.135,1.0,0.429,0.649
tim_payne__nzl,Tim Payne,NZL,DEF,kvalifikation,Kvalifikation,37,9,0,16,4,0,16,3,33.0,6.2,4.5360000000000005,2.016,2.24,0.0,1.8,0.273,0.0,0.432,0.444,0.0,0.29,0.9,0.2457,0.3996
tim_payne__nzl,Tim Payne,NZL,DEF,oevrig_turnering,Øvrig turnering,3,2,0,0,0,0,0,0,3.0,0.30000000000000004,0.186,0.124,0.2,0.0,0.0,0.667,0.0,0.0,0.667,0.0,0.0,0.62,0.4135,0.4135
tim_payne__nzl,Tim Payne,NZL,DEF,venskabskamp,Venskabskamp,54,23,0,14,7,0,14,2,47.0,16.48,7.373600000000001,4.7216000000000005,9.08,0.0,3.3000000000000003,0.489,0.0,0.259,0.64,0.0,0.2,0.52,0.2543,0.3328
tim_ream__usa,Tim Ream,USA,DEF,slutrunde,Slutrunde,64,22,0,35,0,0,35,7,64.0,13.120000000000001,13.120000000000001,7.220000000000001,7.220000000000001,0.0,5.2,0.344,0.0,0.547,0.55,0.0,0.396,1.0,0.344,0.55
tim_ream__usa,Tim Ream,USA,DEF,nations_league_finals,Nations League-slutrunde,12,7,0,2,0,0,2,3,12.0,4.14,3.933,2.4699999999999998,2.6,0.0,0.64,0.583,0.0,0.167,0.628,0.0,0.155,0.95,0.5538,0.5966
tim_ream__usa,Tim Ream,USA,DEF,kvalifikation,Kvalifikation,47,6,0,33,0,0,33,7,47.0,6.1000000000000005,5.49,0.6300000000000001,0.7000000000000001,0.0,4.4,0.128,0.0,0.702,0.115,0.0,0.721,0.9,0.1152,0.1035
tim_ream__usa,Tim Ream,USA,DEF,nations_league,Nations League,8,5,0,2,0,0,2,1,8.0,1.2000000000000002,0.9360000000000002,0.4680000000000001,0.6000000000000001,0.0,0.4,0.625,0.0,0.25,0.5,0.0,0.333,0.78,0.4875,0.39
tim_ream__usa,Tim Ream,USA,DEF,venskabskamp,Venskabskamp,122,31,0,63,2,0,63,16,120.0,25.32,13.0624,5.647200000000001,10.86,0.0,7.32,0.258,0.0,0.516,0.432,0.0,0.289,0.52,0.1342,0.2246
timothy_castagne__bel,Timothy Castagne,BEL,DEF,slutrunde,Slutrunde,12,8,0,0,4,0,0,0,8.0,3.52,2.7199999999999998,2.7199999999999998,2.7199999999999998,0.0,0.0,1.0,0.0,0.0,1.0,0.0,0.0,1.0,1.0,1.0
timothy_castagne__bel,Timothy Castagne,BEL,DEF,nations_league_finals,Nations League-slutrunde,2,2,0,0,0,0,0,0,2.0,0.4,0.38,0.38,0.4,0.0,0.0,1.0,0.0,0.0,1.0,0.0,0.0,0.95,0.95,0.95
timothy_castagne__bel,Timothy Castagne,BEL,DEF,kvalifikation,Kvalifikation,34,22,0,0,4,0,0,5,30.0,10.18,7.758000000000001,5.904000000000001,6.5600000000000005,0.0,0.0,0.733,0.0,0.0,0.761,0.0,0.0,0.9,0.6597,0.6849
timothy_castagne__bel,Timothy Castagne,BEL,DEF,nations_league,Nations League,24,12,0,1,2,0,0,7,22.0,6.04,4.5552,3.0264,3.88,0.0,0.48,0.545,0.0,0.042,0.664,0.0,0.079,0.78,0.4251,0.5179
timothy_castagne__bel,Timothy Castagne,BEL,DEF,venskabskamp,Venskabskamp,19,11,0,2,1,0,2,2,18.0,7.26,3.7232000000000003,2.0488,3.94,0.0,0.4,0.611,0.0,0.105,0.55,0.0,0.055,0.52,0.3177,0.286
timothy_fayulu__cod,Timothy Fayulu,COD,GK,slutrunde,Slutrunde,8,0,0,4,0,0,4,4,8.0,6.12,6.12,0.0,0.0,0.0,2.72,0.0,0.0,0.5,0.0,0.0,0.444,1.0,0.0,0.0
timothy_fayulu__cod,Timothy Fayulu,COD,GK,kvalifikation,Kvalifikation,18,0,0,1,0,0,1,16,18.0,9.9,8.91,0.0,0.0,0.0,0.48,0.0,0.0,0.056,0.0,0.0,0.048,0.9,0.0,0.0
timothy_fayulu__cod,Timothy Fayulu,COD,GK,venskabskamp,Venskabskamp,7,2,0,1,0,0,1,4,7.0,4.13,2.1476,0.7956000000000001,1.53,0.0,0.92,0.286,0.0,0.143,0.37,0.0,0.223,0.52,0.1487,0.1924
timothy_weah__usa,Timothy Weah,USA,FWD,slutrunde,Slutrunde,30,6,0,24,0,0,23,0,30.0,9.72,9.72,1.76,1.76,0.0,7.960000000000001,0.2,0.0,0.8,0.181,0.0,0.819,1.0,0.2,0.181
timothy_weah__usa,Timothy Weah,USA,FWD,nations_league_finals,Nations League-slutrunde,12,8,0,1,2,0,1,1,10.0,4.14,3.3249999999999997,2.774,2.92,0.0,0.48,0.8,0.0,0.083,0.834,0.0,0.116,0.95,0.76,0.7923
timothy_weah__usa,Timothy Weah,USA,FWD,kvalifikation,Kvalifikation,14,8,0,2,3,0,2,0,11.0,2.8000000000000003,1.9800000000000002,1.4400000000000002,1.6,0.0,0.4,0.727,0.0,0.143,0.727,0.0,0.143,0.9,0.6543,0.6543
timothy_weah__usa,Timothy Weah,USA,FWD,nations_league,Nations League,8,1,0,2,4,0,2,1,4.0,1.2000000000000002,0.6240000000000001,0.15600000000000003,0.2,0.0,0.4,0.25,0.0,0.25,0.25,0.0,0.333,0.78,0.195,0.195
timothy_weah__usa,Timothy Weah,USA,FWD,venskabskamp,Venskabskamp,60,20,0,23,7,0,22,3,53.0,19.12,9.0792,3.8064000000000004,7.32,0.0,6.76,0.377,0.0,0.383,0.419,0.0,0.354,0.52,0.196,0.2179
tom_s_ara_jo__por,Tomas Araujo,POR,DEF,nations_league_finals,Nations League-slutrunde,4,0,0,2,2,0,2,0,2.0,2.12,0.9119999999999999,0.0,0.0,0.0,0.96,0.0,0.0,0.5,0.0,0.0,0.453,0.95,0.0,0.0
tom_s_ara_jo__por,Tomas Araujo,POR,DEF,kvalifikation,Kvalifikation,6,0,0,6,0,0,6,0,6.0,4.08,3.6720000000000006,0.0,0.0,0.0,4.08,0.0,0.0,1.0,0.0,0.0,1.0,0.9,0.0,0.0
tom_s_ara_jo__por,Tomas Araujo,POR,DEF,nations_league,Nations League,2,1,0,0,0,0,0,1,2.0,0.96,0.7488,0.3744,0.48,0.0,0.0,0.5,0.0,0.0,0.5,0.0,0.0,0.78,0.39,0.39
tom_s_ara_jo__por,Tomas Araujo,POR,DEF,venskabskamp,Venskabskamp,3,1,0,0,0,0,0,0,3.0,2.84,1.4768000000000001,0.47840000000000005,0.92,0.0,0.0,0.333,0.0,0.0,0.324,0.0,0.0,0.52,0.1732,0.1685
tomas_chory__cze,Tomas Chory,CZE,FWD,slutrunde,Slutrunde,3,0,0,0,0,0,0,1,3.0,1.44,1.44,0.0,0.0,0.0,0.0,0.0,0.0,0.0,0.0,0.0,0.0,1.0,0.0,0.0
tomas_chory__cze,Tomas Chory,CZE,FWD,kvalifikation,Kvalifikation,12,5,0,0,0,0,0,2,12.0,7.5200000000000005,6.768000000000001,2.7720000000000002,3.08,0.0,0.0,0.417,0.0,0.0,0.41,0.0,0.0,0.9,0.3753,0.369
tomas_chory__cze,Tomas Chory,CZE,FWD,nations_league,Nations League,6,4,0,2,0,0,0,0,6.0,2.88,2.2464,1.4976,1.92,0.0,0.96,0.667,0.0,0.333,0.667,0.0,0.333,0.78,0.5203,0.5203
tomas_chory__cze,Tomas Chory,CZE,FWD,venskabskamp,Venskabskamp,8,2,0,1,0,0,0,1,8.0,4.96,2.5792,0.6032,1.1600000000000001,0.0,1.0,0.25,0.0,0.125,0.234,0.0,0.202,0.52,0.13,0.1217
tomas_holes__cze,Tomas Holes,CZE,DEF,slutrunde,Slutrunde,8,7,0,0,0,0,0,0,8.0,2.44,2.44,2.24,2.24,0.0,0.0,0.875,0.0,0.0,0.918,0.0,0.0,1.0,0.875,0.918
tomas_holes__cze,Tomas Holes,CZE,DEF,kvalifikation,Kvalifikation,27,18,0,2,5,0,2,1,22.0,10.700000000000001,7.614000000000001,5.904000000000001,6.5600000000000005,0.0,0.8800000000000001,0.818,0.0,0.074,0.775,0.0,0.082,0.9,0.7362,0.6975
tomas_holes__cze,Tomas Holes,CZE,DEF,nations_league,Nations League,17,4,0,3,7,0,3,2,10.0,4.58,2.5584000000000002,1.2012,1.54,0.0,1.44,0.4,0.0,0.176,0.47,0.0,0.314,0.78,0.312,0.3666
tomas_holes__cze,Tomas Holes,CZE,DEF,venskabskamp,Venskabskamp,19,5,0,4,2,0,4,4,17.0,7.1000000000000005,3.484,0.624,1.2,0.0,1.3,0.294,0.0,0.211,0.179,0.0,0.183,0.52,0.1529,0.0931
tomas_soucek__cze,Tomas Soucek,CZE,MID,slutrunde,Slutrunde,8,8,0,0,0,0,0,0,8.0,2.44,2.44,2.44,2.44,0.0,0.0,1.0,0.0,0.0,1.0,0.0,0.0,1.0,1.0,1.0
tomas_soucek__cze,Tomas Soucek,CZE,MID,kvalifikation,Kvalifikation,41,37,0,1,0,0,1,2,41.0,12.100000000000001,10.89,10.440000000000001,11.600000000000001,0.0,0.1,0.902,0.0,0.024,0.959,0.0,0.008,0.9,0.8118,0.8631
tomas_soucek__cze,Tomas Soucek,CZE,MID,nations_league,Nations League,22,18,0,2,2,0,0,0,20.0,5.08,3.8064000000000004,3.354,4.3,0.0,0.58,0.9,0.0,0.091,0.881,0.0,0.114,0.78,0.702,0.6872
tomas_soucek__cze,Tomas Soucek,CZE,MID,venskabskamp,Venskabskamp,32,20,0,2,0,0,2,4,32.0,8.4,4.368,2.7768,5.34,0.0,1.1,0.625,0.0,0.062,0.636,0.0,0.131,0.52,0.325,0.3307
tommy_smith__nzl,Tommy Smith,NZL,DEF,kvalifikation,Kvalifikation,1,0,0,0,0,0,0,1,1.0,0.1,0.09000000000000001,0.0,0.0,0.0,0.0,0.0,0.0,0.0,0.0,0.0,0.0,0.9,0.0,0.0
tommy_smith__nzl,Tommy Smith,NZL,DEF,venskabskamp,Venskabskamp,2,1,0,1,0,0,1,0,2.0,0.2,0.10400000000000001,0.052000000000000005,0.1,0.0,0.1,0.5,0.0,0.5,0.5,0.0,0.5,0.52,0.26,0.26
tomoki_hayakawa__jpn,Tomoki Hayakawa,JPN,GK,slutrunde,Slutrunde,3,1,0,0,0,0,0,2,3.0,2.04,2.04,0.68,0.68,0.0,0.0,0.333,0.0,0.0,0.333,0.0,0.0,1.0,0.333,0.333
tomoki_hayakawa__jpn,Tomoki Hayakawa,JPN,GK,venskabskamp,Venskabskamp,9,2,0,0,0,0,0,6,9.0,6.92,3.5984000000000003,0.7072,1.36,0.0,0.0,0.222,0.0,0.0,0.197,0.0,0.0,0.52,0.1154,0.1024
toni_fruk__cro,Toni Fruk,CRO,MID,nations_league_finals,Nations League-slutrunde,2,0,0,0,0,0,0,2,2.0,0.96,0.9119999999999999,0.0,0.0,0.0,0.0,0.0,0.0,0.0,0.0,0.0,0.0,0.95,0.0,0.0
toni_fruk__cro,Toni Fruk,CRO,MID,kvalifikation,Kvalifikation,8,2,0,1,0,0,1,2,8.0,5.44,4.896000000000001,1.2240000000000002,1.36,0.0,0.68,0.25,0.0,0.125,0.25,0.0,0.125,0.9,0.225,0.225
toni_fruk__cro,Toni Fruk,CRO,MID,venskabskamp,Venskabskamp,3,0,0,0,0,0,0,1,3.0,2.84,1.4768000000000001,0.0,0.0,0.0,0.0,0.0,0.0,0.0,0.0,0.0,0.0,0.52,0.0,0.0
torbjorn_heggem__nor,Torbjørn Heggem,NOR,DEF,kvalifikation,Kvalifikation,8,7,0,0,0,0,0,0,8.0,5.04,4.5360000000000005,4.104000000000001,4.5600000000000005,0.0,0.0,0.875,0.0,0.0,0.905,0.0,0.0,0.9,0.7875,0.8145
torbjorn_heggem__nor,Torbjørn Heggem,NOR,DEF,nations_league,Nations League,4,1,0,0,0,0,0,1,4.0,1.92,1.4976,0.3744,0.48,0.0,0.0,0.25,0.0,0.0,0.25,0.0,0.0,0.78,0.195,0.195
torbjorn_heggem__nor,Torbjørn Heggem,NOR,DEF,venskabskamp,Venskabskamp,5,2,0,0,0,0,0,2,5.0,4.2,2.184,0.9984000000000001,1.92,0.0,0.0,0.4,0.0,0.0,0.457,0.0,0.0,0.52,0.208,0.2376
trent_alexander_arnold__eng,Trent Alexander-Arnold,ENG,DEF,slutrunde,Slutrunde,26,3,0,0,7,0,0,13,19.0,6.46,5.06,1.06,1.06,0.0,0.0,0.158,0.0,0.0,0.209,0.0,0.0,1.0,0.158,0.209
trent_alexander_arnold__eng,Trent Alexander-Arnold,ENG,DEF,nations_league_finals,Nations League-slutrunde,2,1,0,0,0,0,0,1,2.0,0.2,0.19,0.095,0.1,0.0,0.0,0.5,0.0,0.0,0.5,0.0,0.0,0.95,0.475,0.475
trent_alexander_arnold__eng,Trent Alexander-Arnold,ENG,DEF,kvalifikation,Kvalifikation,29,9,0,5,7,0,5,6,22.0,6.46,4.122000000000001,1.7820000000000003,1.98,0.0,0.7000000000000001,0.409,0.0,0.172,0.432,0.0,0.108,0.9,0.3681,0.3888
trent_alexander_arnold__eng,Trent Alexander-Arnold,ENG,DEF,nations_league,Nations League,22,7,0,3,4,0,3,6,18.0,5.08,3.0576000000000003,1.8096,2.32,0.0,0.6000000000000001,0.389,0.0,0.136,0.592,0.0,0.118,0.78,0.3034,0.4618
trent_alexander_arnold__eng,Trent Alexander-Arnold,ENG,DEF,venskabskamp,Venskabskamp,16,6,0,0,7,0,0,2,9.0,3.96,1.1960000000000002,0.5408000000000001,1.04,0.0,0.0,0.667,0.0,0.0,0.452,0.0,0.0,0.52,0.3468,0.235
trevor_doornbusch__cuw,Trevor Doornbusch,CUW,GK,slutrunde,Slutrunde,3,0,0,0,0,0,0,3,3.0,2.04,2.04,0.0,0.0,0.0,0.0,0.0,0.0,0.0,0.0,0.0,0.0,1.0,0.0,0.0
trevor_doornbusch__cuw,Trevor Doornbusch,CUW,GK,kvalifikation,Kvalifikation,11,0,0,2,0,0,2,9,11.0,6.720000000000001,6.048000000000001,0.0,0.0,0.0,0.96,0.0,0.0,0.182,0.0,0.0,0.143,0.9,0.0,0.0
trevor_doornbusch__cuw,Trevor Doornbusch,CUW,GK,nations_league,Nations League,11,4,0,0,0,0,0,7,11.0,4.36,3.4008000000000003,0.9984000000000001,1.28,0.0,0.0,0.364,0.0,0.0,0.294,0.0,0.0,0.78,0.2839,0.2293
trevor_doornbusch__cuw,Trevor Doornbusch,CUW,GK,venskabskamp,Venskabskamp,7,2,0,1,0,0,1,3,7.0,4.0,2.08,0.33280000000000004,0.64,0.0,0.32,0.286,0.0,0.143,0.16,0.0,0.08,0.52,0.1487,0.0832
tshepang_moremi__rsa,Tshepang Moremi,RSA,FWD,slutrunde,Slutrunde,8,2,0,4,0,0,4,0,8.0,6.12,6.12,1.7,1.7,0.0,2.72,0.25,0.0,0.5,0.278,0.0,0.444,1.0,0.25,0.278
tshepang_moremi__rsa,Tshepang Moremi,RSA,FWD,kvalifikation,Kvalifikation,4,0,0,2,0,0,2,1,4.0,2.72,2.4480000000000004,0.0,0.0,0.0,1.36,0.0,0.0,0.5,0.0,0.0,0.5,0.9,0.0,0.0
tshepang_moremi__rsa,Tshepang Moremi,RSA,FWD,venskabskamp,Venskabskamp,6,5,0,0,0,0,0,1,6.0,4.88,2.5376000000000003,2.184,4.2,0.0,0.0,0.833,0.0,0.0,0.861,0.0,0.0,0.52,0.4332,0.4477
tsuyoshi_watanabe__jpn,Tsuyoshi Watanabe,JPN,DEF,slutrunde,Slutrunde,18,1,0,12,0,0,12,4,18.0,5.34,5.34,0.1,0.1,0.0,4.08,0.056,0.0,0.667,0.019,0.0,0.764,1.0,0.056,0.019
tsuyoshi_watanabe__jpn,Tsuyoshi Watanabe,JPN,DEF,kvalifikation,Kvalifikation,30,1,0,26,0,0,26,2,30.0,9.84,8.856,0.432,0.48,0.0,8.4,0.033,0.0,0.867,0.049,0.0,0.854,0.9,0.0297,0.0441
tsuyoshi_watanabe__jpn,Tsuyoshi Watanabe,JPN,DEF,venskabskamp,Venskabskamp,31,6,0,22,0,0,22,2,31.0,11.66,6.0632,2.3712,4.5600000000000005,0.0,4.74,0.194,0.0,0.71,0.391,0.0,0.407,0.52,0.1009,0.2033
tyler_adams__usa,Tyler Adams,USA,MID,slutrunde,Slutrunde,30,11,0,12,6,0,12,0,24.0,9.72,9.120000000000001,4.96,4.96,0.0,3.48,0.458,0.0,0.4,0.544,0.0,0.358,1.0,0.458,0.544
tyler_adams__usa,Tyler Adams,USA,MID,nations_league_finals,Nations League-slutrunde,12,3,0,4,2,0,4,1,10.0,4.14,3.3249999999999997,1.216,1.28,0.0,1.6,0.3,0.0,0.333,0.366,0.0,0.386,0.95,0.285,0.3477
tyler_adams__usa,Tyler Adams,USA,MID,kvalifikation,Kvalifikation,14,12,0,1,0,0,1,0,14.0,2.8000000000000003,2.5200000000000005,2.16,2.4000000000000004,0.0,0.2,0.857,0.0,0.071,0.857,0.0,0.071,0.9,0.7713,0.7713
tyler_adams__usa,Tyler Adams,USA,MID,nations_league,Nations League,8,1,0,3,4,0,3,0,4.0,1.2000000000000002,0.4680000000000001,0.15600000000000003,0.2,0.0,0.4,0.25,0.0,0.375,0.333,0.0,0.333,0.78,0.195,0.2597
tyler_adams__usa,Tyler Adams,USA,MID,venskabskamp,Venskabskamp,62,20,0,26,12,0,26,1,50.0,19.32,7.7792,2.8392000000000004,5.46,0.0,7.760000000000001,0.4,0.0,0.419,0.365,0.0,0.402,0.52,0.208,0.1898
tyler_bindon__nzl,Tyler Bindon,NZL,DEF,slutrunde,Slutrunde,4,4,0,0,0,0,0,0,4.0,1.92,1.92,1.92,1.92,0.0,0.0,1.0,0.0,0.0,1.0,0.0,0.0,1.0,1.0,1.0
tyler_bindon__nzl,Tyler Bindon,NZL,DEF,kvalifikation,Kvalifikation,5,4,0,0,0,0,0,1,5.0,2.4,2.16,1.728,1.92,0.0,0.0,0.8,0.0,0.0,0.8,0.0,0.0,0.9,0.72,0.72
tyler_bindon__nzl,Tyler Bindon,NZL,DEF,venskabskamp,Venskabskamp,21,11,0,1,1,0,1,2,20.0,12.64,6.323200000000001,3.8272000000000004,7.36,0.0,0.48,0.55,0.0,0.048,0.605,0.0,0.038,0.52,0.286,0.3146
tyrese_noslin__cuw,Tyrese Noslin,CUW,MID,kvalifikation,Kvalifikation,6,0,0,0,0,0,0,3,6.0,4.08,3.6720000000000006,0.0,0.0,0.0,0.0,0.0,0.0,0.0,0.0,0.0,0.0,0.9,0.0,0.0
tyrese_noslin__cuw,Tyrese Noslin,CUW,MID,venskabskamp,Venskabskamp,3,0,0,0,0,0,0,0,3.0,2.84,1.4768000000000001,0.0,0.0,0.0,0.0,0.0,0.0,0.0,0.0,0.0,0.0,0.52,0.0,0.0
tyrick_bodak__cuw,Tyrick Bodak,CUW,GK,slutrunde,Slutrunde,3,0,0,2,0,0,2,1,3.0,2.04,2.04,0.0,0.0,0.0,1.36,0.0,0.0,0.667,0.0,0.0,0.667,1.0,0.0,0.0
tyrick_bodak__cuw,Tyrick Bodak,CUW,GK,kvalifikation,Kvalifikation,13,0,0,4,0,0,4,9,13.0,6.92,6.228000000000001,0.0,0.0,0.0,2.72,0.0,0.0,0.308,0.0,0.0,0.393,0.9,0.0,0.0
tyrick_bodak__cuw,Tyrick Bodak,CUW,GK,nations_league,Nations League,16,0,0,6,0,0,6,10,16.0,5.16,4.0248,0.0,0.0,0.0,2.88,0.0,0.0,0.375,0.0,0.0,0.558,0.78,0.0,0.0
tyrick_bodak__cuw,Tyrick Bodak,CUW,GK,venskabskamp,Venskabskamp,13,4,0,2,0,0,2,7,13.0,5.2,2.704,0.47840000000000005,0.92,0.0,0.4,0.308,0.0,0.154,0.177,0.0,0.077,0.52,0.1602,0.092
ugurcan_cakir__tur,Ugurcan Cakir,TUR,GK,slutrunde,Slutrunde,8,3,0,0,0,0,0,5,8.0,3.0,3.0,0.6000000000000001,0.6000000000000001,0.0,0.0,0.375,0.0,0.0,0.2,0.0,0.0,1.0,0.375,0.2
ugurcan_cakir__tur,Ugurcan Cakir,TUR,GK,kvalifikation,Kvalifikation,37,21,0,0,0,0,0,16,37.0,11.14,10.026000000000002,7.200000000000001,8.0,0.0,0.0,0.568,0.0,0.0,0.718,0.0,0.0,0.9,0.5112,0.6462
ugurcan_cakir__tur,Ugurcan Cakir,TUR,GK,nations_league,Nations League,20,8,0,0,0,0,0,12,20.0,5.64,4.3992,2.0436,2.62,0.0,0.0,0.4,0.0,0.0,0.465,0.0,0.0,0.78,0.312,0.3627
ugurcan_cakir__tur,Ugurcan Cakir,TUR,GK,venskabskamp,Venskabskamp,20,7,0,4,1,0,4,8,19.0,6.74,3.1512000000000002,1.1128,2.14,0.0,1.8800000000000001,0.368,0.0,0.2,0.353,0.0,0.279,0.52,0.1914,0.1836
umar_eshmurodov__uzb,Umar Eshmurodov,UZB,DEF,slutrunde,Slutrunde,13,9,0,2,0,0,2,2,13.0,5.6000000000000005,5.6000000000000005,3.24,3.24,0.0,1.36,0.692,0.0,0.154,0.579,0.0,0.243,1.0,0.692,0.579
umar_eshmurodov__uzb,Umar Eshmurodov,UZB,DEF,kvalifikation,Kvalifikation,22,11,0,4,0,0,4,6,22.0,8.44,7.596,3.564,3.96,0.0,1.48,0.5,0.0,0.182,0.469,0.0,0.175,0.9,0.45,0.4221
umar_eshmurodov__uzb,Umar Eshmurodov,UZB,DEF,venskabskamp,Venskabskamp,33,16,0,11,0,0,11,4,33.0,10.56,5.4912,2.548,4.9,0.0,1.5,0.485,0.0,0.333,0.464,0.0,0.142,0.52,0.2522,0.2413
umarali_rakhmonaliyev__uzb,Umarali Rakhmonaliyev,UZB,MID,venskabskamp,Venskabskamp,3,0,0,1,0,0,1,1,3.0,2.84,1.4768000000000001,0.0,0.0,0.0,1.0,0.0,0.0,0.333,0.0,0.0,0.352,0.52,0.0,0.0
unai_sim_n__esp,Unai Simon,ESP,GK,slutrunde,Slutrunde,18,16,0,1,0,0,1,1,18.0,6.28,6.28,4.88,4.88,0.0,0.92,0.889,0.0,0.056,0.777,0.0,0.146,1.0,0.889,0.777
unai_sim_n__esp,Unai Simon,ESP,GK,nations_league_finals,Nations League-slutrunde,8,8,0,0,0,0,0,0,8.0,3.16,3.002,3.002,3.16,0.0,0.0,1.0,0.0,0.0,1.0,0.0,0.0,0.95,0.95,0.95
unai_sim_n__esp,Unai Simon,ESP,GK,kvalifikation,Kvalifikation,22,19,0,0,2,0,0,1,20.0,7.7,6.570000000000001,6.282000000000001,6.98,0.0,0.0,0.95,0.0,0.0,0.956,0.0,0.0,0.9,0.855,0.8604
unai_sim_n__esp,Unai Simon,ESP,GK,nations_league,Nations League,18,8,0,1,5,0,1,4,13.0,4.68,1.7784000000000002,1.092,1.4000000000000001,0.0,0.48,0.615,0.0,0.056,0.614,0.0,0.103,0.78,0.4797,0.4789
unai_sim_n__esp,Unai Simon,ESP,GK,venskabskamp,Venskabskamp,14,6,0,1,0,0,1,7,14.0,5.54,2.8808000000000002,1.1024,2.12,0.0,0.2,0.429,0.0,0.071,0.383,0.0,0.036,0.52,0.2231,0.1992
utkir_yusupov__uzb,Utkir Yusupov,UZB,GK,slutrunde,Slutrunde,17,9,0,0,0,0,0,8,17.0,6.0,6.0,3.6,3.6,0.0,0.0,0.529,0.0,0.0,0.6,0.0,0.0,1.0,0.529,0.6
utkir_yusupov__uzb,Utkir Yusupov,UZB,GK,kvalifikation,Kvalifikation,27,19,0,8,0,0,8,0,27.0,8.94,8.046000000000001,7.056,7.84,0.0,1.1,0.704,0.0,0.296,0.877,0.0,0.123,0.9,0.6336,0.7893
utkir_yusupov__uzb,Utkir Yusupov,UZB,GK,venskabskamp,Venskabskamp,44,16,0,16,4,0,16,8,40.0,11.66,4.6488000000000005,2.2984000000000004,4.42,0.0,1.7000000000000002,0.4,0.0,0.364,0.494,0.0,0.146,0.52,0.208,0.2569
valentino_livramento__eng,Valentino Livramento,ENG,DEF,kvalifikation,Kvalifikation,8,1,0,2,3,0,2,1,5.0,5.04,2.7,0.6120000000000001,0.68,0.0,1.1600000000000001,0.2,0.0,0.25,0.227,0.0,0.23,0.9,0.18,0.2043
valentino_livramento__eng,Valentino Livramento,ENG,DEF,nations_league,Nations League,6,1,0,0,0,0,0,5,6.0,2.88,2.2464,0.3744,0.48,0.0,0.0,0.167,0.0,0.0,0.167,0.0,0.0,0.78,0.1303,0.1303
valentino_livramento__eng,Valentino Livramento,ENG,DEF,venskabskamp,Venskabskamp,5,1,0,1,1,0,1,0,4.0,4.2,1.8304,0.47840000000000005,0.92,0.0,0.68,0.25,0.0,0.2,0.261,0.0,0.162,0.52,0.13,0.1357
victor_lindel_f__swe,Victor Lindelöf,SWE,DEF,slutrunde,Slutrunde,12,11,0,1,0,0,1,0,12.0,1.6,1.6,1.5,1.5,0.0,0.1,0.917,0.0,0.083,0.938,0.0,0.062,1.0,0.917,0.938
victor_lindel_f__swe,Victor Lindelöf,SWE,DEF,kvalifikation,Kvalifikation,48,36,0,10,0,0,10,2,48.0,12.24,11.016000000000002,7.758000000000001,8.620000000000001,0.0,2.8400000000000003,0.75,0.0,0.208,0.704,0.0,0.232,0.9,0.675,0.6336
victor_lindel_f__swe,Victor Lindelöf,SWE,DEF,nations_league,Nations League,22,12,0,5,3,0,5,1,19.0,5.08,2.8392000000000004,1.3884000000000003,1.78,0.0,0.9,0.632,0.0,0.227,0.489,0.0,0.177,0.78,0.493,0.3814
victor_lindel_f__swe,Victor Lindelöf,SWE,DEF,venskabskamp,Venskabskamp,44,14,0,18,1,0,18,9,43.0,10.48,5.2832,1.6536,3.18,0.0,4.28,0.326,0.0,0.409,0.313,0.0,0.408,0.52,0.1695,0.1628
victor_munoz__esp,Victor Munoz,ESP,FWD,slutrunde,Slutrunde,1,0,0,1,0,0,1,0,1.0,0.92,0.92,0.0,0.0,0.0,0.92,0.0,0.0,1.0,0.0,0.0,1.0,1.0,0.0,0.0
victor_munoz__esp,Victor Munoz,ESP,FWD,venskabskamp,Venskabskamp,3,0,0,1,0,0,1,0,3.0,2.84,1.4768000000000001,0.0,0.0,0.0,1.0,0.0,0.0,0.333,0.0,0.0,0.352,0.52,0.0,0.0
viktor_gyokeres__swe,Viktor Gyökeres,SWE,FWD,slutrunde,Slutrunde,4,0,0,4,0,0,4,0,4.0,0.8,0.8,0.0,0.0,0.0,0.8,0.0,0.0,1.0,0.0,0.0,1.0,1.0,0.0,0.0
viktor_gyokeres__swe,Viktor Gyökeres,SWE,FWD,kvalifikation,Kvalifikation,36,12,0,18,2,0,18,0,34.0,11.040000000000001,8.712000000000002,5.724000000000001,6.36,0.0,2.4000000000000004,0.353,0.0,0.5,0.657,0.0,0.217,0.9,0.3177,0.5913
viktor_gyokeres__swe,Viktor Gyökeres,SWE,FWD,nations_league,Nations League,18,7,0,6,0,0,6,1,18.0,4.68,3.6504000000000003,2.4024,3.08,0.0,0.6000000000000001,0.389,0.0,0.333,0.658,0.0,0.128,0.78,0.3034,0.5132
viktor_gyokeres__swe,Viktor Gyökeres,SWE,FWD,venskabskamp,Venskabskamp,27,5,0,17,2,0,17,2,25.0,8.78,4.066400000000001,0.9464,1.82,0.0,5.26,0.2,0.0,0.63,0.233,0.0,0.599,0.52,0.104,0.1212
viktor_johansson__swe,Viktor Johansson,SWE,GK,kvalifikation,Kvalifikation,16,3,0,1,2,0,1,10,14.0,8.24,5.760000000000001,1.8360000000000003,2.04,0.0,0.68,0.214,0.0,0.062,0.319,0.0,0.083,0.9,0.1926,0.2871
viktor_johansson__swe,Viktor Johansson,SWE,GK,nations_league,Nations League,6,6,0,0,0,0,0,0,6.0,2.88,2.2464,2.2464,2.88,0.0,0.0,1.0,0.0,0.0,1.0,0.0,0.0,0.78,0.78,0.78
viktor_johansson__swe,Viktor Johansson,SWE,GK,venskabskamp,Venskabskamp,13,2,0,1,0,0,1,9,13.0,6.88,3.5776000000000003,0.6032,1.1600000000000001,0.0,0.32,0.154,0.0,0.077,0.169,0.0,0.047,0.52,0.0801,0.0879
vinicius_j_nior__bra,Vinicius Junior,BRA,FWD,slutrunde,Slutrunde,16,7,0,1,0,0,0,4,16.0,4.32,4.32,2.24,2.24,0.0,0.48,0.438,0.0,0.062,0.519,0.0,0.111,1.0,0.438,0.519
vinicius_j_nior__bra,Vinicius Junior,BRA,FWD,kvalifikation,Kvalifikation,35,16,0,7,4,0,5,6,31.0,11.18,8.766,5.4,6.0,0.0,2.44,0.516,0.0,0.2,0.616,0.0,0.218,0.9,0.4644,0.5544
vinicius_j_nior__bra,Vinicius Junior,BRA,FWD,venskabskamp,Venskabskamp,25,16,0,4,0,0,4,1,25.0,10.4,5.408,4.638400000000001,8.92,0.0,0.4,0.64,0.0,0.16,0.858,0.0,0.038,0.52,0.3328,0.4462
virgil_van_dijk__ned,Virgil van Dijk,NED,DEF,slutrunde,Slutrunde,15,11,0,0,4,0,0,0,11.0,4.68,3.88,3.88,3.88,0.0,0.0,1.0,0.0,0.0,1.0,0.0,0.0,1.0,1.0,1.0
virgil_van_dijk__ned,Virgil van Dijk,NED,DEF,nations_league_finals,Nations League-slutrunde,6,6,0,0,0,0,0,0,6.0,1.8,1.71,1.71,1.8,0.0,0.0,1.0,0.0,0.0,1.0,0.0,0.0,0.95,0.95,0.95
virgil_van_dijk__ned,Virgil van Dijk,NED,DEF,kvalifikation,Kvalifikation,54,37,0,6,7,0,6,4,47.0,12.260000000000002,10.404000000000002,9.414000000000001,10.46,0.0,0.6000000000000001,0.787,0.0,0.111,0.905,0.0,0.049,0.9,0.7083,0.8145
virgil_van_dijk__ned,Virgil van Dijk,NED,DEF,nations_league,Nations League,22,15,0,1,6,0,0,0,16.0,5.08,2.9640000000000004,2.5896000000000003,3.32,0.0,0.48,0.938,0.0,0.045,0.874,0.0,0.094,0.78,0.7316,0.6817
virgil_van_dijk__ned,Virgil van Dijk,NED,DEF,venskabskamp,Venskabskamp,36,21,0,3,7,0,3,4,29.0,7.640000000000001,3.5568000000000004,2.9432,5.66,0.0,0.30000000000000004,0.724,0.0,0.083,0.827,0.0,0.039,0.52,0.3765,0.43
vitinha__por,Vitinha,POR,MID,slutrunde,Slutrunde,10,5,0,0,0,0,0,3,10.0,3.4,3.4,2.12,2.12,0.0,0.0,0.5,0.0,0.0,0.624,0.0,0.0,1.0,0.5,0.624
vitinha__por,Vitinha,POR,MID,nations_league_finals,Nations League-slutrunde,4,3,0,0,0,0,0,0,4.0,2.12,2.014,1.5579999999999998,1.6400000000000001,0.0,0.0,0.75,0.0,0.0,0.774,0.0,0.0,0.95,0.7125,0.7353
vitinha__por,Vitinha,POR,MID,kvalifikation,Kvalifikation,18,7,0,0,0,0,0,5,18.0,7.44,6.696000000000001,3.960000000000001,4.4,0.0,0.0,0.389,0.0,0.0,0.591,0.0,0.0,0.9,0.3501,0.5319
vitinha__por,Vitinha,POR,MID,nations_league,Nations League,12,4,0,0,3,0,0,2,9.0,4.08,2.496,1.2792000000000001,1.64,0.0,0.0,0.444,0.0,0.0,0.513,0.0,0.0,0.78,0.3463,0.4001
vitinha__por,Vitinha,POR,MID,venskabskamp,Venskabskamp,9,4,0,2,0,0,2,1,9.0,4.96,2.5792,1.0608,2.04,0.0,1.32,0.444,0.0,0.222,0.411,0.0,0.266,0.52,0.2309,0.2137
vladimir_coufal__cze,Vladimir Coufal,CZE,DEF,slutrunde,Slutrunde,8,8,0,0,0,0,0,0,8.0,2.44,2.44,2.44,2.44,0.0,0.0,1.0,0.0,0.0,1.0,0.0,0.0,1.0,1.0,1.0
vladimir_coufal__cze,Vladimir Coufal,CZE,DEF,kvalifikation,Kvalifikation,35,23,0,2,3,0,1,7,32.0,11.5,9.81,8.082,8.98,0.0,1.0,0.719,0.0,0.057,0.824,0.0,0.087,0.9,0.6471,0.7416
vladimir_coufal__cze,Vladimir Coufal,CZE,DEF,nations_league,Nations League,22,17,0,0,2,0,0,3,20.0,5.08,3.8064000000000004,3.5724000000000005,4.58,0.0,0.0,0.85,0.0,0.0,0.939,0.0,0.0,0.78,0.663,0.7324
vladimir_coufal__cze,Vladimir Coufal,CZE,DEF,venskabskamp,Venskabskamp,29,14,0,8,2,0,8,5,27.0,8.1,4.056,2.1528,4.14,0.0,3.16,0.519,0.0,0.276,0.531,0.0,0.39,0.52,0.2699,0.2761
vladimir_darida__cze,Vladimir Darida,CZE,MID,slutrunde,Slutrunde,15,7,0,3,1,0,3,3,14.0,3.14,2.94,1.0,1.0,0.0,1.44,0.5,0.0,0.2,0.34,0.0,0.459,1.0,0.5,0.34
vladimir_darida__cze,Vladimir Darida,CZE,MID,kvalifikation,Kvalifikation,65,30,0,23,8,0,22,0,57.0,14.5,12.240000000000002,4.176,4.640000000000001,0.0,8.56,0.526,0.0,0.354,0.341,0.0,0.59,0.9,0.4734,0.3069
vladimir_darida__cze,Vladimir Darida,CZE,MID,nations_league,Nations League,22,5,0,15,1,0,15,1,21.0,5.08,3.8844000000000003,0.39000000000000007,0.5,0.0,4.38,0.238,0.0,0.682,0.1,0.0,0.862,0.78,0.1856,0.078
vladimir_darida__cze,Vladimir Darida,CZE,MID,venskabskamp,Venskabskamp,53,23,0,15,5,0,15,1,48.0,10.5,5.148000000000001,1.2480000000000002,2.4000000000000004,0.0,5.6000000000000005,0.479,0.0,0.283,0.242,0.0,0.533,0.52,0.2491,0.1258
vozinha__cpv,Vozinha,CPV,GK,slutrunde,Slutrunde,16,15,0,0,1,0,0,0,15.0,3.1,2.9,2.9,2.9,0.0,0.0,1.0,0.0,0.0,1.0,0.0,0.0,1.0,1.0,1.0
vozinha__cpv,Vozinha,CPV,GK,kvalifikation,Kvalifikation,66,53,0,6,0,0,6,7,66.0,14.6,13.14,9.648000000000001,10.72,0.0,1.56,0.803,0.0,0.091,0.734,0.0,0.107,0.9,0.7227,0.6606
vozinha__cpv,Vozinha,CPV,GK,venskabskamp,Venskabskamp,33,19,0,8,0,0,8,5,33.0,9.98,5.1896,3.2552000000000003,6.26,0.0,1.4000000000000001,0.576,0.0,0.242,0.627,0.0,0.14,0.52,0.2995,0.326
wagner_pina__cpv,Wagner Pina,CPV,DEF,kvalifikation,Kvalifikation,14,4,0,0,2,0,0,6,12.0,7.52,5.5440000000000005,1.728,1.92,0.0,0.0,0.333,0.0,0.0,0.312,0.0,0.0,0.9,0.2997,0.2808
wagner_pina__cpv,Wagner Pina,CPV,DEF,venskabskamp,Venskabskamp,9,5,0,1,0,0,1,1,9.0,6.0,3.12,1.872,3.6,0.0,0.48,0.556,0.0,0.111,0.6,0.0,0.08,0.52,0.2891,0.312
waldemar_anton__ger,Waldemar Anton,GER,DEF,slutrunde,Slutrunde,5,0,0,0,0,0,0,3,5.0,2.4,2.4,0.0,0.0,0.0,0.0,0.0,0.0,0.0,0.0,0.0,0.0,1.0,0.0,0.0
waldemar_anton__ger,Waldemar Anton,GER,DEF,nations_league_finals,Nations League-slutrunde,4,1,0,2,0,0,2,1,4.0,2.12,2.014,0.45599999999999996,0.48,0.0,0.96,0.25,0.0,0.5,0.226,0.0,0.453,0.95,0.2375,0.2147
waldemar_anton__ger,Waldemar Anton,GER,DEF,kvalifikation,Kvalifikation,6,2,0,0,0,0,0,2,6.0,4.08,3.6720000000000006,1.2240000000000002,1.36,0.0,0.0,0.333,0.0,0.0,0.333,0.0,0.0,0.9,0.2997,0.2997
waldemar_anton__ger,Waldemar Anton,GER,DEF,nations_league,Nations League,6,0,0,0,2,0,0,1,4.0,2.88,1.4976,0.0,0.0,0.0,0.0,0.0,0.0,0.0,0.0,0.0,0.0,0.78,0.0,0.0
waldemar_anton__ger,Waldemar Anton,GER,DEF,venskabskamp,Venskabskamp,8,1,0,0,0,0,0,5,8.0,5.28,2.7456,0.16640000000000002,0.32,0.0,0.0,0.125,0.0,0.0,0.061,0.0,0.0,0.52,0.065,0.0317
walter_benitez__arg,Walter Benitez,ARG,GK,slutrunde,Slutrunde,6,0,0,6,0,0,6,0,6.0,2.88,2.88,0.0,0.0,0.0,2.88,0.0,0.0,1.0,0.0,0.0,1.0,1.0,0.0,0.0
walter_benitez__arg,Walter Benitez,ARG,GK,kvalifikation,Kvalifikation,18,0,0,3,0,0,3,15,18.0,8.48,7.632000000000001,0.0,0.0,0.0,0.96,0.0,0.0,0.167,0.0,0.0,0.113,0.9,0.0,0.0
walter_benitez__arg,Walter Benitez,ARG,GK,venskabskamp,Venskabskamp,9,1,0,3,0,0,3,5,9.0,4.28,2.2256,0.16640000000000002,0.32,0.0,1.6400000000000001,0.111,0.0,0.333,0.075,0.0,0.383,0.52,0.0577,0.039
warren_za_re_emery__fra,Warren Zaire-Emery,FRA,MID,slutrunde,Slutrunde,6,0,0,0,0,0,0,6,6.0,2.88,2.88,0.0,0.0,0.0,0.0,0.0,0.0,0.0,0.0,0.0,0.0,1.0,0.0,0.0
warren_za_re_emery__fra,Warren Zaire-Emery,FRA,MID,nations_league_finals,Nations League-slutrunde,4,0,0,0,0,0,0,3,4.0,2.12,2.014,0.0,0.0,0.0,0.0,0.0,0.0,0.0,0.0,0.0,0.0,0.95,0.0,0.0
warren_za_re_emery__fra,Warren Zaire-Emery,FRA,MID,kvalifikation,Kvalifikation,8,2,0,4,1,0,4,0,7.0,4.720000000000001,3.960000000000001,0.9000000000000001,1.0,0.0,2.72,0.286,0.0,0.5,0.227,0.0,0.576,0.9,0.2574,0.2043
warren_za_re_emery__fra,Warren Zaire-Emery,FRA,MID,nations_league,Nations League,6,1,0,0,1,0,0,2,5.0,2.88,1.872,0.3744,0.48,0.0,0.0,0.2,0.0,0.0,0.2,0.0,0.0,0.78,0.156,0.156
warren_za_re_emery__fra,Warren Zaire-Emery,FRA,MID,venskabskamp,Venskabskamp,7,2,0,0,0,0,0,3,7.0,4.44,2.3088,0.6448,1.24,0.0,0.0,0.286,0.0,0.0,0.279,0.0,0.0,0.52,0.1487,0.1451
wataru_endo__jpn,Wataru Endo,JPN,MID,slutrunde,Slutrunde,38,15,0,15,0,0,15,6,38.0,7.340000000000001,7.340000000000001,2.9,2.9,0.0,3.54,0.395,0.0,0.395,0.395,0.0,0.482,1.0,0.395,0.395
wataru_endo__jpn,Wataru Endo,JPN,MID,kvalifikation,Kvalifikation,51,25,0,14,0,0,14,10,51.0,11.94,10.746,6.516,7.24,0.0,2.3000000000000003,0.49,0.0,0.275,0.606,0.0,0.193,0.9,0.441,0.5454
wataru_endo__jpn,Wataru Endo,JPN,MID,venskabskamp,Venskabskamp,56,21,0,6,8,0,6,13,48.0,14.16,5.4912,2.9328000000000003,5.640000000000001,0.0,1.02,0.438,0.0,0.107,0.534,0.0,0.072,0.52,0.2278,0.2777
weston_mckennie__usa,Weston McKennie,USA,MID,slutrunde,Slutrunde,30,12,0,17,0,0,14,1,30.0,9.72,9.72,2.74,2.74,0.0,6.880000000000001,0.4,0.0,0.567,0.282,0.0,0.708,1.0,0.4,0.282
weston_mckennie__usa,Weston McKennie,USA,MID,nations_league_finals,Nations League-slutrunde,12,10,0,2,0,0,2,0,12.0,4.14,3.933,3.3249999999999997,3.5,0.0,0.64,0.833,0.0,0.167,0.845,0.0,0.155,0.95,0.7913,0.8027
weston_mckennie__usa,Weston McKennie,USA,MID,kvalifikation,Kvalifikation,14,7,0,4,3,0,4,0,11.0,2.8000000000000003,1.9800000000000002,1.2600000000000002,1.4000000000000001,0.0,0.8,0.636,0.0,0.286,0.636,0.0,0.286,0.9,0.5724,0.5724
weston_mckennie__usa,Weston McKennie,USA,MID,nations_league,Nations League,8,7,0,0,0,0,0,0,8.0,1.2000000000000002,0.9360000000000002,0.7800000000000001,1.0,0.0,0.0,0.875,0.0,0.0,0.833,0.0,0.0,0.78,0.6825,0.6497
weston_mckennie__usa,Weston McKennie,USA,MID,venskabskamp,Venskabskamp,62,26,0,25,6,0,25,2,56.0,19.32,9.3392,4.1704,8.02,0.0,7.74,0.464,0.0,0.403,0.447,0.0,0.401,0.52,0.2413,0.2324
weverton__bra,Weverton,BRA,GK,slutrunde,Slutrunde,27,1,0,15,0,0,15,10,27.0,5.42,5.42,0.2,0.2,0.0,3.02,0.037,0.0,0.556,0.037,0.0,0.557,1.0,0.037,0.037
weverton__bra,Weverton,BRA,GK,kvalifikation,Kvalifikation,47,4,0,20,0,0,20,23,47.0,12.38,11.142000000000001,0.54,0.6000000000000001,0.0,6.88,0.085,0.0,0.426,0.048,0.0,0.556,0.9,0.0765,0.0432
weverton__bra,Weverton,BRA,GK,venskabskamp,Venskabskamp,44,4,0,24,2,0,24,13,42.0,12.3,5.6888000000000005,0.31200000000000006,0.6000000000000001,0.0,6.4,0.095,0.0,0.545,0.055,0.0,0.52,0.52,0.0494,0.0286
wilfried_stephane_singo__civ,Wilfried Stephane Singo,CIV,DEF,slutrunde,Slutrunde,20,4,0,8,5,0,8,0,15.0,8.09,3.8400000000000003,1.28,1.28,0.0,1.6,0.267,0.0,0.4,0.333,0.0,0.198,1.0,0.267,0.333
wilfried_stephane_singo__civ,Wilfried Stephane Singo,CIV,DEF,kvalifikation,Kvalifikation,28,9,0,7,4,0,7,4,24.0,10.8,8.136000000000001,3.636,4.04,0.0,1.8800000000000001,0.375,0.0,0.25,0.447,0.0,0.174,0.9,0.3375,0.4023
wilfried_stephane_singo__civ,Wilfried Stephane Singo,CIV,DEF,venskabskamp,Venskabskamp,19,11,0,4,0,0,4,2,19.0,8.34,4.3368,2.3816,4.58,0.0,1.7600000000000002,0.579,0.0,0.211,0.549,0.0,0.211,0.52,0.3011,0.2855
wilguens_paugain__hai,Wilguens Paugain,HAI,DEF,slutrunde,Slutrunde,3,0,0,0,0,0,0,1,3.0,2.04,2.04,0.0,0.0,0.0,0.0,0.0,0.0,0.0,0.0,0.0,0.0,1.0,0.0,0.0
wilguens_paugain__hai,Wilguens Paugain,HAI,DEF,kvalifikation,Kvalifikation,8,0,0,4,2,0,4,1,6.0,5.44,3.6720000000000006,0.0,0.0,0.0,2.72,0.0,0.0,0.5,0.0,0.0,0.5,0.9,0.0,0.0
wilguens_paugain__hai,Wilguens Paugain,HAI,DEF,venskabskamp,Venskabskamp,5,0,0,0,0,0,0,0,5.0,4.32,2.2464,0.0,0.0,0.0,0.0,0.0,0.0,0.0,0.0,0.0,0.0,0.52,0.0,0.0
willer_ditta__col,Willer Ditta,COL,DEF,slutrunde,Slutrunde,6,0,0,6,0,0,6,0,6.0,2.88,2.88,0.0,0.0,0.0,2.88,0.0,0.0,1.0,0.0,0.0,1.0,1.0,0.0,0.0
willer_ditta__col,Willer Ditta,COL,DEF,kvalifikation,Kvalifikation,16,1,0,11,0,0,11,3,16.0,7.84,7.056000000000001,0.432,0.48,0.0,5.72,0.062,0.0,0.688,0.061,0.0,0.73,0.9,0.0558,0.0549
willer_ditta__col,Willer Ditta,COL,DEF,venskabskamp,Venskabskamp,13,2,0,10,0,0,10,1,13.0,7.800000000000001,4.056,0.8736,1.6800000000000002,0.0,5.44,0.154,0.0,0.769,0.215,0.0,0.697,0.52,0.0801,0.1118
william_saliba__fra,William Saliba,FRA,DEF,slutrunde,Slutrunde,13,6,0,0,0,0,0,6,13.0,4.28,4.28,2.88,2.88,0.0,0.0,0.462,0.0,0.0,0.673,0.0,0.0,1.0,0.462,0.673
william_saliba__fra,William Saliba,FRA,DEF,nations_league_finals,Nations League-slutrunde,4,2,0,2,0,0,2,0,4.0,2.12,2.014,0.9119999999999999,0.96,0.0,1.1600000000000001,0.5,0.0,0.5,0.453,0.0,0.547,0.95,0.475,0.4304
william_saliba__fra,William Saliba,FRA,DEF,kvalifikation,Kvalifikation,14,4,0,0,7,0,0,1,7.0,6.4,3.3120000000000003,2.1240000000000006,2.3600000000000003,0.0,0.0,0.571,0.0,0.0,0.641,0.0,0.0,0.9,0.5139,0.5769
william_saliba__fra,William Saliba,FRA,DEF,nations_league,Nations League,12,9,0,0,0,0,0,2,12.0,4.08,3.1824000000000003,2.496,3.2,0.0,0.0,0.75,0.0,0.0,0.784,0.0,0.0,0.78,0.585,0.6115
william_saliba__fra,William Saliba,FRA,DEF,venskabskamp,Venskabskamp,11,4,0,0,3,0,0,2,8.0,5.48,1.7264000000000002,0.6864,1.32,0.0,0.0,0.5,0.0,0.0,0.398,0.0,0.0,0.52,0.26,0.207
willian_pacho__ecu,Willian Pacho,ECU,DEF,slutrunde,Slutrunde,7,4,0,0,0,0,0,3,7.0,2.52,2.52,1.92,1.92,0.0,0.0,0.571,0.0,0.0,0.762,0.0,0.0,1.0,0.571,0.762
willian_pacho__ecu,Willian Pacho,ECU,DEF,kvalifikation,Kvalifikation,18,18,0,0,0,0,0,0,18.0,8.28,7.452000000000001,7.452000000000001,8.28,0.0,0.0,1.0,0.0,0.0,1.0,0.0,0.0,0.9,0.9,0.9
willian_pacho__ecu,Willian Pacho,ECU,DEF,venskabskamp,Venskabskamp,19,12,0,2,0,0,2,5,19.0,9.280000000000001,4.8256000000000006,3.4736000000000002,6.680000000000001,0.0,1.2,0.632,0.0,0.105,0.72,0.0,0.129,0.52,0.3286,0.3744
willy_semedo__cpv,Willy Semedo,CPV,FWD,slutrunde,Slutrunde,9,2,0,0,0,0,0,1,9.0,2.4,2.4,0.52,0.52,0.0,0.0,0.222,0.0,0.0,0.217,0.0,0.0,1.0,0.222,0.217
willy_semedo__cpv,Willy Semedo,CPV,FWD,kvalifikation,Kvalifikation,32,10,0,10,4,0,10,0,28.0,11.2,8.352,3.6000000000000005,4.0,0.0,2.16,0.357,0.0,0.312,0.431,0.0,0.193,0.9,0.3213,0.3879
willy_semedo__cpv,Willy Semedo,CPV,FWD,venskabskamp,Venskabskamp,22,7,0,10,0,0,10,2,22.0,8.88,4.6176,1.6744,3.22,0.0,2.64,0.318,0.0,0.455,0.363,0.0,0.297,0.52,0.1654,0.1888
wilson_isidor__hai,Wilson Isidor,HAI,FWD,venskabskamp,Venskabskamp,4,3,0,0,0,0,0,0,4.0,3.84,1.9968000000000001,1.5184000000000002,2.92,0.0,0.0,0.75,0.0,0.0,0.76,0.0,0.0,0.52,0.39,0.3952
woodensky_pierre__hai,Woodensky Pierre,HAI,MID,venskabskamp,Venskabskamp,4,0,0,1,0,0,1,2,4.0,3.84,1.9968000000000001,0.0,0.0,0.0,1.0,0.0,0.0,0.25,0.0,0.0,0.26,0.52,0.0,0.0
wout_weghorst__ned,Wout Weghorst,NED,FWD,slutrunde,Slutrunde,15,2,0,0,0,0,0,1,15.0,4.68,4.68,0.4,0.4,0.0,0.0,0.133,0.0,0.0,0.085,0.0,0.0,1.0,0.133,0.085
wout_weghorst__ned,Wout Weghorst,NED,FWD,nations_league_finals,Nations League-slutrunde,6,0,0,2,2,0,2,0,4.0,1.8,0.798,0.0,0.0,0.0,0.2,0.0,0.0,0.333,0.0,0.0,0.111,0.95,0.0,0.0
wout_weghorst__ned,Wout Weghorst,NED,FWD,kvalifikation,Kvalifikation,34,7,0,9,2,0,9,6,32.0,10.26,8.010000000000002,2.232,2.48,0.0,0.9,0.219,0.0,0.265,0.279,0.0,0.088,0.9,0.1971,0.2511
wout_weghorst__ned,Wout Weghorst,NED,FWD,nations_league,Nations League,22,2,0,12,0,0,12,3,22.0,5.08,3.9624000000000006,0.5304,0.6799999999999999,0.0,1.96,0.091,0.0,0.545,0.134,0.0,0.386,0.78,0.071,0.1045
wout_weghorst__ned,Wout Weghorst,NED,FWD,venskabskamp,Venskabskamp,19,2,0,4,0,0,4,3,19.0,5.94,3.0888,0.15600000000000003,0.30000000000000004,0.0,0.4,0.105,0.0,0.211,0.051,0.0,0.067,0.52,0.0546,0.0265
xaver_schlager__aut,Xaver Schlager,AUT,MID,slutrunde,Slutrunde,8,4,0,0,4,0,0,0,4.0,2.7199999999999998,0.8,0.8,0.8,0.0,0.0,1.0,0.0,0.0,1.0,0.0,0.0,1.0,1.0,1.0
xaver_schlager__aut,Xaver Schlager,AUT,MID,kvalifikation,Kvalifikation,37,16,0,3,14,0,3,3,23.0,10.66,7.524000000000001,4.806000000000001,5.34,0.0,1.4600000000000002,0.696,0.0,0.081,0.639,0.0,0.137,0.9,0.6264,0.5751
xaver_schlager__aut,Xaver Schlager,AUT,MID,nations_league,Nations League,24,13,0,0,6,0,0,3,18.0,6.04,2.4648000000000003,1.4820000000000002,1.9000000000000001,0.0,0.0,0.722,0.0,0.0,0.601,0.0,0.0,0.78,0.5632,0.4688
xaver_schlager__aut,Xaver Schlager,AUT,MID,venskabskamp,Venskabskamp,23,9,0,4,2,0,4,2,21.0,6.720000000000001,3.0784000000000002,1.6952,3.2600000000000002,0.0,0.6000000000000001,0.429,0.0,0.174,0.551,0.0,0.089,0.52,0.2231,0.2865
yahia_fofana__civ,Yahia Fofana,CIV,GK,slutrunde,Slutrunde,12,11,0,0,0,0,0,1,12.0,6.49,6.49,5.64,5.64,0.0,0.0,0.917,0.0,0.0,0.869,0.0,0.0,1.0,0.917,0.869
yahia_fofana__civ,Yahia Fofana,CIV,GK,kvalifikation,Kvalifikation,17,16,0,0,0,0,0,1,17.0,8.48,7.632000000000001,7.0200000000000005,7.8,0.0,0.0,0.941,0.0,0.0,0.92,0.0,0.0,0.9,0.8469,0.828
yahia_fofana__civ,Yahia Fofana,CIV,GK,venskabskamp,Venskabskamp,11,7,0,0,0,0,0,4,11.0,6.84,3.5568000000000004,2.0176000000000003,3.88,0.0,0.0,0.636,0.0,0.0,0.567,0.0,0.0,0.52,0.3307,0.2948
yaimar_medina__ecu,Yaimar Medina,ECU,MID,kvalifikation,Kvalifikation,12,0,0,5,0,0,5,5,12.0,6.36,5.724,0.0,0.0,0.0,2.4,0.0,0.0,0.417,0.0,0.0,0.377,0.9,0.0,0.0
yaimar_medina__ecu,Yaimar Medina,ECU,MID,venskabskamp,Venskabskamp,7,1,0,0,0,0,0,4,7.0,5.5600000000000005,2.8912000000000004,0.3536,0.68,0.0,0.0,0.143,0.0,0.0,0.122,0.0,0.0,0.52,0.0744,0.0634
yan_diomande__civ,Yan Diomande,CIV,FWD,slutrunde,Slutrunde,5,4,0,0,0,0,0,0,5.0,4.25,4.25,3.4,3.4,0.0,0.0,0.8,0.0,0.0,0.8,0.0,0.0,1.0,0.8,0.8
yan_diomande__civ,Yan Diomande,CIV,FWD,kvalifikation,Kvalifikation,2,2,0,0,0,0,0,0,2.0,1.36,1.2240000000000002,1.2240000000000002,1.36,0.0,0.0,1.0,0.0,0.0,1.0,0.0,0.0,0.9,0.9,0.9
yan_diomande__civ,Yan Diomande,CIV,FWD,venskabskamp,Venskabskamp,5,2,0,0,2,0,0,0,3.0,4.2,1.2272,0.8736,1.6800000000000002,0.0,0.0,0.667,0.0,0.0,0.712,0.0,0.0,0.52,0.3468,0.3702
yan_valery__tun,Yan Valery,TUN,DEF,slutrunde,Slutrunde,13,4,0,6,0,0,6,3,13.0,7.17,7.17,3.4,3.4,0.0,2.81,0.308,0.0,0.462,0.474,0.0,0.392,1.0,0.308,0.474
yan_valery__tun,Yan Valery,TUN,DEF,kvalifikation,Kvalifikation,20,5,0,8,2,0,8,4,18.0,9.2,7.416,2.7360000000000007,3.04,0.0,3.52,0.278,0.0,0.4,0.369,0.0,0.383,0.9,0.2502,0.3321
yan_valery__tun,Yan Valery,TUN,DEF,venskabskamp,Venskabskamp,20,7,0,7,0,0,7,1,20.0,10.530000000000001,5.4756,2.4388,4.69,0.0,4.04,0.35,0.0,0.35,0.445,0.0,0.384,0.52,0.182,0.2314
yannick_semedo__cpv,Yannick Semedo,CPV,MID,slutrunde,Slutrunde,5,0,0,5,0,0,5,0,5.0,1.6,1.6,0.0,0.0,0.0,1.6,0.0,0.0,1.0,0.0,0.0,1.0,1.0,0.0,0.0
yannick_semedo__cpv,Yannick Semedo,CPV,MID,kvalifikation,Kvalifikation,20,7,0,9,0,0,9,4,20.0,9.2,8.280000000000001,3.744,4.16,0.0,3.12,0.35,0.0,0.45,0.452,0.0,0.339,0.9,0.315,0.4068
yannick_semedo__cpv,Yannick Semedo,CPV,MID,venskabskamp,Venskabskamp,15,1,0,11,0,0,11,1,15.0,7.680000000000001,3.9936000000000003,0.47840000000000005,0.92,0.0,4.640000000000001,0.067,0.0,0.733,0.12,0.0,0.604,0.52,0.0348,0.0624
yasin_ayari__swe,Yasin Ayari,SWE,MID,kvalifikation,Kvalifikation,16,7,0,8,0,0,8,1,16.0,8.24,7.416000000000001,4.716000000000001,5.24,0.0,2.3200000000000003,0.438,0.0,0.5,0.636,0.0,0.282,0.9,0.3942,0.5724
yasin_ayari__swe,Yasin Ayari,SWE,MID,nations_league,Nations League,6,6,0,0,0,0,0,0,6.0,2.88,2.2464,2.2464,2.88,0.0,0.0,1.0,0.0,0.0,1.0,0.0,0.0,0.78,0.78,0.78
yasin_ayari__swe,Yasin Ayari,SWE,MID,venskabskamp,Venskabskamp,15,6,0,5,0,0,5,2,15.0,7.28,3.7856,2.1008,4.04,0.0,1.6,0.4,0.0,0.333,0.555,0.0,0.22,0.52,0.208,0.2886
yassin_fortune__hai,Yassin Fortune,HAI,FWD,kvalifikation,Kvalifikation,6,1,0,4,0,0,4,0,6.0,4.08,3.6720000000000006,0.6120000000000001,0.68,0.0,2.72,0.167,0.0,0.667,0.167,0.0,0.667,0.9,0.1503,0.1503
yassin_fortune__hai,Yassin Fortune,HAI,FWD,venskabskamp,Venskabskamp,4,1,0,0,0,0,0,2,4.0,3.84,1.9968000000000001,0.47840000000000005,0.92,0.0,0.0,0.25,0.0,0.0,0.24,0.0,0.0,0.52,0.13,0.1248
yassine_titraoui__alg,Yassine Titraoui,ALG,MID,slutrunde,Slutrunde,32,0,0,28,0,0,28,2,32.0,14.84,14.84,0.0,0.0,0.0,14.040000000000001,0.0,0.0,0.875,0.0,0.0,0.946,1.0,0.0,0.0
yassine_titraoui__alg,Yassine Titraoui,ALG,MID,kvalifikation,Kvalifikation,24,0,0,24,0,0,22,0,24.0,10.0,9.0,0.0,0.0,0.0,10.0,0.0,0.0,1.0,0.0,0.0,1.0,0.9,0.0,0.0
yassine_titraoui__alg,Yassine Titraoui,ALG,MID,venskabskamp,Venskabskamp,22,1,0,17,0,0,15,2,22.0,9.68,5.033600000000001,0.47840000000000005,0.92,0.0,5.48,0.045,0.0,0.773,0.095,0.0,0.566,0.52,0.0234,0.0494
yazan_al_arab__jor,Yazan Al-Arab,JOR,DEF,slutrunde,Slutrunde,24,10,0,7,1,0,7,6,23.0,8.67,8.47,2.62,2.62,0.0,5.03,0.435,0.0,0.292,0.309,0.0,0.58,1.0,0.435,0.309
yazan_al_arab__jor,Yazan Al-Arab,JOR,DEF,kvalifikation,Kvalifikation,32,26,0,1,0,0,1,5,32.0,9.54,8.586,7.5600000000000005,8.4,0.0,0.2,0.812,0.0,0.031,0.881,0.0,0.021,0.9,0.7308,0.7929
yazan_al_arab__jor,Yazan Al-Arab,JOR,DEF,venskabskamp,Venskabskamp,57,31,0,18,2,0,18,4,55.0,15.0,7.0928,4.960800000000001,9.540000000000001,0.0,3.4,0.564,0.0,0.316,0.699,0.0,0.227,0.52,0.2933,0.3635
yazeed_abulaila__jor,Yazeed Abulaila,JOR,GK,slutrunde,Slutrunde,24,16,0,5,0,0,5,3,24.0,8.67,8.67,7.12,7.12,0.0,0.5,0.667,0.0,0.208,0.821,0.0,0.058,1.0,0.667,0.821
yazeed_abulaila__jor,Yazeed Abulaila,JOR,GK,kvalifikation,Kvalifikation,35,21,0,6,0,0,6,7,35.0,9.84,8.856,7.236000000000001,8.04,0.0,1.0,0.6,0.0,0.171,0.817,0.0,0.102,0.9,0.54,0.7353
yazeed_abulaila__jor,Yazeed Abulaila,JOR,GK,venskabskamp,Venskabskamp,68,22,0,34,0,0,34,9,68.0,16.1,8.372,4.856800000000001,9.34,0.0,4.46,0.324,0.0,0.5,0.58,0.0,0.277,0.52,0.1685,0.3016
yehvann_diouf__sen,Yehvann Diouf,SEN,GK,slutrunde,Slutrunde,13,0,0,6,0,0,6,7,13.0,10.03,10.03,0.0,0.0,0.0,4.08,0.0,0.0,0.462,0.0,0.0,0.407,1.0,0.0,0.0
yehvann_diouf__sen,Yehvann Diouf,SEN,GK,kvalifikation,Kvalifikation,6,0,0,0,0,0,0,6,6.0,3.68,3.3120000000000003,0.0,0.0,0.0,0.0,0.0,0.0,0.0,0.0,0.0,0.0,0.9,0.0,0.0
yehvann_diouf__sen,Yehvann Diouf,SEN,GK,venskabskamp,Venskabskamp,7,2,0,1,0,0,1,4,7.0,5.5600000000000005,2.8912000000000004,0.8320000000000001,1.6,0.0,1.0,0.286,0.0,0.143,0.288,0.0,0.18,0.52,0.1487,0.1498
yeremy_pino__esp,Yeremy Pino,ESP,MID,slutrunde,Slutrunde,18,0,0,14,0,0,14,4,18.0,6.28,6.28,0.0,0.0,0.0,5.48,0.0,0.0,0.778,0.0,0.0,0.873,1.0,0.0,0.0
yeremy_pino__esp,Yeremy Pino,ESP,MID,nations_league_finals,Nations League-slutrunde,8,2,0,2,0,0,2,1,8.0,3.16,3.002,0.608,0.64,0.0,0.96,0.25,0.0,0.25,0.203,0.0,0.304,0.95,0.2375,0.1928
yeremy_pino__esp,Yeremy Pino,ESP,MID,kvalifikation,Kvalifikation,19,3,0,10,2,0,10,0,17.0,7.4,6.0840000000000005,1.4040000000000001,1.56,0.0,3.3200000000000003,0.176,0.0,0.526,0.231,0.0,0.449,0.9,0.1584,0.2079
yeremy_pino__esp,Yeremy Pino,ESP,MID,nations_league,Nations League,12,1,0,2,4,0,2,2,8.0,4.08,2.5584000000000002,0.3744,0.48,0.0,0.96,0.125,0.0,0.167,0.146,0.0,0.235,0.78,0.0975,0.1139
yeremy_pino__esp,Yeremy Pino,ESP,MID,venskabskamp,Venskabskamp,11,1,0,0,4,0,0,1,7.0,5.24,1.8928000000000003,0.10400000000000001,0.2,0.0,0.0,0.143,0.0,0.0,0.055,0.0,0.0,0.52,0.0744,0.0286
yerry_mina__col,Yerry Mina,COL,DEF,slutrunde,Slutrunde,27,15,0,0,0,0,0,10,27.0,5.68,5.68,2.58,2.58,0.0,0.0,0.556,0.0,0.0,0.454,0.0,0.0,1.0,0.556,0.454
yerry_mina__col,Yerry Mina,COL,DEF,kvalifikation,Kvalifikation,48,18,0,10,11,0,9,6,37.0,12.780000000000001,9.756,3.7080000000000006,4.12,0.0,2.0,0.486,0.0,0.208,0.38,0.0,0.156,0.9,0.4374,0.342
yerry_mina__col,Yerry Mina,COL,DEF,venskabskamp,Venskabskamp,45,13,0,14,8,0,14,8,37.0,12.24,5.2416,1.2896,2.48,0.0,4.5200000000000005,0.351,0.0,0.311,0.246,0.0,0.369,0.52,0.1825,0.1279
yoane_wissa__cod,Yoane Wissa,COD,FWD,slutrunde,Slutrunde,22,6,0,14,1,0,14,0,21.0,9.36,8.68,1.92,1.92,0.0,6.44,0.286,0.0,0.636,0.221,0.0,0.688,1.0,0.286,0.221
yoane_wissa__cod,Yoane Wissa,COD,FWD,kvalifikation,Kvalifikation,37,18,0,9,9,0,9,0,28.0,13.88,8.64,6.588,7.32,0.0,1.96,0.643,0.0,0.243,0.762,0.0,0.141,0.9,0.5787,0.6858
yoane_wissa__cod,Yoane Wissa,COD,FWD,venskabskamp,Venskabskamp,19,9,0,8,0,0,8,0,19.0,7.15,3.7180000000000004,1.8304,3.52,0.0,3.11,0.474,0.0,0.421,0.492,0.0,0.435,0.52,0.2465,0.2558
yoel_barcenas__pan,Yoel Barcenas,PAN,MID,slutrunde,Slutrunde,45,23,0,12,4,0,12,0,41.0,9.96,7.24,5.34,5.34,0.0,1.2000000000000002,0.561,0.0,0.267,0.738,0.0,0.12,1.0,0.561,0.738
yoel_barcenas__pan,Yoel Barcenas,PAN,MID,nations_league_finals,Nations League-slutrunde,10,7,0,1,2,0,1,0,8.0,3.84,2.7359999999999998,2.432,2.56,0.0,0.32,0.875,0.0,0.1,0.889,0.0,0.083,0.95,0.8312,0.8446
yoel_barcenas__pan,Yoel Barcenas,PAN,MID,kvalifikation,Kvalifikation,47,29,0,7,4,0,7,1,43.0,11.9,9.126000000000001,6.03,6.7,0.0,1.9600000000000002,0.674,0.0,0.149,0.661,0.0,0.165,0.9,0.6066,0.5949
yoel_barcenas__pan,Yoel Barcenas,PAN,MID,nations_league,Nations League,12,7,0,2,0,0,2,0,12.0,2.48,1.9344000000000001,0.9672000000000001,1.24,0.0,0.64,0.583,0.0,0.167,0.5,0.0,0.258,0.78,0.4547,0.39
yoel_barcenas__pan,Yoel Barcenas,PAN,MID,venskabskamp,Venskabskamp,68,16,0,45,0,0,45,1,68.0,15.6,8.112,2.8392,5.46,0.0,7.5200000000000005,0.235,0.0,0.662,0.35,0.0,0.482,0.52,0.1222,0.182
youcef_atal__alg,Youcef Atal,ALG,DEF,slutrunde,Slutrunde,39,12,0,9,8,0,9,8,31.0,15.540000000000001,13.94,3.66,3.66,0.0,4.2,0.387,0.0,0.231,0.263,0.0,0.27,1.0,0.387,0.263
youcef_atal__alg,Youcef Atal,ALG,DEF,kvalifikation,Kvalifikation,46,17,0,5,17,0,5,3,29.0,12.8,7.722,4.6080000000000005,5.12,0.0,1.3,0.586,0.0,0.109,0.597,0.0,0.102,0.9,0.5274,0.5373
youcef_atal__alg,Youcef Atal,ALG,DEF,venskabskamp,Venskabskamp,40,17,0,14,4,0,14,3,36.0,9.14,4.5448,1.8616000000000001,3.58,0.0,3.66,0.472,0.0,0.35,0.41,0.0,0.4,0.52,0.2454,0.2132
seol_young_woo__kor,Young-woo Seol,KOR,DEF,slutrunde,Slutrunde,9,6,0,3,0,0,3,0,9.0,3.96,3.96,1.92,1.92,0.0,2.04,0.667,0.0,0.333,0.485,0.0,0.515,1.0,0.667,0.485
seol_young_woo__kor,Young-woo Seol,KOR,DEF,kvalifikation,Kvalifikation,16,12,0,0,2,0,0,0,14.0,7.24,5.652,5.0760000000000005,5.64,0.0,0.0,0.857,0.0,0.0,0.898,0.0,0.0,0.9,0.7713,0.8082
seol_young_woo__kor,Young-woo Seol,KOR,DEF,venskabskamp,Venskabskamp,18,12,0,0,0,0,0,4,18.0,10.360000000000001,5.3872,3.5360000000000005,6.800000000000001,0.0,0.0,0.667,0.0,0.0,0.656,0.0,0.0,0.52,0.3468,0.3411
youri_tielemans__bel,Youri Tielemans,BEL,MID,slutrunde,Slutrunde,19,9,0,0,0,0,0,5,19.0,4.22,4.22,2.16,2.16,0.0,0.0,0.474,0.0,0.0,0.512,0.0,0.0,1.0,0.474,0.512
youri_tielemans__bel,Youri Tielemans,BEL,MID,nations_league_finals,Nations League-slutrunde,2,2,0,0,0,0,0,0,2.0,0.4,0.38,0.38,0.4,0.0,0.0,1.0,0.0,0.0,1.0,0.0,0.0,0.95,0.95,0.95
youri_tielemans__bel,Youri Tielemans,BEL,MID,kvalifikation,Kvalifikation,44,20,0,2,5,0,2,7,39.0,11.180000000000001,8.298000000000002,4.86,5.4,0.0,0.30000000000000004,0.513,0.0,0.045,0.586,0.0,0.027,0.9,0.4617,0.5274
youri_tielemans__bel,Youri Tielemans,BEL,MID,nations_league,Nations League,24,18,0,3,0,0,2,2,24.0,6.04,4.711200000000001,3.1980000000000004,4.1,0.0,1.44,0.75,0.0,0.125,0.679,0.0,0.238,0.78,0.585,0.5296
youri_tielemans__bel,Youri Tielemans,BEL,MID,venskabskamp,Venskabskamp,29,14,0,0,3,0,0,6,26.0,8.26,3.692,2.5896000000000003,4.98,0.0,0.0,0.538,0.0,0.0,0.701,0.0,0.0,0.52,0.2798,0.3645
yousef_abu_al_jazar__jor,Yousef Abu Al-Jazar,JOR,DEF,slutrunde,Slutrunde,20,1,0,18,0,0,18,1,20.0,8.27,8.27,0.1,0.1,0.0,8.07,0.05,0.0,0.9,0.012,0.0,0.976,1.0,0.05,0.012
yousef_abu_al_jazar__jor,Yousef Abu Al-Jazar,JOR,DEF,kvalifikation,Kvalifikation,28,0,0,17,0,0,17,7,28.0,9.14,8.226,0.0,0.0,0.0,4.04,0.0,0.0,0.607,0.0,0.0,0.442,0.9,0.0,0.0
yousef_abu_al_jazar__jor,Yousef Abu Al-Jazar,JOR,DEF,venskabskamp,Venskabskamp,40,2,0,28,0,0,28,7,40.0,12.4,6.448,0.4056,0.78,0.0,6.800000000000001,0.05,0.0,0.7,0.063,0.0,0.548,0.52,0.026,0.0328
yousef_qashi__jor,Yousef Qashi,JOR,MID,venskabskamp,Venskabskamp,2,1,0,1,0,0,1,0,2.0,1.84,0.9568000000000001,0.47840000000000005,0.92,0.0,0.92,0.5,0.0,0.5,0.5,0.0,0.5,0.52,0.26,0.26
yousef_qashi__jor,Yousef Qashi,JOR,MID,ungdom_slutrunde,Ungdomsslutrunde,4,3,0,1,0,0,1,0,4.0,3.4,1.19,0.8925,2.55,0.0,0.85,0.75,0.0,0.25,0.75,0.0,0.25,0.35,0.2625,0.2625
youssef_amyn__irq,Youssef Amyn,IRQ,MID,slutrunde,Slutrunde,11,3,0,4,0,0,4,1,11.0,5.95,5.95,1.12,1.12,0.0,3.23,0.273,0.0,0.364,0.188,0.0,0.543,1.0,0.273,0.188
youssef_amyn__irq,Youssef Amyn,IRQ,MID,kvalifikation,Kvalifikation,21,9,0,3,0,0,3,1,21.0,10.88,9.792,4.464,4.96,0.0,2.04,0.429,0.0,0.143,0.456,0.0,0.188,0.9,0.3861,0.4104
youssef_amyn__irq,Youssef Amyn,IRQ,MID,venskabskamp,Venskabskamp,5,1,0,0,1,0,0,1,4.0,3.68,1.3936000000000002,0.3536,0.68,0.0,0.0,0.25,0.0,0.0,0.254,0.0,0.0,0.52,0.13,0.1321
youssef_en_nesyri__mar,Youssef En-Nesyri,MAR,FWD,slutrunde,Slutrunde,63,19,0,25,5,0,25,3,58.0,22.42,21.42,3.56,3.56,0.0,10.89,0.328,0.0,0.397,0.166,0.0,0.486,1.0,0.328,0.166
youssef_en_nesyri__mar,Youssef En-Nesyri,MAR,FWD,kvalifikation,Kvalifikation,46,20,0,9,3,0,9,3,43.0,12.02,10.368,4.446000000000001,4.94,0.0,1.4200000000000002,0.465,0.0,0.196,0.429,0.0,0.118,0.9,0.4185,0.3861
youssef_en_nesyri__mar,Youssef En-Nesyri,MAR,FWD,venskabskamp,Venskabskamp,46,19,0,9,1,0,9,5,45.0,9.620000000000001,4.9504,1.9448,3.74,0.0,0.9,0.422,0.0,0.196,0.393,0.0,0.094,0.52,0.2194,0.2044
yu_min_cho__kor,Yu-Min Cho,KOR,DEF,slutrunde,Slutrunde,16,2,0,9,0,0,9,3,16.0,5.36,5.36,0.4,0.4,0.0,3.96,0.125,0.0,0.562,0.075,0.0,0.739,1.0,0.125,0.075
yu_min_cho__kor,Yu-Min Cho,KOR,DEF,kvalifikation,Kvalifikation,16,9,0,3,0,0,3,4,16.0,7.24,6.516,3.888,4.32,0.0,1.32,0.562,0.0,0.188,0.597,0.0,0.182,0.9,0.5058,0.5373
yu_min_cho__kor,Yu-Min Cho,KOR,DEF,venskabskamp,Venskabskamp,25,4,0,6,3,0,6,10,22.0,10.96,4.8256000000000006,1.7056,3.2800000000000002,0.0,1.92,0.182,0.0,0.24,0.353,0.0,0.175,0.52,0.0946,0.1836
yuito_suzuki__jpn,Yuito Suzuki,JPN,FWD,slutrunde,Slutrunde,3,0,0,3,0,0,3,0,3.0,2.04,2.04,0.0,0.0,0.0,2.04,0.0,0.0,1.0,0.0,0.0,1.0,1.0,0.0,0.0
yuito_suzuki__jpn,Yuito Suzuki,JPN,FWD,kvalifikation,Kvalifikation,12,1,0,9,0,0,9,1,12.0,5.96,5.364,0.432,0.48,0.0,4.32,0.083,0.0,0.75,0.081,0.0,0.725,0.9,0.0747,0.0729
yuito_suzuki__jpn,Yuito Suzuki,JPN,FWD,venskabskamp,Venskabskamp,9,2,0,4,0,0,4,1,9.0,6.92,3.5984000000000003,0.8320000000000001,1.6,0.0,2.72,0.222,0.0,0.444,0.231,0.0,0.393,0.52,0.1154,0.1201
yukinari_sugawara__jpn,Yukinari Sugawara,JPN,DEF,slutrunde,Slutrunde,15,2,0,7,3,0,7,3,12.0,5.04,4.44,0.64,0.64,0.0,2.8400000000000003,0.167,0.0,0.467,0.144,0.0,0.563,1.0,0.167,0.144
yukinari_sugawara__jpn,Yukinari Sugawara,JPN,DEF,kvalifikation,Kvalifikation,30,4,0,16,0,0,16,9,30.0,9.84,8.856,1.44,1.6,0.0,3.98,0.133,0.0,0.533,0.163,0.0,0.404,0.9,0.1197,0.1467
yukinari_sugawara__jpn,Yukinari Sugawara,JPN,DEF,venskabskamp,Venskabskamp,31,8,0,9,2,0,9,6,29.0,11.66,5.855200000000001,1.7056000000000002,3.2800000000000002,0.0,2.66,0.276,0.0,0.29,0.291,0.0,0.228,0.52,0.1435,0.1513
yunus_akgun__tur,Yunus Akgün,TUR,FWD,slutrunde,Slutrunde,5,1,0,0,0,0,0,4,5.0,2.4,2.4,0.48,0.48,0.0,0.0,0.2,0.0,0.0,0.2,0.0,0.0,1.0,0.2,0.2
yunus_akgun__tur,Yunus Akgün,TUR,FWD,kvalifikation,Kvalifikation,16,4,0,5,3,0,5,3,13.0,8.24,5.904000000000001,2.1240000000000006,2.3600000000000003,0.0,1.36,0.308,0.0,0.312,0.36,0.0,0.165,0.9,0.2772,0.324
yunus_akgun__tur,Yunus Akgün,TUR,FWD,nations_league,Nations League,14,4,0,2,2,0,2,1,12.0,5.04,3.1824000000000003,1.2792000000000001,1.64,0.0,0.96,0.333,0.0,0.143,0.402,0.0,0.19,0.78,0.2597,0.3136
yunus_akgun__tur,Yunus Akgün,TUR,FWD,venskabskamp,Venskabskamp,12,2,0,4,3,0,4,1,9.0,5.84,2.3504,0.6864,1.32,0.0,1.4000000000000001,0.222,0.0,0.333,0.292,0.0,0.24,0.52,0.1154,0.1518
yuto_nagatomo__jpn,Yuto Nagatomo,JPN,DEF,slutrunde,Slutrunde,64,37,0,24,0,0,24,3,64.0,9.940000000000001,9.940000000000001,4.680000000000001,4.680000000000001,0.0,3.8000000000000003,0.578,0.0,0.375,0.471,0.0,0.382,1.0,0.578,0.471
yuto_nagatomo__jpn,Yuto Nagatomo,JPN,DEF,kvalifikation,Kvalifikation,84,45,0,25,7,0,25,7,77.0,15.24,13.086,4.86,5.4,0.0,7.92,0.584,0.0,0.298,0.371,0.0,0.52,0.9,0.5256,0.3339
yuto_nagatomo__jpn,Yuto Nagatomo,JPN,DEF,venskabskamp,Venskabskamp,111,57,0,21,12,0,21,15,99.0,19.66,8.746400000000001,3.4736000000000002,6.680000000000001,0.0,5.0,0.576,0.0,0.189,0.397,0.0,0.254,0.52,0.2995,0.2064
yvon_mvogo__sui,Yvon Mvogo,SUI,GK,slutrunde,Slutrunde,18,0,0,0,4,0,0,14,14.0,4.6,3.8,0.0,0.0,0.0,0.0,0.0,0.0,0.0,0.0,0.0,0.0,1.0,0.0,0.0
yvon_mvogo__sui,Yvon Mvogo,SUI,GK,nations_league_finals,Nations League-slutrunde,2,0,0,0,0,0,0,2,2.0,0.2,0.19,0.0,0.0,0.0,0.0,0.0,0.0,0.0,0.0,0.0,0.0,0.95,0.0,0.0
yvon_mvogo__sui,Yvon Mvogo,SUI,GK,kvalifikation,Kvalifikation,41,2,0,11,2,0,11,26,39.0,10.14,8.766000000000002,0.5760000000000001,0.64,0.0,2.66,0.051,0.0,0.268,0.066,0.0,0.262,0.9,0.0459,0.0594
yvon_mvogo__sui,Yvon Mvogo,SUI,GK,nations_league,Nations League,22,2,0,2,0,0,2,18,22.0,5.08,3.9624000000000006,0.4524,0.58,0.0,0.30000000000000004,0.091,0.0,0.091,0.114,0.0,0.059,0.78,0.071,0.0889
yvon_mvogo__sui,Yvon Mvogo,SUI,GK,venskabskamp,Venskabskamp,29,8,0,4,1,0,4,15,28.0,9.700000000000001,4.94,1.7368000000000001,3.34,0.0,0.6000000000000001,0.286,0.0,0.138,0.352,0.0,0.062,0.52,0.1487,0.183
zaid_ismail__irq,Zaid Ismail,IRQ,MID,slutrunde,Slutrunde,4,3,0,0,0,0,0,1,4.0,3.23,3.23,2.38,2.38,0.0,0.0,0.75,0.0,0.0,0.737,0.0,0.0,1.0,0.75,0.737
zaid_ismail__irq,Zaid Ismail,IRQ,MID,kvalifikation,Kvalifikation,1,0,0,0,0,0,0,0,1.0,0.92,0.8280000000000001,0.0,0.0,0.0,0.0,0.0,0.0,0.0,0.0,0.0,0.0,0.9,0.0,0.0
zaid_ismail__irq,Zaid Ismail,IRQ,MID,venskabskamp,Venskabskamp,2,1,0,0,0,0,0,0,2.0,2.0,1.04,0.52,1.0,0.0,0.0,0.5,0.0,0.0,0.5,0.0,0.0,0.52,0.26,0.26
zaid_tahseen__irq,Zaid Tahseen,IRQ,DEF,slutrunde,Slutrunde,16,3,0,4,0,0,4,7,16.0,6.95,6.95,1.28,1.28,0.0,3.23,0.188,0.0,0.25,0.184,0.0,0.465,1.0,0.188,0.184
zaid_tahseen__irq,Zaid Tahseen,IRQ,DEF,kvalifikation,Kvalifikation,21,13,0,6,0,0,5,1,21.0,10.88,9.792,6.444000000000001,7.16,0.0,2.76,0.619,0.0,0.286,0.658,0.0,0.254,0.9,0.5571,0.5922
zaid_tahseen__irq,Zaid Tahseen,IRQ,DEF,venskabskamp,Venskabskamp,15,5,0,6,0,0,6,2,15.0,6.28,3.2656,1.8512000000000002,3.56,0.0,1.8,0.333,0.0,0.4,0.567,0.0,0.287,0.52,0.1732,0.2948
zakaria_el_ouahdi__mar,Zakaria El Ouahdi,MAR,DEF,slutrunde,Slutrunde,20,0,0,20,0,0,20,0,20.0,15.64,15.64,0.0,0.0,0.0,15.64,0.0,0.0,1.0,0.0,0.0,1.0,1.0,0.0,0.0
zakaria_el_ouahdi__mar,Zakaria El Ouahdi,MAR,DEF,kvalifikation,Kvalifikation,11,0,0,8,1,0,8,2,10.0,5.88,4.68,0.0,0.0,0.0,4.24,0.0,0.0,0.727,0.0,0.0,0.721,0.9,0.0,0.0
zakaria_el_ouahdi__mar,Zakaria El Ouahdi,MAR,DEF,venskabskamp,Venskabskamp,9,1,0,1,4,0,1,2,5.0,7.24,2.184,0.3536,0.68,0.0,1.0,0.2,0.0,0.111,0.162,0.0,0.138,0.52,0.104,0.0842
zeki_elik__tur,Zeki Celik,TUR,DEF,slutrunde,Slutrunde,8,4,0,0,0,0,0,2,8.0,3.0,3.0,1.08,1.08,0.0,0.0,0.5,0.0,0.0,0.36,0.0,0.0,1.0,0.5,0.36
zeki_elik__tur,Zeki Celik,TUR,DEF,kvalifikation,Kvalifikation,37,24,0,1,3,0,1,5,34.0,11.14,9.018,5.7780000000000005,6.42,0.0,0.2,0.706,0.0,0.027,0.641,0.0,0.018,0.9,0.6354,0.5769
zeki_elik__tur,Zeki Celik,TUR,DEF,nations_league,Nations League,24,13,0,1,3,0,1,4,21.0,6.04,3.8844000000000003,1.9188000000000003,2.46,0.0,0.2,0.619,0.0,0.042,0.494,0.0,0.033,0.78,0.4828,0.3853
zeki_elik__tur,Zeki Celik,TUR,DEF,venskabskamp,Venskabskamp,26,9,0,3,1,0,3,11,25.0,7.34,3.5672,2.1008,4.04,0.0,0.30000000000000004,0.36,0.0,0.115,0.589,0.0,0.041,0.52,0.1872,0.3063
zeno_debast__bel,Zeno Debast,BEL,DEF,slutrunde,Slutrunde,7,1,0,0,0,0,0,5,7.0,2.52,2.52,0.48,0.48,0.0,0.0,0.143,0.0,0.0,0.19,0.0,0.0,1.0,0.143,0.19
zeno_debast__bel,Zeno Debast,BEL,DEF,kvalifikation,Kvalifikation,16,6,0,2,2,0,2,5,14.0,7.880000000000001,5.868000000000001,3.6720000000000006,4.08,0.0,0.64,0.429,0.0,0.125,0.626,0.0,0.081,0.9,0.3861,0.5634
zeno_debast__bel,Zeno Debast,BEL,DEF,nations_league,Nations League,10,9,0,0,0,0,0,0,10.0,4.24,3.3072,2.9328000000000003,3.76,0.0,0.0,0.9,0.0,0.0,0.887,0.0,0.0,0.78,0.702,0.6919
zeno_debast__bel,Zeno Debast,BEL,DEF,venskabskamp,Venskabskamp,11,5,0,0,2,0,0,2,9.0,6.16,2.1632000000000002,1.1648,2.24,0.0,0.0,0.556,0.0,0.0,0.538,0.0,0.0,0.52,0.2891,0.2798
zidane_iqbal__irq,Zidane Iqbal,IRQ,MID,slutrunde,Slutrunde,16,3,0,10,0,0,10,1,16.0,6.95,6.95,1.12,1.12,0.0,4.71,0.188,0.0,0.625,0.161,0.0,0.678,1.0,0.188,0.161
zidane_iqbal__irq,Zidane Iqbal,IRQ,MID,kvalifikation,Kvalifikation,25,6,0,3,4,0,3,4,21.0,11.68,8.604000000000001,2.628,2.92,0.0,0.8400000000000001,0.286,0.0,0.12,0.305,0.0,0.072,0.9,0.2574,0.2745
zidane_iqbal__irq,Zidane Iqbal,IRQ,MID,venskabskamp,Venskabskamp,16,2,0,9,2,0,8,0,14.0,6.48,3.0368000000000004,0.624,1.2,0.0,3.0,0.143,0.0,0.562,0.205,0.0,0.463,0.52,0.0744,0.1066
zineddine_belaid__alg,Zineddine Belaid,ALG,DEF,slutrunde,Slutrunde,23,6,0,9,0,0,9,5,23.0,13.040000000000001,13.040000000000001,1.85,1.85,0.0,6.63,0.261,0.0,0.391,0.142,0.0,0.508,1.0,0.261,0.142
zineddine_belaid__alg,Zineddine Belaid,ALG,DEF,kvalifikation,Kvalifikation,20,1,0,14,0,0,14,4,20.0,9.2,8.280000000000001,0.28800000000000003,0.32,0.0,6.08,0.05,0.0,0.7,0.035,0.0,0.661,0.9,0.045,0.0315
zineddine_belaid__alg,Zineddine Belaid,ALG,DEF,venskabskamp,Venskabskamp,15,5,0,7,0,0,7,3,15.0,8.280000000000001,4.3056,2.184,4.2,0.0,3.12,0.333,0.0,0.467,0.507,0.0,0.377,0.52,0.1732,0.2636
zion_suzuki__jpn,Zion Suzuki,JPN,GK,slutrunde,Slutrunde,15,6,0,7,0,0,7,2,15.0,5.04,5.04,1.8,1.8,0.0,2.8400000000000003,0.4,0.0,0.467,0.357,0.0,0.563,1.0,0.4,0.357
zion_suzuki__jpn,Zion Suzuki,JPN,GK,kvalifikation,Kvalifikation,16,10,0,3,0,0,3,3,16.0,7.24,6.516,4.032,4.4799999999999995,0.0,1.28,0.625,0.0,0.188,0.619,0.0,0.177,0.9,0.5625,0.5571
zion_suzuki__jpn,Zion Suzuki,JPN,GK,venskabskamp,Venskabskamp,21,8,0,9,2,0,9,2,19.0,10.16,4.5760000000000005,2.8704,5.5200000000000005,0.0,2.2800000000000002,0.421,0.0,0.429,0.627,0.0,0.224,0.52,0.2189,0.326
ziyad_al_johani__ksa,Ziyad Al-Johani,KSA,MID,slutrunde,Slutrunde,10,4,0,6,0,0,0,0,10.0,7.65,7.65,2.72,2.72,0.0,4.93,0.4,0.0,0.6,0.356,0.0,0.644,1.0,0.4,0.356
ziyad_al_johani__ksa,Ziyad Al-Johani,KSA,MID,kvalifikation,Kvalifikation,6,2,0,0,0,0,0,2,6.0,3.48,3.132,1.044,1.1600000000000001,0.0,0.0,0.333,0.0,0.0,0.333,0.0,0.0,0.9,0.2997,0.2997
ziyad_al_johani__ksa,Ziyad Al-Johani,KSA,MID,venskabskamp,Venskabskamp,8,3,0,3,0,0,3,1,8.0,6.5600000000000005,3.4112,1.352,2.6,0.0,2.3600000000000003,0.375,0.0,0.375,0.396,0.0,0.36,0.52,0.195,0.2059
rjan_nyland__nor,Ørjan Nyland,NOR,GK,kvalifikation,Kvalifikation,61,34,0,7,6,0,7,14,55.0,12.56,10.566,8.496,9.440000000000001,0.0,0.7000000000000001,0.618,0.0,0.115,0.804,0.0,0.056,0.9,0.5562,0.7236
rjan_nyland__nor,Ørjan Nyland,NOR,GK,nations_league,Nations League,24,10,0,0,6,0,0,8,18.0,5.28,3.0576000000000003,2.4336,3.12,0.0,0.0,0.556,0.0,0.0,0.796,0.0,0.0,0.78,0.4337,0.6209
rjan_nyland__nor,Ørjan Nyland,NOR,GK,venskabskamp,Venskabskamp,41,25,0,2,1,0,2,12,40.0,9.94,5.002400000000001,3.8168,7.34,0.0,0.30000000000000004,0.625,0.0,0.049,0.763,0.0,0.03,0.52,0.325,0.3968
