player_id,player_name,team_id,position,match_no,opponent,start_prob,clean_sheet_prob_used,old_clean_sheet_ev,new_clean_sheet_ev,old_weighted_match_ev,new_weighted_match_ev,repair_status
jonathan_david__can,Jonathan David,CAN,FWD,1,BIH,0.9223,0.4226,0.0,0,2.300355,2.300352,unchanged_already_consistent
jonathan_david__can,Jonathan David,CAN,FWD,2,QAT,0.9223,0.5774,0.0,0,2.678477,2.678477,unchanged_already_consistent
jonathan_david__can,Jonathan David,CAN,FWD,3,SUI,0.9223,0.25,0.0,0,1.024787,1.024788,unchanged_already_consistent
lionel_messi__arg,Lionel Messi,ARG,FWD,1,ALG,0.84,0.5135,0.0,0,1.995537,1.995537,unchanged_already_consistent
lionel_messi__arg,Lionel Messi,ARG,FWD,2,AUT,0.84,0.4226,0.0,0,1.651474,1.651475,unchanged_already_consistent
lionel_messi__arg,Lionel Messi,ARG,FWD,3,JOR,0.84,0.5774,0.0,0,1.598269,1.59827,unchanged_already_consistent
cristiano_ronaldo__por,Cristiano Ronaldo,POR,FWD,1,COD,0.9185,0.5,0.0,0,2.127585,2.127585,unchanged_already_consistent
cristiano_ronaldo__por,Cristiano Ronaldo,POR,FWD,2,UZB,0.9185,0.5,0.0,0,2.032245,2.032245,unchanged_already_consistent
cristiano_ronaldo__por,Cristiano Ronaldo,POR,FWD,3,COL,0.9185,0.3547,0.0,0,1.120596,1.120596,unchanged_already_consistent
vinicius_j_nior__bra,Vinicius Junior,BRA,FWD,1,MAR,0.8916,0.4624,0.0,0,1.791073,1.791073,unchanged_already_consistent
vinicius_j_nior__bra,Vinicius Junior,BRA,FWD,2,HAI,0.8916,0.6453,0.0,0,1.960295,1.960295,unchanged_already_consistent
vinicius_j_nior__bra,Vinicius Junior,BRA,FWD,3,SCO,0.8916,0.5,0.0,0,1.475218,1.475218,unchanged_already_consistent
unai_sim_n__esp,Unai Simon,ESP,GK,1,CPV,0.86,0.625,0.5375,0.5375,1.742854,1.742854,unchanged_already_consistent
unai_sim_n__esp,Unai Simon,ESP,GK,2,KSA,0.86,0.6627,0.569922,0.569922,1.98511,1.98511,unchanged_already_consistent
unai_sim_n__esp,Unai Simon,ESP,GK,3,URU,0.86,0.4226,0.363436,0.363436,1.250742,1.250742,unchanged_already_consistent
harry_kane__eng,Harry Kane,ENG,FWD,1,CRO,0.97,0.4118,0.0,0,1.51232,1.512321,unchanged_already_consistent
harry_kane__eng,Harry Kane,ENG,FWD,2,GHA,0.97,0.5,0.0,0,1.727509,1.72751,unchanged_already_consistent
harry_kane__eng,Harry Kane,ENG,FWD,3,PAN,0.97,0.5376,0.0,0,1.35965,1.359652,unchanged_already_consistent
lamine_yamal__esp,Lamine Yamal,ESP,FWD,1,CPV,0.9012,0.625,0.0,0,1.577234,1.577234,unchanged_already_consistent
lamine_yamal__esp,Lamine Yamal,ESP,FWD,2,KSA,0.9012,0.6627,0.0,0,1.71729,1.71729,unchanged_already_consistent
lamine_yamal__esp,Lamine Yamal,ESP,FWD,3,URU,0.9012,0.4226,0.0,0,1.203867,1.203867,unchanged_already_consistent
ra_l_jim_nez__mex,Raul Jimenez,MEX,FWD,1,RSA,0.7885,0.5376,0.0,0,2.111421,2.111421,unchanged_already_consistent
ra_l_jim_nez__mex,Raul Jimenez,MEX,FWD,2,KOR,0.7885,0.4415,0.0,0,1.661349,1.66135,unchanged_already_consistent
ra_l_jim_nez__mex,Raul Jimenez,MEX,FWD,3,CZE,0.7885,0.411,0.0,0,1.236888,1.236889,unchanged_already_consistent
cody_gakpo__ned,Cody Gakpo,NED,FWD,1,JPN,0.9308,0.3373,0.0,0,1.490454,1.490454,unchanged_already_consistent
cody_gakpo__ned,Cody Gakpo,NED,FWD,2,SWE,0.9308,0.4226,0.0,0,1.655728,1.655728,unchanged_already_consistent
cody_gakpo__ned,Cody Gakpo,NED,FWD,3,TUN,0.9308,0.4624,0.0,0,1.416902,1.416903,unchanged_already_consistent
mike_maignan__fra,Mike Maignan,FRA,GK,1,SEN,0.9407,0.4624,0.43498,0.43498,1.442053,1.442053,unchanged_already_consistent
mike_maignan__fra,Mike Maignan,FRA,GK,2,IRQ,0.9407,0.6627,0.623402,0.623402,1.866874,1.866876,unchanged_already_consistent
mike_maignan__fra,Mike Maignan,FRA,GK,3,NOR,0.9407,0.375,0.352762,0.352762,1.035773,1.035773,unchanged_already_consistent
emiliano_mart_nez__arg,Emiliano Martinez,ARG,GK,1,ALG,0.9429,0.5135,0.48916,0.484179,1.591318,1.57763,rebuilt_from_fixture_clean_sheet_prob
emiliano_mart_nez__arg,Emiliano Martinez,ARG,GK,2,AUT,0.9429,0.4226,0.402569,0.39847,1.220002,1.209344,rebuilt_from_fixture_clean_sheet_prob
emiliano_mart_nez__arg,Emiliano Martinez,ARG,GK,3,JOR,0.9429,0.5774,0.550031,0.54443,1.516032,1.50215,rebuilt_from_fixture_clean_sheet_prob
mikel_oyarzabal__esp,Mikel Oyarzabal,ESP,FWD,1,CPV,0.82,0.625,0.0,0,1.486838,1.486838,unchanged_already_consistent
mikel_oyarzabal__esp,Mikel Oyarzabal,ESP,FWD,2,KSA,0.82,0.6627,0.0,0,1.638209,1.638209,unchanged_already_consistent
mikel_oyarzabal__esp,Mikel Oyarzabal,ESP,FWD,3,URU,0.82,0.4226,0.0,0,1.148471,1.148471,unchanged_already_consistent
lautaro_mart_nez__arg,Lautaro Martinez,ARG,FWD,1,ALG,0.6282,0.5135,0.0,0,1.695643,1.695643,unchanged_already_consistent
lautaro_mart_nez__arg,Lautaro Martinez,ARG,FWD,2,AUT,0.6282,0.4226,0.0,0,1.406038,1.406038,unchanged_already_consistent
lautaro_mart_nez__arg,Lautaro Martinez,ARG,FWD,3,JOR,0.6282,0.5774,0.0,0,1.352074,1.352074,unchanged_already_consistent
kerem_akt_rko_lu__tur,Kerem Akturkoglu,TUR,MID,1,AUS,0.6674,0.411,0.0,0,1.878267,1.878267,unchanged_already_consistent
kerem_akt_rko_lu__tur,Kerem Akturkoglu,TUR,MID,2,PAR,0.6674,0.375,0.0,0,1.752011,1.752011,unchanged_already_consistent
kerem_akt_rko_lu__tur,Kerem Akturkoglu,TUR,MID,3,USA,0.6674,0.2766,0.0,0,1.356084,1.356084,unchanged_already_consistent
alisson_becker__bra,Alisson Becker,BRA,GK,1,MAR,0.8288,0.4624,0.38259,0.383237,1.260934,1.263151,rebuilt_from_fixture_clean_sheet_prob
alisson_becker__bra,Alisson Becker,BRA,GK,2,HAI,0.8288,0.6453,0.533921,0.534825,1.577402,1.580154,rebuilt_from_fixture_clean_sheet_prob
alisson_becker__bra,Alisson Becker,BRA,GK,3,SCO,0.8288,0.5,0.4137,0.4144,1.156217,1.158251,rebuilt_from_fixture_clean_sheet_prob
nuno_mendes__por,Nuno Mendes,POR,DEF,1,COD,0.88,0.5,0.44,0.44,1.675186,1.675186,unchanged_already_consistent
nuno_mendes__por,Nuno Mendes,POR,DEF,2,UZB,0.88,0.5,0.44,0.44,1.55857,1.558571,unchanged_already_consistent
nuno_mendes__por,Nuno Mendes,POR,DEF,3,COL,0.88,0.3547,0.312136,0.312136,0.963146,0.963146,unchanged_already_consistent
breel_embolo__sui,Breel Embolo,SUI,FWD,1,QAT,0.9109,0.5585,0.0,0,1.483772,1.483771,unchanged_already_consistent
breel_embolo__sui,Breel Embolo,SUI,FWD,2,BIH,0.9109,0.4624,0.0,0,1.492213,1.492214,unchanged_already_consistent
breel_embolo__sui,Breel Embolo,SUI,FWD,3,CAN,0.9109,0.3547,0.0,0,1.131316,1.131317,unchanged_already_consistent
jordan_pickford__eng,Jordan Pickford,ENG,GK,1,CRO,0.9287,0.4118,0.356042,0.382439,1.166019,1.25612,rebuilt_from_fixture_clean_sheet_prob
jordan_pickford__eng,Jordan Pickford,ENG,GK,2,GHA,0.9287,0.5,0.4323,0.46435,1.312829,1.413628,rebuilt_from_fixture_clean_sheet_prob
jordan_pickford__eng,Jordan Pickford,ENG,GK,3,PAN,0.9287,0.5376,0.464809,0.499269,1.290741,1.389732,rebuilt_from_fixture_clean_sheet_prob
kylian_mbapp__fra,Kylian Mbappe,FRA,FWD,1,SEN,0.6759,0.4624,0.0,0,1.417473,1.417473,unchanged_already_consistent
kylian_mbapp__fra,Kylian Mbappe,FRA,FWD,2,IRQ,0.6759,0.6627,0.0,0,1.414188,1.41419,unchanged_already_consistent
kylian_mbapp__fra,Kylian Mbappe,FRA,FWD,3,NOR,0.6759,0.375,0.0,0,0.965429,0.965429,unchanged_already_consistent
marquinhos__bra,Marquinhos,BRA,DEF,1,MAR,0.9027,0.4624,0.417408,0.417408,1.279238,1.279238,unchanged_already_consistent
marquinhos__bra,Marquinhos,BRA,DEF,2,HAI,0.9027,0.6453,0.582512,0.582512,1.578189,1.578189,unchanged_already_consistent
marquinhos__bra,Marquinhos,BRA,DEF,3,SCO,0.9027,0.5,0.45135,0.45135,1.149501,1.149501,unchanged_already_consistent
silvan_widmer__sui,Silvan Widmer,SUI,DEF,1,QAT,0.84,0.5585,0.46914,0.46914,1.818346,1.818346,unchanged_already_consistent
silvan_widmer__sui,Silvan Widmer,SUI,DEF,2,BIH,0.84,0.4624,0.388416,0.388416,1.5756,1.575601,unchanged_already_consistent
silvan_widmer__sui,Silvan Widmer,SUI,DEF,3,CAN,0.84,0.3547,0.297948,0.297948,1.178718,1.17872,unchanged_already_consistent
nico_williams__esp,Nico Williams,ESP,FWD,1,CPV,0.8361,0.625,0.0,0,1.41679,1.41679,unchanged_already_consistent
nico_williams__esp,Nico Williams,ESP,FWD,2,KSA,0.8361,0.6627,0.0,0,1.553392,1.553392,unchanged_already_consistent
nico_williams__esp,Nico Williams,ESP,FWD,3,URU,0.8361,0.4226,0.0,0,1.09222,1.09222,unchanged_already_consistent
mohamed_salah__egy,Mohamed Salah,EGY,FWD,1,BEL,0.6536,0.1717,0.0,0,0.713477,0.559815,unchanged_already_consistent
mohamed_salah__egy,Mohamed Salah,EGY,FWD,2,NZL,0.6536,0.4624,0.0,0,1.733969,1.353651,unchanged_already_consistent
mohamed_salah__egy,Mohamed Salah,EGY,FWD,3,IRN,0.6536,0.411,0.0,0,1.473969,1.157553,unchanged_already_consistent
denzel_dumfries__ned,Denzel Dumfries,NED,DEF,1,JPN,0.9243,0.3373,0.311766,0.311766,1.181242,1.181242,unchanged_already_consistent
denzel_dumfries__ned,Denzel Dumfries,NED,DEF,2,SWE,0.9243,0.4226,0.390609,0.390609,1.359551,1.359551,unchanged_already_consistent
denzel_dumfries__ned,Denzel Dumfries,NED,DEF,3,TUN,0.9243,0.4624,0.427396,0.427396,1.30625,1.30625,unchanged_already_consistent
marko_arnautovi__aut,Marko Arnautovic,AUT,FWD,1,JOR,0.82,0.4865,0.0,0,2.197636,2.197636,unchanged_already_consistent
marko_arnautovi__aut,Marko Arnautovic,AUT,FWD,2,ARG,0.82,0.1883,0.0,0,0.663991,0.663991,unchanged_already_consistent
marko_arnautovi__aut,Marko Arnautovic,AUT,FWD,3,ALG,0.82,0.3547,0.0,0,1.142035,1.142035,unchanged_already_consistent
raul_rangel__mex,Raul Rangel,MEX,GK,1,RSA,0.9397,0.5376,0.505183,0.505183,1.648357,1.648357,unchanged_already_consistent
raul_rangel__mex,Raul Rangel,MEX,GK,2,KOR,0.9397,0.4415,0.414878,0.414878,1.278532,1.278532,unchanged_already_consistent
raul_rangel__mex,Raul Rangel,MEX,GK,3,CZE,0.9397,0.411,0.386217,0.386217,1.11205,1.11205,unchanged_already_consistent
erling_haaland__nor,Erling Haaland,NOR,FWD,1,IRQ,0.9058,0.5585,0.0,0,1.574396,1.574396,unchanged_already_consistent
erling_haaland__nor,Erling Haaland,NOR,FWD,2,SEN,0.9058,0.3373,0.0,0,1.225242,1.225242,unchanged_already_consistent
erling_haaland__nor,Erling Haaland,NOR,FWD,3,FRA,0.9058,0.2077,0.0,0,0.642996,0.642997,unchanged_already_consistent
gregor_kobel__sui,Gregor Kobel,SUI,GK,1,QAT,0.9192,0.5585,0.512535,0.513373,1.669274,1.671619,rebuilt_from_fixture_clean_sheet_prob
gregor_kobel__sui,Gregor Kobel,SUI,GK,2,BIH,0.9192,0.4624,0.424344,0.425038,1.321793,1.323641,rebuilt_from_fixture_clean_sheet_prob
gregor_kobel__sui,Gregor Kobel,SUI,GK,3,CAN,0.9192,0.3547,0.325508,0.32604,0.994977,0.996319,rebuilt_from_fixture_clean_sheet_prob
sadio_man__sen,Sadio Mane,SEN,FWD,1,FRA,0.8922,0.1573,0.0,0,0.693939,0.693939,unchanged_already_consistent
sadio_man__sen,Sadio Mane,SEN,FWD,2,NOR,0.8922,0.2337,0.0,0,0.958278,0.958278,unchanged_already_consistent
sadio_man__sen,Sadio Mane,SEN,FWD,3,IRQ,0.8922,0.5,0.0,0,2.122321,2.122322,unchanged_already_consistent
r_ben_dias__por,Ruben Dias,POR,DEF,1,COD,0.9454,0.5,0.4727,0.4727,1.530474,1.530474,unchanged_already_consistent
r_ben_dias__por,Ruben Dias,POR,DEF,2,UZB,0.9454,0.5,0.4727,0.4727,1.41112,1.41112,unchanged_already_consistent
r_ben_dias__por,Ruben Dias,POR,DEF,3,COL,0.9454,0.3547,0.335333,0.335333,0.898421,0.898421,unchanged_already_consistent
matheus_cunha__bra,Matheus Cunha,BRA,FWD,1,MAR,0.5422,0.4624,0.0,0,1.312195,0.992337,unchanged_already_consistent
matheus_cunha__bra,Matheus Cunha,BRA,FWD,2,HAI,0.5422,0.6453,0.0,0,1.431463,1.069994,unchanged_already_consistent
matheus_cunha__bra,Matheus Cunha,BRA,FWD,3,SCO,0.5422,0.5,0.0,0,1.069192,0.798029,unchanged_already_consistent
thibaut_courtois__bel,Thibaut Courtois,BEL,GK,1,EGY,0.8951,0.3923,0.325805,0.351148,1.09782,1.187103,rebuilt_from_fixture_clean_sheet_prob
thibaut_courtois__bel,Thibaut Courtois,BEL,GK,2,IRN,0.8951,0.5,0.41525,0.44755,1.25387,1.355097,rebuilt_from_fixture_clean_sheet_prob
thibaut_courtois__bel,Thibaut Courtois,BEL,GK,3,NZL,0.8951,0.5135,0.426462,0.459634,1.201725,1.298702,rebuilt_from_fixture_clean_sheet_prob
arda_g_ler__tur,Arda Güler,TUR,MID,1,AUS,0.88,0.411,0.0,0,1.58827,1.58827,unchanged_already_consistent
arda_g_ler__tur,Arda Güler,TUR,MID,2,PAR,0.88,0.375,0.0,0,1.466336,1.466337,unchanged_already_consistent
arda_g_ler__tur,Arda Güler,TUR,MID,3,USA,0.88,0.2766,0.0,0,1.108747,1.108748,unchanged_already_consistent
jonathan_tah__ger,Jonathan Tah,GER,DEF,1,CUW,0.8434,0.6881,0.580344,0.580344,1.702562,1.702562,unchanged_already_consistent
jonathan_tah__ger,Jonathan Tah,GER,DEF,2,CIV,0.8434,0.4226,0.356421,0.356421,1.027481,1.027482,unchanged_already_consistent
jonathan_tah__ger,Jonathan Tah,GER,DEF,3,ECU,0.8434,0.411,0.346637,0.346637,0.891416,0.891416,unchanged_already_consistent
aymeric_laporte__esp,Aymeric Laporte,ESP,DEF,1,CPV,0.6506,0.625,0.406625,0.406625,1.277836,1.277836,unchanged_already_consistent
aymeric_laporte__esp,Aymeric Laporte,ESP,DEF,2,KSA,0.6506,0.6627,0.431153,0.431153,1.507298,1.507298,unchanged_already_consistent
aymeric_laporte__esp,Aymeric Laporte,ESP,DEF,3,URU,0.6506,0.4226,0.274944,0.274944,0.962293,0.962293,unchanged_already_consistent
bart_verbruggen__ned,Bart Verbruggen,NED,GK,1,JPN,0.9051,0.3373,0.30529,0.30529,1.006491,1.006491,unchanged_already_consistent
bart_verbruggen__ned,Bart Verbruggen,NED,GK,2,SWE,0.9051,0.4226,0.382495,0.382495,1.161493,1.161494,unchanged_already_consistent
bart_verbruggen__ned,Bart Verbruggen,NED,GK,3,TUN,0.9051,0.4624,0.418518,0.418518,1.165425,1.165425,unchanged_already_consistent
nico_schlotterbeck__ger,Nico Schlotterbeck,GER,DEF,1,CUW,0.831,0.6881,0.571811,0.571811,1.674151,1.674151,unchanged_already_consistent
nico_schlotterbeck__ger,Nico Schlotterbeck,GER,DEF,2,CIV,0.831,0.4226,0.351181,0.351181,1.007888,1.007889,unchanged_already_consistent
nico_schlotterbeck__ger,Nico Schlotterbeck,GER,DEF,3,ECU,0.831,0.411,0.341541,0.341541,0.879598,0.879598,unchanged_already_consistent
manuel_akanji__sui,Manuel Akanji,SUI,DEF,1,QAT,0.9398,0.5585,0.524878,0.524878,1.525775,1.525775,unchanged_already_consistent
manuel_akanji__sui,Manuel Akanji,SUI,DEF,2,BIH,0.9398,0.4624,0.434564,0.434564,1.252729,1.25273,unchanged_already_consistent
manuel_akanji__sui,Manuel Akanji,SUI,DEF,3,CAN,0.9398,0.3547,0.333347,0.333347,0.927876,0.927879,unchanged_already_consistent
c_sar_montes__mex,Cesar Montes,MEX,DEF,1,RSA,0.72,0.5376,0.387072,0.387072,1.693343,1.693343,unchanged_already_consistent
c_sar_montes__mex,Cesar Montes,MEX,DEF,2,KOR,0.72,0.4415,0.31788,0.31788,1.306024,1.306024,unchanged_already_consistent
c_sar_montes__mex,Cesar Montes,MEX,DEF,3,CZE,0.72,0.411,0.29592,0.29592,1.056166,1.056166,unchanged_already_consistent
enner_valencia__ecu,Enner Valencia,ECU,FWD,1,CIV,0.8826,0.4226,0.0,0,1.142406,1.142406,unchanged_already_consistent
enner_valencia__ecu,Enner Valencia,ECU,FWD,2,CUW,0.8826,0.5585,0.0,0,1.91901,1.919011,unchanged_already_consistent
enner_valencia__ecu,Enner Valencia,ECU,FWD,3,GER,0.8826,0.1717,0.0,0,0.701481,0.701481,unchanged_already_consistent
virgil_van_dijk__ned,Virgil van Dijk,NED,DEF,1,JPN,0.9438,0.3373,0.318344,0.318344,1.006063,1.006063,unchanged_already_consistent
virgil_van_dijk__ned,Virgil van Dijk,NED,DEF,2,SWE,0.9438,0.4226,0.39885,0.39885,1.169762,1.169762,unchanged_already_consistent
virgil_van_dijk__ned,Virgil van Dijk,NED,DEF,3,TUN,0.9438,0.4624,0.436413,0.436413,1.139978,1.139979,unchanged_already_consistent
omar_marmoush__egy,Omar Marmoush,EGY,FWD,1,BEL,0.8621,0.1717,0.0,0,0.61002,0.61002,unchanged_already_consistent
omar_marmoush__egy,Omar Marmoush,EGY,FWD,2,NZL,0.8621,0.4624,0.0,0,1.463582,1.463584,unchanged_already_consistent
omar_marmoush__egy,Omar Marmoush,EGY,FWD,3,IRN,0.8621,0.411,0.0,0,1.257172,1.257172,unchanged_already_consistent
jeremy_doku__bel,Jeremy Doku,BEL,FWD,1,EGY,0.6557,0.3923,0.0,0,1.074514,1.074515,unchanged_already_consistent
jeremy_doku__bel,Jeremy Doku,BEL,FWD,2,IRN,0.6557,0.5,0.0,0,1.110077,1.110078,unchanged_already_consistent
jeremy_doku__bel,Jeremy Doku,BEL,FWD,3,NZL,0.6557,0.5135,0.0,0,0.951931,0.951931,unchanged_already_consistent
bruno_fernandes__por,Bruno Fernandes,POR,MID,1,COD,0.9246,0.5,0.0,0,1.428281,1.428281,unchanged_already_consistent
bruno_fernandes__por,Bruno Fernandes,POR,MID,2,UZB,0.9246,0.5,0.0,0,1.345836,1.345836,unchanged_already_consistent
bruno_fernandes__por,Bruno Fernandes,POR,MID,3,COL,0.9246,0.3547,0.0,0,0.729306,0.729306,unchanged_already_consistent
rjan_nyland__nor,Ørjan Nyland,NOR,GK,1,IRQ,0.9496,0.5585,0.530352,0.530352,1.696187,1.696189,unchanged_already_consistent
rjan_nyland__nor,Ørjan Nyland,NOR,GK,2,SEN,0.9496,0.3373,0.3203,0.3203,1.005611,1.005611,unchanged_already_consistent
rjan_nyland__nor,Ørjan Nyland,NOR,GK,3,FRA,0.9496,0.2077,0.197232,0.197232,0.632385,0.632386,unchanged_already_consistent
tajon_buchanan__can,Tajon Buchanan,CAN,MID,1,BIH,0.8774,0.4226,0.0,0,1.489366,1.489363,unchanged_already_consistent
tajon_buchanan__can,Tajon Buchanan,CAN,MID,2,QAT,0.8774,0.5774,0.0,0,1.769129,1.769129,unchanged_already_consistent
tajon_buchanan__can,Tajon Buchanan,CAN,MID,3,SUI,0.8774,0.25,0.0,0,0.637462,0.637462,unchanged_already_consistent
richie_laryea__can,Richie Laryea,CAN,DEF,1,BIH,0.9369,0.4226,0.395004,0.395934,1.356468,1.359061,rebuilt_from_fixture_clean_sheet_prob
richie_laryea__can,Richie Laryea,CAN,DEF,2,QAT,0.9369,0.5774,0.539696,0.540966,1.705129,1.708373,rebuilt_from_fixture_clean_sheet_prob
richie_laryea__can,Richie Laryea,CAN,DEF,3,SUI,0.9369,0.25,0.233675,0.234225,0.691058,0.692583,rebuilt_from_fixture_clean_sheet_prob
john_yeboah__ecu,John Yeboah,ECU,MID,1,CIV,0.8633,0.4226,0.0,0,1.29451,1.29451,unchanged_already_consistent
john_yeboah__ecu,John Yeboah,ECU,MID,2,CUW,0.8633,0.5585,0.0,0,2.17096,2.170961,unchanged_already_consistent
john_yeboah__ecu,John Yeboah,ECU,MID,3,GER,0.8633,0.1717,0.0,0,0.784393,0.784394,unchanged_already_consistent
jo_ko_gvardiol__cro,Josko Gvardiol,CRO,DEF,1,ENG,0.9101,0.2077,0.189028,0.189028,0.58363,0.58363,unchanged_already_consistent
jo_ko_gvardiol__cro,Josko Gvardiol,CRO,DEF,2,PAN,0.9101,0.4865,0.442764,0.442764,1.435809,1.435809,unchanged_already_consistent
jo_ko_gvardiol__cro,Josko Gvardiol,CRO,DEF,3,GHA,0.9101,0.4415,0.401809,0.401809,1.342413,1.342414,unchanged_already_consistent
davinson_s_nchez__col,Davinson Sanchez,COL,DEF,1,UZB,0.8943,0.5,0.44715,0.44715,1.371018,1.371018,unchanged_already_consistent
davinson_s_nchez__col,Davinson Sanchez,COL,DEF,2,COD,0.8943,0.5376,0.480776,0.480776,1.350277,1.350278,unchanged_already_consistent
davinson_s_nchez__col,Davinson Sanchez,COL,DEF,3,POR,0.8943,0.25,0.223575,0.223575,0.622033,0.622036,unchanged_already_consistent
luis_d_az__col,Luis Diaz,COL,FWD,1,UZB,0.9323,0.5,0.0,0,1.179706,1.179706,unchanged_already_consistent
luis_d_az__col,Luis Diaz,COL,FWD,2,COD,0.9323,0.5376,0.0,0,1.19808,1.19808,unchanged_already_consistent
luis_d_az__col,Luis Diaz,COL,FWD,3,POR,0.9323,0.25,0.0,0,0.557969,0.557972,unchanged_already_consistent
joshua_kimmich__ger,Joshua Kimmich,GER,MID,1,CUW,0.9525,0.6881,0.0,0,1.458689,1.458689,unchanged_already_consistent
joshua_kimmich__ger,Joshua Kimmich,GER,MID,2,CIV,0.9525,0.4226,0.0,0,1.143223,1.143224,unchanged_already_consistent
joshua_kimmich__ger,Joshua Kimmich,GER,MID,3,ECU,0.9525,0.411,0.0,0,0.863726,0.863727,unchanged_already_consistent
dominik_livakovi__cro,Dominik Livakovic,CRO,GK,1,ENG,0.9486,0.2077,0.197024,0.197024,0.612376,0.612376,unchanged_already_consistent
dominik_livakovi__cro,Dominik Livakovic,CRO,GK,2,PAN,0.9486,0.4865,0.461494,0.461494,1.355405,1.355406,unchanged_already_consistent
dominik_livakovi__cro,Dominik Livakovic,CRO,GK,3,GHA,0.9486,0.4415,0.418807,0.418807,1.213426,1.213426,unchanged_already_consistent
marcel_sabitzer__aut,Marcel Sabitzer,AUT,MID,1,JOR,0.9019,0.4865,0.0,0,1.94759,1.94759,unchanged_already_consistent
marcel_sabitzer__aut,Marcel Sabitzer,AUT,MID,2,ARG,0.9019,0.1883,0.0,0,0.541034,0.541034,unchanged_already_consistent
marcel_sabitzer__aut,Marcel Sabitzer,AUT,MID,3,ALG,0.9019,0.3547,0.0,0,0.993684,0.993684,unchanged_already_consistent
theo_hern_ndez__fra,Theo Hernandez,FRA,DEF,1,SEN,0.6642,0.4624,0.307126,0.307126,1.065993,1.065993,unchanged_already_consistent
theo_hern_ndez__fra,Theo Hernandez,FRA,DEF,2,IRQ,0.6642,0.6627,0.440165,0.440165,1.300665,1.300667,unchanged_already_consistent
theo_hern_ndez__fra,Theo Hernandez,FRA,DEF,3,NOR,0.6642,0.375,0.249075,0.249075,0.748866,0.748866,unchanged_already_consistent
marc_cucurella__esp,Marc Cucurella,ESP,DEF,1,CPV,0.5911,0.625,0.369437,0.369437,1.155608,1.155608,unchanged_already_consistent
marc_cucurella__esp,Marc Cucurella,ESP,DEF,2,KSA,0.5911,0.6627,0.391722,0.391722,1.370621,1.370621,unchanged_already_consistent
marc_cucurella__esp,Marc Cucurella,ESP,DEF,3,URU,0.5911,0.4226,0.249799,0.249799,0.87923,0.87923,unchanged_already_consistent
chris_richards__usa,Chris Richards,USA,DEF,1,PAR,0.8175,0.411,0.338746,0.335992,1.367183,1.361124,rebuilt_from_fixture_clean_sheet_prob
chris_richards__usa,Chris Richards,USA,DEF,2,AUS,0.8175,0.4226,0.348307,0.345475,1.394241,1.388322,rebuilt_from_fixture_clean_sheet_prob
chris_richards__usa,Chris Richards,USA,DEF,3,TUR,0.8175,0.2766,0.227974,0.226121,0.824531,0.820863,rebuilt_from_fixture_clean_sheet_prob
johan_v_squez__mex,Johan Vasquez,MEX,DEF,1,RSA,0.8341,0.5376,0.448412,0.448412,1.482474,1.482474,unchanged_already_consistent
johan_v_squez__mex,Johan Vasquez,MEX,DEF,2,KOR,0.8341,0.4415,0.368255,0.368255,1.143355,1.143355,unchanged_already_consistent
johan_v_squez__mex,Johan Vasquez,MEX,DEF,3,CZE,0.8341,0.411,0.342815,0.342815,0.950189,0.950189,unchanged_already_consistent
camilo_vargas__col,Camilo Vargas,COL,GK,1,UZB,0.7899,0.5,0.39495,0.39495,1.27591,1.27591,unchanged_already_consistent
camilo_vargas__col,Camilo Vargas,COL,GK,2,COD,0.7899,0.5376,0.42465,0.42465,1.251475,1.251475,unchanged_already_consistent
camilo_vargas__col,Camilo Vargas,COL,GK,3,POR,0.7899,0.25,0.197475,0.197475,0.600292,0.600293,unchanged_already_consistent
juli_n_lvarez__arg,Julian Alvarez,ARG,FWD,1,ALG,0.6306,0.5135,0.0,0,1.153581,1.153581,unchanged_already_consistent
juli_n_lvarez__arg,Julian Alvarez,ARG,FWD,2,AUT,0.6306,0.4226,0.0,0,0.950344,0.950345,unchanged_already_consistent
juli_n_lvarez__arg,Julian Alvarez,ARG,FWD,3,JOR,0.6306,0.5774,0.0,0,0.912542,0.912542,unchanged_already_consistent
antonio_nusa__nor,Antonio Nusa,NOR,MID,1,IRQ,0.82,0.5585,0.0,0,1.701233,1.701233,unchanged_already_consistent
antonio_nusa__nor,Antonio Nusa,NOR,MID,2,SEN,0.82,0.3373,0.0,0,1.316934,1.316935,unchanged_already_consistent
antonio_nusa__nor,Antonio Nusa,NOR,MID,3,FRA,0.82,0.2077,0.0,0,0.679648,0.679648,unchanged_already_consistent
donyell_malen__ned,Donyell Malen,NED,FWD,1,JPN,0.7971,0.3373,0.0,0,1.003405,1.003405,unchanged_already_consistent
donyell_malen__ned,Donyell Malen,NED,FWD,2,SWE,0.7971,0.4226,0.0,0,1.096146,1.096147,unchanged_already_consistent
donyell_malen__ned,Donyell Malen,NED,FWD,3,TUN,0.7971,0.4624,0.0,0,0.943416,0.943418,unchanged_already_consistent
cristian_romero__arg,Cristian Romero,ARG,DEF,1,ALG,0.6811,0.5135,0.349745,0.349745,1.15621,1.15621,unchanged_already_consistent
cristian_romero__arg,Cristian Romero,ARG,DEF,2,AUT,0.6811,0.4226,0.287833,0.287833,0.886494,0.886495,unchanged_already_consistent
cristian_romero__arg,Cristian Romero,ARG,DEF,3,JOR,0.6811,0.5774,0.393267,0.393267,1.055371,1.055371,unchanged_already_consistent
dan_ndoye__sui,Dan Ndoye,SUI,FWD,1,QAT,0.906,0.5585,0.0,0,1.17609,1.176089,unchanged_already_consistent
dan_ndoye__sui,Dan Ndoye,SUI,FWD,2,BIH,0.906,0.4624,0.0,0,1.166746,1.166748,unchanged_already_consistent
dan_ndoye__sui,Dan Ndoye,SUI,FWD,3,CAN,0.906,0.3547,0.0,0,0.885078,0.885079,unchanged_already_consistent
arthur_theate__bel,Arthur Theate,BEL,DEF,1,EGY,0.86,0.3923,0.337378,0.337378,1.109362,1.109362,unchanged_already_consistent
arthur_theate__bel,Arthur Theate,BEL,DEF,2,IRN,0.86,0.5,0.43,0.43,1.243028,1.243028,unchanged_already_consistent
arthur_theate__bel,Arthur Theate,BEL,DEF,3,NZL,0.86,0.5135,0.44161,0.44161,1.165168,1.165168,unchanged_already_consistent
remo_freuler__sui,Remo Freuler,SUI,MID,1,QAT,0.9381,0.5585,0.0,0,1.330838,1.330837,unchanged_already_consistent
remo_freuler__sui,Remo Freuler,SUI,MID,2,BIH,0.9381,0.4624,0.0,0,1.325004,1.325006,unchanged_already_consistent
remo_freuler__sui,Remo Freuler,SUI,MID,3,CAN,0.9381,0.3547,0.0,0,0.99369,0.993691,unchanged_already_consistent
casemiro__bra,Casemiro,BRA,MID,1,MAR,0.8252,0.4624,0.0,0,1.166656,1.167004,unchanged_already_consistent
casemiro__bra,Casemiro,BRA,MID,2,HAI,0.8252,0.6453,0.0,0,1.274281,1.274577,unchanged_already_consistent
casemiro__bra,Casemiro,BRA,MID,3,SCO,0.8252,0.5,0.0,0,0.947336,0.947568,unchanged_already_consistent
ugurcan_cakir__tur,Ugurcan Cakir,TUR,GK,1,AUS,0.917,0.411,0.373846,0.376887,1.23439,1.244838,rebuilt_from_fixture_clean_sheet_prob
ugurcan_cakir__tur,Ugurcan Cakir,TUR,GK,2,PAR,0.917,0.375,0.3411,0.343875,1.046488,1.055388,rebuilt_from_fixture_clean_sheet_prob
ugurcan_cakir__tur,Ugurcan Cakir,TUR,GK,3,USA,0.917,0.2766,0.251595,0.253642,0.761177,0.767737,rebuilt_from_fixture_clean_sheet_prob
scott_mctominay__sco,Scott McTominay,SCO,MID,1,HAI,0.934,0.4865,0.0,0,1.815196,1.815196,unchanged_already_consistent
scott_mctominay__sco,Scott McTominay,SCO,MID,2,MAR,0.934,0.25,0.0,0,0.877777,0.877777,unchanged_already_consistent
scott_mctominay__sco,Scott McTominay,SCO,MID,3,BRA,0.934,0.1358,0.0,0,0.668233,0.668233,unchanged_already_consistent
math_as_olivera__uru,Mathias Olivera,URU,DEF,1,KSA,0.8746,0.4865,0.425493,0.425493,1.255992,1.255992,unchanged_already_consistent
math_as_olivera__uru,Mathias Olivera,URU,DEF,2,CPV,0.8746,0.5,0.4373,0.4373,1.246617,1.246617,unchanged_already_consistent
math_as_olivera__uru,Mathias Olivera,URU,DEF,3,ESP,0.8746,0.1717,0.150169,0.150169,0.431529,0.431529,unchanged_already_consistent
florian_wirtz__ger,Florian Wirtz,GER,MID,1,CUW,0.924,0.6881,0.0,0,1.330726,1.330726,unchanged_already_consistent
florian_wirtz__ger,Florian Wirtz,GER,MID,2,CIV,0.924,0.4226,0.0,0,1.040505,1.040505,unchanged_already_consistent
florian_wirtz__ger,Florian Wirtz,GER,MID,3,ECU,0.924,0.411,0.0,0,0.78394,0.78394,unchanged_already_consistent
kevin_de_bruyne__bel,Kevin De Bruyne,BEL,MID,1,EGY,0.9135,0.3923,0.0,0,1.077375,1.077375,unchanged_already_consistent
kevin_de_bruyne__bel,Kevin De Bruyne,BEL,MID,2,IRN,0.9135,0.5,0.0,0,1.125565,1.125566,unchanged_already_consistent
kevin_de_bruyne__bel,Kevin De Bruyne,BEL,MID,3,NZL,0.9135,0.5135,0.0,0,0.950974,0.950975,unchanged_already_consistent
nico_elvedi__sui,Nico Elvedi,SUI,DEF,1,QAT,0.8785,0.5585,0.490642,0.490642,1.418606,1.418605,unchanged_already_consistent
nico_elvedi__sui,Nico Elvedi,SUI,DEF,2,BIH,0.8785,0.4624,0.406218,0.406218,1.15476,1.15476,unchanged_already_consistent
nico_elvedi__sui,Nico Elvedi,SUI,DEF,3,CAN,0.8785,0.3547,0.311604,0.311604,0.858185,0.858186,unchanged_already_consistent
marc_gu_hi__eng,Marc Guehi,ENG,DEF,1,CRO,0.6351,0.4118,0.25861,0.261534,0.977047,0.98348,rebuilt_from_fixture_clean_sheet_prob
marc_gu_hi__eng,Marc Guehi,ENG,DEF,2,GHA,0.6351,0.5,0.314,0.31755,1.099768,1.107187,rebuilt_from_fixture_clean_sheet_prob
marc_gu_hi__eng,Marc Guehi,ENG,DEF,3,PAN,0.6351,0.5376,0.337613,0.34143,1.010562,1.018121,rebuilt_from_fixture_clean_sheet_prob
ronald_ara_jo__uru,Ronald Araujo,URU,DEF,1,KSA,0.8422,0.4865,0.40973,0.40973,1.191099,1.191099,unchanged_already_consistent
ronald_ara_jo__uru,Ronald Araujo,URU,DEF,2,CPV,0.8422,0.5,0.4211,0.4211,1.171362,1.171362,unchanged_already_consistent
ronald_ara_jo__uru,Ronald Araujo,URU,DEF,3,ESP,0.8422,0.1717,0.144606,0.144606,0.403994,0.403995,unchanged_already_consistent
pedro_porro__esp,Pedro Porro,ESP,DEF,1,CPV,0.5708,0.625,0.35675,0.35675,1.126386,1.126386,unchanged_already_consistent
pedro_porro__esp,Pedro Porro,ESP,DEF,2,KSA,0.5708,0.6627,0.378269,0.378269,1.320886,1.320886,unchanged_already_consistent
pedro_porro__esp,Pedro Porro,ESP,DEF,3,URU,0.5708,0.4226,0.24122,0.24122,0.850306,0.850306,unchanged_already_consistent
piero_hincapi__ecu,Piero Hincapie,ECU,DEF,1,CIV,0.9126,0.4226,0.385665,0.385665,1.082218,1.082218,unchanged_already_consistent
piero_hincapi__ecu,Piero Hincapie,ECU,DEF,2,CUW,0.9126,0.5585,0.509687,0.509687,1.465936,1.465938,unchanged_already_consistent
piero_hincapi__ecu,Piero Hincapie,ECU,DEF,3,GER,0.9126,0.1717,0.156693,0.156693,0.485487,0.485487,unchanged_already_consistent
alistair_johnston__can,Alistair Johnston,CAN,DEF,1,BIH,0.9134,0.4226,0.386003,0.386003,1.2061,1.206098,unchanged_already_consistent
alistair_johnston__can,Alistair Johnston,CAN,DEF,2,QAT,0.9134,0.5774,0.527397,0.527397,1.540366,1.540367,unchanged_already_consistent
alistair_johnston__can,Alistair Johnston,CAN,DEF,3,SUI,0.9134,0.25,0.22835,0.22835,0.625316,0.625316,unchanged_already_consistent
johan_mojica__col,Johan Mojica,COL,DEF,1,UZB,0.8105,0.5,0.40525,0.40525,1.236764,1.236764,unchanged_already_consistent
johan_mojica__col,Johan Mojica,COL,DEF,2,COD,0.8105,0.5376,0.435725,0.435725,1.218317,1.218317,unchanged_already_consistent
johan_mojica__col,Johan Mojica,COL,DEF,3,POR,0.8105,0.25,0.202625,0.202625,0.558967,0.558969,unchanged_already_consistent
gonzalo_plata__ecu,Gonzalo Plata,ECU,MID,1,CIV,0.7824,0.4226,0.0,0,1.067997,1.067997,unchanged_already_consistent
gonzalo_plata__ecu,Gonzalo Plata,ECU,MID,2,CUW,0.7824,0.5585,0.0,0,1.784636,1.784636,unchanged_already_consistent
gonzalo_plata__ecu,Gonzalo Plata,ECU,MID,3,GER,0.7824,0.1717,0.0,0,0.65051,0.65051,unchanged_already_consistent
alphonso_davies__can,Alphonso Davies,CAN,DEF,1,BIH,0.892,0.4226,0.376959,0.376959,1.0019,1.001898,unchanged_already_consistent
alphonso_davies__can,Alphonso Davies,CAN,DEF,2,QAT,0.892,0.5774,0.515041,0.515041,1.268079,1.268079,unchanged_already_consistent
alphonso_davies__can,Alphonso Davies,CAN,DEF,3,SUI,0.892,0.25,0.223,0.223,0.573318,0.573318,unchanged_already_consistent
leandro_trossard__bel,Leandro Trossard,BEL,FWD,1,EGY,0.5943,0.3923,0.0,0,1.051808,1.063527,unchanged_already_consistent
leandro_trossard__bel,Leandro Trossard,BEL,FWD,2,IRN,0.5943,0.5,0.0,0,1.089757,1.102352,unchanged_already_consistent
leandro_trossard__bel,Leandro Trossard,BEL,FWD,3,NZL,0.5943,0.5135,0.0,0,0.929858,0.940623,unchanged_already_consistent
maxim_de_cuyper__bel,Maxim De Cuyper,BEL,DEF,1,EGY,0.6436,0.3923,0.252484,0.252484,0.974598,0.974598,unchanged_already_consistent
maxim_de_cuyper__bel,Maxim De Cuyper,BEL,DEF,2,IRN,0.6436,0.5,0.3218,0.3218,1.077443,1.077443,unchanged_already_consistent
maxim_de_cuyper__bel,Maxim De Cuyper,BEL,DEF,3,NZL,0.6436,0.5135,0.330489,0.330489,0.996432,0.996434,unchanged_already_consistent
diogo_costa__por,Diogo Costa,POR,GK,1,COD,0.6244,0.5,0.31245,0.3122,1.079732,1.079032,rebuilt_from_fixture_clean_sheet_prob
diogo_costa__por,Diogo Costa,POR,GK,2,UZB,0.6244,0.5,0.31245,0.3122,0.978137,0.977472,rebuilt_from_fixture_clean_sheet_prob
diogo_costa__por,Diogo Costa,POR,GK,3,COL,0.6244,0.3547,0.221652,0.221475,0.65892,0.658475,rebuilt_from_fixture_clean_sheet_prob
mehdi_taremi__irn,Mehdi Taremi,IRN,FWD,1,NZL,0.9302,0.411,0.0,0,1.840442,1.840442,unchanged_already_consistent
mehdi_taremi__irn,Mehdi Taremi,IRN,FWD,2,BEL,0.9302,0.1459,0.0,0,0.666903,0.666903,unchanged_already_consistent
mehdi_taremi__irn,Mehdi Taremi,IRN,FWD,3,EGY,0.9302,0.2904,0.0,0,0.8621,0.8621,unchanged_already_consistent
nahuel_molina__arg,Nahuel Molina,ARG,DEF,1,ALG,0.6568,0.5135,0.341118,0.337267,1.106455,1.097982,rebuilt_from_fixture_clean_sheet_prob
nahuel_molina__arg,Nahuel Molina,ARG,DEF,2,AUT,0.6568,0.4226,0.280733,0.277564,0.850733,0.84411,rebuilt_from_fixture_clean_sheet_prob
nahuel_molina__arg,Nahuel Molina,ARG,DEF,3,JOR,0.6568,0.5774,0.383567,0.379236,0.993516,0.98494,rebuilt_from_fixture_clean_sheet_prob
achraf_hakimi__mar,Achraf Hakimi,MAR,DEF,1,BRA,0.8511,0.1883,0.160262,0.160262,0.4492,0.4492,unchanged_already_consistent
achraf_hakimi__mar,Achraf Hakimi,MAR,DEF,2,SCO,0.8511,0.411,0.349802,0.349802,0.997482,0.997484,unchanged_already_consistent
achraf_hakimi__mar,Achraf Hakimi,MAR,DEF,3,HAI,0.8511,0.5585,0.475339,0.475339,1.359837,1.359837,unchanged_already_consistent
zion_suzuki__jpn,Zion Suzuki,JPN,GK,1,NED,0.9433,0.217,0.204696,0.204696,0.657421,0.657422,unchanged_already_consistent
zion_suzuki__jpn,Zion Suzuki,JPN,GK,2,TUN,0.9433,0.4415,0.416467,0.416467,1.227362,1.227362,unchanged_already_consistent
zion_suzuki__jpn,Zion Suzuki,JPN,GK,3,SWE,0.9433,0.3547,0.334589,0.334589,0.984492,0.984492,unchanged_already_consistent
alexander_s_rloth__nor,Alexander Sørloth,NOR,FWD,1,IRQ,0.8805,0.5585,0.0,0,1.25329,1.253291,unchanged_already_consistent
alexander_s_rloth__nor,Alexander Sørloth,NOR,FWD,2,SEN,0.8805,0.3373,0.0,0,0.97755,0.977551,unchanged_already_consistent
alexander_s_rloth__nor,Alexander Sørloth,NOR,FWD,3,FRA,0.8805,0.2077,0.0,0,0.535608,0.535608,unchanged_already_consistent
philipp_lienhart__aut,Philipp Lienhart,AUT,DEF,1,JOR,0.84,0.4865,0.40866,0.40866,1.705033,1.705033,unchanged_already_consistent
philipp_lienhart__aut,Philipp Lienhart,AUT,DEF,2,ARG,0.84,0.1883,0.158172,0.158172,0.545388,0.545388,unchanged_already_consistent
philipp_lienhart__aut,Philipp Lienhart,AUT,DEF,3,ALG,0.84,0.3547,0.297948,0.297948,0.984288,0.984288,unchanged_already_consistent
willian_pacho__ecu,Willian Pacho,ECU,DEF,1,CIV,0.9359,0.4226,0.395511,0.395511,1.14488,1.14488,unchanged_already_consistent
willian_pacho__ecu,Willian Pacho,ECU,DEF,2,CUW,0.9359,0.5585,0.5227,0.5227,1.552846,1.552846,unchanged_already_consistent
willian_pacho__ecu,Willian Pacho,ECU,DEF,3,GER,0.9359,0.1717,0.160694,0.160694,0.515369,0.51537,unchanged_already_consistent
dayot_upamecano__fra,Dayot Upamecano,FRA,DEF,1,SEN,0.6508,0.4624,0.30093,0.30093,0.978966,0.978966,unchanged_already_consistent
dayot_upamecano__fra,Dayot Upamecano,FRA,DEF,2,IRQ,0.6508,0.6627,0.431285,0.431285,1.214614,1.214616,unchanged_already_consistent
dayot_upamecano__fra,Dayot Upamecano,FRA,DEF,3,NOR,0.6508,0.375,0.24405,0.24405,0.687164,0.687164,unchanged_already_consistent
julian_ryerson__nor,Julian Ryerson,NOR,DEF,1,IRQ,0.88,0.5585,0.49148,0.49148,1.439929,1.439929,unchanged_already_consistent
julian_ryerson__nor,Julian Ryerson,NOR,DEF,2,SEN,0.88,0.3373,0.296824,0.296824,0.877195,0.877195,unchanged_already_consistent
julian_ryerson__nor,Julian Ryerson,NOR,DEF,3,FRA,0.88,0.2077,0.182776,0.182776,0.512875,0.512876,unchanged_already_consistent
ruben_vargas__sui,Ruben Vargas,SUI,FWD,1,QAT,0.9149,0.5585,0.0,0,1.153742,1.153741,unchanged_already_consistent
ruben_vargas__sui,Ruben Vargas,SUI,FWD,2,BIH,0.9149,0.4624,0.0,0,1.144858,1.144859,unchanged_already_consistent
ruben_vargas__sui,Ruben Vargas,SUI,FWD,3,CAN,0.9149,0.3547,0.0,0,0.882992,0.882994,unchanged_already_consistent
nicol_s_tagliafico__arg,Nicolas Tagliafico,ARG,DEF,1,ALG,0.8693,0.5135,0.330489,0.446386,1.060814,1.37448,rebuilt_from_fixture_clean_sheet_prob
nicol_s_tagliafico__arg,Nicolas Tagliafico,ARG,DEF,2,AUT,0.8693,0.4226,0.271985,0.367366,0.815889,1.06226,rebuilt_from_fixture_clean_sheet_prob
nicol_s_tagliafico__arg,Nicolas Tagliafico,ARG,DEF,3,JOR,0.8693,0.5774,0.371615,0.501934,0.976045,1.283548,rebuilt_from_fixture_clean_sheet_prob
stefan_posch__aut,Stefan Posch,AUT,DEF,1,JOR,0.84,0.4865,0.40866,0.40866,1.647953,1.647953,unchanged_already_consistent
stefan_posch__aut,Stefan Posch,AUT,DEF,2,ARG,0.84,0.1883,0.158172,0.158172,0.53712,0.53712,unchanged_already_consistent
stefan_posch__aut,Stefan Posch,AUT,DEF,3,ALG,0.84,0.3547,0.297948,0.297948,0.955044,0.955044,unchanged_already_consistent
lyle_foster__rsa,Lyle Foster,RSA,FWD,1,MEX,0.8284,0.1717,0.0,0,0.833849,0.833849,unchanged_already_consistent
lyle_foster__rsa,Lyle Foster,RSA,FWD,2,CZE,0.8284,0.25,0.0,0,1.015049,1.015049,unchanged_already_consistent
lyle_foster__rsa,Lyle Foster,RSA,FWD,3,KOR,0.8284,0.2337,0.0,0,1.275602,1.275602,unchanged_already_consistent
julio_soler__arg,Julio Soler,ARG,DEF,1,ALG,0.8253,0.5135,0.423792,0.423792,1.139938,1.139938,unchanged_already_consistent
julio_soler__arg,Julio Soler,ARG,DEF,2,AUT,0.8253,0.4226,0.348772,0.348772,0.872898,0.872899,unchanged_already_consistent
julio_soler__arg,Julio Soler,ARG,DEF,3,JOR,0.8253,0.5774,0.476528,0.476528,1.070063,1.070063,unchanged_already_consistent
john_stones__eng,John Stones,ENG,DEF,1,CRO,0.6587,0.4118,0.269564,0.271253,0.84973,0.853446,rebuilt_from_fixture_clean_sheet_prob
john_stones__eng,John Stones,ENG,DEF,2,GHA,0.6587,0.5,0.3273,0.32935,0.972469,0.976754,rebuilt_from_fixture_clean_sheet_prob
john_stones__eng,John Stones,ENG,DEF,3,PAN,0.6587,0.5376,0.351913,0.354117,0.899265,0.90363,rebuilt_from_fixture_clean_sheet_prob
declan_rice__eng,Declan Rice,ENG,MID,1,CRO,0.9095,0.4118,0.0,0,0.96386,0.96386,unchanged_already_consistent
declan_rice__eng,Declan Rice,ENG,MID,2,GHA,0.9095,0.5,0.0,0,1.106304,1.106304,unchanged_already_consistent
declan_rice__eng,Declan Rice,ENG,MID,3,PAN,0.9095,0.5376,0.0,0,0.856118,0.856121,unchanged_already_consistent
alexander_schlager__aut,Alexander Schlager,AUT,GK,1,JOR,0.9212,0.4865,0.448164,0.448164,1.49587,1.49587,unchanged_already_consistent
alexander_schlager__aut,Alexander Schlager,AUT,GK,2,ARG,0.9212,0.1883,0.173462,0.173462,0.591489,0.591489,unchanged_already_consistent
alexander_schlager__aut,Alexander Schlager,AUT,GK,3,ALG,0.9212,0.3547,0.32675,0.32675,0.960247,0.960247,unchanged_already_consistent
james_rodr_guez__col,James Rodriguez,COL,MID,1,UZB,0.82,0.5,0.0,0,1.203416,1.203416,unchanged_already_consistent
james_rodr_guez__col,James Rodriguez,COL,MID,2,COD,0.82,0.5376,0.0,0,1.219317,1.219317,unchanged_already_consistent
james_rodr_guez__col,James Rodriguez,COL,MID,3,POR,0.82,0.25,0.0,0,0.573439,0.573442,unchanged_already_consistent
jamal_musiala__ger,Jamal Musiala,GER,MID,1,CUW,0.8984,0.6881,0.0,0,1.164406,1.164406,unchanged_already_consistent
jamal_musiala__ger,Jamal Musiala,GER,MID,2,CIV,0.8984,0.4226,0.0,0,0.895365,0.895365,unchanged_already_consistent
jamal_musiala__ger,Jamal Musiala,GER,MID,3,ECU,0.8984,0.411,0.0,0,0.681489,0.681489,unchanged_already_consistent
gabriel_magalh_es__bra,Gabriel Magalhaes,BRA,DEF,1,MAR,0.3742,0.4624,0.279336,0.17303,0.891387,0.622102,rebuilt_from_fixture_clean_sheet_prob
gabriel_magalh_es__bra,Gabriel Magalhaes,BRA,DEF,2,HAI,0.3742,0.6453,0.389826,0.241471,1.085864,0.730525,rebuilt_from_fixture_clean_sheet_prob
gabriel_magalh_es__bra,Gabriel Magalhaes,BRA,DEF,3,SCO,0.3742,0.5,0.30205,0.1871,0.786385,0.528901,rebuilt_from_fixture_clean_sheet_prob
jules_kounde__fra,Jules Kounde,FRA,DEF,1,SEN,0.6814,0.4624,0.315079,0.315079,0.907738,0.907738,unchanged_already_consistent
jules_kounde__fra,Jules Kounde,FRA,DEF,2,IRQ,0.6814,0.6627,0.451564,0.451564,1.143819,1.143821,unchanged_already_consistent
jules_kounde__fra,Jules Kounde,FRA,DEF,3,NOR,0.6814,0.375,0.255525,0.255525,0.650493,0.650493,unchanged_already_consistent
jo_o_cancelo__por,João Cancelo,POR,DEF,1,COD,0.6523,0.5,0.3237,0.32615,1.005015,1.010405,rebuilt_from_fixture_clean_sheet_prob
jo_o_cancelo__por,João Cancelo,POR,DEF,2,UZB,0.6523,0.5,0.3237,0.32615,0.92492,0.930041,rebuilt_from_fixture_clean_sheet_prob
jo_o_cancelo__por,João Cancelo,POR,DEF,3,COL,0.6523,0.3547,0.229633,0.231371,0.584877,0.588319,rebuilt_from_fixture_clean_sheet_prob
bernardo_silva__por,Bernardo Silva,POR,MID,1,COD,0.8941,0.5,0.0,0,1.11866,1.118661,unchanged_already_consistent
bernardo_silva__por,Bernardo Silva,POR,MID,2,UZB,0.8941,0.5,0.0,0,1.041884,1.041884,unchanged_already_consistent
bernardo_silva__por,Bernardo Silva,POR,MID,3,COL,0.8941,0.3547,0.0,0,0.561573,0.561573,unchanged_already_consistent
kristoffer_ajer__nor,Kristoffer Ajer,NOR,DEF,1,IRQ,0.9075,0.5585,0.506839,0.506839,1.489638,1.489638,unchanged_already_consistent
kristoffer_ajer__nor,Kristoffer Ajer,NOR,DEF,2,SEN,0.9075,0.3373,0.3061,0.3061,0.906105,0.906105,unchanged_already_consistent
kristoffer_ajer__nor,Kristoffer Ajer,NOR,DEF,3,FRA,0.9075,0.2077,0.188488,0.188488,0.531042,0.531042,unchanged_already_consistent
pedro_neto__por,Pedro Neto,POR,FWD,1,COD,0.3638,0.5,0.0,0,1.102542,0.750057,unchanged_already_consistent
pedro_neto__por,Pedro Neto,POR,FWD,2,UZB,0.3638,0.5,0.0,0,1.037508,0.690899,unchanged_already_consistent
pedro_neto__por,Pedro Neto,POR,FWD,3,COL,0.3638,0.3547,0.0,0,0.577498,0.3916,unchanged_already_consistent
bukayo_saka__eng,Bukayo Saka,ENG,FWD,1,CRO,0.639,0.4118,0.0,0,0.767476,0.767476,unchanged_already_consistent
bukayo_saka__eng,Bukayo Saka,ENG,FWD,2,GHA,0.639,0.5,0.0,0,0.867631,0.867631,unchanged_already_consistent
bukayo_saka__eng,Bukayo Saka,ENG,FWD,3,PAN,0.639,0.5376,0.0,0,0.67227,0.672272,unchanged_already_consistent
ferdi_kadioglu__tur,Ferdi Kadioglu,TUR,DEF,1,AUS,0.918,0.411,0.377298,0.377298,1.019871,1.019871,unchanged_already_consistent
ferdi_kadioglu__tur,Ferdi Kadioglu,TUR,DEF,2,PAR,0.918,0.375,0.34425,0.34425,0.860368,0.860369,unchanged_already_consistent
ferdi_kadioglu__tur,Ferdi Kadioglu,TUR,DEF,3,USA,0.918,0.2766,0.253919,0.253919,0.631507,0.631507,unchanged_already_consistent
ezri_konsa__eng,Ezri Konsa,ENG,DEF,1,CRO,0.5823,0.4118,0.239791,0.239791,0.854429,0.854429,unchanged_already_consistent
ezri_konsa__eng,Ezri Konsa,ENG,DEF,2,GHA,0.5823,0.5,0.29115,0.29115,0.956935,0.956935,unchanged_already_consistent
ezri_konsa__eng,Ezri Konsa,ENG,DEF,3,PAN,0.5823,0.5376,0.313044,0.313044,0.890368,0.890369,unchanged_already_consistent
maxime_cr_peau__can,Maxime Crepeau,CAN,GK,1,BIH,0.9448,0.4226,0.386172,0.399272,1.231832,1.267694,rebuilt_from_fixture_clean_sheet_prob
maxime_cr_peau__can,Maxime Crepeau,CAN,GK,2,QAT,0.9448,0.5774,0.527628,0.545528,1.574443,1.621284,rebuilt_from_fixture_clean_sheet_prob
maxime_cr_peau__can,Maxime Crepeau,CAN,GK,3,SUI,0.9448,0.25,0.22845,0.2362,0.687424,0.706221,rebuilt_from_fixture_clean_sheet_prob
youri_tielemans__bel,Youri Tielemans,BEL,MID,1,EGY,0.8737,0.3923,0.0,0,1.013909,1.013909,unchanged_already_consistent
youri_tielemans__bel,Youri Tielemans,BEL,MID,2,IRN,0.8737,0.5,0.0,0,1.054463,1.054463,unchanged_already_consistent
youri_tielemans__bel,Youri Tielemans,BEL,MID,3,NZL,0.8737,0.5135,0.0,0,0.897142,0.897142,unchanged_already_consistent
nayef_aguerd__mar,Nayef Aguerd,MAR,DEF,1,BRA,0.8342,0.1883,0.15708,0.15708,0.445198,0.445198,unchanged_already_consistent
nayef_aguerd__mar,Nayef Aguerd,MAR,DEF,2,SCO,0.8342,0.411,0.342856,0.342856,1.003261,1.003262,unchanged_already_consistent
nayef_aguerd__mar,Nayef Aguerd,MAR,DEF,3,HAI,0.8342,0.5585,0.465901,0.465901,1.371997,1.371998,unchanged_already_consistent
ferr_n_torres__esp,Ferran Torres,ESP,FWD,1,CPV,0.5696,0.625,0.0,0,0.888192,0.888192,unchanged_already_consistent
ferr_n_torres__esp,Ferran Torres,ESP,FWD,2,KSA,0.5696,0.6627,0.0,0,1.061554,1.061554,unchanged_already_consistent
ferr_n_torres__esp,Ferran Torres,ESP,FWD,3,URU,0.5696,0.4226,0.0,0,0.748678,0.748678,unchanged_already_consistent
jos_mar_a_gim_nez__uru,Jose Maria Gimenez,URU,DEF,1,KSA,0.6709,0.4865,0.326393,0.326393,0.98193,0.98193,unchanged_already_consistent
jos_mar_a_gim_nez__uru,Jose Maria Gimenez,URU,DEF,2,CPV,0.6709,0.5,0.33545,0.33545,0.960275,0.960275,unchanged_already_consistent
jos_mar_a_gim_nez__uru,Jose Maria Gimenez,URU,DEF,3,ESP,0.6709,0.1717,0.115194,0.115194,0.343087,0.343087,unchanged_already_consistent
oliver_baumann__ger,Oliver Baumann,GER,GK,1,CUW,0.6484,0.6881,0.375152,0.446164,1.207451,1.432557,rebuilt_from_fixture_clean_sheet_prob
oliver_baumann__ger,Oliver Baumann,GER,GK,2,CIV,0.6484,0.4226,0.230402,0.274014,0.69704,0.829479,rebuilt_from_fixture_clean_sheet_prob
oliver_baumann__ger,Oliver Baumann,GER,GK,3,ECU,0.6484,0.411,0.224077,0.266492,0.624615,0.744472,rebuilt_from_fixture_clean_sheet_prob
enzo_fern_ndez__arg,Enzo Fernandez,ARG,MID,1,ALG,0.6606,0.5135,0.0,0,1.007298,0.80654,unchanged_already_consistent
enzo_fern_ndez__arg,Enzo Fernandez,ARG,MID,2,AUT,0.6606,0.4226,0.0,0,0.808702,0.64129,unchanged_already_consistent
enzo_fern_ndez__arg,Enzo Fernandez,ARG,MID,3,JOR,0.6606,0.5774,0.0,0,0.772979,0.609827,unchanged_already_consistent
daniel_mu_oz__col,Daniel Muñoz,COL,DEF,1,UZB,0.6497,0.5,0.32485,0.32485,1.002782,1.002782,unchanged_already_consistent
daniel_mu_oz__col,Daniel Muñoz,COL,DEF,2,COD,0.6497,0.5376,0.349279,0.349279,0.981989,0.981989,unchanged_already_consistent
daniel_mu_oz__col,Daniel Muñoz,COL,DEF,3,POR,0.6497,0.25,0.162425,0.162425,0.472459,0.472462,unchanged_already_consistent
alexis_mac_allister__arg,Alexis Mac Allister,ARG,MID,1,ALG,0.6336,0.5135,0.0,0,1.109007,1.109007,unchanged_already_consistent
alexis_mac_allister__arg,Alexis Mac Allister,ARG,MID,2,AUT,0.6336,0.4226,0.0,0,0.902919,0.902919,unchanged_already_consistent
alexis_mac_allister__arg,Alexis Mac Allister,ARG,MID,3,JOR,0.6336,0.5774,0.0,0,0.867321,0.867321,unchanged_already_consistent
zeno_debast__bel,Zeno Debast,BEL,DEF,1,EGY,0.6368,0.3923,0.249817,0.249817,0.826015,0.826015,unchanged_already_consistent
zeno_debast__bel,Zeno Debast,BEL,DEF,2,IRN,0.6368,0.5,0.3184,0.3184,0.93042,0.93042,unchanged_already_consistent
zeno_debast__bel,Zeno Debast,BEL,DEF,3,NZL,0.6368,0.5135,0.326997,0.326997,0.866942,0.866942,unchanged_already_consistent
pervis_estupi_n__ecu,Pervis Estupinan,ECU,DEF,1,CIV,0.706,0.4226,0.298356,0.298356,0.850548,0.850548,unchanged_already_consistent
pervis_estupi_n__ecu,Pervis Estupinan,ECU,DEF,2,CUW,0.706,0.5585,0.394301,0.394301,1.139876,1.139878,unchanged_already_consistent
pervis_estupi_n__ecu,Pervis Estupinan,ECU,DEF,3,GER,0.706,0.1717,0.12122,0.12122,0.39375,0.39375,unchanged_already_consistent
yassine_bono_bounou__mar,Yassine 'Bono' Bounou,MAR,GK,1,BRA,0.7956,0.1883,0.149811,0.149811,0.473479,0.473479,unchanged_already_consistent
yassine_bono_bounou__mar,Yassine 'Bono' Bounou,MAR,GK,2,SCO,0.7956,0.411,0.326992,0.326992,0.982124,0.982125,unchanged_already_consistent
yassine_bono_bounou__mar,Yassine 'Bono' Bounou,MAR,GK,3,HAI,0.7956,0.5585,0.444343,0.444343,1.260851,1.260851,unchanged_already_consistent
der_milit_o__bra,Eder Militão,BRA,DEF,1,MAR,0.6273,0.4624,0.290064,0.290064,0.929989,0.929989,unchanged_already_consistent
der_milit_o__bra,Eder Militão,BRA,DEF,2,HAI,0.6273,0.6453,0.404797,0.404797,1.142662,1.142662,unchanged_already_consistent
der_milit_o__bra,Eder Militão,BRA,DEF,3,SCO,0.6273,0.5,0.31365,0.31365,0.827166,0.827166,unchanged_already_consistent
tijjani_reijnders__ned,Tijjani Reijnders,NED,MID,1,JPN,0.6768,0.3373,0.0,0,0.817263,0.817263,unchanged_already_consistent
tijjani_reijnders__ned,Tijjani Reijnders,NED,MID,2,SWE,0.6768,0.4226,0.0,0,0.90566,0.90566,unchanged_already_consistent
tijjani_reijnders__ned,Tijjani Reijnders,NED,MID,3,TUN,0.6768,0.4624,0.0,0,0.766375,0.766375,unchanged_already_consistent
iliman_ndiaye__sen,Iliman Ndiaye,SEN,MID,1,FRA,0.8253,0.1573,0.0,0,0.548467,0.548467,unchanged_already_consistent
iliman_ndiaye__sen,Iliman Ndiaye,SEN,MID,2,NOR,0.8253,0.2337,0.0,0,0.77135,0.77135,unchanged_already_consistent
iliman_ndiaye__sen,Iliman Ndiaye,SEN,MID,3,IRQ,0.8253,0.5,0.0,0,1.765167,1.765168,unchanged_already_consistent
oscar_bobb__nor,Oscar Bobb,NOR,MID,1,IRQ,0.6439,0.5585,0.0,0,1.462742,1.462743,unchanged_already_consistent
oscar_bobb__nor,Oscar Bobb,NOR,MID,2,SEN,0.6439,0.3373,0.0,0,1.140336,1.140336,unchanged_already_consistent
oscar_bobb__nor,Oscar Bobb,NOR,MID,3,FRA,0.6439,0.2077,0.0,0,0.608314,0.608315,unchanged_already_consistent
ibrahima_konat__fra,Ibrahima Konate,FRA,DEF,1,SEN,0.6158,0.4624,0.284746,0.284746,0.966807,0.966807,unchanged_already_consistent
ibrahima_konat__fra,Ibrahima Konate,FRA,DEF,2,IRQ,0.6158,0.6627,0.408091,0.408091,1.183626,1.183628,unchanged_already_consistent
ibrahima_konat__fra,Ibrahima Konate,FRA,DEF,3,NOR,0.6158,0.375,0.230925,0.230925,0.674252,0.674252,unchanged_already_consistent
granit_xhaka__sui,Granit Xhaka,SUI,MID,1,QAT,0.9302,0.5585,0.0,0,0.921138,0.92142,unchanged_already_consistent
granit_xhaka__sui,Granit Xhaka,SUI,MID,2,BIH,0.9302,0.4624,0.0,0,0.917021,0.917264,unchanged_already_consistent
granit_xhaka__sui,Granit Xhaka,SUI,MID,3,CAN,0.9302,0.3547,0.0,0,0.68851,0.688733,unchanged_already_consistent
wesley_franca__bra,Wesley Franca,BRA,DEF,1,MAR,0.6273,0.4624,0.290064,0.290064,0.769857,0.769857,unchanged_already_consistent
wesley_franca__bra,Wesley Franca,BRA,DEF,2,HAI,0.6273,0.6453,0.404797,0.404797,0.953699,0.9537,unchanged_already_consistent
wesley_franca__bra,Wesley Franca,BRA,DEF,3,SCO,0.6273,0.5,0.31365,0.31365,0.696343,0.696343,unchanged_already_consistent
jes_s_gallardo__mex,Jesus Gallardo,MEX,DEF,1,RSA,0.6424,0.5376,0.345354,0.345354,1.11206,1.11206,unchanged_already_consistent
jes_s_gallardo__mex,Jesus Gallardo,MEX,DEF,2,KOR,0.6424,0.4415,0.28362,0.28362,0.852503,0.852504,unchanged_already_consistent
jes_s_gallardo__mex,Jesus Gallardo,MEX,DEF,3,CZE,0.6424,0.411,0.264026,0.264026,0.715272,0.715273,unchanged_already_consistent
pedri__esp,Pedri,ESP,MID,1,CPV,0.6444,0.625,0.0,0,0.779074,0.779074,unchanged_already_consistent
pedri__esp,Pedri,ESP,MID,2,KSA,0.6444,0.6627,0.0,0,0.965686,0.965686,unchanged_already_consistent
pedri__esp,Pedri,ESP,MID,3,URU,0.6444,0.4226,0.0,0,0.676255,0.676255,unchanged_already_consistent
marcus_thuram__fra,Marcus Thuram,FRA,FWD,1,SEN,0.5582,0.4624,0.0,0,0.900053,0.900053,unchanged_already_consistent
marcus_thuram__fra,Marcus Thuram,FRA,FWD,2,IRQ,0.5582,0.6627,0.0,0,0.897818,0.897819,unchanged_already_consistent
marcus_thuram__fra,Marcus Thuram,FRA,FWD,3,NOR,0.5582,0.375,0.0,0,0.609782,0.609782,unchanged_already_consistent
john_mcginn__sco,John McGinn,SCO,MID,1,HAI,0.88,0.4865,0.0,0,1.422392,1.422392,unchanged_already_consistent
john_mcginn__sco,John McGinn,SCO,MID,2,MAR,0.88,0.25,0.0,0,0.670348,0.670349,unchanged_already_consistent
john_mcginn__sco,John McGinn,SCO,MID,3,BRA,0.88,0.1358,0.0,0,0.507516,0.507516,unchanged_already_consistent
konrad_laimer__aut,Konrad Laimer,AUT,MID,1,JOR,0.86,0.4865,0.0,0,1.659885,1.659885,unchanged_already_consistent
konrad_laimer__aut,Konrad Laimer,AUT,MID,2,ARG,0.86,0.1883,0.0,0,0.467031,0.467031,unchanged_already_consistent
konrad_laimer__aut,Konrad Laimer,AUT,MID,3,ALG,0.86,0.3547,0.0,0,0.843576,0.843576,unchanged_already_consistent
abdulkerim_bardakci__tur,Abdulkerim Bardakci,TUR,DEF,1,AUS,0.8864,0.411,0.36431,0.36431,0.983225,0.983225,unchanged_already_consistent
abdulkerim_bardakci__tur,Abdulkerim Bardakci,TUR,DEF,2,PAR,0.8864,0.375,0.3324,0.3324,0.829261,0.829261,unchanged_already_consistent
abdulkerim_bardakci__tur,Abdulkerim Bardakci,TUR,DEF,3,USA,0.8864,0.2766,0.245178,0.245178,0.608352,0.608352,unchanged_already_consistent
c_dric_bakambu__cod,Cedric Bakambu,COD,FWD,1,POR,0.8167,0.096,0.0,0,0.577358,0.577358,unchanged_already_consistent
c_dric_bakambu__cod,Cedric Bakambu,COD,FWD,2,COL,0.8167,0.1883,0.0,0,0.647742,0.647742,unchanged_already_consistent
c_dric_bakambu__cod,Cedric Bakambu,COD,FWD,3,UZB,0.8167,0.3373,0.0,0,1.218894,1.218895,unchanged_already_consistent
nathaniel_brown__ger,Nathaniel Brown,GER,DEF,1,CUW,0.803,0.6881,0.552544,0.552544,1.476314,1.476314,unchanged_already_consistent
nathaniel_brown__ger,Nathaniel Brown,GER,DEF,2,CIV,0.803,0.4226,0.339348,0.339348,0.865855,0.865855,unchanged_already_consistent
nathaniel_brown__ger,Nathaniel Brown,GER,DEF,3,ECU,0.803,0.411,0.330033,0.330033,0.774103,0.774104,unchanged_already_consistent
malik_tillman__usa,Malik Tillman,USA,MID,1,PAR,0.5807,0.411,0.0,0,1.043841,1.057352,unchanged_already_consistent
malik_tillman__usa,Malik Tillman,USA,MID,2,AUS,0.5807,0.4226,0.0,0,1.116421,1.13104,unchanged_already_consistent
malik_tillman__usa,Malik Tillman,USA,MID,3,TUR,0.5807,0.2766,0.0,0,0.630585,0.63841,unchanged_already_consistent
thiago_almada__arg,Thiago Almada,ARG,MID,1,ALG,0.765,0.5135,0.0,0,0.839092,0.839092,unchanged_already_consistent
thiago_almada__arg,Thiago Almada,ARG,MID,2,AUT,0.765,0.4226,0.0,0,0.670157,0.670157,unchanged_already_consistent
thiago_almada__arg,Thiago Almada,ARG,MID,3,JOR,0.765,0.5774,0.0,0,0.640498,0.640498,unchanged_already_consistent
roberto_alvarado__mex,Roberto Alvarado,MEX,MID,1,RSA,0.576,0.5376,0.0,0,1.592211,1.592211,unchanged_already_consistent
roberto_alvarado__mex,Roberto Alvarado,MEX,MID,2,KOR,0.576,0.4415,0.0,0,1.248925,1.248925,unchanged_already_consistent
roberto_alvarado__mex,Roberto Alvarado,MEX,MID,3,CZE,0.576,0.411,0.0,0,0.932105,0.932105,unchanged_already_consistent
son_heung_min__kor,Heung-Min Son,KOR,FWD,1,CZE,0.6523,0.3119,0.0,0,0.849891,0.849891,unchanged_already_consistent
son_heung_min__kor,Heung-Min Son,KOR,FWD,2,MEX,0.6523,0.2337,0.0,0,0.458324,0.458324,unchanged_already_consistent
son_heung_min__kor,Heung-Min Son,KOR,FWD,3,RSA,0.6523,0.3923,0.0,0,0.76824,0.76824,unchanged_already_consistent
firas_al_buraikan__ksa,Firas Al-Buraikan,KSA,FWD,1,URU,0.6584,0.1573,0.0,0,0.782118,0.782118,unchanged_already_consistent
firas_al_buraikan__ksa,Firas Al-Buraikan,KSA,FWD,2,ESP,0.6584,0.0741,0.0,0,0.616484,0.616484,unchanged_already_consistent
firas_al_buraikan__ksa,Firas Al-Buraikan,KSA,FWD,3,CPV,0.6584,0.3119,0.0,0,1.084619,1.084619,unchanged_already_consistent
david_m_ller_wolfe__nor,David Møller Wolfe,NOR,DEF,1,IRQ,0.6856,0.5585,0.382908,0.382908,1.198048,1.198049,unchanged_already_consistent
david_m_ller_wolfe__nor,David Møller Wolfe,NOR,DEF,2,SEN,0.6856,0.3373,0.231253,0.231253,0.739144,0.739144,unchanged_already_consistent
david_m_ller_wolfe__nor,David Møller Wolfe,NOR,DEF,3,FRA,0.6856,0.2077,0.142399,0.142399,0.442542,0.442542,unchanged_already_consistent
gonzalo_montiel__arg,Gonzalo Montiel,ARG,DEF,1,ALG,0.5505,0.5135,0.282682,0.282682,0.942085,0.942085,unchanged_already_consistent
gonzalo_montiel__arg,Gonzalo Montiel,ARG,DEF,2,AUT,0.5505,0.4226,0.232641,0.232641,0.72028,0.720281,unchanged_already_consistent
gonzalo_montiel__arg,Gonzalo Montiel,ARG,DEF,3,JOR,0.5505,0.5774,0.317859,0.317859,0.853343,0.853343,unchanged_already_consistent
michael_olise__fra,Michael Olise,FRA,FWD,1,SEN,0.6455,0.4624,0.0,0,0.767319,0.767319,unchanged_already_consistent
michael_olise__fra,Michael Olise,FRA,FWD,2,IRQ,0.6455,0.6627,0.0,0,0.769133,0.769135,unchanged_already_consistent
michael_olise__fra,Michael Olise,FRA,FWD,3,NOR,0.6455,0.375,0.0,0,0.513575,0.513575,unchanged_already_consistent
federico_vi_as__uru,Federico Vinas,URU,FWD,1,KSA,0.5403,0.4865,0.0,0,1.009059,1.009059,unchanged_already_consistent
federico_vi_as__uru,Federico Vinas,URU,FWD,2,CPV,0.5403,0.5,0.0,0,1.136442,1.136443,unchanged_already_consistent
federico_vi_as__uru,Federico Vinas,URU,FWD,3,ESP,0.5403,0.1717,0.0,0,0.434119,0.43412,unchanged_already_consistent
morgan_rogers__eng,Morgan Rogers,ENG,MID,1,CRO,0.6209,0.4118,0.0,0,0.788036,0.803189,unchanged_already_consistent
morgan_rogers__eng,Morgan Rogers,ENG,MID,2,GHA,0.6209,0.5,0.0,0,0.903962,0.9223,unchanged_already_consistent
morgan_rogers__eng,Morgan Rogers,ENG,MID,3,PAN,0.6209,0.5376,0.0,0,0.699351,0.713612,unchanged_already_consistent
noussair_mazraoui__mar,Noussair Mazraoui,MAR,DEF,1,BRA,0.6272,0.1883,0.118102,0.118102,0.350253,0.350253,unchanged_already_consistent
noussair_mazraoui__mar,Noussair Mazraoui,MAR,DEF,2,SCO,0.6272,0.411,0.257779,0.257779,0.779841,0.779842,unchanged_already_consistent
noussair_mazraoui__mar,Noussair Mazraoui,MAR,DEF,3,HAI,0.6272,0.5585,0.350291,0.350291,1.064127,1.064128,unchanged_already_consistent
amar_dedi__bih,Amar Dedic,BIH,DEF,1,CAN,0.8997,0.2337,0.208951,0.21026,0.594173,0.598018,rebuilt_from_fixture_clean_sheet_prob
amar_dedi__bih,Amar Dedic,BIH,DEF,2,SUI,0.8997,0.1883,0.168359,0.169414,0.492863,0.496152,rebuilt_from_fixture_clean_sheet_prob
amar_dedi__bih,Amar Dedic,BIH,DEF,3,QAT,0.8997,0.4624,0.413432,0.416021,1.179177,1.185589,rebuilt_from_fixture_clean_sheet_prob
michael_gregoritsch__aut,Michael Gregoritsch,AUT,FWD,1,JOR,0.6046,0.4865,0.0,0,1.417942,1.417942,unchanged_already_consistent
michael_gregoritsch__aut,Michael Gregoritsch,AUT,FWD,2,ARG,0.6046,0.1883,0.0,0,0.436747,0.436747,unchanged_already_consistent
michael_gregoritsch__aut,Michael Gregoritsch,AUT,FWD,3,ALG,0.6046,0.3547,0.0,0,0.736159,0.736159,unchanged_already_consistent
amar_memi__bih,Amar Memic,BIH,MID,1,CAN,0.396,0.2337,0.0,0,0.678654,0.455374,unchanged_already_consistent
amar_memi__bih,Amar Memic,BIH,MID,2,SUI,0.396,0.1883,0.0,0,0.61002,0.420509,unchanged_already_consistent
amar_memi__bih,Amar Memic,BIH,MID,3,QAT,0.396,0.4624,0.0,0,1.602629,1.047077,unchanged_already_consistent
nico_o_reilly__eng,Nico O'Reilly,ENG,DEF,1,CRO,0.5659,0.4118,0.233038,0.233038,0.704875,0.704875,unchanged_already_consistent
nico_o_reilly__eng,Nico O'Reilly,ENG,DEF,2,GHA,0.5659,0.5,0.28295,0.28295,0.776212,0.776213,unchanged_already_consistent
nico_o_reilly__eng,Nico O'Reilly,ENG,DEF,3,PAN,0.5659,0.5376,0.304228,0.304228,0.742572,0.742573,unchanged_already_consistent
sergio_rochet__uru,Sergio Rochet,URU,GK,1,KSA,0.5955,0.4865,0.289711,0.289711,0.936217,0.936217,unchanged_already_consistent
sergio_rochet__uru,Sergio Rochet,URU,GK,2,CPV,0.5955,0.5,0.29775,0.29775,0.89366,0.89366,unchanged_already_consistent
sergio_rochet__uru,Sergio Rochet,URU,GK,3,ESP,0.5955,0.1717,0.102247,0.102247,0.335484,0.335484,unchanged_already_consistent
kamal_miller__can,Kamal Miller,CAN,DEF,1,BIH,0.8008,0.4226,0.338418,0.338418,1.043498,1.043495,unchanged_already_consistent
kamal_miller__can,Kamal Miller,CAN,DEF,2,QAT,0.8008,0.5774,0.462382,0.462382,1.320353,1.320353,unchanged_already_consistent
kamal_miller__can,Kamal Miller,CAN,DEF,3,SUI,0.8008,0.25,0.2002,0.2002,0.534699,0.534699,unchanged_already_consistent
merih_demiral__tur,Merih Demiral,TUR,DEF,1,AUS,0.4349,0.411,0.275452,0.178744,0.919868,0.656689,rebuilt_from_fixture_clean_sheet_prob
merih_demiral__tur,Merih Demiral,TUR,DEF,2,PAR,0.4349,0.375,0.251325,0.163087,0.790281,0.556935,rebuilt_from_fixture_clean_sheet_prob
merih_demiral__tur,Merih Demiral,TUR,DEF,3,USA,0.4349,0.2766,0.185377,0.120293,0.574076,0.412733,rebuilt_from_fixture_clean_sheet_prob
luka_modri__cro,Luka Modric,CRO,MID,1,ENG,0.6936,0.2077,0.0,0,0.339623,0.339623,unchanged_already_consistent
luka_modri__cro,Luka Modric,CRO,MID,2,PAN,0.6936,0.4865,0.0,0,0.899342,0.899343,unchanged_already_consistent
luka_modri__cro,Luka Modric,CRO,MID,3,GHA,0.6936,0.4415,0.0,0,0.949689,0.949689,unchanged_already_consistent
joel_ord_ez__ecu,Joel Ordonez,ECU,DEF,1,CIV,0.8348,0.4226,0.352786,0.352786,1.028236,1.028236,unchanged_already_consistent
joel_ord_ez__ecu,Joel Ordonez,ECU,DEF,2,CUW,0.8348,0.5585,0.466236,0.466236,1.395568,1.395569,unchanged_already_consistent
joel_ord_ez__ecu,Joel Ordonez,ECU,DEF,3,GER,0.8348,0.1717,0.143335,0.143335,0.467163,0.467163,unchanged_already_consistent
nicolas_jackson__sen,Nicolas Jackson,SEN,FWD,1,FRA,0.6014,0.1573,0.0,0,0.367384,0.367384,unchanged_already_consistent
nicolas_jackson__sen,Nicolas Jackson,SEN,FWD,2,NOR,0.6014,0.2337,0.0,0,0.528871,0.528872,unchanged_already_consistent
nicolas_jackson__sen,Nicolas Jackson,SEN,FWD,3,IRQ,0.6014,0.5,0.0,0,1.169574,1.169574,unchanged_already_consistent
richard_r_os__col,Richard Rios,COL,MID,1,UZB,0.8948,0.5,0.0,0,0.915557,0.915557,unchanged_already_consistent
richard_r_os__col,Richard Rios,COL,MID,2,COD,0.8948,0.5376,0.0,0,0.939915,0.939915,unchanged_already_consistent
richard_r_os__col,Richard Rios,COL,MID,3,POR,0.8948,0.25,0.0,0,0.440808,0.440809,unchanged_already_consistent
riyad_mahrez__alg,Riyad Mahrez,ALG,FWD,1,ARG,0.6319,0.1573,0.0,0,0.396103,0.396103,unchanged_already_consistent
riyad_mahrez__alg,Riyad Mahrez,ALG,FWD,2,JOR,0.6319,0.4226,0.0,0,1.057029,1.057029,unchanged_already_consistent
riyad_mahrez__alg,Riyad Mahrez,ALG,FWD,3,AUT,0.6319,0.2766,0.0,0,0.662324,0.662325,unchanged_already_consistent
ismael_saibari__mar,Ismael Saibari,MAR,MID,1,BRA,0.7891,0.1883,0.0,0,0.332571,0.332571,unchanged_already_consistent
ismael_saibari__mar,Ismael Saibari,MAR,MID,2,SCO,0.7891,0.411,0.0,0,0.756556,0.756556,unchanged_already_consistent
ismael_saibari__mar,Ismael Saibari,MAR,MID,3,HAI,0.7891,0.5585,0.0,0,1.198432,1.198434,unchanged_already_consistent
josip_utalo__cro,Josip Sutalo,CRO,DEF,1,ENG,0.6651,0.2077,0.138141,0.138141,0.403351,0.403352,unchanged_already_consistent
josip_utalo__cro,Josip Sutalo,CRO,DEF,2,PAN,0.6651,0.4865,0.323571,0.323571,0.961293,0.961294,unchanged_already_consistent
josip_utalo__cro,Josip Sutalo,CRO,DEF,3,GHA,0.6651,0.4415,0.293642,0.293642,0.894842,0.894842,unchanged_already_consistent
renato_veiga__por,Renato Veiga,POR,DEF,1,COD,0.5821,0.5,0.29105,0.29105,0.893538,0.893538,unchanged_already_consistent
renato_veiga__por,Renato Veiga,POR,DEF,2,UZB,0.5821,0.5,0.29105,0.29105,0.812845,0.812845,unchanged_already_consistent
renato_veiga__por,Renato Veiga,POR,DEF,3,COL,0.5821,0.3547,0.206471,0.206471,0.51751,0.51751,unchanged_already_consistent
miguel_almir_n__par,Miguel Almiron,PAR,MID,1,USA,0.9133,0.25,0.0,0,0.56379,0.564056,unchanged_already_consistent
miguel_almir_n__par,Miguel Almiron,PAR,MID,2,TUR,0.9133,0.2766,0.0,0,0.642309,0.642624,unchanged_already_consistent
miguel_almir_n__par,Miguel Almiron,PAR,MID,3,AUS,0.9133,0.375,0.0,0,1.059533,1.059891,unchanged_already_consistent
andy_robertson__sco,Andy Robertson,SCO,DEF,1,HAI,0.8728,0.4865,0.424617,0.424617,1.143728,1.143728,unchanged_already_consistent
andy_robertson__sco,Andy Robertson,SCO,DEF,2,MAR,0.8728,0.25,0.2182,0.2182,0.604599,0.604599,unchanged_already_consistent
andy_robertson__sco,Andy Robertson,SCO,DEF,3,BRA,0.8728,0.1358,0.118526,0.118526,0.370599,0.370599,unchanged_already_consistent
nikola_kati__bih,Nikola Katic,BIH,DEF,1,CAN,0.8761,0.2337,0.202571,0.204745,0.544599,0.550708,rebuilt_from_fixture_clean_sheet_prob
nikola_kati__bih,Nikola Katic,BIH,DEF,2,SUI,0.8761,0.1883,0.163218,0.16497,0.454105,0.459256,rebuilt_from_fixture_clean_sheet_prob
nikola_kati__bih,Nikola Katic,BIH,DEF,3,QAT,0.8761,0.4624,0.400808,0.405109,1.097248,1.107532,rebuilt_from_fixture_clean_sheet_prob
gabriel_gudmundsson__swe,Gabriel Gudmundsson,SWE,DEF,1,TUN,0.8488,0.411,0.348857,0.348857,1.075442,1.075442,unchanged_already_consistent
gabriel_gudmundsson__swe,Gabriel Gudmundsson,SWE,DEF,2,NED,0.8488,0.1883,0.159829,0.159829,0.45232,0.45232,unchanged_already_consistent
gabriel_gudmundsson__swe,Gabriel Gudmundsson,SWE,DEF,3,JPN,0.8488,0.25,0.2122,0.2122,0.559275,0.559274,unchanged_already_consistent
vitinha__por,Vitinha,POR,MID,1,COD,0.6243,0.5,0.0,0,0.858894,0.850372,unchanged_already_consistent
vitinha__por,Vitinha,POR,MID,2,UZB,0.6243,0.5,0.0,0,0.790266,0.781934,unchanged_already_consistent
vitinha__por,Vitinha,POR,MID,3,COL,0.6243,0.3547,0.0,0,0.429871,0.425642,unchanged_already_consistent
montassar_talbi__tun,Montassar Talbi,TUN,DEF,1,SWE,0.9019,0.25,0.225,0.225475,0.719775,0.721118,rebuilt_from_fixture_clean_sheet_prob
montassar_talbi__tun,Montassar Talbi,TUN,DEF,2,JPN,0.9019,0.2337,0.21033,0.210774,0.760815,0.762216,rebuilt_from_fixture_clean_sheet_prob
montassar_talbi__tun,Montassar Talbi,TUN,DEF,3,NED,0.9019,0.1717,0.15453,0.154856,0.577297,0.578373,rebuilt_from_fixture_clean_sheet_prob
micky_van_de_ven__ned,Micky van de Ven,NED,DEF,1,JPN,0.5829,0.3373,0.196612,0.196612,0.611921,0.61192,unchanged_already_consistent
micky_van_de_ven__ned,Micky van de Ven,NED,DEF,2,SWE,0.5829,0.4226,0.246334,0.246334,0.701391,0.701391,unchanged_already_consistent
micky_van_de_ven__ned,Micky van de Ven,NED,DEF,3,TUN,0.5829,0.4624,0.269533,0.269533,0.682755,0.682755,unchanged_already_consistent
vladimir_coufal__cze,Vladimir Coufal,CZE,DEF,1,KOR,0.9096,0.3119,0.283704,0.283704,0.752051,0.752051,unchanged_already_consistent
vladimir_coufal__cze,Vladimir Coufal,CZE,DEF,2,RSA,0.9096,0.411,0.373846,0.373846,0.837555,0.837555,unchanged_already_consistent
vladimir_coufal__cze,Vladimir Coufal,CZE,DEF,3,MEX,0.9096,0.217,0.197383,0.197383,0.444077,0.444077,unchanged_already_consistent
everardo_lopez__mex,Everardo Lopez,MEX,DEF,1,RSA,0.7841,0.5376,0.421532,0.421532,1.118262,1.118262,unchanged_already_consistent
everardo_lopez__mex,Everardo Lopez,MEX,DEF,2,KOR,0.7841,0.4415,0.34618,0.34618,0.864811,0.864811,unchanged_already_consistent
everardo_lopez__mex,Everardo Lopez,MEX,DEF,3,CZE,0.7841,0.411,0.322265,0.322265,0.749057,0.749057,unchanged_already_consistent
daniel_svensson__swe,Daniel Svensson,SWE,DEF,1,TUN,0.8525,0.411,0.350378,0.350378,1.051886,1.051886,unchanged_already_consistent
daniel_svensson__swe,Daniel Svensson,SWE,DEF,2,NED,0.8525,0.1883,0.160526,0.160526,0.43484,0.434841,unchanged_already_consistent
daniel_svensson__swe,Daniel Svensson,SWE,DEF,3,JPN,0.8525,0.25,0.213125,0.213125,0.536418,0.536418,unchanged_already_consistent
ladislav_krejci__cze,Ladislav Krejci,CZE,DEF,1,KOR,0.9051,0.3119,0.282301,0.282301,0.748045,0.748045,unchanged_already_consistent
ladislav_krejci__cze,Ladislav Krejci,CZE,DEF,2,RSA,0.9051,0.411,0.371996,0.371996,0.833153,0.833153,unchanged_already_consistent
ladislav_krejci__cze,Ladislav Krejci,CZE,DEF,3,MEX,0.9051,0.217,0.196407,0.196407,0.441637,0.441637,unchanged_already_consistent
rayan_a_t_nouri__alg,Rayan Ait-Nouri,ALG,DEF,1,ARG,0.8435,0.1573,0.132683,0.132683,0.338139,0.338139,unchanged_already_consistent
rayan_a_t_nouri__alg,Rayan Ait-Nouri,ALG,DEF,2,JOR,0.8435,0.4226,0.356463,0.356463,1.012376,1.012376,unchanged_already_consistent
rayan_a_t_nouri__alg,Rayan Ait-Nouri,ALG,DEF,3,AUT,0.8435,0.2766,0.233312,0.233312,0.651027,0.651027,unchanged_already_consistent
josip_stani_i__cro,Josip Stanisic,CRO,DEF,1,ENG,0.6248,0.2077,0.129771,0.129771,0.330983,0.330983,unchanged_already_consistent
josip_stani_i__cro,Josip Stanisic,CRO,DEF,2,PAN,0.6248,0.4865,0.303965,0.303965,0.821902,0.821902,unchanged_already_consistent
josip_stani_i__cro,Josip Stanisic,CRO,DEF,3,GHA,0.6248,0.4415,0.275849,0.275849,0.755323,0.755323,unchanged_already_consistent
alexis_vega__mex,Alexis Vega,MEX,FWD,1,RSA,0.5496,0.5376,0.0,0,1.429618,1.429618,unchanged_already_consistent
alexis_vega__mex,Alexis Vega,MEX,FWD,2,KOR,0.5496,0.4415,0.0,0,1.123763,1.123764,unchanged_already_consistent
alexis_vega__mex,Alexis Vega,MEX,FWD,3,CZE,0.5496,0.411,0.0,0,0.839338,0.839338,unchanged_already_consistent
zeki_elik__tur,Zeki Celik,TUR,DEF,1,AUS,0.8552,0.411,0.349021,0.351487,1.082909,1.08964,rebuilt_from_fixture_clean_sheet_prob
zeki_elik__tur,Zeki Celik,TUR,DEF,2,PAR,0.8552,0.375,0.31845,0.3207,0.928615,0.934343,rebuilt_from_fixture_clean_sheet_prob
zeki_elik__tur,Zeki Celik,TUR,DEF,3,USA,0.8552,0.2766,0.234889,0.236548,0.667876,0.672107,rebuilt_from_fixture_clean_sheet_prob
petar_sucic__cro,Petar Sucic,CRO,MID,1,ENG,0.896,0.2077,0.0,0,0.376928,0.376928,unchanged_already_consistent
petar_sucic__cro,Petar Sucic,CRO,MID,2,PAN,0.896,0.4865,0.0,0,1.025716,1.025717,unchanged_already_consistent
petar_sucic__cro,Petar Sucic,CRO,MID,3,GHA,0.896,0.4415,0.0,0,1.070471,1.070471,unchanged_already_consistent
martin_baturina__cro,Martin Baturina,CRO,MID,1,ENG,0.5712,0.2077,0.0,0,0.448384,0.448384,unchanged_already_consistent
martin_baturina__cro,Martin Baturina,CRO,MID,2,PAN,0.5712,0.4865,0.0,0,1.139637,1.139637,unchanged_already_consistent
martin_baturina__cro,Martin Baturina,CRO,MID,3,GHA,0.5712,0.4415,0.0,0,1.179118,1.179118,unchanged_already_consistent
aur_lien_tchouam_ni__fra,Aurelien Tchouameni,FRA,MID,1,SEN,0.6726,0.4624,0.0,0,0.812319,0.812319,unchanged_already_consistent
aur_lien_tchouam_ni__fra,Aurelien Tchouameni,FRA,MID,2,IRQ,0.6726,0.6627,0.0,0,0.805418,0.805419,unchanged_already_consistent
aur_lien_tchouam_ni__fra,Aurelien Tchouameni,FRA,MID,3,NOR,0.6726,0.375,0.0,0,0.534776,0.534776,unchanged_already_consistent
phillipp_mwene__aut,Phillipp Mwene,AUT,DEF,1,JOR,0.76,0.4865,0.36974,0.36974,1.351573,1.351573,unchanged_already_consistent
phillipp_mwene__aut,Phillipp Mwene,AUT,DEF,2,ARG,0.76,0.1883,0.143108,0.143108,0.475721,0.475722,unchanged_already_consistent
phillipp_mwene__aut,Phillipp Mwene,AUT,DEF,3,ALG,0.76,0.3547,0.269572,0.269572,0.809077,0.809077,unchanged_already_consistent
tyler_adams__usa,Tyler Adams,USA,MID,1,PAR,0.8123,0.411,0.0,0,0.906042,0.906042,unchanged_already_consistent
tyler_adams__usa,Tyler Adams,USA,MID,2,AUS,0.8123,0.4226,0.0,0,0.972348,0.972348,unchanged_already_consistent
tyler_adams__usa,Tyler Adams,USA,MID,3,TUR,0.8123,0.2766,0.0,0,0.550046,0.550046,unchanged_already_consistent
martin_degaard__nor,Martin Ødegaard,NOR,MID,1,IRQ,0.8841,0.5585,0.0,0,0.823323,0.823323,unchanged_already_consistent
martin_degaard__nor,Martin Ødegaard,NOR,MID,2,SEN,0.8841,0.3373,0.0,0,0.630554,0.630554,unchanged_already_consistent
martin_degaard__nor,Martin Ødegaard,NOR,MID,3,FRA,0.8841,0.2077,0.0,0,0.333905,0.333905,unchanged_already_consistent
eldor_shomurodov__uzb,Eldor Shomurodov,UZB,FWD,1,COL,0.9205,0.1573,0.0,0,0.790961,0.790961,unchanged_already_consistent
eldor_shomurodov__uzb,Eldor Shomurodov,UZB,FWD,2,POR,0.9205,0.096,0.0,0,0.6521,0.652101,unchanged_already_consistent
eldor_shomurodov__uzb,Eldor Shomurodov,UZB,FWD,3,COD,0.9205,0.3119,0.0,0,0.970167,0.970167,unchanged_already_consistent
elliot_anderson__eng,Elliot Anderson,ENG,MID,1,CRO,0.4189,0.4118,0.0,0,0.655387,0.482938,unchanged_already_consistent
elliot_anderson__eng,Elliot Anderson,ENG,MID,2,GHA,0.4189,0.5,0.0,0,0.74497,0.536019,unchanged_already_consistent
elliot_anderson__eng,Elliot Anderson,ENG,MID,3,PAN,0.4189,0.5376,0.0,0,0.569351,0.40931,unchanged_already_consistent
fabian_rieder__sui,Fabian Rieder,SUI,MID,1,QAT,0.3527,0.5585,0.0,0,0.984352,0.678245,unchanged_already_consistent
fabian_rieder__sui,Fabian Rieder,SUI,MID,2,BIH,0.3527,0.4624,0.0,0,0.978931,0.66184,unchanged_already_consistent
fabian_rieder__sui,Fabian Rieder,SUI,MID,3,CAN,0.3527,0.3547,0.0,0,0.745764,0.513578,unchanged_already_consistent
alireza_beiranvand__irn,Alireza Beiranvand,IRN,GK,1,NZL,0.9438,0.411,0.387902,0.387902,1.28215,1.28215,unchanged_already_consistent
alireza_beiranvand__irn,Alireza Beiranvand,IRN,GK,2,BEL,0.9438,0.1459,0.1377,0.1377,0.466845,0.466847,unchanged_already_consistent
alireza_beiranvand__irn,Alireza Beiranvand,IRN,GK,3,EGY,0.9438,0.2904,0.27408,0.27408,0.794924,0.794924,unchanged_already_consistent
isma_l_kon__can,Ismael Kone,CAN,MID,1,BIH,0.8655,0.4226,0.0,0,0.920952,0.922396,unchanged_already_consistent
isma_l_kon__can,Ismael Kone,CAN,MID,2,QAT,0.8655,0.5774,0.0,0,1.076461,1.078015,unchanged_already_consistent
isma_l_kon__can,Ismael Kone,CAN,MID,3,SUI,0.8655,0.25,0.0,0,0.400308,0.401459,unchanged_already_consistent
matej_kovar__cze,Matej Kovar,CZE,GK,1,KOR,0.9123,0.3119,0.284546,0.284546,0.92512,0.92512,unchanged_already_consistent
matej_kovar__cze,Matej Kovar,CZE,GK,2,RSA,0.9123,0.411,0.374955,0.374955,1.053883,1.053883,unchanged_already_consistent
matej_kovar__cze,Matej Kovar,CZE,GK,3,MEX,0.9123,0.217,0.197969,0.197969,0.55241,0.55241,unchanged_already_consistent
yahia_fofana__civ,Yahia Fofana,CIV,GK,1,ECU,0.892,0.3119,0.278215,0.278215,0.882983,0.882983,unchanged_already_consistent
yahia_fofana__civ,Yahia Fofana,CIV,GK,2,GER,0.892,0.1573,0.140312,0.140312,0.427418,0.427418,unchanged_already_consistent
yahia_fofana__civ,Yahia Fofana,CIV,GK,3,CUW,0.892,0.5135,0.458042,0.458042,1.205602,1.205602,unchanged_already_consistent
giovani_lo_celso__arg,Giovani Lo Celso,ARG,MID,1,ALG,0.55,0.5135,0.0,0,0.903214,0.903214,unchanged_already_consistent
giovani_lo_celso__arg,Giovani Lo Celso,ARG,MID,2,AUT,0.55,0.4226,0.0,0,0.725701,0.725701,unchanged_already_consistent
giovani_lo_celso__arg,Giovani Lo Celso,ARG,MID,3,JOR,0.55,0.5774,0.0,0,0.696732,0.696732,unchanged_already_consistent
gabriel_martinelli__bra,Gabriel Martinelli,BRA,FWD,1,MAR,0.2923,0.4624,0.0,0,0.786127,0.511519,unchanged_already_consistent
gabriel_martinelli__bra,Gabriel Martinelli,BRA,FWD,2,HAI,0.2923,0.6453,0.0,0,0.851572,0.538807,unchanged_already_consistent
gabriel_martinelli__bra,Gabriel Martinelli,BRA,FWD,3,SCO,0.2923,0.5,0.0,0,0.629133,0.396342,unchanged_already_consistent
kim_min_jae__kor,Min-jae Kim,KOR,DEF,1,CZE,0.6839,0.3119,0.213308,0.213308,0.674158,0.674158,unchanged_already_consistent
kim_min_jae__kor,Min-jae Kim,KOR,DEF,2,MEX,0.6839,0.2337,0.159827,0.159827,0.455861,0.455862,unchanged_already_consistent
kim_min_jae__kor,Min-jae Kim,KOR,DEF,3,RSA,0.6839,0.3923,0.268294,0.268294,0.715139,0.71514,unchanged_already_consistent
gustaf_lagerbielke__swe,Gustaf Lagerbielke,SWE,DEF,1,TUN,0.7784,0.411,0.319922,0.319922,0.929212,0.929212,unchanged_already_consistent
gustaf_lagerbielke__swe,Gustaf Lagerbielke,SWE,DEF,2,NED,0.7784,0.1883,0.146573,0.146573,0.405216,0.405216,unchanged_already_consistent
gustaf_lagerbielke__swe,Gustaf Lagerbielke,SWE,DEF,3,JPN,0.7784,0.25,0.1946,0.1946,0.500152,0.500152,unchanged_already_consistent
mohamed_hany__egy,Mohamed Hany,EGY,DEF,1,BEL,0.8454,0.1717,0.144589,0.145155,0.411821,0.413902,rebuilt_from_fixture_clean_sheet_prob
mohamed_hany__egy,Mohamed Hany,EGY,DEF,2,NZL,0.8454,0.4624,0.389387,0.390913,1.126569,1.132873,rebuilt_from_fixture_clean_sheet_prob
mohamed_hany__egy,Mohamed Hany,EGY,DEF,3,IRN,0.8454,0.411,0.346103,0.347459,0.971481,0.976845,rebuilt_from_fixture_clean_sheet_prob
nikola_vasilj__bih,Nikola Vasilj,BIH,GK,1,CAN,0.9097,0.2337,0.213649,0.212597,0.681762,0.678817,rebuilt_from_fixture_clean_sheet_prob
nikola_vasilj__bih,Nikola Vasilj,BIH,GK,2,SUI,0.9097,0.1883,0.172144,0.171297,0.56437,0.562117,rebuilt_from_fixture_clean_sheet_prob
nikola_vasilj__bih,Nikola Vasilj,BIH,GK,3,QAT,0.9097,0.4624,0.422726,0.420645,1.208498,1.203255,rebuilt_from_fixture_clean_sheet_prob
jurri_n_timber__ned,Jurrien Timber,NED,DEF,1,JPN,0.7551,0.3373,0.254695,0.254695,0.760189,0.760189,unchanged_already_consistent
jurri_n_timber__ned,Jurrien Timber,NED,DEF,2,SWE,0.7551,0.4226,0.319105,0.319105,0.87848,0.87848,unchanged_already_consistent
jurri_n_timber__ned,Jurrien Timber,NED,DEF,3,TUN,0.7551,0.4624,0.349158,0.349158,0.861254,0.861254,unchanged_already_consistent
brahim_d_az__mar,Brahim Diaz,MAR,FWD,1,BRA,0.4146,0.1883,0.0,0,0.394128,0.394127,unchanged_already_consistent
brahim_d_az__mar,Brahim Diaz,MAR,FWD,2,SCO,0.4146,0.411,0.0,0,0.794767,0.794768,unchanged_already_consistent
brahim_d_az__mar,Brahim Diaz,MAR,FWD,3,HAI,0.4146,0.5585,0.0,0,1.220743,1.220743,unchanged_already_consistent
manuel_ugarte__uru,Manuel Ugarte,URU,MID,1,KSA,0.852,0.4865,0.0,0,0.746969,0.746969,unchanged_already_consistent
manuel_ugarte__uru,Manuel Ugarte,URU,MID,2,CPV,0.852,0.5,0.0,0,0.843785,0.843785,unchanged_already_consistent
manuel_ugarte__uru,Manuel Ugarte,URU,MID,3,ESP,0.852,0.1717,0.0,0,0.294461,0.294462,unchanged_already_consistent
neil_el_aynaoui__mar,Neil El Aynaoui,MAR,MID,1,BRA,0.8465,0.1883,0.0,0,0.33097,0.33097,unchanged_already_consistent
neil_el_aynaoui__mar,Neil El Aynaoui,MAR,MID,2,SCO,0.8465,0.411,0.0,0,0.747232,0.747233,unchanged_already_consistent
neil_el_aynaoui__mar,Neil El Aynaoui,MAR,MID,3,HAI,0.8465,0.5585,0.0,0,1.179577,1.179577,unchanged_already_consistent
adrien_rabiot__fra,Adrien Rabiot,FRA,MID,1,SEN,0.6037,0.4624,0.0,0,0.765318,0.765318,unchanged_already_consistent
adrien_rabiot__fra,Adrien Rabiot,FRA,MID,2,IRQ,0.6037,0.6627,0.0,0,0.760438,0.760438,unchanged_already_consistent
adrien_rabiot__fra,Adrien Rabiot,FRA,MID,3,NOR,0.6037,0.375,0.0,0,0.504445,0.504445,unchanged_already_consistent
romano_schmid__aut,Romano Schmid,AUT,MID,1,JOR,0.6361,0.4865,0.0,0,1.33573,1.33573,unchanged_already_consistent
romano_schmid__aut,Romano Schmid,AUT,MID,2,ARG,0.6361,0.1883,0.0,0,0.38819,0.38819,unchanged_already_consistent
romano_schmid__aut,Romano Schmid,AUT,MID,3,ALG,0.6361,0.3547,0.0,0,0.682511,0.682511,unchanged_already_consistent
reece_james__eng,Reece James,ENG,DEF,1,CRO,0.3229,0.4118,0.221013,0.13297,0.624123,0.430428,rebuilt_from_fixture_clean_sheet_prob
reece_james__eng,Reece James,ENG,DEF,2,GHA,0.3229,0.5,0.26835,0.16145,0.693609,0.470188,rebuilt_from_fixture_clean_sheet_prob
reece_james__eng,Reece James,ENG,DEF,3,PAN,0.3229,0.5376,0.28853,0.173591,0.66997,0.442392,rebuilt_from_fixture_clean_sheet_prob
edouard_mendy__sen,Edouard Mendy,SEN,GK,1,FRA,0.6706,0.1573,0.105485,0.105485,0.326666,0.326666,unchanged_already_consistent
edouard_mendy__sen,Edouard Mendy,SEN,GK,2,NOR,0.6706,0.2337,0.156719,0.156719,0.525557,0.525558,unchanged_already_consistent
edouard_mendy__sen,Edouard Mendy,SEN,GK,3,IRQ,0.6706,0.5,0.3353,0.3353,0.984237,0.984238,unchanged_already_consistent
gustavo_g_mez__par,Gustavo Gomez,PAR,DEF,1,USA,0.9027,0.25,0.169175,0.225675,0.495297,0.627253,rebuilt_from_fixture_clean_sheet_prob
gustavo_g_mez__par,Gustavo Gomez,PAR,DEF,2,TUR,0.9027,0.2766,0.187175,0.249687,0.555199,0.697221,rebuilt_from_fixture_clean_sheet_prob
gustavo_g_mez__par,Gustavo Gomez,PAR,DEF,3,AUS,0.9027,0.375,0.253763,0.338512,0.75142,0.94984,rebuilt_from_fixture_clean_sheet_prob
viktor_gyokeres__swe,Viktor Gyökeres,SWE,FWD,1,TUN,0.8149,0.411,,0,0.647382,0.647382,unchanged_already_consistent
viktor_gyokeres__swe,Viktor Gyökeres,SWE,FWD,2,NED,0.8149,0.1883,,0,0.107905,0.107906,unchanged_already_consistent
viktor_gyokeres__swe,Viktor Gyökeres,SWE,FWD,3,JPN,0.8149,0.25,,0,0.109446,0.109446,unchanged_already_consistent
jordan_ayew__gha,Jordan Ayew,GHA,FWD,1,PAN,0.8638,0.375,0.0,0,1.22416,1.22416,unchanged_already_consistent
jordan_ayew__gha,Jordan Ayew,GHA,FWD,2,ENG,0.8638,0.1192,0.0,0,0.503261,0.503261,unchanged_already_consistent
jordan_ayew__gha,Jordan Ayew,GHA,FWD,3,CRO,0.8638,0.217,0.0,0,0.504195,0.504197,unchanged_already_consistent
issa_diop__mar,Issa Diop,MAR,DEF,1,BRA,0.8707,0.1883,0.163953,0.163953,0.424523,0.424523,unchanged_already_consistent
issa_diop__mar,Issa Diop,MAR,DEF,2,SCO,0.8707,0.411,0.357858,0.357858,0.875334,0.875336,unchanged_already_consistent
issa_diop__mar,Issa Diop,MAR,DEF,3,HAI,0.8707,0.5585,0.486286,0.486286,1.12152,1.12152,unchanged_already_consistent
dani_olmo__esp,Dani Olmo,ESP,MID,1,CPV,0.5831,0.625,0.0,0,0.607449,0.607449,unchanged_already_consistent
dani_olmo__esp,Dani Olmo,ESP,MID,2,KSA,0.5831,0.6627,0.0,0,0.780298,0.780298,unchanged_already_consistent
dani_olmo__esp,Dani Olmo,ESP,MID,3,URU,0.5831,0.4226,0.0,0,0.542851,0.542851,unchanged_already_consistent
alexander_djiku__gha,Alexander Djiku,GHA,DEF,1,PAN,0.8457,0.375,0.317138,0.317138,0.931981,0.931981,unchanged_already_consistent
alexander_djiku__gha,Alexander Djiku,GHA,DEF,2,ENG,0.8457,0.1192,0.100807,0.100807,0.304509,0.304509,unchanged_already_consistent
alexander_djiku__gha,Alexander Djiku,GHA,DEF,3,CRO,0.8457,0.217,0.183517,0.183517,0.467689,0.467689,unchanged_already_consistent
abde_ezzalzouli__mar,Abde Ezzalzouli,MAR,FWD,1,BRA,0.5823,0.1883,0.0,0,0.419641,0.419641,unchanged_already_consistent
abde_ezzalzouli__mar,Abde Ezzalzouli,MAR,FWD,2,SCO,0.5823,0.411,0.0,0,0.8253,0.825301,unchanged_already_consistent
abde_ezzalzouli__mar,Abde Ezzalzouli,MAR,FWD,3,HAI,0.5823,0.5585,0.0,0,1.265062,1.265062,unchanged_already_consistent
mert_m_ld_r__tur,Mert Müldür,TUR,DEF,1,AUS,0.3893,0.411,0.253258,0.160002,0.796948,0.553467,rebuilt_from_fixture_clean_sheet_prob
mert_m_ld_r__tur,Mert Müldür,TUR,DEF,2,PAR,0.3893,0.375,0.231075,0.145987,0.680346,0.466034,rebuilt_from_fixture_clean_sheet_prob
mert_m_ld_r__tur,Mert Müldür,TUR,DEF,3,USA,0.3893,0.2766,0.170441,0.10768,0.490299,0.342744,rebuilt_from_fixture_clean_sheet_prob
mohammad_mohebi__irn,Mohammad Mohebi,IRN,FWD,1,NZL,0.8317,0.411,0.0,0,1.255737,1.255737,unchanged_already_consistent
mohammad_mohebi__irn,Mohammad Mohebi,IRN,FWD,2,BEL,0.8317,0.1459,0.0,0,0.401094,0.401094,unchanged_already_consistent
mohammad_mohebi__irn,Mohammad Mohebi,IRN,FWD,3,EGY,0.8317,0.2904,0.0,0,0.546957,0.546957,unchanged_already_consistent
n_lson_semedo__por,Nelson Semedo,POR,DEF,1,COD,0.5183,0.5,0.25355,0.25915,0.776772,0.791019,rebuilt_from_fixture_clean_sheet_prob
n_lson_semedo__por,Nelson Semedo,POR,DEF,2,UZB,0.5183,0.5,0.25355,0.25915,0.705938,0.719473,rebuilt_from_fixture_clean_sheet_prob
n_lson_semedo__por,Nelson Semedo,POR,DEF,3,COL,0.5183,0.3547,0.179868,0.183841,0.450341,0.458905,rebuilt_from_fixture_clean_sheet_prob
leonardo_balerdi__arg,Leonardo Balerdi,ARG,DEF,1,ALG,0.4789,0.5135,0.245915,0.245915,0.765728,0.765728,unchanged_already_consistent
leonardo_balerdi__arg,Leonardo Balerdi,ARG,DEF,2,AUT,0.4789,0.4226,0.202383,0.202383,0.586646,0.586647,unchanged_already_consistent
leonardo_balerdi__arg,Leonardo Balerdi,ARG,DEF,3,JOR,0.4789,0.5774,0.276517,0.276517,0.691671,0.691671,unchanged_already_consistent
alex_freeman__usa,Alex Freeman,USA,DEF,1,PAR,0.8986,0.411,0.272452,0.369325,0.944396,1.215008,rebuilt_from_fixture_clean_sheet_prob
alex_freeman__usa,Alex Freeman,USA,DEF,2,AUS,0.8986,0.4226,0.280142,0.379748,0.946817,1.218539,rebuilt_from_fixture_clean_sheet_prob
alex_freeman__usa,Alex Freeman,USA,DEF,3,TUR,0.8986,0.2766,0.183358,0.248553,0.58195,0.739905,rebuilt_from_fixture_clean_sheet_prob
ivan_peri_i__cro,Ivan Perisic,CRO,FWD,1,ENG,0.9095,0.2077,0.0,0,0.170568,0.170568,unchanged_already_consistent
ivan_peri_i__cro,Ivan Perisic,CRO,FWD,2,PAN,0.9095,0.4865,0.0,0,0.479225,0.479225,unchanged_already_consistent
ivan_peri_i__cro,Ivan Perisic,CRO,FWD,3,GHA,0.9095,0.4415,0.0,0,0.523351,0.523351,unchanged_already_consistent
yasin_ayari__swe,Yasin Ayari,SWE,MID,1,TUN,0.8753,0.411,0.0,0,0.989432,0.989432,unchanged_already_consistent
yasin_ayari__swe,Yasin Ayari,SWE,MID,2,NED,0.8753,0.1883,0.0,0,0.366821,0.366821,unchanged_already_consistent
yasin_ayari__swe,Yasin Ayari,SWE,MID,3,JPN,0.8753,0.25,0.0,0,0.443083,0.443083,unchanged_already_consistent
lee_jae_sung__kor,Jae-Sung Lee,KOR,MID,1,CZE,0.6446,0.3119,0.0,0,0.742007,0.742007,unchanged_already_consistent
lee_jae_sung__kor,Jae-Sung Lee,KOR,MID,2,MEX,0.6446,0.2337,0.0,0,0.400383,0.400383,unchanged_already_consistent
lee_jae_sung__kor,Jae-Sung Lee,KOR,MID,3,RSA,0.6446,0.3923,0.0,0,0.669777,0.669778,unchanged_already_consistent
nick_woltemade__ger,Nick Woltemade,GER,FWD,1,CUW,0.4242,0.6881,0.0,0,0.824965,0.795613,unchanged_already_consistent
nick_woltemade__ger,Nick Woltemade,GER,FWD,2,CIV,0.4242,0.4226,0.0,0,0.618057,0.593683,unchanged_already_consistent
nick_woltemade__ger,Nick Woltemade,GER,FWD,3,ECU,0.4242,0.411,0.0,0,0.471855,0.453379,unchanged_already_consistent
billy_gilmour__sco,Billy Gilmour,SCO,MID,1,HAI,0.6722,0.4865,0.0,0,1.18987,1.18987,unchanged_already_consistent
billy_gilmour__sco,Billy Gilmour,SCO,MID,2,MAR,0.6722,0.25,0.0,0,0.584731,0.584731,unchanged_already_consistent
billy_gilmour__sco,Billy Gilmour,SCO,MID,3,BRA,0.6722,0.1358,0.0,0,0.448351,0.448351,unchanged_already_consistent
julio_enciso__par,Julio Enciso,PAR,FWD,1,USA,0.8565,0.25,0.0,0,0.487403,0.634219,unchanged_already_consistent
julio_enciso__par,Julio Enciso,PAR,FWD,2,TUR,0.8565,0.2766,0.0,0,0.544895,0.703751,unchanged_already_consistent
julio_enciso__par,Julio Enciso,PAR,FWD,3,AUS,0.8565,0.375,0.0,0,0.842639,1.096727,unchanged_already_consistent
mikel_merino__esp,Mikel Merino,ESP,MID,1,CPV,0.5545,0.625,0.0,0,0.637985,0.637985,unchanged_already_consistent
mikel_merino__esp,Mikel Merino,ESP,MID,2,KSA,0.5545,0.6627,0.0,0,0.802259,0.802259,unchanged_already_consistent
mikel_merino__esp,Mikel Merino,ESP,MID,3,URU,0.5545,0.4226,0.0,0,0.560908,0.560908,unchanged_already_consistent
abdelhamid_ait_boudlal__mar,Abdelhamid Ait Boudlal,MAR,DEF,1,BRA,0.8353,0.1883,0.157287,0.157287,0.406993,0.406993,unchanged_already_consistent
abdelhamid_ait_boudlal__mar,Abdelhamid Ait Boudlal,MAR,DEF,2,SCO,0.8353,0.411,0.343308,0.343308,0.840526,0.840527,unchanged_already_consistent
abdelhamid_ait_boudlal__mar,Abdelhamid Ait Boudlal,MAR,DEF,3,HAI,0.8353,0.5585,0.466515,0.466515,1.077251,1.077251,unchanged_already_consistent
ritsu_doan__jpn,Ritsu Doan,JPN,MID,1,NED,0.595,0.217,0.0,0,0.423923,0.423923,unchanged_already_consistent
ritsu_doan__jpn,Ritsu Doan,JPN,MID,2,TUN,0.595,0.4415,0.0,0,0.743211,0.743212,unchanged_already_consistent
ritsu_doan__jpn,Ritsu Doan,JPN,MID,3,SWE,0.595,0.3547,0.0,0,0.765993,0.765993,unchanged_already_consistent
sherzod_nasrullayev__uzb,Sherzod Nasrullaev,UZB,DEF,1,COL,0.8798,0.1573,0.138393,0.138393,0.704163,0.704164,unchanged_already_consistent
sherzod_nasrullayev__uzb,Sherzod Nasrullaev,UZB,DEF,2,POR,0.8798,0.096,0.084461,0.084461,0.523463,0.523463,unchanged_already_consistent
sherzod_nasrullayev__uzb,Sherzod Nasrullaev,UZB,DEF,3,COD,0.8798,0.3119,0.27441,0.27441,1.089512,1.089512,unchanged_already_consistent
isak_hien__swe,Isak Hien,SWE,DEF,1,TUN,0.9237,0.411,0.379641,0.379641,1.189432,1.189432,unchanged_already_consistent
isak_hien__swe,Isak Hien,SWE,DEF,2,NED,0.9237,0.1883,0.173933,0.173933,0.501369,0.501369,unchanged_already_consistent
isak_hien__swe,Isak Hien,SWE,DEF,3,JPN,0.9237,0.25,0.230925,0.230925,0.623003,0.623003,unchanged_already_consistent
rodrigo_aguirre__uru,Rodrigo Aguirre,URU,FWD,1,KSA,0.5997,0.4865,0.0,0,0.926722,0.926722,unchanged_already_consistent
rodrigo_aguirre__uru,Rodrigo Aguirre,URU,FWD,2,CPV,0.5997,0.5,0.0,0,1.040704,1.040704,unchanged_already_consistent
rodrigo_aguirre__uru,Rodrigo Aguirre,URU,FWD,3,ESP,0.5997,0.1717,0.0,0,0.400893,0.400893,unchanged_already_consistent
sander_berge__nor,Sander Berge,NOR,MID,1,IRQ,0.934,0.5585,0.0,0,0.97277,0.97277,unchanged_already_consistent
sander_berge__nor,Sander Berge,NOR,MID,2,SEN,0.934,0.3373,0.0,0,0.740257,0.740257,unchanged_already_consistent
sander_berge__nor,Sander Berge,NOR,MID,3,FRA,0.934,0.2077,0.0,0,0.385393,0.385393,unchanged_already_consistent
j_nior_alonso__par,Junior Alonso,PAR,DEF,1,USA,0.8733,0.25,0.162725,0.218325,0.479319,0.609981,rebuilt_from_fixture_clean_sheet_prob
j_nior_alonso__par,Junior Alonso,PAR,DEF,2,TUR,0.8733,0.2766,0.180039,0.241555,0.535697,0.67566,rebuilt_from_fixture_clean_sheet_prob
j_nior_alonso__par,Junior Alonso,PAR,DEF,3,AUS,0.8733,0.375,0.244088,0.327487,0.727543,0.92387,rebuilt_from_fixture_clean_sheet_prob
mois_s_caicedo__ecu,Moises Caicedo,ECU,MID,1,CIV,0.9013,0.4226,0.0,0,0.63231,0.63231,unchanged_already_consistent
mois_s_caicedo__ecu,Moises Caicedo,ECU,MID,2,CUW,0.9013,0.5585,0.0,0,1.066849,1.066849,unchanged_already_consistent
mois_s_caicedo__ecu,Moises Caicedo,ECU,MID,3,GER,0.9013,0.1717,0.0,0,0.392266,0.392267,unchanged_already_consistent
jan_paul_van_hecke__ned,Jan Paul van Hecke,NED,DEF,1,JPN,0.5768,0.3373,0.194555,0.194555,0.596972,0.596972,unchanged_already_consistent
jan_paul_van_hecke__ned,Jan Paul van Hecke,NED,DEF,2,SWE,0.5768,0.4226,0.243756,0.243756,0.69981,0.69981,unchanged_already_consistent
jan_paul_van_hecke__ned,Jan Paul van Hecke,NED,DEF,3,TUN,0.5768,0.4624,0.266712,0.266712,0.675889,0.675889,unchanged_already_consistent
andrej_kramari__cro,Andrej Kramaric,CRO,FWD,1,ENG,0.4235,0.2077,0.0,0,0.345655,0.345655,unchanged_already_consistent
andrej_kramari__cro,Andrej Kramaric,CRO,FWD,2,PAN,0.4235,0.4865,0.0,0,0.807081,0.807083,unchanged_already_consistent
andrej_kramari__cro,Andrej Kramaric,CRO,FWD,3,GHA,0.4235,0.4415,0.0,0,0.85287,0.85287,unchanged_already_consistent
seol_young_woo__kor,Young-woo Seol,KOR,DEF,1,CZE,0.6673,0.3119,0.208131,0.208131,0.62464,0.62464,unchanged_already_consistent
seol_young_woo__kor,Young-woo Seol,KOR,DEF,2,MEX,0.6673,0.2337,0.155948,0.155948,0.424927,0.424928,unchanged_already_consistent
seol_young_woo__kor,Young-woo Seol,KOR,DEF,3,RSA,0.6673,0.3923,0.261782,0.261782,0.669823,0.669823,unchanged_already_consistent
sebastian_berhalter__usa,Sebastian Berhalter,USA,MID,1,PAR,0.6178,0.411,0.0,0,0.833906,0.819115,unchanged_already_consistent
sebastian_berhalter__usa,Sebastian Berhalter,USA,MID,2,AUS,0.6178,0.4226,0.0,0,0.890755,0.87472,unchanged_already_consistent
sebastian_berhalter__usa,Sebastian Berhalter,USA,MID,3,TUR,0.6178,0.2766,0.0,0,0.510251,0.501637,unchanged_already_consistent
jefferson_lerma__col,Jefferson Lerma,COL,MID,1,UZB,0.6388,0.5,0.0,0,0.890762,0.890762,unchanged_already_consistent
jefferson_lerma__col,Jefferson Lerma,COL,MID,2,COD,0.6388,0.5376,0.0,0,0.898336,0.898336,unchanged_already_consistent
jefferson_lerma__col,Jefferson Lerma,COL,MID,3,POR,0.6388,0.25,0.0,0,0.423837,0.423839,unchanged_already_consistent
felix_feliz_torres__ecu,Felix 'Feliz' Torres,ECU,DEF,1,CIV,0.6165,0.4226,0.260533,0.260533,0.662184,0.662184,unchanged_already_consistent
felix_feliz_torres__ecu,Felix 'Feliz' Torres,ECU,DEF,2,CUW,0.6165,0.5585,0.344315,0.344315,0.843104,0.843104,unchanged_already_consistent
felix_feliz_torres__ecu,Felix 'Feliz' Torres,ECU,DEF,3,GER,0.6165,0.1717,0.105853,0.105853,0.305241,0.305241,unchanged_already_consistent
elias_achouri__tun,Elias Achouri,TUN,MID,1,SWE,0.6026,0.25,0.0,0,0.629866,0.63755,unchanged_already_consistent
elias_achouri__tun,Elias Achouri,TUN,MID,2,JPN,0.6026,0.2337,0.0,0,0.734161,0.742204,unchanged_already_consistent
elias_achouri__tun,Elias Achouri,TUN,MID,3,NED,0.6026,0.1717,0.0,0,0.626845,0.633617,unchanged_already_consistent
nicol_s_otamendi__arg,Nicolas Otamendi,ARG,DEF,1,ALG,0.6444,0.5135,0.219521,0.330899,0.761485,1.043318,rebuilt_from_fixture_clean_sheet_prob
nicol_s_otamendi__arg,Nicolas Otamendi,ARG,DEF,2,AUT,0.6444,0.4226,0.180661,0.272323,0.579353,0.800861,rebuilt_from_fixture_clean_sheet_prob
nicol_s_otamendi__arg,Nicolas Otamendi,ARG,DEF,3,JOR,0.6444,0.5774,0.246839,0.372077,0.679462,0.960556,rebuilt_from_fixture_clean_sheet_prob
manuel_neuer__ger,Manuel Neuer,GER,GK,1,CUW,0.2645,0.6881,0.254047,0.182002,0.988455,0.786729,rebuilt_from_fixture_clean_sheet_prob
manuel_neuer__ger,Manuel Neuer,GER,GK,2,CIV,0.2645,0.4226,0.156024,0.111778,0.58242,0.464725,rebuilt_from_fixture_clean_sheet_prob
manuel_neuer__ger,Manuel Neuer,GER,GK,3,ECU,0.2645,0.411,0.151741,0.10871,0.511771,0.403333,rebuilt_from_fixture_clean_sheet_prob
omar_alderete__par,Omar Alderete,PAR,DEF,1,USA,0.8699,0.25,0.162125,0.217475,0.466909,0.593703,rebuilt_from_fixture_clean_sheet_prob
omar_alderete__par,Omar Alderete,PAR,DEF,2,TUR,0.8699,0.2766,0.179375,0.240614,0.520305,0.655459,rebuilt_from_fixture_clean_sheet_prob
omar_alderete__par,Omar Alderete,PAR,DEF,3,AUS,0.8699,0.375,0.243188,0.326213,0.708088,0.898237,rebuilt_from_fixture_clean_sheet_prob
anthony_gordon__eng,Anthony Gordon,ENG,FWD,1,CRO,0.55,0.4118,0.0,0,0.595015,0.595015,unchanged_already_consistent
anthony_gordon__eng,Anthony Gordon,ENG,FWD,2,GHA,0.55,0.5,0.0,0,0.663292,0.663292,unchanged_already_consistent
anthony_gordon__eng,Anthony Gordon,ENG,FWD,3,PAN,0.55,0.5376,0.0,0,0.514325,0.514328,unchanged_already_consistent
luiz_henrique__bra,Luiz Henrique,BRA,FWD,1,MAR,0.5319,0.4624,0.0,0,0.846185,0.846185,unchanged_already_consistent
luiz_henrique__bra,Luiz Henrique,BRA,FWD,2,HAI,0.5319,0.6453,0.0,0,0.906149,0.90615,unchanged_already_consistent
luiz_henrique__bra,Luiz Henrique,BRA,FWD,3,SCO,0.5319,0.5,0.0,0,0.677194,0.677195,unchanged_already_consistent
benjamin_tahirovic__bih,Benjamin Tahirovic,BIH,MID,1,CAN,0.9018,0.2337,0.0,0,0.453521,0.454365,unchanged_already_consistent
benjamin_tahirovic__bih,Benjamin Tahirovic,BIH,MID,2,SUI,0.9018,0.1883,0.0,0,0.412192,0.41314,unchanged_already_consistent
benjamin_tahirovic__bih,Benjamin Tahirovic,BIH,MID,3,QAT,0.9018,0.4624,0.0,0,1.16207,1.163196,unchanged_already_consistent
aleksandar_pavlovic__ger,Aleksandar Pavlovic,GER,MID,1,CUW,0.68,0.6881,0.0,0,0.738414,0.738415,unchanged_already_consistent
aleksandar_pavlovic__ger,Aleksandar Pavlovic,GER,MID,2,CIV,0.68,0.4226,0.0,0,0.554731,0.554732,unchanged_already_consistent
aleksandar_pavlovic__ger,Aleksandar Pavlovic,GER,MID,3,ECU,0.68,0.411,0.0,0,0.414175,0.414175,unchanged_already_consistent
pavel_sulc__cze,Pavel Sulc,CZE,MID,1,KOR,0.8997,0.3119,,0,0.559828,0.559828,unchanged_already_consistent
pavel_sulc__cze,Pavel Sulc,CZE,MID,2,RSA,0.8997,0.411,,0,0.537549,0.537549,unchanged_already_consistent
pavel_sulc__cze,Pavel Sulc,CZE,MID,3,MEX,0.8997,0.217,,0,0.385783,0.385783,unchanged_already_consistent
timothy_castagne__bel,Timothy Castagne,BEL,DEF,1,EGY,0.6704,0.3923,0.172141,0.262998,0.689012,0.954487,rebuilt_from_fixture_clean_sheet_prob
timothy_castagne__bel,Timothy Castagne,BEL,DEF,2,IRN,0.6704,0.5,0.2194,0.3352,0.745342,1.059726,rebuilt_from_fixture_clean_sheet_prob
timothy_castagne__bel,Timothy Castagne,BEL,DEF,3,NZL,0.6704,0.5135,0.225324,0.34425,0.685221,0.979651,rebuilt_from_fixture_clean_sheet_prob
ali_abdi__tun,Ali Abdi,TUN,DEF,1,SWE,0.6355,0.25,0.160575,0.158875,0.576182,0.572442,rebuilt_from_fixture_clean_sheet_prob
ali_abdi__tun,Ali Abdi,TUN,DEF,2,JPN,0.6355,0.2337,0.150106,0.148516,0.625819,0.622498,rebuilt_from_fixture_clean_sheet_prob
ali_abdi__tun,Ali Abdi,TUN,DEF,3,NED,0.6355,0.1717,0.110283,0.109115,0.482904,0.480592,rebuilt_from_fixture_clean_sheet_prob
ricardo_rodr_guez__sui,Ricardo Rodriguez,SUI,DEF,1,QAT,0.4831,0.5585,0.268974,0.269811,0.898522,0.900362,rebuilt_from_fixture_clean_sheet_prob
ricardo_rodr_guez__sui,Ricardo Rodriguez,SUI,DEF,2,BIH,0.4831,0.4624,0.222692,0.223385,0.738336,0.739785,rebuilt_from_fixture_clean_sheet_prob
ricardo_rodr_guez__sui,Ricardo Rodriguez,SUI,DEF,3,CAN,0.4831,0.3547,0.170824,0.171356,0.562667,0.563721,rebuilt_from_fixture_clean_sheet_prob
axel_tuanzebe__cod,Axel Tuanzebe,COD,DEF,1,POR,0.8415,0.096,0.080784,0.080784,0.222472,0.222472,unchanged_already_consistent
axel_tuanzebe__cod,Axel Tuanzebe,COD,DEF,2,COL,0.8415,0.1883,0.158454,0.158454,0.454468,0.454468,unchanged_already_consistent
axel_tuanzebe__cod,Axel Tuanzebe,COD,DEF,3,UZB,0.8415,0.3373,0.283838,0.283838,0.813972,0.813973,unchanged_already_consistent
ousmane_demb_l__fra,Ousmane Dembele,FRA,FWD,1,SEN,0.3627,0.4624,0.0,0,0.816878,0.816878,unchanged_already_consistent
ousmane_demb_l__fra,Ousmane Dembele,FRA,FWD,2,IRQ,0.3627,0.6627,0.0,0,0.80928,0.809281,unchanged_already_consistent
ousmane_demb_l__fra,Ousmane Dembele,FRA,FWD,3,NOR,0.3627,0.375,0.0,0,0.55213,0.55213,unchanged_already_consistent
raphinha__bra,Raphinha,BRA,FWD,1,MAR,0.86,0.4624,,0,0.228093,0.228093,unchanged_already_consistent
raphinha__bra,Raphinha,BRA,FWD,2,HAI,0.86,0.6453,,0,0.189973,0.189974,unchanged_already_consistent
raphinha__bra,Raphinha,BRA,FWD,3,SCO,0.86,0.5,,0,0.139126,0.139127,unchanged_already_consistent
livano_comenencia__cuw,Livano Comenencia,CUW,DEF,1,GER,0.9477,0.0335,0.031748,0.031748,0.484891,0.484891,unchanged_already_consistent
livano_comenencia__cuw,Livano Comenencia,CUW,DEF,2,ECU,0.9477,0.1192,0.112966,0.112966,0.7898,0.789798,unchanged_already_consistent
livano_comenencia__cuw,Livano Comenencia,CUW,DEF,3,CIV,0.9477,0.1358,0.128698,0.128698,0.907287,0.907291,unchanged_already_consistent
kerim_alajbegovi__bih,Kerim Alajbegovic,BIH,MID,1,CAN,0.8345,0.2337,0.0,0,0.46836,0.623115,unchanged_already_consistent
kerim_alajbegovi__bih,Kerim Alajbegovic,BIH,MID,2,SUI,0.8345,0.1883,0.0,0,0.429431,0.559038,unchanged_already_consistent
kerim_alajbegovi__bih,Kerim Alajbegovic,BIH,MID,3,QAT,0.8345,0.4624,0.0,0,1.052315,1.429619,unchanged_already_consistent
william_saliba__fra,William Saliba,FRA,DEF,1,SEN,0.4145,0.4624,0.191665,0.191665,0.694756,0.694756,unchanged_already_consistent
william_saliba__fra,William Saliba,FRA,DEF,2,IRQ,0.4145,0.6627,0.274689,0.274689,0.837849,0.837851,unchanged_already_consistent
william_saliba__fra,William Saliba,FRA,DEF,3,NOR,0.4145,0.375,0.155438,0.155438,0.483545,0.483545,unchanged_already_consistent
a_ssa_mandi__alg,Aissa Mandi,ALG,DEF,1,ARG,0.6633,0.1573,0.104337,0.104337,0.279211,0.279212,unchanged_already_consistent
a_ssa_mandi__alg,Aissa Mandi,ALG,DEF,2,JOR,0.6633,0.4226,0.280311,0.280311,0.842112,0.842112,unchanged_already_consistent
a_ssa_mandi__alg,Aissa Mandi,ALG,DEF,3,AUT,0.6633,0.2766,0.183469,0.183469,0.550575,0.550575,unchanged_already_consistent
antonio_sanabria__par,Antonio Sanabria,PAR,FWD,1,USA,0.5484,0.25,0.0,0,0.453229,0.45898,unchanged_already_consistent
antonio_sanabria__par,Antonio Sanabria,PAR,FWD,2,TUR,0.5484,0.2766,0.0,0,0.507847,0.514062,unchanged_already_consistent
antonio_sanabria__par,Antonio Sanabria,PAR,FWD,3,AUS,0.5484,0.375,0.0,0,0.799051,0.809264,unchanged_already_consistent
tarik_muharemovic__bih,Tarik Muharemovic,BIH,DEF,1,CAN,0.6085,0.2337,0.139215,0.142206,0.455491,0.463703,rebuilt_from_fixture_clean_sheet_prob
tarik_muharemovic__bih,Tarik Muharemovic,BIH,DEF,2,SUI,0.6085,0.1883,0.11217,0.114581,0.386373,0.392646,rebuilt_from_fixture_clean_sheet_prob
tarik_muharemovic__bih,Tarik Muharemovic,BIH,DEF,3,QAT,0.6085,0.4624,0.275452,0.28137,0.948477,0.966929,rebuilt_from_fixture_clean_sheet_prob
luca_zidane__alg,Luca Zidane,ALG,GK,1,ARG,0.8226,0.1573,0.129395,0.129395,0.380625,0.380625,unchanged_already_consistent
luca_zidane__alg,Luca Zidane,ALG,GK,2,JOR,0.8226,0.4226,0.347631,0.347631,1.037508,1.037509,unchanged_already_consistent
luca_zidane__alg,Luca Zidane,ALG,GK,3,AUT,0.8226,0.2766,0.227531,0.227531,0.690678,0.690679,unchanged_already_consistent
hiroki_ito__jpn,Hiroki Ito,JPN,DEF,1,NED,0.8534,0.217,0.185188,0.185188,0.501646,0.501647,unchanged_already_consistent
hiroki_ito__jpn,Hiroki Ito,JPN,DEF,2,TUN,0.8534,0.4415,0.376776,0.376776,0.912719,0.91272,unchanged_already_consistent
hiroki_ito__jpn,Hiroki Ito,JPN,DEF,3,SWE,0.8534,0.3547,0.302701,0.302701,0.7434,0.7434,unchanged_already_consistent
tom_s_ara_jo__por,Tomas Araujo,POR,DEF,1,COD,0.2957,0.5,0.2482,0.14785,0.74391,0.493461,rebuilt_from_fixture_clean_sheet_prob
tom_s_ara_jo__por,Tomas Araujo,POR,DEF,2,UZB,0.2957,0.5,0.2482,0.14785,0.676139,0.438212,rebuilt_from_fixture_clean_sheet_prob
tom_s_ara_jo__por,Tomas Araujo,POR,DEF,3,COL,0.2957,0.3547,0.176073,0.104885,0.431629,0.280584,rebuilt_from_fixture_clean_sheet_prob
diego_g_mez__par,Diego Gomez,PAR,MID,1,USA,0.9002,0.25,0.0,0,0.479322,0.480135,unchanged_already_consistent
diego_g_mez__par,Diego Gomez,PAR,MID,2,TUR,0.9002,0.2766,0.0,0,0.549785,0.550747,unchanged_already_consistent
diego_g_mez__par,Diego Gomez,PAR,MID,3,AUS,0.9002,0.375,0.0,0,0.916433,0.917528,unchanged_already_consistent
rafael_le_o__por,Rafael Leão,POR,FWD,1,COD,0.6177,0.5,0.0,0,0.829736,1.191484,unchanged_already_consistent
rafael_le_o__por,Rafael Leão,POR,FWD,2,UZB,0.6177,0.5,0.0,0,0.75948,1.115436,unchanged_already_consistent
rafael_le_o__por,Rafael Leão,POR,FWD,3,COL,0.6177,0.3547,0.0,0,0.436913,0.627819,unchanged_already_consistent
kai_havertz__ger,Kai Havertz,GER,FWD,1,CUW,0.8813,0.6881,0.0,0,0.719214,0.908186,unchanged_already_consistent
kai_havertz__ger,Kai Havertz,GER,FWD,2,CIV,0.8813,0.4226,0.0,0,0.538588,0.690805,unchanged_already_consistent
kai_havertz__ger,Kai Havertz,GER,FWD,3,ECU,0.8813,0.411,0.0,0,0.397615,0.509672,unchanged_already_consistent
kalidou_koulibaly__sen,Kalidou Koulibaly,SEN,DEF,1,FRA,0.8777,0.1573,0.138062,0.138062,0.355559,0.355559,unchanged_already_consistent
kalidou_koulibaly__sen,Kalidou Koulibaly,SEN,DEF,2,NOR,0.8777,0.2337,0.205118,0.205118,0.581167,0.581167,unchanged_already_consistent
kalidou_koulibaly__sen,Kalidou Koulibaly,SEN,DEF,3,IRQ,0.8777,0.5,0.43885,0.43885,1.197314,1.197314,unchanged_already_consistent
alex_sandro__bra,Alex Sandro,BRA,DEF,1,MAR,0.3354,0.4624,0.252887,0.155089,0.799512,0.551646,rebuilt_from_fixture_clean_sheet_prob
alex_sandro__bra,Alex Sandro,BRA,DEF,2,HAI,0.3354,0.6453,0.352915,0.216434,0.959273,0.638755,rebuilt_from_fixture_clean_sheet_prob
alex_sandro__bra,Alex Sandro,BRA,DEF,3,SCO,0.3354,0.5,0.27345,0.1677,0.702674,0.466903,rebuilt_from_fixture_clean_sheet_prob
juli_n_qui_ones__mex,Julian Quinones,MEX,FWD,1,RSA,0.5348,0.5376,0.0,0,0.990545,0.990545,unchanged_already_consistent
juli_n_qui_ones__mex,Julian Quinones,MEX,FWD,2,KOR,0.5348,0.4415,0.0,0,0.775244,0.775244,unchanged_already_consistent
juli_n_qui_ones__mex,Julian Quinones,MEX,FWD,3,CZE,0.5348,0.411,0.0,0,0.573687,0.573687,unchanged_already_consistent
mohamed_amoura__alg,Mohamed Amoura,ALG,FWD,1,ARG,0.572,0.1573,0.0,0,0.348366,0.348367,unchanged_already_consistent
mohamed_amoura__alg,Mohamed Amoura,ALG,FWD,2,JOR,0.572,0.4226,0.0,0,0.912682,0.912684,unchanged_already_consistent
mohamed_amoura__alg,Mohamed Amoura,ALG,FWD,3,AUT,0.572,0.2766,0.0,0,0.585716,0.585716,unchanged_already_consistent
aaron_hickey__sco,Aaron Hickey,SCO,DEF,1,HAI,0.8813,0.4865,0.423352,0.428752,1.140172,1.155353,rebuilt_from_fixture_clean_sheet_prob
aaron_hickey__sco,Aaron Hickey,SCO,DEF,2,MAR,0.8813,0.25,0.21755,0.220325,0.602656,0.610951,rebuilt_from_fixture_clean_sheet_prob
aaron_hickey__sco,Aaron Hickey,SCO,DEF,3,BRA,0.8813,0.1358,0.118173,0.119681,0.369362,0.374649,rebuilt_from_fixture_clean_sheet_prob
duckens_nazon__hai,Duckens Nazon,HAI,FWD,1,SCO,0.6362,0.1573,0.0,0,0.63509,0.628107,unchanged_already_consistent
duckens_nazon__hai,Duckens Nazon,HAI,FWD,2,BRA,0.6362,0.0461,0.0,0,0.504963,0.500013,unchanged_already_consistent
duckens_nazon__hai,Duckens Nazon,HAI,FWD,3,MAR,0.6362,0.096,0.0,0,0.497203,0.492349,unchanged_already_consistent
akram_afif__qat,Akram Afif,QAT,FWD,1,SUI,0.91,0.1063,0.0,0,0.501071,0.501248,unchanged_already_consistent
akram_afif__qat,Akram Afif,QAT,FWD,2,CAN,0.91,0.1459,0.0,0,0.457281,0.457558,unchanged_already_consistent
akram_afif__qat,Akram Afif,QAT,FWD,3,BIH,0.91,0.1883,0.0,0,0.453459,0.45373,unchanged_already_consistent
tomas_soucek__cze,Tomas Soucek,CZE,MID,1,KOR,0.9394,0.3119,,0,0.567611,0.567611,unchanged_already_consistent
tomas_soucek__cze,Tomas Soucek,CZE,MID,2,RSA,0.9394,0.411,,0,0.542086,0.542086,unchanged_already_consistent
tomas_soucek__cze,Tomas Soucek,CZE,MID,3,MEX,0.9394,0.217,,0,0.390081,0.390081,unchanged_already_consistent
bremer__bra,Bremer,BRA,DEF,1,MAR,0.2797,0.4624,0.228749,0.129333,0.648347,0.429632,rebuilt_from_fixture_clean_sheet_prob
bremer__bra,Bremer,BRA,DEF,2,HAI,0.2797,0.6453,0.31923,0.18049,0.786292,0.496327,rebuilt_from_fixture_clean_sheet_prob
bremer__bra,Bremer,BRA,DEF,3,SCO,0.2797,0.5,0.24735,0.13985,0.573929,0.36108,rebuilt_from_fixture_clean_sheet_prob
nicolas_seiwald__aut,Nicolas Seiwald,AUT,MID,1,JOR,0.7343,0.4865,0.0,0,1.419308,1.419308,unchanged_already_consistent
nicolas_seiwald__aut,Nicolas Seiwald,AUT,MID,2,ARG,0.7343,0.1883,0.0,0,0.417749,0.417749,unchanged_already_consistent
nicolas_seiwald__aut,Nicolas Seiwald,AUT,MID,3,ALG,0.7343,0.3547,0.0,0,0.729002,0.729002,unchanged_already_consistent
mathew_ryan__aus,Mathew Ryan,AUS,GK,1,TUR,0.8931,0.2077,0.196547,0.185497,0.62321,0.593669,rebuilt_from_fixture_clean_sheet_prob
mathew_ryan__aus,Mathew Ryan,AUS,GK,2,USA,0.8931,0.2077,0.196547,0.185497,0.629928,0.601865,rebuilt_from_fixture_clean_sheet_prob
mathew_ryan__aus,Mathew Ryan,AUS,GK,3,PAR,0.8931,0.2678,0.253419,0.239172,0.748674,0.714031,rebuilt_from_fixture_clean_sheet_prob
takefusa_kubo__jpn,Takefusa Kubo,JPN,MID,1,NED,0.8066,0.217,0.0,0,0.270902,0.270902,unchanged_already_consistent
takefusa_kubo__jpn,Takefusa Kubo,JPN,MID,2,TUN,0.8066,0.4415,0.0,0,0.510172,0.510172,unchanged_already_consistent
takefusa_kubo__jpn,Takefusa Kubo,JPN,MID,3,SWE,0.8066,0.3547,0.0,0,0.528699,0.528699,unchanged_already_consistent
benjamin_nygren__swe,Benjamin Nygren,SWE,FWD,1,TUN,0.6072,0.411,0.0,0,1.098861,1.098861,unchanged_already_consistent
benjamin_nygren__swe,Benjamin Nygren,SWE,FWD,2,NED,0.6072,0.1883,0.0,0,0.443515,0.443515,unchanged_already_consistent
benjamin_nygren__swe,Benjamin Nygren,SWE,FWD,3,JPN,0.6072,0.25,0.0,0,0.519394,0.519394,unchanged_already_consistent
ayase_ueda__jpn,Ayase Ueda,JPN,FWD,1,NED,0.5698,0.217,0.0,0,0.351419,0.351419,unchanged_already_consistent
ayase_ueda__jpn,Ayase Ueda,JPN,FWD,2,TUN,0.5698,0.4415,0.0,0,0.616092,0.616094,unchanged_already_consistent
ayase_ueda__jpn,Ayase Ueda,JPN,FWD,3,SWE,0.5698,0.3547,0.0,0,0.632796,0.632796,unchanged_already_consistent
rayan_cherki__fra,Rayan Cherki,FRA,FWD,1,SEN,0.595,0.4624,0.0,0,0.605923,0.605923,unchanged_already_consistent
rayan_cherki__fra,Rayan Cherki,FRA,FWD,2,IRQ,0.595,0.6627,0.0,0,0.598894,0.598895,unchanged_already_consistent
rayan_cherki__fra,Rayan Cherki,FRA,FWD,3,NOR,0.595,0.375,0.0,0,0.395086,0.395086,unchanged_already_consistent
kim_seung_gyu__kor,Seung-Gyu Kim,KOR,GK,1,CZE,0.7029,0.3119,0.219235,0.219235,0.694097,0.694097,unchanged_already_consistent
kim_seung_gyu__kor,Seung-Gyu Kim,KOR,GK,2,MEX,0.7029,0.2337,0.164268,0.164268,0.499606,0.499607,unchanged_already_consistent
kim_seung_gyu__kor,Seung-Gyu Kim,KOR,GK,3,RSA,0.7029,0.3923,0.275748,0.275748,0.763361,0.763361,unchanged_already_consistent
ramy_bensebaini__alg,Ramy Bensebaini,ALG,DEF,1,ARG,0.6387,0.1573,0.100468,0.100468,0.265732,0.265732,unchanged_already_consistent
ramy_bensebaini__alg,Ramy Bensebaini,ALG,DEF,2,JOR,0.6387,0.4226,0.269915,0.269915,0.80332,0.803322,unchanged_already_consistent
ramy_bensebaini__alg,Ramy Bensebaini,ALG,DEF,3,AUT,0.6387,0.2766,0.176664,0.176664,0.525262,0.525262,unchanged_already_consistent
benjamin_asare__gha,Benjamin Asare,GHA,GK,1,PAN,0.8194,0.375,0.307275,0.307275,1.020741,1.020741,unchanged_already_consistent
benjamin_asare__gha,Benjamin Asare,GHA,GK,2,ENG,0.8194,0.1192,0.097672,0.097672,0.369958,0.369959,unchanged_already_consistent
benjamin_asare__gha,Benjamin Asare,GHA,GK,3,CRO,0.8194,0.217,0.17781,0.17781,0.558159,0.558159,unchanged_already_consistent
douglas_santos__bra,Douglas Santos,BRA,DEF,1,MAR,0.55,0.4624,0.246505,0.25432,0.750652,0.769976,rebuilt_from_fixture_clean_sheet_prob
douglas_santos__bra,Douglas Santos,BRA,DEF,2,HAI,0.55,0.6453,0.344009,0.354915,0.925413,0.951077,rebuilt_from_fixture_clean_sheet_prob
douglas_santos__bra,Douglas Santos,BRA,DEF,3,SCO,0.55,0.5,0.26655,0.275,0.677416,0.696301,rebuilt_from_fixture_clean_sheet_prob
mamadou_sarr__sen,Mamadou Sarr,SEN,DEF,1,FRA,0.8315,0.1573,0.130795,0.130795,0.324939,0.324939,unchanged_already_consistent
mamadou_sarr__sen,Mamadou Sarr,SEN,DEF,2,NOR,0.8315,0.2337,0.194322,0.194322,0.542665,0.542665,unchanged_already_consistent
mamadou_sarr__sen,Mamadou Sarr,SEN,DEF,3,IRQ,0.8315,0.5,0.41575,0.41575,1.115073,1.115074,unchanged_already_consistent
neymar_jr__bra,Neymar Jr.,BRA,FWD,1,MAR,0.8919,0.4624,,0,0.208365,0.208365,unchanged_already_consistent
neymar_jr__bra,Neymar Jr.,BRA,FWD,2,HAI,0.8919,0.6453,,0,0.173127,0.173127,unchanged_already_consistent
neymar_jr__bra,Neymar Jr.,BRA,FWD,3,SCO,0.8919,0.5,,0,0.126066,0.126067,unchanged_already_consistent
jorge_guti_rrez__pan,Jorge Gutierrez,PAN,DEF,1,GHA,0.914,0.25,0.2285,0.2285,0.807071,0.807071,unchanged_already_consistent
jorge_guti_rrez__pan,Jorge Gutierrez,PAN,DEF,2,CRO,0.914,0.1717,0.156934,0.156934,0.663053,0.663053,unchanged_already_consistent
jorge_guti_rrez__pan,Jorge Gutierrez,PAN,DEF,3,ENG,0.914,0.1063,0.097158,0.097158,0.49833,0.498331,unchanged_already_consistent
abdukodir_khusanov__uzb,Abdukodir Khusanov,UZB,DEF,1,COL,0.846,0.1573,0.133076,0.133076,0.345324,0.345324,unchanged_already_consistent
abdukodir_khusanov__uzb,Abdukodir Khusanov,UZB,DEF,2,POR,0.846,0.096,0.081216,0.081216,0.272064,0.272064,unchanged_already_consistent
abdukodir_khusanov__uzb,Abdukodir Khusanov,UZB,DEF,3,COD,0.846,0.3119,0.263867,0.263867,0.631,0.631,unchanged_already_consistent
anthony_elanga__swe,Anthony Elanga,SWE,FWD,1,TUN,0.5704,0.411,0.0,0,0.897041,0.897041,unchanged_already_consistent
anthony_elanga__swe,Anthony Elanga,SWE,FWD,2,NED,0.5704,0.1883,0.0,0,0.36538,0.36538,unchanged_already_consistent
anthony_elanga__swe,Anthony Elanga,SWE,FWD,3,JPN,0.5704,0.25,0.0,0,0.425798,0.425798,unchanged_already_consistent
matt_turner__usa,Matt Turner,USA,GK,1,PAR,0.2029,0.411,0.246641,0.083392,0.812891,0.355794,rebuilt_from_fixture_clean_sheet_prob
matt_turner__usa,Matt Turner,USA,GK,2,AUS,0.2029,0.4226,0.253602,0.085746,0.797012,0.350515,rebuilt_from_fixture_clean_sheet_prob
matt_turner__usa,Matt Turner,USA,GK,3,TUR,0.2029,0.2766,0.165988,0.056122,0.508219,0.231358,rebuilt_from_fixture_clean_sheet_prob
victor_lindel_f__swe,Victor Lindelöf,SWE,DEF,1,TUN,0.6257,0.411,0.257163,0.257163,0.809584,0.809584,unchanged_already_consistent
victor_lindel_f__swe,Victor Lindelöf,SWE,DEF,2,NED,0.6257,0.1883,0.117819,0.117819,0.340586,0.340587,unchanged_already_consistent
victor_lindel_f__swe,Victor Lindelöf,SWE,DEF,3,JPN,0.6257,0.25,0.156425,0.156425,0.415939,0.415939,unchanged_already_consistent
nathan_saliba__can,Nathan Saliba,CAN,MID,1,BIH,0.3262,0.4226,0.0,0,0.813451,0.519565,unchanged_already_consistent
nathan_saliba__can,Nathan Saliba,CAN,MID,2,QAT,0.3262,0.5774,0.0,0,0.961689,0.612767,unchanged_already_consistent
nathan_saliba__can,Nathan Saliba,CAN,MID,3,SUI,0.3262,0.25,0.0,0,0.337987,0.227812,unchanged_already_consistent
saman_ghoddos__irn,Saman Ghoddos,IRN,MID,1,NZL,0.8625,0.411,0.0,0,1.374106,1.374106,unchanged_already_consistent
saman_ghoddos__irn,Saman Ghoddos,IRN,MID,2,BEL,0.8625,0.1459,0.0,0,0.455633,0.455633,unchanged_already_consistent
saman_ghoddos__irn,Saman Ghoddos,IRN,MID,3,EGY,0.8625,0.2904,0.0,0,0.615959,0.615959,unchanged_already_consistent
ronwen_williams__rsa,Ronwen Williams,RSA,GK,1,MEX,0.92,0.1717,0.157964,0.157964,0.479169,0.479169,unchanged_already_consistent
ronwen_williams__rsa,Ronwen Williams,RSA,GK,2,CZE,0.92,0.25,0.23,0.23,0.716792,0.716792,unchanged_already_consistent
ronwen_williams__rsa,Ronwen Williams,RSA,GK,3,KOR,0.92,0.2337,0.215004,0.215004,0.667892,0.667893,unchanged_already_consistent
jorge_sanchez__mex,Jorge Sanchez,MEX,DEF,1,RSA,0.5918,0.5376,0.318152,0.318152,0.8811,0.8811,unchanged_already_consistent
jorge_sanchez__mex,Jorge Sanchez,MEX,DEF,2,KOR,0.5918,0.4415,0.26128,0.26128,0.679746,0.679747,unchanged_already_consistent
jorge_sanchez__mex,Jorge Sanchez,MEX,DEF,3,CZE,0.5918,0.411,0.24323,0.24323,0.58627,0.58627,unchanged_already_consistent
guillermo_varela__uru,Guillermo Varela,URU,DEF,1,KSA,0.5293,0.4865,0.257504,0.257504,0.752284,0.752284,unchanged_already_consistent
guillermo_varela__uru,Guillermo Varela,URU,DEF,2,CPV,0.5293,0.5,0.26465,0.26465,0.737582,0.737582,unchanged_already_consistent
guillermo_varela__uru,Guillermo Varela,URU,DEF,3,ESP,0.5293,0.1717,0.090881,0.090881,0.252709,0.252709,unchanged_already_consistent
valentino_livramento__eng,Valentino Livramento,ENG,DEF,1,CRO,0.2906,0.4118,0.211171,0.119669,0.558171,0.356867,rebuilt_from_fixture_clean_sheet_prob
valentino_livramento__eng,Valentino Livramento,ENG,DEF,2,GHA,0.2906,0.5,0.2564,0.1453,0.626135,0.393936,rebuilt_from_fixture_clean_sheet_prob
valentino_livramento__eng,Valentino Livramento,ENG,DEF,3,PAN,0.2906,0.5376,0.275681,0.156227,0.610654,0.374135,rebuilt_from_fixture_clean_sheet_prob
shoja_khalilzadeh__irn,Shojae Khalilzadeh,IRN,DEF,1,NZL,0.7167,0.411,0.294564,0.294564,1.004601,1.004601,unchanged_already_consistent
shoja_khalilzadeh__irn,Shojae Khalilzadeh,IRN,DEF,2,BEL,0.7167,0.1459,0.104567,0.104567,0.324974,0.324974,unchanged_already_consistent
shoja_khalilzadeh__irn,Shojae Khalilzadeh,IRN,DEF,3,EGY,0.7167,0.2904,0.20813,0.20813,0.558996,0.558997,unchanged_already_consistent
leo_pereira__bra,Leo Pereira,BRA,DEF,1,MAR,0.45,0.4624,0.20808,0.20808,0.654004,0.654004,unchanged_already_consistent
leo_pereira__bra,Leo Pereira,BRA,DEF,2,HAI,0.45,0.6453,0.290385,0.290385,0.769667,0.769667,unchanged_already_consistent
leo_pereira__bra,Leo Pereira,BRA,DEF,3,SCO,0.45,0.5,0.225,0.225,0.563528,0.56353,unchanged_already_consistent
amadou_onana__bel,Amadou Onana,BEL,MID,1,EGY,0.6486,0.3923,0.0,0,0.636852,0.641927,unchanged_already_consistent
amadou_onana__bel,Amadou Onana,BEL,MID,2,IRN,0.6486,0.5,0.0,0,0.644547,0.650096,unchanged_already_consistent
amadou_onana__bel,Amadou Onana,BEL,MID,3,NZL,0.6486,0.5135,0.0,0,0.553123,0.557896,unchanged_already_consistent
tim_ream__usa,Tim Ream,USA,DEF,1,PAR,0.5896,0.411,0.240558,0.242326,0.812286,0.816175,rebuilt_from_fixture_clean_sheet_prob
tim_ream__usa,Tim Ream,USA,DEF,2,AUS,0.5896,0.4226,0.247348,0.249165,0.815395,0.819194,rebuilt_from_fixture_clean_sheet_prob
tim_ream__usa,Tim Ream,USA,DEF,3,TUR,0.5896,0.2766,0.161894,0.163083,0.496949,0.499304,rebuilt_from_fixture_clean_sheet_prob
luc_de_fougerolles__can,Luc De Fougerolles,CAN,DEF,1,BIH,0.68,0.4226,0.287368,0.287368,0.941134,0.941131,unchanged_already_consistent
luc_de_fougerolles__can,Luc De Fougerolles,CAN,DEF,2,QAT,0.68,0.5774,0.392632,0.392632,1.18872,1.188721,unchanged_already_consistent
luc_de_fougerolles__can,Luc De Fougerolles,CAN,DEF,3,SUI,0.68,0.25,0.17,0.17,0.487304,0.487305,unchanged_already_consistent
rodrigo_de_paul__arg,Rodrigo de Paul,ARG,MID,1,ALG,0.2199,0.5135,0.0,0,0.719357,0.47169,unchanged_already_consistent
rodrigo_de_paul__arg,Rodrigo de Paul,ARG,MID,2,AUT,0.2199,0.4226,0.0,0,0.57705,0.3657,unchanged_already_consistent
rodrigo_de_paul__arg,Rodrigo de Paul,ARG,MID,3,JOR,0.2199,0.5774,0.0,0,0.549463,0.342049,unchanged_already_consistent
junya_ito__jpn,Junya Ito,JPN,MID,1,NED,0.5593,0.217,0.0,0,0.373712,0.373712,unchanged_already_consistent
junya_ito__jpn,Junya Ito,JPN,MID,2,TUN,0.5593,0.4415,0.0,0,0.650074,0.650074,unchanged_already_consistent
junya_ito__jpn,Junya Ito,JPN,MID,3,SWE,0.5593,0.3547,0.0,0,0.669776,0.669776,unchanged_already_consistent
robin_hranac__cze,Robin Hranac,CZE,DEF,1,KOR,0.8244,0.3119,0.25713,0.25713,0.678082,0.678082,unchanged_already_consistent
robin_hranac__cze,Robin Hranac,CZE,DEF,2,RSA,0.8244,0.411,0.338828,0.338828,0.755328,0.755328,unchanged_already_consistent
robin_hranac__cze,Robin Hranac,CZE,DEF,3,MEX,0.8244,0.217,0.178895,0.178895,0.398906,0.398906,unchanged_already_consistent
jhon_arias__col,Jhon Arias,COL,MID,1,UZB,0.6681,0.5,0.0,0,0.68697,0.68697,unchanged_already_consistent
jhon_arias__col,Jhon Arias,COL,MID,2,COD,0.6681,0.5376,0.0,0,0.686588,0.686589,unchanged_already_consistent
jhon_arias__col,Jhon Arias,COL,MID,3,POR,0.6681,0.25,0.0,0,0.343731,0.343733,unchanged_already_consistent
zineddine_belaid__alg,Zineddine Belaid,ALG,DEF,1,ARG,0.7139,0.1573,0.112296,0.112296,0.30102,0.30102,unchanged_already_consistent
zineddine_belaid__alg,Zineddine Belaid,ALG,DEF,2,JOR,0.7139,0.4226,0.301694,0.301694,0.924046,0.924046,unchanged_already_consistent
zineddine_belaid__alg,Zineddine Belaid,ALG,DEF,3,AUT,0.7139,0.2766,0.197465,0.197465,0.581902,0.581902,unchanged_already_consistent
hannibal_mejbri__tun,Hannibal Mejbri,TUN,MID,1,SWE,0.5947,0.25,0.0,0,0.493808,0.384499,unchanged_already_consistent
hannibal_mejbri__tun,Hannibal Mejbri,TUN,MID,2,JPN,0.5947,0.2337,0.0,0,0.593617,0.478266,unchanged_already_consistent
hannibal_mejbri__tun,Hannibal Mejbri,TUN,MID,3,NED,0.5947,0.1717,0.0,0,0.496696,0.402649,unchanged_already_consistent
diney_borges__cpv,Diney Borges,CPV,DEF,1,ESP,0.7912,0.0509,0.040272,0.040272,0.085986,0.085986,unchanged_already_consistent
diney_borges__cpv,Diney Borges,CPV,DEF,2,URU,0.7912,0.1573,0.124456,0.124456,0.34324,0.34324,unchanged_already_consistent
diney_borges__cpv,Diney Borges,CPV,DEF,3,KSA,0.7912,0.3373,0.266872,0.266872,0.631826,0.631826,unchanged_already_consistent
alejandro_alex_grimaldo__esp,Alejandro 'Alex' Grimaldo,ESP,DEF,1,CPV,0.3837,0.625,0.239812,0.239812,0.616183,0.616183,unchanged_already_consistent
alejandro_alex_grimaldo__esp,Alejandro 'Alex' Grimaldo,ESP,DEF,2,KSA,0.3837,0.6627,0.254278,0.254278,0.724033,0.724033,unchanged_already_consistent
alejandro_alex_grimaldo__esp,Alejandro 'Alex' Grimaldo,ESP,DEF,3,URU,0.3837,0.4226,0.162152,0.162152,0.45467,0.45467,unchanged_already_consistent
torbjorn_heggem__nor,Torbjørn Heggem,NOR,DEF,1,IRQ,0.6376,0.5585,0.3561,0.3561,0.952672,0.952672,unchanged_already_consistent
torbjorn_heggem__nor,Torbjørn Heggem,NOR,DEF,2,SEN,0.6376,0.3373,0.215062,0.215062,0.574304,0.574304,unchanged_already_consistent
torbjorn_heggem__nor,Torbjørn Heggem,NOR,DEF,3,FRA,0.6376,0.2077,0.13243,0.13243,0.37269,0.372691,unchanged_already_consistent
orkun_k_k__tur,Orkun Kökcü,TUR,MID,1,AUS,0.85,0.411,0.0,0,0.677992,0.893956,unchanged_already_consistent
orkun_k_k__tur,Orkun Kökcü,TUR,MID,2,PAR,0.85,0.375,0.0,0,0.609726,0.810328,unchanged_already_consistent
orkun_k_k__tur,Orkun Kökcü,TUR,MID,3,USA,0.85,0.2766,0.0,0,0.476456,0.630758,unchanged_already_consistent
ismael_d_az__pan,Ismael Diaz,PAN,FWD,1,GHA,0.3414,0.25,0.0,0,0.881291,0.578194,unchanged_already_consistent
ismael_d_az__pan,Ismael Diaz,PAN,FWD,2,CRO,0.3414,0.1717,0.0,0,0.828726,0.568205,unchanged_already_consistent
ismael_d_az__pan,Ismael Diaz,PAN,FWD,3,ENG,0.3414,0.1063,0.0,0,0.76086,0.520999,unchanged_already_consistent
ivan_unji__bih,Ivan Sunjic,BIH,MID,1,CAN,0.6652,0.2337,0.0,0,0.353343,0.287912,unchanged_already_consistent
ivan_unji__bih,Ivan Sunjic,BIH,MID,2,SUI,0.6652,0.1883,0.0,0,0.317515,0.267245,unchanged_already_consistent
ivan_unji__bih,Ivan Sunjic,BIH,MID,3,QAT,0.6652,0.4624,0.0,0,0.8806,0.690755,unchanged_already_consistent
jhon_lucum__col,Jhon Lucumi,COL,DEF,1,UZB,0.3877,0.5,0.19385,0.19385,0.752238,0.752238,unchanged_already_consistent
jhon_lucum__col,Jhon Lucumi,COL,DEF,2,COD,0.3877,0.5376,0.208428,0.208428,0.730166,0.730166,unchanged_already_consistent
jhon_lucum__col,Jhon Lucumi,COL,DEF,3,POR,0.3877,0.25,0.096925,0.096925,0.356215,0.356216,unchanged_already_consistent
ryan_gravenberch__ned,Ryan Gravenberch,NED,MID,1,JPN,0.566,0.3373,0.0,0,0.513883,0.513883,unchanged_already_consistent
ryan_gravenberch__ned,Ryan Gravenberch,NED,MID,2,SWE,0.566,0.4226,0.0,0,0.564873,0.564873,unchanged_already_consistent
ryan_gravenberch__ned,Ryan Gravenberch,NED,MID,3,TUN,0.566,0.4624,0.0,0,0.479228,0.479228,unchanged_already_consistent
arthur_masuaku__cod,Arthur Masuaku,COD,DEF,1,POR,0.8657,0.096,0.083107,0.083107,0.27676,0.27676,unchanged_already_consistent
arthur_masuaku__cod,Arthur Masuaku,COD,DEF,2,COL,0.8657,0.1883,0.163011,0.163011,0.509008,0.509008,unchanged_already_consistent
arthur_masuaku__cod,Arthur Masuaku,COD,DEF,3,UZB,0.8657,0.3373,0.292001,0.292001,0.925848,0.925848,unchanged_already_consistent
lukas_provod__cze,Lukas Provod,CZE,MID,1,KOR,0.8588,0.3119,,0,0.568471,0.568471,unchanged_already_consistent
lukas_provod__cze,Lukas Provod,CZE,MID,2,RSA,0.8588,0.411,,0,0.542588,0.542588,unchanged_already_consistent
lukas_provod__cze,Lukas Provod,CZE,MID,3,MEX,0.8588,0.217,,0,0.390556,0.390556,unchanged_already_consistent
esmir_bajraktarevic__bih,Esmir Bajraktarevic,BIH,MID,1,CAN,0.8135,0.2337,0.0,0,0.330851,0.335486,unchanged_already_consistent
esmir_bajraktarevic__bih,Esmir Bajraktarevic,BIH,MID,2,SUI,0.8135,0.1883,0.0,0,0.312458,0.316323,unchanged_already_consistent
esmir_bajraktarevic__bih,Esmir Bajraktarevic,BIH,MID,3,QAT,0.8135,0.4624,0.0,0,0.835951,0.849526,unchanged_already_consistent
diogo_dalot__por,Diogo Dalot,POR,DEF,1,COD,0.37,0.5,0.18835,0.185,0.699868,0.69145,rebuilt_from_fixture_clean_sheet_prob
diogo_dalot__por,Diogo Dalot,POR,DEF,2,UZB,0.37,0.5,0.18835,0.185,0.624725,0.616703,rebuilt_from_fixture_clean_sheet_prob
diogo_dalot__por,Diogo Dalot,POR,DEF,3,COL,0.37,0.3547,0.133615,0.131239,0.399763,0.394641,rebuilt_from_fixture_clean_sheet_prob
idrissa_gana_gueye__sen,Idrissa Gana Gueye,SEN,MID,1,FRA,0.6524,0.1573,0.0,0,0.256917,0.256917,unchanged_already_consistent
idrissa_gana_gueye__sen,Idrissa Gana Gueye,SEN,MID,2,NOR,0.6524,0.2337,0.0,0,0.417988,0.417989,unchanged_already_consistent
idrissa_gana_gueye__sen,Idrissa Gana Gueye,SEN,MID,3,IRQ,0.6524,0.5,0.0,0,0.915071,0.915072,unchanged_already_consistent
yan_diomande__civ,Yan Diomande,CIV,FWD,1,ECU,0.9123,0.3119,,0,0.509724,0.509724,unchanged_already_consistent
yan_diomande__civ,Yan Diomande,CIV,FWD,2,GER,0.9123,0.1573,,0,0.381096,0.381096,unchanged_already_consistent
yan_diomande__civ,Yan Diomande,CIV,FWD,3,CUW,0.9123,0.5135,,0,0.576695,0.576695,unchanged_already_consistent
tsuyoshi_watanabe__jpn,Tsuyoshi Watanabe,JPN,DEF,1,NED,0.5392,0.217,0.117006,0.117006,0.31973,0.31973,unchanged_already_consistent
tsuyoshi_watanabe__jpn,Tsuyoshi Watanabe,JPN,DEF,2,TUN,0.5392,0.4415,0.238057,0.238057,0.627617,0.627618,unchanged_already_consistent
tsuyoshi_watanabe__jpn,Tsuyoshi Watanabe,JPN,DEF,3,SWE,0.5392,0.3547,0.191254,0.191254,0.523274,0.523275,unchanged_already_consistent
pedro_vite__ecu,Pedro Vite,ECU,MID,1,CIV,0.8211,0.4226,0.0,0,0.652779,0.652779,unchanged_already_consistent
pedro_vite__ecu,Pedro Vite,ECU,MID,2,CUW,0.8211,0.5585,0.0,0,1.11919,1.11919,unchanged_already_consistent
pedro_vite__ecu,Pedro Vite,ECU,MID,3,GER,0.8211,0.1717,0.0,0,0.397571,0.397571,unchanged_already_consistent
antonee_robinson__usa,Antonee Robinson,USA,DEF,1,PAR,0.8297,0.411,0.340267,0.341007,0.909505,0.911591,rebuilt_from_fixture_clean_sheet_prob
antonee_robinson__usa,Antonee Robinson,USA,DEF,2,AUS,0.8297,0.4226,0.349871,0.350631,0.891753,0.893793,rebuilt_from_fixture_clean_sheet_prob
antonee_robinson__usa,Antonee Robinson,USA,DEF,3,TUR,0.8297,0.2766,0.228997,0.229495,0.573589,0.574935,rebuilt_from_fixture_clean_sheet_prob
samuel_moutoussamy__cod,Samuel Moutoussamy,COD,MID,1,POR,0.8872,0.096,0.0,0,0.296286,0.296286,unchanged_already_consistent
samuel_moutoussamy__cod,Samuel Moutoussamy,COD,MID,2,COL,0.8872,0.1883,0.0,0,0.376706,0.376706,unchanged_already_consistent
samuel_moutoussamy__cod,Samuel Moutoussamy,COD,MID,3,UZB,0.8872,0.3373,0.0,0,0.756321,0.756322,unchanged_already_consistent
chancel_mbemba__cod,Chancel Mbemba,COD,DEF,1,POR,0.8938,0.096,0.085805,0.085805,0.246811,0.246811,unchanged_already_consistent
chancel_mbemba__cod,Chancel Mbemba,COD,DEF,2,COL,0.8938,0.1883,0.168303,0.168303,0.494116,0.494116,unchanged_already_consistent
chancel_mbemba__cod,Chancel Mbemba,COD,DEF,3,UZB,0.8938,0.3373,0.301479,0.301479,0.880968,0.880968,unchanged_already_consistent
david_cabezas__ecu,David Cabezas,ECU,GK,1,CIV,0.6667,0.4226,0.281747,0.281747,0.928909,0.928909,unchanged_already_consistent
david_cabezas__ecu,David Cabezas,ECU,GK,2,CUW,0.6667,0.5585,0.372352,0.372352,1.176679,1.176679,unchanged_already_consistent
david_cabezas__ecu,David Cabezas,ECU,GK,3,GER,0.6667,0.1717,0.114472,0.114472,0.435727,0.435727,unchanged_already_consistent
pau_cubars__esp,Pau Cubarsi,ESP,DEF,1,CPV,0.3084,0.625,0.19275,0.19275,0.627159,0.627159,unchanged_already_consistent
pau_cubars__esp,Pau Cubarsi,ESP,DEF,2,KSA,0.3084,0.6627,0.204377,0.204377,0.792558,0.792558,unchanged_already_consistent
pau_cubars__esp,Pau Cubarsi,ESP,DEF,3,URU,0.3084,0.4226,0.13033,0.13033,0.512706,0.512706,unchanged_already_consistent
alessandro_circati__aus,Alessandro Circati,AUS,DEF,1,TUR,0.8608,0.2077,0.176628,0.178788,0.505334,0.511366,rebuilt_from_fixture_clean_sheet_prob
alessandro_circati__aus,Alessandro Circati,AUS,DEF,2,USA,0.8608,0.2077,0.176628,0.178788,0.491045,0.497105,rebuilt_from_fixture_clean_sheet_prob
alessandro_circati__aus,Alessandro Circati,AUS,DEF,3,PAR,0.8608,0.2678,0.227737,0.230522,0.598076,0.605129,rebuilt_from_fixture_clean_sheet_prob
thomas_meunier__bel,Thomas Meunier,BEL,DEF,1,EGY,0.391,0.3923,0.151035,0.153389,0.542872,0.548772,rebuilt_from_fixture_clean_sheet_prob
thomas_meunier__bel,Thomas Meunier,BEL,DEF,2,IRN,0.391,0.5,0.1925,0.1955,0.587495,0.594598,rebuilt_from_fixture_clean_sheet_prob
thomas_meunier__bel,Thomas Meunier,BEL,DEF,3,NZL,0.391,0.5135,0.197697,0.200778,0.541439,0.548137,rebuilt_from_fixture_clean_sheet_prob
caleb_yirenkyi__gha,Caleb Yirenkyi,GHA,DEF,1,PAN,0.6441,0.375,0.241538,0.241538,0.709675,0.709676,unchanged_already_consistent
caleb_yirenkyi__gha,Caleb Yirenkyi,GHA,DEF,2,ENG,0.6441,0.1192,0.076777,0.076777,0.284044,0.284046,unchanged_already_consistent
caleb_yirenkyi__gha,Caleb Yirenkyi,GHA,DEF,3,CRO,0.6441,0.217,0.13977,0.13977,0.400033,0.400033,unchanged_already_consistent
j_rgen_strand_larsen__nor,Jørgen Strand Larsen,NOR,FWD,1,IRQ,0.5147,0.5585,0.0,0,0.824925,0.824925,unchanged_already_consistent
j_rgen_strand_larsen__nor,Jørgen Strand Larsen,NOR,FWD,2,SEN,0.5147,0.3373,0.0,0,0.635812,0.635813,unchanged_already_consistent
j_rgen_strand_larsen__nor,Jørgen Strand Larsen,NOR,FWD,3,FRA,0.5147,0.2077,0.0,0,0.358222,0.358222,unchanged_already_consistent
yan_valery__tun,Yan Valery,TUN,DEF,1,SWE,0.7887,0.25,0.197175,0.197175,0.540673,0.540672,unchanged_already_consistent
yan_valery__tun,Yan Valery,TUN,DEF,2,JPN,0.7887,0.2337,0.184319,0.184319,0.576375,0.576375,unchanged_already_consistent
yan_valery__tun,Yan Valery,TUN,DEF,3,NED,0.7887,0.1717,0.13542,0.13542,0.429008,0.429008,unchanged_already_consistent
connor_metcalfe__aus,Connor Metcalfe,AUS,MID,1,TUR,0.6532,0.2077,0.0,0,0.47827,0.376929,unchanged_already_consistent
connor_metcalfe__aus,Connor Metcalfe,AUS,MID,2,USA,0.6532,0.2077,0.0,0,0.390402,0.319889,unchanged_already_consistent
connor_metcalfe__aus,Connor Metcalfe,AUS,MID,3,PAR,0.6532,0.2678,0.0,0,0.477032,0.384494,unchanged_already_consistent
gon_alo_in_cio__por,Goncalo Inacio,POR,DEF,1,COD,0.3606,0.5,0.18445,0.1803,0.660702,0.650102,rebuilt_from_fixture_clean_sheet_prob
gon_alo_in_cio__por,Goncalo Inacio,POR,DEF,2,UZB,0.3606,0.5,0.18445,0.1803,0.585034,0.574964,rebuilt_from_fixture_clean_sheet_prob
gon_alo_in_cio__por,Goncalo Inacio,POR,DEF,3,COL,0.3606,0.3547,0.130849,0.127905,0.378151,0.37184,rebuilt_from_fixture_clean_sheet_prob
alex_baena__esp,Alex Baena,ESP,MID,1,CPV,0.5201,0.625,0.0,0,0.482501,0.482501,unchanged_already_consistent
alex_baena__esp,Alex Baena,ESP,MID,2,KSA,0.5201,0.6627,0.0,0,0.603504,0.603504,unchanged_already_consistent
alex_baena__esp,Alex Baena,ESP,MID,3,URU,0.5201,0.4226,0.0,0,0.419336,0.419336,unchanged_already_consistent
joel_waterman__can,Joel Waterman,CAN,DEF,1,BIH,0.3015,0.4226,0.220259,0.127414,0.690154,0.435741,rebuilt_from_fixture_clean_sheet_prob
joel_waterman__can,Joel Waterman,CAN,DEF,2,QAT,0.3015,0.5774,0.300941,0.174086,0.884334,0.553402,rebuilt_from_fixture_clean_sheet_prob
joel_waterman__can,Joel Waterman,CAN,DEF,3,SUI,0.3015,0.25,0.1303,0.075375,0.351014,0.229811,rebuilt_from_fixture_clean_sheet_prob
saeid_ezatolahi__irn,Saeid Ezatolahi,IRN,MID,1,NZL,0.8138,0.411,0.0,0,1.148254,1.148254,unchanged_already_consistent
saeid_ezatolahi__irn,Saeid Ezatolahi,IRN,MID,2,BEL,0.8138,0.1459,0.0,0,0.375682,0.375682,unchanged_already_consistent
saeid_ezatolahi__irn,Saeid Ezatolahi,IRN,MID,3,EGY,0.8138,0.2904,0.0,0,0.509315,0.509315,unchanged_already_consistent
danley_jean_jacques__hai,Danley Jean Jacques,HAI,MID,1,SCO,0.9149,0.1573,0.0,0,0.509272,0.509615,unchanged_already_consistent
danley_jean_jacques__hai,Danley Jean Jacques,HAI,MID,2,BRA,0.9149,0.0461,0.0,0,0.410018,0.410473,unchanged_already_consistent
danley_jean_jacques__hai,Danley Jean Jacques,HAI,MID,3,MAR,0.9149,0.096,0.0,0,0.404285,0.404734,unchanged_already_consistent
nathan_ngoy__bel,Nathan Ngoy,BEL,DEF,1,EGY,0.8806,0.3923,0.246914,0.345459,0.738703,0.959786,rebuilt_from_fixture_clean_sheet_prob
nathan_ngoy__bel,Nathan Ngoy,BEL,DEF,2,IRN,0.8806,0.5,0.3147,0.4403,0.815321,1.081405,rebuilt_from_fixture_clean_sheet_prob
nathan_ngoy__bel,Nathan Ngoy,BEL,DEF,3,NZL,0.8806,0.5135,0.323197,0.452188,0.774221,1.032752,rebuilt_from_fixture_clean_sheet_prob
guela_doue__civ,Guela Doue,CIV,DEF,1,ECU,0.6,0.3119,0.18714,0.18714,0.49128,0.49128,unchanged_already_consistent
guela_doue__civ,Guela Doue,CIV,DEF,2,GER,0.6,0.1573,0.09438,0.09438,0.235323,0.235323,unchanged_already_consistent
guela_doue__civ,Guela Doue,CIV,DEF,3,CUW,0.6,0.5135,0.3081,0.3081,0.646103,0.646103,unchanged_already_consistent
hossein_abarghouei__irn,Hossein Abarghouei,IRN,DEF,1,NZL,0.8777,0.411,0.360735,0.360735,1.179026,1.179026,unchanged_already_consistent
hossein_abarghouei__irn,Hossein Abarghouei,IRN,DEF,2,BEL,0.8777,0.1459,0.128056,0.128056,0.389233,0.389235,unchanged_already_consistent
hossein_abarghouei__irn,Hossein Abarghouei,IRN,DEF,3,EGY,0.8777,0.2904,0.254884,0.254884,0.670618,0.670618,unchanged_already_consistent
juninho_bacuna__cuw,Juninho Bacuna,CUW,MID,1,GER,0.9344,0.0335,0.0,0,0.31476,0.31476,unchanged_already_consistent
juninho_bacuna__cuw,Juninho Bacuna,CUW,MID,2,ECU,0.9344,0.1192,0.0,0,0.455325,0.455323,unchanged_already_consistent
juninho_bacuna__cuw,Juninho Bacuna,CUW,MID,3,CIV,0.9344,0.1358,0.0,0,0.536548,0.536553,unchanged_already_consistent
john_souttar__sco,John Souttar,SCO,DEF,1,HAI,0.5702,0.4865,0.280808,0.277402,0.982816,0.973206,rebuilt_from_fixture_clean_sheet_prob
john_souttar__sco,John Souttar,SCO,DEF,2,MAR,0.5702,0.25,0.1443,0.14255,0.486889,0.482472,rebuilt_from_fixture_clean_sheet_prob
john_souttar__sco,John Souttar,SCO,DEF,3,BRA,0.5702,0.1358,0.078384,0.077433,0.302217,0.299873,rebuilt_from_fixture_clean_sheet_prob
abdoulaye_seck__sen,Abdoulaye Seck,SEN,DEF,1,FRA,0.5232,0.1573,0.082299,0.082299,0.217822,0.217822,unchanged_already_consistent
abdoulaye_seck__sen,Abdoulaye Seck,SEN,DEF,2,NOR,0.5232,0.2337,0.122272,0.122272,0.372494,0.372494,unchanged_already_consistent
abdoulaye_seck__sen,Abdoulaye Seck,SEN,DEF,3,IRQ,0.5232,0.5,0.2616,0.2616,0.778708,0.778708,unchanged_already_consistent
fernando_muslera__uru,Fernando Muslera,URU,GK,1,KSA,0.3731,0.4865,0.181513,0.181513,0.684222,0.684222,unchanged_already_consistent
fernando_muslera__uru,Fernando Muslera,URU,GK,2,CPV,0.3731,0.5,0.18655,0.18655,0.641293,0.641293,unchanged_already_consistent
fernando_muslera__uru,Fernando Muslera,URU,GK,3,ESP,0.3731,0.1717,0.064061,0.064061,0.275015,0.275016,unchanged_already_consistent
gon_alo_ramos__por,Goncalo Ramos,POR,FWD,1,COD,0.35,0.5,0.0,0,0.650184,0.650184,unchanged_already_consistent
gon_alo_ramos__por,Goncalo Ramos,POR,FWD,2,UZB,0.35,0.5,0.0,0,0.587027,0.587027,unchanged_already_consistent
gon_alo_ramos__por,Goncalo Ramos,POR,FWD,3,COL,0.35,0.3547,0.0,0,0.337269,0.33727,unchanged_already_consistent
jos_s__por,Jose Sa,POR,GK,1,COD,0.3363,0.5,0.16825,0.16815,0.626674,0.626394,rebuilt_from_fixture_clean_sheet_prob
jos_s__por,Jose Sa,POR,GK,2,UZB,0.3363,0.5,0.16825,0.16815,0.557692,0.557426,rebuilt_from_fixture_clean_sheet_prob
jos_s__por,Jose Sa,POR,GK,3,COL,0.3363,0.3547,0.119357,0.119286,0.374346,0.374168,rebuilt_from_fixture_clean_sheet_prob
tyler_bindon__nzl,Tyler Bindon,NZL,DEF,1,IRN,0.6587,0.25,0.224525,0.164675,0.569116,0.436175,rebuilt_from_fixture_clean_sheet_prob
tyler_bindon__nzl,Tyler Bindon,NZL,DEF,2,EGY,0.6587,0.217,0.194888,0.142938,0.560331,0.449847,rebuilt_from_fixture_clean_sheet_prob
tyler_bindon__nzl,Tyler Bindon,NZL,DEF,3,BEL,0.6587,0.1063,0.095468,0.07002,0.325137,0.27329,rebuilt_from_fixture_clean_sheet_prob
andreas_schjelderup__nor,Andreas Schjelderup,NOR,MID,1,IRQ,0.3333,0.5585,0.0,0,0.901869,0.901869,unchanged_already_consistent
andreas_schjelderup__nor,Andreas Schjelderup,NOR,MID,2,SEN,0.3333,0.3373,0.0,0,0.699488,0.699488,unchanged_already_consistent
andreas_schjelderup__nor,Andreas Schjelderup,NOR,MID,3,FRA,0.3333,0.2077,0.0,0,0.385408,0.385409,unchanged_already_consistent
hussein_ali__irq,Hussein Ali,IRQ,DEF,1,NOR,0.8273,0.096,0.079421,0.079421,0.218476,0.218475,unchanged_already_consistent
hussein_ali__irq,Hussein Ali,IRQ,DEF,2,FRA,0.8273,0.0643,0.053195,0.053195,0.182771,0.182771,unchanged_already_consistent
hussein_ali__irq,Hussein Ali,IRQ,DEF,3,SEN,0.8273,0.1573,0.130134,0.130134,0.335211,0.335213,unchanged_already_consistent
luka_vuskovic__cro,Luka Vuskovic,CRO,DEF,1,ENG,0.7872,0.2077,0.163501,0.163501,0.422888,0.422888,unchanged_already_consistent
luka_vuskovic__cro,Luka Vuskovic,CRO,DEF,2,PAN,0.7872,0.4865,0.382973,0.382973,0.918661,0.918662,unchanged_already_consistent
luka_vuskovic__cro,Luka Vuskovic,CRO,DEF,3,GHA,0.7872,0.4415,0.347549,0.347549,0.830816,0.830816,unchanged_already_consistent
evan_n_dicka__civ,Evan N'Dicka,CIV,DEF,1,ECU,0.6561,0.3119,0.204638,0.204638,0.551664,0.551664,unchanged_already_consistent
evan_n_dicka__civ,Evan N'Dicka,CIV,DEF,2,GER,0.6561,0.1573,0.103205,0.103205,0.268222,0.268222,unchanged_already_consistent
evan_n_dicka__civ,Evan N'Dicka,CIV,DEF,3,CUW,0.6561,0.5135,0.336907,0.336907,0.716835,0.716835,unchanged_already_consistent
alexander_isak__swe,Alexander Isak,SWE,FWD,1,TUN,0.3944,0.411,0.0,0,0.70136,0.70136,unchanged_already_consistent
alexander_isak__swe,Alexander Isak,SWE,FWD,2,NED,0.3944,0.1883,0.0,0,0.306927,0.306927,unchanged_already_consistent
alexander_isak__swe,Alexander Isak,SWE,FWD,3,JPN,0.3944,0.25,0.0,0,0.347309,0.34731,unchanged_already_consistent
christian_pulisic__usa,Christian Pulisic,USA,FWD,1,PAR,0.8318,0.411,,0,0.160689,0.161911,unchanged_already_consistent
christian_pulisic__usa,Christian Pulisic,USA,FWD,2,AUS,0.8318,0.4226,,0,0.160296,0.161503,unchanged_already_consistent
christian_pulisic__usa,Christian Pulisic,USA,FWD,3,TUR,0.8318,0.2766,,0,0.119996,0.120954,unchanged_already_consistent
maximilian_w_ber__aut,Maximilian Wöber,AUT,DEF,1,JOR,0.559,0.4865,0.271954,0.271954,0.901258,0.901258,unchanged_already_consistent
maximilian_w_ber__aut,Maximilian Wöber,AUT,DEF,2,ARG,0.559,0.1883,0.10526,0.10526,0.306522,0.306522,unchanged_already_consistent
maximilian_w_ber__aut,Maximilian Wöber,AUT,DEF,3,ALG,0.559,0.3547,0.198277,0.198277,0.532565,0.532565,unchanged_already_consistent
federico_valverde__uru,Federico Valverde,URU,MID,1,KSA,0.8894,0.4865,,0,0.197132,0.197132,unchanged_already_consistent
federico_valverde__uru,Federico Valverde,URU,MID,2,CPV,0.8894,0.5,,0,0.163087,0.163087,unchanged_already_consistent
federico_valverde__uru,Federico Valverde,URU,MID,3,ESP,0.8894,0.1717,,0,0.12842,0.12842,unchanged_already_consistent
amirhossein_hosseinzadeh__irn,Amirhossein Hosseinzadeh,IRN,FWD,1,NZL,0.5366,0.411,0.0,0,0.949263,0.949263,unchanged_already_consistent
amirhossein_hosseinzadeh__irn,Amirhossein Hosseinzadeh,IRN,FWD,2,BEL,0.5366,0.1459,0.0,0,0.288534,0.288534,unchanged_already_consistent
amirhossein_hosseinzadeh__irn,Amirhossein Hosseinzadeh,IRN,FWD,3,EGY,0.5366,0.2904,0.0,0,0.40189,0.401891,unchanged_already_consistent
patrik_schick__cze,Patrik Schick,CZE,FWD,1,KOR,0.8552,0.3119,,0,0.117226,0.117226,unchanged_already_consistent
patrik_schick__cze,Patrik Schick,CZE,FWD,2,RSA,0.8552,0.411,,0,0.049993,0.049993,unchanged_already_consistent
patrik_schick__cze,Patrik Schick,CZE,FWD,3,MEX,0.8552,0.217,,0,0.047362,0.047362,unchanged_already_consistent
khuliso_mudau__rsa,Khuliso Mudau,RSA,DEF,1,MEX,0.652,0.1717,0.111948,0.111948,0.325782,0.325782,unchanged_already_consistent
khuliso_mudau__rsa,Khuliso Mudau,RSA,DEF,2,CZE,0.652,0.25,0.163,0.163,0.499437,0.499436,unchanged_already_consistent
khuliso_mudau__rsa,Khuliso Mudau,RSA,DEF,3,KOR,0.652,0.2337,0.152372,0.152372,0.504106,0.504107,unchanged_already_consistent
willer_ditta__col,Willer Ditta,COL,DEF,1,UZB,0.5257,0.5,0.26285,0.26285,0.733388,0.733388,unchanged_already_consistent
willer_ditta__col,Willer Ditta,COL,DEF,2,COD,0.5257,0.5376,0.282616,0.282616,0.704265,0.704265,unchanged_already_consistent
willer_ditta__col,Willer Ditta,COL,DEF,3,POR,0.5257,0.25,0.131425,0.131425,0.356907,0.356909,unchanged_already_consistent
sead_kolasinac__bih,Sead Kolasinac,BIH,DEF,1,CAN,0.6526,0.2337,0.151064,0.152513,0.423916,0.427104,rebuilt_from_fixture_clean_sheet_prob
sead_kolasinac__bih,Sead Kolasinac,BIH,DEF,2,SUI,0.6526,0.1883,0.121717,0.122885,0.365727,0.368168,rebuilt_from_fixture_clean_sheet_prob
sead_kolasinac__bih,Sead Kolasinac,BIH,DEF,3,QAT,0.6526,0.4624,0.298895,0.301762,0.735347,0.741024,rebuilt_from_fixture_clean_sheet_prob
milad_mohammadi__irn,Milad Mohammadi,IRN,DEF,1,NZL,0.6091,0.411,0.25034,0.25034,0.84434,0.84434,unchanged_already_consistent
milad_mohammadi__irn,Milad Mohammadi,IRN,DEF,2,BEL,0.6091,0.1459,0.088868,0.088868,0.281728,0.281728,unchanged_already_consistent
milad_mohammadi__irn,Milad Mohammadi,IRN,DEF,3,EGY,0.6091,0.2904,0.176883,0.176883,0.477799,0.477799,unchanged_already_consistent
maxi_araujo__uru,Maxi Araujo,URU,MID,1,KSA,0.9087,0.4865,,0,0.202689,0.202689,unchanged_already_consistent
maxi_araujo__uru,Maxi Araujo,URU,MID,2,CPV,0.9087,0.5,,0,0.167822,0.167823,unchanged_already_consistent
maxi_araujo__uru,Maxi Araujo,URU,MID,3,ESP,0.9087,0.1717,,0,0.13232,0.13232,unchanged_already_consistent
tim_payne__nzl,Tim Payne,NZL,DEF,1,IRN,0.853,0.25,0.21325,0.21325,0.547171,0.547171,unchanged_already_consistent
tim_payne__nzl,Tim Payne,NZL,DEF,2,EGY,0.853,0.217,0.185101,0.185101,0.536078,0.536079,unchanged_already_consistent
tim_payne__nzl,Tim Payne,NZL,DEF,3,BEL,0.853,0.1063,0.090674,0.090674,0.312381,0.312381,unchanged_already_consistent
david_alaba__aut,David Alaba,AUT,DEF,1,JOR,0.4441,0.4865,0.216055,0.216055,0.717775,0.717775,unchanged_already_consistent
david_alaba__aut,David Alaba,AUT,DEF,2,ARG,0.4441,0.1883,0.083624,0.083624,0.313176,0.313176,unchanged_already_consistent
david_alaba__aut,David Alaba,AUT,DEF,3,ALG,0.4441,0.3547,0.157522,0.157522,0.45566,0.45566,unchanged_already_consistent
ryan_christie__sco,Ryan Christie,SCO,MID,1,HAI,0.8635,0.4865,0.0,0,1.056396,1.364099,unchanged_already_consistent
ryan_christie__sco,Ryan Christie,SCO,MID,2,MAR,0.8635,0.25,0.0,0,0.519721,0.65662,unchanged_already_consistent
ryan_christie__sco,Ryan Christie,SCO,MID,3,BRA,0.8635,0.1358,0.0,0,0.400915,0.499669,unchanged_already_consistent
noni_madueke__eng,Noni Madueke,ENG,FWD,1,CRO,0.38,0.4118,0.0,0,0.567172,0.567172,unchanged_already_consistent
noni_madueke__eng,Noni Madueke,ENG,FWD,2,GHA,0.38,0.5,0.0,0,0.64053,0.640531,unchanged_already_consistent
noni_madueke__eng,Noni Madueke,ENG,FWD,3,PAN,0.38,0.5376,0.0,0,0.495292,0.495293,unchanged_already_consistent
tae_seok_lee__kor,Tae-Seok Lee,KOR,DEF,1,CZE,0.6236,0.3119,0.194501,0.194501,0.542041,0.542041,unchanged_already_consistent
tae_seok_lee__kor,Tae-Seok Lee,KOR,DEF,2,MEX,0.6236,0.2337,0.145735,0.145735,0.398054,0.398054,unchanged_already_consistent
tae_seok_lee__kor,Tae-Seok Lee,KOR,DEF,3,RSA,0.6236,0.3923,0.244638,0.244638,0.582985,0.582985,unchanged_already_consistent
i_smail_y_ksek__tur,Ismail Yüksek,TUR,MID,1,AUS,0.6264,0.411,0.0,0,0.755372,0.763895,unchanged_already_consistent
i_smail_y_ksek__tur,Ismail Yüksek,TUR,MID,2,PAR,0.6264,0.375,0.0,0,0.693959,0.702203,unchanged_already_consistent
i_smail_y_ksek__tur,Ismail Yüksek,TUR,MID,3,USA,0.6264,0.2766,0.0,0,0.536792,0.542941,unchanged_already_consistent
liberato_cacace__nzl,Liberato Cacace,NZL,DEF,1,IRN,0.8554,0.25,0.212625,0.21385,0.531783,0.535134,rebuilt_from_fixture_clean_sheet_prob
liberato_cacace__nzl,Liberato Cacace,NZL,DEF,2,EGY,0.8554,0.217,0.184559,0.185622,0.521345,0.524622,rebuilt_from_fixture_clean_sheet_prob
liberato_cacace__nzl,Liberato Cacace,NZL,DEF,3,BEL,0.8554,0.1063,0.090408,0.090929,0.300334,0.302325,rebuilt_from_fixture_clean_sheet_prob
ayoub_el_kaabi__mar,Ayoub El Kaabi,MAR,FWD,1,BRA,0.3446,0.1883,0.0,0,0.293338,0.293338,unchanged_already_consistent
ayoub_el_kaabi__mar,Ayoub El Kaabi,MAR,FWD,2,SCO,0.3446,0.411,0.0,0,0.598738,0.598739,unchanged_already_consistent
ayoub_el_kaabi__mar,Ayoub El Kaabi,MAR,FWD,3,HAI,0.3446,0.5585,0.0,0,0.914161,0.914161,unchanged_already_consistent
chris_wood__nzl,Chris Wood,NZL,FWD,1,IRN,0.8446,0.25,0.0,0,0.390657,0.50569,unchanged_already_consistent
chris_wood__nzl,Chris Wood,NZL,FWD,2,EGY,0.8446,0.217,0.0,0,0.480644,0.602718,unchanged_already_consistent
chris_wood__nzl,Chris Wood,NZL,FWD,3,BEL,0.8446,0.1063,0.0,0,0.426747,0.534844,unchanged_already_consistent
abdulelah_al_amri__ksa,Abdulelah Al-Amri,KSA,DEF,1,URU,0.5781,0.1573,0.124393,0.090935,0.386852,0.300541,rebuilt_from_fixture_clean_sheet_prob
abdulelah_al_amri__ksa,Abdulelah Al-Amri,KSA,DEF,2,ESP,0.5781,0.0741,0.058598,0.042837,0.241349,0.203278,rebuilt_from_fixture_clean_sheet_prob
abdulelah_al_amri__ksa,Abdulelah Al-Amri,KSA,DEF,3,CPV,0.5781,0.3119,0.246651,0.180309,0.71216,0.553894,rebuilt_from_fixture_clean_sheet_prob
lee_kang_in__kor,Kang-In Lee,KOR,MID,1,CZE,0.394,0.3119,0.0,0,0.615594,0.615594,unchanged_already_consistent
lee_kang_in__kor,Kang-In Lee,KOR,MID,2,MEX,0.394,0.2337,0.0,0,0.344881,0.344881,unchanged_already_consistent
lee_kang_in__kor,Kang-In Lee,KOR,MID,3,RSA,0.394,0.3923,0.0,0,0.551953,0.551954,unchanged_already_consistent
rustam_ashurmatov__uzb,Rustam Ashurmatov,UZB,DEF,1,COL,0.842,0.1573,0.132447,0.132447,0.372412,0.372412,unchanged_already_consistent
rustam_ashurmatov__uzb,Rustam Ashurmatov,UZB,DEF,2,POR,0.842,0.096,0.080832,0.080832,0.276097,0.276097,unchanged_already_consistent
rustam_ashurmatov__uzb,Rustam Ashurmatov,UZB,DEF,3,COD,0.842,0.3119,0.26262,0.26262,0.687699,0.687699,unchanged_already_consistent
aubrey_modiba__rsa,Aubrey Modiba,RSA,DEF,1,MEX,0.6023,0.1717,0.103415,0.103415,0.317461,0.317461,unchanged_already_consistent
aubrey_modiba__rsa,Aubrey Modiba,RSA,DEF,2,CZE,0.6023,0.25,0.150575,0.150575,0.478672,0.478672,unchanged_already_consistent
aubrey_modiba__rsa,Aubrey Modiba,RSA,DEF,3,KOR,0.6023,0.2337,0.140758,0.140758,0.493477,0.493478,unchanged_already_consistent
bruno_guimaraes__bra,Bruno Guimaraes,BRA,MID,1,MAR,0.8816,0.4624,,0,0.203847,0.205382,unchanged_already_consistent
bruno_guimaraes__bra,Bruno Guimaraes,BRA,MID,2,HAI,0.8816,0.6453,,0,0.169267,0.17058,unchanged_already_consistent
bruno_guimaraes__bra,Bruno Guimaraes,BRA,MID,3,SCO,0.8816,0.5,,0,0.123073,0.12409,unchanged_already_consistent
michael_amir_murillo__pan,Michael Amir Murillo,PAN,DEF,1,GHA,0.654,0.25,0.162675,0.1635,0.575525,0.57734,rebuilt_from_fixture_clean_sheet_prob
michael_amir_murillo__pan,Michael Amir Murillo,PAN,DEF,2,CRO,0.654,0.1717,0.111725,0.112292,0.487341,0.488526,rebuilt_from_fixture_clean_sheet_prob
michael_amir_murillo__pan,Michael Amir Murillo,PAN,DEF,3,ENG,0.654,0.1063,0.069169,0.06952,0.367535,0.368231,rebuilt_from_fixture_clean_sheet_prob
scott_mckenna__sco,Scott McKenna,SCO,DEF,1,HAI,0.3567,0.4865,0.285867,0.173535,0.881391,0.588383,rebuilt_from_fixture_clean_sheet_prob
scott_mckenna__sco,Scott McKenna,SCO,DEF,2,MAR,0.3567,0.25,0.1469,0.089175,0.431775,0.2985,rebuilt_from_fixture_clean_sheet_prob
scott_mckenna__sco,Scott McKenna,SCO,DEF,3,BRA,0.3567,0.1358,0.079796,0.04844,0.255157,0.187992,rebuilt_from_fixture_clean_sheet_prob
yasser_ibrahim__egy,Yasser Ibrahim,EGY,DEF,1,BEL,0.5221,0.1717,0.089645,0.089645,0.277217,0.277218,unchanged_already_consistent
yasser_ibrahim__egy,Yasser Ibrahim,EGY,DEF,2,NZL,0.5221,0.4624,0.241419,0.241419,0.76954,0.76954,unchanged_already_consistent
yasser_ibrahim__egy,Yasser Ibrahim,EGY,DEF,3,IRN,0.5221,0.411,0.214583,0.214583,0.665119,0.665119,unchanged_already_consistent
mat_as_vi_a__uru,Matias Viña,URU,DEF,1,KSA,0.3723,0.4865,0.181124,0.181124,0.597048,0.597048,unchanged_already_consistent
mat_as_vi_a__uru,Matias Viña,URU,DEF,2,CPV,0.3723,0.5,0.18615,0.18615,0.572814,0.572814,unchanged_already_consistent
mat_as_vi_a__uru,Matias Viña,URU,DEF,3,ESP,0.3723,0.1717,0.063924,0.063924,0.220932,0.220932,unchanged_already_consistent
charles_de_ketelaere__bel,Charles De Ketelaere,BEL,FWD,1,EGY,0.5569,0.3923,0.0,0,0.45059,0.45059,unchanged_already_consistent
charles_de_ketelaere__bel,Charles De Ketelaere,BEL,FWD,2,IRN,0.5569,0.5,0.0,0,0.451913,0.451913,unchanged_already_consistent
charles_de_ketelaere__bel,Charles De Ketelaere,BEL,FWD,3,NZL,0.5569,0.5135,0.0,0,0.380465,0.380466,unchanged_already_consistent
finn_surman__nzl,Finn Surman,NZL,DEF,1,IRN,0.8854,0.25,0.21955,0.22135,0.766974,0.771899,rebuilt_from_fixture_clean_sheet_prob
finn_surman__nzl,Finn Surman,NZL,DEF,2,EGY,0.8854,0.217,0.190569,0.192132,0.761846,0.766663,rebuilt_from_fixture_clean_sheet_prob
finn_surman__nzl,Finn Surman,NZL,DEF,3,BEL,0.8854,0.1063,0.093353,0.094118,0.506874,0.509799,rebuilt_from_fixture_clean_sheet_prob
ghislain_konan__civ,Ghislain Konan,CIV,DEF,1,ECU,0.63,0.3119,0.196497,0.196497,0.520858,0.520858,unchanged_already_consistent
ghislain_konan__civ,Ghislain Konan,CIV,DEF,2,GER,0.63,0.1573,0.099099,0.099099,0.251125,0.251125,unchanged_already_consistent
ghislain_konan__civ,Ghislain Konan,CIV,DEF,3,CUW,0.63,0.5135,0.323505,0.323505,0.682231,0.682231,unchanged_already_consistent
anass_salah_eddine__mar,Anass Salah-Eddine,MAR,DEF,1,BRA,0.5353,0.1883,0.100797,0.100797,0.255259,0.255259,unchanged_already_consistent
anass_salah_eddine__mar,Anass Salah-Eddine,MAR,DEF,2,SCO,0.5353,0.411,0.220008,0.220008,0.591936,0.591936,unchanged_already_consistent
anass_salah_eddine__mar,Anass Salah-Eddine,MAR,DEF,3,HAI,0.5353,0.5585,0.298965,0.298965,0.815811,0.815811,unchanged_already_consistent
nathan_ak__ned,Nathan Ake,NED,DEF,1,JPN,0.3831,0.3373,0.12922,0.12922,0.438502,0.438502,unchanged_already_consistent
nathan_ak__ned,Nathan Ake,NED,DEF,2,SWE,0.3831,0.4226,0.161898,0.161898,0.494876,0.494876,unchanged_already_consistent
nathan_ak__ned,Nathan Ake,NED,DEF,3,TUN,0.3831,0.4624,0.177145,0.177145,0.482617,0.482617,unchanged_already_consistent
hossein_kanaani__irn,Hossein Kanaani,IRN,DEF,1,NZL,0.6257,0.411,0.257163,0.257163,0.728478,0.728478,unchanged_already_consistent
hossein_kanaani__irn,Hossein Kanaani,IRN,DEF,2,BEL,0.6257,0.1459,0.09129,0.09129,0.278189,0.278189,unchanged_already_consistent
hossein_kanaani__irn,Hossein Kanaani,IRN,DEF,3,EGY,0.6257,0.2904,0.181703,0.181703,0.449602,0.449603,unchanged_already_consistent
takehiro_tomiyasu__jpn,Takehiro Tomiyasu,JPN,DEF,1,NED,0.8016,0.217,0.173947,0.173947,0.468161,0.468162,unchanged_already_consistent
takehiro_tomiyasu__jpn,Takehiro Tomiyasu,JPN,DEF,2,TUN,0.8016,0.4415,0.353906,0.353906,0.854434,0.854435,unchanged_already_consistent
takehiro_tomiyasu__jpn,Takehiro Tomiyasu,JPN,DEF,3,SWE,0.8016,0.3547,0.284328,0.284328,0.695546,0.695546,unchanged_already_consistent
thomas_partey__gha,Thomas Partey,GHA,MID,1,PAN,0.8558,0.375,0.0,0,0.606414,0.606414,unchanged_already_consistent
thomas_partey__gha,Thomas Partey,GHA,MID,2,ENG,0.8558,0.1192,0.0,0,0.240524,0.240525,unchanged_already_consistent
thomas_partey__gha,Thomas Partey,GHA,MID,3,CRO,0.8558,0.217,0.0,0,0.240972,0.240974,unchanged_already_consistent
jo_o_f_lix__por,João Felix,POR,FWD,1,COD,0.3304,0.5,0.0,0,0.617425,0.612705,unchanged_already_consistent
jo_o_f_lix__por,João Felix,POR,FWD,2,UZB,0.3304,0.5,0.0,0,0.557034,0.552433,unchanged_already_consistent
jo_o_f_lix__por,João Felix,POR,FWD,3,COL,0.3304,0.3547,0.0,0,0.31923,0.316764,unchanged_already_consistent
lucas_digne__fra,Lucas Digne,FRA,DEF,1,SEN,0.3174,0.4624,0.146766,0.146766,0.561454,0.561454,unchanged_already_consistent
lucas_digne__fra,Lucas Digne,FRA,DEF,2,IRQ,0.3174,0.6627,0.210341,0.210341,0.671592,0.671592,unchanged_already_consistent
lucas_digne__fra,Lucas Digne,FRA,DEF,3,NOR,0.3174,0.375,0.119025,0.119025,0.391631,0.391631,unchanged_already_consistent
marcus_rashford__eng,Marcus Rashford,ENG,FWD,1,CRO,0.5179,0.4118,0.0,0,0.501759,0.74128,unchanged_already_consistent
marcus_rashford__eng,Marcus Rashford,ENG,FWD,2,GHA,0.5179,0.5,0.0,0,0.552792,0.832305,unchanged_already_consistent
marcus_rashford__eng,Marcus Rashford,ENG,FWD,3,PAN,0.5179,0.5376,0.0,0,0.430068,0.650474,unchanged_already_consistent
ozan_kabak__tur,Ozan Kabak,TUR,DEF,1,AUS,0.7852,0.411,0.229091,0.322717,0.636604,0.865099,rebuilt_from_fixture_clean_sheet_prob
ozan_kabak__tur,Ozan Kabak,TUR,DEF,2,PAR,0.7852,0.375,0.209025,0.29445,0.532806,0.729035,rebuilt_from_fixture_clean_sheet_prob
ozan_kabak__tur,Ozan Kabak,TUR,DEF,3,USA,0.7852,0.2766,0.154177,0.217186,0.392569,0.533642,rebuilt_from_fixture_clean_sheet_prob
fidel_escobar__pan,Fidel Escobar,PAN,DEF,1,GHA,0.4419,0.25,0.165775,0.110475,0.532574,0.387085,rebuilt_from_fixture_clean_sheet_prob
fidel_escobar__pan,Fidel Escobar,PAN,DEF,2,CRO,0.4419,0.1717,0.113854,0.075874,0.457364,0.359885,rebuilt_from_fixture_clean_sheet_prob
fidel_escobar__pan,Fidel Escobar,PAN,DEF,3,ENG,0.4419,0.1063,0.070488,0.046974,0.336924,0.274497,rebuilt_from_fixture_clean_sheet_prob
stepan_chaloupek__cze,Stepan Chaloupek,CZE,DEF,1,KOR,0.8822,0.3119,0.275158,0.275158,0.727853,0.727853,unchanged_already_consistent
stepan_chaloupek__cze,Stepan Chaloupek,CZE,DEF,2,RSA,0.8822,0.411,0.362584,0.362584,0.810871,0.810871,unchanged_already_consistent
stepan_chaloupek__cze,Stepan Chaloupek,CZE,DEF,3,MEX,0.8822,0.217,0.191437,0.191437,0.429323,0.429323,unchanged_already_consistent
theo_bongonda__cod,Theo Bongonda,COD,MID,1,POR,0.6207,0.096,0.0,0,0.261309,0.261309,unchanged_already_consistent
theo_bongonda__cod,Theo Bongonda,COD,MID,2,COL,0.6207,0.1883,0.0,0,0.328437,0.328437,unchanged_already_consistent
theo_bongonda__cod,Theo Bongonda,COD,MID,3,UZB,0.6207,0.3373,0.0,0,0.658206,0.658207,unchanged_already_consistent
lucas_hern_ndez__fra,Lucas Hernandez,FRA,DEF,1,SEN,0.3464,0.4624,0.160175,0.160175,0.569611,0.569611,unchanged_already_consistent
lucas_hern_ndez__fra,Lucas Hernandez,FRA,DEF,2,IRQ,0.3464,0.6627,0.229559,0.229559,0.69146,0.69146,unchanged_already_consistent
lucas_hern_ndez__fra,Lucas Hernandez,FRA,DEF,3,NOR,0.3464,0.375,0.1299,0.1299,0.392926,0.392926,unchanged_already_consistent
ahmed_fatouh__egy,Ahmed Fatouh,EGY,DEF,1,BEL,0.5746,0.1717,0.097886,0.098659,0.265316,0.267017,rebuilt_from_fixture_clean_sheet_prob
ahmed_fatouh__egy,Ahmed Fatouh,EGY,DEF,2,NZL,0.5746,0.4624,0.263614,0.265695,0.660872,0.665221,rebuilt_from_fixture_clean_sheet_prob
ahmed_fatouh__egy,Ahmed Fatouh,EGY,DEF,3,IRN,0.5746,0.411,0.234311,0.236161,0.580546,0.584209,rebuilt_from_fixture_clean_sheet_prob
emam_ashour__egy,Emam Ashour,EGY,MID,1,BEL,0.5732,0.1717,0.0,0,0.280672,0.220547,unchanged_already_consistent
emam_ashour__egy,Emam Ashour,EGY,MID,2,NZL,0.5732,0.4624,0.0,0,0.768774,0.594635,unchanged_already_consistent
emam_ashour__egy,Emam Ashour,EGY,MID,3,IRN,0.5732,0.411,0.0,0,0.664582,0.52033,unchanged_already_consistent
han_beom_lee__kor,Han-beom Lee,KOR,DEF,1,CZE,0.8196,0.3119,0.255633,0.255633,0.685976,0.685977,unchanged_already_consistent
han_beom_lee__kor,Han-beom Lee,KOR,DEF,2,MEX,0.8196,0.2337,0.191541,0.191541,0.5019,0.501901,unchanged_already_consistent
han_beom_lee__kor,Han-beom Lee,KOR,DEF,3,RSA,0.8196,0.3923,0.321529,0.321529,0.743493,0.743493,unchanged_already_consistent
teboho_mokoena__rsa,Teboho Mokoena,RSA,MID,1,MEX,0.6667,0.1717,0.0,0,0.297803,0.297803,unchanged_already_consistent
teboho_mokoena__rsa,Teboho Mokoena,RSA,MID,2,CZE,0.6667,0.25,0.0,0,0.411932,0.411931,unchanged_already_consistent
teboho_mokoena__rsa,Teboho Mokoena,RSA,MID,3,KOR,0.6667,0.2337,0.0,0,0.524314,0.524315,unchanged_already_consistent
aziz_g_aniyev__uzb,Aziz Ganiev,UZB,MID,1,COL,0.7351,0.1573,0.0,0,0.553233,0.553233,unchanged_already_consistent
aziz_g_aniyev__uzb,Aziz Ganiev,UZB,MID,2,POR,0.7351,0.096,0.0,0,0.461715,0.461715,unchanged_already_consistent
aziz_g_aniyev__uzb,Aziz Ganiev,UZB,MID,3,COD,0.7351,0.3119,0.0,0,0.687781,0.687781,unchanged_already_consistent
ellyes_skhiri__tun,Ellyes Skhiri,TUN,MID,1,SWE,0.8734,0.25,0.0,0,0.52732,0.527319,unchanged_already_consistent
ellyes_skhiri__tun,Ellyes Skhiri,TUN,MID,2,JPN,0.8734,0.2337,0.0,0,0.635674,0.635674,unchanged_already_consistent
ellyes_skhiri__tun,Ellyes Skhiri,TUN,MID,3,NED,0.8734,0.1717,0.0,0,0.534801,0.534803,unchanged_already_consistent
nawaf_al_boushal__ksa,Nawaf Al-Boushal,KSA,DEF,1,URU,0.7972,0.1573,0.1254,0.1254,0.342622,0.342622,unchanged_already_consistent
nawaf_al_boushal__ksa,Nawaf Al-Boushal,KSA,DEF,2,ESP,0.7972,0.0741,0.059073,0.059073,0.224526,0.224526,unchanged_already_consistent
nawaf_al_boushal__ksa,Nawaf Al-Boushal,KSA,DEF,3,CPV,0.7972,0.3119,0.248647,0.248647,0.617027,0.617027,unchanged_already_consistent
mart_n_zubimendi__esp,Martin Zubimendi,ESP,MID,1,CPV,0.3386,0.625,0.0,0,0.52495,0.52495,unchanged_already_consistent
mart_n_zubimendi__esp,Martin Zubimendi,ESP,MID,2,KSA,0.3386,0.6627,0.0,0,0.691022,0.691022,unchanged_already_consistent
mart_n_zubimendi__esp,Martin Zubimendi,ESP,MID,3,URU,0.3386,0.4226,0.0,0,0.483099,0.483099,unchanged_already_consistent
martin_caceres__uru,Martin Caceres,URU,DEF,1,KSA,0.4085,0.4865,0.198735,0.198735,0.600338,0.600338,unchanged_already_consistent
martin_caceres__uru,Martin Caceres,URU,DEF,2,CPV,0.4085,0.5,0.20425,0.20425,0.560989,0.560989,unchanged_already_consistent
martin_caceres__uru,Martin Caceres,URU,DEF,3,ESP,0.4085,0.1717,0.070139,0.070139,0.243429,0.243429,unchanged_already_consistent
aaron_wan_bissaka__cod,Aaron Wan-Bissaka,COD,DEF,1,POR,0.655,0.096,0.06288,0.06288,0.180599,0.180599,unchanged_already_consistent
aaron_wan_bissaka__cod,Aaron Wan-Bissaka,COD,DEF,2,COL,0.655,0.1883,0.123337,0.123337,0.378347,0.378347,unchanged_already_consistent
aaron_wan_bissaka__cod,Aaron Wan-Bissaka,COD,DEF,3,UZB,0.655,0.3373,0.220932,0.220932,0.663002,0.663002,unchanged_already_consistent
kenan_yildiz__tur,Kenan Yildiz,TUR,MID,1,AUS,0.8953,0.411,,0,0.183885,0.183885,unchanged_already_consistent
kenan_yildiz__tur,Kenan Yildiz,TUR,MID,2,PAR,0.8953,0.375,,0,0.136227,0.136227,unchanged_already_consistent
kenan_yildiz__tur,Kenan Yildiz,TUR,MID,3,USA,0.8953,0.2766,,0,0.124451,0.124451,unchanged_already_consistent
tani_oluwaseyi__can,Tani Oluwaseyi,CAN,FWD,1,BIH,0.3452,0.4226,0.0,0,0.828472,0.816142,unchanged_already_consistent
tani_oluwaseyi__can,Tani Oluwaseyi,CAN,FWD,2,QAT,0.3452,0.5774,0.0,0,0.961624,0.947242,unchanged_already_consistent
tani_oluwaseyi__can,Tani Oluwaseyi,CAN,FWD,3,SUI,0.3452,0.25,0.0,0,0.387464,0.382274,unchanged_already_consistent
ismail_jakobs__sen,Ismail Jakobs,SEN,DEF,1,FRA,0.5661,0.1573,0.089048,0.089048,0.234014,0.234014,unchanged_already_consistent
ismail_jakobs__sen,Ismail Jakobs,SEN,DEF,2,NOR,0.5661,0.2337,0.132298,0.132298,0.398543,0.398543,unchanged_already_consistent
ismail_jakobs__sen,Ismail Jakobs,SEN,DEF,3,IRQ,0.5661,0.5,0.28305,0.28305,0.81337,0.81337,unchanged_already_consistent
hakan_calhanoglu__tur,Hakan Calhanoglu,TUR,MID,1,AUS,0.4675,0.411,,0,0.175499,0.175499,unchanged_already_consistent
hakan_calhanoglu__tur,Hakan Calhanoglu,TUR,MID,2,PAR,0.4675,0.375,,0,0.12964,0.129641,unchanged_already_consistent
hakan_calhanoglu__tur,Hakan Calhanoglu,TUR,MID,3,USA,0.4675,0.2766,,0,0.118376,0.118376,unchanged_already_consistent
armin_gigovic__bih,Armin Gigovic,BIH,MID,1,CAN,0.3948,0.2337,0.0,0,0.398925,0.388604,unchanged_already_consistent
armin_gigovic__bih,Armin Gigovic,BIH,MID,2,SUI,0.3948,0.1883,0.0,0,0.377255,0.36834,unchanged_already_consistent
armin_gigovic__bih,Armin Gigovic,BIH,MID,3,QAT,0.3948,0.4624,0.0,0,0.90511,0.879467,unchanged_already_consistent
frantzdy_pierrot__hai,Frantzdy Pierrot,HAI,FWD,1,SCO,0.4591,0.1573,0.0,0,0.602418,0.602418,unchanged_already_consistent
frantzdy_pierrot__hai,Frantzdy Pierrot,HAI,FWD,2,BRA,0.4591,0.0461,0.0,0,0.480985,0.480985,unchanged_already_consistent
frantzdy_pierrot__hai,Frantzdy Pierrot,HAI,FWD,3,MAR,0.4591,0.096,0.0,0,0.473219,0.473219,unchanged_already_consistent
stefan_de_vrij__ned,Stefan de Vrij,NED,DEF,1,JPN,0.3851,0.3373,0.129894,0.129894,0.450246,0.450246,unchanged_already_consistent
stefan_de_vrij__ned,Stefan de Vrij,NED,DEF,2,SWE,0.3851,0.4226,0.162743,0.162743,0.509242,0.509242,unchanged_already_consistent
stefan_de_vrij__ned,Stefan de Vrij,NED,DEF,3,TUN,0.3851,0.4624,0.17807,0.17807,0.485093,0.485093,unchanged_already_consistent
santiago_arias__col,Santiago Arias,COL,DEF,1,UZB,0.3307,0.5,0.16535,0.16535,0.596261,0.596261,unchanged_already_consistent
santiago_arias__col,Santiago Arias,COL,DEF,2,COD,0.3307,0.5376,0.177784,0.177784,0.56988,0.56988,unchanged_already_consistent
santiago_arias__col,Santiago Arias,COL,DEF,3,POR,0.3307,0.25,0.082675,0.082675,0.282695,0.282696,unchanged_already_consistent
denis_zakaria__sui,Denis Zakaria,SUI,MID,1,QAT,0.5608,0.5585,0.0,0,0.468291,0.468291,unchanged_already_consistent
denis_zakaria__sui,Denis Zakaria,SUI,MID,2,BIH,0.5608,0.4624,0.0,0,0.45391,0.453911,unchanged_already_consistent
denis_zakaria__sui,Denis Zakaria,SUI,MID,3,CAN,0.5608,0.3547,0.0,0,0.344068,0.344068,unchanged_already_consistent
matt_freese__usa,Matt Freese,USA,GK,1,PAR,0.7668,0.411,0.151864,0.315155,0.568086,1.01476,rebuilt_from_fixture_clean_sheet_prob
matt_freese__usa,Matt Freese,USA,GK,2,AUS,0.7668,0.4226,0.156151,0.32405,0.558436,0.995034,rebuilt_from_fixture_clean_sheet_prob
matt_freese__usa,Matt Freese,USA,GK,3,TUR,0.7668,0.2766,0.102204,0.212097,0.362447,0.629892,rebuilt_from_fixture_clean_sheet_prob
wilfried_stephane_singo__civ,Wilfried Stephane Singo,CIV,DEF,1,ECU,0.5937,0.3119,0.185175,0.185175,0.484799,0.484799,unchanged_already_consistent
wilfried_stephane_singo__civ,Wilfried Stephane Singo,CIV,DEF,2,GER,0.5937,0.1573,0.093389,0.093389,0.231826,0.231826,unchanged_already_consistent
wilfried_stephane_singo__civ,Wilfried Stephane Singo,CIV,DEF,3,CUW,0.5937,0.5135,0.304865,0.304865,0.638348,0.638348,unchanged_already_consistent
oswin_appollis__rsa,Oswin Appollis,RSA,FWD,1,MEX,0.4007,0.1717,0.0,0,0.352785,0.352785,unchanged_already_consistent
oswin_appollis__rsa,Oswin Appollis,RSA,FWD,2,CZE,0.4007,0.25,0.0,0,0.452745,0.452746,unchanged_already_consistent
oswin_appollis__rsa,Oswin Appollis,RSA,FWD,3,KOR,0.4007,0.2337,0.0,0,0.568324,0.568325,unchanged_already_consistent
che_adams__sco,Che Adams,SCO,FWD,1,HAI,0.6374,0.4865,0.0,0,0.810818,1.139399,unchanged_already_consistent
che_adams__sco,Che Adams,SCO,FWD,2,MAR,0.6374,0.25,0.0,0,0.438558,0.597133,unchanged_already_consistent
che_adams__sco,Che Adams,SCO,FWD,3,BRA,0.6374,0.1358,0.0,0,0.354874,0.474642,unchanged_already_consistent
jude_bellingham__eng,Jude Bellingham,ENG,MID,1,CRO,0.3974,0.4118,0.0,0,0.40641,0.40641,unchanged_already_consistent
jude_bellingham__eng,Jude Bellingham,ENG,MID,2,GHA,0.3974,0.5,0.0,0,0.449638,0.449638,unchanged_already_consistent
jude_bellingham__eng,Jude Bellingham,ENG,MID,3,PAN,0.3974,0.5376,0.0,0,0.344439,0.344442,unchanged_already_consistent
homam_al_amin__qat,Homam Al-Amin,QAT,DEF,1,SUI,0.889,0.1063,0.094065,0.094501,0.255927,0.257165,rebuilt_from_fixture_clean_sheet_prob
homam_al_amin__qat,Homam Al-Amin,QAT,DEF,2,CAN,0.889,0.1459,0.129107,0.129705,0.375567,0.377249,rebuilt_from_fixture_clean_sheet_prob
homam_al_amin__qat,Homam Al-Amin,QAT,DEF,3,BIH,0.889,0.1883,0.166627,0.167399,0.434547,0.436499,rebuilt_from_fixture_clean_sheet_prob
abdallah_nasib__jor,Abdallah Nasib,JOR,DEF,1,AUT,0.9105,0.1192,0.108532,0.108532,0.278361,0.278362,unchanged_already_consistent
abdallah_nasib__jor,Abdallah Nasib,JOR,DEF,2,ALG,0.9105,0.1883,0.171447,0.171447,0.505798,0.5058,unchanged_already_consistent
abdallah_nasib__jor,Abdallah Nasib,JOR,DEF,3,ARG,0.9105,0.0871,0.079305,0.079305,0.28123,0.28123,unchanged_already_consistent
yu_min_cho__kor,Yu-Min Cho,KOR,DEF,1,CZE,0.5575,0.3119,0.173884,0.173884,0.490097,0.490097,unchanged_already_consistent
yu_min_cho__kor,Yu-Min Cho,KOR,DEF,2,MEX,0.5575,0.2337,0.130288,0.130288,0.360111,0.360113,unchanged_already_consistent
yu_min_cho__kor,Yu-Min Cho,KOR,DEF,3,RSA,0.5575,0.3923,0.218707,0.218707,0.525879,0.525879,unchanged_already_consistent
abdelmouhib_chamakh__tun,Abdelmouhib Chamakh,TUN,GK,1,SWE,0.9273,0.25,0.219025,0.231825,0.70062,0.744487,rebuilt_from_fixture_clean_sheet_prob
abdelmouhib_chamakh__tun,Abdelmouhib Chamakh,TUN,GK,2,JPN,0.9273,0.2337,0.204745,0.21671,0.714975,0.759534,rebuilt_from_fixture_clean_sheet_prob
abdelmouhib_chamakh__tun,Abdelmouhib Chamakh,TUN,GK,3,NED,0.9273,0.1717,0.150426,0.159217,0.53228,0.566016,rebuilt_from_fixture_clean_sheet_prob
jordan_bos__aus,Jordan Bos,AUS,DEF,1,TUR,0.3743,0.2077,0.126925,0.077742,0.35861,0.250407,rebuilt_from_fixture_clean_sheet_prob
jordan_bos__aus,Jordan Bos,AUS,DEF,2,USA,0.3743,0.2077,0.126925,0.077742,0.373843,0.271051,rebuilt_from_fixture_clean_sheet_prob
jordan_bos__aus,Jordan Bos,AUS,DEF,3,PAR,0.3743,0.2678,0.163653,0.100238,0.434403,0.308841,rebuilt_from_fixture_clean_sheet_prob
francisco_concei_o__por,Francisco Conceicao,POR,FWD,1,COD,0.5406,0.5,0.0,0,0.537096,0.850978,unchanged_already_consistent
francisco_concei_o__por,Francisco Conceicao,POR,FWD,2,UZB,0.5406,0.5,0.0,0,0.488627,0.796115,unchanged_already_consistent
francisco_concei_o__por,Francisco Conceicao,POR,FWD,3,COL,0.5406,0.3547,0.0,0,0.276179,0.441322,unchanged_already_consistent
israel_reyes__mex,Israel Reyes,MEX,DEF,1,RSA,0.3471,0.5376,0.186601,0.186601,0.614484,0.614484,unchanged_already_consistent
israel_reyes__mex,Israel Reyes,MEX,DEF,2,KOR,0.3471,0.4415,0.153245,0.153245,0.468774,0.468774,unchanged_already_consistent
israel_reyes__mex,Israel Reyes,MEX,DEF,3,CZE,0.3471,0.411,0.142658,0.142658,0.391703,0.391703,unchanged_already_consistent
mohamed_el_shenawy__egy,Mohamed El-Shennawy,EGY,GK,1,BEL,0.4513,0.1717,0.07778,0.077488,0.272335,0.271517,rebuilt_from_fixture_clean_sheet_prob
mohamed_el_shenawy__egy,Mohamed El-Shennawy,EGY,GK,2,NZL,0.4513,0.4624,0.209467,0.208681,0.68201,0.67992,rebuilt_from_fixture_clean_sheet_prob
mohamed_el_shenawy__egy,Mohamed El-Shennawy,EGY,GK,3,IRN,0.4513,0.411,0.186183,0.185484,0.602025,0.600263,rebuilt_from_fixture_clean_sheet_prob
cristian_mart_nez__pan,Cristian Martinez,PAN,MID,1,GHA,0.709,0.25,0.0,0,0.550193,0.550193,unchanged_already_consistent
cristian_mart_nez__pan,Cristian Martinez,PAN,MID,2,CRO,0.709,0.1717,0.0,0,0.52385,0.52385,unchanged_already_consistent
cristian_mart_nez__pan,Cristian Martinez,PAN,MID,3,ENG,0.709,0.1063,0.0,0,0.480459,0.480459,unchanged_already_consistent
boualem_khoukhi__qat,Boualem Khoukhi,QAT,DEF,1,SUI,0.8243,0.1063,0.087092,0.087623,0.261527,0.262696,rebuilt_from_fixture_clean_sheet_prob
boualem_khoukhi__qat,Boualem Khoukhi,QAT,DEF,2,CAN,0.8243,0.1459,0.119536,0.120265,0.355031,0.356555,rebuilt_from_fixture_clean_sheet_prob
boualem_khoukhi__qat,Boualem Khoukhi,QAT,DEF,3,BIH,0.8243,0.1883,0.154274,0.155216,0.417867,0.419732,rebuilt_from_fixture_clean_sheet_prob
ismaila_sarr__sen,Ismaila Sarr,SEN,MID,1,FRA,0.6015,0.1573,0.0,0,0.177916,0.177916,unchanged_already_consistent
ismaila_sarr__sen,Ismaila Sarr,SEN,MID,2,NOR,0.6015,0.2337,0.0,0,0.30543,0.30543,unchanged_already_consistent
ismaila_sarr__sen,Ismaila Sarr,SEN,MID,3,IRQ,0.6015,0.5,0.0,0,0.675062,0.675063,unchanged_already_consistent
mario_pa_ali__cro,Mario Pasalic,CRO,MID,1,ENG,0.3515,0.2077,0.0,0,0.247092,0.247092,unchanged_already_consistent
mario_pa_ali__cro,Mario Pasalic,CRO,MID,2,PAN,0.3515,0.4865,0.0,0,0.613287,0.613287,unchanged_already_consistent
mario_pa_ali__cro,Mario Pasalic,CRO,MID,3,GHA,0.3515,0.4415,0.0,0,0.644234,0.644234,unchanged_already_consistent
malo_gusto__fra,Malo Gusto,FRA,DEF,1,SEN,0.2882,0.4624,0.133264,0.133264,0.493457,0.493457,unchanged_already_consistent
malo_gusto__fra,Malo Gusto,FRA,DEF,2,IRQ,0.2882,0.6627,0.19099,0.19099,0.593531,0.593532,unchanged_already_consistent
malo_gusto__fra,Malo Gusto,FRA,DEF,3,NOR,0.2882,0.375,0.108075,0.108075,0.339298,0.339298,unchanged_already_consistent
yazan_al_arab__jor,Yazan Al-Arab,JOR,DEF,1,AUT,0.8738,0.1192,0.104157,0.104157,0.265017,0.265017,unchanged_already_consistent
yazan_al_arab__jor,Yazan Al-Arab,JOR,DEF,2,ALG,0.8738,0.1883,0.164537,0.164537,0.483244,0.483245,unchanged_already_consistent
yazan_al_arab__jor,Yazan Al-Arab,JOR,DEF,3,ARG,0.8738,0.0871,0.076108,0.076108,0.267867,0.267867,unchanged_already_consistent
maxence_lacroix__fra,Maxence Lacroix,FRA,DEF,1,SEN,0.3107,0.4624,0.143668,0.143668,0.540897,0.540897,unchanged_already_consistent
maxence_lacroix__fra,Maxence Lacroix,FRA,DEF,2,IRQ,0.3107,0.6627,0.205901,0.205901,0.639987,0.639987,unchanged_already_consistent
maxence_lacroix__fra,Maxence Lacroix,FRA,DEF,3,NOR,0.3107,0.375,0.116512,0.116512,0.3826,0.3826,unchanged_already_consistent
dylan_bronn__tun,Dylan Bronn,TUN,DEF,1,SWE,0.3759,0.25,0.14635,0.093975,0.42793,0.30372,rebuilt_from_fixture_clean_sheet_prob
dylan_bronn__tun,Dylan Bronn,TUN,DEF,2,JPN,0.3759,0.2337,0.136808,0.087848,0.474742,0.36211,rebuilt_from_fixture_clean_sheet_prob
dylan_bronn__tun,Dylan Bronn,TUN,DEF,3,NED,0.3759,0.1717,0.100513,0.064542,0.363495,0.284865,rebuilt_from_fixture_clean_sheet_prob
pedro_ro_ro_miguel_correia__qat,Pedro 'Ro-Ro' Miguel Correia,QAT,DEF,1,SUI,0.8455,0.1063,0.089877,0.089877,0.242134,0.242134,unchanged_already_consistent
pedro_ro_ro_miguel_correia__qat,Pedro 'Ro-Ro' Miguel Correia,QAT,DEF,2,CAN,0.8455,0.1459,0.123358,0.123358,0.356463,0.356463,unchanged_already_consistent
pedro_ro_ro_miguel_correia__qat,Pedro 'Ro-Ro' Miguel Correia,QAT,DEF,3,BIH,0.8455,0.1883,0.159208,0.159208,0.412938,0.412938,unchanged_already_consistent
kenny_mclean__sco,Kenny McLean,SCO,MID,1,HAI,0.3397,0.4865,0.0,0,0.918757,0.627892,unchanged_already_consistent
kenny_mclean__sco,Kenny McLean,SCO,MID,2,MAR,0.3397,0.25,0.0,0,0.45792,0.327763,unchanged_already_consistent
kenny_mclean__sco,Kenny McLean,SCO,MID,3,BRA,0.3397,0.1358,0.0,0,0.352197,0.25947,unchanged_already_consistent
juri_n_gaari__cuw,Jurien Gaari,CUW,DEF,1,GER,0.9148,0.0335,0.030646,0.030646,0.119484,0.119484,unchanged_already_consistent
juri_n_gaari__cuw,Jurien Gaari,CUW,DEF,2,ECU,0.9148,0.1192,0.109044,0.109044,0.40618,0.406179,unchanged_already_consistent
juri_n_gaari__cuw,Jurien Gaari,CUW,DEF,3,CIV,0.9148,0.1358,0.12423,0.12423,0.468972,0.468977,unchanged_already_consistent
craig_gordon__sco,Craig Gordon,SCO,GK,1,HAI,0.4868,0.4865,0.322793,0.236828,1.051234,0.810532,rebuilt_from_fixture_clean_sheet_prob
craig_gordon__sco,Craig Gordon,SCO,GK,2,MAR,0.4868,0.25,0.165875,0.1217,0.542839,0.425335,rebuilt_from_fixture_clean_sheet_prob
craig_gordon__sco,Craig Gordon,SCO,GK,3,BRA,0.4868,0.1358,0.090103,0.066107,0.319656,0.259186,rebuilt_from_fixture_clean_sheet_prob
derek_cornelius__can,Derek Cornelius,CAN,DEF,1,BIH,0.6199,0.4226,0.169082,0.26197,0.593053,0.841873,rebuilt_from_fixture_clean_sheet_prob
derek_cornelius__can,Derek Cornelius,CAN,DEF,2,QAT,0.6199,0.5774,0.231018,0.35793,0.740595,1.061328,rebuilt_from_fixture_clean_sheet_prob
derek_cornelius__can,Derek Cornelius,CAN,DEF,3,SUI,0.6199,0.25,0.100025,0.154975,0.32032,0.438062,rebuilt_from_fixture_clean_sheet_prob
leroy_san__ger,Leroy Sane,GER,FWD,1,CUW,0.3805,0.6881,0.0,0,0.507972,0.511041,unchanged_already_consistent
leroy_san__ger,Leroy Sane,GER,FWD,2,CIV,0.3805,0.4226,0.0,0,0.36104,0.363589,unchanged_already_consistent
leroy_san__ger,Leroy Sane,GER,FWD,3,ECU,0.3805,0.411,0.0,0,0.270935,0.272806,unchanged_already_consistent
ricardo_ad__hai,Ricardo Ade,HAI,DEF,1,SCO,0.9239,0.1573,0.145062,0.145329,0.449437,0.450215,rebuilt_from_fixture_clean_sheet_prob
ricardo_ad__hai,Ricardo Ade,HAI,DEF,2,BRA,0.9239,0.0461,0.042513,0.042592,0.22276,0.223178,rebuilt_from_fixture_clean_sheet_prob
ricardo_ad__hai,Ricardo Ade,HAI,DEF,3,MAR,0.9239,0.096,0.088531,0.088694,0.312964,0.313537,rebuilt_from_fixture_clean_sheet_prob
alan_ben_tez__par,Alan Benitez,PAR,DEF,1,USA,0.5257,0.25,0.131425,0.131425,0.374069,0.374069,unchanged_already_consistent
alan_ben_tez__par,Alan Benitez,PAR,DEF,2,TUR,0.5257,0.2766,0.145409,0.145409,0.423274,0.423276,unchanged_already_consistent
alan_ben_tez__par,Alan Benitez,PAR,DEF,3,AUS,0.5257,0.375,0.197137,0.197137,0.571423,0.571423,unchanged_already_consistent
lionel_mpasi_nzau__cod,Lionel Mpasi Nzau,COD,GK,1,POR,0.9494,0.096,0.091142,0.091142,0.297836,0.297836,unchanged_already_consistent
lionel_mpasi_nzau__cod,Lionel Mpasi Nzau,COD,GK,2,COL,0.9494,0.1883,0.178772,0.178772,0.602754,0.602754,unchanged_already_consistent
lionel_mpasi_nzau__cod,Lionel Mpasi Nzau,COD,GK,3,UZB,0.9494,0.3373,0.320233,0.320233,0.968203,0.968204,unchanged_already_consistent
sarpreet_singh__nzl,Sarpreet Singh,NZL,MID,1,IRN,0.8587,0.25,0.0,0,0.455533,0.455533,unchanged_already_consistent
sarpreet_singh__nzl,Sarpreet Singh,NZL,MID,2,EGY,0.8587,0.217,0.0,0,0.552299,0.552299,unchanged_already_consistent
sarpreet_singh__nzl,Sarpreet Singh,NZL,MID,3,BEL,0.8587,0.1063,0.0,0,0.483116,0.483116,unchanged_already_consistent
moussa_niakhate__sen,Moussa Niakhate,SEN,DEF,1,FRA,0.4165,0.1573,0.065515,0.065515,0.191707,0.191708,unchanged_already_consistent
moussa_niakhate__sen,Moussa Niakhate,SEN,DEF,2,NOR,0.4165,0.2337,0.097336,0.097336,0.337413,0.337413,unchanged_already_consistent
moussa_niakhate__sen,Moussa Niakhate,SEN,DEF,3,IRQ,0.4165,0.5,0.20825,0.20825,0.653947,0.653947,unchanged_already_consistent
kye_rowles__aus,Kye Rowles,AUS,DEF,1,TUR,0.599,0.2077,0.124412,0.124412,0.372152,0.372152,unchanged_already_consistent
kye_rowles__aus,Kye Rowles,AUS,DEF,2,USA,0.599,0.2077,0.124412,0.124412,0.370947,0.370948,unchanged_already_consistent
kye_rowles__aus,Kye Rowles,AUS,DEF,3,PAR,0.599,0.2678,0.160412,0.160412,0.443465,0.443465,unchanged_already_consistent
yoane_wissa__cod,Yoane Wissa,COD,FWD,1,POR,0.8342,0.096,,0,0.031397,0.031397,unchanged_already_consistent
yoane_wissa__cod,Yoane Wissa,COD,FWD,2,COL,0.8342,0.1883,,0,0.106019,0.106019,unchanged_already_consistent
yoane_wissa__cod,Yoane Wissa,COD,FWD,3,UZB,0.8342,0.3373,,0,0.136194,0.136194,unchanged_already_consistent
hazem_mastouri__tun,Hazem Mastouri,TUN,FWD,1,SWE,0.4151,0.25,0.0,0,0.357114,0.362636,unchanged_already_consistent
hazem_mastouri__tun,Hazem Mastouri,TUN,FWD,2,JPN,0.4151,0.2337,0.0,0,0.451557,0.457362,unchanged_already_consistent
hazem_mastouri__tun,Hazem Mastouri,TUN,FWD,3,NED,0.4151,0.1717,0.0,0,0.390454,0.395359,unchanged_already_consistent
sherel_floranus__cuw,Sherel Floranus,CUW,DEF,1,GER,0.9165,0.0335,0.030703,0.030703,0.10251,0.10251,unchanged_already_consistent
sherel_floranus__cuw,Sherel Floranus,CUW,DEF,2,ECU,0.9165,0.1192,0.109247,0.109247,0.390146,0.390144,unchanged_already_consistent
sherel_floranus__cuw,Sherel Floranus,CUW,DEF,3,CIV,0.9165,0.1358,0.124461,0.124461,0.448849,0.448852,unchanged_already_consistent
orlando_gill__par,Orlando Gill,PAR,GK,1,USA,0.3687,0.25,0.123525,0.092175,0.385191,0.300817,rebuilt_from_fixture_clean_sheet_prob
orlando_gill__par,Orlando Gill,PAR,GK,2,TUR,0.3687,0.2766,0.136668,0.101982,0.424677,0.335648,rebuilt_from_fixture_clean_sheet_prob
orlando_gill__par,Orlando Gill,PAR,GK,3,AUS,0.3687,0.375,0.185287,0.138263,0.548087,0.432652,rebuilt_from_fixture_clean_sheet_prob
ahmad_assaf__jor,Ahmad Assaf,JOR,DEF,1,AUT,0.7975,0.1192,0.095062,0.095062,0.250114,0.250114,unchanged_already_consistent
ahmad_assaf__jor,Ahmad Assaf,JOR,DEF,2,ALG,0.7975,0.1883,0.150169,0.150169,0.435499,0.435499,unchanged_already_consistent
ahmad_assaf__jor,Ahmad Assaf,JOR,DEF,3,ARG,0.7975,0.0871,0.069462,0.069462,0.244247,0.244247,unchanged_already_consistent
aiden_o_neill__aus,Aiden O'Neill,AUS,MID,1,TUR,0.8832,0.2077,0.0,0,0.513419,0.513419,unchanged_already_consistent
aiden_o_neill__aus,Aiden O'Neill,AUS,MID,2,USA,0.8832,0.2077,0.0,0,0.415203,0.415204,unchanged_already_consistent
aiden_o_neill__aus,Aiden O'Neill,AUS,MID,3,PAR,0.8832,0.2678,0.0,0,0.509856,0.509857,unchanged_already_consistent
leon_goretzka__ger,Leon Goretzka,GER,MID,1,CUW,0.1607,0.6881,0.0,0,0.535207,0.376196,unchanged_already_consistent
leon_goretzka__ger,Leon Goretzka,GER,MID,2,CIV,0.1607,0.4226,0.0,0,0.383494,0.252582,unchanged_already_consistent
leon_goretzka__ger,Leon Goretzka,GER,MID,3,ECU,0.1607,0.411,0.0,0,0.290437,0.192335,unchanged_already_consistent
duje_aleta_car__cro,Duje Caleta-Car,CRO,DEF,1,ENG,0.3591,0.2077,0.074585,0.074585,0.234174,0.234174,unchanged_already_consistent
duje_aleta_car__cro,Duje Caleta-Car,CRO,DEF,2,PAN,0.3591,0.4865,0.174702,0.174702,0.550084,0.550084,unchanged_already_consistent
duje_aleta_car__cro,Duje Caleta-Car,CRO,DEF,3,GHA,0.3591,0.4415,0.158543,0.158543,0.525943,0.525943,unchanged_already_consistent
bilal_el_khannouss__mar,Bilal El Khannouss,MAR,MID,1,BRA,0.5176,0.1883,0.0,0,0.164274,0.164274,unchanged_already_consistent
bilal_el_khannouss__mar,Bilal El Khannouss,MAR,MID,2,SCO,0.5176,0.411,0.0,0,0.391473,0.391473,unchanged_already_consistent
bilal_el_khannouss__mar,Bilal El Khannouss,MAR,MID,3,HAI,0.5176,0.5585,0.0,0,0.620267,0.620267,unchanged_already_consistent
otabek_shukurov__uzb,Otabek Shukurov,UZB,MID,1,COL,0.9103,0.1573,0.0,0,0.442951,0.442951,unchanged_already_consistent
otabek_shukurov__uzb,Otabek Shukurov,UZB,MID,2,POR,0.9103,0.096,0.0,0,0.382873,0.382873,unchanged_already_consistent
otabek_shukurov__uzb,Otabek Shukurov,UZB,MID,3,COD,0.9103,0.3119,0.0,0,0.596041,0.596041,unchanged_already_consistent
lucas_herrington__aus,Lucas Herrington,AUS,DEF,1,TUR,0.9204,0.2077,0.189402,0.191167,0.509082,0.514293,rebuilt_from_fixture_clean_sheet_prob
lucas_herrington__aus,Lucas Herrington,AUS,DEF,2,USA,0.9204,0.2077,0.189402,0.191167,0.520129,0.525421,rebuilt_from_fixture_clean_sheet_prob
lucas_herrington__aus,Lucas Herrington,AUS,DEF,3,PAR,0.9204,0.2678,0.244207,0.246483,0.60954,0.61564,rebuilt_from_fixture_clean_sheet_prob
leandro_paredes__arg,Leandro Paredes,ARG,MID,1,ALG,0.3664,0.5135,0.0,0,0.495127,0.491541,unchanged_already_consistent
leandro_paredes__arg,Leandro Paredes,ARG,MID,2,AUT,0.3664,0.4226,0.0,0,0.388217,0.385198,unchanged_already_consistent
leandro_paredes__arg,Leandro Paredes,ARG,MID,3,JOR,0.3664,0.5774,0.0,0,0.368395,0.365423,unchanged_already_consistent
salem_al_dawsari__ksa,Salem Al-Dawsari,KSA,MID,1,URU,0.677,0.1573,,0,0.442473,0.442473,unchanged_already_consistent
salem_al_dawsari__ksa,Salem Al-Dawsari,KSA,MID,2,ESP,0.677,0.0741,,0,0.120606,0.120606,unchanged_already_consistent
salem_al_dawsari__ksa,Salem Al-Dawsari,KSA,MID,3,CPV,0.677,0.3119,,0,0.14703,0.14703,unchanged_already_consistent
jean_kevin_duverne__hai,Jean-Kevin Duverne,HAI,DEF,1,SCO,0.6885,0.1573,0.14124,0.108301,0.410827,0.329976,rebuilt_from_fixture_clean_sheet_prob
jean_kevin_duverne__hai,Jean-Kevin Duverne,HAI,DEF,2,BRA,0.6885,0.0461,0.041393,0.03174,0.199084,0.176831,rebuilt_from_fixture_clean_sheet_prob
jean_kevin_duverne__hai,Jean-Kevin Duverne,HAI,DEF,3,MAR,0.6885,0.096,0.086198,0.066096,0.288064,0.245037,rebuilt_from_fixture_clean_sheet_prob
fabian_ruiz__esp,Fabian Ruiz,ESP,MID,1,CPV,0.58,0.625,,0,0.257031,0.257031,unchanged_already_consistent
fabian_ruiz__esp,Fabian Ruiz,ESP,MID,2,KSA,0.58,0.6627,,0,0.484369,0.484369,unchanged_already_consistent
fabian_ruiz__esp,Fabian Ruiz,ESP,MID,3,URU,0.58,0.4226,,0,0.350668,0.350668,unchanged_already_consistent
jos_cordoba__pan,Jose Cordoba,PAN,DEF,1,GHA,0.3927,0.25,0.1521,0.098175,0.445293,0.313764,rebuilt_from_fixture_clean_sheet_prob
jos_cordoba__pan,Jose Cordoba,PAN,DEF,2,CRO,0.3927,0.1717,0.104462,0.067427,0.374402,0.288817,rebuilt_from_fixture_clean_sheet_prob
jos_cordoba__pan,Jose Cordoba,PAN,DEF,3,ENG,0.3927,0.1063,0.064673,0.041744,0.270253,0.217101,rebuilt_from_fixture_clean_sheet_prob
tshepang_moremi__rsa,Tshepang Moremi,RSA,FWD,1,MEX,0.7896,0.1717,0.0,0,0.33054,0.33054,unchanged_already_consistent
tshepang_moremi__rsa,Tshepang Moremi,RSA,FWD,2,CZE,0.7896,0.25,0.0,0,0.449907,0.449908,unchanged_already_consistent
tshepang_moremi__rsa,Tshepang Moremi,RSA,FWD,3,KOR,0.7896,0.2337,0.0,0,0.576925,0.576926,unchanged_already_consistent
ali_nemati__irn,Ali Nemati,IRN,DEF,1,NZL,0.514,0.411,0.211254,0.211254,0.689028,0.689028,unchanged_already_consistent
ali_nemati__irn,Ali Nemati,IRN,DEF,2,BEL,0.514,0.1459,0.074993,0.074993,0.216631,0.216632,unchanged_already_consistent
ali_nemati__irn,Ali Nemati,IRN,DEF,3,EGY,0.514,0.2904,0.149266,0.149266,0.378078,0.378078,unchanged_already_consistent
juan_jose_caceres__par,Juan Jose Caceres,PAR,DEF,1,USA,0.6453,0.25,0.1034,0.161325,0.307042,0.434477,rebuilt_from_fixture_clean_sheet_prob
juan_jose_caceres__par,Juan Jose Caceres,PAR,DEF,2,TUR,0.6453,0.2766,0.114402,0.17849,0.344658,0.478601,rebuilt_from_fixture_clean_sheet_prob
juan_jose_caceres__par,Juan Jose Caceres,PAR,DEF,3,AUS,0.6453,0.375,0.1551,0.241987,0.436387,0.608425,rebuilt_from_fixture_clean_sheet_prob
dan_burn__eng,Dan Burn,ENG,DEF,1,CRO,0.3064,0.4118,0.130335,0.126176,0.393689,0.384539,rebuilt_from_fixture_clean_sheet_prob
dan_burn__eng,Dan Burn,ENG,DEF,2,GHA,0.3064,0.5,0.15825,0.1532,0.433815,0.42326,rebuilt_from_fixture_clean_sheet_prob
dan_burn__eng,Dan Burn,ENG,DEF,3,PAN,0.3064,0.5376,0.17015,0.164721,0.411917,0.401169,rebuilt_from_fixture_clean_sheet_prob
amir_al_ammari__irq,Amir Al Ammari,IRQ,MID,1,NOR,0.8671,0.096,0.0,0,0.236109,0.236109,unchanged_already_consistent
amir_al_ammari__irq,Amir Al Ammari,IRQ,MID,2,FRA,0.8671,0.0643,0.0,0,0.216611,0.216612,unchanged_already_consistent
amir_al_ammari__irq,Amir Al Ammari,IRQ,MID,3,SEN,0.8671,0.1573,0.0,0,0.220558,0.220559,unchanged_already_consistent
mohamed_kanno__ksa,Mohamed Kanno,KSA,MID,1,URU,0.848,0.1573,,0,0.421053,0.074025,unchanged_already_consistent
mohamed_kanno__ksa,Mohamed Kanno,KSA,MID,2,ESP,0.848,0.0741,,0,0.10957,0.110334,unchanged_already_consistent
mohamed_kanno__ksa,Mohamed Kanno,KSA,MID,3,CPV,0.848,0.3119,,0,0.134422,0.135294,unchanged_already_consistent
emmanuel_agbadou__civ,Emmanuel Agbadou,CIV,DEF,1,ECU,0.537,0.3119,0.16749,0.16749,0.431719,0.431719,unchanged_already_consistent
emmanuel_agbadou__civ,Emmanuel Agbadou,CIV,DEF,2,GER,0.537,0.1573,0.08447,0.08447,0.203826,0.203826,unchanged_already_consistent
emmanuel_agbadou__civ,Emmanuel Agbadou,CIV,DEF,3,CUW,0.537,0.5135,0.275749,0.275749,0.571831,0.571831,unchanged_already_consistent
dami_n_bobadilla__par,Damian Bobadilla,PAR,MID,1,USA,0.6047,0.25,0.0,0,0.366691,0.36294,unchanged_already_consistent
dami_n_bobadilla__par,Damian Bobadilla,PAR,MID,2,TUR,0.6047,0.2766,0.0,0,0.422267,0.418123,unchanged_already_consistent
dami_n_bobadilla__par,Damian Bobadilla,PAR,MID,3,AUS,0.6047,0.375,0.0,0,0.696596,0.689275,unchanged_already_consistent
ime_okon__rsa,Ime Okon,RSA,DEF,1,MEX,0.9119,0.1717,0.156573,0.156573,0.404862,0.404862,unchanged_already_consistent
ime_okon__rsa,Ime Okon,RSA,DEF,2,CZE,0.9119,0.25,0.227975,0.227975,0.603198,0.603198,unchanged_already_consistent
ime_okon__rsa,Ime Okon,RSA,DEF,3,KOR,0.9119,0.2337,0.213111,0.213111,0.568401,0.568401,unchanged_already_consistent
el_hadji_malick_diouf__sen,El Hadji Malick Diouf,SEN,DEF,1,FRA,0.3793,0.1573,0.059664,0.059664,0.170746,0.170746,unchanged_already_consistent
el_hadji_malick_diouf__sen,El Hadji Malick Diouf,SEN,DEF,2,NOR,0.3793,0.2337,0.088642,0.088642,0.304884,0.304884,unchanged_already_consistent
el_hadji_malick_diouf__sen,El Hadji Malick Diouf,SEN,DEF,3,IRQ,0.3793,0.5,0.18965,0.18965,0.588728,0.588729,unchanged_already_consistent
marko_stamenic__nzl,Marko Stamenic,NZL,MID,1,IRN,0.9032,0.25,0.0,0,0.394859,0.394859,unchanged_already_consistent
marko_stamenic__nzl,Marko Stamenic,NZL,MID,2,EGY,0.9032,0.217,0.0,0,0.490437,0.490438,unchanged_already_consistent
marko_stamenic__nzl,Marko Stamenic,NZL,MID,3,BEL,0.9032,0.1063,0.0,0,0.431647,0.431648,unchanged_already_consistent
ali_ahmed__can,Ali Ahmed,CAN,MID,1,BIH,0.3913,0.4226,0.0,0,0.514019,0.509214,unchanged_already_consistent
ali_ahmed__can,Ali Ahmed,CAN,MID,2,QAT,0.3913,0.5774,0.0,0,0.604154,0.598416,unchanged_already_consistent
ali_ahmed__can,Ali Ahmed,CAN,MID,3,SUI,0.3913,0.25,0.0,0,0.244168,0.242357,unchanged_already_consistent
yerry_mina__col,Yerry Mina,COL,DEF,1,UZB,0.3375,0.5,0.16875,0.16875,0.517466,0.517466,unchanged_already_consistent
yerry_mina__col,Yerry Mina,COL,DEF,2,COD,0.3375,0.5376,0.18144,0.18144,0.485815,0.485815,unchanged_already_consistent
yerry_mina__col,Yerry Mina,COL,DEF,3,POR,0.3375,0.25,0.084375,0.084375,0.257598,0.257601,unchanged_already_consistent
ko_itakura__jpn,Ko Itakura,JPN,DEF,1,NED,0.6165,0.217,0.13378,0.13378,0.378831,0.378831,unchanged_already_consistent
ko_itakura__jpn,Ko Itakura,JPN,DEF,2,TUN,0.6165,0.4415,0.272185,0.272185,0.682485,0.682485,unchanged_already_consistent
ko_itakura__jpn,Ko Itakura,JPN,DEF,3,SWE,0.6165,0.3547,0.218673,0.218673,0.564286,0.564286,unchanged_already_consistent
leandro_bacuna__cuw,Leandro Bacuna,CUW,MID,1,GER,0.9151,0.0335,0.0,0,0.316717,0.316717,unchanged_already_consistent
leandro_bacuna__cuw,Leandro Bacuna,CUW,MID,2,ECU,0.9151,0.1192,0.0,0,0.451109,0.451107,unchanged_already_consistent
leandro_bacuna__cuw,Leandro Bacuna,CUW,MID,3,CIV,0.9151,0.1358,0.0,0,0.535269,0.535272,unchanged_already_consistent
saud_abdulhamid__ksa,Saud Abdulhamid,KSA,DEF,1,URU,0.7903,0.1573,0.090856,0.124314,0.297802,0.390423,rebuilt_from_fixture_clean_sheet_prob
saud_abdulhamid__ksa,Saud Abdulhamid,KSA,DEF,2,ESP,0.7903,0.0741,0.0428,0.058561,0.1982,0.243432,rebuilt_from_fixture_clean_sheet_prob
saud_abdulhamid__ksa,Saud Abdulhamid,KSA,DEF,3,CPV,0.7903,0.3119,0.180153,0.246495,0.551234,0.719346,rebuilt_from_fixture_clean_sheet_prob
keito_nakamura__jpn,Keito Nakamura,JPN,MID,1,NED,0.56,0.217,0.0,0,0.212723,0.212723,unchanged_already_consistent
keito_nakamura__jpn,Keito Nakamura,JPN,MID,2,TUN,0.56,0.4415,0.0,0,0.409149,0.409149,unchanged_already_consistent
keito_nakamura__jpn,Keito Nakamura,JPN,MID,3,SWE,0.56,0.3547,0.0,0,0.424077,0.424077,unchanged_already_consistent
leo_ostigard__nor,Leo Østigård,NOR,DEF,1,IRQ,0.4144,0.5585,0.231442,0.231442,0.691316,0.691316,unchanged_already_consistent
leo_ostigard__nor,Leo Østigård,NOR,DEF,2,SEN,0.4144,0.3373,0.139777,0.139777,0.427091,0.427091,unchanged_already_consistent
leo_ostigard__nor,Leo Østigård,NOR,DEF,3,FRA,0.4144,0.2077,0.086071,0.086071,0.290042,0.290042,unchanged_already_consistent
erik_lira__mex,Erik Lira,MEX,MID,1,RSA,0.5447,0.5376,0.0,0,0.654382,0.654382,unchanged_already_consistent
erik_lira__mex,Erik Lira,MEX,MID,2,KOR,0.5447,0.4415,0.0,0,0.497102,0.497103,unchanged_already_consistent
erik_lira__mex,Erik Lira,MEX,MID,3,CZE,0.5447,0.411,0.0,0,0.363599,0.3636,unchanged_already_consistent
nawaf_al_aqidi__ksa,Nawaf Al-Aqidi,KSA,GK,1,URU,0.9463,0.1573,0.148601,0.148853,0.479187,0.480127,rebuilt_from_fixture_clean_sheet_prob
nawaf_al_aqidi__ksa,Nawaf Al-Aqidi,KSA,GK,2,ESP,0.9463,0.0741,0.070002,0.070121,0.290726,0.291342,rebuilt_from_fixture_clean_sheet_prob
nawaf_al_aqidi__ksa,Nawaf Al-Aqidi,KSA,GK,3,CPV,0.9463,0.3119,0.294652,0.295151,0.875819,0.877419,rebuilt_from_fixture_clean_sheet_prob
manu_kon__fra,Manu Koné,FRA,MID,1,SEN,0.38,0.4624,0.0,0,0.432549,0.432549,unchanged_already_consistent
manu_kon__fra,Manu Koné,FRA,MID,2,IRQ,0.38,0.6627,0.0,0,0.430548,0.430548,unchanged_already_consistent
manu_kon__fra,Manu Koné,FRA,MID,3,NOR,0.38,0.375,0.0,0,0.279237,0.279237,unchanged_already_consistent
lyndon_dykes__sco,Lyndon Dykes,SCO,FWD,1,HAI,0.1452,0.4865,0.0,0,0.867982,0.458645,unchanged_already_consistent
lyndon_dykes__sco,Lyndon Dykes,SCO,FWD,2,MAR,0.1452,0.25,0.0,0,0.467353,0.268496,unchanged_already_consistent
lyndon_dykes__sco,Lyndon Dykes,SCO,FWD,3,BRA,0.1452,0.1358,0.0,0,0.377032,0.226323,unchanged_already_consistent
felix_nmecha__ger,Felix Nmecha,GER,MID,1,CUW,0.4825,0.6881,0.0,0,0.479014,0.479014,unchanged_already_consistent
felix_nmecha__ger,Felix Nmecha,GER,MID,2,CIV,0.4825,0.4226,0.0,0,0.348321,0.348321,unchanged_already_consistent
felix_nmecha__ger,Felix Nmecha,GER,MID,3,ECU,0.4825,0.411,0.0,0,0.25745,0.25745,unchanged_already_consistent
grant_hanley__sco,Grant Hanley,SCO,DEF,1,HAI,0.4174,0.4865,0.200779,0.203065,0.738298,0.743327,rebuilt_from_fixture_clean_sheet_prob
grant_hanley__sco,Grant Hanley,SCO,DEF,2,MAR,0.4174,0.25,0.103175,0.10435,0.382794,0.38525,rebuilt_from_fixture_clean_sheet_prob
grant_hanley__sco,Grant Hanley,SCO,DEF,3,BRA,0.4174,0.1358,0.056045,0.056683,0.249125,0.250388,rebuilt_from_fixture_clean_sheet_prob
merchas_doski__irq,Merchas Doski,IRQ,DEF,1,NOR,0.8375,0.096,0.0804,0.0804,0.215657,0.215657,unchanged_already_consistent
merchas_doski__irq,Merchas Doski,IRQ,DEF,2,FRA,0.8375,0.0643,0.053851,0.053851,0.182828,0.182828,unchanged_already_consistent
merchas_doski__irq,Merchas Doski,IRQ,DEF,3,SEN,0.8375,0.1573,0.131739,0.131739,0.335147,0.335149,unchanged_already_consistent
lamine_camara__sen,Lamine Camara,SEN,MID,1,FRA,0.5487,0.1573,0.0,0,0.154693,0.154693,unchanged_already_consistent
lamine_camara__sen,Lamine Camara,SEN,MID,2,NOR,0.5487,0.2337,0.0,0,0.273014,0.273015,unchanged_already_consistent
lamine_camara__sen,Lamine Camara,SEN,MID,3,IRQ,0.5487,0.5,0.0,0,0.592507,0.592508,unchanged_already_consistent
n_golo_kant__fra,N'Golo Kante,FRA,MID,1,SEN,0.3869,0.4624,0.0,0,0.491032,0.491032,unchanged_already_consistent
n_golo_kant__fra,N'Golo Kante,FRA,MID,2,IRQ,0.3869,0.6627,0.0,0,0.485824,0.485826,unchanged_already_consistent
n_golo_kant__fra,N'Golo Kante,FRA,MID,3,NOR,0.3869,0.375,0.0,0,0.327009,0.327009,unchanged_already_consistent
zaid_tahseen__irq,Zaid Tahseen,IRQ,DEF,1,NOR,0.8161,0.096,0.078346,0.078346,0.208472,0.208472,unchanged_already_consistent
zaid_tahseen__irq,Zaid Tahseen,IRQ,DEF,2,FRA,0.8161,0.0643,0.052475,0.052475,0.177196,0.177196,unchanged_already_consistent
zaid_tahseen__irq,Zaid Tahseen,IRQ,DEF,3,SEN,0.8161,0.1573,0.128373,0.128373,0.323952,0.323952,unchanged_already_consistent
ollie_watkins__eng,Ollie Watkins,ENG,FWD,1,CRO,0.4768,0.4118,0.0,0,0.43626,0.712159,unchanged_already_consistent
ollie_watkins__eng,Ollie Watkins,ENG,FWD,2,GHA,0.4768,0.5,0.0,0,0.489421,0.812733,unchanged_already_consistent
ollie_watkins__eng,Ollie Watkins,ENG,FWD,3,PAN,0.4768,0.5376,0.0,0,0.379292,0.633938,unchanged_already_consistent
gideon_mensah__gha,Gideon Mensah,GHA,DEF,1,PAN,0.412,0.375,0.1545,0.1545,0.533979,0.533979,unchanged_already_consistent
gideon_mensah__gha,Gideon Mensah,GHA,DEF,2,ENG,0.412,0.1192,0.04911,0.04911,0.198946,0.198948,unchanged_already_consistent
gideon_mensah__gha,Gideon Mensah,GHA,DEF,3,CRO,0.412,0.217,0.089404,0.089404,0.277671,0.277672,unchanged_already_consistent
an_bal_godoy__pan,Anibal Godoy,PAN,MID,1,GHA,0.6321,0.25,0.0,0,0.4514,0.455544,unchanged_already_consistent
an_bal_godoy__pan,Anibal Godoy,PAN,MID,2,CRO,0.6321,0.1717,0.0,0,0.452847,0.456238,unchanged_already_consistent
an_bal_godoy__pan,Anibal Godoy,PAN,MID,3,ENG,0.6321,0.1063,0.0,0,0.415043,0.418165,unchanged_already_consistent
d_sir_dou__fra,Desire Doue,FRA,FWD,1,SEN,0.33,0.4624,0.0,0,0.39614,0.39614,unchanged_already_consistent
d_sir_dou__fra,Desire Doue,FRA,FWD,2,IRQ,0.33,0.6627,0.0,0,0.383726,0.383726,unchanged_already_consistent
d_sir_dou__fra,Desire Doue,FRA,FWD,3,NOR,0.33,0.375,0.0,0,0.262695,0.262695,unchanged_already_consistent
ben_doak__sco,Ben Doak,SCO,MID,1,HAI,0.8534,0.4865,,0,0.203652,0.203801,unchanged_already_consistent
ben_doak__sco,Ben Doak,SCO,MID,2,MAR,0.8534,0.25,,0,0.14409,0.144203,unchanged_already_consistent
ben_doak__sco,Ben Doak,SCO,MID,3,BRA,0.8534,0.1358,,0,0.131794,0.131898,unchanged_already_consistent
antonio_r_diger__ger,Antonio Rüdiger,GER,DEF,1,CUW,0.208,0.6881,0.14918,0.143125,0.629669,0.614845,rebuilt_from_fixture_clean_sheet_prob
antonio_r_diger__ger,Antonio Rüdiger,GER,DEF,2,CIV,0.208,0.4226,0.09162,0.087901,0.378937,0.370021,rebuilt_from_fixture_clean_sheet_prob
antonio_r_diger__ger,Antonio Rüdiger,GER,DEF,3,ECU,0.208,0.411,0.089105,0.085488,0.318855,0.31089,rebuilt_from_fixture_clean_sheet_prob
ibrahim_maza__alg,Ibrahim Maza,ALG,MID,1,ARG,0.324,0.1573,0.0,0,0.255382,0.255382,unchanged_already_consistent
ibrahim_maza__alg,Ibrahim Maza,ALG,MID,2,JOR,0.324,0.4226,0.0,0,0.705551,0.705552,unchanged_already_consistent
ibrahim_maza__alg,Ibrahim Maza,ALG,MID,3,AUT,0.324,0.2766,0.0,0,0.450579,0.450579,unchanged_already_consistent
ante_budimir__cro,Ante Budimir,CRO,FWD,1,ENG,0.3246,0.2077,0.0,0,0.191403,0.191403,unchanged_already_consistent
ante_budimir__cro,Ante Budimir,CRO,FWD,2,PAN,0.3246,0.4865,0.0,0,0.483141,0.483141,unchanged_already_consistent
ante_budimir__cro,Ante Budimir,CRO,FWD,3,GHA,0.3246,0.4415,0.0,0,0.511944,0.511945,unchanged_already_consistent
orlando_mosquera__pan,Orlando Mosquera,PAN,GK,1,GHA,0.8542,0.25,0.21265,0.21355,0.667746,0.67088,rebuilt_from_fixture_clean_sheet_prob
orlando_mosquera__pan,Orlando Mosquera,PAN,GK,2,CRO,0.8542,0.1717,0.146048,0.146666,0.529956,0.53249,rebuilt_from_fixture_clean_sheet_prob
orlando_mosquera__pan,Orlando Mosquera,PAN,GK,3,ENG,0.8542,0.1063,0.090419,0.090801,0.35528,0.357058,rebuilt_from_fixture_clean_sheet_prob
vozinha__cpv,Vozinha,CPV,GK,1,ESP,0.9285,0.0509,0.047261,0.047261,0.137942,0.137942,unchanged_already_consistent
vozinha__cpv,Vozinha,CPV,GK,2,URU,0.9285,0.1573,0.146053,0.146053,0.494295,0.494295,unchanged_already_consistent
vozinha__cpv,Vozinha,CPV,GK,3,KSA,0.9285,0.3373,0.313183,0.313183,0.918396,0.918397,unchanged_already_consistent
derrick_kohn__gha,Derrick Köhn,GHA,DEF,1,PAN,0.6632,0.375,0.2487,0.2487,0.730386,0.730386,unchanged_already_consistent
derrick_kohn__gha,Derrick Köhn,GHA,DEF,2,ENG,0.6632,0.1192,0.079053,0.079053,0.292514,0.292514,unchanged_already_consistent
derrick_kohn__gha,Derrick Köhn,GHA,DEF,3,CRO,0.6632,0.217,0.143914,0.143914,0.41189,0.41189,unchanged_already_consistent
daichi_kamada__jpn,Daichi Kamada,JPN,MID,1,NED,0.565,0.217,0.0,0,0.205764,0.205764,unchanged_already_consistent
daichi_kamada__jpn,Daichi Kamada,JPN,MID,2,TUN,0.565,0.4415,0.0,0,0.383926,0.383926,unchanged_already_consistent
daichi_kamada__jpn,Daichi Kamada,JPN,MID,3,SWE,0.565,0.3547,0.0,0,0.402295,0.402295,unchanged_already_consistent
niko_sigur__can,Niko Sigur,CAN,MID,1,BIH,0.4104,0.4226,0.0,0,0.473505,0.354803,unchanged_already_consistent
niko_sigur__can,Niko Sigur,CAN,MID,2,QAT,0.4104,0.5774,0.0,0,0.556368,0.413673,unchanged_already_consistent
niko_sigur__can,Niko Sigur,CAN,MID,3,SUI,0.4104,0.25,0.0,0,0.216967,0.179016,unchanged_already_consistent
mohamed_abdelmonem__egy,Mohamed Abdelmonem,EGY,DEF,1,BEL,0.4129,0.1717,0.073076,0.070895,0.226234,0.221436,rebuilt_from_fixture_clean_sheet_prob
mohamed_abdelmonem__egy,Mohamed Abdelmonem,EGY,DEF,2,NZL,0.4129,0.4624,0.196797,0.190925,0.545633,0.53336,rebuilt_from_fixture_clean_sheet_prob
mohamed_abdelmonem__egy,Mohamed Abdelmonem,EGY,DEF,3,IRN,0.4129,0.411,0.174922,0.169702,0.488014,0.477678,rebuilt_from_fixture_clean_sheet_prob
mark_mckenzie__usa,Mark McKenzie,USA,DEF,1,PAR,0.2945,0.411,0.207144,0.121039,0.616426,0.396404,rebuilt_from_fixture_clean_sheet_prob
mark_mckenzie__usa,Mark McKenzie,USA,DEF,2,AUS,0.2945,0.4226,0.21299,0.124456,0.616888,0.396931,rebuilt_from_fixture_clean_sheet_prob
mark_mckenzie__usa,Mark McKenzie,USA,DEF,3,TUR,0.2945,0.2766,0.139406,0.081459,0.369145,0.241628,rebuilt_from_fixture_clean_sheet_prob
fredrik_aursnes__nor,Fredrik Aursnes,NOR,MID,1,IRQ,0.7786,0.5585,,0,0.185073,0.185073,unchanged_already_consistent
fredrik_aursnes__nor,Fredrik Aursnes,NOR,MID,2,SEN,0.7786,0.3373,,0,0.137258,0.137258,unchanged_already_consistent
fredrik_aursnes__nor,Fredrik Aursnes,NOR,MID,3,FRA,0.7786,0.2077,,0,0.121697,0.121698,unchanged_already_consistent
michel_aebischer__sui,Michel Aebischer,SUI,MID,1,QAT,0.8008,0.5585,0.0,0,0.486324,0.702603,unchanged_already_consistent
michel_aebischer__sui,Michel Aebischer,SUI,MID,2,BIH,0.8008,0.4624,0.0,0,0.483477,0.697652,unchanged_already_consistent
michel_aebischer__sui,Michel Aebischer,SUI,MID,3,CAN,0.8008,0.3547,0.0,0,0.36261,0.526979,unchanged_already_consistent
rani_khedira__tun,Rani Khedira,TUN,MID,1,SWE,0.6533,0.25,,0,0.092964,0.092964,unchanged_already_consistent
rani_khedira__tun,Rani Khedira,TUN,MID,2,JPN,0.6533,0.2337,,0,0.179256,0.179256,unchanged_already_consistent
rani_khedira__tun,Rani Khedira,TUN,MID,3,NED,0.6533,0.1717,,0,0.161305,0.161305,unchanged_already_consistent
khozhiakbar_alizhonov__uzb,Khozhiakbar Alizhonov,UZB,DEF,1,COL,0.6477,0.1573,0.101883,0.101883,0.266318,0.266318,unchanged_already_consistent
khozhiakbar_alizhonov__uzb,Khozhiakbar Alizhonov,UZB,DEF,2,POR,0.6477,0.096,0.062179,0.062179,0.21711,0.217111,unchanged_already_consistent
khozhiakbar_alizhonov__uzb,Khozhiakbar Alizhonov,UZB,DEF,3,COD,0.6477,0.3119,0.202018,0.202018,0.492996,0.492995,unchanged_already_consistent
alan_minda__ecu,Alan Minda,ECU,MID,1,CIV,0.3264,0.4226,0.0,0,0.40886,0.40886,unchanged_already_consistent
alan_minda__ecu,Alan Minda,ECU,MID,2,CUW,0.3264,0.5585,0.0,0,0.676103,0.676103,unchanged_already_consistent
alan_minda__ecu,Alan Minda,ECU,MID,3,GER,0.3264,0.1717,0.0,0,0.274195,0.274195,unchanged_already_consistent
yukinari_sugawara__jpn,Yukinari Sugawara,JPN,DEF,1,NED,0.2932,0.217,0.063624,0.063624,0.230106,0.230106,unchanged_already_consistent
yukinari_sugawara__jpn,Yukinari Sugawara,JPN,DEF,2,TUN,0.2932,0.4415,0.129448,0.129448,0.448026,0.448026,unchanged_already_consistent
yukinari_sugawara__jpn,Yukinari Sugawara,JPN,DEF,3,SWE,0.2932,0.3547,0.103998,0.103998,0.396115,0.396116,unchanged_already_consistent
djed_spence__eng,Djed Spence,ENG,DEF,1,CRO,0.5874,0.4118,0.138035,0.241891,0.456692,0.685175,rebuilt_from_fixture_clean_sheet_prob
djed_spence__eng,Djed Spence,ENG,DEF,2,GHA,0.5874,0.5,0.1676,0.2937,0.497548,0.761097,rebuilt_from_fixture_clean_sheet_prob
djed_spence__eng,Djed Spence,ENG,DEF,3,PAN,0.5874,0.5376,0.180204,0.315786,0.467047,0.735502,rebuilt_from_fixture_clean_sheet_prob
mahmoud_trezeguet__egy,Mahmoud Trezeguet,EGY,MID,1,BEL,0.92,0.1717,,0,0.083834,0.083835,unchanged_already_consistent
mahmoud_trezeguet__egy,Mahmoud Trezeguet,EGY,MID,2,NZL,0.92,0.4624,,0,0.163251,0.163253,unchanged_already_consistent
mahmoud_trezeguet__egy,Mahmoud Trezeguet,EGY,MID,3,IRN,0.92,0.411,,0,0.171363,0.171364,unchanged_already_consistent
r_ben_neves__por,Ruben Neves,POR,MID,1,COD,0.3275,0.5,0.0,0,0.443913,0.440473,unchanged_already_consistent
r_ben_neves__por,Ruben Neves,POR,MID,2,UZB,0.3275,0.5,0.0,0,0.389659,0.386272,unchanged_already_consistent
r_ben_neves__por,Ruben Neves,POR,MID,3,COL,0.3275,0.3547,0.0,0,0.222529,0.220822,unchanged_already_consistent
giuliano_simeone__arg,Giuliano Simeone,ARG,FWD,1,ALG,0.3193,0.5135,0.0,0,0.419847,0.437293,unchanged_already_consistent
giuliano_simeone__arg,Giuliano Simeone,ARG,FWD,2,AUT,0.3193,0.4226,0.0,0,0.323305,0.337953,unchanged_already_consistent
giuliano_simeone__arg,Giuliano Simeone,ARG,FWD,3,JOR,0.3193,0.5774,0.0,0,0.30256,0.31688,unchanged_already_consistent
gi_hyuk_lee__kor,Gi-hyuk Lee,KOR,DEF,1,CZE,0.5856,0.3119,0.182649,0.182649,0.510524,0.510524,unchanged_already_consistent
gi_hyuk_lee__kor,Gi-hyuk Lee,KOR,DEF,2,MEX,0.5856,0.2337,0.136855,0.136855,0.374821,0.374821,unchanged_already_consistent
gi_hyuk_lee__kor,Gi-hyuk Lee,KOR,DEF,3,RSA,0.5856,0.3923,0.229731,0.229731,0.548707,0.548708,unchanged_already_consistent
shogo_taniguchi__jpn,Shogo Taniguchi,JPN,DEF,1,NED,0.3434,0.217,0.074518,0.074518,0.220775,0.220775,unchanged_already_consistent
shogo_taniguchi__jpn,Shogo Taniguchi,JPN,DEF,2,TUN,0.3434,0.4415,0.151611,0.151611,0.421459,0.421459,unchanged_already_consistent
shogo_taniguchi__jpn,Shogo Taniguchi,JPN,DEF,3,SWE,0.3434,0.3547,0.121804,0.121804,0.360095,0.360095,unchanged_already_consistent
marwan_ateya__egy,Marwan Ateya,EGY,MID,1,BEL,0.8851,0.1717,,0,0.070287,0.070876,unchanged_already_consistent
marwan_ateya__egy,Marwan Ateya,EGY,MID,2,NZL,0.8851,0.4624,,0,0.141919,0.142844,unchanged_already_consistent
marwan_ateya__egy,Marwan Ateya,EGY,MID,3,IRN,0.8851,0.411,,0,0.149462,0.150413,unchanged_already_consistent
meschak_elia__cod,Meschack Elia,COD,MID,1,POR,0.5622,0.096,0.0,0,0.185744,0.185744,unchanged_already_consistent
meschak_elia__cod,Meschack Elia,COD,MID,2,COL,0.5622,0.1883,0.0,0,0.257479,0.257479,unchanged_already_consistent
meschak_elia__cod,Meschack Elia,COD,MID,3,UZB,0.5622,0.3373,0.0,0,0.498879,0.498879,unchanged_already_consistent
c_sar_blackman__pan,Cesar Blackman,PAN,DEF,1,GHA,0.5629,0.25,0.140725,0.140725,0.394072,0.394072,unchanged_already_consistent
c_sar_blackman__pan,Cesar Blackman,PAN,DEF,2,CRO,0.5629,0.1717,0.09665,0.09665,0.323149,0.323149,unchanged_already_consistent
c_sar_blackman__pan,Cesar Blackman,PAN,DEF,3,ENG,0.5629,0.1063,0.059836,0.059836,0.224844,0.224844,unchanged_already_consistent
jacob_italiano__aus,Jacob Italiano,AUS,DEF,1,TUR,0.4045,0.2077,0.138515,0.084015,0.411643,0.283161,rebuilt_from_fixture_clean_sheet_prob
jacob_italiano__aus,Jacob Italiano,AUS,DEF,2,USA,0.4045,0.2077,0.138515,0.084015,0.406144,0.291779,rebuilt_from_fixture_clean_sheet_prob
jacob_italiano__aus,Jacob Italiano,AUS,DEF,3,PAR,0.4045,0.2678,0.178596,0.108325,0.493312,0.345339,rebuilt_from_fixture_clean_sheet_prob
elijah_just__nzl,Elijah Just,NZL,MID,1,IRN,0.8876,0.25,,0,0.068726,0.06898,unchanged_already_consistent
elijah_just__nzl,Elijah Just,NZL,MID,2,EGY,0.8876,0.217,,0,0.143194,0.143604,unchanged_already_consistent
elijah_just__nzl,Elijah Just,NZL,MID,3,BEL,0.8876,0.1063,,0,0.12821,0.128583,unchanged_already_consistent
kieran_tierney__sco,Kieran Tierney,SCO,DEF,1,HAI,0.3855,0.4865,0.192216,0.187546,0.614929,0.604655,rebuilt_from_fixture_clean_sheet_prob
kieran_tierney__sco,Kieran Tierney,SCO,DEF,2,MAR,0.3855,0.25,0.098775,0.096375,0.34177,0.336754,rebuilt_from_fixture_clean_sheet_prob
kieran_tierney__sco,Kieran Tierney,SCO,DEF,3,BRA,0.3855,0.1358,0.053655,0.052351,0.229947,0.227365,rebuilt_from_fixture_clean_sheet_prob
oufa_shobeir__egy,Mostafa Oufa Shobeir,EGY,GK,1,BEL,0.5186,0.1717,0.088752,0.089044,0.269097,0.270147,rebuilt_from_fixture_clean_sheet_prob
oufa_shobeir__egy,Mostafa Oufa Shobeir,EGY,GK,2,NZL,0.5186,0.4624,0.239015,0.239801,0.69944,0.701898,rebuilt_from_fixture_clean_sheet_prob
oufa_shobeir__egy,Mostafa Oufa Shobeir,EGY,GK,3,IRN,0.5186,0.411,0.212446,0.213145,0.604485,0.606622,rebuilt_from_fixture_clean_sheet_prob
amine_gouiri__alg,Amine Gouiri,ALG,FWD,1,ARG,0.8042,0.1573,,0,0.039989,0.03999,unchanged_already_consistent
amine_gouiri__alg,Amine Gouiri,ALG,FWD,2,JOR,0.8042,0.4226,,0,0.132746,0.132748,unchanged_already_consistent
amine_gouiri__alg,Amine Gouiri,ALG,FWD,3,AUT,0.8042,0.2766,,0,0.136117,0.136118,unchanged_already_consistent
zizo__egy,Ahmed Zizo,EGY,MID,1,BEL,0.7866,0.1717,,0,0.057423,0.057423,unchanged_already_consistent
zizo__egy,Ahmed Zizo,EGY,MID,2,NZL,0.7866,0.4624,,0,0.12166,0.121661,unchanged_already_consistent
zizo__egy,Ahmed Zizo,EGY,MID,3,IRN,0.7866,0.411,,0,0.128665,0.128665,unchanged_already_consistent
logan_costa__cpv,Logan Costa,CPV,DEF,1,ESP,0.6542,0.0509,0.033299,0.033299,0.072005,0.072005,unchanged_already_consistent
logan_costa__cpv,Logan Costa,CPV,DEF,2,URU,0.6542,0.1573,0.102906,0.102906,0.301947,0.301948,unchanged_already_consistent
logan_costa__cpv,Logan Costa,CPV,DEF,3,KSA,0.6542,0.3373,0.220662,0.220662,0.544589,0.544589,unchanged_already_consistent
azzedine_ounahi__mar,Azzedine Ounahi,MAR,MID,1,BRA,0.3946,0.1883,0.0,0,0.157603,0.157603,unchanged_already_consistent
azzedine_ounahi__mar,Azzedine Ounahi,MAR,MID,2,SCO,0.3946,0.411,0.0,0,0.357187,0.357189,unchanged_already_consistent
azzedine_ounahi__mar,Azzedine Ounahi,MAR,MID,3,HAI,0.3946,0.5585,0.0,0,0.546845,0.546845,unchanged_already_consistent
antoine_semenyo__gha,Antoine Semenyo,GHA,FWD,1,PAN,0.6286,0.375,0.0,0,0.493315,0.493315,unchanged_already_consistent
antoine_semenyo__gha,Antoine Semenyo,GHA,FWD,2,ENG,0.6286,0.1192,0.0,0,0.209514,0.209516,unchanged_already_consistent
antoine_semenyo__gha,Antoine Semenyo,GHA,FWD,3,CRO,0.6286,0.217,0.0,0,0.212878,0.212879,unchanged_already_consistent
roberto_lopes__cpv,Roberto Lopes,CPV,DEF,1,ESP,0.8954,0.0509,0.045576,0.045576,0.103896,0.103896,unchanged_already_consistent
roberto_lopes__cpv,Roberto Lopes,CPV,DEF,2,URU,0.8954,0.1573,0.140846,0.140846,0.394698,0.394698,unchanged_already_consistent
roberto_lopes__cpv,Roberto Lopes,CPV,DEF,3,KSA,0.8954,0.3373,0.302018,0.302018,0.720961,0.720963,unchanged_already_consistent
andr_s_cubas__par,Andres Cubas,PAR,MID,1,USA,0.6302,0.25,0.0,0,0.263347,0.258401,unchanged_already_consistent
andr_s_cubas__par,Andres Cubas,PAR,MID,2,TUR,0.6302,0.2766,0.0,0,0.314561,0.308949,unchanged_already_consistent
andr_s_cubas__par,Andres Cubas,PAR,MID,3,AUS,0.6302,0.375,0.0,0,0.500044,0.489852,unchanged_already_consistent
ayoub_al_oui__qat,Ayoub Al-Oui,QAT,DEF,1,SUI,0.9308,0.1063,0.07408,0.098944,0.216281,0.271608,rebuilt_from_fixture_clean_sheet_prob
ayoub_al_oui__qat,Ayoub Al-Oui,QAT,DEF,2,CAN,0.9308,0.1459,0.101678,0.135804,0.324928,0.39722,rebuilt_from_fixture_clean_sheet_prob
ayoub_al_oui__qat,Ayoub Al-Oui,QAT,DEF,3,BIH,0.9308,0.1883,0.131226,0.17527,0.370986,0.459138,rebuilt_from_fixture_clean_sheet_prob
rodri_hernandez__esp,Rodri Hernandez,ESP,MID,1,CPV,0.3836,0.625,,0,0.212024,0.212024,unchanged_already_consistent
rodri_hernandez__esp,Rodri Hernandez,ESP,MID,2,KSA,0.3836,0.6627,,0,0.406402,0.406402,unchanged_already_consistent
rodri_hernandez__esp,Rodri Hernandez,ESP,MID,3,URU,0.3836,0.4226,,0,0.292667,0.292667,unchanged_already_consistent
santiago_bueno__uru,Santiago Bueno,URU,DEF,1,KSA,0.2687,0.4865,0.130723,0.130723,0.437352,0.437352,unchanged_already_consistent
santiago_bueno__uru,Santiago Bueno,URU,DEF,2,CPV,0.2687,0.5,0.13435,0.13435,0.422977,0.422977,unchanged_already_consistent
santiago_bueno__uru,Santiago Bueno,URU,DEF,3,ESP,0.2687,0.1717,0.046136,0.046136,0.162362,0.162362,unchanged_already_consistent
sphephelo_yaya_sithole__rsa,Sphephelo Yaya Sithole,RSA,MID,1,MEX,0.8032,0.1717,,0,0.047241,0.047241,unchanged_already_consistent
sphephelo_yaya_sithole__rsa,Sphephelo Yaya Sithole,RSA,MID,2,CZE,0.8032,0.25,,0,0.105962,0.105962,unchanged_already_consistent
sphephelo_yaya_sithole__rsa,Sphephelo Yaya Sithole,RSA,MID,3,KOR,0.8032,0.2337,,0,0.123621,0.123622,unchanged_already_consistent
koni_de_winter__bel,Koni de Winter,BEL,DEF,1,EGY,0.2902,0.3923,0.116317,0.113845,0.338159,0.332721,rebuilt_from_fixture_clean_sheet_prob
koni_de_winter__bel,Koni de Winter,BEL,DEF,2,IRN,0.2902,0.5,0.14825,0.1451,0.372842,0.366259,rebuilt_from_fixture_clean_sheet_prob
koni_de_winter__bel,Koni de Winter,BEL,DEF,3,NZL,0.2902,0.5135,0.152253,0.149018,0.353056,0.346651,rebuilt_from_fixture_clean_sheet_prob
martin_erlic__cro,Martin Erlic,CRO,DEF,1,ENG,0.2891,0.2077,0.060046,0.060046,0.195853,0.195853,unchanged_already_consistent
martin_erlic__cro,Martin Erlic,CRO,DEF,2,PAN,0.2891,0.4865,0.140647,0.140647,0.453964,0.453964,unchanged_already_consistent
martin_erlic__cro,Martin Erlic,CRO,DEF,3,GHA,0.2891,0.4415,0.127638,0.127638,0.437566,0.437566,unchanged_already_consistent
mousa_tamari__jor,Mousa Tamari,JOR,MID,1,AUT,0.8438,0.1192,,0,0.042026,0.042026,unchanged_already_consistent
mousa_tamari__jor,Mousa Tamari,JOR,MID,2,ALG,0.8438,0.1883,,0,0.123592,0.123593,unchanged_already_consistent
mousa_tamari__jor,Mousa Tamari,JOR,MID,3,ARG,0.8438,0.0871,,0,0.108458,0.108458,unchanged_already_consistent
carlos_harvey__pan,Carlos Harvey,PAN,MID,1,GHA,0.5605,0.25,0.0,0,0.402929,0.402929,unchanged_already_consistent
carlos_harvey__pan,Carlos Harvey,PAN,MID,2,CRO,0.5605,0.1717,0.0,0,0.407291,0.407291,unchanged_already_consistent
carlos_harvey__pan,Carlos Harvey,PAN,MID,3,ENG,0.5605,0.1063,0.0,0,0.371281,0.371281,unchanged_already_consistent
mohamed_toure__aus,Mohamed Toure,AUS,FWD,1,TUR,0.531,0.2077,,0,0.067429,0.067429,unchanged_already_consistent
mohamed_toure__aus,Mohamed Toure,AUS,FWD,2,USA,0.531,0.2077,,0,0.094158,0.094159,unchanged_already_consistent
mohamed_toure__aus,Mohamed Toure,AUS,FWD,3,PAR,0.531,0.2678,,0,0.096024,0.096024,unchanged_already_consistent
isma_l_gharbi__tun,Ismael Gharbi,TUN,MID,1,SWE,0.6165,0.25,0.0,0,0.318127,0.321495,unchanged_already_consistent
isma_l_gharbi__tun,Ismael Gharbi,TUN,MID,2,JPN,0.6165,0.2337,0.0,0,0.414289,0.417846,unchanged_already_consistent
isma_l_gharbi__tun,Ismael Gharbi,TUN,MID,3,NED,0.6165,0.1717,0.0,0,0.352237,0.355136,unchanged_already_consistent
emil_holm__swe,Emil Holm,SWE,DEF,1,TUN,0.2857,0.411,0.117423,0.117423,0.691967,0.691967,unchanged_already_consistent
emil_holm__swe,Emil Holm,SWE,DEF,2,NED,0.2857,0.1883,0.053797,0.053797,0.296939,0.296939,unchanged_already_consistent
emil_holm__swe,Emil Holm,SWE,DEF,3,JPN,0.2857,0.25,0.071425,0.071425,0.353064,0.353065,unchanged_already_consistent
rafik_belghali__alg,Rafik Belghali,ALG,DEF,1,ARG,0.3883,0.1573,0.06108,0.06108,0.181964,0.181964,unchanged_already_consistent
rafik_belghali__alg,Rafik Belghali,ALG,DEF,2,JOR,0.3883,0.4226,0.164096,0.164096,0.548157,0.548157,unchanged_already_consistent
rafik_belghali__alg,Rafik Belghali,ALG,DEF,3,AUT,0.3883,0.2766,0.107404,0.107404,0.38089,0.38089,unchanged_already_consistent
jordan_henderson__eng,Jordan Henderson,ENG,MID,1,CRO,0.5247,0.4118,0.0,0,0.350038,0.486862,unchanged_already_consistent
jordan_henderson__eng,Jordan Henderson,ENG,MID,2,GHA,0.5247,0.5,0.0,0,0.382679,0.545901,unchanged_already_consistent
jordan_henderson__eng,Jordan Henderson,ENG,MID,3,PAN,0.5247,0.5376,0.0,0,0.292555,0.418983,unchanged_already_consistent
ryan_mendes_da_graca__cpv,Ryan Mendes Da Graça,CPV,FWD,1,ESP,0.8829,0.0509,,0,0.00288,0.00288,unchanged_already_consistent
ryan_mendes_da_graca__cpv,Ryan Mendes Da Graça,CPV,FWD,2,URU,0.8829,0.1573,,0,0.098265,0.098266,unchanged_already_consistent
ryan_mendes_da_graca__cpv,Ryan Mendes Da Graça,CPV,FWD,3,KSA,0.8829,0.3373,,0,0.120621,0.120621,unchanged_already_consistent
kevin_danso__aut,Kevin Danso,AUT,DEF,1,JOR,0.3346,0.4865,0.162783,0.162783,0.618315,0.618315,unchanged_already_consistent
kevin_danso__aut,Kevin Danso,AUT,DEF,2,ARG,0.3346,0.1883,0.063005,0.063005,0.232044,0.232045,unchanged_already_consistent
kevin_danso__aut,Kevin Danso,AUT,DEF,3,ALG,0.3346,0.3547,0.118683,0.118683,0.367234,0.367234,unchanged_already_consistent
pablo_gavi__esp,Pablo Gavi,ESP,MID,1,CPV,0.4073,0.625,,0,0.203463,0.203463,unchanged_already_consistent
pablo_gavi__esp,Pablo Gavi,ESP,MID,2,KSA,0.4073,0.6627,,0,0.391573,0.391573,unchanged_already_consistent
pablo_gavi__esp,Pablo Gavi,ESP,MID,3,URU,0.4073,0.4226,,0,0.281635,0.281635,unchanged_already_consistent
hern_n_gal_ndez__ecu,Hernan Galindez,ECU,GK,1,CIV,0.2521,0.4226,0.106537,0.106537,0.399294,0.399294,unchanged_already_consistent
hern_n_gal_ndez__ecu,Hernan Galindez,ECU,GK,2,CUW,0.2521,0.5585,0.140798,0.140798,0.514602,0.514602,unchanged_already_consistent
hern_n_gal_ndez__ecu,Hernan Galindez,ECU,GK,3,GER,0.2521,0.1717,0.043286,0.043286,0.217595,0.217595,unchanged_already_consistent
jovane_cabral__cpv,Jovane Cabral,CPV,FWD,1,ESP,0.5853,0.0509,0.0,0,0.215374,0.215374,unchanged_already_consistent
jovane_cabral__cpv,Jovane Cabral,CPV,FWD,2,URU,0.5853,0.1573,0.0,0,0.306933,0.306933,unchanged_already_consistent
jovane_cabral__cpv,Jovane Cabral,CPV,FWD,3,KSA,0.5853,0.3373,0.0,0,0.52432,0.52432,unchanged_already_consistent
nikola_vla_i__cro,Nikola Vlasic,CRO,MID,1,ENG,0.2874,0.2077,0.0,0,0.201992,0.201992,unchanged_already_consistent
nikola_vla_i__cro,Nikola Vlasic,CRO,MID,2,PAN,0.2874,0.4865,0.0,0,0.495719,0.495719,unchanged_already_consistent
nikola_vla_i__cro,Nikola Vlasic,CRO,MID,3,GHA,0.2874,0.4415,0.0,0,0.523535,0.523535,unchanged_already_consistent
ibrahim_mbaye__sen,Ibrahim Mbaye,SEN,MID,1,FRA,0.2706,0.1573,0.0,0,0.178366,0.178366,unchanged_already_consistent
ibrahim_mbaye__sen,Ibrahim Mbaye,SEN,MID,2,NOR,0.2706,0.2337,0.0,0,0.293266,0.293266,unchanged_already_consistent
ibrahim_mbaye__sen,Ibrahim Mbaye,SEN,MID,3,IRQ,0.2706,0.5,0.0,0,0.584909,0.584909,unchanged_already_consistent
deniz_undav__ger,Deniz Undav,GER,FWD,1,CUW,0.2623,0.6881,0.0,0,0.46393,0.46393,unchanged_already_consistent
deniz_undav__ger,Deniz Undav,GER,FWD,2,CIV,0.2623,0.4226,0.0,0,0.352087,0.352087,unchanged_already_consistent
deniz_undav__ger,Deniz Undav,GER,FWD,3,ECU,0.2623,0.411,0.0,0,0.263847,0.263847,unchanged_already_consistent
francis_de_vries__nzl,Francis de Vries,NZL,DEF,1,IRN,0.3411,0.25,0.139075,0.085275,0.337117,0.218757,rebuilt_from_fixture_clean_sheet_prob
francis_de_vries__nzl,Francis de Vries,NZL,DEF,2,EGY,0.3411,0.217,0.120717,0.074019,0.335143,0.237544,rebuilt_from_fixture_clean_sheet_prob
francis_de_vries__nzl,Francis de Vries,NZL,DEF,3,BEL,0.3411,0.1063,0.059135,0.036259,0.190482,0.145188,rebuilt_from_fixture_clean_sheet_prob
leverton_pierre__hai,Leverton Pierre,HAI,MID,1,SCO,0.4018,0.1573,0.0,0,0.376337,0.258854,unchanged_already_consistent
leverton_pierre__hai,Leverton Pierre,HAI,MID,2,BRA,0.4018,0.0461,0.0,0,0.307458,0.227411,unchanged_already_consistent
leverton_pierre__hai,Leverton Pierre,HAI,MID,3,MAR,0.4018,0.096,0.0,0,0.306051,0.226586,unchanged_already_consistent
francisco_trinc_o__por,Francisco Trincao,POR,FWD,1,COD,0.2321,0.5,0.0,0,0.445021,0.441502,unchanged_already_consistent
francisco_trinc_o__por,Francisco Trincao,POR,FWD,2,UZB,0.2321,0.5,0.0,0,0.396751,0.39335,unchanged_already_consistent
francisco_trinc_o__por,Francisco Trincao,POR,FWD,3,COL,0.2321,0.3547,0.0,0,0.223701,0.221886,unchanged_already_consistent
isma_l_bennacer__alg,Ismael Bennacer,ALG,MID,1,ARG,0.6012,0.1573,0.0,0,0.158064,0.158064,unchanged_already_consistent
isma_l_bennacer__alg,Ismael Bennacer,ALG,MID,2,JOR,0.6012,0.4226,0.0,0,0.526405,0.526405,unchanged_already_consistent
isma_l_bennacer__alg,Ismael Bennacer,ALG,MID,3,AUT,0.6012,0.2766,0.0,0,0.337125,0.337125,unchanged_already_consistent
orbel_n_pineda__mex,Orbelin Pineda,MEX,MID,1,RSA,0.3378,0.5376,0.0,0,0.461892,0.461892,unchanged_already_consistent
orbel_n_pineda__mex,Orbelin Pineda,MEX,MID,2,KOR,0.3378,0.4415,0.0,0,0.348981,0.348981,unchanged_already_consistent
orbel_n_pineda__mex,Orbelin Pineda,MEX,MID,3,CZE,0.3378,0.411,0.0,0,0.256502,0.256502,unchanged_already_consistent
hicham_boudaoui__alg,Hicham Boudaoui,ALG,MID,1,ARG,0.5497,0.1573,0.0,0,0.173388,0.173388,unchanged_already_consistent
hicham_boudaoui__alg,Hicham Boudaoui,ALG,MID,2,JOR,0.5497,0.4226,0.0,0,0.560247,0.560248,unchanged_already_consistent
hicham_boudaoui__alg,Hicham Boudaoui,ALG,MID,3,AUT,0.5497,0.2766,0.0,0,0.353701,0.353701,unchanged_already_consistent
oston_urunov__uzb,Oston Urunov,UZB,MID,1,COL,0.8296,0.1573,0.0,0,0.259421,0.259421,unchanged_already_consistent
oston_urunov__uzb,Oston Urunov,UZB,MID,2,POR,0.8296,0.096,0.0,0,0.227441,0.227442,unchanged_already_consistent
oston_urunov__uzb,Oston Urunov,UZB,MID,3,COD,0.8296,0.3119,0.0,0,0.370695,0.370695,unchanged_already_consistent
igor_matanovic__cro,Igor Matanovic,CRO,FWD,1,ENG,0.3436,0.2077,0.0,0,0.228231,0.228231,unchanged_already_consistent
igor_matanovic__cro,Igor Matanovic,CRO,FWD,2,PAN,0.3436,0.4865,0.0,0,0.55546,0.555461,unchanged_already_consistent
igor_matanovic__cro,Igor Matanovic,CRO,FWD,3,GHA,0.3436,0.4415,0.0,0,0.586591,0.586592,unchanged_already_consistent
mbekezeli_mbokazi__rsa,Mbekezeli Mbokazi,RSA,DEF,1,MEX,0.4156,0.1717,0.071359,0.071359,0.226122,0.226122,unchanged_already_consistent
mbekezeli_mbokazi__rsa,Mbekezeli Mbokazi,RSA,DEF,2,CZE,0.4156,0.25,0.1039,0.1039,0.360922,0.360922,unchanged_already_consistent
mbekezeli_mbokazi__rsa,Mbekezeli Mbokazi,RSA,DEF,3,KOR,0.4156,0.2337,0.097126,0.097126,0.370232,0.370232,unchanged_already_consistent
meshaal_barsham__qat,Meshaal Barsham,QAT,GK,1,SUI,0.5921,0.1063,0.093608,0.06294,0.287556,0.209571,rebuilt_from_fixture_clean_sheet_prob
meshaal_barsham__qat,Meshaal Barsham,QAT,GK,2,CAN,0.5921,0.1459,0.12848,0.086387,0.425222,0.320745,rebuilt_from_fixture_clean_sheet_prob
meshaal_barsham__qat,Meshaal Barsham,QAT,GK,3,BIH,0.5921,0.1883,0.165817,0.111492,0.501397,0.371594,rebuilt_from_fixture_clean_sheet_prob
noah_sadiki__cod,Noah Sadiki,COD,MID,1,POR,0.5842,0.096,0.0,0,0.201639,0.20164,unchanged_already_consistent
noah_sadiki__cod,Noah Sadiki,COD,MID,2,COL,0.5842,0.1883,0.0,0,0.274867,0.274867,unchanged_already_consistent
noah_sadiki__cod,Noah Sadiki,COD,MID,3,UZB,0.5842,0.3373,0.0,0,0.53112,0.531121,unchanged_already_consistent
ramiz_zerrouki__alg,Ramiz Zerrouki,ALG,MID,1,ARG,0.5785,0.1573,0.0,0,0.158883,0.158883,unchanged_already_consistent
ramiz_zerrouki__alg,Ramiz Zerrouki,ALG,MID,2,JOR,0.5785,0.4226,0.0,0,0.518405,0.518405,unchanged_already_consistent
ramiz_zerrouki__alg,Ramiz Zerrouki,ALG,MID,3,AUT,0.5785,0.2766,0.0,0,0.335199,0.335199,unchanged_already_consistent
achref_abada__alg,Achref Abada,ALG,DEF,1,ARG,0.5495,0.1573,0.086436,0.086436,0.214937,0.214937,unchanged_already_consistent
achref_abada__alg,Achref Abada,ALG,DEF,2,JOR,0.5495,0.4226,0.232219,0.232219,0.587618,0.587618,unchanged_already_consistent
achref_abada__alg,Achref Abada,ALG,DEF,3,AUT,0.5495,0.2766,0.151992,0.151992,0.406446,0.406446,unchanged_already_consistent
gonzalo_agustin_sandez__par,Gonzalo Agustin Sandez,PAR,DEF,1,USA,0.5259,0.25,0.131475,0.131475,0.351329,0.351329,unchanged_already_consistent
gonzalo_agustin_sandez__par,Gonzalo Agustin Sandez,PAR,DEF,2,TUR,0.5259,0.2766,0.145464,0.145464,0.38893,0.38893,unchanged_already_consistent
gonzalo_agustin_sandez__par,Gonzalo Agustin Sandez,PAR,DEF,3,AUS,0.5259,0.375,0.197213,0.197213,0.496261,0.496261,unchanged_already_consistent
ralph_priso__can,Ralph Priso,CAN,DEF,1,BIH,0.3308,0.4226,0.151079,0.139796,0.500222,0.475397,rebuilt_from_fixture_clean_sheet_prob
ralph_priso__can,Ralph Priso,CAN,DEF,2,QAT,0.3308,0.5774,0.206421,0.191004,0.61797,0.585749,rebuilt_from_fixture_clean_sheet_prob
ralph_priso__can,Ralph Priso,CAN,DEF,3,SUI,0.3308,0.25,0.089375,0.0827,0.304975,0.291758,rebuilt_from_fixture_clean_sheet_prob
wataru_endo__jpn,Wataru Endo,JPN,MID,1,NED,0.6163,0.217,0.0,0,0.189734,0.189734,unchanged_already_consistent
wataru_endo__jpn,Wataru Endo,JPN,MID,2,TUN,0.6163,0.4415,0.0,0,0.35144,0.35144,unchanged_already_consistent
wataru_endo__jpn,Wataru Endo,JPN,MID,3,SWE,0.6163,0.3547,0.0,0,0.376594,0.376595,unchanged_already_consistent
mathieu_choiniere__can,Mathieu Choiniere,CAN,MID,1,BIH,0.0938,0.4226,0.0,0,0.507514,0.222816,unchanged_already_consistent
mathieu_choiniere__can,Mathieu Choiniere,CAN,MID,2,QAT,0.0938,0.5774,0.0,0,0.59794,0.258971,unchanged_already_consistent
mathieu_choiniere__can,Mathieu Choiniere,CAN,MID,3,SUI,0.0938,0.25,0.0,0,0.235405,0.124968,unchanged_already_consistent
carlens_arcus__hai,Carlens Arcus,HAI,DEF,1,SCO,0.9094,0.1573,0.142655,0.143049,0.451138,0.452322,rebuilt_from_fixture_clean_sheet_prob
carlens_arcus__hai,Carlens Arcus,HAI,DEF,2,BRA,0.9094,0.0461,0.041808,0.041923,0.228681,0.229342,rebuilt_from_fixture_clean_sheet_prob
carlens_arcus__hai,Carlens Arcus,HAI,DEF,3,MAR,0.9094,0.096,0.087062,0.087302,0.314825,0.315715,rebuilt_from_fixture_clean_sheet_prob
marco_friedl__aut,Marco Friedl,AUT,DEF,1,JOR,0.4784,0.4865,0.232742,0.232742,0.615594,0.615594,unchanged_already_consistent
marco_friedl__aut,Marco Friedl,AUT,DEF,2,ARG,0.4784,0.1883,0.090083,0.090083,0.238387,0.238388,unchanged_already_consistent
marco_friedl__aut,Marco Friedl,AUT,DEF,3,ALG,0.4784,0.3547,0.169688,0.169688,0.390098,0.390099,unchanged_already_consistent
dailon_livramento__cpv,Dailon Livramento,CPV,FWD,1,ESP,0.3874,0.0509,0.0,0,0.155965,0.155965,unchanged_already_consistent
dailon_livramento__cpv,Dailon Livramento,CPV,FWD,2,URU,0.3874,0.1573,0.0,0,0.253324,0.253326,unchanged_already_consistent
dailon_livramento__cpv,Dailon Livramento,CPV,FWD,3,KSA,0.3874,0.3373,0.0,0,0.411513,0.411513,unchanged_already_consistent
noor_al_rawabdeh__jor,Noor Al-Rawabdeh,JOR,MID,1,AUT,0.831,0.1192,0.0,0,0.179147,0.179147,unchanged_already_consistent
noor_al_rawabdeh__jor,Noor Al-Rawabdeh,JOR,MID,2,ALG,0.831,0.1883,0.0,0,0.305297,0.305298,unchanged_already_consistent
noor_al_rawabdeh__jor,Noor Al-Rawabdeh,JOR,MID,3,ARG,0.831,0.0871,0.0,0,0.259552,0.259552,unchanged_already_consistent
i_aki_williams__gha,Iñaki Williams,GHA,FWD,1,PAN,0.3364,0.375,0.0,0,0.482775,0.482775,unchanged_already_consistent
i_aki_williams__gha,Iñaki Williams,GHA,FWD,2,ENG,0.3364,0.1192,0.0,0,0.230162,0.230163,unchanged_already_consistent
i_aki_williams__gha,Iñaki Williams,GHA,FWD,3,CRO,0.3364,0.217,0.0,0,0.23016,0.230161,unchanged_already_consistent
richard_ledezma__mex,Richard Ledezma,MEX,DEF,1,RSA,0.3597,0.5376,0.193375,0.193375,0.559198,0.559198,unchanged_already_consistent
richard_ledezma__mex,Richard Ledezma,MEX,DEF,2,KOR,0.3597,0.4415,0.158808,0.158808,0.428435,0.428435,unchanged_already_consistent
richard_ledezma__mex,Richard Ledezma,MEX,DEF,3,CZE,0.3597,0.411,0.147837,0.147837,0.366706,0.366706,unchanged_already_consistent
wagner_pina__cpv,Wagner Pina,CPV,DEF,1,ESP,0.5877,0.0509,0.029914,0.029914,0.045936,0.045936,unchanged_already_consistent
wagner_pina__cpv,Wagner Pina,CPV,DEF,2,URU,0.5877,0.1573,0.092445,0.092445,0.245567,0.245568,unchanged_already_consistent
wagner_pina__cpv,Wagner Pina,CPV,DEF,3,KSA,0.5877,0.3373,0.198231,0.198231,0.501023,0.501023,unchanged_already_consistent
andres_andrade__pan,Andres Andrade,PAN,DEF,1,GHA,0.6362,0.25,0.105175,0.15905,0.314746,0.433271,rebuilt_from_fixture_clean_sheet_prob
andres_andrade__pan,Andres Andrade,PAN,DEF,2,CRO,0.6362,0.1717,0.072234,0.109236,0.297129,0.374464,rebuilt_from_fixture_clean_sheet_prob
andres_andrade__pan,Andres Andrade,PAN,DEF,3,ENG,0.6362,0.1063,0.04472,0.067628,0.220939,0.266297,rebuilt_from_fixture_clean_sheet_prob
ngal_ayel_mukau__cod,Ngal'ayel Mukau,COD,MID,1,POR,0.5595,0.096,0.0,0,0.181903,0.181903,unchanged_already_consistent
ngal_ayel_mukau__cod,Ngal'ayel Mukau,COD,MID,2,COL,0.5595,0.1883,0.0,0,0.250489,0.250489,unchanged_already_consistent
ngal_ayel_mukau__cod,Ngal'ayel Mukau,COD,MID,3,UZB,0.5595,0.3373,0.0,0,0.493098,0.493098,unchanged_already_consistent
dennis_hadzikadunic__bih,Dennis Hadzikadunic,BIH,DEF,1,CAN,0.3378,0.2337,0.081164,0.078944,0.251511,0.246477,rebuilt_from_fixture_clean_sheet_prob
dennis_hadzikadunic__bih,Dennis Hadzikadunic,BIH,DEF,2,SUI,0.3378,0.1883,0.065397,0.063608,0.221592,0.217814,rebuilt_from_fixture_clean_sheet_prob
dennis_hadzikadunic__bih,Dennis Hadzikadunic,BIH,DEF,3,QAT,0.3378,0.4624,0.160592,0.156199,0.494046,0.483855,rebuilt_from_fixture_clean_sheet_prob
samet_akaydin__tur,Samet Akaydin,TUR,DEF,1,AUS,0.0974,0.411,0.13489,0.040031,0.409926,0.201236,rebuilt_from_fixture_clean_sheet_prob
samet_akaydin__tur,Samet Akaydin,TUR,DEF,2,PAR,0.0974,0.375,0.123075,0.036525,0.337903,0.157014,rebuilt_from_fixture_clean_sheet_prob
samet_akaydin__tur,Samet Akaydin,TUR,DEF,3,USA,0.0974,0.2766,0.09078,0.026941,0.252961,0.12656,rebuilt_from_fixture_clean_sheet_prob
ruben_providence__hai,Ruben Providence,HAI,FWD,1,SCO,0.8572,0.1573,0.0,0,0.28896,0.383216,unchanged_already_consistent
ruben_providence__hai,Ruben Providence,HAI,FWD,2,BRA,0.8572,0.0461,0.0,0,0.246982,0.311798,unchanged_already_consistent
ruben_providence__hai,Ruben Providence,HAI,FWD,3,MAR,0.8572,0.096,0.0,0,0.247594,0.312532,unchanged_already_consistent
ryan_thomas__nzl,Ryan Thomas,NZL,MID,1,IRN,0.6186,0.25,0.0,0,0.228319,0.228319,unchanged_already_consistent
ryan_thomas__nzl,Ryan Thomas,NZL,MID,2,EGY,0.6186,0.217,0.0,0,0.307464,0.307464,unchanged_already_consistent
ryan_thomas__nzl,Ryan Thomas,NZL,MID,3,BEL,0.6186,0.1063,0.0,0,0.271102,0.271102,unchanged_already_consistent
jesper_karlstr_m__swe,Jesper Karlström,SWE,MID,1,TUN,0.51,0.411,0.0,0,0.429404,0.429404,unchanged_already_consistent
jesper_karlstr_m__swe,Jesper Karlström,SWE,MID,2,NED,0.51,0.1883,0.0,0,0.153897,0.153898,unchanged_already_consistent
jesper_karlstr_m__swe,Jesper Karlström,SWE,MID,3,JPN,0.51,0.25,0.0,0,0.189952,0.189952,unchanged_already_consistent
edmilson_junior__qat,Edmilson Junior,QAT,FWD,1,SUI,0.6178,0.1063,0.0,0,0.262499,0.265205,unchanged_already_consistent
edmilson_junior__qat,Edmilson Junior,QAT,FWD,2,CAN,0.6178,0.1459,0.0,0,0.265345,0.267407,unchanged_already_consistent
edmilson_junior__qat,Edmilson Junior,QAT,FWD,3,BIH,0.6178,0.1883,0.0,0,0.266582,0.26867,unchanged_already_consistent
alex_paulsen__nzl,Alex Paulsen,NZL,GK,1,IRN,0.5912,0.25,0.156775,0.1478,0.455929,0.431778,rebuilt_from_fixture_clean_sheet_prob
alex_paulsen__nzl,Alex Paulsen,NZL,GK,2,EGY,0.5912,0.217,0.136081,0.12829,0.433246,0.413452,rebuilt_from_fixture_clean_sheet_prob
alex_paulsen__nzl,Alex Paulsen,NZL,GK,3,BEL,0.5912,0.1063,0.066661,0.062845,0.230232,0.221497,rebuilt_from_fixture_clean_sheet_prob
dodi_lukebakio__bel,Dodi Lukebakio,BEL,FWD,1,EGY,0.2757,0.3923,0.0,0,0.293859,0.293859,unchanged_already_consistent
dodi_lukebakio__bel,Dodi Lukebakio,BEL,FWD,2,IRN,0.2757,0.5,0.0,0,0.285714,0.285714,unchanged_already_consistent
dodi_lukebakio__bel,Dodi Lukebakio,BEL,FWD,3,NZL,0.2757,0.5135,0.0,0,0.240489,0.24049,unchanged_already_consistent
jarell_quansah__eng,Jarell Quansah,ENG,DEF,1,CRO,0.4921,0.4118,0.099738,0.202647,0.379244,0.605643,rebuilt_from_fixture_clean_sheet_prob
jarell_quansah__eng,Jarell Quansah,ENG,DEF,2,GHA,0.4921,0.5,0.1211,0.24605,0.406891,0.668037,rebuilt_from_fixture_clean_sheet_prob
jarell_quansah__eng,Jarell Quansah,ENG,DEF,3,PAN,0.4921,0.5376,0.130207,0.264553,0.373256,0.639263,rebuilt_from_fixture_clean_sheet_prob
oh_hyeon_gyu__kor,Hyeon-Gyu Oh,KOR,FWD,1,CZE,0.2693,0.3119,0.0,0,0.340592,0.340592,unchanged_already_consistent
oh_hyeon_gyu__kor,Hyeon-Gyu Oh,KOR,FWD,2,MEX,0.2693,0.2337,0.0,0,0.19227,0.19227,unchanged_already_consistent
oh_hyeon_gyu__kor,Hyeon-Gyu Oh,KOR,FWD,3,RSA,0.2693,0.3923,0.0,0,0.30553,0.30553,unchanged_already_consistent
patrick_agyemang__usa,Patrick Agyemang,USA,FWD,1,PAR,0.1535,0.411,0.0,0,0.485448,0.485448,unchanged_already_consistent
patrick_agyemang__usa,Patrick Agyemang,USA,FWD,2,AUS,0.1535,0.4226,0.0,0,0.506061,0.506062,unchanged_already_consistent
patrick_agyemang__usa,Patrick Agyemang,USA,FWD,3,TUR,0.1535,0.2766,0.0,0,0.317415,0.317416,unchanged_already_consistent
miles_robinson__usa,Miles Robinson,USA,DEF,1,PAR,0.3543,0.411,0.14274,0.145617,0.488593,0.495904,rebuilt_from_fixture_clean_sheet_prob
miles_robinson__usa,Miles Robinson,USA,DEF,2,AUS,0.3543,0.4226,0.146769,0.149727,0.488443,0.495749,rebuilt_from_fixture_clean_sheet_prob
miles_robinson__usa,Miles Robinson,USA,DEF,3,TUR,0.3543,0.2766,0.096063,0.097999,0.305064,0.309346,rebuilt_from_fixture_clean_sheet_prob
jakhongir_urozov__uzb,Jakhongir Urozov,UZB,DEF,1,COL,0.5404,0.1573,0.085005,0.085005,0.205383,0.205383,unchanged_already_consistent
jakhongir_urozov__uzb,Jakhongir Urozov,UZB,DEF,2,POR,0.5404,0.096,0.051878,0.051878,0.160807,0.160807,unchanged_already_consistent
jakhongir_urozov__uzb,Jakhongir Urozov,UZB,DEF,3,COD,0.5404,0.3119,0.168551,0.168551,0.391093,0.391093,unchanged_already_consistent
ibrahim_bayesh__irq,Ibrahim Bayesh,IRQ,MID,1,NOR,0.8738,0.096,0.0,0,0.225813,0.225813,unchanged_already_consistent
ibrahim_bayesh__irq,Ibrahim Bayesh,IRQ,MID,2,FRA,0.8738,0.0643,0.0,0,0.208784,0.208785,unchanged_already_consistent
ibrahim_bayesh__irq,Ibrahim Bayesh,IRQ,MID,3,SEN,0.8738,0.1573,0.0,0,0.213421,0.213422,unchanged_already_consistent
clement_akpa__civ,Clement Akpa,CIV,DEF,1,ECU,0.4955,0.3119,0.154546,0.154546,0.394473,0.394473,unchanged_already_consistent
clement_akpa__civ,Clement Akpa,CIV,DEF,2,GER,0.4955,0.1573,0.077942,0.077942,0.184392,0.184392,unchanged_already_consistent
clement_akpa__civ,Clement Akpa,CIV,DEF,3,CUW,0.4955,0.5135,0.254439,0.254439,0.524151,0.524151,unchanged_already_consistent
jaroslav_zeleny__cze,Jaroslav Zeleny,CZE,DEF,1,KOR,0.3657,0.3119,0.114062,0.114062,0.336015,0.336015,unchanged_already_consistent
jaroslav_zeleny__cze,Jaroslav Zeleny,CZE,DEF,2,RSA,0.3657,0.411,0.150303,0.150303,0.345384,0.345384,unchanged_already_consistent
jaroslav_zeleny__cze,Jaroslav Zeleny,CZE,DEF,3,MEX,0.3657,0.217,0.079357,0.079357,0.186733,0.186733,unchanged_already_consistent
karim_boudiaf__qat,Karim Boudiaf,QAT,MID,1,SUI,0.3756,0.1063,0.0,0,0.269851,0.187574,unchanged_already_consistent
karim_boudiaf__qat,Karim Boudiaf,QAT,MID,2,CAN,0.3756,0.1459,0.0,0,0.271731,0.207484,unchanged_already_consistent
karim_boudiaf__qat,Karim Boudiaf,QAT,MID,3,BIH,0.3756,0.1883,0.0,0,0.26906,0.205486,unchanged_already_consistent
odilon_kossounou__civ,Odilon Kossounou,CIV,DEF,1,ECU,0.3665,0.3119,0.114311,0.114311,0.31678,0.31678,unchanged_already_consistent
odilon_kossounou__civ,Odilon Kossounou,CIV,DEF,2,GER,0.3665,0.1573,0.05765,0.05765,0.149129,0.149129,unchanged_already_consistent
odilon_kossounou__civ,Odilon Kossounou,CIV,DEF,3,CUW,0.3665,0.5135,0.188198,0.188198,0.399765,0.399765,unchanged_already_consistent
ahmed_basil_fadhil__irq,Ahmed Basil Fadhil,IRQ,GK,1,NOR,0.8929,0.096,0.085718,0.085718,0.298999,0.298999,unchanged_already_consistent
ahmed_basil_fadhil__irq,Ahmed Basil Fadhil,IRQ,GK,2,FRA,0.8929,0.0643,0.057413,0.057413,0.256623,0.256623,unchanged_already_consistent
ahmed_basil_fadhil__irq,Ahmed Basil Fadhil,IRQ,GK,3,SEN,0.8929,0.1573,0.140453,0.140453,0.458729,0.45873,unchanged_already_consistent
mohammad_abualnadi__jor,Mohammad Abualnadi,JOR,DEF,1,AUT,0.5929,0.1192,0.070674,0.070674,0.187381,0.187381,unchanged_already_consistent
mohammad_abualnadi__jor,Mohammad Abualnadi,JOR,DEF,2,ALG,0.5929,0.1883,0.111643,0.111643,0.356597,0.356597,unchanged_already_consistent
mohammad_abualnadi__jor,Mohammad Abualnadi,JOR,DEF,3,ARG,0.5929,0.0871,0.051642,0.051642,0.206722,0.206722,unchanged_already_consistent
jorge_carrascal__col,Jorge Carrascal,COL,MID,1,UZB,0.2581,0.5,0.0,0,0.516122,0.516122,unchanged_already_consistent
jorge_carrascal__col,Jorge Carrascal,COL,MID,2,COD,0.2581,0.5376,0.0,0,0.50958,0.509581,unchanged_already_consistent
jorge_carrascal__col,Jorge Carrascal,COL,MID,3,POR,0.2581,0.25,0.0,0,0.261371,0.261373,unchanged_already_consistent
aziz_behich__aus,Aziz Behich,AUS,DEF,1,TUR,0.6127,0.2077,0.082042,0.127258,0.240129,0.339605,rebuilt_from_fixture_clean_sheet_prob
aziz_behich__aus,Aziz Behich,AUS,DEF,2,USA,0.6127,0.2077,0.082042,0.127258,0.256226,0.350728,rebuilt_from_fixture_clean_sheet_prob
aziz_behich__aus,Aziz Behich,AUS,DEF,3,PAR,0.6127,0.2678,0.105781,0.164081,0.296112,0.411546,rebuilt_from_fixture_clean_sheet_prob
marin_pongra_i__cro,Marin Pongracic,CRO,DEF,1,ENG,0.3085,0.2077,0.064075,0.064075,0.167106,0.167106,unchanged_already_consistent
marin_pongra_i__cro,Marin Pongracic,CRO,DEF,2,PAN,0.3085,0.4865,0.150085,0.150085,0.421035,0.421035,unchanged_already_consistent
marin_pongra_i__cro,Marin Pongracic,CRO,DEF,3,GHA,0.3085,0.4415,0.136203,0.136203,0.394599,0.394599,unchanged_already_consistent
moon_hwan_kim__kor,Moon-Hwan Kim,KOR,DEF,1,CZE,0.3313,0.3119,0.103332,0.103332,0.333103,0.333103,unchanged_already_consistent
moon_hwan_kim__kor,Moon-Hwan Kim,KOR,DEF,2,MEX,0.3313,0.2337,0.077425,0.077425,0.248101,0.248101,unchanged_already_consistent
moon_hwan_kim__kor,Moon-Hwan Kim,KOR,DEF,3,RSA,0.3313,0.3923,0.129969,0.129969,0.348622,0.348622,unchanged_already_consistent
stjepan_radeljic__bih,Stjepan Radeljic,BIH,DEF,1,CAN,0.3061,0.2337,0.075508,0.071536,0.259916,0.251177,rebuilt_from_fixture_clean_sheet_prob
stjepan_radeljic__bih,Stjepan Radeljic,BIH,DEF,2,SUI,0.3061,0.1883,0.06084,0.057639,0.240988,0.234298,rebuilt_from_fixture_clean_sheet_prob
stjepan_radeljic__bih,Stjepan Radeljic,BIH,DEF,3,QAT,0.3061,0.4624,0.149401,0.141541,0.442311,0.426748,rebuilt_from_fixture_clean_sheet_prob
haris_tabakovic__bih,Haris Tabakovic,BIH,FWD,1,CAN,0.2622,0.2337,0.0,0,0.23764,0.23764,unchanged_already_consistent
haris_tabakovic__bih,Haris Tabakovic,BIH,FWD,2,SUI,0.2622,0.1883,0.0,0,0.226205,0.226205,unchanged_already_consistent
haris_tabakovic__bih,Haris Tabakovic,BIH,FWD,3,QAT,0.2622,0.4624,0.0,0,0.540047,0.540047,unchanged_already_consistent
kr_pin_diatta__sen,Krepin Diatta,SEN,FWD,1,FRA,0.8592,0.1573,0.0,0,0.062744,0.062744,unchanged_already_consistent
kr_pin_diatta__sen,Krepin Diatta,SEN,FWD,2,NOR,0.8592,0.2337,0.0,0,0.171018,0.171018,unchanged_already_consistent
kr_pin_diatta__sen,Krepin Diatta,SEN,FWD,3,IRQ,0.8592,0.5,0.0,0,0.35222,0.35222,unchanged_already_consistent
max_arfsten__usa,Max Arfsten,USA,DEF,1,PAR,0.1625,0.411,0.071391,0.066787,0.409334,0.393809,rebuilt_from_fixture_clean_sheet_prob
max_arfsten__usa,Max Arfsten,USA,DEF,2,AUS,0.1625,0.4226,0.073406,0.068672,0.41335,0.397533,rebuilt_from_fixture_clean_sheet_prob
max_arfsten__usa,Max Arfsten,USA,DEF,3,TUR,0.1625,0.2766,0.048045,0.044948,0.267411,0.258306,rebuilt_from_fixture_clean_sheet_prob
jo_hyeon_woo__kor,Hyeon-Woo Jo,KOR,GK,1,CZE,0.272,0.3119,0.084837,0.084837,0.276168,0.276168,unchanged_already_consistent
jo_hyeon_woo__kor,Hyeon-Woo Jo,KOR,GK,2,MEX,0.272,0.2337,0.063566,0.063566,0.197013,0.197013,unchanged_already_consistent
jo_hyeon_woo__kor,Hyeon-Woo Jo,KOR,GK,3,RSA,0.272,0.3923,0.106706,0.106706,0.301246,0.301246,unchanged_already_consistent
gustavo_vel_squez__par,Gustavo Velazquez,PAR,DEF,1,USA,0.0932,0.25,0.082075,0.0233,0.248464,0.116642,rebuilt_from_fixture_clean_sheet_prob
gustavo_vel_squez__par,Gustavo Velazquez,PAR,DEF,2,TUR,0.0932,0.2766,0.090808,0.025779,0.283874,0.143338,rebuilt_from_fixture_clean_sheet_prob
gustavo_vel_squez__par,Gustavo Velazquez,PAR,DEF,3,AUS,0.0932,0.375,0.123112,0.03495,0.384981,0.187286,rebuilt_from_fixture_clean_sheet_prob
nihad_mujaki__bih,Nihad Mujakic,BIH,DEF,1,CAN,0.321,0.2337,0.076677,0.075018,0.240899,0.237085,rebuilt_from_fixture_clean_sheet_prob
nihad_mujaki__bih,Nihad Mujakic,BIH,DEF,2,SUI,0.321,0.1883,0.061781,0.060444,0.213753,0.210868,rebuilt_from_fixture_clean_sheet_prob
nihad_mujaki__bih,Nihad Mujakic,BIH,DEF,3,QAT,0.321,0.4624,0.151713,0.14843,0.461986,0.454476,rebuilt_from_fixture_clean_sheet_prob
yazeed_abulaila__jor,Yazeed Abulaila,JOR,GK,1,AUT,0.7627,0.1192,0.090914,0.090914,0.267916,0.267916,unchanged_already_consistent
yazeed_abulaila__jor,Yazeed Abulaila,JOR,GK,2,ALG,0.7627,0.1883,0.143616,0.143616,0.470394,0.470394,unchanged_already_consistent
yazeed_abulaila__jor,Yazeed Abulaila,JOR,GK,3,ARG,0.7627,0.0871,0.066431,0.066431,0.243323,0.243324,unchanged_already_consistent
ao_tanaka__jpn,Ao Tanaka,JPN,MID,1,NED,0.5589,0.217,0.0,0,0.161833,0.161833,unchanged_already_consistent
ao_tanaka__jpn,Ao Tanaka,JPN,MID,2,TUN,0.5589,0.4415,0.0,0,0.307072,0.307073,unchanged_already_consistent
ao_tanaka__jpn,Ao Tanaka,JPN,MID,3,SWE,0.5589,0.3547,0.0,0,0.32806,0.328061,unchanged_already_consistent
hamdy_fathy__egy,Hamdy Fathy,EGY,MID,1,BEL,0.8588,0.1717,0.0,0,0.074129,0.07413,unchanged_already_consistent
hamdy_fathy__egy,Hamdy Fathy,EGY,MID,2,NZL,0.8588,0.4624,0.0,0,0.265746,0.265746,unchanged_already_consistent
hamdy_fathy__egy,Hamdy Fathy,EGY,MID,3,IRN,0.8588,0.411,0.0,0,0.244713,0.244714,unchanged_already_consistent
deniz_g_l__tur,Deniz Gül,TUR,FWD,1,AUS,0.5224,0.411,0.0,0,0.449908,0.765591,unchanged_already_consistent
deniz_g_l__tur,Deniz Gül,TUR,FWD,2,PAR,0.5224,0.375,0.0,0,0.409889,0.715094,unchanged_already_consistent
deniz_g_l__tur,Deniz Gül,TUR,FWD,3,USA,0.5224,0.2766,0.0,0,0.323844,0.558449,unchanged_already_consistent
teun_koopmeiners__ned,Teun Koopmeiners,NED,MID,1,JPN,0.2773,0.3373,0.0,0,0.255188,0.255188,unchanged_already_consistent
teun_koopmeiners__ned,Teun Koopmeiners,NED,MID,2,SWE,0.2773,0.4226,0.0,0,0.273337,0.273337,unchanged_already_consistent
teun_koopmeiners__ned,Teun Koopmeiners,NED,MID,3,TUN,0.2773,0.4624,0.0,0,0.234077,0.234077,unchanged_already_consistent
roger_ibanez__bra,Roger Ibanez,BRA,DEF,1,MAR,0.497,0.4624,0.121103,0.229813,0.328301,0.59956,rebuilt_from_fixture_clean_sheet_prob
roger_ibanez__bra,Roger Ibanez,BRA,DEF,2,HAI,0.497,0.6453,0.169004,0.320714,0.401251,0.745735,rebuilt_from_fixture_clean_sheet_prob
roger_ibanez__bra,Roger Ibanez,BRA,DEF,3,SCO,0.497,0.5,0.13095,0.2485,0.288353,0.542354,rebuilt_from_fixture_clean_sheet_prob
callum_mccowatt__nzl,Callum McCowatt,NZL,MID,1,IRN,0.3819,0.25,0.0,0,0.200267,0.145641,unchanged_already_consistent
callum_mccowatt__nzl,Callum McCowatt,NZL,MID,2,EGY,0.3819,0.217,0.0,0,0.274713,0.216261,unchanged_already_consistent
callum_mccowatt__nzl,Callum McCowatt,NZL,MID,3,BEL,0.3819,0.1063,0.0,0,0.241054,0.190391,unchanged_already_consistent
ayumu_seko__jpn,Ayumu Seko,JPN,DEF,1,NED,0.3039,0.217,0.065946,0.065946,0.201365,0.201365,unchanged_already_consistent
ayumu_seko__jpn,Ayumu Seko,JPN,DEF,2,TUN,0.3039,0.4415,0.134172,0.134172,0.384377,0.384377,unchanged_already_consistent
ayumu_seko__jpn,Ayumu Seko,JPN,DEF,3,SWE,0.3039,0.3547,0.107793,0.107793,0.33145,0.33145,unchanged_already_consistent
omar_rekik__tun,Omar Rekik,TUN,DEF,1,SWE,0.7422,0.25,0.129175,0.18555,0.336073,0.474568,rebuilt_from_fixture_clean_sheet_prob
omar_rekik__tun,Omar Rekik,TUN,DEF,2,JPN,0.7422,0.2337,0.120753,0.173452,0.36648,0.499572,rebuilt_from_fixture_clean_sheet_prob
omar_rekik__tun,Omar Rekik,TUN,DEF,3,NED,0.7422,0.1717,0.088717,0.127436,0.277691,0.375236,rebuilt_from_fixture_clean_sheet_prob
patrick_wimmer__aut,Patrick Wimmer,AUT,MID,1,JOR,0.5787,0.4865,0.0,0,0.386736,0.386736,unchanged_already_consistent
patrick_wimmer__aut,Patrick Wimmer,AUT,MID,2,ARG,0.5787,0.1883,0.0,0,0.131118,0.131118,unchanged_already_consistent
patrick_wimmer__aut,Patrick Wimmer,AUT,MID,3,ALG,0.5787,0.3547,0.0,0,0.193235,0.193235,unchanged_already_consistent
martin_vitik__cze,Martin Vitik,CZE,DEF,1,KOR,0.3287,0.3119,0.102522,0.102522,0.338667,0.338667,unchanged_already_consistent
martin_vitik__cze,Martin Vitik,CZE,DEF,2,RSA,0.3287,0.411,0.135096,0.135096,0.329949,0.329949,unchanged_already_consistent
martin_vitik__cze,Martin Vitik,CZE,DEF,3,MEX,0.3287,0.217,0.071328,0.071328,0.186323,0.186323,unchanged_already_consistent
jack_hendry__sco,Jack Hendry,SCO,DEF,1,HAI,0.3691,0.4865,0.176016,0.179567,0.592553,0.600365,rebuilt_from_fixture_clean_sheet_prob
jack_hendry__sco,Jack Hendry,SCO,DEF,2,MAR,0.3691,0.25,0.09045,0.092275,0.33439,0.338204,rebuilt_from_fixture_clean_sheet_prob
jack_hendry__sco,Jack Hendry,SCO,DEF,3,BRA,0.3691,0.1358,0.049132,0.050124,0.230236,0.2322,rebuilt_from_fixture_clean_sheet_prob
david_raum__ger,David Raum,GER,DEF,1,CUW,0.1476,0.6881,0.101564,0.101564,0.462437,0.462437,unchanged_already_consistent
david_raum__ger,David Raum,GER,DEF,2,CIV,0.1476,0.4226,0.062376,0.062376,0.27619,0.27619,unchanged_already_consistent
david_raum__ger,David Raum,GER,DEF,3,ECU,0.1476,0.411,0.060664,0.060664,0.229226,0.229226,unchanged_already_consistent
umar_eshmurodov__uzb,Umar Eshmurodov,UZB,DEF,1,COL,0.3846,0.1573,0.060498,0.060498,0.188216,0.188216,unchanged_already_consistent
umar_eshmurodov__uzb,Umar Eshmurodov,UZB,DEF,2,POR,0.3846,0.096,0.036922,0.036922,0.170466,0.170466,unchanged_already_consistent
umar_eshmurodov__uzb,Umar Eshmurodov,UZB,DEF,3,COD,0.3846,0.3119,0.119957,0.119957,0.357377,0.357377,unchanged_already_consistent
eloy_room__cuw,Eloy Room,CUW,GK,1,GER,0.9495,0.0335,0.031808,0.031808,0.060802,0.060802,unchanged_already_consistent
eloy_room__cuw,Eloy Room,CUW,GK,2,ECU,0.9495,0.1192,0.11318,0.11318,0.399599,0.399598,unchanged_already_consistent
eloy_room__cuw,Eloy Room,CUW,GK,3,CIV,0.9495,0.1358,0.128942,0.128942,0.445275,0.445279,unchanged_already_consistent
ram_n_sosa__par,Ramon Sosa,PAR,MID,1,USA,0.1096,0.25,0.0,0,0.176538,0.113723,unchanged_already_consistent
ram_n_sosa__par,Ramon Sosa,PAR,MID,2,TUR,0.1096,0.2766,0.0,0,0.213741,0.143859,unchanged_already_consistent
ram_n_sosa__par,Ramon Sosa,PAR,MID,3,AUS,0.1096,0.375,0.0,0,0.323131,0.195678,unchanged_already_consistent
brian_brobbey__ned,Brian Brobbey,NED,FWD,1,JPN,0.268,0.3373,0.0,0,0.385306,0.385306,unchanged_already_consistent
brian_brobbey__ned,Brian Brobbey,NED,FWD,2,SWE,0.268,0.4226,0.0,0,0.418463,0.418464,unchanged_already_consistent
brian_brobbey__ned,Brian Brobbey,NED,FWD,3,TUN,0.268,0.4624,0.0,0,0.350517,0.350517,unchanged_already_consistent
youssef_amyn__irq,Youssef Amyn,IRQ,MID,1,NOR,0.5497,0.096,0.0,0,0.268544,0.268544,unchanged_already_consistent
youssef_amyn__irq,Youssef Amyn,IRQ,MID,2,FRA,0.5497,0.0643,0.0,0,0.237947,0.237948,unchanged_already_consistent
youssef_amyn__irq,Youssef Amyn,IRQ,MID,3,SEN,0.5497,0.1573,0.0,0,0.238141,0.238142,unchanged_already_consistent
gaston_olveira__par,Gaston Olveira,PAR,GK,1,USA,0.2381,0.25,0.07695,0.059525,0.24015,0.19136,rebuilt_from_fixture_clean_sheet_prob
gaston_olveira__par,Gaston Olveira,PAR,GK,2,TUR,0.2381,0.2766,0.085137,0.065858,0.267199,0.215916,rebuilt_from_fixture_clean_sheet_prob
gaston_olveira__par,Gaston Olveira,PAR,GK,3,AUS,0.2381,0.375,0.115425,0.089288,0.346345,0.28048,rebuilt_from_fixture_clean_sheet_prob
dilshod_komilov__uzb,Dilshod Komilov,UZB,DEF,1,COL,0.5473,0.1573,0.08609,0.08609,0.245733,0.245733,unchanged_already_consistent
dilshod_komilov__uzb,Dilshod Komilov,UZB,DEF,2,POR,0.5473,0.096,0.052541,0.052541,0.217653,0.217654,unchanged_already_consistent
dilshod_komilov__uzb,Dilshod Komilov,UZB,DEF,3,COD,0.5473,0.3119,0.170703,0.170703,0.452193,0.452192,unchanged_already_consistent
armando_obispo__cuw,Armando Obispo,CUW,DEF,1,GER,0.8574,0.0335,0.028723,0.028723,0.055955,0.055955,unchanged_already_consistent
armando_obispo__cuw,Armando Obispo,CUW,DEF,2,ECU,0.8574,0.1192,0.102202,0.102202,0.320667,0.320664,unchanged_already_consistent
armando_obispo__cuw,Armando Obispo,CUW,DEF,3,CIV,0.8574,0.1358,0.116435,0.116435,0.356493,0.356495,unchanged_already_consistent
saleh_al_shamat__ksa,Saleh Al-Shamat,KSA,MID,1,URU,0.7644,0.1573,,0,0.299753,0.299753,unchanged_already_consistent
saleh_al_shamat__ksa,Saleh Al-Shamat,KSA,MID,2,ESP,0.7644,0.0741,,0,0.094773,0.094773,unchanged_already_consistent
saleh_al_shamat__ksa,Saleh Al-Shamat,KSA,MID,3,CPV,0.7644,0.3119,,0,0.117519,0.117519,unchanged_already_consistent
marcus_holmgren_pedersen__nor,Marcus Holmgren Pedersen,NOR,DEF,1,IRQ,0.3453,0.5585,0.19285,0.19285,0.564237,0.564237,unchanged_already_consistent
marcus_holmgren_pedersen__nor,Marcus Holmgren Pedersen,NOR,DEF,2,SEN,0.3453,0.3373,0.11647,0.11647,0.345228,0.345229,unchanged_already_consistent
marcus_holmgren_pedersen__nor,Marcus Holmgren Pedersen,NOR,DEF,3,FRA,0.3453,0.2077,0.071719,0.071719,0.231715,0.231715,unchanged_already_consistent
alvaro_fidalgo__mex,Alvaro Fidalgo,MEX,MID,1,RSA,0.8834,0.5376,,0,0.216839,0.216839,unchanged_already_consistent
alvaro_fidalgo__mex,Alvaro Fidalgo,MEX,MID,2,KOR,0.8834,0.4415,,0,0.161628,0.161628,unchanged_already_consistent
alvaro_fidalgo__mex,Alvaro Fidalgo,MEX,MID,3,CZE,0.8834,0.411,,0,0.127772,0.127772,unchanged_already_consistent
marcos_llorente__esp,Marcos Llorente,ESP,MID,1,CPV,0.289,0.625,,0,0.157083,0.157083,unchanged_already_consistent
marcos_llorente__esp,Marcos Llorente,ESP,MID,2,KSA,0.289,0.6627,,0,0.311229,0.311229,unchanged_already_consistent
marcos_llorente__esp,Marcos Llorente,ESP,MID,3,URU,0.289,0.4226,,0,0.221866,0.221866,unchanged_already_consistent
cho_gue_sung__kor,Gue-sung Cho,KOR,FWD,1,CZE,0.352,0.3119,0.0,0,0.403348,0.403348,unchanged_already_consistent
cho_gue_sung__kor,Gue-sung Cho,KOR,FWD,2,MEX,0.352,0.2337,0.0,0,0.236506,0.236506,unchanged_already_consistent
cho_gue_sung__kor,Gue-sung Cho,KOR,FWD,3,RSA,0.352,0.3923,0.0,0,0.358956,0.358956,unchanged_already_consistent
himad_abdelli__alg,Himad Abdelli,ALG,MID,1,ARG,0.5084,0.1573,0.0,0,0.112564,0.112564,unchanged_already_consistent
himad_abdelli__alg,Himad Abdelli,ALG,MID,2,JOR,0.5084,0.4226,0.0,0,0.409283,0.409283,unchanged_already_consistent
himad_abdelli__alg,Himad Abdelli,ALG,MID,3,AUT,0.5084,0.2766,0.0,0,0.257062,0.257063,unchanged_already_consistent
quinten_timber__ned,Quinten Timber,NED,MID,1,JPN,0.3012,0.3373,0.0,0,0.25567,0.25567,unchanged_already_consistent
quinten_timber__ned,Quinten Timber,NED,MID,2,SWE,0.3012,0.4226,0.0,0,0.29342,0.293421,unchanged_already_consistent
quinten_timber__ned,Quinten Timber,NED,MID,3,TUN,0.3012,0.4624,0.0,0,0.232034,0.232034,unchanged_already_consistent
patrick_berg__nor,Patrick Berg,NOR,MID,1,IRQ,0.3558,0.5585,0.0,0,0.454379,0.454379,unchanged_already_consistent
patrick_berg__nor,Patrick Berg,NOR,MID,2,SEN,0.3558,0.3373,0.0,0,0.344403,0.344403,unchanged_already_consistent
patrick_berg__nor,Patrick Berg,NOR,MID,3,FRA,0.3558,0.2077,0.0,0,0.202163,0.202163,unchanged_already_consistent
akam_hashem__irq,Akam Hashem,IRQ,DEF,1,NOR,0.7592,0.096,0.072883,0.072883,0.203045,0.203045,unchanged_already_consistent
akam_hashem__irq,Akam Hashem,IRQ,DEF,2,FRA,0.7592,0.0643,0.048817,0.048817,0.183308,0.183308,unchanged_already_consistent
akam_hashem__irq,Akam Hashem,IRQ,DEF,3,SEN,0.7592,0.1573,0.119422,0.119422,0.318861,0.318861,unchanged_already_consistent
danial_esmaeilifar__irn,Danial Esmaeilifar,IRN,DEF,1,NZL,0.3084,0.411,0.126752,0.126752,0.445264,0.445264,unchanged_already_consistent
danial_esmaeilifar__irn,Danial Esmaeilifar,IRN,DEF,2,BEL,0.3084,0.1459,0.044996,0.044996,0.145228,0.145228,unchanged_already_consistent
danial_esmaeilifar__irn,Danial Esmaeilifar,IRN,DEF,3,EGY,0.3084,0.2904,0.089559,0.089559,0.243683,0.243683,unchanged_already_consistent
jamiro_monteiro__cpv,Jamiro Monteiro,CPV,MID,1,ESP,0.6323,0.0509,0.0,0,0.108477,0.108477,unchanged_already_consistent
jamiro_monteiro__cpv,Jamiro Monteiro,CPV,MID,2,URU,0.6323,0.1573,0.0,0,0.202491,0.202491,unchanged_already_consistent
jamiro_monteiro__cpv,Jamiro Monteiro,CPV,MID,3,KSA,0.6323,0.3373,0.0,0,0.368293,0.368294,unchanged_already_consistent
david_raya__esp,David Raya,ESP,GK,1,CPV,0.0996,0.625,0.06225,0.06225,0.307256,0.307256,unchanged_already_consistent
david_raya__esp,David Raya,ESP,GK,2,KSA,0.0996,0.6627,0.066005,0.066005,0.447117,0.447117,unchanged_already_consistent
david_raya__esp,David Raya,ESP,GK,3,URU,0.0996,0.4226,0.042091,0.042091,0.297892,0.297892,unchanged_already_consistent
sofyan_amrabat__mar,Sofyan Amrabat,MAR,MID,1,BRA,0.3921,0.1883,0.0,0,0.133939,0.133939,unchanged_already_consistent
sofyan_amrabat__mar,Sofyan Amrabat,MAR,MID,2,SCO,0.3921,0.411,0.0,0,0.313312,0.313312,unchanged_already_consistent
sofyan_amrabat__mar,Sofyan Amrabat,MAR,MID,3,HAI,0.3921,0.5585,0.0,0,0.478661,0.478661,unchanged_already_consistent
fredrik_andr_bj_rkan__nor,Fredrik Andre Bjørkan,NOR,DEF,1,IRQ,0.2772,0.5585,0.154816,0.154816,0.459884,0.459884,unchanged_already_consistent
fredrik_andr_bj_rkan__nor,Fredrik Andre Bjørkan,NOR,DEF,2,SEN,0.2772,0.3373,0.0935,0.0935,0.271749,0.271749,unchanged_already_consistent
fredrik_andr_bj_rkan__nor,Fredrik Andre Bjørkan,NOR,DEF,3,FRA,0.2772,0.2077,0.057574,0.057574,0.161109,0.161109,unchanged_already_consistent
riley_mcgree__aus,Riley McGree,AUS,MID,1,TUR,0.5551,0.2077,0.0,0,0.237638,0.237638,unchanged_already_consistent
riley_mcgree__aus,Riley McGree,AUS,MID,2,USA,0.5551,0.2077,0.0,0,0.198766,0.198766,unchanged_already_consistent
riley_mcgree__aus,Riley McGree,AUS,MID,3,PAR,0.5551,0.2678,0.0,0,0.246386,0.246387,unchanged_already_consistent
brandon_mechele__bel,Brandon Mechele,BEL,DEF,1,EGY,0.2666,0.3923,0.098193,0.104587,0.303024,0.31709,rebuilt_from_fixture_clean_sheet_prob
brandon_mechele__bel,Brandon Mechele,BEL,DEF,2,IRN,0.2666,0.5,0.12515,0.1333,0.32852,0.345554,rebuilt_from_fixture_clean_sheet_prob
brandon_mechele__bel,Brandon Mechele,BEL,DEF,3,NZL,0.2666,0.5135,0.128529,0.136899,0.309542,0.326115,rebuilt_from_fixture_clean_sheet_prob
brandley_kuwas__cuw,Brandley Kuwas,CUW,FWD,1,GER,0.5325,0.0335,0.0,0,0.293461,0.293461,unchanged_already_consistent
brandley_kuwas__cuw,Brandley Kuwas,CUW,FWD,2,ECU,0.5325,0.1192,0.0,0,0.393058,0.393057,unchanged_already_consistent
brandley_kuwas__cuw,Brandley Kuwas,CUW,FWD,3,CIV,0.5325,0.1358,0.0,0,0.459966,0.459968,unchanged_already_consistent
mohanad_lasheen__egy,Mohanad Lasheen,EGY,MID,1,BEL,0.6911,0.1717,0.0,0,0.10993,0.180171,unchanged_already_consistent
mohanad_lasheen__egy,Mohanad Lasheen,EGY,MID,2,NZL,0.6911,0.4624,0.0,0,0.351813,0.527189,unchanged_already_consistent
mohanad_lasheen__egy,Mohanad Lasheen,EGY,MID,3,IRN,0.6911,0.411,0.0,0,0.30218,0.454659,unchanged_already_consistent
mahmoud_al_mardi__jor,Mahmoud Al-Mardi,JOR,MID,1,AUT,0.5985,0.1192,0.0,0,0.29949,0.29949,unchanged_already_consistent
mahmoud_al_mardi__jor,Mahmoud Al-Mardi,JOR,MID,2,ALG,0.5985,0.1883,0.0,0,0.429186,0.429186,unchanged_already_consistent
mahmoud_al_mardi__jor,Mahmoud Al-Mardi,JOR,MID,3,ARG,0.5985,0.0871,0.0,0,0.377797,0.377798,unchanged_already_consistent
florian_grillitsch__aut,Florian Grillitsch,AUT,MID,1,JOR,0.3274,0.4865,0.0,0,0.530677,0.530677,unchanged_already_consistent
florian_grillitsch__aut,Florian Grillitsch,AUT,MID,2,ARG,0.3274,0.1883,0.0,0,0.173099,0.173099,unchanged_already_consistent
florian_grillitsch__aut,Florian Grillitsch,AUT,MID,3,ALG,0.3274,0.3547,0.0,0,0.271222,0.271223,unchanged_already_consistent
johny_placide__hai,Johny Placide,HAI,GK,1,SCO,0.8957,0.1573,0.120979,0.140894,0.371402,0.434469,rebuilt_from_fixture_clean_sheet_prob
johny_placide__hai,Johny Placide,HAI,GK,2,BRA,0.8957,0.0461,0.035456,0.041292,0.163974,0.190433,rebuilt_from_fixture_clean_sheet_prob
johny_placide__hai,Johny Placide,HAI,GK,3,MAR,0.8957,0.096,0.073834,0.085987,0.256889,0.298376,rebuilt_from_fixture_clean_sheet_prob
warren_za_re_emery__fra,Warren Zaire-Emery,FRA,MID,1,SEN,0.2738,0.4624,0.0,0,0.293555,0.293555,unchanged_already_consistent
warren_za_re_emery__fra,Warren Zaire-Emery,FRA,MID,2,IRQ,0.2738,0.6627,0.0,0,0.285836,0.285837,unchanged_already_consistent
warren_za_re_emery__fra,Warren Zaire-Emery,FRA,MID,3,NOR,0.2738,0.375,0.0,0,0.188177,0.188177,unchanged_already_consistent
willy_semedo__cpv,Willy Semedo,CPV,FWD,1,ESP,0.3479,0.0509,0.0,0,0.115912,0.115912,unchanged_already_consistent
willy_semedo__cpv,Willy Semedo,CPV,FWD,2,URU,0.3479,0.1573,0.0,0,0.203714,0.203715,unchanged_already_consistent
willy_semedo__cpv,Willy Semedo,CPV,FWD,3,KSA,0.3479,0.3373,0.0,0,0.330542,0.330544,unchanged_already_consistent
hwang_hee_chan__kor,Hee-Chan Hwang,KOR,MID,1,CZE,0.3786,0.3119,0.0,0,0.268703,0.268703,unchanged_already_consistent
hwang_hee_chan__kor,Hee-Chan Hwang,KOR,MID,2,MEX,0.3786,0.2337,0.0,0,0.152493,0.152493,unchanged_already_consistent
hwang_hee_chan__kor,Hee-Chan Hwang,KOR,MID,3,RSA,0.3786,0.3923,0.0,0,0.227302,0.227302,unchanged_already_consistent
sidny_lopes_cabral__cpv,Sidny Lopes Cabral,CPV,DEF,1,ESP,0.5168,0.0509,0.026305,0.026305,0.039482,0.039482,unchanged_already_consistent
sidny_lopes_cabral__cpv,Sidny Lopes Cabral,CPV,DEF,2,URU,0.5168,0.1573,0.081293,0.081293,0.209541,0.209542,unchanged_already_consistent
sidny_lopes_cabral__cpv,Sidny Lopes Cabral,CPV,DEF,3,KSA,0.5168,0.3373,0.174317,0.174317,0.399157,0.399157,unchanged_already_consistent
ben_old__nzl,Ben Old,NZL,MID,1,IRN,0.3709,0.25,0.0,0,0.32282,0.222929,unchanged_already_consistent
ben_old__nzl,Ben Old,NZL,MID,2,EGY,0.3709,0.217,0.0,0,0.401785,0.298006,unchanged_already_consistent
ben_old__nzl,Ben Old,NZL,MID,3,BEL,0.3709,0.1063,0.0,0,0.356165,0.264524,unchanged_already_consistent
evren_eren_elmali__tur,Evren Eren Elmali,TUR,DEF,1,AUS,0.5587,0.411,0.139124,0.229626,0.422768,0.621872,rebuilt_from_fixture_clean_sheet_prob
evren_eren_elmali__tur,Evren Eren Elmali,TUR,DEF,2,PAR,0.5587,0.375,0.126938,0.209512,0.348747,0.521326,rebuilt_from_fixture_clean_sheet_prob
evren_eren_elmali__tur,Evren Eren Elmali,TUR,DEF,3,USA,0.5587,0.2766,0.093629,0.154536,0.261157,0.381753,rebuilt_from_fixture_clean_sheet_prob
ehsan_hajsafi__irn,Ehsan Hajsafi,IRN,DEF,1,NZL,0.3649,0.411,0.149974,0.149974,0.494558,0.494558,unchanged_already_consistent
ehsan_hajsafi__irn,Ehsan Hajsafi,IRN,DEF,2,BEL,0.3649,0.1459,0.053239,0.053239,0.199866,0.199867,unchanged_already_consistent
ehsan_hajsafi__irn,Ehsan Hajsafi,IRN,DEF,3,EGY,0.3649,0.2904,0.105967,0.105967,0.300847,0.300847,unchanged_already_consistent
elias_saad__tun,Elias Saad,TUN,MID,1,SWE,0.3347,0.25,0.0,0,0.275965,0.271061,unchanged_already_consistent
elias_saad__tun,Elias Saad,TUN,MID,2,JPN,0.3347,0.2337,0.0,0,0.342271,0.337134,unchanged_already_consistent
elias_saad__tun,Elias Saad,TUN,MID,3,NED,0.3347,0.1717,0.0,0,0.292814,0.288493,unchanged_already_consistent
abdul_fatawu_issahaku__gha,Issahaku Abdul Fatawu,GHA,FWD,1,PAN,0.5339,0.375,0.0,0,0.358629,0.358629,unchanged_already_consistent
abdul_fatawu_issahaku__gha,Issahaku Abdul Fatawu,GHA,FWD,2,ENG,0.5339,0.1192,0.0,0,0.137188,0.137188,unchanged_already_consistent
abdul_fatawu_issahaku__gha,Issahaku Abdul Fatawu,GHA,FWD,3,CRO,0.5339,0.217,0.0,0,0.140226,0.140226,unchanged_already_consistent
jason_geria__aus,Jason Geria,AUS,DEF,1,TUR,0.1245,0.2077,0.070306,0.025859,0.204381,0.099675,rebuilt_from_fixture_clean_sheet_prob
jason_geria__aus,Jason Geria,AUS,DEF,2,USA,0.1245,0.2077,0.070306,0.025859,0.207037,0.113765,rebuilt_from_fixture_clean_sheet_prob
jason_geria__aus,Jason Geria,AUS,DEF,3,PAR,0.1245,0.2678,0.09065,0.033341,0.252341,0.131739,rebuilt_from_fixture_clean_sheet_prob
ousmane_diomande__civ,Ousmane Diomande,CIV,DEF,1,ECU,0.3111,0.3119,0.097032,0.097032,0.261158,0.261158,unchanged_already_consistent
ousmane_diomande__civ,Ousmane Diomande,CIV,DEF,2,GER,0.3111,0.1573,0.048936,0.048936,0.119289,0.119289,unchanged_already_consistent
ousmane_diomande__civ,Ousmane Diomande,CIV,DEF,3,CUW,0.3111,0.5135,0.15975,0.15975,0.332422,0.332422,unchanged_already_consistent
eric_garcia__esp,Eric Garcia,ESP,DEF,1,CPV,0.1055,0.625,0.065937,0.065937,0.299616,0.299616,unchanged_already_consistent
eric_garcia__esp,Eric Garcia,ESP,DEF,2,KSA,0.1055,0.6627,0.069915,0.069915,0.452971,0.452971,unchanged_already_consistent
eric_garcia__esp,Eric Garcia,ESP,DEF,3,URU,0.1055,0.4226,0.044584,0.044584,0.306884,0.306884,unchanged_already_consistent
lucas_mendes__qat,Lucas Mendes,QAT,DEF,1,SUI,0.3989,0.1063,0.043689,0.042403,0.142688,0.139859,rebuilt_from_fixture_clean_sheet_prob
lucas_mendes__qat,Lucas Mendes,QAT,DEF,2,CAN,0.3989,0.1459,0.059965,0.0582,0.227325,0.223637,rebuilt_from_fixture_clean_sheet_prob
lucas_mendes__qat,Lucas Mendes,QAT,DEF,3,BIH,0.3989,0.1883,0.077391,0.075113,0.254213,0.249705,rebuilt_from_fixture_clean_sheet_prob
karim_hafez__egy,Karim Hafez,EGY,DEF,1,BEL,0.3013,0.1717,0.057313,0.051733,0.175387,0.163111,rebuilt_from_fixture_clean_sheet_prob
karim_hafez__egy,Karim Hafez,EGY,DEF,2,NZL,0.3013,0.4624,0.154349,0.139321,0.431454,0.400045,rebuilt_from_fixture_clean_sheet_prob
karim_hafez__egy,Karim Hafez,EGY,DEF,3,IRN,0.3013,0.411,0.137192,0.123834,0.387168,0.36072,rebuilt_from_fixture_clean_sheet_prob
deni_juric__aus,Deni Juric,AUS,FWD,1,TUR,0.8537,0.2077,,0,0.083794,0.083794,unchanged_already_consistent
deni_juric__aus,Deni Juric,AUS,FWD,2,USA,0.8537,0.2077,,0,0.1139,0.1139,unchanged_already_consistent
deni_juric__aus,Deni Juric,AUS,FWD,3,PAR,0.8537,0.2678,,0,0.115677,0.115677,unchanged_already_consistent
kosta_barbarouses__nzl,Kosta Barbarouses,NZL,FWD,1,IRN,0.3355,0.25,0.0,0,0.243243,0.240413,unchanged_already_consistent
kosta_barbarouses__nzl,Kosta Barbarouses,NZL,FWD,2,EGY,0.3355,0.217,0.0,0,0.324894,0.321885,unchanged_already_consistent
kosta_barbarouses__nzl,Kosta Barbarouses,NZL,FWD,3,BEL,0.3355,0.1063,0.0,0,0.288527,0.285864,unchanged_already_consistent
tommy_smith__nzl,Tommy Smith,NZL,DEF,1,IRN,0.4417,0.25,0.110425,0.110425,0.307318,0.307318,unchanged_already_consistent
tommy_smith__nzl,Tommy Smith,NZL,DEF,2,EGY,0.4417,0.217,0.095849,0.095849,0.336543,0.336544,unchanged_already_consistent
tommy_smith__nzl,Tommy Smith,NZL,DEF,3,BEL,0.4417,0.1063,0.046953,0.046953,0.21484,0.214841,unchanged_already_consistent
jiovany_ramos__pan,Jiovany Ramos,PAN,DEF,1,GHA,0.5157,0.25,0.126325,0.128925,0.321961,0.327681,rebuilt_from_fixture_clean_sheet_prob
jiovany_ramos__pan,Jiovany Ramos,PAN,DEF,2,CRO,0.5157,0.1717,0.08676,0.088546,0.270398,0.27413,rebuilt_from_fixture_clean_sheet_prob
jiovany_ramos__pan,Jiovany Ramos,PAN,DEF,3,ENG,0.5157,0.1063,0.053713,0.054819,0.18645,0.18864,rebuilt_from_fixture_clean_sheet_prob
utkir_yusupov__uzb,Utkir Yusupov,UZB,GK,1,COL,0.4928,0.1573,0.077517,0.077517,0.246922,0.246922,unchanged_already_consistent
utkir_yusupov__uzb,Utkir Yusupov,UZB,GK,2,POR,0.4928,0.096,0.047309,0.047309,0.195028,0.195028,unchanged_already_consistent
utkir_yusupov__uzb,Utkir Yusupov,UZB,GK,3,COD,0.4928,0.3119,0.153704,0.153704,0.461918,0.461917,unchanged_already_consistent
fares_cha_bi__alg,Fares Chaibi,ALG,MID,1,ARG,0.3472,0.1573,0.0,0,0.134766,0.134766,unchanged_already_consistent
fares_cha_bi__alg,Fares Chaibi,ALG,MID,2,JOR,0.3472,0.4226,0.0,0,0.430069,0.430069,unchanged_already_consistent
fares_cha_bi__alg,Fares Chaibi,ALG,MID,3,AUT,0.3472,0.2766,0.0,0,0.28757,0.287571,unchanged_already_consistent
ziyad_al_johani__ksa,Ziyad Al-Johani,KSA,MID,1,URU,0.5621,0.1573,0.0,0,0.240063,0.344054,unchanged_already_consistent
ziyad_al_johani__ksa,Ziyad Al-Johani,KSA,MID,2,ESP,0.5621,0.0741,0.0,0,0.219392,0.291304,unchanged_already_consistent
ziyad_al_johani__ksa,Ziyad Al-Johani,KSA,MID,3,CPV,0.5621,0.3119,0.0,0,0.373395,0.52263,unchanged_already_consistent
tarek_salman__qat,Tarek Salman,QAT,DEF,1,SUI,0.4011,0.1063,0.042637,0.042637,0.147367,0.147367,unchanged_already_consistent
tarek_salman__qat,Tarek Salman,QAT,DEF,2,CAN,0.4011,0.1459,0.05852,0.05852,0.214339,0.214339,unchanged_already_consistent
tarek_salman__qat,Tarek Salman,QAT,DEF,3,BIH,0.4011,0.1883,0.075527,0.075527,0.244523,0.244523,unchanged_already_consistent
samukele_kabini__rsa,Samukele Kabini,RSA,DEF,1,MEX,0.313,0.1717,0.053742,0.053742,0.238038,0.238038,unchanged_already_consistent
samukele_kabini__rsa,Samukele Kabini,RSA,DEF,2,CZE,0.313,0.25,0.07825,0.07825,0.355774,0.355773,unchanged_already_consistent
samukele_kabini__rsa,Samukele Kabini,RSA,DEF,3,KOR,0.313,0.2337,0.073148,0.073148,0.389362,0.389362,unchanged_already_consistent
carl_starfelt__swe,Carl Starfelt,SWE,DEF,1,TUN,0.29,0.411,0.11919,0.11919,0.371848,0.371848,unchanged_already_consistent
carl_starfelt__swe,Carl Starfelt,SWE,DEF,2,NED,0.29,0.1883,0.054607,0.054607,0.149371,0.149371,unchanged_already_consistent
carl_starfelt__swe,Carl Starfelt,SWE,DEF,3,JPN,0.29,0.25,0.0725,0.0725,0.18552,0.18552,unchanged_already_consistent
ngelo_preciado__ecu,Angelo Preciado,ECU,DEF,1,CIV,0.164,0.4226,0.069306,0.069306,0.273567,0.273567,unchanged_already_consistent
ngelo_preciado__ecu,Angelo Preciado,ECU,DEF,2,CUW,0.164,0.5585,0.091594,0.091594,0.371295,0.371297,unchanged_already_consistent
ngelo_preciado__ecu,Angelo Preciado,ECU,DEF,3,GER,0.164,0.1717,0.028159,0.028159,0.173673,0.173673,unchanged_already_consistent
nathan_patterson__sco,Nathan Patterson,SCO,DEF,1,HAI,0.095,0.4865,0.150377,0.046218,0.504623,0.275474,rebuilt_from_fixture_clean_sheet_prob
nathan_patterson__sco,Nathan Patterson,SCO,DEF,2,MAR,0.095,0.25,0.077275,0.02375,0.283042,0.171176,rebuilt_from_fixture_clean_sheet_prob
nathan_patterson__sco,Nathan Patterson,SCO,DEF,3,BRA,0.095,0.1358,0.041976,0.012901,0.194094,0.136526,rebuilt_from_fixture_clean_sheet_prob
joao_paulo__cpv,Joao Paulo,CPV,DEF,1,ESP,0.4119,0.0509,0.020966,0.020966,0.037925,0.037925,unchanged_already_consistent
joao_paulo__cpv,Joao Paulo,CPV,DEF,2,URU,0.4119,0.1573,0.064792,0.064792,0.203137,0.203138,unchanged_already_consistent
joao_paulo__cpv,Joao Paulo,CPV,DEF,3,KSA,0.4119,0.3373,0.138934,0.138934,0.361006,0.361007,unchanged_already_consistent
odildzhon_khamrobekov__uzb,Odildzhon Khamrobekov,UZB,MID,1,COL,0.9386,0.1573,,0,0.061926,0.061926,unchanged_already_consistent
odildzhon_khamrobekov__uzb,Odildzhon Khamrobekov,UZB,MID,2,POR,0.9386,0.096,,0,0.116009,0.116009,unchanged_already_consistent
odildzhon_khamrobekov__uzb,Odildzhon Khamrobekov,UZB,MID,3,COD,0.9386,0.3119,,0,0.122569,0.122569,unchanged_already_consistent
angus_gunn__sco,Angus Gunn,SCO,GK,1,HAI,0.2623,0.4865,0.08071,0.127609,0.40293,0.531766,rebuilt_from_fixture_clean_sheet_prob
angus_gunn__sco,Angus Gunn,SCO,GK,2,MAR,0.2623,0.25,0.041475,0.065575,0.233415,0.295164,rebuilt_from_fixture_clean_sheet_prob
angus_gunn__sco,Angus Gunn,SCO,GK,3,BRA,0.2623,0.1358,0.022529,0.03562,0.169091,0.199848,rebuilt_from_fixture_clean_sheet_prob
josue_casimir__hai,Josue Casimir,HAI,FWD,1,SCO,0.6633,0.1573,,0,0.063622,0.063622,unchanged_already_consistent
josue_casimir__hai,Josue Casimir,HAI,FWD,2,BRA,0.6633,0.0461,,0,0.102984,0.102985,unchanged_already_consistent
josue_casimir__hai,Josue Casimir,HAI,FWD,3,MAR,0.6633,0.096,,0,0.102886,0.102887,unchanged_already_consistent
lennart_karl__ger,Lennart Karl,GER,MID,1,CUW,0.3187,0.6881,,0,0.287803,0.287803,unchanged_already_consistent
lennart_karl__ger,Lennart Karl,GER,MID,2,CIV,0.3187,0.4226,,0,0.174411,0.174412,unchanged_already_consistent
lennart_karl__ger,Lennart Karl,GER,MID,3,ECU,0.3187,0.411,,0,0.135077,0.135077,unchanged_already_consistent
farrukh_sayfiev__uzb,Farrukh Sayfiev,UZB,DEF,1,COL,0.3624,0.1573,0.057006,0.057006,0.155645,0.155645,unchanged_already_consistent
farrukh_sayfiev__uzb,Farrukh Sayfiev,UZB,DEF,2,POR,0.3624,0.096,0.03479,0.03479,0.142418,0.142418,unchanged_already_consistent
farrukh_sayfiev__uzb,Farrukh Sayfiev,UZB,DEF,3,COD,0.3624,0.3119,0.113033,0.113033,0.298924,0.298924,unchanged_already_consistent
assim_madibo__qat,Assim Madibo,QAT,MID,1,SUI,0.3276,0.1063,0.0,0,0.203437,0.129012,unchanged_already_consistent
assim_madibo__qat,Assim Madibo,QAT,MID,2,CAN,0.3276,0.1459,0.0,0,0.196899,0.13999,unchanged_already_consistent
assim_madibo__qat,Assim Madibo,QAT,MID,3,BIH,0.3276,0.1883,0.0,0,0.195605,0.139269,unchanged_already_consistent
tae_hyeon_kim__kor,Tae-Hyeon Kim,KOR,DEF,1,CZE,0.3452,0.3119,0.107668,0.107668,0.330189,0.330189,unchanged_already_consistent
tae_hyeon_kim__kor,Tae-Hyeon Kim,KOR,DEF,2,MEX,0.3452,0.2337,0.080673,0.080673,0.244193,0.244194,unchanged_already_consistent
tae_hyeon_kim__kor,Tae-Hyeon Kim,KOR,DEF,3,RSA,0.3452,0.3923,0.135422,0.135422,0.348523,0.348524,unchanged_already_consistent
houssem_aouar__alg,Houssem Aouar,ALG,MID,1,ARG,0.7734,0.1573,,0,0.035186,0.035187,unchanged_already_consistent
houssem_aouar__alg,Houssem Aouar,ALG,MID,2,JOR,0.7734,0.4226,,0,0.123129,0.123129,unchanged_already_consistent
houssem_aouar__alg,Houssem Aouar,ALG,MID,3,AUT,0.7734,0.2766,,0,0.126451,0.126452,unchanged_already_consistent
ken_sema__swe,Ken Sema,SWE,MID,1,TUN,0.3111,0.411,0.0,0,0.468789,0.468789,unchanged_already_consistent
ken_sema__swe,Ken Sema,SWE,MID,2,NED,0.3111,0.1883,0.0,0,0.176856,0.176856,unchanged_already_consistent
ken_sema__swe,Ken Sema,SWE,MID,3,JPN,0.3111,0.25,0.0,0,0.212509,0.212509,unchanged_already_consistent
joris_kayembe__cod,Joris Kayembe,COD,DEF,1,POR,0.3135,0.096,0.030096,0.030096,0.082204,0.082204,unchanged_already_consistent
joris_kayembe__cod,Joris Kayembe,COD,DEF,2,COL,0.3135,0.1883,0.059032,0.059032,0.199522,0.199522,unchanged_already_consistent
joris_kayembe__cod,Joris Kayembe,COD,DEF,3,UZB,0.3135,0.3373,0.105744,0.105744,0.342569,0.34257,unchanged_already_consistent
ben_waine__nzl,Ben Waine,NZL,FWD,1,IRN,0.0955,0.25,0.0,0,0.240247,0.101028,unchanged_already_consistent
ben_waine__nzl,Ben Waine,NZL,FWD,2,EGY,0.0955,0.217,0.0,0,0.307835,0.162193,unchanged_already_consistent
ben_waine__nzl,Ben Waine,NZL,FWD,3,BEL,0.0955,0.1063,0.0,0,0.275324,0.144747,unchanged_already_consistent
riechedly_bazoer__cuw,Riechedly Bazoer,CUW,DEF,1,GER,0.6173,0.0335,0.02068,0.02068,0.038374,0.038374,unchanged_already_consistent
riechedly_bazoer__cuw,Riechedly Bazoer,CUW,DEF,2,ECU,0.6173,0.1192,0.073582,0.073582,0.261263,0.261261,unchanged_already_consistent
riechedly_bazoer__cuw,Riechedly Bazoer,CUW,DEF,3,CIV,0.6173,0.1358,0.083829,0.083829,0.292388,0.292391,unchanged_already_consistent
nathanael_mbuku__cod,Nathanael Mbuku,COD,MID,1,POR,0.3441,0.096,0.0,0,0.15225,0.15225,unchanged_already_consistent
nathanael_mbuku__cod,Nathanael Mbuku,COD,MID,2,COL,0.3441,0.1883,0.0,0,0.228473,0.228473,unchanged_already_consistent
nathanael_mbuku__cod,Nathanael Mbuku,COD,MID,3,UZB,0.3441,0.3373,0.0,0,0.419549,0.419549,unchanged_already_consistent
kenji_gorr__cuw,Kenji Gorre,CUW,FWD,1,GER,0.4289,0.0335,0.0,0,0.128238,0.128238,unchanged_already_consistent
kenji_gorr__cuw,Kenji Gorre,CUW,FWD,2,ECU,0.4289,0.1192,0.0,0,0.240867,0.240866,unchanged_already_consistent
kenji_gorr__cuw,Kenji Gorre,CUW,FWD,3,CIV,0.4289,0.1358,0.0,0,0.286976,0.286979,unchanged_already_consistent
mory_diaw__sen,Mory Diaw,SEN,GK,1,FRA,0.2679,0.1573,0.042141,0.042141,0.113384,0.113384,unchanged_already_consistent
mory_diaw__sen,Mory Diaw,SEN,GK,2,NOR,0.2679,0.2337,0.062608,0.062608,0.19832,0.19832,unchanged_already_consistent
mory_diaw__sen,Mory Diaw,SEN,GK,3,IRQ,0.2679,0.5,0.13395,0.13395,0.384298,0.384299,unchanged_already_consistent
jackson_porozo__ecu,Jackson Porozo,ECU,DEF,1,CIV,0.2684,0.4226,0.113426,0.113426,0.347726,0.347726,unchanged_already_consistent
jackson_porozo__ecu,Jackson Porozo,ECU,DEF,2,CUW,0.2684,0.5585,0.149901,0.149901,0.448067,0.448067,unchanged_already_consistent
jackson_porozo__ecu,Jackson Porozo,ECU,DEF,3,GER,0.2684,0.1717,0.046084,0.046084,0.196183,0.196183,unchanged_already_consistent
johan_manzambi__sui,Johan Manzambi,SUI,MID,1,QAT,0.5589,0.5585,,0,0.225437,0.225436,unchanged_already_consistent
johan_manzambi__sui,Johan Manzambi,SUI,MID,2,BIH,0.5589,0.4624,,0,0.18795,0.187952,unchanged_already_consistent
johan_manzambi__sui,Johan Manzambi,SUI,MID,3,CAN,0.5589,0.3547,,0,0.17077,0.17077,unchanged_already_consistent
ali_jasim__irq,Ali Jasim,IRQ,MID,1,NOR,0.6349,0.096,0.0,0,0.195092,0.195092,unchanged_already_consistent
ali_jasim__irq,Ali Jasim,IRQ,MID,2,FRA,0.6349,0.0643,0.0,0,0.192718,0.192719,unchanged_already_consistent
ali_jasim__irq,Ali Jasim,IRQ,MID,3,SEN,0.6349,0.1573,0.0,0,0.196061,0.196061,unchanged_already_consistent
hannes_delcroix__hai,Hannes Delcroix,HAI,DEF,1,SCO,0.6346,0.1573,0.096456,0.099823,0.255513,0.262921,rebuilt_from_fixture_clean_sheet_prob
hannes_delcroix__hai,Hannes Delcroix,HAI,DEF,2,BRA,0.6346,0.0461,0.028269,0.029255,0.135165,0.137226,rebuilt_from_fixture_clean_sheet_prob
hannes_delcroix__hai,Hannes Delcroix,HAI,DEF,3,MAR,0.6346,0.096,0.058867,0.060922,0.193006,0.197075,rebuilt_from_fixture_clean_sheet_prob
chadi_riad__mar,Chadi Riad,MAR,DEF,1,BRA,0.2947,0.1883,0.055492,0.055492,0.162416,0.162416,unchanged_already_consistent
chadi_riad__mar,Chadi Riad,MAR,DEF,2,SCO,0.2947,0.411,0.121122,0.121122,0.344458,0.344458,unchanged_already_consistent
chadi_riad__mar,Chadi Riad,MAR,DEF,3,HAI,0.2947,0.5585,0.16459,0.16459,0.442526,0.442526,unchanged_already_consistent
ivan_ba_i__bih,Ivan Basic,BIH,MID,1,CAN,0.5547,0.2337,0.0,0,0.189192,0.280107,unchanged_already_consistent
ivan_ba_i__bih,Ivan Basic,BIH,MID,2,SUI,0.5547,0.1883,0.0,0,0.185424,0.260537,unchanged_already_consistent
ivan_ba_i__bih,Ivan Basic,BIH,MID,3,QAT,0.5547,0.4624,0.0,0,0.45014,0.705202,unchanged_already_consistent
ronaldo_mart_nez__par,Ronaldo Martinez,PAR,FWD,1,USA,0.3644,0.25,0.0,0,0.272994,0.272994,unchanged_already_consistent
ronaldo_mart_nez__par,Ronaldo Martinez,PAR,FWD,2,TUR,0.3644,0.2766,0.0,0,0.312352,0.312354,unchanged_already_consistent
ronaldo_mart_nez__par,Ronaldo Martinez,PAR,FWD,3,AUS,0.3644,0.375,0.0,0,0.476157,0.476159,unchanged_already_consistent
jerome_opoku__gha,Jerome Opoku,GHA,DEF,1,PAN,0.2972,0.375,0.11145,0.11145,0.323097,0.323097,unchanged_already_consistent
jerome_opoku__gha,Jerome Opoku,GHA,DEF,2,ENG,0.2972,0.1192,0.035426,0.035426,0.122393,0.122393,unchanged_already_consistent
jerome_opoku__gha,Jerome Opoku,GHA,DEF,3,CRO,0.2972,0.217,0.064492,0.064492,0.176983,0.176983,unchanged_already_consistent
antoine_mendy__sen,Antoine Mendy,SEN,DEF,1,FRA,0.2625,0.1573,0.041291,0.041291,0.102956,0.102956,unchanged_already_consistent
antoine_mendy__sen,Antoine Mendy,SEN,DEF,2,NOR,0.2625,0.2337,0.061346,0.061346,0.199338,0.199338,unchanged_already_consistent
antoine_mendy__sen,Antoine Mendy,SEN,DEF,3,IRQ,0.2625,0.5,0.13125,0.13125,0.389931,0.389931,unchanged_already_consistent
rami_rabia__egy,Rami Rabia,EGY,DEF,1,BEL,0.1739,0.1717,0.031267,0.029859,0.122222,0.119126,rebuilt_from_fixture_clean_sheet_prob
rami_rabia__egy,Rami Rabia,EGY,DEF,2,NZL,0.1739,0.4624,0.084203,0.080411,0.291366,0.28344,rebuilt_from_fixture_clean_sheet_prob
rami_rabia__egy,Rami Rabia,EGY,DEF,3,IRN,0.1739,0.411,0.074843,0.071473,0.270406,0.263734,rebuilt_from_fixture_clean_sheet_prob
martin_exp_rience__hai,Martin Experience,HAI,DEF,1,SCO,0.7871,0.1573,0.089362,0.123811,0.271952,0.376324,rebuilt_from_fixture_clean_sheet_prob
martin_exp_rience__hai,Martin Experience,HAI,DEF,2,BRA,0.7871,0.0461,0.026189,0.036285,0.137855,0.18317,rebuilt_from_fixture_clean_sheet_prob
martin_exp_rience__hai,Martin Experience,HAI,DEF,3,MAR,0.7871,0.096,0.054538,0.075562,0.194063,0.260532,rebuilt_from_fixture_clean_sheet_prob
abduvokhid_nematov__uzb,Abduvokhid Nematov,UZB,GK,1,COL,0.482,0.1573,0.075819,0.075819,0.219746,0.219746,unchanged_already_consistent
abduvokhid_nematov__uzb,Abduvokhid Nematov,UZB,GK,2,POR,0.482,0.096,0.046272,0.046272,0.159515,0.159515,unchanged_already_consistent
abduvokhid_nematov__uzb,Abduvokhid Nematov,UZB,GK,3,COD,0.482,0.3119,0.150336,0.150336,0.419862,0.419862,unchanged_already_consistent
mohamed_amine_ben_hamida__tun,Mohamed Amine Ben Hamida,TUN,DEF,1,SWE,0.3014,0.25,0.0712,0.07535,0.199325,0.208455,rebuilt_from_fixture_clean_sheet_prob
mohamed_amine_ben_hamida__tun,Mohamed Amine Ben Hamida,TUN,DEF,2,JPN,0.3014,0.2337,0.066558,0.070437,0.238616,0.246723,rebuilt_from_fixture_clean_sheet_prob
mohamed_amine_ben_hamida__tun,Mohamed Amine Ben Hamida,TUN,DEF,3,NED,0.3014,0.1717,0.0489,0.05175,0.185573,0.191216,rebuilt_from_fixture_clean_sheet_prob
david_jurasek__cze,David Jurasek,CZE,DEF,1,KOR,0.3556,0.3119,0.110912,0.110912,0.323629,0.323629,unchanged_already_consistent
david_jurasek__cze,David Jurasek,CZE,DEF,2,RSA,0.3556,0.411,0.146152,0.146152,0.333528,0.333528,unchanged_already_consistent
david_jurasek__cze,David Jurasek,CZE,DEF,3,MEX,0.3556,0.217,0.077165,0.077165,0.17938,0.17938,unchanged_already_consistent
mukhammadkodir_khamraliev__uzb,Mukhammadkodir Khamraliev,UZB,DEF,1,COL,0.2992,0.1573,0.047064,0.047064,0.147933,0.147934,unchanged_already_consistent
mukhammadkodir_khamraliev__uzb,Mukhammadkodir Khamraliev,UZB,DEF,2,POR,0.2992,0.096,0.028723,0.028723,0.150425,0.150425,unchanged_already_consistent
mukhammadkodir_khamraliev__uzb,Mukhammadkodir Khamraliev,UZB,DEF,3,COD,0.2992,0.3119,0.09332,0.09332,0.281093,0.281093,unchanged_already_consistent
victor_munoz__esp,Victor Munoz,ESP,FWD,1,CPV,0.0424,0.625,,0,0.265339,0.265339,unchanged_already_consistent
victor_munoz__esp,Victor Munoz,ESP,FWD,2,KSA,0.0424,0.6627,,0,0.49876,0.49876,unchanged_already_consistent
victor_munoz__esp,Victor Munoz,ESP,FWD,3,URU,0.0424,0.4226,,0,0.361374,0.361374,unchanged_already_consistent
ahmed_fathi__qat,Ahmed Fathi,QAT,MID,1,SUI,0.4166,0.1063,0.0,0,0.194834,0.194834,unchanged_already_consistent
ahmed_fathi__qat,Ahmed Fathi,QAT,MID,2,CAN,0.4166,0.1459,0.0,0,0.207001,0.207001,unchanged_already_consistent
ahmed_fathi__qat,Ahmed Fathi,QAT,MID,3,BIH,0.4166,0.1883,0.0,0,0.205367,0.205367,unchanged_already_consistent
yuito_suzuki__jpn,Yuito Suzuki,JPN,FWD,1,NED,0.2926,0.217,0.0,0,0.174045,0.174045,unchanged_already_consistent
yuito_suzuki__jpn,Yuito Suzuki,JPN,FWD,2,TUN,0.2926,0.4415,0.0,0,0.292423,0.292425,unchanged_already_consistent
yuito_suzuki__jpn,Yuito Suzuki,JPN,FWD,3,SWE,0.2926,0.3547,0.0,0,0.308441,0.308441,unchanged_already_consistent
kojo_peprah_oppong__gha,Kojo Peprah Oppong,GHA,DEF,1,PAN,0.3441,0.375,0.129037,0.129037,0.411749,0.411749,unchanged_already_consistent
kojo_peprah_oppong__gha,Kojo Peprah Oppong,GHA,DEF,2,ENG,0.3441,0.1192,0.041017,0.041017,0.171518,0.171519,unchanged_already_consistent
kojo_peprah_oppong__gha,Kojo Peprah Oppong,GHA,DEF,3,CRO,0.3441,0.217,0.07467,0.07467,0.233964,0.233964,unchanged_already_consistent
alexis_duarte__par,Alexis Duarte,PAR,DEF,1,USA,0.2675,0.25,0.066875,0.066875,0.245686,0.245686,unchanged_already_consistent
alexis_duarte__par,Alexis Duarte,PAR,DEF,2,TUR,0.2675,0.2766,0.073991,0.073991,0.28453,0.28453,unchanged_already_consistent
alexis_duarte__par,Alexis Duarte,PAR,DEF,3,AUS,0.2675,0.375,0.100312,0.100312,0.376066,0.376066,unchanged_already_consistent
danilo_luiz_da_silva__bra,Danilo Luiz da Silva,BRA,DEF,1,MAR,0.3677,0.4624,0.072088,0.170024,0.304447,0.519906,rebuilt_from_fixture_clean_sheet_prob
danilo_luiz_da_silva__bra,Danilo Luiz da Silva,BRA,DEF,2,HAI,0.3677,0.6453,0.100602,0.237277,0.330003,0.615654,rebuilt_from_fixture_clean_sheet_prob
danilo_luiz_da_silva__bra,Danilo Luiz da Silva,BRA,DEF,3,SCO,0.3677,0.5,0.07795,0.18385,0.239016,0.448698,rebuilt_from_fixture_clean_sheet_prob
nizar_al_rashdan__jor,Nizar Al-Rashdan,JOR,MID,1,AUT,0.6498,0.1192,0.0,0,0.207229,0.207229,unchanged_already_consistent
nizar_al_rashdan__jor,Nizar Al-Rashdan,JOR,MID,2,ALG,0.6498,0.1883,0.0,0,0.334719,0.334719,unchanged_already_consistent
nizar_al_rashdan__jor,Nizar Al-Rashdan,JOR,MID,3,ARG,0.6498,0.0871,0.0,0,0.290292,0.290292,unchanged_already_consistent
joe_bell__nzl,Joe Bell,NZL,MID,1,IRN,0.6207,0.25,0.0,0,0.159621,0.211809,unchanged_already_consistent
joe_bell__nzl,Joe Bell,NZL,MID,2,EGY,0.6207,0.217,0.0,0,0.234337,0.28928,unchanged_already_consistent
joe_bell__nzl,Joe Bell,NZL,MID,3,BEL,0.6207,0.1063,0.0,0,0.208142,0.256547,unchanged_already_consistent
jose_hurtado__ecu,Jose Hurtado,ECU,DEF,1,CIV,0.25,0.4226,0.10565,0.10565,0.238801,0.238801,unchanged_already_consistent
jose_hurtado__ecu,Jose Hurtado,ECU,DEF,2,CUW,0.25,0.5585,0.139625,0.139625,0.313653,0.313653,unchanged_already_consistent
jose_hurtado__ecu,Jose Hurtado,ECU,DEF,3,GER,0.25,0.1717,0.042925,0.042925,0.097027,0.097027,unchanged_already_consistent
david_ospina__col,David Ospina,COL,GK,1,UZB,0.1212,0.5,0.0606,0.0606,0.335102,0.335102,unchanged_already_consistent
david_ospina__col,David Ospina,COL,GK,2,COD,0.1212,0.5376,0.065157,0.065157,0.294481,0.294481,unchanged_already_consistent
david_ospina__col,David Ospina,COL,GK,3,POR,0.1212,0.25,0.0303,0.0303,0.179489,0.179492,unchanged_already_consistent
keisuke_goto__jpn,Keisuke Goto,JPN,FWD,1,NED,0.2845,0.217,0.0,0,0.169731,0.169731,unchanged_already_consistent
keisuke_goto__jpn,Keisuke Goto,JPN,FWD,2,TUN,0.2845,0.4415,0.0,0,0.285379,0.28538,unchanged_already_consistent
keisuke_goto__jpn,Keisuke Goto,JPN,FWD,3,SWE,0.2845,0.3547,0.0,0,0.302366,0.302366,unchanged_already_consistent
morten_thorsby__nor,Morten Thorsby,NOR,MID,1,IRQ,0.3142,0.5585,0.0,0,0.330566,0.330566,unchanged_already_consistent
morten_thorsby__nor,Morten Thorsby,NOR,MID,2,SEN,0.3142,0.3373,0.0,0,0.248643,0.248643,unchanged_already_consistent
morten_thorsby__nor,Morten Thorsby,NOR,MID,3,FRA,0.3142,0.2077,0.0,0,0.139435,0.139435,unchanged_already_consistent
jesse_randall__nzl,Jesse Randall,NZL,FWD,1,IRN,0.4601,0.25,0.0,0,0.26617,0.26617,unchanged_already_consistent
jesse_randall__nzl,Jesse Randall,NZL,FWD,2,EGY,0.4601,0.217,0.0,0,0.328192,0.328192,unchanged_already_consistent
jesse_randall__nzl,Jesse Randall,NZL,FWD,3,BEL,0.4601,0.1063,0.0,0,0.291397,0.291397,unchanged_already_consistent
kaishu_sano__jpn,Kaishu Sano,JPN,MID,1,NED,0.3248,0.217,0.0,0,0.149455,0.149455,unchanged_already_consistent
kaishu_sano__jpn,Kaishu Sano,JPN,MID,2,TUN,0.3248,0.4415,0.0,0,0.261907,0.261907,unchanged_already_consistent
kaishu_sano__jpn,Kaishu Sano,JPN,MID,3,SWE,0.3248,0.3547,0.0,0,0.280785,0.280785,unchanged_already_consistent
roshon_van_eijma__cuw,Roshon van Eijma,CUW,DEF,1,GER,0.4064,0.0335,0.013614,0.013614,0.04457,0.04457,unchanged_already_consistent
roshon_van_eijma__cuw,Roshon van Eijma,CUW,DEF,2,ECU,0.4064,0.1192,0.048443,0.048443,0.222518,0.222517,unchanged_already_consistent
roshon_van_eijma__cuw,Roshon van Eijma,CUW,DEF,3,CIV,0.4064,0.1358,0.055189,0.055189,0.258371,0.258374,unchanged_already_consistent
michael_boxall__nzl,Michael Boxall,NZL,DEF,1,IRN,0.3955,0.25,0.0973,0.098875,0.257746,0.261211,rebuilt_from_fixture_clean_sheet_prob
michael_boxall__nzl,Michael Boxall,NZL,DEF,2,EGY,0.3955,0.217,0.084456,0.085823,0.279489,0.282346,rebuilt_from_fixture_clean_sheet_prob
michael_boxall__nzl,Michael Boxall,NZL,DEF,3,BEL,0.3955,0.1063,0.041372,0.042042,0.173596,0.174923,rebuilt_from_fixture_clean_sheet_prob
blas_riveros__par,Blas Riveros,PAR,DEF,1,USA,0.3023,0.25,0.075575,0.075575,0.218479,0.218479,unchanged_already_consistent
blas_riveros__par,Blas Riveros,PAR,DEF,2,TUR,0.3023,0.2766,0.083616,0.083616,0.25014,0.250141,unchanged_already_consistent
blas_riveros__par,Blas Riveros,PAR,DEF,3,AUS,0.3023,0.375,0.113363,0.113363,0.342494,0.342495,unchanged_already_consistent
steven_moreira__cpv,Steven Moreira,CPV,DEF,1,ESP,0.4171,0.0509,0.02123,0.02123,0.040616,0.040616,unchanged_already_consistent
steven_moreira__cpv,Steven Moreira,CPV,DEF,2,URU,0.4171,0.1573,0.06561,0.06561,0.220983,0.220984,unchanged_already_consistent
steven_moreira__cpv,Steven Moreira,CPV,DEF,3,KSA,0.4171,0.3373,0.140688,0.140688,0.412858,0.41286,unchanged_already_consistent
martin_boyle__aus,Martin Boyle,AUS,FWD,1,TUR,0.3953,0.2077,0.0,0,0.181717,0.181717,unchanged_already_consistent
martin_boyle__aus,Martin Boyle,AUS,FWD,2,USA,0.3953,0.2077,0.0,0,0.168786,0.168786,unchanged_already_consistent
martin_boyle__aus,Martin Boyle,AUS,FWD,3,PAR,0.3953,0.2678,0.0,0,0.199535,0.199535,unchanged_already_consistent
gustavo_puerta__col,Gustavo Puerta,COL,MID,1,UZB,0.2706,0.5,0.0,0,0.306428,0.306428,unchanged_already_consistent
gustavo_puerta__col,Gustavo Puerta,COL,MID,2,COD,0.2706,0.5376,0.0,0,0.302894,0.302894,unchanged_already_consistent
gustavo_puerta__col,Gustavo Puerta,COL,MID,3,POR,0.2706,0.25,0.0,0,0.141575,0.141576,unchanged_already_consistent
ahmed_hasan_maknzi__irq,Ahmed Hasan Maknzi,IRQ,DEF,1,NOR,0.5379,0.096,0.051638,0.051638,0.145254,0.145254,unchanged_already_consistent
ahmed_hasan_maknzi__irq,Ahmed Hasan Maknzi,IRQ,DEF,2,FRA,0.5379,0.0643,0.034587,0.034587,0.138212,0.138213,unchanged_already_consistent
ahmed_hasan_maknzi__irq,Ahmed Hasan Maknzi,IRQ,DEF,3,SEN,0.5379,0.1573,0.084612,0.084612,0.234746,0.234746,unchanged_already_consistent
firas_chaouat__tun,Firas Chaouat,TUN,FWD,1,SWE,0.2848,0.25,0.0,0,0.20857,0.204709,unchanged_already_consistent
firas_chaouat__tun,Firas Chaouat,TUN,FWD,2,JPN,0.2848,0.2337,0.0,0,0.266521,0.262512,unchanged_already_consistent
firas_chaouat__tun,Firas Chaouat,TUN,FWD,3,NED,0.2848,0.1717,0.0,0,0.229439,0.226037,unchanged_already_consistent
telmo_arcanjo__cpv,Telmo Arcanjo,CPV,MID,1,ESP,0.5432,0.0509,0.0,0,0.069085,0.069085,unchanged_already_consistent
telmo_arcanjo__cpv,Telmo Arcanjo,CPV,MID,2,URU,0.5432,0.1573,0.0,0,0.158838,0.158838,unchanged_already_consistent
telmo_arcanjo__cpv,Telmo Arcanjo,CPV,MID,3,KSA,0.5432,0.3373,0.0,0,0.283464,0.283465,unchanged_already_consistent
h_lio_varela__cpv,Helio Varela,CPV,FWD,1,ESP,0.2659,0.0509,0.0,0,0.137773,0.137773,unchanged_already_consistent
h_lio_varela__cpv,Helio Varela,CPV,FWD,2,URU,0.2659,0.1573,0.0,0,0.223395,0.223395,unchanged_already_consistent
h_lio_varela__cpv,Helio Varela,CPV,FWD,3,KSA,0.2659,0.3373,0.0,0,0.367512,0.367513,unchanged_already_consistent
joaqu_n_piquerez__uru,Joaquin Piquerez,URU,MID,1,KSA,0.528,0.4865,0.0,0,0.207777,0.207778,unchanged_already_consistent
joaqu_n_piquerez__uru,Joaquin Piquerez,URU,MID,2,CPV,0.528,0.5,0.0,0,0.204933,0.204933,unchanged_already_consistent
joaqu_n_piquerez__uru,Joaquin Piquerez,URU,MID,3,ESP,0.528,0.1717,0.0,0,0.092987,0.092987,unchanged_already_consistent
braian_ojeda__par,Braian Ojeda,PAR,MID,1,USA,0.2834,0.25,0.0,0,0.19909,0.132616,unchanged_already_consistent
braian_ojeda__par,Braian Ojeda,PAR,MID,2,TUR,0.2834,0.2766,0.0,0,0.237718,0.163028,unchanged_already_consistent
braian_ojeda__par,Braian Ojeda,PAR,MID,3,AUS,0.2834,0.375,0.0,0,0.394363,0.26064,unchanged_already_consistent
cameron_burgess__aus,Cameron Burgess,AUS,DEF,1,TUR,0.1661,0.2077,0.036493,0.034499,0.163226,0.158165,rebuilt_from_fixture_clean_sheet_prob
cameron_burgess__aus,Cameron Burgess,AUS,DEF,2,USA,0.1661,0.2077,0.036493,0.034499,0.180548,0.176106,rebuilt_from_fixture_clean_sheet_prob
cameron_burgess__aus,Cameron Burgess,AUS,DEF,3,PAR,0.1661,0.2678,0.047052,0.044482,0.205045,0.19932,rebuilt_from_fixture_clean_sheet_prob
ali_al_hamadi__irq,Ali Al-Hamadi,IRQ,FWD,1,NOR,0.5283,0.096,0.0,0,0.18265,0.18265,unchanged_already_consistent
ali_al_hamadi__irq,Ali Al-Hamadi,IRQ,FWD,2,FRA,0.5283,0.0643,0.0,0,0.156318,0.156318,unchanged_already_consistent
ali_al_hamadi__irq,Ali Al-Hamadi,IRQ,FWD,3,SEN,0.5283,0.1573,0.0,0,0.160774,0.160774,unchanged_already_consistent
maghnes_akliouche__fra,Maghnes Akliouche,FRA,FWD,1,SEN,0.292,0.4624,,0,0.191929,0.191929,unchanged_already_consistent
maghnes_akliouche__fra,Maghnes Akliouche,FRA,FWD,2,IRQ,0.292,0.6627,,0,0.178871,0.178873,unchanged_already_consistent
maghnes_akliouche__fra,Maghnes Akliouche,FRA,FWD,3,NOR,0.292,0.375,,0,0.128336,0.128336,unchanged_already_consistent
borja_iglesias__esp,Borja Iglesias,ESP,FWD,1,CPV,0.2425,0.625,,0,0.109439,0.109439,unchanged_already_consistent
borja_iglesias__esp,Borja Iglesias,ESP,FWD,2,KSA,0.2425,0.6627,,0,0.228696,0.228696,unchanged_already_consistent
borja_iglesias__esp,Borja Iglesias,ESP,FWD,3,URU,0.2425,0.4226,,0,0.160467,0.160467,unchanged_already_consistent
stopira__cpv,Stopira,CPV,DEF,1,ESP,0.3309,0.0509,0.016843,0.016843,0.026699,0.026699,unchanged_already_consistent
stopira__cpv,Stopira,CPV,DEF,2,URU,0.3309,0.1573,0.052051,0.052051,0.170565,0.170565,unchanged_already_consistent
stopira__cpv,Stopira,CPV,DEF,3,KSA,0.3309,0.3373,0.111613,0.111613,0.300158,0.300159,unchanged_already_consistent
jhon_c_rdoba__col,Jhon Cordoba,COL,FWD,1,UZB,0.1309,0.5,0.0,0,0.316332,0.316332,unchanged_already_consistent
jhon_c_rdoba__col,Jhon Cordoba,COL,FWD,2,COD,0.1309,0.5376,0.0,0,0.28916,0.28916,unchanged_already_consistent
jhon_c_rdoba__col,Jhon Cordoba,COL,FWD,3,POR,0.1309,0.25,0.0,0,0.174618,0.174618,unchanged_already_consistent
deveron_fonville__cuw,Deveron Fonville,CUW,DEF,1,GER,0.489,0.0335,0.016382,0.016382,0.02991,0.02991,unchanged_already_consistent
deveron_fonville__cuw,Deveron Fonville,CUW,DEF,2,ECU,0.489,0.1192,0.058289,0.058289,0.232883,0.232882,unchanged_already_consistent
deveron_fonville__cuw,Deveron Fonville,CUW,DEF,3,CIV,0.489,0.1358,0.066406,0.066406,0.261853,0.261858,unchanged_already_consistent
bradley_barcola__fra,Bradley Barcola,FRA,MID,1,SEN,0.3279,0.4624,,0,0.188719,0.188719,unchanged_already_consistent
bradley_barcola__fra,Bradley Barcola,FRA,MID,2,IRQ,0.3279,0.6627,,0,0.175866,0.175868,unchanged_already_consistent
bradley_barcola__fra,Bradley Barcola,FRA,MID,3,NOR,0.3279,0.375,,0,0.126035,0.126035,unchanged_already_consistent
jo_o_neves__por,João Neves,POR,MID,1,COD,0.3506,0.5,0.0,0,0.215992,0.215157,unchanged_already_consistent
jo_o_neves__por,João Neves,POR,MID,2,UZB,0.3506,0.5,0.0,0,0.173541,0.172627,unchanged_already_consistent
jo_o_neves__por,João Neves,POR,MID,3,COL,0.3506,0.3547,0.0,0,0.100557,0.100268,unchanged_already_consistent
edo_kayembe__cod,Edo Kayembe,COD,MID,1,POR,0.3446,0.096,0.0,0,0.102945,0.102945,unchanged_already_consistent
edo_kayembe__cod,Edo Kayembe,COD,MID,2,COL,0.3446,0.1883,0.0,0,0.160636,0.160636,unchanged_already_consistent
edo_kayembe__cod,Edo Kayembe,COD,MID,3,UZB,0.3446,0.3373,0.0,0,0.305774,0.305774,unchanged_already_consistent
eric_smith__swe,Eric Smith,SWE,DEF,1,TUN,0.3162,0.411,0.129958,0.129958,0.352524,0.352524,unchanged_already_consistent
eric_smith__swe,Eric Smith,SWE,DEF,2,NED,0.3162,0.1883,0.05954,0.05954,0.161138,0.161139,unchanged_already_consistent
eric_smith__swe,Eric Smith,SWE,DEF,3,JPN,0.3162,0.25,0.07905,0.07905,0.195199,0.195199,unchanged_already_consistent
o_uz_ayd_n__tur,Oguz Aydin,TUR,MID,1,AUS,0.311,0.411,0.0,0,0.345425,0.345425,unchanged_already_consistent
o_uz_ayd_n__tur,Oguz Aydin,TUR,MID,2,PAR,0.311,0.375,0.0,0,0.305322,0.305323,unchanged_already_consistent
o_uz_ayd_n__tur,Oguz Aydin,TUR,MID,3,USA,0.311,0.2766,0.0,0,0.241243,0.241243,unchanged_already_consistent
facundo_pellistri__uru,Facundo Pellistri,URU,FWD,1,KSA,0.4327,0.4865,,0,0.19491,0.19491,unchanged_already_consistent
facundo_pellistri__uru,Facundo Pellistri,URU,FWD,2,CPV,0.4327,0.5,,0,0.161192,0.161193,unchanged_already_consistent
facundo_pellistri__uru,Facundo Pellistri,URU,FWD,3,ESP,0.4327,0.1717,,0,0.12686,0.12686,unchanged_already_consistent
nicolas_raskin__bel,Nicolas Raskin,BEL,MID,1,EGY,0.412,0.3923,,0,0.192175,0.192175,unchanged_already_consistent
nicolas_raskin__bel,Nicolas Raskin,BEL,MID,2,IRN,0.412,0.5,,0,0.154827,0.154827,unchanged_already_consistent
nicolas_raskin__bel,Nicolas Raskin,BEL,MID,3,NZL,0.412,0.5135,,0,0.131868,0.131868,unchanged_already_consistent
alireza_jahanbakhsh__irn,Alireza Jahanbakhsh,IRN,FWD,1,NZL,0.1507,0.411,0.0,0,0.432837,0.432836,unchanged_already_consistent
alireza_jahanbakhsh__irn,Alireza Jahanbakhsh,IRN,FWD,2,BEL,0.1507,0.1459,0.0,0,0.18612,0.186121,unchanged_already_consistent
alireza_jahanbakhsh__irn,Alireza Jahanbakhsh,IRN,FWD,3,EGY,0.1507,0.2904,0.0,0,0.216733,0.216733,unchanged_already_consistent
anthony_ralston__sco,Anthony Ralston,SCO,DEF,1,HAI,0.1245,0.4865,0.064218,0.060569,0.377616,0.367032,rebuilt_from_fixture_clean_sheet_prob
anthony_ralston__sco,Anthony Ralston,SCO,DEF,2,MAR,0.1245,0.25,0.033,0.031125,0.218037,0.213122,rebuilt_from_fixture_clean_sheet_prob
anthony_ralston__sco,Anthony Ralston,SCO,DEF,3,BRA,0.1245,0.1358,0.017926,0.016907,0.165327,0.162702,rebuilt_from_fixture_clean_sheet_prob
xaver_schlager__aut,Xaver Schlager,AUT,MID,1,JOR,0.6421,0.4865,,0,0.219311,0.219311,unchanged_already_consistent
xaver_schlager__aut,Xaver Schlager,AUT,MID,2,ARG,0.6421,0.1883,,0,0.12369,0.123692,unchanged_already_consistent
xaver_schlager__aut,Xaver Schlager,AUT,MID,3,ALG,0.6421,0.3547,,0,0.128828,0.128829,unchanged_already_consistent
adem_arous__tun,Adem Arous,TUN,DEF,1,SWE,0.2946,0.25,0.06495,0.07365,0.224314,0.243454,rebuilt_from_fixture_clean_sheet_prob
adem_arous__tun,Adem Arous,TUN,DEF,2,JPN,0.2946,0.2337,0.060715,0.068848,0.287848,0.304846,rebuilt_from_fixture_clean_sheet_prob
adem_arous__tun,Adem Arous,TUN,DEF,3,NED,0.2946,0.1717,0.044608,0.050583,0.232978,0.244809,rebuilt_from_fixture_clean_sheet_prob
brian_gutierrez__mex,Brian Gutierrez,MEX,MID,1,RSA,0.6683,0.5376,,0,0.202129,0.202129,unchanged_already_consistent
brian_gutierrez__mex,Brian Gutierrez,MEX,MID,2,KOR,0.6683,0.4415,,0,0.1501,0.1501,unchanged_already_consistent
brian_gutierrez__mex,Brian Gutierrez,MEX,MID,3,CZE,0.6683,0.411,,0,0.118247,0.118248,unchanged_already_consistent
roderick_miller__pan,Roderick Miller,PAN,DEF,1,GHA,0.3295,0.25,0.084175,0.082375,0.245924,0.241964,rebuilt_from_fixture_clean_sheet_prob
roderick_miller__pan,Roderick Miller,PAN,DEF,2,CRO,0.3295,0.1717,0.057811,0.056575,0.234135,0.231552,rebuilt_from_fixture_clean_sheet_prob
roderick_miller__pan,Roderick Miller,PAN,DEF,3,ENG,0.3295,0.1063,0.035791,0.035026,0.173168,0.171655,rebuilt_from_fixture_clean_sheet_prob
erick_davis__pan,Eric Davis,PAN,DEF,1,GHA,0.162,0.25,0.041675,0.0405,0.168143,0.16513,rebuilt_from_fixture_clean_sheet_prob
erick_davis__pan,Eric Davis,PAN,DEF,2,CRO,0.162,0.1717,0.028622,0.027815,0.185302,0.183294,rebuilt_from_fixture_clean_sheet_prob
erick_davis__pan,Eric Davis,PAN,DEF,3,ENG,0.162,0.1063,0.01772,0.017221,0.147003,0.145768,rebuilt_from_fixture_clean_sheet_prob
elisha_owusu__gha,Elisha Owusu,GHA,MID,1,PAN,0.3014,0.375,0.0,0,0.308394,0.308394,unchanged_already_consistent
elisha_owusu__gha,Elisha Owusu,GHA,MID,2,ENG,0.3014,0.1192,0.0,0,0.136132,0.136132,unchanged_already_consistent
elisha_owusu__gha,Elisha Owusu,GHA,MID,3,CRO,0.3014,0.217,0.0,0,0.138813,0.138813,unchanged_already_consistent
baghdad_bounedjah__alg,Baghdad Bounedjah,ALG,FWD,1,ARG,0.1518,0.1573,0.0,0,0.107192,0.107192,unchanged_already_consistent
baghdad_bounedjah__alg,Baghdad Bounedjah,ALG,FWD,2,JOR,0.1518,0.4226,0.0,0,0.307362,0.307362,unchanged_already_consistent
baghdad_bounedjah__alg,Baghdad Bounedjah,ALG,FWD,3,AUT,0.1518,0.2766,0.0,0,0.232471,0.232471,unchanged_already_consistent
axel_witsel__bel,Axel Witsel,BEL,MID,1,EGY,0.3763,0.3923,,0,0.184375,0.184375,unchanged_already_consistent
axel_witsel__bel,Axel Witsel,BEL,MID,2,IRN,0.3763,0.5,,0,0.148309,0.148309,unchanged_already_consistent
axel_witsel__bel,Axel Witsel,BEL,MID,3,NZL,0.3763,0.5135,,0,0.126171,0.126171,unchanged_already_consistent
ngel_romero__par,Angel Romero,PAR,FWD,1,USA,0.2889,0.25,0.0,0,0.213676,0.213676,unchanged_already_consistent
ngel_romero__par,Angel Romero,PAR,FWD,2,TUR,0.2889,0.2766,0.0,0,0.246,0.246,unchanged_already_consistent
ngel_romero__par,Angel Romero,PAR,FWD,3,AUS,0.2889,0.375,0.0,0,0.376094,0.376094,unchanged_already_consistent
shurandy_sambo__cuw,Shurandy Sambo,CUW,DEF,1,GER,0.4342,0.0335,0.014546,0.014546,0.027977,0.027977,unchanged_already_consistent
shurandy_sambo__cuw,Shurandy Sambo,CUW,DEF,2,ECU,0.4342,0.1192,0.051757,0.051757,0.226844,0.226843,unchanged_already_consistent
shurandy_sambo__cuw,Shurandy Sambo,CUW,DEF,3,CIV,0.4342,0.1358,0.058964,0.058964,0.25554,0.255543,unchanged_already_consistent
kai_trewin__aus,Kai Trewin,AUS,DEF,1,TUR,0.5807,0.2077,0.068271,0.120611,0.194832,0.32893,rebuilt_from_fixture_clean_sheet_prob
kai_trewin__aus,Kai Trewin,AUS,DEF,2,USA,0.5807,0.2077,0.068271,0.120611,0.197204,0.319951,rebuilt_from_fixture_clean_sheet_prob
kai_trewin__aus,Kai Trewin,AUS,DEF,3,PAR,0.5807,0.2678,0.088026,0.155511,0.239841,0.39379,rebuilt_from_fixture_clean_sheet_prob
joshua_brenet__cuw,Joshua Brenet,CUW,DEF,1,GER,0.3934,0.0335,0.013179,0.013179,0.02743,0.02743,unchanged_already_consistent
joshua_brenet__cuw,Joshua Brenet,CUW,DEF,2,ECU,0.3934,0.1192,0.046893,0.046893,0.197703,0.197702,unchanged_already_consistent
joshua_brenet__cuw,Joshua Brenet,CUW,DEF,3,CIV,0.3934,0.1358,0.053424,0.053424,0.23084,0.230843,unchanged_already_consistent
relebohile_mofokeng__rsa,Relebohile Mofokeng,RSA,FWD,1,MEX,0.2691,0.1717,0.0,0,0.143875,0.143875,unchanged_already_consistent
relebohile_mofokeng__rsa,Relebohile Mofokeng,RSA,FWD,2,CZE,0.2691,0.25,0.0,0,0.199353,0.199353,unchanged_already_consistent
relebohile_mofokeng__rsa,Relebohile Mofokeng,RSA,FWD,3,KOR,0.2691,0.2337,0.0,0,0.256593,0.256593,unchanged_already_consistent
gustaf_nilsson__swe,Gustaf Nilsson,SWE,FWD,1,TUN,0.2655,0.411,0.0,0,0.425917,0.425917,unchanged_already_consistent
gustaf_nilsson__swe,Gustaf Nilsson,SWE,FWD,2,NED,0.2655,0.1883,0.0,0,0.191151,0.191151,unchanged_already_consistent
gustaf_nilsson__swe,Gustaf Nilsson,SWE,FWD,3,JPN,0.2655,0.25,0.0,0,0.216187,0.216187,unchanged_already_consistent
folarin_balogun__usa,Folarin Balogun,USA,FWD,1,PAR,0.4033,0.411,,0,0.162522,0.162523,unchanged_already_consistent
folarin_balogun__usa,Folarin Balogun,USA,FWD,2,AUS,0.4033,0.4226,,0,0.162105,0.162105,unchanged_already_consistent
folarin_balogun__usa,Folarin Balogun,USA,FWD,3,TUR,0.4033,0.2766,,0,0.121432,0.121433,unchanged_already_consistent
jahkeele_rutty__can,Jahkeele Rutty,CAN,DEF,1,BIH,0.25,0.4226,0.10565,0.10565,0.244815,0.244814,unchanged_already_consistent
jahkeele_rutty__can,Jahkeele Rutty,CAN,DEF,2,QAT,0.25,0.5774,0.14435,0.14435,0.321216,0.321216,unchanged_already_consistent
jahkeele_rutty__can,Jahkeele Rutty,CAN,DEF,3,SUI,0.25,0.25,0.0625,0.0625,0.128295,0.128295,unchanged_already_consistent
baris_alper_yilmaz__tur,Baris Alper Yilmaz,TUR,FWD,1,AUS,0.3583,0.411,,0,0.183048,0.183048,unchanged_already_consistent
baris_alper_yilmaz__tur,Baris Alper Yilmaz,TUR,FWD,2,PAR,0.3583,0.375,,0,0.135571,0.135572,unchanged_already_consistent
baris_alper_yilmaz__tur,Baris Alper Yilmaz,TUR,FWD,3,USA,0.3583,0.2766,,0,0.123845,0.123845,unchanged_already_consistent
duke_lacroix__hai,Duke Lacroix,HAI,DEF,1,SCO,0.1367,0.1573,0.057352,0.021503,0.17383,0.094963,rebuilt_from_fixture_clean_sheet_prob
duke_lacroix__hai,Duke Lacroix,HAI,DEF,2,BRA,0.1367,0.0461,0.016808,0.006302,0.116968,0.095011,rebuilt_from_fixture_clean_sheet_prob
duke_lacroix__hai,Duke Lacroix,HAI,DEF,3,MAR,0.1367,0.096,0.035002,0.013123,0.15141,0.108091,rebuilt_from_fixture_clean_sheet_prob
liam_kelly__sco,Liam Kelly,SCO,GK,1,HAI,0.2508,0.4865,0.082997,0.122014,0.316222,0.425469,rebuilt_from_fixture_clean_sheet_prob
liam_kelly__sco,Liam Kelly,SCO,GK,2,MAR,0.2508,0.25,0.04265,0.0627,0.167035,0.220368,rebuilt_from_fixture_clean_sheet_prob
liam_kelly__sco,Liam Kelly,SCO,GK,3,BRA,0.2508,0.1358,0.023167,0.034059,0.10666,0.134107,rebuilt_from_fixture_clean_sheet_prob
max_crocombe__nzl,Max Crocombe,NZL,GK,1,IRN,0.3832,0.25,0.0868,0.0958,0.253723,0.277941,rebuilt_from_fixture_clean_sheet_prob
max_crocombe__nzl,Max Crocombe,NZL,GK,2,EGY,0.3832,0.217,0.075342,0.083154,0.25659,0.276437,rebuilt_from_fixture_clean_sheet_prob
max_crocombe__nzl,Max Crocombe,NZL,GK,3,BEL,0.3832,0.1063,0.036907,0.040734,0.141828,0.150588,rebuilt_from_fixture_clean_sheet_prob
rocky_bushiri__cod,Rocky Bushiri,COD,DEF,1,POR,0.2763,0.096,0.026525,0.026525,0.088958,0.088958,unchanged_already_consistent
rocky_bushiri__cod,Rocky Bushiri,COD,DEF,2,COL,0.2763,0.1883,0.052027,0.052027,0.214001,0.214001,unchanged_already_consistent
rocky_bushiri__cod,Rocky Bushiri,COD,DEF,3,UZB,0.2763,0.3373,0.093196,0.093196,0.351123,0.351123,unchanged_already_consistent
romelu_lukaku__bel,Romelu Lukaku,BEL,FWD,1,EGY,0.4126,0.3923,,0,0.175922,0.175922,unchanged_already_consistent
romelu_lukaku__bel,Romelu Lukaku,BEL,FWD,2,IRN,0.4126,0.5,,0,0.141248,0.141248,unchanged_already_consistent
romelu_lukaku__bel,Romelu Lukaku,BEL,FWD,3,NZL,0.4126,0.5135,,0,0.119997,0.119998,unchanged_already_consistent
weston_mckennie__usa,Weston McKennie,USA,MID,1,PAR,0.6257,0.411,,0,0.159288,0.159288,unchanged_already_consistent
weston_mckennie__usa,Weston McKennie,USA,MID,2,AUS,0.6257,0.4226,,0,0.158914,0.158914,unchanged_already_consistent
weston_mckennie__usa,Weston McKennie,USA,MID,3,TUR,0.6257,0.2766,,0,0.118899,0.118899,unchanged_already_consistent
youssef_en_nesyri__mar,Youssef En-Nesyri,MAR,FWD,1,BRA,0.1118,0.1883,0.0,0,0.103117,0.103117,unchanged_already_consistent
youssef_en_nesyri__mar,Youssef En-Nesyri,MAR,FWD,2,SCO,0.1118,0.411,0.0,0,0.211773,0.211775,unchanged_already_consistent
youssef_en_nesyri__mar,Youssef En-Nesyri,MAR,FWD,3,HAI,0.1118,0.5585,0.0,0,0.301143,0.301143,unchanged_already_consistent
juan_manuel_sanabria__uru,Juan Manuel Sanabria,URU,MID,1,KSA,0.0993,0.4865,0.0,0,0.289391,0.289391,unchanged_already_consistent
juan_manuel_sanabria__uru,Juan Manuel Sanabria,URU,MID,2,CPV,0.0993,0.5,0.0,0,0.300414,0.300414,unchanged_already_consistent
juan_manuel_sanabria__uru,Juan Manuel Sanabria,URU,MID,3,ESP,0.0993,0.1717,0.0,0,0.132322,0.132323,unchanged_already_consistent
alexander_bernhardsson__swe,Alexander Bernhardsson,SWE,MID,1,TUN,0.3744,0.411,0.0,0,0.393504,0.393504,unchanged_already_consistent
alexander_bernhardsson__swe,Alexander Bernhardsson,SWE,MID,2,NED,0.3744,0.1883,0.0,0,0.162499,0.1625,unchanged_already_consistent
alexander_bernhardsson__swe,Alexander Bernhardsson,SWE,MID,3,JPN,0.3744,0.25,0.0,0,0.19004,0.19004,unchanged_already_consistent
marvin_senaya__gha,Marvin Senaya,GHA,DEF,1,PAN,0.3043,0.375,0.114113,0.114113,0.318943,0.318943,unchanged_already_consistent
marvin_senaya__gha,Marvin Senaya,GHA,DEF,2,ENG,0.3043,0.1192,0.036273,0.036273,0.11666,0.11666,unchanged_already_consistent
marvin_senaya__gha,Marvin Senaya,GHA,DEF,3,CRO,0.3043,0.217,0.066033,0.066033,0.172652,0.172652,unchanged_already_consistent
lucas_paqueta__bra,Lucas Paqueta,BRA,MID,1,MAR,0.3797,0.4624,,0,0.17795,0.17795,unchanged_already_consistent
lucas_paqueta__bra,Lucas Paqueta,BRA,MID,2,HAI,0.3797,0.6453,,0,0.147152,0.147154,unchanged_already_consistent
lucas_paqueta__bra,Lucas Paqueta,BRA,MID,3,SCO,0.3797,0.5,,0,0.105925,0.105926,unchanged_already_consistent
paik_seung_ho__kor,Seung-Ho Paik,KOR,MID,1,CZE,0.509,0.3119,0.0,0,0.279319,0.279319,unchanged_already_consistent
paik_seung_ho__kor,Seung-Ho Paik,KOR,MID,2,MEX,0.509,0.2337,0.0,0,0.139522,0.139523,unchanged_already_consistent
paik_seung_ho__kor,Seung-Ho Paik,KOR,MID,3,RSA,0.509,0.3923,0.0,0,0.239759,0.239759,unchanged_already_consistent
deroy_duarte__cpv,Deroy Duarte,CPV,MID,1,ESP,0.3704,0.0509,0.0,0,0.055164,0.055164,unchanged_already_consistent
deroy_duarte__cpv,Deroy Duarte,CPV,MID,2,URU,0.3704,0.1573,0.0,0,0.136539,0.136539,unchanged_already_consistent
deroy_duarte__cpv,Deroy Duarte,CPV,MID,3,KSA,0.3704,0.3373,0.0,0,0.237412,0.237413,unchanged_already_consistent
angelo_stiller__ger,Angelo Stiller,GER,MID,1,CUW,0.3233,0.6881,,0,0.210839,0.210839,unchanged_already_consistent
angelo_stiller__ger,Angelo Stiller,GER,MID,2,CIV,0.3233,0.4226,,0,0.123852,0.123852,unchanged_already_consistent
angelo_stiller__ger,Angelo Stiller,GER,MID,3,ECU,0.3233,0.411,,0,0.094049,0.094049,unchanged_already_consistent
ibrahim_sa_deh__jor,Ibrahim Saadeh,JOR,MID,1,AUT,0.324,0.1192,0.0,0,0.105112,0.105112,unchanged_already_consistent
ibrahim_sa_deh__jor,Ibrahim Saadeh,JOR,MID,2,ALG,0.324,0.1883,0.0,0,0.197664,0.197664,unchanged_already_consistent
ibrahim_sa_deh__jor,Ibrahim Saadeh,JOR,MID,3,ARG,0.324,0.0871,0.0,0,0.171454,0.171455,unchanged_already_consistent
cyle_christopher_larin__can,Cyle Christopher Larin,CAN,FWD,1,BIH,0.6285,0.4226,,0,0.147885,0.147883,unchanged_already_consistent
cyle_christopher_larin__can,Cyle Christopher Larin,CAN,FWD,2,QAT,0.6285,0.5774,,0,0.165101,0.165103,unchanged_already_consistent
cyle_christopher_larin__can,Cyle Christopher Larin,CAN,FWD,3,SUI,0.6285,0.25,,0,0.112158,0.112158,unchanged_already_consistent
jeremy_antonisse__cuw,Jeremy Antonisse,CUW,FWD,1,GER,0.3151,0.0335,0.0,0,0.162808,0.162808,unchanged_already_consistent
jeremy_antonisse__cuw,Jeremy Antonisse,CUW,FWD,2,ECU,0.3151,0.1192,0.0,0,0.264735,0.264734,unchanged_already_consistent
jeremy_antonisse__cuw,Jeremy Antonisse,CUW,FWD,3,CIV,0.3151,0.1358,0.0,0,0.313576,0.31358,unchanged_already_consistent
kwasi_sibo__gha,Kwasi Sibo,GHA,MID,1,PAN,0.6695,0.375,,0,0.177238,0.177238,unchanged_already_consistent
kwasi_sibo__gha,Kwasi Sibo,GHA,MID,2,ENG,0.6695,0.1192,,0,0.122791,0.122792,unchanged_already_consistent
kwasi_sibo__gha,Kwasi Sibo,GHA,MID,3,CRO,0.6695,0.217,,0,0.122512,0.122512,unchanged_already_consistent
amer_jamous__jor,Amer Jamous,JOR,MID,1,AUT,0.3349,0.1192,0.0,0,0.100783,0.100783,unchanged_already_consistent
amer_jamous__jor,Amer Jamous,JOR,MID,2,ALG,0.3349,0.1883,0.0,0,0.182749,0.182749,unchanged_already_consistent
amer_jamous__jor,Amer Jamous,JOR,MID,3,ARG,0.3349,0.0871,0.0,0,0.157056,0.157057,unchanged_already_consistent
mohammed_sulaiman__ksa,Mohammed Sulaiman,KSA,DEF,1,URU,0.3038,0.1573,0.047788,0.047788,0.15636,0.15636,unchanged_already_consistent
mohammed_sulaiman__ksa,Mohammed Sulaiman,KSA,DEF,2,ESP,0.3038,0.0741,0.022512,0.022512,0.120247,0.120247,unchanged_already_consistent
mohammed_sulaiman__ksa,Mohammed Sulaiman,KSA,DEF,3,CPV,0.3038,0.3119,0.094755,0.094755,0.304934,0.304934,unchanged_already_consistent
kobbie_mainoo__eng,Kobbie Mainoo,ENG,MID,1,CRO,0.5609,0.4118,,0,0.156404,0.156404,unchanged_already_consistent
kobbie_mainoo__eng,Kobbie Mainoo,ENG,MID,2,GHA,0.5609,0.5,,0,0.150514,0.150514,unchanged_already_consistent
kobbie_mainoo__eng,Kobbie Mainoo,ENG,MID,3,PAN,0.5609,0.5376,,0,0.112834,0.112837,unchanged_already_consistent
giovanni_reyna__usa,Giovanni Reyna,USA,MID,1,PAR,0.3506,0.411,,0,0.152664,0.152664,unchanged_already_consistent
giovanni_reyna__usa,Giovanni Reyna,USA,MID,2,AUS,0.3506,0.4226,,0,0.152381,0.152381,unchanged_already_consistent
giovanni_reyna__usa,Giovanni Reyna,USA,MID,3,TUR,0.3506,0.2766,,0,0.113711,0.113711,unchanged_already_consistent
mohamed_zeki_amdouni__sui,Mohamed Zeki Amdouni,SUI,FWD,1,QAT,0.3483,0.5585,,0,0.2202,0.220199,unchanged_already_consistent
mohamed_zeki_amdouni__sui,Mohamed Zeki Amdouni,SUI,FWD,2,BIH,0.3483,0.4624,,0,0.183473,0.183474,unchanged_already_consistent
mohamed_zeki_amdouni__sui,Mohamed Zeki Amdouni,SUI,FWD,3,CAN,0.3483,0.3547,,0,0.166666,0.166668,unchanged_already_consistent
souffian_el_karouani__mar,Souffian El Karouani,MAR,DEF,1,BRA,0.2534,0.1883,0.047715,0.047715,0.095368,0.095368,unchanged_already_consistent
souffian_el_karouani__mar,Souffian El Karouani,MAR,DEF,2,SCO,0.2534,0.411,0.104147,0.104147,0.232241,0.232241,unchanged_already_consistent
souffian_el_karouani__mar,Souffian El Karouani,MAR,DEF,3,HAI,0.2534,0.5585,0.141524,0.141524,0.307498,0.307498,unchanged_already_consistent
memphis_depay__ned,Memphis Depay,NED,FWD,1,JPN,0.6669,0.3373,,0,0.154943,0.154943,unchanged_already_consistent
memphis_depay__ned,Memphis Depay,NED,FWD,2,SWE,0.6669,0.4226,,0,0.147161,0.147161,unchanged_already_consistent
memphis_depay__ned,Memphis Depay,NED,FWD,3,TUN,0.6669,0.4624,,0,0.116044,0.116044,unchanged_already_consistent
yeremy_pino__esp,Yeremy Pino,ESP,MID,1,CPV,0.0599,0.625,,0,0.171893,0.171893,unchanged_already_consistent
yeremy_pino__esp,Yeremy Pino,ESP,MID,2,KSA,0.0599,0.6627,,0,0.336884,0.336884,unchanged_already_consistent
yeremy_pino__esp,Yeremy Pino,ESP,MID,3,URU,0.0599,0.4226,,0,0.240952,0.240952,unchanged_already_consistent
thalente_mbatha__rsa,Thalente Mbatha,RSA,MID,1,MEX,0.3021,0.1717,0.0,0,0.083763,0.083763,unchanged_already_consistent
thalente_mbatha__rsa,Thalente Mbatha,RSA,MID,2,CZE,0.3021,0.25,0.0,0,0.145415,0.145415,unchanged_already_consistent
thalente_mbatha__rsa,Thalente Mbatha,RSA,MID,3,KOR,0.3021,0.2337,0.0,0,0.187088,0.187088,unchanged_already_consistent
munir_el_kajoui__mar,Munir El Kajoui,MAR,GK,1,BRA,0.1633,0.1883,0.030749,0.030749,0.082532,0.082532,unchanged_already_consistent
munir_el_kajoui__mar,Munir El Kajoui,MAR,GK,2,SCO,0.1633,0.411,0.067116,0.067116,0.202383,0.202384,unchanged_already_consistent
munir_el_kajoui__mar,Munir El Kajoui,MAR,GK,3,HAI,0.1633,0.5585,0.091203,0.091203,0.26792,0.26792,unchanged_already_consistent
ilay_camara__sen,Ilay Camara,SEN,DEF,1,FRA,0.2646,0.1573,0.041622,0.041622,0.097942,0.097942,unchanged_already_consistent
ilay_camara__sen,Ilay Camara,SEN,DEF,2,NOR,0.2646,0.2337,0.061837,0.061837,0.18021,0.18021,unchanged_already_consistent
ilay_camara__sen,Ilay Camara,SEN,DEF,3,IRQ,0.2646,0.5,0.1323,0.1323,0.330904,0.330904,unchanged_already_consistent
timothy_weah__usa,Timothy Weah,USA,FWD,1,PAR,0.402,0.411,,0,0.150218,0.150218,unchanged_already_consistent
timothy_weah__usa,Timothy Weah,USA,FWD,2,AUS,0.402,0.4226,,0,0.14997,0.14997,unchanged_already_consistent
timothy_weah__usa,Timothy Weah,USA,FWD,3,TUR,0.402,0.2766,,0,0.111796,0.111796,unchanged_already_consistent
yuto_nagatomo__jpn,Yuto Nagatomo,JPN,DEF,1,NED,0.1759,0.217,0.03817,0.03817,0.163903,0.163903,unchanged_already_consistent
yuto_nagatomo__jpn,Yuto Nagatomo,JPN,DEF,2,TUN,0.1759,0.4415,0.07766,0.07766,0.281865,0.281866,unchanged_already_consistent
yuto_nagatomo__jpn,Yuto Nagatomo,JPN,DEF,3,SWE,0.1759,0.3547,0.062392,0.062392,0.262212,0.262213,unchanged_already_consistent
jawad_el_yamiq__mar,Jawad El Yamiq,MAR,DEF,1,BRA,0.135,0.1883,0.025421,0.025421,0.097298,0.097298,unchanged_already_consistent
jawad_el_yamiq__mar,Jawad El Yamiq,MAR,DEF,2,SCO,0.135,0.411,0.055485,0.055485,0.220537,0.220538,unchanged_already_consistent
jawad_el_yamiq__mar,Jawad El Yamiq,MAR,DEF,3,HAI,0.135,0.5585,0.075398,0.075398,0.295424,0.295424,unchanged_already_consistent
zakaria_el_ouahdi__mar,Zakaria El Ouahdi,MAR,DEF,1,BRA,0.2428,0.1883,0.045719,0.045719,0.0935,0.0935,unchanged_already_consistent
zakaria_el_ouahdi__mar,Zakaria El Ouahdi,MAR,DEF,2,SCO,0.2428,0.411,0.099791,0.099791,0.227014,0.227014,unchanged_already_consistent
zakaria_el_ouahdi__mar,Zakaria El Ouahdi,MAR,DEF,3,HAI,0.2428,0.5585,0.135604,0.135604,0.300291,0.300292,unchanged_already_consistent
samed_ba_dar__bih,Samed Bazdar,BIH,FWD,1,CAN,0.307,0.2337,0.0,0,0.162312,0.160074,unchanged_already_consistent
samed_ba_dar__bih,Samed Bazdar,BIH,FWD,2,SUI,0.307,0.1883,0.0,0,0.160822,0.158996,unchanged_already_consistent
samed_ba_dar__bih,Samed Bazdar,BIH,FWD,3,QAT,0.307,0.4624,0.0,0,0.379128,0.372907,unchanged_already_consistent
dominic_hyam__sco,Dominic Hyam,SCO,DEF,1,HAI,0.2527,0.4865,0.130041,0.122939,0.330456,0.314832,rebuilt_from_fixture_clean_sheet_prob
dominic_hyam__sco,Dominic Hyam,SCO,DEF,2,MAR,0.2527,0.25,0.066825,0.063175,0.163441,0.155812,rebuilt_from_fixture_clean_sheet_prob
dominic_hyam__sco,Dominic Hyam,SCO,DEF,3,BRA,0.2527,0.1358,0.036299,0.034317,0.092644,0.08872,rebuilt_from_fixture_clean_sheet_prob
tanner_tessmann__usa,Tanner Tessmann,USA,MID,1,PAR,0.318,0.411,,0,0.155415,0.155415,unchanged_already_consistent
tanner_tessmann__usa,Tanner Tessmann,USA,MID,2,AUS,0.318,0.4226,,0,0.155095,0.155095,unchanged_already_consistent
tanner_tessmann__usa,Tanner Tessmann,USA,MID,3,TUR,0.318,0.2766,,0,0.115866,0.115866,unchanged_already_consistent
brian_rodr_guez__uru,Brian Rodriguez,URU,FWD,1,KSA,0.0981,0.4865,0.0,0,0.231207,0.231207,unchanged_already_consistent
brian_rodr_guez__uru,Brian Rodriguez,URU,FWD,2,CPV,0.0981,0.5,0.0,0,0.23204,0.23204,unchanged_already_consistent
brian_rodr_guez__uru,Brian Rodriguez,URU,FWD,3,ESP,0.0981,0.1717,0.0,0,0.114137,0.114137,unchanged_already_consistent
ramin_rezaeian__irn,Ramin Rezaeian,IRN,DEF,1,NZL,0.1338,0.411,0.054992,0.054992,0.297997,0.297997,unchanged_already_consistent
ramin_rezaeian__irn,Ramin Rezaeian,IRN,DEF,2,BEL,0.1338,0.1459,0.019521,0.019521,0.122579,0.122579,unchanged_already_consistent
ramin_rezaeian__irn,Ramin Rezaeian,IRN,DEF,3,EGY,0.1338,0.2904,0.038856,0.038856,0.165854,0.165854,unchanged_already_consistent
edin_dzeko__bih,Edin Dzeko,BIH,FWD,1,CAN,0.4471,0.2337,,0,0.105934,0.105934,unchanged_already_consistent
edin_dzeko__bih,Edin Dzeko,BIH,FWD,2,SUI,0.4471,0.1883,,0,0.127448,0.127449,unchanged_already_consistent
edin_dzeko__bih,Edin Dzeko,BIH,FWD,3,QAT,0.4471,0.4624,,0,0.162657,0.162657,unchanged_already_consistent
adalberto_carrasquilla__pan,Adalberto Carrasquilla,PAN,MID,1,GHA,0.6309,0.25,,0,0.0921,0.0921,unchanged_already_consistent
adalberto_carrasquilla__pan,Adalberto Carrasquilla,PAN,MID,2,CRO,0.6309,0.1717,,0,0.158849,0.158849,unchanged_already_consistent
adalberto_carrasquilla__pan,Adalberto Carrasquilla,PAN,MID,3,ENG,0.6309,0.1063,,0,0.144018,0.144018,unchanged_already_consistent
lawrence_ati_zigi__gha,Lawrence Ati Zigi,GHA,GK,1,PAN,0.1554,0.375,0.058275,0.058275,0.260591,0.260591,unchanged_already_consistent
lawrence_ati_zigi__gha,Lawrence Ati Zigi,GHA,GK,2,ENG,0.1554,0.1192,0.018524,0.018524,0.111428,0.111428,unchanged_already_consistent
lawrence_ati_zigi__gha,Lawrence Ati Zigi,GHA,GK,3,CRO,0.1554,0.217,0.033722,0.033722,0.147984,0.147984,unchanged_already_consistent
youcef_atal__alg,Youcef Atal,ALG,DEF,1,ARG,0.1504,0.1573,0.023658,0.023658,0.078188,0.078188,unchanged_already_consistent
youcef_atal__alg,Youcef Atal,ALG,DEF,2,JOR,0.1504,0.4226,0.063559,0.063559,0.25594,0.25594,unchanged_already_consistent
youcef_atal__alg,Youcef Atal,ALG,DEF,3,AUT,0.1504,0.2766,0.041601,0.041601,0.198897,0.198897,unchanged_already_consistent
nikola_moro__cro,Nikola Moro,CRO,MID,1,ENG,0.2509,0.2077,0.0,0,0.06056,0.06056,unchanged_already_consistent
nikola_moro__cro,Nikola Moro,CRO,MID,2,PAN,0.2509,0.4865,0.0,0,0.207528,0.207528,unchanged_already_consistent
nikola_moro__cro,Nikola Moro,CRO,MID,3,GHA,0.2509,0.4415,0.0,0,0.224322,0.224323,unchanged_already_consistent
rebin_sulaka__irq,Rebin Sulaka,IRQ,DEF,1,NOR,0.3771,0.096,0.036202,0.036202,0.114285,0.114285,unchanged_already_consistent
rebin_sulaka__irq,Rebin Sulaka,IRQ,DEF,2,FRA,0.3771,0.0643,0.024248,0.024248,0.117679,0.11768,unchanged_already_consistent
rebin_sulaka__irq,Rebin Sulaka,IRQ,DEF,3,SEN,0.3771,0.1573,0.059318,0.059318,0.187571,0.187571,unchanged_already_consistent
prince_adu__gha,Prince Adu,GHA,FWD,1,PAN,0.8702,0.375,,0,0.173413,0.173413,unchanged_already_consistent
prince_adu__gha,Prince Adu,GHA,FWD,2,ENG,0.8702,0.1192,,0,0.119925,0.119925,unchanged_already_consistent
prince_adu__gha,Prince Adu,GHA,FWD,3,CRO,0.8702,0.217,,0,0.119692,0.119692,unchanged_already_consistent
darwin_nunez__uru,Darwin Nunez,URU,FWD,1,KSA,0.3951,0.4865,,0,0.156369,0.156369,unchanged_already_consistent
darwin_nunez__uru,Darwin Nunez,URU,FWD,2,CPV,0.3951,0.5,,0,0.128353,0.128353,unchanged_already_consistent
darwin_nunez__uru,Darwin Nunez,URU,FWD,3,ESP,0.3951,0.1717,,0,0.099815,0.099815,unchanged_already_consistent
aidan_morris__usa,Aidan Morris,USA,MID,1,PAR,0.5477,0.411,,0,0.139875,0.139875,unchanged_already_consistent
aidan_morris__usa,Aidan Morris,USA,MID,2,AUS,0.5477,0.4226,,0,0.139768,0.139768,unchanged_already_consistent
aidan_morris__usa,Aidan Morris,USA,MID,3,TUR,0.5477,0.2766,,0,0.103696,0.103696,unchanged_already_consistent
jeremie_frimpong__ned,Jeremie Frimpong,NED,DEF,1,JPN,0.0846,0.3373,0.028536,0.028536,0.16997,0.16997,unchanged_already_consistent
jeremie_frimpong__ned,Jeremie Frimpong,NED,DEF,2,SWE,0.0846,0.4226,0.035752,0.035752,0.180146,0.180147,unchanged_already_consistent
jeremie_frimpong__ned,Jeremie Frimpong,NED,DEF,3,TUN,0.0846,0.4624,0.039119,0.039119,0.159264,0.159265,unchanged_already_consistent
daizen_maeda__jpn,Daizen Maeda,JPN,FWD,1,NED,0.2701,0.217,0.0,0,0.08917,0.08917,unchanged_already_consistent
daizen_maeda__jpn,Daizen Maeda,JPN,FWD,2,TUN,0.2701,0.4415,0.0,0,0.161766,0.161767,unchanged_already_consistent
daizen_maeda__jpn,Daizen Maeda,JPN,FWD,3,SWE,0.2701,0.3547,0.0,0,0.179752,0.179752,unchanged_already_consistent
in_beom_hwang__kor,In-beom Hwang,KOR,MID,1,CZE,0.6856,0.3119,,0,0.139978,0.139978,unchanged_already_consistent
in_beom_hwang__kor,In-beom Hwang,KOR,MID,2,MEX,0.6856,0.2337,,0,0.115658,0.115659,unchanged_already_consistent
in_beom_hwang__kor,In-beom Hwang,KOR,MID,3,RSA,0.6856,0.3923,,0,0.121207,0.121207,unchanged_already_consistent
pascal_gross__ger,Pascal Gross,GER,MID,1,CUW,0.3246,0.6881,,0,0.186888,0.186888,unchanged_already_consistent
pascal_gross__ger,Pascal Gross,GER,MID,2,CIV,0.3246,0.4226,,0,0.108119,0.108119,unchanged_already_consistent
pascal_gross__ger,Pascal Gross,GER,MID,3,ECU,0.3246,0.411,,0,0.08128,0.081282,unchanged_already_consistent
roberto_gatito_fernandez__par,Roberto 'Gatito' Fernandez,PAR,GK,1,USA,0.3411,0.25,0.0396,0.085275,0.128615,0.256505,rebuilt_from_fixture_clean_sheet_prob
roberto_gatito_fernandez__par,Roberto 'Gatito' Fernandez,PAR,GK,2,TUR,0.3411,0.2766,0.043813,0.094348,0.149061,0.283484,rebuilt_from_fixture_clean_sheet_prob
roberto_gatito_fernandez__par,Roberto 'Gatito' Fernandez,PAR,GK,3,AUS,0.3411,0.375,0.0594,0.127913,0.195807,0.368459,rebuilt_from_fixture_clean_sheet_prob
junnosuke_suzuki__jpn,Junnosuke Suzuki,JPN,DEF,1,NED,0.1206,0.217,0.02617,0.02617,0.132937,0.132937,unchanged_already_consistent
junnosuke_suzuki__jpn,Junnosuke Suzuki,JPN,DEF,2,TUN,0.1206,0.4415,0.053245,0.053245,0.222404,0.222405,unchanged_already_consistent
junnosuke_suzuki__jpn,Junnosuke Suzuki,JPN,DEF,3,SWE,0.1206,0.3547,0.042777,0.042777,0.212404,0.212404,unchanged_already_consistent
alex_rufer__nzl,Alex Rufer,NZL,MID,1,IRN,0.3156,0.25,0.0,0,0.097646,0.096401,unchanged_already_consistent
alex_rufer__nzl,Alex Rufer,NZL,MID,2,EGY,0.3156,0.217,0.0,0,0.146993,0.145686,unchanged_already_consistent
alex_rufer__nzl,Alex Rufer,NZL,MID,3,BEL,0.3156,0.1063,0.0,0,0.128054,0.126925,unchanged_already_consistent
khulumani_ndamane__rsa,Khulumani Ndamane,RSA,DEF,1,MEX,0.2725,0.1717,0.046788,0.046788,0.118213,0.118213,unchanged_already_consistent
khulumani_ndamane__rsa,Khulumani Ndamane,RSA,DEF,2,CZE,0.2725,0.25,0.068125,0.068125,0.197902,0.197903,unchanged_already_consistent
khulumani_ndamane__rsa,Khulumani Ndamane,RSA,DEF,3,KOR,0.2725,0.2337,0.063683,0.063683,0.19429,0.194291,unchanged_already_consistent
kendry_p_ez__ecu,Kendry Paez,ECU,MID,1,CIV,0.1237,0.4226,0.0,0,0.151177,0.151177,unchanged_already_consistent
kendry_p_ez__ecu,Kendry Paez,ECU,MID,2,CUW,0.1237,0.5585,0.0,0,0.237948,0.237948,unchanged_already_consistent
kendry_p_ez__ecu,Kendry Paez,ECU,MID,3,GER,0.1237,0.1717,0.0,0,0.127733,0.127733,unchanged_already_consistent
brandon_thomas_asante__gha,Brandon Thomas-Asante,GHA,FWD,1,PAN,0.2254,0.375,0.0,0,0.26072,0.26072,unchanged_already_consistent
brandon_thomas_asante__gha,Brandon Thomas-Asante,GHA,FWD,2,ENG,0.2254,0.1192,0.0,0,0.108955,0.108955,unchanged_already_consistent
brandon_thomas_asante__gha,Brandon Thomas-Asante,GHA,FWD,3,CRO,0.2254,0.217,0.0,0,0.109766,0.109766,unchanged_already_consistent
juan_cucho_hernandez__col,Juan 'Cucho' Hernandez,COL,FWD,1,UZB,0.5405,0.5,,0,0.156306,0.156306,unchanged_already_consistent
juan_cucho_hernandez__col,Juan 'Cucho' Hernandez,COL,FWD,2,COD,0.5405,0.5376,,0,0.11453,0.11453,unchanged_already_consistent
juan_cucho_hernandez__col,Juan 'Cucho' Hernandez,COL,FWD,3,POR,0.5405,0.25,,0,0.097507,0.097509,unchanged_already_consistent
ibrahim_sabra__jor,Ibrahim Sabra,JOR,FWD,1,AUT,0.2619,0.1192,0.0,0,0.101108,0.101108,unchanged_already_consistent
ibrahim_sabra__jor,Ibrahim Sabra,JOR,FWD,2,ALG,0.2619,0.1883,0.0,0,0.166956,0.166956,unchanged_already_consistent
ibrahim_sabra__jor,Ibrahim Sabra,JOR,FWD,3,ARG,0.2619,0.0871,0.0,0,0.145479,0.145479,unchanged_already_consistent
martin_krug__pan,Martin Krug,PAN,DEF,1,GHA,0.273,0.25,0.06825,0.06825,0.186616,0.186616,unchanged_already_consistent
martin_krug__pan,Martin Krug,PAN,DEF,2,CRO,0.273,0.1717,0.046874,0.046874,0.176027,0.176028,unchanged_already_consistent
martin_krug__pan,Martin Krug,PAN,DEF,3,ENG,0.273,0.1063,0.02902,0.02902,0.127474,0.127474,unchanged_already_consistent
rayan__bra,Rayan,BRA,FWD,1,MAR,0.595,0.4624,,0,0.150836,0.150836,unchanged_already_consistent
rayan__bra,Rayan,BRA,FWD,2,HAI,0.595,0.6453,,0,0.124001,0.124001,unchanged_already_consistent
rayan__bra,Rayan,BRA,FWD,3,SCO,0.595,0.5,,0,0.087973,0.087974,unchanged_already_consistent
path_ciss__sen,Pathe Ciss,SEN,MID,1,FRA,0.2564,0.1573,0.0,0,0.050969,0.050969,unchanged_already_consistent
path_ciss__sen,Pathe Ciss,SEN,MID,2,NOR,0.2564,0.2337,0.0,0,0.117292,0.117292,unchanged_already_consistent
path_ciss__sen,Pathe Ciss,SEN,MID,3,IRQ,0.2564,0.5,0.0,0,0.259544,0.259544,unchanged_already_consistent
nico_gonzalez__arg,Nico Gonzalez,ARG,FWD,1,ALG,0.5303,0.5135,,0,0.159377,0.159377,unchanged_already_consistent
nico_gonzalez__arg,Nico Gonzalez,ARG,FWD,2,AUT,0.5303,0.4226,,0,0.108124,0.108125,unchanged_already_consistent
nico_gonzalez__arg,Nico Gonzalez,ARG,FWD,3,JOR,0.5303,0.5774,,0,0.094427,0.094427,unchanged_already_consistent
husam_abu_dahab__jor,Husam Abu Dahab,JOR,DEF,1,AUT,0.3324,0.1192,0.039622,0.039622,0.09954,0.09954,unchanged_already_consistent
husam_abu_dahab__jor,Husam Abu Dahab,JOR,DEF,2,ALG,0.3324,0.1883,0.062591,0.062591,0.199275,0.199277,unchanged_already_consistent
husam_abu_dahab__jor,Husam Abu Dahab,JOR,DEF,3,ARG,0.3324,0.0871,0.028952,0.028952,0.116333,0.116333,unchanged_already_consistent
samu_costa__por,Samu Costa,POR,MID,1,COD,0.7732,0.5,,0,0.161563,0.201664,unchanged_already_consistent
samu_costa__por,Samu Costa,POR,MID,2,UZB,0.7732,0.5,,0,0.116407,0.147474,unchanged_already_consistent
samu_costa__por,Samu Costa,POR,MID,3,COL,0.7732,0.3547,,0,0.079964,0.10365,unchanged_already_consistent
alexis_guendouz__alg,Alexis Guendouz,ALG,GK,1,ARG,0.1358,0.1573,0.021361,0.021361,0.072957,0.072957,unchanged_already_consistent
alexis_guendouz__alg,Alexis Guendouz,ALG,GK,2,JOR,0.1358,0.4226,0.057389,0.057389,0.231637,0.231637,unchanged_already_consistent
alexis_guendouz__alg,Alexis Guendouz,ALG,GK,3,AUT,0.1358,0.2766,0.037562,0.037562,0.176749,0.176749,unchanged_already_consistent
mateo_kovacic__cro,Mateo Kovacic,CRO,MID,1,ENG,0.653,0.2077,,0,0.070634,0.070634,unchanged_already_consistent
mateo_kovacic__cro,Mateo Kovacic,CRO,MID,2,PAN,0.653,0.4865,,0,0.129154,0.129154,unchanged_already_consistent
mateo_kovacic__cro,Mateo Kovacic,CRO,MID,3,GHA,0.653,0.4415,,0,0.155018,0.155018,unchanged_already_consistent
alexander_prass__aut,Alexander Prass,AUT,DEF,1,JOR,0.0816,0.4865,0.039698,0.039698,0.295794,0.295794,unchanged_already_consistent
alexander_prass__aut,Alexander Prass,AUT,DEF,2,ARG,0.0816,0.1883,0.015365,0.015365,0.134628,0.134629,unchanged_already_consistent
alexander_prass__aut,Alexander Prass,AUT,DEF,3,ALG,0.0816,0.3547,0.028944,0.028944,0.173296,0.173297,unchanged_already_consistent
laros_duarte__cpv,Laros Duarte,CPV,MID,1,ESP,0.294,0.0509,0.0,0,0.040109,0.040109,unchanged_already_consistent
laros_duarte__cpv,Laros Duarte,CPV,MID,2,URU,0.294,0.1573,0.0,0,0.114707,0.114708,unchanged_already_consistent
laros_duarte__cpv,Laros Duarte,CPV,MID,3,KSA,0.294,0.3373,0.0,0,0.196968,0.19697,unchanged_already_consistent
jearl_margaritha__cuw,Jearl Margaritha,CUW,FWD,1,GER,0.1755,0.0335,0.0,0,0.041146,0.041146,unchanged_already_consistent
jearl_margaritha__cuw,Jearl Margaritha,CUW,FWD,2,ECU,0.1755,0.1192,0.0,0,0.14169,0.141688,unchanged_already_consistent
jearl_margaritha__cuw,Jearl Margaritha,CUW,FWD,3,CIV,0.1755,0.1358,0.0,0,0.168791,0.168795,unchanged_already_consistent
sebastian_tounekti__tun,Sebastian Tounekti,TUN,MID,1,SWE,0.0568,0.25,0.0,0,0.186131,0.055477,unchanged_already_consistent
sebastian_tounekti__tun,Sebastian Tounekti,TUN,MID,2,JPN,0.0568,0.2337,0.0,0,0.236356,0.100182,unchanged_already_consistent
sebastian_tounekti__tun,Sebastian Tounekti,TUN,MID,3,NED,0.0568,0.1717,0.0,0,0.200688,0.086641,unchanged_already_consistent
mehdi_ghayedi__irn,Mehdi Ghayedi,IRN,MID,1,NZL,0.3305,0.411,,0,0.166052,0.166052,unchanged_already_consistent
mehdi_ghayedi__irn,Mehdi Ghayedi,IRN,MID,2,BEL,0.3305,0.1459,,0,0.089506,0.089506,unchanged_already_consistent
mehdi_ghayedi__irn,Mehdi Ghayedi,IRN,MID,3,EGY,0.3305,0.2904,,0,0.091943,0.091943,unchanged_already_consistent
manaf_younis__irq,Manaf Younis,IRQ,DEF,1,NOR,0.352,0.096,0.033792,0.033792,0.09694,0.09694,unchanged_already_consistent
manaf_younis__irq,Manaf Younis,IRQ,DEF,2,FRA,0.352,0.0643,0.022634,0.022634,0.100657,0.100657,unchanged_already_consistent
manaf_younis__irq,Manaf Younis,IRQ,DEF,3,SEN,0.352,0.1573,0.05537,0.05537,0.164408,0.164408,unchanged_already_consistent
tomas_holes__cze,Tomas Holes,CZE,DEF,1,KOR,0.187,0.3119,0.058325,0.058325,0.230973,0.230973,unchanged_already_consistent
tomas_holes__cze,Tomas Holes,CZE,DEF,2,RSA,0.187,0.411,0.076857,0.076857,0.202131,0.202131,unchanged_already_consistent
tomas_holes__cze,Tomas Holes,CZE,DEF,3,MEX,0.187,0.217,0.040579,0.040579,0.119662,0.119662,unchanged_already_consistent
jose_luis_rodriguez_francis__pan,Jose Luis Rodriguez Francis,PAN,MID,1,GHA,0.6182,0.25,,0,0.079085,0.079085,unchanged_already_consistent
jose_luis_rodriguez_francis__pan,Jose Luis Rodriguez Francis,PAN,MID,2,CRO,0.6182,0.1717,,0,0.139951,0.139951,unchanged_already_consistent
jose_luis_rodriguez_francis__pan,Jose Luis Rodriguez Francis,PAN,MID,3,ENG,0.6182,0.1063,,0,0.126706,0.126706,unchanged_already_consistent
musab_al_juwayr__ksa,Musab Al-Juwayr,KSA,MID,1,URU,0.4036,0.1573,,0,0.080928,0.080928,unchanged_already_consistent
musab_al_juwayr__ksa,Musab Al-Juwayr,KSA,MID,2,ESP,0.4036,0.0741,,0,0.119118,0.119118,unchanged_already_consistent
musab_al_juwayr__ksa,Musab Al-Juwayr,KSA,MID,3,CPV,0.4036,0.3119,,0,0.145329,0.145329,unchanged_already_consistent
jean_philippe_mateta__fra,Jean-Philippe Mateta,FRA,FWD,1,SEN,0.3032,0.4624,,0,0.133942,0.133942,unchanged_already_consistent
jean_philippe_mateta__fra,Jean-Philippe Mateta,FRA,FWD,2,IRQ,0.3032,0.6627,,0,0.124612,0.124612,unchanged_already_consistent
jean_philippe_mateta__fra,Jean-Philippe Mateta,FRA,FWD,3,NOR,0.3032,0.375,,0,0.086789,0.086789,unchanged_already_consistent
ermedin_demirovic__bih,Ermedin Demirovic,BIH,FWD,1,CAN,0.6756,0.2337,,0,0.091126,0.091126,unchanged_already_consistent
ermedin_demirovic__bih,Ermedin Demirovic,BIH,FWD,2,SUI,0.6756,0.1883,,0,0.110836,0.110836,unchanged_already_consistent
ermedin_demirovic__bih,Ermedin Demirovic,BIH,FWD,3,QAT,0.6756,0.4624,,0,0.142938,0.142938,unchanged_already_consistent
dean_henderson__eng,Dean Henderson,ENG,GK,1,CRO,0.0276,0.4118,0.029608,0.011366,0.15111,0.101212,rebuilt_from_fixture_clean_sheet_prob
dean_henderson__eng,Dean Henderson,ENG,GK,2,GHA,0.0276,0.5,0.03595,0.0138,0.161548,0.103749,rebuilt_from_fixture_clean_sheet_prob
dean_henderson__eng,Dean Henderson,ENG,GK,3,PAN,0.0276,0.5376,0.038653,0.014838,0.142538,0.083586,rebuilt_from_fixture_clean_sheet_prob
milo_degenek__aus,Milos Degenek,AUS,DEF,1,TUR,0.1367,0.2077,0.029826,0.028393,0.130772,0.12725,rebuilt_from_fixture_clean_sheet_prob
milo_degenek__aus,Milos Degenek,AUS,DEF,2,USA,0.1367,0.2077,0.029826,0.028393,0.147304,0.144177,rebuilt_from_fixture_clean_sheet_prob
milo_degenek__aus,Milos Degenek,AUS,DEF,3,PAR,0.1367,0.2678,0.038456,0.036608,0.16793,0.163899,rebuilt_from_fixture_clean_sheet_prob
bara_sapoko_ndiaye__sen,Bara Sapoko Ndiaye,SEN,MID,1,FRA,0.8851,0.1573,,0,0.052456,0.052457,unchanged_already_consistent
bara_sapoko_ndiaye__sen,Bara Sapoko Ndiaye,SEN,MID,2,NOR,0.8851,0.2337,,0,0.131466,0.131466,unchanged_already_consistent
bara_sapoko_ndiaye__sen,Bara Sapoko Ndiaye,SEN,MID,3,IRQ,0.8851,0.5,,0,0.162099,0.162099,unchanged_already_consistent
chemsdine_talbi__mar,Chemsdine Talbi,MAR,FWD,1,BRA,0.2297,0.1883,0.0,0,0.044594,0.044594,unchanged_already_consistent
chemsdine_talbi__mar,Chemsdine Talbi,MAR,FWD,2,SCO,0.2297,0.411,0.0,0,0.136649,0.136649,unchanged_already_consistent
chemsdine_talbi__mar,Chemsdine Talbi,MAR,FWD,3,HAI,0.2297,0.5585,0.0,0,0.223245,0.223245,unchanged_already_consistent
marcelo_flores__can,Marcelo Flores,CAN,MID,1,BIH,0.4638,0.4226,,0,0.165977,0.165974,unchanged_already_consistent
marcelo_flores__can,Marcelo Flores,CAN,MID,2,QAT,0.4638,0.5774,,0,0.184539,0.184539,unchanged_already_consistent
marcelo_flores__can,Marcelo Flores,CAN,MID,3,SUI,0.4638,0.25,,0,0.126526,0.126527,unchanged_already_consistent
deiver_machado__col,Deiver Machado,COL,DEF,1,UZB,0.0855,0.5,0.04275,0.04275,0.199717,0.199717,unchanged_already_consistent
deiver_machado__col,Deiver Machado,COL,DEF,2,COD,0.0855,0.5376,0.045965,0.045965,0.170826,0.170826,unchanged_already_consistent
deiver_machado__col,Deiver Machado,COL,DEF,3,POR,0.0855,0.25,0.021375,0.021375,0.10485,0.104851,unchanged_already_consistent
matthew_garbett__nzl,Matthew Garbett,NZL,MID,1,IRN,0.4267,0.25,,0,0.068002,0.068002,unchanged_already_consistent
matthew_garbett__nzl,Matthew Garbett,NZL,MID,2,EGY,0.4267,0.217,,0,0.142033,0.142034,unchanged_already_consistent
matthew_garbett__nzl,Matthew Garbett,NZL,MID,3,BEL,0.4267,0.1063,,0,0.127154,0.127155,unchanged_already_consistent
jovo_lukic__bih,Jovo Lukic,BIH,FWD,1,CAN,0.7493,0.2337,,0,0.079163,0.079163,unchanged_already_consistent
jovo_lukic__bih,Jovo Lukic,BIH,FWD,2,SUI,0.7493,0.1883,,0,0.097413,0.097413,unchanged_already_consistent
jovo_lukic__bih,Jovo Lukic,BIH,FWD,3,QAT,0.7493,0.4624,,0,0.127006,0.127007,unchanged_already_consistent
steve_kapuadi__cod,Steve Kapuadi,COD,DEF,1,POR,0.2525,0.096,0.02424,0.02424,0.056643,0.056643,unchanged_already_consistent
steve_kapuadi__cod,Steve Kapuadi,COD,DEF,2,COL,0.2525,0.1883,0.047546,0.047546,0.152426,0.152427,unchanged_already_consistent
steve_kapuadi__cod,Steve Kapuadi,COD,DEF,3,UZB,0.2525,0.3373,0.085168,0.085168,0.242314,0.242315,unchanged_already_consistent
mohamed_haj_mahmoud__tun,Mohamed 'Hadj' Mahmoud,TUN,MID,1,SWE,0.442,0.25,0.0,0,0.138393,0.138392,unchanged_already_consistent
mohamed_haj_mahmoud__tun,Mohamed 'Hadj' Mahmoud,TUN,MID,2,JPN,0.442,0.2337,0.0,0,0.188793,0.188793,unchanged_already_consistent
mohamed_haj_mahmoud__tun,Mohamed 'Hadj' Mahmoud,TUN,MID,3,NED,0.442,0.1717,0.0,0,0.155549,0.15555,unchanged_already_consistent
kaan_ayhan__tur,Kaan Ayhan,TUR,MID,1,AUS,0.127,0.411,0.0,0,0.261893,0.256121,unchanged_already_consistent
kaan_ayhan__tur,Kaan Ayhan,TUR,MID,2,PAR,0.127,0.375,0.0,0,0.217436,0.211899,unchanged_already_consistent
kaan_ayhan__tur,Kaan Ayhan,TUR,MID,3,USA,0.127,0.2766,0.0,0,0.18031,0.176161,unchanged_already_consistent
kevin_rodr_guez__ecu,Kevin Rodriguez,ECU,FWD,1,CIV,0.0689,0.4226,0.0,0,0.166987,0.166987,unchanged_already_consistent
kevin_rodr_guez__ecu,Kevin Rodriguez,ECU,FWD,2,CUW,0.0689,0.5585,0.0,0,0.249036,0.249036,unchanged_already_consistent
kevin_rodr_guez__ecu,Kevin Rodriguez,ECU,FWD,3,GER,0.0689,0.1717,0.0,0,0.147295,0.147296,unchanged_already_consistent
kees_smit__ned,Kees Smit,NED,MID,1,JPN,0.4638,0.3373,,0,0.170091,0.170091,unchanged_already_consistent
kees_smit__ned,Kees Smit,NED,MID,2,SWE,0.4638,0.4226,,0,0.161548,0.161548,unchanged_already_consistent
kees_smit__ned,Kees Smit,NED,MID,3,TUN,0.4638,0.4624,,0,0.127948,0.127948,unchanged_already_consistent
brenden_aaronson__usa,Brenden Aaronson,USA,MID,1,PAR,0.0782,0.411,0.0,0,0.196313,0.193647,unchanged_already_consistent
brenden_aaronson__usa,Brenden Aaronson,USA,MID,2,AUS,0.0782,0.4226,0.0,0,0.202213,0.199335,unchanged_already_consistent
brenden_aaronson__usa,Brenden Aaronson,USA,MID,3,TUR,0.0782,0.2766,0.0,0,0.132,0.130503,unchanged_already_consistent
moutaz_neffati__tun,Moutaz Neffati,TUN,DEF,1,SWE,0.2517,0.25,0.064725,0.062925,0.145667,0.141707,rebuilt_from_fixture_clean_sheet_prob
moutaz_neffati__tun,Moutaz Neffati,TUN,DEF,2,JPN,0.2517,0.2337,0.060505,0.058822,0.163451,0.159934,rebuilt_from_fixture_clean_sheet_prob
moutaz_neffati__tun,Moutaz Neffati,TUN,DEF,3,NED,0.2517,0.1717,0.044453,0.043217,0.119891,0.117445,rebuilt_from_fixture_clean_sheet_prob
omid_noorafkan__irn,Omid Noorafkan,IRN,MID,1,NZL,0.1236,0.411,0.0,0,0.284786,0.284786,unchanged_already_consistent
omid_noorafkan__irn,Omid Noorafkan,IRN,MID,2,BEL,0.1236,0.1459,0.0,0,0.121507,0.121508,unchanged_already_consistent
omid_noorafkan__irn,Omid Noorafkan,IRN,MID,3,EGY,0.1236,0.2904,0.0,0,0.140195,0.140195,unchanged_already_consistent
sultan_al_brake__qat,Sultan Al-Brake,QAT,DEF,1,SUI,0.2642,0.1063,0.02851,0.028084,0.070319,0.069321,rebuilt_from_fixture_clean_sheet_prob
sultan_al_brake__qat,Sultan Al-Brake,QAT,DEF,2,CAN,0.2642,0.1459,0.03913,0.038547,0.115989,0.114764,rebuilt_from_fixture_clean_sheet_prob
sultan_al_brake__qat,Sultan Al-Brake,QAT,DEF,3,BIH,0.2642,0.1883,0.050502,0.049749,0.13798,0.136446,rebuilt_from_fixture_clean_sheet_prob
nicolas_de_la_cruz__uru,Nicolas de la Cruz,URU,MID,1,KSA,0.1385,0.4865,,0,0.153118,0.153118,unchanged_already_consistent
nicolas_de_la_cruz__uru,Nicolas de la Cruz,URU,MID,2,CPV,0.1385,0.5,,0,0.125582,0.125582,unchanged_already_consistent
nicolas_de_la_cruz__uru,Nicolas de la Cruz,URU,MID,3,ESP,0.1385,0.1717,,0,0.097535,0.097535,unchanged_already_consistent
aimar_sher__irq,Aimar Sher,IRQ,MID,1,NOR,0.563,0.096,0.0,0,0.098419,0.098419,unchanged_already_consistent
aimar_sher__irq,Aimar Sher,IRQ,MID,2,FRA,0.563,0.0643,0.0,0,0.108983,0.108983,unchanged_already_consistent
aimar_sher__irq,Aimar Sher,IRQ,MID,3,SEN,0.563,0.1573,0.0,0,0.114373,0.114373,unchanged_already_consistent
luis_suarez_charris__col,Luis Suarez Charris,COL,FWD,1,UZB,0.5148,0.5,,0,0.137283,0.137283,unchanged_already_consistent
luis_suarez_charris__col,Luis Suarez Charris,COL,FWD,2,COD,0.5148,0.5376,,0,0.099588,0.099589,unchanged_already_consistent
luis_suarez_charris__col,Luis Suarez Charris,COL,FWD,3,POR,0.5148,0.25,,0,0.084366,0.084368,unchanged_already_consistent
hakim_ziyech__mar,Hakim Ziyech,MAR,MID,1,BRA,0.6195,0.1883,,0,0.056989,0.056988,unchanged_already_consistent
hakim_ziyech__mar,Hakim Ziyech,MAR,MID,2,SCO,0.6195,0.411,,0,0.116905,0.116907,unchanged_already_consistent
hakim_ziyech__mar,Hakim Ziyech,MAR,MID,3,HAI,0.6195,0.5585,,0,0.14644,0.14644,unchanged_already_consistent
mattias_svanberg__swe,Mattias Svanberg,SWE,MID,1,TUN,0.3308,0.411,,0,0.138842,0.138842,unchanged_already_consistent
mattias_svanberg__swe,Mattias Svanberg,SWE,MID,2,NED,0.3308,0.1883,,0,0.08885,0.088851,unchanged_already_consistent
mattias_svanberg__swe,Mattias Svanberg,SWE,MID,3,JPN,0.3308,0.25,,0,0.090509,0.090509,unchanged_already_consistent
jose_fajardo__pan,Jose Fajardo,PAN,FWD,1,GHA,0.3472,0.25,,0,0.071625,0.071625,unchanged_already_consistent
jose_fajardo__pan,Jose Fajardo,PAN,FWD,2,CRO,0.3472,0.1717,,0,0.129117,0.129117,unchanged_already_consistent
jose_fajardo__pan,Jose Fajardo,PAN,FWD,3,ENG,0.3472,0.1063,,0,0.116781,0.116781,unchanged_already_consistent
thabang_matuludi__rsa,Thabang Matuludi,RSA,DEF,1,MEX,0.2612,0.1717,0.044848,0.044848,0.092323,0.092323,unchanged_already_consistent
thabang_matuludi__rsa,Thabang Matuludi,RSA,DEF,2,CZE,0.2612,0.25,0.0653,0.0653,0.157875,0.157875,unchanged_already_consistent
thabang_matuludi__rsa,Thabang Matuludi,RSA,DEF,3,KOR,0.2612,0.2337,0.061042,0.061042,0.151567,0.151567,unchanged_already_consistent
mohamed_rabie_hrimat__mar,Mohamed Rabie Hrimat,MAR,MID,1,BRA,0.6387,0.1883,,0,0.059054,0.059054,unchanged_already_consistent
mohamed_rabie_hrimat__mar,Mohamed Rabie Hrimat,MAR,MID,2,SCO,0.6387,0.411,,0,0.12008,0.120081,unchanged_already_consistent
mohamed_rabie_hrimat__mar,Mohamed Rabie Hrimat,MAR,MID,3,HAI,0.6387,0.5585,,0,0.150135,0.150135,unchanged_already_consistent
eliesse_ben_seghir__mar,Eliesse Ben Seghir,MAR,MID,1,BRA,0.1154,0.1883,0.0,0,0.061067,0.061067,unchanged_already_consistent
eliesse_ben_seghir__mar,Eliesse Ben Seghir,MAR,MID,2,SCO,0.1154,0.411,0.0,0,0.145684,0.145685,unchanged_already_consistent
eliesse_ben_seghir__mar,Eliesse Ben Seghir,MAR,MID,3,HAI,0.1154,0.5585,0.0,0,0.208927,0.208929,unchanged_already_consistent
ali_majrashi__ksa,Ali Majrashi,KSA,DEF,1,URU,0.1201,0.1573,0.020071,0.018892,0.105369,0.102397,rebuilt_from_fixture_clean_sheet_prob
ali_majrashi__ksa,Ali Majrashi,KSA,DEF,2,ESP,0.1201,0.0741,0.009455,0.008899,0.108388,0.107066,rebuilt_from_fixture_clean_sheet_prob
ali_majrashi__ksa,Ali Majrashi,KSA,DEF,3,CPV,0.1201,0.3119,0.039798,0.037459,0.200939,0.19544,rebuilt_from_fixture_clean_sheet_prob
yousef_qashi__jor,Yousef Qashi,JOR,MID,1,AUT,0.8559,0.1192,,0,0.043345,0.043345,unchanged_already_consistent
yousef_qashi__jor,Yousef Qashi,JOR,MID,2,ALG,0.8559,0.1883,,0,0.126046,0.126047,unchanged_already_consistent
yousef_qashi__jor,Yousef Qashi,JOR,MID,3,ARG,0.8559,0.0871,,0,0.110658,0.110659,unchanged_already_consistent
dong_gyeong_lee__kor,Dong-gyeong Lee,KOR,MID,1,CZE,0.7208,0.3119,,0,0.102659,0.102659,unchanged_already_consistent
dong_gyeong_lee__kor,Dong-gyeong Lee,KOR,MID,2,MEX,0.7208,0.2337,,0,0.083609,0.083609,unchanged_already_consistent
dong_gyeong_lee__kor,Dong-gyeong Lee,KOR,MID,3,RSA,0.7208,0.3923,,0,0.088559,0.08856,unchanged_already_consistent
armando_gonzalez__mex,Armando Gonzalez,MEX,FWD,1,RSA,0.3162,0.5376,,0,0.135706,0.135706,unchanged_already_consistent
armando_gonzalez__mex,Armando Gonzalez,MEX,FWD,2,KOR,0.3162,0.4415,,0,0.098043,0.098043,unchanged_already_consistent
armando_gonzalez__mex,Armando Gonzalez,MEX,FWD,3,CZE,0.3162,0.411,,0,0.07524,0.07524,unchanged_already_consistent
jesus_angulo__mex,Jesus Angulo,MEX,DEF,1,RSA,0.0939,0.5376,0.050481,0.050481,0.244438,0.244438,unchanged_already_consistent
jesus_angulo__mex,Jesus Angulo,MEX,DEF,2,KOR,0.0939,0.4415,0.041457,0.041457,0.182865,0.182865,unchanged_already_consistent
jesus_angulo__mex,Jesus Angulo,MEX,DEF,3,CZE,0.0939,0.411,0.038593,0.038593,0.150149,0.150149,unchanged_already_consistent
alexander_n_bel__ger,Alexander Nübel,GER,GK,1,CUW,0.057,0.6881,0.03819,0.039222,0.223438,0.226284,rebuilt_from_fixture_clean_sheet_prob
alexander_n_bel__ger,Alexander Nübel,GER,GK,2,CIV,0.057,0.4226,0.023454,0.024088,0.123824,0.125469,rebuilt_from_fixture_clean_sheet_prob
alexander_n_bel__ger,Alexander Nübel,GER,GK,3,ECU,0.057,0.411,0.02281,0.023427,0.100686,0.102201,rebuilt_from_fixture_clean_sheet_prob
kristoffer_nordfeldt__swe,Kristoffer Nordfeldt,SWE,GK,1,TUN,0.1497,0.411,0.061527,0.061527,0.166665,0.166665,unchanged_already_consistent
kristoffer_nordfeldt__swe,Kristoffer Nordfeldt,SWE,GK,2,NED,0.1497,0.1883,0.028189,0.028189,0.059532,0.059532,unchanged_already_consistent
kristoffer_nordfeldt__swe,Kristoffer Nordfeldt,SWE,GK,3,JPN,0.1497,0.25,0.037425,0.037425,0.081163,0.081163,unchanged_already_consistent
noah_okafor__sui,Noah Okafor,SUI,MID,1,QAT,0.0593,0.5585,0.0,0,0.198929,0.195906,unchanged_already_consistent
noah_okafor__sui,Noah Okafor,SUI,MID,2,BIH,0.0593,0.4624,0.0,0,0.172134,0.168977,unchanged_already_consistent
noah_okafor__sui,Noah Okafor,SUI,MID,3,CAN,0.0593,0.3547,0.0,0,0.14821,0.145991,unchanged_already_consistent
jonathan_osorio__can,Jonathan Osorio,CAN,MID,1,BIH,0.1184,0.4226,,0,0.129943,0.129941,unchanged_already_consistent
jonathan_osorio__can,Jonathan Osorio,CAN,MID,2,QAT,0.1184,0.5774,,0,0.145826,0.145826,unchanged_already_consistent
jonathan_osorio__can,Jonathan Osorio,CAN,MID,3,SUI,0.1184,0.25,,0,0.097908,0.097908,unchanged_already_consistent
kelvin_pires__cpv,Kelvin Pires,CPV,DEF,1,ESP,0.2557,0.0509,0.013015,0.013015,0.01297,0.01297,unchanged_already_consistent
kelvin_pires__cpv,Kelvin Pires,CPV,DEF,2,URU,0.2557,0.1573,0.040222,0.040222,0.131215,0.131215,unchanged_already_consistent
kelvin_pires__cpv,Kelvin Pires,CPV,DEF,3,KSA,0.2557,0.3373,0.086248,0.086248,0.233315,0.233315,unchanged_already_consistent
koki_ogawa__jpn,Koki Ogawa,JPN,FWD,1,NED,0.0812,0.217,0.0,0,0.087437,0.087437,unchanged_already_consistent
koki_ogawa__jpn,Koki Ogawa,JPN,FWD,2,TUN,0.0812,0.4415,0.0,0,0.138641,0.138641,unchanged_already_consistent
koki_ogawa__jpn,Koki Ogawa,JPN,FWD,3,SWE,0.0812,0.3547,0.0,0,0.153158,0.153158,unchanged_already_consistent
igor_thiago__bra,Igor Thiago,BRA,FWD,1,MAR,0.2955,0.4624,,0,0.202891,0.202891,unchanged_already_consistent
igor_thiago__bra,Igor Thiago,BRA,FWD,2,HAI,0.2955,0.6453,,0,0.168451,0.168451,unchanged_already_consistent
igor_thiago__bra,Igor Thiago,BRA,FWD,3,SCO,0.2955,0.5,,0,0.12244,0.122441,unchanged_already_consistent
alvaro_montero__col,Alvaro Montero,COL,GK,1,UZB,0.089,0.5,0.0445,0.0445,0.135819,0.135819,unchanged_already_consistent
alvaro_montero__col,Alvaro Montero,COL,GK,2,COD,0.089,0.5376,0.047846,0.047846,0.12785,0.12785,unchanged_already_consistent
alvaro_montero__col,Alvaro Montero,COL,GK,3,POR,0.089,0.25,0.02225,0.02225,0.053357,0.053357,unchanged_already_consistent
kevin_casta_o__col,Kevin Castano,COL,MID,1,UZB,0.0759,0.5,0.0,0,0.195348,0.195348,unchanged_already_consistent
kevin_casta_o__col,Kevin Castano,COL,MID,2,COD,0.0759,0.5376,0.0,0,0.163471,0.163471,unchanged_already_consistent
kevin_casta_o__col,Kevin Castano,COL,MID,3,POR,0.0759,0.25,0.0,0,0.109841,0.109843,unchanged_already_consistent
kamaldeen_sulemana__gha,Kamaldeen Sulemana,GHA,FWD,1,PAN,0.3121,0.375,,0,0.124788,0.124788,unchanged_already_consistent
kamaldeen_sulemana__gha,Kamaldeen Sulemana,GHA,FWD,2,ENG,0.3121,0.1192,,0,0.083484,0.083486,unchanged_already_consistent
kamaldeen_sulemana__gha,Kamaldeen Sulemana,GHA,FWD,3,CRO,0.3121,0.217,,0,0.083847,0.083847,unchanged_already_consistent
ajdin_hrustic__aus,Ajdin Hrustic,AUS,MID,1,TUR,0.3022,0.2077,0.0,0,0.15388,0.151548,unchanged_already_consistent
ajdin_hrustic__aus,Ajdin Hrustic,AUS,MID,2,USA,0.3022,0.2077,0.0,0,0.143062,0.141499,unchanged_already_consistent
ajdin_hrustic__aus,Ajdin Hrustic,AUS,MID,3,PAR,0.3022,0.2678,0.0,0,0.168863,0.166758,unchanged_already_consistent
ricardo_pepi__usa,Ricardo Pepi,USA,FWD,1,PAR,0.288,0.411,,0,0.106501,0.106501,unchanged_already_consistent
ricardo_pepi__usa,Ricardo Pepi,USA,FWD,2,AUS,0.288,0.4226,,0,0.106852,0.106852,unchanged_already_consistent
ricardo_pepi__usa,Ricardo Pepi,USA,FWD,3,TUR,0.288,0.2766,,0,0.07756,0.07756,unchanged_already_consistent
yoel_barcenas__pan,Yoel Barcenas,PAN,MID,1,GHA,0.6304,0.25,,0,0.0921,0.0921,unchanged_already_consistent
yoel_barcenas__pan,Yoel Barcenas,PAN,MID,2,CRO,0.6304,0.1717,,0,0.158849,0.158849,unchanged_already_consistent
yoel_barcenas__pan,Yoel Barcenas,PAN,MID,3,ENG,0.6304,0.1063,,0,0.144018,0.144018,unchanged_already_consistent
abdel_rahman_al_talalga__jor,Abdel Rahman Al-Talalga,JOR,GK,1,AUT,0.2122,0.1192,0.025294,0.025294,0.100023,0.100023,unchanged_already_consistent
abdel_rahman_al_talalga__jor,Abdel Rahman Al-Talalga,JOR,GK,2,ALG,0.2122,0.1883,0.039957,0.039957,0.206033,0.206034,unchanged_already_consistent
abdel_rahman_al_talalga__jor,Abdel Rahman Al-Talalga,JOR,GK,3,ARG,0.2122,0.0871,0.018483,0.018483,0.133647,0.133649,unchanged_already_consistent
dayne_st_clair__can,Dayne St. Clair,CAN,GK,1,BIH,0.0301,0.4226,0.025821,0.01272,0.153664,0.117827,rebuilt_from_fixture_clean_sheet_prob
dayne_st_clair__can,Dayne St. Clair,CAN,GK,2,QAT,0.0301,0.5774,0.035279,0.01738,0.187683,0.140877,rebuilt_from_fixture_clean_sheet_prob
dayne_st_clair__can,Dayne St. Clair,CAN,GK,3,SUI,0.0301,0.25,0.015275,0.007525,0.097644,0.078878,rebuilt_from_fixture_clean_sheet_prob
charles_pickel__cod,Charles Pickel,COD,MID,1,POR,0.1552,0.096,0.0,0,0.061892,0.061893,unchanged_already_consistent
charles_pickel__cod,Charles Pickel,COD,MID,2,COL,0.1552,0.1883,0.0,0,0.130907,0.130908,unchanged_already_consistent
charles_pickel__cod,Charles Pickel,COD,MID,3,UZB,0.1552,0.3373,0.0,0,0.208503,0.208504,unchanged_already_consistent
yunus_akgun__tur,Yunus Akgün,TUR,FWD,1,AUS,0.3302,0.411,,0,0.118785,0.118785,unchanged_already_consistent
yunus_akgun__tur,Yunus Akgün,TUR,FWD,2,PAR,0.3302,0.375,,0,0.085088,0.085088,unchanged_already_consistent
yunus_akgun__tur,Yunus Akgün,TUR,FWD,3,USA,0.3302,0.2766,,0,0.077286,0.077286,unchanged_already_consistent
bongokuhle_hlongwane__rsa,Bongokuhle Hlongwane,RSA,FWD,1,MEX,0.5585,0.1717,,0,0.047992,0.047992,unchanged_already_consistent
bongokuhle_hlongwane__rsa,Bongokuhle Hlongwane,RSA,FWD,2,CZE,0.5585,0.25,,0,0.107147,0.107147,unchanged_already_consistent
bongokuhle_hlongwane__rsa,Bongokuhle Hlongwane,RSA,FWD,3,KOR,0.5585,0.2337,,0,0.124923,0.124924,unchanged_already_consistent
anis_ben_slimane__tun,Anis Ben Slimane,TUN,MID,1,SWE,0.5407,0.25,,0,0.05449,0.05449,unchanged_already_consistent
anis_ben_slimane__tun,Anis Ben Slimane,TUN,MID,2,JPN,0.5407,0.2337,,0,0.118233,0.118233,unchanged_already_consistent
anis_ben_slimane__tun,Anis Ben Slimane,TUN,MID,3,NED,0.5407,0.1717,,0,0.105786,0.105787,unchanged_already_consistent
wout_weghorst__ned,Wout Weghorst,NED,FWD,1,JPN,0.0498,0.3373,0.0,0,0.1767,0.1767,unchanged_already_consistent
wout_weghorst__ned,Wout Weghorst,NED,FWD,2,SWE,0.0498,0.4226,0.0,0,0.176906,0.176907,unchanged_already_consistent
wout_weghorst__ned,Wout Weghorst,NED,FWD,3,TUN,0.0498,0.4624,0.0,0,0.142211,0.142212,unchanged_already_consistent
djibril_sow__sui,Djibril Sow,SUI,MID,1,QAT,0.0827,0.5585,,0,0.154385,0.154385,unchanged_already_consistent
djibril_sow__sui,Djibril Sow,SUI,MID,2,BIH,0.0827,0.4624,,0,0.127214,0.127215,unchanged_already_consistent
djibril_sow__sui,Djibril Sow,SUI,MID,3,CAN,0.0827,0.3547,,0,0.11511,0.11511,unchanged_already_consistent
kristijan_jaki__cro,Kristijan Jakic,CRO,DEF,1,ENG,0.0729,0.2077,0.015141,0.015141,0.052615,0.052615,unchanged_already_consistent
kristijan_jaki__cro,Kristijan Jakic,CRO,DEF,2,PAN,0.0729,0.4865,0.035466,0.035466,0.140809,0.140809,unchanged_already_consistent
kristijan_jaki__cro,Kristijan Jakic,CRO,DEF,3,GHA,0.0729,0.4415,0.032185,0.032185,0.146286,0.146286,unchanged_already_consistent
jean_ricner_bellegarde__hai,Jean-Ricner Bellegarde,HAI,MID,1,SCO,0.7054,0.1573,,0,0.064663,0.064663,unchanged_already_consistent
jean_ricner_bellegarde__hai,Jean-Ricner Bellegarde,HAI,MID,2,BRA,0.7054,0.0461,,0,0.104364,0.104364,unchanged_already_consistent
jean_ricner_bellegarde__hai,Jean-Ricner Bellegarde,HAI,MID,3,MAR,0.7054,0.096,,0,0.104243,0.104243,unchanged_already_consistent
jin_gyu_kim__kor,Jin-gyu Kim,KOR,MID,1,CZE,0.5377,0.3119,,0,0.101792,0.101792,unchanged_already_consistent
jin_gyu_kim__kor,Jin-gyu Kim,KOR,MID,2,MEX,0.5377,0.2337,,0,0.082863,0.082863,unchanged_already_consistent
jin_gyu_kim__kor,Jin-gyu Kim,KOR,MID,3,RSA,0.5377,0.3923,,0,0.0878,0.0878,unchanged_already_consistent
assane_diao_diaoune__sen,Assane Diao Diaoune,SEN,FWD,1,FRA,0.3025,0.1573,,0,0.036737,0.036737,unchanged_already_consistent
assane_diao_diaoune__sen,Assane Diao Diaoune,SEN,FWD,2,NOR,0.3025,0.2337,,0,0.104007,0.104007,unchanged_already_consistent
assane_diao_diaoune__sen,Assane Diao Diaoune,SEN,FWD,3,IRQ,0.3025,0.5,,0,0.130325,0.130325,unchanged_already_consistent
c_sar_yanis__pan,Cesar Yanis,PAN,MID,1,GHA,0.2778,0.25,0.0,0,0.14089,0.14089,unchanged_already_consistent
c_sar_yanis__pan,Cesar Yanis,PAN,MID,2,CRO,0.2778,0.1717,0.0,0,0.154189,0.154189,unchanged_already_consistent
c_sar_yanis__pan,Cesar Yanis,PAN,MID,3,ENG,0.2778,0.1063,0.0,0,0.141471,0.141471,unchanged_already_consistent
rayan_elloumi__tun,Rayan Elloumi,TUN,FWD,1,SWE,0.0682,0.25,,0,0.085688,0.085688,unchanged_already_consistent
rayan_elloumi__tun,Rayan Elloumi,TUN,FWD,2,JPN,0.0682,0.2337,,0,0.167717,0.167718,unchanged_already_consistent
rayan_elloumi__tun,Rayan Elloumi,TUN,FWD,3,NED,0.0682,0.1717,,0,0.150808,0.150808,unchanged_already_consistent
lewis_ferguson__sco,Lewis Ferguson,SCO,MID,1,HAI,0.577,0.4865,,0,0.118061,0.1216,unchanged_already_consistent
lewis_ferguson__sco,Lewis Ferguson,SCO,MID,2,MAR,0.577,0.25,,0,0.07944,0.082115,unchanged_already_consistent
lewis_ferguson__sco,Lewis Ferguson,SCO,MID,3,BRA,0.577,0.1358,,0,0.072137,0.074604,unchanged_already_consistent
waldemar_anton__ger,Waldemar Anton,GER,DEF,1,CUW,0.0482,0.6881,0.033098,0.033166,0.207379,0.207528,rebuilt_from_fixture_clean_sheet_prob
waldemar_anton__ger,Waldemar Anton,GER,DEF,2,CIV,0.0482,0.4226,0.020327,0.020369,0.117274,0.117361,rebuilt_from_fixture_clean_sheet_prob
waldemar_anton__ger,Waldemar Anton,GER,DEF,3,ECU,0.0482,0.411,0.019769,0.01981,0.092147,0.092228,rebuilt_from_fixture_clean_sheet_prob
nestory_irankunda__aus,Nestory Irankunda,AUS,FWD,1,TUR,0.3241,0.2077,0.0,0,0.089236,0.207105,unchanged_already_consistent
nestory_irankunda__aus,Nestory Irankunda,AUS,FWD,2,USA,0.3241,0.2077,0.0,0,0.096137,0.177869,unchanged_already_consistent
nestory_irankunda__aus,Nestory Irankunda,AUS,FWD,3,PAR,0.3241,0.2678,0.0,0,0.109174,0.218322,unchanged_already_consistent
aymen_dahmen__tun,Aymen Dahmen,TUN,GK,1,SWE,0.04,0.25,0.01825,0.01,0.109326,0.087113,rebuilt_from_fixture_clean_sheet_prob
aymen_dahmen__tun,Aymen Dahmen,TUN,GK,2,JPN,0.04,0.2337,0.01706,0.009348,0.170778,0.151107,rebuilt_from_fixture_clean_sheet_prob
aymen_dahmen__tun,Aymen Dahmen,TUN,GK,3,NED,0.04,0.1717,0.012534,0.006868,0.143821,0.130342,rebuilt_from_fixture_clean_sheet_prob
mohamed_al_mannai__qat,Mohamed Al-Mannai,QAT,MID,1,SUI,0.3513,0.1063,,0,0.050323,0.050323,unchanged_already_consistent
mohamed_al_mannai__qat,Mohamed Al-Mannai,QAT,MID,2,CAN,0.3513,0.1459,,0,0.107806,0.107806,unchanged_already_consistent
mohamed_al_mannai__qat,Mohamed Al-Mannai,QAT,MID,3,BIH,0.3513,0.1883,,0,0.106652,0.106652,unchanged_already_consistent
george_hirst__sco,George Hirst,SCO,FWD,1,HAI,0.5479,0.4865,,0,0.115592,0.115592,unchanged_already_consistent
george_hirst__sco,George Hirst,SCO,FWD,2,MAR,0.5479,0.25,,0,0.077577,0.077577,unchanged_already_consistent
george_hirst__sco,George Hirst,SCO,FWD,3,BRA,0.5479,0.1358,,0,0.070416,0.070416,unchanged_already_consistent
tarek_alaa__egy,Tarek Alaa,EGY,DEF,1,BEL,0.0693,0.1717,0.011899,0.011899,0.095004,0.095005,unchanged_already_consistent
tarek_alaa__egy,Tarek Alaa,EGY,DEF,2,NZL,0.0693,0.4624,0.032044,0.032044,0.206589,0.20659,unchanged_already_consistent
tarek_alaa__egy,Tarek Alaa,EGY,DEF,3,IRN,0.0693,0.411,0.028482,0.028482,0.203495,0.203495,unchanged_already_consistent
lucas_bergvall__swe,Lucas Bergvall,SWE,MID,1,TUN,0.2777,0.411,,0,0.11603,0.11603,unchanged_already_consistent
lucas_bergvall__swe,Lucas Bergvall,SWE,MID,2,NED,0.2777,0.1883,,0,0.072378,0.072379,unchanged_already_consistent
lucas_bergvall__swe,Lucas Bergvall,SWE,MID,3,JPN,0.2777,0.25,,0,0.074139,0.074139,unchanged_already_consistent
alexis_saelemaekers__bel,Alexis Saelemaekers,BEL,FWD,1,EGY,0.2956,0.3923,,0,0.107847,0.107847,unchanged_already_consistent
alexis_saelemaekers__bel,Alexis Saelemaekers,BEL,FWD,2,IRN,0.2956,0.5,,0,0.084374,0.084374,unchanged_already_consistent
alexis_saelemaekers__bel,Alexis Saelemaekers,BEL,FWD,3,NZL,0.2956,0.5135,,0,0.070281,0.070281,unchanged_already_consistent
pape_alassane_gueye__sen,Pape Alassane Gueye,SEN,MID,1,FRA,0.3786,0.1573,,0,0.034353,0.034353,unchanged_already_consistent
pape_alassane_gueye__sen,Pape Alassane Gueye,SEN,MID,2,NOR,0.3786,0.2337,,0,0.099842,0.099842,unchanged_already_consistent
pape_alassane_gueye__sen,Pape Alassane Gueye,SEN,MID,3,IRQ,0.3786,0.5,,0,0.125504,0.125505,unchanged_already_consistent
yvon_mvogo__sui,Yvon Mvogo,SUI,GK,1,QAT,0.0507,0.5585,0.029154,0.028316,0.184599,0.182298,rebuilt_from_fixture_clean_sheet_prob
yvon_mvogo__sui,Yvon Mvogo,SUI,GK,2,BIH,0.0507,0.4624,0.024137,0.023444,0.147329,0.145531,rebuilt_from_fixture_clean_sheet_prob
yvon_mvogo__sui,Yvon Mvogo,SUI,GK,3,CAN,0.0507,0.3547,0.018515,0.017983,0.121323,0.120024,rebuilt_from_fixture_clean_sheet_prob
wilson_isidor__hai,Wilson Isidor,HAI,FWD,1,SCO,0.8806,0.1573,,0,0.060012,0.061931,unchanged_already_consistent
wilson_isidor__hai,Wilson Isidor,HAI,FWD,2,BRA,0.8806,0.0461,,0,0.098203,0.100746,unchanged_already_consistent
wilson_isidor__hai,Wilson Isidor,HAI,FWD,3,MAR,0.8806,0.096,,0,0.098187,0.100687,unchanged_already_consistent
erick_sanchez__mex,Erick Sanchez,MEX,MID,1,RSA,0.0926,0.5376,,0,0.148635,0.148635,unchanged_already_consistent
erick_sanchez__mex,Erick Sanchez,MEX,MID,2,KOR,0.0926,0.4415,,0,0.108175,0.108175,unchanged_already_consistent
erick_sanchez__mex,Erick Sanchez,MEX,MID,3,CZE,0.0926,0.411,,0,0.083611,0.083611,unchanged_already_consistent
patrick_pentz__aut,Patrick Pentz,AUT,GK,1,JOR,0.0538,0.4865,0.026174,0.026174,0.217097,0.217097,unchanged_already_consistent
patrick_pentz__aut,Patrick Pentz,AUT,GK,2,ARG,0.0538,0.1883,0.010131,0.010131,0.102198,0.102199,unchanged_already_consistent
patrick_pentz__aut,Patrick Pentz,AUT,GK,3,ALG,0.0538,0.3547,0.019083,0.019083,0.127822,0.127822,unchanged_already_consistent
jos_luis_rodr_guez_bebanz__uru,Jose Luis Rodriguez Bebanz,URU,DEF,1,KSA,0.0459,0.4865,0.02233,0.02233,0.176572,0.176572,unchanged_already_consistent
jos_luis_rodr_guez_bebanz__uru,Jose Luis Rodriguez Bebanz,URU,DEF,2,CPV,0.0459,0.5,0.02295,0.02295,0.154386,0.154388,unchanged_already_consistent
jos_luis_rodr_guez_bebanz__uru,Jose Luis Rodriguez Bebanz,URU,DEF,3,ESP,0.0459,0.1717,0.007881,0.007881,0.090694,0.090694,unchanged_already_consistent
habib_diarra__sen,Habib Diarra,SEN,MID,1,FRA,0.5911,0.1573,,0,0.033114,0.033114,unchanged_already_consistent
habib_diarra__sen,Habib Diarra,SEN,MID,2,NOR,0.5911,0.2337,,0,0.097678,0.097678,unchanged_already_consistent
habib_diarra__sen,Habib Diarra,SEN,MID,3,IRQ,0.5911,0.5,,0,0.123,0.123001,unchanged_already_consistent
ibrahim_sulemana__gha,Ibrahim Sulemana,GHA,MID,1,PAN,0.1084,0.375,0.0,0,0.192122,0.192122,unchanged_already_consistent
ibrahim_sulemana__gha,Ibrahim Sulemana,GHA,MID,2,ENG,0.1084,0.1192,0.0,0,0.104333,0.104333,unchanged_already_consistent
ibrahim_sulemana__gha,Ibrahim Sulemana,GHA,MID,3,CRO,0.1084,0.217,0.0,0,0.105238,0.105238,unchanged_already_consistent
marko_farji__irq,Marko Farji,IRQ,MID,1,NOR,0.5495,0.096,0.0,0,0.079502,0.079502,unchanged_already_consistent
marko_farji__irq,Marko Farji,IRQ,MID,2,FRA,0.5495,0.0643,0.0,0,0.083611,0.083612,unchanged_already_consistent
marko_farji__irq,Marko Farji,IRQ,MID,3,SEN,0.5495,0.1573,0.0,0,0.089102,0.089104,unchanged_already_consistent
hjalmar_ekdal__swe,Hjalmar Ekdal,SWE,DEF,1,TUN,0.1014,0.411,0.041675,0.041675,0.215797,0.215797,unchanged_already_consistent
hjalmar_ekdal__swe,Hjalmar Ekdal,SWE,DEF,2,NED,0.1014,0.1883,0.019094,0.019094,0.106024,0.106024,unchanged_already_consistent
hjalmar_ekdal__swe,Hjalmar Ekdal,SWE,DEF,3,JPN,0.1014,0.25,0.02535,0.02535,0.121209,0.121209,unchanged_already_consistent
joan_garcia__esp,Joan Garcia,ESP,GK,1,CPV,0.0404,0.625,0.02525,0.02525,0.111003,0.111003,unchanged_already_consistent
joan_garcia__esp,Joan Garcia,ESP,GK,2,KSA,0.0404,0.6627,0.026773,0.026773,0.180148,0.180148,unchanged_already_consistent
joan_garcia__esp,Joan Garcia,ESP,GK,3,URU,0.0404,0.4226,0.017073,0.017073,0.114397,0.114397,unchanged_already_consistent
d_enis_burni__bih,Dzenis Burnic,BIH,MID,1,CAN,0.112,0.2337,0.0,0,0.097005,0.096879,unchanged_already_consistent
d_enis_burni__bih,Dzenis Burnic,BIH,MID,2,SUI,0.112,0.1883,0.0,0,0.116,0.115963,unchanged_already_consistent
d_enis_burni__bih,Dzenis Burnic,BIH,MID,3,QAT,0.112,0.4624,0.0,0,0.168881,0.167375,unchanged_already_consistent
matheus_nunes__por,Matheus Nunes,POR,MID,1,COD,0.2404,0.5,,0,0.116192,0.116192,unchanged_already_consistent
matheus_nunes__por,Matheus Nunes,POR,MID,2,UZB,0.2404,0.5,,0,0.081255,0.081255,unchanged_already_consistent
matheus_nunes__por,Matheus Nunes,POR,MID,3,COL,0.2404,0.3547,,0,0.053165,0.053165,unchanged_already_consistent
thapelo_morena__rsa,Thapelo Morena,RSA,FWD,1,MEX,0.5424,0.1717,,0,0.041103,0.041103,unchanged_already_consistent
thapelo_morena__rsa,Thapelo Morena,RSA,FWD,2,CZE,0.5424,0.25,,0,0.096276,0.096275,unchanged_already_consistent
thapelo_morena__rsa,Thapelo Morena,RSA,FWD,3,KOR,0.5424,0.2337,,0,0.112978,0.112978,unchanged_already_consistent
themba_zwane__rsa,Themba Zwane,RSA,MID,1,MEX,0.6009,0.1717,,0,0.040836,0.040836,unchanged_already_consistent
themba_zwane__rsa,Themba Zwane,RSA,MID,2,CZE,0.6009,0.25,,0,0.095855,0.095854,unchanged_already_consistent
themba_zwane__rsa,Themba Zwane,RSA,MID,3,KOR,0.6009,0.2337,,0,0.112515,0.112515,unchanged_already_consistent
kristian_thorstvedt__nor,Kristian Thorstvedt,NOR,MID,1,IRQ,0.3007,0.5585,,0,0.157839,0.157839,unchanged_already_consistent
kristian_thorstvedt__nor,Kristian Thorstvedt,NOR,MID,2,SEN,0.3007,0.3373,,0,0.115854,0.115854,unchanged_already_consistent
kristian_thorstvedt__nor,Kristian Thorstvedt,NOR,MID,3,FRA,0.3007,0.2077,,0,0.102386,0.102386,unchanged_already_consistent
dylan_batubinsika__cod,Dylan Batubinsika,COD,DEF,1,POR,0.0889,0.096,0.008534,0.008534,0.04425,0.04425,unchanged_already_consistent
dylan_batubinsika__cod,Dylan Batubinsika,COD,DEF,2,COL,0.0889,0.1883,0.01674,0.01674,0.129836,0.129836,unchanged_already_consistent
dylan_batubinsika__cod,Dylan Batubinsika,COD,DEF,3,UZB,0.0889,0.3373,0.029986,0.029986,0.182382,0.182382,unchanged_already_consistent
hugo_cuenca__par,Hugo Cuenca,PAR,MID,1,USA,0.2575,0.25,0.0,0,0.091279,0.091279,unchanged_already_consistent
hugo_cuenca__par,Hugo Cuenca,PAR,MID,2,TUR,0.2575,0.2766,0.0,0,0.115825,0.115825,unchanged_already_consistent
hugo_cuenca__par,Hugo Cuenca,PAR,MID,3,AUS,0.2575,0.375,0.0,0,0.192393,0.192393,unchanged_already_consistent
anthony_valencia__ecu,Anthony Valencia,ECU,FWD,1,CIV,0.3076,0.4226,,0,0.10236,0.10236,unchanged_already_consistent
anthony_valencia__ecu,Anthony Valencia,ECU,FWD,2,CUW,0.3076,0.5585,,0,0.139906,0.139906,unchanged_already_consistent
anthony_valencia__ecu,Anthony Valencia,ECU,FWD,3,GER,0.3076,0.1717,,0,0.109157,0.109158,unchanged_already_consistent
hossam_abdelmaguid__egy,Hossam Abdelmaguid,EGY,DEF,1,BEL,0.0728,0.1717,0.013238,0.0125,0.061815,0.060191,rebuilt_from_fixture_clean_sheet_prob
hossam_abdelmaguid__egy,Hossam Abdelmaguid,EGY,DEF,2,NZL,0.0728,0.4624,0.035651,0.033663,0.157224,0.153069,rebuilt_from_fixture_clean_sheet_prob
hossam_abdelmaguid__egy,Hossam Abdelmaguid,EGY,DEF,3,IRN,0.0728,0.411,0.031688,0.029921,0.151424,0.147925,rebuilt_from_fixture_clean_sheet_prob
dominique_simon__hai,Dominique Simon,HAI,MID,1,SCO,0.465,0.1573,,0,0.062502,0.062502,unchanged_already_consistent
dominique_simon__hai,Dominique Simon,HAI,MID,2,BRA,0.465,0.0461,,0,0.101503,0.101503,unchanged_already_consistent
dominique_simon__hai,Dominique Simon,HAI,MID,3,MAR,0.465,0.096,,0,0.10143,0.101432,unchanged_already_consistent
jorrel_hato__ned,Jorrel Hato,NED,DEF,1,JPN,0.0494,0.3373,0.016663,0.016663,0.148743,0.148743,unchanged_already_consistent
jorrel_hato__ned,Jorrel Hato,NED,DEF,2,SWE,0.0494,0.4226,0.020876,0.020876,0.151711,0.151711,unchanged_already_consistent
jorrel_hato__ned,Jorrel Hato,NED,DEF,3,TUN,0.0494,0.4624,0.022843,0.022843,0.129033,0.129033,unchanged_already_consistent
evidence_makgopa__rsa,Evidence Makgopa,RSA,FWD,1,MEX,0.0875,0.1717,0.0,0,0.084277,0.084277,unchanged_already_consistent
evidence_makgopa__rsa,Evidence Makgopa,RSA,FWD,2,CZE,0.0875,0.25,0.0,0,0.144604,0.144603,unchanged_already_consistent
evidence_makgopa__rsa,Evidence Makgopa,RSA,FWD,3,KOR,0.0875,0.2337,0.0,0,0.176319,0.176319,unchanged_already_consistent
tahith_chong__cuw,Tahith Chong,CUW,MID,1,GER,0.6207,0.0335,,0,-0.005467,-0.005467,unchanged_already_consistent
tahith_chong__cuw,Tahith Chong,CUW,MID,2,ECU,0.6207,0.1192,,0,0.113459,0.113458,unchanged_already_consistent
tahith_chong__cuw,Tahith Chong,CUW,MID,3,CIV,0.6207,0.1358,,0,0.133025,0.133028,unchanged_already_consistent
eberechi_eze__eng,Eberechi Eze,ENG,MID,1,CRO,0.2661,0.4118,,0,0.090207,0.090207,unchanged_already_consistent
eberechi_eze__eng,Eberechi Eze,ENG,MID,2,GHA,0.2661,0.5,,0,0.087008,0.087008,unchanged_already_consistent
eberechi_eze__eng,Eberechi Eze,ENG,MID,3,PAN,0.2661,0.5376,,0,0.062213,0.062215,unchanged_already_consistent
marc_pubill__esp,Marc Pubill,ESP,DEF,1,CPV,0.0456,0.625,0.0285,0.0285,0.103003,0.103003,unchanged_already_consistent
marc_pubill__esp,Marc Pubill,ESP,DEF,2,KSA,0.0456,0.6627,0.030219,0.030219,0.172089,0.172089,unchanged_already_consistent
marc_pubill__esp,Marc Pubill,ESP,DEF,3,URU,0.0456,0.4226,0.019271,0.019271,0.109529,0.109529,unchanged_already_consistent
mustafa_eskihella__tur,Mustafa Eskihellac,TUR,DEF,1,AUS,0.0394,0.411,0.016193,0.016193,0.200321,0.200322,unchanged_already_consistent
mustafa_eskihella__tur,Mustafa Eskihellac,TUR,DEF,2,PAR,0.0394,0.375,0.014775,0.014775,0.153047,0.153047,unchanged_already_consistent
mustafa_eskihella__tur,Mustafa Eskihellac,TUR,DEF,3,USA,0.0394,0.2766,0.010898,0.010898,0.131579,0.131579,unchanged_already_consistent
salih_ozcan__tur,Salih Özcan,TUR,MID,1,AUS,0.316,0.411,,0,0.141303,0.141303,unchanged_already_consistent
salih_ozcan__tur,Salih Özcan,TUR,MID,2,PAR,0.316,0.375,,0,0.102778,0.102778,unchanged_already_consistent
salih_ozcan__tur,Salih Özcan,TUR,MID,3,USA,0.316,0.2766,,0,0.093601,0.093601,unchanged_already_consistent
kadir_barria__pan,Kadir Barria,PAN,FWD,1,GHA,0.1158,0.25,,0,0.066582,0.066582,unchanged_already_consistent
kadir_barria__pan,Kadir Barria,PAN,FWD,2,CRO,0.1158,0.1717,,0,0.121795,0.121795,unchanged_already_consistent
kadir_barria__pan,Kadir Barria,PAN,FWD,3,ENG,0.1158,0.1063,,0,0.110075,0.110075,unchanged_already_consistent
cecilio_waterman__pan,Cecilio Waterman,PAN,FWD,1,GHA,0.5247,0.25,,0,0.073362,0.073362,unchanged_already_consistent
cecilio_waterman__pan,Cecilio Waterman,PAN,FWD,2,CRO,0.5247,0.1717,,0,0.131641,0.131641,unchanged_already_consistent
cecilio_waterman__pan,Cecilio Waterman,PAN,FWD,3,ENG,0.5247,0.1063,,0,0.119093,0.119093,unchanged_already_consistent
james_trafford__eng,James Trafford,ENG,GK,1,CRO,0.0437,0.4118,0.026149,0.017996,0.088518,0.06569,rebuilt_from_fixture_clean_sheet_prob
james_trafford__eng,James Trafford,ENG,GK,2,GHA,0.0437,0.5,0.03175,0.02185,0.099601,0.073268,rebuilt_from_fixture_clean_sheet_prob
james_trafford__eng,James Trafford,ENG,GK,3,PAN,0.0437,0.5376,0.034138,0.023493,0.090963,0.064138,rebuilt_from_fixture_clean_sheet_prob
viktor_johansson__swe,Viktor Johansson,SWE,GK,1,TUN,0.0562,0.411,0.023098,0.023098,0.160883,0.160883,unchanged_already_consistent
viktor_johansson__swe,Viktor Johansson,SWE,GK,2,NED,0.0562,0.1883,0.010582,0.010582,0.085875,0.085875,unchanged_already_consistent
viktor_johansson__swe,Viktor Johansson,SWE,GK,3,JPN,0.0562,0.25,0.01405,0.01405,0.095049,0.095049,unchanged_already_consistent
mohammed_ghorbani__irn,Mohammad Ghorbani,IRN,MID,1,NZL,0.0887,0.411,0.0,0,0.203757,0.203757,unchanged_already_consistent
mohammed_ghorbani__irn,Mohammad Ghorbani,IRN,MID,2,BEL,0.0887,0.1459,0.0,0,0.085506,0.085507,unchanged_already_consistent
mohammed_ghorbani__irn,Mohammad Ghorbani,IRN,MID,3,EGY,0.0887,0.2904,0.0,0,0.098647,0.098647,unchanged_already_consistent
adil_boulbina__alg,Adil Boulbina,ALG,FWD,1,ARG,0.0917,0.1573,0.0,0,0.053776,0.053776,unchanged_already_consistent
adil_boulbina__alg,Adil Boulbina,ALG,FWD,2,JOR,0.0917,0.4226,0.0,0,0.183156,0.183156,unchanged_already_consistent
adil_boulbina__alg,Adil Boulbina,ALG,FWD,3,AUT,0.0917,0.2766,0.0,0,0.142384,0.142384,unchanged_already_consistent
agust_n_lvarez__uru,Agustin Alvarez,URU,FWD,1,KSA,0.043,0.4865,0.0,0,0.166535,0.166535,unchanged_already_consistent
agust_n_lvarez__uru,Agustin Alvarez,URU,FWD,2,CPV,0.043,0.5,0.0,0,0.154024,0.154024,unchanged_already_consistent
agust_n_lvarez__uru,Agustin Alvarez,URU,FWD,3,ESP,0.043,0.1717,0.0,0,0.091058,0.091058,unchanged_already_consistent
danilo_dos_santos__bra,Danilo dos Santos,BRA,MID,1,MAR,0.515,0.4624,,0,0.099185,0.099185,unchanged_already_consistent
danilo_dos_santos__bra,Danilo dos Santos,BRA,MID,2,HAI,0.515,0.6453,,0,0.079894,0.079895,unchanged_already_consistent
danilo_dos_santos__bra,Danilo dos Santos,BRA,MID,3,SCO,0.515,0.5,,0,0.053776,0.053776,unchanged_already_consistent
alex_arce__par,Alex Arce,PAR,FWD,1,USA,0.0719,0.25,0.0,0,0.098912,0.095067,unchanged_already_consistent
alex_arce__par,Alex Arce,PAR,FWD,2,TUR,0.0719,0.2766,0.0,0,0.123419,0.119268,unchanged_already_consistent
alex_arce__par,Alex Arce,PAR,FWD,3,AUS,0.0719,0.375,0.0,0,0.176866,0.170011,unchanged_already_consistent
almoez_ali__qat,Almoez Ali,QAT,FWD,1,SUI,0.4513,0.1063,,0,0.041972,0.041972,unchanged_already_consistent
almoez_ali__qat,Almoez Ali,QAT,FWD,2,CAN,0.4513,0.1459,,0,0.094877,0.094877,unchanged_already_consistent
almoez_ali__qat,Almoez Ali,QAT,FWD,3,BIH,0.4513,0.1883,,0,0.094026,0.094027,unchanged_already_consistent
eray_c_mert__sui,Eray Cömert,SUI,DEF,1,QAT,0.0563,0.5585,0.033678,0.031444,0.179377,0.174038,rebuilt_from_fixture_clean_sheet_prob
eray_c_mert__sui,Eray Cömert,SUI,DEF,2,BIH,0.0563,0.4624,0.027883,0.026033,0.145205,0.140869,rebuilt_from_fixture_clean_sheet_prob
eray_c_mert__sui,Eray Cömert,SUI,DEF,3,CAN,0.0563,0.3547,0.021388,0.01997,0.118384,0.115283,rebuilt_from_fixture_clean_sheet_prob
zidane_iqbal__irq,Zidane Iqbal,IRQ,MID,1,NOR,0.3015,0.096,0.0,0,0.065219,0.065219,unchanged_already_consistent
zidane_iqbal__irq,Zidane Iqbal,IRQ,MID,2,FRA,0.3015,0.0643,0.0,0,0.080581,0.080581,unchanged_already_consistent
zidane_iqbal__irq,Zidane Iqbal,IRQ,MID,3,SEN,0.3015,0.1573,0.0,0,0.083152,0.083152,unchanged_already_consistent
hans_vanaken__bel,Hans Vanaken,BEL,MID,1,EGY,0.3017,0.3923,,0,0.094686,0.094686,unchanged_already_consistent
hans_vanaken__bel,Hans Vanaken,BEL,MID,2,IRN,0.3017,0.5,,0,0.073379,0.073379,unchanged_already_consistent
hans_vanaken__bel,Hans Vanaken,BEL,MID,3,NZL,0.3017,0.5135,,0,0.060668,0.060669,unchanged_already_consistent
baha_a_faisal__jor,Baha'a Faisal,JOR,FWD,1,AUT,0.5573,0.1192,,0,0.031817,0.031817,unchanged_already_consistent
baha_a_faisal__jor,Baha'a Faisal,JOR,FWD,2,ALG,0.5573,0.1883,,0,0.104614,0.104615,unchanged_already_consistent
baha_a_faisal__jor,Baha'a Faisal,JOR,FWD,3,ARG,0.5573,0.0871,,0,0.091435,0.091435,unchanged_already_consistent
gabriel_avalos__par,Gabriel Avalos,PAR,FWD,1,USA,0.2932,0.25,,0,0.079147,0.079146,unchanged_already_consistent
gabriel_avalos__par,Gabriel Avalos,PAR,FWD,2,TUR,0.2932,0.2766,,0,0.105067,0.105067,unchanged_already_consistent
gabriel_avalos__par,Gabriel Avalos,PAR,FWD,3,AUS,0.2932,0.375,,0,0.128732,0.128732,unchanged_already_consistent
abdullah_al_khaibari__ksa,Abdullah Al-Khaibari,KSA,MID,1,URU,0.3544,0.1573,,0,0.048927,0.048927,unchanged_already_consistent
abdullah_al_khaibari__ksa,Abdullah Al-Khaibari,KSA,MID,2,ESP,0.3544,0.0741,,0,0.078394,0.078394,unchanged_already_consistent
abdullah_al_khaibari__ksa,Abdullah Al-Khaibari,KSA,MID,3,CPV,0.3544,0.3119,,0,0.09881,0.09881,unchanged_already_consistent
nasser_al_dawsari__ksa,Nasser Al-Dawsari,KSA,MID,1,URU,0.5757,0.1573,,0,0.048591,0.048591,unchanged_already_consistent
nasser_al_dawsari__ksa,Nasser Al-Dawsari,KSA,MID,2,ESP,0.5757,0.0741,,0,0.077966,0.077966,unchanged_already_consistent
nasser_al_dawsari__ksa,Nasser Al-Dawsari,KSA,MID,3,CPV,0.5757,0.3119,,0,0.098321,0.098321,unchanged_already_consistent
liam_millar__can,Liam Millar,CAN,MID,1,BIH,0.727,0.4226,,0,0.077365,0.131414,unchanged_already_consistent
liam_millar__can,Liam Millar,CAN,MID,2,QAT,0.727,0.5774,,0,0.089337,0.147408,unchanged_already_consistent
liam_millar__can,Liam Millar,CAN,MID,3,SUI,0.727,0.25,,0,0.056151,0.099077,unchanged_already_consistent
goncalo_guedes__por,Goncalo Guedes,POR,FWD,1,COD,0.0611,0.5,,0,0.17494,0.17494,unchanged_already_consistent
goncalo_guedes__por,Goncalo Guedes,POR,FWD,2,UZB,0.0611,0.5,,0,0.126771,0.126771,unchanged_already_consistent
goncalo_guedes__por,Goncalo Guedes,POR,FWD,3,COL,0.0611,0.3547,,0,0.087867,0.087867,unchanged_already_consistent
nando_pijnaker__nzl,Nando Pijnaker,NZL,DEF,1,IRN,0.1154,0.25,0.031175,0.02885,0.101533,0.096418,rebuilt_from_fixture_clean_sheet_prob
nando_pijnaker__nzl,Nando Pijnaker,NZL,DEF,2,EGY,0.1154,0.217,0.02706,0.025042,0.142285,0.138069,rebuilt_from_fixture_clean_sheet_prob
nando_pijnaker__nzl,Nando Pijnaker,NZL,DEF,3,BEL,0.1154,0.1063,0.013256,0.012267,0.102261,0.100304,rebuilt_from_fixture_clean_sheet_prob
nkosinathi_sibisi__rsa,Nkosinathi Sibisi,RSA,DEF,1,MEX,0.0863,0.1717,0.014818,0.014818,0.056936,0.056936,unchanged_already_consistent
nkosinathi_sibisi__rsa,Nkosinathi Sibisi,RSA,DEF,2,CZE,0.0863,0.25,0.021575,0.021575,0.116012,0.116012,unchanged_already_consistent
nkosinathi_sibisi__rsa,Nkosinathi Sibisi,RSA,DEF,3,KOR,0.0863,0.2337,0.020168,0.020168,0.127492,0.127493,unchanged_already_consistent
lawrence_shankland__sco,Lawrence Shankland,SCO,FWD,1,HAI,0.4793,0.4865,,0,0.098076,0.098076,unchanged_already_consistent
lawrence_shankland__sco,Lawrence Shankland,SCO,FWD,2,MAR,0.4793,0.25,,0,0.064345,0.064345,unchanged_already_consistent
lawrence_shankland__sco,Lawrence Shankland,SCO,FWD,3,BRA,0.4793,0.1358,,0,0.058208,0.058208,unchanged_already_consistent
senne_lammens__bel,Senne Lammens,BEL,GK,1,EGY,0.0162,0.3923,0.02444,0.006355,0.08106,0.030422,rebuilt_from_fixture_clean_sheet_prob
senne_lammens__bel,Senne Lammens,BEL,GK,2,IRN,0.0162,0.5,0.03115,0.0081,0.087682,0.026369,rebuilt_from_fixture_clean_sheet_prob
senne_lammens__bel,Senne Lammens,BEL,GK,3,NZL,0.0162,0.5135,0.031991,0.008319,0.081356,0.021703,rebuilt_from_fixture_clean_sheet_prob
petar_musa__cro,Petar Musa,CRO,FWD,1,ENG,0.2925,0.2077,,0,0.037808,0.037808,unchanged_already_consistent
petar_musa__cro,Petar Musa,CRO,FWD,2,PAN,0.2925,0.4865,,0,0.081084,0.081085,unchanged_already_consistent
petar_musa__cro,Petar Musa,CRO,FWD,3,GHA,0.2925,0.4415,,0,0.10059,0.10059,unchanged_already_consistent
mohanad_ali__irq,Mohanad Ali,IRQ,FWD,1,NOR,0.3417,0.096,,0,0.045838,0.045838,unchanged_already_consistent
mohanad_ali__irq,Mohanad Ali,IRQ,FWD,2,FRA,0.3417,0.0643,,0,0.085635,0.085635,unchanged_already_consistent
mohanad_ali__irq,Mohanad Ali,IRQ,FWD,3,SEN,0.3417,0.1573,,0,0.086713,0.086713,unchanged_already_consistent
ayman_yahya_salem__ksa,Ayman Yahya Salem,KSA,MID,1,URU,0.3317,0.1573,,0,0.046748,0.046748,unchanged_already_consistent
ayman_yahya_salem__ksa,Ayman Yahya Salem,KSA,MID,2,ESP,0.3317,0.0741,,0,0.075621,0.075621,unchanged_already_consistent
ayman_yahya_salem__ksa,Ayman Yahya Salem,KSA,MID,3,CPV,0.3317,0.3119,,0,0.095643,0.095643,unchanged_already_consistent
miro_muheim__sui,Miro Muheim,SUI,DEF,1,QAT,0.0488,0.5585,0.027199,0.027255,0.153343,0.153466,rebuilt_from_fixture_clean_sheet_prob
miro_muheim__sui,Miro Muheim,SUI,DEF,2,BIH,0.0488,0.4624,0.022519,0.022565,0.123681,0.123777,rebuilt_from_fixture_clean_sheet_prob
miro_muheim__sui,Miro Muheim,SUI,DEF,3,CAN,0.0488,0.3547,0.017274,0.017309,0.100468,0.100538,rebuilt_from_fixture_clean_sheet_prob
aurele_amenda__sui,Aurele Amenda,SUI,DEF,1,QAT,0.0487,0.5585,0.027143,0.027199,0.152498,0.152621,rebuilt_from_fixture_clean_sheet_prob
aurele_amenda__sui,Aurele Amenda,SUI,DEF,2,BIH,0.0487,0.4624,0.022473,0.022519,0.122961,0.123057,rebuilt_from_fixture_clean_sheet_prob
aurele_amenda__sui,Aurele Amenda,SUI,DEF,3,CAN,0.0487,0.3547,0.017238,0.017274,0.099838,0.099909,rebuilt_from_fixture_clean_sheet_prob
mohannad_abu_taha__jor,Mohannad Abu Taha,JOR,MID,1,AUT,0.6235,0.1192,0.0,0,0.021545,0.021545,unchanged_already_consistent
mohannad_abu_taha__jor,Mohannad Abu Taha,JOR,MID,2,ALG,0.6235,0.1883,0.0,0,0.103724,0.103724,unchanged_already_consistent
mohannad_abu_taha__jor,Mohannad Abu Taha,JOR,MID,3,ARG,0.6235,0.0871,0.0,0,0.089789,0.089789,unchanged_already_consistent
mark_flekken__ned,Mark Flekken,NED,GK,1,JPN,0.0639,0.3373,0.021553,0.021553,0.070499,0.070499,unchanged_already_consistent
mark_flekken__ned,Mark Flekken,NED,GK,2,SWE,0.0639,0.4226,0.027004,0.027004,0.081463,0.081463,unchanged_already_consistent
mark_flekken__ned,Mark Flekken,NED,GK,3,TUN,0.0639,0.4624,0.029547,0.029547,0.076544,0.076544,unchanged_already_consistent
elye_wahi__civ,Elye Wahi,CIV,FWD,1,ECU,0.6294,0.3119,,0,0.105534,0.105534,unchanged_already_consistent
elye_wahi__civ,Elye Wahi,CIV,FWD,2,GER,0.6294,0.1573,,0,0.055214,0.055214,unchanged_already_consistent
elye_wahi__civ,Elye Wahi,CIV,FWD,3,CUW,0.6294,0.5135,,0,0.052308,0.052308,unchanged_already_consistent
ali_alipour__irn,Ali Alipour,IRN,FWD,1,NZL,0.043,0.411,0.0,0,0.205251,0.205251,unchanged_already_consistent
ali_alipour__irn,Ali Alipour,IRN,FWD,2,BEL,0.043,0.1459,0.0,0,0.095018,0.095019,unchanged_already_consistent
ali_alipour__irn,Ali Alipour,IRN,FWD,3,EGY,0.043,0.2904,0.0,0,0.105028,0.105028,unchanged_already_consistent
facundo_torres__uru,Facundo Torres,URU,FWD,1,KSA,0.0433,0.4865,0.0,0,0.136593,0.136593,unchanged_already_consistent
facundo_torres__uru,Facundo Torres,URU,FWD,2,CPV,0.0433,0.5,0.0,0,0.124367,0.124367,unchanged_already_consistent
facundo_torres__uru,Facundo Torres,URU,FWD,3,ESP,0.0433,0.1717,0.0,0,0.071599,0.071599,unchanged_already_consistent
jun_ho_bae__kor,Jun-ho Bae,KOR,MID,1,CZE,0.5051,0.3119,,0,0.077753,0.077753,unchanged_already_consistent
jun_ho_bae__kor,Jun-ho Bae,KOR,MID,2,MEX,0.5051,0.2337,,0,0.062217,0.062217,unchanged_already_consistent
jun_ho_bae__kor,Jun-ho Bae,KOR,MID,3,RSA,0.5051,0.3923,,0,0.066768,0.066769,unchanged_already_consistent
michal_sadilek__cze,Michal Sadilek,CZE,MID,1,KOR,0.3527,0.3119,,0,0.113413,0.113413,unchanged_already_consistent
michal_sadilek__cze,Michal Sadilek,CZE,MID,2,RSA,0.3527,0.411,,0,0.04777,0.04777,unchanged_already_consistent
michal_sadilek__cze,Michal Sadilek,CZE,MID,3,MEX,0.3527,0.217,,0,0.045256,0.045256,unchanged_already_consistent
german_berterame__mex,German Berterame,MEX,FWD,1,RSA,0.0704,0.5376,,0,0.12456,0.12456,unchanged_already_consistent
german_berterame__mex,German Berterame,MEX,FWD,2,KOR,0.0704,0.4415,,0,0.089308,0.089308,unchanged_already_consistent
german_berterame__mex,German Berterame,MEX,FWD,3,CZE,0.0704,0.411,,0,0.068024,0.068024,unchanged_already_consistent
obed_vargas__mex,Obed Vargas,MEX,MID,1,RSA,0.0619,0.5376,,0,0.157605,0.157605,unchanged_already_consistent
obed_vargas__mex,Obed Vargas,MEX,MID,2,KOR,0.0619,0.4415,,0,0.115206,0.115206,unchanged_already_consistent
obed_vargas__mex,Obed Vargas,MEX,MID,3,CZE,0.0619,0.411,,0,0.089419,0.08942,unchanged_already_consistent
lukas_cerv__cze,Lukas Cerv,CZE,MID,1,KOR,0.6096,0.3119,,0,0.111985,0.111985,unchanged_already_consistent
lukas_cerv__cze,Lukas Cerv,CZE,MID,2,RSA,0.6096,0.411,,0,0.046938,0.046938,unchanged_already_consistent
lukas_cerv__cze,Lukas Cerv,CZE,MID,3,MEX,0.6096,0.217,,0,0.044467,0.044467,unchanged_already_consistent
mohau_nkota__rsa,Mohau Nkota,RSA,FWD,1,MEX,0.1189,0.1717,0.0,0,0.047787,0.047787,unchanged_already_consistent
mohau_nkota__rsa,Mohau Nkota,RSA,FWD,2,CZE,0.1189,0.25,0.0,0,0.098767,0.098767,unchanged_already_consistent
mohau_nkota__rsa,Mohau Nkota,RSA,FWD,3,KOR,0.1189,0.2337,0.0,0,0.123341,0.123341,unchanged_already_consistent
franck_kessie__civ,Franck Kessie,CIV,MID,1,ECU,0.6903,0.3119,,0,0.100649,0.100649,unchanged_already_consistent
franck_kessie__civ,Franck Kessie,CIV,MID,2,GER,0.6903,0.1573,,0,0.051988,0.051988,unchanged_already_consistent
franck_kessie__civ,Franck Kessie,CIV,MID,3,CUW,0.6903,0.5135,,0,0.049252,0.049252,unchanged_already_consistent
jos_manuel_l_pez__arg,Jose Manuel Lopez,ARG,FWD,1,ALG,0.0465,0.5135,0.0,0,0.159061,0.159831,unchanged_already_consistent
jos_manuel_l_pez__arg,Jose Manuel Lopez,ARG,FWD,2,AUT,0.0465,0.4226,0.0,0,0.115029,0.115679,unchanged_already_consistent
jos_manuel_l_pez__arg,Jose Manuel Lopez,ARG,FWD,3,JOR,0.0465,0.5774,0.0,0,0.10527,0.105903,unchanged_already_consistent
mohammad_abu_hasheesh__jor,Mohammad Abu Hasheesh,JOR,MID,1,AUT,0.347,0.1192,0.0,0,0.021852,0.021853,unchanged_already_consistent
mohammad_abu_hasheesh__jor,Mohammad Abu Hasheesh,JOR,MID,2,ALG,0.347,0.1883,0.0,0,0.096056,0.096057,unchanged_already_consistent
mohammad_abu_hasheesh__jor,Mohammad Abu Hasheesh,JOR,MID,3,ARG,0.347,0.0871,0.0,0,0.083378,0.083378,unchanged_already_consistent
kevin_lenini__cpv,Kevin Lenini Pina,CPV,MID,1,ESP,0.6738,0.0509,,0,-0.000168,-0.000168,unchanged_already_consistent
kevin_lenini__cpv,Kevin Lenini Pina,CPV,MID,2,URU,0.6738,0.1573,,0,0.089863,0.089863,unchanged_already_consistent
kevin_lenini__cpv,Kevin Lenini Pina,CPV,MID,3,KSA,0.6738,0.3373,,0,0.111073,0.111074,unchanged_already_consistent
mojmir_chytil__cze,Mojmir Chytil,CZE,FWD,1,KOR,0.2882,0.3119,,0,0.110421,0.110421,unchanged_already_consistent
mojmir_chytil__cze,Mojmir Chytil,CZE,FWD,2,RSA,0.2882,0.411,,0,0.046026,0.046026,unchanged_already_consistent
mojmir_chytil__cze,Mojmir Chytil,CZE,FWD,3,MEX,0.2882,0.217,,0,0.043603,0.043603,unchanged_already_consistent
jacob_widell_zetterstrom__swe,Jacob Widell Zetterström,SWE,GK,1,TUN,0.1098,0.411,0.045128,0.045128,0.114063,0.114063,unchanged_already_consistent
jacob_widell_zetterstrom__swe,Jacob Widell Zetterström,SWE,GK,2,NED,0.1098,0.1883,0.020675,0.020675,0.03472,0.03472,unchanged_already_consistent
jacob_widell_zetterstrom__swe,Jacob Widell Zetterström,SWE,GK,3,JPN,0.1098,0.25,0.02745,0.02745,0.05123,0.05123,unchanged_already_consistent
guillermo_ochoa__mex,Guillermo Ochoa,MEX,GK,1,RSA,0.0352,0.5376,0.018924,0.018924,0.157822,0.157822,unchanged_already_consistent
guillermo_ochoa__mex,Guillermo Ochoa,MEX,GK,2,KOR,0.0352,0.4415,0.015541,0.015541,0.115187,0.115187,unchanged_already_consistent
guillermo_ochoa__mex,Guillermo Ochoa,MEX,GK,3,CZE,0.0352,0.411,0.014467,0.014467,0.091709,0.09171,unchanged_already_consistent
franco_mastantuono__arg,Franco Mastantuono,ARG,MID,1,ALG,0.046,0.5135,,0,0.136109,0.136109,unchanged_already_consistent
franco_mastantuono__arg,Franco Mastantuono,ARG,MID,2,AUT,0.046,0.4226,,0,0.09083,0.09083,unchanged_already_consistent
franco_mastantuono__arg,Franco Mastantuono,ARG,MID,3,JOR,0.046,0.5774,,0,0.078933,0.078933,unchanged_already_consistent
jamie_leweling__ger,Jamie Leweling,GER,MID,1,CUW,0.0487,0.6881,,0,0.153147,0.153147,unchanged_already_consistent
jamie_leweling__ger,Jamie Leweling,GER,MID,2,CIV,0.0487,0.4226,,0,0.085951,0.085951,unchanged_already_consistent
jamie_leweling__ger,Jamie Leweling,GER,MID,3,ECU,0.0487,0.411,,0,0.063293,0.063294,unchanged_already_consistent
endrick__bra,Endrick,BRA,FWD,1,MAR,0.0453,0.4624,,0,0.155006,0.155006,unchanged_already_consistent
endrick__bra,Endrick,BRA,FWD,2,HAI,0.0453,0.6453,,0,0.127562,0.127562,unchanged_already_consistent
endrick__bra,Endrick,BRA,FWD,3,SCO,0.0453,0.5,,0,0.090735,0.090735,unchanged_already_consistent
gael_kakuta__cod,Gaël Kakuta,COD,MID,1,POR,0.3279,0.096,,0,0.016371,0.016371,unchanged_already_consistent
gael_kakuta__cod,Gaël Kakuta,COD,MID,2,COL,0.3279,0.1883,,0,0.07768,0.07768,unchanged_already_consistent
gael_kakuta__cod,Gaël Kakuta,COD,MID,3,UZB,0.3279,0.3373,,0,0.102744,0.102745,unchanged_already_consistent
vladimir_darida__cze,Vladimir Darida,CZE,MID,1,KOR,0.5939,0.3119,,0,0.108505,0.108505,unchanged_already_consistent
vladimir_darida__cze,Vladimir Darida,CZE,MID,2,RSA,0.5939,0.411,,0,0.044908,0.044908,unchanged_already_consistent
vladimir_darida__cze,Vladimir Darida,CZE,MID,3,MEX,0.5939,0.217,,0,0.042545,0.042545,unchanged_already_consistent
joaquin_seys__bel,Joaquin Seys,BEL,DEF,1,EGY,0.0482,0.3923,0.01883,0.018909,0.120824,0.120998,rebuilt_from_fixture_clean_sheet_prob
joaquin_seys__bel,Joaquin Seys,BEL,DEF,2,IRN,0.0482,0.5,0.024,0.0241,0.110766,0.110975,rebuilt_from_fixture_clean_sheet_prob
joaquin_seys__bel,Joaquin Seys,BEL,DEF,3,NZL,0.0482,0.5135,0.024648,0.024751,0.098306,0.09851,rebuilt_from_fixture_clean_sheet_prob
pape_matar_sarr__sen,Pape Matar Sarr,SEN,MID,1,FRA,0.1062,0.1573,0.0,0,0.030462,0.030462,unchanged_already_consistent
pape_matar_sarr__sen,Pape Matar Sarr,SEN,MID,2,NOR,0.1062,0.2337,0.0,0,0.08815,0.08815,unchanged_already_consistent
pape_matar_sarr__sen,Pape Matar Sarr,SEN,MID,3,IRQ,0.1062,0.5,0.0,0,0.159985,0.159985,unchanged_already_consistent
nadiem_amiri__ger,Nadiem Amiri,GER,MID,1,CUW,0.043,0.6881,,0,0.184915,0.184915,unchanged_already_consistent
nadiem_amiri__ger,Nadiem Amiri,GER,MID,2,CIV,0.043,0.4226,,0,0.106822,0.106821,unchanged_already_consistent
nadiem_amiri__ger,Nadiem Amiri,GER,MID,3,ECU,0.043,0.411,,0,0.080229,0.08023,unchanged_already_consistent
adam_karabec__cze,Adam Karabec,CZE,MID,1,KOR,0.2967,0.3119,,0,0.108309,0.108309,unchanged_already_consistent
adam_karabec__cze,Adam Karabec,CZE,MID,2,RSA,0.2967,0.411,,0,0.044794,0.044794,unchanged_already_consistent
adam_karabec__cze,Adam Karabec,CZE,MID,3,MEX,0.2967,0.217,,0,0.042437,0.042437,unchanged_already_consistent
ibrahim_adel__egy,Ibrahim Adel,EGY,MID,1,BEL,0.0534,0.1717,0.0,0,0.047285,0.046713,unchanged_already_consistent
ibrahim_adel__egy,Ibrahim Adel,EGY,MID,2,NZL,0.0534,0.4624,0.0,0,0.123423,0.121642,unchanged_already_consistent
ibrahim_adel__egy,Ibrahim Adel,EGY,MID,3,IRN,0.0534,0.411,0.0,0,0.123077,0.12162,unchanged_already_consistent
luca_jaquez__sui,Luca Jaquez,SUI,DEF,1,QAT,0.0479,0.5585,0.026585,0.026752,0.152421,0.152788,rebuilt_from_fixture_clean_sheet_prob
luca_jaquez__sui,Luca Jaquez,SUI,DEF,2,BIH,0.0479,0.4624,0.02201,0.022149,0.121539,0.12183,rebuilt_from_fixture_clean_sheet_prob
luca_jaquez__sui,Luca Jaquez,SUI,DEF,3,CAN,0.0479,0.3547,0.016884,0.01699,0.101184,0.101394,rebuilt_from_fixture_clean_sheet_prob
aymen_hussein__irq,Aymen Hussein,IRQ,FWD,1,NOR,0.3985,0.096,,0,0.038958,0.038958,unchanged_already_consistent
aymen_hussein__irq,Aymen Hussein,IRQ,FWD,2,FRA,0.3985,0.0643,,0,0.076078,0.076078,unchanged_already_consistent
aymen_hussein__irq,Aymen Hussein,IRQ,FWD,3,SEN,0.3985,0.1573,,0,0.077258,0.077258,unchanged_already_consistent
shahriar_moghanlou__irn,Shahriar Moghanlou,IRN,FWD,1,NZL,0.2664,0.411,,0,0.126514,0.126514,unchanged_already_consistent
shahriar_moghanlou__irn,Shahriar Moghanlou,IRN,FWD,2,BEL,0.2664,0.1459,,0,0.064434,0.064435,unchanged_already_consistent
shahriar_moghanlou__irn,Shahriar Moghanlou,IRN,FWD,3,EGY,0.2664,0.2904,,0,0.066882,0.066882,unchanged_already_consistent
jordy_alcivar__ecu,Jordy Alcivar,ECU,MID,1,CIV,0.0708,0.4226,0.0,0,0.110779,0.110779,unchanged_already_consistent
jordy_alcivar__ecu,Jordy Alcivar,ECU,MID,2,CUW,0.0708,0.5585,0.0,0,0.179215,0.179216,unchanged_already_consistent
jordy_alcivar__ecu,Jordy Alcivar,ECU,MID,3,GER,0.0708,0.1717,0.0,0,0.091747,0.091748,unchanged_already_consistent
tomas_chory__cze,Tomas Chory,CZE,FWD,1,KOR,0.3391,0.3119,,0,0.105415,0.105415,unchanged_already_consistent
tomas_chory__cze,Tomas Chory,CZE,FWD,2,RSA,0.3391,0.411,,0,0.043107,0.043107,unchanged_already_consistent
tomas_chory__cze,Tomas Chory,CZE,FWD,3,MEX,0.3391,0.217,,0,0.040838,0.040838,unchanged_already_consistent
awer_mabil__aus,Awer Mabil,AUS,FWD,1,TUR,0.2868,0.2077,,0,0.059871,0.059871,unchanged_already_consistent
awer_mabil__aus,Awer Mabil,AUS,FWD,2,USA,0.2868,0.2077,,0,0.08504,0.085042,unchanged_already_consistent
awer_mabil__aus,Awer Mabil,AUS,FWD,3,PAR,0.2868,0.2678,,0,0.086946,0.086947,unchanged_already_consistent
alexandre_pierre__hai,Alexandre Pierre,HAI,GK,1,SCO,0.0792,0.1573,0.032372,0.012458,0.095857,0.040097,rebuilt_from_fixture_clean_sheet_prob
alexandre_pierre__hai,Alexandre Pierre,HAI,GK,2,BRA,0.0792,0.0461,0.009487,0.003651,0.050865,0.035342,rebuilt_from_fixture_clean_sheet_prob
alexandre_pierre__hai,Alexandre Pierre,HAI,GK,3,MAR,0.0792,0.096,0.019757,0.007603,0.076655,0.046027,rebuilt_from_fixture_clean_sheet_prob
malick_thiaw__ger,Malick Thiaw,GER,DEF,1,CUW,0.043,0.6881,0.029588,0.029588,0.143095,0.143095,unchanged_already_consistent
malick_thiaw__ger,Malick Thiaw,GER,DEF,2,CIV,0.043,0.4226,0.018172,0.018172,0.074567,0.074568,unchanged_already_consistent
malick_thiaw__ger,Malick Thiaw,GER,DEF,3,ECU,0.043,0.411,0.017673,0.017673,0.058228,0.058228,unchanged_already_consistent
nico_paz__arg,Nico Paz,ARG,MID,1,ALG,0.2902,0.5135,,0,0.085894,0.085894,unchanged_already_consistent
nico_paz__arg,Nico Paz,ARG,MID,2,AUT,0.2902,0.4226,,0,0.053506,0.053507,unchanged_already_consistent
nico_paz__arg,Nico Paz,ARG,MID,3,JOR,0.2902,0.5774,,0,0.045493,0.045493,unchanged_already_consistent
gervane_kastaneer__cuw,Gervane Kastaneer,CUW,FWD,1,GER,0.0902,0.0335,0.0,0,0.033779,0.033779,unchanged_already_consistent
gervane_kastaneer__cuw,Gervane Kastaneer,CUW,FWD,2,ECU,0.0902,0.1192,0.0,0,0.108424,0.108423,unchanged_already_consistent
gervane_kastaneer__cuw,Gervane Kastaneer,CUW,FWD,3,CIV,0.0902,0.1358,0.0,0,0.130278,0.130279,unchanged_already_consistent
exequiel_palacios__arg,Exequiel Palacios,ARG,MID,1,ALG,0.2648,0.5135,,0,0.119579,0.119579,unchanged_already_consistent
exequiel_palacios__arg,Exequiel Palacios,ARG,MID,2,AUT,0.2648,0.4226,,0,0.078544,0.078544,unchanged_already_consistent
exequiel_palacios__arg,Exequiel Palacios,ARG,MID,3,JOR,0.2648,0.5774,,0,0.067924,0.067925,unchanged_already_consistent
abdullah_al_hamdan__ksa,Abdullah Al-Hamdan,KSA,FWD,1,URU,0.4927,0.1573,,0,0.037344,0.037344,unchanged_already_consistent
abdullah_al_hamdan__ksa,Abdullah Al-Hamdan,KSA,FWD,2,ESP,0.4927,0.0741,,0,0.063654,0.063654,unchanged_already_consistent
abdullah_al_hamdan__ksa,Abdullah Al-Hamdan,KSA,FWD,3,CPV,0.4927,0.3119,,0,0.081972,0.081972,unchanged_already_consistent
juan_portilla__col,Juan Portilla,COL,MID,1,UZB,0.2666,0.5,,0,0.081095,0.081095,unchanged_already_consistent
juan_portilla__col,Juan Portilla,COL,MID,2,COD,0.2666,0.5376,,0,0.055459,0.05546,unchanged_already_consistent
juan_portilla__col,Juan Portilla,COL,MID,3,POR,0.2666,0.25,,0,0.045554,0.045554,unchanged_already_consistent
ardon_jashari__sui,Ardon Jashari,SUI,MID,1,QAT,0.2409,0.5585,,0,0.103273,0.103273,unchanged_already_consistent
ardon_jashari__sui,Ardon Jashari,SUI,MID,2,BIH,0.2409,0.4624,,0,0.083521,0.083522,unchanged_already_consistent
ardon_jashari__sui,Ardon Jashari,SUI,MID,3,CAN,0.2409,0.3547,,0,0.075069,0.075071,unchanged_already_consistent
christ_inao_oulai__civ,Christ Inao Oulaï,CIV,MID,1,ECU,0.369,0.3119,,0,0.093209,0.093209,unchanged_already_consistent
christ_inao_oulai__civ,Christ Inao Oulaï,CIV,MID,2,GER,0.369,0.1573,,0,0.047074,0.047074,unchanged_already_consistent
christ_inao_oulai__civ,Christ Inao Oulaï,CIV,MID,3,CUW,0.369,0.5135,,0,0.044597,0.044597,unchanged_already_consistent
mike_penders__bel,Mike Penders,BEL,GK,1,EGY,0.0151,0.3923,0.005924,0.005924,0.13802,0.13802,unchanged_already_consistent
mike_penders__bel,Mike Penders,BEL,GK,2,IRN,0.0151,0.5,0.00755,0.00755,0.115808,0.115809,unchanged_already_consistent
mike_penders__bel,Mike Penders,BEL,GK,3,NZL,0.0151,0.5135,0.007754,0.007754,0.099744,0.099744,unchanged_already_consistent
alan_franco__ecu,Alan Franco,ECU,MID,1,CIV,0.0445,0.4226,0.0,0,0.096776,0.096776,unchanged_already_consistent
alan_franco__ecu,Alan Franco,ECU,MID,2,CUW,0.0445,0.5585,0.0,0,0.138194,0.138195,unchanged_already_consistent
alan_franco__ecu,Alan Franco,ECU,MID,3,GER,0.0445,0.1717,0.0,0,0.100378,0.100379,unchanged_already_consistent
fiston_mayele__cod,Fiston Mayele,COD,FWD,1,POR,0.0452,0.096,0.0,0,0.039448,0.039448,unchanged_already_consistent
fiston_mayele__cod,Fiston Mayele,COD,FWD,2,COL,0.0452,0.1883,0.0,0,0.100165,0.100165,unchanged_already_consistent
fiston_mayele__cod,Fiston Mayele,COD,FWD,3,UZB,0.0452,0.3373,0.0,0,0.148897,0.148897,unchanged_already_consistent
igor_sergeev__uzb,Igor Sergeev,UZB,FWD,1,COL,0.0843,0.1573,0.0,0,0.084946,0.084946,unchanged_already_consistent
igor_sergeev__uzb,Igor Sergeev,UZB,FWD,2,POR,0.0843,0.096,0.0,0,0.117474,0.117475,unchanged_already_consistent
igor_sergeev__uzb,Igor Sergeev,UZB,FWD,3,COD,0.0843,0.3119,0.0,0,0.142376,0.142376,unchanged_already_consistent
paul_okon_engstler__aus,Paul Okon-Engstler,AUS,MID,1,TUR,0.3162,0.2077,0.0,0,0.102453,0.193465,unchanged_already_consistent
paul_okon_engstler__aus,Paul Okon-Engstler,AUS,MID,2,USA,0.3162,0.2077,0.0,0,0.1276,0.18769,unchanged_already_consistent
paul_okon_engstler__aus,Paul Okon-Engstler,AUS,MID,3,PAR,0.3162,0.2678,0.0,0,0.133335,0.215839,unchanged_already_consistent
haissem_hassan__egy,Haissem Hassan,EGY,MID,1,BEL,0.2955,0.1717,,0,0.069222,0.069223,unchanged_already_consistent
haissem_hassan__egy,Haissem Hassan,EGY,MID,2,NZL,0.2955,0.4624,,0,0.140241,0.140241,unchanged_already_consistent
haissem_hassan__egy,Haissem Hassan,EGY,MID,3,IRN,0.2955,0.411,,0,0.14774,0.14774,unchanged_already_consistent
zaid_ismail__irq,Zaid Ismail,IRQ,MID,1,NOR,0.383,0.096,,0,0.033492,0.033492,unchanged_already_consistent
zaid_ismail__irq,Zaid Ismail,IRQ,MID,2,FRA,0.383,0.0643,,0,0.068484,0.068486,unchanged_already_consistent
zaid_ismail__irq,Zaid Ismail,IRQ,MID,3,SEN,0.383,0.1573,,0,0.069746,0.069747,unchanged_already_consistent
hamza_abdelkarim__egy,Hamza Abdelkarim,EGY,FWD,1,BEL,0.0465,0.1717,,0,0.068198,0.068199,unchanged_already_consistent
hamza_abdelkarim__egy,Hamza Abdelkarim,EGY,FWD,2,NZL,0.0465,0.4624,,0,0.138628,0.138628,unchanged_already_consistent
hamza_abdelkarim__egy,Hamza Abdelkarim,EGY,FWD,3,IRN,0.0465,0.411,,0,0.146084,0.146084,unchanged_already_consistent
jens_castrop__kor,Jens Castrop,KOR,MID,1,CZE,0.3228,0.3119,,0,0.064728,0.064728,unchanged_already_consistent
jens_castrop__kor,Jens Castrop,KOR,MID,2,MEX,0.3228,0.2337,,0,0.051032,0.051032,unchanged_already_consistent
jens_castrop__kor,Jens Castrop,KOR,MID,3,RSA,0.3228,0.3923,,0,0.055373,0.055373,unchanged_already_consistent
evann_guessand__civ,Evann Guessand,CIV,FWD,1,ECU,0.3765,0.3119,,0,0.087133,0.087133,unchanged_already_consistent
evann_guessand__civ,Evann Guessand,CIV,FWD,2,GER,0.3765,0.1573,,0,0.043062,0.043062,unchanged_already_consistent
evann_guessand__civ,Evann Guessand,CIV,FWD,3,CUW,0.3765,0.5135,,0,0.040795,0.040795,unchanged_already_consistent
mostafa_ziko__egy,Mostafa Ziko,EGY,MID,1,BEL,0.465,0.1717,,0,0.068198,0.068199,unchanged_already_consistent
mostafa_ziko__egy,Mostafa Ziko,EGY,MID,2,NZL,0.465,0.4624,,0,0.138628,0.138628,unchanged_already_consistent
mostafa_ziko__egy,Mostafa Ziko,EGY,MID,3,IRN,0.465,0.411,,0,0.146084,0.146084,unchanged_already_consistent
ali_yousif__irq,Ali Yousif,IRQ,FWD,1,NOR,0.2464,0.096,0.0,0,0.07255,0.07255,unchanged_already_consistent
ali_yousif__irq,Ali Yousif,IRQ,FWD,2,FRA,0.2464,0.0643,0.0,0,0.072333,0.072333,unchanged_already_consistent
ali_yousif__irq,Ali Yousif,IRQ,FWD,3,SEN,0.2464,0.1573,0.0,0,0.075954,0.075955,unchanged_already_consistent
amir_hadziahmetovic__bih,Amir Hadziahmetovic,BIH,MID,1,CAN,0.0883,0.2337,,0,0.08237,0.08237,unchanged_already_consistent
amir_hadziahmetovic__bih,Amir Hadziahmetovic,BIH,MID,2,SUI,0.0883,0.1883,,0,0.101011,0.101011,unchanged_already_consistent
amir_hadziahmetovic__bih,Amir Hadziahmetovic,BIH,MID,3,QAT,0.0883,0.4624,,0,0.131277,0.131278,unchanged_already_consistent
garry_mendes_rodrigues__cpv,Garry Mendes Rodrigues,CPV,FWD,1,ESP,0.3371,0.0509,,0,-0.005104,-0.005104,unchanged_already_consistent
garry_mendes_rodrigues__cpv,Garry Mendes Rodrigues,CPV,FWD,2,URU,0.3371,0.1573,,0,0.076258,0.076258,unchanged_already_consistent
garry_mendes_rodrigues__cpv,Garry Mendes Rodrigues,CPV,FWD,3,KSA,0.3371,0.3373,,0,0.095616,0.095616,unchanged_already_consistent
sontje_hansen__cuw,Sontje Hansen,CUW,FWD,1,GER,0.377,0.0335,,0,-0.014111,-0.014111,unchanged_already_consistent
sontje_hansen__cuw,Sontje Hansen,CUW,FWD,2,ECU,0.377,0.1192,,0,0.082217,0.082216,unchanged_already_consistent
sontje_hansen__cuw,Sontje Hansen,CUW,FWD,3,CIV,0.377,0.1358,,0,0.09847,0.098473,unchanged_already_consistent
daniel_jebbison__can,Daniel Jebbison,CAN,FWD,1,BIH,0.043,0.4226,0.0,0,0.111627,0.111627,unchanged_already_consistent
daniel_jebbison__can,Daniel Jebbison,CAN,FWD,2,QAT,0.043,0.5774,0.0,0,0.132233,0.132233,unchanged_already_consistent
daniel_jebbison__can,Daniel Jebbison,CAN,FWD,3,SUI,0.043,0.25,0.0,0,0.059473,0.059474,unchanged_already_consistent
jurgen_locadia__cuw,Jürgen Locadia,CUW,FWD,1,GER,0.5505,0.0335,,0,-0.014279,-0.014279,unchanged_already_consistent
jurgen_locadia__cuw,Jürgen Locadia,CUW,FWD,2,ECU,0.5505,0.1192,,0,0.081609,0.081606,unchanged_already_consistent
jurgen_locadia__cuw,Jürgen Locadia,CUW,FWD,3,CIV,0.5505,0.1358,,0,0.097797,0.097798,unchanged_already_consistent
akmal_mozgovoy__uzb,Akmal Mozgovoy,UZB,MID,1,COL,0.0717,0.1573,0.0,0,0.058344,0.058344,unchanged_already_consistent
akmal_mozgovoy__uzb,Akmal Mozgovoy,UZB,MID,2,POR,0.0717,0.096,0.0,0,0.090514,0.090514,unchanged_already_consistent
akmal_mozgovoy__uzb,Akmal Mozgovoy,UZB,MID,3,COD,0.0717,0.3119,0.0,0,0.11059,0.11059,unchanged_already_consistent
anthony_mandrea__alg,Anthony Mandrea,ALG,GK,1,ARG,0.0416,0.1573,0.006544,0.006544,0.031381,0.031381,unchanged_already_consistent
anthony_mandrea__alg,Anthony Mandrea,ALG,GK,2,JOR,0.0416,0.4226,0.01758,0.01758,0.126739,0.126739,unchanged_already_consistent
anthony_mandrea__alg,Anthony Mandrea,ALG,GK,3,AUT,0.0416,0.2766,0.011507,0.011507,0.11215,0.11215,unchanged_already_consistent
ji_sung_eom__kor,Ji-sung Eom,KOR,MID,1,CZE,0.043,0.3119,0.0,0,0.131151,0.131151,unchanged_already_consistent
ji_sung_eom__kor,Ji-sung Eom,KOR,MID,2,MEX,0.043,0.2337,0.0,0,0.093222,0.093223,unchanged_already_consistent
ji_sung_eom__kor,Ji-sung Eom,KOR,MID,3,RSA,0.043,0.3923,0.0,0,0.115021,0.115022,unchanged_already_consistent
nidal_celik__bih,Nidal Celik,BIH,DEF,1,CAN,0.0478,0.2337,0.011077,0.011171,0.080003,0.08021,rebuilt_from_fixture_clean_sheet_prob
nidal_celik__bih,Nidal Celik,BIH,DEF,2,SUI,0.0478,0.1883,0.008925,0.009001,0.089668,0.089826,rebuilt_from_fixture_clean_sheet_prob
nidal_celik__bih,Nidal Celik,BIH,DEF,3,QAT,0.0478,0.4624,0.021918,0.022103,0.139069,0.139437,rebuilt_from_fixture_clean_sheet_prob
santiago_mele__uru,Santiago Mele,URU,GK,1,KSA,0.0314,0.4865,0.015276,0.015276,0.113361,0.113361,unchanged_already_consistent
santiago_mele__uru,Santiago Mele,URU,GK,2,CPV,0.0314,0.5,0.0157,0.0157,0.096937,0.096937,unchanged_already_consistent
santiago_mele__uru,Santiago Mele,URU,GK,3,ESP,0.0314,0.1717,0.005391,0.005391,0.053041,0.053041,unchanged_already_consistent
maximilian_beier__ger,Maximilian Beier,GER,FWD,1,CUW,0.043,0.6881,,0,0.15036,0.15036,unchanged_already_consistent
maximilian_beier__ger,Maximilian Beier,GER,FWD,2,CIV,0.043,0.4226,,0,0.084122,0.084122,unchanged_already_consistent
maximilian_beier__ger,Maximilian Beier,GER,FWD,3,ECU,0.043,0.411,,0,0.061808,0.061808,unchanged_already_consistent
alex_kral__cze,Alex Kral,CZE,MID,1,KOR,0.3191,0.3119,,0,0.096948,0.096948,unchanged_already_consistent
alex_kral__cze,Alex Kral,CZE,MID,2,RSA,0.3191,0.411,,0,0.038171,0.038171,unchanged_already_consistent
alex_kral__cze,Alex Kral,CZE,MID,3,MEX,0.3191,0.217,,0,0.036162,0.036162,unchanged_already_consistent
irfan_can_kahveci__tur,Irfan Can Kahveci,TUR,MID,1,AUS,0.3169,0.411,,0,0.129156,0.129156,unchanged_already_consistent
irfan_can_kahveci__tur,Irfan Can Kahveci,TUR,MID,2,PAR,0.3169,0.375,,0,0.093235,0.093235,unchanged_already_consistent
irfan_can_kahveci__tur,Irfan Can Kahveci,TUR,MID,3,USA,0.3169,0.2766,,0,0.0848,0.0848,unchanged_already_consistent
lachlan_bayliss__nzl,Lachlan Bayliss,NZL,MID,1,IRN,0.0474,0.25,,0,0.066018,0.066018,unchanged_already_consistent
lachlan_bayliss__nzl,Lachlan Bayliss,NZL,MID,2,EGY,0.0474,0.217,,0,0.138845,0.138846,unchanged_already_consistent
lachlan_bayliss__nzl,Lachlan Bayliss,NZL,MID,3,BEL,0.0474,0.1063,,0,0.12426,0.12426,unchanged_already_consistent
saleem_obaid__jor,Saleem Obaid,JOR,DEF,1,AUT,0.0784,0.1192,0.009345,0.009345,0.026606,0.026606,unchanged_already_consistent
saleem_obaid__jor,Saleem Obaid,JOR,DEF,2,ALG,0.0784,0.1883,0.014763,0.014763,0.089933,0.089933,unchanged_already_consistent
saleem_obaid__jor,Saleem Obaid,JOR,DEF,3,ARG,0.0784,0.0871,0.006829,0.006829,0.063234,0.063234,unchanged_already_consistent
simon_adingra__civ,Simon Adingra,CIV,FWD,1,ECU,0.5614,0.3119,,0,0.081695,0.081695,unchanged_already_consistent
simon_adingra__civ,Simon Adingra,CIV,FWD,2,GER,0.5614,0.1573,,0,0.039471,0.039471,unchanged_already_consistent
simon_adingra__civ,Simon Adingra,CIV,FWD,3,CUW,0.5614,0.5135,,0,0.037393,0.037393,unchanged_already_consistent
luis_mejia__pan,Luis Mejia,PAN,GK,1,GHA,0.0982,0.25,0.025075,0.02455,0.087989,0.086519,rebuilt_from_fixture_clean_sheet_prob
luis_mejia__pan,Luis Mejia,PAN,GK,2,CRO,0.0982,0.1717,0.017222,0.016861,0.096736,0.095776,rebuilt_from_fixture_clean_sheet_prob
luis_mejia__pan,Luis Mejia,PAN,GK,3,ENG,0.0982,0.1063,0.010662,0.010439,0.072026,0.071465,rebuilt_from_fixture_clean_sheet_prob
ahmed_nadhir_benbouali__alg,Ahmed Nadhir Benbouali,ALG,FWD,1,ARG,0.047,0.1573,,0,0.041884,0.041884,unchanged_already_consistent
ahmed_nadhir_benbouali__alg,Ahmed Nadhir Benbouali,ALG,FWD,2,JOR,0.047,0.4226,,0,0.136542,0.136543,unchanged_already_consistent
ahmed_nadhir_benbouali__alg,Ahmed Nadhir Benbouali,ALG,FWD,3,AUT,0.047,0.2766,,0,0.13993,0.13993,unchanged_already_consistent
jaminton_campaz__col,Jaminton Campaz,COL,MID,1,UZB,0.043,0.5,0.0,0,0.121172,0.121172,unchanged_already_consistent
jaminton_campaz__col,Jaminton Campaz,COL,MID,2,COD,0.043,0.5376,0.0,0,0.096966,0.096966,unchanged_already_consistent
jaminton_campaz__col,Jaminton Campaz,COL,MID,3,POR,0.043,0.25,0.0,0,0.065462,0.065464,unchanged_already_consistent
thelo_aasgaard__nor,Thelo Aasgaard,NOR,MID,1,IRQ,0.2564,0.5585,,0,0.083357,0.083357,unchanged_already_consistent
thelo_aasgaard__nor,Thelo Aasgaard,NOR,MID,2,SEN,0.2564,0.3373,,0,0.057313,0.057313,unchanged_already_consistent
thelo_aasgaard__nor,Thelo Aasgaard,NOR,MID,3,FRA,0.2564,0.2077,,0,0.049568,0.049568,unchanged_already_consistent
carlos_andres_gomez__col,Carlos Andres Gomez,COL,MID,1,UZB,0.2535,0.5,,0,0.084662,0.084662,unchanged_already_consistent
carlos_andres_gomez__col,Carlos Andres Gomez,COL,MID,2,COD,0.2535,0.5376,,0,0.058261,0.058262,unchanged_already_consistent
carlos_andres_gomez__col,Carlos Andres Gomez,COL,MID,3,POR,0.2535,0.25,,0,0.048018,0.048019,unchanged_already_consistent
noa_lang__ned,Noa Lang,NED,FWD,1,JPN,0.0446,0.3373,0.0,0,0.082301,0.082301,unchanged_already_consistent
noa_lang__ned,Noa Lang,NED,FWD,2,SWE,0.0446,0.4226,0.0,0,0.082323,0.082323,unchanged_already_consistent
noa_lang__ned,Noa Lang,NED,FWD,3,TUN,0.0446,0.4624,0.0,0,0.064123,0.064123,unchanged_already_consistent
alessandro_schopf__aut,Alessandro Schöpf,AUT,MID,1,JOR,0.043,0.4865,,0,0.132066,0.132066,unchanged_already_consistent
alessandro_schopf__aut,Alessandro Schöpf,AUT,MID,2,ARG,0.043,0.1883,,0,0.068232,0.068233,unchanged_already_consistent
alessandro_schopf__aut,Alessandro Schöpf,AUT,MID,3,ALG,0.043,0.3547,,0,0.072515,0.072515,unchanged_already_consistent
guillermo_martinez__mex,Guillermo Martínez,MEX,FWD,1,RSA,0.2456,0.5376,,0,0.082302,0.082302,unchanged_already_consistent
guillermo_martinez__mex,Guillermo Martínez,MEX,FWD,2,KOR,0.2456,0.4415,,0,0.056189,0.056189,unchanged_already_consistent
guillermo_martinez__mex,Guillermo Martínez,MEX,FWD,3,CZE,0.2456,0.411,,0,0.040662,0.040662,unchanged_already_consistent
don_deedson_louicius__hai,Don Deedson Louicius,HAI,FWD,1,SCO,0.6012,0.1573,,0,0.030802,0.030802,unchanged_already_consistent
don_deedson_louicius__hai,Don Deedson Louicius,HAI,FWD,2,BRA,0.6012,0.0461,,0,0.059517,0.059517,unchanged_already_consistent
don_deedson_louicius__hai,Don Deedson Louicius,HAI,FWD,3,MAR,0.6012,0.096,,0,0.06017,0.06017,unchanged_already_consistent
jean_michael_seri__civ,Jean Michael Seri,CIV,MID,1,ECU,0.3754,0.3119,,0,0.077707,0.077707,unchanged_already_consistent
jean_michael_seri__civ,Jean Michael Seri,CIV,MID,2,GER,0.3754,0.1573,,0,0.036837,0.036837,unchanged_already_consistent
jean_michael_seri__civ,Jean Michael Seri,CIV,MID,3,CUW,0.3754,0.5135,,0,0.034898,0.034898,unchanged_already_consistent
lucas_ramon_romero__par,Lucas Ramon Romero,PAR,MID,1,USA,0.2739,0.25,,0,0.038167,0.038167,unchanged_already_consistent
lucas_ramon_romero__par,Lucas Ramon Romero,PAR,MID,2,TUR,0.2739,0.2766,,0,0.056656,0.056656,unchanged_already_consistent
lucas_ramon_romero__par,Lucas Ramon Romero,PAR,MID,3,AUS,0.2739,0.375,,0,0.073605,0.073605,unchanged_already_consistent
yannick_semedo__cpv,Yannick Semedo,CPV,MID,1,ESP,0.3444,0.0509,,0,-0.007799,-0.007799,unchanged_already_consistent
yannick_semedo__cpv,Yannick Semedo,CPV,MID,2,URU,0.3444,0.1573,,0,0.068829,0.068829,unchanged_already_consistent
yannick_semedo__cpv,Yannick Semedo,CPV,MID,3,KSA,0.3444,0.3373,,0,0.087174,0.087174,unchanged_already_consistent
leopold_querfeld__aut,Leopold Querfeld,AUT,DEF,1,JOR,0.0465,0.4865,0.022622,0.022622,0.142651,0.142651,unchanged_already_consistent
leopold_querfeld__aut,Leopold Querfeld,AUT,DEF,2,ARG,0.0465,0.1883,0.008756,0.008756,0.054619,0.054619,unchanged_already_consistent
leopold_querfeld__aut,Leopold Querfeld,AUT,DEF,3,ALG,0.0465,0.3547,0.016494,0.016494,0.076629,0.076629,unchanged_already_consistent
mohammed_muntari__qat,Mohammed Muntari,QAT,FWD,1,SUI,0.0577,0.1063,0.0,0,0.075296,0.073072,unchanged_already_consistent
mohammed_muntari__qat,Mohammed Muntari,QAT,FWD,2,CAN,0.0577,0.1459,0.0,0,0.10726,0.105506,unchanged_already_consistent
mohammed_muntari__qat,Mohammed Muntari,QAT,FWD,3,BIH,0.0577,0.1883,0.0,0,0.106611,0.104879,unchanged_already_consistent
ederson_moraes__bra,Ederson Moraes,BRA,GK,1,MAR,0.0202,0.4624,0.009387,0.00934,0.091171,0.091039,rebuilt_from_fixture_clean_sheet_prob
ederson_moraes__bra,Ederson Moraes,BRA,GK,2,HAI,0.0202,0.6453,0.0131,0.013035,0.085452,0.085279,rebuilt_from_fixture_clean_sheet_prob
ederson_moraes__bra,Ederson Moraes,BRA,GK,3,SCO,0.0202,0.5,0.01015,0.0101,0.056645,0.05652,rebuilt_from_fixture_clean_sheet_prob
juan_quintero__col,Juan Quintero,COL,MID,1,UZB,0.0444,0.5,0.0,0,0.112536,0.112536,unchanged_already_consistent
juan_quintero__col,Juan Quintero,COL,MID,2,COD,0.0444,0.5376,0.0,0,0.090203,0.090203,unchanged_already_consistent
juan_quintero__col,Juan Quintero,COL,MID,3,POR,0.0444,0.25,0.0,0,0.058091,0.058091,unchanged_already_consistent
mortadha_ben_ouanes__tun,Mortadha Ben Ouanes,TUN,MID,1,SWE,0.0698,0.25,,0,0.025581,0.025581,unchanged_already_consistent
mortadha_ben_ouanes__tun,Mortadha Ben Ouanes,TUN,MID,2,JPN,0.0698,0.2337,,0,0.07238,0.07238,unchanged_already_consistent
mortadha_ben_ouanes__tun,Mortadha Ben Ouanes,TUN,MID,3,NED,0.0698,0.1717,,0,0.064068,0.064068,unchanged_already_consistent
janner_corozo__ecu,Janner Corozo,ECU,FWD,1,CIV,0.2545,0.4226,,0,0.044005,0.044005,unchanged_already_consistent
janner_corozo__ecu,Janner Corozo,ECU,FWD,2,CUW,0.2545,0.5585,,0,0.068126,0.068127,unchanged_already_consistent
janner_corozo__ecu,Janner Corozo,ECU,FWD,3,GER,0.2545,0.1717,,0,0.050114,0.050114,unchanged_already_consistent
luka_su_i__cro,Luka Sucic,CRO,MID,1,ENG,0.0498,0.2077,0.0,0,0.047269,0.047269,unchanged_already_consistent
luka_su_i__cro,Luka Sucic,CRO,MID,2,PAN,0.0498,0.4865,0.0,0,0.113357,0.113357,unchanged_already_consistent
luka_su_i__cro,Luka Sucic,CRO,MID,3,GHA,0.0498,0.4415,0.0,0,0.133834,0.133834,unchanged_already_consistent
jeremy_ar_valo__ecu,Jeremy Arevalo,ECU,FWD,1,CIV,0.0476,0.4226,0.0,0,0.083355,0.083355,unchanged_already_consistent
jeremy_ar_valo__ecu,Jeremy Arevalo,ECU,FWD,2,CUW,0.0476,0.5585,0.0,0,0.135804,0.135804,unchanged_already_consistent
jeremy_ar_valo__ecu,Jeremy Arevalo,ECU,FWD,3,GER,0.0476,0.1717,0.0,0,0.072421,0.072421,unchanged_already_consistent
jassem_gaber__qat,Jassem Gaber,QAT,MID,1,SUI,0.5685,0.1063,,0,0.020579,0.020579,unchanged_already_consistent
jassem_gaber__qat,Jassem Gaber,QAT,MID,2,CAN,0.5685,0.1459,,0,0.061759,0.06176,unchanged_already_consistent
jassem_gaber__qat,Jassem Gaber,QAT,MID,3,BIH,0.5685,0.1883,,0,0.061687,0.061687,unchanged_already_consistent
ger_nimo_rulli__arg,Geronimo Rulli,ARG,GK,1,ALG,0.0151,0.5135,0.008832,0.007754,0.107544,0.104579,rebuilt_from_fixture_clean_sheet_prob
ger_nimo_rulli__arg,Geronimo Rulli,ARG,GK,2,AUT,0.0151,0.4226,0.007269,0.006381,0.070461,0.06815,rebuilt_from_fixture_clean_sheet_prob
ger_nimo_rulli__arg,Geronimo Rulli,ARG,GK,3,JOR,0.0151,0.5774,0.009931,0.008719,0.068365,0.065359,rebuilt_from_fixture_clean_sheet_prob
abdulaziz_hatim_mohammed__qat,Abdulaziz Hatim Mohammed,QAT,MID,1,SUI,0.1465,0.1063,,0,0.020522,0.020522,unchanged_already_consistent
abdulaziz_hatim_mohammed__qat,Abdulaziz Hatim Mohammed,QAT,MID,2,CAN,0.1465,0.1459,,0,0.061672,0.061672,unchanged_already_consistent
abdulaziz_hatim_mohammed__qat,Abdulaziz Hatim Mohammed,QAT,MID,3,BIH,0.1465,0.1883,,0,0.061603,0.061603,unchanged_already_consistent
egil_selvik__nor,Egil Selvik,NOR,GK,1,IRQ,0.0253,0.5585,0.01413,0.01413,0.111741,0.111741,unchanged_already_consistent
egil_selvik__nor,Egil Selvik,NOR,GK,2,SEN,0.0253,0.3373,0.008534,0.008534,0.07112,0.07112,unchanged_already_consistent
egil_selvik__nor,Egil Selvik,NOR,GK,3,FRA,0.0253,0.2077,0.005255,0.005255,0.054759,0.054759,unchanged_already_consistent
john_mercado__ecu,John Mercado,ECU,FWD,1,CIV,0.0461,0.4226,0.0,0,0.08181,0.08181,unchanged_already_consistent
john_mercado__ecu,John Mercado,ECU,FWD,2,CUW,0.0461,0.5585,0.0,0,0.133221,0.133221,unchanged_already_consistent
john_mercado__ecu,John Mercado,ECU,FWD,3,GER,0.0461,0.1717,0.0,0,0.071078,0.071078,unchanged_already_consistent
nicolas_fonseca__uru,Nicolas Fonseca,URU,MID,1,KSA,0.043,0.4865,0.0,0,0.103457,0.103457,unchanged_already_consistent
nicolas_fonseca__uru,Nicolas Fonseca,URU,MID,2,CPV,0.043,0.5,0.0,0,0.093631,0.093631,unchanged_already_consistent
nicolas_fonseca__uru,Nicolas Fonseca,URU,MID,3,ESP,0.043,0.1717,0.0,0,0.051136,0.051136,unchanged_already_consistent
tomoki_hayakawa__jpn,Tomoki Hayakawa,JPN,GK,1,NED,0.0304,0.217,0.006597,0.006597,0.045922,0.045922,unchanged_already_consistent
tomoki_hayakawa__jpn,Tomoki Hayakawa,JPN,GK,2,TUN,0.0304,0.4415,0.013422,0.013422,0.081161,0.081162,unchanged_already_consistent
tomoki_hayakawa__jpn,Tomoki Hayakawa,JPN,GK,3,SWE,0.0304,0.3547,0.010783,0.010783,0.084009,0.084009,unchanged_already_consistent
diego_moreira__bel,Diego Moreira,BEL,MID,1,EGY,0.0458,0.3923,,0,0.114854,0.114854,unchanged_already_consistent
diego_moreira__bel,Diego Moreira,BEL,MID,2,IRN,0.0458,0.5,,0,0.090227,0.090228,unchanged_already_consistent
diego_moreira__bel,Diego Moreira,BEL,MID,3,NZL,0.0458,0.5135,,0,0.075398,0.075398,unchanged_already_consistent
amad_diallo__civ,Amad Diallo,CIV,FWD,1,ECU,0.1346,0.3119,,0,0.072252,0.072252,unchanged_already_consistent
amad_diallo__civ,Amad Diallo,CIV,FWD,2,GER,0.1346,0.1573,,0,0.033235,0.033235,unchanged_already_consistent
amad_diallo__civ,Amad Diallo,CIV,FWD,3,CUW,0.1346,0.5135,,0,0.031486,0.031486,unchanged_already_consistent
besfort_zeneli__swe,Besfort Zeneli,SWE,MID,1,TUN,0.0451,0.411,0.0,0,0.131305,0.131305,unchanged_already_consistent
besfort_zeneli__swe,Besfort Zeneli,SWE,MID,2,NED,0.0451,0.1883,0.0,0,0.071118,0.071118,unchanged_already_consistent
besfort_zeneli__swe,Besfort Zeneli,SWE,MID,3,JPN,0.0451,0.25,0.0,0,0.075385,0.075385,unchanged_already_consistent
ibrahim_sangare__civ,Ibrahim Sangare,CIV,MID,1,ECU,0.1728,0.3119,,0,0.071458,0.071458,unchanged_already_consistent
ibrahim_sangare__civ,Ibrahim Sangare,CIV,MID,2,GER,0.1728,0.1573,,0,0.03271,0.03271,unchanged_already_consistent
ibrahim_sangare__civ,Ibrahim Sangare,CIV,MID,3,CUW,0.1728,0.5135,,0,0.030989,0.030989,unchanged_already_consistent
alisher_odilov__uzb,Alisher Odilov,UZB,MID,1,COL,0.2457,0.1573,,0,0.025178,0.025178,unchanged_already_consistent
alisher_odilov__uzb,Alisher Odilov,UZB,MID,2,POR,0.2457,0.096,,0,0.062325,0.062325,unchanged_already_consistent
alisher_odilov__uzb,Alisher Odilov,UZB,MID,3,COD,0.2457,0.3119,,0,0.067552,0.067552,unchanged_already_consistent
cedric_itten__sui,Cedric Itten,SUI,FWD,1,QAT,0.043,0.5585,,0,0.107091,0.107091,unchanged_already_consistent
cedric_itten__sui,Cedric Itten,SUI,FWD,2,BIH,0.043,0.4624,,0,0.086784,0.086786,unchanged_already_consistent
cedric_itten__sui,Cedric Itten,SUI,FWD,3,CAN,0.043,0.3547,,0,0.078061,0.078061,unchanged_already_consistent
seko_fofana__civ,Seko Fofana,CIV,MID,1,ECU,0.5514,0.3119,,0,0.071113,0.071113,unchanged_already_consistent
seko_fofana__civ,Seko Fofana,CIV,MID,2,GER,0.5514,0.1573,,0,0.032482,0.032482,unchanged_already_consistent
seko_fofana__civ,Seko Fofana,CIV,MID,3,CUW,0.5514,0.5135,,0,0.030773,0.030773,unchanged_already_consistent
callan_elliot__nzl,Callan Elliot,NZL,DEF,1,IRN,0.043,0.25,0.01075,0.01075,0.056492,0.056492,unchanged_already_consistent
callan_elliot__nzl,Callan Elliot,NZL,DEF,2,EGY,0.043,0.217,0.009331,0.009331,0.105059,0.10506,unchanged_already_consistent
callan_elliot__nzl,Callan Elliot,NZL,DEF,3,BEL,0.043,0.1063,0.004571,0.004571,0.084909,0.084909,unchanged_already_consistent
mahmoud_saber__egy,Mahmoud Saber,EGY,MID,1,BEL,0.054,0.1717,0.0,0,0.027883,0.027282,unchanged_already_consistent
mahmoud_saber__egy,Mahmoud Saber,EGY,MID,2,NZL,0.054,0.4624,0.0,0,0.092673,0.09077,unchanged_already_consistent
mahmoud_saber__egy,Mahmoud Saber,EGY,MID,3,IRN,0.054,0.411,0.0,0,0.091057,0.08953,unchanged_already_consistent
oumar_diakite__civ,Oumar Diakite,CIV,FWD,1,ECU,0.3193,0.3119,,0,0.07025,0.07025,unchanged_already_consistent
oumar_diakite__civ,Oumar Diakite,CIV,FWD,2,GER,0.3193,0.1573,,0,0.031912,0.031912,unchanged_already_consistent
oumar_diakite__civ,Oumar Diakite,CIV,FWD,3,CUW,0.3193,0.5135,,0,0.030233,0.030233,unchanged_already_consistent
martin_zlomisli__bih,Martin Zlomislic,BIH,GK,1,CAN,0.0652,0.2337,0.014186,0.015237,0.057145,0.059967,rebuilt_from_fixture_clean_sheet_prob
martin_zlomisli__bih,Martin Zlomislic,BIH,GK,2,SUI,0.0652,0.1883,0.01143,0.012277,0.058823,0.060961,rebuilt_from_fixture_clean_sheet_prob
martin_zlomisli__bih,Martin Zlomislic,BIH,GK,3,QAT,0.0652,0.4624,0.028068,0.030148,0.116208,0.121341,rebuilt_from_fixture_clean_sheet_prob
yassine_titraoui__alg,Yassine Titraoui,ALG,MID,1,ARG,0.2481,0.1573,,0,0.006725,0.006725,unchanged_already_consistent
yassine_titraoui__alg,Yassine Titraoui,ALG,MID,2,JOR,0.2481,0.4226,,0,0.066119,0.06612,unchanged_already_consistent
yassine_titraoui__alg,Yassine Titraoui,ALG,MID,3,AUT,0.2481,0.2766,,0,0.069168,0.069168,unchanged_already_consistent
cristian_roldan__usa,Cristian Roldan,USA,MID,1,PAR,0.0573,0.411,,0,0.070299,0.070299,unchanged_already_consistent
cristian_roldan__usa,Cristian Roldan,USA,MID,2,AUS,0.0573,0.4226,,0,0.071146,0.071146,unchanged_already_consistent
cristian_roldan__usa,Cristian Roldan,USA,MID,3,TUR,0.0573,0.2766,,0,0.049209,0.049209,unchanged_already_consistent
carlos_rodriguez__mex,Carlos Rodriguez,MEX,MID,1,RSA,0.0864,0.5376,,0,0.069314,0.069314,unchanged_already_consistent
carlos_rodriguez__mex,Carlos Rodriguez,MEX,MID,2,KOR,0.0864,0.4415,,0,0.046009,0.046009,unchanged_already_consistent
carlos_rodriguez__mex,Carlos Rodriguez,MEX,MID,3,CZE,0.0864,0.411,,0,0.032252,0.032252,unchanged_already_consistent
keisuke_sako__jpn,Keisuke Osako,JPN,GK,1,NED,0.0263,0.217,0.005707,0.005707,0.040216,0.040216,unchanged_already_consistent
keisuke_sako__jpn,Keisuke Osako,JPN,GK,2,TUN,0.0263,0.4415,0.011611,0.011611,0.072479,0.072479,unchanged_already_consistent
keisuke_sako__jpn,Keisuke Osako,JPN,GK,3,SWE,0.0263,0.3547,0.009329,0.009329,0.076104,0.076104,unchanged_already_consistent
altay_bayindir__tur,Altay Bayindir,TUR,GK,1,AUS,0.0486,0.411,0.022276,0.019975,0.065194,0.058751,rebuilt_from_fixture_clean_sheet_prob
altay_bayindir__tur,Altay Bayindir,TUR,GK,2,PAR,0.0486,0.375,0.020325,0.018225,0.048059,0.042473,rebuilt_from_fixture_clean_sheet_prob
altay_bayindir__tur,Altay Bayindir,TUR,GK,3,USA,0.0486,0.2766,0.014992,0.013443,0.031049,0.027146,rebuilt_from_fixture_clean_sheet_prob
mohammed_waad__qat,Mohammed Waad,QAT,MID,1,SUI,0.5564,0.1063,,0,0.014582,0.014582,unchanged_already_consistent
mohammed_waad__qat,Mohammed Waad,QAT,MID,2,CAN,0.5564,0.1459,,0,0.052475,0.052477,unchanged_already_consistent
mohammed_waad__qat,Mohammed Waad,QAT,MID,3,BIH,0.5564,0.1883,,0,0.052624,0.052624,unchanged_already_consistent
yassin_fortune__hai,Yassin Fortune,HAI,FWD,1,SCO,0.0813,0.1573,,0,0.022248,0.022248,unchanged_already_consistent
yassin_fortune__hai,Yassin Fortune,HAI,FWD,2,BRA,0.0813,0.0461,,0,0.048188,0.048188,unchanged_already_consistent
yassin_fortune__hai,Yassin Fortune,HAI,FWD,3,MAR,0.0813,0.096,,0,0.049036,0.049036,unchanged_already_consistent
alban_lafont__civ,Alban Lafont,CIV,GK,1,ECU,0.0829,0.3119,0.025857,0.025857,0.072547,0.072547,unchanged_already_consistent
alban_lafont__civ,Alban Lafont,CIV,GK,2,GER,0.0829,0.1573,0.01304,0.01304,0.020303,0.020303,unchanged_already_consistent
alban_lafont__civ,Alban Lafont,CIV,GK,3,CUW,0.0829,0.5135,0.042569,0.042569,0.093648,0.093648,unchanged_already_consistent
christian_fassnacht__sui,Christian Fassnacht,SUI,FWD,1,QAT,0.043,0.5585,,0,0.063772,0.063772,unchanged_already_consistent
christian_fassnacht__sui,Christian Fassnacht,SUI,FWD,2,BIH,0.043,0.4624,,0,0.049755,0.049755,unchanged_already_consistent
christian_fassnacht__sui,Christian Fassnacht,SUI,FWD,3,CAN,0.043,0.3547,,0,0.044125,0.044125,unchanged_already_consistent
robin_risser__fra,Robin Risser,FRA,GK,1,SEN,0.0251,0.4624,0.011606,0.011606,0.061198,0.061198,unchanged_already_consistent
robin_risser__fra,Robin Risser,FRA,GK,2,IRQ,0.0251,0.6627,0.016634,0.016634,0.070388,0.070388,unchanged_already_consistent
robin_risser__fra,Robin Risser,FRA,GK,3,NOR,0.0251,0.375,0.009413,0.009413,0.035108,0.035108,unchanged_already_consistent
mert_gunok__tur,Mert Günok,TUR,GK,1,AUS,0.0193,0.411,0.008672,0.007932,0.084237,0.082165,rebuilt_from_fixture_clean_sheet_prob
mert_gunok__tur,Mert Günok,TUR,GK,2,PAR,0.0193,0.375,0.007912,0.007238,0.05992,0.058127,rebuilt_from_fixture_clean_sheet_prob
mert_gunok__tur,Mert Günok,TUR,GK,3,USA,0.0193,0.2766,0.005836,0.005338,0.049369,0.048114,rebuilt_from_fixture_clean_sheet_prob
brian_cipenga__cod,Brian Cipenga,COD,MID,1,POR,0.0474,0.096,0.0,0,0.025135,0.025135,unchanged_already_consistent
brian_cipenga__cod,Brian Cipenga,COD,MID,2,COL,0.0474,0.1883,0.0,0,0.083748,0.083748,unchanged_already_consistent
brian_cipenga__cod,Brian Cipenga,COD,MID,3,UZB,0.0474,0.3373,0.0,0,0.12339,0.12339,unchanged_already_consistent
derrick_luckassen__gha,Derrick Luckassen,GHA,DEF,1,PAN,0.0449,0.375,0.016838,0.016838,0.100445,0.100445,unchanged_already_consistent
derrick_luckassen__gha,Derrick Luckassen,GHA,DEF,2,ENG,0.0449,0.1192,0.005352,0.005352,0.048668,0.048668,unchanged_already_consistent
derrick_luckassen__gha,Derrick Luckassen,GHA,DEF,3,CRO,0.0449,0.217,0.009743,0.009743,0.057886,0.057886,unchanged_already_consistent
ivan_toney__eng,Ivan Toney,ENG,FWD,1,CRO,0.043,0.4118,,0,0.046328,0.046328,unchanged_already_consistent
ivan_toney__eng,Ivan Toney,ENG,FWD,2,GHA,0.043,0.5,,0,0.044912,0.044912,unchanged_already_consistent
ivan_toney__eng,Ivan Toney,ENG,FWD,3,PAN,0.043,0.5376,,0,0.02866,0.028661,unchanged_already_consistent
bamba_dieng__sen,Bamba Dieng,SEN,FWD,1,FRA,0.043,0.1573,,0,0.027905,0.027905,unchanged_already_consistent
bamba_dieng__sen,Bamba Dieng,SEN,FWD,2,NOR,0.043,0.2337,,0,0.08858,0.08858,unchanged_already_consistent
bamba_dieng__sen,Bamba Dieng,SEN,FWD,3,IRQ,0.043,0.5,,0,0.112471,0.112472,unchanged_already_consistent
amine_adli__mar,Amine Adli,MAR,FWD,1,BRA,0.043,0.1883,,0,0.026659,0.026659,unchanged_already_consistent
amine_adli__mar,Amine Adli,MAR,FWD,2,SCO,0.043,0.411,,0,0.0703,0.0703,unchanged_already_consistent
amine_adli__mar,Amine Adli,MAR,FWD,3,HAI,0.043,0.5585,,0,0.09217,0.092171,unchanged_already_consistent
derrick_etienne__hai,Derrick Etienne Jr.,HAI,FWD,1,SCO,0.1052,0.1573,,0,0.03881,0.03881,unchanged_already_consistent
derrick_etienne__hai,Derrick Etienne Jr.,HAI,FWD,2,BRA,0.1052,0.0461,,0,0.070122,0.070124,unchanged_already_consistent
derrick_etienne__hai,Derrick Etienne Jr.,HAI,FWD,3,MAR,0.1052,0.096,,0,0.070592,0.070592,unchanged_already_consistent
godfried_roemeratoe__cuw,Godfried Roemeratoe,CUW,MID,1,GER,0.0753,0.0335,0.0,0,0.005071,0.005071,unchanged_already_consistent
godfried_roemeratoe__cuw,Godfried Roemeratoe,CUW,MID,2,ECU,0.0753,0.1192,0.0,0,0.090886,0.090886,unchanged_already_consistent
godfried_roemeratoe__cuw,Godfried Roemeratoe,CUW,MID,3,CIV,0.0753,0.1358,0.0,0,0.11051,0.110513,unchanged_already_consistent
gonzalo_valle__ecu,Gonzalo Valle,ECU,GK,1,CIV,0.0457,0.4226,0.019313,0.019313,0.048835,0.048835,unchanged_already_consistent
gonzalo_valle__ecu,Gonzalo Valle,ECU,GK,2,CUW,0.0457,0.5585,0.025523,0.025523,0.075445,0.075445,unchanged_already_consistent
gonzalo_valle__ecu,Gonzalo Valle,ECU,GK,3,GER,0.0457,0.1717,0.007847,0.007847,0.020062,0.020062,unchanged_already_consistent
toni_fruk__cro,Toni Fruk,CRO,MID,1,ENG,0.0476,0.2077,,0,0.015896,0.015896,unchanged_already_consistent
toni_fruk__cro,Toni Fruk,CRO,MID,2,PAN,0.0476,0.4865,,0,0.048995,0.048997,unchanged_already_consistent
toni_fruk__cro,Toni Fruk,CRO,MID,3,GHA,0.0476,0.4415,,0,0.064258,0.064259,unchanged_already_consistent
nicolas_pepe__civ,Nicolas Pepe,CIV,FWD,1,ECU,0.3299,0.3119,,0,0.060635,0.060635,unchanged_already_consistent
nicolas_pepe__civ,Nicolas Pepe,CIV,FWD,2,GER,0.3299,0.1573,,0,0.025563,0.025563,unchanged_already_consistent
nicolas_pepe__civ,Nicolas Pepe,CIV,FWD,3,CUW,0.3299,0.5135,,0,0.024217,0.024217,unchanged_already_consistent
dominik_kotarski__cro,Dominik Kotarski,CRO,GK,1,ENG,0.0263,0.2077,0.005463,0.005463,0.025568,0.025568,unchanged_already_consistent
dominik_kotarski__cro,Dominik Kotarski,CRO,GK,2,PAN,0.0263,0.4865,0.012795,0.012795,0.075166,0.075166,unchanged_already_consistent
dominik_kotarski__cro,Dominik Kotarski,CRO,GK,3,GHA,0.0263,0.4415,0.011611,0.011611,0.084738,0.084738,unchanged_already_consistent
justin_bijlow__ned,Justin Bijlow,NED,GK,1,JPN,0.0159,0.3373,0.005363,0.005363,0.068908,0.068908,unchanged_already_consistent
justin_bijlow__ned,Justin Bijlow,NED,GK,2,SWE,0.0159,0.4226,0.006719,0.006719,0.069051,0.069052,unchanged_already_consistent
justin_bijlow__ned,Justin Bijlow,NED,GK,3,TUN,0.0159,0.4624,0.007352,0.007352,0.055164,0.055165,unchanged_already_consistent
payam_niazmand__irn,Payam Niazmand,IRN,GK,1,NZL,0.0311,0.411,0.012782,0.012782,0.111308,0.111308,unchanged_already_consistent
payam_niazmand__irn,Payam Niazmand,IRN,GK,2,BEL,0.0311,0.1459,0.004537,0.004537,0.043902,0.043903,unchanged_already_consistent
payam_niazmand__irn,Payam Niazmand,IRN,GK,3,EGY,0.0311,0.2904,0.009031,0.009031,0.057097,0.057097,unchanged_already_consistent
luciano_valente__ned,Luciano Valente,NED,MID,1,JPN,0.0472,0.3373,,0,0.063658,0.063658,unchanged_already_consistent
luciano_valente__ned,Luciano Valente,NED,MID,2,SWE,0.0472,0.4226,,0,0.060455,0.060456,unchanged_already_consistent
luciano_valente__ned,Luciano Valente,NED,MID,3,TUN,0.0472,0.4624,,0,0.044312,0.044312,unchanged_already_consistent
abolfazl_jalali__irn,Abolfazl Jalali,IRN,DEF,1,NZL,0.043,0.411,0.017673,0.017673,0.096979,0.096979,unchanged_already_consistent
abolfazl_jalali__irn,Abolfazl Jalali,IRN,DEF,2,BEL,0.043,0.1459,0.006274,0.006274,0.034162,0.034162,unchanged_already_consistent
abolfazl_jalali__irn,Abolfazl Jalali,IRN,DEF,3,EGY,0.043,0.2904,0.012487,0.012487,0.048241,0.048242,unchanged_already_consistent
jordy_caicedo__ecu,Jordy Caicedo,ECU,FWD,1,CIV,0.2493,0.4226,,0,0.025403,0.025403,unchanged_already_consistent
jordy_caicedo__ecu,Jordy Caicedo,ECU,FWD,2,CUW,0.2493,0.5585,,0,0.045246,0.045246,unchanged_already_consistent
jordy_caicedo__ecu,Jordy Caicedo,ECU,FWD,3,GER,0.2493,0.1717,,0,0.031291,0.031292,unchanged_already_consistent
khalil_ayari__tun,Khalil Ayari,TUN,MID,1,SWE,0.3491,0.25,,0,0.010546,0.010546,unchanged_already_consistent
khalil_ayari__tun,Khalil Ayari,TUN,MID,2,JPN,0.3491,0.2337,,0,0.048534,0.048534,unchanged_already_consistent
khalil_ayari__tun,Khalil Ayari,TUN,MID,3,NED,0.3491,0.1717,,0,0.042373,0.042373,unchanged_already_consistent
anis_hadj_moussa__alg,Anis Hadj Moussa,ALG,FWD,1,ARG,0.043,0.1573,0.0,0,0.008841,0.008841,unchanged_already_consistent
anis_hadj_moussa__alg,Anis Hadj Moussa,ALG,FWD,2,JOR,0.043,0.4226,0.0,0,0.080312,0.080312,unchanged_already_consistent
anis_hadj_moussa__alg,Anis Hadj Moussa,ALG,FWD,3,AUT,0.043,0.2766,0.0,0,0.070141,0.070141,unchanged_already_consistent
mohammad_khalife__irn,Mohammad Khalife,IRN,GK,1,NZL,0.0251,0.411,0.010316,0.010316,0.104022,0.104022,unchanged_already_consistent
mohammad_khalife__irn,Mohammad Khalife,IRN,GK,2,BEL,0.0251,0.1459,0.003662,0.003662,0.041595,0.041595,unchanged_already_consistent
mohammad_khalife__irn,Mohammad Khalife,IRN,GK,3,EGY,0.0251,0.2904,0.007289,0.007289,0.052685,0.052685,unchanged_already_consistent
nishan_velupillay__aus,Nishan Velupillay,AUS,FWD,1,TUR,0.0461,0.2077,,0,0.034371,0.034371,unchanged_already_consistent
nishan_velupillay__aus,Nishan Velupillay,AUS,FWD,2,USA,0.0461,0.2077,,0,0.05428,0.05428,unchanged_already_consistent
nishan_velupillay__aus,Nishan Velupillay,AUS,FWD,3,PAR,0.0461,0.2678,,0,0.056323,0.056323,unchanged_already_consistent
mehdi_dorval__alg,Mehdi Dorval,ALG,DEF,1,ARG,0.0441,0.1573,0.006937,0.006937,0.010095,0.010095,unchanged_already_consistent
mehdi_dorval__alg,Mehdi Dorval,ALG,DEF,2,JOR,0.0441,0.4226,0.018637,0.018637,0.086544,0.086544,unchanged_already_consistent
mehdi_dorval__alg,Mehdi Dorval,ALG,DEF,3,AUT,0.0441,0.2766,0.012198,0.012198,0.071812,0.071812,unchanged_already_consistent
pape_cherif_ndiaye__sen,Pape Cherif Ndiaye,SEN,FWD,1,FRA,0.238,0.1573,,0,-0.000352,-0.000352,unchanged_already_consistent
pape_cherif_ndiaye__sen,Pape Cherif Ndiaye,SEN,FWD,2,NOR,0.238,0.2337,,0,0.039223,0.039223,unchanged_already_consistent
pape_cherif_ndiaye__sen,Pape Cherif Ndiaye,SEN,FWD,3,IRQ,0.238,0.5,,0,0.055355,0.055356,unchanged_already_consistent
ross_stewart__sco,Ross Stewart,SCO,FWD,1,HAI,0.0386,0.4865,,0,0.085674,0.085674,unchanged_already_consistent
ross_stewart__sco,Ross Stewart,SCO,FWD,2,MAR,0.0386,0.25,,0,0.054978,0.054978,unchanged_already_consistent
ross_stewart__sco,Ross Stewart,SCO,FWD,3,BRA,0.0386,0.1358,,0,0.049564,0.049564,unchanged_already_consistent
frans_dhia_putros__irq,Frans Dhia Putros,IRQ,DEF,1,NOR,0.0788,0.096,0.007565,0.007565,0.022925,0.022925,unchanged_already_consistent
frans_dhia_putros__irq,Frans Dhia Putros,IRQ,DEF,2,FRA,0.0788,0.0643,0.005067,0.005067,0.04121,0.04121,unchanged_already_consistent
frans_dhia_putros__irq,Frans Dhia Putros,IRQ,DEF,3,SEN,0.0788,0.1573,0.012395,0.012395,0.056967,0.056968,unchanged_already_consistent
oussama_targhalline__mar,Oussama Targhalline,MAR,MID,1,BRA,0.0434,0.1883,0.0,0,0.010503,0.010503,unchanged_already_consistent
oussama_targhalline__mar,Oussama Targhalline,MAR,MID,2,SCO,0.0434,0.411,0.0,0,0.053883,0.053883,unchanged_already_consistent
oussama_targhalline__mar,Oussama Targhalline,MAR,MID,3,HAI,0.0434,0.5585,0.0,0,0.083996,0.083996,unchanged_already_consistent
mohammad_al_dawoud__jor,Mohammad Al-Dawoud,JOR,MID,1,AUT,0.043,0.1192,,0,0.022471,0.022471,unchanged_already_consistent
mohammad_al_dawoud__jor,Mohammad Al-Dawoud,JOR,MID,2,ALG,0.043,0.1883,,0,0.087238,0.087238,unchanged_already_consistent
mohammad_al_dawoud__jor,Mohammad Al-Dawoud,JOR,MID,3,ARG,0.043,0.0871,,0,0.075849,0.075849,unchanged_already_consistent
yaimar_medina__ecu,Yaimar Medina,ECU,MID,1,CIV,0.046,0.4226,0.0,0,0.04982,0.049821,unchanged_already_consistent
yaimar_medina__ecu,Yaimar Medina,ECU,MID,2,CUW,0.046,0.5585,0.0,0,0.079887,0.079887,unchanged_already_consistent
yaimar_medina__ecu,Yaimar Medina,ECU,MID,3,GER,0.046,0.1717,0.0,0,0.053469,0.053469,unchanged_already_consistent
emiliano_martinez_toranza__uru,Emiliano Martinez Toranza,URU,MID,1,KSA,0.048,0.4865,,0,0.059728,0.059728,unchanged_already_consistent
emiliano_martinez_toranza__uru,Emiliano Martinez Toranza,URU,MID,2,CPV,0.048,0.5,,0,0.046002,0.046002,unchanged_already_consistent
emiliano_martinez_toranza__uru,Emiliano Martinez Toranza,URU,MID,3,ESP,0.048,0.1717,,0,0.031999,0.031999,unchanged_already_consistent
yehvann_diouf__sen,Yehvann Diouf,SEN,GK,1,FRA,0.0615,0.1573,0.009674,0.009674,-0.00526,-0.00526,unchanged_already_consistent
yehvann_diouf__sen,Yehvann Diouf,SEN,GK,2,NOR,0.0615,0.2337,0.014373,0.014373,0.021567,0.021567,unchanged_already_consistent
yehvann_diouf__sen,Yehvann Diouf,SEN,GK,3,IRQ,0.0615,0.5,0.03075,0.03075,0.068172,0.068172,unchanged_already_consistent
jan_kliment__cze,Jan Kliment,CZE,FWD,1,KOR,0.043,0.3119,,0,0.100761,0.100761,unchanged_already_consistent
jan_kliment__cze,Jan Kliment,CZE,FWD,2,RSA,0.043,0.411,,0,0.040394,0.040394,unchanged_already_consistent
jan_kliment__cze,Jan Kliment,CZE,FWD,3,MEX,0.043,0.217,,0,0.038268,0.038268,unchanged_already_consistent
matias_galarza_fonda__par,Matias Galarza Fonda,PAR,MID,1,USA,0.0494,0.25,,0,0.014233,0.014233,unchanged_already_consistent
matias_galarza_fonda__par,Matias Galarza Fonda,PAR,MID,2,TUR,0.0494,0.2766,,0,0.028382,0.028382,unchanged_already_consistent
matias_galarza_fonda__par,Matias Galarza Fonda,PAR,MID,3,AUS,0.0494,0.375,,0,0.041407,0.041408,unchanged_already_consistent
brice_samba__fra,Brice Samba,FRA,GK,1,SEN,0.0343,0.4624,0.01586,0.01586,0.026613,0.026613,unchanged_already_consistent
brice_samba__fra,Brice Samba,FRA,GK,2,IRQ,0.0343,0.6627,0.022731,0.022731,0.043098,0.043098,unchanged_already_consistent
brice_samba__fra,Brice Samba,FRA,GK,3,NOR,0.0343,0.375,0.012862,0.012862,0.010486,0.010486,unchanged_already_consistent
matthieu_epolo__cod,Matthieu Epolo,COD,GK,1,POR,0.0251,0.096,0.00241,0.00241,0.004667,0.004667,unchanged_already_consistent
matthieu_epolo__cod,Matthieu Epolo,COD,GK,2,COL,0.0251,0.1883,0.004726,0.004726,0.055449,0.055449,unchanged_already_consistent
matthieu_epolo__cod,Matthieu Epolo,COD,GK,3,UZB,0.0251,0.3373,0.008466,0.008466,0.083004,0.083005,unchanged_already_consistent
carlos_acevedo__mex,Carlos Acevedo,MEX,GK,1,RSA,0.0251,0.5376,0.013494,0.013494,0.056592,0.056592,unchanged_already_consistent
carlos_acevedo__mex,Carlos Acevedo,MEX,GK,2,KOR,0.0251,0.4415,0.011082,0.011082,0.035905,0.035905,unchanged_already_consistent
carlos_acevedo__mex,Carlos Acevedo,MEX,GK,3,CZE,0.0251,0.411,0.010316,0.010316,0.025548,0.025548,unchanged_already_consistent
kento_shiogai__jpn,Kento Shiogai,JPN,FWD,1,NED,0.047,0.217,,0,0.026055,0.026055,unchanged_already_consistent
kento_shiogai__jpn,Kento Shiogai,JPN,FWD,2,TUN,0.047,0.4415,,0,0.043595,0.043595,unchanged_already_consistent
kento_shiogai__jpn,Kento Shiogai,JPN,FWD,3,SWE,0.047,0.3547,,0,0.054688,0.054688,unchanged_already_consistent
dostonbek_khamdamov__uzb,Dostonbek Khamdamov,UZB,MID,1,COL,0.0671,0.1573,,0,0.025308,0.025308,unchanged_already_consistent
dostonbek_khamdamov__uzb,Dostonbek Khamdamov,UZB,MID,2,POR,0.0671,0.096,,0,0.062517,0.062517,unchanged_already_consistent
dostonbek_khamdamov__uzb,Dostonbek Khamdamov,UZB,MID,3,COD,0.0671,0.3119,,0,0.067748,0.067748,unchanged_already_consistent
parfait_guiagon__civ,Parfait Guiagon,CIV,MID,1,ECU,0.2891,0.3119,,0,0.042993,0.042993,unchanged_already_consistent
parfait_guiagon__civ,Parfait Guiagon,CIV,MID,2,GER,0.2891,0.1573,,0,0.013912,0.013912,unchanged_already_consistent
parfait_guiagon__civ,Parfait Guiagon,CIV,MID,3,CUW,0.2891,0.5135,,0,0.01318,0.01318,unchanged_already_consistent
christopher_bonsu_baah__gha,Christopher Bonsu Baah,GHA,FWD,1,PAN,0.0526,0.375,,0,0.05041,0.05041,unchanged_already_consistent
christopher_bonsu_baah__gha,Christopher Bonsu Baah,GHA,FWD,2,ENG,0.0526,0.1192,,0,0.027747,0.027747,unchanged_already_consistent
christopher_bonsu_baah__gha,Christopher Bonsu Baah,GHA,FWD,3,CRO,0.0526,0.217,,0,0.029019,0.029019,unchanged_already_consistent
simon_banza__cod,Simon Banza,COD,FWD,1,POR,0.0629,0.096,,0,-0.004851,-0.004851,unchanged_already_consistent
simon_banza__cod,Simon Banza,COD,FWD,2,COL,0.0629,0.1883,,0,0.037651,0.037651,unchanged_already_consistent
simon_banza__cod,Simon Banza,COD,FWD,3,UZB,0.0629,0.3373,,0,0.055501,0.055501,unchanged_already_consistent
jin_seob_park__kor,Jin-seob Park,KOR,MID,1,CZE,0.0687,0.3119,,0,0.031709,0.031709,unchanged_already_consistent
jin_seob_park__kor,Jin-seob Park,KOR,MID,2,MEX,0.0687,0.2337,,0,0.022675,0.022675,unchanged_already_consistent
jin_seob_park__kor,Jin-seob Park,KOR,MID,3,RSA,0.0687,0.3923,,0,0.026485,0.026485,unchanged_already_consistent
paul_izzo__aus,Paul Izzo,AUS,GK,1,TUR,0.0268,0.2077,0.005649,0.005566,0.037676,0.037452,rebuilt_from_fixture_clean_sheet_prob
paul_izzo__aus,Paul Izzo,AUS,GK,2,USA,0.0268,0.2077,0.005649,0.005566,0.054401,0.054188,rebuilt_from_fixture_clean_sheet_prob
paul_izzo__aus,Paul Izzo,AUS,GK,3,PAR,0.0268,0.2678,0.007284,0.007177,0.059875,0.059613,rebuilt_from_fixture_clean_sheet_prob
gilson_benchimol_tavares__cpv,Gilson Benchimol Tavares,CPV,FWD,1,ESP,0.063,0.0509,,0,-0.017567,-0.017567,unchanged_already_consistent
gilson_benchimol_tavares__cpv,Gilson Benchimol Tavares,CPV,FWD,2,URU,0.063,0.1573,,0,0.041901,0.041901,unchanged_already_consistent
gilson_benchimol_tavares__cpv,Gilson Benchimol Tavares,CPV,FWD,3,KSA,0.063,0.3373,,0,0.056579,0.056579,unchanged_already_consistent
callum_elder__aus,Callum Elder,AUS,DEF,1,TUR,0.0386,0.2077,0.008017,0.008017,0.031484,0.031484,unchanged_already_consistent
callum_elder__aus,Callum Elder,AUS,DEF,2,USA,0.0386,0.2077,0.008017,0.008017,0.04495,0.04495,unchanged_already_consistent
callum_elder__aus,Callum Elder,AUS,DEF,3,PAR,0.0386,0.2678,0.010337,0.010337,0.052229,0.05223,unchanged_already_consistent
ahmed_alaaeldin_abdelmotaal__qat,Ahmed Alaaeldin Abdelmotaal,QAT,FWD,1,SUI,0.4247,0.1063,,0,-0.002579,-0.002579,unchanged_already_consistent
ahmed_alaaeldin_abdelmotaal__qat,Ahmed Alaaeldin Abdelmotaal,QAT,FWD,2,CAN,0.4247,0.1459,,0,0.025909,0.025909,unchanged_already_consistent
ahmed_alaaeldin_abdelmotaal__qat,Ahmed Alaaeldin Abdelmotaal,QAT,FWD,3,BIH,0.4247,0.1883,,0,0.026681,0.026681,unchanged_already_consistent
nabil_dunga_emad__egy,Nabil 'Dunga' Emad,EGY,MID,1,BEL,0.2487,0.1717,,0,-0.005343,-0.005343,unchanged_already_consistent
nabil_dunga_emad__egy,Nabil 'Dunga' Emad,EGY,MID,2,NZL,0.2487,0.4624,,0,0.022823,0.022823,unchanged_already_consistent
nabil_dunga_emad__egy,Nabil 'Dunga' Emad,EGY,MID,3,IRN,0.2487,0.411,,0,0.027194,0.027194,unchanged_already_consistent
yousef_abu_al_jazar__jor,Yousef Abu Al-Jazar,JOR,DEF,1,AUT,0.043,0.1192,0.005126,0.005126,0.00958,0.00958,unchanged_already_consistent
yousef_abu_al_jazar__jor,Yousef Abu Al-Jazar,JOR,DEF,2,ALG,0.043,0.1883,0.008097,0.008097,0.061134,0.061134,unchanged_already_consistent
yousef_abu_al_jazar__jor,Yousef Abu Al-Jazar,JOR,DEF,3,ARG,0.043,0.0871,0.003745,0.003745,0.044186,0.044186,unchanged_already_consistent
kevin_yakob__irq,Kevin Yakob,IRQ,MID,1,NOR,0.0832,0.096,0.0,0,0.021699,0.021699,unchanged_already_consistent
kevin_yakob__irq,Kevin Yakob,IRQ,MID,2,FRA,0.0832,0.0643,0.0,0,0.044699,0.044699,unchanged_already_consistent
kevin_yakob__irq,Kevin Yakob,IRQ,MID,3,SEN,0.0832,0.1573,0.0,0,0.046517,0.046517,unchanged_already_consistent
patrick_beach__aus,Patrick Beach,AUS,GK,1,TUR,0.0801,0.2077,0.005525,0.016637,0.033088,0.062794,rebuilt_from_fixture_clean_sheet_prob
patrick_beach__aus,Patrick Beach,AUS,GK,2,USA,0.0801,0.2077,0.005525,0.016637,0.048946,0.077166,rebuilt_from_fixture_clean_sheet_prob
patrick_beach__aus,Patrick Beach,AUS,GK,3,PAR,0.0801,0.2678,0.007123,0.021451,0.054365,0.089204,rebuilt_from_fixture_clean_sheet_prob
muhammed_sengezer__tur,Muhammed Sengezer,TUR,GK,1,AUS,0.0151,0.411,0.006206,0.006206,0.057243,0.057243,unchanged_already_consistent
muhammed_sengezer__tur,Muhammed Sengezer,TUR,GK,2,PAR,0.0151,0.375,0.005662,0.005662,0.038154,0.038154,unchanged_already_consistent
muhammed_sengezer__tur,Muhammed Sengezer,TUR,GK,3,USA,0.0151,0.2766,0.004177,0.004177,0.030634,0.030634,unchanged_already_consistent
david_hoilett__can,David 'Junior' Hoilett,CAN,MID,1,BIH,0.25,0.4226,,0,0.012385,0.012384,unchanged_already_consistent
david_hoilett__can,David 'Junior' Hoilett,CAN,MID,2,QAT,0.25,0.5774,,0,0.019524,0.019524,unchanged_already_consistent
david_hoilett__can,David 'Junior' Hoilett,CAN,MID,3,SUI,0.25,0.25,,0,0.004545,0.004545,unchanged_already_consistent
hyun_jun_yang__kor,Hyun-Jun Yang,KOR,MID,1,CZE,0.043,0.3119,,0,0.035713,0.035713,unchanged_already_consistent
hyun_jun_yang__kor,Hyun-Jun Yang,KOR,MID,2,MEX,0.043,0.2337,,0,0.026112,0.026112,unchanged_already_consistent
hyun_jun_yang__kor,Hyun-Jun Yang,KOR,MID,3,RSA,0.043,0.3923,,0,0.029988,0.029988,unchanged_already_consistent
mahmoud_abunada__qat,Mahmoud Abunada,QAT,GK,1,SUI,0.3828,0.1063,0.010035,0.040692,0.002104,0.10668,rebuilt_from_fixture_clean_sheet_prob
mahmoud_abunada__qat,Mahmoud Abunada,QAT,GK,2,CAN,0.3828,0.1459,0.013773,0.055851,0.026298,0.167231,rebuilt_from_fixture_clean_sheet_prob
mahmoud_abunada__qat,Mahmoud Abunada,QAT,GK,3,BIH,0.3828,0.1883,0.017776,0.072081,0.036084,0.201254,rebuilt_from_fixture_clean_sheet_prob
carlos_miguel_coronel__par,Carlos Miguel Coronel,PAR,GK,1,USA,0.0371,0.25,0.006175,0.009275,0.026278,0.034958,rebuilt_from_fixture_clean_sheet_prob
carlos_miguel_coronel__par,Carlos Miguel Coronel,PAR,GK,2,TUR,0.0371,0.2766,0.006832,0.010262,0.040358,0.049482,rebuilt_from_fixture_clean_sheet_prob
carlos_miguel_coronel__par,Carlos Miguel Coronel,PAR,GK,3,AUS,0.0371,0.375,0.009262,0.013913,0.057692,0.069414,rebuilt_from_fixture_clean_sheet_prob
ermin_mahmic__bih,Ermin Mahmic,BIH,MID,1,CAN,0.0465,0.2337,,0,0.025415,0.025415,unchanged_already_consistent
ermin_mahmic__bih,Ermin Mahmic,BIH,MID,2,SUI,0.0465,0.1883,,0,0.037112,0.037112,unchanged_already_consistent
ermin_mahmic__bih,Ermin Mahmic,BIH,MID,3,QAT,0.0465,0.4624,,0,0.055431,0.055431,unchanged_already_consistent
bazoumana_toure__civ,Bazoumana Toure,CIV,FWD,1,ECU,0.2658,0.3119,,0,0.021881,0.021881,unchanged_already_consistent
bazoumana_toure__civ,Bazoumana Toure,CIV,FWD,2,GER,0.2658,0.1573,,0,-0.00003,-3e-05,unchanged_already_consistent
bazoumana_toure__civ,Bazoumana Toure,CIV,FWD,3,CUW,0.2658,0.5135,,0,-0.000029,-2.9e-05,unchanged_already_consistent
fahad_talib__irq,Fahad Talib,IRQ,GK,1,NOR,0.082,0.096,0.007872,0.007872,0.009506,0.009506,unchanged_already_consistent
fahad_talib__irq,Fahad Talib,IRQ,GK,2,FRA,0.082,0.0643,0.005273,0.005273,0.01857,0.018571,unchanged_already_consistent
fahad_talib__irq,Fahad Talib,IRQ,GK,3,SEN,0.082,0.1573,0.012899,0.012899,0.038993,0.038994,unchanged_already_consistent
jacen_russell_rowe__can,Jacen Russell-Rowe,CAN,FWD,1,BIH,0.2257,0.4226,,0,0.006321,0.00632,unchanged_already_consistent
jacen_russell_rowe__can,Jacen Russell-Rowe,CAN,FWD,2,QAT,0.2257,0.5774,,0,0.013009,0.013009,unchanged_already_consistent
jacen_russell_rowe__can,Jacen Russell-Rowe,CAN,FWD,3,SUI,0.2257,0.25,,0,-0.000271,-0.000271,unchanged_already_consistent
marvin_keller__sui,Marvin Keller,SUI,GK,1,QAT,0.0151,0.5585,0.008433,0.008433,0.04662,0.04662,unchanged_already_consistent
marvin_keller__sui,Marvin Keller,SUI,GK,2,BIH,0.0151,0.4624,0.006982,0.006982,0.033481,0.033481,unchanged_already_consistent
marvin_keller__sui,Marvin Keller,SUI,GK,3,CAN,0.0151,0.3547,0.005356,0.005356,0.02569,0.02569,unchanged_already_consistent
nuno_da_costa__cpv,Nuno da Costa,CPV,FWD,1,ESP,0.2764,0.0509,,0,-0.026869,-0.026869,unchanged_already_consistent
nuno_da_costa__cpv,Nuno da Costa,CPV,FWD,2,URU,0.2764,0.1573,,0,0.01626,0.016262,unchanged_already_consistent
nuno_da_costa__cpv,Nuno da Costa,CPV,FWD,3,KSA,0.2764,0.3373,,0,0.027446,0.027446,unchanged_already_consistent
lukas_hornicek__cze,Lukas Hornicek,CZE,GK,1,KOR,0.0626,0.3119,0.019525,0.019525,0.035155,0.035155,unchanged_already_consistent
lukas_hornicek__cze,Lukas Hornicek,CZE,GK,2,RSA,0.0626,0.411,0.025729,0.025729,0.038712,0.038712,unchanged_already_consistent
lukas_hornicek__cze,Lukas Hornicek,CZE,GK,3,MEX,0.0626,0.217,0.013584,0.013584,0.006069,0.006069,unchanged_already_consistent
marco_pasalic__cro,Marco Pasalic,CRO,FWD,1,ENG,0.2677,0.2077,,0,-0.01151,-0.01151,unchanged_already_consistent
marco_pasalic__cro,Marco Pasalic,CRO,FWD,2,PAN,0.2677,0.4865,,0,0.008865,0.008865,unchanged_already_consistent
marco_pasalic__cro,Marco Pasalic,CRO,FWD,3,GHA,0.2677,0.4415,,0,0.018819,0.018819,unchanged_already_consistent
fares_ghedjemis__alg,Fares Ghedjemis,ALG,FWD,1,ARG,0.047,0.1573,,0,-0.000434,-0.000434,unchanged_already_consistent
fares_ghedjemis__alg,Fares Ghedjemis,ALG,FWD,2,JOR,0.047,0.4226,,0,0.05178,0.05178,unchanged_already_consistent
fares_ghedjemis__alg,Fares Ghedjemis,ALG,FWD,3,AUT,0.047,0.2766,,0,0.054758,0.054759,unchanged_already_consistent
daniel_nana_agyei__gha,Daniel Nana Agyei,GHA,FWD,1,PAN,0.043,0.375,,0,0.050564,0.050564,unchanged_already_consistent
daniel_nana_agyei__gha,Daniel Nana Agyei,GHA,FWD,2,ENG,0.043,0.1192,,0,0.027862,0.027863,unchanged_already_consistent
daniel_nana_agyei__gha,Daniel Nana Agyei,GHA,FWD,3,CRO,0.043,0.217,,0,0.029132,0.029132,unchanged_already_consistent
wilguens_paugain__hai,Wilguens Paugain,HAI,DEF,1,SCO,0.0452,0.1573,0.007047,0.00711,0.020259,0.020398,rebuilt_from_fixture_clean_sheet_prob
wilguens_paugain__hai,Wilguens Paugain,HAI,DEF,2,BRA,0.0452,0.0461,0.002065,0.002084,0.027757,0.027797,rebuilt_from_fixture_clean_sheet_prob
wilguens_paugain__hai,Wilguens Paugain,HAI,DEF,3,MAR,0.0452,0.096,0.004301,0.004339,0.033516,0.033591,rebuilt_from_fixture_clean_sheet_prob
adil_aouchiche__alg,Adil Aouchiche,ALG,MID,1,ARG,0.0464,0.1573,,0,-0.000434,-0.000434,unchanged_already_consistent
adil_aouchiche__alg,Adil Aouchiche,ALG,MID,2,JOR,0.0464,0.4226,,0,0.05178,0.05178,unchanged_already_consistent
adil_aouchiche__alg,Adil Aouchiche,ALG,MID,3,AUT,0.0464,0.2766,,0,0.054758,0.054759,unchanged_already_consistent
patrick_yazbek__aus,Patrick Yazbek,AUS,MID,1,TUR,0.0435,0.2077,0.0,0,0.026328,0.026328,unchanged_already_consistent
patrick_yazbek__aus,Patrick Yazbek,AUS,MID,2,USA,0.0435,0.2077,0.0,0,0.037037,0.037037,unchanged_already_consistent
patrick_yazbek__aus,Patrick Yazbek,AUS,MID,3,PAR,0.0435,0.2678,0.0,0,0.04262,0.04262,unchanged_already_consistent
ricardo_velho__por,Ricardo Velho,POR,GK,1,COD,0.0151,0.5,0.00755,0.00755,0.036236,0.036236,unchanged_already_consistent
ricardo_velho__por,Ricardo Velho,POR,GK,2,UZB,0.0151,0.5,0.00755,0.00755,0.023016,0.023016,unchanged_already_consistent
ricardo_velho__por,Ricardo Velho,POR,GK,3,COL,0.0151,0.3547,0.005356,0.005356,0.006948,0.006948,unchanged_already_consistent
timothy_fayulu__cod,Timothy Fayulu,COD,GK,1,POR,0.0255,0.096,0.002448,0.002448,-0.003813,-0.003813,unchanged_already_consistent
timothy_fayulu__cod,Timothy Fayulu,COD,GK,2,COL,0.0255,0.1883,0.004802,0.004802,0.039456,0.039457,unchanged_already_consistent
timothy_fayulu__cod,Timothy Fayulu,COD,GK,3,UZB,0.0255,0.3373,0.008601,0.008601,0.06423,0.064231,unchanged_already_consistent
matias_fernandez_pardo__bel,Matias Fernandez-Pardo,BEL,FWD,1,EGY,0.0465,0.3923,,0,0.020911,0.020911,unchanged_already_consistent
matias_fernandez_pardo__bel,Matias Fernandez-Pardo,BEL,FWD,2,IRN,0.0465,0.5,,0,0.011743,0.011743,unchanged_already_consistent
matias_fernandez_pardo__bel,Matias Fernandez-Pardo,BEL,FWD,3,NZL,0.0465,0.5135,,0,0.006789,0.006789,unchanged_already_consistent
el_mehdi_al_harrar__mar,El Mehdi Al Harrar,MAR,GK,1,BRA,0.0185,0.1883,0.003484,0.003484,0.000438,0.000438,unchanged_already_consistent
el_mehdi_al_harrar__mar,El Mehdi Al Harrar,MAR,GK,2,SCO,0.0185,0.411,0.007603,0.007603,0.03524,0.03524,unchanged_already_consistent
el_mehdi_al_harrar__mar,El Mehdi Al Harrar,MAR,GK,3,HAI,0.0185,0.5585,0.010332,0.010332,0.053832,0.053832,unchanged_already_consistent
jens_petter_hauge__nor,Jens Petter Hauge,NOR,MID,1,IRQ,0.043,0.5585,,0,0.024181,0.024181,unchanged_already_consistent
jens_petter_hauge__nor,Jens Petter Hauge,NOR,MID,2,SEN,0.043,0.3373,,0,0.010803,0.010803,unchanged_already_consistent
jens_petter_hauge__nor,Jens Petter Hauge,NOR,MID,3,FRA,0.043,0.2077,,0,0.007604,0.007604,unchanged_already_consistent
sondre_langas__nor,Sondre Langås,NOR,DEF,1,IRQ,0.0472,0.5585,0.026361,0.026361,0.039816,0.039816,unchanged_already_consistent
sondre_langas__nor,Sondre Langås,NOR,DEF,2,SEN,0.0472,0.3373,0.015921,0.015921,0.010786,0.010786,unchanged_already_consistent
sondre_langas__nor,Sondre Langås,NOR,DEF,3,FRA,0.0472,0.2077,0.009803,0.009803,-0.003024,-0.003024,unchanged_already_consistent
abdallah_al_fakhouri__jor,Abdallah Al-Fakhouri,JOR,GK,1,AUT,0.0251,0.1192,0.002992,0.002992,0.00137,0.00137,unchanged_already_consistent
abdallah_al_fakhouri__jor,Abdallah Al-Fakhouri,JOR,GK,2,ALG,0.0251,0.1883,0.004726,0.004726,0.045,0.045,unchanged_already_consistent
abdallah_al_fakhouri__jor,Abdallah Al-Fakhouri,JOR,GK,3,ARG,0.0251,0.0871,0.002186,0.002186,0.0322,0.0322,unchanged_already_consistent
moises_ramirez__ecu,Moises Ramirez,ECU,GK,1,CIV,0.0356,0.4226,0.015045,0.015045,0.020988,0.020988,unchanged_already_consistent
moises_ramirez__ecu,Moises Ramirez,ECU,GK,2,CUW,0.0356,0.5585,0.019883,0.019883,0.040889,0.040889,unchanged_already_consistent
moises_ramirez__ecu,Moises Ramirez,ECU,GK,3,GER,0.0356,0.1717,0.006113,0.006113,-0.000393,-0.000393,unchanged_already_consistent
el_mehdi_benabid__mar,El Mehdi Benabid,MAR,GK,1,BRA,0.0226,0.1883,0.004256,0.004256,-0.0111,-0.0111,unchanged_already_consistent
el_mehdi_benabid__mar,El Mehdi Benabid,MAR,GK,2,SCO,0.0226,0.411,0.009289,0.009289,0.018671,0.018671,unchanged_already_consistent
el_mehdi_benabid__mar,El Mehdi Benabid,MAR,GK,3,HAI,0.0226,0.5585,0.012622,0.012622,0.035088,0.035088,unchanged_already_consistent
weverton__bra,Weverton,BRA,GK,1,MAR,0.0151,0.4624,0.006982,0.006982,0.014856,0.014856,unchanged_already_consistent
weverton__bra,Weverton,BRA,GK,2,HAI,0.0151,0.6453,0.009744,0.009744,0.017108,0.017108,unchanged_already_consistent
weverton__bra,Weverton,BRA,GK,3,SCO,0.0151,0.5,0.00755,0.00755,0.004023,0.004023,unchanged_already_consistent
carl_sainte__hai,Carl Sainte,HAI,MID,1,SCO,0.0676,0.1573,,0,0.003474,0.003474,unchanged_already_consistent
carl_sainte__hai,Carl Sainte,HAI,MID,2,BRA,0.0676,0.0461,,0,0.023322,0.023323,unchanged_already_consistent
carl_sainte__hai,Carl Sainte,HAI,MID,3,MAR,0.0676,0.096,,0,0.024601,0.024601,unchanged_already_consistent
peter_gwargis__irq,Peter Gwargis,IRQ,MID,1,NOR,0.043,0.096,0.0,0,0.006745,0.006745,unchanged_already_consistent
peter_gwargis__irq,Peter Gwargis,IRQ,MID,2,FRA,0.043,0.0643,0.0,0,0.027464,0.027464,unchanged_already_consistent
peter_gwargis__irq,Peter Gwargis,IRQ,MID,3,SEN,0.043,0.1573,0.0,0,0.029224,0.029224,unchanged_already_consistent
hasan_abdulkareem__irq,Hasan Abdulkareem,IRQ,MID,1,NOR,0.051,0.096,0.0,0,0.003371,0.003371,unchanged_already_consistent
hasan_abdulkareem__irq,Hasan Abdulkareem,IRQ,MID,2,FRA,0.051,0.0643,0.0,0,0.021498,0.021498,unchanged_already_consistent
hasan_abdulkareem__irq,Hasan Abdulkareem,IRQ,MID,3,SEN,0.051,0.1573,0.0,0,0.023591,0.023592,unchanged_already_consistent
michael_woud__nzl,Michael Woud,NZL,GK,1,IRN,0.0255,0.25,0.0064,0.006375,0.006351,0.006281,rebuilt_from_fixture_clean_sheet_prob
michael_woud__nzl,Michael Woud,NZL,GK,2,EGY,0.0255,0.217,0.005555,0.005533,0.029004,0.028945,rebuilt_from_fixture_clean_sheet_prob
michael_woud__nzl,Michael Woud,NZL,GK,3,BEL,0.0255,0.1063,0.002721,0.002711,0.017925,0.0179,rebuilt_from_fixture_clean_sheet_prob
patrick_schulte__usa,Patrick Schulte,USA,GK,1,PAR,0.0152,0.411,0.006288,0.006247,0.025259,0.025145,rebuilt_from_fixture_clean_sheet_prob
patrick_schulte__usa,Patrick Schulte,USA,GK,2,AUS,0.0152,0.4226,0.006466,0.006424,0.02656,0.026449,rebuilt_from_fixture_clean_sheet_prob
patrick_schulte__usa,Patrick Schulte,USA,GK,3,TUR,0.0152,0.2766,0.004232,0.004204,0.010814,0.010743,rebuilt_from_fixture_clean_sheet_prob
denzell_garcia__mex,Denzell Garcia,MEX,MID,1,RSA,0.043,0.5376,,0,0.02778,0.02778,unchanged_already_consistent
denzell_garcia__mex,Denzell Garcia,MEX,MID,2,KOR,0.043,0.4415,,0,0.013458,0.013459,unchanged_already_consistent
denzell_garcia__mex,Denzell Garcia,MEX,MID,3,CZE,0.043,0.411,,0,0.00536,0.00536,unchanged_already_consistent
grady_diangana__cod,Grady Diangana,COD,MID,1,POR,0.0448,0.096,,0,-0.021517,-0.021517,unchanged_already_consistent
grady_diangana__cod,Grady Diangana,COD,MID,2,COL,0.0448,0.1883,,0,0.006219,0.006219,unchanged_already_consistent
grady_diangana__cod,Grady Diangana,COD,MID,3,UZB,0.0448,0.3373,,0,0.018403,0.018403,unchanged_already_consistent
ricardo_goss__rsa,Ricardo Goss,RSA,GK,1,MEX,0.0547,0.1717,0.009392,0.009392,-0.008871,-0.008871,unchanged_already_consistent
ricardo_goss__rsa,Ricardo Goss,RSA,GK,2,CZE,0.0547,0.25,0.013675,0.013675,0.012281,0.012281,unchanged_already_consistent
ricardo_goss__rsa,Ricardo Goss,RSA,GK,3,KOR,0.0547,0.2337,0.012783,0.012783,0.01293,0.01293,unchanged_already_consistent
jamshid_iskanderov__uzb,Jamshid Iskanderov,UZB,MID,1,COL,0.0451,0.1573,,0,-0.004264,-0.004264,unchanged_already_consistent
jamshid_iskanderov__uzb,Jamshid Iskanderov,UZB,MID,2,POR,0.0451,0.096,,0,0.019313,0.019313,unchanged_already_consistent
jamshid_iskanderov__uzb,Jamshid Iskanderov,UZB,MID,3,COD,0.0451,0.3119,,0,0.023473,0.023473,unchanged_already_consistent
martin_jedlicka__cze,Martin Jedlicka,CZE,GK,1,KOR,0.0251,0.3119,0.007829,0.007829,0.026966,0.026966,unchanged_already_consistent
martin_jedlicka__cze,Martin Jedlicka,CZE,GK,2,RSA,0.0251,0.411,0.010316,0.010316,0.012032,0.012032,unchanged_already_consistent
martin_jedlicka__cze,Martin Jedlicka,CZE,GK,3,MEX,0.0251,0.217,0.005447,0.005447,-0.000872,-0.000872,unchanged_already_consistent
henrik_falchener__nor,Henrik Falchener,NOR,DEF,1,IRQ,0.047,0.5585,0.026249,0.026249,0.021938,0.021938,unchanged_already_consistent
henrik_falchener__nor,Henrik Falchener,NOR,DEF,2,SEN,0.047,0.3373,0.015853,0.015853,-0.003215,-0.003215,unchanged_already_consistent
henrik_falchener__nor,Henrik Falchener,NOR,DEF,3,FRA,0.047,0.2077,0.009762,0.009762,-0.015609,-0.015609,unchanged_already_consistent
cesar_samudio__pan,Cesar Samudio,PAN,GK,1,GHA,0.0476,0.25,0.012275,0.0119,0.004386,0.003336,rebuilt_from_fixture_clean_sheet_prob
cesar_samudio__pan,Cesar Samudio,PAN,GK,2,CRO,0.0476,0.1717,0.00843,0.008173,0.003989,0.003305,rebuilt_from_fixture_clean_sheet_prob
cesar_samudio__pan,Cesar Samudio,PAN,GK,3,ENG,0.0476,0.1063,0.005219,0.00506,-0.005224,-0.005625,rebuilt_from_fixture_clean_sheet_prob
taha_abdi_ali__swe,Taha Abdi Ali,SWE,MID,1,TUN,0.043,0.411,,0,0.017754,0.017754,unchanged_already_consistent
taha_abdi_ali__swe,Taha Abdi Ali,SWE,MID,2,NED,0.043,0.1883,,0,0.001419,0.00142,unchanged_already_consistent
taha_abdi_ali__swe,Taha Abdi Ali,SWE,MID,3,JPN,0.043,0.25,,0,0.003619,0.003619,unchanged_already_consistent
bum_keun_song__kor,Bum-Keun Song,KOR,GK,1,CZE,0.0251,0.3119,0.007829,0.007829,0.007697,0.007697,unchanged_already_consistent
bum_keun_song__kor,Bum-Keun Song,KOR,GK,2,MEX,0.0251,0.2337,0.005866,0.005866,-0.001228,-0.001228,unchanged_already_consistent
bum_keun_song__kor,Bum-Keun Song,KOR,GK,3,RSA,0.0251,0.3923,0.009847,0.009847,0.011098,0.011098,unchanged_already_consistent
abdulrahman_al_sanbi__ksa,Abdulrahman Al-Sanbi,KSA,GK,1,URU,0.0281,0.1573,0.004672,0.00442,-0.00872,-0.009426,rebuilt_from_fixture_clean_sheet_prob
abdulrahman_al_sanbi__ksa,Abdulrahman Al-Sanbi,KSA,GK,2,ESP,0.0281,0.0741,0.002201,0.002082,-0.005761,-0.006078,rebuilt_from_fixture_clean_sheet_prob
abdulrahman_al_sanbi__ksa,Abdulrahman Al-Sanbi,KSA,GK,3,CPV,0.0281,0.3119,0.009263,0.008764,0.019334,0.018077,rebuilt_from_fixture_clean_sheet_prob
owen_goodman__can,Owen Goodman,CAN,GK,1,BIH,0.0251,0.4226,0.010607,0.010607,0.002533,0.002533,unchanged_already_consistent
owen_goodman__can,Owen Goodman,CAN,GK,2,QAT,0.0251,0.5774,0.014493,0.014493,0.015581,0.015582,unchanged_already_consistent
owen_goodman__can,Owen Goodman,CAN,GK,3,SUI,0.0251,0.25,0.006275,0.006275,-0.011054,-0.011054,unchanged_already_consistent
marco_grull__aut,Marco Grüll,AUT,FWD,1,JOR,0.0436,0.4865,,0,0.012753,0.012753,unchanged_already_consistent
marco_grull__aut,Marco Grüll,AUT,FWD,2,ARG,0.0436,0.1883,,0,-0.00761,-0.00761,unchanged_already_consistent
marco_grull__aut,Marco Grüll,AUT,FWD,3,ALG,0.0436,0.3547,,0,-0.004495,-0.004495,unchanged_already_consistent
ivor_pandur__cro,Ivor Pandur,CRO,GK,1,ENG,0.0251,0.2077,0.005213,0.005213,-0.018409,-0.018409,unchanged_already_consistent
ivor_pandur__cro,Ivor Pandur,CRO,GK,2,PAN,0.0251,0.4865,0.012211,0.012211,0.009868,0.009868,unchanged_already_consistent
ivor_pandur__cro,Ivor Pandur,CRO,GK,3,GHA,0.0251,0.4415,0.011082,0.011082,0.011105,0.011105,unchanged_already_consistent
christoph_baumgartner__aut,Christoph Baumgartner,AUT,MID,1,JOR,0.9186,0.4865,0.0,0,0,0.244862,unchanged_already_consistent
christoph_baumgartner__aut,Christoph Baumgartner,AUT,MID,2,ARG,0.9186,0.1883,0.0,0,0,0.139934,unchanged_already_consistent
christoph_baumgartner__aut,Christoph Baumgartner,AUT,MID,3,ALG,0.9186,0.3547,0.0,0,0,0.145319,unchanged_already_consistent
mohammed_al_rubaie_al_yami__ksa,Mohammed Al-Rubaie Al-Yami,KSA,GK,1,URU,0.0256,0.1573,0.004027,0.004027,-0.01446,-0.01446,unchanged_already_consistent
mohammed_al_rubaie_al_yami__ksa,Mohammed Al-Rubaie Al-Yami,KSA,GK,2,ESP,0.0256,0.0741,0.001897,0.001897,-0.011577,-0.011577,unchanged_already_consistent
mohammed_al_rubaie_al_yami__ksa,Mohammed Al-Rubaie Al-Yami,KSA,GK,3,CPV,0.0256,0.3119,0.007985,0.007985,0.010394,0.010394,unchanged_already_consistent
mohamed_kone__civ,Mohamed Kone,CIV,GK,1,ECU,0.0251,0.3119,0.007829,0.007829,-0.003204,-0.003204,unchanged_already_consistent
mohamed_kone__civ,Mohamed Kone,CIV,GK,2,GER,0.0251,0.1573,0.003948,0.003948,-0.020571,-0.020571,unchanged_already_consistent
mohamed_kone__civ,Mohamed Kone,CIV,GK,3,CUW,0.0251,0.5135,0.012889,0.012889,0.003043,0.003043,unchanged_already_consistent
rui_silva__por,Rui Silva,POR,GK,1,COD,0.0243,0.5,0.0118,0.01215,-0.000946,0.000034,rebuilt_from_fixture_clean_sheet_prob
rui_silva__por,Rui Silva,POR,GK,2,UZB,0.0243,0.5,0.0118,0.01215,-0.003706,-0.002775,rebuilt_from_fixture_clean_sheet_prob
rui_silva__por,Rui Silva,POR,GK,3,COL,0.0243,0.3547,0.008371,0.008619,-0.014447,-0.013822,rebuilt_from_fixture_clean_sheet_prob
walter_benitez__arg,Walter Benitez,ARG,GK,1,ALG,0.0151,0.5135,0.007754,0.007754,-0.011634,-0.011634,unchanged_already_consistent
walter_benitez__arg,Walter Benitez,ARG,GK,2,AUT,0.0151,0.4226,0.006381,0.006381,-0.018147,-0.018147,unchanged_already_consistent
walter_benitez__arg,Walter Benitez,ARG,GK,3,JOR,0.0151,0.5774,0.008719,0.008719,-0.011937,-0.011937,unchanged_already_consistent
joseph_anang__gha,Joseph Anang,GHA,GK,1,PAN,0.0252,0.375,0.00945,0.00945,0.003957,0.003957,unchanged_already_consistent
joseph_anang__gha,Joseph Anang,GHA,GK,2,ENG,0.0252,0.1192,0.003004,0.003004,-0.018904,-0.018904,unchanged_already_consistent
joseph_anang__gha,Joseph Anang,GHA,GK,3,CRO,0.0252,0.217,0.005468,0.005468,-0.010952,-0.010952,unchanged_already_consistent
marcio_rosa__cpv,Marcio Rosa,CPV,GK,1,ESP,0.0464,0.0509,0.002362,0.002362,-0.033809,-0.033809,unchanged_already_consistent
marcio_rosa__cpv,Marcio Rosa,CPV,GK,2,URU,0.0464,0.1573,0.007299,0.007299,-0.001685,-0.001685,unchanged_already_consistent
marcio_rosa__cpv,Marcio Rosa,CPV,GK,3,KSA,0.0464,0.3373,0.015651,0.015651,0.024435,0.024436,unchanged_already_consistent
sabri_ben_hessen__tun,Sabri Ben Hessen,TUN,GK,1,SWE,0.0161,0.25,0.008075,0.004025,-0.009659,-0.020999,rebuilt_from_fixture_clean_sheet_prob
sabri_ben_hessen__tun,Sabri Ben Hessen,TUN,GK,2,JPN,0.0161,0.2337,0.007549,0.003763,0.000703,-0.009367,rebuilt_from_fixture_clean_sheet_prob
sabri_ben_hessen__tun,Sabri Ben Hessen,TUN,GK,3,NED,0.0161,0.1717,0.005546,0.002764,-0.005437,-0.012448,rebuilt_from_fixture_clean_sheet_prob
nikolas_polster__aut,Nikolas Polster,AUT,GK,1,JOR,0.0251,0.4865,0.012211,0.012211,0.001203,0.001203,unchanged_already_consistent
nikolas_polster__aut,Nikolas Polster,AUT,GK,2,ARG,0.0251,0.1883,0.004726,0.004726,-0.024115,-0.024115,unchanged_already_consistent
nikolas_polster__aut,Nikolas Polster,AUT,GK,3,ALG,0.0251,0.3547,0.008903,0.008903,-0.011584,-0.011584,unchanged_already_consistent
el_mahdi_soliman__egy,El Mahdi Soliman,EGY,GK,1,BEL,0.0151,0.1717,0.002593,0.002593,-0.034751,-0.034751,unchanged_already_consistent
el_mahdi_soliman__egy,El Mahdi Soliman,EGY,GK,2,NZL,0.0151,0.4624,0.006982,0.006982,-0.016348,-0.016348,unchanged_already_consistent
el_mahdi_soliman__egy,El Mahdi Soliman,EGY,GK,3,IRN,0.0151,0.411,0.006206,0.006206,-0.016446,-0.016446,unchanged_already_consistent
sander_tangvik__nor,Sander Tangvik,NOR,GK,1,IRQ,0.0251,0.5585,0.014018,0.014018,0.012709,0.012709,unchanged_already_consistent
sander_tangvik__nor,Sander Tangvik,NOR,GK,2,SEN,0.0251,0.3373,0.008466,0.008466,-0.006543,-0.006543,unchanged_already_consistent
sander_tangvik__nor,Sander Tangvik,NOR,GK,3,FRA,0.0251,0.2077,0.005213,0.005213,-0.015228,-0.015228,unchanged_already_consistent
sipho_chaine__rsa,Sipho Chaine,RSA,GK,1,MEX,0.0252,0.1717,0.004327,0.004327,-0.017509,-0.017509,unchanged_already_consistent
sipho_chaine__rsa,Sipho Chaine,RSA,GK,2,CZE,0.0252,0.25,0.0063,0.0063,0.001414,0.001414,unchanged_already_consistent
sipho_chaine__rsa,Sipho Chaine,RSA,GK,3,KOR,0.0252,0.2337,0.005889,0.005889,0.005172,0.005172,unchanged_already_consistent
kumel_al_rekabe__irq,Kumel Al-Rekabe,IRQ,GK,1,NOR,0.0251,0.096,0.00241,0.00241,-0.01129,-0.01129,unchanged_already_consistent
kumel_al_rekabe__irq,Kumel Al-Rekabe,IRQ,GK,2,FRA,0.0251,0.0643,0.001614,0.001614,0.001194,0.001194,unchanged_already_consistent
kumel_al_rekabe__irq,Kumel Al-Rekabe,IRQ,GK,3,SEN,0.0251,0.1573,0.003948,0.003948,0.008875,0.008875,unchanged_already_consistent
osman_hadzikic__bih,Osman Hadzikic,BIH,GK,1,CAN,0.0251,0.2337,0.005866,0.005866,-0.014441,-0.014441,unchanged_already_consistent
osman_hadzikic__bih,Osman Hadzikic,BIH,GK,2,SUI,0.0251,0.1883,0.004726,0.004726,-0.013462,-0.013462,unchanged_already_consistent
osman_hadzikic__bih,Osman Hadzikic,BIH,GK,3,QAT,0.0251,0.4624,0.011606,0.011606,0.009728,0.009728,unchanged_already_consistent
mohamed_alaa__egy,Mohamed Alaa,EGY,GK,1,BEL,0.0151,0.1717,0.002593,0.002593,-0.033071,-0.033071,unchanged_already_consistent
mohamed_alaa__egy,Mohamed Alaa,EGY,GK,2,NZL,0.0151,0.4624,0.006982,0.006982,-0.013702,-0.013702,unchanged_already_consistent
mohamed_alaa__egy,Mohamed Alaa,EGY,GK,3,IRN,0.0151,0.411,0.006206,0.006206,-0.013731,-0.013731,unchanged_already_consistent
botirali_ergashev__uzb,Botirali Ergashev,UZB,GK,1,COL,0.0251,0.1573,0.003948,0.003948,-0.026085,-0.026085,unchanged_already_consistent
botirali_ergashev__uzb,Botirali Ergashev,UZB,GK,2,POR,0.0251,0.096,0.00241,0.00241,-0.022301,-0.022301,unchanged_already_consistent
botirali_ergashev__uzb,Botirali Ergashev,UZB,GK,3,COD,0.0251,0.3119,0.007829,0.007829,-0.006015,-0.006015,unchanged_already_consistent
josue_duverger__hai,Josue Duverger,HAI,GK,1,SCO,0.0251,0.1573,0.003948,0.003948,-0.022664,-0.022664,unchanged_already_consistent
josue_duverger__hai,Josue Duverger,HAI,GK,2,BRA,0.0251,0.0461,0.001157,0.001157,-0.022857,-0.022857,unchanged_already_consistent
josue_duverger__hai,Josue Duverger,HAI,GK,3,MAR,0.0251,0.096,0.00241,0.00241,-0.017735,-0.017735,unchanged_already_consistent
shehab_ellethy__qat,Shehab Ellethy,QAT,GK,1,SUI,0.0251,0.1063,0.002668,0.002668,-0.032202,-0.032202,unchanged_already_consistent
shehab_ellethy__qat,Shehab Ellethy,QAT,GK,2,CAN,0.0251,0.1459,0.003662,0.003662,-0.021771,-0.021771,unchanged_already_consistent
shehab_ellethy__qat,Shehab Ellethy,QAT,GK,3,BIH,0.0251,0.1883,0.004726,0.004726,-0.017479,-0.017478,unchanged_already_consistent
cj_dos_santos__cpv,CJ Dos Santos,CPV,GK,1,ESP,0.0251,0.0509,0.001278,0.001278,-0.031448,-0.031448,unchanged_already_consistent
cj_dos_santos__cpv,CJ Dos Santos,CPV,GK,2,URU,0.0251,0.1573,0.003948,0.003948,0.004276,0.004276,unchanged_already_consistent
cj_dos_santos__cpv,CJ Dos Santos,CPV,GK,3,KSA,0.0251,0.3373,0.008466,0.008466,0.023232,0.023232,unchanged_already_consistent
chris_brady__usa,Chris Brady,USA,GK,1,PAR,0.0151,0.411,0.006206,0.006206,-0.021796,-0.021796,unchanged_already_consistent
chris_brady__usa,Chris Brady,USA,GK,2,AUS,0.0151,0.4226,0.006381,0.006381,-0.019849,-0.019849,unchanged_already_consistent
chris_brady__usa,Chris Brady,USA,GK,3,TUR,0.0151,0.2766,0.004177,0.004177,-0.025995,-0.025995,unchanged_already_consistent
amin_chiakha__alg,Amin Chiakha,ALG,FWD,1,ARG,0.043,0.1573,,0,-0.035758,-0.035758,unchanged_already_consistent
amin_chiakha__alg,Amin Chiakha,ALG,FWD,2,JOR,0.043,0.4226,,0,-0.018974,-0.018974,unchanged_already_consistent
amin_chiakha__alg,Amin Chiakha,ALG,FWD,3,AUT,0.043,0.2766,,0,-0.016337,-0.016337,unchanged_already_consistent
mohammad_abu_shararh_zrayq__jor,Mohammad Abu 'Shararh' Zrayq,JOR,MID,1,AUT,0.0483,0.1192,,0,-0.022669,-0.022669,unchanged_already_consistent
mohammad_abu_shararh_zrayq__jor,Mohammad Abu 'Shararh' Zrayq,JOR,MID,2,ALG,0.0483,0.1883,,0,0.003313,0.003313,unchanged_already_consistent
mohammad_abu_shararh_zrayq__jor,Mohammad Abu 'Shararh' Zrayq,JOR,MID,3,ARG,0.0483,0.0871,,0,0.000575,0.000575,unchanged_already_consistent
alan_varela__arg,Alan Varela,ARG,MID,1,ALG,0.0452,0.5135,,0,-0.035902,-0.035902,unchanged_already_consistent
alan_varela__arg,Alan Varela,ARG,MID,2,AUT,0.0452,0.4226,,0,-0.037022,-0.037022,unchanged_already_consistent
alan_varela__arg,Alan Varela,ARG,MID,3,JOR,0.0452,0.5774,,0,-0.035613,-0.035613,unchanged_already_consistent
abdulrahman_al_obood__ksa,Abdulrahman Al-Obood,KSA,MID,1,URU,0.25,0.1573,,0,-0.013436,-0.013436,unchanged_already_consistent
abdulrahman_al_obood__ksa,Abdulrahman Al-Obood,KSA,MID,2,ESP,0.25,0.0741,,0,-0.000969,-0.000969,unchanged_already_consistent
abdulrahman_al_obood__ksa,Abdulrahman Al-Obood,KSA,MID,3,CPV,0.25,0.3119,,0,0.008152,0.008152,unchanged_already_consistent
ar_jany_martha__cuw,Ar'jany Martha,CUW,FWD,1,GER,0.0484,0.0335,,0,-0.039434,-0.039434,unchanged_already_consistent
ar_jany_martha__cuw,Ar'jany Martha,CUW,FWD,2,ECU,0.0484,0.1192,,0,-0.009307,-0.009307,unchanged_already_consistent
ar_jany_martha__cuw,Ar'jany Martha,CUW,FWD,3,CIV,0.0484,0.1358,,0,-0.002758,-0.002757,unchanged_already_consistent
aribim_pepple__can,Aribim Pepple,CAN,FWD,1,BIH,0.0464,0.4226,,0,-0.038421,-0.038421,unchanged_already_consistent
aribim_pepple__can,Aribim Pepple,CAN,FWD,2,QAT,0.0464,0.5774,,0,-0.035061,-0.035061,unchanged_already_consistent
aribim_pepple__can,Aribim Pepple,CAN,FWD,3,SUI,0.0464,0.25,,0,-0.035805,-0.035805,unchanged_already_consistent
findlay_curtis__sco,Findlay Curtis,SCO,FWD,1,HAI,0.0474,0.4865,,0,-0.036022,-0.035903,unchanged_already_consistent
findlay_curtis__sco,Findlay Curtis,SCO,FWD,2,MAR,0.0474,0.25,,0,-0.036943,-0.036852,unchanged_already_consistent
findlay_curtis__sco,Findlay Curtis,SCO,FWD,3,BRA,0.0474,0.1358,,0,-0.035258,-0.035174,unchanged_already_consistent
thapelo_maseko__rsa,Thapelo Maseko,RSA,FWD,1,MEX,0.043,0.1717,,0,-0.018826,-0.018826,unchanged_already_consistent
thapelo_maseko__rsa,Thapelo Maseko,RSA,FWD,2,CZE,0.043,0.25,,0,0.001699,0.001699,unchanged_already_consistent
thapelo_maseko__rsa,Thapelo Maseko,RSA,FWD,3,KOR,0.043,0.2337,,0,0.009059,0.009059,unchanged_already_consistent
ante_suto__aus,Ante Suto,AUS,FWD,1,TUR,0.0464,0.2077,,0,-0.042754,-0.042754,unchanged_already_consistent
ante_suto__aus,Ante Suto,AUS,FWD,2,USA,0.0464,0.2077,,0,-0.03876,-0.03876,unchanged_already_consistent
ante_suto__aus,Ante Suto,AUS,FWD,3,PAR,0.0464,0.2678,,0,-0.036299,-0.036299,unchanged_already_consistent
raul_florucz__aut,Raul Florucz,AUT,FWD,1,JOR,0.0476,0.4865,,0,0.005017,0.005017,unchanged_already_consistent
raul_florucz__aut,Raul Florucz,AUT,FWD,2,ARG,0.0476,0.1883,,0,-0.012528,-0.012527,unchanged_already_consistent
raul_florucz__aut,Raul Florucz,AUT,FWD,3,ALG,0.0476,0.3547,,0,-0.00949,-0.00949,unchanged_already_consistent
jeremy_ngakia__cod,Jeremy Ngakia,COD,DEF,1,POR,0.045,0.096,0.00432,0.00432,-0.036105,-0.036105,unchanged_already_consistent
jeremy_ngakia__cod,Jeremy Ngakia,COD,DEF,2,COL,0.045,0.1883,0.008474,0.008474,-0.021508,-0.021508,unchanged_already_consistent
jeremy_ngakia__cod,Jeremy Ngakia,COD,DEF,3,UZB,0.045,0.3373,0.015178,0.015178,-0.005174,-0.005174,unchanged_already_consistent
denis_visinsky__cze,Denis Visinsky,CZE,MID,1,KOR,0.0474,0.3119,,0,-0.040731,-0.040731,unchanged_already_consistent
denis_visinsky__cze,Denis Visinsky,CZE,MID,2,RSA,0.0474,0.411,,0,-0.042096,-0.042096,unchanged_already_consistent
denis_visinsky__cze,Denis Visinsky,CZE,MID,3,MEX,0.0474,0.217,,0,-0.039881,-0.039881,unchanged_already_consistent
atakan_karazor__tur,Atakan Karazor,TUR,MID,1,AUS,0.043,0.411,,0,0.006009,0.006009,unchanged_already_consistent
atakan_karazor__tur,Atakan Karazor,TUR,MID,2,PAR,0.043,0.375,,0,-0.003503,-0.003503,unchanged_already_consistent
atakan_karazor__tur,Atakan Karazor,TUR,MID,3,USA,0.043,0.2766,,0,-0.004422,-0.004422,unchanged_already_consistent
alexander_alex_robertson__aus,Alexander 'Alex' Robertson,AUS,MID,1,TUR,0.0386,0.2077,,0,-0.010961,-0.010961,unchanged_already_consistent
alexander_alex_robertson__aus,Alexander 'Alex' Robertson,AUS,MID,2,USA,0.0386,0.2077,,0,-0.000407,-0.000407,unchanged_already_consistent
alexander_alex_robertson__aus,Alexander 'Alex' Robertson,AUS,MID,3,PAR,0.0386,0.2678,,0,0.001882,0.001882,unchanged_already_consistent
jayden_adams__rsa,Jayden Adams,RSA,MID,1,MEX,0.2299,0.1717,,0,-0.022167,-0.022167,unchanged_already_consistent
jayden_adams__rsa,Jayden Adams,RSA,MID,2,CZE,0.2299,0.25,,0,-0.003575,-0.003575,unchanged_already_consistent
jayden_adams__rsa,Jayden Adams,RSA,MID,3,KOR,0.2299,0.2337,,0,0.003264,0.003264,unchanged_already_consistent
umarali_rakhmonaliyev__uzb,Umarali Rakhmonaliyev,UZB,MID,1,COL,0.044,0.1573,,0,-0.020201,-0.020201,unchanged_already_consistent
umarali_rakhmonaliyev__uzb,Umarali Rakhmonaliyev,UZB,MID,2,POR,0.044,0.096,,0,-0.003967,-0.003967,unchanged_already_consistent
umarali_rakhmonaliyev__uzb,Umarali Rakhmonaliyev,UZB,MID,3,COD,0.044,0.3119,,0,-0.000386,-0.000386,unchanged_already_consistent
ibrokhim_ibrokhimov__uzb,Ibrokhim Ibrokhimov,UZB,MID,1,COL,0.0464,0.1573,,0,-0.044469,-0.044469,unchanged_already_consistent
ibrokhim_ibrokhimov__uzb,Ibrokhim Ibrokhimov,UZB,MID,2,POR,0.0464,0.096,,0,-0.039421,-0.039421,unchanged_already_consistent
ibrokhim_ibrokhimov__uzb,Ibrokhim Ibrokhimov,UZB,MID,3,COD,0.0464,0.3119,,0,-0.03672,-0.03672,unchanged_already_consistent
mohammad_taha__jor,Mohammad Taha,JOR,MID,1,AUT,0.25,0.1192,,0,-0.022735,-0.022735,unchanged_already_consistent
mohammad_taha__jor,Mohammad Taha,JOR,MID,2,ALG,0.25,0.1883,,0,0.00319,0.003191,unchanged_already_consistent
mohammad_taha__jor,Mohammad Taha,JOR,MID,3,ARG,0.25,0.0871,,0,0.000465,0.000465,unchanged_already_consistent
odeh_al_fakhouri__jor,Odeh Al-Fakhouri,JOR,MID,1,AUT,0.25,0.1192,,0,-0.022735,-0.022735,unchanged_already_consistent
odeh_al_fakhouri__jor,Odeh Al-Fakhouri,JOR,MID,2,ALG,0.25,0.1883,,0,0.00319,0.003191,unchanged_already_consistent
odeh_al_fakhouri__jor,Odeh Al-Fakhouri,JOR,MID,3,ARG,0.25,0.0871,,0,0.000465,0.000465,unchanged_already_consistent
ali_azaizeh__jor,Ali Azaizeh,JOR,MID,1,AUT,0.043,0.1192,,0,-0.04531,-0.04531,unchanged_already_consistent
ali_azaizeh__jor,Ali Azaizeh,JOR,MID,2,ALG,0.043,0.1883,,0,-0.038782,-0.038782,unchanged_already_consistent
ali_azaizeh__jor,Ali Azaizeh,JOR,MID,3,ARG,0.043,0.0871,,0,-0.03718,-0.03718,unchanged_already_consistent
kevin_felida__cuw,Kevin Felida,CUW,MID,1,GER,0.0479,0.0335,,0,-0.039081,-0.039081,unchanged_already_consistent
kevin_felida__cuw,Kevin Felida,CUW,MID,2,ECU,0.0479,0.1192,,0,-0.008035,-0.008035,unchanged_already_consistent
kevin_felida__cuw,Kevin Felida,CUW,MID,3,CIV,0.0479,0.1358,,0,-0.001351,-0.00135,unchanged_already_consistent
tyrese_noslin__cuw,Tyrese Noslin,CUW,MID,1,GER,0.0482,0.0335,,0,-0.047611,-0.047611,unchanged_already_consistent
tyrese_noslin__cuw,Tyrese Noslin,CUW,MID,2,ECU,0.0482,0.1192,,0,-0.038865,-0.038864,unchanged_already_consistent
tyrese_noslin__cuw,Tyrese Noslin,CUW,MID,3,CIV,0.0482,0.1358,,0,-0.03545,-0.03545,unchanged_already_consistent
woodensky_pierre__hai,Woodensky Pierre,HAI,MID,1,SCO,0.0449,0.1573,,0,-0.044331,-0.044293,unchanged_already_consistent
woodensky_pierre__hai,Woodensky Pierre,HAI,MID,2,BRA,0.0449,0.0461,,0,-0.039992,-0.039942,unchanged_already_consistent
woodensky_pierre__hai,Woodensky Pierre,HAI,MID,3,MAR,0.0449,0.096,,0,-0.037622,-0.037571,unchanged_already_consistent
sohaib_nair__alg,Sohaib Nair,ALG,DEF,1,ARG,0.047,0.1573,0.007393,0.007393,-0.028558,-0.028558,unchanged_already_consistent
sohaib_nair__alg,Sohaib Nair,ALG,DEF,2,JOR,0.047,0.4226,0.019862,0.019862,0.00438,0.00438,unchanged_already_consistent
sohaib_nair__alg,Sohaib Nair,ALG,DEF,3,AUT,0.047,0.2766,0.013,0.013,-0.008841,-0.008841,unchanged_already_consistent
elliot_stroud__swe,Elliot Stroud,SWE,DEF,1,TUN,0.0441,0.411,0.018125,0.018125,0.00161,0.00161,unchanged_already_consistent
elliot_stroud__swe,Elliot Stroud,SWE,DEF,2,NED,0.0441,0.1883,0.008304,0.008304,-0.021672,-0.021672,unchanged_already_consistent
elliot_stroud__swe,Elliot Stroud,SWE,DEF,3,JPN,0.0441,0.25,0.011025,0.011025,-0.01475,-0.01475,unchanged_already_consistent
patric_pfeiffer__gha,Patric Pfeiffer,GHA,DEF,1,PAN,0.0464,0.375,0.0174,0.0174,0.000193,0.000193,unchanged_already_consistent
patric_pfeiffer__gha,Patric Pfeiffer,GHA,DEF,2,ENG,0.0464,0.1192,0.005531,0.005531,-0.027014,-0.027014,unchanged_already_consistent
patric_pfeiffer__gha,Patric Pfeiffer,GHA,DEF,3,CRO,0.0464,0.217,0.010069,0.010069,-0.016282,-0.016282,unchanged_already_consistent
mukhammadrasul_abdumazhidov__uzb,Mukhammadrasul Abdumazhidov,UZB,DEF,1,COL,0.0464,0.1573,0.007299,0.007299,-0.028411,-0.028411,unchanged_already_consistent
mukhammadrasul_abdumazhidov__uzb,Mukhammadrasul Abdumazhidov,UZB,DEF,2,POR,0.0464,0.096,0.004454,0.004454,-0.030112,-0.030112,unchanged_already_consistent
mukhammadrasul_abdumazhidov__uzb,Mukhammadrasul Abdumazhidov,UZB,DEF,3,COD,0.0464,0.3119,0.014472,0.014472,-0.008065,-0.008065,unchanged_already_consistent
tyrick_bodak__cuw,Tyrick Bodak,CUW,GK,1,GER,0.0251,0.0335,0.000841,0.000841,-0.042867,-0.042867,unchanged_already_consistent
tyrick_bodak__cuw,Tyrick Bodak,CUW,GK,2,ECU,0.0251,0.1192,0.002992,0.002992,-0.022272,-0.022272,unchanged_already_consistent
tyrick_bodak__cuw,Tyrick Bodak,CUW,GK,3,CIV,0.0251,0.1358,0.003409,0.003409,-0.017309,-0.017309,unchanged_already_consistent
trevor_doornbusch__cuw,Trevor Doornbusch,CUW,GK,1,GER,0.0254,0.0335,0.000851,0.000851,-0.041913,-0.041913,unchanged_already_consistent
trevor_doornbusch__cuw,Trevor Doornbusch,CUW,GK,2,ECU,0.0254,0.1192,0.003028,0.003028,-0.018827,-0.018827,unchanged_already_consistent
trevor_doornbusch__cuw,Trevor Doornbusch,CUW,GK,3,CIV,0.0254,0.1358,0.003449,0.003449,-0.013503,-0.013503,unchanged_already_consistent
juan_espinola__par,Juan Espinola,PAR,GK,1,USA,0.0151,0.25,0.00375,0.003775,-0.032297,-0.032227,rebuilt_from_fixture_clean_sheet_prob
juan_espinola__par,Juan Espinola,PAR,GK,2,TUR,0.0151,0.2766,0.004149,0.004177,-0.027955,-0.02788,rebuilt_from_fixture_clean_sheet_prob
juan_espinola__par,Juan Espinola,PAR,GK,3,AUS,0.0151,0.375,0.005625,0.005662,-0.021136,-0.021042,rebuilt_from_fixture_clean_sheet_prob
raed_chikhaoui__tun,Raed Chikhaoui,TUN,DEF,1,SWE,0.0474,0.25,0.01175,0.01185,-0.016781,-0.016499,rebuilt_from_fixture_clean_sheet_prob
raed_chikhaoui__tun,Raed Chikhaoui,TUN,DEF,2,JPN,0.0474,0.2337,0.010984,0.011077,-0.012857,-0.012561,rebuilt_from_fixture_clean_sheet_prob
raed_chikhaoui__tun,Raed Chikhaoui,TUN,DEF,3,NED,0.0474,0.1717,0.00807,0.008139,-0.018389,-0.018161,rebuilt_from_fixture_clean_sheet_prob
moustapha_mbow__sen,Moustapha Mbow,SEN,DEF,1,FRA,0.0456,0.1573,0.007173,0.007173,-0.02894,-0.02894,unchanged_already_consistent
moustapha_mbow__sen,Moustapha Mbow,SEN,DEF,2,NOR,0.0456,0.2337,0.010657,0.010657,-0.016007,-0.016007,unchanged_already_consistent
moustapha_mbow__sen,Moustapha Mbow,SEN,DEF,3,IRQ,0.0456,0.5,0.0228,0.0228,0.010814,0.010814,unchanged_already_consistent
lenny_joseph__hai,Lenny Joseph,HAI,FWD,1,SCO,0.0465,0.1573,,0,-0.018223,-0.018223,unchanged_already_consistent
lenny_joseph__hai,Lenny Joseph,HAI,FWD,2,BRA,0.0465,0.0461,,0,-0.005414,-0.005414,unchanged_already_consistent
lenny_joseph__hai,Lenny Joseph,HAI,FWD,3,MAR,0.0465,0.096,,0,-0.003641,-0.003641,unchanged_already_consistent
aqtay_abdallah__egy,Aqtay Abdallah,EGY,FWD,1,BEL,0.0456,0.1717,,0,-0.043772,-0.043772,unchanged_already_consistent
aqtay_abdallah__egy,Aqtay Abdallah,EGY,FWD,2,NZL,0.0456,0.4624,,0,-0.037694,-0.037694,unchanged_already_consistent
aqtay_abdallah__egy,Aqtay Abdallah,EGY,FWD,3,IRN,0.0456,0.411,,0,-0.034933,-0.034933,unchanged_already_consistent
ange_yoan_bonny__civ,Ange-Yoan Bonny,CIV,FWD,1,ECU,0.0456,0.3119,,0,-0.006844,-0.006844,unchanged_already_consistent
ange_yoan_bonny__civ,Ange-Yoan Bonny,CIV,FWD,2,GER,0.0456,0.1573,,0,-0.019,-0.019,unchanged_already_consistent
ange_yoan_bonny__civ,Ange-Yoan Bonny,CIV,FWD,3,CUW,0.0456,0.5135,,0,-0.018,-0.018,unchanged_already_consistent
