player_id,player_name,team_id,team_name,flag_code,position,advance_pct,avg_points,nt_ev_score,blended_ev_score,display_score,price_estimate,value_score,display_value,price,price_source,position_source,holdet_game_id,holdet_player_id,holdet_person_id,holdet_team_id,holdet_team_name,holdet_position_id,holdet_position,holdet_start_price,holdet_price,holdet_is_out,has_holdet_vm_match,official_holdet_master,copied_from_old_player_pool,old_player_id,old_match_method,old_match_score,start_prob,start_prob_source,weighted_group_stage_ev,optimizer_ev,holdet_appearance,player_visual_source,display_score_source,start_probability_pct,start_security,start_status,transfermarkt_competitive_rows,transfermarkt_competitive_starts,transfermarkt_competition_weight_sum,transfermarkt_recent_rows_since_2025,transfermarkt_recent_starts_since_2025,transfermarkt_latest_match_date,transfermarkt_signal_confidence,transfermarkt_start_score,transfermarkt_recency_start_score,transfermarkt_recent_start_rate_since_2025,conditional_start_prob,availability_prob,availability_risk,availability_status,transfermarkt_available_rows,transfermarkt_absence_rows,transfermarkt_available_weight,transfermarkt_absence_weight,transfermarkt_start_weight,transfermarkt_recent_3_available_start_score,transfermarkt_history_available_start_score,weighted_group_stage_ev_before_price_quality,price_quality_ev,model_ev_before_price_quality,optimizer_ev_before_price_quality,price_quality_raw_ev,price_quality_appearance_scaled_ev,price_quality_base_capped_ev,price_quality_weight,price_quality_spread_multiplier,price_quality_applied,price_quality_method,base_ev_source,match_1_opponent_team,match_1_weighted_match_ev,match_2_opponent_team,match_2_weighted_match_ev,match_3_opponent_team,match_3_weighted_match_ev,round1_ev,round2_ev,round3_ev,appearance_prob,round_specific_rotation_risk,start_signal_context_note,total_ev_group_stage,price_quality_repair_source,transfermarkt_national_team,tm_recency_weighted_competitive_start_score,tm_weighted_competitive_start_score,source_note,gk_start_prob_raw_before_normalization,gk_start_prob_normalized,gk_start_prob_normalized_at,gk_hierarchy_raw_score,gk_team_rank,manual_start_note,manual_data_note,tm_watch_flag,tm_watch_reason,source,start_price,_key
martin_vitik__cze,Martin Vitik,CZE,Tjekkiet,,DEF,,,,,,2500000,,,2500000,holdet_vm_2026_official,holdet_vm_2026_official,616,49517,45767.0,584.0,Tjekkiet,293.0,DEF,2500000,2500000,False,True,True,False,,,,0.3287,transfermarkt_availability_split_2026_06_07,0.875733,0.875733,,,,33.0,0.3287,sjældent startende - Transfermarkt landshold,35.0,9.0,12.2256,,,,1.0,0.2903,0.0881,,0.3582,0.7648,medium_risk,medium_risk,23.0,8.0,11.92,3.28,4.96,0.3333,0.4161,0.854939,0.901148,0.854939,0.854939,1.919087,0.901148,1.282409,0.45,1.35,True,appearance_scaled_then_base_capped,component_weighted_sum,KOR,0.338667,RSA,0.329949,MEX,0.186323,0.338667,0.329949,0.186323,,,,1.971,price_quality_ev_diagnostics,,,,,,,,,,,,,,,,martin vitik__tjekkiet__DEF
mustafa_eskihella__tur,Mustafa Eskihellac,TUR,Tyrkiet,tr,DEF,0.667,4.084,0.0033,0.245,31.0,2000000,0.0661,7.0,2000000,holdet_vm_2026_official,holdet_vm_2026_official,616,49619,52130.0,586.0,Tyrkiet,293.0,DEF,2000000,2000000,False,True,True,True,mustafa_eskihella__tur,exact_name_team,1.0,0.0394,transfermarkt_availability_split_2026_06_07,0.291976,0.291976,{},holdet_api_appearance,start_neutral_blended_nt_team_absolute,4.0,0.0394,sjældent startende - Transfermarkt landshold,11.0,0.0,6.0352000000000015,,,,1.0,0.0,0.0,,0.05,0.393,high_risk,high_risk,3.0,7.0,2.04,5.24,0.0,0.0,0.0,0.484948,0.05612,0.484948,0.484948,0.99706,0.05612,0.727422,0.45,1.35,True,appearance_scaled_then_base_capped,component_weighted_sum,AUS,0.200321,PAR,0.153045,USA,0.131577,0.200321,0.153045,0.131577,,,,,,,,,,,,,,,,,,,,,mustafa eskihellac__tyrkiet__DEF
maximilian_w_ber__aut,Maximilian Wöber,AUT,Østrig,at,DEF,0.902,5.46,0.0033,0.315,39.0,2500000,0.0824,8.0,2500000,holdet_vm_2026_official,holdet_vm_2026_official,616,49542,37089.0,587.0,Østrig,293.0,DEF,2500000,2500000,False,True,True,True,maximilian_w_ber__aut,exact_name_team,1.0,0.559,transfermarkt_availability_split_2026_06_07,1.646827,1.646827,"{'skinColor': '#EFC6B6', 'hairColor': '#78540F', 'hairStyle': 'Short'}",holdet_api_appearance,start_neutral_blended_nt_team_absolute,56.0,0.559,rotation/usikker - Transfermarkt landshold,88.0,22.0,13.409200000000002,,,,1.0,0.2895,0.5463,,0.6159,0.736,medium_risk,medium_risk,45.0,31.0,12.5,4.2,6.22,0.6667,0.4976,1.740345,1.532528,1.740345,1.740345,1.919087,1.532528,1.919087,0.45,1.35,True,appearance_scaled_then_base_capped,component_weighted_sum,JOR,0.903612,ARG,0.307387,ALG,0.534111,0.903612,0.307387,0.534111,,,,,,,,,,,,,,,,,,,,,maximilian wober__østrig__DEF
leopold_querfeld__aut,Leopold Querfeld,AUT,Østrig,at,DEF,0.902,5.46,0.0006,0.217,36.0,2000000,0.0592,6.0,2000000,holdet_vm_2026_official,holdet_vm_2026_official,616,49434,45593.0,587.0,Østrig,293.0,DEF,2000000,2000000,False,True,True,True,leopold_querfeld__aut,exact_name_team,1.0,0.0465,transfermarkt_availability_split_2026_06_07,0.180449,0.180449,"{'skinColor': '#EFC6B6', 'hairColor': '#B89E47'}",holdet_api_appearance,start_neutral_blended_nt_team_absolute,5.0,0.0465,sjældent startende - Transfermarkt landshold,30.0,1.0,12.044800000000002,,,,1.0,0.0333,0.0041,,0.05,0.7973,medium_risk,medium_risk,23.0,7.0,12.0,2.56,0.32,0.0,0.0267,0.273899,0.066233,0.273899,0.273899,0.99706,0.066233,0.410849,0.45,1.35,True,appearance_scaled_then_base_capped,component_weighted_sum,JOR,0.142651,ARG,0.054619,ALG,0.076628,0.142651,0.054619,0.076628,,,,,,,,,,,,,,,,,,,,,leopold querfeld__østrig__DEF
stefan_de_vrij__ned,Stefan de Vrij,NED,Holland,nl,DEF,0.844,5.409,0.0572,0.168,35.0,3000000,0.0463,5.0,3000000,holdet_vm_2026_official,holdet_vm_2026_official,616,49861,29951.0,593.0,Holland,293.0,DEF,3000000,3000000,False,True,True,True,stefan_de_vrij__ned,exact_name_team,1.0,0.3851,transfermarkt_availability_split_2026_06_07,1.490332,1.490332,"{'skinColor': '#EFC6B6', 'hairColor': '#78540F'}",holdet_api_appearance,start_neutral_blended_nt_team_absolute,39.0,0.3851,sjældent startende - Transfermarkt landshold,161.0,68.0,23.664400000000008,12.0,5.0,2026-03-31,1.0,0.5191,0.3645,0.4167,0.4101,0.8255,medium_risk,medium_risk,110.0,21.0,24.3,4.56,14.32,0.3333,0.5893,1.444581,1.54625,1.444581,1.444581,2.810634,1.54625,2.166872,0.45,1.35,True,appearance_scaled_then_base_capped,component_weighted_sum,JPN,0.450247,SWE,0.509241,TUN,0.485092,0.450247,0.509241,0.485092,,,,,,,,,,,,,,,,,,,,,stefan de vrij__holland__DEF
jeremie_frimpong__ned,Jeremie Frimpong,NED,Holland,nl,DEF,0.844,5.409,0.053,0.443,42.0,4000000,0.1111,11.0,4000000,holdet_vm_2026_official,holdet_vm_2026_official,616,49268,40239.0,593.0,Holland,293.0,DEF,4000000,4000000,False,True,True,True,jeremie_frimpong__ned,exact_name_team,1.0,0.0846,transfermarkt_availability_split_2026_06_07,0.468452,0.468452,"{'skinColor': '#B37D69', 'hairColor': '#000000'}",holdet_api_appearance,start_neutral_blended_nt_team_absolute,8.0,0.0846,sjældent startende - Transfermarkt landshold,37.0,8.0,11.851199999999999,12.0,5.0,2026-03-31,1.0,0.2581,0.0862,0.4167,0.0872,0.9155,medium_risk,medium_risk,30.0,1.0,14.04,0.48,4.08,0.0,0.2906,0.509382,0.418425,0.509382,0.509382,3.462149,0.418425,0.764073,0.45,1.35,True,appearance_scaled_then_base_capped,component_weighted_sum,JPN,0.16997,SWE,0.180146,TUN,0.159264,0.16997,0.180146,0.159264,,,,,,"{'source': 'transfermarkt_national_team_output', 'source_note': 'Landsholdsbrug fra lokale Transfermarkt-outputfiler; ikke mål/assist/kort-events.', 'tm_competition_rows': 53, 'tm_competition_starts': 25, 'tm_weighted_start_signal_sum': 2.9484, 'tm_competition_weight_sum': 3.9, 'tm_weighted_competitive_start_score': 0.756, 'tm_recency_weighted_competitive_start_score': 0.756}",0.756,0.756,,,,,,,,,,,,,jeremie frimpong__holland__DEF
emil_holm__swe,Emil Holm,SWE,Sverige,se,DEF,0.624,3.675,0.0595,1.297,53.0,2500000,0.1704,17.0,2500000,holdet_vm_2026_official,holdet_vm_2026_official,616,49998,37456.0,598.0,Sverige,293.0,DEF,2500000,2500000,False,True,True,True,emil_holm__swe,exact_name_team,1.0,0.2857,transfermarkt_availability_split_2026_06_07,1.090552,1.090552,"{'skinColor': '#EFC6B6', 'hairColor': '#78540F', 'hairStyle': 'Short'}",holdet_api_appearance,start_neutral_blended_nt_team_absolute,29.0,0.2857,sjældent startende - Transfermarkt landshold,34.0,6.0,9.124,,,,1.0,0.1875,0.2856,,0.3261,0.6457,high_risk,high_risk,18.0,14.0,8.28,4.64,2.56,0.3333,0.3092,1.341971,0.783262,1.341971,1.341971,1.919087,0.783262,1.919087,0.45,1.35,True,appearance_scaled_then_base_capped,component_weighted_sum,TUN,0.691967,NED,0.296937,JPN,0.353065,0.691967,0.296937,0.353065,,,,,,,,,,,,,,,,,,,,,emil holm__sverige__DEF
sohaib_nair__alg,Sohaib Nair,ALG,Algeriet,,DEF,,,,,0.0,2000000,,,2000000,holdet_vm_2026_official,holdet_vm_2026_official,616,49857,52102.0,761.0,Algeriet,293.0,DEF,2000000,2000000,False,True,True,True,sohaib_nair__alg,exact_name_team,1.0,0.047,transfermarkt_availability_split_2026_06_07,0.0,0.0,{},holdet_api_appearance,start_neutral_blended_nt_team_absolute,5.0,0.047,sjældent startende - Transfermarkt landshold,4.0,0.0,1.8208,,,,1.0,0.0,0.0,,0.05,0.8276,medium_risk,medium_risk,4.0,0.0,2.8,0.0,0.0,0.0,0.0,0.0,0.0,0.0,0.0,0.0,0.0,0.0,0.45,1.35,False,not_applied,no_ev_source,ARG,-0.028558,JOR,0.00438,AUT,-0.008841,-0.028558,0.00438,-0.008841,,,,,,,,,,,,,,,,,,,,,sohaib nair__algeriet__DEF
youcef_atal__alg,Youcef Atal,ALG,Algeriet,dz,DEF,0.789,4.382,0.0009,0.111,30.0,2500000,0.0308,3.0,2500000,holdet_vm_2026_official,holdet_vm_2026_official,616,49972,50919.0,761.0,Algeriet,293.0,DEF,2500000,2500000,False,True,True,True,youcef_atal__alg,exact_name_team,1.0,0.1504,transfermarkt_availability_split_2026_06_07,0.478712,0.478712,{},holdet_api_appearance,start_neutral_blended_nt_team_absolute,15.0,0.1504,sjældent startende - Transfermarkt landshold,125.0,46.0,26.2068,12.0,2.0,2026-03-31,1.0,0.4792,0.116,0.1667,0.1678,0.7034,medium_risk,medium_risk,68.0,28.0,22.1,9.16,12.36,0.0,0.5593,0.533025,0.41233,0.533025,0.533025,1.919087,0.41233,0.799538,0.45,1.35,True,appearance_scaled_then_base_capped,component_weighted_sum,ARG,0.078224,JOR,0.256027,AUT,0.19895,0.078224,0.256027,0.19895,,,,,,"{'source': 'transfermarkt_national_team_output', 'transfermarkt_player_id': '416108.0', 'transfermarkt_national_url': 'https://www.transfermarkt.com/youcef-atal/nationalmannschaft/spieler/416108/verein_id/3614', 'tm_competition_rows': 167, 'tm_competition_starts': 102, 'tm_recency_weighted_competitive_start_score': 0.681}",,,,,,,,,,,,,,,youcef atal__algeriet__DEF
mehdi_dorval__alg,Mehdi Dorval,ALG,Algeriet,dz,DEF,0.789,4.382,0.0009,0.111,30.0,2000000,0.0308,3.0,2000000,holdet_vm_2026_official,holdet_vm_2026_official,616,49544,49702.0,761.0,Algeriet,293.0,DEF,2000000,2000000,False,True,True,True,mehdi_dorval__alg,exact_name_team,1.0,0.0441,transfermarkt_availability_split_2026_06_07,0.120915,0.120915,{},holdet_api_appearance,start_neutral_blended_nt_team_absolute,4.0,0.0441,sjældent startende - Transfermarkt landshold,15.0,0.0,10.368,,,,1.0,0.0,0.0,,0.05,0.6622,medium_risk,medium_risk,10.0,5.0,7.96,4.08,0.0,0.0,0.0,0.168451,0.062815,0.168451,0.168451,0.99706,0.062815,0.252676,0.45,1.35,True,appearance_scaled_then_base_capped,component_weighted_sum,ARG,0.01006,JOR,0.086454,AUT,0.071755,0.01006,0.086454,0.071755,,,,,,,,,,,,,,,,,,,,,mehdi dorval__algeriet__DEF
julio_soler__arg,Julio Soler,ARG,Argentina,ar,DEF,,,,,0.0,3000000,,,3000000,holdet_vm_2026_official,holdet_vm_2026_official,616,49356,46903.0,762.0,Argentina,293.0,DEF,3000000,3000000,False,True,True,True,julio_soler__arg,exact_name_team,1.0,0.8253,transfermarkt_availability_split_2026_06_07,2.96038,2.96038,"{'skinColor': '#E9A58D', 'hairColor': '#5D491C'}",holdet_api_appearance,start_neutral_blended_nt_team_absolute,83.0,0.8253,sandsynlig starter - Transfermarkt landshold,41.0,16.0,6.714399999999999,16.0,13.0,2025-10-20,1.0,0.3902,0.8433,0.8125,0.9425,0.6449,high_risk,high_risk,21.0,20.0,10.64,5.96,8.6,1.0,0.8083,3.0829,2.810634,3.0829,3.0829,2.810634,2.810634,2.810634,0.45,1.35,True,raw_for_likely_starter,component_weighted_sum,ALG,1.139938,AUT,0.872897,JOR,1.070062,1.139938,0.872897,1.070062,,,,,,,,,,,,,,,,,,,,,julio soler__argentina__DEF
kye_rowles__aus,Kye Rowles,AUS,Australien,au,DEF,0.57,3.412,0.0032,0.188,26.0,2500000,0.0517,5.0,2500000,holdet_vm_2026_official,holdet_vm_2026_official,616,49417,43451.0,763.0,Australien,293.0,DEF,2500000,2500000,False,True,True,True,kye_rowles__aus,exact_name_team,1.0,0.599,transfermarkt_availability_split_2026_06_07,1.391596,1.391596,"{'skinColor': '#EFC6B6', 'hairColor': '#B89E47', 'hairStyle': 'Long'}",holdet_api_appearance,start_neutral_blended_nt_team_absolute,60.0,0.599,rotation/usikker - Transfermarkt landshold,50.0,26.0,14.738400000000002,,,,1.0,0.5417,0.3749,,0.6395,0.8188,medium_risk,medium_risk,41.0,7.0,16.8,3.16,9.68,0.6667,0.5762,1.186565,1.64219,1.186565,1.186565,1.919087,1.64219,1.779847,0.45,1.35,True,appearance_scaled_then_base_capped,component_weighted_sum,TUR,0.371422,USA,0.370253,PAR,0.442615,0.371422,0.370253,0.442615,,,,,,,,,,,,,,,,,,,,,kye rowles__australien__DEF
callum_elder__aus,Callum Elder,AUS,Australien,au,DEF,0.57,3.412,0.0021,0.12,24.0,2000000,0.0332,3.0,2000000,holdet_vm_2026_official,holdet_vm_2026_official,616,48927,36837.0,763.0,Australien,293.0,DEF,2000000,2000000,False,True,True,True,callum_elder__aus,exact_name_team,1.0,0.0386,transfermarkt_availability_split_2026_06_07,0.095507,0.095507,"{'skinColor': '#EFC6B6', 'hairColor': '#B89E47'}",holdet_api_appearance,start_neutral_blended_nt_team_absolute,4.0,0.0386,sjældent startende - Transfermarkt landshold,53.0,0.0,12.776799999999998,,,,1.0,0.0,0.0,,0.05,0.35,high_risk,high_risk,8.0,39.0,2.56,13.92,0.0,0.0,0.0,0.128664,0.054981,0.128664,0.128664,0.99706,0.054981,0.192996,0.45,1.35,True,appearance_scaled_then_base_capped,component_weighted_sum,TUR,0.031484,USA,0.044949,PAR,0.052229,0.031484,0.044949,0.052229,,,,,,,,,,,,,,,,,,,,,callum elder__australien__DEF
der_milit_o__bra,Eder Militão,BRA,Brasilien,br,DEF,0.922,5.705,0.0066,0.481,43.0,3000000,0.1196,12.0,3000000,holdet_vm_2026_official,holdet_vm_2026_official,616,49041,36944.0,764.0,Brasilien,293.0,DEF,3000000,3000000,False,True,True,True,der_milit_o__bra,exact_name_team,1.0,0.6273,transfermarkt_availability_split_2026_06_07,2.728328,2.728328,"{'skinColor': '#B37D69', 'hairColor': '#000000', 'hairStyle': 'VeryShort'}",holdet_api_appearance,start_neutral_blended_nt_team_absolute,63.0,0.6273,rotation/usikker - Transfermarkt landshold,88.0,33.0,12.0824,12.0,7.0,2026-04-01,1.0,0.4925,0.6376,0.5833,0.6678,0.8266,medium_risk,medium_risk,59.0,8.0,13.54,2.26,9.08,0.6667,0.6706,2.899817,2.51873,2.899817,2.899817,2.810634,2.51873,2.810634,0.45,1.35,True,appearance_scaled_then_base_capped,component_weighted_sum,MAR,0.930904,HAI,1.143873,SCO,0.828056,0.930904,1.143873,0.828056,,,,,,"{'source': 'transfermarkt_national_team_output', 'transfermarkt_player_id': '401530.0', 'transfermarkt_national_url': 'https://www.transfermarkt.com/eder-militao/nationalmannschaft/spieler/401530/verein_id/3439', 'tm_competition_rows': 104, 'tm_competition_starts': 64, 'tm_recency_weighted_competitive_start_score': 0.7338}",,,,,,,,,,,,,,,eder militao__brasilien__DEF
clement_akpa__civ,Clement Akpa,CIV,Elfenbenskysten,,DEF,,,,,,2000000,,,2000000,holdet_vm_2026_official,holdet_vm_2026_official,616,48963,52149.0,767.0,Elfenbenskysten,293.0,DEF,2000000,2000000,False,True,True,False,,,,0.4955,transfermarkt_availability_split_2026_06_07,0.924258,0.924258,,,,50.0,0.4955,rotation/usikker - Transfermarkt landshold,17.0,3.0,8.233200000000002,,,,1.0,0.2,0.2285,,0.5661,0.6439,high_risk,high_risk,10.0,5.0,6.88,3.91,2.28,0.6667,0.3314,1.103016,0.705776,1.103016,1.103016,0.99706,0.705776,0.99706,0.45,1.35,True,appearance_scaled_then_base_capped,component_weighted_sum,ECU,0.394473,GER,0.184392,CUW,0.524151,0.394473,0.184392,0.524151,,,,0.1235,price_quality_ev_diagnostics,,,,,,,,,,,,,,,,clement akpa__elfenbenskysten__DEF
alexander_djiku__gha,Alexander Djiku,GHA,Ghana,gh,DEF,0.347,2.422,0.0033,0.192,20.0,3000000,0.0527,5.0,3000000,holdet_vm_2026_official,holdet_vm_2026_official,616,48781,43287.0,770.0,Ghana,293.0,DEF,3000000,3000000,False,True,True,True,alexander_djiku__gha,exact_name_team,1.0,0.8457,transfermarkt_availability_split_2026_06_07,2.202084,2.202084,"{'skinColor': '#C3886A', 'hairColor': '#5D491C', 'hairStyle': 'VeryShort'}",holdet_api_appearance,start_neutral_blended_nt_team_absolute,85.0,0.8457,sandsynlig starter - Transfermarkt landshold,69.0,36.0,15.3336,12.0,6.0,2026-05-23,1.0,0.5902,0.6453,0.5,0.97,0.6337,high_risk,high_risk,40.0,21.0,12.88,7.6,12.08,1.0,0.9379,1.704179,2.810634,1.704179,1.704179,2.810634,2.810634,2.556268,0.45,1.35,True,raw_for_likely_starter,component_weighted_sum,PAN,0.931981,ENG,0.304506,CRO,0.467688,0.931981,0.304506,0.467688,,,,,,"{'source': 'transfermarkt_national_team_output', 'transfermarkt_player_id': '250844.0', 'transfermarkt_national_url': 'https://www.transfermarkt.com/alexander-djiku/nationalmannschaft/spieler/250844/verein_id/3441', 'tm_competition_rows': 92, 'tm_competition_starts': 64, 'tm_recency_weighted_competitive_start_score': 0.794}",,,,,,,,,,,,,,,alexander djiku__ghana__DEF
derrick_kohn__gha,Derrick Köhn,GHA,Ghana,gh,DEF,,,,,0.0,2000000,,,2000000,holdet_vm_2026_official,holdet_vm_2026_official,616,49017,45548.0,770.0,Ghana,293.0,DEF,2000000,2000000,False,True,True,True,derrick_kohn__gha,exact_name_team,1.0,0.6632,transfermarkt_availability_split_2026_06_07,1.214224,1.214224,"{'skinColor': '#965B39', 'hairColor': '#000000', 'hairStyle': 'Short'}",holdet_api_appearance,start_neutral_blended_nt_team_absolute,66.0,0.6632,rotation/usikker - Transfermarkt landshold,4.0,3.0,1.6640000000000001,,,,1.0,0.75,0.7474,,0.7029,0.8387,medium_risk,medium_risk,4.0,0.0,3.2,0.0,2.52,0.6667,0.7875,1.43479,0.944643,1.43479,1.43479,0.99706,0.944643,0.99706,0.45,1.35,True,appearance_scaled_then_base_capped,component_weighted_sum,PAN,0.730387,ENG,0.292513,CRO,0.411888,0.730387,0.292513,0.411888,,,,,,,,,,,,,,,,,,,,,derrick kohn__ghana__DEF
patric_pfeiffer__gha,Patric Pfeiffer,GHA,Ghana,gh,DEF,,,,,0.0,2000000,,,2000000,holdet_vm_2026_official,holdet_vm_2026_official,616,49711,44312.0,770.0,Ghana,293.0,DEF,2000000,2000000,False,True,True,True,patric_pfeiffer__gha,exact_name_team,1.0,0.0464,transfermarkt_availability_split_2026_06_07,0.0,0.0,"{'skinColor': '#B37D69', 'hairColor': '#000000', 'hairStyle': 'VeryShort'}",holdet_api_appearance,start_neutral_blended_nt_team_absolute,5.0,0.0464,sjældent startende - Transfermarkt landshold,2.0,0.0,0.9568000000000001,,,,1.0,0.0,0.0,,0.05,0.7934,unknown,unknown,2.0,0.0,1.84,0.0,0.0,0.0,0.0,0.0,0.0,0.0,0.0,0.0,0.0,0.0,0.45,1.35,False,not_applied,no_ev_source,PAN,0.000193,ENG,-0.027014,CRO,-0.016282,0.000193,-0.027014,-0.016282,,,,,,,,,,,,,,,,,,,,,patric pfeiffer__ghana__DEF
yu_min_cho__kor,Yu-Min Cho,KOR,Sydkorea,,DEF,,,,,0.0,2500000,,,2500000,holdet_vm_2026_official,holdet_vm_2026_official,616,49981,43358.0,774.0,Sydkorea,293.0,DEF,2500000,2500000,False,True,True,True,yu_min_cho__kor,exact_name_team,1.0,0.5575,transfermarkt_availability_split_2026_06_07,1.444636,1.444636,{},holdet_api_appearance,start_neutral_blended_nt_team_absolute,56.0,0.5575,rotation/usikker - Transfermarkt landshold,57.0,15.0,16.701600000000003,12.0,3.0,2026-03-31,1.0,0.2778,0.5809,0.25,0.6302,0.6704,medium_risk,medium_risk,36.0,18.0,14.68,7.2,8.0,0.6667,0.545,1.376089,1.528416,1.376089,1.376089,1.919087,1.528416,1.919087,0.45,1.35,True,appearance_scaled_then_base_capped,component_weighted_sum,CZE,0.491606,MEX,0.361186,RSA,0.527586,0.491606,0.361186,0.527586,,,,,,"{'source': 'transfermarkt_national_team_output', 'transfermarkt_player_id': '561212.0', 'transfermarkt_national_url': 'https://www.transfermarkt.com/yu-min-cho/nationalmannschaft/spieler/561212/verein_id/3589', 'tm_competition_rows': 67, 'tm_competition_starts': 24, 'tm_recency_weighted_competitive_start_score': 0.5511}",,,,,,,,,,,,,,,yu min cho__sydkorea__DEF
jesus_angulo__mex,Jesus Angulo,MEX,Mexico,mx,DEF,,,,,0.0,2000000,,,2000000,holdet_vm_2026_official,holdet_vm_2026_official,616,49276,52193.0,775.0,Mexico,293.0,DEF,2000000,2000000,False,True,True,True,jesus_angulo__mex,exact_name_team,1.0,0.0939,transfermarkt_availability_split_2026_06_07,0.377785,0.377785,{},holdet_api_appearance,start_neutral_blended_nt_team_absolute,9.0,0.0939,sjældent startende - Transfermarkt landshold,126.0,13.0,27.571800000000003,,,,1.0,0.1032,0.0218,,0.1092,0.6,high_risk,high_risk,29.0,97.0,8.96,28.91,3.26,0.0,0.3638,0.577452,0.133748,0.577452,0.577452,0.99706,0.133748,0.866178,0.45,1.35,True,appearance_scaled_then_base_capped,component_weighted_sum,RSA,0.244438,KOR,0.182864,CZE,0.150148,0.244438,0.182864,0.150148,,,,,,,,,,,,,,,,,,,,,jesus angulo__mexico__DEF
everardo_lopez__mex,Everardo Lopez,MEX,Mexico,mx,DEF,,,,,0.0,2500000,,,2500000,holdet_vm_2026_official,holdet_vm_2026_official,616,49082,52194.0,775.0,Mexico,293.0,DEF,2500000,2500000,False,True,True,True,everardo_lopez__mex,exact_name_team,1.0,0.7841,transfermarkt_availability_split_2026_06_07,2.366261,2.366261,{},holdet_api_appearance,start_neutral_blended_nt_team_absolute,78.0,0.7841,sandsynlig starter - Transfermarkt landshold,30.0,10.0,6.146400000000001,,,,1.0,0.3333,0.8204,,0.8965,0.6419,high_risk,high_risk,18.0,12.0,9.04,5.16,5.92,1.0,0.6549,2.73213,1.919087,2.73213,2.73213,1.919087,1.919087,1.919087,0.45,1.35,True,raw_for_likely_starter,component_weighted_sum,RSA,1.122046,KOR,0.867762,CZE,0.75166,1.122046,0.867762,0.75166,,,,,,,,,,,,,,,,,,,,,everardo lopez__mexico__DEF
richard_ledezma__mex,Richard Ledezma,MEX,Mexico,mx,DEF,,,,,0.0,2000000,,,2000000,holdet_vm_2026_official,holdet_vm_2026_official,616,49770,45437.0,775.0,Mexico,293.0,DEF,2000000,2000000,False,True,True,True,richard_ledezma__mex,exact_name_team,1.0,0.3597,transfermarkt_availability_split_2026_06_07,0.975442,0.975442,"{'skinColor': '#E9A58D', 'hairColor': '#000000'}",holdet_api_appearance,start_neutral_blended_nt_team_absolute,36.0,0.3597,sjældent startende - Transfermarkt landshold,4.0,2.0,1.8044,,,,1.0,0.5,0.3741,,0.3803,0.8454,medium_risk,medium_risk,4.0,0.0,3.47,0.0,1.7,0.3333,0.4899,1.354339,0.512346,1.354339,1.354339,0.99706,0.512346,0.99706,0.45,1.35,True,appearance_scaled_then_base_capped,component_weighted_sum,RSA,0.559198,KOR,0.428434,CZE,0.366704,0.559198,0.428434,0.366704,,,,,,,,,,,,,,,,,,,,,richard ledezma__mexico__DEF
alexis_duarte__par,Alexis Duarte,PAR,Paraguay,py,DEF,0.592,3.68,0.0025,0.176,27.0,2000000,0.0484,5.0,2000000,holdet_vm_2026_official,holdet_vm_2026_official,616,48788,49603.0,778.0,Paraguay,293.0,DEF,2000000,2000000,False,True,True,True,alexis_duarte__par,exact_name_team,1.0,0.2675,transfermarkt_availability_split_2026_06_07,0.669914,0.669914,{},holdet_api_appearance,start_neutral_blended_nt_team_absolute,27.0,0.2675,sjældent startende - Transfermarkt landshold,7.0,1.0,2.8184000000000005,,,,1.0,0.1429,0.271,,0.281,0.8626,medium_risk,medium_risk,7.0,0.0,4.28,0.0,0.68,0.3333,0.1589,0.906282,0.381019,0.906282,0.906282,0.99706,0.381019,0.99706,0.45,1.35,True,appearance_scaled_then_base_capped,component_weighted_sum,USA,0.245686,TUR,0.284529,AUS,0.376064,0.245686,0.284529,0.376064,,,,,,,,,,,,,,,,,,,,,alexis duarte__paraguay__DEF
gonzalo_agustin_sandez__par,Gonzalo Agustin Sandez,PAR,Paraguay,py,DEF,,,,,0.0,2000000,,,2000000,holdet_vm_2026_official,holdet_vm_2026_official,616,49144,49605.0,778.0,Paraguay,293.0,DEF,2000000,2000000,False,True,True,True,gonzalo_agustin_sandez__par,exact_name_team,1.0,0.5259,transfermarkt_availability_split_2026_06_07,1.017171,1.017171,{},holdet_api_appearance,start_neutral_blended_nt_team_absolute,53.0,0.5259,rotation/usikker - Transfermarkt landshold,14.0,4.0,6.274400000000003,,,,1.0,0.2857,0.3208,,0.5775,0.7446,medium_risk,medium_risk,11.0,3.0,6.28,1.84,2.32,0.6667,0.3694,1.23652,0.749077,1.23652,1.23652,0.99706,0.749077,0.99706,0.45,1.35,True,appearance_scaled_then_base_capped,component_weighted_sum,USA,0.350119,TUR,0.387656,AUS,0.494626,0.350119,0.387656,0.494626,,,,,,,,,,,,,,,,,,,,,gonzalo agustin sandez__paraguay__DEF
alan_ben_tez__par,Alan Benitez,PAR,Paraguay,py,DEF,0.592,3.68,0.0049,0.268,29.0,2500000,0.0714,7.0,2500000,holdet_vm_2026_official,holdet_vm_2026_official,616,48761,49607.0,778.0,Paraguay,293.0,DEF,2500000,2500000,False,True,True,True,alan_ben_tez__par,exact_name_team,1.0,0.5257,transfermarkt_availability_split_2026_06_07,1.401378,1.401378,{},holdet_api_appearance,start_neutral_blended_nt_team_absolute,53.0,0.5257,rotation/usikker - Transfermarkt landshold,84.0,6.0,18.288400000000003,,,,1.0,0.0714,0.4673,,0.6113,0.6,high_risk,high_risk,12.0,72.0,5.56,18.38,2.68,0.6667,0.482,1.368768,1.441234,1.368768,1.368768,1.919087,1.441234,1.919087,0.45,1.35,True,appearance_scaled_then_base_capped,component_weighted_sum,USA,0.374069,TUR,0.423273,AUS,0.571422,0.374069,0.423273,0.571422,,,,,,,,,,,,,,,,,,,,,alan benitez__paraguay__DEF
blas_riveros__par,Blas Riveros,PAR,Paraguay,py,DEF,0.592,3.68,0.0025,0.176,27.0,2000000,0.0484,5.0,2000000,holdet_vm_2026_official,holdet_vm_2026_official,616,48903,34714.0,778.0,Paraguay,293.0,DEF,2000000,2000000,False,True,True,True,blas_riveros__par,exact_name_team,1.0,0.3023,transfermarkt_availability_split_2026_06_07,0.639878,0.639878,"{'skinColor': '#E9A58D', 'hairColor': '#000000', 'hairStyle': 'Short'}",holdet_api_appearance,start_neutral_blended_nt_team_absolute,30.0,0.3023,sjældent startende - Transfermarkt landshold,96.0,12.0,16.413600000000002,,,,1.0,0.1446,0.2602,,0.3515,0.6,high_risk,high_risk,24.0,59.0,5.84,15.36,2.3,0.3333,0.3938,0.811115,0.430587,0.811115,0.811115,0.99706,0.430587,0.99706,0.45,1.35,True,appearance_scaled_then_base_capped,component_weighted_sum,USA,0.218479,TUR,0.250139,AUS,0.342493,0.218479,0.250139,0.342493,,,,,,,,,,,,,,,,,,,,,blas riveros__paraguay__DEF
martin_caceres__uru,Martin Caceres,URU,Uruguay,uy,DEF,,,,,0.0,3000000,,,3000000,holdet_vm_2026_official,holdet_vm_2026_official,616,49511,23250.0,783.0,Uruguay,293.0,DEF,3000000,3000000,False,True,True,True,martin_caceres__uru,exact_name_team,1.0,0.4085,transfermarkt_availability_split_2026_06_07,1.510708,1.510708,"{'skinColor': '#E9A58D', 'hairColor': '#000000', 'hairStyle': 'Long'}",holdet_api_appearance,start_neutral_blended_nt_team_absolute,41.0,0.4085,sjældent startende - Transfermarkt landshold,188.0,104.0,15.396,0.0,0.0,2022-12-02,1.0,0.6265,0.3995,,0.4346,0.8288,medium_risk,medium_risk,140.0,26.0,16.4,2.8,11.0,0.3333,0.6707,1.404756,1.640206,1.404756,1.404756,2.810634,1.640206,2.107134,0.45,1.35,True,appearance_scaled_then_base_capped,component_weighted_sum,KSA,0.600338,CPV,0.560987,ESP,0.243427,0.600338,0.560987,0.243427,,,,,,,,,,,,,,,,,,,,,martin caceres__uruguay__DEF
jos_luis_rodr_guez_bebanz__uru,Jose Luis Rodriguez Bebanz,URU,Uruguay,uy,DEF,0.865,5.027,0.0037,0.278,36.0,3000000,0.0735,7.0,3000000,holdet_vm_2026_official,holdet_vm_2026_official,616,49330,43470.0,783.0,Uruguay,293.0,DEF,3000000,3000000,False,True,True,True,jos_luis_rodr_guez_bebanz__uru,exact_name_team,1.0,0.0459,transfermarkt_availability_split_2026_06_07,0.314843,0.314843,"{'skinColor': '#DAA07A', 'hairColor': '#000000'}",holdet_api_appearance,start_neutral_blended_nt_team_absolute,5.0,0.0459,sjældent startende - Transfermarkt landshold,41.0,4.0,14.676,12.0,2.0,2026-03-31,1.0,0.0976,0.02,0.1667,0.0534,0.6,high_risk,high_risk,22.0,19.0,10.56,8.4,1.88,0.0,0.178,0.421654,0.184297,0.421654,0.421654,2.810634,0.184297,0.632481,0.45,1.35,True,appearance_scaled_then_base_capped,component_weighted_sum,KSA,0.175607,CPV,0.153405,ESP,0.090424,0.175607,0.153405,0.090424,,,,,,,,,,,,,,,,,,,,,jose luis rodriguez bebanz__uruguay__DEF
jose_hurtado__ecu,Jose Hurtado,ECU,Ecuador,ec,DEF,,,,,0.0,2500000,,,2500000,holdet_vm_2026_official,holdet_vm_2026_official,616,49328,52159.0,881.0,Ecuador,293.0,DEF,2500000,2500000,False,True,True,True,jose_hurtado__ecu,exact_name_team,1.0,0.25,holdet_official_unmatched_default,0.665639,0.665639,{},holdet_api_appearance,start_neutral_blended_nt_team_absolute,,,,,,,,,,,,,,,,,,,,,,,,,0.649481,0.685388,0.649481,0.649481,1.919087,0.685388,0.974221,0.45,1.35,True,appearance_scaled_then_base_capped,component_weighted_sum,CIV,0.238802,CUW,0.313653,GER,0.097027,0.238802,0.313653,0.097027,,,,,,,,,,,,,,,,,,,,,jose hurtado__ecuador__DEF
hossein_abarghouei__irn,Hossein Abarghouei,IRN,Iran,ir,DEF,0.764,4.403,0.0049,0.299,34.0,2000000,0.0784,8.0,2000000,holdet_vm_2026_official,holdet_vm_2026_official,616,49189,49520.0,883.0,Iran,293.0,DEF,2000000,2000000,False,True,True,True,hossein_abarghouei__irn,exact_name_team,1.0,0.8777,transfermarkt_availability_split_2026_06_07,1.68006,1.68006,{},holdet_api_appearance,start_neutral_blended_nt_team_absolute,88.0,0.8777,sandsynlig starter - Transfermarkt landshold,1.0,1.0,0.3536,,,,1.0,1.0,1.0,,0.97,0.7283,unknown,unknown,1.0,0.0,0.68,0.0,0.68,1.0,1.0,2.238879,0.99706,2.238879,2.238879,0.99706,0.99706,0.99706,0.45,1.35,True,raw_for_likely_starter,component_weighted_sum,NZL,1.179026,BEL,0.389232,EGY,0.670616,1.179026,0.389232,0.670616,,,,,,,,,,,,,,,,,,,,,hossein abarghouei__iran__DEF
danial_esmaeilifar__irn,Danial Esmaeilifar,IRN,Iran,ir,DEF,0.764,4.403,0.0061,0.325,35.0,2500000,0.0847,8.0,2500000,holdet_vm_2026_official,holdet_vm_2026_official,616,48980,49521.0,883.0,Iran,293.0,DEF,2500000,2500000,False,True,True,True,danial_esmaeilifar__irn,exact_name_team,1.0,0.3084,transfermarkt_availability_split_2026_06_07,0.839269,0.839269,{},holdet_api_appearance,start_neutral_blended_nt_team_absolute,31.0,0.3084,sjældent startende - Transfermarkt landshold,63.0,3.0,18.9108,,,,1.0,0.0476,0.2744,,0.3586,0.6,high_risk,high_risk,11.0,52.0,5.46,17.92,2.28,0.3333,0.4176,0.834175,0.845495,0.834175,0.834175,1.919087,0.845495,1.251262,0.45,1.35,True,appearance_scaled_then_base_capped,component_weighted_sum,NZL,0.445264,BEL,0.145226,EGY,0.243682,0.445264,0.145226,0.243682,,,,,,,,,,,,,,,,,,,,,danial esmaeilifar__iran__DEF
abolfazl_jalali__irn,Abolfazl Jalali,IRN,Iran,,DEF,,,,,0.0,2000000,,,2000000,holdet_vm_2026_official,holdet_vm_2026_official,616,48731,43491.0,883.0,Iran,293.0,DEF,2000000,2000000,False,True,True,True,abolfazl_jalali__irn,exact_name_team,1.0,0.043,transfermarkt_availability_split_2026_06_07,0.126222,0.126222,{},holdet_api_appearance,start_neutral_blended_nt_team_absolute,4.0,0.043,sjældent startende - Transfermarkt landshold,58.0,3.0,15.2956,,,,1.0,0.0545,0.0126,,0.05,0.6,high_risk,high_risk,18.0,37.0,6.3,11.18,0.88,0.0,0.1397,0.179383,0.061248,0.179383,0.179383,0.99706,0.061248,0.269074,0.45,1.35,True,appearance_scaled_then_base_capped,component_weighted_sum,NZL,0.096979,BEL,0.034161,EGY,0.048241,0.096979,0.034161,0.048241,,,,,,,,,,,,,,,,,,,,,abolfazl jalali__iran__DEF
ahmed_hasan_maknzi__irq,Ahmed Hasan Maknzi,IRQ,Irak,iq,DEF,,,,,0.0,2000000,,,2000000,holdet_vm_2026_official,holdet_vm_2026_official,616,48747,52211.0,947.0,Irak,293.0,DEF,2000000,2000000,False,True,True,True,ahmed_hasan_maknzi__irq,exact_name_team,1.0,0.5379,transfermarkt_availability_split_2026_06_07,0.629793,0.629793,{},holdet_api_appearance,start_neutral_blended_nt_team_absolute,54.0,0.5379,rotation/usikker - Transfermarkt landshold,21.0,5.0,11.945200000000003,,,,1.0,0.2381,0.3589,,0.6255,0.6,high_risk,high_risk,10.0,11.0,6.63,7.12,3.51,0.6667,0.5294,0.518213,0.766169,0.518213,0.518213,0.99706,0.766169,0.77732,0.45,1.35,True,appearance_scaled_then_base_capped,component_weighted_sum,NOR,0.144536,FRA,0.137752,SEN,0.233685,0.144536,0.137752,0.233685,,,,,,,,,,,,,,,,,,,,,ahmed hasan maknzi__irak__DEF
martin_krug__pan,Martin Krug,PAN,Panama,,DEF,,,,,0.0,2000000,,,2000000,holdet_vm_2026_official,holdet_vm_2026_official,616,49515,48574.0,971.0,Panama,293.0,DEF,2000000,2000000,False,True,True,True,martin_krug__pan,exact_name_team,1.0,0.273,transfermarkt_availability_split_2026_06_07,0.444549,0.444549,{},holdet_api_appearance,start_neutral_blended_nt_team_absolute,27.0,0.273,sjældent startende - Transfermarkt landshold,28.0,1.0,14.199200000000003,,,,1.0,0.0357,0.2495,,0.3175,0.6,high_risk,high_risk,5.0,23.0,3.28,14.18,0.92,0.3333,0.2805,0.490118,0.388853,0.490118,0.490118,0.99706,0.388853,0.735177,0.45,1.35,True,appearance_scaled_then_base_capped,component_weighted_sum,GHA,0.186616,CRO,0.176027,ENG,0.127473,0.186616,0.176027,0.127473,,,,,,,,,,,,,,,,,,,,,martin krug__panama__DEF
abdelhamid_ait_boudlal__mar,Abdelhamid Ait Boudlal,MAR,Marokko,,DEF,,,,,0.0,2500000,,,2500000,holdet_vm_2026_official,holdet_vm_2026_official,616,48718,52208.0,974.0,Marokko,293.0,DEF,2500000,2500000,False,True,True,True,abdelhamid_ait_boudlal__mar,exact_name_team,1.0,0.8353,transfermarkt_availability_split_2026_06_07,2.142213,2.142213,{},holdet_api_appearance,start_neutral_blended_nt_team_absolute,84.0,0.8353,sandsynlig starter - Transfermarkt landshold,2.0,1.0,0.9568000000000001,,,,1.0,0.5,0.5,,0.97,0.6033,unknown,unknown,1.0,1.0,0.92,0.92,0.92,1.0,1.0,2.324771,1.919087,2.324771,2.324771,1.919087,1.919087,1.919087,0.45,1.35,True,raw_for_likely_starter,component_weighted_sum,BRA,0.406994,SCO,0.840525,HAI,1.077249,0.406994,0.840525,1.077249,,,,,,,,,,,,,,,,,,,,,abdelhamid ait boudlal__marokko__DEF
jawad_el_yamiq__mar,Jawad El Yamiq,MAR,Marokko,ma,DEF,0.932,5.69,0.0496,0.16,37.0,2500000,0.0442,4.0,2500000,holdet_vm_2026_official,holdet_vm_2026_official,616,49260,39817.0,974.0,Marokko,293.0,DEF,2500000,2500000,False,True,True,True,jawad_el_yamiq__mar,exact_name_team,1.0,0.135,transfermarkt_availability_split_2026_06_07,0.503842,0.503842,"{'skinColor': '#E9A58D', 'hairColor': '#000000'}",holdet_api_appearance,start_neutral_blended_nt_team_absolute,14.0,0.135,sjældent startende - Transfermarkt landshold,162.0,33.0,37.86240000000001,,,,1.0,0.2129,0.062,,0.157,0.6,high_risk,high_risk,61.0,94.0,19.53,24.23,10.22,0.0,0.5233,0.61326,0.37011,0.61326,0.61326,1.919087,0.37011,0.91989,0.45,1.35,True,appearance_scaled_then_base_capped,component_weighted_sum,BRA,0.097298,SCO,0.220536,HAI,0.295423,0.097298,0.220536,0.295423,,,,,,,,,,,,,,,,,,,,,jawad el yamiq__marokko__DEF
souffian_el_karouani__mar,Souffian El Karouani,MAR,Marokko,,DEF,,,,,0.0,2000000,,,2000000,holdet_vm_2026_official,holdet_vm_2026_official,616,49859,49577.0,974.0,Marokko,293.0,DEF,2000000,2000000,False,True,True,True,souffian_el_karouani__mar,exact_name_team,1.0,0.2534,transfermarkt_availability_split_2026_06_07,0.51173,0.51173,{},holdet_api_appearance,start_neutral_blended_nt_team_absolute,25.0,0.2534,sjældent startende - Transfermarkt landshold,86.0,3.0,33.5752,,,,1.0,0.0349,0.0087,,0.2947,0.6,high_risk,high_risk,12.0,74.0,5.28,33.32,1.08,0.3333,0.2045,0.635107,0.360936,0.635107,0.635107,0.99706,0.360936,0.95266,0.45,1.35,True,appearance_scaled_then_base_capped,component_weighted_sum,BRA,0.095368,SCO,0.23224,HAI,0.307498,0.095368,0.23224,0.307498,,,,,,,,,,,,,,,,,,,,,souffian el karouani__marokko__DEF
ilay_camara__sen,Ilay Camara,SEN,Senegal,sn,DEF,,,,,0.0,2000000,,,2000000,holdet_vm_2026_official,holdet_vm_2026_official,616,49215,49638.0,975.0,Senegal,293.0,DEF,2000000,2000000,False,True,True,True,ilay_camara__sen,exact_name_team,1.0,0.2646,transfermarkt_availability_split_2026_06_07,0.504581,0.504581,{},holdet_api_appearance,start_neutral_blended_nt_team_absolute,26.0,0.2646,sjældent startende - Transfermarkt landshold,26.0,2.0,5.659200000000001,,,,1.0,0.1667,0.0416,,0.3077,0.6,high_risk,high_risk,7.0,5.0,4.68,3.88,1.16,0.3333,0.2479,0.609056,0.376889,0.609056,0.609056,0.99706,0.376889,0.913584,0.45,1.35,True,appearance_scaled_then_base_capped,component_weighted_sum,FRA,0.097942,NOR,0.180209,IRQ,0.330903,0.097942,0.180209,0.330903,,,,,,,,,,,,,,,,,,,,,ilay camara__senegal__DEF
mohammed_sulaiman__ksa,Mohammed Sulaiman,KSA,Saudi-Arabien,sa,DEF,0.498,3.105,0.001,0.146,23.0,2000000,0.0404,4.0,2000000,holdet_vm_2026_official,holdet_vm_2026_official,616,49595,49632.0,977.0,Saudi-Arabien,293.0,DEF,2000000,2000000,False,True,True,True,mohammed_sulaiman__ksa,exact_name_team,1.0,0.3038,transfermarkt_availability_split_2026_06_07,0.514573,0.514573,{},holdet_api_appearance,start_neutral_blended_nt_team_absolute,30.0,0.3038,sjældent startende - Transfermarkt landshold,16.0,4.0,10.288400000000001,,,,1.0,0.25,0.3035,,0.3164,0.8859,medium_risk,medium_risk,15.0,1.0,11.05,0.68,3.06,0.3333,0.2769,0.581541,0.432724,0.581541,0.581541,0.99706,0.432724,0.872311,0.45,1.35,True,appearance_scaled_then_base_capped,component_weighted_sum,URU,0.15636,ESP,0.120246,CPV,0.304934,0.15636,0.120246,0.304934,,,,,,,,,,,,,,,,,,,,,mohammed sulaiman__saudi arabien__DEF
tarek_salman__qat,Tarek Salman,QAT,Qatar,qa,DEF,0.423,2.747,0.0086,0.345,27.0,2500000,0.0891,9.0,2500000,holdet_vm_2026_official,holdet_vm_2026_official,616,49878,38398.0,1009.0,Qatar,293.0,DEF,2500000,2500000,False,True,True,True,tarek_salman__qat,exact_name_team,1.0,0.4011,transfermarkt_availability_split_2026_06_07,0.742631,0.742631,{'skinColor': '#DAA07A'},holdet_api_appearance,start_neutral_blended_nt_team_absolute,40.0,0.4011,sjældent startende - Transfermarkt landshold,129.0,77.0,25.942400000000003,12.0,5.0,2025-12-07,1.0,0.5969,0.3772,0.4167,0.4167,0.8933,medium_risk,medium_risk,118.0,11.0,28.63,2.66,17.5,0.3333,0.6112,0.606229,0.909344,0.606229,0.606229,1.919087,1.099637,0.909344,0.45,1.35,True,appearance_scaled_then_base_capped,component_weighted_sum,SUI,0.147739,CAN,0.214826,BIH,0.245118,0.147739,0.214826,0.245118,,,,,,"{'source': 'transfermarkt_national_team_output', 'transfermarkt_player_id': '311730.0', 'transfermarkt_national_url': 'https://www.transfermarkt.com/tarek-salman/nationalmannschaft/spieler/311730/verein_id/14162', 'tm_competition_rows': 164, 'tm_competition_starts': 114, 'tm_recency_weighted_competitive_start_score': 0.7548}",,,,,,,,,,,,,,,tarek salman__qatar__DEF
ralph_priso__can,Ralph Priso,CAN,Canada,,DEF,,,,,0.0,2000000,,,2000000,holdet_vm_2026_official,holdet_vm_2026_official,616,49744,52131.0,1059.0,Canada,293.0,DEF,2000000,2000000,False,True,True,True,ralph_priso__can,exact_name_team,1.0,0.3308,transfermarkt_availability_split_2026_06_07,0.956129,0.956129,{},holdet_api_appearance,start_neutral_blended_nt_team_absolute,33.0,0.3308,sjældent startende - Transfermarkt landshold,5.0,2.0,2.4388000000000005,,,,1.0,0.4,0.3338,,0.3466,0.87,medium_risk,medium_risk,5.0,0.0,4.69,0.0,1.77,0.3333,0.3774,1.352904,0.471182,1.352904,1.352904,0.99706,0.471182,0.99706,0.45,1.35,True,appearance_scaled_then_base_capped,component_weighted_sum,BIH,0.500222,QAT,0.617969,SUI,0.304974,0.500222,0.617969,0.304974,,,,,,,,,,,,,,,,,,,,,ralph priso__canada__DEF
jahkeele_rutty__can,Jahkeele Rutty,CAN,Canada,,DEF,,,,,0.0,2000000,,,2000000,holdet_vm_2026_official,holdet_vm_2026_official,616,49244,49447.0,1059.0,Canada,293.0,DEF,2000000,2000000,False,True,True,True,jahkeele_rutty__can,exact_name_team,1.0,0.25,holdet_official_unmatched_default,0.542121,0.542121,{},holdet_api_appearance,start_neutral_blended_nt_team_absolute,,,,,,,,,,,,,,,,,,,,,,,,,0.694325,0.356093,0.694325,0.694325,0.99706,0.356093,0.99706,0.45,1.35,True,appearance_scaled_then_base_capped,component_weighted_sum,BIH,0.244815,QAT,0.321216,SUI,0.128295,0.244815,0.321216,0.128295,,,,,,,,,,,,,,,,,,,,,jahkeele rutty__canada__DEF
kamal_miller__can,Kamal Miller,CAN,Canada,ca,DEF,0.831,5.014,0.0033,0.27,36.0,2500000,0.0718,7.0,2500000,holdet_vm_2026_official,holdet_vm_2026_official,616,49371,43147.0,1059.0,Canada,293.0,DEF,2500000,2500000,False,True,True,True,kamal_miller__can,exact_name_team,1.0,0.8008,transfermarkt_availability_split_2026_06_07,2.45779,2.45779,{},holdet_api_appearance,start_neutral_blended_nt_team_absolute,80.0,0.8008,sandsynlig starter - Transfermarkt landshold,88.0,44.0,22.872000000000007,,,,1.0,0.5,0.8332,,0.8598,0.804,medium_risk,medium_risk,75.0,13.0,24.09,5.36,12.83,1.0,0.5326,2.898547,1.919087,2.898547,2.898547,1.919087,1.919087,1.919087,0.45,1.35,True,raw_for_likely_starter,component_weighted_sum,BIH,1.043497,QAT,1.320352,SUI,0.534698,1.043497,1.320352,0.534698,,,,,,,,,,,,,,,,,,,,,kamal miller__canada__DEF
dilshod_komilov__uzb,Dilshod Komilov,UZB,Usbekistan,uz,DEF,,,,,0.0,2000000,,,2000000,holdet_vm_2026_official,holdet_vm_2026_official,616,49022,49786.0,1122.0,Usbekistan,293.0,DEF,2000000,2000000,False,True,True,True,dilshod_komilov__uzb,exact_name_team,1.0,0.5473,transfermarkt_availability_split_2026_06_07,0.85437,0.85437,"{'skinColor': '#EFC6B6', 'hairColor': '#5D491C', 'hairStyle': 'Short'}",holdet_api_appearance,start_neutral_blended_nt_team_absolute,55.0,0.5473,rotation/usikker - Transfermarkt landshold,6.0,2.0,3.584,,,,1.0,0.3333,0.5805,,0.5775,0.8503,medium_risk,medium_risk,6.0,0.0,3.68,0.0,1.36,0.6667,0.3696,0.915579,0.779558,0.915579,0.915579,0.99706,0.779558,0.99706,0.45,1.35,True,appearance_scaled_then_base_capped,component_weighted_sum,COL,0.245733,POR,0.217652,COD,0.452192,0.245733,0.217652,0.452192,,,,,,,,,,,,,,,,,,,,,dilshod komilov__usbekistan__DEF
mukhammadkodir_khamraliev__uzb,Mukhammadkodir Khamraliev,UZB,Usbekistan,uz,DEF,,,,,0.0,2500000,,,2500000,holdet_vm_2026_official,holdet_vm_2026_official,616,49615,52116.0,1122.0,Usbekistan,293.0,DEF,2500000,2500000,False,True,True,True,mukhammadkodir_khamraliev__uzb,exact_name_team,1.0,0.2992,transfermarkt_availability_split_2026_06_07,0.687821,0.687821,{},holdet_api_appearance,start_neutral_blended_nt_team_absolute,30.0,0.2992,sjældent startende - Transfermarkt landshold,30.0,6.0,12.797600000000003,,,,1.0,0.2,0.0683,,0.3374,0.6766,medium_risk,medium_risk,20.0,10.0,10.72,5.08,3.72,0.3333,0.347,0.579452,0.820273,0.579452,0.579452,1.919087,0.820273,0.869178,0.45,1.35,True,appearance_scaled_then_base_capped,component_weighted_sum,COL,0.147657,POR,0.150263,COD,0.280599,0.147657,0.150263,0.280599,,,,,,,,,,,,,,,,,,,,,mukhammadkodir khamraliev__usbekistan__DEF
mukhammadrasul_abdumazhidov__uzb,Mukhammadrasul Abdumazhidov,UZB,Usbekistan,uz,DEF,,,,,0.0,2000000,,,2000000,holdet_vm_2026_official,holdet_vm_2026_official,616,49616,52113.0,1122.0,Usbekistan,293.0,DEF,2000000,2000000,False,True,True,True,mukhammadrasul_abdumazhidov__uzb,exact_name_team,1.0,0.0464,transfermarkt_availability_split_2026_06_07,0.0,0.0,{},holdet_api_appearance,start_neutral_blended_nt_team_absolute,5.0,0.0464,sjældent startende - Transfermarkt landshold,2.0,0.0,0.9568000000000001,,,,1.0,0.0,0.0,,0.05,0.7934,unknown,unknown,2.0,0.0,1.84,0.0,0.0,0.0,0.0,0.0,0.0,0.0,0.0,0.0,0.0,0.0,0.45,1.35,False,not_applied,no_ev_source,COL,-0.028411,POR,-0.030112,COD,-0.008065,-0.028411,-0.030112,-0.008065,,,,,,,,,,,,,,,,,,,,,mukhammadrasul abdumazhidov__usbekistan__DEF
ahmad_assaf__jor,Ahmad Assaf,JOR,Jordan,jo,DEF,,,,,0.0,2500000,,,2500000,holdet_vm_2026_official,holdet_vm_2026_official,616,48742,52226.0,1123.0,Jordan,293.0,DEF,2500000,2500000,False,True,True,True,ahmad_assaf__jor,exact_name_team,1.0,0.7975,transfermarkt_availability_split_2026_06_07,1.375012,1.375012,{},holdet_api_appearance,start_neutral_blended_nt_team_absolute,80.0,0.7975,sandsynlig starter - Transfermarkt landshold,18.0,4.0,9.916400000000001,,,,1.0,0.2222,0.4312,,0.9273,0.6,high_risk,high_risk,6.0,12.0,3.96,9.01,3.0,1.0,0.7576,0.92986,1.919087,0.92986,0.92986,1.919087,1.919087,1.39479,0.45,1.35,True,raw_for_likely_starter,component_weighted_sum,AUT,0.250902,ALG,0.43668,ARG,0.244765,0.250902,0.43668,0.244765,,,,,,,,,,,,,,,,,,,,,ahmad assaf__jordan__DEF
yousef_abu_al_jazar__jor,Yousef Abu Al-Jazar,JOR,Jordan,jo,DEF,0.095,1.091,0.0026,0.134,10.0,2000000,0.0371,4.0,2000000,holdet_vm_2026_official,holdet_vm_2026_official,616,49975,49541.0,1123.0,Jordan,293.0,DEF,2000000,2000000,False,True,True,True,yousef_abu_al_jazar__jor,exact_name_team,1.0,0.043,transfermarkt_availability_split_2026_06_07,0.090757,0.090757,{},holdet_api_appearance,start_neutral_blended_nt_team_absolute,4.0,0.043,sjældent startende - Transfermarkt landshold,88.0,3.0,22.944000000000003,,,,1.0,0.0341,0.0066,,0.05,0.6,high_risk,high_risk,25.0,63.0,10.9,18.91,0.88,0.0,0.0807,0.1149,0.061248,0.1149,0.1149,0.99706,0.061248,0.17235,0.45,1.35,True,appearance_scaled_then_base_capped,component_weighted_sum,AUT,0.00958,ALG,0.061133,ARG,0.044186,0.00958,0.061133,0.044186,,,,,,,,,,,,,,,,,,,,,yousef abu al jazar__jordan__DEF
rocky_bushiri__cod,Rocky Bushiri,COD,Congo DR,cd,DEF,0.613,3.595,0.0023,-0.047,22.0,2000000,-0.013,0.0,2000000,holdet_vm_2026_official,holdet_vm_2026_official,616,49784,40790.0,1145.0,Congo DR,293.0,DEF,2000000,2000000,False,True,True,True,rocky_bushiri__cod,exact_name_team,1.0,0.2763,transfermarkt_availability_split_2026_06_07,0.536844,0.536844,"{'skinColor': '#6E4A3A', 'hairColor': '#000000'}",holdet_api_appearance,start_neutral_blended_nt_team_absolute,28.0,0.2763,sjældent startende - Transfermarkt landshold,44.0,7.0,20.278,,,,1.0,0.1591,0.0447,,0.3052,0.7298,medium_risk,medium_risk,32.0,12.0,17.45,6.2,4.18,0.3333,0.2395,0.654082,0.393554,0.654082,0.654082,0.99706,0.393554,0.981123,0.45,1.35,True,appearance_scaled_then_base_capped,component_weighted_sum,POR,0.088852,COL,0.213804,UZB,0.350787,0.088852,0.213804,0.350787,,,,,,,,,,,,,,,,,,,,,rocky bushiri__congo dr__DEF
jeremy_ngakia__cod,Jeremy Ngakia,COD,Congo DR,cd,DEF,,,,,0.0,2500000,,,2500000,holdet_vm_2026_official,holdet_vm_2026_official,616,49272,39180.0,1145.0,Congo DR,293.0,DEF,2500000,2500000,False,True,True,True,jeremy_ngakia__cod,exact_name_team,1.0,0.045,transfermarkt_availability_split_2026_06_07,0.0,0.0,"{'skinColor': '#6E4A3A', 'hairColor': '#78540F', 'hairStyle': 'Short'}",holdet_api_appearance,start_neutral_blended_nt_team_absolute,4.0,0.045,sjældent startende - Transfermarkt landshold,1.0,0.0,0.432,,,,1.0,0.0,0.0,,0.05,0.7126,unknown,unknown,1.0,0.0,0.48,0.0,0.0,0.0,0.0,0.0,0.0,0.0,0.0,0.0,0.0,0.0,0.45,1.35,False,not_applied,no_ev_source,POR,-0.036105,COL,-0.021508,UZB,-0.005174,-0.036105,-0.021508,-0.005174,,,,,,,,,,,,,,,,,,,,,jeremy ngakia__congo dr__DEF
abdel_rahman_al_talalga__jor,Abdel Rahman Al-Talalga,JOR,Jordan,jo,GK,,,,,0.0,2500000,,,2500000,holdet_vm_2026_official,holdet_vm_2026_official,616,48717,52224.0,1123.0,Jordan,294.0,GK,2500000,2500000,False,True,True,True,abdel_rahman_al_talalga__jor,exact_name_team,1.0,0.2122,transfermarkt_availability_split_2026_06_07+gk_hierarchy_normalized,0.352392,0.352392,{},holdet_api_appearance,start_neutral_blended_nt_team_absolute,21.0,0.2122,reservekeeper - GK hierarchy,14.0,7.0,4.058400000000001,,,,1.0,0.5,0.2992,,0.2122,0.6702,medium_risk,medium_risk,10.0,4.0,6.88,3.37,5.44,1.0,0.7907,0.439706,0.245674,0.439706,0.439706,0.810423,0.245674,0.659559,0.45,1.35,True,appearance_scaled_then_base_capped,component_weighted_sum,AUT,0.099824,ALG,0.205731,ARG,0.133513,0.099824,0.205731,0.133513,,,,,,,,,,0.829,0.2122,2026-06-07,0.478683,2.0,,,,,,,abdel rahman al talalga__jordan__GK
shehab_ellethy__qat,Shehab Ellethy,QAT,Qatar,,GK,,,,,0.0,2500000,,,2500000,holdet_vm_2026_official,holdet_vm_2026_official,616,49843,49621.0,1009.0,Qatar,294.0,GK,2500000,2500000,False,True,True,True,shehab_ellethy__qat,exact_name_team,1.0,0.0251,transfermarkt_availability_split_2026_06_07+gk_hierarchy_normalized,0.0,0.0,{},holdet_api_appearance,start_neutral_blended_nt_team_absolute,3.0,0.0251,reservekeeper - GK hierarchy,28.0,1.0,12.618799999999997,12.0,0.0,2025-12-07,1.0,0.0357,0.0103,0.0,0.0251,0.6,high_risk,high_risk,14.0,14.0,7.17,7.64,0.48,0.0,0.0669,0.0,0.0,0.0,0.0,0.0,0.0,0.0,0.45,1.35,False,not_applied,no_ev_source,SUI,-0.032202,CAN,-0.021771,BIH,-0.017479,-0.032202,-0.021771,-0.017479,,,,,,"{'source': 'transfermarkt_national_team_output', 'transfermarkt_player_id': '589101.0', 'transfermarkt_national_url': 'https://www.transfermarkt.com/shehab-ellethy/nationalmannschaft/spieler/589101/verein_id/14162', 'tm_competition_rows': 59, 'tm_competition_starts': 14, 'tm_recency_weighted_competitive_start_score': 0.4502}",,,,0.043,0.0251,2026-06-07,0.022475,3.0,,,,,,,shehab ellethy__qatar__GK
mohammed_al_rubaie_al_yami__ksa,Mohammed Al-Rubaie Al-Yami,KSA,Saudi-Arabien,sa,GK,,,,,0.0,2500000,,,2500000,holdet_vm_2026_official,holdet_vm_2026_official,616,49593,43335.0,977.0,Saudi-Arabien,294.0,GK,2500000,2500000,False,True,True,True,mohammed_al_rubaie_al_yami__ksa,exact_name_team,1.0,0.0256,transfermarkt_availability_split_2026_06_07+gk_hierarchy_normalized,0.0,0.0,{},holdet_api_appearance,start_neutral_blended_nt_team_absolute,3.0,0.0256,reservekeeper - GK hierarchy,107.0,6.0,28.9908,,,,1.0,0.0561,0.0079,,0.0256,0.6,high_risk,high_risk,63.0,44.0,17.62,16.87,1.0,0.0,0.0568,0.0,0.0,0.0,0.0,0.0,0.0,0.0,0.45,1.35,False,not_applied,no_ev_source,URU,-0.01446,ESP,-0.011577,CPV,0.010394,-0.01446,-0.011577,0.010394,,,,,,,,,,0.043,0.0256,2026-06-07,0.027728,3.0,,,,,,,mohammed al rubaie al yami__saudi arabien__GK
abdulrahman_al_sanbi__ksa,Abdulrahman Al-Sanbi,KSA,Saudi-Arabien,sa,GK,,,,,0.0,2500000,,,2500000,holdet_vm_2026_official,holdet_vm_2026_official,616,48729,49636.0,977.0,Saudi-Arabien,294.0,GK,2500000,2500000,False,True,True,True,abdulrahman_al_sanbi__ksa,exact_name_team,1.0,0.0281,transfermarkt_availability_split_2026_06_07+gk_hierarchy_normalized,0.016055,0.016055,{},holdet_api_appearance,start_neutral_blended_nt_team_absolute,3.0,0.0281,reservekeeper - GK hierarchy,29.0,3.0,16.5452,,,,1.0,0.1034,0.0282,,0.0281,0.709,medium_risk,medium_risk,20.0,9.0,14.37,5.72,2.21,0.0,0.1538,0.002573,0.032533,0.002573,0.002573,0.810423,0.032533,0.15,0.45,1.35,True,appearance_scaled_then_base_capped,component_weighted_sum,URU,-0.008765,ESP,-0.005782,CPV,0.019256,-0.008765,-0.005782,0.019256,,,,,,,,,,0.0449,0.0281,2026-06-07,0.047266,2.0,,,,,,,abdulrahman al sanbi__saudi arabien__GK
el_mehdi_al_harrar__mar,El Mehdi Al Harrar,MAR,Marokko,,GK,,,,,0.0,2500000,,,2500000,holdet_vm_2026_official,holdet_vm_2026_official,616,49051,49576.0,974.0,Marokko,294.0,GK,2500000,2500000,False,True,True,True,el_mehdi_al_harrar__mar,exact_name_team,1.0,0.0185,transfermarkt_availability_split_2026_06_07+gk_hierarchy_normalized,0.058869,0.058869,{},holdet_api_appearance,start_neutral_blended_nt_team_absolute,2.0,0.0185,reservekeeper - GK hierarchy,30.0,7.0,20.5336,,,,1.0,0.2333,0.0695,,0.0185,0.6909,medium_risk,medium_risk,21.0,9.0,16.35,7.21,4.76,0.0,0.2911,0.08951,0.021418,0.08951,0.08951,0.810423,0.021418,0.15,0.45,1.35,True,appearance_scaled_then_base_capped,component_weighted_sum,BRA,0.000438,SCO,0.03524,HAI,0.053831,0.000438,0.03524,0.053831,,,,,,,,,,0.0779,0.0185,2026-06-07,0.100996,4.0,,,,,,,el mehdi al harrar__marokko__GK
el_mehdi_benabid__mar,El Mehdi Benabid,MAR,Marokko,,GK,,,,,0.0,3000000,,,3000000,holdet_vm_2026_official,holdet_vm_2026_official,616,49052,52207.0,974.0,Marokko,294.0,GK,3000000,3000000,False,True,True,True,el_mehdi_benabid__mar,exact_name_team,1.0,0.0226,transfermarkt_availability_split_2026_06_07+gk_hierarchy_normalized,0.052057,0.052057,{},holdet_api_appearance,start_neutral_blended_nt_team_absolute,2.0,0.0226,reservekeeper - GK hierarchy,55.0,5.0,27.871199999999998,12.0,3.0,2026-05-26,1.0,0.0909,0.0457,0.25,0.0226,0.6,high_risk,high_risk,24.0,31.0,13.01,19.27,4.25,0.3333,0.3267,0.042659,0.063543,0.042659,0.042659,1.968131,0.063543,0.15,0.45,1.35,True,appearance_scaled_then_base_capped,component_weighted_sum,BRA,-0.0111,SCO,0.018671,HAI,0.035088,-0.0111,0.018671,0.035088,,,,,,"{'source': 'transfermarkt_national_team_output', 'transfermarkt_player_id': '544414.0', 'transfermarkt_national_url': 'https://www.transfermarkt.com/el-mehdi-benabid/nationalmannschaft/spieler/544414/verein_id/3575', 'tm_competition_rows': 76, 'tm_competition_starts': 26, 'tm_recency_weighted_competitive_start_score': 0.5082}",,,,0.2849,0.0226,2026-06-07,0.130806,3.0,,,,,,,el mehdi benabid__marokko__GK
kumel_al_rekabe__irq,Kumel Al-Rekabe,IRQ,Irak,iq,GK,,,,,0.0,2500000,,,2500000,holdet_vm_2026_official,holdet_vm_2026_official,616,49415,52176.0,947.0,Irak,294.0,GK,2500000,2500000,False,True,True,True,kumel_al_rekabe__irq,exact_name_team,1.0,0.0251,transfermarkt_availability_split_2026_06_07+gk_hierarchy_normalized,0.0,0.0,{},holdet_api_appearance,start_neutral_blended_nt_team_absolute,3.0,0.0251,reservekeeper - GK hierarchy,14.0,0.0,6.676000000000002,,,,1.0,0.0,0.0,,0.0251,0.6,high_risk,high_risk,7.0,7.0,4.32,3.36,0.0,0.0,0.0,0.0,0.0,0.0,0.0,0.0,0.0,0.0,0.45,1.35,False,not_applied,no_ev_source,NOR,-0.01129,FRA,0.001193,SEN,0.008875,-0.01129,0.001193,0.008875,,,,,,,,,,0.043,0.0251,2026-06-07,0.013237,3.0,,,,,,,kumel al rekabe__irak__GK
mohammad_khalife__irn,Mohammad Khalife,IRN,Iran,,GK,,,,,0.0,2500000,,,2500000,holdet_vm_2026_official,holdet_vm_2026_official,616,49590,49517.0,883.0,Iran,294.0,GK,2500000,2500000,False,True,True,True,mohammad_khalife__irn,exact_name_team,1.0,0.0251,transfermarkt_availability_split_2026_06_07+gk_hierarchy_normalized,0.122143,0.122143,{},holdet_api_appearance,start_neutral_blended_nt_team_absolute,3.0,0.0251,reservekeeper - GK hierarchy,7.0,0.0,2.8912000000000004,,,,1.0,0.0,0.0,,0.0251,0.4299,high_risk,high_risk,2.0,5.0,1.68,3.88,0.0,0.0,0.0,0.198302,0.029059,0.198302,0.198302,0.810423,0.029059,0.297453,0.45,1.35,True,appearance_scaled_then_base_capped,component_weighted_sum,NZL,0.104022,BEL,0.041594,EGY,0.052684,0.104022,0.041594,0.052684,,,,,,,,,,0.04,0.0251,2026-06-07,0.012007,3.0,,,,,,,mohammad khalife__iran__GK
osman_hadzikic__bih,Osman Hadzikic,BIH,Bosnien-Hercegovina,ba,GK,,,,,0.0,2500000,,,2500000,holdet_vm_2026_official,holdet_vm_2026_official,616,49692,52120.0,882.0,Bosnien-Hercegovina,294.0,GK,2500000,2500000,False,True,True,True,osman_hadzikic__bih,exact_name_team,1.0,0.0251,transfermarkt_availability_split_2026_06_07+gk_hierarchy_normalized,0.0,0.0,{},holdet_api_appearance,start_neutral_blended_nt_team_absolute,3.0,0.0251,reservekeeper - GK hierarchy,21.0,0.0,10.081599999999998,12.0,0.0,2026-03-31,1.0,0.0,0.0,0.0,0.0251,0.9372,medium_risk,medium_risk,21.0,0.0,12.92,0.0,0.0,0.0,0.0,0.0,0.0,0.0,0.0,0.0,0.0,0.0,0.45,1.35,False,not_applied,no_ev_source,CAN,-0.014441,SUI,-0.013462,QAT,0.009727,-0.014441,-0.013462,0.009727,,,,,,"{'source': 'transfermarkt_national_team_output', 'transfermarkt_player_id': '188881.0', 'transfermarkt_national_url': 'https://www.transfermarkt.com/osman-hadzikic/nationalmannschaft/spieler/188881/verein_id/3446', 'tm_competition_rows': 28, 'tm_competition_starts': 8, 'tm_recency_weighted_competitive_start_score': 0.5902}",,,,0.0489,0.0251,2026-06-07,0.014541,3.0,,,,,,,osman hadzikic__bosnien hercegovina__GK
david_cabezas__ecu,David Cabezas,ECU,Ecuador,ec,GK,,,,,0.0,2500000,,,2500000,holdet_vm_2026_official,holdet_vm_2026_official,616,48992,52157.0,881.0,Ecuador,294.0,GK,2500000,2500000,False,True,True,True,david_cabezas__ecu,exact_name_team,1.0,0.6667,transfermarkt_availability_split_2026_06_07+gk_hierarchy_normalized,1.745065,1.745065,{},holdet_api_appearance,start_neutral_blended_nt_team_absolute,67.0,0.6667,sandsynlig starter - GK hierarchy,15.0,8.0,0.5589999999999998,,,,1.0,0.5333,0.8685,,0.6667,0.6444,high_risk,high_risk,9.0,6.0,0.9,0.6,0.8,1.0,0.8889,2.541315,0.77187,2.541315,2.541315,0.810423,0.77187,0.810423,0.45,1.35,True,appearance_scaled_then_base_capped,component_weighted_sum,CIV,0.929383,CUW,1.177271,GER,0.4359,0.929383,1.177271,0.4359,,,,,,,,,,0.8464,0.6667,2026-06-07,0.704524,1.0,,,,,,,david cabezas__ecuador__GK
patrick_schulte__usa,Patrick Schulte,USA,USA,us,GK,,,,,0.0,2500000,,,2500000,holdet_vm_2026_official,holdet_vm_2026_official,616,49716,49799.0,784.0,USA,294.0,GK,2500000,2500000,False,True,True,True,patrick_schulte__usa,exact_name_team,1.0,0.0152,transfermarkt_availability_split_2026_06_07+gk_hierarchy_normalized,0.042204,0.042204,"{'skinColor': '#EFC6B6', 'hairColor': '#78540F', 'hairStyle': 'Short'}",holdet_api_appearance,start_neutral_blended_nt_team_absolute,2.0,0.0152,reservekeeper - GK hierarchy,34.0,3.0,9.1136,12.0,0.0,2026-04-01,1.0,0.1154,0.0219,0.0,0.0152,0.6838,medium_risk,medium_risk,17.0,9.0,9.68,4.4,1.28,0.0,0.1322,0.062337,0.017598,0.062337,0.062337,0.810423,0.017598,0.15,0.45,1.35,True,appearance_scaled_then_base_capped,component_weighted_sum,PAR,0.025259,AUS,0.02656,TUR,0.010814,0.025259,0.02656,0.010814,,,,,,"{'source': 'transfermarkt_national_team_output', 'transfermarkt_player_id': '649397.0', 'transfermarkt_national_url': 'https://www.transfermarkt.com/patrick-schulte/nationalmannschaft/spieler/649397/verein_id/3505', 'tm_competition_rows': 45, 'tm_competition_starts': 16, 'tm_recency_weighted_competitive_start_score': 0.3948}",,,,0.0445,0.0152,2026-06-07,0.043122,3.0,,,,,,,patrick schulte__usa__GK
juan_espinola__par,Juan Espinola,PAR,Paraguay,py,GK,,,,,0.0,2500000,,,2500000,holdet_vm_2026_official,holdet_vm_2026_official,616,49346,38347.0,778.0,Paraguay,294.0,GK,2500000,2500000,False,True,True,True,juan_espinola__par,exact_name_team,1.0,0.0151,transfermarkt_availability_split_2026_06_07+gk_hierarchy_normalized,0.0,0.0,{},holdet_api_appearance,start_neutral_blended_nt_team_absolute,2.0,0.0151,reservekeeper - GK hierarchy,35.0,1.0,11.2944,,,,1.0,0.0286,0.0028,,0.0151,0.6401,high_risk,high_risk,24.0,11.0,9.1,5.24,0.2,0.0,0.022,0.0,0.0,0.0,0.0,0.0,0.0,0.0,0.45,1.35,False,not_applied,no_ev_source,USA,-0.032297,TUR,-0.027955,AUS,-0.021136,-0.032297,-0.027955,-0.021136,,,,,,,,,,0.0437,0.0151,2026-06-07,0.020574,5.0,,,,,,,juan espinola__paraguay__GK
carlos_miguel_coronel__par,Carlos Miguel Coronel,PAR,Paraguay,py,GK,,,,,0.0,2500000,,,2500000,holdet_vm_2026_official,holdet_vm_2026_official,616,48936,37045.0,778.0,Paraguay,294.0,GK,2500000,2500000,False,True,True,True,carlos_miguel_coronel__par,exact_name_team,1.0,0.0371,transfermarkt_availability_split_2026_06_07+gk_hierarchy_normalized,0.103948,0.103948,"{'skinColor': '#E9A58D', 'hairColor': '#000000', 'hairStyle': 'Short'}",holdet_api_appearance,start_neutral_blended_nt_team_absolute,4.0,0.0371,reservekeeper - GK hierarchy,24.0,9.0,9.640799999999999,,,,1.0,0.375,0.0771,,0.0371,0.8814,medium_risk,medium_risk,23.0,1.0,10.48,0.68,3.36,0.0,0.3206,0.153854,0.042952,0.153854,0.153854,0.810423,0.042952,0.230781,0.45,1.35,True,appearance_scaled_then_base_capped,component_weighted_sum,USA,0.026208,TUR,0.040283,AUS,0.057599,0.026208,0.040283,0.057599,,,,,,,,,,0.0922,0.0371,2026-06-07,0.147649,4.0,,,,,,,carlos miguel coronel__paraguay__GK
walter_benitez__arg,Walter Benitez,ARG,Argentina,ar,GK,,,,,0.0,4000000,,,4000000,holdet_vm_2026_official,holdet_vm_2026_official,616,49938,45034.0,762.0,Argentina,294.0,GK,4000000,4000000,False,True,True,True,walter_benitez__arg,exact_name_team,1.0,0.0151,transfermarkt_availability_split_2026_06_07+gk_hierarchy_normalized,0.0,0.0,"{'skinColor': '#DAA07A', 'hairColor': '#000000', 'hairStyle': 'VeryShort'}",holdet_api_appearance,start_neutral_blended_nt_team_absolute,2.0,0.0151,reservekeeper - GK hierarchy,33.0,1.0,12.7376,11.0,0.0,2026-04-01,1.0,0.0303,0.0039,0.0,0.0151,0.6524,high_risk,high_risk,21.0,12.0,10.16,5.48,0.32,0.0,0.0315,0.0,0.0,0.0,0.0,0.0,0.0,0.0,0.45,1.35,False,not_applied,no_ev_source,ALG,-0.011634,AUT,-0.018147,JOR,-0.011937,-0.011634,-0.018147,-0.011937,,,,,,"{'source': 'transfermarkt_national_team_output', 'source_note': 'Landsholdsbrug fra lokale Transfermarkt-outputfiler; ikke mål/assist/kort-events.', 'tm_competition_rows': 41, 'tm_competition_starts': 7, 'tm_weighted_start_signal_sum': 0.9193, 'tm_competition_weight_sum': 2.4, 'tm_weighted_competitive_start_score': 0.383, 'tm_recency_weighted_competitive_start_score': 0.383}",0.383,0.383,,0.0439,0.0151,2026-06-07,0.019757,4.0,,,,,,,walter benitez__argentina__GK
alexis_guendouz__alg,Alexis Guendouz,ALG,Algeriet,,GK,,,,,0.0,3000000,,,3000000,holdet_vm_2026_official,holdet_vm_2026_official,616,48789,49699.0,761.0,Algeriet,294.0,GK,3000000,3000000,False,True,True,True,alexis_guendouz__alg,exact_name_team,1.0,0.1358,transfermarkt_availability_split_2026_06_07+gk_hierarchy_normalized,0.436557,0.436557,{},holdet_api_appearance,start_neutral_blended_nt_team_absolute,14.0,0.1358,reservekeeper - GK hierarchy,46.0,14.0,16.668799999999997,12.0,1.0,2026-03-31,1.0,0.3043,0.2839,0.0833,0.1358,0.6,high_risk,high_risk,21.0,25.0,10.08,10.12,6.12,0.3333,0.6071,0.481343,0.381817,0.481343,0.481343,1.968131,0.381817,0.722015,0.45,1.35,True,appearance_scaled_then_base_capped,component_weighted_sum,ARG,0.073046,JOR,0.231862,AUT,0.176889,0.073046,0.231862,0.176889,,,,,,"{'source': 'transfermarkt_national_team_output', 'transfermarkt_player_id': '478872.0', 'transfermarkt_national_url': 'https://www.transfermarkt.com/alexis-guendouz/nationalmannschaft/spieler/478872/verein_id/3614', 'tm_competition_rows': 76, 'tm_competition_starts': 33, 'tm_recency_weighted_competitive_start_score': 0.5692}",,,,0.3573,0.1358,2026-06-07,0.262159,2.0,,,,,,,alexis guendouz__algeriet__GK
anthony_mandrea__alg,Anthony Mandrea,ALG,Algeriet,dz,GK,0.789,4.382,0.0018,0.054,28.0,3000000,0.0165,2.0,3000000,holdet_vm_2026_official,holdet_vm_2026_official,616,48845,50924.0,761.0,Algeriet,294.0,GK,3000000,3000000,False,True,True,True,anthony_mandrea__alg,exact_name_team,1.0,0.0416,transfermarkt_availability_split_2026_06_07+gk_hierarchy_normalized,0.201282,0.201282,{},holdet_api_appearance,start_neutral_blended_nt_team_absolute,4.0,0.0416,reservekeeper - GK hierarchy,62.0,21.0,24.5536,12.0,1.0,2026-03-31,1.0,0.3621,0.0765,0.0833,0.0416,0.6,high_risk,high_risk,31.0,27.0,14.89,14.27,7.89,0.0,0.5299,0.27027,0.116963,0.27027,0.27027,1.968131,0.116963,0.405405,0.45,1.35,True,appearance_scaled_then_base_capped,component_weighted_sum,ARG,0.031381,JOR,0.126739,AUT,0.112149,0.031381,0.126739,0.112149,,,,,,"{'source': 'transfermarkt_national_team_output', 'transfermarkt_player_id': '290559.0', 'transfermarkt_national_url': 'https://www.transfermarkt.com/anthony-mandrea/nationalmannschaft/spieler/290559/verein_id/3614', 'tm_competition_rows': 82, 'tm_competition_starts': 41, 'tm_recency_weighted_competitive_start_score': 0.5899}",,,,0.1367,0.0416,2026-06-07,0.139277,3.0,,,,,,,anthony mandrea__algeriet__GK
justin_bijlow__ned,Justin Bijlow,NED,Holland,nl,GK,,,,,0.0,3500000,,,3500000,holdet_vm_2026_official,holdet_vm_2026_official,616,49364,35675.0,593.0,Holland,294.0,GK,3500000,3500000,False,True,True,True,justin_bijlow__ned,exact_name_team,1.0,0.0159,transfermarkt_availability_split_2026_06_07+gk_hierarchy_normalized,0.134432,0.134432,"{'skinColor': '#E9A58D', 'hairColor': '#78540F'}",holdet_api_appearance,start_neutral_blended_nt_team_absolute,2.0,0.0159,reservekeeper - GK hierarchy,58.0,8.0,13.0456,12.0,0.0,2026-03-31,1.0,0.2105,0.0388,0.0,0.0159,0.6026,high_risk,high_risk,25.0,13.0,9.16,6.36,1.84,0.0,0.2009,0.193125,0.062697,0.193125,0.193125,2.760247,0.062697,0.289687,0.45,1.35,True,appearance_scaled_then_base_capped,component_weighted_sum,JPN,0.068909,SWE,0.069051,TUN,0.055164,0.068909,0.069051,0.055164,,,,,,,,,,0.0519,0.0159,2026-06-07,0.067936,3.0,,,,,,,justin bijlow__holland__GK
nikolas_polster__aut,Nikolas Polster,AUT,Østrig,,GK,,,,,0.0,2500000,,,2500000,holdet_vm_2026_official,holdet_vm_2026_official,616,49659,50219.0,587.0,Østrig,294.0,GK,2500000,2500000,False,True,True,True,nikolas_polster__aut,exact_name_team,1.0,0.0251,transfermarkt_availability_split_2026_06_07+gk_hierarchy_normalized,0.0,0.0,{},holdet_api_appearance,start_neutral_blended_nt_team_absolute,3.0,0.0251,reservekeeper - GK hierarchy,7.0,0.0,3.0600000000000005,,,,1.0,0.0,0.0,,0.0251,0.8438,medium_risk,medium_risk,5.0,0.0,3.4,0.0,0.0,0.0,0.0,0.0,0.0,0.0,0.0,0.0,0.0,0.0,0.45,1.35,False,not_applied,no_ev_source,JOR,0.001203,ARG,-0.024115,ALG,-0.011584,0.001203,-0.024115,-0.011584,,,,,,,,,,0.0473,0.0251,2026-06-07,0.01508,3.0,,,,,,,nikolas polster__østrig__GK
muhammed_sengezer__tur,Muhammed Sengezer,TUR,Tyrkiet,,GK,,,,,0.0,3000000,,,3000000,holdet_vm_2026_official,holdet_vm_2026_official,616,49614,39965.0,586.0,Tyrkiet,294.0,GK,3000000,3000000,False,True,True,True,muhammed_sengezer__tur,exact_name_team,1.0,0.0151,transfermarkt_availability_split_2026_06_07+gk_hierarchy_normalized,0.088422,0.088422,"{'skinColor': '#E9A58D', 'hairColor': '#000000'}",holdet_api_appearance,start_neutral_blended_nt_team_absolute,2.0,0.0151,reservekeeper - GK hierarchy,12.0,0.0,4.216,12.0,0.0,2026-03-31,1.0,0.0,0.0,0.0,0.0151,0.787,medium_risk,medium_risk,10.0,2.0,5.24,0.96,0.0,0.0,0.0,0.126031,0.042455,0.126031,0.126031,1.968131,0.042455,0.189047,0.45,1.35,True,appearance_scaled_then_base_capped,component_weighted_sum,AUS,0.057243,PAR,0.038154,USA,0.030633,0.057243,0.038154,0.030633,,,,,,,,,,0.0463,0.0151,2026-06-07,0.013471,4.0,,,,,,,muhammed sengezer__tyrkiet__GK
ricardo_velho__por,Ricardo Velho,POR,Portugal,pt,GK,,,,,0.0,4000000,,,4000000,holdet_vm_2026_official,holdet_vm_2026_official,616,49769,52200.0,585.0,Portugal,294.0,GK,4000000,4000000,False,True,True,True,ricardo_velho__por,exact_name_team,1.0,0.0151,transfermarkt_availability_split_2026_06_07+gk_hierarchy_normalized,0.068675,0.068675,{},holdet_api_appearance,start_neutral_blended_nt_team_absolute,2.0,0.0151,reservekeeper - GK hierarchy,5.0,0.0,2.2256,12.0,1.0,2026-04-01,1.0,0.0,0.0,0.0833,0.0151,0.8529,medium_risk,medium_risk,5.0,0.0,3.8,0.0,0.0,0.0,0.0,0.0662,0.071701,0.0662,0.0662,3.323869,0.071701,0.15,0.45,1.35,True,appearance_scaled_then_base_capped,component_weighted_sum,COD,0.036236,UZB,0.023016,COL,0.006948,0.036236,0.023016,0.006948,,,,,,"{'source': 'transfermarkt_national_team_output', 'source_note': 'Landsholdsbrug fra lokale Transfermarkt-outputfiler; ikke mål/assist/kort-events.', 'tm_competition_rows': 20, 'tm_competition_starts': 5, 'tm_weighted_start_signal_sum': 1.5498, 'tm_competition_weight_sum': 3.05, 'tm_weighted_competitive_start_score': 0.5081, 'tm_recency_weighted_competitive_start_score': 0.5081}",0.5081,0.5081,,0.0474,0.0151,2026-06-07,0.020253,4.0,,,,,,,ricardo velho__portugal__GK
martin_jedlicka__cze,Martin Jedlicka,CZE,Tjekkiet,,GK,,,,,,2500000,,,2500000,holdet_vm_2026_official,holdet_vm_2026_official,616,49514,43032.0,584.0,Tjekkiet,294.0,GK,2500000,2500000,False,True,True,False,,,,0.0251,transfermarkt_availability_split_2026_06_07+gk_hierarchy_normalized,0.034046,0.034046,,,,3.0,0.0251,reservekeeper - GK hierarchy,16.0,1.0,8.3968,,,,1.0,0.0625,0.0126,,0.0251,0.8207,medium_risk,medium_risk,14.0,2.0,8.8,1.36,0.68,0.0,0.0773,0.038126,0.029059,0.038126,0.038126,0.810423,0.029059,0.15,0.45,1.35,True,appearance_scaled_then_base_capped,component_weighted_sum,KOR,0.026966,RSA,0.012032,MEX,-0.000872,0.026966,0.012032,-0.000872,,,,0.224,price_quality_ev_diagnostics,,,,,0.0469,0.0251,2026-06-07,0.034044,3.0,,,,,,,martin jedlicka__tjekkiet__GK
alex_kral__cze,Alex Kral,CZE,Tjekkiet,,MID,,,,,,2000000,,,2000000,holdet_vm_2026_official,holdet_vm_2026_official,616,48775,39047.0,584.0,Tjekkiet,295.0,MID,2000000,2000000,False,True,True,False,,,,0.3191,transfermarkt_availability_split_2026_06_07,0.197039,0.197039,,,,32.0,0.3191,sjældent startende - Transfermarkt landshold,76.0,30.0,15.650800000000002,,,,1.0,0.4286,0.2422,,0.3455,0.7813,medium_risk,medium_risk,59.0,11.0,15.72,3.96,5.88,0.3333,0.374,0.171281,0.228521,0.171281,0.171281,0.5013,0.228521,0.256922,0.45,1.35,True,appearance_scaled_then_base_capped,component_weighted_sum,KOR,0.096948,RSA,0.038171,MEX,0.036162,0.096948,0.038171,0.036162,,,,1.262,price_quality_ev_diagnostics,,,,,,,,,,,,,,,,alex kral__tjekkiet__MID
adam_karabec__cze,Adam Karabec,CZE,Tjekkiet,,MID,,,,,,2500000,,,2500000,holdet_vm_2026_official,holdet_vm_2026_official,616,48735,48104.0,584.0,Tjekkiet,295.0,MID,2500000,2500000,False,True,True,False,,,,0.2967,transfermarkt_availability_split_2026_06_07,0.239536,0.239536,,,,30.0,0.2967,sjældent startende - Transfermarkt landshold,8.0,2.0,4.277200000000001,,,,1.0,0.25,0.2566,,0.3097,0.8801,medium_risk,medium_risk,8.0,0.0,5.34,0.0,1.36,0.3333,0.2547,0.19554,0.29331,0.19554,0.19554,1.248972,0.529386,0.29331,0.45,1.35,True,appearance_scaled_then_base_capped,component_weighted_sum,KOR,0.108309,RSA,0.044794,MEX,0.042437,0.108309,0.044794,0.042437,,,,2.16,price_quality_ev_diagnostics,,,,,,,,,,,,,,,,adam karabec__tjekkiet__MID
atakan_karazor__tur,Atakan Karazor,TUR,Tyrkiet,,MID,,,,,0.0,2000000,,,2000000,holdet_vm_2026_official,holdet_vm_2026_official,616,48866,39502.0,586.0,Tyrkiet,295.0,MID,2000000,2000000,False,True,True,True,atakan_karazor__tur,exact_name_team,1.0,0.043,transfermarkt_availability_split_2026_06_07,0.0,0.0,{},holdet_api_appearance,start_neutral_blended_nt_team_absolute,4.0,0.043,sjældent startende - Transfermarkt landshold,16.0,0.0,8.427200000000001,,,,1.0,0.0,0.0,,0.05,0.6,high_risk,high_risk,8.0,8.0,5.32,5.36,0.0,0.0,0.0,0.0,0.0,0.0,0.0,0.0,0.0,0.0,0.45,1.35,False,not_applied,no_ev_source,AUS,0.006009,PAR,-0.003504,USA,-0.004422,0.006009,-0.003504,-0.004422,,,,,,,,,,,,,,,,,,,,,atakan karazor__tyrkiet__MID
christoph_baumgartner__aut,Christoph Baumgartner,AUT,Østrig,at,MID,0.902,5.46,0.6271,4.106,88.0,3500000,0.4613,46.0,3500000,holdet_vm_2026_official,holdet_vm_2026_official,616,48961,37314.0,587.0,Østrig,295.0,MID,3500000,3500000,True,True,True,True,christoph_baumgartner__aut,exact_name_team,1.0,0.0,manual_out_baumgartner_2026_06_04,0.0,0.0,{'hairColor': '#78540F'},holdet_api_appearance,start_neutral_blended_nt_team_absolute,0.0,0.0,ude af VM,71.0,50.0,17.8992,12.0,11.0,2026-03-31,1.0,0.7692,0.6904,0.9167,0.0,0.0,out,out_of_tournament,62.0,3.0,21.46,1.3,17.76,1.0,0.8276,0.0,0.0,0.0,0.0,0.0,0.0,0.0,0.45,1.35,False,not_applied,out_of_tournament_manual,JOR,0.0,ARG,0.0,ALG,0.0,0.0,0.0,0.0,,,,,,,,,,,,,,,,Ude af VM; nulstillet som valgbaar modelkandidat 2026-06-04,,,,,christoph baumgartner__østrig__MID
lennart_karl__ger,Lennart Karl,GER,Tyskland,de,MID,,,,,0.0,5000000,,,5000000,holdet_vm_2026_official,holdet_vm_2026_official,616,49428,47730.0,589.0,Tyskland,295.0,MID,5000000,5000000,False,True,True,True,lennart_karl__ger,exact_name_team,1.0,0.3187,transfermarkt_availability_split_2026_06_07,0.731683,0.731683,"{'skinColor': '#EFC6B6', 'hairColor': '#6E4A3A', 'hairStyle': 'Short'}",holdet_api_appearance,start_neutral_blended_nt_team_absolute,32.0,0.3187,sjældent startende - Transfermarkt landshold,3.0,1.0,1.4768000000000001,2.0,2.0,2026-03-30,1.0,0.3333,0.3521,1.0,0.339,0.8288,medium_risk,medium_risk,3.0,0.0,2.84,0.0,1.0,0.3333,0.3521,0.597292,0.895938,0.597292,0.597292,2.935663,1.336565,0.895938,0.45,1.35,True,appearance_scaled_then_base_capped,component_weighted_sum,CUW,0.287804,CIV,0.17441,ECU,0.135076,0.287804,0.17441,0.135076,,,,,,"{'source': 'transfermarkt_national_team_output', 'source_note': 'Landsholdsbrug fra lokale Transfermarkt-outputfiler; ikke mål/assist/kort-events.', 'tm_competition_rows': 3, 'tm_competition_starts': 3, 'tm_weighted_start_signal_sum': 0.8, 'tm_competition_weight_sum': 0.8, 'tm_weighted_competitive_start_score': 1, 'tm_recency_weighted_competitive_start_score': 1}",1.0,1.0,,,,,,,,,,,,,lennart karl__tyskland__MID
kees_smit__ned,Kees Smit,NED,Holland,nl,MID,,,,,0.0,2000000,,,2000000,holdet_vm_2026_official,holdet_vm_2026_official,616,49376,52192.0,593.0,Holland,295.0,MID,2000000,2000000,False,True,True,True,kees_smit__ned,exact_name_team,1.0,0.4638,transfermarkt_availability_split_2026_06_07,0.402239,0.402239,{},holdet_api_appearance,start_neutral_blended_nt_team_absolute,46.0,0.4638,sjældent startende - Transfermarkt landshold,2.0,1.0,0.9568000000000001,,,,1.0,0.5,0.5,,0.5,0.7934,unknown,unknown,2.0,0.0,1.84,0.0,0.92,0.5,0.5,0.459587,0.332147,0.459587,0.459587,0.5013,0.332147,0.5013,0.45,1.35,True,appearance_scaled_then_base_capped,component_weighted_sum,JPN,0.170092,SWE,0.161547,TUN,0.127946,0.170092,0.161547,0.127946,,,,,,,,,,,,,,,,,,,,,kees smit__holland__MID
luciano_valente__ned,Luciano Valente,NED,Holland,nl,MID,,,,,0.0,2500000,,,2500000,holdet_vm_2026_official,holdet_vm_2026_official,616,49460,50750.0,593.0,Holland,295.0,MID,2500000,2500000,False,True,True,True,luciano_valente__ned,exact_name_team,1.0,0.0472,transfermarkt_availability_split_2026_06_07,0.130532,0.130532,{},holdet_api_appearance,start_neutral_blended_nt_team_absolute,5.0,0.0472,sjældent startende - Transfermarkt landshold,4.0,0.0,2.1808000000000005,,,,1.0,0.0,0.0,,0.05,0.8387,medium_risk,medium_risk,4.0,0.0,3.2,0.0,0.0,0.0,0.0,0.168426,0.084216,0.168426,0.168426,1.248972,0.084216,0.252639,0.45,1.35,True,appearance_scaled_then_base_capped,component_weighted_sum,JPN,0.063659,SWE,0.060455,TUN,0.044312,0.063659,0.060455,0.044312,,,,,,,,,,,,,,,,,,,,,luciano valente__holland__MID
himad_abdelli__alg,Himad Abdelli,ALG,Algeriet,dz,MID,0.789,4.382,0.0036,0.601,42.0,2500000,0.1285,13.0,2500000,holdet_vm_2026_official,holdet_vm_2026_official,616,49185,50920.0,761.0,Algeriet,295.0,MID,2500000,2500000,False,True,True,True,himad_abdelli__alg,exact_name_team,1.0,0.5084,transfermarkt_availability_split_2026_06_07,0.8366,0.8366,{},holdet_api_appearance,start_neutral_blended_nt_team_absolute,51.0,0.5084,rotation/usikker - Transfermarkt landshold,47.0,4.0,19.6848,,,,1.0,0.0952,0.5014,,0.5911,0.6,high_risk,high_risk,10.0,32.0,5.64,17.44,2.34,0.6667,0.4149,0.77891,0.907111,0.77891,0.77891,1.248972,0.907111,1.168365,0.45,1.35,True,appearance_scaled_then_base_capped,component_weighted_sum,ARG,0.112564,JOR,0.409282,AUT,0.257061,0.112564,0.409282,0.257061,,,,,,,,,,,,,,,,,,,,,himad abdelli__algeriet__MID
adil_aouchiche__alg,Adil Aouchiche,ALG,Algeriet,,MID,,,,,0.0,2000000,,,2000000,holdet_vm_2026_official,holdet_vm_2026_official,616,48737,38965.0,761.0,Algeriet,295.0,MID,2000000,2000000,False,True,True,True,adil_aouchiche__alg,exact_name_team,1.0,0.0464,transfermarkt_availability_split_2026_06_07,0.073311,0.073311,{},holdet_api_appearance,start_neutral_blended_nt_team_absolute,5.0,0.0464,sjældent startende - Transfermarkt landshold,2.0,0.0,0.9568000000000001,,,,1.0,0.0,0.0,,0.05,0.7934,unknown,unknown,2.0,0.0,1.84,0.0,0.0,0.0,0.0,0.106105,0.033229,0.106105,0.106105,0.5013,0.033229,0.159158,0.45,1.35,True,appearance_scaled_then_base_capped,component_weighted_sum,ARG,-0.000434,JOR,0.051779,AUT,0.054758,-0.000434,0.051779,0.054758,,,,,,,,,,,,,,,,,,,,,adil aouchiche__algeriet__MID
isma_l_bennacer__alg,Ismael Bennacer,ALG,Algeriet,dz,MID,0.789,4.382,0.0044,0.83,46.0,2500000,0.1539,15.0,2500000,holdet_vm_2026_official,holdet_vm_2026_official,616,49223,33818.0,761.0,Algeriet,295.0,MID,2500000,2500000,False,True,True,True,isma_l_bennacer__alg,exact_name_team,1.0,0.6012,transfermarkt_availability_split_2026_06_07,1.044587,1.044587,"{'skinColor': '#E9A58D', 'hairColor': '#000000', 'hairStyle': 'VeryShort'}",holdet_api_appearance,start_neutral_blended_nt_team_absolute,60.0,0.6012,rotation/usikker - Transfermarkt landshold,131.0,48.0,24.910400000000003,,,,1.0,0.4528,0.582,,0.6991,0.6,high_risk,high_risk,69.0,37.0,15.22,13.81,11.79,0.6667,0.7746,1.021594,1.072689,1.021594,1.021594,1.248972,1.072689,1.248972,0.45,1.35,True,appearance_scaled_then_base_capped,component_weighted_sum,ARG,0.158064,JOR,0.526405,AUT,0.337124,0.158064,0.526405,0.337124,,,,,,,,,,,,,,,,,,,,,ismael bennacer__algeriet__MID
alan_varela__arg,Alan Varela,ARG,Argentina,ar,MID,,,,,0.0,2500000,,,2500000,holdet_vm_2026_official,holdet_vm_2026_official,616,48764,44903.0,762.0,Argentina,295.0,MID,2500000,2500000,False,True,True,True,alan_varela__arg,exact_name_team,1.0,0.0452,transfermarkt_availability_split_2026_06_07,0.0,0.0,"{'skinColor': '#EFC6B6', 'hairColor': '#5D491C', 'hairStyle': 'Short'}",holdet_api_appearance,start_neutral_blended_nt_team_absolute,5.0,0.0452,sjældent startende - Transfermarkt landshold,1.0,0.0,0.6120000000000001,,,,1.0,0.0,0.0,,0.05,0.7283,unknown,unknown,1.0,0.0,0.68,0.0,0.0,0.0,0.0,0.0,0.0,0.0,0.0,0.0,0.0,0.0,0.45,1.35,False,not_applied,no_ev_source,ALG,-0.035902,AUT,-0.037022,JOR,-0.035613,-0.035902,-0.037022,-0.035613,,,,,,,,,,,,,,,,,,,,,alan varela__argentina__MID
franco_mastantuono__arg,Franco Mastantuono,ARG,Argentina,ar,MID,,,,,0.0,3500000,,,3500000,holdet_vm_2026_official,holdet_vm_2026_official,616,49120,48546.0,762.0,Argentina,295.0,MID,3500000,3500000,False,True,True,True,franco_mastantuono__arg,exact_name_team,1.0,0.046,transfermarkt_availability_split_2026_06_07,0.243515,0.243515,"{'skinColor': '#E9A58D', 'hairColor': '#78540F'}",holdet_api_appearance,start_neutral_blended_nt_team_absolute,5.0,0.046,sjældent startende - Transfermarkt landshold,10.0,1.0,4.324800000000001,9.0,4.0,2026-04-01,1.0,0.1429,0.0425,0.4444,0.05,0.7736,medium_risk,medium_risk,6.0,1.0,4.56,0.92,0.68,0.0,0.1491,0.305872,0.167301,0.305872,0.305872,2.545882,0.167301,0.458808,0.45,1.35,True,appearance_scaled_then_base_capped,component_weighted_sum,ALG,0.136109,AUT,0.090829,JOR,0.078932,0.136109,0.090829,0.078932,,,,,,,,,,,,,,,,,,,,,franco mastantuono__argentina__MID
riley_mcgree__aus,Riley McGree,AUS,Australien,au,MID,0.57,3.412,0.0028,0.683,39.0,2500000,0.1385,14.0,2500000,holdet_vm_2026_official,holdet_vm_2026_official,616,49774,43233.0,763.0,Australien,295.0,MID,2500000,2500000,False,True,True,True,riley_mcgree__aus,exact_name_team,1.0,0.5551,transfermarkt_availability_split_2026_06_07,0.821231,0.821231,{},holdet_api_appearance,start_neutral_blended_nt_team_absolute,56.0,0.5551,rotation/usikker - Transfermarkt landshold,61.0,19.0,13.5932,12.0,2.0,2026-03-31,1.0,0.3519,0.5517,0.1667,0.6069,0.7565,medium_risk,medium_risk,43.0,11.0,13.78,4.08,6.44,0.6667,0.4673,0.682791,0.990435,0.682791,0.682791,1.248972,0.990435,1.024186,0.45,1.35,True,appearance_scaled_then_base_capped,component_weighted_sum,TUR,0.237638,USA,0.198765,PAR,0.246385,0.237638,0.198765,0.246385,,,,,,"{'source': 'transfermarkt_national_team_output', 'transfermarkt_player_id': '428061.0', 'transfermarkt_national_url': 'https://www.transfermarkt.com/riley-mcgree/nationalmannschaft/spieler/428061/verein_id/3433', 'tm_competition_rows': 115, 'tm_competition_starts': 44, 'tm_recency_weighted_competitive_start_score': 0.4773}",,,,,,,,,,,,,,,riley mcgree__australien__MID
patrick_yazbek__aus,Patrick Yazbek,AUS,Australien,au,MID,0.57,3.412,0.0018,0.551,36.0,2000000,0.1218,12.0,2000000,holdet_vm_2026_official,holdet_vm_2026_official,616,49718,49437.0,763.0,Australien,295.0,MID,2000000,2000000,False,True,True,True,patrick_yazbek__aus,exact_name_team,1.0,0.0435,transfermarkt_availability_split_2026_06_07,0.07231,0.07231,{},holdet_api_appearance,start_neutral_blended_nt_team_absolute,4.0,0.0435,sjældent startende - Transfermarkt landshold,32.0,2.0,11.693600000000002,,,,1.0,0.0625,0.0248,,0.05,0.6261,high_risk,high_risk,19.0,13.0,9.72,6.0,1.36,0.0,0.1399,0.105985,0.031152,0.105985,0.105985,0.5013,0.031152,0.158977,0.45,1.35,True,appearance_scaled_then_base_capped,component_weighted_sum,TUR,0.026328,USA,0.037037,PAR,0.04262,0.026328,0.037037,0.04262,,,,,,,,,,,,,,,,,,,,,patrick yazbek__australien__MID
alexander_alex_robertson__aus,Alexander 'Alex' Robertson,AUS,Australien,,MID,,,,,0.0,2000000,,,2000000,holdet_vm_2026_official,holdet_vm_2026_official,616,48779,43666.0,763.0,Australien,295.0,MID,2000000,2000000,False,True,True,True,alexander_alex_robertson__aus,exact_name_team,1.0,0.0386,transfermarkt_availability_split_2026_06_07,0.0,0.0,"{'skinColor': '#E9A58D', 'hairColor': '#6E4A3A', 'hairStyle': 'Short'}",holdet_api_appearance,start_neutral_blended_nt_team_absolute,4.0,0.0386,sjældent startende - Transfermarkt landshold,36.0,0.0,9.351199999999999,,,,1.0,0.0,0.0,,0.05,0.35,high_risk,high_risk,5.0,22.0,2.56,10.6,0.0,0.0,0.0,0.0,0.0,0.0,0.0,0.0,0.0,0.0,0.45,1.35,False,not_applied,no_ev_source,TUR,-0.010961,USA,-0.000408,PAR,0.001882,-0.010961,-0.000408,0.001882,,,,,,,,,,,,,,,,,,,,,alexander alex robertson__australien__MID
ibrahim_sulemana__gha,Ibrahim Sulemana,GHA,Ghana,gh,MID,0.347,2.422,0.006,1.101,43.0,2500000,0.1671,17.0,2500000,holdet_vm_2026_official,holdet_vm_2026_official,616,49208,42951.0,770.0,Ghana,295.0,MID,2500000,2500000,False,True,True,True,ibrahim_sulemana__gha,exact_name_team,1.0,0.1084,transfermarkt_availability_split_2026_06_07,0.307967,0.307967,"{'skinColor': '#836A56', 'hairColor': '#000000'}",holdet_api_appearance,start_neutral_blended_nt_team_absolute,11.0,0.1084,sjældent startende - Transfermarkt landshold,21.0,5.0,5.887200000000002,,,,1.0,0.3571,0.1008,,0.1224,0.6724,medium_risk,medium_risk,10.0,4.0,5.88,2.84,2.4,0.0,0.4082,0.401693,0.193412,0.401693,0.401693,1.248972,0.193412,0.60254,0.45,1.35,True,appearance_scaled_then_base_capped,component_weighted_sum,PAN,0.192122,ENG,0.10433,CRO,0.105238,0.192122,0.10433,0.105238,,,,,,,,,,,,,,,,,,,,,ibrahim sulemana__ghana__MID
denzell_garcia__mex,Denzell Garcia,MEX,Mexico,mx,MID,,,,,0.0,2000000,,,2000000,holdet_vm_2026_official,holdet_vm_2026_official,616,49013,52195.0,775.0,Mexico,295.0,MID,2000000,2000000,False,True,True,True,denzell_garcia__mex,exact_name_team,1.0,0.043,transfermarkt_availability_split_2026_06_07,0.039487,0.039487,{},holdet_api_appearance,start_neutral_blended_nt_team_absolute,4.0,0.043,sjældent startende - Transfermarkt landshold,32.0,0.0,13.870000000000001,,,,1.0,0.0,0.0,,0.05,0.6,high_risk,high_risk,6.0,26.0,4.71,15.28,0.0,0.0,0.0,0.046599,0.030794,0.046599,0.046599,0.5013,0.030794,0.15,0.45,1.35,True,appearance_scaled_then_base_capped,component_weighted_sum,RSA,0.02778,KOR,0.013458,CZE,0.00536,0.02778,0.013458,0.00536,,,,,,,,,,,,,,,,,,,,,denzell garcia__mexico__MID
erick_sanchez__mex,Erick Sanchez,MEX,Mexico,mx,MID,,,,,0.0,3000000,,,3000000,holdet_vm_2026_official,holdet_vm_2026_official,616,49074,43306.0,775.0,Mexico,295.0,MID,3000000,3000000,False,True,True,True,erick_sanchez__mex,exact_name_team,1.0,0.0926,transfermarkt_availability_split_2026_06_07,0.311995,0.311995,{},holdet_api_appearance,start_neutral_blended_nt_team_absolute,9.0,0.0926,sjældent startende - Transfermarkt landshold,91.0,17.0,25.074800000000003,12.0,5.0,2026-05-23,1.0,0.1868,0.0527,0.4167,0.1076,0.6,high_risk,high_risk,46.0,45.0,17.17,16.9,6.16,0.0,0.3588,0.340421,0.277252,0.340421,0.340421,2.095861,0.277252,0.510631,0.45,1.35,True,appearance_scaled_then_base_capped,component_weighted_sum,RSA,0.148634,KOR,0.108174,CZE,0.083611,0.148634,0.108174,0.083611,,,,,,"{'source': 'transfermarkt_national_team_output', 'transfermarkt_player_id': '370875.0', 'transfermarkt_national_url': 'https://www.transfermarkt.com/erick-sanchez/nationalmannschaft/spieler/370875/verein_id/6303', 'tm_competition_rows': 118, 'tm_competition_starts': 52, 'tm_recency_weighted_competitive_start_score': 0.622}",,,,,,,,,,,,,,,erick sanchez__mexico__MID
carlos_rodriguez__mex,Carlos Rodriguez,MEX,Mexico,mx,MID,,,,,0.0,2500000,,,2500000,holdet_vm_2026_official,holdet_vm_2026_official,616,48937,43404.0,775.0,Mexico,295.0,MID,2500000,2500000,False,True,True,True,carlos_rodriguez__mex,exact_name_team,1.0,0.0864,transfermarkt_availability_split_2026_06_07,0.150538,0.150538,{},holdet_api_appearance,start_neutral_blended_nt_team_absolute,9.0,0.0864,sjældent startende - Transfermarkt landshold,120.0,39.0,26.843800000000005,,,,1.0,0.3362,0.0736,,0.0927,0.8059,medium_risk,medium_risk,91.0,25.0,29.81,6.66,9.21,0.0,0.309,0.147575,0.154159,0.147575,0.147575,1.248972,0.154159,0.221363,0.45,1.35,True,appearance_scaled_then_base_capped,component_weighted_sum,RSA,0.069314,KOR,0.046008,CZE,0.032252,0.069314,0.046008,0.032252,,,,,,,,,,,,,,,,,,,,,carlos rodriguez__mexico__MID
lucas_ramon_romero__par,Lucas Ramon Romero,PAR,Paraguay,py,MID,,,,,0.0,2000000,,,2000000,holdet_vm_2026_official,holdet_vm_2026_official,616,49459,49609.0,778.0,Paraguay,295.0,MID,2000000,2000000,False,True,True,True,lucas_ramon_romero__par,exact_name_team,1.0,0.2739,transfermarkt_availability_split_2026_06_07,0.180904,0.180904,{},holdet_api_appearance,start_neutral_blended_nt_team_absolute,27.0,0.2739,sjældent startende - Transfermarkt landshold,7.0,1.0,2.9832000000000005,,,,1.0,0.1429,0.3037,,0.286,0.8786,medium_risk,medium_risk,7.0,0.0,5.24,0.0,0.92,0.3333,0.1756,0.168428,0.196152,0.168428,0.168428,0.5013,0.196152,0.252642,0.45,1.35,True,appearance_scaled_then_base_capped,component_weighted_sum,USA,0.038167,TUR,0.056655,AUS,0.073603,0.038167,0.056655,0.073603,,,,,,,,,,,,,,,,,,,,,lucas ramon romero__paraguay__MID
hugo_cuenca__par,Hugo Cuenca,PAR,Paraguay,py,MID,0.592,3.68,0.002,0.624,38.0,2000000,0.1321,13.0,2000000,holdet_vm_2026_official,holdet_vm_2026_official,616,49192,46375.0,778.0,Paraguay,295.0,MID,2000000,2000000,False,True,True,True,hugo_cuenca__par,exact_name_team,1.0,0.2575,transfermarkt_availability_split_2026_06_07,0.302706,0.302706,{},holdet_api_appearance,start_neutral_blended_nt_team_absolute,26.0,0.2575,sjældent startende - Transfermarkt landshold,14.0,1.0,4.703200000000001,,,,1.0,0.1,0.2102,,0.3062,0.5455,high_risk,high_risk,5.0,5.0,2.8,3.0,0.68,0.3333,0.2429,0.399497,0.184407,0.399497,0.399497,0.5013,0.184407,0.5013,0.45,1.35,True,appearance_scaled_then_base_capped,component_weighted_sum,USA,0.091279,TUR,0.115824,AUS,0.192392,0.091279,0.115824,0.192392,,,,,,,,,,,,,,,,,,,,,hugo cuenca__paraguay__MID
nicolas_fonseca__uru,Nicolas Fonseca,URU,Uruguay,uy,MID,0.865,5.027,0.0026,0.706,46.0,2500000,0.1414,14.0,2500000,holdet_vm_2026_official,holdet_vm_2026_official,616,49645,49761.0,783.0,Uruguay,295.0,MID,2500000,2500000,False,True,True,True,nicolas_fonseca__uru,exact_name_team,1.0,0.043,transfermarkt_availability_split_2026_06_07,0.171048,0.171048,{},holdet_api_appearance,start_neutral_blended_nt_team_absolute,4.0,0.043,sjældent startende - Transfermarkt landshold,28.0,2.0,11.8072,,,,1.0,0.0714,0.02,,0.05,0.6,high_risk,high_risk,15.0,13.0,8.52,6.88,1.16,0.0,0.1362,0.248224,0.076723,0.248224,0.248224,1.248972,0.076723,0.372336,0.45,1.35,True,appearance_scaled_then_base_capped,component_weighted_sum,KSA,0.103457,CPV,0.093631,ESP,0.051135,0.103457,0.093631,0.051135,,,,,,,,,,,,,,,,,,,,,nicolas fonseca__uruguay__MID
tanner_tessmann__usa,Tanner Tessmann,USA,USA,us,MID,,,,,0.0,2500000,,,2500000,holdet_vm_2026_official,holdet_vm_2026_official,616,49876,41095.0,784.0,USA,295.0,MID,2500000,2500000,False,True,True,True,tanner_tessmann__usa,exact_name_team,1.0,0.318,transfermarkt_availability_split_2026_06_07,0.489832,0.489832,"{'skinColor': '#EFC6B6', 'hairColor': '#5D491C'}",holdet_api_appearance,start_neutral_blended_nt_team_absolute,32.0,0.318,sjældent startende - Transfermarkt landshold,90.0,6.0,23.955400000000004,12.0,3.0,2026-04-01,1.0,0.0667,0.2875,0.25,0.3698,0.6,high_risk,high_risk,15.0,75.0,8.18,23.6,3.72,0.3333,0.4548,0.426376,0.56739,0.426376,0.426376,1.248972,0.56739,0.639564,0.45,1.35,True,appearance_scaled_then_base_capped,component_weighted_sum,PAR,0.155415,AUS,0.155094,TUR,0.115864,0.155415,0.155094,0.115864,,,,,,"{'source': 'transfermarkt_national_team_output', 'transfermarkt_player_id': '670096.0', 'transfermarkt_national_url': 'https://www.transfermarkt.com/tanner-tessmann/nationalmannschaft/spieler/670096/verein_id/3505', 'tm_competition_rows': 119, 'tm_competition_starts': 44, 'tm_recency_weighted_competitive_start_score': 0.5883}",,,,,,,,,,,,,,,tanner tessmann__usa__MID
aidan_morris__usa,Aidan Morris,USA,USA,us,MID,,,,,0.0,2500000,,,2500000,holdet_vm_2026_official,holdet_vm_2026_official,616,48750,49804.0,784.0,USA,295.0,MID,2500000,2500000,False,True,True,True,aidan_morris__usa,exact_name_team,1.0,0.5477,transfermarkt_availability_split_2026_06_07,0.46959,0.46959,{'hairColor': '#B37D69'},holdet_api_appearance,start_neutral_blended_nt_team_absolute,55.0,0.5477,rotation/usikker - Transfermarkt landshold,52.0,9.0,17.094399999999997,,,,1.0,0.18,0.4888,,0.6368,0.6,high_risk,high_risk,16.0,34.0,8.04,15.68,4.56,0.6667,0.5672,0.383339,0.575009,0.383339,0.383339,1.248972,0.977231,0.575009,0.45,1.35,True,appearance_scaled_then_base_capped,component_weighted_sum,PAR,0.139875,AUS,0.139767,TUR,0.103695,0.139875,0.139767,0.103695,,,,,,,,,,,,,,,,,,,,,aidan morris__usa__MID
omid_noorafkan__irn,Omid Noorafkan,IRN,Iran,ir,MID,0.764,4.403,0.0049,0.975,49.0,2500000,0.1635,16.0,2500000,holdet_vm_2026_official,holdet_vm_2026_official,616,49685,36416.0,883.0,Iran,295.0,MID,2500000,2500000,False,True,True,True,omid_noorafkan__irn,exact_name_team,1.0,0.1236,transfermarkt_availability_split_2026_06_07,0.399809,0.399809,"{'skinColor': '#EFC6B6', 'hairColor': '#78540F', 'hairStyle': 'Short'}",holdet_api_appearance,start_neutral_blended_nt_team_absolute,12.0,0.1236,sjældent startende - Transfermarkt landshold,95.0,23.0,20.4232,12.0,9.0,2026-03-31,1.0,0.2584,0.1128,0.75,0.1356,0.7472,medium_risk,medium_risk,49.0,40.0,19.34,6.22,8.74,0.0,0.4519,0.546489,0.220533,0.546489,0.546489,1.248972,0.220533,0.819734,0.45,1.35,True,appearance_scaled_then_base_capped,component_weighted_sum,NZL,0.284786,BEL,0.121506,EGY,0.140194,0.284786,0.121506,0.140194,,,,,,"{'source': 'transfermarkt_national_team_output', 'transfermarkt_player_id': '332274.0', 'transfermarkt_national_url': 'https://www.transfermarkt.com/omid-noorafkan/nationalmannschaft/spieler/332274/verein_id/3582', 'tm_competition_rows': 118, 'tm_competition_starts': 68, 'tm_recency_weighted_competitive_start_score': 0.6931}",,,,,,,,,,,,,,,omid noorafkan__iran__MID
hasan_abdulkareem__irq,Hasan Abdulkareem,IRQ,Irak,iq,MID,0.244,1.905,0.0156,0.231,18.0,2000000,0.0574,6.0,2000000,holdet_vm_2026_official,holdet_vm_2026_official,616,49174,52180.0,947.0,Irak,295.0,MID,2000000,2000000,False,True,True,True,hasan_abdulkareem__irq,exact_name_team,1.0,0.051,transfermarkt_availability_split_2026_06_07,0.043089,0.043089,{},holdet_api_appearance,start_neutral_blended_nt_team_absolute,5.0,0.051,sjældent startende - Transfermarkt landshold,60.0,7.0,20.6756,,,,1.0,0.1167,0.035,,0.0593,0.6,high_risk,high_risk,33.0,27.0,12.79,11.32,2.53,0.0,0.1978,0.048461,0.036523,0.048461,0.048461,0.5013,0.036523,0.15,0.45,1.35,True,appearance_scaled_then_base_capped,component_weighted_sum,NOR,0.003592,FRA,0.021613,SEN,0.023716,0.003592,0.021613,0.023716,,,,,,,,,,,,,,,,,,,,,hasan abdulkareem__irak__MID
peter_gwargis__irq,Peter Gwargis,IRQ,Irak,iq,MID,0.244,1.905,0.0059,0.272,20.0,2000000,0.0662,7.0,2000000,holdet_vm_2026_official,holdet_vm_2026_official,616,49734,36868.0,947.0,Irak,295.0,MID,2000000,2000000,False,True,True,True,peter_gwargis__irq,exact_name_team,1.0,0.043,transfermarkt_availability_split_2026_06_07,0.048746,0.048746,"{'skinColor': '#E9A58D', 'hairColor': '#000000'}",holdet_api_appearance,start_neutral_blended_nt_team_absolute,4.0,0.043,sjældent startende - Transfermarkt landshold,19.0,1.0,11.081200000000003,,,,1.0,0.0526,0.0117,,0.05,0.6,high_risk,high_risk,6.0,13.0,3.6,9.19,0.48,0.0,0.1333,0.063433,0.030794,0.063433,0.063433,0.5013,0.030794,0.15,0.45,1.35,True,appearance_scaled_then_base_capped,component_weighted_sum,NOR,0.006745,FRA,0.027463,SEN,0.029222,0.006745,0.027463,0.029222,,,,,,,,,,,,,,,,,,,,,peter gwargis__irak__MID
mohamed_rabie_hrimat__mar,Mohamed Rabie Hrimat,MAR,Marokko,,MID,,,,,0.0,2000000,,,2000000,holdet_vm_2026_official,holdet_vm_2026_official,616,49581,52210.0,974.0,Marokko,295.0,MID,2000000,2000000,False,True,True,True,mohamed_rabie_hrimat__mar,exact_name_team,1.0,0.6387,transfermarkt_availability_split_2026_06_07,0.386929,0.386929,{},holdet_api_appearance,start_neutral_blended_nt_team_absolute,64.0,0.6387,rotation/usikker - Transfermarkt landshold,28.0,14.0,19.4936,,,,1.0,0.5,0.3418,,0.7427,0.6,high_risk,high_risk,15.0,13.0,11.53,10.03,10.61,0.6667,0.9202,0.32927,0.457401,0.32927,0.32927,0.5013,0.457401,0.493905,0.45,1.35,True,appearance_scaled_then_base_capped,component_weighted_sum,BRA,0.059055,SCO,0.120079,HAI,0.150134,0.059055,0.120079,0.150134,,,,,,,,,,,,,,,,,,,,,mohamed rabie hrimat__marokko__MID
hakim_ziyech__mar,Hakim Ziyech,MAR,Marokko,,MID,,,,,0.0,2500000,,,2500000,holdet_vm_2026_official,holdet_vm_2026_official,616,49165,36356.0,974.0,Marokko,295.0,MID,2500000,2500000,False,True,True,True,hakim_ziyech__mar,exact_name_team,1.0,0.6195,transfermarkt_availability_split_2026_06_07,0.39241,0.39241,"{'skinColor': '#DAA07A', 'hairColor': '#000000', 'hairStyle': 'VeryShort'}",holdet_api_appearance,start_neutral_blended_nt_team_absolute,62.0,0.6195,rotation/usikker - Transfermarkt landshold,134.0,56.0,16.072,,,,1.0,0.4553,0.6139,,0.7201,0.6007,high_risk,high_risk,67.0,56.0,11.6,8.04,9.8,0.6667,0.8448,0.320335,0.480502,0.320335,0.320335,1.248972,1.10534,0.480502,0.45,1.35,True,appearance_scaled_then_base_capped,component_weighted_sum,BRA,0.056989,SCO,0.116905,HAI,0.146438,0.056989,0.116905,0.146438,,,,,,,,,,,,,,,,,,,,,hakim ziyech__marokko__MID
oussama_targhalline__mar,Oussama Targhalline,MAR,Marokko,ma,MID,0.932,5.69,0.0087,0.507,44.0,2500000,0.1147,11.0,2500000,holdet_vm_2026_official,holdet_vm_2026_official,616,49699,47747.0,974.0,Marokko,295.0,MID,2500000,2500000,False,True,True,True,oussama_targhalline__mar,exact_name_team,1.0,0.0434,transfermarkt_availability_split_2026_06_07,0.116456,0.116456,"{'skinColor': '#DAA07A', 'hairColor': '#5D491C'}",holdet_api_appearance,start_neutral_blended_nt_team_absolute,4.0,0.0434,sjældent startende - Transfermarkt landshold,41.0,1.0,25.0408,12.0,1.0,2026-05-26,1.0,0.0244,0.0052,0.0833,0.05,0.6201,high_risk,high_risk,26.0,15.0,17.67,11.05,0.48,0.0,0.0272,0.148382,0.077436,0.148382,0.148382,1.248972,0.077436,0.222573,0.45,1.35,True,appearance_scaled_then_base_capped,component_weighted_sum,BRA,0.010503,SCO,0.053882,HAI,0.083995,0.010503,0.053882,0.083995,,,,,,"{'source': 'transfermarkt_national_team_output', 'transfermarkt_player_id': '667965.0', 'transfermarkt_national_url': 'https://www.transfermarkt.com/oussama-targhalline/nationalmannschaft/spieler/667965/verein_id/3575', 'tm_competition_rows': 53, 'tm_competition_starts': 15, 'tm_recency_weighted_competitive_start_score': 0.416}",,,,,,,,,,,,,,,oussama targhalline__marokko__MID
eliesse_ben_seghir__mar,Eliesse Ben Seghir,MAR,Marokko,ma,MID,0.932,5.69,0.0178,0.558,45.0,3000000,0.123,12.0,3000000,holdet_vm_2026_official,holdet_vm_2026_official,616,49056,46174.0,974.0,Marokko,295.0,MID,3000000,3000000,False,True,True,True,eliesse_ben_seghir__mar,exact_name_team,1.0,0.1154,transfermarkt_availability_split_2026_06_07,0.384107,0.384107,"{'skinColor': '#E9A58D', 'hairColor': '#78540F', 'hairStyle': 'Short'}",holdet_api_appearance,start_neutral_blended_nt_team_absolute,12.0,0.1154,sjældent startende - Transfermarkt landshold,39.0,13.0,23.046799999999994,12.0,0.0,2026-03-31,1.0,0.3333,0.0722,0.0,0.1342,0.6,high_risk,high_risk,24.0,15.0,15.02,10.65,6.72,0.0,0.4474,0.415681,0.345518,0.415681,0.415681,2.095861,0.345518,0.623522,0.45,1.35,True,appearance_scaled_then_base_capped,component_weighted_sum,BRA,0.061068,SCO,0.145683,HAI,0.208927,0.061068,0.145683,0.208927,,,,,,"{'source': 'transfermarkt_national_team_output', 'transfermarkt_player_id': '810895.0', 'transfermarkt_national_url': 'https://www.transfermarkt.com/eliesse-ben-seghir/nationalmannschaft/spieler/810895/verein_id/3575', 'tm_competition_rows': 55, 'tm_competition_starts': 27, 'tm_recency_weighted_competitive_start_score': 0.5361}",,,,,,,,,,,,,,,eliesse ben seghir__marokko__MID
pape_alassane_gueye__sen,Pape Alassane Gueye,SEN,Senegal,sn,MID,0.852,5.134,0.0,0.0,29.0,3000000,0.0,0.0,3000000,holdet_vm_2026_official,holdet_vm_2026_official,616,50094,40000.0,975.0,Senegal,295.0,MID,3000000,3000000,False,True,True,True,pape_alassane_gueye__sen,exact_name_team,1.0,0.3786,transfermarkt_availability_split_2026_06_07,0.318133,0.318133,"{'skinColor': '#6E4A3A', 'hairColor': '#000000', 'hairStyle': 'VeryShort'}",holdet_api_appearance,start_neutral_blended_nt_team_absolute,38.0,0.3786,sjældent startende - Transfermarkt landshold,74.0,27.0,28.001200000000004,25.0,13.0,2026-03-31,1.0,0.3649,0.3615,0.52,0.4248,0.6894,medium_risk,medium_risk,48.0,26.0,22.59,10.08,14.42,0.3333,0.6383,0.2597,0.38955,0.2597,0.2597,2.095861,1.133561,0.38955,0.45,1.35,True,appearance_scaled_then_base_capped,component_weighted_sum,FRA,0.034353,NOR,0.099841,IRQ,0.125503,0.034353,0.099841,0.125503,,,,,,,,,,,,,,,,,,,,,pape alassane gueye__senegal__MID
abdulrahman_al_obood__ksa,Abdulrahman Al-Obood,KSA,Saudi-Arabien,sa,MID,,,,,0.0,2500000,,,2500000,holdet_vm_2026_official,holdet_vm_2026_official,616,48728,43479.0,977.0,Saudi-Arabien,295.0,MID,2500000,2500000,False,True,True,True,abdulrahman_al_obood__ksa,exact_name_team,1.0,0.25,holdet_official_unmatched_default,0.0,0.0,"{'skinColor': '#D3965F', 'hairColor': '#000000', 'hairStyle': 'Short'}",holdet_api_appearance,start_neutral_blended_nt_team_absolute,,,,,,,,,,,,,,,,,,,,,,,,,0.0,0.0,0.0,0.0,0.0,0.0,0.0,0.45,1.35,False,not_applied,no_ev_source,URU,-0.013436,ESP,-0.000969,CPV,0.008152,-0.013436,-0.000969,0.008152,,,,,,,,,,,,,,,,,,,,,abdulrahman al obood__saudi arabien__MID
saleh_al_shamat__ksa,Saleh Al-Shamat,KSA,Saudi-Arabien,sa,MID,,,,,0.0,2500000,,,2500000,holdet_vm_2026_official,holdet_vm_2026_official,616,49813,49625.0,977.0,Saudi-Arabien,295.0,MID,2500000,2500000,False,True,True,True,saleh_al_shamat__ksa,exact_name_team,1.0,0.7644,transfermarkt_availability_split_2026_06_04,0.843662,0.843662,{},holdet_api_appearance,start_neutral_blended_nt_team_absolute,76.0,0.7644,sandsynlig starter - Transfermarkt landshold,64.0,29.0,2.4,12.0,8.0,2026-03-31,1.0,0.6424,0.6424,0.6667,0.8889,0.6,high_risk,high_risk,18.0,31.0,4.5,7.75,4.0,,,0.512045,1.248972,0.512045,0.512045,1.248972,1.248972,0.768067,0.45,1.35,True,raw_for_likely_starter,component_weighted_sum,URU,0.299753,ESP,0.094773,CPV,0.11752,0.299753,0.094773,0.11752,,,,,,"{'source': 'transfermarkt_national_team_output', 'transfermarkt_player_id': '901129.0', 'transfermarkt_national_url': 'https://www.transfermarkt.com/saleh-abu-al-shamat/nationalmannschaft/spieler/901129', 'tm_competition_rows': 64, 'tm_competition_starts': 29, 'tm_recency_weighted_competitive_start_score': 0.6424}",,,,,,,,,,,,,,,saleh al shamat__saudi arabien__MID
mohammed_waad__qat,Mohammed Waad,QAT,Qatar,,MID,,,,,0.0,2500000,,,2500000,holdet_vm_2026_official,holdet_vm_2026_official,616,49596,43328.0,1009.0,Qatar,295.0,MID,2500000,2500000,False,True,True,True,mohammed_waad__qat,exact_name_team,1.0,0.5564,transfermarkt_availability_split_2026_06_07,0.146612,0.146612,{},holdet_api_appearance,start_neutral_blended_nt_team_absolute,56.0,0.5564,rotation/usikker - Transfermarkt landshold,109.0,35.0,22.378400000000006,,,,1.0,0.3365,0.5975,,0.6163,0.7223,medium_risk,medium_risk,72.0,32.0,19.59,7.3,9.77,0.6667,0.4987,0.119683,0.179525,0.119683,0.119683,1.248972,0.992754,0.179525,0.45,1.35,True,appearance_scaled_then_base_capped,component_weighted_sum,SUI,0.01458,CAN,0.052476,BIH,0.052623,0.01458,0.052476,0.052623,,,,,,,,,,,,,,,,,,,,,mohammed waad__qatar__MID
billy_gilmour__sco,Billy Gilmour,SCO,Skotland,gb-sct,MID,0.736,4.217,0.1123,2.933,76.0,3000000,0.3296,33.0,3000000,holdet_vm_2026_official,holdet_vm_2026_official,616,48902,39067.0,1022.0,Skotland,295.0,MID,3000000,3000000,False,True,True,True,billy_gilmour__sco,exact_name_team,1.0,0.6722,transfermarkt_availability_split_2026_06_07,2.128305,2.128305,"{'skinColor': '#EFC6B6', 'hairColor': '#6E4A3A'}",holdet_api_appearance,start_neutral_blended_nt_team_absolute,67.0,0.6722,rotation/usikker - Transfermarkt landshold,58.0,37.0,15.4808,12.0,7.0,2026-03-31,1.0,0.6727,0.6832,0.5833,0.6823,0.9578,medium_risk,medium_risk,55.0,0.0,20.7,0.0,14.88,0.6667,0.7188,2.222952,2.012625,2.222952,2.222952,2.095861,2.012625,2.095861,0.45,1.35,True,appearance_scaled_then_base_capped,component_weighted_sum,HAI,1.18987,MAR,0.584729,BRA,0.448349,1.18987,0.584729,0.448349,,,,,,"{'source': 'transfermarkt_national_team_output', 'transfermarkt_player_id': '423744.0', 'transfermarkt_national_url': 'https://www.transfermarkt.com/billy-gilmour/nationalmannschaft/spieler/423744/verein_id/3380', 'tm_competition_rows': 76, 'tm_competition_starts': 60, 'tm_recency_weighted_competitive_start_score': 0.9312}",,,,,,,,,,,,,,,billy gilmour__skotland__MID
david_hoilett__can,David 'Junior' Hoilett,CAN,Canada,,MID,,,,,0.0,2500000,,,2500000,holdet_vm_2026_official,holdet_vm_2026_official,616,48990,24794.0,1059.0,Canada,295.0,MID,2500000,2500000,False,True,True,True,david_hoilett__can,exact_name_team,1.0,0.25,holdet_official_unmatched_default,0.087549,0.087549,"{'skinColor': '#B37D69', 'hairColor': '#000000', 'hairStyle': 'VeryShort'}",holdet_api_appearance,start_neutral_blended_nt_team_absolute,,,,,,,,,,,,,,,,,,,,,,,,,0.036453,0.15,0.036453,0.036453,1.248972,0.446061,0.15,0.45,1.35,True,appearance_scaled_then_base_capped,component_weighted_sum,BIH,0.012385,QAT,0.019524,SUI,0.004545,0.012385,0.019524,0.004545,,,,,,,,,,,,,,,,,,,,,david junior hoilett__canada__MID
alisher_odilov__uzb,Alisher Odilov,UZB,Usbekistan,uz,MID,,,,,0.0,2000000,,,2000000,holdet_vm_2026_official,holdet_vm_2026_official,616,48805,52117.0,1122.0,Usbekistan,295.0,MID,2000000,2000000,False,True,True,True,alisher_odilov__uzb,exact_name_team,1.0,0.2457,transfermarkt_availability_split_2026_06_07,0.164461,0.164461,{},holdet_api_appearance,start_neutral_blended_nt_team_absolute,25.0,0.2457,sjældent startende - Transfermarkt landshold,10.0,1.0,5.0912,,,,1.0,0.1,0.0401,,0.2971,0.5058,high_risk,high_risk,4.0,6.0,3.2,4.08,0.68,0.3333,0.2125,0.155055,0.175956,0.155055,0.155055,0.5013,0.175956,0.232582,0.45,1.35,True,appearance_scaled_then_base_capped,component_weighted_sum,COL,0.025178,POR,0.062324,COD,0.067552,0.025178,0.062324,0.067552,,,,,,,,,,,,,,,,,,,,,alisher odilov__usbekistan__MID
umarali_rakhmonaliyev__uzb,Umarali Rakhmonaliyev,UZB,Usbekistan,uz,MID,,,,,0.0,2000000,,,2000000,holdet_vm_2026_official,holdet_vm_2026_official,616,49919,52118.0,1122.0,Usbekistan,295.0,MID,2000000,2000000,False,True,True,True,umarali_rakhmonaliyev__uzb,exact_name_team,1.0,0.044,transfermarkt_availability_split_2026_06_07,0.0,0.0,{},holdet_api_appearance,start_neutral_blended_nt_team_absolute,4.0,0.044,sjældent startende - Transfermarkt landshold,3.0,0.0,1.4768000000000001,,,,1.0,0.0,0.0,,0.05,0.6575,medium_risk,medium_risk,2.0,1.0,1.84,1.0,0.0,0.0,0.0,0.0,0.0,0.0,0.0,0.0,0.0,0.0,0.45,1.35,False,not_applied,no_ev_source,COL,-0.0202,POR,-0.003967,COD,-0.000387,-0.0202,-0.003967,-0.000387,,,,,,,,,,,,,,,,,,,,,umarali rakhmonaliyev__usbekistan__MID
ibrokhim_ibrokhimov__uzb,Ibrokhim Ibrokhimov,UZB,Usbekistan,uz,MID,,,,,0.0,2000000,,,2000000,holdet_vm_2026_official,holdet_vm_2026_official,616,49210,52114.0,1122.0,Usbekistan,295.0,MID,2000000,2000000,False,True,True,True,ibrokhim_ibrokhimov__uzb,exact_name_team,1.0,0.0464,transfermarkt_availability_split_2026_06_07,0.0,0.0,{},holdet_api_appearance,start_neutral_blended_nt_team_absolute,5.0,0.0464,sjældent startende - Transfermarkt landshold,2.0,0.0,0.9568000000000001,,,,1.0,0.0,0.0,,0.05,0.7934,unknown,unknown,2.0,0.0,1.84,0.0,0.0,0.0,0.0,0.0,0.0,0.0,0.0,0.0,0.0,0.0,0.45,1.35,False,not_applied,no_ev_source,COL,-0.044469,POR,-0.039421,COD,-0.03672,-0.044469,-0.039421,-0.03672,,,,,,,,,,,,,,,,,,,,,ibrokhim ibrokhimov__usbekistan__MID
yousef_qashi__jor,Yousef Qashi,JOR,Jordan,jo,MID,,,,,0.0,2000000,,,2000000,holdet_vm_2026_official,holdet_vm_2026_official,616,49976,52228.0,1123.0,Jordan,295.0,MID,2000000,2000000,False,True,True,True,yousef_qashi__jor,exact_name_team,1.0,0.8559,transfermarkt_availability_split_2026_06_07,0.379613,0.379613,{},holdet_api_appearance,start_neutral_blended_nt_team_absolute,86.0,0.8559,sandsynlig starter - Transfermarkt landshold,6.0,4.0,2.1468,,,,1.0,0.6667,0.6246,,0.97,0.6638,medium_risk,medium_risk,4.0,2.0,3.47,1.77,3.47,1.0,1.0,0.280051,0.5013,0.280051,0.280051,0.5013,0.5013,0.420076,0.45,1.35,True,raw_for_likely_starter,component_weighted_sum,AUT,0.043345,ALG,0.126045,ARG,0.110658,0.043345,0.126045,0.110658,,,,,,,,,,,,,,,,,,,,,yousef qashi__jordan__MID
mohammad_taha__jor,Mohammad Taha,JOR,Jordan,jo,MID,,,,,0.0,2000000,,,2000000,holdet_vm_2026_official,holdet_vm_2026_official,616,49592,52229.0,1123.0,Jordan,295.0,MID,2000000,2000000,False,True,True,True,mohammad_taha__jor,exact_name_team,1.0,0.25,holdet_official_unmatched_default,0.0,0.0,{},holdet_api_appearance,start_neutral_blended_nt_team_absolute,,,,,,,,,,,,,,,,,,,,,,,,,0.0,0.0,0.0,0.0,0.0,0.0,0.0,0.45,1.35,False,not_applied,no_ev_source,AUT,-0.022735,ALG,0.00319,ARG,0.000465,-0.022735,0.00319,0.000465,,,,,,,,,,,,,,,,,,,,,mohammad taha__jordan__MID
grady_diangana__cod,Grady Diangana,COD,Congo DR,cd,MID,,,,,0.0,2500000,,,2500000,holdet_vm_2026_official,holdet_vm_2026_official,616,49148,36248.0,1145.0,Congo DR,295.0,MID,2500000,2500000,False,True,True,True,grady_diangana__cod,exact_name_team,1.0,0.0448,transfermarkt_availability_split_2026_06_07,0.037678,0.037678,"{'skinColor': '#B37D69', 'hairColor': '#5D491C', 'hairStyle': 'Short'}",holdet_api_appearance,start_neutral_blended_nt_team_absolute,4.0,0.0448,sjældent startende - Transfermarkt landshold,23.0,2.0,6.9376000000000015,,,,1.0,0.0952,0.0263,,0.05,0.7055,medium_risk,medium_risk,16.0,5.0,5.76,2.24,0.64,0.0,0.1111,0.003105,0.079934,0.003105,0.003105,1.248972,0.079934,0.15,0.45,1.35,True,appearance_scaled_then_base_capped,component_weighted_sum,POR,-0.021517,COL,0.006218,UZB,0.018402,-0.021517,0.006218,0.018402,,,,,,,,,,,,,,,,,,,,,grady diangana__congo dr__MID
baha_a_faisal__jor,Baha'a Faisal,JOR,Jordan,jo,FWD,,,,,0.0,2500000,,,2500000,holdet_vm_2026_official,holdet_vm_2026_official,616,48885,52230.0,1123.0,Jordan,296.0,FWD,2500000,2500000,False,True,True,True,baha_a_faisal__jor,exact_name_team,1.0,0.5573,transfermarkt_availability_split_2026_06_07,0.279137,0.279137,{},holdet_api_appearance,start_neutral_blended_nt_team_absolute,56.0,0.5573,rotation/usikker - Transfermarkt landshold,129.0,32.0,24.008000000000003,,,,1.0,0.2712,0.2259,,0.648,0.6,high_risk,high_risk,55.0,63.0,8.14,23.57,4.92,0.6667,0.6044,0.227867,0.3418,0.227867,0.227867,1.294488,1.030597,0.3418,0.45,1.35,True,appearance_scaled_then_base_capped,component_weighted_sum,AUT,0.031817,ALG,0.104613,ARG,0.091435,0.031817,0.104613,0.091435,,,,,,,,,,,,,,,,,,,,,bahaa faisal__jordan__FWD
aribim_pepple__can,Aribim Pepple,CAN,Canada,,FWD,,,,,0.0,2000000,,,2000000,holdet_vm_2026_official,holdet_vm_2026_official,616,48860,44374.0,1059.0,Canada,296.0,FWD,2000000,2000000,False,True,True,True,aribim_pepple__can,exact_name_team,1.0,0.0464,transfermarkt_availability_split_2026_06_07,0.0,0.0,"{'skinColor': '#774D3D', 'hairColor': '#000000', 'hairStyle': 'Long'}",holdet_api_appearance,start_neutral_blended_nt_team_absolute,5.0,0.0464,sjældent startende - Transfermarkt landshold,2.0,0.0,0.9568000000000001,,,,1.0,0.0,0.0,,0.05,0.7934,unknown,unknown,2.0,0.0,1.84,0.0,0.0,0.0,0.0,0.0,0.0,0.0,0.0,0.0,0.0,0.0,0.45,1.35,False,not_applied,no_ev_source,BIH,-0.038421,QAT,-0.035061,SUI,-0.035805,-0.038421,-0.035061,-0.035805,,,,,,,,,,,,,,,,,,,,,aribim pepple__canada__FWD
jacen_russell_rowe__can,Jacen Russell-Rowe,CAN,Canada,,FWD,,,,,0.0,2000000,,,2000000,holdet_vm_2026_official,holdet_vm_2026_official,616,49238,52132.0,1059.0,Canada,296.0,FWD,2000000,2000000,False,True,True,True,jacen_russell_rowe__can,exact_name_team,1.0,0.2257,transfermarkt_availability_split_2026_06_07,0.077982,0.077982,{},holdet_api_appearance,start_neutral_blended_nt_team_absolute,23.0,0.2257,sjældent startende - Transfermarkt landshold,38.0,1.0,15.258000000000001,,,,1.0,0.0263,0.2299,,0.2624,0.6,high_risk,high_risk,18.0,20.0,8.77,11.84,0.85,0.3333,0.0969,0.019058,0.15,0.019058,0.019058,0.541783,0.174686,0.15,0.45,1.35,True,appearance_scaled_then_base_capped,component_weighted_sum,BIH,0.006321,QAT,0.013009,SUI,-0.000271,0.006321,0.013009,-0.000271,,,,,,,,,,,,,,,,,,,,,jacen russell rowe__canada__FWD
daniel_jebbison__can,Daniel Jebbison,CAN,Canada,ca,FWD,0.831,5.014,0.0019,1.219,55.0,2500000,0.1512,15.0,2500000,holdet_vm_2026_official,holdet_vm_2026_official,616,48981,40539.0,1059.0,Canada,296.0,FWD,2500000,2500000,False,True,True,True,daniel_jebbison__can,exact_name_team,1.0,0.043,transfermarkt_availability_split_2026_06_07,0.202617,0.202617,"{'skinColor': '#B37D69', 'hairColor': '#78540F'}",holdet_api_appearance,start_neutral_blended_nt_team_absolute,4.0,0.043,sjældent startende - Transfermarkt landshold,17.0,1.0,7.8596,,,,1.0,0.0588,0.0135,,0.05,0.6,high_risk,high_risk,10.0,7.0,6.88,4.93,0.68,0.0,0.0988,0.303334,0.079519,0.303334,0.303334,1.294488,0.079519,0.455001,0.45,1.35,True,appearance_scaled_then_base_capped,component_weighted_sum,BIH,0.111627,QAT,0.132233,SUI,0.059473,0.111627,0.132233,0.059473,,,,,,,,,,,,,,,,,,,,,daniel jebbison__canada__FWD
amine_adli__mar,Amine Adli,MAR,Marokko,,FWD,,,,,0.0,2500000,,,2500000,holdet_vm_2026_official,holdet_vm_2026_official,616,48820,41345.0,974.0,Marokko,296.0,FWD,2500000,2500000,False,True,True,True,amine_adli__mar,exact_name_team,1.0,0.043,transfermarkt_availability_split_2026_06_07,0.139805,0.139805,"{'skinColor': '#B37D69', 'hairColor': '#000000'}",holdet_api_appearance,start_neutral_blended_nt_team_absolute,4.0,0.043,sjældent startende - Transfermarkt landshold,52.0,5.0,26.632799999999996,,,,1.0,0.1,0.0155,,0.05,0.6,high_risk,high_risk,24.0,26.0,11.24,19.36,1.76,0.0,0.1566,0.18913,0.079519,0.18913,0.18913,1.294488,0.079519,0.283695,0.45,1.35,True,appearance_scaled_then_base_capped,component_weighted_sum,BRA,0.026659,SCO,0.070299,HAI,0.092169,0.026659,0.070299,0.092169,,,,,,,,,,,,,,,,,,,,,amine adli__marokko__FWD
youssef_en_nesyri__mar,Youssef En-Nesyri,MAR,Marokko,ma,FWD,0.932,5.69,0.0586,0.832,51.0,3500000,0.1368,14.0,3500000,holdet_vm_2026_official,holdet_vm_2026_official,616,49978,34737.0,974.0,Marokko,296.0,FWD,3500000,3500000,False,True,True,True,youssef_en_nesyri__mar,exact_name_team,1.0,0.1118,transfermarkt_availability_split_2026_06_07,0.532397,0.532397,"{'skinColor': '#DAA07A', 'hairColor': '#000000', 'hairStyle': 'Short'}",holdet_api_appearance,start_neutral_blended_nt_team_absolute,11.0,0.1118,sjældent startende - Transfermarkt landshold,155.0,58.0,36.7384,32.0,10.0,2026-03-31,1.0,0.3973,0.0813,0.3125,0.1255,0.6874,medium_risk,medium_risk,103.0,43.0,29.25,13.21,12.24,0.0,0.4185,0.616035,0.430172,0.616035,0.616035,2.693383,0.430172,0.924052,0.45,1.35,True,appearance_scaled_then_base_capped,component_weighted_sum,BRA,0.103118,SCO,0.211772,HAI,0.301141,0.103118,0.211772,0.301141,,,,,,,,,,,,,,,,,,,,,youssef en nesyri__marokko__FWD
aqtay_abdallah__egy,Aqtay Abdallah,EGY,Egypten,,FWD,0.0,0.0,0.0,0.0,0.0,2000000,0.0,0.0,2000000,holdet_vm_2026_official,holdet_vm_2026_official,616,50068,52304.0,973.0,Egypten,296.0,FWD,2000000,2000000,False,True,True,True,aqtay_abdallah__egy,exact_name_team,1.0,0.0456,transfermarkt_availability_split_2026_06_07,0.0,0.0,{},holdet_api_appearance,start_neutral_blended_nt_team_absolute,5.0,0.0456,sjældent startende - Transfermarkt landshold,1.0,0.0,0.52,,,,1.0,0.0,0.0,,0.05,0.75,unknown,unknown,1.0,0.0,1.0,0.0,0.0,0.0,0.0,0.0,0.0,0.0,0.0,0.0,0.0,0.0,0.45,1.35,False,not_applied,no_ev_source,BEL,-0.043772,NZL,-0.037694,IRN,-0.034933,-0.043772,-0.037694,-0.034933,,,,,,,,,,,,,,,,,,,,,aqtay abdallah__egypten__FWD
kadir_barria__pan,Kadir Barria,PAN,Panama,,FWD,,,,,0.0,2000000,,,2000000,holdet_vm_2026_official,holdet_vm_2026_official,616,49366,52204.0,971.0,Panama,296.0,FWD,2000000,2000000,False,True,True,True,kadir_barria__pan,exact_name_team,1.0,0.1158,transfermarkt_availability_split_2026_06_07,0.20448,0.20448,{},holdet_api_appearance,start_neutral_blended_nt_team_absolute,12.0,0.1158,sjældent startende - Transfermarkt landshold,7.0,3.0,3.4008000000000007,,,,1.0,0.4286,0.1202,,0.1202,0.8952,medium_risk,medium_risk,7.0,0.0,6.54,0.0,2.62,0.0,0.4006,0.298452,0.089626,0.298452,0.298452,0.541783,0.089626,0.447678,0.45,1.35,True,appearance_scaled_then_base_capped,component_weighted_sum,GHA,0.066582,CRO,0.121795,ENG,0.110075,0.066582,0.121795,0.110075,,,,,,,,,,,,,,,,,,,,,kadir barria__panama__FWD
john_mercado__ecu,John Mercado,ECU,Ecuador,ec,FWD,0.801,4.544,0.0007,1.059,51.0,2000000,0.148,15.0,2000000,holdet_vm_2026_official,holdet_vm_2026_official,616,49305,52165.0,881.0,Ecuador,296.0,FWD,2000000,2000000,False,True,True,True,john_mercado__ecu,exact_name_team,1.0,0.0461,transfermarkt_availability_split_2026_06_07,0.173416,0.173416,{},holdet_api_appearance,start_neutral_blended_nt_team_absolute,5.0,0.0461,sjældent startende - Transfermarkt landshold,19.0,1.0,8.615200000000002,,,,1.0,0.0526,0.015,,0.05,0.7775,medium_risk,medium_risk,15.0,4.0,9.6,2.32,0.48,0.0,0.05,0.286109,0.03568,0.286109,0.286109,0.541783,0.03568,0.429164,0.45,1.35,True,appearance_scaled_then_base_capped,component_weighted_sum,CIV,0.08181,CUW,0.13322,GER,0.071077,0.08181,0.13322,0.071077,,,,,,,,,,,,,,,,,,,,,john mercado__ecuador__FWD
janner_corozo__ecu,Janner Corozo,ECU,Ecuador,ec,FWD,,,,,0.0,2000000,,,2000000,holdet_vm_2026_official,holdet_vm_2026_official,616,49255,52166.0,881.0,Ecuador,296.0,FWD,2000000,2000000,False,True,True,True,janner_corozo__ecu,exact_name_team,1.0,0.2545,transfermarkt_availability_split_2026_06_07,0.177875,0.177875,{},holdet_api_appearance,start_neutral_blended_nt_team_absolute,25.0,0.2545,sjældent startende - Transfermarkt landshold,54.0,4.0,15.8776,,,,1.0,0.0741,0.0168,,0.2959,0.6,high_risk,high_risk,15.0,39.0,6.52,14.76,1.36,0.3333,0.2086,0.162246,0.196977,0.162246,0.162246,0.541783,0.196977,0.243369,0.45,1.35,True,appearance_scaled_then_base_capped,component_weighted_sum,CIV,0.044005,CUW,0.068126,GER,0.050113,0.044005,0.068126,0.050113,,,,,,,,,,,,,,,,,,,,,janner corozo__ecuador__FWD
patrick_agyemang__usa,Patrick Agyemang,USA,USA,us,FWD,0.871,5.414,0.4629,4.691,90.0,3000000,0.5271,53.0,3000000,holdet_vm_2026_official,holdet_vm_2026_official,616,49712,28993.0,784.0,USA,296.0,FWD,3000000,3000000,False,True,True,True,patrick_agyemang__usa,exact_name_team,1.0,0.1535,transfermarkt_availability_split_2026_06_07,0.92823,0.92823,"{'skinColor': '#6E4A3A', 'hairColor': '#000000', 'hairStyle': 'Bald'}",holdet_api_appearance,start_neutral_blended_nt_team_absolute,15.0,0.1535,sjældent startende - Transfermarkt landshold,20.0,9.0,8.569599999999998,20.0,12.0,2026-04-01,1.0,0.5,0.1799,0.6,0.1625,0.8418,medium_risk,medium_risk,16.0,2.0,10.56,1.36,5.72,0.0,0.5417,1.308926,0.462934,1.308926,1.308926,2.111102,0.462934,1.963389,0.45,1.35,True,appearance_scaled_then_base_capped,component_weighted_sum,PAR,0.485448,AUS,0.50606,TUR,0.317414,0.485448,0.50606,0.317414,,,,,,,,,,,,,,,,,,,,,patrick agyemang__usa__FWD
facundo_torres__uru,Facundo Torres,URU,Uruguay,uy,FWD,0.865,5.027,0.0703,1.249,57.0,3500000,0.1698,17.0,3500000,holdet_vm_2026_official,holdet_vm_2026_official,616,49091,43471.0,783.0,Uruguay,296.0,FWD,3500000,3500000,False,True,True,True,facundo_torres__uru,exact_name_team,1.0,0.0433,transfermarkt_availability_split_2026_06_07,0.25788,0.25788,"{'skinColor': '#E9A58D', 'hairColor': '#000000'}",holdet_api_appearance,start_neutral_blended_nt_team_absolute,4.0,0.0433,sjældent startende - Transfermarkt landshold,65.0,6.0,18.266000000000002,12.0,4.0,2026-03-31,1.0,0.0952,0.022,0.3333,0.05,0.6192,high_risk,high_risk,41.0,22.0,14.26,9.0,2.28,0.0,0.1599,0.332559,0.166605,0.332559,0.332559,2.693383,0.166605,0.498838,0.45,1.35,True,appearance_scaled_then_base_capped,component_weighted_sum,KSA,0.136593,CPV,0.124366,ESP,0.071598,0.136593,0.124366,0.071598,,,,,,,,,,,,,,,,,,,,,facundo torres__uruguay__FWD
agust_n_lvarez__uru,Agustin Alvarez,URU,Uruguay,uy,FWD,0.865,5.027,0.0012,1.014,52.0,3000000,0.1485,15.0,3000000,holdet_vm_2026_official,holdet_vm_2026_official,616,48741,42785.0,783.0,Uruguay,296.0,FWD,3000000,3000000,False,True,True,True,agust_n_lvarez__uru,exact_name_team,1.0,0.043,transfermarkt_availability_split_2026_06_07,0.284746,0.284746,"{'skinColor': '#EFC6B6', 'hairColor': '#000000', 'hairStyle': 'Short'}",holdet_api_appearance,start_neutral_blended_nt_team_absolute,4.0,0.043,sjældent startende - Transfermarkt landshold,58.0,3.0,14.408000000000001,12.0,2.0,2026-03-31,1.0,0.0638,0.0112,0.1667,0.05,0.6,high_risk,high_risk,12.0,35.0,4.64,13.6,0.6,0.0,0.1293,0.411617,0.129682,0.411617,0.411617,2.111102,0.129682,0.617425,0.45,1.35,True,appearance_scaled_then_base_capped,component_weighted_sum,KSA,0.166535,CPV,0.154023,ESP,0.091057,0.166535,0.154023,0.091057,,,,,,"{'source': 'transfermarkt_national_team_output', 'transfermarkt_player_id': '812625.0', 'transfermarkt_national_url': 'https://www.transfermarkt.com/agustin-alvarez/nationalmannschaft/spieler/812625/verein_id/3449', 'tm_competition_rows': 68, 'tm_competition_starts': 24, 'tm_recency_weighted_competitive_start_score': 0.5359}",,,,,,,,,,,,,,,agustin alvarez__uruguay__FWD
bongokuhle_hlongwane__rsa,Bongokuhle Hlongwane,RSA,Sydafrika,,FWD,,,,,0.0,2000000,,,2000000,holdet_vm_2026_official,holdet_vm_2026_official,616,48904,52245.0,782.0,Sydafrika,296.0,FWD,2000000,2000000,False,True,True,True,bongokuhle_hlongwane__rsa,exact_name_team,1.0,0.5585,transfermarkt_availability_split_2026_06_07,0.343077,0.343077,{},holdet_api_appearance,start_neutral_blended_nt_team_absolute,56.0,0.5585,rotation/usikker - Transfermarkt landshold,59.0,13.0,21.148000000000003,,,,1.0,0.2281,0.2224,,0.6494,0.6,high_risk,high_risk,20.0,37.0,6.04,19.4,3.68,0.6667,0.6093,0.280063,0.420095,0.280063,0.280063,0.541783,0.432265,0.420095,0.45,1.35,True,appearance_scaled_then_base_capped,component_weighted_sum,MEX,0.047992,CZE,0.107145,KOR,0.124921,0.047992,0.107145,0.124921,,,,,,,,,,,,,,,,,,,,,bongokuhle hlongwane__sydafrika__FWD
mohau_nkota__rsa,Mohau Nkota,RSA,Sydafrika,za,FWD,0.53,3.325,0.0153,0.103,23.0,2500000,0.0262,3.0,2500000,holdet_vm_2026_official,holdet_vm_2026_official,616,49600,49642.0,782.0,Sydafrika,296.0,FWD,2500000,2500000,False,True,True,True,mohau_nkota__rsa,exact_name_team,1.0,0.1189,transfermarkt_availability_split_2026_06_07,0.247387,0.247387,{},holdet_api_appearance,start_neutral_blended_nt_team_absolute,12.0,0.1189,sjældent startende - Transfermarkt landshold,15.0,5.0,9.6288,,,,1.0,0.3333,0.0947,,0.1313,0.732,medium_risk,medium_risk,11.0,4.0,8.16,2.72,3.57,0.0,0.4375,0.269895,0.219878,0.269895,0.269895,1.294488,0.219878,0.404842,0.45,1.35,True,appearance_scaled_then_base_capped,component_weighted_sum,MEX,0.047787,CZE,0.098766,KOR,0.12334,0.047787,0.098766,0.12334,,,,,,,,,,,,,,,,,,,,,mohau nkota__sydafrika__FWD
thapelo_morena__rsa,Thapelo Morena,RSA,Sydafrika,,FWD,,,,,0.0,3000000,,,3000000,holdet_vm_2026_official,holdet_vm_2026_official,616,49886,49651.0,782.0,Sydafrika,296.0,FWD,3000000,3000000,False,True,True,True,thapelo_morena__rsa,exact_name_team,1.0,0.5424,transfermarkt_availability_split_2026_06_07,0.306686,0.306686,{},holdet_api_appearance,start_neutral_blended_nt_team_absolute,54.0,0.5424,rotation/usikker - Transfermarkt landshold,110.0,24.0,24.761200000000002,19.0,2.0,2026-03-31,1.0,0.2264,0.0652,0.1053,0.6307,0.6,high_risk,high_risk,37.0,69.0,11.08,19.02,6.06,0.6667,0.5469,0.250356,0.375534,0.250356,0.250356,2.111102,1.635802,0.375534,0.45,1.35,True,appearance_scaled_then_base_capped,component_weighted_sum,MEX,0.041103,CZE,0.096274,KOR,0.112976,0.041103,0.096274,0.112976,,,,,,,,,,,,,,,,,,,,,thapelo morena__sydafrika__FWD
ronaldo_mart_nez__par,Ronaldo Martinez,PAR,Paraguay,py,FWD,0.592,3.68,0.002,1.114,49.0,2000000,0.15,15.0,2000000,holdet_vm_2026_official,holdet_vm_2026_official,616,49793,49613.0,778.0,Paraguay,296.0,FWD,2000000,2000000,False,True,True,True,ronaldo_mart_nez__par,exact_name_team,1.0,0.3644,transfermarkt_availability_split_2026_06_07,0.710745,0.710745,{},holdet_api_appearance,start_neutral_blended_nt_team_absolute,36.0,0.3644,sjældent startende - Transfermarkt landshold,6.0,3.0,2.6384000000000003,,,,1.0,0.5,0.4127,,0.3833,0.8588,medium_risk,medium_risk,6.0,0.0,4.08,0.0,2.04,0.3333,0.5,1.061507,0.282037,1.061507,1.061507,0.541783,0.282037,0.541783,0.45,1.35,True,appearance_scaled_then_base_capped,component_weighted_sum,USA,0.272994,TUR,0.312352,AUS,0.476156,0.272994,0.312352,0.476156,,,,,,,,,,,,,,,,,,,,,ronaldo martinez__paraguay__FWD
ngel_romero__par,Angel Romero,PAR,Paraguay,py,FWD,0.592,3.68,0.0003,1.087,48.0,2000000,0.149,15.0,2000000,holdet_vm_2026_official,holdet_vm_2026_official,616,48835,38260.0,778.0,Paraguay,296.0,FWD,2000000,2000000,False,True,True,True,ngel_romero__par,exact_name_team,1.0,0.2889,transfermarkt_availability_split_2026_06_07,0.560294,0.560294,{},holdet_api_appearance,start_neutral_blended_nt_team_absolute,29.0,0.2889,sjældent startende - Transfermarkt landshold,122.0,30.0,19.9244,,,,1.0,0.2459,0.3903,,0.3297,0.6464,high_risk,high_risk,68.0,54.0,16.06,8.88,5.16,0.3333,0.3213,0.83577,0.223602,0.83577,0.83577,0.541783,0.223602,0.541783,0.45,1.35,True,appearance_scaled_then_base_capped,component_weighted_sum,USA,0.213676,TUR,0.245999,AUS,0.376093,0.213676,0.245999,0.376093,,,,,,,,,,,,,,,,,,,,,angel romero__paraguay__FWD
german_berterame__mex,German Berterame,MEX,Mexico,mx,FWD,,,,,0.0,3000000,,,3000000,holdet_vm_2026_official,holdet_vm_2026_official,616,49132,52199.0,775.0,Mexico,296.0,FWD,3000000,3000000,False,True,True,True,german_berterame__mex,exact_name_team,1.0,0.0704,transfermarkt_availability_split_2026_06_07,0.250583,0.250583,{},holdet_api_appearance,start_neutral_blended_nt_team_absolute,7.0,0.0704,sjældent startende - Transfermarkt landshold,24.0,3.0,11.2652,12.0,5.0,2026-05-23,1.0,0.125,0.0306,0.4167,0.0819,0.6,high_risk,high_risk,11.0,13.0,8.1,8.21,2.21,0.0,0.2728,0.281892,0.212317,0.281892,0.281892,2.111102,0.212317,0.422838,0.45,1.35,True,appearance_scaled_then_base_capped,component_weighted_sum,RSA,0.12456,KOR,0.089307,CZE,0.068023,0.12456,0.089307,0.068023,,,,,,"{'source': 'transfermarkt_national_team_output', 'transfermarkt_player_id': '401572.0', 'transfermarkt_national_url': 'https://www.transfermarkt.com/german-berterame/nationalmannschaft/spieler/401572/verein_id/6303', 'tm_competition_rows': 30, 'tm_competition_starts': 10, 'tm_recency_weighted_competitive_start_score': 0.3201}",,,,,,,,,,,,,,,german berterame__mexico__FWD
daniel_nana_agyei__gha,Daniel Nana Agyei,GHA,Ghana,gh,FWD,,,,,0.0,2000000,,,2000000,holdet_vm_2026_official,holdet_vm_2026_official,616,48983,26714.0,770.0,Ghana,296.0,FWD,2000000,2000000,False,True,True,True,daniel_nana_agyei__gha,exact_name_team,1.0,0.043,transfermarkt_availability_split_2026_06_07,0.074134,0.074134,"{'skinColor': '#6E4A3A', 'hairColor': '#000000', 'hairStyle': 'VeryShort'}",holdet_api_appearance,start_neutral_blended_nt_team_absolute,4.0,0.043,sjældent startende - Transfermarkt landshold,62.0,2.0,4.887999999999998,,,,1.0,0.0323,0.0064,,0.05,0.6,high_risk,high_risk,33.0,29.0,3.3,2.9,0.2,0.0,0.0606,0.107559,0.033281,0.107559,0.107559,0.541783,0.033281,0.161338,0.45,1.35,True,appearance_scaled_then_base_capped,component_weighted_sum,PAN,0.050564,ENG,0.027862,CRO,0.029131,0.050564,0.027862,0.029131,,,,,,,,,,,,,,,,,,,,,daniel nana agyei__ghana__FWD
martin_boyle__aus,Martin Boyle,AUS,Australien,au,FWD,0.57,3.412,0.0029,0.679,39.0,2500000,0.1379,14.0,2500000,holdet_vm_2026_official,holdet_vm_2026_official,616,49510,43237.0,763.0,Australien,296.0,FWD,2500000,2500000,False,True,True,True,martin_boyle__aus,exact_name_team,1.0,0.3953,transfermarkt_availability_split_2026_06_07,0.631478,0.631478,{},holdet_api_appearance,start_neutral_blended_nt_team_absolute,40.0,0.3953,sjældent startende - Transfermarkt landshold,73.0,34.0,15.3704,,,,1.0,0.5965,0.4011,,0.4172,0.8503,medium_risk,medium_risk,49.0,8.0,18.34,2.58,11.24,0.3333,0.6129,0.550038,0.731016,0.550038,0.550038,1.294488,0.731016,0.825057,0.45,1.35,True,appearance_scaled_then_base_capped,component_weighted_sum,TUR,0.181717,USA,0.168785,PAR,0.199535,0.181717,0.168785,0.199535,,,,,,,,,,,,,,,,,,,,,martin boyle__australien__FWD
deni_juric__aus,Deni Juric,AUS,Australien,,FWD,,,,,0.0,2500000,,,2500000,holdet_vm_2026_official,holdet_vm_2026_official,616,49006,52108.0,763.0,Australien,296.0,FWD,2500000,2500000,False,True,True,True,deni_juric__aus,exact_name_team,1.0,0.8537,transfermarkt_availability_split_2026_06_07,0.754874,0.754874,{},holdet_api_appearance,start_neutral_blended_nt_team_absolute,85.0,0.8537,sandsynlig starter - Transfermarkt landshold,3.0,2.0,1.4768000000000001,,,,1.0,0.6667,0.6479,,0.97,0.6575,medium_risk,medium_risk,2.0,1.0,1.84,1.0,1.84,1.0,1.0,0.313371,1.294488,0.313371,0.313371,1.294488,1.294488,0.470056,0.45,1.35,True,raw_for_likely_starter,component_weighted_sum,TUR,0.083794,USA,0.113899,PAR,0.115676,0.083794,0.113899,0.115676,,,,,,,,,,,,,,,,,,,,,deni juric__australien__FWD
ante_suto__aus,Ante Suto,AUS,Australien,,FWD,,,,,0.0,2000000,,,2000000,holdet_vm_2026_official,holdet_vm_2026_official,616,48842,52110.0,763.0,Australien,296.0,FWD,2000000,2000000,False,True,True,True,ante_suto__aus,exact_name_team,1.0,0.0464,transfermarkt_availability_split_2026_06_07,0.0,0.0,{},holdet_api_appearance,start_neutral_blended_nt_team_absolute,5.0,0.0464,sjældent startende - Transfermarkt landshold,2.0,0.0,0.9568000000000001,,,,1.0,0.0,0.0,,0.05,0.7934,unknown,unknown,2.0,0.0,1.84,0.0,0.0,0.0,0.0,0.0,0.0,0.0,0.0,0.0,0.0,0.0,0.45,1.35,False,not_applied,no_ev_source,TUR,-0.042754,USA,-0.03876,PAR,-0.036299,-0.042754,-0.03876,-0.036299,,,,,,,,,,,,,,,,,,,,,ante suto__australien__FWD
baghdad_bounedjah__alg,Baghdad Bounedjah,ALG,Algeriet,dz,FWD,0.789,4.382,0.1326,1.255,56.0,3000000,0.152,15.0,3000000,holdet_vm_2026_official,holdet_vm_2026_official,616,48884,34544.0,761.0,Algeriet,296.0,FWD,3000000,3000000,False,True,True,True,baghdad_bounedjah__alg,exact_name_team,1.0,0.1518,transfermarkt_availability_split_2026_06_07,0.561877,0.561877,{},holdet_api_appearance,start_neutral_blended_nt_team_absolute,15.0,0.1518,sjældent startende - Transfermarkt landshold,169.0,58.0,35.42680000000001,12.0,4.0,2026-03-31,1.0,0.3432,0.0971,0.3333,0.1765,0.6,high_risk,high_risk,96.0,73.0,24.31,17.57,14.3,0.0,0.5882,0.647025,0.457807,0.647025,0.647025,2.111102,0.457807,0.970538,0.45,1.35,True,appearance_scaled_then_base_capped,component_weighted_sum,ARG,0.107192,JOR,0.307361,AUT,0.23247,0.107192,0.307361,0.23247,,,,,,"{'source': 'transfermarkt_national_team_output', 'transfermarkt_player_id': '209992.0', 'transfermarkt_national_url': 'https://www.transfermarkt.com/baghdad-bounedjah/nationalmannschaft/spieler/209992/verein_id/3614', 'tm_competition_rows': 228, 'tm_competition_starts': 139, 'tm_recency_weighted_competitive_start_score': 0.7174}",,,,,,,,,,,,,,,baghdad bounedjah__algeriet__FWD
amin_chiakha__alg,Amin Chiakha,ALG,Algeriet,,FWD,,,,,0.0,2500000,,,2500000,holdet_vm_2026_official,holdet_vm_2026_official,616,48819,45839.0,761.0,Algeriet,296.0,FWD,2500000,2500000,False,True,True,True,amin_chiakha__alg,exact_name_team,1.0,0.043,transfermarkt_availability_split_2026_06_07,0.0,0.0,"{'skinColor': '#E9A58D', 'hairColor': '#6E4A3A', 'hairStyle': 'Short'}",holdet_api_appearance,start_neutral_blended_nt_team_absolute,4.0,0.043,sjældent startende - Transfermarkt landshold,29.0,0.0,17.676799999999997,,,,1.0,0.0,0.0,,0.05,0.6,high_risk,high_risk,8.0,21.0,4.92,15.64,0.0,0.0,0.0,0.0,0.0,0.0,0.0,0.0,0.0,0.0,0.45,1.35,False,not_applied,no_ev_source,ARG,-0.035758,JOR,-0.018974,AUT,-0.016337,-0.035758,-0.018974,-0.016337,,,,,,,,,,,,,,,,,,,,,amin chiakha__algeriet__FWD
marco_grull__aut,Marco Grüll,AUT,Østrig,,FWD,,,,,0.0,2000000,,,2000000,holdet_vm_2026_official,holdet_vm_2026_official,616,49494,45743.0,587.0,Østrig,296.0,FWD,2000000,2000000,False,True,True,True,marco_grull__aut,exact_name_team,1.0,0.0436,transfermarkt_availability_split_2026_06_07,0.015542,0.015542,"{'skinColor': '#EFC6B6', 'hairColor': '#F1DF79'}",holdet_api_appearance,start_neutral_blended_nt_team_absolute,4.0,0.0436,sjældent startende - Transfermarkt landshold,48.0,3.0,14.754400000000002,,,,1.0,0.0638,0.011,,0.05,0.6329,high_risk,high_risk,25.0,22.0,11.24,6.68,0.6,0.0,0.0534,0.000648,0.033745,0.000648,0.000648,0.541783,0.033745,0.15,0.45,1.35,True,appearance_scaled_then_base_capped,component_weighted_sum,JOR,0.012753,ARG,-0.00761,ALG,-0.004495,0.012753,-0.00761,-0.004495,,,,,,,,,,,,,,,,,,,,,marco grull__østrig__FWD
raul_florucz__aut,Raul Florucz,AUT,Østrig,,FWD,,,,,0.0,2000000,,,2000000,holdet_vm_2026_official,holdet_vm_2026_official,616,49753,48241.0,587.0,Østrig,296.0,FWD,2000000,2000000,False,True,True,True,raul_florucz__aut,exact_name_team,1.0,0.0476,transfermarkt_availability_split_2026_06_07,0.0,0.0,"{'skinColor': '#EFC6B6', 'hairColor': '#6E4A3A'}",holdet_api_appearance,start_neutral_blended_nt_team_absolute,5.0,0.0476,sjældent startende - Transfermarkt landshold,9.0,0.0,3.8088000000000006,,,,1.0,0.0,0.0,,0.05,0.8641,medium_risk,medium_risk,7.0,0.0,4.36,0.0,0.0,0.0,0.0,0.0,0.0,0.0,0.0,0.0,0.0,0.0,0.45,1.35,False,not_applied,no_ev_source,JOR,0.005017,ARG,-0.012528,ALG,-0.00949,0.005017,-0.012528,-0.00949,,,,,,,,,,,,,,,,,,,,,raul florucz__østrig__FWD
jan_kliment__cze,Jan Kliment,CZE,Tjekkiet,,FWD,,,,,,2000000,,,2000000,holdet_vm_2026_official,holdet_vm_2026_official,616,49253,33385.0,584.0,Tjekkiet,296.0,FWD,2000000,2000000,False,True,True,False,,,,0.043,transfermarkt_availability_split_2026_06_07,0.113659,0.113659,,,,4.0,0.043,sjældent startende - Transfermarkt landshold,96.0,2.0,14.543200000000002,,,,1.0,0.0278,0.0088,,0.05,0.6,high_risk,high_risk,14.0,58.0,5.32,12.76,0.58,0.0,0.109,0.179423,0.033281,0.179423,0.179423,0.541783,0.033281,0.269134,0.45,1.35,True,appearance_scaled_then_base_capped,component_weighted_sum,KOR,0.100761,RSA,0.040394,MEX,0.038268,0.100761,0.040394,0.038268,,,,0.134261,price_quality_ev_diagnostics,,,,,,,,,,,,,,,,jan kliment__tjekkiet__FWD
hugo_ekitike__fra,Hugo Ekitike,FRA,Frankrig,,FWD,,0.0,0.0,0.0,0.0,6000000,0.0,0.0,6000000,holdet_new_player_import_2026_06_01,holdet_new_player_import_2026_06_01,616,49193,,,Frankrig,,FWD,6000000,6000000,,True,True,False,hugo_ekitike__fra,,,0.5594,transfermarkt_availability_split_2026_06_07,1.46289,1.46289,,,holdet_new_player_import_2026_06_01,56.0,0.5594,rotation/usikker - Transfermarkt landshold,8.0,3.0,4.628800000000001,,,,1.0,0.375,0.5969,,0.5822,0.8879,medium_risk,medium_risk,8.0,0.0,5.92,0.0,2.28,0.6667,0.3851,0.0,3.2508667741935495,,,,,,,,,,,,,,,,,,,,,,,1.46289,price_quality_ev_diagnostics,,,,,,,,,,,,,,holdet_new_player_import_2026_06_01,6000000.0,hugo ekitike__frankrig__FWD
serge_gnabry__ger,Serge Gnabry,GER,Tyskland,,FWD,,0.0,0.0,0.0,0.0,6000000,0.0,0.0,6000000,holdet_new_player_import_2026_06_01,holdet_new_player_import_2026_06_01,616,49838,,,Tyskland,,FWD,6000000,6000000,,True,True,False,serge_gnabry__ger,,,0.8609,transfermarkt_availability_split_2026_06_07,2.22574,2.22574,,,holdet_new_player_import_2026_06_01,86.0,0.8609,sandsynlig starter - Transfermarkt landshold,114.0,48.0,16.6136,,,,1.0,0.5581,0.8861,,0.9346,0.7748,medium_risk,medium_risk,62.0,24.0,16.78,4.46,13.12,1.0,0.7819,1.387,3.2508667741935495,,,,,,,,,,,,,,,,,,,,,,,1.387,price_quality_ev_diagnostics,,,,,,,,,,,,,,holdet_new_player_import_2026_06_01,6000000.0,serge gnabry__tyskland__FWD
bento_krepski__bra,Bento Krepski,BRA,Brasilien,,GK,,0.0,0.0,0.0,0.0,5000000,0.0,0.0,5000000,holdet_new_player_import_2026_06_01,holdet_new_player_import_2026_06_01,616,48897,,,Brasilien,,GK,5000000,5000000,,True,True,False,bento_krepski__bra,,,0.1359,transfermarkt_availability_split_2026_06_07+gk_hierarchy_normalized,0.773442,0.773442,,,holdet_new_player_import_2026_06_01,14.0,0.1359,reservekeeper - GK hierarchy,28.0,6.0,11.423200000000001,,,,1.0,0.2143,0.4957,,0.1359,0.9447,medium_risk,medium_risk,28.0,0.0,15.08,0.0,3.4,0.6667,0.2255,0.0,1.7187609374999997,,,,,,,,,,,,,,,,,,,,,,,0.773442,price_quality_ev_diagnostics,,,,,0.524,0.1359,2026-06-07,0.431143,2.0,,,,,holdet_new_player_import_2026_06_01,5000000.0,bento krepski__brasilien__GK
cole_palmer__eng,Cole Palmer,ENG,England,,MID,,0.0,0.0,0.0,0.0,5000000,0.0,0.0,5000000,holdet_new_player_import_2026_06_01,holdet_new_player_import_2026_06_01,616,48965,,,England,,MID,5000000,5000000,,True,True,False,cole_palmer__eng,,,0.3184,transfermarkt_availability_split_2026_06_07,1.237331,1.237331,,,holdet_new_player_import_2026_06_01,32.0,0.3184,sjældent startende - Transfermarkt landshold,31.0,6.0,8.479200000000002,,,,1.0,0.2727,0.3353,,0.342,0.8034,medium_risk,medium_risk,18.0,4.0,9.28,1.76,3.36,0.3333,0.3621,0.0,2.7496246153846156,,,,,,,,,,,,,,,,,,,,,,,1.237331,price_quality_ev_diagnostics,,,,,,,,,,,,,,holdet_new_player_import_2026_06_01,5000000.0,cole palmer__england__MID
fermin_lopez__esp,Fermin Lopez,ESP,Spanien,,MID,,0.0,0.0,0.0,0.0,5000000,0.0,0.0,5000000,holdet_new_player_import_2026_06_01,holdet_new_player_import_2026_06_01,616,49103,,,Spanien,,MID,5000000,5000000,,True,True,False,fermin_lopez__esp,,,0.2387,transfermarkt_availability_split_2026_06_07,1.237331,1.237331,,,holdet_new_player_import_2026_06_01,24.0,0.2387,sjældent startende - Transfermarkt landshold,28.0,1.0,10.9468,,,,1.0,0.0455,0.1915,,0.2608,0.7582,medium_risk,medium_risk,17.0,5.0,10.04,2.84,0.92,0.3333,0.0916,0.0,2.7496246153846156,,,,,,,,,,,,,,,,,,,,,,,1.237331,price_quality_ev_diagnostics,,,,,,,,,,,,,,holdet_new_player_import_2026_06_01,5000000.0,fermin lopez__spanien__MID
anton_stach__ger,Anton Stach,GER,Tyskland,,MID,,0.0,0.0,0.0,0.0,4500000,0.0,0.0,4500000,holdet_new_player_import_2026_06_01,holdet_new_player_import_2026_06_01,616,48850,,,Tyskland,,MID,4500000,4500000,,True,True,False,anton_stach__ger,,,0.0386,transfermarkt_availability_split_2026_06_07,1.198289,1.198289,,,holdet_new_player_import_2026_06_01,4.0,0.0386,sjældent startende - Transfermarkt landshold,50.0,0.0,15.591600000000001,,,,1.0,0.0,0.0,,0.05,0.35,high_risk,high_risk,7.0,43.0,2.84,17.6,0.0,0.0,0.0,0.0,2.6628646153846156,,,,,,,,,,,,,,,,,,,,,,,1.198289,price_quality_ev_diagnostics,,,,,,,,,,,,,,holdet_new_player_import_2026_06_01,4500000.0,anton stach__tyskland__MID
joao_palhinha__por,João Palhinha,POR,Portugal,,MID,,0.0,0.0,0.0,0.0,4500000,0.0,0.0,4500000,holdet_new_player_import_2026_06_01,holdet_new_player_import_2026_06_01,616,49290,,,Portugal,,MID,4500000,4500000,,True,True,False,joao_palhinha__por,,,0.0998,transfermarkt_availability_split_2026_06_07,1.555239,1.555239,,,holdet_new_player_import_2026_06_01,10.0,0.0998,sjældent startende - Transfermarkt landshold,66.0,20.0,17.980000000000004,,,,1.0,0.3125,0.0948,,0.1039,0.8867,medium_risk,medium_risk,58.0,6.0,19.28,1.72,6.68,0.0,0.3465,0.649,2.6628646153846156,,,,,,,,,,,,,,,,,,,,,,,0.649,price_quality_ev_diagnostics,,,,,,,,,,,,,,holdet_new_player_import_2026_06_01,4500000.0,joao palhinha__portugal__MID
matz_sels__bel,Matz Sels,BEL,Belgien,,GK,,0.0,0.0,0.0,0.0,4500000,0.0,0.0,4500000,holdet_new_player_import_2026_06_01,holdet_new_player_import_2026_06_01,616,49535,,,Belgien,,GK,4500000,4500000,,True,True,False,matz_sels__bel,,,0.0586,transfermarkt_availability_split_2026_06_07+gk_hierarchy_normalized,0.728677,0.728677,,,holdet_new_player_import_2026_06_01,6.0,0.0586,reservekeeper - GK hierarchy,91.0,12.0,19.8596,,,,1.0,0.1348,0.2762,,0.0586,0.877,medium_risk,medium_risk,74.0,15.0,22.24,2.4,5.56,0.3333,0.25,0.0,1.6192828124999996,,,,,,,,,,,,,,,,,,,,,,,0.728677,price_quality_ev_diagnostics,,,,,0.2951,0.0586,2026-06-07,0.240321,2.0,,,,,holdet_new_player_import_2026_06_01,4500000.0,matz sels__belgien__GK
randal_kolo_muani__fra,Randal Kolo Muani,FRA,Frankrig,,FWD,,0.0,0.0,0.0,0.0,4500000,0.0,0.0,4500000,holdet_new_player_import_2026_06_01,holdet_new_player_import_2026_06_01,616,49750,,,Frankrig,,FWD,4500000,4500000,,True,True,False,randal_kolo_muani__fra,,,0.3564,transfermarkt_availability_split_2026_06_07,2.949416,2.949416,,,holdet_new_player_import_2026_06_01,36.0,0.3564,sjældent startende - Transfermarkt landshold,47.0,19.0,14.285999999999998,,,,1.0,0.4419,0.1289,,0.3714,0.8845,medium_risk,medium_risk,41.0,2.0,16.08,1.36,7.4,0.3333,0.4602,3.013,2.871702580645162,,,,,,,,,,,,,,,,,,,,,,,3.013,price_quality_ev_diagnostics,,,,,,,,,,,,,,holdet_new_player_import_2026_06_01,4500000.0,randal kolo muani__frankrig__FWD
robin_le_normand__esp,Robin Le Normand,ESP,Spanien,,DEF,,0.0,0.0,0.0,0.0,4500000,0.0,0.0,4500000,holdet_new_player_import_2026_06_01,holdet_new_player_import_2026_06_01,616,49782,,,Spanien,,DEF,4500000,4500000,,True,True,False,robin_le_normand__esp,,,0.9392,transfermarkt_availability_split_2026_06_07,1.323541,1.323541,,,holdet_new_player_import_2026_06_01,94.0,0.9392,sikker starter - Transfermarkt landshold,33.0,25.0,11.738800000000001,,,,1.0,0.8621,0.9648,,0.97,0.9093,low_risk,low_risk,28.0,1.0,12.84,0.48,11.56,1.0,0.9003,0.775,1.9939794312796226,,,,,,,,,,,,,,,,,,,,,,,0.775,price_quality_ev_diagnostics,,,,,,,,,,,,,,holdet_new_player_import_2026_06_01,4500000.0,robin le normand__spanien__DEF
dean_donny_huijsen__esp,Dean Donny Huijsen,ESP,Spanien,,DEF,,0.0,0.0,0.0,0.0,4000000,0.0,0.0,4000000,holdet_new_player_import_2026_06_01,holdet_new_player_import_2026_06_01,616,49001,,,Spanien,,DEF,4000000,4000000,,True,True,False,dean_donny_huijsen__esp,,,0.6377,transfermarkt_availability_split_2026_06_07,0.853574,0.853574,,,holdet_new_player_import_2026_06_01,64.0,0.6377,rotation/usikker - Transfermarkt landshold,13.0,6.0,5.114799999999999,,,,1.0,0.6667,0.3697,,0.6877,0.7922,medium_risk,medium_risk,8.0,1.0,5.32,0.92,3.92,0.6667,0.7368,0.0,1.8968306161137458,,,,,,,,,,,,,,,,,,,,,,,0.853574,price_quality_ev_diagnostics,,,,,,,,,,,,,,holdet_new_player_import_2026_06_01,4000000.0,dean donny huijsen__spanien__DEF
finn_dahmen__ger,Finn Dahmen,GER,Tyskland,,GK,,0.0,0.0,0.0,0.0,4000000,0.0,0.0,4000000,holdet_new_player_import_2026_06_01,holdet_new_player_import_2026_06_01,616,49109,,,Tyskland,,GK,4000000,4000000,,True,True,False,finn_dahmen__ger,,,0.0151,transfermarkt_availability_split_2026_06_07+gk_hierarchy_normalized,0.654069,0.654069,,,holdet_new_player_import_2026_06_01,2.0,0.0151,reservekeeper - GK hierarchy,8.0,0.0,4.628800000000001,,,,1.0,0.0,0.0,,0.0151,0.8879,medium_risk,medium_risk,8.0,0.0,5.92,0.0,0.0,0.0,0.0,0.0,1.4534859374999995,,,,,,,,,,,,,,,,,,,,,,,0.654069,price_quality_ev_diagnostics,,,,,0.048,0.0151,2026-06-07,0.015414,4.0,,,,,holdet_new_player_import_2026_06_01,4000000.0,finn dahmen__tyskland__GK
jonas_urbig__ger,Jonas Urbig,GER,Tyskland,,GK,,0.0,0.0,0.0,0.0,4000000,0.0,0.0,4000000,holdet_new_player_import_2026_06_01,holdet_new_player_import_2026_06_01,616,49310,,,Tyskland,,GK,4000000,4000000,,True,True,False,jonas_urbig__ger,,,0.0151,transfermarkt_availability_split_2026_06_07+gk_hierarchy_normalized,0.654069,0.654069,,,holdet_new_player_import_2026_06_01,2.0,0.0151,reservekeeper - GK hierarchy,1.0,0.0,0.52,,,,1.0,0.0,0.0,,0.0151,0.75,unknown,unknown,1.0,0.0,1.0,0.0,0.0,0.0,0.0,0.0,1.4534859374999995,,,,,,,,,,,,,,,,,,,,,,,0.654069,price_quality_ev_diagnostics,,,,,0.0456,0.0151,2026-06-07,0.014354,5.0,,,,,holdet_new_player_import_2026_06_01,4000000.0,jonas urbig__tyskland__GK
joao_pedro__bra,João Pedro,BRA,Brasilien,,FWD,,0.0,0.0,0.0,0.0,4000000,0.0,0.0,4000000,holdet_new_player_import_2026_06_01,holdet_new_player_import_2026_06_01,616,49292,,,Brasilien,,FWD,4000000,4000000,,True,True,False,joao_pedro__bra,,,0.2876,transfermarkt_availability_split_2026_06_07,1.777776,1.777776,,,holdet_new_player_import_2026_06_01,29.0,0.2876,sjældent startende - Transfermarkt landshold,28.0,4.0,11.090400000000002,,,,1.0,0.1538,0.3045,,0.3345,0.6,high_risk,high_risk,12.0,14.0,7.12,7.32,2.4,0.3333,0.3371,1.076,2.6355019354838713,,,,,,,,,,,,,,,,,,,,,,,1.076,price_quality_ev_diagnostics,,,,,,,,,,,,,,holdet_new_player_import_2026_06_01,4000000.0,joao pedro__brasilien__FWD
lois_openda__bel,Lois Openda,BEL,Belgien,,FWD,,0.0,0.0,0.0,0.0,4000000,0.0,0.0,4000000,holdet_new_player_import_2026_06_01,holdet_new_player_import_2026_06_01,616,49446,,,Belgien,,FWD,4000000,4000000,,True,True,False,lois_openda__bel,,,0.3271,transfermarkt_availability_split_2026_06_07,3.196226,3.196226,,,holdet_new_player_import_2026_06_01,33.0,0.3271,sjældent startende - Transfermarkt landshold,45.0,13.0,15.550400000000005,,,,1.0,0.2889,0.3039,,0.3366,0.9196,medium_risk,medium_risk,43.0,2.0,18.6,0.8,6.4,0.3333,0.3441,3.655,2.6355019354838713,,,,,,,,,,,,,,,,,,,,,,,3.655,price_quality_ev_diagnostics,,,,,,,,,,,,,,holdet_new_player_import_2026_06_01,4000000.0,lois openda__belgien__FWD
rafael_santos_borre__col,Rafael Santos Borre,COL,Colombia,,FWD,,0.0,0.0,0.0,0.0,4000000,0.0,0.0,4000000,holdet_new_player_import_2026_06_01,holdet_new_player_import_2026_06_01,616,49742,,,Colombia,,FWD,4000000,4000000,,True,True,False,rafael_santos_borre__col,,,0.0901,transfermarkt_availability_split_2026_06_07,1.185976,1.185976,,,holdet_new_player_import_2026_06_01,9.0,0.0901,sjældent startende - Transfermarkt landshold,81.0,25.0,17.730800000000002,,,,1.0,0.3333,0.0869,,0.0954,0.8408,medium_risk,medium_risk,62.0,13.0,20.18,3.2,6.42,0.0,0.3181,0.0,2.6355019354838713,,,,,,,,,,,,,,,,,,,,,,,1.185976,price_quality_ev_diagnostics,,,,,,,,,,,,,,holdet_new_player_import_2026_06_01,4000000.0,rafael santos borre__colombia__FWD
robin_olsen__swe,Robin Olsen,SWE,Sverige,,GK,,0.0,0.0,0.0,0.0,4000000,0.0,0.0,4000000,holdet_new_player_import_2026_06_01,holdet_new_player_import_2026_06_01,616,49783,,,Sverige,,GK,4000000,4000000,,True,True,False,robin_olsen__swe,,,0.6542,transfermarkt_availability_split_2026_06_07+gk_hierarchy_normalized,0.775069,0.775069,,,holdet_new_player_import_2026_06_01,65.0,0.6542,sandsynlig starter - GK hierarchy,132.0,78.0,17.812,,,,1.0,0.6,0.7378,,0.6542,0.7663,medium_risk,medium_risk,106.0,24.0,18.72,5.32,14.54,0.6667,0.7767,0.22,1.4534859374999995,,,,,,,,,,,,,,,,,,,,,,,0.22,price_quality_ev_diagnostics,,,,,0.6424,0.6542,2026-06-07,0.628925,1.0,,,,,holdet_new_player_import_2026_06_01,4000000.0,robin olsen__sverige__GK
takumi_minamino__jpn,Takumi Minamino,JPN,Japan,,MID,,0.0,0.0,0.0,0.0,4000000,0.0,0.0,4000000,holdet_new_player_import_2026_06_01,holdet_new_player_import_2026_06_01,616,49874,,,Japan,,MID,4000000,4000000,,True,True,False,takumi_minamino__jpn,,,0.8022,transfermarkt_availability_split_2026_06_07,2.316936,2.316936,,,holdet_new_player_import_2026_06_01,80.0,0.8022,sandsynlig starter - Transfermarkt landshold,137.0,53.0,22.932400000000005,,,,1.0,0.4015,0.8338,,0.9067,0.6708,medium_risk,medium_risk,80.0,52.0,19.8,9.7,13.64,1.0,0.6889,2.124,2.5527461538461536,,,,,,,,,,,,,,,,,,,,,,,2.124,price_quality_ev_diagnostics,,,,,,,,,,,,,,holdet_new_player_import_2026_06_01,4000000.0,takumi minamino__japan__MID
daniel_vivian__esp,Daniel Vivian,ESP,Spanien,,DEF,,0.0,0.0,0.0,0.0,3500000,0.0,0.0,3500000,holdet_new_player_import_2026_06_01,holdet_new_player_import_2026_06_01,616,48985,,,Spanien,,DEF,3500000,3500000,,True,True,False,daniel_vivian__esp,,,0.0801,transfermarkt_availability_split_2026_06_07,0.986005,0.986005,,,holdet_new_player_import_2026_06_01,8.0,0.0801,sjældent startende - Transfermarkt landshold,27.0,7.0,11.212399999999999,,,,1.0,0.28,0.064,,0.0854,0.8234,medium_risk,medium_risk,22.0,3.0,11.24,1.84,3.2,0.0,0.2847,0.362,1.7486786729857837,,,,,,,,,,,,,,,,,,,,,,,0.362,price_quality_ev_diagnostics,,,,,,,,,,,,,,holdet_new_player_import_2026_06_01,3500000.0,daniel vivian__spanien__DEF
johan_carbonero__col,Johan Carbonero,COL,Colombia,,FWD,,0.0,0.0,0.0,0.0,3500000,0.0,0.0,3500000,holdet_new_player_import_2026_06_01,holdet_new_player_import_2026_06_01,616,49300,,,Colombia,,FWD,3500000,3500000,,True,True,False,johan_carbonero__col,,,0.0477,transfermarkt_availability_split_2026_06_07,1.68489,1.68489,,,holdet_new_player_import_2026_06_01,5.0,0.0477,sjældent startende - Transfermarkt landshold,6.0,0.0,2.3712000000000004,,,,1.0,0.0,0.0,,0.05,0.8677,medium_risk,medium_risk,6.0,0.0,4.56,0.0,0.0,0.0,0.0,1.197,2.2812009677419365,,,,,,,,,,,,,,,,,,,,,,,1.197,price_quality_ev_diagnostics,,,,,,,,,,,,,,holdet_new_player_import_2026_06_01,3500000.0,johan carbonero__colombia__FWD
kaoru_mitoma__jpn,Kaoru Mitoma,JPN,Japan,,MID,,0.0,0.0,0.0,0.0,3500000,0.0,0.0,3500000,holdet_new_player_import_2026_06_01,holdet_new_player_import_2026_06_01,616,49374,,,Japan,,MID,3500000,3500000,,True,True,False,kaoru_mitoma__jpn,,,0.3602,transfermarkt_availability_split_2026_06_07,1.303345,1.303345,,,holdet_new_player_import_2026_06_01,36.0,0.3602,sjældent startende - Transfermarkt landshold,61.0,17.0,12.898399999999999,,,,1.0,0.3778,0.3631,,0.4039,0.6909,medium_risk,medium_risk,33.0,12.0,11.68,5.12,6.64,0.3333,0.5685,0.434,2.3658784615384616,,,,,,,,,,,,,,,,,,,,,,,0.434,price_quality_ev_diagnostics,,,,,,,,,,,,,,holdet_new_player_import_2026_06_01,3500000.0,kaoru mitoma__japan__MID
kevin_schade__ger,Kevin Schade,GER,Tyskland,,MID,,0.0,0.0,0.0,0.0,3500000,0.0,0.0,3500000,holdet_new_player_import_2026_06_01,holdet_new_player_import_2026_06_01,616,49394,,,Tyskland,,MID,3500000,3500000,,True,True,False,kevin_schade__ger,,,0.043,transfermarkt_availability_split_2026_06_07,1.581645,1.581645,,,holdet_new_player_import_2026_06_01,4.0,0.043,sjældent startende - Transfermarkt landshold,38.0,0.0,12.745199999999997,,,,1.0,0.0,0.0,,0.05,0.6,high_risk,high_risk,10.0,22.0,5.2,10.92,0.0,0.0,0.0,0.94,2.3658784615384616,,,,,,,,,,,,,,,,,,,,,,,0.94,price_quality_ev_diagnostics,,,,,,,,,,,,,,holdet_new_player_import_2026_06_01,3500000.0,kevin schade__tyskland__MID
lewis_hall__eng,Lewis Hall,ENG,England,,DEF,,0.0,0.0,0.0,0.0,3500000,0.0,0.0,3500000,holdet_new_player_import_2026_06_01,holdet_new_player_import_2026_06_01,616,49438,,,England,,DEF,3500000,3500000,,True,True,False,lewis_hall__eng,,,0.2412,transfermarkt_availability_split_2026_06_07,0.786905,0.786905,,,holdet_new_player_import_2026_06_01,24.0,0.2412,sjældent startende - Transfermarkt landshold,14.0,1.0,4.153600000000001,,,,1.0,0.125,0.027,,0.2848,0.5634,high_risk,high_risk,4.0,4.0,2.8,2.72,0.48,0.3333,0.1714,0.0,1.7486786729857837,,,,,,,,,,,,,,,,,,,,,,,0.786905,price_quality_ev_diagnostics,,,,,,,,,,,,,,holdet_new_player_import_2026_06_01,3500000.0,lewis hall__england__DEF
maarten_vandevoordt__bel,Maarten Vandevoordt,BEL,Belgien,,GK,,0.0,0.0,0.0,0.0,3500000,0.0,0.0,3500000,holdet_new_player_import_2026_06_01,holdet_new_player_import_2026_06_01,616,49474,,,Belgien,,GK,3500000,3500000,,True,True,False,maarten_vandevoordt__bel,,,0.0151,transfermarkt_availability_split_2026_06_07+gk_hierarchy_normalized,0.544643,0.544643,,,holdet_new_player_import_2026_06_01,2.0,0.0151,reservekeeper - GK hierarchy,15.0,0.0,7.487199999999999,,,,1.0,0.0,0.0,,0.0151,0.8269,medium_risk,medium_risk,13.0,2.0,8.32,1.16,0.0,0.0,0.0,0.0,1.2103171874999996,,,,,,,,,,,,,,,,,,,,,,,0.544643,price_quality_ev_diagnostics,,,,,0.047,0.0151,2026-06-07,0.014949,5.0,,,,,holdet_new_player_import_2026_06_01,3500000.0,maarten vandevoordt__belgien__GK
melker_ellborg__swe,Melker Ellborg,SWE,Sverige,,GK,,0.0,0.0,0.0,0.0,3500000,0.0,0.0,3500000,holdet_new_player_import_2026_06_01,holdet_new_player_import_2026_06_01,616,49546,,,Sverige,,GK,3500000,3500000,,True,True,False,melker_ellborg__swe,,,0.0151,transfermarkt_availability_split_2026_06_07+gk_hierarchy_normalized,0.544643,0.544643,,,holdet_new_player_import_2026_06_01,2.0,0.0151,reservekeeper - GK hierarchy,2.0,0.0,1.6560000000000001,,,,1.0,0.0,0.0,,0.0151,0.7934,unknown,unknown,2.0,0.0,1.84,0.0,0.0,0.0,0.0,0.0,1.2103171874999996,,,,,,,,,,,,,,,,,,,,,,,0.544643,price_quality_ev_diagnostics,,,,,0.0464,0.0151,2026-06-07,0.01469,5.0,,,,,holdet_new_player_import_2026_06_01,3500000.0,melker ellborg__sverige__GK
noel_tornqvist__swe,Noel Törnqvist,SWE,Sverige,,GK,,0.0,0.0,0.0,0.0,3500000,0.0,0.0,3500000,holdet_new_player_import_2026_06_01,holdet_new_player_import_2026_06_01,616,49666,,,Sverige,,GK,3500000,3500000,,True,True,False,noel_tornqvist__swe,,,0.0151,transfermarkt_availability_split_2026_06_07+gk_hierarchy_normalized,0.544643,0.544643,,,holdet_new_player_import_2026_06_01,2.0,0.0151,reservekeeper - GK hierarchy,6.0,0.0,4.104000000000001,,,,1.0,0.0,0.0,,0.0151,0.7778,medium_risk,medium_risk,5.0,1.0,3.88,0.68,0.0,0.0,0.0,0.0,1.2103171874999996,,,,,,,,,,,,,,,,,,,,,,,0.544643,price_quality_ev_diagnostics,,,,,0.0461,0.0151,2026-06-07,0.014567,6.0,,,,,holdet_new_player_import_2026_06_01,3500000.0,noel tornqvist__sverige__GK
robin_koch__ger,Robin Koch,GER,Tyskland,,DEF,,0.0,0.0,0.0,0.0,3500000,0.0,0.0,3500000,holdet_new_player_import_2026_06_01,holdet_new_player_import_2026_06_01,616,49781,,,Tyskland,,DEF,3500000,3500000,,True,True,False,robin_koch__ger,,,0.2705,transfermarkt_availability_split_2026_06_07,0.984355,0.984355,,,holdet_new_player_import_2026_06_01,27.0,0.2705,sjældent startende - Transfermarkt landshold,74.0,10.0,14.345200000000002,,,,1.0,0.1613,0.2854,,0.3012,0.7082,medium_risk,medium_risk,39.0,23.0,12.9,5.14,2.92,0.3333,0.2264,0.359,1.7486786729857837,,,,,,,,,,,,,,,,,,,,,,,0.359,price_quality_ev_diagnostics,,,,,,,,,,,,,,holdet_new_player_import_2026_06_01,3500000.0,robin koch__tyskland__DEF
trent_alexander_arnold__eng,Trent Alexander-Arnold,ENG,England,,DEF,,0.0,0.0,0.0,0.0,3500000,0.0,0.0,3500000,holdet_new_player_import_2026_06_01,holdet_new_player_import_2026_06_01,616,49909,,,England,,DEF,3500000,3500000,,True,True,False,trent_alexander_arnold__eng,,,0.35,transfermarkt_availability_split_2026_06_07,0.786905,0.786905,,,holdet_new_player_import_2026_06_01,35.0,0.35,sjældent startende - Transfermarkt landshold,95.0,26.0,13.625599999999999,,,,1.0,0.3714,0.312,,0.3654,0.8793,medium_risk,medium_risk,62.0,8.0,14.76,1.3,6.5,0.3333,0.4404,0.0,1.7486786729857837,,,,,,,,,,,,,,,,,,,,,,,0.786905,price_quality_ev_diagnostics,,,,,,,,,,,,,,holdet_new_player_import_2026_06_01,3500000.0,trent alexander arnold__england__DEF
bechir_ben_said__tun,Bechir Ben Said,TUN,Tunesien,,GK,,0.0,0.0,0.0,0.0,3000000,0.0,0.0,3000000,holdet_new_player_import_2026_06_01,holdet_new_player_import_2026_06_01,616,48889,,,Tunesien,,GK,3000000,3000000,,True,True,False,bechir_ben_said__tun,,,0.0167,transfermarkt_availability_split_2026_06_07+gk_hierarchy_normalized,0.400399,0.400399,,,holdet_new_player_import_2026_06_01,2.0,0.0167,reservekeeper - GK hierarchy,83.0,21.0,24.484800000000003,,,,1.0,0.253,0.0599,,0.0167,0.7603,medium_risk,medium_risk,65.0,18.0,23.06,6.9,5.84,0.0,0.2533,0.0,0.8897765624999998,,,,,,,,,,,,,,,,,,,,,,,0.400399,price_quality_ev_diagnostics,,,,,0.0696,0.0167,2026-06-07,0.101222,3.0,,,,,holdet_new_player_import_2026_06_01,3000000.0,bechir ben said__tunesien__GK
eduardo_camavinga__fra,Eduardo Camavinga,FRA,Frankrig,,MID,,0.0,0.0,0.0,0.0,3000000,0.0,0.0,3000000,holdet_new_player_import_2026_06_01,holdet_new_player_import_2026_06_01,616,49047,,,Frankrig,,MID,3000000,3000000,,True,True,False,eduardo_camavinga__fra,,,0.3005,transfermarkt_availability_split_2026_06_07,1.29558,1.29558,,,holdet_new_player_import_2026_06_01,30.0,0.3005,sjældent startende - Transfermarkt landshold,77.0,14.0,16.483199999999997,,,,1.0,0.2154,0.0683,,0.3333,0.7186,medium_risk,medium_risk,41.0,24.0,14.7,5.54,4.9,0.3333,0.3333,0.783,1.9220676923076925,,,,,,,,,,,,,,,,,,,,,,,0.783,price_quality_ev_diagnostics,,,,,,,,,,,,,,holdet_new_player_import_2026_06_01,3000000.0,eduardo camavinga__frankrig__MID
ferjani_sassi__tun,Ferjani Sassi,TUN,Tunesien,,MID,,0.0,0.0,0.0,0.0,3000000,0.0,0.0,3000000,holdet_new_player_import_2026_06_01,holdet_new_player_import_2026_06_01,616,49102,,,Tunesien,,MID,3000000,3000000,,True,True,False,ferjani_sassi__tun,,,0.5954,transfermarkt_availability_split_2026_06_07,1.81588,1.81588,,,holdet_new_player_import_2026_06_01,60.0,0.5954,rotation/usikker - Transfermarkt landshold,172.0,81.0,31.422800000000002,,,,1.0,0.4709,0.6131,,0.6682,0.6885,medium_risk,medium_risk,117.0,55.0,26.82,12.04,18.02,0.6667,0.6719,1.729,1.9220676923076925,,,,,,,,,,,,,,,,,,,,,,,1.729,price_quality_ev_diagnostics,,,,,,,,,,,,,,holdet_new_player_import_2026_06_01,3000000.0,ferjani sassi__tunesien__MID
jarrod_bowen__eng,Jarrod Bowen,ENG,England,,FWD,,0.0,0.0,0.0,0.0,3000000,0.0,0.0,3000000,holdet_new_player_import_2026_06_01,holdet_new_player_import_2026_06_01,616,49257,,,England,,FWD,3000000,3000000,,True,True,False,jarrod_bowen__eng,,,0.2552,transfermarkt_availability_split_2026_06_07,1.376233,1.376233,,,holdet_new_player_import_2026_06_01,26.0,0.2552,sjældent startende - Transfermarkt landshold,50.0,7.0,16.912,,,,1.0,0.14,0.306,,0.2819,0.7292,medium_risk,medium_risk,33.0,17.0,15.56,5.52,2.52,0.3333,0.162,1.063,1.7590732258064519,,,,,,,,,,,,,,,,,,,,,,,1.063,price_quality_ev_diagnostics,,,,,,,,,,,,,,holdet_new_player_import_2026_06_01,3000000.0,jarrod bowen__england__FWD
juan_cabal__col,Juan Cabal,COL,Colombia,,DEF,,0.0,0.0,0.0,0.0,3000000,0.0,0.0,3000000,holdet_new_player_import_2026_06_01,holdet_new_player_import_2026_06_01,616,49345,,,Colombia,,DEF,3000000,3000000,,True,True,False,juan_cabal__col,,,0.2697,transfermarkt_availability_split_2026_06_07,0.653569,0.653569,,,holdet_new_player_import_2026_06_01,27.0,0.2697,sjældent startende - Transfermarkt landshold,28.0,1.0,7.008800000000001,,,,1.0,0.0588,0.2339,,0.3136,0.6,high_risk,high_risk,6.0,11.0,3.44,5.48,0.92,0.3333,0.2674,0.0,1.4523747867298593,,,,,,,,,,,,,,,,,,,,,,,0.653569,price_quality_ev_diagnostics,,,,,,,,,,,,,,holdet_new_player_import_2026_06_01,3000000.0,juan cabal__colombia__DEF
martial_godo__civ,Martial Godo,CIV,Elfenbenskysten,,FWD,,0.0,0.0,0.0,0.0,3000000,0.0,0.0,3000000,holdet_new_player_import_2026_06_01,holdet_new_player_import_2026_06_01,616,49508,,,Elfenbenskysten,,FWD,3000000,3000000,,True,True,False,martial_godo__civ,,,0.4638,transfermarkt_availability_split_2026_06_07,0.791583,0.791583,,,holdet_new_player_import_2026_06_01,46.0,0.4638,sjældent startende - Transfermarkt landshold,2.0,1.0,0.9568000000000001,,,,1.0,0.5,0.5,,0.5,0.7934,unknown,unknown,2.0,0.0,1.84,0.0,0.92,0.5,0.5,0.0,1.7590732258064519,,,,,,,,,,,,,,,,,,,,,,,0.791583,price_quality_ev_diagnostics,,,,,,,,,,,,,,holdet_new_player_import_2026_06_01,3000000.0,martial godo__elfenbenskysten__FWD
pascal_loretz__sui,Pascal Loretz,SUI,Schweiz,,GK,,0.0,0.0,0.0,0.0,3000000,0.0,0.0,3000000,holdet_new_player_import_2026_06_01,holdet_new_player_import_2026_06_01,616,49709,,,Schweiz,,GK,3000000,3000000,,True,True,False,pascal_loretz__sui,,,0.0151,transfermarkt_availability_split_2026_06_07+gk_hierarchy_normalized,0.400399,0.400399,,,holdet_new_player_import_2026_06_01,2.0,0.0151,reservekeeper - GK hierarchy,7.0,0.0,2.5968000000000004,,,,1.0,0.0,0.0,,0.0151,0.6629,medium_risk,medium_risk,5.0,2.0,2.64,1.36,0.0,0.0,0.0,0.0,0.8897765624999998,,,,,,,,,,,,,,,,,,,,,,,0.400399,price_quality_ev_diagnostics,,,,,0.0441,0.0151,2026-06-07,0.013702,4.0,,,,,holdet_new_player_import_2026_06_01,3000000.0,pascal loretz__schweiz__GK
pedro_pote_goncalves__por,Pedro 'Pote' Goncalves,POR,Portugal,,MID,,0.0,0.0,0.0,0.0,3000000,0.0,0.0,3000000,holdet_new_player_import_2026_06_01,holdet_new_player_import_2026_06_01,616,49726,,,Portugal,,MID,3000000,3000000,,True,True,False,pedro_pote_goncalves__por,,,0.48,holdet_new_player_import_default,0.86493,0.86493,,,holdet_new_player_import_2026_06_01,48.0,0.48,ukendt / kræver review,,,,,,,,,,,0.48,1.0,unknown,unknown,,,,,,,,0.0,1.9220676923076925,,,,,,,,,,,,,,,,,,,,,,,0.86493,price_quality_ev_diagnostics,,,,,,,,,,,,,,holdet_new_player_import_2026_06_01,3000000.0,pedro pote goncalves__portugal__MID
pierre_kalulu__fra,Pierre Kalulu,FRA,Frankrig,,DEF,,0.0,0.0,0.0,0.0,3000000,0.0,0.0,3000000,holdet_new_player_import_2026_06_01,holdet_new_player_import_2026_06_01,616,49738,,,Frankrig,,DEF,3000000,3000000,,True,True,False,pierre_kalulu__fra,,,0.3075,transfermarkt_availability_split_2026_06_07,0.778969,0.778969,,,holdet_new_player_import_2026_06_01,31.0,0.3075,sjældent startende - Transfermarkt landshold,10.0,2.0,5.7308,,,,1.0,0.2,0.2624,,0.3733,0.496,high_risk,high_risk,4.0,6.0,3.0,4.08,1.4,0.3333,0.4667,0.228,1.4523747867298593,,,,,,,,,,,,,,,,,,,,,,,0.228,price_quality_ev_diagnostics,,,,,,,,,,,,,,holdet_new_player_import_2026_06_01,3000000.0,pierre kalulu__frankrig__DEF
roony_bardghji__swe,Roony Bardghji,SWE,Sverige,,MID,,0.0,0.0,0.0,0.0,3000000,0.0,0.0,3000000,holdet_new_player_import_2026_06_01,holdet_new_player_import_2026_06_01,616,49795,,,Sverige,,MID,3000000,3000000,,True,True,False,roony_bardghji__swe,,,0.2741,transfermarkt_availability_split_2026_06_07,0.86493,0.86493,,,holdet_new_player_import_2026_06_01,27.0,0.2741,sjældent startende - Transfermarkt landshold,5.0,1.0,3.2760000000000007,,,,1.0,0.2,0.2648,,0.2894,0.8494,medium_risk,medium_risk,5.0,0.0,3.64,0.0,0.68,0.3333,0.1868,0.0,1.9220676923076925,,,,,,,,,,,,,,,,,,,,,,,0.86493,price_quality_ev_diagnostics,,,,,,,,,,,,,,holdet_new_player_import_2026_06_01,3000000.0,roony bardghji__sverige__MID
samuel_aghehowa__esp,Samuel Aghehowa,ESP,Spanien,,FWD,,0.0,0.0,0.0,0.0,3000000,0.0,0.0,3000000,holdet_new_player_import_2026_06_01,holdet_new_player_import_2026_06_01,616,49819,,,Spanien,,FWD,3000000,3000000,,True,True,False,samuel_aghehowa__esp,,,0.2446,transfermarkt_availability_split_2026_06_07,0.791583,0.791583,,,holdet_new_player_import_2026_06_01,24.0,0.2446,sjældent startende - Transfermarkt landshold,12.0,1.0,6.434799999999999,,,,1.0,0.0833,0.2619,,0.2732,0.7008,medium_risk,medium_risk,9.0,3.0,5.12,2.04,0.68,0.3333,0.1328,0.0,1.7590732258064519,,,,,,,,,,,,,,,,,,,,,,,0.791583,price_quality_ev_diagnostics,,,,,,,,,,,,,,holdet_new_player_import_2026_06_01,3000000.0,samuel aghehowa__spanien__FWD
