player_id,player_name,team_id,position,price,start_prob,missing_goal_share_norm,missing_assist_share_norm,missing_sot_share_norm,round_context_source,current_weighted_group_stage_ev_before_price_quality,current_optimizer_ev,price_band,offensive_role_score,fallback_base_ev_variant_a,fallback_base_ev_variant_b,confidence,reason_flags
raphinha__bra,Raphinha,BRA,FWD,6500000,0.86,True,True,True,distributed_from_existing_optimizer_ev,0.544547,2.045868,premium,1.0306701037456882,4.501035415422079,3.0938090475342372,high,high_priority_offensive_starter;legacy_aggregate_round_context;set_piece_role_available_not_used_as_direct_share;variant_a_goal_team_share_over_cap;variant_a_sot_team_share_over_cap
neymar_jr__bra,Neymar Jr.,BRA,FWD,5500000,0.8919,True,True,True,distributed_from_existing_optimizer_ev,0.495807,1.931802,premium,1.0142265943133135,4.5746565409333355,3.1398661882811654,high,high_priority_offensive_starter;legacy_aggregate_round_context;no_transfermarkt_usage_match;set_piece_role_available_not_used_as_direct_share;variant_a_goal_team_share_over_cap;variant_a_sot_team_share_over_cap
viktor_gyokeres__swe,Viktor Gyökeres,SWE,FWD,6000000,0.8141,True,True,True,distributed_from_existing_optimizer_ev,0.382575,1.924465,premium,1.00223616754071,2.4279407191457847,1.2511823727832048,high,high_priority_offensive_starter;legacy_aggregate_round_context;set_piece_role_available_not_used_as_direct_share;variant_a_goal_team_share_over_cap;variant_a_sot_team_share_over_cap
christian_pulisic__usa,Christian Pulisic,USA,FWD,4000000,0.827,True,True,True,distributed_from_existing_optimizer_ev,0.440974,1.643096,premium,0.9527085820934095,3.273202379606317,2.0520721703691414,high,high_priority_offensive_starter;legacy_aggregate_round_context;set_piece_role_available_not_used_as_direct_share;variant_a_assist_team_share_over_cap;variant_a_goal_team_share_over_cap;variant_a_sot_team_share_over_cap
yoane_wissa__cod,Yoane Wissa,COD,FWD,3500000,0.8342,True,True,True,distributed_from_existing_optimizer_ev,0.2736,1.373289,upper_mid,0.9363840406117098,2.5615140125750377,0.7499369534475546,low,assist_no_team_residual;high_priority_offensive_starter;legacy_aggregate_round_context;set_piece_role_available_not_used_as_direct_share;variant_a_assist_team_share_over_cap;variant_a_goal_team_share_over_cap;variant_a_sot_team_share_over_cap
edin_dzeko__bih,Edin Dzeko,BIH,FWD,4500000,0.676,True,True,True,distributed_from_existing_optimizer_ev,0.396029,0.485136,premium,0.8891357980708879,2.0513729325102283,0.6377058902547788,high,legacy_aggregate_round_context;set_piece_role_available_not_used_as_direct_share;variant_a_assist_team_share_over_cap;variant_a_goal_team_share_over_cap;variant_a_sot_team_share_over_cap
romelu_lukaku__bel,Romelu Lukaku,BEL,FWD,4500000,0.6346,True,True,True,distributed_from_existing_optimizer_ev,0.437161,0.535522,premium,0.8780129667285581,3.1263834085453897,2.819652952565125,high,legacy_aggregate_round_context;set_piece_role_available_not_used_as_direct_share
memphis_depay__ned,Memphis Depay,NED,FWD,4000000,0.6669,True,True,True,distributed_from_existing_optimizer_ev,0.418142,0.512224,premium,0.8755647069249753,2.845299508771345,4.034230502566423,high,legacy_aggregate_round_context;set_piece_role_available_not_used_as_direct_share
federico_valverde__uru,Federico Valverde,URU,MID,5500000,0.8894,True,True,True,distributed_from_existing_optimizer_ev,0.488631,1.591349,premium,0.8547117596169739,2.778849878159723,1.8149703786444809,high,high_priority_offensive_starter;legacy_aggregate_round_context;set_piece_role_available_not_used_as_direct_share;variant_a_goal_team_share_over_cap;variant_a_sot_team_share_over_cap
patrik_schick__cze,Patrik Schick,CZE,FWD,4500000,0.8543,True,True,True,distributed_from_existing_optimizer_ev,0.214204,1.634719,premium,0.8522213809111687,3.9863956602650887,3.6474444776487265,medium,high_priority_offensive_starter;legacy_aggregate_round_context;match_1_assist_position_rate;match_1_goal_position_rate;match_1_sot_position_rate;match_2_assist_position_rate;match_2_goal_position_rate;match_2_sot_position_rate;match_3_assist_position_rate;match_3_goal_position_rate;match_3_sot_position_rate
darwin_nunez__uru,Darwin Nunez,URU,FWD,6000000,0.3943,True,True,True,distributed_from_existing_optimizer_ev,0.384529,0.471048,premium,0.8388784924141879,1.69007476892717,1.140143897933963,high,legacy_aggregate_round_context;set_piece_role_available_not_used_as_direct_share;variant_a_goal_team_share_over_cap;variant_a_sot_team_share_over_cap
yan_diomande__civ,Yan Diomande,CIV,FWD,3000000,0.9123,True,True,True,distributed_from_existing_optimizer_ev,0.217515,1.077432,upper_mid,0.8206588516578488,3.648407791256889,2.6782848233828545,medium,high_priority_offensive_starter;legacy_aggregate_round_context;match_1_assist_position_rate;match_1_goal_position_rate;match_1_sot_position_rate;match_2_assist_position_rate;match_2_goal_position_rate;match_2_sot_position_rate;match_3_assist_position_rate;match_3_goal_position_rate;match_3_sot_position_rate;variant_a_assist_team_share_over_cap;variant_a_goal_team_share_over_cap;variant_a_sot_team_share_over_cap
ryan_mendes_da_graca__cpv,Ryan Mendes Da Graça,CPV,FWD,3000000,0.8829,True,True,True,distributed_from_existing_optimizer_ev,0.221757,1.079765,upper_mid,0.8118989138671598,1.9867042404995177,1.186286888319139,high,high_priority_offensive_starter;legacy_aggregate_round_context;no_transfermarkt_usage_match;variant_a_assist_team_share_over_cap;variant_a_goal_team_share_over_cap;variant_a_sot_team_share_over_cap
josue_casimir__hai,Josue Casimir,HAI,FWD,2500000,0.8939,True,True,True,distributed_from_existing_optimizer_ev,0.269483,0.734353,lower_mid,0.7947679500387139,1.2857466893938834,0.5545372446340129,high,high_priority_offensive_starter;legacy_aggregate_round_context;variant_a_assist_team_share_over_cap;variant_a_goal_team_share_over_cap;variant_a_sot_team_share_over_cap
amine_gouiri__alg,Amine Gouiri,ALG,FWD,3000000,0.8025,True,True,True,distributed_from_existing_optimizer_ev,0.308846,1.127664,upper_mid,0.7890120556433227,2.3546381547182715,0.3574147067607041,low,assist_no_team_residual;high_priority_offensive_starter;legacy_aggregate_round_context;variant_a_assist_team_share_over_cap;variant_a_goal_team_share_over_cap;variant_a_sot_team_share_over_cap
almoez_ali__qat,Almoez Ali,QAT,FWD,3000000,0.4561,True,True,True,distributed_from_existing_optimizer_ev,0.230865,0.28281,upper_mid,0.7833416065283456,1.3900424263869777,1.115468388577824,high,legacy_aggregate_round_context;set_piece_role_available_not_used_as_direct_share
deni_juric__aus,Deni Juric,AUS,FWD,2500000,0.8537,True,True,True,distributed_from_existing_optimizer_ev,0.313362,0.758486,lower_mid,0.7833292450654189,1.341564554984459,0.9551878404627413,high,high_priority_offensive_starter;legacy_aggregate_round_context;variant_a_assist_team_share_over_cap;variant_a_goal_team_share_over_cap
aymen_hussein__irq,Aymen Hussein,IRQ,FWD,3500000,0.3986,True,True,True,distributed_from_existing_optimizer_ev,0.192283,0.235547,upper_mid,0.7764132998719225,1.0275674157330636,1.2563997454447355,high,assist_individual_cap;goal_individual_cap;legacy_aggregate_round_context;set_piece_role_available_not_used_as_direct_share;sot_individual_cap
mohamed_toure__aus,Mohamed Toure,AUS,FWD,3000000,0.752,True,True,True,distributed_from_existing_optimizer_ev,0.257604,1.099481,upper_mid,0.7731364948867808,1.764928304512215,1.2927445713210415,high,high_priority_offensive_starter;legacy_aggregate_round_context;variant_a_assist_team_share_over_cap;variant_a_goal_team_share_over_cap
mousa_tamari__jor,Mousa Tamari,JOR,MID,3000000,0.8437,True,True,True,distributed_from_existing_optimizer_ev,0.274017,1.078292,upper_mid,0.7701009920350488,1.1571225584312153,1.0634166841355726,high,high_priority_offensive_starter;legacy_aggregate_round_context;set_piece_role_available_not_used_as_direct_share
prince_adu__gha,Prince Adu,GHA,FWD,2000000,0.8702,True,True,True,distributed_from_existing_optimizer_ev,0.413014,0.47072,budget,0.7693323558696101,2.0261325378967974,1.7007251605039735,high,high_priority_offensive_starter;legacy_aggregate_round_context
hakan_calhanoglu__tur,Hakan Calhanoglu,TUR,MID,4000000,0.7024,True,True,True,distributed_from_existing_optimizer_ev,0.423506,1.442668,premium,0.7601686384638396,2.156520087913027,1.0735244998041555,high,high_priority_offensive_starter;legacy_aggregate_round_context;set_piece_role_available_not_used_as_direct_share;variant_a_assist_team_share_over_cap;variant_a_goal_team_share_over_cap;variant_a_sot_team_share_over_cap
jovo_lukic__bih,Jovo Lukic,BIH,FWD,2000000,0.7493,True,True,True,distributed_from_existing_optimizer_ev,0.303576,0.410529,budget,0.731512761167236,2.0592656410124395,0.5154089034534274,high,high_priority_offensive_starter;legacy_aggregate_round_context;variant_a_assist_team_share_over_cap;variant_a_goal_team_share_over_cap;variant_a_sot_team_share_over_cap
ermedin_demirovic__bih,Ermedin Demirovic,BIH,FWD,3000000,0.6712,True,True,True,distributed_from_existing_optimizer_ev,0.344891,0.422491,upper_mid,0.7314676414442355,2.068322565062909,0.5634829902586944,high,legacy_aggregate_round_context;variant_a_assist_team_share_over_cap;variant_a_goal_team_share_over_cap;variant_a_sot_team_share_over_cap
maxi_araujo__uru,Maxi Araujo,URU,MID,5000000,0.9094,True,True,True,distributed_from_existing_optimizer_ev,0.502822,1.575641,premium,0.7287689015144929,3.062078886350994,1.975814258323664,high,high_priority_offensive_starter;legacy_aggregate_round_context;variant_a_goal_team_share_over_cap;variant_a_sot_team_share_over_cap
cyle_christopher_larin__can,Cyle Christopher Larin,CAN,FWD,3000000,0.6238,True,True,True,distributed_from_existing_optimizer_ev,0.425134,0.520789,upper_mid,0.7197782865581889,2.7004671613977407,0.5776082723094815,high,legacy_aggregate_round_context;variant_a_assist_team_share_over_cap;variant_a_goal_team_share_over_cap;variant_a_sot_team_share_over_cap
luis_suarez_charris__col,Luis Suarez Charris,COL,FWD,4500000,0.5148,True,True,True,distributed_from_existing_optimizer_ev,0.321229,0.393506,premium,0.718416818114108,2.2598171349807226,1.8416191667784532,high,legacy_aggregate_round_context
timothy_weah__usa,Timothy Weah,USA,FWD,3000000,0.6148,True,True,True,distributed_from_existing_optimizer_ev,0.411977,0.504672,upper_mid,0.7166633604426871,2.5907441645400526,1.6222610352263505,high,legacy_aggregate_round_context;variant_a_assist_team_share_over_cap;variant_a_goal_team_share_over_cap;variant_a_sot_team_share_over_cap
wilson_isidor__hai,Wilson Isidor,HAI,FWD,3000000,0.6294,True,True,True,distributed_from_existing_optimizer_ev,0.256394,0.314083,upper_mid,0.7161367181750593,1.2797282620358348,0.57066892742139,high,legacy_aggregate_round_context;variant_a_assist_team_share_over_cap;variant_a_goal_team_share_over_cap;variant_a_sot_team_share_over_cap
juan_cucho_hernandez__col,Juan 'Cucho' Hernandez,COL,FWD,4000000,0.5405,True,True,True,distributed_from_existing_optimizer_ev,0.368333,0.451208,premium,0.716073872907264,2.4440959229901895,1.964962387644404,high,legacy_aggregate_round_context
nico_gonzalez__arg,Nico Gonzalez,ARG,FWD,4000000,0.5303,True,True,True,distributed_from_existing_optimizer_ev,0.361922,0.443354,premium,0.7128116746252543,2.629608689368885,1.066506998089205,high,legacy_aggregate_round_context;variant_a_assist_team_share_over_cap;variant_a_goal_team_share_over_cap;variant_a_sot_team_share_over_cap
rayan__bra,Rayan,BRA,FWD,3000000,0.5901,True,True,True,distributed_from_existing_optimizer_ev,0.353675,0.433252,upper_mid,0.7074146793501058,3.1549234785896836,2.1510476686206452,high,legacy_aggregate_round_context;variant_a_goal_team_share_over_cap;variant_a_sot_team_share_over_cap
jean_ricner_bellegarde__hai,Jean-Ricner Bellegarde,HAI,MID,3000000,0.6978,True,True,True,distributed_from_existing_optimizer_ev,0.273263,0.334747,upper_mid,0.7071887050988497,1.0742614583894463,0.5300846974067543,high,legacy_aggregate_round_context;set_piece_role_available_not_used_as_direct_share;variant_a_assist_team_share_over_cap;variant_a_goal_team_share_over_cap;variant_a_sot_team_share_over_cap
bruno_guimaraes__bra,Bruno Guimaraes,BRA,MID,4500000,0.8763,True,True,True,distributed_from_existing_optimizer_ev,0.484645,1.52959,premium,0.7061148742662235,3.5419519424007793,2.476814967755758,high,high_priority_offensive_starter;legacy_aggregate_round_context;variant_a_goal_team_share_over_cap;variant_a_sot_team_share_over_cap
elye_wahi__civ,Elye Wahi,CIV,FWD,2500000,0.6294,True,True,True,distributed_from_existing_optimizer_ev,0.213056,0.260994,lower_mid,0.7032315002584958,1.3738404379907143,1.0296948701045197,medium,legacy_aggregate_round_context;match_1_assist_position_rate;match_1_goal_position_rate;match_1_sot_position_rate;match_2_assist_position_rate;match_2_goal_position_rate;match_2_sot_position_rate;match_3_assist_position_rate;match_3_goal_position_rate;match_3_sot_position_rate;variant_a_assist_team_share_over_cap;variant_a_goal_team_share_over_cap;variant_a_sot_team_share_over_cap
alexis_saelemaekers__bel,Alexis Saelemaekers,BEL,FWD,4000000,0.5078,True,True,True,distributed_from_existing_optimizer_ev,0.262496,0.321558,premium,0.7029260823212494,2.4496668216603084,2.2150463726151677,high,legacy_aggregate_round_context
franck_kessie__civ,Franck Kessie,CIV,MID,3000000,0.6905,True,True,True,distributed_from_existing_optimizer_ev,0.201889,0.247314,upper_mid,0.7027477753317304,1.7613281198773278,1.348184855958386,medium,legacy_aggregate_round_context;match_1_assist_position_rate;match_1_goal_position_rate;match_1_sot_position_rate;match_2_assist_position_rate;match_2_goal_position_rate;match_2_sot_position_rate;match_3_assist_position_rate;match_3_goal_position_rate;match_3_sot_position_rate;set_piece_role_available_not_used_as_direct_share;variant_a_assist_team_share_over_cap;variant_a_goal_team_share_over_cap;variant_a_sot_team_share_over_cap
kenan_yildiz__tur,Kenan Yildiz,TUR,MID,4000000,0.8953,True,True,True,distributed_from_existing_optimizer_ev,0.444552,1.454243,premium,0.698336632494176,2.710242964906927,1.3018089040608576,high,high_priority_offensive_starter;legacy_aggregate_round_context;no_transfermarkt_usage_match;variant_a_assist_team_share_over_cap;variant_a_goal_team_share_over_cap;variant_a_sot_team_share_over_cap
pavel_sulc__cze,Pavel Sulc,CZE,MID,4000000,0.8997,True,True,True,distributed_from_existing_optimizer_ev,0.233161,1.337978,premium,0.6966634337091163,3.307587541099909,3.0144632834049014,medium,high_priority_offensive_starter;legacy_aggregate_round_context;match_1_assist_position_rate;match_1_goal_position_rate;match_1_sot_position_rate;match_2_assist_position_rate;match_2_goal_position_rate;match_2_sot_position_rate;match_3_assist_position_rate;match_3_goal_position_rate;match_3_sot_position_rate
fabian_ruiz__esp,Fabian Ruiz,ESP,MID,4500000,0.8178,True,True,True,distributed_from_existing_optimizer_ev,1.045299,1.83795,premium,0.6965034867236356,3.438842031126876,3.3456804032630214,high,high_priority_offensive_starter;legacy_aggregate_round_context
amad_diallo__civ,Amad Diallo,CIV,FWD,3500000,0.1336,True,True,True,distributed_from_existing_optimizer_ev,0.136973,0.167792,upper_mid,0.6951689728286875,0.5985330974554941,0.4977335552812783,medium,legacy_aggregate_round_context;match_1_assist_position_rate;match_1_goal_position_rate;match_1_sot_position_rate;match_2_assist_position_rate;match_2_goal_position_rate;match_2_sot_position_rate;match_3_assist_position_rate;match_3_goal_position_rate;match_3_sot_position_rate;set_piece_role_available_not_used_as_direct_share;variant_a_assist_team_share_over_cap;variant_a_goal_team_share_over_cap;variant_a_sot_team_share_over_cap
tomas_soucek__cze,Tomas Soucek,CZE,MID,3500000,0.9395,True,True,True,distributed_from_existing_optimizer_ev,0.249779,1.264039,premium,0.6951614403685775,3.1268683602450134,2.848737467175354,medium,high_priority_offensive_starter;legacy_aggregate_round_context;match_1_assist_position_rate;match_1_goal_position_rate;match_1_sot_position_rate;match_2_assist_position_rate;match_2_goal_position_rate;match_2_sot_position_rate;match_3_assist_position_rate;match_3_goal_position_rate;match_3_sot_position_rate
brian_gutierrez__mex,Brian Gutierrez,MEX,MID,2500000,0.6683,True,True,True,distributed_from_existing_optimizer_ev,0.470468,0.576323,lower_mid,0.6930195270051013,2.0988530859725767,1.1530080212146763,high,legacy_aggregate_round_context;set_piece_role_available_not_used_as_direct_share;variant_a_assist_team_share_over_cap;variant_a_goal_team_share_over_cap;variant_a_sot_team_share_over_cap
thapelo_morena__rsa,Thapelo Morena,RSA,FWD,3000000,0.5424,True,True,True,distributed_from_existing_optimizer_ev,0.250344,0.306671,upper_mid,0.6898458990171455,1.3181143406316804,0.2402938464188396,low,goal_no_team_residual;legacy_aggregate_round_context;sot_no_team_residual;variant_a_assist_team_share_over_cap;variant_a_goal_team_share_over_cap;variant_a_sot_team_share_over_cap
george_hirst__sco,George Hirst,SCO,FWD,2500000,0.5568,True,True,True,distributed_from_existing_optimizer_ev,0.26358,0.322886,lower_mid,0.6830448865674015,1.884512915026078,0.9369886890021789,high,legacy_aggregate_round_context;variant_a_assist_team_share_over_cap;variant_a_goal_team_share_over_cap;variant_a_sot_team_share_over_cap
baha_a_faisal__jor,Baha'a Faisal,JOR,FWD,2500000,0.5573,True,True,True,distributed_from_existing_optimizer_ev,0.227857,0.279125,lower_mid,0.6820682760480449,1.169744207769078,1.1069829383076442,high,legacy_aggregate_round_context
simon_adingra__civ,Simon Adingra,CIV,FWD,2500000,0.5614,True,True,True,distributed_from_existing_optimizer_ev,0.158559,0.194235,lower_mid,0.6811128148614133,1.3732536626614216,1.0299941016462295,medium,legacy_aggregate_round_context;match_1_assist_position_rate;match_1_goal_position_rate;match_1_sot_position_rate;match_2_assist_position_rate;match_2_goal_position_rate;match_2_sot_position_rate;match_3_assist_position_rate;match_3_goal_position_rate;match_3_sot_position_rate;variant_a_assist_team_share_over_cap;variant_a_goal_team_share_over_cap;variant_a_sot_team_share_over_cap
facundo_pellistri__uru,Facundo Pellistri,URU,FWD,3500000,0.4338,True,True,True,distributed_from_existing_optimizer_ev,0.482955,0.59162,upper_mid,0.6761402656053122,1.9974416363829903,1.2705516462201059,high,legacy_aggregate_round_context;variant_a_goal_team_share_over_cap;variant_a_sot_team_share_over_cap
mahmoud_trezeguet__egy,Mahmoud Trezeguet,EGY,MID,3000000,0.92,True,True,True,distributed_from_existing_optimizer_ev,0.418434,1.157722,upper_mid,0.6750358875710855,2.2218254857392936,1.6258844587312642,high,high_priority_offensive_starter;legacy_aggregate_round_context;no_transfermarkt_usage_match;variant_a_assist_team_share_over_cap;variant_a_goal_team_share_over_cap
folarin_balogun__usa,Folarin Balogun,USA,FWD,4000000,0.395,True,True,True,distributed_from_existing_optimizer_ev,0.446051,0.546412,premium,0.6748748641525469,1.7187627789517013,1.1329623781074403,high,legacy_aggregate_round_context;variant_a_assist_team_share_over_cap;variant_a_goal_team_share_over_cap;variant_a_sot_team_share_over_cap
rani_khedira__tun,Rani Khedira,TUN,MID,3000000,0.9119,True,True,True,distributed_from_existing_optimizer_ev,0.433515,1.166016,upper_mid,0.6728194134879415,1.4545467690473335,0.38356711019909717,high,high_priority_offensive_starter;legacy_aggregate_round_context;variant_a_assist_team_share_over_cap;variant_a_goal_team_share_over_cap;variant_a_sot_team_share_over_cap
bongokuhle_hlongwane__rsa,Bongokuhle Hlongwane,RSA,FWD,2000000,0.5585,True,True,True,distributed_from_existing_optimizer_ev,0.280048,0.343059,budget,0.6725357713420266,1.329587817060525,0.16325468641514893,low,goal_no_team_residual;legacy_aggregate_round_context;sot_no_team_residual;variant_a_assist_team_share_over_cap;variant_a_goal_team_share_over_cap;variant_a_sot_team_share_over_cap
salem_al_dawsari__ksa,Salem Al-Dawsari,KSA,MID,3000000,0.9032,True,True,True,distributed_from_existing_optimizer_ev,0.349727,1.119933,upper_mid,0.669023023950145,1.485578829924348,1.6050094954669258,medium,high_priority_offensive_starter;legacy_aggregate_round_context
jurgen_locadia__cuw,Jürgen Locadia,CUW,FWD,2000000,0.5505,True,True,True,distributed_from_existing_optimizer_ev,0.165119,0.202271,budget,0.666511237126648,1.1213378495839852,0.13736332235517582,low,goal_no_team_residual;legacy_aggregate_round_context;variant_a_assist_team_share_over_cap;variant_a_goal_team_share_over_cap;variant_a_sot_team_share_over_cap
mohamed_al_mannai__qat,Mohamed Al-Mannai,QAT,MID,2500000,0.5964,True,True,True,distributed_from_existing_optimizer_ev,0.26477,0.324343,lower_mid,0.6649623964855181,0.7649742629587241,0.6050934324719225,high,legacy_aggregate_round_context;set_piece_role_available_not_used_as_direct_share
elijah_just__nzl,Elijah Just,NZL,MID,3000000,0.8821,True,True,True,distributed_from_existing_optimizer_ev,0.340123,1.114651,upper_mid,0.6625570408427379,1.250952728558491,0.40279940528846253,high,high_priority_offensive_starter;legacy_aggregate_round_context;variant_a_assist_team_share_over_cap;variant_a_goal_team_share_over_cap
marwan_ateya__egy,Marwan Ateya,EGY,MID,3000000,0.8808,True,True,True,distributed_from_existing_optimizer_ev,0.361653,1.126492,upper_mid,0.6624718829432316,2.2021854907270133,1.61353850567371,high,high_priority_offensive_starter;legacy_aggregate_round_context;variant_a_assist_team_share_over_cap;variant_a_goal_team_share_over_cap
odildzhon_khamrobekov__uzb,Odildzhon Khamrobekov,UZB,MID,2500000,0.939,True,True,True,distributed_from_existing_optimizer_ev,0.300496,0.718215,lower_mid,0.6578824832860944,1.3911670751530991,1.1705258292467273,medium,high_priority_offensive_starter;legacy_aggregate_round_context;variant_a_assist_team_share_over_cap
lukas_provod__cze,Lukas Provod,CZE,MID,3000000,0.8588,True,True,True,distributed_from_existing_optimizer_ev,0.251616,1.065972,upper_mid,0.6543138182593472,2.0951837330475773,1.9130962630354706,medium,high_priority_offensive_starter;legacy_aggregate_round_context;match_1_assist_position_rate;match_1_goal_position_rate;match_1_sot_position_rate;match_2_assist_position_rate;match_2_goal_position_rate;match_2_sot_position_rate;match_3_assist_position_rate;match_3_goal_position_rate;match_3_sot_position_rate
ben_doak__sco,Ben Doak,SCO,MID,3000000,0.8408,True,True,True,distributed_from_existing_optimizer_ev,0.47953,1.191325,upper_mid,0.6521409841932361,2.1361543751098786,1.0337576664282444,high,high_priority_offensive_starter;legacy_aggregate_round_context;variant_a_assist_team_share_over_cap;variant_a_goal_team_share_over_cap;variant_a_sot_team_share_over_cap
mohamed_kanno__ksa,Mohamed Kanno,KSA,MID,3000000,0.8439,True,True,True,distributed_from_existing_optimizer_ev,0.317411,1.102159,upper_mid,0.6507754389915964,1.4130859343110074,1.5281633368971783,medium,high_priority_offensive_starter;legacy_aggregate_round_context
ahmed_alaaeldin_abdelmotaal__qat,Ahmed Alaaeldin Abdelmotaal,QAT,FWD,3000000,0.4247,True,True,True,distributed_from_existing_optimizer_ev,0.050007,0.095004,upper_mid,0.6490866115511219,1.096409677653728,0.8978436478251306,high,legacy_aggregate_round_context;no_transfermarkt_usage_match
lewis_ferguson__sco,Lewis Ferguson,SCO,MID,2000000,0.5651,True,True,True,distributed_from_existing_optimizer_ev,0.269633,0.32767,budget,0.6441195873132708,1.2491744860298106,0.6078591806734396,high,legacy_aggregate_round_context;set_piece_role_available_not_used_as_direct_share;variant_a_assist_team_share_over_cap;variant_a_goal_team_share_over_cap;variant_a_sot_team_share_over_cap
alvaro_fidalgo__mex,Alvaro Fidalgo,MEX,MID,2500000,0.8834,True,True,True,distributed_from_existing_optimizer_ev,0.506231,0.831369,lower_mid,0.6441155905438647,2.887117276802826,1.5494099133584234,high,high_priority_offensive_starter;legacy_aggregate_round_context;variant_a_assist_team_share_over_cap;variant_a_goal_team_share_over_cap;variant_a_sot_team_share_over_cap
baris_alper_yilmaz__tur,Baris Alper Yilmaz,TUR,FWD,3000000,0.3506,True,True,True,distributed_from_existing_optimizer_ev,0.442454,0.542006,upper_mid,0.6383645102594111,1.3844779918573884,0.7283178042112703,high,legacy_aggregate_round_context;variant_a_assist_team_share_over_cap;variant_a_goal_team_share_over_cap;variant_a_sot_team_share_over_cap
sphephelo_yaya_sithole__rsa,Sphephelo Yaya Sithole,RSA,MID,3000000,0.8032,True,True,True,distributed_from_existing_optimizer_ev,0.276811,1.079829,upper_mid,0.6379905615231375,1.3620020370123442,0.22651400732225438,low,goal_no_team_residual;high_priority_offensive_starter;legacy_aggregate_round_context;no_transfermarkt_usage_match;sot_no_team_residual;variant_a_assist_team_share_over_cap;variant_a_goal_team_share_over_cap;variant_a_sot_team_share_over_cap
evann_guessand__civ,Evann Guessand,CIV,FWD,3000000,0.3765,True,True,True,distributed_from_existing_optimizer_ev,0.17099,0.209463,upper_mid,0.6375733155440618,1.3882224762447883,1.0639313579452854,medium,legacy_aggregate_round_context;match_1_assist_position_rate;match_1_goal_position_rate;match_1_sot_position_rate;match_2_assist_position_rate;match_2_goal_position_rate;match_2_sot_position_rate;match_3_assist_position_rate;match_3_goal_position_rate;match_3_sot_position_rate;variant_a_assist_team_share_over_cap;variant_a_goal_team_share_over_cap;variant_a_sot_team_share_over_cap
don_deedson_louicius__hai,Don Deedson Louicius,HAI,FWD,3000000,0.3745,True,True,True,distributed_from_existing_optimizer_ev,0.150481,0.184339,upper_mid,0.6363265075943276,0.824642886289242,0.42631120574880293,high,legacy_aggregate_round_context;variant_a_assist_team_share_over_cap;variant_a_goal_team_share_over_cap;variant_a_sot_team_share_over_cap
jose_fajardo__pan,Jose Fajardo,PAN,FWD,3000000,0.3516,True,True,True,distributed_from_existing_optimizer_ev,0.317517,0.388958,upper_mid,0.6347243469458101,0.9034173537688486,0.6374576369591954,high,legacy_aggregate_round_context;variant_a_assist_team_share_over_cap;variant_a_goal_team_share_over_cap
maghnes_akliouche__fra,Maghnes Akliouche,FRA,FWD,3500000,0.292,True,True,True,distributed_from_existing_optimizer_ev,0.499131,0.611435,upper_mid,0.6341103953427737,1.315261383458268,1.3937389178244117,high,legacy_aggregate_round_context
zizo__egy,Ahmed Zizo,EGY,MID,3000000,0.7866,True,True,True,distributed_from_existing_optimizer_ev,0.307734,1.096837,upper_mid,0.6334484260992033,2.0464635028831415,1.5066220508695465,high,high_priority_offensive_starter;legacy_aggregate_round_context;no_transfermarkt_usage_match;variant_a_assist_team_share_over_cap;variant_a_goal_team_share_over_cap
fredrik_aursnes__nor,Fredrik Aursnes,NOR,MID,3000000,0.7786,True,True,True,distributed_from_existing_optimizer_ev,0.444019,1.171793,upper_mid,0.6329781401845509,2.2341690964614784,0.9898589881369511,high,high_priority_offensive_starter;legacy_aggregate_round_context;variant_a_assist_team_share_over_cap;variant_a_goal_team_share_over_cap
jean_philippe_mateta__fra,Jean-Philippe Mateta,FRA,FWD,3500000,0.3032,True,True,True,distributed_from_existing_optimizer_ev,0.345339,0.42304,upper_mid,0.6326202367816305,1.4312417558373633,1.5199562433447724,high,legacy_aggregate_round_context
ar_jany_martha__cuw,Ar'jany Martha,CUW,FWD,2000000,0.0484,True,True,True,distributed_from_existing_optimizer_ev,0.0,0.0,budget,0.6306738461538461,0.2492867742967277,0.16828814468609196,low,goal_no_team_residual;legacy_aggregate_round_context;set_piece_role_available_not_used_as_direct_share;variant_a_assist_team_share_over_cap;variant_a_goal_team_share_over_cap;variant_a_sot_team_share_over_cap
mohanad_ali__irq,Mohanad Ali,IRQ,FWD,3000000,0.342,True,True,True,distributed_from_existing_optimizer_ev,0.218176,0.267266,upper_mid,0.628711432082769,0.7748519501715646,0.9951255243966131,high,legacy_aggregate_round_context
tomas_chory__cze,Tomas Chory,CZE,FWD,3000000,0.3391,True,True,True,distributed_from_existing_optimizer_ev,0.18936,0.231966,upper_mid,0.6269326468325854,1.2345743602328054,1.144584272295682,medium,legacy_aggregate_round_context;match_1_assist_position_rate;match_1_goal_position_rate;match_1_sot_position_rate;match_2_assist_position_rate;match_2_goal_position_rate;match_2_sot_position_rate;match_3_assist_position_rate;match_3_goal_position_rate;match_3_sot_position_rate
bara_sapoko_ndiaye__sen,Bara Sapoko Ndiaye,SEN,MID,2000000,0.8851,True,True,True,distributed_from_existing_optimizer_ev,0.346013,0.412499,budget,0.6223034780777985,2.018554116211588,0.7717504218077795,high,high_priority_offensive_starter;legacy_aggregate_round_context;variant_a_assist_team_share_over_cap;variant_a_goal_team_share_over_cap;variant_a_sot_team_share_over_cap
kamaldeen_sulemana__gha,Kamaldeen Sulemana,GHA,FWD,3000000,0.3121,True,True,True,distributed_from_existing_optimizer_ev,0.292106,0.35783,upper_mid,0.622072968269671,0.8960490777426577,0.7734047324543902,high,legacy_aggregate_round_context
dominique_simon__hai,Dominique Simon,HAI,MID,2000000,0.8851,True,True,True,distributed_from_existing_optimizer_ev,0.265426,0.368176,budget,0.621162399079388,1.1030754562067386,0.47859260079075394,high,high_priority_offensive_starter;legacy_aggregate_round_context;variant_a_assist_team_share_over_cap;variant_a_goal_team_share_over_cap;variant_a_sot_team_share_over_cap
borja_iglesias__esp,Borja Iglesias,ESP,FWD,3500000,0.2425,True,True,True,distributed_from_existing_optimizer_ev,0.498602,0.610787,upper_mid,0.6192437128259998,1.1968197301083878,1.1844726846318674,high,legacy_aggregate_round_context
yunus_akgun__tur,Yunus Akgün,TUR,FWD,2500000,0.3377,True,True,True,distributed_from_existing_optimizer_ev,0.281153,0.344412,lower_mid,0.617869065357641,1.3206805295451445,0.6836227806382111,high,legacy_aggregate_round_context;variant_a_assist_team_share_over_cap;variant_a_goal_team_share_over_cap;variant_a_sot_team_share_over_cap
sontje_hansen__cuw,Sontje Hansen,CUW,FWD,2000000,0.377,True,True,True,distributed_from_existing_optimizer_ev,0.166568,0.204046,budget,0.6145069338354037,0.7525539812253446,0.18378263090330504,low,goal_no_team_residual;legacy_aggregate_round_context;variant_a_assist_team_share_over_cap;variant_a_goal_team_share_over_cap;variant_a_sot_team_share_over_cap
garry_mendes_rodrigues__cpv,Garry Mendes Rodrigues,CPV,FWD,2500000,0.3371,True,True,True,distributed_from_existing_optimizer_ev,0.166762,0.204283,lower_mid,0.6140814968499075,0.8151782192016488,0.5374063447854157,high,legacy_aggregate_round_context;variant_a_assist_team_share_over_cap;variant_a_goal_team_share_over_cap;variant_a_sot_team_share_over_cap
yousef_qashi__jor,Yousef Qashi,JOR,MID,2000000,0.8559,True,True,True,distributed_from_existing_optimizer_ev,0.280039,0.376213,budget,0.612609308627709,1.1495400668063809,1.0524061610769615,high,high_priority_offensive_starter;legacy_aggregate_round_context
armando_gonzalez__mex,Armando Gonzalez,MEX,FWD,2500000,0.3162,True,True,True,distributed_from_existing_optimizer_ev,0.308979,0.378499,lower_mid,0.6122966223781229,1.4508077859524142,0.8136032652165971,high,legacy_aggregate_round_context;variant_a_assist_team_share_over_cap;variant_a_goal_team_share_over_cap;variant_a_sot_team_share_over_cap
kadir_barria__pan,Kadir Barria,PAN,FWD,2000000,0.3598,True,True,True,distributed_from_existing_optimizer_ev,0.298446,0.289336,budget,0.6115426928718956,0.8595027890207547,0.5864807211635047,high,legacy_aggregate_round_context;variant_a_assist_team_share_over_cap;variant_a_goal_team_share_over_cap
nicolas_pepe__civ,Nicolas Pepe,CIV,FWD,2500000,0.3296,True,True,True,distributed_from_existing_optimizer_ev,0.110415,0.135258,lower_mid,0.6100544741333657,0.8453885402749038,0.6617762260463613,medium,legacy_aggregate_round_context;match_1_assist_position_rate;match_1_goal_position_rate;match_1_sot_position_rate;match_2_assist_position_rate;match_2_goal_position_rate;match_2_sot_position_rate;match_3_assist_position_rate;match_3_goal_position_rate;match_3_sot_position_rate;variant_a_assist_team_share_over_cap;variant_a_goal_team_share_over_cap;variant_a_sot_team_share_over_cap
houssem_aouar__alg,Houssem Aouar,ALG,MID,2500000,0.7734,True,True,True,distributed_from_existing_optimizer_ev,0.28476,0.70956,lower_mid,0.6079796635597393,1.6077472233228096,0.2238736995375596,low,assist_no_team_residual;high_priority_offensive_starter;legacy_aggregate_round_context;variant_a_assist_team_share_over_cap;variant_a_goal_team_share_over_cap;variant_a_sot_team_share_over_cap
oumar_diakite__civ,Oumar Diakite,CIV,FWD,2500000,0.3193,True,True,True,distributed_from_existing_optimizer_ev,0.132395,0.162184,lower_mid,0.6076576738967211,0.7966171738400921,0.6242000626504272,medium,legacy_aggregate_round_context;match_1_assist_position_rate;match_1_goal_position_rate;match_1_sot_position_rate;match_2_assist_position_rate;match_2_goal_position_rate;match_2_sot_position_rate;match_3_assist_position_rate;match_3_goal_position_rate;match_3_sot_position_rate;variant_a_assist_team_share_over_cap;variant_a_goal_team_share_over_cap;variant_a_sot_team_share_over_cap
assane_diao_diaoune__sen,Assane Diao Diaoune,SEN,FWD,2500000,0.3025,True,True,True,distributed_from_existing_optimizer_ev,0.271062,0.332051,lower_mid,0.6069908360523288,0.9466047022682954,0.4600684767411828,high,legacy_aggregate_round_context;variant_a_assist_team_share_over_cap;variant_a_goal_team_share_over_cap;variant_a_sot_team_share_over_cap
saleh_al_shamat__ksa,Saleh Al-Shamat,KSA,MID,2500000,0.7644,True,True,True,distributed_from_existing_optimizer_ev,0.274085,0.703689,lower_mid,0.6051285168684128,1.265779796521194,1.3650137694870428,medium,high_priority_offensive_starter;legacy_aggregate_round_context;no_transfermarkt_usage_match
ricardo_pepi__usa,Ricardo Pepi,USA,FWD,2500000,0.2917,True,True,True,distributed_from_existing_optimizer_ev,0.290907,0.356361,lower_mid,0.604376687877597,1.0859649022798061,0.7116315409998483,high,legacy_aggregate_round_context;variant_a_assist_team_share_over_cap;variant_a_goal_team_share_over_cap;variant_a_sot_team_share_over_cap
petar_musa__cro,Petar Musa,CRO,FWD,2500000,0.2925,True,True,True,distributed_from_existing_optimizer_ev,0.219474,0.268856,lower_mid,0.6023639044975028,1.0128514800404391,0.1870950011391039,low,assist_no_team_residual;legacy_aggregate_round_context;sot_no_team_residual;variant_a_assist_team_share_over_cap;variant_a_goal_team_share_over_cap;variant_a_sot_team_share_over_cap
marco_pasalic__cro,Marco Pasalic,CRO,FWD,3000000,0.2672,True,True,True,distributed_from_existing_optimizer_ev,0.015875,0.076231,upper_mid,0.6013533077125469,1.087680404514559,0.21345748792512484,low,assist_no_team_residual;legacy_aggregate_round_context;sot_no_team_residual;variant_a_assist_team_share_over_cap;variant_a_goal_team_share_over_cap;variant_a_sot_team_share_over_cap
mojmir_chytil__cze,Mojmir Chytil,CZE,FWD,2500000,0.2882,True,True,True,distributed_from_existing_optimizer_ev,0.20005,0.245061,lower_mid,0.60046131115393,0.699879221792779,0.6532684802429748,medium,legacy_aggregate_round_context;match_1_assist_position_rate;match_1_goal_position_rate;match_1_sot_position_rate;match_2_assist_position_rate;match_2_goal_position_rate;match_2_sot_position_rate;match_3_assist_position_rate;match_3_goal_position_rate;match_3_sot_position_rate
mateo_kovacic__cro,Mateo Kovacic,CRO,MID,4000000,0.6537,True,True,True,distributed_from_existing_optimizer_ev,0.354792,0.43462,premium,0.5996068210735516,2.0812745425102324,0.3076190918218421,low,assist_no_team_residual;legacy_aggregate_round_context;sot_no_team_residual;variant_a_assist_team_share_over_cap;variant_a_goal_team_share_over_cap;variant_a_sot_team_share_over_cap
cecilio_waterman__pan,Cecilio Waterman,PAN,FWD,2000000,0.3173,True,True,True,distributed_from_existing_optimizer_ev,0.324089,0.288652,budget,0.5987750835486344,0.7705006676382159,0.5148214284204944,high,legacy_aggregate_round_context;variant_a_assist_team_share_over_cap;variant_a_goal_team_share_over_cap
rayan_elloumi__tun,Rayan Elloumi,TUN,FWD,2000000,0.3107,True,True,True,distributed_from_existing_optimizer_ev,0.404204,0.330419,budget,0.5978703592864366,0.7397672903688053,0.25039013196387594,high,legacy_aggregate_round_context;variant_a_assist_team_share_over_cap;variant_a_goal_team_share_over_cap;variant_a_sot_team_share_over_cap
abdullah_al_hamdan__ksa,Abdullah Al-Hamdan,KSA,FWD,2500000,0.2763,True,True,True,distributed_from_existing_optimizer_ev,0.182964,0.224131,lower_mid,0.5963524761599824,0.6678062301168947,0.7353353256005252,medium,legacy_aggregate_round_context
anthony_valencia__ecu,Anthony Valencia,ECU,FWD,2000000,0.3076,True,True,True,distributed_from_existing_optimizer_ev,0.351416,0.300307,budget,0.5961651371489428,1.0945255194943617,0.17134905920024152,low,assist_no_team_residual;goal_no_team_residual;legacy_aggregate_round_context;sot_no_team_residual;variant_a_assist_team_share_over_cap;variant_a_goal_team_share_over_cap;variant_a_sot_team_share_over_cap
pape_cherif_ndiaye__sen,Pape Cherif Ndiaye,SEN,FWD,3000000,0.238,True,True,True,distributed_from_existing_optimizer_ev,0.094223,0.119323,upper_mid,0.5937026950780119,0.8626322756077722,0.4430956603596646,high,legacy_aggregate_round_context;variant_a_assist_team_share_over_cap;variant_a_goal_team_share_over_cap;variant_a_sot_team_share_over_cap
lawrence_shankland__sco,Lawrence Shankland,SCO,FWD,2500000,0.2632,True,True,True,distributed_from_existing_optimizer_ev,0.220625,0.270266,lower_mid,0.5936102044182608,0.8171628953716059,0.4460053262912466,high,legacy_aggregate_round_context;variant_a_assist_team_share_over_cap;variant_a_goal_team_share_over_cap;variant_a_sot_team_share_over_cap
gabriel_avalos__par,Gabriel Avalos,PAR,FWD,2000000,0.301,True,True,True,distributed_from_existing_optimizer_ev,0.312937,0.276847,budget,0.5935811682546281,0.8467669578044037,0.188170848440217,low,goal_no_team_residual;legacy_aggregate_round_context;sot_no_team_residual;variant_a_assist_team_share_over_cap;variant_a_goal_team_share_over_cap;variant_a_sot_team_share_over_cap
nuno_da_costa__cpv,Nuno da Costa,CPV,FWD,2500000,0.2764,True,True,True,distributed_from_existing_optimizer_ev,0.016835,0.076759,lower_mid,0.5925884393359012,0.6236263379562214,0.40528594480382585,high,legacy_aggregate_round_context;variant_a_assist_team_share_over_cap;variant_a_goal_team_share_over_cap;variant_a_sot_team_share_over_cap
awer_mabil__aus,Awer Mabil,AUS,FWD,2000000,0.2953,True,True,True,distributed_from_existing_optimizer_ev,0.231852,0.230267,budget,0.59067198363838,0.6893284601416401,0.5266903346731617,high,legacy_aggregate_round_context;variant_a_assist_team_share_over_cap;variant_a_goal_team_share_over_cap
yassin_fortune__hai,Yassin Fortune,HAI,FWD,2000000,0.302,True,True,True,distributed_from_existing_optimizer_ev,0.119466,0.146346,budget,0.5905214689930355,0.605681670982286,0.3021451424067788,high,legacy_aggregate_round_context;variant_a_assist_team_share_over_cap;variant_a_goal_team_share_over_cap;variant_a_sot_team_share_over_cap
jordy_caicedo__ecu,Jordy Caicedo,ECU,FWD,2500000,0.2489,True,True,True,distributed_from_existing_optimizer_ev,0.101936,0.124872,lower_mid,0.5855770904617393,0.8232454373892455,0.1523642672015121,low,assist_no_team_residual;goal_no_team_residual;legacy_aggregate_round_context;sot_no_team_residual;variant_a_assist_team_share_over_cap;variant_a_goal_team_share_over_cap;variant_a_sot_team_share_over_cap
shahriar_moghanlou__irn,Shahriar Moghanlou,IRN,FWD,2000000,0.2657,True,True,True,distributed_from_existing_optimizer_ev,0.257825,0.234253,budget,0.5818946017122393,0.8089009293282816,0.38582552357680133,high,legacy_aggregate_round_context
weston_mckennie__usa,Weston McKennie,USA,MID,3500000,0.6238,True,True,True,distributed_from_existing_optimizer_ev,0.437093,0.535439,premium,0.581693906847789,2.0806889152465953,1.330673524685609,high,legacy_aggregate_round_context;variant_a_assist_team_share_over_cap;variant_a_goal_team_share_over_cap;variant_a_sot_team_share_over_cap
bazoumana_toure__civ,Bazoumana Toure,CIV,FWD,2000000,0.2658,True,True,True,distributed_from_existing_optimizer_ev,0.021822,0.079502,budget,0.5779405953028576,0.6598363753310544,0.5212234154338851,medium,legacy_aggregate_round_context;match_1_assist_position_rate;match_1_goal_position_rate;match_1_sot_position_rate;match_2_assist_position_rate;match_2_goal_position_rate;match_2_sot_position_rate;match_3_assist_position_rate;match_3_goal_position_rate;match_3_sot_position_rate;variant_a_assist_team_share_over_cap;variant_a_goal_team_share_over_cap;variant_a_sot_team_share_over_cap
mohamed_zeki_amdouni__sui,Mohamed Zeki Amdouni,SUI,FWD,3500000,0.1126,True,True,True,distributed_from_existing_optimizer_ev,0.570332,0.51038,upper_mid,0.5776887722986571,0.6745967092899594,0.5929774848238607,high,legacy_aggregate_round_context
janner_corozo__ecu,Janner Corozo,ECU,FWD,2000000,0.2545,True,True,True,distributed_from_existing_optimizer_ev,0.162239,0.177784,budget,0.5770808285028165,0.8825923293354533,0.1640427368908978,low,assist_no_team_residual;goal_no_team_residual;legacy_aggregate_round_context;sot_no_team_residual;variant_a_assist_team_share_over_cap;variant_a_goal_team_share_over_cap;variant_a_sot_team_share_over_cap
in_beom_hwang__kor,In-beom Hwang,KOR,MID,2500000,0.6855,True,True,True,distributed_from_existing_optimizer_ev,0.376839,0.461628,lower_mid,0.5752267472807437,1.4135719552302004,0.9819946927043662,high,legacy_aggregate_round_context;variant_a_assist_team_share_over_cap
guillermo_martinez__mex,Guillermo Martínez,MEX,FWD,2000000,0.2456,True,True,True,distributed_from_existing_optimizer_ev,0.179147,0.183986,budget,0.5745704966649027,1.0621903230369383,0.6009526680864455,high,legacy_aggregate_round_context;variant_a_assist_team_share_over_cap;variant_a_goal_team_share_over_cap;variant_a_sot_team_share_over_cap
kwasi_sibo__gha,Kwasi Sibo,GHA,MID,2500000,0.6695,True,True,True,distributed_from_existing_optimizer_ev,0.422525,0.517593,lower_mid,0.5718675451993425,1.1820800983568804,1.0276858096922543,high,legacy_aggregate_round_context
dong_gyeong_lee__kor,Dong-gyeong Lee,KOR,MID,2000000,0.7198,True,True,True,distributed_from_existing_optimizer_ev,0.274245,0.373027,budget,0.5716972862535704,1.4985444314355119,1.030418205764879,high,high_priority_offensive_starter;legacy_aggregate_round_context;variant_a_assist_team_share_over_cap
nicolas_raskin__bel,Nicolas Raskin,BEL,MID,2500000,0.6577,True,True,True,distributed_from_existing_optimizer_ev,0.478862,0.586606,lower_mid,0.5701042589803884,2.2623779369052186,1.9932344598040463,high,legacy_aggregate_round_context
jacen_russell_rowe__can,Jacen Russell-Rowe,CAN,FWD,2000000,0.2257,True,True,True,distributed_from_existing_optimizer_ev,0.019055,0.07798,budget,0.5658714119841386,0.8985478610723878,0.2550412539062086,high,legacy_aggregate_round_context;variant_a_assist_team_share_over_cap;variant_a_goal_team_share_over_cap;variant_a_sot_team_share_over_cap
igor_thiago__bra,Igor Thiago,BRA,FWD,4000000,0.047,True,True,True,distributed_from_existing_optimizer_ev,0.482282,0.359293,premium,0.5656575557324586,0.4199138652615263,0.3569491943110683,high,legacy_aggregate_round_context;variant_a_goal_team_share_over_cap;variant_a_sot_team_share_over_cap
xaver_schlager__aut,Xaver Schlager,AUT,MID,2500000,0.6421,True,True,True,distributed_from_existing_optimizer_ev,0.471824,0.577984,lower_mid,0.5652022888266468,1.5719075170451857,0.3781808072452711,high,legacy_aggregate_round_context;variant_a_assist_team_share_over_cap;variant_a_goal_team_share_over_cap;variant_a_sot_team_share_over_cap
rodri_hernandez__esp,Rodri Hernandez,ESP,MID,5000000,0.382,True,True,True,distributed_from_existing_optimizer_ev,0.911093,1.116089,premium,0.5587179077668325,1.41279589775486,1.381652854523355,high,legacy_aggregate_round_context
lukas_cerv__cze,Lukas Cerv,CZE,MID,3000000,0.6096,True,True,True,distributed_from_existing_optimizer_ev,0.20339,0.249153,upper_mid,0.5585251196964637,1.4541094356870157,1.3383036876380578,medium,legacy_aggregate_round_context;match_1_assist_position_rate;match_1_goal_position_rate;match_1_sot_position_rate;match_2_assist_position_rate;match_2_goal_position_rate;match_2_sot_position_rate;match_3_assist_position_rate;match_3_goal_position_rate;match_3_sot_position_rate
adalberto_carrasquilla__pan,Adalberto Carrasquilla,PAN,MID,2500000,0.6226,True,True,True,distributed_from_existing_optimizer_ev,0.39496,0.483826,lower_mid,0.5569282264587488,0.9160350399300522,0.583056187081109,high,legacy_aggregate_round_context;variant_a_assist_team_share_over_cap;variant_a_goal_team_share_over_cap
musab_al_juwayr__ksa,Musab Al-Juwayr,KSA,MID,2500000,0.6246,True,True,True,distributed_from_existing_optimizer_ev,0.34537,0.423078,lower_mid,0.5559642920004442,0.9512062835363634,1.0224476403460596,medium,legacy_aggregate_round_context
kevin_lenini__cpv,Kevin Lenini Pina,CPV,MID,2000000,0.6738,True,True,True,distributed_from_existing_optimizer_ev,0.200757,0.245927,budget,0.5546251444604163,1.0017789423501733,0.6087512527459485,high,legacy_aggregate_round_context;variant_a_assist_team_share_over_cap;variant_a_goal_team_share_over_cap;variant_a_sot_team_share_over_cap
hakim_ziyech__mar,Hakim Ziyech,MAR,MID,2500000,0.6195,True,True,True,distributed_from_existing_optimizer_ev,0.320326,0.392399,lower_mid,0.5536444726607731,1.5512578482484416,0.17155824070827883,low,assist_no_team_residual;goal_no_team_residual;legacy_aggregate_round_context;sot_no_team_residual;variant_a_assist_team_share_over_cap;variant_a_goal_team_share_over_cap;variant_a_sot_team_share_over_cap
jose_luis_rodriguez_francis__pan,Jose Luis Rodriguez Francis,PAN,MID,2500000,0.6131,True,True,True,distributed_from_existing_optimizer_ev,0.345736,0.423527,lower_mid,0.5525258513369125,0.9069995338199642,0.5786326667122659,high,legacy_aggregate_round_context;variant_a_assist_team_share_over_cap;variant_a_goal_team_share_over_cap
hans_vanaken__bel,Hans Vanaken,BEL,MID,4000000,0.5081,True,True,True,distributed_from_existing_optimizer_ev,0.22873,0.280194,premium,0.5519511816671815,1.9518826643118667,1.7544556263500264,high,legacy_aggregate_round_context
victor_munoz__esp,Victor Munoz,ESP,FWD,3000000,0.0424,True,True,True,distributed_from_existing_optimizer_ev,1.125473,0.677025,upper_mid,0.5493805237351774,0.4020864913997573,0.3997024265188108,high,legacy_aggregate_round_context
mohamed_rabie_hrimat__mar,Mohamed Rabie Hrimat,MAR,MID,2000000,0.6387,True,True,True,distributed_from_existing_optimizer_ev,0.32926,0.383827,budget,0.5476453281998023,1.706472019763285,0.13974719429529664,low,assist_no_team_residual;goal_no_team_residual;legacy_aggregate_round_context;sot_no_team_residual;variant_a_assist_team_share_over_cap;variant_a_goal_team_share_over_cap;variant_a_sot_team_share_over_cap
ivan_toney__eng,Ivan Toney,ENG,FWD,3500000,0.043,True,True,True,distributed_from_existing_optimizer_ev,0.119897,0.141059,upper_mid,0.5473007417778898,0.3899465208828261,0.37990512571654544,high,legacy_aggregate_round_context
german_berterame__mex,German Berterame,MEX,FWD,3000000,0.0704,True,True,True,distributed_from_existing_optimizer_ev,0.281884,0.251363,upper_mid,0.5468220153169426,0.5124166959326737,0.38257077378210724,high,legacy_aggregate_round_context;variant_a_assist_team_share_over_cap;variant_a_goal_team_share_over_cap;variant_a_sot_team_share_over_cap
themba_zwane__rsa,Themba Zwane,RSA,MID,2500000,0.6009,True,True,True,distributed_from_existing_optimizer_ev,0.249194,0.305263,lower_mid,0.5458211890471752,0.877029614416219,0.16852139128393698,low,goal_no_team_residual;legacy_aggregate_round_context;sot_no_team_residual;variant_a_assist_team_share_over_cap;variant_a_goal_team_share_over_cap;variant_a_sot_team_share_over_cap
ibrahim_sangare__civ,Ibrahim Sangare,CIV,MID,3000000,0.1733,True,True,True,distributed_from_existing_optimizer_ev,0.135157,0.165567,upper_mid,0.5454832295003773,0.6311105723562053,0.5224853137451708,medium,legacy_aggregate_round_context;match_1_assist_position_rate;match_1_goal_position_rate;match_1_sot_position_rate;match_2_assist_position_rate;match_2_goal_position_rate;match_2_sot_position_rate;match_3_assist_position_rate;match_3_goal_position_rate;match_3_sot_position_rate;set_piece_role_available_not_used_as_direct_share;variant_a_assist_team_share_over_cap;variant_a_goal_team_share_over_cap;variant_a_sot_team_share_over_cap
habib_diarra__sen,Habib Diarra,SEN,MID,2500000,0.5911,True,True,True,distributed_from_existing_optimizer_ev,0.253786,0.310888,lower_mid,0.5430260025608376,1.2630920807952295,0.5230911601257344,high,legacy_aggregate_round_context;variant_a_assist_team_share_over_cap;variant_a_goal_team_share_over_cap;variant_a_sot_team_share_over_cap
pablo_gavi__esp,Pablo Gavi,ESP,MID,4000000,0.4034,True,True,True,distributed_from_existing_optimizer_ev,0.876671,1.073922,premium,0.5409754111022466,1.597409950875058,1.560717696662125,high,legacy_aggregate_round_context
tahith_chong__cuw,Tahith Chong,CUW,MID,2000000,0.6207,True,True,True,distributed_from_existing_optimizer_ev,0.24101,0.295237,budget,0.5399646119019619,0.8648769135649428,0.13450939124042377,low,goal_no_team_residual;legacy_aggregate_round_context;variant_a_assist_team_share_over_cap;variant_a_goal_team_share_over_cap;variant_a_sot_team_share_over_cap
angelo_stiller__ger,Angelo Stiller,GER,MID,2500000,0.5523,True,True,True,distributed_from_existing_optimizer_ev,0.428735,0.5252,lower_mid,0.5369033845590633,1.8508987609333882,2.2126981183284897,high,legacy_aggregate_round_context
christian_fassnacht__sui,Christian Fassnacht,SUI,FWD,3000000,0.043,True,True,True,distributed_from_existing_optimizer_ev,0.157647,0.145542,upper_mid,0.5358776933917391,0.37612389663386536,0.34938032970255184,high,legacy_aggregate_round_context
goncalo_guedes__por,Goncalo Guedes,POR,FWD,2500000,0.0694,True,True,True,distributed_from_existing_optimizer_ev,0.389571,0.272375,lower_mid,0.53552449983165,0.49076810210187516,0.2808752583814343,high,legacy_aggregate_round_context
nasser_al_dawsari__ksa,Nasser Al-Dawsari,KSA,MID,2500000,0.5671,True,True,True,distributed_from_existing_optimizer_ev,0.224873,0.275469,lower_mid,0.5349141537003204,0.8341945773872136,0.8969501295068398,medium,legacy_aggregate_round_context
aidan_morris__usa,Aidan Morris,USA,MID,2500000,0.5477,True,True,True,distributed_from_existing_optimizer_ev,0.383333,0.469583,lower_mid,0.5340915457698433,1.3485224073204565,0.8461253448945638,high,legacy_aggregate_round_context;variant_a_assist_team_share_over_cap;variant_a_goal_team_share_over_cap;variant_a_sot_team_share_over_cap
derrick_etienne__hai,Derrick Etienne Jr.,HAI,FWD,2000000,0.114,True,True,True,distributed_from_existing_optimizer_ev,0.179519,0.138401,budget,0.5339169279501825,0.3509686227531503,0.2349098418288443,high,legacy_aggregate_round_context;variant_a_assist_team_share_over_cap;variant_a_goal_team_share_over_cap;variant_a_sot_team_share_over_cap
samu_costa__por,Samu Costa,POR,MID,2500000,0.5461,True,True,True,distributed_from_existing_optimizer_ev,0.357928,0.438462,lower_mid,0.5328103473060766,1.6883376275782371,0.6342890102507577,high,legacy_aggregate_round_context
anis_ben_slimane__tun,Anis Ben Slimane,TUN,MID,2500000,0.5497,True,True,True,distributed_from_existing_optimizer_ev,0.278504,0.341167,lower_mid,0.5313855240506481,0.744990328968138,0.21885518745846616,high,legacy_aggregate_round_context;variant_a_assist_team_share_over_cap;variant_a_goal_team_share_over_cap;variant_a_sot_team_share_over_cap
danilo_dos_santos__bra,Danilo dos Santos,BRA,MID,3000000,0.515,True,True,True,distributed_from_existing_optimizer_ev,0.22607,0.276936,upper_mid,0.5308603826031452,1.930566138949077,1.3705920143264163,high,legacy_aggregate_round_context;no_transfermarkt_usage_match;variant_a_goal_team_share_over_cap;variant_a_sot_team_share_over_cap
vladimir_darida__cze,Vladimir Darida,CZE,MID,2000000,0.5945,True,True,True,distributed_from_existing_optimizer_ev,0.195958,0.240049,budget,0.5306838175567171,1.0644520238114026,0.9770677967662936,medium,legacy_aggregate_round_context;match_1_assist_position_rate;match_1_goal_position_rate;match_1_sot_position_rate;match_2_assist_position_rate;match_2_goal_position_rate;match_2_sot_position_rate;match_3_assist_position_rate;match_3_goal_position_rate;match_3_sot_position_rate
jassem_gaber__qat,Jassem Gaber,QAT,MID,2500000,0.56,True,True,True,distributed_from_existing_optimizer_ev,0.144018,0.176422,lower_mid,0.5302342258625033,0.6756916921394598,0.533630381435511,high,legacy_aggregate_round_context
lennart_karl__ger,Lennart Karl,GER,MID,5000000,0.3187,True,True,True,distributed_from_existing_optimizer_ev,0.597283,0.731672,premium,0.529831236392332,1.2440185951544156,1.447244976093887,high,legacy_aggregate_round_context
liam_millar__can,Liam Millar,CAN,MID,3000000,0.5104,True,True,True,distributed_from_existing_optimizer_ev,0.222846,0.272986,upper_mid,0.5293786913357733,1.508490424418388,0.35580749210852664,high,legacy_aggregate_round_context;variant_a_assist_team_share_over_cap;variant_a_goal_team_share_over_cap;variant_a_sot_team_share_over_cap
gilson_benchimol_tavares__cpv,Gilson Benchimol Tavares,CPV,FWD,2500000,0.063,True,True,True,distributed_from_existing_optimizer_ev,0.080907,0.097251,lower_mid,0.5290959981842515,0.2975130658154991,0.24581689910213436,high,legacy_aggregate_round_context;variant_a_assist_team_share_over_cap;variant_a_goal_team_share_over_cap;variant_a_sot_team_share_over_cap
simon_banza__cod,Simon Banza,COD,FWD,2500000,0.062,True,True,True,distributed_from_existing_optimizer_ev,0.088295,0.100477,lower_mid,0.5288790503433759,0.3128062003204054,0.21457411755593433,low,assist_no_team_residual;legacy_aggregate_round_context;variant_a_assist_team_share_over_cap;variant_a_goal_team_share_over_cap;variant_a_sot_team_share_over_cap
mohammed_waad__qat,Mohammed Waad,QAT,MID,2500000,0.5569,True,True,True,distributed_from_existing_optimizer_ev,0.119673,0.146599,lower_mid,0.5285364439215338,0.675513456000659,0.5331416463185759,high,legacy_aggregate_round_context
seko_fofana__civ,Seko Fofana,CIV,MID,2500000,0.5514,True,True,True,distributed_from_existing_optimizer_ev,0.134368,0.164601,lower_mid,0.5273498986545027,0.8289791554663865,0.6398843054996944,medium,legacy_aggregate_round_context;match_1_assist_position_rate;match_1_goal_position_rate;match_1_sot_position_rate;match_2_assist_position_rate;match_2_goal_position_rate;match_2_sot_position_rate;match_3_assist_position_rate;match_3_goal_position_rate;match_3_sot_position_rate;variant_a_assist_team_share_over_cap;variant_a_goal_team_share_over_cap;variant_a_sot_team_share_over_cap
endrick__bra,Endrick,BRA,FWD,2500000,0.0451,True,True,True,distributed_from_existing_optimizer_ev,0.36398,0.237953,lower_mid,0.52734831836191,0.3839363119308379,0.31457467609637935,high,legacy_aggregate_round_context;variant_a_goal_team_share_over_cap;variant_a_sot_team_share_over_cap
jin_gyu_kim__kor,Jin-gyu Kim,KOR,MID,2500000,0.5357,True,True,True,distributed_from_existing_optimizer_ev,0.272451,0.333752,lower_mid,0.5269946276588603,0.9383107271765754,0.6575263826658401,high,legacy_aggregate_round_context;variant_a_assist_team_share_over_cap
christopher_bonsu_baah__gha,Christopher Bonsu Baah,GHA,FWD,2500000,0.0526,True,True,True,distributed_from_existing_optimizer_ev,0.107169,0.102987,lower_mid,0.5261236693512501,0.29918211752009566,0.2788624193867447,high,legacy_aggregate_round_context
nishan_velupillay__aus,Nishan Velupillay,AUS,FWD,2500000,0.0502,True,True,True,distributed_from_existing_optimizer_ev,0.144968,0.121767,lower_mid,0.5258871534021977,0.2774433306198113,0.24983706729291605,high,legacy_aggregate_round_context;variant_a_assist_team_share_over_cap;variant_a_goal_team_share_over_cap
maximilian_beier__ger,Maximilian Beier,GER,FWD,2500000,0.043,True,True,True,distributed_from_existing_optimizer_ev,0.296284,0.198962,lower_mid,0.5257145097021391,0.3724323498439802,0.42189145436222153,high,legacy_aggregate_round_context
kento_shiogai__jpn,Kento Shiogai,JPN,FWD,2500000,0.047,True,True,True,distributed_from_existing_optimizer_ev,0.124333,0.107738,lower_mid,0.5245659820629675,0.3163377056883765,0.34746413583802993,high,legacy_aggregate_round_context
amine_adli__mar,Amine Adli,MAR,FWD,2500000,0.043,True,True,True,distributed_from_existing_optimizer_ev,0.189123,0.140023,lower_mid,0.5241971472698281,0.3098345872812808,0.1767078076340813,low,assist_no_team_residual;goal_no_team_residual;legacy_aggregate_round_context;sot_no_team_residual;variant_a_assist_team_share_over_cap;variant_a_goal_team_share_over_cap;variant_a_sot_team_share_over_cap
matias_fernandez_pardo__bel,Matias Fernandez-Pardo,BEL,FWD,2500000,0.0456,True,True,True,distributed_from_existing_optimizer_ev,0.03944,0.059875,lower_mid,0.5229137670932921,0.3841559897834531,0.36238113219367085,high,legacy_aggregate_round_context
ange_yoan_bonny__civ,Ange-Yoan Bonny,CIV,FWD,2500000,0.0456,True,True,True,distributed_from_existing_optimizer_ev,0.0,0.0,lower_mid,0.5213723076923077,0.27365900241931296,0.24812016501937734,medium,legacy_aggregate_round_context;match_1_assist_position_rate;match_1_goal_position_rate;match_1_sot_position_rate;match_2_assist_position_rate;match_2_goal_position_rate;match_2_sot_position_rate;match_3_assist_position_rate;match_3_goal_position_rate;match_3_sot_position_rate;variant_a_assist_team_share_over_cap;variant_a_goal_team_share_over_cap;variant_a_sot_team_share_over_cap
amin_chiakha__alg,Amin Chiakha,ALG,FWD,2500000,0.043,True,True,True,distributed_from_existing_optimizer_ev,0.0,0.0,lower_mid,0.5205923076923077,0.27574366062916916,0.18356364983837636,low,assist_no_team_residual;legacy_aggregate_round_context;variant_a_assist_team_share_over_cap;variant_a_goal_team_share_over_cap;variant_a_sot_team_share_over_cap
alphonso_davies__can,Alphonso Davies,CAN,DEF,4000000,0.892,True,True,True,distributed_from_existing_optimizer_ev,2.843284,3.089248,premium,0.5194392225218413,3.242445772131479,2.6563719606207177,high,legacy_aggregate_round_context;variant_a_assist_team_share_over_cap;variant_a_goal_team_share_over_cap;variant_a_sot_team_share_over_cap
jun_ho_bae__kor,Jun-ho Bae,KOR,MID,2500000,0.5038,True,True,True,distributed_from_existing_optimizer_ev,0.206735,0.25325,lower_mid,0.5153521338851977,0.8536933181466654,0.5998490380780866,high,legacy_aggregate_round_context;variant_a_assist_team_share_over_cap
hamza_abdelkarim__egy,Hamza Abdelkarim,EGY,FWD,2000000,0.0456,True,True,True,distributed_from_existing_optimizer_ev,0.352897,0.20996,budget,0.5152391875455903,0.28903567553582854,0.25393796334794216,high,legacy_aggregate_round_context;variant_a_assist_team_share_over_cap;variant_a_goal_team_share_over_cap
ahmed_nadhir_benbouali__alg,Ahmed Nadhir Benbouali,ALG,FWD,2000000,0.047,True,True,True,distributed_from_existing_optimizer_ev,0.318348,0.191445,budget,0.5151825258201752,0.28356941098302646,0.17538826236549915,low,assist_no_team_residual;legacy_aggregate_round_context;variant_a_assist_team_share_over_cap;variant_a_goal_team_share_over_cap;variant_a_sot_team_share_over_cap
cedric_itten__sui,Cedric Itten,SUI,FWD,2000000,0.043,True,True,True,distributed_from_existing_optimizer_ev,0.27193,0.164523,budget,0.5132894290353185,0.34309185800972286,0.310039055713028,high,legacy_aggregate_round_context
bamba_dieng__sen,Bamba Dieng,SEN,FWD,2000000,0.043,True,True,True,distributed_from_existing_optimizer_ev,0.22895,0.140884,budget,0.5126808518531912,0.28373385553865416,0.21005768830621718,high,legacy_aggregate_round_context;variant_a_assist_team_share_over_cap;variant_a_goal_team_share_over_cap;variant_a_sot_team_share_over_cap
fares_ghedjemis__alg,Fares Ghedjemis,ALG,FWD,2000000,0.047,True,True,True,distributed_from_existing_optimizer_ev,0.106099,0.074708,budget,0.5121771755722803,0.28356941098302646,0.17538826236549915,low,assist_no_team_residual;legacy_aggregate_round_context;variant_a_assist_team_share_over_cap;variant_a_goal_team_share_over_cap;variant_a_sot_team_share_over_cap
jan_kliment__cze,Jan Kliment,CZE,FWD,2000000,0.043,True,True,True,distributed_from_existing_optimizer_ev,0.179423,0.113644,budget,0.5119795682776953,0.25138017384807765,0.24394067059807745,medium,legacy_aggregate_round_context;match_1_assist_position_rate;match_1_goal_position_rate;match_1_sot_position_rate;match_2_assist_position_rate;match_2_goal_position_rate;match_2_sot_position_rate;match_3_assist_position_rate;match_3_goal_position_rate;match_3_sot_position_rate
daniel_nana_agyei__gha,Daniel Nana Agyei,GHA,FWD,2000000,0.043,True,True,True,distributed_from_existing_optimizer_ev,0.107552,0.074115,budget,0.5109619090098622,0.26413323062881644,0.24659216330260075,high,legacy_aggregate_round_context
ross_stewart__sco,Ross Stewart,SCO,FWD,2000000,0.0386,True,True,True,distributed_from_existing_optimizer_ev,0.190211,0.118047,budget,0.510772921860034,0.27454245429777485,0.2164622008420672,high,legacy_aggregate_round_context;variant_a_assist_team_share_over_cap;variant_a_goal_team_share_over_cap;variant_a_sot_team_share_over_cap
raul_florucz__aut,Raul Florucz,AUT,FWD,2000000,0.0476,True,True,True,distributed_from_existing_optimizer_ev,0.0,0.0,budget,0.5104338461538462,0.3079338824318939,0.18873900843446884,high,legacy_aggregate_round_context;variant_a_assist_team_share_over_cap;variant_a_goal_team_share_over_cap;variant_a_sot_team_share_over_cap
findlay_curtis__sco,Findlay Curtis,SCO,FWD,2000000,0.047,True,True,True,distributed_from_existing_optimizer_ev,0.0,0.0,budget,0.5102538461538462,0.29501810013751983,0.22464838369687098,high,legacy_aggregate_round_context;variant_a_assist_team_share_over_cap;variant_a_goal_team_share_over_cap;variant_a_sot_team_share_over_cap
aribim_pepple__can,Aribim Pepple,CAN,FWD,2000000,0.0464,True,True,True,distributed_from_existing_optimizer_ev,0.0,0.0,budget,0.5100738461538461,0.326390222572967,0.18806938226396724,high,legacy_aggregate_round_context;variant_a_assist_team_share_over_cap;variant_a_goal_team_share_over_cap;variant_a_sot_team_share_over_cap
ante_suto__aus,Ante Suto,AUS,FWD,2000000,0.0464,True,True,True,distributed_from_existing_optimizer_ev,0.0,0.0,budget,0.5100738461538461,0.2592447486586556,0.23254375118934167,high,legacy_aggregate_round_context;variant_a_assist_team_share_over_cap;variant_a_goal_team_share_over_cap
lenny_joseph__hai,Lenny Joseph,HAI,FWD,2000000,0.0456,True,True,True,distributed_from_existing_optimizer_ev,0.0,0.0,budget,0.5098338461538462,0.24237153764013827,0.19234887169764778,high,legacy_aggregate_round_context;variant_a_assist_team_share_over_cap;variant_a_goal_team_share_over_cap;variant_a_sot_team_share_over_cap
aqtay_abdallah__egy,Aqtay Abdallah,EGY,FWD,2000000,0.0456,True,True,True,distributed_from_existing_optimizer_ev,0.0,0.0,budget,0.5098338461538462,0.28903567553582854,0.25393796334794216,high,legacy_aggregate_round_context;variant_a_assist_team_share_over_cap;variant_a_goal_team_share_over_cap
marco_grull__aut,Marco Grüll,AUT,FWD,2000000,0.0436,True,True,True,distributed_from_existing_optimizer_ev,0.000647,0.015526,budget,0.5096335571961791,0.29690458480752013,0.18746952251946433,high,legacy_aggregate_round_context;variant_a_assist_team_share_over_cap;variant_a_goal_team_share_over_cap;variant_a_sot_team_share_over_cap
thapelo_maseko__rsa,Thapelo Maseko,RSA,FWD,2000000,0.043,True,True,True,distributed_from_existing_optimizer_ev,0.0,0.0,budget,0.5090538461538462,0.25299634998142423,0.17168115695840847,low,goal_no_team_residual;legacy_aggregate_round_context;sot_no_team_residual;variant_a_assist_team_share_over_cap;variant_a_goal_team_share_over_cap;variant_a_sot_team_share_over_cap
ferdi_kadioglu__tur,Ferdi Kadioglu,TUR,DEF,3500000,0.918,True,True,True,distributed_from_existing_optimizer_ev,2.511736,2.817108,premium,0.5086946188308304,3.1387138149277845,2.7627003355339474,high,legacy_aggregate_round_context;variant_a_assist_team_share_over_cap;variant_a_goal_team_share_over_cap;variant_a_sot_team_share_over_cap
nico_paz__arg,Nico Paz,ARG,MID,5000000,0.2902,True,True,True,distributed_from_existing_optimizer_ev,0.184889,0.226489,premium,0.5082754896772175,1.1877487347613807,0.5990247793370037,high,legacy_aggregate_round_context;variant_a_assist_team_share_over_cap;variant_a_goal_team_share_over_cap;variant_a_sot_team_share_over_cap
bradley_barcola__fra,Bradley Barcola,FRA,MID,4000000,0.3263,True,True,True,distributed_from_existing_optimizer_ev,0.490616,0.601005,premium,0.5056703404461242,1.3055314634338062,1.364970224135727,high,legacy_aggregate_round_context
axel_witsel__bel,Axel Witsel,BEL,MID,3000000,0.3823,True,True,True,distributed_from_existing_optimizer_ev,0.458847,0.562088,upper_mid,0.4983915138116544,1.4311295728130555,1.2832868088637581,high,legacy_aggregate_round_context
reece_james__eng,Reece James,ENG,DEF,3500000,0.5367,True,True,True,distributed_from_existing_optimizer_ev,1.987694,2.193968,premium,0.4982621134257465,2.291444273363508,2.2331325685913495,high,legacy_aggregate_round_context;set_piece_role_available_not_used_as_direct_share
nico_o_reilly__eng,Nico O'Reilly,ENG,DEF,4000000,0.809,True,True,True,distributed_from_existing_optimizer_ev,2.956691,3.151622,premium,0.4961450177398287,3.3742664281280663,3.2725315524828518,high,legacy_aggregate_round_context
marcelo_flores__can,Marcelo Flores,CAN,MID,2000000,0.4638,True,True,True,distributed_from_existing_optimizer_ev,0.477029,0.409584,budget,0.49583843249694065,1.1780470255637496,0.23449039518845685,high,legacy_aggregate_round_context;variant_a_assist_team_share_over_cap;variant_a_goal_team_share_over_cap;variant_a_sot_team_share_over_cap
kees_smit__ned,Kees Smit,NED,MID,2000000,0.4638,True,True,True,distributed_from_existing_optimizer_ev,0.459579,0.399986,budget,0.4955913355895394,1.2993351526794372,1.8376770259131485,high,legacy_aggregate_round_context
matthew_garbett__nzl,Matthew Garbett,NZL,MID,2500000,0.4204,True,True,True,distributed_from_existing_optimizer_ev,0.337181,0.413047,lower_mid,0.4944460476705689,0.5877920282783192,0.24066325562286237,high,legacy_aggregate_round_context;variant_a_assist_team_share_over_cap;variant_a_goal_team_share_over_cap
pape_alassane_gueye__sen,Pape Alassane Gueye,SEN,MID,3000000,0.3786,True,True,True,distributed_from_existing_optimizer_ev,0.259693,0.318124,upper_mid,0.49100075220327444,0.9640074442277068,0.4848175724269642,high,legacy_aggregate_round_context;variant_a_assist_team_share_over_cap;variant_a_goal_team_share_over_cap;variant_a_sot_team_share_over_cap
giovanni_reyna__usa,Giovanni Reyna,USA,MID,3000000,0.3617,True,True,True,distributed_from_existing_optimizer_ev,0.418751,0.51297,upper_mid,0.49094698933804193,1.1816625566011574,0.7919914709756107,high,legacy_aggregate_round_context;variant_a_assist_team_share_over_cap;variant_a_goal_team_share_over_cap;variant_a_sot_team_share_over_cap
marcos_llorente__esp,Marcos Llorente,ESP,MID,3500000,0.2905,True,True,True,distributed_from_existing_optimizer_ev,0.690178,0.845468,premium,0.48968548708374354,1.2368189557327607,1.2100809397778094,high,legacy_aggregate_round_context
lucas_paqueta__bra,Lucas Paqueta,BRA,MID,5500000,0.1625,True,True,True,distributed_from_existing_optimizer_ev,0.420661,0.51531,premium,0.48893953945203317,0.8174716415858688,0.6419847170813875,high,legacy_aggregate_round_context;variant_a_goal_team_share_over_cap;variant_a_sot_team_share_over_cap
matheus_nunes__por,Matheus Nunes,POR,MID,4500000,0.2398,True,True,True,distributed_from_existing_optimizer_ev,0.250606,0.306992,premium,0.48368954765704314,1.0332826378292002,0.5223934399626942,high,legacy_aggregate_round_context
vladimir_coufal__cze,Vladimir Coufal,CZE,DEF,3000000,0.9098,True,True,True,distributed_from_existing_optimizer_ev,2.03408,2.359855,upper_mid,0.48292435043678134,2.7417049131632676,2.681690771018092,medium,legacy_aggregate_round_context;match_1_assist_position_rate;match_1_goal_position_rate;match_1_sot_position_rate;match_2_assist_position_rate;match_2_goal_position_rate;match_2_sot_position_rate;match_3_assist_position_rate;match_3_goal_position_rate;match_3_sot_position_rate
abdulkerim_bardakci__tur,Abdulkerim Bardakci,TUR,DEF,3000000,0.8871,True,True,True,distributed_from_existing_optimizer_ev,2.422394,2.573428,upper_mid,0.48161270715738985,2.8608660374670287,2.487446886720136,high,legacy_aggregate_round_context;variant_a_assist_team_share_over_cap;variant_a_goal_team_share_over_cap;variant_a_sot_team_share_over_cap
ladislav_krejci__cze,Ladislav Krejci,CZE,DEF,3000000,0.9051,True,True,True,distributed_from_existing_optimizer_ev,2.022835,2.353671,upper_mid,0.4813551456779389,2.7312998295719053,2.6717073291263036,medium,legacy_aggregate_round_context;match_1_assist_position_rate;match_1_goal_position_rate;match_1_sot_position_rate;match_2_assist_position_rate;match_2_goal_position_rate;match_2_sot_position_rate;match_3_assist_position_rate;match_3_goal_position_rate;match_3_sot_position_rate
yoel_barcenas__pan,Yoel Barcenas,PAN,MID,2000000,0.4187,True,True,True,distributed_from_existing_optimizer_ev,0.39496,0.35013,budget,0.48077781158293437,0.5857730429586776,0.3782168951162701,high,legacy_aggregate_round_context;variant_a_assist_team_share_over_cap;variant_a_goal_team_share_over_cap
pascal_gross__ger,Pascal Gross,GER,MID,3000000,0.3313,True,True,True,distributed_from_existing_optimizer_ev,0.376279,0.460942,upper_mid,0.4804875480066947,1.3835778386211846,1.6422580158209252,high,legacy_aggregate_round_context
johan_manzambi__sui,Johan Manzambi,SUI,MID,3000000,0.3089,True,True,True,distributed_from_existing_optimizer_ev,0.584147,0.71558,upper_mid,0.48032310773860043,1.1276372360846958,0.9553794046253251,high,legacy_aggregate_round_context
mehdi_ghayedi__irn,Mehdi Ghayedi,IRN,MID,3000000,0.3305,True,True,True,distributed_from_existing_optimizer_ev,0.347492,0.425678,upper_mid,0.47933968956299844,0.9741316036300189,0.4601587574428655,high,legacy_aggregate_round_context
zaid_ismail__irq,Zaid Ismail,IRQ,MID,2500000,0.3868,True,True,True,distributed_from_existing_optimizer_ev,0.171715,0.210351,lower_mid,0.4791477152322904,0.5249286522342329,0.6912207990004123,high,legacy_aggregate_round_context
jean_michael_seri__civ,Jean Michael Seri,CIV,MID,2500000,0.375,True,True,True,distributed_from_existing_optimizer_ev,0.149442,0.183066,lower_mid,0.47490527314868525,0.6569618280701748,0.5232693633334492,medium,legacy_aggregate_round_context;match_1_assist_position_rate;match_1_goal_position_rate;match_1_sot_position_rate;match_2_assist_position_rate;match_2_goal_position_rate;match_2_sot_position_rate;match_3_assist_position_rate;match_3_goal_position_rate;match_3_sot_position_rate;variant_a_assist_team_share_over_cap;variant_a_goal_team_share_over_cap;variant_a_sot_team_share_over_cap
kobbie_mainoo__eng,Kobbie Mainoo,ENG,MID,2500000,0.3467,True,True,True,distributed_from_existing_optimizer_ev,0.419745,0.504724,lower_mid,0.4746962376247075,1.2822339670384983,1.1520757611729069,high,legacy_aggregate_round_context
abdullah_al_khaibari__ksa,Abdullah Al-Khaibari,KSA,MID,2500000,0.3625,True,True,True,distributed_from_existing_optimizer_ev,0.226126,0.277004,lower_mid,0.4735736716991599,0.6235221952989645,0.6658902053784458,medium,legacy_aggregate_round_context
andy_robertson__sco,Andy Robertson,SCO,DEF,3000000,0.8728,True,True,True,distributed_from_existing_optimizer_ev,2.118921,2.406518,upper_mid,0.47302567185687544,2.5352160376653967,2.2332131803292046,high,legacy_aggregate_round_context;no_transfermarkt_usage_match;variant_a_assist_team_share_over_cap;variant_a_goal_team_share_over_cap;variant_a_sot_team_share_over_cap
julio_soler__arg,Julio Soler,ARG,DEF,3000000,0.8253,True,True,True,distributed_from_existing_optimizer_ev,3.082891,2.936701,upper_mid,0.4724250341882674,3.3103643339459476,2.629962834278251,high,legacy_aggregate_round_context;variant_a_assist_team_share_over_cap;variant_a_goal_team_share_over_cap;variant_a_sot_team_share_over_cap
michal_sadilek__cze,Michal Sadilek,CZE,MID,2500000,0.352,True,True,True,distributed_from_existing_optimizer_ev,0.206439,0.252888,lower_mid,0.469802814331074,0.645296622419894,0.6002265797664077,medium,legacy_aggregate_round_context;match_1_assist_position_rate;match_1_goal_position_rate;match_1_sot_position_rate;match_2_assist_position_rate;match_2_goal_position_rate;match_2_sot_position_rate;match_3_assist_position_rate;match_3_goal_position_rate;match_3_sot_position_rate
raul_rangel__mex,Raul Rangel,MEX,GK,4000000,0.9397,True,True,True,distributed_from_existing_optimizer_ev,4.03893,3.707816,premium,0.46967402350302034,3.307576522420056,3.349723099889726,high,legacy_aggregate_round_context;variant_a_assist_team_share_over_cap;variant_a_goal_team_share_over_cap;variant_a_sot_team_share_over_cap
abdulaziz_hatim_mohammed__qat,Abdulaziz Hatim Mohammed,QAT,MID,2500000,0.3565,True,True,True,distributed_from_existing_optimizer_ev,0.14379,0.176143,lower_mid,0.4691770431122257,0.5236973067073419,0.4289023822761274,high,legacy_aggregate_round_context
ayman_yahya_salem__ksa,Ayman Yahya Salem,KSA,MID,2500000,0.3433,True,True,True,distributed_from_existing_optimizer_ev,0.218006,0.267057,lower_mid,0.4675575899177554,0.6204306421919601,0.6642909784115143,medium,legacy_aggregate_round_context
mattias_svanberg__swe,Mattias Svanberg,SWE,MID,2500000,0.3301,True,True,True,distributed_from_existing_optimizer_ev,0.318193,0.389786,lower_mid,0.4667572019565598,0.718152028535756,0.4247072407867334,high,legacy_aggregate_round_context;variant_a_goal_team_share_over_cap;variant_a_sot_team_share_over_cap
tanner_tessmann__usa,Tanner Tessmann,USA,MID,2500000,0.318,True,True,True,distributed_from_existing_optimizer_ev,0.426368,0.485696,lower_mid,0.4655963689068464,0.946077258184927,0.6268378924421345,high,legacy_aggregate_round_context;variant_a_assist_team_share_over_cap;variant_a_goal_team_share_over_cap;variant_a_sot_team_share_over_cap
gael_kakuta__cod,Gaël Kakuta,COD,MID,2500000,0.3289,True,True,True,distributed_from_existing_optimizer_ev,0.196788,0.241065,lower_mid,0.4625684356338241,0.6078706268947347,0.2388219288787532,low,assist_no_team_residual;legacy_aggregate_round_context;variant_a_assist_team_share_over_cap;variant_a_goal_team_share_over_cap;variant_a_sot_team_share_over_cap
christ_inao_oulai__civ,Christ Inao Oulaï,CIV,MID,2000000,0.369,True,True,True,distributed_from_existing_optimizer_ev,0.18488,0.218811,budget,0.4624870532183771,0.5883492385599329,0.47000496119266433,medium,legacy_aggregate_round_context;match_1_assist_position_rate;match_1_goal_position_rate;match_1_sot_position_rate;match_2_assist_position_rate;match_2_goal_position_rate;match_2_sot_position_rate;match_3_assist_position_rate;match_3_goal_position_rate;match_3_sot_position_rate;variant_a_assist_team_share_over_cap;variant_a_goal_team_share_over_cap;variant_a_sot_team_share_over_cap
jens_castrop__kor,Jens Castrop,KOR,MID,2500000,0.3228,True,True,True,distributed_from_existing_optimizer_ev,0.171131,0.209635,lower_mid,0.45992928208104017,0.711913257215604,0.525035181426651,high,legacy_aggregate_round_context;variant_a_assist_team_share_over_cap
eberechi_eze__eng,Eberechi Eze,ENG,MID,3000000,0.2735,True,True,True,distributed_from_existing_optimizer_ev,0.239424,0.293294,upper_mid,0.45883151317318777,0.9794122483988429,0.9038675629033385,high,legacy_aggregate_round_context
issa_diop__mar,Issa Diop,MAR,DEF,2500000,0.8707,True,True,True,distributed_from_existing_optimizer_ev,2.42137,2.18378,lower_mid,0.4551229041128781,2.1739640031066414,1.4434120761747737,low,assist_no_team_residual;goal_no_team_residual;legacy_aggregate_round_context;sot_no_team_residual;variant_a_assist_team_share_over_cap;variant_a_goal_team_share_over_cap;variant_a_sot_team_share_over_cap
alisson_becker__bra,Alisson Becker,BRA,GK,5000000,0.7986,True,True,True,distributed_from_existing_optimizer_ev,3.840033,3.884306,premium,0.4549646153846154,3.56954306872997,3.631732909156804,high,legacy_aggregate_round_context;variant_a_goal_team_share_over_cap;variant_a_sot_team_share_over_cap
yannick_semedo__cpv,Yannick Semedo,CPV,MID,2000000,0.3444,True,True,True,distributed_from_existing_optimizer_ev,0.148197,0.181541,budget,0.45414755105763077,0.5367022079437122,0.3575859436100315,high,legacy_aggregate_round_context;variant_a_assist_team_share_over_cap;variant_a_goal_team_share_over_cap;variant_a_sot_team_share_over_cap
abdukodir_khusanov__uzb,Abdukodir Khusanov,UZB,DEF,3000000,0.8477,True,True,True,distributed_from_existing_optimizer_ev,1.250361,1.92881,upper_mid,0.45319725870404964,2.057597894807728,2.0070139838563943,medium,legacy_aggregate_round_context;variant_a_assist_team_share_over_cap
adam_karabec__cze,Adam Karabec,CZE,MID,2500000,0.2967,True,True,True,distributed_from_existing_optimizer_ev,0.19554,0.239536,lower_mid,0.4528690721027326,0.5478590594133309,0.5103924835966119,medium,legacy_aggregate_round_context;match_1_assist_position_rate;match_1_goal_position_rate;match_1_sot_position_rate;match_2_assist_position_rate;match_2_goal_position_rate;match_2_sot_position_rate;match_3_assist_position_rate;match_3_goal_position_rate;match_3_sot_position_rate
aaron_hickey__sco,Aaron Hickey,SCO,DEF,2500000,0.8702,True,True,True,distributed_from_existing_optimizer_ev,2.112184,2.013728,lower_mid,0.4505949792017099,1.9786024509460196,1.6170982050877258,high,legacy_aggregate_round_context;variant_a_assist_team_share_over_cap;variant_a_goal_team_share_over_cap;variant_a_sot_team_share_over_cap
salih_ozcan__tur,Salih Özcan,TUR,MID,2000000,0.3203,True,True,True,distributed_from_existing_optimizer_ev,0.337672,0.287388,budget,0.4496425423430753,0.8507123545563586,0.4439923275443689,high,legacy_aggregate_round_context;variant_a_assist_team_share_over_cap;variant_a_goal_team_share_over_cap;variant_a_sot_team_share_over_cap
lucas_bergvall__swe,Lucas Bergvall,SWE,MID,2500000,0.2777,True,True,True,distributed_from_existing_optimizer_ev,0.262541,0.321613,lower_mid,0.44928211366022064,0.5848612900454284,0.3517133933727642,high,legacy_aggregate_round_context;variant_a_goal_team_share_over_cap;variant_a_sot_team_share_over_cap
alex_kral__cze,Alex Kral,CZE,MID,2000000,0.3203,True,True,True,distributed_from_existing_optimizer_ev,0.171281,0.195873,budget,0.44728652301813027,0.5486911408337007,0.5098467656050876,medium,legacy_aggregate_round_context;match_1_assist_position_rate;match_1_goal_position_rate;match_1_sot_position_rate;match_2_assist_position_rate;match_2_goal_position_rate;match_2_sot_position_rate;match_3_assist_position_rate;match_3_goal_position_rate;match_3_sot_position_rate
ugurcan_cakir__tur,Ugurcan Cakir,TUR,GK,4000000,0.909,True,True,True,distributed_from_existing_optimizer_ev,3.039943,3.158373,premium,0.4463188197008483,3.213297431804054,3.2359472286700686,high,legacy_aggregate_round_context;variant_a_assist_team_share_over_cap;variant_a_goal_team_share_over_cap;variant_a_sot_team_share_over_cap
hiroki_ito__jpn,Hiroki Ito,JPN,DEF,2500000,0.8534,True,True,True,distributed_from_existing_optimizer_ev,2.157758,2.038794,lower_mid,0.4462002939632143,2.11546349364553,2.2485835864141377,high,legacy_aggregate_round_context
thibaut_courtois__bel,Thibaut Courtois,BEL,GK,4500000,0.8305,True,True,True,distributed_from_existing_optimizer_ev,3.553407,3.610947,premium,0.4459586289961549,3.4388430632306743,3.532510476455559,high,legacy_aggregate_round_context
sidny_lopes_cabral__cpv,Sidny Lopes Cabral,CPV,DEF,3000000,0.5168,True,True,True,distributed_from_existing_optimizer_ev,0.648175,0.794014,upper_mid,0.44471236162848454,1.5225532383966178,1.4403486264011962,high,legacy_aggregate_round_context;set_piece_role_available_not_used_as_direct_share;variant_a_assist_team_share_over_cap;variant_a_goal_team_share_over_cap;variant_a_sot_team_share_over_cap
kristian_thorstvedt__nor,Kristian Thorstvedt,NOR,MID,2000000,0.3007,True,True,True,distributed_from_existing_optimizer_ev,0.376071,0.302286,budget,0.44414608576112735,0.7815274235967993,0.38464512188667516,high,legacy_aggregate_round_context;variant_a_assist_team_share_over_cap;variant_a_goal_team_share_over_cap
david_alaba__aut,David Alaba,AUT,DEF,3000000,0.4441,True,True,True,distributed_from_existing_optimizer_ev,1.486607,1.60503,upper_mid,0.4437816641345178,1.5683162037447036,1.3462890259593348,high,legacy_aggregate_round_context;set_piece_role_available_not_used_as_direct_share;variant_a_assist_team_share_over_cap;variant_a_goal_team_share_over_cap;variant_a_sot_team_share_over_cap
juan_portilla__col,Juan Portilla,COL,MID,2500000,0.2666,True,True,True,distributed_from_existing_optimizer_ev,0.182103,0.223076,lower_mid,0.4434153155809756,0.88051624235655,0.7052777305783086,high,legacy_aggregate_round_context
abdelhamid_ait_boudlal__mar,Abdelhamid Ait Boudlal,MAR,DEF,2500000,0.8353,True,True,True,distributed_from_existing_optimizer_ev,2.324763,2.130647,lower_mid,0.4431350149712914,2.1878797475082097,1.5410387372907972,low,assist_no_team_residual;goal_no_team_residual;legacy_aggregate_round_context;sot_no_team_residual;variant_a_assist_team_share_over_cap;variant_a_goal_team_share_over_cap;variant_a_sot_team_share_over_cap
homam_al_amin__qat,Homam Al-Amin,QAT,DEF,2500000,0.8865,True,True,True,distributed_from_existing_optimizer_ev,1.067487,1.439145,lower_mid,0.4406925555358092,1.4512011390038828,1.3504180671007038,high,legacy_aggregate_round_context
matias_galarza_fonda__par,Matias Galarza Fonda,PAR,MID,2500000,0.2629,True,True,True,distributed_from_existing_optimizer_ev,0.084017,0.113709,lower_mid,0.4394897032167592,0.5483264541510683,0.15984951050912583,low,goal_no_team_residual;legacy_aggregate_round_context;sot_no_team_residual;variant_a_assist_team_share_over_cap;variant_a_goal_team_share_over_cap;variant_a_sot_team_share_over_cap
jules_kounde__fra,Jules Kounde,FRA,DEF,3500000,0.6814,True,True,True,distributed_from_existing_optimizer_ev,2.702044,2.88363,premium,0.43942720275187064,2.6412362851150117,2.6788049111124552,high,legacy_aggregate_round_context
khalil_ayari__tun,Khalil Ayari,TUN,MID,2000000,0.2989,True,True,True,distributed_from_existing_optimizer_ev,0.101447,0.124273,budget,0.4390232078931118,0.4918423189059259,0.1847933030593516,high,legacy_aggregate_round_context;variant_a_assist_team_share_over_cap;variant_a_goal_team_share_over_cap;variant_a_sot_team_share_over_cap
parfait_guiagon__civ,Parfait Guiagon,CIV,MID,2000000,0.2891,True,True,True,distributed_from_existing_optimizer_ev,0.070085,0.106047,budget,0.43561398636422094,0.4921284920353376,0.3910634085062359,medium,legacy_aggregate_round_context;match_1_assist_position_rate;match_1_goal_position_rate;match_1_sot_position_rate;match_2_assist_position_rate;match_2_goal_position_rate;match_2_sot_position_rate;match_3_assist_position_rate;match_3_goal_position_rate;match_3_sot_position_rate;variant_a_assist_team_share_over_cap;variant_a_goal_team_share_over_cap;variant_a_sot_team_share_over_cap
david_hoilett__can,David 'Junior' Hoilett,CAN,MID,2500000,0.25,True,True,True,distributed_from_existing_optimizer_ev,0.03645,0.087548,lower_mid,0.43494619809126184,0.7441268637792227,0.21638027810707317,high,legacy_aggregate_round_context;no_transfermarkt_usage_match;variant_a_assist_team_share_over_cap;variant_a_goal_team_share_over_cap;variant_a_sot_team_share_over_cap
everardo_lopez__mex,Everardo Lopez,MEX,DEF,2500000,0.7873,True,True,True,distributed_from_existing_optimizer_ev,2.74146,2.35983,lower_mid,0.4346352452827035,2.3419572066611574,1.9492714754627463,high,legacy_aggregate_round_context;variant_a_assist_team_share_over_cap;variant_a_goal_team_share_over_cap;variant_a_sot_team_share_over_cap
lucas_herrington__aus,Lucas Herrington,AUS,DEF,2000000,0.9119,True,True,True,distributed_from_existing_optimizer_ev,1.638741,1.350948,budget,0.43450349533699495,1.6825326160244345,1.4951409087740584,high,legacy_aggregate_round_context;variant_a_assist_team_share_over_cap;variant_a_goal_team_share_over_cap
liberato_cacace__nzl,Liberato Cacace,NZL,DEF,2500000,0.8505,True,True,True,distributed_from_existing_optimizer_ev,1.353453,1.596426,lower_mid,0.43394169584555825,1.4818979815021922,1.2254588699476248,high,legacy_aggregate_round_context;variant_a_assist_team_share_over_cap;variant_a_goal_team_share_over_cap
ime_okon__rsa,Ime Okon,RSA,DEF,2000000,0.9119,True,True,True,distributed_from_existing_optimizer_ev,1.576447,1.316686,budget,0.43362143300719913,1.6851487484977121,1.1468300452183224,low,goal_no_team_residual;legacy_aggregate_round_context;sot_no_team_residual;variant_a_assist_team_share_over_cap;variant_a_goal_team_share_over_cap;variant_a_sot_team_share_over_cap
diney_borges__cpv,Diney Borges,CPV,DEF,3000000,0.7912,True,True,True,distributed_from_existing_optimizer_ev,1.061042,1.824684,upper_mid,0.4335665739176296,2.0484018422255885,1.9182128933090452,high,legacy_aggregate_round_context;variant_a_assist_team_share_over_cap;variant_a_goal_team_share_over_cap;variant_a_sot_team_share_over_cap
mortadha_ben_ouanes__tun,Mortadha Ben Ouanes,TUN,MID,2000000,0.275,True,True,True,distributed_from_existing_optimizer_ev,0.162025,0.176403,budget,0.43319527517617346,0.48097135805620006,0.17174837893671016,high,legacy_aggregate_round_context;variant_a_assist_team_share_over_cap;variant_a_goal_team_share_over_cap;variant_a_sot_team_share_over_cap
lucas_ramon_romero__par,Lucas Ramon Romero,PAR,MID,2000000,0.2739,True,True,True,distributed_from_existing_optimizer_ev,0.168421,0.179572,budget,0.4329468598916928,0.5752280469539464,0.13005239902200333,low,goal_no_team_residual;legacy_aggregate_round_context;sot_no_team_residual;variant_a_assist_team_share_over_cap;variant_a_goal_team_share_over_cap;variant_a_sot_team_share_over_cap
robin_hranac__cze,Robin Hranac,CZE,DEF,2500000,0.8244,True,True,True,distributed_from_existing_optimizer_ev,1.832316,1.859801,lower_mid,0.43289218636304067,1.7626775529705347,1.7298700427219291,medium,legacy_aggregate_round_context;match_1_assist_position_rate;match_1_goal_position_rate;match_1_sot_position_rate;match_2_assist_position_rate;match_2_goal_position_rate;match_2_sot_position_rate;match_3_assist_position_rate;match_3_goal_position_rate;match_3_sot_position_rate
abdulrahman_al_obood__ksa,Abdulrahman Al-Obood,KSA,MID,2500000,0.25,True,True,True,distributed_from_existing_optimizer_ev,0.0,0.0,lower_mid,0.4326923076923077,0.44188545892912395,0.4698534433875159,medium,legacy_aggregate_round_context;no_transfermarkt_usage_match
leo_pereira__bra,Leo Pereira,BRA,DEF,3000000,0.7,True,True,True,distributed_from_existing_optimizer_ev,2.850774,2.809037,upper_mid,0.43154837242680993,2.7479615134918935,2.458711081337859,high,legacy_aggregate_round_context;variant_a_goal_team_share_over_cap;variant_a_sot_team_share_over_cap
stepan_chaloupek__cze,Stepan Chaloupek,CZE,DEF,2000000,0.8822,True,True,True,distributed_from_existing_optimizer_ev,1.968047,1.532066,budget,0.4302563102645522,1.8357798226011008,1.7903709934900907,medium,legacy_aggregate_round_context;match_1_assist_position_rate;match_1_goal_position_rate;match_1_sot_position_rate;match_2_assist_position_rate;match_2_goal_position_rate;match_2_sot_position_rate;match_3_assist_position_rate;match_3_goal_position_rate;match_3_sot_position_rate
thelo_aasgaard__nor,Thelo Aasgaard,NOR,MID,2000000,0.2564,True,True,True,distributed_from_existing_optimizer_ev,0.190233,0.186014,budget,0.4278627067636951,0.6673404925658374,0.3259906837439238,high,legacy_aggregate_round_context;variant_a_assist_team_share_over_cap;variant_a_goal_team_share_over_cap
pedro_ro_ro_miguel_correia__qat,Pedro 'Ro-Ro' Miguel Correia,QAT,DEF,2500000,0.8455,True,True,True,distributed_from_existing_optimizer_ev,1.011524,1.408365,lower_mid,0.4276001359890485,1.4345473090531211,1.351746370504827,high,legacy_aggregate_round_context;no_transfermarkt_usage_match
carlos_andres_gomez__col,Carlos Andres Gomez,COL,MID,2000000,0.2535,True,True,True,distributed_from_existing_optimizer_ev,0.190935,0.185479,budget,0.42697893338950677,0.8114464083235766,0.6423098504516056,high,legacy_aggregate_round_context
nabil_dunga_emad__egy,Nabil 'Dunga' Emad,EGY,MID,2000000,0.2557,True,True,True,distributed_from_existing_optimizer_ev,0.044668,0.092067,budget,0.4252340765115986,0.6039063034969925,0.45943538699428504,high,legacy_aggregate_round_context;variant_a_assist_team_share_over_cap;variant_a_goal_team_share_over_cap
ardon_jashari__sui,Ardon Jashari,SUI,MID,2000000,0.2426,True,True,True,distributed_from_existing_optimizer_ev,0.26186,0.221028,budget,0.4246241290512286,0.8309101823067161,0.6974316011739902,high,legacy_aggregate_round_context
yassine_titraoui__alg,Yassine Titraoui,ALG,MID,2000000,0.2481,True,True,True,distributed_from_existing_optimizer_ev,0.142007,0.156855,budget,0.4246220192534938,0.5311060217271928,0.13256258075061378,low,assist_no_team_residual;legacy_aggregate_round_context;variant_a_assist_team_share_over_cap;variant_a_goal_team_share_over_cap;variant_a_sot_team_share_over_cap
alisher_odilov__uzb,Alisher Odilov,UZB,MID,2000000,0.2457,True,True,True,distributed_from_existing_optimizer_ev,0.155049,0.163266,budget,0.42406706804213196,0.4240198410113881,0.38244942917879293,medium,legacy_aggregate_round_context;variant_a_assist_team_share_over_cap
roberto_lopes__cpv,Roberto Lopes,CPV,DEF,2000000,0.8954,True,True,True,distributed_from_existing_optimizer_ev,1.219545,1.12039,budget,0.42361786616668756,1.7155283509482075,1.474748931993831,high,legacy_aggregate_round_context;variant_a_assist_team_share_over_cap;variant_a_goal_team_share_over_cap;variant_a_sot_team_share_over_cap
mohammad_taha__jor,Mohammad Taha,JOR,MID,2000000,0.25,True,True,True,distributed_from_existing_optimizer_ev,0.0,0.0,budget,0.42115384615384616,0.39995729615629494,0.3765243783606957,high,legacy_aggregate_round_context;no_transfermarkt_usage_match
odeh_al_fakhouri__jor,Odeh Al-Fakhouri,JOR,MID,2000000,0.25,True,True,True,distributed_from_existing_optimizer_ev,0.0,0.0,budget,0.42115384615384616,0.39995729615629494,0.3765243783606957,high,legacy_aggregate_round_context;no_transfermarkt_usage_match
nicolas_de_la_cruz__uru,Nicolas de la Cruz,URU,MID,3000000,0.1385,True,True,True,distributed_from_existing_optimizer_ev,0.376227,0.390454,upper_mid,0.42083286090428823,0.5931491363544787,0.4589504183208525,high,legacy_aggregate_round_context;variant_a_goal_team_share_over_cap;variant_a_sot_team_share_over_cap
antonee_robinson__usa,Antonee Robinson,USA,DEF,2000000,0.8279,True,True,True,distributed_from_existing_optimizer_ev,2.374839,1.755802,budget,0.4197263096054898,2.260147031814823,1.8850609467344919,high,legacy_aggregate_round_context;variant_a_assist_team_share_over_cap;variant_a_goal_team_share_over_cap;variant_a_sot_team_share_over_cap
wesley_franca__bra,Wesley Franca,BRA,DEF,3500000,0.6273,True,True,True,distributed_from_existing_optimizer_ev,2.411633,2.612949,premium,0.4162286220066873,2.5369861791108876,2.3568220778180256,high,legacy_aggregate_round_context;no_transfermarkt_usage_match;variant_a_goal_team_share_over_cap;variant_a_sot_team_share_over_cap
nawaf_al_boushal__ksa,Nawaf Al-Boushal,KSA,DEF,2500000,0.7982,True,True,True,distributed_from_existing_optimizer_ev,1.185288,1.503935,lower_mid,0.41587054976695376,1.5872609616206788,1.6146937144517974,medium,legacy_aggregate_round_context
jonathan_osorio__can,Jonathan Osorio,CAN,MID,3000000,0.1223,True,True,True,distributed_from_existing_optimizer_ev,0.373667,0.367579,upper_mid,0.41538395261539446,0.5600316322334924,0.2933535505564631,high,legacy_aggregate_round_context;variant_a_assist_team_share_over_cap;variant_a_goal_team_share_over_cap;variant_a_sot_team_share_over_cap
jayden_adams__rsa,Jayden Adams,RSA,MID,2000000,0.2299,True,True,True,distributed_from_existing_optimizer_ev,0.0,0.0,budget,0.4151238461538461,0.4188178133977135,0.13604599713559792,low,goal_no_team_residual;legacy_aggregate_round_context;sot_no_team_residual;variant_a_assist_team_share_over_cap;variant_a_goal_team_share_over_cap;variant_a_sot_team_share_over_cap
ahmad_assaf__jor,Ahmad Assaf,JOR,DEF,2500000,0.8005,True,True,True,distributed_from_existing_optimizer_ev,0.932338,1.364813,lower_mid,0.41297890609624394,1.4168151137720493,1.3867830018317533,high,legacy_aggregate_round_context
yeremy_pino__esp,Yeremy Pino,ESP,MID,3500000,0.059,True,True,True,distributed_from_existing_optimizer_ev,0.749729,0.507312,premium,0.41152978779022753,0.46718846668876707,0.46205097170523024,high,legacy_aggregate_round_context
han_beom_lee__kor,Han-beom Lee,KOR,DEF,2000000,0.8168,True,True,True,distributed_from_existing_optimizer_ev,1.924282,1.507995,budget,0.4100166114045756,1.9307131945084397,1.7229413642113864,high,legacy_aggregate_round_context;variant_a_assist_team_share_over_cap
takehiro_tomiyasu__jpn,Takehiro Tomiyasu,JPN,DEF,2000000,0.8016,True,True,True,distributed_from_existing_optimizer_ev,2.018134,1.559614,budget,0.40678552318444056,2.0387060144796143,2.20022367528462,high,legacy_aggregate_round_context
armando_obispo__cuw,Armando Obispo,CUW,DEF,2000000,0.8574,True,True,True,distributed_from_existing_optimizer_ev,0.733106,0.852849,budget,0.4053301235429087,1.623567110364639,1.1788529567133852,low,goal_no_team_residual;legacy_aggregate_round_context;variant_a_assist_team_share_over_cap;variant_a_goal_team_share_over_cap;variant_a_sot_team_share_over_cap
erick_sanchez__mex,Erick Sanchez,MEX,MID,3000000,0.0926,True,True,True,distributed_from_existing_optimizer_ev,0.340413,0.309933,upper_mid,0.4049898779827573,0.5512046684191274,0.41165257835433455,high,legacy_aggregate_round_context;variant_a_assist_team_share_over_cap;variant_a_goal_team_share_over_cap;variant_a_sot_team_share_over_cap
luka_vuskovic__cro,Luka Vuskovic,CRO,DEF,2000000,0.7872,True,True,True,distributed_from_existing_optimizer_ev,2.172352,1.644434,budget,0.40464918224734653,2.093064906637836,1.3380616955962135,low,assist_no_team_residual;legacy_aggregate_round_context;sot_no_team_residual;variant_a_assist_team_share_over_cap;variant_a_goal_team_share_over_cap;variant_a_sot_team_share_over_cap
djibril_sow__sui,Djibril Sow,SUI,MID,3000000,0.0871,True,True,True,distributed_from_existing_optimizer_ev,0.396703,0.333604,upper_mid,0.4039492789928735,0.5293148656216417,0.4815063438608441,high,legacy_aggregate_round_context
matej_kovar__cze,Matej Kovar,CZE,GK,3000000,0.9123,True,True,True,distributed_from_existing_optimizer_ev,2.531413,2.272882,upper_mid,0.4014352631970015,2.2765664548263063,2.2765664548263063,medium,legacy_aggregate_round_context;match_1_assist_missing_rate;match_1_goal_position_rate;match_1_sot_missing_rate;match_2_assist_missing_rate;match_2_goal_position_rate;match_2_sot_missing_rate;match_3_assist_missing_rate;match_3_goal_position_rate;match_3_sot_missing_rate
franco_mastantuono__arg,Franco Mastantuono,ARG,MID,3500000,0.046,True,True,True,distributed_from_existing_optimizer_ev,0.305867,0.242265,premium,0.4008062522603285,0.4064350032874713,0.28595778452990567,high,legacy_aggregate_round_context;variant_a_assist_team_share_over_cap;variant_a_goal_team_share_over_cap;variant_a_sot_team_share_over_cap
exequiel_palacios__arg,Exequiel Palacios,ARG,MID,3500000,0.0474,True,True,True,distributed_from_existing_optimizer_ev,0.266042,0.222614,premium,0.40072034464130984,0.41193665579743083,0.2887215499844032,high,legacy_aggregate_round_context;variant_a_assist_team_share_over_cap;variant_a_goal_team_share_over_cap;variant_a_sot_team_share_over_cap
yahia_fofana__civ,Yahia Fofana,CIV,GK,3000000,0.892,True,True,True,distributed_from_existing_optimizer_ev,2.516003,2.264407,upper_mid,0.39512707750308357,2.2564706477724323,2.2564706477724323,medium,legacy_aggregate_round_context;match_1_assist_missing_rate;match_1_goal_position_rate;match_1_sot_missing_rate;match_2_assist_missing_rate;match_2_goal_position_rate;match_2_sot_missing_rate;match_3_assist_missing_rate;match_3_goal_position_rate;match_3_sot_missing_rate;variant_a_assist_team_share_over_cap;variant_a_goal_team_share_over_cap;variant_a_sot_team_share_over_cap
jamie_leweling__ger,Jamie Leweling,GER,MID,3000000,0.0566,True,True,True,distributed_from_existing_optimizer_ev,0.302386,0.241314,upper_mid,0.3924233075838238,0.4389566622465024,0.4740520267141741,high,legacy_aggregate_round_context
yassine_bono_bounou__mar,Yassine 'Bono' Bounou,MAR,GK,3500000,0.7955,True,True,True,distributed_from_existing_optimizer_ev,2.716085,2.728402,upper_mid,0.3896609161565303,2.5299058670602665,2.5071931409042643,low,assist_no_team_residual;goal_no_team_residual;legacy_aggregate_round_context;no_transfermarkt_usage_match;sot_no_team_residual;variant_a_assist_team_share_over_cap;variant_a_goal_team_share_over_cap;variant_a_sot_team_share_over_cap
felix_feliz_torres__ecu,Felix 'Feliz' Torres,ECU,DEF,3000000,0.6165,True,True,True,distributed_from_existing_optimizer_ev,1.810522,2.088852,upper_mid,0.3879574799224604,2.0669809163987054,1.598554976914887,low,assist_no_team_residual;goal_no_team_residual;legacy_aggregate_round_context;no_transfermarkt_usage_match;sot_no_team_residual;variant_a_assist_team_share_over_cap;variant_a_goal_team_share_over_cap;variant_a_sot_team_share_over_cap
carlos_rodriguez__mex,Carlos Rodriguez,MEX,MID,2500000,0.0861,True,True,True,distributed_from_existing_optimizer_ev,0.147572,0.149176,lower_mid,0.3873627878192596,0.4013468754163533,0.30277164342190116,high,legacy_aggregate_round_context;variant_a_assist_team_share_over_cap;variant_a_goal_team_share_over_cap;variant_a_sot_team_share_over_cap
toni_fruk__cro,Toni Fruk,CRO,MID,3000000,0.0476,True,True,True,distributed_from_existing_optimizer_ev,0.129143,0.134104,upper_mid,0.38696322637497976,0.3520665277557702,0.25380411431722477,low,assist_no_team_residual;legacy_aggregate_round_context;sot_no_team_residual;variant_a_assist_team_share_over_cap;variant_a_goal_team_share_over_cap;variant_a_sot_team_share_over_cap
caleb_yirenkyi__gha,Caleb Yirenkyi,GHA,DEF,3000000,0.6441,True,True,True,distributed_from_existing_optimizer_ev,1.393736,1.707327,upper_mid,0.3864152620024509,1.7990069450142219,1.7489023554258862,high,legacy_aggregate_round_context
obed_vargas__mex,Obed Vargas,MEX,MID,2500000,0.0619,True,True,True,distributed_from_existing_optimizer_ev,0.362222,0.248118,lower_mid,0.38265001247148833,0.3266372489236888,0.25870254875615595,high,legacy_aggregate_round_context;variant_a_assist_team_share_over_cap;variant_a_goal_team_share_over_cap;variant_a_sot_team_share_over_cap
jin_seob_park__kor,Jin-seob Park,KOR,MID,2500000,0.0678,True,True,True,distributed_from_existing_optimizer_ev,0.080868,0.098034,lower_mid,0.38055615622535327,0.28404046616202105,0.2523674015789274,high,legacy_aggregate_round_context;variant_a_assist_team_share_over_cap
amir_hadziahmetovic__bih,Amir Hadziahmetovic,BIH,MID,2000000,0.0965,True,True,True,distributed_from_existing_optimizer_ev,0.31465,0.203688,budget,0.38034771725977856,0.3028297824625118,0.1920760711462834,high,legacy_aggregate_round_context;variant_a_assist_team_share_over_cap;variant_a_goal_team_share_over_cap;variant_a_sot_team_share_over_cap
cristian_roldan__usa,Cristian Roldan,USA,MID,2500000,0.0607,True,True,True,distributed_from_existing_optimizer_ev,0.190651,0.152806,lower_mid,0.37983624080674305,0.29814582887509233,0.25117804341986183,high,legacy_aggregate_round_context;variant_a_assist_team_share_over_cap;variant_a_goal_team_share_over_cap;variant_a_sot_team_share_over_cap
lionel_mpasi_nzau__cod,Lionel Mpasi Nzau,COD,GK,2500000,0.9494,True,True,True,distributed_from_existing_optimizer_ev,1.868782,1.391123,budget,0.3783262471708143,1.4469065052466625,1.4403086508914,low,assist_no_team_residual;legacy_aggregate_round_context;variant_a_assist_team_share_over_cap;variant_a_goal_team_share_over_cap;variant_a_sot_team_share_over_cap
evan_n_dicka__civ,Evan N'Dicka,CIV,DEF,2500000,0.6561,True,True,True,distributed_from_existing_optimizer_ev,1.536721,1.643789,lower_mid,0.3768410385029081,1.6449282833433942,1.5588744328631183,medium,legacy_aggregate_round_context;match_1_assist_position_rate;match_1_goal_position_rate;match_1_sot_position_rate;match_2_assist_position_rate;match_2_goal_position_rate;match_2_sot_position_rate;match_3_assist_position_rate;match_3_goal_position_rate;match_3_sot_position_rate;variant_a_assist_team_share_over_cap;variant_a_goal_team_share_over_cap;variant_a_sot_team_share_over_cap
irfan_can_kahveci__tur,Irfan Can Kahveci,TUR,MID,2000000,0.0853,True,True,True,distributed_from_existing_optimizer_ev,0.307182,0.196026,budget,0.37679046194570187,0.33597924991661227,0.24224771429860759,high,legacy_aggregate_round_context;variant_a_assist_team_share_over_cap;variant_a_goal_team_share_over_cap;variant_a_sot_team_share_over_cap
nadiem_amiri__ger,Nadiem Amiri,GER,MID,2500000,0.043,True,True,True,distributed_from_existing_optimizer_ev,0.371959,0.238544,lower_mid,0.37673353343507876,0.2884407255630283,0.30971550237088785,high,legacy_aggregate_round_context
torbjorn_heggem__nor,Torbjørn Heggem,NOR,DEF,2500000,0.6376,True,True,True,distributed_from_existing_optimizer_ev,1.899658,1.820887,lower_mid,0.3758503600393679,1.8313727784235527,1.541691289968137,high,legacy_aggregate_round_context;variant_a_assist_team_share_over_cap;variant_a_goal_team_share_over_cap
akam_hashem__irq,Akam Hashem,IRQ,DEF,2000000,0.7599,True,True,True,distributed_from_existing_optimizer_ev,0.705661,0.837754,budget,0.37569150843380045,1.5156761571256288,1.6421326554600726,high,goal_individual_cap;legacy_aggregate_round_context
alessandro_schopf__aut,Alessandro Schöpf,AUT,MID,2500000,0.043,True,True,True,distributed_from_existing_optimizer_ev,0.27281,0.184012,lower_mid,0.3753296275636052,0.2493074120909532,0.1923412211815484,high,legacy_aggregate_round_context;variant_a_assist_team_share_over_cap;variant_a_goal_team_share_over_cap;variant_a_sot_team_share_over_cap
luciano_valente__ned,Luciano Valente,NED,MID,2500000,0.0472,True,True,True,distributed_from_existing_optimizer_ev,0.168422,0.129916,lower_mid,0.3751969463484795,0.28193040883328646,0.3254615666870667,high,legacy_aggregate_round_context
emiliano_martinez_toranza__uru,Emiliano Martinez Toranza,URU,MID,2500000,0.0473,True,True,True,distributed_from_existing_optimizer_ev,0.137726,0.113112,lower_mid,0.3747943336758425,0.2685936598878062,0.2364833639317292,high,legacy_aggregate_round_context;variant_a_goal_team_share_over_cap;variant_a_sot_team_share_over_cap
ayoub_al_oui__qat,Ayoub Al-Oui,QAT,DEF,2500000,0.6897,True,True,True,distributed_from_existing_optimizer_ev,0.90562,1.109384,lower_mid,0.3731629823662392,1.4647283144990997,1.395353094234473,high,legacy_aggregate_round_context
sead_kolasinac__bih,Sead Kolasinac,BIH,DEF,2500000,0.645,True,True,True,distributed_from_existing_optimizer_ev,1.522429,1.622418,lower_mid,0.37296085012948954,1.6347278340678124,1.3203038610924498,high,legacy_aggregate_round_context;variant_a_assist_team_share_over_cap;variant_a_goal_team_share_over_cap;variant_a_sot_team_share_over_cap
hyun_jun_yang__kor,Hyun-Jun Yang,KOR,MID,2500000,0.043,True,True,True,distributed_from_existing_optimizer_ev,0.09181,0.084462,lower_mid,0.3727667501795886,0.23750391299945245,0.21937434147752238,high,legacy_aggregate_round_context;variant_a_assist_team_share_over_cap
guela_doue__civ,Guela Doue,CIV,DEF,3000000,0.6,True,True,True,distributed_from_existing_optimizer_ev,1.372706,1.681565,upper_mid,0.37252202898218945,1.9662386932858253,1.8315871178631027,medium,legacy_aggregate_round_context;match_1_assist_position_rate;match_1_goal_position_rate;match_1_sot_position_rate;match_2_assist_position_rate;match_2_goal_position_rate;match_2_sot_position_rate;match_3_assist_position_rate;match_3_goal_position_rate;match_3_sot_position_rate;variant_a_assist_team_share_over_cap;variant_a_goal_team_share_over_cap;variant_a_sot_team_share_over_cap
grady_diangana__cod,Grady Diangana,COD,MID,2500000,0.0448,True,True,True,distributed_from_existing_optimizer_ev,0.003101,0.037094,lower_mid,0.37208727879911546,0.23261087630873317,0.19445594203043914,low,assist_no_team_residual;legacy_aggregate_round_context;variant_a_assist_team_share_over_cap;variant_a_goal_team_share_over_cap;variant_a_sot_team_share_over_cap
jens_petter_hauge__nor,Jens Petter Hauge,NOR,MID,2500000,0.043,True,True,True,distributed_from_existing_optimizer_ev,0.042585,0.057388,lower_mid,0.3720697402117848,0.24676845760779353,0.20682079487593708,high,legacy_aggregate_round_context;variant_a_assist_team_share_over_cap;variant_a_goal_team_share_over_cap
mohammad_abu_shararh_zrayq__jor,Mohammad Abu 'Shararh' Zrayq,JOR,MID,2500000,0.0475,True,True,True,distributed_from_existing_optimizer_ev,0.0,0.0,lower_mid,0.3719423076923077,0.22357360460870732,0.21973834741315043,high,legacy_aggregate_round_context
alan_varela__arg,Alan Varela,ARG,MID,2500000,0.0452,True,True,True,distributed_from_existing_optimizer_ev,0.0,0.0,lower_mid,0.3712523076923077,0.2956084792770453,0.22250540282215459,high,legacy_aggregate_round_context;variant_a_assist_team_share_over_cap;variant_a_goal_team_share_over_cap;variant_a_sot_team_share_over_cap
jordan_bos__aus,Jordan Bos,AUS,DEF,3000000,0.6111,True,True,True,distributed_from_existing_optimizer_ev,1.166846,1.429386,upper_mid,0.36935977528230074,1.6656003035897016,1.5661352830188575,high,legacy_aggregate_round_context;variant_a_assist_team_share_over_cap;variant_a_goal_team_share_over_cap
dostonbek_khamdamov__uzb,Dostonbek Khamdamov,UZB,MID,2000000,0.0671,True,True,True,distributed_from_existing_optimizer_ev,0.155567,0.106861,budget,0.3690349424886869,0.2191489303906588,0.2088457391732551,medium,legacy_aggregate_round_context;variant_a_assist_team_share_over_cap
carl_sainte__hai,Carl Sainte,HAI,MID,2000000,0.0715,True,True,True,distributed_from_existing_optimizer_ev,0.051392,0.050961,budget,0.3689158179706907,0.1965846807181429,0.1588158398343622,high,legacy_aggregate_round_context;variant_a_assist_team_share_over_cap;variant_a_goal_team_share_over_cap;variant_a_sot_team_share_over_cap
vozinha__cpv,Vozinha,CPV,GK,2500000,0.9285,True,True,True,distributed_from_existing_optimizer_ev,1.550624,1.216136,budget,0.36755127253699293,1.4436190238136148,1.4567740230753323,high,legacy_aggregate_round_context;variant_a_assist_team_share_over_cap;variant_a_goal_team_share_over_cap;variant_a_sot_team_share_over_cap
ghislain_konan__civ,Ghislain Konan,CIV,DEF,2500000,0.6295,True,True,True,distributed_from_existing_optimizer_ev,1.453198,1.565474,lower_mid,0.3668448482233575,1.5788595377365657,1.4986403786783706,medium,legacy_aggregate_round_context;match_1_assist_position_rate;match_1_goal_position_rate;match_1_sot_position_rate;match_2_assist_position_rate;match_2_goal_position_rate;match_2_sot_position_rate;match_3_assist_position_rate;match_3_goal_position_rate;match_3_sot_position_rate;variant_a_assist_team_share_over_cap;variant_a_goal_team_share_over_cap;variant_a_sot_team_share_over_cap
tae_seok_lee__kor,Tae-Seok Lee,KOR,DEF,2500000,0.6257,True,True,True,distributed_from_existing_optimizer_ev,1.527174,1.601536,lower_mid,0.36663325087752535,1.6025860883076657,1.4828435368942117,high,legacy_aggregate_round_context;variant_a_assist_team_share_over_cap
haissem_hassan__egy,Haissem Hassan,EGY,MID,2000000,0.047,True,True,True,distributed_from_existing_optimizer_ev,0.357187,0.211371,budget,0.36569551321097293,0.24791727314377787,0.22667861374816572,high,legacy_aggregate_round_context;variant_a_assist_team_share_over_cap;variant_a_goal_team_share_over_cap
hossein_kanaani__irn,Hossein Kanaani,IRN,DEF,2500000,0.6257,True,True,True,distributed_from_existing_optimizer_ev,1.456262,1.562534,lower_mid,0.3656291590268833,1.6113206898932368,1.3517664212093203,high,legacy_aggregate_round_context
benjamin_asare__gha,Benjamin Asare,GHA,GK,3000000,0.8194,True,True,True,distributed_from_existing_optimizer_ev,1.948844,1.952469,upper_mid,0.36531635077867,2.1753866519361,2.20764941384537,high,legacy_aggregate_round_context
lachlan_bayliss__nzl,Lachlan Bayliss,NZL,MID,2000000,0.047,True,True,True,distributed_from_existing_optimizer_ev,0.329115,0.195932,budget,0.3652980419509847,0.19010738347620762,0.1586343430108636,high,legacy_aggregate_round_context;variant_a_assist_team_share_over_cap;variant_a_goal_team_share_over_cap
mostafa_ziko__egy,Mostafa Ziko,EGY,MID,2000000,0.0456,True,True,True,distributed_from_existing_optimizer_ev,0.352897,0.208568,budget,0.36520335102807594,0.24557719806499462,0.2249633578259816,high,legacy_aggregate_round_context;variant_a_assist_team_share_over_cap;variant_a_goal_team_share_over_cap
diego_moreira__bel,Diego Moreira,BEL,MID,2000000,0.0453,True,True,True,distributed_from_existing_optimizer_ev,0.280475,0.16864,budget,0.36408541965500696,0.29141253750735435,0.2766943481342934,high,legacy_aggregate_round_context
jorge_sanchez__mex,Jorge Sanchez,MEX,DEF,2500000,0.5913,True,True,True,distributed_from_existing_optimizer_ev,2.145645,1.899824,lower_mid,0.3639925634754515,1.8584940151242861,1.5961687243741196,high,legacy_aggregate_round_context;variant_a_assist_team_share_over_cap;variant_a_goal_team_share_over_cap;variant_a_sot_team_share_over_cap
khozhiakbar_alizhonov__uzb,Khozhiakbar Alizhonov,UZB,DEF,2500000,0.6488,True,True,True,distributed_from_existing_optimizer_ev,0.977696,1.197678,lower_mid,0.36316607825518304,1.4499454518646897,1.3946909838763093,medium,legacy_aggregate_round_context;variant_a_assist_team_share_over_cap
logan_costa__cpv,Logan Costa,CPV,DEF,2500000,0.6542,True,True,True,distributed_from_existing_optimizer_ev,0.918531,1.1252,lower_mid,0.3629201593497209,1.4682145105672502,1.331223680193538,high,legacy_aggregate_round_context;variant_a_assist_team_share_over_cap;variant_a_goal_team_share_over_cap;variant_a_sot_team_share_over_cap
mohammad_al_dawoud__jor,Mohammad Al-Dawoud,JOR,MID,2000000,0.043,True,True,True,distributed_from_existing_optimizer_ev,0.185549,0.115701,budget,0.3620325249706026,0.17377697388357252,0.17062949974106556,high,legacy_aggregate_round_context
adil_aouchiche__alg,Adil Aouchiche,ALG,MID,2000000,0.0464,True,True,True,distributed_from_existing_optimizer_ev,0.106099,0.073083,budget,0.36195534055722217,0.24141085108854476,0.17874123610338488,low,assist_no_team_residual;legacy_aggregate_round_context;variant_a_assist_team_share_over_cap;variant_a_goal_team_share_over_cap;variant_a_sot_team_share_over_cap
ermin_mahmic__bih,Ermin Mahmic,BIH,MID,2000000,0.0456,True,True,True,distributed_from_existing_optimizer_ev,0.117954,0.079349,budget,0.361876656375286,0.23583266564114846,0.18502068788640477,high,legacy_aggregate_round_context;variant_a_assist_team_share_over_cap;variant_a_goal_team_share_over_cap;variant_a_sot_team_share_over_cap
tyrese_noslin__cuw,Tyrese Noslin,CUW,MID,2000000,0.0482,True,True,True,distributed_from_existing_optimizer_ev,0.0,0.0,budget,0.3606138461538461,0.17989395564696967,0.143779719687809,low,goal_no_team_residual;legacy_aggregate_round_context;variant_a_assist_team_share_over_cap;variant_a_goal_team_share_over_cap;variant_a_sot_team_share_over_cap
jamshid_iskanderov__uzb,Jamshid Iskanderov,UZB,MID,2000000,0.0451,True,True,True,distributed_from_existing_optimizer_ev,0.03852,0.035502,budget,0.3605978318182093,0.20135534809313688,0.1947718916045712,medium,legacy_aggregate_round_context;variant_a_assist_team_share_over_cap
kevin_felida__cuw,Kevin Felida,CUW,MID,2000000,0.0479,True,True,True,distributed_from_existing_optimizer_ev,0.0,0.0,budget,0.36052384615384614,0.18003856178193123,0.14412582145882483,low,goal_no_team_residual;legacy_aggregate_round_context;variant_a_assist_team_share_over_cap;variant_a_goal_team_share_over_cap;variant_a_sot_team_share_over_cap
denis_visinsky__cze,Denis Visinsky,CZE,MID,2000000,0.0474,True,True,True,distributed_from_existing_optimizer_ev,0.0,0.0,budget,0.36037384615384616,0.22738701904709513,0.22247194177465907,medium,legacy_aggregate_round_context;match_1_assist_position_rate;match_1_goal_position_rate;match_1_sot_position_rate;match_2_assist_position_rate;match_2_goal_position_rate;match_2_sot_position_rate;match_3_assist_position_rate;match_3_goal_position_rate;match_3_sot_position_rate
ibrokhim_ibrokhimov__uzb,Ibrokhim Ibrokhimov,UZB,MID,2000000,0.0464,True,True,True,distributed_from_existing_optimizer_ev,0.0,0.0,budget,0.36007384615384613,0.20436738452913383,0.19756601486410058,medium,legacy_aggregate_round_context;variant_a_assist_team_share_over_cap
denzell_garcia__mex,Denzell Garcia,MEX,MID,2000000,0.043,True,True,True,distributed_from_existing_optimizer_ev,0.046596,0.039277,budget,0.36006501777626726,0.27472379935684504,0.22510782706490398,high,legacy_aggregate_round_context;variant_a_assist_team_share_over_cap;variant_a_goal_team_share_over_cap;variant_a_sot_team_share_over_cap
taha_abdi_ali__swe,Taha Abdi Ali,SWE,MID,2000000,0.043,True,True,True,distributed_from_existing_optimizer_ev,0.022789,0.026183,budget,0.3597279176610858,0.23074485298973657,0.1983873623062133,high,legacy_aggregate_round_context;variant_a_goal_team_share_over_cap;variant_a_sot_team_share_over_cap
umarali_rakhmonaliyev__uzb,Umarali Rakhmonaliyev,UZB,MID,2000000,0.044,True,True,True,distributed_from_existing_optimizer_ev,0.0,0.0,budget,0.35935384615384613,0.19830869034558718,0.1919020155895217,medium,legacy_aggregate_round_context;variant_a_assist_team_share_over_cap
woodensky_pierre__hai,Woodensky Pierre,HAI,MID,2000000,0.044,True,True,True,distributed_from_existing_optimizer_ev,0.0,0.0,budget,0.35935384615384613,0.17267506107095504,0.1516460587814797,high,legacy_aggregate_round_context;variant_a_assist_team_share_over_cap;variant_a_goal_team_share_over_cap;variant_a_sot_team_share_over_cap
atakan_karazor__tur,Atakan Karazor,TUR,MID,2000000,0.043,True,True,True,distributed_from_existing_optimizer_ev,0.0,0.0,budget,0.35905384615384617,0.25013746514302077,0.20689781313067998,high,legacy_aggregate_round_context;variant_a_assist_team_share_over_cap;variant_a_goal_team_share_over_cap;variant_a_sot_team_share_over_cap
ali_azaizeh__jor,Ali Azaizeh,JOR,MID,2000000,0.043,True,True,True,distributed_from_existing_optimizer_ev,0.0,0.0,budget,0.35905384615384617,0.17377697388357252,0.17062949974106556,high,legacy_aggregate_round_context
nathan_ngoy__bel,Nathan Ngoy,BEL,DEF,2000000,0.6294,True,True,True,distributed_from_existing_optimizer_ev,2.328241,1.684823,budget,0.3583489818923796,1.8945331650474686,1.8083549587058076,high,legacy_aggregate_round_context
alexander_alex_robertson__aus,Alexander 'Alex' Robertson,AUS,MID,2000000,0.0386,True,True,True,distributed_from_existing_optimizer_ev,0.0,0.0,budget,0.3577338461538461,0.19355053072719022,0.18053525576755758,high,legacy_aggregate_round_context;variant_a_assist_team_share_over_cap;variant_a_goal_team_share_over_cap
abdelmouhib_chamakh__tun,Abdelmouhib Chamakh,TUN,GK,2500000,0.8757,True,True,True,distributed_from_existing_optimizer_ev,1.94691,1.434093,budget,0.3573224936920719,1.409655257337707,1.402899911906324,high,legacy_aggregate_round_context;variant_a_assist_team_share_over_cap;variant_a_goal_team_share_over_cap;variant_a_sot_team_share_over_cap
derrick_kohn__gha,Derrick Köhn,GHA,DEF,2000000,0.6632,True,True,True,distributed_from_existing_optimizer_ev,1.434775,1.215128,budget,0.3563968604168831,1.4262435362448307,1.3819710597184685,high,legacy_aggregate_round_context
wilfried_stephane_singo__civ,Wilfried Stephane Singo,CIV,DEF,2500000,0.5946,True,True,True,distributed_from_existing_optimizer_ev,1.356802,1.469977,lower_mid,0.35391631380305183,1.4422563036554459,1.3752369588174178,medium,legacy_aggregate_round_context;match_1_assist_position_rate;match_1_goal_position_rate;match_1_sot_position_rate;match_2_assist_position_rate;match_2_goal_position_rate;match_2_sot_position_rate;match_3_assist_position_rate;match_3_goal_position_rate;match_3_sot_position_rate;variant_a_assist_team_share_over_cap;variant_a_goal_team_share_over_cap;variant_a_sot_team_share_over_cap
valentino_livramento__eng,Valentino Livramento,ENG,DEF,3000000,0.5128,True,True,True,distributed_from_existing_optimizer_ev,1.794954,1.896427,upper_mid,0.35189357052397324,1.9721625713173445,1.9134163269395916,high,legacy_aggregate_round_context
ahmed_basil_fadhil__irq,Ahmed Basil Fadhil,IRQ,GK,2500000,0.8934,True,True,True,distributed_from_existing_optimizer_ev,1.014761,0.921411,budget,0.34943368803669866,1.3661739869981258,1.417493860035446,high,legacy_aggregate_round_context
bremer__bra,Bremer,BRA,DEF,3000000,0.4947,True,True,True,distributed_from_existing_optimizer_ev,1.999695,1.976943,upper_mid,0.34853642472238083,1.9654192188947501,1.8239563783963975,high,legacy_aggregate_round_context;variant_a_goal_team_share_over_cap;variant_a_sot_team_share_over_cap
nathaniel_brown__ger,Nathaniel Brown,GER,DEF,2500000,0.5469,True,True,True,distributed_from_existing_optimizer_ev,2.081863,1.810701,lower_mid,0.34837812529267187,1.9831627418678721,2.0843674129104928,high,legacy_aggregate_round_context
ahmed_fatouh__egy,Ahmed Fatouh,EGY,DEF,2500000,0.5701,True,True,True,distributed_from_existing_optimizer_ev,1.506721,1.522612,lower_mid,0.3479213821215623,1.5945849033862187,1.4910499328888926,high,legacy_aggregate_round_context;variant_a_assist_team_share_over_cap;variant_a_goal_team_share_over_cap
ozan_kabak__tur,Ozan Kabak,TUR,DEF,2500000,0.5599,True,True,True,distributed_from_existing_optimizer_ev,1.567559,1.543657,lower_mid,0.3454031777473445,1.6747613921304842,1.4575090060224711,high,legacy_aggregate_round_context;variant_a_assist_team_share_over_cap;variant_a_goal_team_share_over_cap;variant_a_sot_team_share_over_cap
ko_itakura__jpn,Ko Itakura,JPN,DEF,2000000,0.6152,True,True,True,distributed_from_existing_optimizer_ev,1.622859,1.287742,budget,0.34386628059129776,1.5460858719010835,1.6387822865132744,high,legacy_aggregate_round_context
yu_min_cho__kor,Yu-Min Cho,KOR,DEF,2500000,0.5597,True,True,True,distributed_from_existing_optimizer_ev,1.380377,1.440464,lower_mid,0.342686512695724,1.5246156036710343,1.425856016694613,high,legacy_aggregate_round_context;variant_a_assist_team_share_over_cap
hannes_delcroix__hai,Hannes Delcroix,HAI,DEF,2500000,0.6132,True,True,True,distributed_from_existing_optimizer_ev,0.583675,0.715002,lower_mid,0.34005976580709063,1.255311639749374,1.1364797962453723,high,legacy_aggregate_round_context;variant_a_assist_team_share_over_cap;variant_a_goal_team_share_over_cap;variant_a_sot_team_share_over_cap
willer_ditta__col,Willer Ditta,COL,DEF,2500000,0.5257,True,True,True,distributed_from_existing_optimizer_ev,1.794549,1.626874,lower_mid,0.3372855681769348,1.7771794017983775,1.6625784619816746,high,legacy_aggregate_round_context
alejandro_alex_grimaldo__esp,Alejandro 'Alex' Grimaldo,ESP,DEF,4000000,0.3837,True,True,True,distributed_from_existing_optimizer_ev,1.794886,1.823348,premium,0.3343591021760189,1.752273191703463,1.7417679602126594,high,legacy_aggregate_round_context;no_transfermarkt_usage_match
sergio_rochet__uru,Sergio Rochet,URU,GK,4000000,0.5958,True,True,True,distributed_from_existing_optimizer_ev,2.166292,2.456603,premium,0.33429201445944867,2.442439836565827,2.4714149004917934,high,legacy_aggregate_round_context;variant_a_goal_team_share_over_cap;variant_a_sot_team_share_over_cap
emmanuel_agbadou__civ,Emmanuel Agbadou,CIV,DEF,2500000,0.537,True,True,True,distributed_from_existing_optimizer_ev,1.207376,1.317683,lower_mid,0.3327155619364378,1.4674853085709183,1.4082283062552043,medium,legacy_aggregate_round_context;match_1_assist_position_rate;match_1_goal_position_rate;match_1_sot_position_rate;match_2_assist_position_rate;match_2_goal_position_rate;match_2_sot_position_rate;match_3_assist_position_rate;match_3_goal_position_rate;match_3_sot_position_rate;variant_a_assist_team_share_over_cap;variant_a_goal_team_share_over_cap;variant_a_sot_team_share_over_cap
gi_hyuk_lee__kor,Gi-hyuk Lee,KOR,DEF,2000000,0.5856,True,True,True,distributed_from_existing_optimizer_ev,1.434047,1.164882,budget,0.33182329600666416,1.3132503289103683,1.1995991229380714,high,legacy_aggregate_round_context;variant_a_assist_team_share_over_cap
francis_de_vries__nzl,Francis de Vries,NZL,DEF,2500000,0.5563,True,True,True,distributed_from_existing_optimizer_ev,0.862735,1.05685,lower_mid,0.3317905142548185,1.3314855797261356,1.1899581671903647,high,legacy_aggregate_round_context;variant_a_assist_team_share_over_cap;variant_a_goal_team_share_over_cap
riechedly_bazoer__cuw,Riechedly Bazoer,CUW,DEF,2000000,0.6173,True,True,True,distributed_from_existing_optimizer_ev,0.592017,0.722128,budget,0.32993476046389275,1.1910193826998352,0.9891944281821227,low,goal_no_team_residual;legacy_aggregate_round_context;variant_a_assist_team_share_over_cap;variant_a_goal_team_share_over_cap;variant_a_sot_team_share_over_cap
jakhongir_urozov__uzb,Jakhongir Urozov,UZB,DEF,2500000,0.5404,True,True,True,distributed_from_existing_optimizer_ev,0.757277,0.927664,lower_mid,0.323694669174642,1.3602595947790272,1.325879531143232,medium,legacy_aggregate_round_context;variant_a_assist_team_share_over_cap
achref_abada__alg,Achref Abada,ALG,DEF,2000000,0.5513,True,True,True,distributed_from_existing_optimizer_ev,1.212191,1.020829,budget,0.3178247055917998,1.2739654494470567,0.9786373896060256,low,assist_no_team_residual;legacy_aggregate_round_context;variant_a_assist_team_share_over_cap;variant_a_goal_team_share_over_cap;variant_a_sot_team_share_over_cap
dilshod_komilov__uzb,Dilshod Komilov,UZB,DEF,2000000,0.5473,True,True,True,distributed_from_existing_optimizer_ev,0.91557,0.855118,budget,0.3123585380962421,1.0975575548589716,1.0606008214488614,medium,legacy_aggregate_round_context;variant_a_assist_team_share_over_cap
martin_caceres__uru,Martin Caceres,URU,DEF,3000000,0.4085,True,True,True,distributed_from_existing_optimizer_ev,1.404749,1.496889,upper_mid,0.31031761468012364,1.4295531355718447,1.3307130142640773,high,legacy_aggregate_round_context;variant_a_goal_team_share_over_cap;variant_a_sot_team_share_over_cap
gonzalo_agustin_sandez__par,Gonzalo Agustin Sandez,PAR,DEF,2000000,0.5237,True,True,True,distributed_from_existing_optimizer_ev,1.232396,1.014213,budget,0.3093743791551081,1.264441200438789,1.014636162566708,low,goal_no_team_residual;legacy_aggregate_round_context;sot_no_team_residual;variant_a_assist_team_share_over_cap;variant_a_goal_team_share_over_cap;variant_a_sot_team_share_over_cap
juan_jose_caceres__par,Juan Jose Caceres,PAR,DEF,3000000,0.4155,True,True,True,distributed_from_existing_optimizer_ev,1.091632,1.337086,upper_mid,0.3083035464270045,1.258804238671718,1.0918560596135147,low,goal_no_team_residual;legacy_aggregate_round_context;sot_no_team_residual;variant_a_assist_team_share_over_cap;variant_a_goal_team_share_over_cap;variant_a_sot_team_share_over_cap
omar_rekik__tun,Omar Rekik,TUN,DEF,2000000,0.5143,True,True,True,distributed_from_existing_optimizer_ev,0.976929,0.867668,budget,0.3027816331356133,1.118398679909618,0.9596433842515443,high,legacy_aggregate_round_context;variant_a_assist_team_share_over_cap;variant_a_goal_team_share_over_cap;variant_a_sot_team_share_over_cap
david_cabezas__ecu,David Cabezas,ECU,GK,2500000,0.6671,True,True,True,distributed_from_existing_optimizer_ev,2.542546,1.744618,budget,0.30273684326185346,1.4370928826611473,1.4136517942020677,low,assist_no_team_residual;goal_no_team_residual;legacy_aggregate_round_context;sot_no_team_residual;variant_a_assist_team_share_over_cap;variant_a_goal_team_share_over_cap;variant_a_sot_team_share_over_cap
ahmed_hasan_maknzi__irq,Ahmed Hasan Maknzi,IRQ,DEF,2000000,0.5345,True,True,True,distributed_from_existing_optimizer_ev,0.515971,0.627117,budget,0.30264873793116753,1.0626001504123694,1.1415321717006215,high,legacy_aggregate_round_context
matt_turner__usa,Matt Turner,USA,GK,3000000,0.6001,True,True,True,distributed_from_existing_optimizer_ev,2.118116,1.919894,upper_mid,0.2986877196306605,1.9677541284418991,1.9907020839158331,high,legacy_aggregate_round_context;variant_a_assist_team_share_over_cap;variant_a_goal_team_share_over_cap;variant_a_sot_team_share_over_cap
clement_akpa__civ,Clement Akpa,CIV,DEF,2000000,0.4955,True,True,True,distributed_from_existing_optimizer_ev,1.103016,0.92494,budget,0.2986160792786309,1.1866434190036472,1.13630715853375,medium,legacy_aggregate_round_context;match_1_assist_position_rate;match_1_goal_position_rate;match_1_sot_position_rate;match_2_assist_position_rate;match_2_goal_position_rate;match_2_sot_position_rate;match_3_assist_position_rate;match_3_goal_position_rate;match_3_sot_position_rate;variant_a_assist_team_share_over_cap;variant_a_goal_team_share_over_cap;variant_a_sot_team_share_over_cap
jiovany_ramos__pan,Jiovany Ramos,PAN,DEF,2000000,0.5053,True,True,True,distributed_from_existing_optimizer_ev,0.778802,0.752917,budget,0.29712741171227536,1.1252141224971588,1.0433117781952446,high,legacy_aggregate_round_context;variant_a_assist_team_share_over_cap;variant_a_goal_team_share_over_cap
mohamed_abdelmonem__egy,Mohamed Abdelmonem,EGY,DEF,2500000,0.4256,True,True,True,distributed_from_existing_optimizer_ev,1.259866,1.210959,lower_mid,0.2965479926151742,1.1787260875808154,1.0986271957762963,high,legacy_aggregate_round_context;variant_a_assist_team_share_over_cap;variant_a_goal_team_share_over_cap
marco_friedl__aut,Marco Friedl,AUT,DEF,2000000,0.4784,True,True,True,distributed_from_existing_optimizer_ev,1.244076,0.991539,budget,0.2952006455357692,1.277080424200552,1.0093190993061163,high,legacy_aggregate_round_context;variant_a_assist_team_share_over_cap;variant_a_goal_team_share_over_cap;variant_a_sot_team_share_over_cap
leo_ostigard__nor,Leo Østigård,NOR,DEF,2500000,0.4144,True,True,True,distributed_from_existing_optimizer_ev,1.408439,1.279041,lower_mid,0.2949407381506702,1.2045497166391206,1.024641873188227,high,legacy_aggregate_round_context;variant_a_assist_team_share_over_cap;variant_a_goal_team_share_over_cap
craig_gordon__sco,Craig Gordon,SCO,GK,2500000,0.6638,True,True,True,distributed_from_existing_optimizer_ev,1.914436,1.397445,budget,0.29280900468785853,1.3955368397034513,1.4034793268612515,high,legacy_aggregate_round_context;variant_a_assist_team_share_over_cap;variant_a_goal_team_share_over_cap;variant_a_sot_team_share_over_cap
dan_burn__eng,Dan Burn,ENG,DEF,3500000,0.3165,True,True,True,distributed_from_existing_optimizer_ev,1.239414,1.330798,premium,0.28998012576565996,1.5308550718237117,1.4827444470304973,high,legacy_aggregate_round_context
andres_andrade__pan,Andres Andrade,PAN,DEF,2500000,0.4207,True,True,True,distributed_from_existing_optimizer_ev,0.832808,0.970113,lower_mid,0.2888775027464564,0.9425915695015401,0.8665483703056726,high,legacy_aggregate_round_context;variant_a_assist_team_share_over_cap;variant_a_goal_team_share_over_cap
deveron_fonville__cuw,Deveron Fonville,CUW,DEF,2000000,0.489,True,True,True,distributed_from_existing_optimizer_ev,0.524639,0.602657,budget,0.2883690244122017,1.0167088177501953,0.8743091460680636,low,goal_no_team_residual;legacy_aggregate_round_context;variant_a_assist_team_share_over_cap;variant_a_goal_team_share_over_cap;variant_a_sot_team_share_over_cap
kieran_tierney__sco,Kieran Tierney,SCO,DEF,2500000,0.3935,True,True,True,distributed_from_existing_optimizer_ev,1.18366,1.129974,lower_mid,0.28483306418780524,1.0652968089025623,0.9279970734981384,high,legacy_aggregate_round_context;variant_a_assist_team_share_over_cap;variant_a_goal_team_share_over_cap;variant_a_sot_team_share_over_cap
yerry_mina__col,Yerry Mina,COL,DEF,3000000,0.3384,True,True,True,distributed_from_existing_optimizer_ev,1.263318,1.294814,upper_mid,0.2840852696537534,1.347894410212767,1.2892831841786128,high,legacy_aggregate_round_context
joao_paulo__cpv,Joao Paulo,CPV,DEF,2500000,0.4119,True,True,True,distributed_from_existing_optimizer_ev,0.60206,0.737524,lower_mid,0.2802495862434826,0.9218191963501774,0.848356745531845,high,legacy_aggregate_round_context;variant_a_assist_team_share_over_cap;variant_a_goal_team_share_over_cap;variant_a_sot_team_share_over_cap
aziz_behich__aus,Aziz Behich,AUS,DEF,2500000,0.396,True,True,True,distributed_from_existing_optimizer_ev,0.79388,0.918638,lower_mid,0.2801422981925412,0.8738618597303491,0.8173625593854353,high,legacy_aggregate_round_context;variant_a_assist_team_share_over_cap;variant_a_goal_team_share_over_cap
manuel_neuer__ger,Manuel Neuer,GER,GK,5000000,0.3702,True,True,True,distributed_from_existing_optimizer_ev,2.086725,2.084986,premium,0.2801217973574054,2.059976332030668,2.1263670223140547,high,legacy_aggregate_round_context
lucas_mendes__qat,Lucas Mendes,QAT,DEF,2500000,0.4088,True,True,True,distributed_from_existing_optimizer_ev,0.622212,0.76221,lower_mid,0.2799551180476196,0.8403950600496306,0.8007458609024314,high,legacy_aggregate_round_context
maxence_lacroix__fra,Maxence Lacroix,FRA,DEF,3000000,0.3107,True,True,True,distributed_from_existing_optimizer_ev,1.563477,1.410788,upper_mid,0.27876097675303957,1.370841449503787,1.3862069088820808,high,legacy_aggregate_round_context
tommy_smith__nzl,Tommy Smith,NZL,DEF,2000000,0.4417,True,True,True,distributed_from_existing_optimizer_ev,0.858695,0.756005,budget,0.2781269111131979,0.8681865087453823,0.7610481071027032,high,legacy_aggregate_round_context;variant_a_assist_team_share_over_cap;variant_a_goal_team_share_over_cap
odilon_kossounou__civ,Odilon Kossounou,CIV,DEF,2500000,0.3673,True,True,True,distributed_from_existing_optimizer_ev,0.867301,0.924086,lower_mid,0.27167255490764036,0.9568472624388951,0.9154181761656262,medium,legacy_aggregate_round_context;match_1_assist_position_rate;match_1_goal_position_rate;match_1_sot_position_rate;match_2_assist_position_rate;match_2_goal_position_rate;match_2_sot_position_rate;match_3_assist_position_rate;match_3_goal_position_rate;match_3_sot_position_rate;variant_a_assist_team_share_over_cap;variant_a_goal_team_share_over_cap;variant_a_sot_team_share_over_cap
jaroslav_zeleny__cze,Jaroslav Zeleny,CZE,DEF,2500000,0.3653,True,True,True,distributed_from_existing_optimizer_ev,0.867341,0.921674,lower_mid,0.2710104588729819,0.9554272178352884,0.9405687894295999,medium,legacy_aggregate_round_context;match_1_assist_position_rate;match_1_goal_position_rate;match_1_sot_position_rate;match_2_assist_position_rate;match_2_goal_position_rate;match_2_sot_position_rate;match_3_assist_position_rate;match_3_goal_position_rate;match_3_sot_position_rate
shurandy_sambo__cuw,Shurandy Sambo,CUW,DEF,2000000,0.4342,True,True,True,distributed_from_existing_optimizer_ev,0.510353,0.5596,budget,0.27082053810859946,0.8101221533186018,0.689569011142106,low,goal_no_team_residual;legacy_aggregate_round_context;variant_a_assist_team_share_over_cap;variant_a_goal_team_share_over_cap;variant_a_sot_team_share_over_cap
djed_spence__eng,Djed Spence,ENG,DEF,2500000,0.3352,True,True,True,distributed_from_existing_optimizer_ev,1.42128,1.189703,lower_mid,0.2688807648735905,1.1225371959831687,1.0826431885002323,high,legacy_aggregate_round_context
koni_de_winter__bel,Koni de Winter,BEL,DEF,3000000,0.2965,True,True,True,distributed_from_existing_optimizer_ev,1.064053,1.110928,upper_mid,0.26678119360516195,1.3145855390181582,1.2808796667927105,high,legacy_aggregate_round_context
farrukh_sayfiev__uzb,Farrukh Sayfiev,UZB,DEF,2500000,0.3637,True,True,True,distributed_from_existing_optimizer_ev,0.598494,0.733155,lower_mid,0.26567710797838195,0.8529391478413776,0.830723222535321,medium,legacy_aggregate_round_context;variant_a_assist_team_share_over_cap
duke_lacroix__hai,Duke Lacroix,HAI,DEF,2500000,0.3646,True,True,True,distributed_from_existing_optimizer_ev,0.442201,0.541696,lower_mid,0.2610180678873078,0.808160405189963,0.7370078932677308,high,legacy_aggregate_round_context;variant_a_assist_team_share_over_cap;variant_a_goal_team_share_over_cap;variant_a_sot_team_share_over_cap
moon_hwan_kim__kor,Moon-Hwan Kim,KOR,DEF,2500000,0.3321,True,True,True,distributed_from_existing_optimizer_ev,0.931384,0.916487,lower_mid,0.26091692150491674,0.9086849138612412,0.8520256319925111,high,legacy_aggregate_round_context;variant_a_assist_team_share_over_cap
samet_akaydin__tur,Samet Akaydin,TUR,DEF,2500000,0.3274,True,True,True,distributed_from_existing_optimizer_ev,0.998995,0.947952,lower_mid,0.26031697611956345,0.9775851545984215,0.8548175747245992,high,legacy_aggregate_round_context;variant_a_assist_team_share_over_cap;variant_a_goal_team_share_over_cap;variant_a_sot_team_share_over_cap
ralph_priso__can,Ralph Priso,CAN,DEF,2000000,0.3575,True,True,True,distributed_from_existing_optimizer_ev,1.423155,1.012373,budget,0.25946700904575015,1.0291141885918484,0.7901197845493103,high,legacy_aggregate_round_context;variant_a_assist_team_share_over_cap;variant_a_goal_team_share_over_cap;variant_a_sot_team_share_over_cap
michael_boxall__nzl,Michael Boxall,NZL,DEF,2000000,0.3892,True,True,True,distributed_from_existing_optimizer_ev,0.710823,0.640953,budget,0.2594149405578401,0.711756313441305,0.621536082616662,high,legacy_aggregate_round_context;variant_a_assist_team_share_over_cap;variant_a_goal_team_share_over_cap
stjepan_radeljic__bih,Stjepan Radeljic,BIH,DEF,2500000,0.3264,True,True,True,distributed_from_existing_optimizer_ev,0.949224,0.919361,lower_mid,0.25928091155616395,0.8932885250015573,0.7621962742280113,high,legacy_aggregate_round_context;variant_a_assist_team_share_over_cap;variant_a_goal_team_share_over_cap;variant_a_sot_team_share_over_cap
richard_ledezma__mex,Richard Ledezma,MEX,DEF,2000000,0.3597,True,True,True,distributed_from_existing_optimizer_ev,1.354333,0.975934,budget,0.25918890066808886,1.061960620605472,0.9032018315093823,high,legacy_aggregate_round_context;variant_a_assist_team_share_over_cap;variant_a_goal_team_share_over_cap;variant_a_sot_team_share_over_cap
martin_vitik__cze,Martin Vitik,CZE,DEF,2500000,0.3287,True,True,True,distributed_from_existing_optimizer_ev,0.854939,0.870304,lower_mid,0.25870795750465514,0.8843008879865708,0.8710137507755827,medium,legacy_aggregate_round_context;match_1_assist_position_rate;match_1_goal_position_rate;match_1_sot_position_rate;match_2_assist_position_rate;match_2_goal_position_rate;match_2_sot_position_rate;match_3_assist_position_rate;match_3_goal_position_rate;match_3_sot_position_rate
jack_hendry__sco,Jack Hendry,SCO,DEF,2000000,0.3608,True,True,True,distributed_from_existing_optimizer_ev,1.15531,0.867178,budget,0.2567190182695343,0.8920189263557163,0.7690536133816533,high,legacy_aggregate_round_context;variant_a_assist_team_share_over_cap;variant_a_goal_team_share_over_cap;variant_a_sot_team_share_over_cap
ehsan_hajsafi__irn,Ehsan Hajsafi,IRN,DEF,2000000,0.3645,True,True,True,distributed_from_existing_optimizer_ev,0.99455,0.781137,budget,0.2556139250199293,0.8601757412719991,0.7198039586287575,high,legacy_aggregate_round_context
stopira__cpv,Stopira,CPV,DEF,2500000,0.3309,True,True,True,distributed_from_existing_optimizer_ev,0.497415,0.609333,lower_mid,0.25264935706483393,0.8026530842999433,0.7512361526255669,high,legacy_aggregate_round_context;variant_a_assist_team_share_over_cap;variant_a_goal_team_share_over_cap;variant_a_sot_team_share_over_cap
marcus_holmgren_pedersen__nor,Marcus Holmgren Pedersen,NOR,DEF,2000000,0.3453,True,True,True,distributed_from_existing_optimizer_ev,1.141171,0.849445,budget,0.2516124888405964,0.9726575985025542,0.8303727490371543,high,legacy_aggregate_round_context;variant_a_assist_team_share_over_cap;variant_a_goal_team_share_over_cap
ousmane_diomande__civ,Ousmane Diomande,CIV,DEF,2500000,0.3111,True,True,True,distributed_from_existing_optimizer_ev,0.712869,0.770743,lower_mid,0.2508647969297674,0.8550099616308762,0.818053986813412,medium,legacy_aggregate_round_context;match_1_assist_position_rate;match_1_goal_position_rate;match_1_sot_position_rate;match_2_assist_position_rate;match_2_goal_position_rate;match_2_sot_position_rate;match_3_assist_position_rate;match_3_goal_position_rate;match_3_sot_position_rate;variant_a_assist_team_share_over_cap;variant_a_goal_team_share_over_cap;variant_a_sot_team_share_over_cap
david_jurasek__cze,David Jurasek,CZE,DEF,2000000,0.3556,True,True,True,distributed_from_existing_optimizer_ev,0.836537,0.688513,budget,0.2505593549062462,0.8415442451517452,0.8273086846834499,medium,legacy_aggregate_round_context;match_1_assist_position_rate;match_1_goal_position_rate;match_1_sot_position_rate;match_2_assist_position_rate;match_2_goal_position_rate;match_2_sot_position_rate;match_3_assist_position_rate;match_3_goal_position_rate;match_3_sot_position_rate
tae_hyeon_kim__kor,Tae-Hyeon Kim,KOR,DEF,2000000,0.3452,True,True,True,distributed_from_existing_optimizer_ev,0.922903,0.729334,budget,0.2484902762291286,0.8674520172420388,0.8029738061137336,high,legacy_aggregate_round_context;variant_a_assist_team_share_over_cap
evren_eren_elmali__tur,Evren Eren Elmali,TUR,DEF,2000000,0.3378,True,True,True,distributed_from_existing_optimizer_ev,1.031097,0.784087,budget,0.24767987166265004,0.9523268023766853,0.813485755737094,high,legacy_aggregate_round_context;variant_a_assist_team_share_over_cap;variant_a_goal_team_share_over_cap;variant_a_sot_team_share_over_cap
fernando_muslera__uru,Fernando Muslera,URU,GK,4000000,0.3724,True,True,True,distributed_from_existing_optimizer_ev,1.598336,1.669852,premium,0.2470174052705742,1.7387799261632442,1.7560601709790282,high,legacy_aggregate_round_context;variant_a_goal_team_share_over_cap;variant_a_sot_team_share_over_cap
kojo_peprah_oppong__gha,Kojo Peprah Oppong,GHA,DEF,2000000,0.3441,True,True,True,distributed_from_existing_optimizer_ev,0.817219,0.670501,budget,0.24664564272703066,0.8111718637811994,0.7854915845701351,high,legacy_aggregate_round_context
karim_hafez__egy,Karim Hafez,EGY,DEF,2000000,0.3338,True,True,True,distributed_from_existing_optimizer_ev,0.993998,0.761113,budget,0.24588841465591577,0.8874959069298773,0.8228174046699338,high,legacy_aggregate_round_context;variant_a_assist_team_share_over_cap;variant_a_goal_team_share_over_cap
jerome_opoku__gha,Jerome Opoku,GHA,DEF,2500000,0.2972,True,True,True,distributed_from_existing_optimizer_ev,0.622465,0.704102,lower_mid,0.24497914939839366,0.828538171802984,0.8057453216413069,high,legacy_aggregate_round_context
mukhammadkodir_khamraliev__uzb,Mukhammadkodir Khamraliev,UZB,DEF,2500000,0.2984,True,True,True,distributed_from_existing_optimizer_ev,0.578514,0.68139,lower_mid,0.244754437483318,0.7802142516072892,0.7609324891541365,medium,legacy_aggregate_round_context;variant_a_assist_team_share_over_cap
manaf_younis__irq,Manaf Younis,IRQ,DEF,2000000,0.3522,True,True,True,distributed_from_existing_optimizer_ev,0.362123,0.425401,budget,0.24276563522504702,0.7194245760391365,0.770181953460205,high,legacy_aggregate_round_context
roderick_miller__pan,Roderick Miller,PAN,DEF,2000000,0.3367,True,True,True,distributed_from_existing_optimizer_ev,0.653224,0.57555,budget,0.24198116487178445,0.7536156118607038,0.6883406078172756,high,legacy_aggregate_round_context;variant_a_assist_team_share_over_cap;variant_a_goal_team_share_over_cap
mohamed_amine_ben_hamida__tun,Mohamed Amine Ben Hamida,TUN,DEF,2500000,0.2848,True,True,True,distributed_from_existing_optimizer_ev,0.623507,0.689582,lower_mid,0.24088533744845975,0.7743852631565713,0.6688837558475857,high,legacy_aggregate_round_context;variant_a_assist_team_share_over_cap;variant_a_goal_team_share_over_cap;variant_a_sot_team_share_over_cap
roger_ibanez__bra,Roger Ibanez,BRA,DEF,2500000,0.2619,True,True,True,distributed_from_existing_optimizer_ev,1.012817,0.875829,lower_mid,0.23881019655585245,0.9313382764742735,0.8458397724603359,high,legacy_aggregate_round_context;variant_a_goal_team_share_over_cap;variant_a_sot_team_share_over_cap
nathan_patterson__sco,Nathan Patterson,SCO,DEF,2000000,0.3091,True,True,True,distributed_from_existing_optimizer_ev,0.981754,0.738513,budget,0.237896586138801,0.843381500526108,0.7195393844121373,high,legacy_aggregate_round_context;variant_a_assist_team_share_over_cap;variant_a_goal_team_share_over_cap;variant_a_sot_team_share_over_cap
husam_abu_dahab__jor,Husam Abu Dahab,JOR,DEF,2000000,0.3303,True,True,True,distributed_from_existing_optimizer_ev,0.413403,0.439538,budget,0.23655958698373958,0.7196279914489803,0.7066651971820472,high,legacy_aggregate_round_context
eric_smith__swe,Eric Smith,SWE,DEF,2000000,0.3162,True,True,True,distributed_from_existing_optimizer_ev,0.708856,0.59298,budget,0.23627989367945304,0.8240849200687375,0.7134122851330188,high,legacy_aggregate_round_context;variant_a_goal_team_share_over_cap;variant_a_sot_team_share_over_cap
oufa_shobeir__egy,Mostafa Oufa Shobeir,EGY,GK,2500000,0.4953,True,True,True,distributed_from_existing_optimizer_ev,1.501324,1.082784,budget,0.23415817535052003,1.3546980632182049,1.3739993522740643,high,legacy_aggregate_round_context;variant_a_assist_team_share_over_cap;variant_a_goal_team_share_over_cap
jarell_quansah__eng,Jarell Quansah,ENG,DEF,2500000,0.2415,True,True,True,distributed_from_existing_optimizer_ev,1.15727,0.930448,lower_mid,0.23409634220967063,0.8942394623740201,0.8635986856364384,high,legacy_aggregate_round_context
brandon_mechele__bel,Brandon Mechele,BEL,DEF,2500000,0.2503,True,True,True,distributed_from_existing_optimizer_ev,0.941083,0.822256,lower_mid,0.23395097977941928,0.9094060692507067,0.8769517944742723,high,legacy_aggregate_round_context
chadi_riad__mar,Chadi Riad,MAR,DEF,2000000,0.2947,True,True,True,distributed_from_existing_optimizer_ev,0.949393,0.711465,budget,0.23288024553123815,0.8561535601597825,0.6398623320504901,low,assist_no_team_residual;goal_no_team_residual;legacy_aggregate_round_context;sot_no_team_residual;variant_a_assist_team_share_over_cap;variant_a_goal_team_share_over_cap;variant_a_sot_team_share_over_cap
marvin_senaya__gha,Marvin Senaya,GHA,DEF,2000000,0.3043,True,True,True,distributed_from_existing_optimizer_ev,0.608248,0.530001,budget,0.23108852296355167,0.7644341586102774,0.7399291700602769,high,legacy_aggregate_round_context
jose_hurtado__ecu,Jose Hurtado,ECU,DEF,2500000,0.25,True,True,True,distributed_from_existing_optimizer_ev,0.649479,0.661509,lower_mid,0.22972260860062954,0.817724118041772,0.6500618169150628,low,assist_no_team_residual;goal_no_team_residual;legacy_aggregate_round_context;no_transfermarkt_usage_match;sot_no_team_residual;variant_a_assist_team_share_over_cap;variant_a_goal_team_share_over_cap;variant_a_sot_team_share_over_cap
utkir_yusupov__uzb,Utkir Yusupov,UZB,GK,2500000,0.4945,True,True,True,distributed_from_existing_optimizer_ev,0.906381,0.75515,budget,0.22548336099758282,1.2765488482941572,1.2936349356703514,medium,legacy_aggregate_round_context;variant_a_assist_team_share_over_cap
jackson_porozo__ecu,Jackson Porozo,ECU,DEF,2000000,0.2684,True,True,True,distributed_from_existing_optimizer_ev,0.99197,0.717988,budget,0.22515817771783725,0.8208627014471469,0.6481213344463205,low,assist_no_team_residual;goal_no_team_residual;legacy_aggregate_round_context;sot_no_team_residual;variant_a_assist_team_share_over_cap;variant_a_goal_team_share_over_cap;variant_a_sot_team_share_over_cap
rami_rabia__egy,Rami Rabia,EGY,DEF,3000000,0.1821,True,True,True,distributed_from_existing_optimizer_ev,0.683983,0.699057,upper_mid,0.22185772930549044,0.8306111961189513,0.7926354540234789,high,legacy_aggregate_round_context;variant_a_assist_team_share_over_cap;variant_a_goal_team_share_over_cap
khulumani_ndamane__rsa,Khulumani Ndamane,RSA,DEF,2000000,0.2725,True,True,True,distributed_from_existing_optimizer_ev,0.510397,0.455757,budget,0.21963713905095572,0.7045592249407896,0.6040784331462046,low,goal_no_team_residual;legacy_aggregate_round_context;sot_no_team_residual;variant_a_assist_team_share_over_cap;variant_a_goal_team_share_over_cap;variant_a_sot_team_share_over_cap
martin_krug__pan,Martin Krug,PAN,DEF,2000000,0.273,True,True,True,distributed_from_existing_optimizer_ev,0.490113,0.444922,budget,0.21950819604286106,0.7024553860850288,0.6567783341273927,high,legacy_aggregate_round_context;variant_a_assist_team_share_over_cap;variant_a_goal_team_share_over_cap
abduvokhid_nematov__uzb,Abduvokhid Nematov,UZB,GK,2500000,0.4804,True,True,True,distributed_from_existing_optimizer_ev,0.795991,0.687118,budget,0.21950190269331946,1.2618100107957535,1.278416209690966,medium,legacy_aggregate_round_context;variant_a_assist_team_share_over_cap
dominic_hyam__sco,Dominic Hyam,SCO,DEF,2000000,0.2673,True,True,True,distributed_from_existing_optimizer_ev,0.586536,0.494293,budget,0.21906923390651034,0.8038908485160221,0.7195671830117718,high,legacy_aggregate_round_context;variant_a_assist_team_share_over_cap;variant_a_goal_team_share_over_cap;variant_a_sot_team_share_over_cap
adem_arous__tun,Adem Arous,TUN,DEF,2000000,0.2598,True,True,True,distributed_from_existing_optimizer_ev,0.74513,0.576702,budget,0.2189408226793825,0.6938511902402923,0.6136625850175588,high,legacy_aggregate_round_context;variant_a_assist_team_share_over_cap;variant_a_goal_team_share_over_cap;variant_a_sot_team_share_over_cap
ilay_camara__sen,Ilay Camara,SEN,DEF,2000000,0.2646,True,True,True,distributed_from_existing_optimizer_ev,0.609053,0.504943,budget,0.2185334141590445,0.7934235165995841,0.6971823546520015,high,legacy_aggregate_round_context;variant_a_assist_team_share_over_cap;variant_a_goal_team_share_over_cap;variant_a_sot_team_share_over_cap
souffian_el_karouani__mar,Souffian El Karouani,MAR,DEF,2000000,0.2534,True,True,True,distributed_from_existing_optimizer_ev,0.635104,0.512077,budget,0.21535707631130543,0.7956588578056042,0.6273762654442303,low,assist_no_team_residual;goal_no_team_residual;legacy_aggregate_round_context;sot_no_team_residual;variant_a_assist_team_share_over_cap;variant_a_goal_team_share_over_cap;variant_a_sot_team_share_over_cap
jahkeele_rutty__can,Jahkeele Rutty,CAN,DEF,2000000,0.25,True,True,True,distributed_from_existing_optimizer_ev,0.694322,0.542463,budget,0.21511935247595362,0.8088750790767482,0.6447358309875282,high,legacy_aggregate_round_context;no_transfermarkt_usage_match;variant_a_assist_team_share_over_cap;variant_a_goal_team_share_over_cap;variant_a_sot_team_share_over_cap
thabang_matuludi__rsa,Thabang Matuludi,RSA,DEF,2000000,0.2612,True,True,True,distributed_from_existing_optimizer_ev,0.401757,0.388746,budget,0.2145219660084611,0.7004568446542302,0.6054588859302183,low,goal_no_team_residual;legacy_aggregate_round_context;sot_no_team_residual;variant_a_assist_team_share_over_cap;variant_a_goal_team_share_over_cap;variant_a_sot_team_share_over_cap
moutaz_neffati__tun,Moutaz Neffati,TUN,DEF,2000000,0.2575,True,True,True,distributed_from_existing_optimizer_ev,0.427077,0.400296,budget,0.21370931642318128,0.6913937528620475,0.6119477224742971,high,legacy_aggregate_round_context;variant_a_assist_team_share_over_cap;variant_a_goal_team_share_over_cap;variant_a_sot_team_share_over_cap
kelvin_pires__cpv,Kelvin Pires,CPV,DEF,2000000,0.2557,True,True,True,distributed_from_existing_optimizer_ev,0.377494,0.371869,budget,0.21243747397822454,0.6891794220422529,0.6481309146904225,high,legacy_aggregate_round_context;variant_a_assist_team_share_over_cap;variant_a_goal_team_share_over_cap;variant_a_sot_team_share_over_cap
steve_kapuadi__cod,Steve Kapuadi,COD,DEF,2000000,0.2521,True,True,True,distributed_from_existing_optimizer_ev,0.450868,0.409912,budget,0.2123368767338262,0.6994694775754112,0.6139877125283666,low,assist_no_team_residual;legacy_aggregate_round_context;variant_a_assist_team_share_over_cap;variant_a_goal_team_share_over_cap;variant_a_sot_team_share_over_cap
zakaria_el_ouahdi__mar,Zakaria El Ouahdi,MAR,DEF,2000000,0.2428,True,True,True,distributed_from_existing_optimizer_ev,0.620802,0.497402,budget,0.21179927394455056,0.7673770277548833,0.607850066417116,low,assist_no_team_residual;goal_no_team_residual;legacy_aggregate_round_context;sot_no_team_residual;variant_a_assist_team_share_over_cap;variant_a_goal_team_share_over_cap;variant_a_sot_team_share_over_cap
danilo_luiz_da_silva__bra,Danilo Luiz da Silva,BRA,DEF,2500000,0.1552,True,True,True,distributed_from_existing_optimizer_ev,0.86221,0.663122,lower_mid,0.20132413468019178,0.6730358585957391,0.626599076190653,high,legacy_aggregate_round_context;variant_a_goal_team_share_over_cap;variant_a_sot_team_share_over_cap
eric_garcia__esp,Eric Garcia,ESP,DEF,3000000,0.104,True,True,True,distributed_from_existing_optimizer_ev,1.054077,0.764136,upper_mid,0.20010316373315912,0.747266779847024,0.7430678444444332,high,legacy_aggregate_round_context
tomas_holes__cze,Tomas Holes,CZE,DEF,2000000,0.1868,True,True,True,distributed_from_existing_optimizer_ev,0.552374,0.423795,budget,0.19310428935785737,0.5962685630505018,0.5904517896858573,medium,legacy_aggregate_round_context;match_1_assist_position_rate;match_1_goal_position_rate;match_1_sot_position_rate;match_2_assist_position_rate;match_2_goal_position_rate;match_2_sot_position_rate;match_3_assist_position_rate;match_3_goal_position_rate;match_3_sot_position_rate
deiver_machado__col,Deiver Machado,COL,DEF,3000000,0.0855,True,True,True,distributed_from_existing_optimizer_ev,0.475384,0.413054,upper_mid,0.18551468942140303,0.6438548978006167,0.625958246846214,high,legacy_aggregate_round_context
gaston_olveira__par,Gaston Olveira,PAR,GK,3000000,0.3101,True,True,True,distributed_from_existing_optimizer_ev,0.859165,0.862649,upper_mid,0.1844693439414125,1.3230615661009748,1.317176710369108,low,goal_no_team_residual;legacy_aggregate_round_context;sot_no_team_residual;variant_a_assist_team_share_over_cap;variant_a_goal_team_share_over_cap;variant_a_sot_team_share_over_cap
dylan_batubinsika__cod,Dylan Batubinsika,COD,DEF,2500000,0.0911,True,True,True,distributed_from_existing_optimizer_ev,0.359259,0.308478,lower_mid,0.17296395801542847,0.4377191067648068,0.40975786278895765,low,assist_no_team_residual;legacy_aggregate_round_context;variant_a_assist_team_share_over_cap;variant_a_goal_team_share_over_cap;variant_a_sot_team_share_over_cap
nando_pijnaker__nzl,Nando Pijnaker,NZL,DEF,2000000,0.1247,True,True,True,distributed_from_existing_optimizer_ev,0.346072,0.27044,budget,0.17052622244448856,0.4084477335781529,0.3816609677079164,high,legacy_aggregate_round_context;variant_a_assist_team_share_over_cap;variant_a_goal_team_share_over_cap
marc_pubill__esp,Marc Pubill,ESP,DEF,3000000,0.0456,True,True,True,distributed_from_existing_optimizer_ev,0.384621,0.292391,upper_mid,0.17043826577712784,0.546062265750675,0.5445561751100236,high,legacy_aggregate_round_context
hossam_abdelmaguid__egy,Hossam Abdelmaguid,EGY,DEF,2500000,0.0771,True,True,True,distributed_from_existing_optimizer_ev,0.370453,0.297594,lower_mid,0.16848375352072598,0.4791586628578929,0.4670045586188751,high,legacy_aggregate_round_context;variant_a_assist_team_share_over_cap;variant_a_goal_team_share_over_cap
mory_diaw__sen,Mory Diaw,SEN,GK,3000000,0.2684,True,True,True,distributed_from_existing_optimizer_ev,0.697156,0.721085,upper_mid,0.16831483189730478,1.2150065473634022,1.2173842001565696,high,legacy_aggregate_round_context;variant_a_assist_team_share_over_cap;variant_a_goal_team_share_over_cap;variant_a_sot_team_share_over_cap
malick_thiaw__ger,Malick Thiaw,GER,DEF,3000000,0.043,True,True,True,distributed_from_existing_optimizer_ev,0.275885,0.227976,upper_mid,0.1679999257802275,0.5412579943166584,0.5482828520475967,high,legacy_aggregate_round_context
jesus_angulo__mex,Jesus Angulo,MEX,DEF,2000000,0.0939,True,True,True,distributed_from_existing_optimizer_ev,0.577445,0.377911,budget,0.16405302300036648,0.4738088125820579,0.43766638999205654,high,legacy_aggregate_round_context;variant_a_assist_team_share_over_cap;variant_a_goal_team_share_over_cap;variant_a_sot_team_share_over_cap
joaquin_seys__bel,Joaquin Seys,BEL,DEF,2500000,0.048,True,True,True,distributed_from_existing_optimizer_ev,0.329892,0.239865,lower_mid,0.15826754208424282,0.43195712349108584,0.427594731633083,high,legacy_aggregate_round_context
tarek_alaa__egy,Tarek Alaa,EGY,DEF,2000000,0.0693,True,True,True,distributed_from_existing_optimizer_ev,0.505074,0.322305,budget,0.15524146740201764,0.3541564389110469,0.3441217552413478,high,legacy_aggregate_round_context;variant_a_assist_team_share_over_cap;variant_a_goal_team_share_over_cap
jeremy_ngakia__cod,Jeremy Ngakia,COD,DEF,2500000,0.045,True,True,True,distributed_from_existing_optimizer_ev,0.0,0.0,lower_mid,0.15119230769230768,0.41325274119067396,0.4006247455167543,low,assist_no_team_residual;legacy_aggregate_round_context;variant_a_assist_team_share_over_cap;variant_a_goal_team_share_over_cap;variant_a_sot_team_share_over_cap
kristoffer_nordfeldt__swe,Kristoffer Nordfeldt,SWE,GK,4000000,0.1495,True,True,True,distributed_from_existing_optimizer_ev,0.306898,0.37595,premium,0.14683638394527185,1.2636590782573585,1.266857383414327,high,legacy_aggregate_round_context;variant_a_goal_team_share_over_cap;variant_a_sot_team_share_over_cap
luca_jaquez__sui,Luca Jaquez,SUI,DEF,2000000,0.0476,True,True,True,distributed_from_existing_optimizer_ev,0.37514,0.236903,budget,0.14653282496756476,0.36192315816004156,0.35539370265413034,high,legacy_aggregate_round_context
nidal_celik__bih,Nidal Celik,BIH,DEF,2000000,0.0474,True,True,True,distributed_from_existing_optimizer_ev,0.308733,0.20025,budget,0.14552920724022814,0.2736921193952433,0.257812168952917,high,legacy_aggregate_round_context;variant_a_assist_team_share_over_cap;variant_a_goal_team_share_over_cap;variant_a_sot_team_share_over_cap
derrick_luckassen__gha,Derrick Luckassen,GHA,DEF,2000000,0.0449,True,True,True,distributed_from_existing_optimizer_ev,0.206991,0.142686,budget,0.14329724366681243,0.25106720450115333,0.24867306415559895,high,legacy_aggregate_round_context
callan_elliot__nzl,Callan Elliot,NZL,DEF,2000000,0.043,True,True,True,distributed_from_existing_optimizer_ev,0.246454,0.16317,budget,0.14325459655816547,0.21388441182681914,0.20500535342857118,high,legacy_aggregate_round_context;variant_a_assist_team_share_over_cap;variant_a_goal_team_share_over_cap
abolfazl_jalali__irn,Abolfazl Jalali,IRN,DEF,2000000,0.043,True,True,True,distributed_from_existing_optimizer_ev,0.179378,0.126279,budget,0.14230485161016188,0.2695952448672315,0.25621061455639965,high,legacy_aggregate_round_context
sondre_langas__nor,Sondre Langås,NOR,DEF,2000000,0.0472,True,True,True,distributed_from_existing_optimizer_ev,0.047577,0.056486,budget,0.14176805702188797,0.32262334920774216,0.306515001058314,high,legacy_aggregate_round_context;variant_a_assist_team_share_over_cap;variant_a_goal_team_share_over_cap
henrik_falchener__nor,Henrik Falchener,NOR,DEF,2000000,0.047,True,True,True,distributed_from_existing_optimizer_ev,0.003114,0.031903,budget,0.14107517691409008,0.3221745128489418,0.3061291228214464,high,legacy_aggregate_round_context;variant_a_assist_team_share_over_cap;variant_a_goal_team_share_over_cap
ederson_moraes__bra,Ederson Moraes,BRA,GK,5000000,0.0543,True,True,True,distributed_from_existing_optimizer_ev,0.373261,0.342772,premium,0.14049915186552087,0.6431197841330948,0.648462844368171,high,legacy_aggregate_round_context;variant_a_goal_team_share_over_cap;variant_a_sot_team_share_over_cap
sohaib_nair__alg,Sohaib Nair,ALG,DEF,2000000,0.047,True,True,True,distributed_from_existing_optimizer_ev,0.0,0.0,budget,0.14025384615384617,0.27719617664122,0.25819240598505916,low,assist_no_team_residual;legacy_aggregate_round_context;variant_a_assist_team_share_over_cap;variant_a_goal_team_share_over_cap;variant_a_sot_team_share_over_cap
raed_chikhaoui__tun,Raed Chikhaoui,TUN,DEF,2000000,0.047,True,True,True,distributed_from_existing_optimizer_ev,0.0,0.0,budget,0.14025384615384617,0.22829024800515338,0.2166585016394951,high,legacy_aggregate_round_context;variant_a_assist_team_share_over_cap;variant_a_goal_team_share_over_cap;variant_a_sot_team_share_over_cap
patric_pfeiffer__gha,Patric Pfeiffer,GHA,DEF,2000000,0.0464,True,True,True,distributed_from_existing_optimizer_ev,0.0,0.0,budget,0.14007384615384616,0.2554397392237131,0.25296836492575686,high,legacy_aggregate_round_context
mukhammadrasul_abdumazhidov__uzb,Mukhammadrasul Abdumazhidov,UZB,DEF,2000000,0.0464,True,True,True,distributed_from_existing_optimizer_ev,0.0,0.0,budget,0.14007384615384616,0.23350860107251725,0.23116196149520798,medium,legacy_aggregate_round_context;variant_a_assist_team_share_over_cap
moustapha_mbow__sen,Moustapha Mbow,SEN,DEF,2000000,0.0456,True,True,True,distributed_from_existing_optimizer_ev,0.0,0.0,budget,0.13983384615384614,0.283540171260094,0.26916127708513765,high,legacy_aggregate_round_context;variant_a_assist_team_share_over_cap;variant_a_goal_team_share_over_cap;variant_a_sot_team_share_over_cap
elliot_stroud__swe,Elliot Stroud,SWE,DEF,2000000,0.0441,True,True,True,distributed_from_existing_optimizer_ev,0.0,0.0,budget,0.13938384615384616,0.263637647690406,0.25409734982205295,high,legacy_aggregate_round_context;variant_a_goal_team_share_over_cap;variant_a_sot_team_share_over_cap
liam_kelly__sco,Liam Kelly,SCO,GK,3000000,0.1709,True,True,True,distributed_from_existing_optimizer_ev,0.590623,0.539836,upper_mid,0.13439864442391827,0.9073105103184342,0.9098813278230725,high,legacy_aggregate_round_context;variant_a_assist_team_share_over_cap;variant_a_goal_team_share_over_cap;variant_a_sot_team_share_over_cap
munir_el_kajoui__mar,Munir El Kajoui,MAR,GK,3000000,0.1634,True,True,True,distributed_from_existing_optimizer_ev,0.553134,0.509782,upper_mid,0.13137491547465424,0.9463925244424592,0.9412046326537594,low,assist_no_team_residual;goal_no_team_residual;legacy_aggregate_round_context;sot_no_team_residual;variant_a_assist_team_share_over_cap;variant_a_goal_team_share_over_cap;variant_a_sot_team_share_over_cap
abdel_rahman_al_talalga__jor,Abdel Rahman Al-Talalga,JOR,GK,2500000,0.2116,True,True,True,distributed_from_existing_optimizer_ev,0.439062,0.351302,budget,0.130216445821487,0.9491448139622654,0.9563773202537347,high,legacy_aggregate_round_context
roberto_gatito_fernandez__par,Roberto 'Gatito' Fernandez,PAR,GK,3000000,0.1598,True,True,True,distributed_from_existing_optimizer_ev,0.476814,0.463277,upper_mid,0.12909766170525502,0.8353159572702795,0.8319842053627056,low,goal_no_team_residual;legacy_aggregate_round_context;no_transfermarkt_usage_match;sot_no_team_residual;variant_a_assist_team_share_over_cap;variant_a_goal_team_share_over_cap;variant_a_sot_team_share_over_cap
alvaro_montero__col,Alvaro Montero,COL,GK,4000000,0.0888,True,True,True,distributed_from_existing_optimizer_ev,0.316332,0.362544,premium,0.12828125150719924,0.9570512411288417,0.9649982689774812,high,legacy_aggregate_round_context
alexandre_pierre__hai,Alexandre Pierre,HAI,GK,2500000,0.2055,True,True,True,distributed_from_existing_optimizer_ev,0.223132,0.229375,budget,0.12524748097165284,0.9488699031895971,0.9496415364584012,high,legacy_aggregate_round_context;variant_a_assist_team_share_over_cap;variant_a_goal_team_share_over_cap;variant_a_sot_team_share_over_cap
alexis_guendouz__alg,Alexis Guendouz,ALG,GK,3000000,0.136,True,True,True,distributed_from_existing_optimizer_ev,0.481793,0.436075,upper_mid,0.12125735642549591,0.8513074439848853,0.8487715598375956,low,assist_no_team_residual;legacy_aggregate_round_context;variant_a_assist_team_share_over_cap;variant_a_goal_team_share_over_cap;variant_a_sot_team_share_over_cap
jacob_widell_zetterstrom__swe,Jacob Widell Zetterström,SWE,GK,3500000,0.1096,True,True,True,distributed_from_existing_optimizer_ev,0.199558,0.244459,upper_mid,0.11994273596681305,1.0029306186994094,1.0051511945081757,high,legacy_aggregate_round_context;variant_a_goal_team_share_over_cap;variant_a_sot_team_share_over_cap
james_trafford__eng,James Trafford,ENG,GK,4000000,0.0634,True,True,True,distributed_from_existing_optimizer_ev,0.278695,0.287908,premium,0.11873977570174005,0.4627009669594278,0.471803282485625,high,legacy_aggregate_round_context
senne_lammens__bel,Senne Lammens,BEL,GK,4000000,0.0623,True,True,True,distributed_from_existing_optimizer_ev,0.250096,0.269843,premium,0.117944699057418,0.4847879251299418,0.49321380725931935,high,legacy_aggregate_round_context
brice_samba__fra,Brice Samba,FRA,GK,4500000,0.0342,True,True,True,distributed_from_existing_optimizer_ev,0.079794,0.111387,premium,0.11697377035216548,0.5390301582510229,0.5447168101709945,high,legacy_aggregate_round_context
joan_garcia__esp,Joan Garcia,ESP,GK,4000000,0.0403,True,True,True,distributed_from_existing_optimizer_ev,0.405092,0.308375,premium,0.11233669093447404,0.5406021184452171,0.5468136588892992,high,legacy_aggregate_round_context
robin_risser__fra,Robin Risser,FRA,GK,4000000,0.0251,True,True,True,distributed_from_existing_optimizer_ev,0.166692,0.144979,premium,0.10357012224498355,0.4597403768627848,0.4638016268441325,high,legacy_aggregate_round_context
ricardo_velho__por,Ricardo Velho,POR,GK,4000000,0.0151,True,True,True,distributed_from_existing_optimizer_ev,0.066197,0.068472,premium,0.09860047824680217,0.4713049907521834,0.4718230195428624,high,legacy_aggregate_round_context
rui_silva__por,Rui Silva,POR,GK,4000000,0.0201,True,True,True,distributed_from_existing_optimizer_ev,0.0,0.0,premium,0.0983376923076923,0.4581306711859918,0.458807749895441,high,legacy_aggregate_round_context
weverton__bra,Weverton,BRA,GK,4000000,0.0151,True,True,True,distributed_from_existing_optimizer_ev,0.033926,0.050723,premium,0.09814353690386986,0.47730931381508535,0.4787384067479188,high,legacy_aggregate_round_context;variant_a_goal_team_share_over_cap;variant_a_sot_team_share_over_cap
walter_benitez__arg,Walter Benitez,ARG,GK,4000000,0.0151,True,True,True,distributed_from_existing_optimizer_ev,0.0,0.0,premium,0.09683769230769232,0.4764883841334949,0.47708080921652124,high,legacy_aggregate_round_context;variant_a_assist_team_share_over_cap;variant_a_goal_team_share_over_cap;variant_a_sot_team_share_over_cap
luis_mejia__pan,Luis Mejia,PAN,GK,2500000,0.1003,True,True,True,distributed_from_existing_optimizer_ev,0.256747,0.193266,budget,0.0927578683201264,0.7613459997617892,0.7635174769450432,high,legacy_aggregate_round_context;variant_a_assist_team_share_over_cap;variant_a_goal_team_share_over_cap
carlos_acevedo__mex,Carlos Acevedo,MEX,GK,3500000,0.0251,True,True,True,distributed_from_existing_optimizer_ev,0.118043,0.109191,upper_mid,0.09111031207950859,0.3029424674378182,0.3042797884537019,high,legacy_aggregate_round_context;variant_a_assist_team_share_over_cap;variant_a_goal_team_share_over_cap;variant_a_sot_team_share_over_cap
mike_penders__bel,Mike Penders,BEL,GK,3500000,0.0151,True,True,True,distributed_from_existing_optimizer_ev,0.353567,0.221093,upper_mid,0.09099118706721554,0.3860900936745387,0.3879698193627032,high,legacy_aggregate_round_context
mert_gunok__tur,Mert Günok,TUR,GK,3500000,0.021,True,True,True,distributed_from_existing_optimizer_ev,0.19324,0.143319,upper_mid,0.0907589246296012,0.3039590330645292,0.3046230182862898,high,legacy_aggregate_round_context;variant_a_assist_team_share_over_cap;variant_a_goal_team_share_over_cap;variant_a_sot_team_share_over_cap
yehvann_diouf__sen,Yehvann Diouf,SEN,GK,3000000,0.0616,True,True,True,distributed_from_existing_optimizer_ev,0.08471,0.114091,upper_mid,0.09064799920183741,0.4953521100640358,0.4962589448593421,high,legacy_aggregate_round_context;variant_a_assist_team_share_over_cap;variant_a_goal_team_share_over_cap;variant_a_sot_team_share_over_cap
altay_bayindir__tur,Altay Bayindir,TUR,GK,3000000,0.0549,True,True,True,distributed_from_existing_optimizer_ev,0.146288,0.149523,upper_mid,0.08955018274247506,0.4621320273011431,0.4633673184922433,high,legacy_aggregate_round_context;variant_a_assist_team_share_over_cap;variant_a_goal_team_share_over_cap;variant_a_sot_team_share_over_cap
justin_bijlow__ned,Justin Bijlow,NED,GK,3500000,0.0159,True,True,True,distributed_from_existing_optimizer_ev,0.19312,0.134258,upper_mid,0.08899565258563762,0.36348813155847276,0.36647252576816347,high,legacy_aggregate_round_context
gonzalo_valle__ecu,Gonzalo Valle,ECU,GK,3000000,0.0471,True,True,True,distributed_from_existing_optimizer_ev,0.148679,0.141026,upper_mid,0.0869914306668147,0.42557274688473445,0.42481959772882655,low,assist_no_team_residual;goal_no_team_residual;legacy_aggregate_round_context;sot_no_team_residual;variant_a_assist_team_share_over_cap;variant_a_goal_team_share_over_cap;variant_a_sot_team_share_over_cap
alban_lafont__civ,Alban Lafont,CIV,GK,2500000,0.0829,True,True,True,distributed_from_existing_optimizer_ev,0.186498,0.145598,budget,0.08631067355225797,0.5714852690132552,0.5714852690132552,medium,legacy_aggregate_round_context;match_1_assist_missing_rate;match_1_goal_position_rate;match_1_sot_missing_rate;match_2_assist_missing_rate;match_2_goal_position_rate;match_2_sot_missing_rate;match_3_assist_missing_rate;match_3_goal_position_rate;match_3_sot_missing_rate;variant_a_assist_team_share_over_cap;variant_a_goal_team_share_over_cap;variant_a_sot_team_share_over_cap
guillermo_ochoa__mex,Guillermo Ochoa,MEX,GK,3000000,0.0352,True,True,True,distributed_from_existing_optimizer_ev,0.364713,0.244874,upper_mid,0.08609495844758171,0.38186193260949153,0.3838910897132854,high,legacy_aggregate_round_context;variant_a_assist_team_share_over_cap;variant_a_goal_team_share_over_cap;variant_a_sot_team_share_over_cap
mahmoud_abunada__qat,Mahmoud Abunada,QAT,GK,2500000,0.0871,True,True,True,distributed_from_existing_optimizer_ev,0.056012,0.076011,budget,0.08577918235666215,0.6412217335801832,0.6436642693238255,high,legacy_aggregate_round_context
fahad_talib__irq,Fahad Talib,IRQ,GK,2500000,0.0815,True,True,True,distributed_from_existing_optimizer_ev,0.066644,0.078952,budget,0.08417489729776102,0.5682562576112178,0.5732202930603164,high,legacy_aggregate_round_context
matthieu_epolo__cod,Matthieu Epolo,COD,GK,3000000,0.0251,True,True,True,distributed_from_existing_optimizer_ev,0.143114,0.110289,upper_mid,0.07960011813891395,0.3350203292224349,0.3352150298216439,low,assist_no_team_residual;legacy_aggregate_round_context;variant_a_assist_team_share_over_cap;variant_a_goal_team_share_over_cap;variant_a_sot_team_share_over_cap
lukas_hornicek__cze,Lukas Hornicek,CZE,GK,2500000,0.0626,True,True,True,distributed_from_existing_optimizer_ev,0.079936,0.076454,budget,0.0784405872253826,0.3391977742217003,0.3391977742217003,medium,legacy_aggregate_round_context;match_1_assist_missing_rate;match_1_goal_position_rate;match_1_sot_missing_rate;match_2_assist_missing_rate;match_2_goal_position_rate;match_2_sot_missing_rate;match_3_assist_missing_rate;match_3_goal_position_rate;match_3_sot_missing_rate
el_mehdi_benabid__mar,El Mehdi Benabid,MAR,GK,3000000,0.0226,True,True,True,distributed_from_existing_optimizer_ev,0.042658,0.051893,upper_mid,0.07734673503778855,0.31477201780069136,0.31456935097277844,low,assist_no_team_residual;goal_no_team_residual;legacy_aggregate_round_context;sot_no_team_residual;variant_a_assist_team_share_over_cap;variant_a_goal_team_share_over_cap;variant_a_sot_team_share_over_cap
mohamed_kone__civ,Mohamed Kone,CIV,GK,3000000,0.0251,True,True,True,distributed_from_existing_optimizer_ev,0.0,0.0,upper_mid,0.07676076923076923,0.3096499973157337,0.3096499973157337,medium,legacy_aggregate_round_context;match_1_assist_missing_rate;match_1_goal_position_rate;match_1_sot_missing_rate;match_2_assist_missing_rate;match_2_goal_position_rate;match_2_sot_missing_rate;match_3_assist_missing_rate;match_3_goal_position_rate;match_3_sot_missing_rate;variant_a_assist_team_share_over_cap;variant_a_goal_team_share_over_cap;variant_a_sot_team_share_over_cap
sander_tangvik__nor,Sander Tangvik,NOR,GK,3000000,0.0251,True,True,True,distributed_from_existing_optimizer_ev,0.0,0.0,upper_mid,0.07676076923076923,0.29337371111066457,0.2942160651697207,high,legacy_aggregate_round_context;variant_a_assist_team_share_over_cap;variant_a_goal_team_share_over_cap
muhammed_sengezer__tur,Muhammed Sengezer,TUR,GK,3000000,0.0151,True,True,True,distributed_from_existing_optimizer_ev,0.126027,0.088311,upper_mid,0.07603430277833217,0.36238095779711316,0.3629015050395511,high,legacy_aggregate_round_context;variant_a_assist_team_share_over_cap;variant_a_goal_team_share_over_cap;variant_a_sot_team_share_over_cap
marvin_keller__sui,Marvin Keller,SUI,GK,3000000,0.0151,True,True,True,distributed_from_existing_optimizer_ev,0.105789,0.07718,upper_mid,0.07574773936134083,0.3840258834606039,0.38558167559373385,high,legacy_aggregate_round_context
ricardo_goss__rsa,Ricardo Goss,RSA,GK,2500000,0.0547,True,True,True,distributed_from_existing_optimizer_ev,0.016338,0.037375,budget,0.07506451303864241,0.34289293960276884,0.3421488053050593,low,goal_no_team_residual;legacy_aggregate_round_context;sot_no_team_residual;variant_a_assist_team_share_over_cap;variant_a_goal_team_share_over_cap;variant_a_sot_team_share_over_cap
cesar_samudio__pan,Cesar Samudio,PAN,GK,2500000,0.0491,True,True,True,distributed_from_existing_optimizer_ev,0.003149,0.027214,budget,0.07312292190756262,0.3302787706536937,0.33135168123310693,high,legacy_aggregate_round_context;variant_a_assist_team_share_over_cap;variant_a_goal_team_share_over_cap
marcio_rosa__cpv,Marcio Rosa,CPV,GK,2500000,0.0464,True,True,True,distributed_from_existing_optimizer_ev,0.0,0.0,budget,0.0716123076923077,0.3095732922748946,0.31042224580580013,high,legacy_aggregate_round_context;variant_a_assist_team_share_over_cap;variant_a_goal_team_share_over_cap;variant_a_sot_team_share_over_cap
moises_ramirez__ecu,Moises Ramirez,ECU,GK,2500000,0.0355,True,True,True,distributed_from_existing_optimizer_ev,0.061168,0.052067,budget,0.0696827530640163,0.24422468832976388,0.24325331875305356,low,assist_no_team_residual;goal_no_team_residual;legacy_aggregate_round_context;sot_no_team_residual;variant_a_assist_team_share_over_cap;variant_a_goal_team_share_over_cap;variant_a_sot_team_share_over_cap
mohammad_khalife__irn,Mohammad Khalife,IRN,GK,2500000,0.0251,True,True,True,distributed_from_existing_optimizer_ev,0.198298,0.122091,budget,0.06836549466058466,0.14533179575094177,0.14561541111966078,high,legacy_aggregate_round_context
sabri_ben_hessen__tun,Sabri Ben Hessen,TUN,GK,2500000,0.0322,True,True,True,distributed_from_existing_optimizer_ev,0.0,0.0,budget,0.0673523076923077,0.20857197086354565,0.20841810773623604,high,legacy_aggregate_round_context;variant_a_assist_team_share_over_cap;variant_a_goal_team_share_over_cap;variant_a_sot_team_share_over_cap
carlos_miguel_coronel__par,Carlos Miguel Coronel,PAR,GK,2500000,0.0246,True,True,True,distributed_from_existing_optimizer_ev,0.124088,0.081016,budget,0.06715803420304088,0.14889181043565755,0.14859921708167087,low,goal_no_team_residual;legacy_aggregate_round_context;sot_no_team_residual;variant_a_assist_team_share_over_cap;variant_a_goal_team_share_over_cap;variant_a_sot_team_share_over_cap
timothy_fayulu__cod,Timothy Fayulu,COD,GK,2500000,0.0255,True,True,True,distributed_from_existing_optimizer_ev,0.099869,0.068162,budget,0.06709711279777571,0.16281403449505719,0.162765505961853,low,assist_no_team_residual;legacy_aggregate_round_context;variant_a_assist_team_share_over_cap;variant_a_goal_team_share_over_cap;variant_a_sot_team_share_over_cap
abdulrahman_al_sanbi__ksa,Abdulrahman Al-Sanbi,KSA,GK,2500000,0.0296,True,True,True,distributed_from_existing_optimizer_ev,0.004707,0.017951,budget,0.06703444944941953,0.1880557664307635,0.18968566294816613,medium,legacy_aggregate_round_context
abdallah_al_fakhouri__jor,Abdallah Al-Fakhouri,JOR,GK,2500000,0.0251,True,True,True,distributed_from_existing_optimizer_ev,0.078567,0.056238,budget,0.06667013389343603,0.1723932304722178,0.173304085908933,high,legacy_aggregate_round_context
michael_woud__nzl,Michael Woud,NZL,GK,2500000,0.0256,True,True,True,distributed_from_existing_optimizer_ev,0.053277,0.042588,budget,0.06646871976694858,0.17065612631179958,0.1706153536114236,high,legacy_aggregate_round_context;variant_a_assist_team_share_over_cap;variant_a_goal_team_share_over_cap
martin_jedlicka__cze,Martin Jedlicka,CZE,GK,2500000,0.0251,True,True,True,distributed_from_existing_optimizer_ev,0.038126,0.033996,budget,0.06609752195194635,0.147867987996177,0.147867987996177,medium,legacy_aggregate_round_context;match_1_assist_missing_rate;match_1_goal_position_rate;match_1_sot_missing_rate;match_2_assist_missing_rate;match_2_goal_position_rate;match_2_sot_missing_rate;match_3_assist_missing_rate;match_3_goal_position_rate;match_3_sot_missing_rate
owen_goodman__can,Owen Goodman,CAN,GK,2500000,0.0251,True,True,True,distributed_from_existing_optimizer_ev,0.007059,0.016909,budget,0.06565762355053308,0.17820530412249166,0.17799038040356063,high,legacy_aggregate_round_context;variant_a_assist_team_share_over_cap;variant_a_goal_team_share_over_cap;variant_a_sot_team_share_over_cap
ivor_pandur__cro,Ivor Pandur,CRO,GK,2500000,0.0251,True,True,True,distributed_from_existing_optimizer_ev,0.002561,0.014435,budget,0.06559393134914626,0.1725579984662443,0.17202435637885602,low,assist_no_team_residual;legacy_aggregate_round_context;sot_no_team_residual;variant_a_assist_team_share_over_cap;variant_a_goal_team_share_over_cap;variant_a_sot_team_share_over_cap
mohammed_al_rubaie_al_yami__ksa,Mohammed Al-Rubaie Al-Yami,KSA,GK,2500000,0.0256,True,True,True,distributed_from_existing_optimizer_ev,0.0,0.0,budget,0.0653723076923077,0.1631467572448887,0.1645910020264805,medium,legacy_aggregate_round_context
trevor_doornbusch__cuw,Trevor Doornbusch,CUW,GK,2500000,0.0254,True,True,True,distributed_from_existing_optimizer_ev,0.0,0.0,budget,0.0653123076923077,0.1735355135934071,0.17325994988672316,low,goal_no_team_residual;legacy_aggregate_round_context;variant_a_assist_team_share_over_cap;variant_a_goal_team_share_over_cap;variant_a_sot_team_share_over_cap
joseph_anang__gha,Joseph Anang,GHA,GK,2500000,0.0252,True,True,True,distributed_from_existing_optimizer_ev,0.0,0.0,budget,0.06525230769230769,0.1581539068570452,0.15928361616362566,high,legacy_aggregate_round_context
sipho_chaine__rsa,Sipho Chaine,RSA,GK,2500000,0.0252,True,True,True,distributed_from_existing_optimizer_ev,0.0,0.0,budget,0.06525230769230769,0.16271332793128065,0.1623897231241815,low,goal_no_team_residual;legacy_aggregate_round_context;sot_no_team_residual;variant_a_assist_team_share_over_cap;variant_a_goal_team_share_over_cap;variant_a_sot_team_share_over_cap
nikolas_polster__aut,Nikolas Polster,AUT,GK,2500000,0.0251,True,True,True,distributed_from_existing_optimizer_ev,0.0,0.0,budget,0.06522230769230769,0.16382075147571043,0.16373952507388814,high,legacy_aggregate_round_context;variant_a_assist_team_share_over_cap;variant_a_goal_team_share_over_cap;variant_a_sot_team_share_over_cap
kumel_al_rekabe__irq,Kumel Al-Rekabe,IRQ,GK,2500000,0.0251,True,True,True,distributed_from_existing_optimizer_ev,0.0,0.0,budget,0.06522230769230769,0.17277286533898906,0.17430594327214716,high,legacy_aggregate_round_context
osman_hadzikic__bih,Osman Hadzikic,BIH,GK,2500000,0.0251,True,True,True,distributed_from_existing_optimizer_ev,0.0,0.0,budget,0.06522230769230769,0.1486696874072994,0.1486649574915512,high,legacy_aggregate_round_context;variant_a_assist_team_share_over_cap;variant_a_goal_team_share_over_cap;variant_a_sot_team_share_over_cap
botirali_ergashev__uzb,Botirali Ergashev,UZB,GK,2500000,0.0251,True,True,True,distributed_from_existing_optimizer_ev,0.0,0.0,budget,0.06522230769230769,0.16212247139404126,0.16307176792914316,medium,legacy_aggregate_round_context;variant_a_assist_team_share_over_cap
josue_duverger__hai,Josue Duverger,HAI,GK,2500000,0.0251,True,True,True,distributed_from_existing_optimizer_ev,0.0,0.0,budget,0.06522230769230769,0.17275694067125894,0.17289935391314715,high,legacy_aggregate_round_context;variant_a_assist_team_share_over_cap;variant_a_goal_team_share_over_cap;variant_a_sot_team_share_over_cap
shehab_ellethy__qat,Shehab Ellethy,QAT,GK,2500000,0.0251,True,True,True,distributed_from_existing_optimizer_ev,0.0,0.0,budget,0.06522230769230769,0.17260344942701802,0.17330950635072526,high,legacy_aggregate_round_context
cj_dos_santos__cpv,CJ Dos Santos,CPV,GK,2500000,0.0251,True,True,True,distributed_from_existing_optimizer_ev,0.0,0.0,budget,0.06522230769230769,0.16217665703913023,0.16263735143147032,high,legacy_aggregate_round_context;variant_a_assist_team_share_over_cap;variant_a_goal_team_share_over_cap;variant_a_sot_team_share_over_cap
tyrick_bodak__cuw,Tyrick Bodak,CUW,GK,2500000,0.0251,True,True,True,distributed_from_existing_optimizer_ev,0.0,0.0,budget,0.06522230769230769,0.172762046120662,0.17249557882655586,low,goal_no_team_residual;legacy_aggregate_round_context;variant_a_assist_team_share_over_cap;variant_a_goal_team_share_over_cap;variant_a_sot_team_share_over_cap
el_mehdi_al_harrar__mar,El Mehdi Al Harrar,MAR,GK,2500000,0.0185,True,True,True,distributed_from_existing_optimizer_ev,0.089506,0.05883,budget,0.06475686396053167,0.21511300745274567,0.21468443348074032,low,assist_no_team_residual;goal_no_team_residual;legacy_aggregate_round_context;sot_no_team_residual;variant_a_assist_team_share_over_cap;variant_a_goal_team_share_over_cap;variant_a_sot_team_share_over_cap
patrick_schulte__usa,Patrick Schulte,USA,GK,2500000,0.0153,True,True,True,distributed_from_existing_optimizer_ev,0.062632,0.042388,budget,0.06337357084201835,0.24604018616250695,0.24674358066459223,high,legacy_aggregate_round_context;variant_a_assist_team_share_over_cap;variant_a_goal_team_share_over_cap;variant_a_sot_team_share_over_cap
chris_brady__usa,Chris Brady,USA,GK,2500000,0.0151,True,True,True,distributed_from_existing_optimizer_ev,0.0,0.0,budget,0.062222307692307695,0.2472898171370249,0.24798388604120816,high,legacy_aggregate_round_context;variant_a_assist_team_share_over_cap;variant_a_goal_team_share_over_cap;variant_a_sot_team_share_over_cap
el_mahdi_soliman__egy,El Mahdi Soliman,EGY,GK,2500000,0.015,True,True,True,distributed_from_existing_optimizer_ev,0.0,0.0,budget,0.06219230769230769,0.22982828442097628,0.23056437631373808,high,legacy_aggregate_round_context;variant_a_assist_team_share_over_cap;variant_a_goal_team_share_over_cap
mohamed_alaa__egy,Mohamed Alaa,EGY,GK,2500000,0.015,True,True,True,distributed_from_existing_optimizer_ev,0.0,0.0,budget,0.06219230769230769,0.22982828442097628,0.23056437631373808,high,legacy_aggregate_round_context;variant_a_assist_team_share_over_cap;variant_a_goal_team_share_over_cap
juan_espinola__par,Juan Espinola,PAR,GK,2500000,0.015,True,True,True,distributed_from_existing_optimizer_ev,0.0,0.0,budget,0.06219230769230769,0.21973775547613866,0.21952629171561908,low,goal_no_team_residual;legacy_aggregate_round_context;sot_no_team_residual;variant_a_assist_team_share_over_cap;variant_a_goal_team_share_over_cap;variant_a_sot_team_share_over_cap
