player_id,player_name,team_id,position,pool_start_prob,pool_start_prob_source,ev_start_prob,ev_start_prob_source,start_prob_diff,minute_share,suspected_issue,recommended_action
lautaro_mart_nez__arg,Lautaro Martinez,ARG,FWD,0.8498,transfermarkt_availability_split_2026_06_04,0.8498,transfermarkt_availability_split_2026_06_01,0.0,0.077255,ok,No action.
lionel_messi__arg,Lionel Messi,ARG,FWD,0.8949,transfermarkt_availability_split_2026_06_04,0.8949,transfermarkt_availability_split_2026_06_01,0.0,0.081355,ok,No action.
jonathan_david__can,Jonathan David,CAN,FWD,0.9,transfermarkt_availability_split_2026_06_04,0.9,transfermarkt_availability_split_2026_06_01,0.0,0.081818,ok,No action.
kerem_akt_rko_lu__tur,Kerem Akturkoglu,TUR,MID,0.8753,transfermarkt_availability_split_2026_06_04,0.8753,transfermarkt_availability_split_2026_06_01,0.0,0.079573,ok,No action.
cristiano_ronaldo__por,Cristiano Ronaldo,POR,FWD,0.908,transfermarkt_availability_split_2026_06_04,0.908,transfermarkt_availability_split_2026_06_01,0.0,0.082545,ok,No action.
kylian_mbapp__fra,Kylian Mbappe,FRA,FWD,0.902,transfermarkt_availability_split_2026_06_04,0.902,transfermarkt_availability_split_2026_06_01,0.0,0.082,ok,No action.
vinicius_j_nior__bra,Vinicius Junior,BRA,FWD,0.7444,transfermarkt_availability_split_2026_06_04,0.7444,transfermarkt_availability_split_2026_06_01,0.0,0.067673,ok,No action.
cody_gakpo__ned,Cody Gakpo,NED,FWD,0.8713,transfermarkt_availability_split_2026_06_04,0.8713,transfermarkt_availability_split_2026_06_01,0.0,0.079209,ok,No action.
harry_kane__eng,Harry Kane,ENG,FWD,0.8702,transfermarkt_availability_split_2026_06_04,0.8702,transfermarkt_availability_split_2026_06_01,0.0,0.079109,ok,No action.
ra_l_jim_nez__mex,Raul Jimenez,MEX,FWD,0.7012,transfermarkt_availability_split_2026_06_04,0.7012,transfermarkt_availability_split_2026_06_01,0.0,0.063745,ok,No action.
lamine_yamal__esp,Lamine Yamal,ESP,FWD,0.8685,transfermarkt_availability_split_2026_06_04,0.8685,transfermarkt_availability_split_2026_06_01,0.0,0.078955,ok,No action.
brahim_d_az__mar,Brahim Diaz,MAR,FWD,0.8254,transfermarkt_availability_split_2026_06_04,0.8254,transfermarkt_availability_split_2026_06_01,0.0,0.075036,ok,No action.
mikel_oyarzabal__esp,Mikel Oyarzabal,ESP,FWD,0.8478,transfermarkt_availability_split_2026_06_04,0.8478,transfermarkt_availability_split_2026_06_01,0.0,0.077073,ok,No action.
marko_arnautovi__aut,Marko Arnautovic,AUT,FWD,0.8911,transfermarkt_availability_split_2026_06_04,0.8911,transfermarkt_availability_split_2026_06_01,0.0,0.081009,ok,No action.
rafael_le_o__por,Rafael Leão,POR,FWD,0.8615,transfermarkt_availability_split_2026_06_04,0.8615,transfermarkt_availability_split_2026_06_01,0.0,0.078318,ok,No action.
breel_embolo__sui,Breel Embolo,SUI,FWD,0.8813,transfermarkt_availability_split_2026_06_04,0.8813,transfermarkt_availability_split_2026_06_01,0.0,0.080118,ok,No action.
juli_n_lvarez__arg,Julian Alvarez,ARG,FWD,0.7993,transfermarkt_availability_split_2026_06_04,0.7993,transfermarkt_availability_split_2026_06_01,0.0,0.072664,ok,No action.
andrej_kramari__cro,Andrej Kramaric,CRO,FWD,0.8826,transfermarkt_availability_split_2026_06_04,0.8826,transfermarkt_availability_split_2026_06_01,0.0,0.080236,ok,No action.
mohamed_salah__egy,Mohamed Salah,EGY,FWD,0.8489,transfermarkt_availability_split_2026_06_04,0.8489,transfermarkt_availability_split_2026_06_01,0.0,0.077173,ok,No action.
sadio_man__sen,Sadio Mane,SEN,FWD,0.9164,transfermarkt_availability_split_2026_06_04,0.9164,transfermarkt_availability_split_2026_06_01,0.0,0.083309,ok,No action.
ousmane_demb_l__fra,Ousmane Dembele,FRA,FWD,0.698,transfermarkt_availability_split_2026_06_04,0.698,transfermarkt_availability_split_2026_06_01,0.0,0.063455,ok,No action.
erling_haaland__nor,Erling Haaland,NOR,FWD,0.8883,transfermarkt_availability_split_2026_06_04,0.8883,transfermarkt_availability_split_2026_06_01,0.0,0.080755,ok,No action.
jeremy_doku__bel,Jeremy Doku,BEL,FWD,0.7134,transfermarkt_availability_split_2026_06_04,0.7134,transfermarkt_availability_split_2026_06_01,0.0,0.064855,ok,No action.
leandro_trossard__bel,Leandro Trossard,BEL,FWD,0.6774,transfermarkt_availability_split_2026_06_04,0.6774,transfermarkt_availability_split_2026_06_01,0.0,0.061582,ok,No action.
nick_woltemade__ger,Nick Woltemade,GER,FWD,0.9083,transfermarkt_availability_split_2026_06_04,0.9083,transfermarkt_availability_split_2026_06_01,0.0,0.082573,ok,No action.
patrick_agyemang__usa,Patrick Agyemang,USA,FWD,0.7929,transfermarkt_availability_split_2026_06_04,0.7929,transfermarkt_availability_split_2026_06_01,0.0,0.072082,ok,No action.
aymeric_laporte__esp,Aymeric Laporte,ESP,DEF,0.822,transfermarkt_availability_split_2026_06_04,0.822,transfermarkt_availability_split_2026_06_01,0.0,0.074727,ok,No action.
omar_marmoush__egy,Omar Marmoush,EGY,FWD,0.8626,transfermarkt_availability_split_2026_06_04,0.8626,transfermarkt_availability_split_2026_06_01,0.0,0.078418,ok,No action.
matheus_cunha__bra,Matheus Cunha,BRA,FWD,0.6946,transfermarkt_availability_split_2026_06_04,0.6946,transfermarkt_availability_split_2026_06_01,0.0,0.063145,ok,No action.
nico_williams__esp,Nico Williams,ESP,FWD,0.8158,transfermarkt_availability_split_2026_06_04,0.8158,transfermarkt_availability_split_2026_06_01,0.0,0.074164,ok,No action.
arda_g_ler__tur,Arda Güler,TUR,MID,0.8467,transfermarkt_availability_split_2026_06_04,0.8467,transfermarkt_availability_split_2026_06_01,0.0,0.076973,ok,No action.
enner_valencia__ecu,Enner Valencia,ECU,FWD,0.8568,transfermarkt_availability_split_2026_06_04,0.8568,transfermarkt_availability_split_2026_06_01,0.0,0.077891,ok,No action.
nuno_mendes__por,Nuno Mendes,POR,DEF,0.7657,transfermarkt_availability_split_2026_06_04,0.7657,transfermarkt_availability_split_2026_06_01,0.0,0.069609,ok,No action.
federico_vi_as__uru,Federico Vinas,URU,FWD,0.7883,transfermarkt_availability_split_2026_06_04,0.7883,transfermarkt_availability_split_2026_06_01,0.0,0.071664,ok,No action.
nahuel_molina__arg,Nahuel Molina,ARG,DEF,0.891,transfermarkt_availability_split_2026_06_04,0.891,transfermarkt_availability_split_2026_06_01,0.0,0.081,ok,No action.
marcus_rashford__eng,Marcus Rashford,ENG,FWD,0.7499,transfermarkt_availability_split_2026_06_04,0.7499,transfermarkt_availability_split_2026_06_01,0.0,0.068173,ok,No action.
bukayo_saka__eng,Bukayo Saka,ENG,FWD,0.8152,transfermarkt_availability_split_2026_06_04,0.8152,transfermarkt_availability_split_2026_06_01,0.0,0.074109,ok,No action.
cristian_romero__arg,Cristian Romero,ARG,DEF,0.8499,transfermarkt_availability_split_2026_06_04,0.8499,transfermarkt_availability_split_2026_06_01,0.0,0.077264,ok,No action.
tajon_buchanan__can,Tajon Buchanan,CAN,MID,0.9066,transfermarkt_availability_split_2026_06_04,0.9066,transfermarkt_availability_split_2026_06_01,0.0,0.082418,ok,No action.
ferr_n_torres__esp,Ferran Torres,ESP,FWD,0.8416,transfermarkt_availability_split_2026_06_04,0.8416,transfermarkt_availability_split_2026_06_01,0.0,0.076509,ok,No action.
luis_d_az__col,Luis Diaz,COL,FWD,0.9001,transfermarkt_availability_split_2026_06_04,0.9001,transfermarkt_availability_split_2026_06_01,0.0,0.081827,ok,No action.
denzel_dumfries__ned,Denzel Dumfries,NED,DEF,0.8258,transfermarkt_availability_split_2026_06_04,0.8258,transfermarkt_availability_split_2026_06_01,0.0,0.075073,ok,No action.
oscar_bobb__nor,Oscar Bobb,NOR,MID,0.9101,transfermarkt_availability_split_2026_06_04,0.9101,transfermarkt_availability_split_2026_06_01,0.0,0.082736,ok,No action.
pedro_neto__por,Pedro Neto,POR,FWD,0.6389,transfermarkt_availability_split_2026_06_04,0.6389,transfermarkt_availability_split_2026_06_01,0.0,0.058082,ok,No action.
marquinhos__bra,Marquinhos,BRA,DEF,0.7639,transfermarkt_availability_split_2026_06_04,0.7639,transfermarkt_availability_split_2026_06_01,0.0,0.069445,ok,No action.
son_heung_min__kor,Heung-Min Son,KOR,FWD,0.8464,transfermarkt_availability_split_2026_06_04,0.8464,transfermarkt_availability_split_2026_06_01,0.0,0.076945,ok,No action.
joshua_kimmich__ger,Joshua Kimmich,GER,MID,0.9287,transfermarkt_availability_split_2026_06_04,0.9287,transfermarkt_availability_split_2026_06_01,0.0,0.084427,ok,No action.
antonio_r_diger__ger,Antonio Rüdiger,GER,DEF,0.7723,transfermarkt_availability_split_2026_06_04,0.7723,transfermarkt_availability_split_2026_06_01,0.0,0.070209,ok,No action.
mike_maignan__fra,Mike Maignan,FRA,GK,0.8865,transfermarkt_availability_split_2026_06_04+gk_hierarchy_normalized,0.8865,transfermarkt_availability_split_2026_06_04+gk_hierarchy_normalized,0.0,0.080591,ok,No action.
ayoub_el_kaabi__mar,Ayoub El Kaabi,MAR,FWD,0.7445,transfermarkt_availability_split_2026_06_04,0.7445,transfermarkt_availability_split_2026_06_01,0.0,0.067682,ok,No action.
nicol_s_otamendi__arg,Nicolas Otamendi,ARG,DEF,0.7821,transfermarkt_availability_split_2026_06_04,0.7821,transfermarkt_availability_split_2026_06_01,0.0,0.0711,ok,No action.
bruno_fernandes__por,Bruno Fernandes,POR,MID,0.8419,transfermarkt_availability_split_2026_06_04,0.8419,transfermarkt_availability_split_2026_06_01,0.0,0.076536,ok,No action.
michael_olise__fra,Michael Olise,FRA,FWD,0.7944,transfermarkt_availability_split_2026_06_04,0.7944,transfermarkt_availability_split_2026_06_01,0.0,0.072218,ok,No action.
morgan_rogers__eng,Morgan Rogers,ENG,MID,0.8928,transfermarkt_availability_split_2026_06_04,0.8928,transfermarkt_availability_split_2026_06_01,0.0,0.081164,ok,No action.
r_ben_dias__por,Ruben Dias,POR,DEF,0.8077,transfermarkt_availability_split_2026_06_04,0.8077,transfermarkt_availability_split_2026_06_01,0.0,0.073427,ok,No action.
manuel_akanji__sui,Manuel Akanji,SUI,DEF,0.8685,transfermarkt_availability_split_2026_06_04,0.8685,transfermarkt_availability_split_2026_06_01,0.0,0.078955,ok,No action.
marc_cucurella__esp,Marc Cucurella,ESP,DEF,0.6634,transfermarkt_availability_split_2026_06_04,0.6634,transfermarkt_availability_split_2026_06_01,0.0,0.060309,ok,No action.
timothy_castagne__bel,Timothy Castagne,BEL,DEF,0.7767,transfermarkt_availability_split_2026_06_04,0.7767,transfermarkt_availability_split_2026_06_01,0.0,0.070609,ok,No action.
virgil_van_dijk__ned,Virgil van Dijk,NED,DEF,0.8829,transfermarkt_availability_split_2026_06_04,0.8829,transfermarkt_availability_split_2026_06_01,0.0,0.080264,ok,No action.
marc_gu_hi__eng,Marc Guehi,ENG,DEF,0.6708,transfermarkt_availability_split_2026_06_04,0.6708,transfermarkt_availability_split_2026_06_01,0.0,0.060982,ok,No action.
dan_ndoye__sui,Dan Ndoye,SUI,FWD,0.8479,transfermarkt_availability_split_2026_06_04,0.8479,transfermarkt_availability_split_2026_06_01,0.0,0.077082,ok,No action.
antonio_nusa__nor,Antonio Nusa,NOR,MID,0.8157,transfermarkt_availability_split_2026_06_04,0.8157,transfermarkt_availability_split_2026_06_01,0.0,0.074155,ok,No action.
maxim_de_cuyper__bel,Maxim De Cuyper,BEL,DEF,0.7162,transfermarkt_availability_split_2026_06_04,0.7162,transfermarkt_availability_split_2026_06_01,0.0,0.065109,ok,No action.
gonzalo_plata__ecu,Gonzalo Plata,ECU,MID,0.7964,transfermarkt_availability_split_2026_06_04,0.7964,transfermarkt_availability_split_2026_06_01,0.0,0.0724,ok,No action.
marcus_thuram__fra,Marcus Thuram,FRA,FWD,0.6205,transfermarkt_availability_split_2026_06_04,0.6205,transfermarkt_availability_split_2026_06_01,0.0,0.056409,ok,No action.
tijjani_reijnders__ned,Tijjani Reijnders,NED,MID,0.884,transfermarkt_availability_split_2026_06_04,0.884,transfermarkt_availability_split_2026_06_01,0.0,0.080364,ok,No action.
alexis_mac_allister__arg,Alexis Mac Allister,ARG,MID,0.7538,transfermarkt_availability_split_2026_06_04,0.7538,transfermarkt_availability_split_2026_06_01,0.0,0.068527,ok,No action.
nicol_s_tagliafico__arg,Nicolas Tagliafico,ARG,DEF,0.7459,transfermarkt_availability_split_2026_06_04,0.7459,transfermarkt_availability_split_2026_06_01,0.0,0.067809,ok,No action.
jo_o_f_lix__por,João Felix,POR,FWD,0.7051,transfermarkt_availability_split_2026_06_04,0.7051,transfermarkt_availability_split_2026_06_01,0.0,0.0641,ok,No action.
donyell_malen__ned,Donyell Malen,NED,FWD,0.7099,transfermarkt_availability_split_2026_06_04,0.7099,transfermarkt_availability_split_2026_06_01,0.0,0.064536,ok,No action.
richie_laryea__can,Richie Laryea,CAN,DEF,0.8983,transfermarkt_availability_split_2026_06_04,0.8983,transfermarkt_availability_split_2026_06_01,0.0,0.081664,ok,No action.
rodrigo_de_paul__arg,Rodrigo de Paul,ARG,MID,0.9318,transfermarkt_availability_split_2026_06_04,0.9318,transfermarkt_availability_split_2026_06_01,0.0,0.084709,ok,No action.
marcel_sabitzer__aut,Marcel Sabitzer,AUT,MID,0.8181,transfermarkt_availability_split_2026_06_04,0.8181,transfermarkt_availability_split_2026_06_01,0.0,0.074373,ok,No action.
theo_hern_ndez__fra,Theo Hernandez,FRA,DEF,0.703,transfermarkt_availability_split_2026_06_04,0.703,transfermarkt_availability_split_2026_06_01,0.0,0.063909,ok,No action.
scott_mctominay__sco,Scott McTominay,SCO,MID,0.8738,transfermarkt_availability_split_2026_06_04,0.8738,transfermarkt_availability_split_2026_06_01,0.0,0.079436,ok,No action.
mehdi_taremi__irn,Mehdi Taremi,IRN,FWD,0.9079,transfermarkt_availability_split_2026_06_04,0.9079,transfermarkt_availability_split_2026_06_01,0.0,0.082536,ok,No action.
c_sar_montes__mex,Cesar Montes,MEX,DEF,0.6417,transfermarkt_availability_split_2026_06_04,0.6417,transfermarkt_availability_split_2026_06_01,0.0,0.058336,ok,No action.
casemiro__bra,Casemiro,BRA,MID,0.7578,transfermarkt_availability_split_2026_06_04,0.7578,transfermarkt_availability_split_2026_06_01,0.0,0.068891,ok,No action.
florian_wirtz__ger,Florian Wirtz,GER,MID,0.8582,transfermarkt_availability_split_2026_06_04,0.8582,transfermarkt_availability_split_2026_06_01,0.0,0.078018,ok,No action.
ricardo_rodr_guez__sui,Ricardo Rodriguez,SUI,DEF,0.8884,transfermarkt_availability_split_2026_06_04,0.8884,transfermarkt_availability_split_2026_06_01,0.0,0.080764,ok,No action.
malik_tillman__usa,Malik Tillman,USA,MID,0.6757,transfermarkt_availability_split_2026_06_04,0.6757,transfermarkt_availability_split_2026_06_01,0.0,0.061427,ok,No action.
jo_ko_gvardiol__cro,Josko Gvardiol,CRO,DEF,0.8562,transfermarkt_availability_split_2026_06_04,0.8562,transfermarkt_availability_split_2026_06_01,0.0,0.077836,ok,No action.
kevin_de_bruyne__bel,Kevin De Bruyne,BEL,MID,0.8443,transfermarkt_availability_split_2026_06_04,0.8443,transfermarkt_availability_split_2026_06_01,0.0,0.076755,ok,No action.
william_saliba__fra,William Saliba,FRA,DEF,0.6775,transfermarkt_availability_split_2026_06_04,0.6775,transfermarkt_availability_split_2026_06_01,0.0,0.061591,ok,No action.
alexander_isak__swe,Alexander Isak,SWE,FWD,0.8206,transfermarkt_availability_split_2026_06_04,0.8206,transfermarkt_availability_split_2026_06_01,0.0,0.0746,ok,No action.
michael_gregoritsch__aut,Michael Gregoritsch,AUT,FWD,0.7668,transfermarkt_availability_split_2026_06_04,0.7668,transfermarkt_availability_split_2026_06_01,0.0,0.069709,ok,No action.
james_rodr_guez__col,James Rodriguez,COL,MID,0.8875,transfermarkt_availability_split_2026_06_04,0.8875,transfermarkt_availability_split_2026_06_01,0.0,0.080682,ok,No action.
jordan_pickford__eng,Jordan Pickford,ENG,GK,0.78,transfermarkt_availability_split_2026_06_04+gk_hierarchy_normalized,0.78,transfermarkt_availability_split_2026_06_04+gk_hierarchy_normalized,0.0,0.070909,ok,No action.
gabriel_martinelli__bra,Gabriel Martinelli,BRA,FWD,0.6448,transfermarkt_availability_split_2026_06_04,0.6448,transfermarkt_availability_split_2026_06_01,0.0,0.058618,ok,No action.
francisco_concei_o__por,Francisco Conceicao,POR,FWD,0.585,transfermarkt_availability_split_2026_06_04,0.585,transfermarkt_availability_split_2026_06_01,0.0,0.053182,ok,No action.
alexander_s_rloth__nor,Alexander Sørloth,NOR,FWD,0.8078,transfermarkt_availability_split_2026_06_04,0.8078,transfermarkt_availability_split_2026_06_01,0.0,0.073436,ok,No action.
max_arfsten__usa,Max Arfsten,USA,DEF,0.8217,transfermarkt_availability_split_2026_06_04,0.8217,transfermarkt_availability_split_2026_06_01,0.0,0.0747,ok,No action.
john_stones__eng,John Stones,ENG,DEF,0.7454,transfermarkt_availability_split_2026_06_04,0.7454,transfermarkt_availability_split_2026_06_01,0.0,0.067764,ok,No action.
riyad_mahrez__alg,Riyad Mahrez,ALG,FWD,0.858,transfermarkt_availability_split_2026_06_04,0.858,transfermarkt_availability_split_2026_06_01,0.0,0.078,ok,No action.
leo_pereira__bra,Leo Pereira,BRA,DEF,0.873,transfermarkt_availability_split_2026_06_04,0.873,transfermarkt_availability_split_2026_06_01,0.0,0.079364,ok,No action.
remo_freuler__sui,Remo Freuler,SUI,MID,0.8331,transfermarkt_availability_split_2026_06_04,0.8331,transfermarkt_availability_split_2026_06_01,0.0,0.075736,ok,No action.
gon_alo_ramos__por,Goncalo Ramos,POR,FWD,0.6042,transfermarkt_availability_split_2026_06_04,0.6042,transfermarkt_availability_split_2026_06_01,0.0,0.054927,ok,No action.
jo_o_cancelo__por,João Cancelo,POR,DEF,0.732,transfermarkt_availability_split_2026_06_04,0.732,transfermarkt_availability_split_2026_06_01,0.0,0.066545,ok,No action.
firas_al_buraikan__ksa,Firas Al-Buraikan,KSA,FWD,0.8388,transfermarkt_availability_split_2026_06_04,0.8388,transfermarkt_availability_split_2026_06_01,0.0,0.076255,ok,No action.
silvan_widmer__sui,Silvan Widmer,SUI,DEF,0.632,transfermarkt_availability_split_2026_06_04,0.632,transfermarkt_availability_split_2026_06_01,0.0,0.057455,ok,No action.
amar_memi__bih,Amar Memic,BIH,MID,0.8296,transfermarkt_availability_split_2026_06_04,0.8296,transfermarkt_availability_split_2026_06_01,0.0,0.075418,ok,No action.
david_raum__ger,David Raum,GER,DEF,0.6701,transfermarkt_availability_split_2026_06_04,0.6701,transfermarkt_availability_split_2026_06_01,0.0,0.060918,ok,No action.
giovani_lo_celso__arg,Giovani Lo Celso,ARG,MID,0.7765,transfermarkt_availability_split_2026_06_04,0.7765,transfermarkt_availability_split_2026_06_01,0.0,0.070591,ok,No action.
ezri_konsa__eng,Ezri Konsa,ENG,DEF,0.629,transfermarkt_availability_split_2026_06_04,0.629,transfermarkt_availability_split_2026_06_01,0.0,0.057182,ok,No action.
jos_mar_a_gim_nez__uru,Jose Maria Gimenez,URU,DEF,0.8283,transfermarkt_availability_split_2026_06_04,0.8283,transfermarkt_availability_split_2026_06_01,0.0,0.0753,ok,No action.
ruben_vargas__sui,Ruben Vargas,SUI,FWD,0.8607,transfermarkt_availability_split_2026_06_04,0.8607,transfermarkt_availability_split_2026_06_01,0.0,0.078245,ok,No action.
maxence_lacroix__fra,Maxence Lacroix,FRA,DEF,0.873,transfermarkt_availability_split_2026_06_04,0.873,transfermarkt_availability_split_2026_06_01,0.0,0.079364,ok,No action.
math_as_olivera__uru,Mathias Olivera,URU,DEF,0.8379,transfermarkt_availability_split_2026_06_04,0.8379,transfermarkt_availability_split_2026_06_01,0.0,0.076173,ok,No action.
dayot_upamecano__fra,Dayot Upamecano,FRA,DEF,0.6745,transfermarkt_availability_split_2026_06_04,0.6745,transfermarkt_availability_split_2026_06_01,0.0,0.061318,ok,No action.
alistair_johnston__can,Alistair Johnston,CAN,DEF,0.8759,transfermarkt_availability_split_2026_06_04,0.8759,transfermarkt_availability_split_2026_06_01,0.0,0.079627,ok,No action.
lyle_foster__rsa,Lyle Foster,RSA,FWD,0.7768,transfermarkt_availability_split_2026_06_04,0.7768,transfermarkt_availability_split_2026_06_01,0.0,0.070618,ok,No action.
piero_hincapi__ecu,Piero Hincapie,ECU,DEF,0.8766,transfermarkt_availability_split_2026_06_04,0.8766,transfermarkt_availability_split_2026_06_01,0.0,0.079691,ok,No action.
thomas_meunier__bel,Thomas Meunier,BEL,DEF,0.7556,transfermarkt_availability_split_2026_06_04,0.7556,transfermarkt_availability_split_2026_06_01,0.0,0.068691,ok,No action.
alphonso_davies__can,Alphonso Davies,CAN,DEF,0.8616,transfermarkt_availability_split_2026_06_04,0.8616,transfermarkt_availability_split_2026_06_01,0.0,0.078327,ok,No action.
pedro_porro__esp,Pedro Porro,ESP,DEF,0.5375,transfermarkt_availability_split_2026_06_04,0.5375,transfermarkt_availability_split_2026_06_01,0.0,0.048864,ok,No action.
fabian_rieder__sui,Fabian Rieder,SUI,MID,0.7887,transfermarkt_availability_split_2026_06_04,0.7887,transfermarkt_availability_split_2026_06_01,0.0,0.0717,ok,No action.
jes_s_gallardo__mex,Jesus Gallardo,MEX,DEF,0.7889,transfermarkt_availability_split_2026_06_04,0.7889,transfermarkt_availability_split_2026_06_01,0.0,0.071718,ok,No action.
luiz_henrique__bra,Luiz Henrique,BRA,FWD,0.8148,transfermarkt_availability_split_2026_06_04,0.8148,transfermarkt_availability_split_2026_06_01,0.0,0.074073,ok,No action.
pau_cubars__esp,Pau Cubarsi,ESP,DEF,0.6024,transfermarkt_availability_split_2026_06_04,0.6024,transfermarkt_availability_split_2026_06_01,0.0,0.054764,ok,No action.
noni_madueke__eng,Noni Madueke,ENG,FWD,0.7302,transfermarkt_availability_split_2026_06_04,0.7302,transfermarkt_availability_split_2026_06_01,0.0,0.066382,ok,No action.
jules_kounde__fra,Jules Kounde,FRA,DEF,0.7661,transfermarkt_availability_split_2026_06_04,0.7661,transfermarkt_availability_split_2026_06_01,0.0,0.069645,ok,No action.
ayase_ueda__jpn,Ayase Ueda,JPN,FWD,0.7167,transfermarkt_availability_split_2026_06_04,0.7167,transfermarkt_availability_split_2026_06_01,0.0,0.065155,ok,No action.
malo_gusto__fra,Malo Gusto,FRA,DEF,0.6615,transfermarkt_availability_split_2026_06_04,0.6615,transfermarkt_availability_split_2026_06_01,0.0,0.060136,ok,No action.
davinson_s_nchez__col,Davinson Sanchez,COL,DEF,0.7666,transfermarkt_availability_split_2026_06_04,0.7666,transfermarkt_availability_split_2026_06_01,0.0,0.069691,ok,No action.
achraf_hakimi__mar,Achraf Hakimi,MAR,DEF,0.8167,transfermarkt_availability_split_2026_06_04,0.8167,transfermarkt_availability_split_2026_06_01,0.0,0.074245,ok,No action.
pervis_estupi_n__ecu,Pervis Estupinan,ECU,DEF,0.8713,transfermarkt_availability_split_2026_06_04,0.8713,transfermarkt_availability_split_2026_06_01,0.0,0.079209,ok,No action.
kai_havertz__ger,Kai Havertz,GER,FWD,0.8043,transfermarkt_availability_split_2026_06_04,0.8043,transfermarkt_availability_split_2026_06_01,0.0,0.073118,ok,No action.
jamal_musiala__ger,Jamal Musiala,GER,MID,0.8355,transfermarkt_availability_split_2026_06_04,0.8355,transfermarkt_availability_split_2026_06_01,0.0,0.075955,ok,No action.
daniel_mu_oz__col,Daniel Muñoz,COL,DEF,0.7378,transfermarkt_availability_split_2026_06_04,0.7378,transfermarkt_availability_split_2026_06_01,0.0,0.067073,ok,No action.
ollie_watkins__eng,Ollie Watkins,ENG,FWD,0.5529,transfermarkt_availability_split_2026_06_04,0.5529,transfermarkt_availability_split_2026_06_01,0.0,0.050264,ok,No action.
lee_kang_in__kor,Kang-In Lee,KOR,MID,0.7678,transfermarkt_availability_split_2026_06_04,0.7678,transfermarkt_availability_split_2026_06_01,0.0,0.0698,ok,No action.
enzo_fern_ndez__arg,Enzo Fernandez,ARG,MID,0.9015,transfermarkt_availability_split_2026_06_04,0.9015,transfermarkt_availability_split_2026_06_01,0.0,0.081955,ok,No action.
jonathan_tah__ger,Jonathan Tah,GER,DEF,0.5671,transfermarkt_availability_split_2026_06_04,0.5671,transfermarkt_availability_split_2026_06_01,0.0,0.051555,ok,No action.
nico_schlotterbeck__ger,Nico Schlotterbeck,GER,DEF,0.6026,transfermarkt_availability_split_2026_06_04,0.6026,transfermarkt_availability_split_2026_06_01,0.0,0.054782,ok,No action.
declan_rice__eng,Declan Rice,ENG,MID,0.8465,transfermarkt_availability_split_2026_06_04,0.8465,transfermarkt_availability_split_2026_06_01,0.0,0.076955,ok,No action.
bernardo_silva__por,Bernardo Silva,POR,MID,0.8322,transfermarkt_availability_split_2026_06_04,0.8322,transfermarkt_availability_split_2026_06_01,0.0,0.075655,ok,No action.
nicolas_jackson__sen,Nicolas Jackson,SEN,FWD,0.6272,transfermarkt_availability_split_2026_06_04,0.6272,transfermarkt_availability_split_2026_06_01,0.0,0.057018,ok,No action.
leroy_san__ger,Leroy Sane,GER,FWD,0.8215,transfermarkt_availability_split_2026_06_04,0.8215,transfermarkt_availability_split_2026_06_01,0.0,0.074682,ok,No action.
luka_modri__cro,Luka Modric,CRO,MID,0.9158,transfermarkt_availability_split_2026_06_04,0.9158,transfermarkt_availability_split_2026_06_01,0.0,0.083255,ok,No action.
manuel_neuer__ger,Manuel Neuer,GER,GK,0.7293,transfermarkt_availability_split_2026_06_04+gk_hierarchy_normalized,0.7293,transfermarkt_availability_split_2026_06_04+gk_hierarchy_normalized,0.0,0.0663,ok,No action.
roberto_alvarado__mex,Roberto Alvarado,MEX,MID,0.6394,transfermarkt_availability_split_2026_06_04,0.6394,transfermarkt_availability_split_2026_06_01,0.0,0.058127,ok,No action.
zeno_debast__bel,Zeno Debast,BEL,DEF,0.6566,transfermarkt_availability_split_2026_06_04,0.6566,transfermarkt_availability_split_2026_06_01,0.0,0.059691,ok,No action.
chris_richards__usa,Chris Richards,USA,DEF,0.6712,transfermarkt_availability_split_2026_06_04,0.6712,transfermarkt_availability_split_2026_06_01,0.0,0.061018,ok,No action.
alexis_vega__mex,Alexis Vega,MEX,FWD,0.6639,transfermarkt_availability_split_2026_06_04,0.6639,transfermarkt_availability_split_2026_06_01,0.0,0.060355,ok,No action.
john_yeboah__ecu,John Yeboah,ECU,MID,0.6657,transfermarkt_availability_split_2026_06_04,0.6657,transfermarkt_availability_split_2026_06_01,0.0,0.060518,ok,No action.
noussair_mazraoui__mar,Noussair Mazraoui,MAR,DEF,0.7704,transfermarkt_availability_split_2026_06_04,0.7704,transfermarkt_availability_split_2026_06_01,0.0,0.070036,ok,No action.
pedri__esp,Pedri,ESP,MID,0.8417,transfermarkt_availability_split_2026_06_04,0.8417,transfermarkt_availability_split_2026_06_01,0.0,0.076518,ok,No action.
vitinha__por,Vitinha,POR,MID,0.7497,transfermarkt_availability_split_2026_06_04,0.7497,transfermarkt_availability_split_2026_06_01,0.0,0.068155,ok,No action.
leonardo_balerdi__arg,Leonardo Balerdi,ARG,DEF,0.5864,transfermarkt_availability_split_2026_06_04,0.5864,transfermarkt_availability_split_2026_06_01,0.0,0.053309,ok,No action.
abde_ezzalzouli__mar,Abde Ezzalzouli,MAR,FWD,0.7489,transfermarkt_availability_split_2026_06_04,0.7489,transfermarkt_availability_split_2026_06_01,0.0,0.068082,ok,No action.
micky_van_de_ven__ned,Micky van de Ven,NED,DEF,0.7361,transfermarkt_availability_split_2026_06_04,0.7361,transfermarkt_availability_split_2026_06_01,0.0,0.066918,ok,No action.
der_milit_o__bra,Eder Militão,BRA,DEF,0.6505,transfermarkt_availability_split_2026_06_04,0.6505,transfermarkt_availability_split_2026_06_01,0.0,0.059136,ok,No action.
santiago_arias__col,Santiago Arias,COL,DEF,0.6674,transfermarkt_availability_split_2026_06_04,0.6674,transfermarkt_availability_split_2026_06_01,0.0,0.060673,ok,No action.
mario_pa_ali__cro,Mario Pasalic,CRO,MID,0.7032,transfermarkt_availability_split_2026_06_04,0.7032,transfermarkt_availability_split_2026_06_01,0.0,0.063927,ok,No action.
ibrahim_mbaye__sen,Ibrahim Mbaye,SEN,MID,0.8137,transfermarkt_availability_split_2026_06_04,0.8137,transfermarkt_availability_split_2026_06_01,0.0,0.073973,ok,No action.
antonio_sanabria__par,Antonio Sanabria,PAR,FWD,0.6911,transfermarkt_availability_split_2026_06_04,0.6911,transfermarkt_availability_split_2026_06_01,0.0,0.062827,ok,No action.
tani_oluwaseyi__can,Tani Oluwaseyi,CAN,FWD,0.6748,transfermarkt_availability_split_2026_06_04,0.6748,transfermarkt_availability_split_2026_06_01,0.0,0.061345,ok,No action.
kerim_alajbegovi__bih,Kerim Alajbegovic,BIH,MID,0.873,transfermarkt_availability_split_2026_06_04,0.873,transfermarkt_availability_split_2026_06_01,0.0,0.079364,ok,No action.
gonzalo_montiel__arg,Gonzalo Montiel,ARG,DEF,0.5485,transfermarkt_availability_split_2026_06_04,0.5485,transfermarkt_availability_split_2026_06_01,0.0,0.049864,ok,No action.
lucas_hern_ndez__fra,Lucas Hernandez,FRA,DEF,0.6898,transfermarkt_availability_split_2026_06_04,0.6898,transfermarkt_availability_split_2026_06_01,0.0,0.062709,ok,No action.
granit_xhaka__sui,Granit Xhaka,SUI,MID,0.9256,transfermarkt_availability_split_2026_06_04,0.9256,transfermarkt_availability_split_2026_06_01,0.0,0.084145,ok,No action.
ritsu_doan__jpn,Ritsu Doan,JPN,MID,0.8106,transfermarkt_availability_split_2026_06_04,0.8106,transfermarkt_availability_split_2026_06_01,0.0,0.073691,ok,No action.
david_m_ller_wolfe__nor,David Møller Wolfe,NOR,DEF,0.8444,transfermarkt_availability_split_2026_06_04,0.8444,transfermarkt_availability_split_2026_06_01,0.0,0.076764,ok,No action.
mat_as_vi_a__uru,Matias Viña,URU,DEF,0.7228,transfermarkt_availability_split_2026_06_04,0.7228,transfermarkt_availability_split_2026_06_01,0.0,0.065709,ok,No action.
rodrigo_aguirre__uru,Rodrigo Aguirre,URU,FWD,0.8234,transfermarkt_availability_split_2026_06_04,0.8234,transfermarkt_availability_split_2026_06_01,0.0,0.074855,ok,No action.
diogo_dalot__por,Diogo Dalot,POR,DEF,0.577,transfermarkt_availability_split_2026_06_04,0.577,transfermarkt_availability_split_2026_06_01,0.0,0.052455,ok,No action.
youssef_en_nesyri__mar,Youssef En-Nesyri,MAR,FWD,0.7808,transfermarkt_availability_split_2026_06_04,0.7808,transfermarkt_availability_split_2026_06_01,0.0,0.070982,ok,No action.
gabriel_magalh_es__bra,Gabriel Magalhaes,BRA,DEF,0.5221,transfermarkt_availability_split_2026_06_04,0.5221,transfermarkt_availability_split_2026_06_01,0.0,0.047464,ok,No action.
diogo_costa__por,Diogo Costa,POR,GK,0.6165,transfermarkt_availability_split_2026_06_04+gk_hierarchy_normalized,0.6165,transfermarkt_availability_split_2026_06_04+gk_hierarchy_normalized,0.0,0.056045,ok,No action.
julio_soler__arg,Julio Soler,ARG,DEF,0.7502,transfermarkt_availability_split_2026_06_04,0.7502,transfermarkt_availability_split_2026_06_01,0.0,0.0682,ok,No action.
francisco_trinc_o__por,Francisco Trincao,POR,FWD,0.5447,transfermarkt_availability_split_2026_06_04,0.5447,transfermarkt_availability_split_2026_06_01,0.0,0.049518,ok,No action.
ferdi_kadioglu__tur,Ferdi Kadioglu,TUR,DEF,0.8985,transfermarkt_availability_split_2026_06_04,0.8985,transfermarkt_availability_split_2026_06_01,0.0,0.081682,ok,No action.
merih_demiral__tur,Merih Demiral,TUR,DEF,0.8407,transfermarkt_availability_split_2026_06_04,0.8407,transfermarkt_availability_split_2026_06_01,0.0,0.076427,ok,No action.
emiliano_mart_nez__arg,Emiliano Martinez,ARG,GK,0.7332,transfermarkt_availability_split_2026_06_04+gk_hierarchy_normalized,0.7332,transfermarkt_availability_split_2026_06_04+gk_hierarchy_normalized,0.0,0.066655,ok,No action.
armin_gigovic__bih,Armin Gigovic,BIH,MID,0.8312,transfermarkt_availability_split_2026_06_04,0.8312,transfermarkt_availability_split_2026_06_01,0.0,0.075564,ok,No action.
gon_alo_in_cio__por,Goncalo Inacio,POR,DEF,0.5955,transfermarkt_availability_split_2026_06_04,0.5955,transfermarkt_availability_split_2026_06_01,0.0,0.054136,ok,No action.
elias_achouri__tun,Elias Achouri,TUN,MID,0.8269,transfermarkt_availability_split_2026_06_04,0.8269,transfermarkt_availability_split_2026_06_01,0.0,0.075173,ok,No action.
willian_pacho__ecu,Willian Pacho,ECU,DEF,0.7838,transfermarkt_availability_split_2026_06_04,0.7838,transfermarkt_availability_split_2026_06_01,0.0,0.071255,ok,No action.
alisson_becker__bra,Alisson Becker,BRA,GK,0.5323,transfermarkt_availability_split_2026_06_04+gk_hierarchy_normalized,0.5323,transfermarkt_availability_split_2026_06_04+gk_hierarchy_normalized,0.0,0.048391,ok,No action.
wesley_franca__bra,Wesley Franca,BRA,DEF,0.6273,transfermarkt_availability_split_2026_06_04,0.6273,transfermarkt_availability_split_2026_06_01,0.0,0.057027,ok,No action.
johan_v_squez__mex,Johan Vasquez,MEX,DEF,0.6207,transfermarkt_availability_split_2026_06_04,0.6207,transfermarkt_availability_split_2026_06_01,0.0,0.056427,ok,No action.
giuliano_simeone__arg,Giuliano Simeone,ARG,FWD,0.7893,transfermarkt_availability_split_2026_06_04,0.7893,transfermarkt_availability_split_2026_06_01,0.0,0.071755,ok,No action.
charles_de_ketelaere__bel,Charles De Ketelaere,BEL,FWD,0.6079,transfermarkt_availability_split_2026_06_04,0.6079,transfermarkt_availability_split_2026_06_01,0.0,0.055264,ok,No action.
unai_sim_n__esp,Unai Simon,ESP,GK,0.7984,transfermarkt_availability_split_2026_06_04+gk_hierarchy_normalized,0.7984,transfermarkt_availability_split_2026_06_04+gk_hierarchy_normalized,0.0,0.072582,ok,No action.
stefan_posch__aut,Stefan Posch,AUT,DEF,0.7042,transfermarkt_availability_split_2026_06_04,0.7042,transfermarkt_availability_split_2026_06_01,0.0,0.064018,ok,No action.
konrad_laimer__aut,Konrad Laimer,AUT,MID,0.8698,transfermarkt_availability_split_2026_06_04,0.8698,transfermarkt_availability_split_2026_06_01,0.0,0.079073,ok,No action.
johan_mojica__col,Johan Mojica,COL,DEF,0.645,transfermarkt_availability_split_2026_06_04,0.645,transfermarkt_availability_split_2026_06_01,0.0,0.058636,ok,No action.
elliot_anderson__eng,Elliot Anderson,ENG,MID,0.8807,transfermarkt_availability_split_2026_06_04,0.8807,transfermarkt_availability_split_2026_06_01,0.0,0.080064,ok,No action.
philipp_lienhart__aut,Philipp Lienhart,AUT,DEF,0.6814,transfermarkt_availability_split_2026_06_04,0.6814,transfermarkt_availability_split_2026_06_01,0.0,0.061945,ok,No action.
john_mcginn__sco,John McGinn,SCO,MID,0.867,transfermarkt_availability_split_2026_06_04,0.867,transfermarkt_availability_split_2026_06_01,0.0,0.078818,ok,No action.
romano_schmid__aut,Romano Schmid,AUT,MID,0.8195,transfermarkt_availability_split_2026_06_04,0.8195,transfermarkt_availability_split_2026_06_01,0.0,0.0745,ok,No action.
c_dric_bakambu__cod,Cedric Bakambu,COD,FWD,0.7818,transfermarkt_availability_split_2026_06_04,0.7818,transfermarkt_availability_split_2026_06_01,0.0,0.071073,ok,No action.
youri_tielemans__bel,Youri Tielemans,BEL,MID,0.7474,transfermarkt_availability_split_2026_06_04,0.7474,transfermarkt_availability_split_2026_06_01,0.0,0.067945,ok,No action.
julian_ryerson__nor,Julian Ryerson,NOR,DEF,0.7228,transfermarkt_availability_split_2026_06_04,0.7228,transfermarkt_availability_split_2026_06_01,0.0,0.065709,ok,No action.
arthur_theate__bel,Arthur Theate,BEL,DEF,0.6402,transfermarkt_availability_split_2026_06_04,0.6402,transfermarkt_availability_split_2026_06_01,0.0,0.0582,ok,No action.
juan_manuel_sanabria__uru,Juan Manuel Sanabria,URU,MID,0.5812,transfermarkt_availability_split_2026_06_04,0.5812,transfermarkt_availability_split_2026_06_01,0.0,0.052836,ok,No action.
ronald_ara_jo__uru,Ronald Araujo,URU,DEF,0.6275,transfermarkt_availability_split_2026_06_04,0.6275,transfermarkt_availability_split_2026_06_01,0.0,0.057045,ok,No action.
che_adams__sco,Che Adams,SCO,FWD,0.8708,transfermarkt_availability_split_2026_06_04,0.8708,transfermarkt_availability_split_2026_06_01,0.0,0.079164,ok,No action.
julio_enciso__par,Julio Enciso,PAR,FWD,0.807,transfermarkt_availability_split_2026_06_04,0.807,transfermarkt_availability_split_2026_06_01,0.0,0.073364,ok,No action.
kristoffer_ajer__nor,Kristoffer Ajer,NOR,DEF,0.8028,transfermarkt_availability_split_2026_06_04,0.8028,transfermarkt_availability_split_2026_06_01,0.0,0.072982,ok,No action.
aur_lien_tchouam_ni__fra,Aurelien Tchouameni,FRA,MID,0.8272,transfermarkt_availability_split_2026_06_04,0.8272,transfermarkt_availability_split_2026_06_01,0.0,0.0752,ok,No action.
n_lson_semedo__por,Nelson Semedo,POR,DEF,0.5609,transfermarkt_availability_split_2026_06_04,0.5609,transfermarkt_availability_split_2026_06_01,0.0,0.050991,ok,No action.
nayef_aguerd__mar,Nayef Aguerd,MAR,DEF,0.7453,transfermarkt_availability_split_2026_06_04,0.7453,transfermarkt_availability_split_2026_06_01,0.0,0.067755,ok,No action.
jhon_lucum__col,Jhon Lucumi,COL,DEF,0.5164,transfermarkt_availability_split_2026_06_04,0.5164,transfermarkt_availability_split_2026_06_01,0.0,0.046945,ok,No action.
kim_min_jae__kor,Min-jae Kim,KOR,DEF,0.8652,transfermarkt_availability_split_2026_06_04,0.8652,transfermarkt_availability_split_2026_06_01,0.0,0.078655,ok,No action.
mohamed_amoura__alg,Mohamed Amoura,ALG,FWD,0.72,transfermarkt_availability_split_2026_06_04,0.72,transfermarkt_availability_split_2026_06_01,0.0,0.065455,ok,No action.
iliman_ndiaye__sen,Iliman Ndiaye,SEN,MID,0.7625,transfermarkt_availability_split_2026_06_04,0.7625,transfermarkt_availability_split_2026_06_01,0.0,0.069318,ok,No action.
ibrahima_konat__fra,Ibrahima Konate,FRA,DEF,0.5889,transfermarkt_availability_split_2026_06_04,0.5889,transfermarkt_availability_split_2026_06_01,0.0,0.053536,ok,No action.
ibrahim_maza__alg,Ibrahim Maza,ALG,MID,0.7371,transfermarkt_availability_split_2026_06_04,0.7371,transfermarkt_availability_split_2026_06_01,0.0,0.067009,ok,No action.
david_alaba__aut,David Alaba,AUT,DEF,0.9111,transfermarkt_availability_split_2026_06_04,0.9111,transfermarkt_availability_split_2026_06_01,0.0,0.082827,ok,No action.
renato_veiga__por,Renato Veiga,POR,DEF,0.5625,transfermarkt_availability_split_2026_06_04,0.5625,transfermarkt_availability_split_2026_06_01,0.0,0.051136,ok,No action.
anthony_gordon__eng,Anthony Gordon,ENG,FWD,0.6409,transfermarkt_availability_split_2026_06_04,0.6409,transfermarkt_availability_split_2026_06_01,0.0,0.058264,ok,No action.
alex_freeman__usa,Alex Freeman,USA,DEF,0.8632,transfermarkt_availability_split_2026_06_04,0.8632,transfermarkt_availability_split_2026_06_01,0.0,0.078473,ok,No action.
martin_baturina__cro,Martin Baturina,CRO,MID,0.5703,transfermarkt_availability_split_2026_06_04,0.5703,transfermarkt_availability_split_2026_06_01,0.0,0.051845,ok,No action.
emil_holm__swe,Emil Holm,SWE,DEF,0.7883,transfermarkt_availability_split_2026_06_04,0.7883,transfermarkt_availability_split_2026_06_01,0.0,0.071664,ok,No action.
lucas_digne__fra,Lucas Digne,FRA,DEF,0.4613,transfermarkt_availability_split_2026_06_04,0.4613,transfermarkt_availability_split_2026_06_01,0.0,0.041936,ok,No action.
rayan_cherki__fra,Rayan Cherki,FRA,FWD,0.6933,transfermarkt_availability_split_2026_06_04,0.6933,transfermarkt_availability_split_2026_06_01,0.0,0.063027,ok,No action.
oswin_appollis__rsa,Oswin Appollis,RSA,FWD,0.6643,transfermarkt_availability_split_2026_06_04,0.6643,transfermarkt_availability_split_2026_06_01,0.0,0.060391,ok,No action.
juli_n_qui_ones__mex,Julian Quinones,MEX,FWD,0.6223,transfermarkt_availability_split_2026_06_04,0.6223,transfermarkt_availability_split_2026_06_01,0.0,0.056573,ok,No action.
alexander_schlager__aut,Alexander Schlager,AUT,GK,0.789,transfermarkt_availability_split_2026_06_04+gk_hierarchy_normalized,0.789,transfermarkt_availability_split_2026_06_04+gk_hierarchy_normalized,0.0,0.071727,ok,No action.
leandro_paredes__arg,Leandro Paredes,ARG,MID,0.7571,transfermarkt_availability_split_2026_06_04,0.7571,transfermarkt_availability_split_2026_06_01,0.0,0.068827,ok,No action.
jefferson_lerma__col,Jefferson Lerma,COL,MID,0.8225,transfermarkt_availability_split_2026_06_04,0.8225,transfermarkt_availability_split_2026_06_01,0.0,0.074773,ok,No action.
lee_jae_sung__kor,Jae-Sung Lee,KOR,MID,0.7731,transfermarkt_availability_split_2026_06_04,0.7731,transfermarkt_availability_split_2026_06_01,0.0,0.070282,ok,No action.
reece_james__eng,Reece James,ENG,DEF,0.5931,transfermarkt_availability_split_2026_06_04,0.5931,transfermarkt_availability_split_2026_06_01,0.0,0.053918,ok,No action.
brian_rodr_guez__uru,Brian Rodriguez,URU,FWD,0.583,transfermarkt_availability_split_2026_06_04,0.583,transfermarkt_availability_split_2026_06_01,0.0,0.053,ok,No action.
duckens_nazon__hai,Duckens Nazon,HAI,FWD,0.8543,transfermarkt_availability_split_2026_06_04,0.8543,transfermarkt_availability_split_2026_06_01,0.0,0.077664,ok,No action.
leon_goretzka__ger,Leon Goretzka,GER,MID,0.7892,transfermarkt_availability_split_2026_06_04,0.7892,transfermarkt_availability_split_2026_06_01,0.0,0.071745,ok,No action.
jude_bellingham__eng,Jude Bellingham,ENG,MID,0.7202,transfermarkt_availability_split_2026_06_04,0.7202,transfermarkt_availability_split_2026_06_01,0.0,0.065473,ok,No action.
nathan_ak__ned,Nathan Ake,NED,DEF,0.6366,transfermarkt_availability_split_2026_06_04,0.6366,transfermarkt_availability_split_2026_06_01,0.0,0.057873,ok,No action.
hazem_mastouri__tun,Hazem Mastouri,TUN,FWD,0.849,transfermarkt_availability_split_2026_06_04,0.849,transfermarkt_availability_split_2026_06_01,0.0,0.077182,ok,No action.
dominik_livakovi__cro,Dominik Livakovic,CRO,GK,0.7817,transfermarkt_availability_split_2026_06_04+gk_hierarchy_normalized,0.7817,transfermarkt_availability_split_2026_06_04+gk_hierarchy_normalized,0.0,0.071064,ok,No action.
adrien_rabiot__fra,Adrien Rabiot,FRA,MID,0.6584,transfermarkt_availability_split_2026_06_04,0.6584,transfermarkt_availability_split_2026_06_01,0.0,0.059855,ok,No action.
josip_stani_i__cro,Josip Stanisic,CRO,DEF,0.6785,transfermarkt_availability_split_2026_06_04,0.6785,transfermarkt_availability_split_2026_06_01,0.0,0.061682,ok,No action.
nikola_vla_i__cro,Nikola Vlasic,CRO,MID,0.732,transfermarkt_availability_split_2026_06_04,0.732,transfermarkt_availability_split_2026_06_01,0.0,0.066545,ok,No action.
d_sir_dou__fra,Desire Doue,FRA,FWD,0.7192,transfermarkt_availability_split_2026_06_04,0.7192,transfermarkt_availability_split_2026_06_01,0.0,0.065382,ok,No action.
frantzdy_pierrot__hai,Frantzdy Pierrot,HAI,FWD,0.8145,transfermarkt_availability_split_2026_06_04,0.8145,transfermarkt_availability_split_2026_06_01,0.0,0.074045,ok,No action.
nico_o_reilly__eng,Nico O'Reilly,ENG,DEF,0.5417,transfermarkt_availability_split_2026_06_04,0.5417,transfermarkt_availability_split_2026_06_01,0.0,0.049245,ok,No action.
mikel_merino__esp,Mikel Merino,ESP,MID,0.74,transfermarkt_availability_split_2026_06_04,0.74,transfermarkt_availability_split_2026_06_01,0.0,0.067273,ok,No action.
bart_verbruggen__ned,Bart Verbruggen,NED,GK,0.686,transfermarkt_availability_split_2026_06_04+gk_hierarchy_normalized,0.686,transfermarkt_availability_split_2026_06_04+gk_hierarchy_normalized,0.0,0.062364,ok,No action.
richard_r_os__col,Richard Rios,COL,MID,0.8685,transfermarkt_availability_split_2026_06_04,0.8685,transfermarkt_availability_split_2026_06_01,0.0,0.078955,ok,No action.
nico_elvedi__sui,Nico Elvedi,SUI,DEF,0.6095,transfermarkt_availability_split_2026_06_04,0.6095,transfermarkt_availability_split_2026_06_01,0.0,0.055409,ok,No action.
wout_weghorst__ned,Wout Weghorst,NED,FWD,0.7055,transfermarkt_availability_split_2026_06_04,0.7055,transfermarkt_availability_split_2026_06_01,0.0,0.064136,ok,No action.
tom_s_ara_jo__por,Tomas Araujo,POR,DEF,0.536,transfermarkt_availability_split_2026_06_04,0.536,transfermarkt_availability_split_2026_06_01,0.0,0.048727,ok,No action.
ngelo_preciado__ecu,Angelo Preciado,ECU,DEF,0.7096,transfermarkt_availability_split_2026_06_04,0.7096,transfermarkt_availability_split_2026_06_01,0.0,0.064509,ok,No action.
thiago_almada__arg,Thiago Almada,ARG,MID,0.6347,transfermarkt_availability_split_2026_06_04,0.6347,transfermarkt_availability_split_2026_06_01,0.0,0.0577,ok,No action.
anthony_elanga__swe,Anthony Elanga,SWE,FWD,0.6961,transfermarkt_availability_split_2026_06_04,0.6961,transfermarkt_availability_split_2026_06_01,0.0,0.063282,ok,No action.
junya_ito__jpn,Junya Ito,JPN,MID,0.7491,transfermarkt_availability_split_2026_06_04,0.7491,transfermarkt_availability_split_2026_06_01,0.0,0.0681,ok,No action.
miguel_almir_n__par,Miguel Almiron,PAR,MID,0.8699,transfermarkt_availability_split_2026_06_04,0.8699,transfermarkt_availability_split_2026_06_01,0.0,0.079082,ok,No action.
dani_olmo__esp,Dani Olmo,ESP,MID,0.739,transfermarkt_availability_split_2026_06_04,0.739,transfermarkt_availability_split_2026_06_01,0.0,0.067182,ok,No action.
martin_caceres__uru,Martin Caceres,URU,DEF,0.7601,transfermarkt_availability_split_2026_06_04,0.7601,transfermarkt_availability_split_2026_06_01,0.0,0.0691,ok,No action.
tarik_muharemovic__bih,Tarik Muharemovic,BIH,DEF,0.7755,transfermarkt_availability_split_2026_06_04,0.7755,transfermarkt_availability_split_2026_06_01,0.0,0.0705,ok,No action.
jhon_c_rdoba__col,Jhon Cordoba,COL,FWD,0.6658,transfermarkt_availability_split_2026_06_04,0.6658,transfermarkt_availability_split_2026_06_01,0.0,0.060527,ok,No action.
stefan_de_vrij__ned,Stefan de Vrij,NED,DEF,0.6634,transfermarkt_availability_split_2026_06_04,0.6634,transfermarkt_availability_split_2026_06_01,0.0,0.060309,ok,No action.
lyndon_dykes__sco,Lyndon Dykes,SCO,FWD,0.8595,transfermarkt_availability_split_2026_06_04,0.8595,transfermarkt_availability_split_2026_06_01,0.0,0.078136,ok,No action.
billy_gilmour__sco,Billy Gilmour,SCO,MID,0.7931,transfermarkt_availability_split_2026_06_04,0.7931,transfermarkt_availability_split_2026_06_01,0.0,0.0721,ok,No action.
mert_m_ld_r__tur,Mert Müldür,TUR,DEF,0.7084,transfermarkt_availability_split_2026_06_04,0.7084,transfermarkt_availability_split_2026_06_01,0.0,0.0644,ok,No action.
eric_garcia__esp,Eric Garcia,ESP,DEF,0.5243,transfermarkt_availability_split_2026_06_04,0.5243,transfermarkt_availability_split_2026_06_01,0.0,0.047664,ok,No action.
david_ospina__col,David Ospina,COL,GK,0.6871,transfermarkt_availability_split_2026_06_04+gk_hierarchy_normalized,0.6871,transfermarkt_availability_split_2026_06_04+gk_hierarchy_normalized,0.0,0.062464,ok,No action.
josip_utalo__cro,Josip Sutalo,CRO,DEF,0.6646,transfermarkt_availability_split_2026_06_04,0.6646,transfermarkt_availability_split_2026_06_01,0.0,0.060418,ok,No action.
ante_budimir__cro,Ante Budimir,CRO,FWD,0.5553,transfermarkt_availability_split_2026_06_04,0.5553,transfermarkt_availability_split_2026_06_01,0.0,0.050482,ok,No action.
j_rgen_strand_larsen__nor,Jørgen Strand Larsen,NOR,FWD,0.7453,transfermarkt_availability_split_2026_06_04,0.7453,transfermarkt_availability_split_2026_06_01,0.0,0.067755,ok,No action.
tyler_adams__usa,Tyler Adams,USA,MID,0.8298,transfermarkt_availability_split_2026_06_04,0.8298,transfermarkt_availability_split_2026_06_01,0.0,0.075436,ok,No action.
waldemar_anton__ger,Waldemar Anton,GER,DEF,0.4632,transfermarkt_availability_split_2026_06_04,0.4632,transfermarkt_availability_split_2026_06_01,0.0,0.042109,ok,No action.
el_hadji_malick_diouf__sen,El Hadji Malick Diouf,SEN,DEF,0.7414,transfermarkt_availability_split_2026_06_04,0.7414,transfermarkt_availability_split_2026_06_01,0.0,0.0674,ok,No action.
ismael_saibari__mar,Ismael Saibari,MAR,MID,0.6814,transfermarkt_availability_split_2026_06_04,0.6814,transfermarkt_availability_split_2026_06_01,0.0,0.061945,ok,No action.
andy_robertson__sco,Andy Robertson,SCO,DEF,0.8728,transfermarkt_availability_split_2026_06_04,0.8728,transfermarkt_availability_split_2026_06_01,0.0,0.079345,ok,No action.
rjan_nyland__nor,Ørjan Nyland,NOR,GK,0.6777,transfermarkt_availability_split_2026_06_04+gk_hierarchy_normalized,0.6777,transfermarkt_availability_split_2026_06_04+gk_hierarchy_normalized,0.0,0.061609,ok,No action.
ivan_peri_i__cro,Ivan Perisic,CRO,FWD,0.9251,transfermarkt_availability_split_2026_06_04,0.9251,transfermarkt_availability_split_2026_06_01,0.0,0.0841,ok,No action.
r_ben_neves__por,Ruben Neves,POR,MID,0.7206,transfermarkt_availability_split_2026_06_04,0.7206,transfermarkt_availability_split_2026_06_01,0.0,0.065509,ok,No action.
kevin_rodr_guez__ecu,Kevin Rodriguez,ECU,FWD,0.6968,transfermarkt_availability_split_2026_06_04,0.6968,transfermarkt_availability_split_2026_06_01,0.0,0.063345,ok,No action.
martin_degaard__nor,Martin Ødegaard,NOR,MID,0.8375,transfermarkt_availability_split_2026_06_04,0.8375,transfermarkt_availability_split_2026_06_01,0.0,0.076136,ok,No action.
eldor_shomurodov__uzb,Eldor Shomurodov,UZB,FWD,0.8976,transfermarkt_availability_split_2026_06_04,0.8976,transfermarkt_availability_split_2026_06_01,0.0,0.0816,ok,No action.
sebastian_berhalter__usa,Sebastian Berhalter,USA,MID,0.6894,transfermarkt_availability_split_2026_06_04,0.6894,transfermarkt_availability_split_2026_06_01,0.0,0.062673,ok,No action.
thibaut_courtois__bel,Thibaut Courtois,BEL,GK,0.493,transfermarkt_availability_split_2026_06_04+gk_hierarchy_normalized,0.493,transfermarkt_availability_split_2026_06_04+gk_hierarchy_normalized,0.0,0.044818,ok,No action.
koki_ogawa__jpn,Koki Ogawa,JPN,FWD,0.6143,transfermarkt_availability_split_2026_06_04,0.6143,transfermarkt_availability_split_2026_06_01,0.0,0.055845,ok,No action.
jan_paul_van_hecke__ned,Jan Paul van Hecke,NED,DEF,0.6122,transfermarkt_availability_split_2026_06_04,0.6122,transfermarkt_availability_split_2026_06_01,0.0,0.055655,ok,No action.
amar_dedi__bih,Amar Dedic,BIH,DEF,0.8054,transfermarkt_availability_split_2026_06_04,0.8054,transfermarkt_availability_split_2026_06_01,0.0,0.073218,ok,No action.
israel_reyes__mex,Israel Reyes,MEX,DEF,0.5345,transfermarkt_availability_split_2026_06_04,0.5345,transfermarkt_availability_split_2026_06_01,0.0,0.048591,ok,No action.
seol_young_woo__kor,Young-woo Seol,KOR,DEF,0.8234,transfermarkt_availability_split_2026_06_04,0.8234,transfermarkt_availability_split_2026_06_01,0.0,0.074855,ok,No action.
jeremie_frimpong__ned,Jeremie Frimpong,NED,DEF,0.4459,transfermarkt_availability_split_2026_06_04,0.4459,transfermarkt_availability_split_2026_06_01,0.0,0.040536,ok,No action.
alejandro_alex_grimaldo__esp,Alejandro 'Alex' Grimaldo,ESP,DEF,0.3837,transfermarkt_availability_split_2026_06_04,0.3837,transfermarkt_availability_split_2026_06_01,0.0,0.034882,ok,No action.
alan_minda__ecu,Alan Minda,ECU,MID,0.6476,transfermarkt_availability_split_2026_06_04,0.6476,transfermarkt_availability_split_2026_06_01,0.0,0.058873,ok,No action.
nicolas_seiwald__aut,Nicolas Seiwald,AUT,MID,0.947,transfermarkt_availability_split_2026_06_04,0.947,transfermarkt_availability_split_2026_06_01,0.0,0.086091,ok,No action.
a_ssa_mandi__alg,Aissa Mandi,ALG,DEF,0.8309,transfermarkt_availability_split_2026_06_04,0.8309,transfermarkt_availability_split_2026_06_01,0.0,0.075536,ok,No action.
yerry_mina__col,Yerry Mina,COL,DEF,0.6156,transfermarkt_availability_split_2026_06_04,0.6156,transfermarkt_availability_split_2026_06_01,0.0,0.055964,ok,No action.
andreas_schjelderup__nor,Andreas Schjelderup,NOR,MID,0.3333,transfermarkt_availability_split_2026_06_04+context_override,0.3333,start_vs_appearance_context_override_2026_06_04,0.0,0.072,ok,No action.
neil_el_aynaoui__mar,Neil El Aynaoui,MAR,MID,0.8671,transfermarkt_availability_split_2026_06_04,0.8671,transfermarkt_availability_split_2026_06_01,0.0,0.078827,ok,No action.
gustavo_g_mez__par,Gustavo Gomez,PAR,DEF,0.7834,transfermarkt_availability_split_2026_06_04,0.7834,transfermarkt_availability_split_2026_06_01,0.0,0.071218,ok,No action.
mohammad_mohebi__irn,Mohammad Mohebi,IRN,FWD,0.8342,transfermarkt_availability_split_2026_06_04,0.8342,transfermarkt_availability_split_2026_06_01,0.0,0.075836,ok,No action.
benjamin_nygren__swe,Benjamin Nygren,SWE,FWD,0.6555,transfermarkt_availability_split_2026_06_04,0.6555,transfermarkt_availability_split_2026_06_01,0.0,0.059591,ok,No action.
chris_wood__nzl,Chris Wood,NZL,FWD,0.8404,transfermarkt_availability_split_2026_06_04,0.8404,transfermarkt_availability_split_2026_06_01,0.0,0.0764,ok,No action.
mart_n_zubimendi__esp,Martin Zubimendi,ESP,MID,0.5578,transfermarkt_availability_split_2026_06_04,0.5578,transfermarkt_availability_split_2026_06_01,0.0,0.050709,ok,No action.
jordan_henderson__eng,Jordan Henderson,ENG,MID,0.7192,transfermarkt_availability_split_2026_06_04,0.7192,transfermarkt_availability_split_2026_06_01,0.0,0.065382,ok,No action.
ladislav_krejci__cze,Ladislav Krejci,CZE,DEF,0.7777,transfermarkt_availability_split_2026_06_04,0.8635,transfermarkt_availability_split_2026_06_01,-0.0858,0.0785,ok,No action.
petar_sucic__cro,Petar Sucic,CRO,MID,0.8125,transfermarkt_availability_split_2026_06_04,0.8125,transfermarkt_availability_split_2026_06_01,0.0,0.073864,ok,No action.
yasin_ayari__swe,Yasin Ayari,SWE,MID,0.871,transfermarkt_availability_split_2026_06_04,0.871,transfermarkt_availability_split_2026_06_01,0.0,0.079182,ok,No action.
jordan_ayew__gha,Jordan Ayew,GHA,FWD,0.8417,transfermarkt_availability_split_2026_06_04,0.8417,transfermarkt_availability_split_2026_06_01,0.0,0.076518,ok,No action.
yukinari_sugawara__jpn,Yukinari Sugawara,JPN,DEF,0.4631,transfermarkt_availability_split_2026_06_04,0.4631,transfermarkt_availability_split_2026_06_01,0.0,0.0421,ok,No action.
montassar_talbi__tun,Montassar Talbi,TUN,DEF,0.8218,transfermarkt_availability_split_2026_06_04,0.8218,transfermarkt_availability_split_2026_06_01,0.0,0.074709,ok,No action.
ramy_bensebaini__alg,Ramy Bensebaini,ALG,DEF,0.7952,transfermarkt_availability_split_2026_06_04,0.7952,transfermarkt_availability_split_2026_06_01,0.0,0.072291,ok,No action.
dan_burn__eng,Dan Burn,ENG,DEF,0.462,transfermarkt_availability_split_2026_06_04,0.462,transfermarkt_availability_split_2026_06_01,0.0,0.042,ok,No action.
abdulkerim_bardakci__tur,Abdulkerim Bardakci,TUR,DEF,0.7036,transfermarkt_availability_split_2026_06_04,0.7036,transfermarkt_availability_split_2026_06_01,0.0,0.063964,ok,No action.
zion_suzuki__jpn,Zion Suzuki,JPN,GK,0.6949,transfermarkt_availability_split_2026_06_04+gk_hierarchy_normalized,0.6949,transfermarkt_availability_split_2026_06_04+gk_hierarchy_normalized,0.0,0.063173,ok,No action.
raphinha__bra,Raphinha,BRA,FWD,0.8812,transfermarkt_availability_split_2026_06_04,0.8812,transfermarkt_availability_split_2026_06_01,0.0,0.080109,ok,No action.
nikola_kati__bih,Nikola Katic,BIH,DEF,0.7847,transfermarkt_availability_split_2026_06_04,0.7847,transfermarkt_availability_split_2026_06_01,0.0,0.071336,ok,No action.
isma_l_kon__can,Ismael Kone,CAN,MID,0.7892,transfermarkt_availability_split_2026_06_04,0.7892,transfermarkt_availability_split_2026_06_01,0.0,0.071745,ok,No action.
amadou_onana__bel,Amadou Onana,BEL,MID,0.8044,transfermarkt_availability_split_2026_06_04,0.8044,transfermarkt_availability_split_2026_06_01,0.0,0.073127,ok,No action.
baghdad_bounedjah__alg,Baghdad Bounedjah,ALG,FWD,0.7665,transfermarkt_availability_split_2026_06_04,0.7665,transfermarkt_availability_split_2026_06_01,0.0,0.069682,ok,No action.
nathan_saliba__can,Nathan Saliba,CAN,MID,0.5648,transfermarkt_availability_split_2026_06_04,0.5648,transfermarkt_availability_split_2026_06_01,0.0,0.051345,ok,No action.
rayan_a_t_nouri__alg,Rayan Ait-Nouri,ALG,DEF,0.775,transfermarkt_availability_split_2026_06_04,0.775,transfermarkt_availability_split_2026_06_01,0.0,0.070455,ok,No action.
duje_aleta_car__cro,Duje Caleta-Car,CRO,DEF,0.5612,transfermarkt_availability_split_2026_06_04,0.5612,transfermarkt_availability_split_2026_06_01,0.0,0.051018,ok,No action.
guillermo_varela__uru,Guillermo Varela,URU,DEF,0.5733,transfermarkt_availability_split_2026_06_04,0.5733,transfermarkt_availability_split_2026_06_01,0.0,0.052118,ok,No action.
ali_ahmed__can,Ali Ahmed,CAN,MID,0.717,transfermarkt_availability_split_2026_06_04,0.717,transfermarkt_availability_split_2026_06_01,0.0,0.065182,ok,No action.
danilo_luiz_da_silva__bra,Danilo Luiz da Silva,BRA,DEF,0.6378,transfermarkt_availability_split_2026_06_04,0.6378,transfermarkt_availability_split_2026_06_01,0.0,0.057982,ok,No action.
victor_lindel_f__swe,Victor Lindelöf,SWE,DEF,0.7669,transfermarkt_availability_split_2026_06_04,0.7669,transfermarkt_availability_split_2026_06_01,0.0,0.069718,ok,No action.
rami_rabia__egy,Rami Rabia,EGY,DEF,0.7193,transfermarkt_availability_split_2026_06_04,0.7193,transfermarkt_availability_split_2026_06_01,0.0,0.065391,ok,No action.
felix_feliz_torres__ecu,Felix 'Feliz' Torres,ECU,DEF,0.6165,transfermarkt_availability_split_2026_06_04,0.6165,transfermarkt_availability_split_2026_06_01,0.0,0.056045,ok,No action.
jhon_arias__col,Jhon Arias,COL,MID,0.8946,transfermarkt_availability_split_2026_06_04,0.8946,transfermarkt_availability_split_2026_06_01,0.0,0.081327,ok,No action.
agust_n_lvarez__uru,Agustin Alvarez,URU,FWD,0.602,transfermarkt_availability_split_2026_06_04,0.602,transfermarkt_availability_split_2026_06_01,0.0,0.054727,ok,No action.
omar_alderete__par,Omar Alderete,PAR,DEF,0.6182,transfermarkt_availability_split_2026_06_04,0.6182,transfermarkt_availability_split_2026_06_01,0.0,0.0562,ok,No action.
mois_s_caicedo__ecu,Moises Caicedo,ECU,MID,0.9079,transfermarkt_availability_split_2026_06_04,0.9079,transfermarkt_availability_split_2026_06_01,0.0,0.082536,ok,No action.
aleksandar_pavlovic__ger,Aleksandar Pavlovic,GER,MID,0.7126,transfermarkt_availability_split_2026_06_04,0.7126,transfermarkt_availability_split_2026_06_01,0.0,0.064782,ok,No action.
antoine_semenyo__gha,Antoine Semenyo,GHA,FWD,0.8635,transfermarkt_availability_split_2026_06_04,0.8635,transfermarkt_availability_split_2026_06_01,0.0,0.0785,ok,No action.
alireza_jahanbakhsh__irn,Alireza Jahanbakhsh,IRN,FWD,0.825,transfermarkt_availability_split_2026_06_04,0.825,transfermarkt_availability_split_2026_06_01,0.0,0.075,ok,No action.
ismael_d_az__pan,Ismael Diaz,PAN,FWD,0.6337,transfermarkt_availability_split_2026_06_04,0.6337,transfermarkt_availability_split_2026_06_01,0.0,0.057609,ok,No action.
caleb_yirenkyi__gha,Caleb Yirenkyi,GHA,DEF,0.8892,transfermarkt_availability_split_2026_06_04,0.8892,transfermarkt_availability_split_2026_06_01,0.0,0.080836,ok,No action.
orkun_k_k__tur,Orkun Kökcü,TUR,MID,0.7587,transfermarkt_availability_split_2026_06_04,0.7587,transfermarkt_availability_split_2026_06_01,0.0,0.068973,ok,No action.
issa_diop__mar,Issa Diop,MAR,DEF,0.8568,transfermarkt_availability_split_2026_06_04,0.8568,transfermarkt_availability_split_2026_06_01,0.0,0.077891,ok,No action.
nathan_ngoy__bel,Nathan Ngoy,BEL,DEF,0.8655,transfermarkt_availability_split_2026_06_04,0.8655,transfermarkt_availability_split_2026_06_01,0.0,0.078682,ok,No action.
j_nior_alonso__par,Junior Alonso,PAR,DEF,0.6931,transfermarkt_availability_split_2026_06_04,0.6931,transfermarkt_availability_split_2026_06_01,0.0,0.063009,ok,No action.
abdelhamid_ait_boudlal__mar,Abdelhamid Ait Boudlal,MAR,DEF,0.8488,transfermarkt_availability_split_2026_06_04,0.8488,transfermarkt_availability_split_2026_06_01,0.0,0.077164,ok,No action.
moussa_niakhate__sen,Moussa Niakhate,SEN,DEF,0.6809,transfermarkt_availability_split_2026_06_04,0.6809,transfermarkt_availability_split_2026_06_01,0.0,0.0619,ok,No action.
manuel_ugarte__uru,Manuel Ugarte,URU,MID,0.7396,transfermarkt_availability_split_2026_06_04,0.7396,transfermarkt_availability_split_2026_06_01,0.0,0.067236,ok,No action.
alex_sandro__bra,Alex Sandro,BRA,DEF,0.5519,transfermarkt_availability_split_2026_06_04,0.5519,transfermarkt_availability_split_2026_06_01,0.0,0.050173,ok,No action.
fernando_muslera__uru,Fernando Muslera,URU,GK,0.4844,transfermarkt_availability_split_2026_06_04+gk_hierarchy_normalized,0.4844,transfermarkt_availability_split_2026_06_04+gk_hierarchy_normalized,0.0,0.044036,ok,No action.
darwin_nunez__uru,Darwin Nunez,URU,FWD,0.7427,transfermarkt_availability_split_2026_06_04,0.7427,transfermarkt_availability_split_2026_06_01,0.0,0.067518,ok,No action.
viktor_gyokeres__swe,Viktor Gyökeres,SWE,FWD,0.818,transfermarkt_availability_split_2026_06_04,0.818,transfermarkt_availability_split_2026_06_01,0.0,0.074364,ok,No action.
neymar_jr__bra,Neymar Jr.,BRA,FWD,0.8919,transfermarkt_availability_split_2026_06_04,0.8919,transfermarkt_availability_split_2026_06_01,0.0,0.081082,ok,No action.
edouard_mendy__sen,Edouard Mendy,SEN,GK,0.848,transfermarkt_availability_split_2026_06_04+gk_hierarchy_normalized,0.848,transfermarkt_availability_split_2026_06_04+gk_hierarchy_normalized,0.0,0.077091,ok,No action.
gabriel_gudmundsson__swe,Gabriel Gudmundsson,SWE,DEF,0.6853,transfermarkt_availability_split_2026_06_04,0.6853,transfermarkt_availability_split_2026_06_01,0.0,0.0623,ok,No action.
mohamed_el_shenawy__egy,Mohamed El-Shennawy,EGY,GK,0.8557,transfermarkt_availability_split_2026_06_04+gk_hierarchy_normalized,0.8557,transfermarkt_availability_split_2026_06_04+gk_hierarchy_normalized,0.0,0.077791,ok,No action.
akram_afif__qat,Akram Afif,QAT,FWD,0.8984,transfermarkt_availability_split_2026_06_04,0.8984,transfermarkt_availability_split_2026_06_01,0.0,0.081673,ok,No action.
guela_doue__civ,Guela Doue,CIV,DEF,0.7506,transfermarkt_availability_split_2026_06_04,0.7506,transfermarkt_availability_split_2026_06_01,0.0,0.068236,ok,No action.
n_golo_kant__fra,N'Golo Kante,FRA,MID,0.7285,transfermarkt_availability_split_2026_06_04,0.7285,transfermarkt_availability_split_2026_06_01,0.0,0.066227,ok,No action.
alexander_djiku__gha,Alexander Djiku,GHA,DEF,0.8325,transfermarkt_availability_split_2026_06_04,0.8325,transfermarkt_availability_split_2026_06_01,0.0,0.075682,ok,No action.
idrissa_gana_gueye__sen,Idrissa Gana Gueye,SEN,MID,0.8656,transfermarkt_availability_split_2026_06_04,0.8656,transfermarkt_availability_split_2026_06_01,0.0,0.078691,ok,No action.
oh_hyeon_gyu__kor,Hyeon-Gyu Oh,KOR,FWD,0.5007,transfermarkt_availability_split_2026_06_04,0.5007,transfermarkt_availability_split_2026_06_01,0.0,0.045518,ok,No action.
vladimir_coufal__cze,Vladimir Coufal,CZE,DEF,0.7537,transfermarkt_availability_split_2026_06_04,0.7537,transfermarkt_availability_split_2026_06_01,0.0,0.068518,ok,No action.
valentino_livramento__eng,Valentino Livramento,ENG,DEF,0.4796,transfermarkt_availability_split_2026_06_04,0.4796,transfermarkt_availability_split_2026_06_01,0.0,0.0436,ok,No action.
sander_berge__nor,Sander Berge,NOR,MID,0.8794,transfermarkt_availability_split_2026_06_04,0.8794,transfermarkt_availability_split_2026_06_01,0.0,0.079945,ok,No action.
maxime_cr_peau__can,Maxime Crepeau,CAN,GK,0.6834,transfermarkt_availability_split_2026_06_04+gk_hierarchy_normalized,0.6834,transfermarkt_availability_split_2026_06_04+gk_hierarchy_normalized,0.0,0.062127,ok,No action.
kamal_miller__can,Kamal Miller,CAN,DEF,0.6332,transfermarkt_availability_split_2026_06_04,0.6332,transfermarkt_availability_split_2026_06_01,0.0,0.057564,ok,No action.
deiver_machado__col,Deiver Machado,COL,DEF,0.5106,transfermarkt_availability_split_2026_06_04,0.5106,transfermarkt_availability_split_2026_06_01,0.0,0.046418,ok,No action.
brenden_aaronson__usa,Brenden Aaronson,USA,MID,0.6836,transfermarkt_availability_split_2026_06_04,0.6836,transfermarkt_availability_split_2026_06_01,0.0,0.062145,ok,No action.
benjamin_tahirovic__bih,Benjamin Tahirovic,BIH,MID,0.8591,transfermarkt_availability_split_2026_06_04,0.8591,transfermarkt_availability_split_2026_06_01,0.0,0.0781,ok,No action.
leo_ostigard__nor,Leo Østigård,NOR,DEF,0.7689,transfermarkt_availability_split_2026_06_04,0.7689,transfermarkt_availability_split_2026_06_01,0.0,0.0699,ok,No action.
ali_abdi__tun,Ali Abdi,TUN,DEF,0.6291,transfermarkt_availability_split_2026_06_04,0.6291,transfermarkt_availability_split_2026_06_01,0.0,0.057191,ok,No action.
gregor_kobel__sui,Gregor Kobel,SUI,GK,0.5051,transfermarkt_availability_split_2026_06_04+gk_hierarchy_normalized,0.5051,transfermarkt_availability_split_2026_06_04+gk_hierarchy_normalized,0.0,0.045918,ok,No action.
khuliso_mudau__rsa,Khuliso Mudau,RSA,DEF,0.8279,transfermarkt_availability_split_2026_06_04,0.8279,transfermarkt_availability_split_2026_06_01,0.0,0.075264,ok,No action.
haris_tabakovic__bih,Haris Tabakovic,BIH,FWD,0.5459,transfermarkt_availability_split_2026_06_04,0.5459,transfermarkt_availability_split_2026_06_01,0.0,0.049627,ok,No action.
juan_jose_caceres__par,Juan Jose Caceres,PAR,DEF,0.7023,transfermarkt_availability_split_2026_06_04,0.7023,transfermarkt_availability_split_2026_06_01,0.0,0.063845,ok,No action.
deniz_undav__ger,Deniz Undav,GER,FWD,0.3287,transfermarkt_availability_split_2026_06_04,0.3287,transfermarkt_availability_split_2026_06_01,0.0,0.029882,ok,No action.
ryan_gravenberch__ned,Ryan Gravenberch,NED,MID,0.5323,transfermarkt_availability_split_2026_06_04,0.5323,transfermarkt_availability_split_2026_06_01,0.0,0.048391,ok,No action.
phillipp_mwene__aut,Phillipp Mwene,AUT,DEF,0.6568,transfermarkt_availability_split_2026_06_04,0.6568,transfermarkt_availability_split_2026_06_01,0.0,0.059709,ok,No action.
dodi_lukebakio__bel,Dodi Lukebakio,BEL,FWD,0.5114,transfermarkt_availability_split_2026_06_04,0.5114,transfermarkt_availability_split_2026_06_01,0.0,0.046491,ok,No action.
zeki_elik__tur,Zeki Celik,TUR,DEF,0.7006,transfermarkt_availability_split_2026_06_04,0.7006,transfermarkt_availability_split_2026_06_01,0.0,0.063691,ok,No action.
jorge_sanchez__mex,Jorge Sanchez,MEX,DEF,0.6366,transfermarkt_availability_split_2026_06_04,0.6366,transfermarkt_availability_split_2026_06_01,0.0,0.057873,ok,No action.
koni_de_winter__bel,Koni de Winter,BEL,DEF,0.4627,transfermarkt_availability_split_2026_06_04,0.4627,transfermarkt_availability_split_2026_06_01,0.0,0.042064,ok,No action.
mohamed_abdelmonem__egy,Mohamed Abdelmonem,EGY,DEF,0.8455,transfermarkt_availability_split_2026_06_04,0.8455,transfermarkt_availability_split_2026_06_01,0.0,0.076864,ok,No action.
kevin_danso__aut,Kevin Danso,AUT,DEF,0.7136,transfermarkt_availability_split_2026_06_04,0.7136,transfermarkt_availability_split_2026_06_01,0.0,0.064873,ok,No action.
azzedine_ounahi__mar,Azzedine Ounahi,MAR,MID,0.8135,transfermarkt_availability_split_2026_06_04,0.8135,transfermarkt_availability_split_2026_06_01,0.0,0.073955,ok,No action.
willy_semedo__cpv,Willy Semedo,CPV,FWD,0.771,transfermarkt_availability_split_2026_06_04,0.771,transfermarkt_availability_split_2026_06_01,0.0,0.070091,ok,No action.
facundo_torres__uru,Facundo Torres,URU,FWD,0.4573,transfermarkt_availability_split_2026_06_04,0.4573,transfermarkt_availability_split_2026_06_01,0.0,0.041573,ok,No action.
ralph_priso__can,Ralph Priso,CAN,DEF,0.873,transfermarkt_availability_split_2026_06_04,0.873,transfermarkt_availability_split_2026_06_01,0.0,0.079364,ok,No action.
teboho_mokoena__rsa,Teboho Mokoena,RSA,MID,0.7948,transfermarkt_availability_split_2026_06_04,0.7948,transfermarkt_availability_split_2026_06_01,0.0,0.072255,ok,No action.
sherzod_nasrullayev__uzb,Sherzod Nasrullaev,UZB,DEF,0.8135,transfermarkt_availability_split_2026_06_04,0.8135,transfermarkt_availability_split_2026_06_01,0.0,0.073955,ok,No action.
derek_cornelius__can,Derek Cornelius,CAN,DEF,0.5919,transfermarkt_availability_split_2026_06_04,0.5919,transfermarkt_availability_split_2026_06_01,0.0,0.053809,ok,No action.
jurri_n_timber__ned,Jurrien Timber,NED,DEF,0.6497,transfermarkt_availability_split_2026_06_04,0.6497,transfermarkt_availability_split_2026_06_01,0.0,0.059064,ok,No action.
santiago_bueno__uru,Santiago Bueno,URU,DEF,0.3621,transfermarkt_availability_split_2026_06_04,0.3621,transfermarkt_availability_split_2026_06_01,0.0,0.032918,ok,No action.
i_aki_williams__gha,Iñaki Williams,GHA,FWD,0.8226,transfermarkt_availability_split_2026_06_04,0.8226,transfermarkt_availability_split_2026_06_01,0.0,0.074782,ok,No action.
livano_comenencia__cuw,Livano Comenencia,CUW,DEF,0.9215,transfermarkt_availability_split_2026_06_04,0.9215,transfermarkt_availability_split_2026_06_01,0.0,0.083773,ok,No action.
kalidou_koulibaly__sen,Kalidou Koulibaly,SEN,DEF,0.8707,transfermarkt_availability_split_2026_06_04,0.8707,transfermarkt_availability_split_2026_06_01,0.0,0.079155,ok,No action.
bremer__bra,Bremer,BRA,DEF,0.4009,transfermarkt_availability_split_2026_06_04,0.4009,transfermarkt_availability_split_2026_06_01,0.0,0.036445,ok,No action.
mohamed_hany__egy,Mohamed Hany,EGY,DEF,0.6987,transfermarkt_availability_split_2026_06_04,0.6987,transfermarkt_availability_split_2026_06_01,0.0,0.063518,ok,No action.
daniel_svensson__swe,Daniel Svensson,SWE,DEF,0.6394,transfermarkt_availability_split_2026_06_04,0.6394,transfermarkt_availability_split_2026_06_01,0.0,0.058127,ok,No action.
torbjorn_heggem__nor,Torbjørn Heggem,NOR,DEF,0.7262,transfermarkt_availability_split_2026_06_04,0.7262,transfermarkt_availability_split_2026_06_01,0.0,0.066018,ok,No action.
jordan_bos__aus,Jordan Bos,AUS,DEF,0.8285,transfermarkt_availability_split_2026_06_04,0.8285,transfermarkt_availability_split_2026_06_01,0.0,0.075318,ok,No action.
jorge_carrascal__col,Jorge Carrascal,COL,MID,0.5975,transfermarkt_availability_split_2026_06_04,0.5975,transfermarkt_availability_split_2026_06_01,0.0,0.054318,ok,No action.
shogo_taniguchi__jpn,Shogo Taniguchi,JPN,DEF,0.5529,transfermarkt_availability_split_2026_06_04,0.5529,transfermarkt_availability_split_2026_06_01,0.0,0.050264,ok,No action.
teun_koopmeiners__ned,Teun Koopmeiners,NED,MID,0.5958,transfermarkt_availability_split_2026_06_04,0.5958,transfermarkt_availability_split_2026_06_01,0.0,0.054164,ok,No action.
isak_hien__swe,Isak Hien,SWE,DEF,0.8197,transfermarkt_availability_split_2026_06_04,0.8197,transfermarkt_availability_split_2026_06_01,0.0,0.074518,ok,No action.
takefusa_kubo__jpn,Takefusa Kubo,JPN,MID,0.7208,transfermarkt_availability_split_2026_06_04,0.7208,transfermarkt_availability_split_2026_06_01,0.0,0.065527,ok,No action.
tim_ream__usa,Tim Ream,USA,DEF,0.5761,transfermarkt_availability_split_2026_06_04,0.5761,transfermarkt_availability_split_2026_06_01,0.0,0.052373,ok,No action.
rafik_belghali__alg,Rafik Belghali,ALG,DEF,0.8614,transfermarkt_availability_split_2026_06_04,0.8614,transfermarkt_availability_split_2026_06_01,0.0,0.078309,ok,No action.
cameron_burgess__aus,Cameron Burgess,AUS,DEF,0.7355,transfermarkt_availability_split_2026_06_04,0.7355,transfermarkt_availability_split_2026_06_01,0.0,0.066864,ok,No action.
tsuyoshi_watanabe__jpn,Tsuyoshi Watanabe,JPN,DEF,0.516,transfermarkt_availability_split_2026_06_04,0.516,transfermarkt_availability_split_2026_06_01,0.0,0.046909,ok,No action.
aaron_wan_bissaka__cod,Aaron Wan-Bissaka,COD,DEF,0.7988,transfermarkt_availability_split_2026_06_04,0.7988,transfermarkt_availability_split_2026_06_01,0.0,0.072618,ok,No action.
sergio_rochet__uru,Sergio Rochet,URU,GK,0.4263,transfermarkt_availability_split_2026_06_04+gk_hierarchy_normalized,0.4263,transfermarkt_availability_split_2026_06_04+gk_hierarchy_normalized,0.0,0.038755,ok,No action.
anthony_ralston__sco,Anthony Ralston,SCO,DEF,0.6311,transfermarkt_availability_split_2026_06_04,0.6311,transfermarkt_availability_split_2026_06_01,0.0,0.057373,ok,No action.
alexander_prass__aut,Alexander Prass,AUT,DEF,0.6185,transfermarkt_availability_split_2026_06_04,0.6185,transfermarkt_availability_split_2026_06_01,0.0,0.056227,ok,No action.
kristijan_jaki__cro,Kristijan Jakic,CRO,DEF,0.3298,transfermarkt_availability_split_2026_06_04,0.3298,transfermarkt_availability_split_2026_06_01,0.0,0.029982,ok,No action.
igor_matanovic__cro,Igor Matanovic,CRO,FWD,0.6651,transfermarkt_availability_split_2026_06_04,0.6651,transfermarkt_availability_split_2026_06_01,0.0,0.060464,ok,No action.
gideon_mensah__gha,Gideon Mensah,GHA,DEF,0.6819,transfermarkt_availability_split_2026_06_04,0.6819,transfermarkt_availability_split_2026_06_01,0.0,0.061991,ok,No action.
jos_s__por,Jose Sa,POR,GK,0.2869,transfermarkt_availability_split_2026_06_04+gk_hierarchy_normalized,0.2869,transfermarkt_availability_split_2026_06_04+gk_hierarchy_normalized,0.0,0.026082,ok,No action.
romelu_lukaku__bel,Romelu Lukaku,BEL,FWD,0.7965,transfermarkt_availability_split_2026_06_04,0.7965,transfermarkt_availability_split_2026_06_01,0.0,0.072409,ok,No action.
grant_hanley__sco,Grant Hanley,SCO,DEF,0.6836,transfermarkt_availability_split_2026_06_04,0.6836,transfermarkt_availability_split_2026_06_01,0.0,0.062145,ok,No action.
fiston_mayele__cod,Fiston Mayele,COD,FWD,0.6741,transfermarkt_availability_split_2026_06_04,0.6741,transfermarkt_availability_split_2026_06_01,0.0,0.061282,ok,No action.
alex_baena__esp,Alex Baena,ESP,MID,0.5347,transfermarkt_availability_split_2026_06_04,0.5347,transfermarkt_availability_split_2026_06_01,0.0,0.048609,ok,No action.
orbel_n_pineda__mex,Orbelin Pineda,MEX,MID,0.5947,transfermarkt_availability_split_2026_06_04,0.5947,transfermarkt_availability_split_2026_06_01,0.0,0.054064,ok,No action.
jorge_guti_rrez__pan,Jorge Gutierrez,PAN,DEF,0.914,name+team,0.914,name+team,0.0,0.085,ok,No action.
diego_g_mez__par,Diego Gomez,PAR,MID,0.7703,transfermarkt_availability_split_2026_06_04,0.7703,transfermarkt_availability_split_2026_06_01,0.0,0.070027,ok,No action.
kieran_tierney__sco,Kieran Tierney,SCO,DEF,0.8139,transfermarkt_availability_split_2026_06_04,0.8139,transfermarkt_availability_split_2026_06_01,0.0,0.073991,ok,No action.
amirhossein_hosseinzadeh__irn,Amirhossein Hosseinzadeh,IRN,FWD,0.5235,transfermarkt_availability_split_2026_06_04,0.5235,transfermarkt_availability_split_2026_06_01,0.0,0.047591,ok,No action.
junnosuke_suzuki__jpn,Junnosuke Suzuki,JPN,DEF,0.7446,transfermarkt_availability_split_2026_06_04,0.7446,transfermarkt_availability_split_2026_06_01,0.0,0.067691,ok,No action.
i_smail_y_ksek__tur,Ismail Yüksek,TUR,MID,0.7936,transfermarkt_availability_split_2026_06_04,0.7936,transfermarkt_availability_split_2026_06_01,0.0,0.072145,ok,No action.
manu_kon__fra,Manu Koné,FRA,MID,0.38,transfermarkt_availability_split_2026_06_04+context_override,0.38,start_vs_appearance_context_override_2026_06_04,0.0,0.052,ok,No action.
maximilian_w_ber__aut,Maximilian Wöber,AUT,DEF,0.6391,transfermarkt_availability_split_2026_06_04,0.6391,transfermarkt_availability_split_2026_06_01,0.0,0.0581,ok,No action.
edin_dzeko__bih,Edin Dzeko,BIH,FWD,0.9046,transfermarkt_availability_split_2026_06_04,0.9046,transfermarkt_availability_split_2026_06_01,0.0,0.082236,ok,No action.
jorrel_hato__ned,Jorrel Hato,NED,DEF,0.5733,transfermarkt_availability_split_2026_06_04,0.5733,transfermarkt_availability_split_2026_06_01,0.0,0.052118,ok,No action.
ryan_christie__sco,Ryan Christie,SCO,MID,0.8264,transfermarkt_availability_split_2026_06_04,0.8264,transfermarkt_availability_split_2026_06_01,0.0,0.075127,ok,No action.
daichi_kamada__jpn,Daichi Kamada,JPN,MID,0.7254,transfermarkt_availability_split_2026_06_04,0.7254,transfermarkt_availability_split_2026_06_01,0.0,0.065945,ok,No action.
aubrey_modiba__rsa,Aubrey Modiba,RSA,DEF,0.6318,transfermarkt_availability_split_2026_06_04,0.6318,transfermarkt_availability_split_2026_06_01,0.0,0.057436,ok,No action.
yahia_fofana__civ,Yahia Fofana,CIV,GK,0.7892,transfermarkt_availability_split_2026_06_04+gk_hierarchy_normalized,0.7892,transfermarkt_availability_split_2026_06_04+gk_hierarchy_normalized,0.0,0.071745,ok,No action.
dailon_livramento__cpv,Dailon Livramento,CPV,FWD,0.8309,transfermarkt_availability_split_2026_06_04,0.8309,transfermarkt_availability_split_2026_06_01,0.0,0.075536,ok,No action.
abdukodir_khusanov__uzb,Abdukodir Khusanov,UZB,DEF,0.8604,transfermarkt_availability_split_2026_06_04,0.8604,transfermarkt_availability_split_2026_06_01,0.0,0.078218,ok,No action.
shoja_khalilzadeh__irn,Shojae Khalilzadeh,IRN,DEF,0.7167,transfermarkt_availability_split_2026_06_04,0.7167,transfermarkt_availability_split_2026_06_01,0.0,0.065155,ok,No action.
ozan_kabak__tur,Ozan Kabak,TUR,DEF,0.699,transfermarkt_availability_split_2026_06_04,0.699,transfermarkt_availability_split_2026_06_01,0.0,0.063545,ok,No action.
nestory_irankunda__aus,Nestory Irankunda,AUS,FWD,0.5879,transfermarkt_availability_split_2026_06_04,0.5879,transfermarkt_availability_split_2026_06_01,0.0,0.053445,ok,No action.
hiroki_ito__jpn,Hiroki Ito,JPN,DEF,0.7462,transfermarkt_availability_split_2026_06_04,0.7462,transfermarkt_availability_split_2026_06_01,0.0,0.067836,ok,No action.
esmir_bajraktarevic__bih,Esmir Bajraktarevic,BIH,MID,0.8519,transfermarkt_availability_split_2026_06_04,0.8519,transfermarkt_availability_split_2026_06_01,0.0,0.077445,ok,No action.
luis_suarez_charris__col,Luis Suarez Charris,COL,FWD,0.6143,transfermarkt_availability_split_2026_06_04,0.6143,transfermarkt_availability_split_2026_06_01,0.0,0.055845,ok,No action.
aaron_hickey__sco,Aaron Hickey,SCO,DEF,0.774,transfermarkt_availability_split_2026_06_04,0.774,transfermarkt_availability_split_2026_06_01,0.0,0.070364,ok,No action.
axel_tuanzebe__cod,Axel Tuanzebe,COD,DEF,0.6757,transfermarkt_availability_split_2026_06_04,0.6757,transfermarkt_availability_split_2026_06_01,0.0,0.061427,ok,No action.
saman_ghoddos__irn,Saman Ghoddos,IRN,MID,0.8236,transfermarkt_availability_split_2026_06_04,0.8236,transfermarkt_availability_split_2026_06_01,0.0,0.074873,ok,No action.
robin_hranac__cze,Robin Hranac,CZE,DEF,0.6258,transfermarkt_availability_split_2026_06_04,0.8305,transfermarkt_availability_split_2026_06_01,-0.2047,0.0755,ok,No action.
sead_kolasinac__bih,Sead Kolasinac,BIH,DEF,0.8213,transfermarkt_availability_split_2026_06_04,0.8213,transfermarkt_availability_split_2026_06_01,0.0,0.074664,ok,No action.
mustafa_eskihella__tur,Mustafa Eskihellac,TUR,DEF,0.8002,transfermarkt_availability_split_2026_06_04,0.8002,transfermarkt_availability_split_2026_06_01,0.0,0.072745,ok,No action.
gustaf_lagerbielke__swe,Gustaf Lagerbielke,SWE,DEF,0.5292,transfermarkt_availability_split_2026_06_04,0.5292,transfermarkt_availability_split_2026_06_01,0.0,0.048109,ok,No action.
malick_thiaw__ger,Malick Thiaw,GER,DEF,0.3308,transfermarkt_availability_split_2026_06_04,0.3308,transfermarkt_availability_split_2026_06_01,0.0,0.030073,ok,No action.
tae_seok_lee__kor,Tae-Seok Lee,KOR,DEF,0.775,transfermarkt_availability_split_2026_06_04,0.775,transfermarkt_availability_split_2026_06_01,0.0,0.070455,ok,No action.
kevin_casta_o__col,Kevin Castano,COL,MID,0.6173,transfermarkt_availability_split_2026_06_04,0.6173,transfermarkt_availability_split_2026_06_01,0.0,0.056118,ok,No action.
djed_spence__eng,Djed Spence,ENG,DEF,0.5214,transfermarkt_availability_split_2026_06_04,0.5214,transfermarkt_availability_split_2026_06_01,0.0,0.0474,ok,No action.
matt_turner__usa,Matt Turner,USA,GK,0.5989,transfermarkt_availability_split_2026_06_04+gk_hierarchy_normalized,0.5989,transfermarkt_availability_split_2026_06_04+gk_hierarchy_normalized,0.0,0.054445,ok,No action.
ismaila_sarr__sen,Ismaila Sarr,SEN,MID,0.6015,transfermarkt_availability_split_2026_06_04+context_override,0.6015,start_vs_appearance_context_override_2026_06_04,0.0,0.037,ok,No action.
douglas_santos__bra,Douglas Santos,BRA,DEF,0.43,transfermarkt_availability_split_2026_06_04,0.43,transfermarkt_availability_split_2026_06_01,0.0,0.039091,ok,No action.
theo_bongonda__cod,Theo Bongonda,COD,MID,0.7669,transfermarkt_availability_split_2026_06_04,0.7669,transfermarkt_availability_split_2026_06_01,0.0,0.069718,ok,No action.
ugurcan_cakir__tur,Ugurcan Cakir,TUR,GK,0.4293,transfermarkt_availability_split_2026_06_04+gk_hierarchy_normalized,0.4293,transfermarkt_availability_split_2026_06_04+gk_hierarchy_normalized,0.0,0.039027,ok,No action.
noah_okafor__sui,Noah Okafor,SUI,MID,0.6741,transfermarkt_availability_split_2026_06_04,0.6741,transfermarkt_availability_split_2026_06_01,0.0,0.061282,ok,No action.
igor_thiago__bra,Igor Thiago,BRA,FWD,0.873,transfermarkt_availability_split_2026_06_04,0.873,transfermarkt_availability_split_2026_06_01,0.0,0.079364,ok,No action.
joel_ord_ez__ecu,Joel Ordonez,ECU,DEF,0.4914,transfermarkt_availability_split_2026_06_04,0.4914,transfermarkt_availability_split_2026_06_01,0.0,0.044673,ok,No action.
yassine_bono_bounou__mar,Yassine 'Bono' Bounou,MAR,GK,0.4858,transfermarkt_availability_split_2026_06_04+gk_hierarchy_normalized,0.4858,transfermarkt_availability_split_2026_06_04+gk_hierarchy_normalized,0.0,0.044164,ok,No action.
hannibal_mejbri__tun,Hannibal Mejbri,TUN,MID,0.7134,transfermarkt_availability_split_2026_06_04,0.7134,transfermarkt_availability_split_2026_06_01,0.0,0.064855,ok,No action.
evan_n_dicka__civ,Evan N'Dicka,CIV,DEF,0.7801,transfermarkt_availability_split_2026_06_04,0.7801,transfermarkt_availability_split_2026_06_01,0.0,0.070918,ok,No action.
everardo_lopez__mex,Everardo Lopez,MEX,DEF,0.5178,transfermarkt_availability_split_2026_06_04,0.5178,transfermarkt_availability_split_2026_06_01,0.0,0.047073,ok,No action.
ivan_unji__bih,Ivan Sunjic,BIH,MID,0.8426,transfermarkt_availability_split_2026_06_04,0.8426,transfermarkt_availability_split_2026_06_01,0.0,0.0766,ok,No action.
jawad_el_yamiq__mar,Jawad El Yamiq,MAR,DEF,0.5826,transfermarkt_availability_split_2026_06_04,0.5826,transfermarkt_availability_split_2026_06_01,0.0,0.052964,ok,No action.
folarin_balogun__usa,Folarin Balogun,USA,FWD,0.8342,transfermarkt_availability_split_2026_06_04,0.8342,transfermarkt_availability_split_2026_06_01,0.0,0.075836,ok,No action.
ramin_rezaeian__irn,Ramin Rezaeian,IRN,DEF,0.7,transfermarkt_availability_split_2026_06_04,0.7,transfermarkt_availability_split_2026_06_01,0.0,0.063636,ok,No action.
erick_davis__pan,Eric Davis,PAN,DEF,0.633,transfermarkt_availability_split_2026_06_04,0.633,transfermarkt_availability_split_2026_06_01,0.0,0.057545,ok,No action.
christian_pulisic__usa,Christian Pulisic,USA,FWD,0.817,transfermarkt_availability_split_2026_06_04,0.817,transfermarkt_availability_split_2026_06_01,0.0,0.074273,ok,No action.
patrik_schick__cze,Patrik Schick,CZE,FWD,0.7906,transfermarkt_availability_split_2026_06_04,0.7906,transfermarkt_availability_split_2026_06_01,0.0,0.071873,ok,No action.
nathaniel_brown__ger,Nathaniel Brown,GER,DEF,0.4611,transfermarkt_availability_split_2026_06_04,0.4611,transfermarkt_availability_split_2026_06_01,0.0,0.041918,ok,No action.
deniz_g_l__tur,Deniz Gül,TUR,FWD,0.5475,transfermarkt_availability_split_2026_06_04,0.5475,transfermarkt_availability_split_2026_06_01,0.0,0.049773,ok,No action.
memphis_depay__ned,Memphis Depay,NED,FWD,0.8226,transfermarkt_availability_split_2026_06_04,0.8226,transfermarkt_availability_split_2026_06_01,0.0,0.074782,ok,No action.
yasser_ibrahim__egy,Yasser Ibrahim,EGY,DEF,0.5221,transfermarkt_availability_split_2026_06_04,0.5221,transfermarkt_availability_split_2026_06_01,0.0,0.047464,ok,No action.
joan_garcia__esp,Joan Garcia,ESP,GK,0.0291,transfermarkt_availability_split_2026_06_04+gk_hierarchy_normalized,0.0291,transfermarkt_availability_split_2026_06_04+gk_hierarchy_normalized,0.0,0.002645,ok,No action.
lennart_karl__ger,Lennart Karl,GER,MID,0.873,transfermarkt_availability_split_2026_06_04,0.873,transfermarkt_availability_split_2026_06_01,0.0,0.079364,ok,No action.
denis_zakaria__sui,Denis Zakaria,SUI,MID,0.645,transfermarkt_availability_split_2026_06_04,0.645,transfermarkt_availability_split_2026_06_01,0.0,0.058636,ok,No action.
milad_mohammadi__irn,Milad Mohammadi,IRN,DEF,0.6793,transfermarkt_availability_split_2026_06_04,0.6793,transfermarkt_availability_split_2026_06_01,0.0,0.061755,ok,No action.
guillermo_ochoa__mex,Guillermo Ochoa,MEX,GK,0.4772,transfermarkt_availability_split_2026_06_04+gk_hierarchy_normalized,0.4772,transfermarkt_availability_split_2026_06_04+gk_hierarchy_normalized,0.0,0.043382,ok,No action.
ghislain_konan__civ,Ghislain Konan,CIV,DEF,0.755,transfermarkt_availability_split_2026_06_04,0.755,transfermarkt_availability_split_2026_06_01,0.0,0.068636,ok,No action.
jo_o_neves__por,João Neves,POR,MID,0.6325,transfermarkt_availability_split_2026_06_04,0.6325,transfermarkt_availability_split_2026_06_01,0.0,0.0575,ok,No action.
saud_abdulhamid__ksa,Saud Abdulhamid,KSA,DEF,0.586,transfermarkt_availability_split_2026_06_04,0.586,transfermarkt_availability_split_2026_06_01,0.0,0.053273,ok,No action.
ederson_moraes__bra,Ederson Moraes,BRA,GK,0.189,transfermarkt_availability_split_2026_06_04+gk_hierarchy_normalized,0.189,transfermarkt_availability_split_2026_06_04+gk_hierarchy_normalized,0.0,0.017182,ok,No action.
ali_alipour__irn,Ali Alipour,IRN,FWD,0.6615,transfermarkt_availability_split_2026_06_04,0.6615,transfermarkt_availability_split_2026_06_01,0.0,0.060136,ok,No action.
hern_n_gal_ndez__ecu,Hernan Galindez,ECU,GK,0.3955,transfermarkt_availability_split_2026_06_04+gk_hierarchy_normalized,0.3955,transfermarkt_availability_split_2026_06_04+gk_hierarchy_normalized,0.0,0.035955,ok,No action.
samuel_moutoussamy__cod,Samuel Moutoussamy,COD,MID,0.8421,transfermarkt_availability_split_2026_06_04,0.8421,transfermarkt_availability_split_2026_06_01,0.0,0.076555,ok,No action.
nico_gonzalez__arg,Nico Gonzalez,ARG,FWD,0.6713,transfermarkt_availability_split_2026_06_04,0.6713,transfermarkt_availability_split_2026_06_01,0.0,0.061027,ok,No action.
hossein_kanaani__irn,Hossein Kanaani,IRN,DEF,0.7369,transfermarkt_availability_split_2026_06_04,0.7369,transfermarkt_availability_split_2026_06_01,0.0,0.066991,ok,No action.
wilfried_stephane_singo__civ,Wilfried Stephane Singo,CIV,DEF,0.7381,transfermarkt_availability_split_2026_06_04,0.7381,transfermarkt_availability_split_2026_06_01,0.0,0.0671,ok,No action.
scott_mckenna__sco,Scott McKenna,SCO,DEF,0.6233,transfermarkt_availability_split_2026_06_04,0.6233,transfermarkt_availability_split_2026_06_01,0.0,0.056664,ok,No action.
kendry_p_ez__ecu,Kendry Paez,ECU,MID,0.6298,transfermarkt_availability_split_2026_06_04,0.6298,transfermarkt_availability_split_2026_06_01,0.0,0.057255,ok,No action.
ahmed_fatouh__egy,Ahmed Fatouh,EGY,DEF,0.6536,transfermarkt_availability_split_2026_06_04,0.6536,transfermarkt_availability_split_2026_06_01,0.0,0.059418,ok,No action.
federico_valverde__uru,Federico Valverde,URU,MID,0.88,transfermarkt_availability_split_2026_06_04,0.88,transfermarkt_availability_split_2026_06_01,0.0,0.08,ok,No action.
bilal_el_khannouss__mar,Bilal El Khannouss,MAR,MID,0.5995,transfermarkt_availability_split_2026_06_04,0.5995,transfermarkt_availability_split_2026_06_01,0.0,0.0545,ok,No action.
dennis_hadzikadunic__bih,Dennis Hadzikadunic,BIH,DEF,0.6747,transfermarkt_availability_split_2026_06_04,0.6747,transfermarkt_availability_split_2026_06_01,0.0,0.061336,ok,No action.
lamine_camara__sen,Lamine Camara,SEN,MID,0.7731,transfermarkt_availability_split_2026_06_04,0.7731,transfermarkt_availability_split_2026_06_01,0.0,0.070282,ok,No action.
oliver_baumann__ger,Oliver Baumann,GER,GK,0.1776,transfermarkt_availability_split_2026_06_04+gk_hierarchy_normalized,0.1776,transfermarkt_availability_split_2026_06_04+gk_hierarchy_normalized,0.0,0.016145,ok,No action.
quinten_timber__ned,Quinten Timber,NED,MID,0.6143,transfermarkt_availability_split_2026_06_04,0.6143,transfermarkt_availability_split_2026_06_01,0.0,0.055845,ok,No action.
michael_amir_murillo__pan,Michael Amir Murillo,PAN,DEF,0.7665,transfermarkt_availability_split_2026_06_04,0.7665,transfermarkt_availability_split_2026_06_01,0.0,0.069682,ok,No action.
rodri_hernandez__esp,Rodri Hernandez,ESP,MID,0.7254,transfermarkt_availability_split_2026_06_04,0.7254,transfermarkt_availability_split_2026_06_01,0.0,0.065945,ok,No action.
marc_pubill__esp,Marc Pubill,ESP,DEF,0.25,holdet_official_unmatched_default,0.25,holdet_official_unmatched_default,0.0,0.022727,ok,No action.
raul_rangel__mex,Raul Rangel,MEX,GK,0.2951,transfermarkt_availability_split_2026_06_04+gk_hierarchy_normalized,0.2951,transfermarkt_availability_split_2026_06_04+gk_hierarchy_normalized,0.0,0.026827,ok,No action.
danley_jean_jacques__hai,Danley Jean Jacques,HAI,MID,0.8896,transfermarkt_availability_split_2026_06_04,0.8896,transfermarkt_availability_split_2026_06_01,0.0,0.080873,ok,No action.
ismail_jakobs__sen,Ismail Jakobs,SEN,DEF,0.6515,transfermarkt_availability_split_2026_06_04,0.6515,transfermarkt_availability_split_2026_06_01,0.0,0.059227,ok,No action.
john_souttar__sco,John Souttar,SCO,DEF,0.516,transfermarkt_availability_split_2026_06_04,0.516,transfermarkt_availability_split_2026_06_01,0.0,0.046909,ok,No action.
maxi_araujo__uru,Maxi Araujo,URU,MID,0.8851,transfermarkt_availability_split_2026_06_04,0.8851,transfermarkt_availability_split_2026_06_01,0.0,0.080464,ok,No action.
eliesse_ben_seghir__mar,Eliesse Ben Seghir,MAR,MID,0.6689,transfermarkt_availability_split_2026_06_04,0.6689,transfermarkt_availability_split_2026_06_01,0.0,0.060809,ok,No action.
juninho_bacuna__cuw,Juninho Bacuna,CUW,MID,0.9144,transfermarkt_availability_split_2026_06_04,0.9144,transfermarkt_availability_split_2026_06_01,0.0,0.083127,ok,No action.
youcef_atal__alg,Youcef Atal,ALG,DEF,0.7066,transfermarkt_availability_split_2026_06_04,0.7066,transfermarkt_availability_split_2026_06_01,0.0,0.064236,ok,No action.
lucas_paqueta__bra,Lucas Paqueta,BRA,MID,0.7869,transfermarkt_availability_split_2026_06_04,0.7869,transfermarkt_availability_split_2026_06_01,0.0,0.071536,ok,No action.
alexis_saelemaekers__bel,Alexis Saelemaekers,BEL,FWD,0.5565,transfermarkt_availability_split_2026_06_04,0.5565,transfermarkt_availability_split_2026_06_01,0.0,0.050591,ok,No action.
angus_gunn__sco,Angus Gunn,SCO,GK,0.4484,transfermarkt_availability_split_2026_06_04+gk_hierarchy_normalized,0.4484,transfermarkt_availability_split_2026_06_04+gk_hierarchy_normalized,0.0,0.040764,ok,No action.
meschak_elia__cod,Meschack Elia,COD,MID,0.8113,transfermarkt_availability_split_2026_06_04,0.8113,transfermarkt_availability_split_2026_06_01,0.0,0.073755,ok,No action.
ram_n_sosa__par,Ramon Sosa,PAR,MID,0.8064,transfermarkt_availability_split_2026_06_04,0.8064,transfermarkt_availability_split_2026_06_01,0.0,0.073309,ok,No action.
saeid_ezatolahi__irn,Saeid Ezatolahi,IRN,MID,0.8138,transfermarkt_availability_split_2026_06_04,0.8138,transfermarkt_availability_split_2026_06_01,0.0,0.073982,ok,No action.
chancel_mbemba__cod,Chancel Mbemba,COD,DEF,0.8316,transfermarkt_availability_split_2026_06_04,0.8316,transfermarkt_availability_split_2026_06_01,0.0,0.0756,ok,No action.
pedro_vite__ecu,Pedro Vite,ECU,MID,0.7525,transfermarkt_availability_split_2026_06_04,0.7525,transfermarkt_availability_split_2026_06_01,0.0,0.068409,ok,No action.
joaquin_seys__bel,Joaquin Seys,BEL,DEF,0.4562,transfermarkt_availability_split_2026_06_04,0.4562,transfermarkt_availability_split_2026_06_01,0.0,0.041473,ok,No action.
antonee_robinson__usa,Antonee Robinson,USA,DEF,0.7562,transfermarkt_availability_split_2026_06_04,0.7562,transfermarkt_availability_split_2026_06_01,0.0,0.068745,ok,No action.
keito_nakamura__jpn,Keito Nakamura,JPN,MID,0.6696,transfermarkt_availability_split_2026_06_04,0.6696,transfermarkt_availability_split_2026_06_01,0.0,0.060873,ok,No action.
david_raya__esp,David Raya,ESP,GK,0.1725,transfermarkt_availability_split_2026_06_04+gk_hierarchy_normalized,0.1725,transfermarkt_availability_split_2026_06_04+gk_hierarchy_normalized,0.0,0.015682,ok,No action.
martin_erlic__cro,Martin Erlic,CRO,DEF,0.2946,transfermarkt_availability_split_2026_06_04,0.2946,transfermarkt_availability_split_2026_06_01,0.0,0.026782,ok,No action.
hossam_abdelmaguid__egy,Hossam Abdelmaguid,EGY,DEF,0.6055,transfermarkt_availability_split_2026_06_04,0.6055,transfermarkt_availability_split_2026_06_01,0.0,0.055045,ok,No action.
connor_metcalfe__aus,Connor Metcalfe,AUS,MID,0.7886,transfermarkt_availability_split_2026_06_04,0.7886,transfermarkt_availability_split_2026_06_01,0.0,0.071691,ok,No action.
mohamed_zeki_amdouni__sui,Mohamed Zeki Amdouni,SUI,FWD,0.8564,transfermarkt_availability_split_2026_06_04,0.8564,transfermarkt_availability_split_2026_06_01,0.0,0.077855,ok,No action.
ayumu_seko__jpn,Ayumu Seko,JPN,DEF,0.559,transfermarkt_availability_split_2026_06_04,0.559,transfermarkt_availability_split_2026_06_01,0.0,0.050818,ok,No action.
fabian_ruiz__esp,Fabian Ruiz,ESP,MID,0.6746,transfermarkt_availability_split_2026_06_04,0.6746,transfermarkt_availability_split_2026_06_01,0.0,0.061327,ok,No action.
anass_salah_eddine__mar,Anass Salah-Eddine,MAR,DEF,0.4835,transfermarkt_availability_split_2026_06_04,0.4835,transfermarkt_availability_split_2026_06_01,0.0,0.043955,ok,No action.
jarell_quansah__eng,Jarell Quansah,ENG,DEF,0.4327,transfermarkt_availability_split_2026_06_04,0.4327,transfermarkt_availability_split_2026_06_01,0.0,0.039336,ok,No action.
kenny_mclean__sco,Kenny McLean,SCO,MID,0.6629,transfermarkt_availability_split_2026_06_04,0.6629,transfermarkt_availability_split_2026_06_01,0.0,0.060264,ok,No action.
cho_gue_sung__kor,Gue-sung Cho,KOR,FWD,0.8209,transfermarkt_availability_split_2026_06_04,0.8209,transfermarkt_availability_split_2026_06_01,0.0,0.074627,ok,No action.
fidel_escobar__pan,Fidel Escobar,PAN,DEF,0.7661,transfermarkt_availability_split_2026_06_04,0.7661,transfermarkt_availability_split_2026_06_01,0.0,0.069645,ok,No action.
alireza_beiranvand__irn,Alireza Beiranvand,IRN,GK,0.6657,transfermarkt_availability_split_2026_06_04+gk_hierarchy_normalized,0.6657,transfermarkt_availability_split_2026_06_04+gk_hierarchy_normalized,0.0,0.060518,ok,No action.
abdoulaye_seck__sen,Abdoulaye Seck,SEN,DEF,0.3202,transfermarkt_availability_split_2026_06_04,0.3202,transfermarkt_availability_split_2026_06_01,0.0,0.029109,ok,No action.
bruno_guimaraes__bra,Bruno Guimaraes,BRA,MID,0.7749,transfermarkt_availability_split_2026_06_04,0.7749,transfermarkt_availability_split_2026_06_01,0.0,0.070445,ok,No action.
matt_freese__usa,Matt Freese,USA,GK,0.3173,transfermarkt_availability_split_2026_06_04+gk_hierarchy_normalized,0.3173,transfermarkt_availability_split_2026_06_04+gk_hierarchy_normalized,0.0,0.028845,ok,No action.
jesus_angulo__mex,Jesus Angulo,MEX,DEF,0.6071,transfermarkt_availability_split_2026_06_04,0.6071,transfermarkt_availability_split_2026_06_01,0.0,0.055191,ok,No action.
roger_ibanez__bra,Roger Ibanez,BRA,DEF,0.3862,transfermarkt_availability_split_2026_06_04,0.3862,transfermarkt_availability_split_2026_06_01,0.0,0.035109,ok,No action.
nikola_vasilj__bih,Nikola Vasilj,BIH,GK,0.6617,transfermarkt_availability_split_2026_06_04+gk_hierarchy_normalized,0.6617,transfermarkt_availability_split_2026_06_04+gk_hierarchy_normalized,0.0,0.060155,ok,No action.
matej_kovar__cze,Matej Kovar,CZE,GK,0.599,transfermarkt_availability_split_2026_06_04+gk_hierarchy_normalized,0.599,transfermarkt_availability_split_2026_06_04+gk_hierarchy_normalized,0.0,0.054455,ok,No action.
facundo_pellistri__uru,Facundo Pellistri,URU,FWD,0.8814,transfermarkt_availability_split_2026_06_04,0.8814,transfermarkt_availability_split_2026_06_01,0.0,0.080127,ok,No action.
odilon_kossounou__civ,Odilon Kossounou,CIV,DEF,0.6317,transfermarkt_availability_split_2026_06_04,0.6317,transfermarkt_availability_split_2026_06_01,0.0,0.057427,ok,No action.
ibrahim_adel__egy,Ibrahim Adel,EGY,MID,0.6285,transfermarkt_availability_split_2026_06_04,0.6285,transfermarkt_availability_split_2026_06_01,0.0,0.057136,ok,No action.
jaroslav_zeleny__cze,Jaroslav Zeleny,CZE,DEF,0.7681,transfermarkt_availability_split_2026_06_04,0.6381,transfermarkt_availability_split_2026_06_01,0.13,0.058009,ok,No action.
hossein_abarghouei__irn,Hossein Abarghouei,IRN,DEF,0.7913,transfermarkt_availability_split_2026_06_04,0.7913,transfermarkt_availability_split_2026_06_01,0.0,0.071936,ok,No action.
alan_ben_tez__par,Alan Benitez,PAR,DEF,0.5733,transfermarkt_availability_split_2026_06_04,0.5733,transfermarkt_availability_split_2026_06_01,0.0,0.052118,ok,No action.
maghnes_akliouche__fra,Maghnes Akliouche,FRA,FWD,0.7685,transfermarkt_availability_split_2026_06_04,0.7685,transfermarkt_availability_split_2026_06_01,0.0,0.069864,ok,No action.
kenan_yildiz__tur,Kenan Yildiz,TUR,MID,0.8953,transfermarkt_availability_split_2026_06_04,0.8953,transfermarkt_availability_split_2026_06_01,0.0,0.081391,ok,No action.
luka_vuskovic__cro,Luka Vuskovic,CRO,DEF,0.7259,transfermarkt_availability_split_2026_06_04,0.7259,transfermarkt_availability_split_2026_06_01,0.0,0.065991,ok,No action.
hussein_ali__irq,Hussein Ali,IRQ,DEF,0.8097,transfermarkt_availability_split_2026_06_04,0.8097,transfermarkt_availability_split_2026_06_01,0.0,0.073609,ok,No action.
mbekezeli_mbokazi__rsa,Mbekezeli Mbokazi,RSA,DEF,0.6885,transfermarkt_availability_split_2026_06_04,0.6885,transfermarkt_availability_split_2026_06_01,0.0,0.062591,ok,No action.
bradley_barcola__fra,Bradley Barcola,FRA,MID,0.7583,transfermarkt_availability_split_2026_06_04,0.7583,transfermarkt_availability_split_2026_06_01,0.0,0.068936,ok,No action.
jos_luis_rodr_guez_bebanz__uru,Jose Luis Rodriguez Bebanz,URU,DEF,0.1955,transfermarkt_availability_split_2026_06_04,0.1955,transfermarkt_availability_split_2026_06_01,0.0,0.017773,ok,No action.
benjamin_asare__gha,Benjamin Asare,GHA,GK,0.696,transfermarkt_availability_split_2026_06_04+gk_hierarchy_normalized,0.696,transfermarkt_availability_split_2026_06_04+gk_hierarchy_normalized,0.0,0.063273,ok,No action.
juan_cucho_hernandez__col,Juan 'Cucho' Hernandez,COL,FWD,0.25,holdet_official_unmatched_default,0.25,holdet_official_unmatched_default,0.0,0.022727,ok,No action.
hakan_calhanoglu__tur,Hakan Calhanoglu,TUR,MID,0.8632,transfermarkt_availability_split_2026_06_04,0.8632,transfermarkt_availability_split_2026_06_01,0.0,0.078473,ok,No action.
arthur_masuaku__cod,Arthur Masuaku,COD,DEF,0.6914,transfermarkt_availability_split_2026_06_04,0.6914,transfermarkt_availability_split_2026_06_01,0.0,0.062855,ok,No action.
dylan_bronn__tun,Dylan Bronn,TUN,DEF,0.6829,transfermarkt_availability_split_2026_06_04,0.6829,transfermarkt_availability_split_2026_06_01,0.0,0.062082,ok,No action.
mike_penders__bel,Mike Penders,BEL,GK,0.2781,transfermarkt_availability_split_2026_06_04+gk_hierarchy_normalized,0.2781,transfermarkt_availability_split_2026_06_04+gk_hierarchy_normalized,0.0,0.025282,ok,No action.
richard_ledezma__mex,Richard Ledezma,MEX,DEF,0.5759,transfermarkt_availability_split_2026_06_04,0.5759,transfermarkt_availability_split_2026_06_01,0.0,0.052355,ok,No action.
mathieu_choiniere__can,Mathieu Choiniere,CAN,MID,0.4739,transfermarkt_availability_split_2026_06_04,0.4739,transfermarkt_availability_split_2026_06_01,0.0,0.043082,ok,No action.
yuto_nagatomo__jpn,Yuto Nagatomo,JPN,DEF,0.7557,transfermarkt_availability_split_2026_06_04,0.7557,transfermarkt_availability_split_2026_06_01,0.0,0.0687,ok,No action.
tyler_bindon__nzl,Tyler Bindon,NZL,DEF,0.8205,transfermarkt_availability_split_2026_06_04,0.8205,transfermarkt_availability_split_2026_06_01,0.0,0.074591,ok,No action.
liberato_cacace__nzl,Liberato Cacace,NZL,DEF,0.8273,transfermarkt_availability_split_2026_06_04,0.8273,transfermarkt_availability_split_2026_06_01,0.0,0.075209,ok,No action.
hwang_hee_chan__kor,Hee-Chan Hwang,KOR,MID,0.7563,transfermarkt_availability_split_2026_06_04,0.7563,transfermarkt_availability_split_2026_06_01,0.0,0.068755,ok,No action.
camilo_vargas__col,Camilo Vargas,COL,GK,0.2108,transfermarkt_availability_split_2026_06_04+gk_hierarchy_normalized,0.2108,transfermarkt_availability_split_2026_06_04+gk_hierarchy_normalized,0.0,0.019164,ok,No action.
nico_paz__arg,Nico Paz,ARG,MID,0.4357,transfermarkt_availability_split_2026_06_04,0.4357,transfermarkt_availability_split_2026_06_01,0.0,0.039609,ok,No action.
thomas_partey__gha,Thomas Partey,GHA,MID,0.778,transfermarkt_availability_split_2026_06_04,0.778,transfermarkt_availability_split_2026_06_01,0.0,0.070727,ok,No action.
sidny_lopes_cabral__cpv,Sidny Lopes Cabral,CPV,DEF,0.5278,transfermarkt_availability_split_2026_06_04,0.5278,transfermarkt_availability_split_2026_06_01,0.0,0.047982,ok,No action.
brian_brobbey__ned,Brian Brobbey,NED,FWD,0.43,transfermarkt_availability_split_2026_06_04,0.43,transfermarkt_availability_split_2026_06_01,0.0,0.039091,ok,No action.
fredrik_andr_bj_rkan__nor,Fredrik Andre Bjørkan,NOR,DEF,0.4313,transfermarkt_availability_split_2026_06_04,0.4313,transfermarkt_availability_split_2026_06_01,0.0,0.039209,ok,No action.
h_lio_varela__cpv,Helio Varela,CPV,FWD,0.7167,transfermarkt_availability_split_2026_06_04,0.7167,transfermarkt_availability_split_2026_06_01,0.0,0.065155,ok,No action.
ali_nemati__irn,Ali Nemati,IRN,DEF,0.514,name+team,0.514,name+team,0.0,0.064,ok,No action.
jos_manuel_l_pez__arg,Jose Manuel Lopez,ARG,FWD,0.3671,transfermarkt_availability_split_2026_06_04,0.3671,transfermarkt_availability_split_2026_06_01,0.0,0.033373,ok,No action.
matheus_nunes__por,Matheus Nunes,POR,MID,0.5106,transfermarkt_availability_split_2026_06_04,0.5106,transfermarkt_availability_split_2026_06_01,0.0,0.046418,ok,No action.
warren_za_re_emery__fra,Warren Zaire-Emery,FRA,MID,0.3875,transfermarkt_availability_split_2026_06_04,0.3875,transfermarkt_availability_split_2026_06_01,0.0,0.035227,ok,No action.
mateo_kovacic__cro,Mateo Kovacic,CRO,MID,0.839,transfermarkt_availability_split_2026_06_04,0.839,transfermarkt_availability_split_2026_06_01,0.0,0.076273,ok,No action.
alessandro_circati__aus,Alessandro Circati,AUS,DEF,0.6894,transfermarkt_availability_split_2026_06_04,0.6894,transfermarkt_availability_split_2026_06_01,0.0,0.062673,ok,No action.
felix_nmecha__ger,Felix Nmecha,GER,MID,0.43,transfermarkt_availability_split_2026_06_04,0.43,transfermarkt_availability_split_2026_06_01,0.0,0.039091,ok,No action.
alex_arce__par,Alex Arce,PAR,FWD,0.601,transfermarkt_availability_split_2026_06_04,0.601,transfermarkt_availability_split_2026_06_01,0.0,0.054636,ok,No action.
chadi_riad__mar,Chadi Riad,MAR,DEF,0.691,transfermarkt_availability_split_2026_06_04,0.691,transfermarkt_availability_split_2026_06_01,0.0,0.062818,ok,No action.
jos_cordoba__pan,Jose Cordoba,PAN,DEF,0.7297,transfermarkt_availability_split_2026_06_04,0.7297,transfermarkt_availability_split_2026_06_01,0.0,0.066336,ok,No action.
evidence_makgopa__rsa,Evidence Makgopa,RSA,FWD,0.7167,transfermarkt_availability_split_2026_06_04,0.7167,transfermarkt_availability_split_2026_06_01,0.0,0.065155,ok,No action.
andres_andrade__pan,Andres Andrade,PAN,DEF,0.7829,transfermarkt_availability_split_2026_06_04,0.7829,transfermarkt_availability_split_2026_06_01,0.0,0.071173,ok,No action.
diney_borges__cpv,Diney Borges,CPV,DEF,0.4927,transfermarkt_availability_split_2026_06_04,0.4927,transfermarkt_availability_split_2026_06_01,0.0,0.044791,ok,No action.
samet_akaydin__tur,Samet Akaydin,TUR,DEF,0.476,transfermarkt_availability_split_2026_06_04,0.476,transfermarkt_availability_split_2026_06_01,0.0,0.043273,ok,No action.
tim_payne__nzl,Tim Payne,NZL,DEF,0.7626,transfermarkt_availability_split_2026_06_04,0.7626,transfermarkt_availability_split_2026_06_01,0.0,0.069327,ok,No action.
kosta_barbarouses__nzl,Kosta Barbarouses,NZL,FWD,0.8303,transfermarkt_availability_split_2026_06_04,0.8303,transfermarkt_availability_split_2026_06_01,0.0,0.075482,ok,No action.
aziz_behich__aus,Aziz Behich,AUS,DEF,0.7021,transfermarkt_availability_split_2026_06_04,0.7021,transfermarkt_availability_split_2026_06_01,0.0,0.063827,ok,No action.
moon_hwan_kim__kor,Moon-Hwan Kim,KOR,DEF,0.54,transfermarkt_availability_split_2026_06_04,0.54,transfermarkt_availability_split_2026_06_01,0.0,0.049091,ok,No action.
jean_philippe_mateta__fra,Jean-Philippe Mateta,FRA,FWD,0.5843,transfermarkt_availability_split_2026_06_04,0.5843,transfermarkt_availability_split_2026_06_01,0.0,0.053118,ok,No action.
takehiro_tomiyasu__jpn,Takehiro Tomiyasu,JPN,DEF,0.7391,transfermarkt_availability_split_2026_06_04,0.7391,transfermarkt_availability_split_2026_06_01,0.0,0.067191,ok,No action.
ellyes_skhiri__tun,Ellyes Skhiri,TUN,MID,0.8676,transfermarkt_availability_split_2026_06_04,0.8676,transfermarkt_availability_split_2026_06_01,0.0,0.078873,ok,No action.
noa_lang__ned,Noa Lang,NED,FWD,0.4448,transfermarkt_availability_split_2026_06_04,0.4448,transfermarkt_availability_split_2026_06_01,0.0,0.040436,ok,No action.
miro_muheim__sui,Miro Muheim,SUI,DEF,0.3111,transfermarkt_availability_split_2026_06_04,0.3111,transfermarkt_availability_split_2026_06_01,0.0,0.028282,ok,No action.
kye_rowles__aus,Kye Rowles,AUS,DEF,0.6668,transfermarkt_availability_split_2026_06_04,0.6668,transfermarkt_availability_split_2026_06_01,0.0,0.060618,ok,No action.
marin_pongra_i__cro,Marin Pongracic,CRO,DEF,0.4152,transfermarkt_availability_split_2026_06_04,0.4152,transfermarkt_availability_split_2026_06_01,0.0,0.037745,ok,No action.
milo_degenek__aus,Milos Degenek,AUS,DEF,0.6269,transfermarkt_availability_split_2026_06_04,0.6269,transfermarkt_availability_split_2026_06_01,0.0,0.056991,ok,No action.
yoane_wissa__cod,Yoane Wissa,COD,FWD,0.8342,transfermarkt_availability_split_2026_06_04,0.8342,transfermarkt_availability_split_2026_06_01,0.0,0.075836,ok,No action.
yan_valery__tun,Yan Valery,TUN,DEF,0.5733,transfermarkt_availability_split_2026_06_04,0.5733,transfermarkt_availability_split_2026_06_01,0.0,0.052118,ok,No action.
ali_majrashi__ksa,Ali Majrashi,KSA,DEF,0.7167,transfermarkt_availability_split_2026_06_04,0.7167,transfermarkt_availability_split_2026_06_01,0.0,0.065155,ok,No action.
weston_mckennie__usa,Weston McKennie,USA,MID,0.8215,transfermarkt_availability_split_2026_06_04,0.8215,transfermarkt_availability_split_2026_06_01,0.0,0.074682,ok,No action.
florian_grillitsch__aut,Florian Grillitsch,AUT,MID,0.7044,transfermarkt_availability_split_2026_06_04,0.7044,transfermarkt_availability_split_2026_06_01,0.0,0.064036,ok,No action.
borja_iglesias__esp,Borja Iglesias,ESP,FWD,0.4414,transfermarkt_availability_split_2026_06_04,0.4414,transfermarkt_availability_split_2026_06_01,0.0,0.040127,ok,No action.
nathan_patterson__sco,Nathan Patterson,SCO,DEF,0.7525,transfermarkt_availability_split_2026_06_04,0.7525,transfermarkt_availability_split_2026_06_01,0.0,0.068409,ok,No action.
marcus_holmgren_pedersen__nor,Marcus Holmgren Pedersen,NOR,DEF,0.6292,transfermarkt_availability_split_2026_06_04,0.6292,transfermarkt_availability_split_2026_06_01,0.0,0.0572,ok,No action.
abdulelah_al_amri__ksa,Abdulelah Al-Amri,KSA,DEF,0.6689,transfermarkt_availability_split_2026_06_04,0.6689,transfermarkt_availability_split_2026_06_01,0.0,0.060809,ok,No action.
jearl_margaritha__cuw,Jearl Margaritha,CUW,FWD,0.6291,transfermarkt_availability_split_2026_06_04,0.6291,transfermarkt_availability_split_2026_06_01,0.0,0.057191,ok,No action.
mathew_ryan__aus,Mathew Ryan,AUS,GK,0.6917,transfermarkt_availability_split_2026_06_04+gk_hierarchy_normalized,0.6917,transfermarkt_availability_split_2026_06_04+gk_hierarchy_normalized,0.0,0.062882,ok,No action.
dean_henderson__eng,Dean Henderson,ENG,GK,0.1011,transfermarkt_availability_split_2026_06_04+gk_hierarchy_normalized,0.1011,transfermarkt_availability_split_2026_06_04+gk_hierarchy_normalized,0.0,0.009191,ok,No action.
ronwen_williams__rsa,Ronwen Williams,RSA,GK,0.7261,transfermarkt_availability_split_2026_06_04+gk_hierarchy_normalized,0.7261,transfermarkt_availability_split_2026_06_04+gk_hierarchy_normalized,0.0,0.066009,ok,No action.
kim_seung_gyu__kor,Seung-Gyu Kim,KOR,GK,0.5092,transfermarkt_availability_split_2026_06_04+gk_hierarchy_normalized,0.5092,transfermarkt_availability_split_2026_06_04+gk_hierarchy_normalized,0.0,0.046291,ok,No action.
yeremy_pino__esp,Yeremy Pino,ESP,MID,0.6143,transfermarkt_availability_split_2026_06_04,0.6143,transfermarkt_availability_split_2026_06_01,0.0,0.055845,ok,No action.
dami_n_bobadilla__par,Damian Bobadilla,PAR,MID,0.6848,transfermarkt_availability_split_2026_06_04,0.6848,transfermarkt_availability_split_2026_06_01,0.0,0.062255,ok,No action.
joel_waterman__can,Joel Waterman,CAN,DEF,0.2867,transfermarkt_availability_split_2026_06_04,0.2867,transfermarkt_availability_split_2026_06_01,0.0,0.026064,ok,No action.
jo_hyeon_woo__kor,Hyeon-Woo Jo,KOR,GK,0.3858,transfermarkt_availability_split_2026_06_04+gk_hierarchy_normalized,0.3858,transfermarkt_availability_split_2026_06_04+gk_hierarchy_normalized,0.0,0.035073,ok,No action.
dayne_st_clair__can,Dayne St. Clair,CAN,GK,0.24,transfermarkt_availability_split_2026_06_04+gk_hierarchy_normalized,0.24,transfermarkt_availability_split_2026_06_04+gk_hierarchy_normalized,0.0,0.021818,ok,No action.
jesper_karlstr_m__swe,Jesper Karlström,SWE,MID,0.5447,transfermarkt_availability_split_2026_06_04,0.5447,transfermarkt_availability_split_2026_06_01,0.0,0.049518,ok,No action.
khozhiakbar_alizhonov__uzb,Khozhiakbar Alizhonov,UZB,DEF,0.7733,transfermarkt_availability_split_2026_06_04,0.7733,transfermarkt_availability_split_2026_06_01,0.0,0.0703,ok,No action.
pavel_sulc__cze,Pavel Sulc,CZE,MID,0.8202,transfermarkt_availability_split_2026_06_04,0.8202,transfermarkt_availability_split_2026_06_01,0.0,0.074564,ok,No action.
aymen_hussein__irq,Aymen Hussein,IRQ,FWD,0.7292,transfermarkt_availability_split_2026_06_04,0.7292,transfermarkt_availability_split_2026_06_01,0.0,0.066291,ok,No action.
aurele_amenda__sui,Aurele Amenda,SUI,DEF,0.2809,transfermarkt_availability_split_2026_06_04,0.2809,transfermarkt_availability_split_2026_06_01,0.0,0.025536,ok,No action.
marcos_llorente__esp,Marcos Llorente,ESP,MID,0.5733,transfermarkt_availability_split_2026_06_04,0.5733,transfermarkt_availability_split_2026_06_01,0.0,0.052118,ok,No action.
an_bal_godoy__pan,Anibal Godoy,PAN,MID,0.8093,transfermarkt_availability_split_2026_06_04,0.8093,transfermarkt_availability_split_2026_06_01,0.0,0.073573,ok,No action.
omid_noorafkan__irn,Omid Noorafkan,IRN,MID,0.7415,transfermarkt_availability_split_2026_06_04,0.7415,transfermarkt_availability_split_2026_06_01,0.0,0.067409,ok,No action.
aziz_g_aniyev__uzb,Aziz Ganiev,UZB,MID,0.6876,transfermarkt_availability_split_2026_06_04,0.6876,transfermarkt_availability_split_2026_06_01,0.0,0.062509,ok,No action.
logan_costa__cpv,Logan Costa,CPV,DEF,0.8139,transfermarkt_availability_split_2026_06_04,0.8139,transfermarkt_availability_split_2026_06_01,0.0,0.073991,ok,No action.
nawaf_al_boushal__ksa,Nawaf Al-Boushal,KSA,DEF,0.7414,transfermarkt_availability_split_2026_06_04,0.7414,transfermarkt_availability_split_2026_06_01,0.0,0.0674,ok,No action.
hans_vanaken__bel,Hans Vanaken,BEL,MID,0.4318,transfermarkt_availability_split_2026_06_04,0.4318,transfermarkt_availability_split_2026_06_01,0.0,0.039255,ok,No action.
tomas_holes__cze,Tomas Holes,CZE,DEF,0.8873,transfermarkt_availability_split_2026_06_04,0.7807,transfermarkt_availability_split_2026_06_01,0.1066,0.070973,ok,No action.
ben_waine__nzl,Ben Waine,NZL,FWD,0.6886,transfermarkt_availability_split_2026_06_04,0.6886,transfermarkt_availability_split_2026_06_01,0.0,0.0626,ok,No action.
nathanael_mbuku__cod,Nathanael Mbuku,COD,MID,0.8471,transfermarkt_availability_split_2026_06_04,0.8471,transfermarkt_availability_split_2026_06_01,0.0,0.077009,ok,No action.
rustam_ashurmatov__uzb,Rustam Ashurmatov,UZB,DEF,0.6628,transfermarkt_availability_split_2026_06_04,0.6628,transfermarkt_availability_split_2026_06_01,0.0,0.060255,ok,No action.
zineddine_belaid__alg,Zineddine Belaid,ALG,DEF,0.4472,transfermarkt_availability_split_2026_06_04,0.4472,transfermarkt_availability_split_2026_06_01,0.0,0.040655,ok,No action.
patrick_berg__nor,Patrick Berg,NOR,MID,0.698,transfermarkt_availability_split_2026_06_04,0.698,transfermarkt_availability_split_2026_06_01,0.0,0.063455,ok,No action.
umar_eshmurodov__uzb,Umar Eshmurodov,UZB,DEF,0.7074,transfermarkt_availability_split_2026_06_04,0.7074,transfermarkt_availability_split_2026_06_01,0.0,0.064309,ok,No action.
cristian_mart_nez__pan,Cristian Martinez,PAN,MID,0.709,name+team,0.709,name+team,0.0,0.066,ok,No action.
evren_eren_elmali__tur,Evren Eren Elmali,TUR,DEF,0.6381,transfermarkt_availability_split_2026_06_04,0.6381,transfermarkt_availability_split_2026_06_01,0.0,0.058009,ok,No action.
amad_diallo__civ,Amad Diallo,CIV,FWD,0.7082,transfermarkt_availability_split_2026_06_04,0.7082,transfermarkt_availability_split_2026_06_01,0.0,0.064382,ok,No action.
erik_lira__mex,Erik Lira,MEX,MID,0.5644,transfermarkt_availability_split_2026_06_04,0.5644,transfermarkt_availability_split_2026_06_01,0.0,0.051309,ok,No action.
mamadou_sarr__sen,Mamadou Sarr,SEN,DEF,0.4682,transfermarkt_availability_split_2026_06_04,0.4682,transfermarkt_availability_split_2026_06_01,0.0,0.042564,ok,No action.
yuito_suzuki__jpn,Yuito Suzuki,JPN,FWD,0.6857,transfermarkt_availability_split_2026_06_04,0.6857,transfermarkt_availability_split_2026_06_01,0.0,0.062336,ok,No action.
boualem_khoukhi__qat,Boualem Khoukhi,QAT,DEF,0.8339,transfermarkt_availability_split_2026_06_04,0.8339,transfermarkt_availability_split_2026_06_01,0.0,0.075809,ok,No action.
mohamed_amine_ben_hamida__tun,Mohamed Amine Ben Hamida,TUN,DEF,0.5912,transfermarkt_availability_split_2026_06_04,0.5912,transfermarkt_availability_split_2026_06_01,0.0,0.053745,ok,No action.
franco_mastantuono__arg,Franco Mastantuono,ARG,MID,0.5967,transfermarkt_availability_split_2026_06_04,0.5967,transfermarkt_availability_split_2026_06_01,0.0,0.054245,ok,No action.
keisuke_goto__jpn,Keisuke Goto,JPN,FWD,0.6844,transfermarkt_availability_split_2026_06_04,0.6844,transfermarkt_availability_split_2026_06_01,0.0,0.062218,ok,No action.
ehsan_hajsafi__irn,Ehsan Hajsafi,IRN,DEF,0.7469,transfermarkt_availability_split_2026_06_04,0.7469,transfermarkt_availability_split_2026_06_01,0.0,0.0679,ok,No action.
lucas_mendes__qat,Lucas Mendes,QAT,DEF,0.8649,transfermarkt_availability_split_2026_06_04,0.8649,transfermarkt_availability_split_2026_06_01,0.0,0.078627,ok,No action.
ali_jasim__irq,Ali Jasim,IRQ,MID,0.9352,transfermarkt_availability_split_2026_06_04,0.9352,transfermarkt_availability_split_2026_06_01,0.0,0.085018,ok,No action.
adil_boulbina__alg,Adil Boulbina,ALG,FWD,0.5847,transfermarkt_availability_split_2026_06_04,0.5847,transfermarkt_availability_split_2026_06_01,0.0,0.053155,ok,No action.
martin_vitik__cze,Martin Vitik,CZE,DEF,0.8269,transfermarkt_availability_split_2026_06_04,0.4918,transfermarkt_availability_split_2026_06_01,0.3351,0.044709,large_start_prob_mismatch_but_source_priority_not_higher,Manual review; do not overwrite without better source priority.
joris_kayembe__cod,Joris Kayembe,COD,DEF,0.6001,transfermarkt_availability_split_2026_06_04,0.6001,transfermarkt_availability_split_2026_06_01,0.0,0.054555,ok,No action.
ivan_toney__eng,Ivan Toney,ENG,FWD,0.344,transfermarkt_availability_split_2026_06_04,0.344,transfermarkt_availability_split_2026_06_01,0.0,0.031273,ok,No action.
alexander_n_bel__ger,Alexander Nübel,GER,GK,0.0596,transfermarkt_availability_split_2026_06_04+gk_hierarchy_normalized,0.0596,transfermarkt_availability_split_2026_06_04+gk_hierarchy_normalized,0.0,0.005418,ok,No action.
carl_starfelt__swe,Carl Starfelt,SWE,DEF,0.4553,transfermarkt_availability_split_2026_06_04,0.4553,transfermarkt_availability_split_2026_06_01,0.0,0.041391,ok,No action.
mert_gunok__tur,Mert Günok,TUR,GK,0.2754,transfermarkt_availability_split_2026_06_04+gk_hierarchy_normalized,0.2754,transfermarkt_availability_split_2026_06_04+gk_hierarchy_normalized,0.0,0.025036,ok,No action.
nihad_mujaki__bih,Nihad Mujakic,BIH,DEF,0.4396,transfermarkt_availability_split_2026_06_04,0.4396,transfermarkt_availability_split_2026_06_01,0.0,0.039964,ok,No action.
pedro_ro_ro_miguel_correia__qat,Pedro 'Ro-Ro' Miguel Correia,QAT,DEF,0.8455,transfermarkt_availability_split_2026_06_04,0.8455,transfermarkt_availability_split_2026_06_01,0.0,0.076864,ok,No action.
willer_ditta__col,Willer Ditta,COL,DEF,0.3311,transfermarkt_availability_split_2026_06_04,0.3311,transfermarkt_availability_split_2026_06_01,0.0,0.0301,ok,No action.
exequiel_palacios__arg,Exequiel Palacios,ARG,MID,0.5437,transfermarkt_availability_split_2026_06_04,0.5437,transfermarkt_availability_split_2026_06_01,0.0,0.049427,ok,No action.
victor_munoz__esp,Victor Munoz,ESP,FWD,0.873,transfermarkt_availability_split_2026_06_04,0.873,transfermarkt_availability_split_2026_06_01,0.0,0.079364,ok,No action.
daniel_jebbison__can,Daniel Jebbison,CAN,FWD,0.3358,transfermarkt_availability_split_2026_06_04,0.3358,transfermarkt_availability_split_2026_06_01,0.0,0.030527,ok,No action.
pablo_gavi__esp,Pablo Gavi,ESP,MID,0.25,holdet_official_unmatched_default,0.25,holdet_official_unmatched_default,0.0,0.022727,ok,No action.
sarpreet_singh__nzl,Sarpreet Singh,NZL,MID,0.8456,transfermarkt_availability_split_2026_06_04,0.8456,transfermarkt_availability_split_2026_06_01,0.0,0.076873,ok,No action.
amir_al_ammari__irq,Amir Al Ammari,IRQ,MID,0.8671,transfermarkt_availability_split_2026_06_04,0.8671,transfermarkt_availability_split_2026_06_01,0.0,0.078827,ok,No action.
tomas_soucek__cze,Tomas Soucek,CZE,MID,0.9219,transfermarkt_availability_split_2026_06_04,0.9219,transfermarkt_availability_split_2026_06_01,0.0,0.083809,ok,No action.
danial_esmaeilifar__irn,Danial Esmaeilifar,IRN,DEF,0.3862,transfermarkt_availability_split_2026_06_04,0.3862,transfermarkt_availability_split_2026_06_01,0.0,0.035109,ok,No action.
egil_selvik__nor,Egil Selvik,NOR,GK,0.2446,transfermarkt_availability_split_2026_06_04+gk_hierarchy_normalized,0.2446,transfermarkt_availability_split_2026_06_04+gk_hierarchy_normalized,0.0,0.022236,ok,No action.
ger_nimo_rulli__arg,Geronimo Rulli,ARG,GK,0.0597,transfermarkt_availability_split_2026_06_04+gk_hierarchy_normalized,0.0597,transfermarkt_availability_split_2026_06_04+gk_hierarchy_normalized,0.0,0.005427,ok,No action.
jason_geria__aus,Jason Geria,AUS,DEF,0.5529,transfermarkt_availability_split_2026_06_04,0.5529,transfermarkt_availability_split_2026_06_01,0.0,0.050264,ok,No action.
emam_ashour__egy,Emam Ashour,EGY,MID,0.6622,transfermarkt_availability_split_2026_06_04,0.6622,transfermarkt_availability_split_2026_06_01,0.0,0.0602,ok,No action.
carlos_acevedo__mex,Carlos Acevedo,MEX,GK,0.2278,transfermarkt_availability_split_2026_06_04+gk_hierarchy_normalized,0.2278,transfermarkt_availability_split_2026_06_04+gk_hierarchy_normalized,0.0,0.020709,ok,No action.
miles_robinson__usa,Miles Robinson,USA,DEF,0.5132,transfermarkt_availability_split_2026_06_04,0.5132,transfermarkt_availability_split_2026_06_01,0.0,0.046655,ok,No action.
aiden_o_neill__aus,Aiden O'Neill,AUS,MID,0.8854,transfermarkt_availability_split_2026_06_04,0.8854,transfermarkt_availability_split_2026_06_01,0.0,0.080491,ok,No action.
fares_cha_bi__alg,Fares Chaibi,ALG,MID,0.7047,transfermarkt_availability_split_2026_06_04,0.7047,transfermarkt_availability_split_2026_06_01,0.0,0.064064,ok,No action.
tarek_salman__qat,Tarek Salman,QAT,DEF,0.7434,transfermarkt_availability_split_2026_06_04,0.7434,transfermarkt_availability_split_2026_06_01,0.0,0.067582,ok,No action.
thalente_mbatha__rsa,Thalente Mbatha,RSA,MID,0.5547,transfermarkt_availability_split_2026_06_04,0.5547,transfermarkt_availability_split_2026_06_01,0.0,0.050427,ok,No action.
ko_itakura__jpn,Ko Itakura,JPN,DEF,0.6414,transfermarkt_availability_split_2026_06_04,0.6414,transfermarkt_availability_split_2026_06_01,0.0,0.058309,ok,No action.
homam_al_amin__qat,Homam Al-Amin,QAT,DEF,0.7957,transfermarkt_availability_split_2026_06_04,0.7957,transfermarkt_availability_split_2026_06_01,0.0,0.072336,ok,No action.
ayoub_al_oui__qat,Ayoub Al-Oui,QAT,DEF,0.794,transfermarkt_availability_split_2026_06_04,0.794,transfermarkt_availability_split_2026_06_01,0.0,0.072182,ok,No action.
lucas_herrington__aus,Lucas Herrington,AUS,DEF,0.8795,transfermarkt_availability_split_2026_06_04,0.8795,transfermarkt_availability_split_2026_06_01,0.0,0.079955,ok,No action.
ousmane_diomande__civ,Ousmane Diomande,CIV,DEF,0.4417,transfermarkt_availability_split_2026_06_04,0.4417,transfermarkt_availability_split_2026_06_01,0.0,0.040155,ok,No action.
abdallah_nasib__jor,Abdallah Nasib,JOR,DEF,0.8045,transfermarkt_availability_split_2026_06_04,0.8045,transfermarkt_availability_split_2026_06_01,0.0,0.073136,ok,No action.
francis_de_vries__nzl,Francis de Vries,NZL,DEF,0.6054,transfermarkt_availability_split_2026_06_04,0.6054,transfermarkt_availability_split_2026_06_01,0.0,0.055036,ok,No action.
luca_jaquez__sui,Luca Jaquez,SUI,DEF,0.4562,transfermarkt_availability_split_2026_06_04,0.4562,transfermarkt_availability_split_2026_06_01,0.0,0.041473,ok,No action.
gustavo_vel_squez__par,Gustavo Velazquez,PAR,DEF,0.3942,transfermarkt_availability_split_2026_06_04,0.3942,transfermarkt_availability_split_2026_06_01,0.0,0.035836,ok,No action.
kaan_ayhan__tur,Kaan Ayhan,TUR,MID,0.7528,transfermarkt_availability_split_2026_06_04,0.7528,transfermarkt_availability_split_2026_06_01,0.0,0.068436,ok,No action.
sherel_floranus__cuw,Sherel Floranus,CUW,DEF,0.8872,transfermarkt_availability_split_2026_06_04,0.8872,transfermarkt_availability_split_2026_06_01,0.0,0.080655,ok,No action.
emmanuel_agbadou__civ,Emmanuel Agbadou,CIV,DEF,0.43,transfermarkt_availability_split_2026_06_04,0.43,transfermarkt_availability_split_2026_06_01,0.0,0.039091,ok,No action.
isma_l_gharbi__tun,Ismael Gharbi,TUN,MID,0.8814,transfermarkt_availability_split_2026_06_04,0.8814,transfermarkt_availability_split_2026_06_01,0.0,0.080127,ok,No action.
finn_surman__nzl,Finn Surman,NZL,DEF,0.6455,transfermarkt_availability_split_2026_06_04,0.6455,transfermarkt_availability_split_2026_06_01,0.0,0.058682,ok,No action.
johan_manzambi__sui,Johan Manzambi,SUI,MID,0.873,transfermarkt_availability_split_2026_06_04,0.873,transfermarkt_availability_split_2026_06_01,0.0,0.079364,ok,No action.
elias_saad__tun,Elias Saad,TUN,MID,0.5733,transfermarkt_availability_split_2026_06_04,0.5733,transfermarkt_availability_split_2026_06_01,0.0,0.052118,ok,No action.
brice_samba__fra,Brice Samba,FRA,GK,0.0885,transfermarkt_availability_split_2026_06_04+gk_hierarchy_normalized,0.0885,transfermarkt_availability_split_2026_06_04+gk_hierarchy_normalized,0.0,0.008045,ok,No action.
jovane_cabral__cpv,Jovane Cabral,CPV,FWD,0.7525,transfermarkt_availability_split_2026_06_04,0.7525,transfermarkt_availability_split_2026_06_01,0.0,0.068409,ok,No action.
niko_sigur__can,Niko Sigur,CAN,MID,0.7463,transfermarkt_availability_split_2026_06_04,0.7463,transfermarkt_availability_split_2026_06_01,0.0,0.067845,ok,No action.
juri_n_gaari__cuw,Jurien Gaari,CUW,DEF,0.8262,transfermarkt_availability_split_2026_06_04,0.8262,transfermarkt_availability_split_2026_06_01,0.0,0.075109,ok,No action.
yu_min_cho__kor,Yu-Min Cho,KOR,DEF,0.4056,transfermarkt_availability_split_2026_06_04,0.4056,transfermarkt_availability_split_2026_06_01,0.0,0.036873,ok,No action.
sofyan_amrabat__mar,Sofyan Amrabat,MAR,MID,0.6942,transfermarkt_availability_split_2026_06_04,0.6942,transfermarkt_availability_split_2026_06_01,0.0,0.063109,ok,No action.
james_trafford__eng,James Trafford,ENG,GK,0.1189,transfermarkt_availability_split_2026_06_04+gk_hierarchy_normalized,0.1189,transfermarkt_availability_split_2026_06_04+gk_hierarchy_normalized,0.0,0.010809,ok,No action.
carlos_harvey__pan,Carlos Harvey,PAN,MID,0.6757,transfermarkt_availability_split_2026_06_04,0.6757,transfermarkt_availability_split_2026_06_01,0.0,0.061427,ok,No action.
ime_okon__rsa,Ime Okon,RSA,DEF,0.8795,transfermarkt_availability_split_2026_06_04,0.8795,transfermarkt_availability_split_2026_06_01,0.0,0.079955,ok,No action.
stepan_chaloupek__cze,Stepan Chaloupek,CZE,DEF,0.9062,transfermarkt_availability_split_2026_06_04,0.6844,transfermarkt_availability_split_2026_06_01,0.2218,0.062218,large_start_prob_mismatch_but_source_priority_not_higher,Manual review; do not overwrite without better source priority.
farrukh_sayfiev__uzb,Farrukh Sayfiev,UZB,DEF,0.6101,transfermarkt_availability_split_2026_06_04,0.6101,transfermarkt_availability_split_2026_06_01,0.0,0.055464,ok,No action.
patrick_wimmer__aut,Patrick Wimmer,AUT,MID,0.5787,transfermarkt_availability_split_2026_06_04+context_override,0.5787,start_vs_appearance_context_override_2026_06_04,0.0,0.04,ok,No action.
mark_flekken__ned,Mark Flekken,NED,GK,0.1525,transfermarkt_availability_split_2026_06_04+gk_hierarchy_normalized,0.1525,transfermarkt_availability_split_2026_06_04+gk_hierarchy_normalized,0.0,0.013864,ok,No action.
stopira__cpv,Stopira,CPV,DEF,0.654,transfermarkt_availability_split_2026_06_04,0.654,transfermarkt_availability_split_2026_06_01,0.0,0.059455,ok,No action.
yazan_al_arab__jor,Yazan Al-Arab,JOR,DEF,0.7457,transfermarkt_availability_split_2026_06_04,0.7457,transfermarkt_availability_split_2026_06_01,0.0,0.067791,ok,No action.
otabek_shukurov__uzb,Otabek Shukurov,UZB,MID,0.8579,transfermarkt_availability_split_2026_06_04,0.8579,transfermarkt_availability_split_2026_06_01,0.0,0.077991,ok,No action.
jean_kevin_duverne__hai,Jean-Kevin Duverne,HAI,DEF,0.8502,transfermarkt_availability_split_2026_06_04,0.8502,transfermarkt_availability_split_2026_06_01,0.0,0.077291,ok,No action.
marko_stamenic__nzl,Marko Stamenic,NZL,MID,0.8985,transfermarkt_availability_split_2026_06_04,0.8985,transfermarkt_availability_split_2026_06_01,0.0,0.081682,ok,No action.
luca_zidane__alg,Luca Zidane,ALG,GK,0.399,transfermarkt_availability_split_2026_06_04+gk_hierarchy_normalized,0.399,transfermarkt_availability_split_2026_06_04+gk_hierarchy_normalized,0.0,0.036273,ok,No action.
leandro_bacuna__cuw,Leandro Bacuna,CUW,MID,0.9141,transfermarkt_availability_split_2026_06_04,0.9141,transfermarkt_availability_split_2026_06_01,0.0,0.0831,ok,No action.
noah_sadiki__cod,Noah Sadiki,COD,MID,0.8171,transfermarkt_availability_split_2026_06_04,0.8171,transfermarkt_availability_split_2026_06_01,0.0,0.074282,ok,No action.
baris_alper_yilmaz__tur,Baris Alper Yilmaz,TUR,FWD,0.8921,transfermarkt_availability_split_2026_06_04,0.8921,transfermarkt_availability_split_2026_06_01,0.0,0.0811,ok,No action.
senne_lammens__bel,Senne Lammens,BEL,GK,0.114,transfermarkt_availability_split_2026_06_04+gk_hierarchy_normalized,0.114,transfermarkt_availability_split_2026_06_04+gk_hierarchy_normalized,0.0,0.010364,ok,No action.
david_cabezas__ecu,David Cabezas,ECU,GK,0.4287,transfermarkt_availability_split_2026_06_04+gk_hierarchy_normalized,0.4287,transfermarkt_availability_split_2026_06_04+gk_hierarchy_normalized,0.0,0.038973,ok,No action.
cyle_christopher_larin__can,Cyle Christopher Larin,CAN,FWD,0.793,transfermarkt_availability_split_2026_06_04,0.793,transfermarkt_availability_split_2026_06_01,0.0,0.072091,ok,No action.
ben_doak__sco,Ben Doak,SCO,MID,0.8529,transfermarkt_availability_split_2026_06_04,0.8529,transfermarkt_availability_split_2026_06_01,0.0,0.077536,ok,No action.
ricardo_ad__hai,Ricardo Ade,HAI,DEF,0.7464,transfermarkt_availability_split_2026_06_04,0.7464,transfermarkt_availability_split_2026_06_01,0.0,0.067855,ok,No action.
gervane_kastaneer__cuw,Gervane Kastaneer,CUW,FWD,0.5432,transfermarkt_availability_split_2026_06_04,0.5432,transfermarkt_availability_split_2026_06_01,0.0,0.049382,ok,No action.
ramiz_zerrouki__alg,Ramiz Zerrouki,ALG,MID,0.7823,transfermarkt_availability_split_2026_06_04,0.7823,transfermarkt_availability_split_2026_06_01,0.0,0.071118,ok,No action.
timothy_weah__usa,Timothy Weah,USA,FWD,0.7859,transfermarkt_availability_split_2026_06_04,0.7859,transfermarkt_availability_split_2026_06_01,0.0,0.071445,ok,No action.
ziyad_al_johani__ksa,Ziyad Al-Johani,KSA,MID,0.6287,transfermarkt_availability_split_2026_06_04,0.6287,transfermarkt_availability_split_2026_06_01,0.0,0.057155,ok,No action.
axel_witsel__bel,Axel Witsel,BEL,MID,0.8263,transfermarkt_availability_split_2026_06_04,0.8263,transfermarkt_availability_split_2026_06_01,0.0,0.075118,ok,No action.
alvaro_montero__col,Alvaro Montero,COL,GK,0.1021,transfermarkt_availability_split_2026_06_04+gk_hierarchy_normalized,0.1021,transfermarkt_availability_split_2026_06_04+gk_hierarchy_normalized,0.0,0.009282,ok,No action.
stjepan_radeljic__bih,Stjepan Radeljic,BIH,DEF,0.3715,transfermarkt_availability_split_2026_06_04,0.3715,transfermarkt_availability_split_2026_06_01,0.0,0.033773,ok,No action.
michel_aebischer__sui,Michel Aebischer,SUI,MID,0.5181,transfermarkt_availability_split_2026_06_04,0.5181,transfermarkt_availability_split_2026_06_01,0.0,0.0471,ok,No action.
keisuke_sako__jpn,Keisuke Osako,JPN,GK,0.2016,transfermarkt_availability_split_2026_06_04+gk_hierarchy_normalized,0.2016,transfermarkt_availability_split_2026_06_04+gk_hierarchy_normalized,0.0,0.018327,ok,No action.
merchas_doski__irq,Merchas Doski,IRQ,DEF,0.8342,transfermarkt_availability_split_2026_06_04,0.8342,transfermarkt_availability_split_2026_06_01,0.0,0.075836,ok,No action.
giovanni_reyna__usa,Giovanni Reyna,USA,MID,0.7955,transfermarkt_availability_split_2026_06_04,0.7955,transfermarkt_availability_split_2026_06_01,0.0,0.072318,ok,No action.
rani_khedira__tun,Rani Khedira,TUN,MID,0.873,transfermarkt_availability_split_2026_06_04,0.873,transfermarkt_availability_split_2026_06_01,0.0,0.079364,ok,No action.
rayan__bra,Rayan,BRA,FWD,0.6933,transfermarkt_availability_split_2026_06_04,0.6933,transfermarkt_availability_split_2026_06_01,0.0,0.063027,ok,No action.
david_jurasek__cze,David Jurasek,CZE,DEF,0.8754,transfermarkt_availability_split_2026_06_04,0.6253,transfermarkt_availability_split_2026_06_01,0.2501,0.056845,large_start_prob_mismatch_but_source_priority_not_higher,Manual review; do not overwrite without better source priority.
mohammad_abualnadi__jor,Mohammad Abualnadi,JOR,DEF,0.6453,transfermarkt_availability_split_2026_06_04,0.6453,transfermarkt_availability_split_2026_06_01,0.0,0.058664,ok,No action.
ermedin_demirovic__bih,Ermedin Demirovic,BIH,FWD,0.8187,transfermarkt_availability_split_2026_06_04,0.8187,transfermarkt_availability_split_2026_06_01,0.0,0.074427,ok,No action.
firas_chaouat__tun,Firas Chaouat,TUN,FWD,0.5292,transfermarkt_availability_split_2026_06_04,0.5292,transfermarkt_availability_split_2026_06_01,0.0,0.048109,ok,No action.
viktor_johansson__swe,Viktor Johansson,SWE,GK,0.2228,transfermarkt_availability_split_2026_06_04+gk_hierarchy_normalized,0.2228,transfermarkt_availability_split_2026_06_04+gk_hierarchy_normalized,0.0,0.020255,ok,No action.
djibril_sow__sui,Djibril Sow,SUI,MID,0.6478,transfermarkt_availability_split_2026_06_04,0.6478,transfermarkt_availability_split_2026_06_01,0.0,0.058891,ok,No action.
jerome_opoku__gha,Jerome Opoku,GHA,DEF,0.3969,transfermarkt_availability_split_2026_06_04,0.3969,transfermarkt_availability_split_2026_06_01,0.0,0.036082,ok,No action.
fredrik_aursnes__nor,Fredrik Aursnes,NOR,MID,0.7078,transfermarkt_availability_split_2026_06_04,0.7078,transfermarkt_availability_split_2026_06_01,0.0,0.064345,ok,No action.
nidal_celik__bih,Nidal Celik,BIH,DEF,0.6128,transfermarkt_availability_split_2026_06_04,0.6128,transfermarkt_availability_split_2026_06_01,0.0,0.055709,ok,No action.
c_sar_blackman__pan,Cesar Blackman,PAN,DEF,0.443,transfermarkt_availability_split_2026_06_04,0.443,transfermarkt_availability_split_2026_06_01,0.0,0.040273,ok,No action.
wagner_pina__cpv,Wagner Pina,CPV,DEF,0.5432,transfermarkt_availability_split_2026_06_04,0.5432,transfermarkt_availability_split_2026_06_01,0.0,0.049382,ok,No action.
nicolas_de_la_cruz__uru,Nicolas de la Cruz,URU,MID,0.731,transfermarkt_availability_split_2026_06_04,0.731,transfermarkt_availability_split_2026_06_01,0.0,0.066455,ok,No action.
yvon_mvogo__sui,Yvon Mvogo,SUI,GK,0.2688,transfermarkt_availability_split_2026_06_04+gk_hierarchy_normalized,0.2688,transfermarkt_availability_split_2026_06_04+gk_hierarchy_normalized,0.0,0.024436,ok,No action.
jonathan_osorio__can,Jonathan Osorio,CAN,MID,0.7211,transfermarkt_availability_split_2026_06_04,0.7211,transfermarkt_availability_split_2026_06_01,0.0,0.065555,ok,No action.
leverton_pierre__hai,Leverton Pierre,HAI,MID,0.7773,transfermarkt_availability_split_2026_06_04,0.7773,transfermarkt_availability_split_2026_06_01,0.0,0.070664,ok,No action.
jose_fajardo__pan,Jose Fajardo,PAN,FWD,0.714,transfermarkt_availability_split_2026_06_04,0.714,transfermarkt_availability_split_2026_06_01,0.0,0.064909,ok,No action.
tshepang_moremi__rsa,Tshepang Moremi,RSA,FWD,0.649,transfermarkt_availability_split_2026_06_04,0.649,transfermarkt_availability_split_2026_06_01,0.0,0.059,ok,No action.
luc_de_fougerolles__can,Luc De Fougerolles,CAN,DEF,0.3375,transfermarkt_availability_split_2026_06_04,0.3375,transfermarkt_availability_split_2026_06_01,0.0,0.030682,ok,No action.
amine_gouiri__alg,Amine Gouiri,ALG,FWD,0.817,transfermarkt_availability_split_2026_06_04,0.817,transfermarkt_availability_split_2026_06_01,0.0,0.074273,ok,No action.
joshua_brenet__cuw,Joshua Brenet,CUW,DEF,0.7129,transfermarkt_availability_split_2026_06_04,0.7129,transfermarkt_availability_split_2026_06_01,0.0,0.064809,ok,No action.
mohammed_ghorbani__irn,Mohammad Ghorbani,IRN,MID,0.6168,transfermarkt_availability_split_2026_06_04,0.6168,transfermarkt_availability_split_2026_06_01,0.0,0.056073,ok,No action.
pascal_gross__ger,Pascal Gross,GER,MID,0.5821,transfermarkt_availability_split_2026_06_04,0.5821,transfermarkt_availability_split_2026_06_01,0.0,0.052918,ok,No action.
justin_bijlow__ned,Justin Bijlow,NED,GK,0.1442,transfermarkt_availability_split_2026_06_04+gk_hierarchy_normalized,0.1442,transfermarkt_availability_split_2026_06_04+gk_hierarchy_normalized,0.0,0.013109,ok,No action.
derrick_kohn__gha,Derrick Köhn,GHA,DEF,0.6728,transfermarkt_availability_split_2026_06_04,0.6728,transfermarkt_availability_split_2026_06_01,0.0,0.061164,ok,No action.
kojo_peprah_oppong__gha,Kojo Peprah Oppong,GHA,DEF,0.6728,transfermarkt_availability_split_2026_06_04,0.6728,transfermarkt_availability_split_2026_06_01,0.0,0.061164,ok,No action.
hannes_delcroix__hai,Hannes Delcroix,HAI,DEF,0.7341,transfermarkt_availability_split_2026_06_04,0.7341,transfermarkt_availability_split_2026_06_01,0.0,0.066736,ok,No action.
mehdi_ghayedi__irn,Mehdi Ghayedi,IRN,MID,0.7519,transfermarkt_availability_split_2026_06_04,0.7519,transfermarkt_availability_split_2026_06_01,0.0,0.068355,ok,No action.
kamaldeen_sulemana__gha,Kamaldeen Sulemana,GHA,FWD,0.6808,transfermarkt_availability_split_2026_06_04,0.6808,transfermarkt_availability_split_2026_06_01,0.0,0.061891,ok,No action.
jacob_italiano__aus,Jacob Italiano,AUS,DEF,0.7116,transfermarkt_availability_split_2026_06_04,0.7116,transfermarkt_availability_split_2026_06_01,0.0,0.064691,ok,No action.
mahmoud_trezeguet__egy,Mahmoud Trezeguet,EGY,MID,0.8438,transfermarkt_availability_split_2026_06_04,0.8438,transfermarkt_availability_split_2026_06_01,0.0,0.076709,ok,No action.
erick_sanchez__mex,Erick Sanchez,MEX,MID,0.6576,transfermarkt_availability_split_2026_06_04,0.6576,transfermarkt_availability_split_2026_06_01,0.0,0.059782,ok,No action.
elijah_just__nzl,Elijah Just,NZL,MID,0.8857,transfermarkt_availability_split_2026_06_04,0.8857,transfermarkt_availability_split_2026_06_01,0.0,0.080518,ok,No action.
jack_hendry__sco,Jack Hendry,SCO,DEF,0.5532,transfermarkt_availability_split_2026_06_04,0.5532,transfermarkt_availability_split_2026_06_01,0.0,0.050291,ok,No action.
jose_hurtado__ecu,Jose Hurtado,ECU,DEF,0.25,holdet_official_unmatched_default,0.25,holdet_official_unmatched_default,0.0,0.022727,ok,No action.
german_berterame__mex,German Berterame,MEX,FWD,0.5779,transfermarkt_availability_split_2026_06_04,0.5779,transfermarkt_availability_split_2026_06_01,0.0,0.052536,ok,No action.
ivan_ba_i__bih,Ivan Basic,BIH,MID,0.4913,transfermarkt_availability_split_2026_06_04,0.4913,transfermarkt_availability_split_2026_06_01,0.0,0.044664,ok,No action.
ngal_ayel_mukau__cod,Ngal'ayel Mukau,COD,MID,0.724,transfermarkt_availability_split_2026_06_04,0.724,transfermarkt_availability_split_2026_06_01,0.0,0.065818,ok,No action.
orlando_gill__par,Orlando Gill,PAR,GK,0.3157,transfermarkt_availability_split_2026_06_04+gk_hierarchy_normalized,0.3157,transfermarkt_availability_split_2026_06_04+gk_hierarchy_normalized,0.0,0.0287,ok,No action.
roshon_van_eijma__cuw,Roshon van Eijma,CUW,DEF,0.5747,transfermarkt_availability_split_2026_06_04,0.5747,transfermarkt_availability_split_2026_06_01,0.0,0.052245,ok,No action.
marwan_ateya__egy,Marwan Ateya,EGY,MID,0.8011,transfermarkt_availability_split_2026_06_04,0.8011,transfermarkt_availability_split_2026_06_01,0.0,0.072827,ok,No action.
wilson_isidor__hai,Wilson Isidor,HAI,FWD,0.8655,transfermarkt_availability_split_2026_06_04,0.8655,transfermarkt_availability_split_2026_06_01,0.0,0.078682,ok,No action.
zizo__egy,Ahmed Zizo,EGY,MID,0.7866,transfermarkt_availability_split_2026_06_04,0.7866,transfermarkt_availability_split_2026_06_01,0.0,0.071509,ok,No action.
salem_al_dawsari__ksa,Salem Al-Dawsari,KSA,MID,0.8245,transfermarkt_availability_split_2026_06_04,0.8245,transfermarkt_availability_split_2026_06_01,0.0,0.074955,ok,No action.
thapelo_morena__rsa,Thapelo Morena,RSA,FWD,0.7525,transfermarkt_availability_split_2026_06_04,0.7525,transfermarkt_availability_split_2026_06_01,0.0,0.068409,ok,No action.
jamie_leweling__ger,Jamie Leweling,GER,MID,0.525,transfermarkt_availability_split_2026_06_04,0.525,transfermarkt_availability_split_2026_06_01,0.0,0.047727,ok,No action.
nkosinathi_sibisi__rsa,Nkosinathi Sibisi,RSA,DEF,0.3857,transfermarkt_availability_split_2026_06_04,0.3857,transfermarkt_availability_split_2026_06_01,0.0,0.035064,ok,No action.
isma_l_bennacer__alg,Ismael Bennacer,ALG,MID,0.7025,transfermarkt_availability_split_2026_06_04,0.7025,transfermarkt_availability_split_2026_06_01,0.0,0.063864,ok,No action.
edmilson_junior__qat,Edmilson Junior,QAT,FWD,0.8529,transfermarkt_availability_split_2026_06_04,0.8529,transfermarkt_availability_split_2026_06_01,0.0,0.077536,ok,No action.
andr_s_cubas__par,Andres Cubas,PAR,MID,0.7229,transfermarkt_availability_split_2026_06_04,0.7229,transfermarkt_availability_split_2026_06_01,0.0,0.065718,ok,No action.
almoez_ali__qat,Almoez Ali,QAT,FWD,0.8237,transfermarkt_availability_split_2026_06_04,0.8237,transfermarkt_availability_split_2026_06_01,0.0,0.074882,ok,No action.
marco_friedl__aut,Marco Friedl,AUT,DEF,0.4745,transfermarkt_availability_split_2026_06_04,0.4745,transfermarkt_availability_split_2026_06_01,0.0,0.043136,ok,No action.
mark_mckenzie__usa,Mark McKenzie,USA,DEF,0.3942,transfermarkt_availability_split_2026_06_04,0.3942,transfermarkt_availability_split_2026_06_01,0.0,0.035836,ok,No action.
eray_c_mert__sui,Eray Cömert,SUI,DEF,0.3067,transfermarkt_availability_split_2026_06_04,0.3067,transfermarkt_availability_split_2026_06_01,0.0,0.027882,ok,No action.
dylan_batubinsika__cod,Dylan Batubinsika,COD,DEF,0.4142,transfermarkt_availability_split_2026_06_04,0.4142,transfermarkt_availability_split_2026_06_01,0.0,0.037655,ok,No action.
mohamed_toure__aus,Mohamed Toure,AUS,FWD,0.6883,transfermarkt_availability_split_2026_06_04,0.6883,transfermarkt_availability_split_2026_06_01,0.0,0.062573,ok,No action.
zaid_tahseen__irq,Zaid Tahseen,IRQ,DEF,0.676,transfermarkt_availability_split_2026_06_04,0.676,transfermarkt_availability_split_2026_06_01,0.0,0.061455,ok,No action.
sphephelo_yaya_sithole__rsa,Sphephelo Yaya Sithole,RSA,MID,0.8032,transfermarkt_availability_split_2026_06_04,0.8032,transfermarkt_availability_split_2026_06_01,0.0,0.073018,ok,No action.
ryan_mendes_da_graca__cpv,Ryan Mendes Da Graça,CPV,FWD,0.8829,transfermarkt_availability_split_2026_06_04,0.8829,transfermarkt_availability_split_2026_06_01,0.0,0.080264,ok,No action.
mohamed_kanno__ksa,Mohamed Kanno,KSA,MID,0.7666,transfermarkt_availability_split_2026_06_04,0.7666,transfermarkt_availability_split_2026_06_01,0.0,0.069691,ok,No action.
ricardo_velho__por,Ricardo Velho,POR,GK,0.0495,transfermarkt_availability_split_2026_06_04+gk_hierarchy_normalized,0.0495,transfermarkt_availability_split_2026_06_04+gk_hierarchy_normalized,0.0,0.0045,ok,No action.
jean_ricner_bellegarde__hai,Jean-Ricner Bellegarde,HAI,MID,0.9021,transfermarkt_availability_split_2026_06_04,0.9021,transfermarkt_availability_split_2026_06_01,0.0,0.082009,ok,No action.
mohanad_ali__irq,Mohanad Ali,IRQ,FWD,0.7856,transfermarkt_availability_split_2026_06_04,0.7856,transfermarkt_availability_split_2026_06_01,0.0,0.071418,ok,No action.
mousa_tamari__jor,Mousa Tamari,JOR,MID,0.8322,transfermarkt_availability_split_2026_06_04,0.8322,transfermarkt_availability_split_2026_06_01,0.0,0.075655,ok,No action.
jakhongir_urozov__uzb,Jakhongir Urozov,UZB,DEF,0.4417,transfermarkt_availability_split_2026_06_04,0.4417,transfermarkt_availability_split_2026_06_01,0.0,0.040155,ok,No action.
weverton__bra,Weverton,BRA,GK,0.0498,transfermarkt_availability_split_2026_06_04+gk_hierarchy_normalized,0.0498,transfermarkt_availability_split_2026_06_04+gk_hierarchy_normalized,0.0,0.004527,ok,No action.
aymen_dahmen__tun,Aymen Dahmen,TUN,GK,0.4267,transfermarkt_availability_split_2026_06_04+gk_hierarchy_normalized,0.4267,transfermarkt_availability_split_2026_06_04+gk_hierarchy_normalized,0.0,0.038791,ok,No action.
ahmad_assaf__jor,Ahmad Assaf,JOR,DEF,0.5422,transfermarkt_availability_split_2026_06_04,0.5422,transfermarkt_availability_split_2026_06_01,0.0,0.049291,ok,No action.
blas_riveros__par,Blas Riveros,PAR,DEF,0.5235,transfermarkt_availability_split_2026_06_04,0.5235,transfermarkt_availability_split_2026_06_01,0.0,0.047591,ok,No action.
yan_diomande__civ,Yan Diomande,CIV,FWD,0.8814,transfermarkt_availability_split_2026_06_04,0.8814,transfermarkt_availability_split_2026_06_01,0.0,0.080127,ok,No action.
pape_alassane_gueye__sen,Pape Alassane Gueye,SEN,MID,0.7287,transfermarkt_availability_split_2026_06_04,0.7287,transfermarkt_availability_split_2026_06_01,0.0,0.066245,ok,No action.
morten_thorsby__nor,Morten Thorsby,NOR,MID,0.5467,transfermarkt_availability_split_2026_06_04,0.5467,transfermarkt_availability_split_2026_06_01,0.0,0.0497,ok,No action.
lukas_provod__cze,Lukas Provod,CZE,MID,0.8932,transfermarkt_availability_split_2026_06_04,0.9439,transfermarkt_availability_split_2026_06_01,-0.0507,0.085809,ok,No action.
ruben_providence__hai,Ruben Providence,HAI,FWD,0.8296,transfermarkt_availability_split_2026_06_04,0.8296,transfermarkt_availability_split_2026_06_01,0.0,0.075418,ok,No action.
relebohile_mofokeng__rsa,Relebohile Mofokeng,RSA,FWD,0.4693,transfermarkt_availability_split_2026_06_04,0.4693,transfermarkt_availability_split_2026_06_01,0.0,0.042664,ok,No action.
tomas_chory__cze,Tomas Chory,CZE,FWD,0.7948,transfermarkt_availability_split_2026_06_04,0.7948,transfermarkt_availability_split_2026_06_01,0.0,0.072255,ok,No action.
anthony_mandrea__alg,Anthony Mandrea,ALG,GK,0.3123,transfermarkt_availability_split_2026_06_04+gk_hierarchy_normalized,0.3123,transfermarkt_availability_split_2026_06_04+gk_hierarchy_normalized,0.0,0.028391,ok,No action.
hicham_boudaoui__alg,Hicham Boudaoui,ALG,MID,0.5192,transfermarkt_availability_split_2026_06_04,0.5192,transfermarkt_availability_split_2026_06_01,0.0,0.0472,ok,No action.
karim_boudiaf__qat,Karim Boudiaf,QAT,MID,0.811,transfermarkt_availability_split_2026_06_04,0.811,transfermarkt_availability_split_2026_06_01,0.0,0.073727,ok,No action.
robin_risser__fra,Robin Risser,FRA,GK,0.0251,transfermarkt_availability_split_2026_06_04+gk_hierarchy_normalized,0.0251,transfermarkt_availability_split_2026_06_04+gk_hierarchy_normalized,0.0,0.002282,ok,No action.
jaminton_campaz__col,Jaminton Campaz,COL,MID,0.4631,transfermarkt_availability_split_2026_06_04,0.4631,transfermarkt_availability_split_2026_06_01,0.0,0.0421,ok,No action.
kristoffer_nordfeldt__swe,Kristoffer Nordfeldt,SWE,GK,0.103,transfermarkt_availability_split_2026_06_04+gk_hierarchy_normalized,0.103,transfermarkt_availability_split_2026_06_04+gk_hierarchy_normalized,0.0,0.009364,ok,No action.
santiago_mele__uru,Santiago Mele,URU,GK,0.0893,transfermarkt_availability_split_2026_06_04+gk_hierarchy_normalized,0.0893,transfermarkt_availability_split_2026_06_04+gk_hierarchy_normalized,0.0,0.008118,ok,No action.
ji_sung_eom__kor,Ji-sung Eom,KOR,MID,0.6689,transfermarkt_availability_split_2026_06_04,0.6689,transfermarkt_availability_split_2026_06_01,0.0,0.060809,ok,No action.
evann_guessand__civ,Evann Guessand,CIV,FWD,0.7944,transfermarkt_availability_split_2026_06_04,0.7944,transfermarkt_availability_split_2026_06_01,0.0,0.072218,ok,No action.
gustaf_nilsson__swe,Gustaf Nilsson,SWE,FWD,0.6789,transfermarkt_availability_split_2026_06_04,0.6789,transfermarkt_availability_split_2026_06_01,0.0,0.061718,ok,No action.
danilo_dos_santos__bra,Danilo dos Santos,BRA,MID,0.515,transfermarkt_availability_split_2026_06_04,0.515,transfermarkt_availability_split_2026_06_01,0.0,0.046818,ok,No action.
ken_sema__swe,Ken Sema,SWE,MID,0.3948,transfermarkt_availability_split_2026_06_04,0.3948,transfermarkt_availability_split_2026_06_01,0.0,0.035891,ok,No action.
charles_pickel__cod,Charles Pickel,COD,MID,0.7895,transfermarkt_availability_split_2026_06_04,0.7895,transfermarkt_availability_split_2026_06_01,0.0,0.071773,ok,No action.
eberechi_eze__eng,Eberechi Eze,ENG,MID,0.5007,transfermarkt_availability_split_2026_06_04,0.5007,transfermarkt_availability_split_2026_06_01,0.0,0.045518,ok,No action.
christian_fassnacht__sui,Christian Fassnacht,SUI,FWD,0.3606,transfermarkt_availability_split_2026_06_04,0.3606,transfermarkt_availability_split_2026_06_01,0.0,0.032782,ok,No action.
hjalmar_ekdal__swe,Hjalmar Ekdal,SWE,DEF,0.4505,transfermarkt_availability_split_2026_06_04,0.4505,transfermarkt_availability_split_2026_06_01,0.0,0.040955,ok,No action.
alexis_guendouz__alg,Alexis Guendouz,ALG,GK,0.2887,transfermarkt_availability_split_2026_06_04+gk_hierarchy_normalized,0.2887,transfermarkt_availability_split_2026_06_04+gk_hierarchy_normalized,0.0,0.026245,ok,No action.
don_deedson_louicius__hai,Don Deedson Louicius,HAI,FWD,0.6357,transfermarkt_availability_split_2026_06_04,0.6357,transfermarkt_availability_split_2026_06_01,0.0,0.057791,ok,No action.
kaishu_sano__jpn,Kaishu Sano,JPN,MID,0.5733,transfermarkt_availability_split_2026_06_04,0.5733,transfermarkt_availability_split_2026_06_01,0.0,0.052118,ok,No action.
lukas_cerv__cze,Lukas Cerv,CZE,MID,0.6261,transfermarkt_availability_split_2026_06_04,0.8284,transfermarkt_availability_split_2026_06_01,-0.2023,0.075309,ok,No action.
antoine_mendy__sen,Antoine Mendy,SEN,DEF,0.2118,transfermarkt_availability_split_2026_06_04,0.2118,transfermarkt_availability_split_2026_06_01,0.0,0.019255,ok,No action.
saleem_obaid__jor,Saleem Obaid,JOR,DEF,0.4778,transfermarkt_availability_split_2026_06_04,0.4778,transfermarkt_availability_split_2026_06_01,0.0,0.043436,ok,No action.
liam_millar__can,Liam Millar,CAN,MID,0.4691,transfermarkt_availability_split_2026_06_04,0.4691,transfermarkt_availability_split_2026_06_01,0.0,0.042645,ok,No action.
franck_kessie__civ,Franck Kessie,CIV,MID,0.8479,transfermarkt_availability_split_2026_06_04,0.8479,transfermarkt_availability_split_2026_06_01,0.0,0.077082,ok,No action.
brandon_mechele__bel,Brandon Mechele,BEL,DEF,0.1771,transfermarkt_availability_split_2026_06_04,0.1771,transfermarkt_availability_split_2026_06_01,0.0,0.0161,ok,No action.
tomoki_hayakawa__jpn,Tomoki Hayakawa,JPN,GK,0.1035,transfermarkt_availability_split_2026_06_04+gk_hierarchy_normalized,0.1035,transfermarkt_availability_split_2026_06_04+gk_hierarchy_normalized,0.0,0.009409,ok,No action.
steven_moreira__cpv,Steven Moreira,CPV,DEF,0.8138,transfermarkt_availability_split_2026_06_04,0.8138,transfermarkt_availability_split_2026_06_01,0.0,0.073982,ok,No action.
ryan_thomas__nzl,Ryan Thomas,NZL,MID,0.8342,transfermarkt_availability_split_2026_06_04,0.8342,transfermarkt_availability_split_2026_06_01,0.0,0.075836,ok,No action.
han_beom_lee__kor,Han-beom Lee,KOR,DEF,0.4988,transfermarkt_availability_split_2026_06_04,0.4988,transfermarkt_availability_split_2026_06_01,0.0,0.045345,ok,No action.
mohammed_muntari__qat,Mohammed Muntari,QAT,FWD,0.66,transfermarkt_availability_split_2026_06_04,0.66,transfermarkt_availability_split_2026_06_01,0.0,0.06,ok,No action.
walter_benitez__arg,Walter Benitez,ARG,GK,0.0534,transfermarkt_availability_split_2026_06_04+gk_hierarchy_normalized,0.0534,transfermarkt_availability_split_2026_06_04+gk_hierarchy_normalized,0.0,0.004855,ok,No action.
roberto_lopes__cpv,Roberto Lopes,CPV,DEF,0.8194,transfermarkt_availability_split_2026_06_04,0.8194,transfermarkt_availability_split_2026_06_01,0.0,0.074491,ok,No action.
pape_cherif_ndiaye__sen,Pape Cherif Ndiaye,SEN,FWD,0.4289,transfermarkt_availability_split_2026_06_04,0.4289,transfermarkt_availability_split_2026_06_01,0.0,0.038991,ok,No action.
rui_silva__por,Rui Silva,POR,GK,0.0471,transfermarkt_availability_split_2026_06_04+gk_hierarchy_normalized,0.0471,transfermarkt_availability_split_2026_06_04+gk_hierarchy_normalized,0.0,0.004282,ok,No action.
gaston_olveira__par,Gaston Olveira,PAR,GK,0.2683,transfermarkt_availability_split_2026_06_04+gk_hierarchy_normalized,0.2683,transfermarkt_availability_split_2026_06_04+gk_hierarchy_normalized,0.0,0.024391,ok,No action.
edo_kayembe__cod,Edo Kayembe,COD,MID,0.688,transfermarkt_availability_split_2026_06_04,0.688,transfermarkt_availability_split_2026_06_01,0.0,0.062545,ok,No action.
ibrahim_sangare__civ,Ibrahim Sangare,CIV,MID,0.7036,transfermarkt_availability_split_2026_06_04,0.7036,transfermarkt_availability_split_2026_06_01,0.0,0.063964,ok,No action.
toni_fruk__cro,Toni Fruk,CRO,MID,0.4583,transfermarkt_availability_split_2026_06_04,0.4583,transfermarkt_availability_split_2026_06_01,0.0,0.041664,ok,No action.
duke_lacroix__hai,Duke Lacroix,HAI,DEF,0.5318,transfermarkt_availability_split_2026_06_04,0.5318,transfermarkt_availability_split_2026_06_01,0.0,0.048345,ok,No action.
matthieu_epolo__cod,Matthieu Epolo,COD,GK,0.4911,transfermarkt_availability_split_2026_06_04+gk_hierarchy_normalized,0.4911,transfermarkt_availability_split_2026_06_04+gk_hierarchy_normalized,0.0,0.044645,ok,No action.
youssef_amyn__irq,Youssef Amyn,IRQ,MID,0.7231,transfermarkt_availability_split_2026_06_04,0.7231,transfermarkt_availability_split_2026_06_01,0.0,0.065736,ok,No action.
ao_tanaka__jpn,Ao Tanaka,JPN,MID,0.6829,transfermarkt_availability_split_2026_06_04,0.6829,transfermarkt_availability_split_2026_06_01,0.0,0.062082,ok,No action.
liam_kelly__sco,Liam Kelly,SCO,GK,0.2307,transfermarkt_availability_split_2026_06_04+gk_hierarchy_normalized,0.2307,transfermarkt_availability_split_2026_06_04+gk_hierarchy_normalized,0.0,0.020973,ok,No action.
patrick_pentz__aut,Patrick Pentz,AUT,GK,0.1599,transfermarkt_availability_split_2026_06_04+gk_hierarchy_normalized,0.1599,transfermarkt_availability_split_2026_06_04+gk_hierarchy_normalized,0.0,0.014536,ok,No action.
michael_boxall__nzl,Michael Boxall,NZL,DEF,0.6833,transfermarkt_availability_split_2026_06_04,0.6833,transfermarkt_availability_split_2026_06_01,0.0,0.062118,ok,No action.
joe_bell__nzl,Joe Bell,NZL,MID,0.8244,transfermarkt_availability_split_2026_06_04,0.8244,transfermarkt_availability_split_2026_06_01,0.0,0.074945,ok,No action.
kenji_gorr__cuw,Kenji Gorre,CUW,FWD,0.6469,transfermarkt_availability_split_2026_06_04,0.6469,transfermarkt_availability_split_2026_06_01,0.0,0.058809,ok,No action.
ahmed_alaaeldin_abdelmotaal__qat,Ahmed Alaaeldin Abdelmotaal,QAT,FWD,0.4247,transfermarkt_availability_split_2026_06_04,0.4247,transfermarkt_availability_split_2026_06_01,0.0,0.038609,ok,No action.
munir_el_kajoui__mar,Munir El Kajoui,MAR,GK,0.2166,transfermarkt_availability_split_2026_06_04+gk_hierarchy_normalized,0.2166,transfermarkt_availability_split_2026_06_04+gk_hierarchy_normalized,0.0,0.019691,ok,No action.
gustavo_puerta__col,Gustavo Puerta,COL,MID,0.3363,transfermarkt_availability_split_2026_06_04,0.3363,transfermarkt_availability_split_2026_06_01,0.0,0.030573,ok,No action.
himad_abdelli__alg,Himad Abdelli,ALG,MID,0.6008,transfermarkt_availability_split_2026_06_04,0.6008,transfermarkt_availability_split_2026_06_01,0.0,0.054618,ok,No action.
ibrahim_sulemana__gha,Ibrahim Sulemana,GHA,MID,0.6239,transfermarkt_availability_split_2026_06_04,0.6239,transfermarkt_availability_split_2026_06_01,0.0,0.056718,ok,No action.
ngel_romero__par,Angel Romero,PAR,FWD,0.6098,transfermarkt_availability_split_2026_06_04,0.6098,transfermarkt_availability_split_2026_06_01,0.0,0.055436,ok,No action.
martin_boyle__aus,Martin Boyle,AUS,FWD,0.7263,transfermarkt_availability_split_2026_06_04,0.7263,transfermarkt_availability_split_2026_06_01,0.0,0.066027,ok,No action.
wataru_endo__jpn,Wataru Endo,JPN,MID,0.6471,transfermarkt_availability_split_2026_06_04,0.6471,transfermarkt_availability_split_2026_06_01,0.0,0.058827,ok,No action.
ahmed_fathi__qat,Ahmed Fathi,QAT,MID,0.7167,transfermarkt_availability_split_2026_06_04,0.7167,transfermarkt_availability_split_2026_06_01,0.0,0.065155,ok,No action.
mukhammadkodir_khamraliev__uzb,Mukhammadkodir Khamraliev,UZB,DEF,0.3092,transfermarkt_availability_split_2026_06_04,0.3092,transfermarkt_availability_split_2026_06_01,0.0,0.028109,ok,No action.
vozinha__cpv,Vozinha,CPV,GK,0.8397,transfermarkt_availability_split_2026_06_04+gk_hierarchy_normalized,0.8397,transfermarkt_availability_split_2026_06_04+gk_hierarchy_normalized,0.0,0.076336,ok,No action.
jeremy_antonisse__cuw,Jeremy Antonisse,CUW,FWD,0.7223,transfermarkt_availability_split_2026_06_04,0.7223,transfermarkt_availability_split_2026_06_01,0.0,0.065664,ok,No action.
callum_mccowatt__nzl,Callum McCowatt,NZL,MID,0.7572,transfermarkt_availability_split_2026_06_04,0.7572,transfermarkt_availability_split_2026_06_01,0.0,0.068836,ok,No action.
oston_urunov__uzb,Oston Urunov,UZB,MID,0.7918,transfermarkt_availability_split_2026_06_04,0.7918,transfermarkt_availability_split_2026_06_01,0.0,0.071982,ok,No action.
elisha_owusu__gha,Elisha Owusu,GHA,MID,0.5235,transfermarkt_availability_split_2026_06_04,0.5235,transfermarkt_availability_split_2026_06_01,0.0,0.047591,ok,No action.
nando_pijnaker__nzl,Nando Pijnaker,NZL,DEF,0.6188,transfermarkt_availability_split_2026_06_04,0.6188,transfermarkt_availability_split_2026_06_01,0.0,0.056255,ok,No action.
callan_elliot__nzl,Callan Elliot,NZL,DEF,0.618,transfermarkt_availability_split_2026_06_04,0.618,transfermarkt_availability_split_2026_06_01,0.0,0.056182,ok,No action.
jamiro_monteiro__cpv,Jamiro Monteiro,CPV,MID,0.7679,transfermarkt_availability_split_2026_06_04,0.7679,transfermarkt_availability_split_2026_06_01,0.0,0.069809,ok,No action.
pape_matar_sarr__sen,Pape Matar Sarr,SEN,MID,0.5274,transfermarkt_availability_split_2026_06_04,0.5274,transfermarkt_availability_split_2026_06_01,0.0,0.047945,ok,No action.
leopold_querfeld__aut,Leopold Querfeld,AUT,DEF,0.3116,transfermarkt_availability_split_2026_06_04,0.3116,transfermarkt_availability_split_2026_06_01,0.0,0.028327,ok,No action.
achref_abada__alg,Achref Abada,ALG,DEF,0.4613,transfermarkt_availability_split_2026_06_04,0.4613,transfermarkt_availability_split_2026_06_01,0.0,0.041936,ok,No action.
brandley_kuwas__cuw,Brandley Kuwas,CUW,FWD,0.6808,transfermarkt_availability_split_2026_06_04,0.6808,transfermarkt_availability_split_2026_06_01,0.0,0.061891,ok,No action.
lawrence_ati_zigi__gha,Lawrence Ati Zigi,GHA,GK,0.1969,transfermarkt_availability_split_2026_06_04+gk_hierarchy_normalized,0.1969,transfermarkt_availability_split_2026_06_04+gk_hierarchy_normalized,0.0,0.0179,ok,No action.
mahmoud_saber__egy,Mahmoud Saber,EGY,MID,0.4889,transfermarkt_availability_split_2026_06_04,0.4889,transfermarkt_availability_split_2026_06_01,0.0,0.044445,ok,No action.
akmal_mozgovoy__uzb,Akmal Mozgovoy,UZB,MID,0.5432,transfermarkt_availability_split_2026_06_04,0.5432,transfermarkt_availability_split_2026_06_01,0.0,0.049382,ok,No action.
daizen_maeda__jpn,Daizen Maeda,JPN,FWD,0.5912,transfermarkt_availability_split_2026_06_04,0.5912,transfermarkt_availability_split_2026_06_01,0.0,0.053745,ok,No action.
sultan_al_brake__qat,Sultan Al-Brake,QAT,DEF,0.2426,transfermarkt_availability_split_2026_06_04,0.2426,transfermarkt_availability_split_2026_06_01,0.0,0.022055,ok,No action.
brandon_thomas_asante__gha,Brandon Thomas-Asante,GHA,FWD,0.3589,transfermarkt_availability_split_2026_06_04,0.3589,transfermarkt_availability_split_2026_06_01,0.0,0.032627,ok,No action.
mohanad_lasheen__egy,Mohanad Lasheen,EGY,MID,0.4745,transfermarkt_availability_split_2026_06_04,0.4745,transfermarkt_availability_split_2026_06_01,0.0,0.043136,ok,No action.
nicolas_fonseca__uru,Nicolas Fonseca,URU,MID,0.344,transfermarkt_availability_split_2026_06_04,0.344,transfermarkt_availability_split_2026_06_01,0.0,0.031273,ok,No action.
riley_mcgree__aus,Riley McGree,AUS,MID,0.6307,transfermarkt_availability_split_2026_06_04,0.6307,transfermarkt_availability_split_2026_06_01,0.0,0.057336,ok,No action.
ibrahim_sa_deh__jor,Ibrahim Saadeh,JOR,MID,0.6552,transfermarkt_availability_split_2026_06_04,0.6552,transfermarkt_availability_split_2026_06_01,0.0,0.059564,ok,No action.
marvin_keller__sui,Marvin Keller,SUI,GK,0.1706,transfermarkt_availability_split_2026_06_04+gk_hierarchy_normalized,0.1706,transfermarkt_availability_split_2026_06_04+gk_hierarchy_normalized,0.0,0.015509,ok,No action.
mohau_nkota__rsa,Mohau Nkota,RSA,FWD,0.6085,transfermarkt_availability_split_2026_06_04,0.6085,transfermarkt_availability_split_2026_06_01,0.0,0.055318,ok,No action.
igor_sergeev__uzb,Igor Sergeev,UZB,FWD,0.7642,transfermarkt_availability_split_2026_06_04,0.7642,transfermarkt_availability_split_2026_06_01,0.0,0.069473,ok,No action.
anis_hadj_moussa__alg,Anis Hadj Moussa,ALG,FWD,0.4409,transfermarkt_availability_split_2026_06_04,0.4409,transfermarkt_availability_split_2026_06_01,0.0,0.040082,ok,No action.
abdul_fatawu_issahaku__gha,Issahaku Abdul Fatawu,GHA,FWD,0.5565,transfermarkt_availability_split_2026_06_04,0.5565,transfermarkt_availability_split_2026_06_01,0.0,0.050591,ok,No action.
jackson_porozo__ecu,Jackson Porozo,ECU,DEF,0.3225,transfermarkt_availability_split_2026_06_04,0.3225,transfermarkt_availability_split_2026_06_01,0.0,0.029318,ok,No action.
samukele_kabini__rsa,Samukele Kabini,RSA,DEF,0.3475,transfermarkt_availability_split_2026_06_04,0.3475,transfermarkt_availability_split_2026_06_01,0.0,0.031591,ok,No action.
joao_paulo__cpv,Joao Paulo,CPV,DEF,0.25,holdet_official_unmatched_default,0.25,holdet_official_unmatched_default,0.0,0.022727,ok,No action.
jacob_widell_zetterstrom__swe,Jacob Widell Zetterström,SWE,GK,0.0887,transfermarkt_availability_split_2026_06_04+gk_hierarchy_normalized,0.0887,transfermarkt_availability_split_2026_06_04+gk_hierarchy_normalized,0.0,0.008064,ok,No action.
noor_al_rawabdeh__jor,Noor Al-Rawabdeh,JOR,MID,0.7836,transfermarkt_availability_split_2026_06_04,0.7836,transfermarkt_availability_split_2026_06_01,0.0,0.071236,ok,No action.
karim_hafez__egy,Karim Hafez,EGY,DEF,0.3621,transfermarkt_availability_split_2026_06_04,0.3621,transfermarkt_availability_split_2026_06_01,0.0,0.032918,ok,No action.
path_ciss__sen,Pathe Ciss,SEN,MID,0.4717,transfermarkt_availability_split_2026_06_04,0.4717,transfermarkt_availability_split_2026_06_01,0.0,0.042882,ok,No action.
deroy_duarte__cpv,Deroy Duarte,CPV,MID,0.7054,transfermarkt_availability_split_2026_06_04,0.7054,transfermarkt_availability_split_2026_06_01,0.0,0.064127,ok,No action.
ronaldo_mart_nez__par,Ronaldo Martinez,PAR,FWD,0.5337,transfermarkt_availability_split_2026_06_04,0.5337,transfermarkt_availability_split_2026_06_01,0.0,0.048518,ok,No action.
carlens_arcus__hai,Carlens Arcus,HAI,DEF,0.772,transfermarkt_availability_split_2026_06_04,0.772,transfermarkt_availability_split_2026_06_01,0.0,0.070182,ok,No action.
ben_old__nzl,Ben Old,NZL,MID,0.8147,transfermarkt_availability_split_2026_06_04,0.8147,transfermarkt_availability_split_2026_06_01,0.0,0.074064,ok,No action.
amer_jamous__jor,Amer Jamous,JOR,MID,0.6012,transfermarkt_availability_split_2026_06_04,0.6012,transfermarkt_availability_split_2026_06_01,0.0,0.054655,ok,No action.
kr_pin_diatta__sen,Krepin Diatta,SEN,FWD,0.873,transfermarkt_availability_split_2026_06_04,0.873,transfermarkt_availability_split_2026_06_01,0.0,0.079364,ok,No action.
muhammed_sengezer__tur,Muhammed Sengezer,TUR,GK,0.1406,transfermarkt_availability_split_2026_06_04+gk_hierarchy_normalized,0.1406,transfermarkt_availability_split_2026_06_04+gk_hierarchy_normalized,0.0,0.012782,ok,No action.
orlando_mosquera__pan,Orlando Mosquera,PAN,GK,0.6527,transfermarkt_availability_split_2026_06_04+gk_hierarchy_normalized,0.6527,transfermarkt_availability_split_2026_06_04+gk_hierarchy_normalized,0.0,0.059336,ok,No action.
derrick_luckassen__gha,Derrick Luckassen,GHA,DEF,0.4417,transfermarkt_availability_split_2026_06_04,0.4417,transfermarkt_availability_split_2026_06_01,0.0,0.040155,ok,No action.
kai_trewin__aus,Kai Trewin,AUS,DEF,0.4417,transfermarkt_availability_split_2026_06_04,0.4417,transfermarkt_availability_split_2026_06_01,0.0,0.040155,ok,No action.
nawaf_al_aqidi__ksa,Nawaf Al-Aqidi,KSA,GK,0.6868,transfermarkt_availability_split_2026_06_04+gk_hierarchy_normalized,0.6868,transfermarkt_availability_split_2026_06_04+gk_hierarchy_normalized,0.0,0.062436,ok,No action.
ibrahim_sabra__jor,Ibrahim Sabra,JOR,FWD,0.3742,transfermarkt_availability_split_2026_06_04,0.3742,transfermarkt_availability_split_2026_06_01,0.0,0.034018,ok,No action.
telmo_arcanjo__cpv,Telmo Arcanjo,CPV,MID,0.7304,transfermarkt_availability_split_2026_06_04,0.7304,transfermarkt_availability_split_2026_06_01,0.0,0.0664,ok,No action.
assim_madibo__qat,Assim Madibo,QAT,MID,0.5778,transfermarkt_availability_split_2026_06_04,0.5778,transfermarkt_availability_split_2026_06_01,0.0,0.052527,ok,No action.
laros_duarte__cpv,Laros Duarte,CPV,MID,0.652,transfermarkt_availability_split_2026_06_04,0.652,transfermarkt_availability_split_2026_06_01,0.0,0.059273,ok,No action.
abolfazl_jalali__irn,Abolfazl Jalali,IRN,DEF,0.3762,transfermarkt_availability_split_2026_06_04,0.3762,transfermarkt_availability_split_2026_06_01,0.0,0.0342,ok,No action.
souffian_el_karouani__mar,Souffian El Karouani,MAR,DEF,0.309,transfermarkt_availability_split_2026_06_04,0.309,transfermarkt_availability_split_2026_06_01,0.0,0.028091,ok,No action.
mahmoud_al_mardi__jor,Mahmoud Al-Mardi,JOR,MID,0.731,transfermarkt_availability_split_2026_06_04,0.731,transfermarkt_availability_split_2026_06_01,0.0,0.066455,ok,No action.
altay_bayindir__tur,Altay Bayindir,TUR,GK,0.1547,transfermarkt_availability_split_2026_06_04+gk_hierarchy_normalized,0.1547,transfermarkt_availability_split_2026_06_04+gk_hierarchy_normalized,0.0,0.014064,ok,No action.
ibrahim_bayesh__irq,Ibrahim Bayesh,IRQ,MID,0.8054,transfermarkt_availability_split_2026_06_04,0.8054,transfermarkt_availability_split_2026_06_01,0.0,0.073218,ok,No action.
hamdy_fathy__egy,Hamdy Fathy,EGY,MID,0.865,transfermarkt_availability_split_2026_06_04,0.865,transfermarkt_availability_split_2026_06_01,0.0,0.078636,ok,No action.
roderick_miller__pan,Roderick Miller,PAN,DEF,0.4997,transfermarkt_availability_split_2026_06_04,0.4997,transfermarkt_availability_split_2026_06_01,0.0,0.045427,ok,No action.
roberto_gatito_fernandez__par,Roberto 'Gatito' Fernandez,PAR,GK,0.1313,transfermarkt_availability_split_2026_06_04+gk_hierarchy_normalized,0.1313,transfermarkt_availability_split_2026_06_04+gk_hierarchy_normalized,0.0,0.011936,ok,No action.
armando_obispo__cuw,Armando Obispo,CUW,DEF,0.8628,transfermarkt_availability_split_2026_06_04,0.8628,transfermarkt_availability_split_2026_06_01,0.0,0.078436,ok,No action.
dominik_kotarski__cro,Dominik Kotarski,CRO,GK,0.1001,transfermarkt_availability_split_2026_06_04+gk_hierarchy_normalized,0.1001,transfermarkt_availability_split_2026_06_04+gk_hierarchy_normalized,0.0,0.0091,ok,No action.
martin_krug__pan,Martin Krug,PAN,DEF,0.4938,transfermarkt_availability_split_2026_06_04,0.4938,transfermarkt_availability_split_2026_06_01,0.0,0.044891,ok,No action.
ali_al_hamadi__irq,Ali Al-Hamadi,IRQ,FWD,0.5375,transfermarkt_availability_split_2026_06_04,0.5375,transfermarkt_availability_split_2026_06_01,0.0,0.048864,ok,No action.
gonzalo_agustin_sandez__par,Gonzalo Agustin Sandez,PAR,DEF,0.3533,transfermarkt_availability_split_2026_06_04,0.3533,transfermarkt_availability_split_2026_06_01,0.0,0.032118,ok,No action.
joaqu_n_piquerez__uru,Joaquin Piquerez,URU,MID,0.7167,transfermarkt_availability_split_2026_06_04,0.7167,transfermarkt_availability_split_2026_06_01,0.0,0.065155,ok,No action.
utkir_yusupov__uzb,Utkir Yusupov,UZB,GK,0.6033,transfermarkt_availability_split_2026_06_04+gk_hierarchy_normalized,0.6033,transfermarkt_availability_split_2026_06_04+gk_hierarchy_normalized,0.0,0.054845,ok,No action.
jahkeele_rutty__can,Jahkeele Rutty,CAN,DEF,0.25,holdet_official_unmatched_default,0.25,holdet_official_unmatched_default,0.0,0.022727,ok,No action.
craig_gordon__sco,Craig Gordon,SCO,GK,0.3209,transfermarkt_availability_split_2026_06_04+gk_hierarchy_normalized,0.3209,transfermarkt_availability_split_2026_06_04+gk_hierarchy_normalized,0.0,0.029173,ok,No action.
el_mehdi_benabid__mar,El Mehdi Benabid,MAR,GK,0.1218,transfermarkt_availability_split_2026_06_04+gk_hierarchy_normalized,0.1218,transfermarkt_availability_split_2026_06_04+gk_hierarchy_normalized,0.0,0.011073,ok,No action.
alex_rufer__nzl,Alex Rufer,NZL,MID,0.5288,transfermarkt_availability_split_2026_06_04,0.5288,transfermarkt_availability_split_2026_06_01,0.0,0.048073,ok,No action.
d_enis_burni__bih,Dzenis Burnic,BIH,MID,0.8428,transfermarkt_availability_split_2026_06_04,0.8428,transfermarkt_availability_split_2026_06_01,0.0,0.076618,ok,No action.
luka_su_i__cro,Luka Sucic,CRO,MID,0.597,transfermarkt_availability_split_2026_06_04,0.597,transfermarkt_availability_split_2026_06_01,0.0,0.054273,ok,No action.
omar_rekik__tun,Omar Rekik,TUN,DEF,0.4013,transfermarkt_availability_split_2026_06_04,0.4013,transfermarkt_availability_split_2026_06_01,0.0,0.036482,ok,No action.
meshaal_barsham__qat,Meshaal Barsham,QAT,GK,0.758,transfermarkt_availability_split_2026_06_04+gk_hierarchy_normalized,0.758,transfermarkt_availability_split_2026_06_04+gk_hierarchy_normalized,0.0,0.068909,ok,No action.
alvaro_fidalgo__mex,Alvaro Fidalgo,MEX,MID,0.8639,transfermarkt_availability_split_2026_06_04,0.8639,transfermarkt_availability_split_2026_06_01,0.0,0.078536,ok,No action.
clement_akpa__civ,Clement Akpa,CIV,DEF,0.3215,transfermarkt_availability_split_2026_06_04,0.3215,transfermarkt_availability_split_2026_06_01,0.0,0.029227,ok,No action.
nicolas_raskin__bel,Nicolas Raskin,BEL,MID,0.8538,transfermarkt_availability_split_2026_06_04,0.8538,transfermarkt_availability_split_2026_06_01,0.0,0.077618,ok,No action.
xaver_schlager__aut,Xaver Schlager,AUT,MID,0.839,transfermarkt_availability_split_2026_06_04,0.839,transfermarkt_availability_split_2026_06_01,0.0,0.076273,ok,No action.
alan_franco__ecu,Alan Franco,ECU,MID,0.45,transfermarkt_availability_split_2026_06_04,0.45,transfermarkt_availability_split_2026_06_01,0.0,0.040909,ok,No action.
goncalo_guedes__por,Goncalo Guedes,POR,FWD,0.6911,transfermarkt_availability_split_2026_06_04,0.6911,transfermarkt_availability_split_2026_06_01,0.0,0.062827,ok,No action.
shurandy_sambo__cuw,Shurandy Sambo,CUW,DEF,0.7259,transfermarkt_availability_split_2026_06_04,0.7259,transfermarkt_availability_split_2026_06_01,0.0,0.065991,ok,No action.
ilay_camara__sen,Ilay Camara,SEN,DEF,0.3106,transfermarkt_availability_split_2026_06_04,0.3106,transfermarkt_availability_split_2026_06_01,0.0,0.028236,ok,No action.
endrick__bra,Endrick,BRA,FWD,0.7077,transfermarkt_availability_split_2026_06_04,0.7077,transfermarkt_availability_split_2026_06_01,0.0,0.064336,ok,No action.
alexander_bernhardsson__swe,Alexander Bernhardsson,SWE,MID,0.6928,transfermarkt_availability_split_2026_06_04,0.6928,transfermarkt_availability_split_2026_06_01,0.0,0.062982,ok,No action.
o_uz_ayd_n__tur,Oguz Aydin,TUR,MID,0.462,name+team,0.462,name+team,0.0,0.033,ok,No action.
tanner_tessmann__usa,Tanner Tessmann,USA,MID,0.8063,transfermarkt_availability_split_2026_06_04,0.8063,transfermarkt_availability_split_2026_06_01,0.0,0.0733,ok,No action.
martin_exp_rience__hai,Martin Experience,HAI,DEF,0.5324,transfermarkt_availability_split_2026_06_04,0.5324,transfermarkt_availability_split_2026_06_01,0.0,0.0484,ok,No action.
kwasi_sibo__gha,Kwasi Sibo,GHA,MID,0.8851,transfermarkt_availability_split_2026_06_04,0.8851,transfermarkt_availability_split_2026_06_01,0.0,0.080464,ok,No action.
brian_gutierrez__mex,Brian Gutierrez,MEX,MID,0.7685,transfermarkt_availability_split_2026_06_04,0.7685,transfermarkt_availability_split_2026_06_01,0.0,0.069864,ok,No action.
rebin_sulaka__irq,Rebin Sulaka,IRQ,DEF,0.6381,transfermarkt_availability_split_2026_06_04,0.6381,transfermarkt_availability_split_2026_06_01,0.0,0.058009,ok,No action.
gonzalo_valle__ecu,Gonzalo Valle,ECU,GK,0.0722,transfermarkt_availability_split_2026_06_04+gk_hierarchy_normalized,0.0722,transfermarkt_availability_split_2026_06_04+gk_hierarchy_normalized,0.0,0.006564,ok,No action.
tae_hyeon_kim__kor,Tae-Hyeon Kim,KOR,DEF,0.2725,transfermarkt_availability_split_2026_06_04,0.2725,transfermarkt_availability_split_2026_06_01,0.0,0.024773,ok,No action.
adalberto_carrasquilla__pan,Adalberto Carrasquilla,PAN,MID,0.8342,transfermarkt_availability_split_2026_06_04,0.8342,transfermarkt_availability_split_2026_06_01,0.0,0.075836,ok,No action.
kobbie_mainoo__eng,Kobbie Mainoo,ENG,MID,0.7371,transfermarkt_availability_split_2026_06_04,0.7371,transfermarkt_availability_split_2026_06_01,0.0,0.067009,ok,No action.
jiovany_ramos__pan,Jiovany Ramos,PAN,DEF,0.3884,transfermarkt_availability_split_2026_06_04,0.3884,transfermarkt_availability_split_2026_06_01,0.0,0.035309,ok,No action.
jesse_randall__nzl,Jesse Randall,NZL,FWD,0.5613,transfermarkt_availability_split_2026_06_04,0.5613,transfermarkt_availability_split_2026_06_01,0.0,0.051027,ok,No action.
paul_okon_engstler__aus,Paul Okon-Engstler,AUS,MID,0.873,transfermarkt_availability_split_2026_06_04,0.873,transfermarkt_availability_split_2026_06_01,0.0,0.079364,ok,No action.
deni_juric__aus,Deni Juric,AUS,FWD,0.8568,transfermarkt_availability_split_2026_06_04,0.8568,transfermarkt_availability_split_2026_06_01,0.0,0.077891,ok,No action.
armando_gonzalez__mex,Armando Gonzalez,MEX,FWD,0.6148,transfermarkt_availability_split_2026_06_04,0.6148,transfermarkt_availability_split_2026_06_01,0.0,0.055891,ok,No action.
aidan_morris__usa,Aidan Morris,USA,MID,0.7453,transfermarkt_availability_split_2026_06_04,0.7453,transfermarkt_availability_split_2026_06_01,0.0,0.067755,ok,No action.
in_beom_hwang__kor,In-beom Hwang,KOR,MID,0.897,transfermarkt_availability_split_2026_06_04,0.897,transfermarkt_availability_split_2026_06_01,0.0,0.081545,ok,No action.
nadiem_amiri__ger,Nadiem Amiri,GER,MID,0.6071,transfermarkt_availability_split_2026_06_04,0.6071,transfermarkt_availability_split_2026_06_01,0.0,0.055191,ok,No action.
maximilian_beier__ger,Maximilian Beier,GER,FWD,0.5178,transfermarkt_availability_split_2026_06_04,0.5178,transfermarkt_availability_split_2026_06_01,0.0,0.047073,ok,No action.
moutaz_neffati__tun,Moutaz Neffati,TUN,DEF,0.33,transfermarkt_availability_split_2026_06_04,0.33,transfermarkt_availability_split_2026_06_01,0.0,0.03,ok,No action.
ricardo_pepi__usa,Ricardo Pepi,USA,FWD,0.6143,transfermarkt_availability_split_2026_06_04,0.6143,transfermarkt_availability_split_2026_06_01,0.0,0.055845,ok,No action.
obed_vargas__mex,Obed Vargas,MEX,MID,0.6873,transfermarkt_availability_split_2026_06_04,0.6873,transfermarkt_availability_split_2026_06_01,0.0,0.062482,ok,No action.
samed_ba_dar__bih,Samed Bazdar,BIH,FWD,0.5293,transfermarkt_availability_split_2026_06_04,0.5293,transfermarkt_availability_split_2026_06_01,0.0,0.048118,ok,No action.
samu_costa__por,Samu Costa,POR,MID,0.65,transfermarkt_availability_split_2026_06_04,0.65,transfermarkt_availability_split_2026_06_01,0.0,0.059091,ok,No action.
nikola_moro__cro,Nikola Moro,CRO,MID,0.1638,transfermarkt_availability_split_2026_06_04,0.1638,transfermarkt_availability_split_2026_06_01,0.0,0.014891,ok,No action.
jose_luis_rodriguez_francis__pan,Jose Luis Rodriguez Francis,PAN,MID,0.7578,transfermarkt_availability_split_2026_06_04,0.7578,transfermarkt_availability_split_2026_06_01,0.0,0.068891,ok,No action.
assane_diao_diaoune__sen,Assane Diao Diaoune,SEN,FWD,0.7493,transfermarkt_availability_split_2026_06_04,0.7493,transfermarkt_availability_split_2026_06_01,0.0,0.068118,ok,No action.
musab_al_juwayr__ksa,Musab Al-Juwayr,KSA,MID,0.8952,transfermarkt_availability_split_2026_06_04,0.8952,transfermarkt_availability_split_2026_06_01,0.0,0.081382,ok,No action.
tarek_alaa__egy,Tarek Alaa,EGY,DEF,0.2325,transfermarkt_availability_split_2026_06_04,0.2325,transfermarkt_availability_split_2026_06_01,0.0,0.021136,ok,No action.
yunus_akgun__tur,Yunus Akgün,TUR,FWD,0.6183,transfermarkt_availability_split_2026_06_04,0.6183,transfermarkt_availability_split_2026_06_01,0.0,0.056209,ok,No action.
matthew_garbett__nzl,Matthew Garbett,NZL,MID,0.8803,transfermarkt_availability_split_2026_06_04,0.8803,transfermarkt_availability_split_2026_06_01,0.0,0.080027,ok,No action.
josue_casimir__hai,Josue Casimir,HAI,FWD,0.8757,transfermarkt_availability_split_2026_06_04,0.8757,transfermarkt_availability_split_2026_06_01,0.0,0.079609,ok,No action.
sander_tangvik__nor,Sander Tangvik,NOR,GK,0.0777,transfermarkt_availability_split_2026_06_04+gk_hierarchy_normalized,0.0777,transfermarkt_availability_split_2026_06_04+gk_hierarchy_normalized,0.0,0.007064,ok,No action.
aimar_sher__irq,Aimar Sher,IRQ,MID,0.6783,transfermarkt_availability_split_2026_06_04,0.6783,transfermarkt_availability_split_2026_06_01,0.0,0.061664,ok,No action.
hakim_ziyech__mar,Hakim Ziyech,MAR,MID,0.8184,transfermarkt_availability_split_2026_06_04,0.8184,transfermarkt_availability_split_2026_06_01,0.0,0.0744,ok,No action.
mattias_svanberg__swe,Mattias Svanberg,SWE,MID,0.7177,transfermarkt_availability_split_2026_06_04,0.7177,transfermarkt_availability_split_2026_06_01,0.0,0.065245,ok,No action.
oussama_targhalline__mar,Oussama Targhalline,MAR,MID,0.1518,transfermarkt_availability_split_2026_06_04,0.1518,transfermarkt_availability_split_2026_06_01,0.0,0.0138,ok,No action.
zidane_iqbal__irq,Zidane Iqbal,IRQ,MID,0.5733,transfermarkt_availability_split_2026_06_04,0.5733,transfermarkt_availability_split_2026_06_01,0.0,0.052118,ok,No action.
manaf_younis__irq,Manaf Younis,IRQ,DEF,0.5373,transfermarkt_availability_split_2026_06_04,0.5373,transfermarkt_availability_split_2026_06_01,0.0,0.048845,ok,No action.
husam_abu_dahab__jor,Husam Abu Dahab,JOR,DEF,0.4523,transfermarkt_availability_split_2026_06_04,0.4523,transfermarkt_availability_split_2026_06_01,0.0,0.041118,ok,No action.
baha_a_faisal__jor,Baha'a Faisal,JOR,FWD,0.7502,transfermarkt_availability_split_2026_06_04,0.7502,transfermarkt_availability_split_2026_06_01,0.0,0.0682,ok,No action.
lawrence_shankland__sco,Lawrence Shankland,SCO,FWD,0.4979,transfermarkt_availability_split_2026_06_04,0.4979,transfermarkt_availability_split_2026_06_01,0.0,0.045264,ok,No action.
angelo_stiller__ger,Angelo Stiller,GER,MID,0.5153,transfermarkt_availability_split_2026_06_04,0.5153,transfermarkt_availability_split_2026_06_01,0.0,0.046845,ok,No action.
petar_musa__cro,Petar Musa,CRO,FWD,0.6107,transfermarkt_availability_split_2026_06_04,0.6107,transfermarkt_availability_split_2026_06_01,0.0,0.055518,ok,No action.
nizar_al_rashdan__jor,Nizar Al-Rashdan,JOR,MID,0.8165,transfermarkt_availability_split_2026_06_04,0.8165,transfermarkt_availability_split_2026_06_01,0.0,0.074227,ok,No action.
mory_diaw__sen,Mory Diaw,SEN,GK,0.0859,transfermarkt_availability_split_2026_06_04+gk_hierarchy_normalized,0.0859,transfermarkt_availability_split_2026_06_04+gk_hierarchy_normalized,0.0,0.007809,ok,No action.
anis_ben_slimane__tun,Anis Ben Slimane,TUN,MID,0.6665,transfermarkt_availability_split_2026_06_04,0.6665,transfermarkt_availability_split_2026_06_01,0.0,0.060591,ok,No action.
mohamed_kone__civ,Mohamed Kone,CIV,GK,0.0721,transfermarkt_availability_split_2026_06_04+gk_hierarchy_normalized,0.0721,transfermarkt_availability_split_2026_06_04+gk_hierarchy_normalized,0.0,0.006555,ok,No action.
chemsdine_talbi__mar,Chemsdine Talbi,MAR,FWD,0.0792,transfermarkt_availability_split_2026_06_04,0.0792,transfermarkt_availability_split_2026_06_01,0.0,0.0072,ok,No action.
mohammed_sulaiman__ksa,Mohammed Sulaiman,KSA,DEF,0.2808,transfermarkt_availability_split_2026_06_04,0.2808,transfermarkt_availability_split_2026_06_01,0.0,0.025527,ok,No action.
mojmir_chytil__cze,Mojmir Chytil,CZE,FWD,0.878,transfermarkt_availability_split_2026_06_04,0.8204,transfermarkt_availability_split_2026_06_01,0.0576,0.074582,ok,No action.
saleh_al_shamat__ksa,Saleh Al-Shamat,KSA,MID,0.7644,transfermarkt_availability_split_2026_06_04,0.7644,transfermarkt_availability_split_2026_06_01,0.0,0.069491,ok,No action.
alessandro_schopf__aut,Alessandro Schöpf,AUT,MID,0.5672,transfermarkt_availability_split_2026_06_04,0.5672,transfermarkt_availability_split_2026_06_01,0.0,0.051564,ok,No action.
jin_gyu_kim__kor,Jin-gyu Kim,KOR,MID,0.7167,transfermarkt_availability_split_2026_06_04,0.7167,transfermarkt_availability_split_2026_06_01,0.0,0.065155,ok,No action.
george_hirst__sco,George Hirst,SCO,FWD,0.465,transfermarkt_availability_split_2026_06_04,0.465,transfermarkt_availability_split_2026_06_01,0.0,0.042273,ok,No action.
akam_hashem__irq,Akam Hashem,IRQ,DEF,0.5017,transfermarkt_availability_split_2026_06_04,0.5017,transfermarkt_availability_split_2026_06_01,0.0,0.045609,ok,No action.
mohamed_al_mannai__qat,Mohamed Al-Mannai,QAT,MID,0.8985,transfermarkt_availability_split_2026_06_04,0.8985,transfermarkt_availability_split_2026_06_01,0.0,0.081682,ok,No action.
amine_adli__mar,Amine Adli,MAR,FWD,0.5864,transfermarkt_availability_split_2026_06_04,0.5864,transfermarkt_availability_split_2026_06_01,0.0,0.053309,ok,No action.
lucas_bergvall__swe,Lucas Bergvall,SWE,MID,0.631,transfermarkt_availability_split_2026_06_04,0.631,transfermarkt_availability_split_2026_06_01,0.0,0.057364,ok,No action.
odildzhon_khamrobekov__uzb,Odildzhon Khamrobekov,UZB,MID,0.8583,transfermarkt_availability_split_2026_06_04,0.8583,transfermarkt_availability_split_2026_06_01,0.0,0.078027,ok,No action.
juan_quintero__col,Juan Quintero,COL,MID,0.0446,transfermarkt_availability_split_2026_06_04,0.0446,transfermarkt_availability_split_2026_06_01,0.0,0.004055,ok,No action.
abdullah_al_hamdan__ksa,Abdullah Al-Hamdan,KSA,FWD,0.5972,transfermarkt_availability_split_2026_06_04,0.5972,transfermarkt_availability_split_2026_06_01,0.0,0.054291,ok,No action.
eloy_room__cuw,Eloy Room,CUW,GK,0.7886,transfermarkt_availability_split_2026_06_04+gk_hierarchy_normalized,0.7886,transfermarkt_availability_split_2026_06_04+gk_hierarchy_normalized,0.0,0.071691,ok,No action.
habib_diarra__sen,Habib Diarra,SEN,MID,0.718,transfermarkt_availability_split_2026_06_04,0.718,transfermarkt_availability_split_2026_06_01,0.0,0.065273,ok,No action.
callum_elder__aus,Callum Elder,AUS,DEF,0.2207,transfermarkt_availability_split_2026_06_04,0.2207,transfermarkt_availability_split_2026_06_01,0.0,0.020064,ok,No action.
max_crocombe__nzl,Max Crocombe,NZL,GK,0.4221,transfermarkt_availability_split_2026_06_04+gk_hierarchy_normalized,0.4221,transfermarkt_availability_split_2026_06_04+gk_hierarchy_normalized,0.0,0.038373,ok,No action.
garry_mendes_rodrigues__cpv,Garry Mendes Rodrigues,CPV,FWD,0.7496,transfermarkt_availability_split_2026_06_04,0.7496,transfermarkt_availability_split_2026_06_01,0.0,0.068145,ok,No action.
yehvann_diouf__sen,Yehvann Diouf,SEN,GK,0.0661,transfermarkt_availability_split_2026_06_04+gk_hierarchy_normalized,0.0661,transfermarkt_availability_split_2026_06_04+gk_hierarchy_normalized,0.0,0.006009,ok,No action.
abdelmouhib_chamakh__tun,Abdelmouhib Chamakh,TUN,GK,0.437,transfermarkt_availability_split_2026_06_04+gk_hierarchy_normalized,0.437,transfermarkt_availability_split_2026_06_04+gk_hierarchy_normalized,0.0,0.039727,ok,No action.
jordy_alcivar__ecu,Jordy Alcivar,ECU,MID,0.309,transfermarkt_availability_split_2026_06_04,0.309,transfermarkt_availability_split_2026_06_01,0.0,0.028091,ok,No action.
yousef_abu_al_jazar__jor,Yousef Abu Al-Jazar,JOR,DEF,0.3784,transfermarkt_availability_split_2026_06_04,0.3784,transfermarkt_availability_split_2026_06_01,0.0,0.0344,ok,No action.
simon_adingra__civ,Simon Adingra,CIV,FWD,0.7629,transfermarkt_availability_split_2026_06_04,0.7629,transfermarkt_availability_split_2026_06_01,0.0,0.069355,ok,No action.
houssem_aouar__alg,Houssem Aouar,ALG,MID,0.6789,transfermarkt_availability_split_2026_06_04,0.6789,transfermarkt_availability_split_2026_06_01,0.0,0.061718,ok,No action.
riechedly_bazoer__cuw,Riechedly Bazoer,CUW,DEF,0.5143,transfermarkt_availability_split_2026_06_04,0.5143,transfermarkt_availability_split_2026_06_01,0.0,0.046755,ok,No action.
nasser_al_dawsari__ksa,Nasser Al-Dawsari,KSA,MID,0.6741,transfermarkt_availability_split_2026_06_04,0.6741,transfermarkt_availability_split_2026_06_01,0.0,0.061282,ok,No action.
nishan_velupillay__aus,Nishan Velupillay,AUS,FWD,0.5403,transfermarkt_availability_split_2026_06_04,0.5403,transfermarkt_availability_split_2026_06_01,0.0,0.049118,ok,No action.
ayman_yahya_salem__ksa,Ayman Yahya Salem,KSA,MID,0.6615,transfermarkt_availability_split_2026_06_04,0.6615,transfermarkt_availability_split_2026_06_01,0.0,0.060136,ok,No action.
themba_zwane__rsa,Themba Zwane,RSA,MID,0.688,transfermarkt_availability_split_2026_06_04,0.688,transfermarkt_availability_split_2026_06_01,0.0,0.062545,ok,No action.
mohannad_abu_taha__jor,Mohannad Abu Taha,JOR,MID,0.7598,transfermarkt_availability_split_2026_06_04,0.7598,transfermarkt_availability_split_2026_06_01,0.0,0.069073,ok,No action.
marko_farji__irq,Marko Farji,IRQ,MID,0.5092,transfermarkt_availability_split_2026_06_04,0.5092,transfermarkt_availability_split_2026_06_01,0.0,0.046291,ok,No action.
oumar_diakite__civ,Oumar Diakite,CIV,FWD,0.6966,transfermarkt_availability_split_2026_06_04,0.6966,transfermarkt_availability_split_2026_06_01,0.0,0.063327,ok,No action.
jun_ho_bae__kor,Jun-ho Bae,KOR,MID,0.6032,transfermarkt_availability_split_2026_06_04,0.6032,transfermarkt_availability_split_2026_06_01,0.0,0.054836,ok,No action.
michal_sadilek__cze,Michal Sadilek,CZE,MID,0.9142,transfermarkt_availability_split_2026_06_04,0.8357,transfermarkt_availability_split_2026_06_01,0.0785,0.075973,ok,No action.
dominic_hyam__sco,Dominic Hyam,SCO,DEF,0.1931,transfermarkt_availability_split_2026_06_04,0.1931,transfermarkt_availability_split_2026_06_01,0.0,0.017555,ok,No action.
ahmed_hasan_maknzi__irq,Ahmed Hasan Maknzi,IRQ,DEF,0.4481,transfermarkt_availability_split_2026_06_04,0.4481,transfermarkt_availability_split_2026_06_01,0.0,0.040736,ok,No action.
kento_shiogai__jpn,Kento Shiogai,JPN,FWD,0.45,transfermarkt_availability_split_2026_06_04,0.45,transfermarkt_availability_split_2026_06_01,0.0,0.040909,ok,No action.
mohammad_abu_hasheesh__jor,Mohammad Abu Hasheesh,JOR,MID,0.7021,transfermarkt_availability_split_2026_06_04,0.7021,transfermarkt_availability_split_2026_06_01,0.0,0.063827,ok,No action.
adam_karabec__cze,Adam Karabec,CZE,MID,0.8622,transfermarkt_availability_split_2026_06_04,0.8096,transfermarkt_availability_split_2026_06_01,0.0526,0.0736,ok,No action.
gi_hyuk_lee__kor,Gi-hyuk Lee,KOR,DEF,0.1931,transfermarkt_availability_split_2026_06_04,0.1931,transfermarkt_availability_split_2026_06_01,0.0,0.017555,ok,No action.
braian_ojeda__par,Braian Ojeda,PAR,MID,0.5324,transfermarkt_availability_split_2026_06_04,0.5324,transfermarkt_availability_split_2026_06_01,0.0,0.0484,ok,No action.
cristian_roldan__usa,Cristian Roldan,USA,MID,0.4722,transfermarkt_availability_split_2026_06_04,0.4722,transfermarkt_availability_split_2026_06_01,0.0,0.042927,ok,No action.
frans_dhia_putros__irq,Frans Dhia Putros,IRQ,DEF,0.4806,transfermarkt_availability_split_2026_06_04,0.4806,transfermarkt_availability_split_2026_06_01,0.0,0.043691,ok,No action.
nicolas_pepe__civ,Nicolas Pepe,CIV,FWD,0.6409,transfermarkt_availability_split_2026_06_04,0.6409,transfermarkt_availability_split_2026_06_01,0.0,0.058264,ok,No action.
juan_portilla__col,Juan Portilla,COL,MID,0.43,transfermarkt_availability_split_2026_06_04,0.43,transfermarkt_availability_split_2026_06_01,0.0,0.039091,ok,No action.
christopher_bonsu_baah__gha,Christopher Bonsu Baah,GHA,FWD,0.3911,transfermarkt_availability_split_2026_06_04,0.3911,transfermarkt_availability_split_2026_06_01,0.0,0.035555,ok,No action.
gael_kakuta__cod,Gaël Kakuta,COD,MID,0.6395,transfermarkt_availability_split_2026_06_04,0.6395,transfermarkt_availability_split_2026_06_01,0.0,0.058136,ok,No action.
jordy_caicedo__ecu,Jordy Caicedo,ECU,FWD,0.3344,transfermarkt_availability_split_2026_06_04,0.3344,transfermarkt_availability_split_2026_06_01,0.0,0.0304,ok,No action.
alexis_duarte__par,Alexis Duarte,PAR,DEF,0.1104,transfermarkt_availability_split_2026_06_04,0.1104,transfermarkt_availability_split_2026_06_01,0.0,0.010036,ok,No action.
alex_paulsen__nzl,Alex Paulsen,NZL,GK,0.3948,transfermarkt_availability_split_2026_06_04+gk_hierarchy_normalized,0.3948,transfermarkt_availability_split_2026_06_04+gk_hierarchy_normalized,0.0,0.035891,ok,No action.
zaid_ismail__irq,Zaid Ismail,IRQ,MID,0.6844,transfermarkt_availability_split_2026_06_04,0.6844,transfermarkt_availability_split_2026_06_01,0.0,0.062218,ok,No action.
jens_castrop__kor,Jens Castrop,KOR,MID,0.5417,transfermarkt_availability_split_2026_06_04,0.5417,transfermarkt_availability_split_2026_06_01,0.0,0.049245,ok,No action.
luciano_valente__ned,Luciano Valente,NED,MID,0.4562,transfermarkt_availability_split_2026_06_04,0.4562,transfermarkt_availability_split_2026_06_01,0.0,0.041473,ok,No action.
mehdi_dorval__alg,Mehdi Dorval,ALG,DEF,0.1241,transfermarkt_availability_split_2026_06_04,0.1241,transfermarkt_availability_split_2026_06_01,0.0,0.011282,ok,No action.
dilshod_komilov__uzb,Dilshod Komilov,UZB,DEF,0.2795,transfermarkt_availability_split_2026_06_04,0.2795,transfermarkt_availability_split_2026_06_01,0.0,0.025409,ok,No action.
martin_jedlicka__cze,Martin Jedlicka,CZE,GK,0.2815,transfermarkt_availability_split_2026_06_04+gk_hierarchy_normalized,0.2815,transfermarkt_availability_split_2026_06_04+gk_hierarchy_normalized,0.0,0.025591,ok,No action.
zakaria_el_ouahdi__mar,Zakaria El Ouahdi,MAR,DEF,0.1545,transfermarkt_availability_split_2026_06_04,0.1545,transfermarkt_availability_split_2026_06_01,0.0,0.014045,ok,No action.
abdel_rahman_al_talalga__jor,Abdel Rahman Al-Talalga,JOR,GK,0.4403,transfermarkt_availability_split_2026_06_04+gk_hierarchy_normalized,0.4403,transfermarkt_availability_split_2026_06_04+gk_hierarchy_normalized,0.0,0.040027,ok,No action.
abdullah_al_khaibari__ksa,Abdullah Al-Khaibari,KSA,MID,0.5513,transfermarkt_availability_split_2026_06_04,0.5513,transfermarkt_availability_split_2026_06_01,0.0,0.050118,ok,No action.
gilson_benchimol_tavares__cpv,Gilson Benchimol Tavares,CPV,FWD,0.5415,transfermarkt_availability_split_2026_06_04,0.5415,transfermarkt_availability_split_2026_06_01,0.0,0.049227,ok,No action.
brian_cipenga__cod,Brian Cipenga,COD,MID,0.6555,transfermarkt_availability_split_2026_06_04,0.6555,transfermarkt_availability_split_2026_06_01,0.0,0.059591,ok,No action.
deveron_fonville__cuw,Deveron Fonville,CUW,DEF,0.4344,transfermarkt_availability_split_2026_06_04,0.4344,transfermarkt_availability_split_2026_06_01,0.0,0.039491,ok,No action.
simon_banza__cod,Simon Banza,COD,FWD,0.4264,transfermarkt_availability_split_2026_06_04,0.4264,transfermarkt_availability_split_2026_06_01,0.0,0.038764,ok,No action.
besfort_zeneli__swe,Besfort Zeneli,SWE,MID,0.5818,transfermarkt_availability_split_2026_06_04,0.5818,transfermarkt_availability_split_2026_06_01,0.0,0.052891,ok,No action.
emiliano_martinez_toranza__uru,Emiliano Martinez Toranza,URU,MID,0.3949,transfermarkt_availability_split_2026_06_04,0.3949,transfermarkt_availability_split_2026_06_01,0.0,0.0359,ok,No action.
seko_fofana__civ,Seko Fofana,CIV,MID,0.7016,transfermarkt_availability_split_2026_06_04,0.7016,transfermarkt_availability_split_2026_06_01,0.0,0.063782,ok,No action.
jassem_gaber__qat,Jassem Gaber,QAT,MID,0.6033,transfermarkt_availability_split_2026_06_04,0.6033,transfermarkt_availability_split_2026_06_01,0.0,0.054845,ok,No action.
khulumani_ndamane__rsa,Khulumani Ndamane,RSA,DEF,0.225,transfermarkt_availability_split_2026_06_04,0.225,transfermarkt_availability_split_2026_06_01,0.0,0.020455,ok,No action.
mohammad_khalife__irn,Mohammad Khalife,IRN,GK,0.2223,transfermarkt_availability_split_2026_06_04+gk_hierarchy_normalized,0.2223,transfermarkt_availability_split_2026_06_04+gk_hierarchy_normalized,0.0,0.020209,ok,No action.
jean_michael_seri__civ,Jean Michael Seri,CIV,MID,0.6665,transfermarkt_availability_split_2026_06_04,0.6665,transfermarkt_availability_split_2026_06_01,0.0,0.060591,ok,No action.
carlos_miguel_coronel__par,Carlos Miguel Coronel,PAR,GK,0.2412,transfermarkt_availability_split_2026_06_04+gk_hierarchy_normalized,0.2412,transfermarkt_availability_split_2026_06_04+gk_hierarchy_normalized,0.0,0.021927,ok,No action.
matias_fernandez_pardo__bel,Matias Fernandez-Pardo,BEL,FWD,0.25,holdet_official_unmatched_default,0.25,holdet_official_unmatched_default,0.0,0.022727,ok,No action.
elye_wahi__civ,Elye Wahi,CIV,FWD,0.45,transfermarkt_availability_split_2026_06_04,0.45,transfermarkt_availability_split_2026_06_01,0.0,0.040909,ok,No action.
mohammed_waad__qat,Mohammed Waad,QAT,MID,0.5512,transfermarkt_availability_split_2026_06_04,0.5512,transfermarkt_availability_split_2026_06_01,0.0,0.050109,ok,No action.
yazeed_abulaila__jor,Yazeed Abulaila,JOR,GK,0.4054,transfermarkt_availability_split_2026_06_04+gk_hierarchy_normalized,0.4054,transfermarkt_availability_split_2026_06_04+gk_hierarchy_normalized,0.0,0.036855,ok,No action.
sebastian_tounekti__tun,Sebastian Tounekti,TUN,MID,0.3511,transfermarkt_availability_split_2026_06_04,0.3511,transfermarkt_availability_split_2026_06_01,0.0,0.031918,ok,No action.
hyun_jun_yang__kor,Hyun-Jun Yang,KOR,MID,0.4047,transfermarkt_availability_split_2026_06_04,0.4047,transfermarkt_availability_split_2026_06_01,0.0,0.036791,ok,No action.
nuno_da_costa__cpv,Nuno da Costa,CPV,FWD,0.3862,transfermarkt_availability_split_2026_06_04,0.3862,transfermarkt_availability_split_2026_06_01,0.0,0.035109,ok,No action.
godfried_roemeratoe__cuw,Godfried Roemeratoe,CUW,MID,0.6387,transfermarkt_availability_split_2026_06_04,0.6387,transfermarkt_availability_split_2026_06_01,0.0,0.058064,ok,No action.
martin_zlomisli__bih,Martin Zlomislic,BIH,GK,0.2273,transfermarkt_availability_split_2026_06_04+gk_hierarchy_normalized,0.2273,transfermarkt_availability_split_2026_06_04+gk_hierarchy_normalized,0.0,0.020664,ok,No action.
matias_galarza_fonda__par,Matias Galarza Fonda,PAR,MID,0.387,transfermarkt_availability_split_2026_06_04,0.387,transfermarkt_availability_split_2026_06_01,0.0,0.035182,ok,No action.
wilguens_paugain__hai,Wilguens Paugain,HAI,DEF,0.2778,transfermarkt_availability_split_2026_06_04,0.2778,transfermarkt_availability_split_2026_06_01,0.0,0.025255,ok,No action.
timothy_fayulu__cod,Timothy Fayulu,COD,GK,0.4031,transfermarkt_availability_split_2026_06_04+gk_hierarchy_normalized,0.4031,transfermarkt_availability_split_2026_06_04+gk_hierarchy_normalized,0.0,0.036645,ok,No action.
rocky_bushiri__cod,Rocky Bushiri,COD,DEF,0.1959,transfermarkt_availability_split_2026_06_04,0.1959,transfermarkt_availability_split_2026_06_01,0.0,0.017809,ok,No action.
ajdin_hrustic__aus,Ajdin Hrustic,AUS,MID,0.645,transfermarkt_availability_split_2026_06_04,0.645,transfermarkt_availability_split_2026_06_01,0.0,0.058636,ok,No action.
el_mehdi_al_harrar__mar,El Mehdi Al Harrar,MAR,GK,0.1758,transfermarkt_availability_split_2026_06_04+gk_hierarchy_normalized,0.1758,transfermarkt_availability_split_2026_06_04+gk_hierarchy_normalized,0.0,0.015982,ok,No action.
jens_petter_hauge__nor,Jens Petter Hauge,NOR,MID,0.2457,transfermarkt_availability_split_2026_06_04,0.2457,transfermarkt_availability_split_2026_06_01,0.0,0.022336,ok,No action.
carlos_rodriguez__mex,Carlos Rodriguez,MEX,MID,0.25,holdet_official_unmatched_default,0.25,holdet_official_unmatched_default,0.0,0.022727,ok,No action.
david_hoilett__can,David 'Junior' Hoilett,CAN,MID,0.25,holdet_official_unmatched_default,0.25,holdet_official_unmatched_default,0.0,0.022727,ok,No action.
sondre_langas__nor,Sondre Langås,NOR,DEF,0.1054,transfermarkt_availability_split_2026_06_04,0.1054,transfermarkt_availability_split_2026_06_01,0.0,0.009582,ok,No action.
johny_placide__hai,Johny Placide,HAI,GK,0.4375,transfermarkt_availability_split_2026_06_04+gk_hierarchy_normalized,0.4375,transfermarkt_availability_split_2026_06_04+gk_hierarchy_normalized,0.0,0.039773,ok,No action.
steve_kapuadi__cod,Steve Kapuadi,COD,DEF,0.1819,transfermarkt_availability_split_2026_06_04,0.1819,transfermarkt_availability_split_2026_06_01,0.0,0.016536,ok,No action.
jin_seob_park__kor,Jin-seob Park,KOR,MID,0.2925,transfermarkt_availability_split_2026_06_04,0.2925,transfermarkt_availability_split_2026_06_01,0.0,0.026591,ok,No action.
adem_arous__tun,Adem Arous,TUN,DEF,0.1513,transfermarkt_availability_split_2026_06_04,0.1513,transfermarkt_availability_split_2026_06_01,0.0,0.013755,ok,No action.
grady_diangana__cod,Grady Diangana,COD,MID,0.2919,transfermarkt_availability_split_2026_06_04,0.2919,transfermarkt_availability_split_2026_06_01,0.0,0.026536,ok,No action.
paik_seung_ho__kor,Seung-Ho Paik,KOR,MID,0.5235,transfermarkt_availability_split_2026_06_04,0.5235,transfermarkt_availability_split_2026_06_01,0.0,0.047591,ok,No action.
kelvin_pires__cpv,Kelvin Pires,CPV,DEF,0.1811,transfermarkt_availability_split_2026_06_04,0.1811,transfermarkt_availability_split_2026_06_01,0.0,0.016464,ok,No action.
thabang_matuludi__rsa,Thabang Matuludi,RSA,DEF,0.1162,transfermarkt_availability_split_2026_06_04,0.1162,transfermarkt_availability_split_2026_06_01,0.0,0.010564,ok,No action.
abduvokhid_nematov__uzb,Abduvokhid Nematov,UZB,GK,0.2889,transfermarkt_availability_split_2026_06_04+gk_hierarchy_normalized,0.2889,transfermarkt_availability_split_2026_06_04+gk_hierarchy_normalized,0.0,0.026264,ok,No action.
luis_mejia__pan,Luis Mejia,PAN,GK,0.2298,transfermarkt_availability_split_2026_06_04+gk_hierarchy_normalized,0.2298,transfermarkt_availability_split_2026_06_04+gk_hierarchy_normalized,0.0,0.020891,ok,No action.
c_sar_yanis__pan,Cesar Yanis,PAN,MID,0.4369,transfermarkt_availability_split_2026_06_04,0.4369,transfermarkt_availability_split_2026_06_01,0.0,0.039718,ok,No action.
ahmed_basil_fadhil__irq,Ahmed Basil Fadhil,IRQ,GK,0.4309,transfermarkt_availability_split_2026_06_04+gk_hierarchy_normalized,0.4309,transfermarkt_availability_split_2026_06_04+gk_hierarchy_normalized,0.0,0.039173,ok,No action.
paul_izzo__aus,Paul Izzo,AUS,GK,0.1789,transfermarkt_availability_split_2026_06_04+gk_hierarchy_normalized,0.1789,transfermarkt_availability_split_2026_06_04+gk_hierarchy_normalized,0.0,0.016264,ok,No action.
alexandre_pierre__hai,Alexandre Pierre,HAI,GK,0.4344,transfermarkt_availability_split_2026_06_04+gk_hierarchy_normalized,0.4344,transfermarkt_availability_split_2026_06_04+gk_hierarchy_normalized,0.0,0.039491,ok,No action.
payam_niazmand__irn,Payam Niazmand,IRN,GK,0.1121,transfermarkt_availability_split_2026_06_04+gk_hierarchy_normalized,0.1121,transfermarkt_availability_split_2026_06_04+gk_hierarchy_normalized,0.0,0.010191,ok,No action.
hugo_cuenca__par,Hugo Cuenca,PAR,MID,0.3974,transfermarkt_availability_split_2026_06_04,0.3974,transfermarkt_availability_split_2026_06_01,0.0,0.036127,ok,No action.
lionel_mpasi_nzau__cod,Lionel Mpasi Nzau,COD,GK,0.1058,transfermarkt_availability_split_2026_06_04+gk_hierarchy_normalized,0.1058,transfermarkt_availability_split_2026_06_04+gk_hierarchy_normalized,0.0,0.009618,ok,No action.
alban_lafont__civ,Alban Lafont,CIV,GK,0.1387,transfermarkt_availability_split_2026_06_04+gk_hierarchy_normalized,0.1387,transfermarkt_availability_split_2026_06_04+gk_hierarchy_normalized,0.0,0.012609,ok,No action.
patrick_beach__aus,Patrick Beach,AUS,GK,0.1294,transfermarkt_availability_split_2026_06_04+gk_hierarchy_normalized,0.1294,transfermarkt_availability_split_2026_06_04+gk_hierarchy_normalized,0.0,0.011764,ok,No action.
mohamed_haj_mahmoud__tun,Mohamed 'Hadj' Mahmoud,TUN,MID,0.442,name+team,0.442,name+team,0.0,0.02,ok,No action.
marcelo_flores__can,Marcelo Flores,CAN,MID,0.8655,transfermarkt_availability_split_2026_06_04,0.8655,transfermarkt_availability_split_2026_06_01,0.0,0.078682,ok,No action.
john_mercado__ecu,John Mercado,ECU,FWD,0.0987,transfermarkt_availability_split_2026_06_04,0.0987,transfermarkt_availability_split_2026_06_01,0.0,0.008973,ok,No action.
michael_woud__nzl,Michael Woud,NZL,GK,0.183,transfermarkt_availability_split_2026_06_04+gk_hierarchy_normalized,0.183,transfermarkt_availability_split_2026_06_04+gk_hierarchy_normalized,0.0,0.016636,ok,No action.
ivor_pandur__cro,Ivor Pandur,CRO,GK,0.1182,transfermarkt_availability_split_2026_06_04+gk_hierarchy_normalized,0.1182,transfermarkt_availability_split_2026_06_04+gk_hierarchy_normalized,0.0,0.010745,ok,No action.
prince_adu__gha,Prince Adu,GHA,FWD,0.8639,transfermarkt_availability_split_2026_06_04,0.8639,transfermarkt_availability_split_2026_06_01,0.0,0.078536,ok,No action.
rayan_elloumi__tun,Rayan Elloumi,TUN,FWD,0.8655,transfermarkt_availability_split_2026_06_04,0.8655,transfermarkt_availability_split_2026_06_01,0.0,0.078682,ok,No action.
moises_ramirez__ecu,Moises Ramirez,ECU,GK,0.1035,transfermarkt_availability_split_2026_06_04+gk_hierarchy_normalized,0.1035,transfermarkt_availability_split_2026_06_04+gk_hierarchy_normalized,0.0,0.009409,ok,No action.
fahad_talib__irq,Fahad Talib,IRQ,GK,0.3071,transfermarkt_availability_split_2026_06_04+gk_hierarchy_normalized,0.3071,transfermarkt_availability_split_2026_06_04+gk_hierarchy_normalized,0.0,0.027918,ok,No action.
sipho_chaine__rsa,Sipho Chaine,RSA,GK,0.1683,transfermarkt_availability_split_2026_06_04+gk_hierarchy_normalized,0.1683,transfermarkt_availability_split_2026_06_04+gk_hierarchy_normalized,0.0,0.0153,ok,No action.
yoel_barcenas__pan,Yoel Barcenas,PAN,MID,0.8342,transfermarkt_availability_split_2026_06_04,0.8342,transfermarkt_availability_split_2026_06_01,0.0,0.075836,ok,No action.
hamza_abdelkarim__egy,Hamza Abdelkarim,EGY,FWD,0.8655,transfermarkt_availability_split_2026_06_04,0.8655,transfermarkt_availability_split_2026_06_01,0.0,0.078682,ok,No action.
anthony_valencia__ecu,Anthony Valencia,ECU,FWD,0.6757,transfermarkt_availability_split_2026_06_04,0.6757,transfermarkt_availability_split_2026_06_01,0.0,0.061427,ok,No action.
abdallah_al_fakhouri__jor,Abdallah Al-Fakhouri,JOR,GK,0.1543,transfermarkt_availability_split_2026_06_04+gk_hierarchy_normalized,0.1543,transfermarkt_availability_split_2026_06_04+gk_hierarchy_normalized,0.0,0.014027,ok,No action.
bum_keun_song__kor,Bum-Keun Song,KOR,GK,0.105,transfermarkt_availability_split_2026_06_04+gk_hierarchy_normalized,0.105,transfermarkt_availability_split_2026_06_04+gk_hierarchy_normalized,0.0,0.009545,ok,No action.
lukas_hornicek__cze,Lukas Hornicek,CZE,GK,0.1195,transfermarkt_availability_split_2026_06_04+gk_hierarchy_normalized,0.1195,transfermarkt_availability_split_2026_06_04+gk_hierarchy_normalized,0.0,0.010864,ok,No action.
kristian_thorstvedt__nor,Kristian Thorstvedt,NOR,MID,0.6884,transfermarkt_availability_split_2026_06_04,0.6884,transfermarkt_availability_split_2026_06_01,0.0,0.062582,ok,No action.
kumel_al_rekabe__irq,Kumel Al-Rekabe,IRQ,GK,0.262,transfermarkt_availability_split_2026_06_04+gk_hierarchy_normalized,0.262,transfermarkt_availability_split_2026_06_04+gk_hierarchy_normalized,0.0,0.023818,ok,No action.
cecilio_waterman__pan,Cecilio Waterman,PAN,FWD,0.7242,transfermarkt_availability_split_2026_06_04,0.7242,transfermarkt_availability_split_2026_06_01,0.0,0.065836,ok,No action.
ahmed_nadhir_benbouali__alg,Ahmed Nadhir Benbouali,ALG,FWD,0.8342,transfermarkt_availability_split_2026_06_04,0.8342,transfermarkt_availability_split_2026_06_01,0.0,0.075836,ok,No action.
patrick_schulte__usa,Patrick Schulte,USA,GK,0.0576,transfermarkt_availability_split_2026_06_04+gk_hierarchy_normalized,0.0576,transfermarkt_availability_split_2026_06_04+gk_hierarchy_normalized,0.0,0.005236,ok,No action.
haissem_hassan__egy,Haissem Hassan,EGY,MID,0.873,transfermarkt_availability_split_2026_06_04,0.873,transfermarkt_availability_split_2026_06_01,0.0,0.079364,ok,No action.
mohammed_al_rubaie_al_yami__ksa,Mohammed Al-Rubaie Al-Yami,KSA,GK,0.1659,transfermarkt_availability_split_2026_06_04+gk_hierarchy_normalized,0.1659,transfermarkt_availability_split_2026_06_04+gk_hierarchy_normalized,0.0,0.015082,ok,No action.
gabriel_avalos__par,Gabriel Avalos,PAR,FWD,0.7781,transfermarkt_availability_split_2026_06_04,0.7781,transfermarkt_availability_split_2026_06_01,0.0,0.070736,ok,No action.
mostafa_ziko__egy,Mostafa Ziko,EGY,MID,0.8655,transfermarkt_availability_split_2026_06_04,0.8655,transfermarkt_availability_split_2026_06_01,0.0,0.078682,ok,No action.
osman_hadzikic__bih,Osman Hadzikic,BIH,GK,0.111,transfermarkt_availability_split_2026_06_04+gk_hierarchy_normalized,0.111,transfermarkt_availability_split_2026_06_04+gk_hierarchy_normalized,0.0,0.010091,ok,No action.
jovo_lukic__bih,Jovo Lukic,BIH,FWD,0.7493,transfermarkt_availability_split_2026_06_04,0.7493,transfermarkt_availability_split_2026_06_01,0.0,0.068118,ok,No action.
kadir_barria__pan,Kadir Barria,PAN,FWD,0.6844,transfermarkt_availability_split_2026_06_04,0.6844,transfermarkt_availability_split_2026_06_01,0.0,0.062218,ok,No action.
owen_goodman__can,Owen Goodman,CAN,GK,0.0766,transfermarkt_availability_split_2026_06_04+gk_hierarchy_normalized,0.0766,transfermarkt_availability_split_2026_06_04+gk_hierarchy_normalized,0.0,0.006964,ok,No action.
salih_ozcan__tur,Salih Özcan,TUR,MID,0.7323,transfermarkt_availability_split_2026_06_04,0.7323,transfermarkt_availability_split_2026_06_01,0.0,0.066573,ok,No action.
patrick_yazbek__aus,Patrick Yazbek,AUS,MID,0.3071,transfermarkt_availability_split_2026_06_04,0.3071,transfermarkt_availability_split_2026_06_01,0.0,0.027918,ok,No action.
mohamed_rabie_hrimat__mar,Mohamed Rabie Hrimat,MAR,MID,0.8342,transfermarkt_availability_split_2026_06_04,0.8342,transfermarkt_availability_split_2026_06_01,0.0,0.075836,ok,No action.
lachlan_bayliss__nzl,Lachlan Bayliss,NZL,MID,0.8655,transfermarkt_availability_split_2026_06_04,0.8655,transfermarkt_availability_split_2026_06_01,0.0,0.078682,ok,No action.
jeremy_ar_valo__ecu,Jeremy Arevalo,ECU,FWD,0.0446,transfermarkt_availability_split_2026_06_04,0.0446,transfermarkt_availability_split_2026_06_01,0.0,0.004055,ok,No action.
bongokuhle_hlongwane__rsa,Bongokuhle Hlongwane,RSA,FWD,0.8094,transfermarkt_availability_split_2026_06_04,0.8094,transfermarkt_availability_split_2026_06_01,0.0,0.073582,ok,No action.
abdulrahman_al_sanbi__ksa,Abdulrahman Al-Sanbi,KSA,GK,0.1473,transfermarkt_availability_split_2026_06_04+gk_hierarchy_normalized,0.1473,transfermarkt_availability_split_2026_06_04+gk_hierarchy_normalized,0.0,0.013391,ok,No action.
amir_hadziahmetovic__bih,Amir Hadziahmetovic,BIH,MID,0.7679,transfermarkt_availability_split_2026_06_04,0.7679,transfermarkt_availability_split_2026_06_01,0.0,0.069809,ok,No action.
cedric_itten__sui,Cedric Itten,SUI,FWD,0.4979,transfermarkt_availability_split_2026_06_04,0.4979,transfermarkt_availability_split_2026_06_01,0.0,0.045264,ok,No action.
irfan_can_kahveci__tur,Irfan Can Kahveci,TUR,MID,0.6858,transfermarkt_availability_split_2026_06_04,0.6858,transfermarkt_availability_split_2026_06_01,0.0,0.062345,ok,No action.
joseph_anang__gha,Joseph Anang,GHA,GK,0.1071,transfermarkt_availability_split_2026_06_04+gk_hierarchy_normalized,0.1071,transfermarkt_availability_split_2026_06_04+gk_hierarchy_normalized,0.0,0.009736,ok,No action.
shahriar_moghanlou__irn,Shahriar Moghanlou,IRN,FWD,0.6143,transfermarkt_availability_split_2026_06_04,0.6143,transfermarkt_availability_split_2026_06_01,0.0,0.055845,ok,No action.
mahmoud_abunada__qat,Mahmoud Abunada,QAT,GK,0.1495,transfermarkt_availability_split_2026_06_04+gk_hierarchy_normalized,0.1495,transfermarkt_availability_split_2026_06_04+gk_hierarchy_normalized,0.0,0.013591,ok,No action.
marcio_rosa__cpv,Marcio Rosa,CPV,GK,0.1352,transfermarkt_availability_split_2026_06_04+gk_hierarchy_normalized,0.1352,transfermarkt_availability_split_2026_06_04+gk_hierarchy_normalized,0.0,0.012291,ok,No action.
diego_moreira__bel,Diego Moreira,BEL,MID,0.5812,transfermarkt_availability_split_2026_06_04,0.5812,transfermarkt_availability_split_2026_06_01,0.0,0.052836,ok,No action.
awer_mabil__aus,Awer Mabil,AUS,FWD,0.7036,transfermarkt_availability_split_2026_06_04,0.7036,transfermarkt_availability_split_2026_06_01,0.0,0.063964,ok,No action.
cesar_samudio__pan,Cesar Samudio,PAN,GK,0.1175,transfermarkt_availability_split_2026_06_04+gk_hierarchy_normalized,0.1175,transfermarkt_availability_split_2026_06_04+gk_hierarchy_normalized,0.0,0.010682,ok,No action.
bamba_dieng__sen,Bamba Dieng,SEN,FWD,0.673,transfermarkt_availability_split_2026_06_04,0.673,transfermarkt_availability_split_2026_06_01,0.0,0.061182,ok,No action.
ricardo_goss__rsa,Ricardo Goss,RSA,GK,0.1056,transfermarkt_availability_split_2026_06_04+gk_hierarchy_normalized,0.1056,transfermarkt_availability_split_2026_06_04+gk_hierarchy_normalized,0.0,0.0096,ok,No action.
mohamed_alaa__egy,Mohamed Alaa,EGY,GK,0.0708,transfermarkt_availability_split_2026_06_04+gk_hierarchy_normalized,0.0708,transfermarkt_availability_split_2026_06_04+gk_hierarchy_normalized,0.0,0.006436,ok,No action.
ardon_jashari__sui,Ardon Jashari,SUI,MID,0.4858,transfermarkt_availability_split_2026_06_04,0.4858,transfermarkt_availability_split_2026_06_01,0.0,0.044164,ok,No action.
sabri_ben_hessen__tun,Sabri Ben Hessen,TUN,GK,0.0976,transfermarkt_availability_split_2026_06_04+gk_hierarchy_normalized,0.0976,transfermarkt_availability_split_2026_06_04+gk_hierarchy_normalized,0.0,0.008873,ok,No action.
tahith_chong__cuw,Tahith Chong,CUW,MID,0.8985,transfermarkt_availability_split_2026_06_04,0.8985,transfermarkt_availability_split_2026_06_01,0.0,0.081682,ok,No action.
botirali_ergashev__uzb,Botirali Ergashev,UZB,GK,0.1079,transfermarkt_availability_split_2026_06_04+gk_hierarchy_normalized,0.1079,transfermarkt_availability_split_2026_06_04+gk_hierarchy_normalized,0.0,0.009809,ok,No action.
ross_stewart__sco,Ross Stewart,SCO,FWD,0.4562,transfermarkt_availability_split_2026_06_04,0.4562,transfermarkt_availability_split_2026_06_01,0.0,0.041473,ok,No action.
el_mahdi_soliman__egy,El Mahdi Soliman,EGY,GK,0.0585,transfermarkt_availability_split_2026_06_04+gk_hierarchy_normalized,0.0585,transfermarkt_availability_split_2026_06_04+gk_hierarchy_normalized,0.0,0.005318,ok,No action.
derrick_etienne__hai,Derrick Etienne Jr.,HAI,FWD,0.6987,transfermarkt_availability_split_2026_06_04,0.6987,transfermarkt_availability_split_2026_06_01,0.0,0.063518,ok,No action.
jan_kliment__cze,Jan Kliment,CZE,FWD,0.7694,transfermarkt_availability_split_2026_06_04,0.771,transfermarkt_availability_split_2026_06_01,-0.0016,0.070091,ok,No action.
guillermo_martinez__mex,Guillermo Martínez,MEX,FWD,0.438,transfermarkt_availability_split_2026_06_04,0.438,transfermarkt_availability_split_2026_06_01,0.0,0.039818,ok,No action.
lewis_ferguson__sco,Lewis Ferguson,SCO,MID,0.4956,transfermarkt_availability_split_2026_06_04,0.4956,transfermarkt_availability_split_2026_06_01,0.0,0.045055,ok,No action.
oufa_shobeir__egy,Mostafa Oufa Shobeir,EGY,GK,0.0151,transfermarkt_availability_split_2026_06_04+gk_hierarchy_normalized,0.0151,transfermarkt_availability_split_2026_06_04+gk_hierarchy_normalized,0.0,0.001373,ok,No action.
kevin_yakob__irq,Kevin Yakob,IRQ,MID,0.515,transfermarkt_availability_split_2026_06_04,0.515,transfermarkt_availability_split_2026_06_01,0.0,0.046818,ok,No action.
yaimar_medina__ecu,Yaimar Medina,ECU,MID,0.1614,transfermarkt_availability_split_2026_06_04,0.1614,transfermarkt_availability_split_2026_06_01,0.0,0.014673,ok,No action.
jurgen_locadia__cuw,Jürgen Locadia,CUW,FWD,0.7207,transfermarkt_availability_split_2026_06_04,0.7207,transfermarkt_availability_split_2026_06_01,0.0,0.065518,ok,No action.
nikolas_polster__aut,Nikolas Polster,AUT,GK,0.0511,transfermarkt_availability_split_2026_06_04+gk_hierarchy_normalized,0.0511,transfermarkt_availability_split_2026_06_04+gk_hierarchy_normalized,0.0,0.004645,ok,No action.
vladimir_darida__cze,Vladimir Darida,CZE,MID,0.8662,transfermarkt_availability_split_2026_06_04,0.8106,transfermarkt_availability_split_2026_06_01,0.0556,0.073691,ok,No action.
carlos_andres_gomez__col,Carlos Andres Gomez,COL,MID,0.4417,transfermarkt_availability_split_2026_06_04,0.4417,transfermarkt_availability_split_2026_06_01,0.0,0.040155,ok,No action.
josue_duverger__hai,Josue Duverger,HAI,GK,0.1281,transfermarkt_availability_split_2026_06_04+gk_hierarchy_normalized,0.1281,transfermarkt_availability_split_2026_06_04+gk_hierarchy_normalized,0.0,0.011645,ok,No action.
thelo_aasgaard__nor,Thelo Aasgaard,NOR,MID,0.4417,transfermarkt_availability_split_2026_06_04,0.4417,transfermarkt_availability_split_2026_06_01,0.0,0.040155,ok,No action.
cj_dos_santos__cpv,CJ Dos Santos,CPV,GK,0.0251,transfermarkt_availability_split_2026_06_04+gk_hierarchy_normalized,0.0251,transfermarkt_availability_split_2026_06_04+gk_hierarchy_normalized,0.0,0.002282,ok,No action.
mohammad_al_dawoud__jor,Mohammad Al-Dawoud,JOR,MID,0.6645,transfermarkt_availability_split_2026_06_04,0.6645,transfermarkt_availability_split_2026_06_01,0.0,0.060409,ok,No action.
christ_inao_oulai__civ,Christ Inao Oulaï,CIV,MID,0.8296,transfermarkt_availability_split_2026_06_04,0.8296,transfermarkt_availability_split_2026_06_01,0.0,0.075418,ok,No action.
shehab_ellethy__qat,Shehab Ellethy,QAT,GK,0.0925,transfermarkt_availability_split_2026_06_04+gk_hierarchy_normalized,0.0925,transfermarkt_availability_split_2026_06_04+gk_hierarchy_normalized,0.0,0.008409,ok,No action.
alex_kral__cze,Alex Kral,CZE,MID,0.8435,transfermarkt_availability_split_2026_06_04,0.7515,transfermarkt_availability_split_2026_06_01,0.092,0.068318,ok,No action.
kees_smit__ned,Kees Smit,NED,MID,0.45,transfermarkt_availability_split_2026_06_04,0.45,transfermarkt_availability_split_2026_06_01,0.0,0.040909,ok,No action.
sontje_hansen__cuw,Sontje Hansen,CUW,FWD,0.6148,transfermarkt_availability_split_2026_06_04,0.6148,transfermarkt_availability_split_2026_06_01,0.0,0.055891,ok,No action.
yassin_fortune__hai,Yassin Fortune,HAI,FWD,0.5684,transfermarkt_availability_split_2026_06_04,0.5684,transfermarkt_availability_split_2026_06_01,0.0,0.051673,ok,No action.
dostonbek_khamdamov__uzb,Dostonbek Khamdamov,UZB,MID,0.6318,transfermarkt_availability_split_2026_06_04,0.6318,transfermarkt_availability_split_2026_06_01,0.0,0.057436,ok,No action.
alisher_odilov__uzb,Alisher Odilov,UZB,MID,0.6307,transfermarkt_availability_split_2026_06_04,0.6307,transfermarkt_availability_split_2026_06_01,0.0,0.057336,ok,No action.
fares_ghedjemis__alg,Fares Ghedjemis,ALG,FWD,0.45,transfermarkt_availability_split_2026_06_04,0.45,transfermarkt_availability_split_2026_06_01,0.0,0.040909,ok,No action.
yassine_titraoui__alg,Yassine Titraoui,ALG,MID,0.515,transfermarkt_availability_split_2026_06_04,0.515,transfermarkt_availability_split_2026_06_01,0.0,0.046818,ok,No action.
mortadha_ben_ouanes__tun,Mortadha Ben Ouanes,TUN,MID,0.4487,transfermarkt_availability_split_2026_06_04,0.4487,transfermarkt_availability_split_2026_06_01,0.0,0.040791,ok,No action.
dong_gyeong_lee__kor,Dong-gyeong Lee,KOR,MID,0.4607,transfermarkt_availability_split_2026_06_04,0.4607,transfermarkt_availability_split_2026_06_01,0.0,0.041882,ok,No action.
ermin_mahmic__bih,Ermin Mahmic,BIH,MID,0.4375,transfermarkt_availability_split_2026_06_04,0.4375,transfermarkt_availability_split_2026_06_01,0.0,0.039773,ok,No action.
ali_yousif__irq,Ali Yousif,IRQ,FWD,0.0386,transfermarkt_availability_split_2026_06_04,0.0386,transfermarkt_availability_split_2026_06_01,0.0,0.003509,ok,No action.
peter_gwargis__irq,Peter Gwargis,IRQ,MID,0.2625,transfermarkt_availability_split_2026_06_04,0.2625,transfermarkt_availability_split_2026_06_01,0.0,0.023864,ok,No action.
hasan_abdulkareem__irq,Hasan Abdulkareem,IRQ,MID,0.3168,transfermarkt_availability_split_2026_06_04,0.3168,transfermarkt_availability_split_2026_06_01,0.0,0.0288,ok,No action.
janner_corozo__ecu,Janner Corozo,ECU,FWD,0.2867,transfermarkt_availability_split_2026_06_04,0.2867,transfermarkt_availability_split_2026_06_01,0.0,0.026064,ok,No action.
adil_aouchiche__alg,Adil Aouchiche,ALG,MID,0.45,transfermarkt_availability_split_2026_06_04,0.45,transfermarkt_availability_split_2026_06_01,0.0,0.040909,ok,No action.
khalil_ayari__tun,Khalil Ayari,TUN,MID,0.3862,transfermarkt_availability_split_2026_06_04,0.3862,transfermarkt_availability_split_2026_06_01,0.0,0.035109,ok,No action.
yannick_semedo__cpv,Yannick Semedo,CPV,MID,0.5733,transfermarkt_availability_split_2026_06_04,0.5733,transfermarkt_availability_split_2026_06_01,0.0,0.052118,ok,No action.
bazoumana_toure__civ,Bazoumana Toure,CIV,FWD,0.4164,transfermarkt_availability_split_2026_06_04,0.4164,transfermarkt_availability_split_2026_06_01,0.0,0.037855,ok,No action.
daniel_nana_agyei__gha,Daniel Nana Agyei,GHA,FWD,0.242,transfermarkt_availability_split_2026_06_04,0.242,transfermarkt_availability_split_2026_06_01,0.0,0.022,ok,No action.
jacen_russell_rowe__can,Jacen Russell-Rowe,CAN,FWD,0.215,transfermarkt_availability_split_2026_06_04,0.215,transfermarkt_availability_split_2026_06_01,0.0,0.019545,ok,No action.
carl_sainte__hai,Carl Sainte,HAI,MID,0.4207,transfermarkt_availability_split_2026_06_04,0.4207,transfermarkt_availability_split_2026_06_01,0.0,0.038245,ok,No action.
denzell_garcia__mex,Denzell Garcia,MEX,MID,0.2575,transfermarkt_availability_split_2026_06_04,0.2575,transfermarkt_availability_split_2026_06_01,0.0,0.023409,ok,No action.
marco_grull__aut,Marco Grüll,AUT,FWD,0.1955,transfermarkt_availability_split_2026_06_04,0.1955,transfermarkt_availability_split_2026_06_01,0.0,0.017773,ok,No action.
jamshid_iskanderov__uzb,Jamshid Iskanderov,UZB,MID,0.3837,transfermarkt_availability_split_2026_06_04,0.3837,transfermarkt_availability_split_2026_06_01,0.0,0.034882,ok,No action.
parfait_guiagon__civ,Parfait Guiagon,CIV,MID,0.423,transfermarkt_availability_split_2026_06_04,0.423,transfermarkt_availability_split_2026_06_01,0.0,0.038455,ok,No action.
taha_abdi_ali__swe,Taha Abdi Ali,SWE,MID,0.2575,transfermarkt_availability_split_2026_06_04,0.2575,transfermarkt_availability_split_2026_06_01,0.0,0.023409,ok,No action.
lucas_ramon_romero__par,Lucas Ramon Romero,PAR,MID,0.2647,transfermarkt_availability_split_2026_06_04,0.2647,transfermarkt_availability_split_2026_06_01,0.0,0.024064,ok,No action.
nabil_dunga_emad__egy,Nabil 'Dunga' Emad,EGY,MID,0.25,holdet_official_unmatched_default,0.25,holdet_official_unmatched_default,0.0,0.022727,ok,No action.
chris_brady__usa,Chris Brady,USA,GK,0.0262,transfermarkt_availability_split_2026_06_04+gk_hierarchy_normalized,0.0262,transfermarkt_availability_split_2026_06_04+gk_hierarchy_normalized,0.0,0.002382,ok,No action.
marco_pasalic__cro,Marco Pasalic,CRO,FWD,0.2228,transfermarkt_availability_split_2026_06_04,0.2228,transfermarkt_availability_split_2026_06_01,0.0,0.020255,ok,No action.
amin_chiakha__alg,Amin Chiakha,ALG,FWD,0.1293,transfermarkt_availability_split_2026_06_04,0.1293,transfermarkt_availability_split_2026_06_01,0.0,0.011755,ok,No action.
abdulaziz_hatim_mohammed__qat,Abdulaziz Hatim Mohammed,QAT,MID,0.25,holdet_official_unmatched_default,0.25,holdet_official_unmatched_default,0.0,0.022727,ok,No action.
mohammad_abu_shararh_zrayq__jor,Mohammad Abu 'Shararh' Zrayq,JOR,MID,0.25,holdet_official_unmatched_default,0.25,holdet_official_unmatched_default,0.0,0.022727,ok,No action.
alan_varela__arg,Alan Varela,ARG,MID,0.0413,transfermarkt_availability_split_2026_06_04,0.0413,transfermarkt_availability_split_2026_06_01,0.0,0.003755,ok,No action.
abdulrahman_al_obood__ksa,Abdulrahman Al-Obood,KSA,MID,0.25,holdet_official_unmatched_default,0.25,holdet_official_unmatched_default,0.0,0.022727,ok,No action.
ar_jany_martha__cuw,Ar'jany Martha,CUW,FWD,0.1336,transfermarkt_availability_split_2026_06_04,0.1336,transfermarkt_availability_split_2026_06_01,0.0,0.012145,ok,No action.
aribim_pepple__can,Aribim Pepple,CAN,FWD,0.045,transfermarkt_availability_split_2026_06_04,0.045,transfermarkt_availability_split_2026_06_01,0.0,0.004091,ok,No action.
findlay_curtis__sco,Findlay Curtis,SCO,FWD,0.0446,transfermarkt_availability_split_2026_06_04,0.0446,transfermarkt_availability_split_2026_06_01,0.0,0.004055,ok,No action.
thapelo_maseko__rsa,Thapelo Maseko,RSA,FWD,0.2575,transfermarkt_availability_split_2026_06_04,0.2575,transfermarkt_availability_split_2026_06_01,0.0,0.023409,ok,No action.
ante_suto__aus,Ante Suto,AUS,FWD,0.0442,transfermarkt_availability_split_2026_06_04,0.0442,transfermarkt_availability_split_2026_06_01,0.0,0.004018,ok,No action.
raul_florucz__aut,Raul Florucz,AUT,FWD,0.1714,transfermarkt_availability_split_2026_06_04,0.1714,transfermarkt_availability_split_2026_06_01,0.0,0.015582,ok,No action.
jeremy_ngakia__cod,Jeremy Ngakia,COD,DEF,0.0446,transfermarkt_availability_split_2026_06_04,0.0446,transfermarkt_availability_split_2026_06_01,0.0,0.004055,ok,No action.
denis_visinsky__cze,Denis Visinsky,CZE,MID,0.3448,transfermarkt_availability_split_2026_06_04,0.045,transfermarkt_availability_split_2026_06_01,0.2998,0.004091,large_start_prob_mismatch_but_source_priority_not_higher,Manual review; do not overwrite without better source priority.
atakan_karazor__tur,Atakan Karazor,TUR,MID,0.2144,transfermarkt_availability_split_2026_06_04,0.2144,transfermarkt_availability_split_2026_06_01,0.0,0.019491,ok,No action.
alexander_alex_robertson__aus,Alexander 'Alex' Robertson,AUS,MID,0.25,holdet_official_unmatched_default,0.25,holdet_official_unmatched_default,0.0,0.022727,ok,No action.
jayden_adams__rsa,Jayden Adams,RSA,MID,0.0717,transfermarkt_availability_split_2026_06_04,0.0717,transfermarkt_availability_split_2026_06_01,0.0,0.006518,ok,No action.
umarali_rakhmonaliyev__uzb,Umarali Rakhmonaliyev,UZB,MID,0.25,holdet_official_unmatched_default,0.25,holdet_official_unmatched_default,0.0,0.022727,ok,No action.
ibrokhim_ibrokhimov__uzb,Ibrokhim Ibrokhimov,UZB,MID,0.045,transfermarkt_availability_split_2026_06_04,0.045,transfermarkt_availability_split_2026_06_01,0.0,0.004091,ok,No action.
yousef_qashi__jor,Yousef Qashi,JOR,MID,0.045,transfermarkt_availability_split_2026_06_04,0.045,transfermarkt_availability_split_2026_06_01,0.0,0.004091,ok,No action.
mohammad_taha__jor,Mohammad Taha,JOR,MID,0.25,holdet_official_unmatched_default,0.25,holdet_official_unmatched_default,0.0,0.022727,ok,No action.
odeh_al_fakhouri__jor,Odeh Al-Fakhouri,JOR,MID,0.25,holdet_official_unmatched_default,0.25,holdet_official_unmatched_default,0.0,0.022727,ok,No action.
ali_azaizeh__jor,Ali Azaizeh,JOR,MID,0.0413,transfermarkt_availability_split_2026_06_04,0.0413,transfermarkt_availability_split_2026_06_01,0.0,0.003755,ok,No action.
kevin_felida__cuw,Kevin Felida,CUW,MID,0.1873,transfermarkt_availability_split_2026_06_04,0.1873,transfermarkt_availability_split_2026_06_01,0.0,0.017027,ok,No action.
tyrese_noslin__cuw,Tyrese Noslin,CUW,MID,0.0453,transfermarkt_availability_split_2026_06_04,0.0453,transfermarkt_availability_split_2026_06_01,0.0,0.004118,ok,No action.
woodensky_pierre__hai,Woodensky Pierre,HAI,MID,0.0446,transfermarkt_availability_split_2026_06_04,0.0446,transfermarkt_availability_split_2026_06_01,0.0,0.004055,ok,No action.
eric_smith__swe,Eric Smith,SWE,DEF,0.0438,transfermarkt_availability_split_2026_06_04,0.0438,transfermarkt_availability_split_2026_06_01,0.0,0.003982,ok,No action.
sohaib_nair__alg,Sohaib Nair,ALG,DEF,0.0386,transfermarkt_availability_split_2026_06_04,0.0386,transfermarkt_availability_split_2026_06_01,0.0,0.003509,ok,No action.
elliot_stroud__swe,Elliot Stroud,SWE,DEF,0.0446,transfermarkt_availability_split_2026_06_04,0.0446,transfermarkt_availability_split_2026_06_01,0.0,0.004055,ok,No action.
patric_pfeiffer__gha,Patric Pfeiffer,GHA,DEF,0.0438,transfermarkt_availability_split_2026_06_04,0.0438,transfermarkt_availability_split_2026_06_01,0.0,0.003982,ok,No action.
marvin_senaya__gha,Marvin Senaya,GHA,DEF,0.0438,transfermarkt_availability_split_2026_06_04,0.0438,transfermarkt_availability_split_2026_06_01,0.0,0.003982,ok,No action.
mukhammadrasul_abdumazhidov__uzb,Mukhammadrasul Abdumazhidov,UZB,DEF,0.045,transfermarkt_availability_split_2026_06_04,0.045,transfermarkt_availability_split_2026_06_01,0.0,0.004091,ok,No action.
henrik_falchener__nor,Henrik Falchener,NOR,DEF,0.0446,transfermarkt_availability_split_2026_06_04,0.0446,transfermarkt_availability_split_2026_06_01,0.0,0.004055,ok,No action.
tyrick_bodak__cuw,Tyrick Bodak,CUW,GK,0.0964,transfermarkt_availability_split_2026_06_04+gk_hierarchy_normalized,0.0964,transfermarkt_availability_split_2026_06_04+gk_hierarchy_normalized,0.0,0.008764,ok,No action.
trevor_doornbusch__cuw,Trevor Doornbusch,CUW,GK,0.1151,transfermarkt_availability_split_2026_06_04+gk_hierarchy_normalized,0.1151,transfermarkt_availability_split_2026_06_04+gk_hierarchy_normalized,0.0,0.010464,ok,No action.
juan_espinola__par,Juan Espinola,PAR,GK,0.0434,transfermarkt_availability_split_2026_06_04+gk_hierarchy_normalized,0.0434,transfermarkt_availability_split_2026_06_04+gk_hierarchy_normalized,0.0,0.003945,ok,No action.
christoph_baumgartner__aut,Christoph Baumgartner,AUT,MID,0.8952,transfermarkt_availability_split_2026_06_04,0.0,manual_out_baumgartner_2026_06_04,0.8952,0.0,large_start_prob_mismatch_but_source_priority_not_higher,Manual review; do not overwrite without better source priority.
tommy_smith__nzl,Tommy Smith,NZL,DEF,0.0438,transfermarkt_availability_split_2026_06_04,0.0438,transfermarkt_availability_split_2026_06_01,0.0,0.003982,ok,No action.
raed_chikhaoui__tun,Raed Chikhaoui,TUN,DEF,0.045,transfermarkt_availability_split_2026_06_04,0.045,transfermarkt_availability_split_2026_06_01,0.0,0.004091,ok,No action.
moustapha_mbow__sen,Moustapha Mbow,SEN,DEF,0.0396,transfermarkt_availability_split_2026_06_04,0.0396,transfermarkt_availability_split_2026_06_01,0.0,0.0036,ok,No action.
bara_sapoko_ndiaye__sen,Bara Sapoko Ndiaye,SEN,MID,0.25,holdet_official_unmatched_default,0.25,holdet_official_unmatched_default,0.0,0.022727,ok,No action.
kevin_lenini__cpv,Kevin Lenini Pina,CPV,MID,0.25,holdet_official_unmatched_default,0.25,holdet_official_unmatched_default,0.0,0.022727,ok,No action.
dominique_simon__hai,Dominique Simon,HAI,MID,0.25,holdet_official_unmatched_default,0.25,holdet_official_unmatched_default,0.0,0.022727,ok,No action.
lenny_joseph__hai,Lenny Joseph,HAI,FWD,0.25,holdet_official_unmatched_default,0.25,holdet_official_unmatched_default,0.0,0.022727,ok,No action.
aqtay_abdallah__egy,Aqtay Abdallah,EGY,FWD,0.0446,transfermarkt_availability_split_2026_06_04,0.0446,transfermarkt_availability_split_2026_06_01,0.0,0.004055,ok,No action.
ange_yoan_bonny__civ,Ange-Yoan Bonny,CIV,FWD,0.25,holdet_official_unmatched_default,0.25,holdet_official_unmatched_default,0.0,0.022727,ok,No action.
