player_id,player_name,team_id,team_name,position,price,price_estimate,start_prob,start_prob_source,minute_share,weighted_group_stage_ev,optimizer_ev,holdet_player_id,holdet_team_name,holdet_price,official_holdet_master,ev_rebased_to_holdet_master,ev_match_method,ev_match_score,goal_share_norm,assist_share_norm,sot_share_norm,match_1_opponent_team,match_1_kickoff,match_1_minutes_if_start,match_1_goal_ev,match_1_assist_ev,match_1_shots_on_target_ev,match_1_clean_sheet_ev,match_1_card_ev,match_1_result_ev,match_1_team_scores_ev,match_1_opponent_scores_ev,match_1_on_pitch_ev,match_1_start_minutes_ev,match_1_total_ev_next_match,match_1_weighted_match_ev,match_2_opponent_team,match_2_kickoff,match_2_minutes_if_start,match_2_goal_ev,match_2_assist_ev,match_2_shots_on_target_ev,match_2_clean_sheet_ev,match_2_card_ev,match_2_result_ev,match_2_team_scores_ev,match_2_opponent_scores_ev,match_2_on_pitch_ev,match_2_start_minutes_ev,match_2_total_ev_next_match,match_2_weighted_match_ev,match_3_opponent_team,match_3_kickoff,match_3_minutes_if_start,match_3_goal_ev,match_3_assist_ev,match_3_shots_on_target_ev,match_3_clean_sheet_ev,match_3_card_ev,match_3_result_ev,match_3_team_scores_ev,match_3_opponent_scores_ev,match_3_on_pitch_ev,match_3_start_minutes_ev,match_3_total_ev_next_match,match_3_weighted_match_ev,total_ev_group_stage,holdet_person_id,holdet_team_id,holdet_start_price,holdet_position,holdet_is_out,score,price_m,model_ev_before_price_quality,price_rank_pct_position,price_quality_ev,weighted_group_stage_ev_before_price_quality,optimizer_ev_before_price_quality,price_quality_weight,price_quality_applied,price_quality_spread_multiplier,name_norm,team_norm,position_norm,key_name_team_pos,key_name_team,key_token_team,round_context_source,price_quality_repair_source,match_1_win_prob,match_1_clean_sheet_prob,match_1_goal_multiplier,match_1_assist_multiplier,match_1_clean_sheet_multiplier,match_2_win_prob,match_2_clean_sheet_prob,match_2_goal_multiplier,match_2_assist_multiplier,match_2_clean_sheet_multiplier,match_3_win_prob,match_3_clean_sheet_prob,match_3_goal_multiplier,match_3_assist_multiplier,match_3_clean_sheet_multiplier
vinicius_j_nior__bra,Vinicius Junior,BRA,Brasilien,FWD,7500000,7500000,0.7444,transfermarkt_availability_split_2026_06_01,0.067673,5.044969,5.044969,49929,Brasilien,7500000,True,True,name_team_position,1.0,0.094,0.067,0.11,MAR,2026-06-14 00:00,67.422,0.260656,0.113465,0.18,0.058652,0.045,0.109,0.046,-0.0327635153928853,0.052,57.356,1.692255,1.692255,HAI,2026-06-20 03:00,67.422,0.31347,0.132812,0.197,0.081245,0.045,0.077,0.048,-0.0296662798395535,0.052,57.356,1.95165,1.854067,SCO,2026-06-25 00:00,67.422,0.251505,0.10625,0.158,0.052163,0.045,0.055,0.043,-0.0352227420934536,0.052,57.356,1.552547,1.397293,5.194924,36736,764,7500000,FWD,False,,7.5,3.24,0.9767025089605734,3.387614516129033,3.24,2.974976,0.45,True,1.35,vinicius junior,bra,FWD,vinicius junior|bra|FWD,vinicius junior|bra,junior vinicius|bra,,,,,,,,,,,,,,,,,
ra_l_jim_nez__mex,Raul Jimenez,MEX,Mexico,FWD,4500000,4500000,0.7012,transfermarkt_availability_split_2026_06_01,0.063745,4.992947,4.992947,49754,Mexico,4500000,True,True,name_team_position,1.0,0.124,0.06,0.129,RSA,2026-06-11 21:00,67.352,0.419175,0.120313,0.233,0.183494,0.048,0.122,0.05,-0.0339598621354136,0.06,61.492,2.420679,2.420679,KOR,2026-06-19 03:00,67.352,0.34086,0.102777,0.228,0.149889,0.048,0.073,0.05,-0.0345917136620535,0.06,61.492,2.000179,1.90017,CZE,2026-06-25 03:00,67.352,0.263728,0.081944,0.195,0.112437,0.048,0.057,0.046,-0.0380974578367335,0.06,61.492,1.572647,1.415382,5.993505,32272,775,4500000,FWD,False,,4.5,4.033,0.8279569892473119,2.871702580645162,4.033,3.486729,0.45,True,1.35,raul jimenez,mex,FWD,raul jimenez|mex|FWD,raul jimenez|mex,jimenez raul|mex,,,,,,,,,,,,,,,,,
cristiano_ronaldo__por,Cristiano Ronaldo,POR,Portugal,FWD,7000000,7000000,0.908,transfermarkt_availability_split_2026_06_01,0.082545,4.947107,4.947107,48970,Portugal,7000000,True,True,name_team_position,1.0,0.102,0.055,0.107,COD,2026-06-17 19:00,67.242,0.333518,0.10625,0.188,0.107923,0.046,0.133,0.049,-0.0322837452053449,0.055,58.891,1.999538,1.999538,UZB,2026-06-23 19:00,67.242,0.344452,0.110937,0.194,0.11332,0.046,0.077,0.049,-0.0311493479733106,0.055,58.891,2.00847,1.908046,COL,2026-06-28 01:30,67.242,0.186317,0.065537,0.154,0.056685,0.046,0.054,0.044,-0.0368307504416868,0.055,58.891,1.166048,1.049443,5.174056,20275,585,7000000,FWD,False,,7.0,3.38,0.9695340501792116,3.3627512903225814,3.38,3.075976,0.45,True,1.35,cristiano ronaldo,por,FWD,cristiano ronaldo|por|FWD,cristiano ronaldo|por,cristiano ronaldo|por,,,,,,,,,,,,,,,,,
lautaro_mart_nez__arg,Lautaro Martinez,ARG,Argentina,FWD,8000000,8000000,0.8498,transfermarkt_availability_split_2026_06_01,0.077255,4.692971,4.692971,49423,Argentina,8000000,True,True,name_team_position,1.0,0.117,0.069,0.126,ALG,2026-06-17 03:00,67.224,0.267908,0.09375,0.154,0.0,0.032,0.089,0.034,-0.0232352206453859,0.024,41.719,1.598647,1.598647,AUT,2026-06-22 19:00,67.224,0.236196,0.084593,0.151,0.0,0.032,0.049,0.034,-0.0236176010515027,0.024,41.719,1.400945,1.330898,JOR,2026-06-28 04:00,67.224,0.246038,0.085938,0.141,0.0,0.032,0.045,0.033,-0.0243637053518069,0.024,41.719,1.428602,1.285742,4.428194,36368,762,8000000,FWD,False,,8.0,2.726,0.9838709677419356,3.412477741935485,2.726,2.593475,0.45,True,1.35,lautaro martinez,arg,FWD,lautaro martinez|arg|FWD,lautaro martinez|arg,lautaro martinez|arg,,,,,,,,,,,,,,,,,
christoph_baumgartner__aut,Christoph Baumgartner,AUT,Østrig,MID,3500000,3500000,0.8952,transfermarkt_availability_split_2026_06_01,0.081382,4.57388,4.57388,48961,Østrig,3500000,True,True,name_team_position,1.0,0.128,0.089,0.161,JOR,2026-06-17 06:00,67.294,0.433755,0.178125,0.293,0.148876,0.047,0.128,0.05,-0.0320905713545554,0.057,60.262,3.152059,3.152059,ARG,2026-06-22 19:00,67.294,0.099,0.05411,0.216,0.026439,0.047,0.048,0.043,-0.0391418302026064,0.057,60.262,0.935188,0.888429,ALG,2026-06-28 04:00,67.294,0.234154,0.10595,0.23,0.076854,0.047,0.054,0.044,-0.0378935206070737,0.057,60.262,1.788726,1.609854,5.875973,37314,587,3500000,MID,False,,3.5,4.106,0.8263403263403264,2.3658784615384616,4.106,3.433256,0.45,True,1.35,christoph baumgartner,aut,MID,christoph baumgartner|aut|MID,christoph baumgartner|aut,baumgartner christoph|aut,,,,,,,,,,,,,,,,,
jonathan_david__can,Jonathan David,CAN,Canada,FWD,4500000,4500000,0.9,transfermarkt_availability_split_2026_06_01,0.081818,4.474384,4.474384,49311,Canada,4500000,True,True,name_team_position,1.0,0.139,0.085,0.166,BIH,2026-06-12 21:00,67.366,0.318277,0.121395,0.255,0.0,0.042,0.072,0.044,-0.030577286891911,0.046,54.075,1.981716,1.981716,QAT,2026-06-19 00:00,67.366,0.404595,0.146875,0.26,0.0,0.042,0.065,0.044,-0.0299905132804538,0.046,54.075,2.402014,2.281914,SUI,2026-06-24 21:00,67.366,0.129339,0.059913,0.205,0.0,0.042,0.046,0.039,-0.0346486791421507,0.046,54.075,0.956446,0.860802,5.340176,41228,1059,4500000,FWD,False,,4.5,3.999,0.8279569892473119,2.871702580645162,3.999,3.461229,0.45,True,1.35,jonathan david,can,FWD,jonathan david|can|FWD,jonathan david|can,david jonathan|can,,,,,,,,,,,,,,,,,
cody_gakpo__ned,Cody Gakpo,NED,Holland,FWD,6500000,6500000,0.8713,transfermarkt_availability_split_2026_06_01,0.079209,4.462305,4.462305,48964,Holland,6500000,True,True,name_team_position,1.0,0.093,0.054,0.111,JPN,2026-06-14 22:00,67.237,0.220791,0.082955,0.196,0.114281,0.048,0.084,0.05,-0.0345781123374628,0.059,61.22,1.438451,1.438451,SWE,2026-06-20 19:00,67.237,0.271222,0.097366,0.198,0.147717,0.048,0.073,0.05,-0.0342379507785389,0.059,61.22,1.674748,1.591011,TUN,2026-06-26 01:00,67.237,0.251086,0.088175,0.17,0.13283,0.048,0.059,0.046,-0.037612700456277,0.059,61.22,1.517256,1.365531,4.630455,37009,593,6500000,FWD,False,,6.5,3.216,0.9587813620071683,3.325456451612904,3.216,2.946976,0.45,True,1.35,cody gakpo,ned,FWD,cody gakpo|ned|FWD,cody gakpo|ned,cody gakpo|ned,,,,,,,,,,,,,,,,,
kylian_mbapp__fra,Kylian Mbappe,FRA,Frankrig,FWD,10000000,10000000,0.902,transfermarkt_availability_split_2026_06_01,0.082,4.441727,4.441727,49418,Frankrig,10000000,True,True,name_team_position,1.0,0.085,0.052,0.119,SEN,2026-06-16 21:00,66.887,0.227813,0.082813,0.171,0.0,0.038,0.103,0.04,-0.0279148969131685,0.039,49.423,1.446776,1.446776,IRQ,2026-06-22 23:00,66.887,0.242393,0.0875,0.181,0.0,0.038,0.065,0.041,-0.0261772174181869,0.039,49.423,1.493895,1.4192,NOR,2026-06-26 21:00,66.887,0.169578,0.063682,0.148,0.0,0.038,0.048,0.037,-0.0303375577419813,0.039,49.423,1.07302,0.965718,4.013691,34844,592,10000000,FWD,False,,10.0,2.562,1.0,3.468420000000001,2.562,2.479475,0.45,True,1.35,kylian mbappe,fra,FWD,kylian mbappe|fra|FWD,kylian mbappe|fra,kylian mbappe|fra,,,,,,,,,,,,,,,,,
ousmane_demb_l__fra,Ousmane Dembele,FRA,Frankrig,FWD,5500000,5500000,0.698,transfermarkt_availability_split_2026_06_01,0.063455,4.355447,4.355447,49697,Frankrig,5500000,True,True,name_team_position,1.0,0.087,0.047,0.112,SEN,2026-06-16 21:00,66.945,0.24786,0.08125,0.171,0.0,0.041,0.11,0.043,-0.0297954816668075,0.045,52.753,1.533395,1.533395,IRQ,2026-06-22 23:00,66.945,0.26244,0.085938,0.182,0.0,0.041,0.069,0.044,-0.0279407373094645,0.045,52.753,1.578633,1.499702,NOR,2026-06-26 21:00,66.945,0.183579,0.062297,0.149,0.0,0.041,0.051,0.04,-0.0323813535234839,0.045,52.753,1.132826,1.019543,4.244854,34314,592,5500000,FWD,False,,5.5,2.692,0.9050179211469536,3.1389822580645173,2.692,2.523977,0.45,True,1.35,ousmane dembele,fra,FWD,ousmane dembele|fra|FWD,ousmane dembele|fra,dembele ousmane|fra,,,,,,,,,,,,,,,,,
mike_maignan__fra,Mike Maignan,FRA,Frankrig,GK,5000000,5000000,0.82,start_vs_appearance_context_override_2026_06_04,0.091,4.314948,4.314948,49562,Frankrig,5000000,True,True,name_team_position,1.0,0.001,0.0,0.0,SEN,2026-06-16 21:00,80.638,0.0,0.0,0.0,0.603773,0.026,0.164,0.064,-0.0446346229675445,0.068,79.025,1.91593,1.91593,IRQ,2026-06-22 23:00,80.638,0.0,0.0,0.0,0.817873,0.026,0.104,0.066,-0.0418561542044967,0.068,79.025,2.460188,2.337179,NOR,2026-06-26 21:00,80.638,0.0,0.0,0.0,0.442025,0.026,0.076,0.06,-0.0485083450525179,0.068,79.025,1.367162,1.230445,5.74328,31556,592,5000000,GK,False,,5.0,3.265,0.971875,1.7187609374999997,3.265,2.630977,0.45,True,1.35,mike maignan,fra,GK,mike maignan|fra|GK,mike maignan|fra,maignan mike|fra,,,,,,,,,,,,,,,,,
lionel_messi__arg,Lionel Messi,ARG,Argentina,FWD,8000000,8000000,0.8949,transfermarkt_availability_split_2026_06_01,0.081355,4.265962,4.265962,49442,Argentina,8000000,True,True,name_team_position,1.0,0.097,0.074,0.121,ALG,2026-06-17 03:00,67.06,0.205943,0.09375,0.138,0.0,0.03,0.083,0.032,-0.0216398384557701,0.02,38.855,1.326382,1.326382,AUT,2026-06-22 19:00,67.06,0.180812,0.083158,0.136,0.0,0.03,0.046,0.032,-0.0219959637684282,0.02,38.855,1.154726,1.09699,JOR,2026-06-28 04:00,67.06,0.18954,0.085938,0.127,0.0,0.03,0.042,0.031,-0.0226908388796291,0.02,38.855,1.183283,1.064955,3.664391,23259,762,8000000,FWD,False,,8.0,2.282,0.9838709677419356,3.412477741935485,2.282,2.260475,0.45,True,1.35,lionel messi,arg,FWD,lionel messi|arg|FWD,lionel messi|arg,lionel messi|arg,,,,,,,,,,,,,,,,,
brahim_d_az__mar,Brahim Diaz,MAR,Marokko,FWD,4500000,4500000,0.8254,transfermarkt_availability_split_2026_06_01,0.075036,4.258217,4.258217,50001,Marokko,4500000,True,True,name_team_position,1.0,0.143,0.058,0.148,BRA,2026-06-14 00:00,67.384,0.116437,0.03648,0.208,0.03562,0.048,0.008,0.044,-0.0401576860215602,0.061,62.196,0.80803,0.80803,SCO,2026-06-20 00:00,67.384,0.29059,0.07543,0.223,0.118179,0.048,0.057,0.046,-0.0386999458209913,0.061,62.196,1.68895,1.604503,HAI,2026-06-25 00:00,67.384,0.508478,0.120313,0.28,0.223853,0.048,0.081,0.052,-0.0328527014070539,0.061,62.196,2.787998,2.509198,5.284978,35647,974,4500000,FWD,False,,4.5,4.1,0.8279569892473119,2.871702580645162,4.1,3.536979,0.45,True,1.35,brahim diaz,mar,FWD,brahim diaz|mar|FWD,brahim diaz|mar,brahim diaz|mar,,,,,,,,,,,,,,,,,
lamine_yamal__esp,Lamine Yamal,ESP,Spanien,FWD,9000000,9000000,0.8685,transfermarkt_availability_split_2026_06_01,0.078955,4.230405,4.230405,49421,Spanien,9000000,True,True,name_team_position,1.0,0.065,0.043,0.075,CPV,2026-06-15 18:00,67.035,0.209588,0.082813,0.129,0.0,0.042,0.151,0.046,-0.0279170178196727,0.048,54.566,1.390874,1.390874,KSA,2026-06-21 18:00,67.035,0.20412,0.079687,0.126,0.0,0.042,0.072,0.046,-0.0289014423725651,0.048,54.566,1.27664,1.212808,URU,2026-06-27 02:00,67.035,0.147445,0.059967,0.103,0.0,0.042,0.052,0.041,-0.033569599983878,0.048,54.566,0.938111,0.8443,3.60713,43796,595,9000000,FWD,False,,9.0,2.291,0.992831541218638,3.4435567741935493,2.291,2.272225,0.45,True,1.35,lamine yamal,esp,FWD,lamine yamal|esp|FWD,lamine yamal|esp,lamine yamal|esp,,,,,,,,,,,,,,,,,
jeremy_doku__bel,Jeremy Doku,BEL,Belgien,FWD,6500000,6500000,0.7134,transfermarkt_availability_split_2026_06_01,0.064855,4.200406,4.200406,49271,Belgien,6500000,True,True,name_team_position,1.0,0.072,0.062,0.087,EGY,2026-06-15 21:00,67.003,0.174969,0.092914,0.13,0.0,0.04,0.092,0.042,-0.0287556930626765,0.042,51.237,1.215862,1.215862,IRN,2026-06-21 21:00,67.003,0.202298,0.103125,0.131,0.0,0.04,0.062,0.042,-0.0285530209712594,0.042,51.237,1.327014,1.260663,NZL,2026-06-27 05:00,67.003,0.184073,0.09375,0.119,0.0,0.04,0.054,0.04,-0.0302312900570913,0.042,51.237,1.202311,1.08208,3.743685,40026,884,6500000,FWD,False,,6.5,2.374,0.9587813620071683,3.325456451612904,2.374,2.315476,0.45,True,1.35,jeremy doku,bel,FWD,jeremy doku|bel|FWD,jeremy doku|bel,doku jeremy|bel,,,,,,,,,,,,,,,,,
mikel_oyarzabal__esp,Mikel Oyarzabal,ESP,Spanien,FWD,7500000,7500000,0.8478,transfermarkt_availability_split_2026_06_01,0.077073,4.133042,4.133042,49564,Spanien,7500000,True,True,name_team_position,1.0,0.065,0.046,0.071,CPV,2026-06-15 18:00,66.95,0.202298,0.085938,0.118,0.0,0.041,0.144,0.044,-0.0266760869364859,0.043,52.141,1.34833,1.34833,KSA,2026-06-21 18:00,66.95,0.19683,0.082813,0.115,0.0,0.041,0.068,0.044,-0.0276167531324599,0.043,52.141,1.237142,1.175285,URU,2026-06-27 02:00,66.95,0.142584,0.061395,0.094,0.0,0.041,0.05,0.04,-0.0320774078870966,0.043,52.141,0.908444,0.817599,3.493916,33813,595,7500000,FWD,False,,7.5,2.219,0.9767025089605734,3.387614516129033,2.219,2.209226,0.45,True,1.35,mikel oyarzabal,esp,FWD,mikel oyarzabal|esp|FWD,mikel oyarzabal|esp,mikel oyarzabal|esp,,,,,,,,,,,,,,,,,
roberto_alvarado__mex,Roberto Alvarado,MEX,Mexico,MID,2500000,2500000,0.6394,transfermarkt_availability_split_2026_06_01,0.058127,4.125843,4.125843,49778,Mexico,2500000,True,True,name_team_position,1.0,0.099,0.062,0.133,RSA,2026-06-11 21:00,67.498,0.34992,0.129687,0.252,0.273368,0.05,0.128,0.053,-0.0356921777956332,0.065,64.629,2.550969,2.550969,KOR,2026-06-19 03:00,67.498,0.283547,0.110892,0.247,0.222467,0.05,0.076,0.052,-0.0363562604983058,0.065,64.629,2.104055,1.998852,CZE,2026-06-25 03:00,67.498,0.219773,0.088248,0.211,0.166519,0.05,0.06,0.048,-0.0400408350672408,0.065,64.629,1.657568,1.491811,6.312592,43309,775,2500000,MID,False,,2.5,3.745,0.3857808857808857,1.1045215384615383,3.745,2.973903,0.45,True,1.35,roberto alvarado,mex,MID,roberto alvarado|mex|MID,roberto alvarado|mex,alvarado roberto|mex,,,,,,,,,,,,,,,,,
patrick_agyemang__usa,Patrick Agyemang,USA,USA,FWD,3000000,3000000,0.7929,transfermarkt_availability_split_2026_06_01,0.072082,4.112482,4.112482,49712,USA,3000000,True,True,name_team_position,1.0,0.134,0.06,0.183,PAR,2026-06-13 03:00,67.525,0.345632,0.099962,0.345,0.20905,0.051,0.092,0.053,-0.0365680363707438,0.066,65.195,2.150846,2.150846,AUS,2026-06-19 21:00,67.525,0.398037,0.110787,0.347,0.237062,0.051,0.078,0.053,-0.0363531328852163,0.066,65.195,2.381156,2.262098,TUR,2026-06-26 04:00,67.525,0.220298,0.067955,0.288,0.11538,0.051,0.059,0.048,-0.0408250782448879,0.066,65.195,1.454232,1.308809,5.986234,28993,784,3000000,FWD,False,,3.0,4.691,0.507168458781362,1.759073225806452,4.691,3.801237,0.45,True,1.35,patrick agyemang,usa,FWD,patrick agyemang|usa|FWD,patrick agyemang|usa,agyemang patrick|usa,,,,,,,,,,,,,,,,,
leandro_trossard__bel,Leandro Trossard,BEL,Belgien,FWD,5500000,5500000,0.6774,transfermarkt_availability_split_2026_06_01,0.061582,4.099767,4.099767,49427,Belgien,5500000,True,True,name_team_position,1.0,0.082,0.061,0.1,EGY,2026-06-15 21:00,66.927,0.184512,0.084467,0.137,0.0,0.037,0.085,0.039,-0.0265935128813892,0.035,47.384,1.223855,1.223855,IRN,2026-06-21 21:00,66.927,0.213233,0.09375,0.138,0.0,0.037,0.057,0.039,-0.0264060799837695,0.035,47.384,1.339776,1.272787,NZL,2026-06-27 05:00,66.927,0.193185,0.084375,0.125,0.0,0.037,0.05,0.037,-0.0279581577047005,0.035,47.384,1.207907,1.087116,3.771538,38611,884,5500000,FWD,False,,5.5,2.38,0.9050179211469536,3.1389822580645173,2.38,2.289977,0.45,True,1.35,leandro trossard,bel,FWD,leandro trossard|bel|FWD,leandro trossard|bel,leandro trossard|bel,,,,,,,,,,,,,,,,,
kerem_akt_rko_lu__tur,Kerem Akturkoglu,TUR,Tyrkiet,MID,4500000,4500000,0.8753,transfermarkt_availability_split_2026_06_01,0.079573,4.077992,4.077992,49386,Tyrkiet,4500000,True,True,name_team_position,1.0,0.166,0.07,0.18,AUS,2026-06-14 06:00,67.445,0.246497,0.064904,0.178,0.0,0.033,0.071,0.031,-0.0262114259574081,0.024,41.823,1.671986,1.671986,PAR,2026-06-20 06:00,67.445,0.240452,0.066764,0.209,0.0,0.033,0.048,0.033,-0.0239303654020897,0.024,41.823,1.659622,1.576641,USA,2026-06-26 04:00,67.445,0.187237,0.055207,0.201,0.0,0.033,0.044,0.033,-0.0247515226034405,0.024,41.823,1.346054,1.211449,4.677662,40602,586,4500000,MID,False,,4.5,3.289,0.93006993006993,2.662864615384616,3.289,2.864913,0.45,True,1.35,kerem akturkoglu,tur,MID,kerem akturkoglu|tur|MID,kerem akturkoglu|tur,akturkoglu kerem|tur,,,,,,,,,,,,,,,,,
nuno_mendes__por,Nuno Mendes,POR,Portugal,DEF,4500000,4500000,0.7657,transfermarkt_availability_split_2026_06_01,0.069609,3.974216,3.974216,49672,Portugal,4500000,True,True,name_team_position,1.0,0.013,0.045,0.008,COD,2026-06-17 19:00,75.615,0.049208,0.098437,0.015,0.523429,0.082,0.168,0.061,-0.0405689339124342,0.067,74.004,1.930534,1.930534,UZB,2026-06-23 19:00,75.615,0.05103,0.101562,0.015,0.554007,0.082,0.097,0.062,-0.0391434088984024,0.067,74.004,1.949538,1.852061,COL,2026-06-28 01:30,75.615,0.027326,0.059685,0.012,0.277262,0.082,0.068,0.055,-0.0462828668455348,0.067,74.004,1.026705,0.924034,4.908315,40449,585,4500000,DEF,False,,4.5,3.048,0.9727488151658767,1.9939794312796224,3.048,2.564243,0.45,True,1.35,nuno mendes,por,DEF,nuno mendes|por|DEF,nuno mendes|por,mendes nuno|por,,,,,,,,,,,,,,,,,
andreas_schjelderup__nor,Andreas Schjelderup,NOR,Norge,MID,3500000,3500000,0.3333,start_vs_appearance_context_override_2026_06_04,0.072,3.967413,3.967413,48828,Norge,3500000,True,True,name_team_position,1.0,0.089,0.128,0.112,IRQ,2026-06-17 00:00,67.291,0.246038,0.209375,0.165,0.133929,0.047,0.129,0.045,-0.037413475148675,0.058,60.68,2.170902,2.170902,SEN,2026-06-23 02:00,67.291,0.19242,0.178234,0.182,0.095465,0.047,0.065,0.048,-0.0357485044391171,0.058,60.68,1.767053,1.678701,FRA,2026-06-26 21:00,67.291,0.081018,0.096274,0.175,0.037242,0.047,0.06,0.047,-0.0368248852046686,0.058,60.68,0.950087,0.855078,4.888042,40240,1126,3500000,MID,False,,3.5,3.63,0.8263403263403264,2.3658784615384616,3.63,3.076256,0.45,True,1.35,andreas schjelderup,nor,MID,andreas schjelderup|nor|MID,andreas schjelderup|nor,andreas schjelderup|nor,,,,,,,,,,,,,,,,,
breel_embolo__sui,Breel Embolo,SUI,Schweiz,FWD,5000000,5000000,0.8813,transfermarkt_availability_split_2026_06_01,0.080118,3.963865,3.963865,48913,Schweiz,5000000,True,True,name_team_position,1.0,0.072,0.064,0.094,QAT,2026-06-13 21:00,67.202,0.195008,0.103125,0.136,0.074618,0.045,0.13,0.044,-0.0355053422308603,0.054,58.13,1.372902,1.372902,BIH,2026-06-18 21:00,67.202,0.210367,0.112397,0.157,0.079353,0.045,0.069,0.047,-0.0325671325063751,0.054,58.13,1.428092,1.356687,CAN,2026-06-24 21:00,67.202,0.156034,0.089573,0.153,0.056085,0.045,0.066,0.047,-0.0333894860898279,0.054,58.13,1.134466,1.021019,3.936854,32673,583,5000000,FWD,False,,5.0,2.682,0.8709677419354839,3.020881935483872,2.682,2.497478,0.45,True,1.35,breel embolo,sui,FWD,breel embolo|sui|FWD,breel embolo|sui,breel embolo|sui,,,,,,,,,,,,,,,,,
rafael_le_o__por,Rafael Leão,POR,Portugal,FWD,5500000,5500000,0.8615,transfermarkt_availability_split_2026_06_01,0.078318,3.934193,3.934193,49741,Portugal,5500000,True,True,name_team_position,1.0,0.074,0.051,0.087,COD,2026-06-17 19:00,66.922,0.215055,0.0875,0.135,0.0,0.041,0.118,0.043,-0.0286887361761557,0.044,52.333,1.393031,1.393031,UZB,2026-06-23 19:00,66.922,0.222345,0.090625,0.14,0.0,0.041,0.068,0.044,-0.0276806615955334,0.044,52.333,1.388574,1.319146,COL,2026-06-28 01:30,66.922,0.120485,0.053834,0.111,0.0,0.041,0.048,0.039,-0.0327294022385125,0.044,52.333,0.811713,0.730541,3.594757,40736,585,5500000,FWD,False,,5.5,2.383,0.9050179211469536,3.1389822580645173,2.383,2.292227,0.45,True,1.35,rafael leao,por,FWD,rafael leao|por|FWD,rafael leao|por,leao rafael|por,,,,,,,,,,,,,,,,,
malik_tillman__usa,Malik Tillman,USA,USA,MID,4000000,4000000,0.6757,transfermarkt_availability_split_2026_06_01,0.061427,3.921324,3.921324,49481,USA,4000000,True,True,name_team_position,1.0,0.077,0.088,0.051,PAR,2026-06-13 03:00,71.636,0.209514,0.153029,0.101,0.312182,0.086,0.099,0.057,-0.0393773021325278,0.068,70.203,1.70628,1.70628,AUS,2026-06-19 21:00,71.636,0.241883,0.169599,0.101,0.354032,0.086,0.084,0.057,-0.0391458891194484,0.068,70.203,1.903066,1.807913,TUR,2026-06-26 04:00,71.636,0.133607,0.104467,0.084,0.171638,0.086,0.064,0.052,-0.0439613826767899,0.068,70.203,1.119475,1.007527,4.728821,40007,784,4000000,MID,False,,4.0,3.624,0.8916083916083916,2.5527461538461536,3.624,3.099698,0.45,True,1.35,malik tillman,usa,MID,malik tillman|usa|MID,malik tillman|usa,malik tillman|usa,,,,,,,,,,,,,,,,,
casemiro__bra,Casemiro,BRA,Brasilien,MID,4500000,4500000,0.7578,transfermarkt_availability_split_2026_06_01,0.068891,3.892444,3.892444,48938,Brasilien,4500000,True,True,name_team_position,1.0,0.044,0.075,0.028,MAR,2026-06-14 00:00,71.496,0.136139,0.139649,0.05,0.234609,0.079,0.122,0.052,-0.0368423770140641,0.058,64.496,1.2658,1.2658,HAI,2026-06-20 03:00,71.496,0.164025,0.164062,0.055,0.331231,0.079,0.087,0.054,-0.0333595541670995,0.058,64.496,1.453951,1.381254,SCO,2026-06-25 00:00,71.496,0.13122,0.13125,0.044,0.210451,0.079,0.062,0.049,-0.0396077627237142,0.058,64.496,1.144242,1.029818,3.863993,30778,764,4500000,MID,False,,4.5,2.358,0.93006993006993,2.662864615384616,2.358,2.166663,0.45,True,1.35,casemiro,bra,MID,casemiro|bra|MID,casemiro|bra,casemiro|bra,,,,,,,,,,,,,,,,,
pedro_neto__por,Pedro Neto,POR,Portugal,FWD,5000000,5000000,0.6389,transfermarkt_availability_split_2026_06_01,0.058082,3.8554,3.8554,49728,Portugal,5000000,True,True,name_team_position,1.0,0.074,0.051,0.089,COD,2026-06-17 19:00,66.904,0.213233,0.0875,0.137,0.0,0.04,0.118,0.043,-0.0284609607502241,0.043,51.917,1.387971,1.387971,UZB,2026-06-23 19:00,66.904,0.220523,0.090625,0.141,0.0,0.04,0.068,0.043,-0.0274608898200785,0.043,51.917,1.381506,1.312431,COL,2026-06-28 01:30,66.904,0.119243,0.053834,0.112,0.0,0.04,0.048,0.039,-0.032469545774652,0.043,51.917,0.808004,0.727204,3.577481,38780,585,5000000,FWD,False,,5.0,2.363,0.8709677419354839,3.020881935483872,2.363,2.258228,0.45,True,1.35,pedro neto,por,FWD,pedro neto|por|FWD,pedro neto|por,neto pedro|por,,,,,,,,,,,,,,,,,
bruno_fernandes__por,Bruno Fernandes,POR,Portugal,MID,7000000,7000000,0.8419,transfermarkt_availability_split_2026_06_01,0.076536,3.794886,3.794886,48921,Portugal,7000000,True,True,name_team_position,1.0,0.041,0.07,0.036,COD,2026-06-17 19:00,71.481,0.149445,0.151562,0.07,0.318374,0.081,0.151,0.055,-0.036478286333545,0.062,66.542,1.422433,1.422433,UZB,2026-06-23 19:00,71.481,0.154913,0.15625,0.073,0.336362,0.081,0.087,0.056,-0.0351964998870556,0.062,66.542,1.405119,1.334863,COL,2026-06-28 01:30,71.481,0.083222,0.092453,0.058,0.168822,0.081,0.061,0.05,-0.0416160718635816,0.062,66.542,0.801853,0.721668,3.627945,34533,585,7000000,MID,False,,7.0,2.374,0.9965034965034965,2.853069230769231,2.374,2.207103,0.45,True,1.35,bruno fernandes,por,MID,bruno fernandes|por|MID,bruno fernandes|por,bruno fernandes|por,,,,,,,,,,,,,,,,,
mohamed_salah__egy,Mohamed Salah,EGY,Egypten,FWD,5000000,5000000,0.8489,transfermarkt_availability_split_2026_06_01,0.077173,3.747595,3.747595,49582,Egypten,5000000,True,True,name_team_position,1.0,0.132,0.067,0.144,BEL,2026-06-15 21:00,67.42,0.102938,0.043016,0.194,0.034317,0.048,0.014,0.043,-0.040261369897202,0.06,61.804,0.763539,0.763539,NZL,2026-06-22 03:00,67.42,0.32672,0.102811,0.222,0.144212,0.048,0.06,0.047,-0.0374372248621546,0.06,61.804,1.918876,1.822932,IRN,2026-06-27 05:00,67.42,0.273797,0.092727,0.246,0.122552,0.048,0.069,0.049,-0.0355192442408362,0.06,61.804,1.71385,1.542465,4.396265,31606,973,5000000,FWD,False,,5.0,3.801,0.8709677419354839,3.020881935483872,3.801,3.336728,0.45,True,1.35,mohamed salah,egy,FWD,mohamed salah|egy|FWD,mohamed salah|egy,mohamed salah|egy,,,,,,,,,,,,,,,,,
nico_williams__esp,Nico Williams,ESP,Spanien,FWD,4500000,4500000,0.8158,transfermarkt_availability_split_2026_06_01,0.074164,3.744479,3.744479,50002,Spanien,4500000,True,True,name_team_position,1.0,0.062,0.042,0.076,CPV,2026-06-15 18:00,66.994,0.19683,0.079687,0.129,0.0,0.042,0.148,0.046,-0.0274713402363012,0.046,53.695,1.32591,1.32591,KSA,2026-06-21 18:00,66.994,0.191362,0.078125,0.126,0.0,0.042,0.07,0.045,-0.0284400490720429,0.046,53.695,1.216383,1.155564,URU,2026-06-27 02:00,66.994,0.139343,0.058539,0.103,0.0,0.042,0.052,0.041,-0.033033682491107,0.046,53.695,0.899955,0.80996,3.442248,40166,595,4500000,FWD,False,,4.5,2.201,0.8279569892473119,2.871702580645162,2.201,2.112729,0.45,True,1.35,nico williams,esp,FWD,nico williams|esp|FWD,nico williams|esp,nico williams|esp,,,,,,,,,,,,,,,,,
andrej_kramari__cro,Andrej Kramaric,CRO,Kroatien,FWD,5500000,5500000,0.8826,transfermarkt_availability_split_2026_06_01,0.080236,3.740018,3.740018,48829,Kroatien,5500000,True,True,name_team_position,1.0,0.101,0.06,0.125,ENG,2026-06-17 22:00,67.231,0.079673,0.038615,0.165,0.021745,0.046,0.017,0.042,-0.0379320364802823,0.055,58.726,0.629605,0.629605,PAN,2026-06-24 01:00,67.231,0.259677,0.093054,0.178,0.079755,0.046,0.055,0.044,-0.0363997543122377,0.055,58.726,1.56747,1.489097,GHA,2026-06-27 23:00,67.231,0.27555,0.100682,0.215,0.091616,0.046,0.072,0.048,-0.0322736611457705,0.055,58.726,1.715972,1.544375,3.913047,29359,588,5500000,FWD,False,,5.5,2.999,0.9050179211469536,3.1389822580645173,2.999,2.754227,0.45,True,1.35,andrej kramaric,cro,FWD,andrej kramaric|cro|FWD,andrej kramaric|cro,andrej kramaric|cro,,,,,,,,,,,,,,,,,
joshua_kimmich__ger,Joshua Kimmich,GER,Tyskland,MID,5000000,5000000,0.9287,transfermarkt_availability_split_2026_06_01,0.084427,3.719618,3.719618,49336,Tyskland,5000000,True,True,name_team_position,1.0,0.036,0.065,0.03,CUW,2026-06-14 19:00,71.521,0.143978,0.151562,0.065,0.491985,0.084,0.201,0.058,-0.0356981669645513,0.066,69.018,1.444878,1.444878,CIV,2026-06-20 22:00,71.521,0.126159,0.135089,0.06,0.344265,0.084,0.083,0.056,-0.038484729388074,0.066,69.018,1.178577,1.119648,ECU,2026-06-25 22:00,71.521,0.101389,0.109388,0.051,0.274051,0.084,0.066,0.052,-0.0425730973877928,0.066,69.018,0.943536,0.849182,3.565504,33356,589,5000000,MID,False,,5.0,2.293,0.9603729603729604,2.749624615384616,2.293,2.130886,0.45,True,1.35,joshua kimmich,ger,MID,joshua kimmich|ger|MID,joshua kimmich|ger,joshua kimmich|ger,,,,,,,,,,,,,,,,,
sadio_man__sen,Sadio Mane,SEN,Senegal,FWD,5000000,5000000,0.9164,transfermarkt_availability_split_2026_06_01,0.083309,3.669516,3.669516,49810,Senegal,5000000,True,True,name_team_position,1.0,0.11,0.094,0.128,FRA,2026-06-16 21:00,67.602,0.092812,0.06272,0.189,0.051341,0.052,-0.003,0.047,-0.0431286158754504,0.068,66.23,0.765279,0.765279,NOR,2026-06-23 02:00,67.602,0.132753,0.086357,0.203,0.09137,0.052,0.06,0.049,-0.041525108456962,0.068,66.23,1.076558,1.02273,IRQ,2026-06-26 21:00,67.602,0.39306,0.200759,0.251,0.311179,0.052,0.082,0.054,-0.0361939517376227,0.068,66.23,2.541323,2.287191,4.382093,32939,975,5000000,FWD,False,,5.0,3.879,0.8709677419354839,3.020881935483872,3.879,3.395228,0.45,True,1.35,sadio mane,sen,FWD,sadio mane|sen|FWD,sadio mane|sen,mane sadio|sen,,,,,,,,,,,,,,,,,
matheus_cunha__bra,Matheus Cunha,BRA,Brasilien,FWD,4500000,4500000,0.6946,transfermarkt_availability_split_2026_06_01,0.063145,3.663594,3.663594,49524,Brasilien,4500000,True,True,name_team_position,1.0,0.078,0.061,0.1,MAR,2026-06-14 00:00,67.01,0.159382,0.075643,0.119,0.0,0.033,0.079,0.034,-0.0239544558640065,0.025,41.935,1.064503,1.064503,HAI,2026-06-20 03:00,67.01,0.191362,0.089062,0.131,0.0,0.033,0.056,0.035,-0.0216899677139092,0.025,41.935,1.224944,1.163697,SCO,2026-06-25 00:00,67.01,0.15309,0.070312,0.105,0.0,0.033,0.04,0.032,-0.0257524752997091,0.025,41.935,0.966544,0.869889,3.255991,36652,764,4500000,FWD,False,,4.5,2.043,0.8279569892473119,2.871702580645162,2.043,1.994229,0.45,True,1.35,matheus cunha,bra,FWD,matheus cunha|bra|FWD,matheus cunha|bra,cunha matheus|bra,,,,,,,,,,,,,,,,,
alexis_vega__mex,Alexis Vega,MEX,Mexico,FWD,2500000,2500000,0.6639,transfermarkt_availability_split_2026_06_01,0.060355,3.611238,3.611238,48792,Mexico,2500000,True,True,name_team_position,1.0,0.107,0.074,0.128,RSA,2026-06-11 21:00,67.379,0.362678,0.146875,0.231,0.189111,0.048,0.122,0.05,-0.0340702240945385,0.06,61.692,2.272267,2.272267,KOR,2026-06-19 03:00,67.379,0.294105,0.125768,0.226,0.154622,0.048,0.073,0.05,-0.0347041289973693,0.06,61.692,1.88002,1.786019,CZE,2026-06-25 03:00,67.379,0.228015,0.099593,0.193,0.115282,0.048,0.058,0.046,-0.0382212660567956,0.06,61.692,1.481618,1.333456,5.635308,43305,775,2500000,FWD,False,,2.5,3.83,0.2939068100358423,1.0193922580645165,3.83,3.036493,0.45,True,1.35,alexis vega,mex,FWD,alexis vega|mex|FWD,alexis vega|mex,alexis vega|mex,,,,,,,,,,,,,,,,,
oscar_bobb__nor,Oscar Bobb,NOR,Norge,MID,3000000,3000000,0.9101,transfermarkt_availability_split_2026_06_01,0.082736,3.563792,3.563792,49691,Norge,3000000,True,True,name_team_position,1.0,0.095,0.059,0.12,IRQ,2026-06-17 00:00,67.636,0.275198,0.101562,0.188,0.2162,0.05,0.137,0.048,-0.0396173558717218,0.064,64.254,2.028059,2.028059,SEN,2026-06-23 02:00,67.636,0.216956,0.086709,0.208,0.154975,0.05,0.069,0.05,-0.0378543082838026,0.064,64.254,1.648053,1.56565,FRA,2026-06-26 21:00,67.636,0.091216,0.046781,0.199,0.060518,0.05,0.064,0.049,-0.0389940944082636,0.064,64.254,0.883429,0.795086,4.558228,44745,1126,3000000,MID,False,,3.0,3.301,0.6713286713286714,1.9220676923076925,3.301,2.763146,0.45,True,1.35,oscar bobb,nor,MID,oscar bobb|nor|MID,oscar bobb|nor,bobb oscar|nor,,,,,,,,,,,,,,,,,
diogo_costa__por,Diogo Costa,POR,Portugal,GK,5000000,5000000,0.7534,transfermarkt_availability_split_2026_06_01,0.068491,3.560318,3.560318,49024,Portugal,5000000,True,True,name_team_position,1.0,0.001,0.0,0.0,COD,2026-06-17 19:00,80.483,0.0,0.0,0.0,0.55041,0.025,0.17,0.062,-0.0410941325108436,0.062,74.962,1.769054,1.769054,UZB,2026-06-23 19:00,80.483,0.0,0.0,0.0,0.580988,0.025,0.098,0.063,-0.0396501528896243,0.062,74.962,1.785116,1.69586,COL,2026-06-28 01:30,80.483,0.0,0.0,0.0,0.292049,0.025,0.069,0.056,-0.04688203705913,0.062,74.962,0.932855,0.83957,4.487025,37202,585,5000000,GK,False,,5.0,2.794,0.971875,1.7187609374999997,2.794,2.277727,0.45,True,1.35,diogo costa,por,GK,diogo costa|por|GK,diogo costa|por,costa diogo|por,,,,,,,,,,,,,,,,,
remo_freuler__sui,Remo Freuler,SUI,Schweiz,MID,3500000,3500000,0.8331,transfermarkt_availability_split_2026_06_01,0.075736,3.557181,3.557181,49763,Schweiz,3500000,True,True,name_team_position,1.0,0.045,0.077,0.03,QAT,2026-06-13 21:00,71.618,0.1458,0.146875,0.052,0.363522,0.086,0.157,0.053,-0.042868895043919,0.068,70.186,1.370756,1.370756,BIH,2026-06-18 21:00,71.618,0.156079,0.159721,0.06,0.38814,0.086,0.083,0.057,-0.039321321738556,0.068,70.186,1.402237,1.332125,CAN,2026-06-24 21:00,71.618,0.117026,0.127096,0.058,0.274055,0.086,0.08,0.056,-0.0403142255452228,0.068,70.186,1.102104,0.991893,3.875097,36357,583,3500000,MID,False,,3.5,2.577,0.8263403263403264,2.3658784615384616,2.577,2.286506,0.45,True,1.35,remo freuler,sui,MID,remo freuler|sui|MID,remo freuler|sui,freuler remo|sui,,,,,,,,,,,,,,,,,
tijjani_reijnders__ned,Tijjani Reijnders,NED,Holland,MID,6000000,6000000,0.884,transfermarkt_availability_split_2026_06_01,0.080364,3.502827,3.502827,49894,Holland,6000000,True,True,name_team_position,1.0,0.047,0.061,0.04,JPN,2026-06-14 22:00,71.319,0.116967,0.097594,0.073,0.18963,0.08,0.09,0.053,-0.0369001529308087,0.06,65.331,1.036717,1.036717,SWE,2026-06-20 19:00,71.319,0.143588,0.1143,0.074,0.24566,0.08,0.078,0.053,-0.0365371483392632,0.06,65.331,1.209303,1.148838,TUN,2026-06-26 01:00,71.319,0.132423,0.10312,0.064,0.220808,0.08,0.063,0.049,-0.0401385242037523,0.06,65.331,1.087336,0.978603,3.331966,44738,593,6000000,MID,False,,6.0,2.284,0.9883449883449884,2.8297107692307693,2.284,2.13611,0.45,True,1.35,tijjani reijnders,ned,MID,tijjani reijnders|ned|MID,tijjani reijnders|ned,reijnders tijjani|ned,,,,,,,,,,,,,,,,,
harry_kane__eng,Harry Kane,ENG,England,FWD,9500000,9500000,0.8702,transfermarkt_availability_split_2026_06_01,0.079109,3.48523,3.48523,49172,England,9500000,True,True,name_team_position,1.0,0.082,0.042,0.087,CRO,2026-06-17 22:00,66.527,0.111774,0.035568,0.075,0.0,0.024,0.053,0.025,-0.0173385217231468,0.005,30.37,0.670461,0.670461,GHA,2026-06-23 22:00,66.527,0.140332,0.04375,0.079,0.0,0.024,0.039,0.025,-0.0163655096986729,0.005,30.37,0.800212,0.760202,PAN,2026-06-27 23:00,66.527,0.118462,0.035938,0.066,0.0,0.024,0.029,0.023,-0.0185664573815835,0.005,30.37,0.662096,0.595886,2.13124,29643,769,9500000,FWD,False,,9.5,1.328,0.996415770609319,3.455988387096775,1.328,1.551975,0.45,True,1.35,harry kane,eng,FWD,harry kane|eng|FWD,harry kane|eng,harry kane|eng,,,,,,,,,,,,,,,,,
florian_wirtz__ger,Florian Wirtz,GER,Tyskland,MID,7500000,7500000,0.8582,transfermarkt_availability_split_2026_06_01,0.078018,3.431015,3.431015,49115,Tyskland,7500000,True,True,name_team_position,1.0,0.038,0.049,0.029,CUW,2026-06-14 19:00,71.058,0.127575,0.098437,0.053,0.124047,0.072,0.171,0.049,-0.030266628971422,0.049,58.517,1.152919,1.152919,CIV,2026-06-20 22:00,71.058,0.11252,0.087586,0.049,0.085654,0.072,0.071,0.048,-0.0326292110911767,0.049,58.517,0.937729,0.890842,ECU,2026-06-25 22:00,71.058,0.090124,0.071031,0.042,0.068512,0.072,0.056,0.044,-0.036095526811785,0.049,58.517,0.746617,0.671956,2.835763,39370,589,7500000,MID,False,,7.5,1.806,1.0,2.86308,1.806,1.7826,0.45,True,1.35,florian wirtz,ger,MID,florian wirtz|ger|MID,florian wirtz|ger,florian wirtz|ger,,,,,,,,,,,,,,,,,
ayoub_el_kaabi__mar,Ayoub El Kaabi,MAR,Marokko,FWD,3500000,3500000,0.7445,transfermarkt_availability_split_2026_06_01,0.067682,3.406021,3.406021,48879,Marokko,3500000,True,True,name_team_position,1.0,0.121,0.065,0.126,BRA,2026-06-14 00:00,67.12,0.088875,0.03776,0.161,0.007665,0.044,0.007,0.04,-0.0364897050752491,0.051,56.515,0.64729,0.64729,SCO,2026-06-20 00:00,67.12,0.222524,0.077863,0.173,0.024735,0.044,0.052,0.042,-0.0351651140625463,0.051,56.515,1.36252,1.294394,HAI,2026-06-25 00:00,67.12,0.388192,0.125,0.217,0.047832,0.044,0.074,0.047,-0.0298519537362038,0.051,56.515,2.242916,2.018624,4.252726,36573,974,3500000,FWD,False,,3.5,3.311,0.6577060931899642,2.2812009677419365,3.311,2.850234,0.45,True,1.35,ayoub el kaabi,mar,FWD,ayoub el kaabi|mar|FWD,ayoub el kaabi|mar,ayoub el kaabi|mar,,,,,,,,,,,,,,,,,
marcel_sabitzer__aut,Marcel Sabitzer,AUT,Østrig,MID,4500000,4500000,0.8181,transfermarkt_availability_split_2026_06_01,0.074373,3.350892,3.350892,49490,Østrig,4500000,True,True,name_team_position,1.0,0.063,0.09,0.053,JOR,2026-06-17 06:00,71.364,0.227813,0.192188,0.103,0.29598,0.08,0.139,0.054,-0.034829586048713,0.06,65.405,1.956799,1.956799,ARG,2026-06-22 19:00,71.364,0.052313,0.058619,0.076,0.051951,0.08,0.053,0.046,-0.0424826883910332,0.06,65.405,0.549939,0.522442,ALG,2026-06-28 04:00,71.364,0.123964,0.114191,0.081,0.151229,0.08,0.058,0.048,-0.0411278322872678,0.06,65.405,1.088265,0.979439,3.593802,34097,587,4500000,MID,False,,4.5,2.861,0.93006993006993,2.662864615384616,2.861,2.543913,0.45,True,1.35,marcel sabitzer,aut,MID,marcel sabitzer|aut|MID,marcel sabitzer|aut,marcel sabitzer|aut,,,,,,,,,,,,,,,,,
c_sar_montes__mex,Cesar Montes,MEX,Mexico,DEF,3000000,3000000,0.6417,transfermarkt_availability_split_2026_06_01,0.058336,3.324063,3.324063,48944,Mexico,3000000,True,True,name_team_position,1.0,0.036,0.018,0.011,RSA,2026-06-11 21:00,75.339,0.120285,0.034375,0.019,0.383839,0.076,0.136,0.056,-0.0378416131580752,0.059,68.521,1.825439,1.825439,KOR,2026-06-19 03:00,75.339,0.098034,0.029752,0.019,0.313979,0.076,0.081,0.056,-0.0385456878963384,0.059,68.521,1.468668,1.395235,CZE,2026-06-25 03:00,75.339,0.075547,0.023953,0.016,0.233412,0.076,0.064,0.051,-0.0424521529567803,0.059,68.521,1.110195,0.999176,4.402772,34497,775,3000000,DEF,False,,3.0,2.746,0.7085308056872038,1.452374786729859,2.746,2.262166,0.45,True,1.35,cesar montes,mex,DEF,cesar montes|mex|DEF,cesar montes|mex,cesar montes|mex,,,,,,,,,,,,,,,,,
juli_n_lvarez__arg,Julian Alvarez,ARG,Argentina,FWD,6000000,6000000,0.7993,transfermarkt_availability_split_2026_06_01,0.072664,3.319539,3.319539,49352,Argentina,6000000,True,True,name_team_position,1.0,0.075,0.041,0.104,ALG,2026-06-17 03:00,66.466,0.12393,0.040625,0.093,0.0,0.024,0.065,0.025,-0.016957890280146,0.005,30.448,0.764637,0.764637,AUT,2026-06-22 19:00,66.466,0.109139,0.037277,0.091,0.0,0.024,0.036,0.025,-0.0172369650981203,0.005,30.448,0.66415,0.630943,JOR,2026-06-28 04:00,66.466,0.114818,0.0375,0.085,0.0,0.024,0.033,0.024,-0.0177814985482306,0.005,30.448,0.676991,0.609291,2.104263,41780,762,6000000,FWD,False,,6.0,1.323,0.9372759856630823,3.250866774193549,1.323,1.515227,0.45,True,1.35,julian alvarez,arg,FWD,julian alvarez|arg|FWD,julian alvarez|arg,alvarez julian|arg,,,,,,,,,,,,,,,,,
alexis_mac_allister__arg,Alexis Mac Allister,ARG,Argentina,MID,4500000,4500000,0.7538,transfermarkt_availability_split_2026_06_01,0.068527,3.294383,3.294383,48790,Argentina,4500000,True,True,name_team_position,1.0,0.056,0.054,0.031,ALG,2026-06-17 03:00,71.134,0.127575,0.073437,0.038,0.0,0.052,0.091,0.035,-0.0237665843922217,0.022,42.673,0.968419,0.968419,AUT,2026-06-22 19:00,71.134,0.112397,0.067387,0.037,0.0,0.052,0.05,0.035,-0.0241577094144715,0.022,42.673,0.831988,0.790389,JOR,2026-06-28 04:00,71.134,0.11664,0.06875,0.035,0.0,0.052,0.046,0.034,-0.0249208762932892,0.022,42.673,0.849529,0.764576,2.649936,39275,762,4500000,MID,False,,4.5,1.586,0.93006993006993,2.662864615384616,1.586,1.587663,0.45,True,1.35,alexis mac allister,arg,MID,alexis mac allister|arg|MID,alexis mac allister|arg,alexis allister mac|arg,,,,,,,,,,,,,,,,,
martin_baturina__cro,Martin Baturina,CRO,Kroatien,MID,3000000,3000000,0.5703,transfermarkt_availability_split_2026_06_01,0.051845,3.275011,3.275011,49509,Kroatien,3000000,True,True,name_team_position,1.0,0.095,0.074,0.106,ENG,2026-06-17 22:00,66.97,0.067461,0.043442,0.127,0.0,0.041,0.015,0.038,-0.0343458671394187,0.045,53.174,0.617285,0.617285,PAN,2026-06-24 01:00,66.97,0.22258,0.103732,0.137,0.0,0.041,0.049,0.04,-0.032958449941528,0.045,53.174,1.621138,1.540081,GHA,2026-06-27 23:00,66.97,0.233753,0.113096,0.165,0.0,0.041,0.065,0.044,-0.0292224457390115,0.045,53.174,1.756831,1.581147,3.995254,43057,588,3000000,MID,False,,3.0,2.653,0.6713286713286714,1.9220676923076925,2.653,2.277146,0.45,True,1.35,martin baturina,cro,MID,martin baturina|cro|MID,martin baturina|cro,baturina martin|cro,,,,,,,,,,,,,,,,,
bart_verbruggen__ned,Bart Verbruggen,NED,Holland,GK,4500000,4500000,0.7931,transfermarkt_availability_split_2026_06_01,0.0721,3.260491,3.260491,48887,Holland,4500000,True,True,name_team_position,1.0,0.001,0.0,0.0,JPN,2026-06-14 22:00,80.444,0.0,0.0,0.0,0.391819,0.025,0.105,0.062,-0.0431639469661132,0.064,76.421,1.259929,1.259929,SWE,2026-06-20 19:00,80.444,0.0,0.0,0.0,0.510588,0.025,0.092,0.062,-0.0427393224132745,0.064,76.421,1.579907,1.500912,TUN,2026-06-26 01:00,80.444,0.0,0.0,0.0,0.457142,0.025,0.073,0.058,-0.0469520311549247,0.064,76.421,1.403046,1.262741,4.242882,44656,593,4500000,GK,False,,4.5,2.802,0.915625,1.6192828124999996,2.802,2.27318,0.45,True,1.35,bart verbruggen,ned,GK,bart verbruggen|ned|GK,bart verbruggen|ned,bart verbruggen|ned,,,,,,,,,,,,,,,,,
marcus_thuram__fra,Marcus Thuram,FRA,Frankrig,FWD,5000000,5000000,0.6205,transfermarkt_availability_split_2026_06_01,0.056409,3.258079,3.258079,49499,Frankrig,5000000,True,True,name_team_position,1.0,0.069,0.037,0.094,SEN,2026-06-16 21:00,66.459,0.134865,0.04375,0.099,0.0,0.028,0.076,0.03,-0.020555274878144,0.016,36.393,0.843155,0.843155,IRQ,2026-06-22 23:00,66.459,0.143978,0.045312,0.105,0.0,0.028,0.048,0.03,-0.019275725833755,0.016,36.393,0.863572,0.820394,NOR,2026-06-26 21:00,66.459,0.101125,0.033225,0.086,0.0,0.028,0.035,0.028,-0.0223392133762033,0.016,36.393,0.618836,0.556952,2.324067,38748,592,5000000,FWD,False,,5.0,1.482,0.8709677419354839,3.020881935483872,1.482,1.597478,0.45,True,1.35,marcus thuram,fra,FWD,marcus thuram|fra|FWD,marcus thuram|fra,marcus thuram|fra,,,,,,,,,,,,,,,,,
omar_marmoush__egy,Omar Marmoush,EGY,Egypten,FWD,5000000,5000000,0.8626,transfermarkt_availability_split_2026_06_01,0.078418,3.246945,3.246945,49683,Egypten,5000000,True,True,name_team_position,1.0,0.111,0.053,0.135,BEL,2026-06-15 21:00,67.156,0.079312,0.031103,0.168,0.008931,0.044,0.013,0.04,-0.0369710355486949,0.051,56.753,0.601586,0.601586,NZL,2026-06-22 03:00,67.156,0.251683,0.073635,0.192,0.036468,0.044,0.055,0.043,-0.0343776919354002,0.051,56.753,1.490259,1.415746,IRN,2026-06-27 05:00,67.156,0.212163,0.066719,0.213,0.031915,0.044,0.064,0.045,-0.032616457036699,0.051,56.753,1.345193,1.210673,3.438128,39368,973,5000000,FWD,False,,5.0,2.982,0.8709677419354839,3.020881935483872,2.982,2.722478,0.45,True,1.35,omar marmoush,egy,FWD,omar marmoush|egy|FWD,omar marmoush|egy,marmoush omar|egy,,,,,,,,,,,,,,,,,
marko_arnautovi__aut,Marko Arnautovic,AUT,Østrig,FWD,4500000,4500000,0.8911,transfermarkt_availability_split_2026_06_01,0.081009,3.213325,3.213325,49504,Østrig,4500000,True,True,name_team_position,1.0,0.115,0.065,0.138,JOR,2026-06-17 06:00,66.848,0.280665,0.09375,0.18,0.0,0.034,0.092,0.036,-0.0230637182330961,0.028,43.311,1.682846,1.682846,ARG,2026-06-22 19:00,66.848,0.064125,0.028343,0.133,0.0,0.034,0.035,0.031,-0.0281315073186585,0.028,43.311,0.506397,0.481078,ALG,2026-06-28 04:00,66.848,0.151511,0.05533,0.142,0.0,0.034,0.039,0.032,-0.0272343384754821,0.028,43.311,0.9518,0.85662,3.141043,25356,587,4500000,FWD,False,,4.5,2.515,0.8279569892473119,2.871702580645162,2.515,2.348229,0.45,True,1.35,marko arnautovic,aut,FWD,marko arnautovic|aut|FWD,marko arnautovic|aut,arnautovic marko|aut,,,,,,,,,,,,,,,,,
bernardo_silva__por,Bernardo Silva,POR,Portugal,MID,5500000,5500000,0.8322,transfermarkt_availability_split_2026_06_01,0.075655,3.198834,3.198834,48898,Portugal,5500000,True,True,name_team_position,1.0,0.034,0.053,0.023,COD,2026-06-17 19:00,71.091,0.10935,0.101562,0.039,0.109722,0.072,0.133,0.049,-0.0323194093089179,0.05,58.956,1.018117,1.018117,UZB,2026-06-23 19:00,71.091,0.112995,0.104688,0.041,0.115118,0.072,0.077,0.049,-0.0311837588994682,0.05,58.956,0.992855,0.943212,COL,2026-06-28 01:30,71.091,0.060864,0.062025,0.032,0.057917,0.072,0.054,0.044,-0.0368714376571902,0.05,58.956,0.561524,0.505371,2.571041,32660,585,5500000,MID,False,,5.5,1.689,0.9790209790209792,2.8030153846153847,1.689,1.685869,0.45,True,1.35,bernardo silva,por,MID,bernardo silva|por|MID,bernardo silva|por,bernardo silva|por,,,,,,,,,,,,,,,,,
vitinha__por,Vitinha,POR,Portugal,MID,5500000,5500000,0.7497,transfermarkt_availability_split_2026_06_01,0.068155,3.181824,3.181824,49931,Portugal,5500000,True,True,name_team_position,1.0,0.031,0.07,0.022,COD,2026-06-17 19:00,71.111,0.09477,0.126563,0.036,0.032377,0.069,0.127,0.046,-0.0307768965860839,0.045,56.142,1.007762,1.007762,UZB,2026-06-23 19:00,71.111,0.096593,0.13125,0.037,0.034176,0.069,0.073,0.047,-0.0296954475139335,0.045,56.142,0.98002,0.931019,COL,2026-06-28 01:30,71.111,0.052169,0.077239,0.029,0.017252,0.069,0.051,0.042,-0.0351116696753013,0.045,56.142,0.55545,0.499905,2.543232,39732,585,5500000,MID,False,,5.5,1.673,0.9790209790209792,2.8030153846153847,1.673,1.673869,0.45,True,1.35,vitinha,por,MID,vitinha|por|MID,vitinha|por,vitinha|por,,,,,,,,,,,,,,,,,
michael_olise__fra,Michael Olise,FRA,Frankrig,FWD,7000000,7000000,0.7944,transfermarkt_availability_split_2026_06_01,0.072218,3.176348,3.176348,49556,Frankrig,7000000,True,True,name_team_position,1.0,0.039,0.049,0.027,SEN,2026-06-16 21:00,70.707,0.103883,0.078125,0.039,0.0,0.062,0.105,0.041,-0.0285746258939674,0.036,50.591,0.780332,0.780332,IRQ,2026-06-22 23:00,70.707,0.111173,0.084375,0.042,0.0,0.062,0.066,0.042,-0.0267958788096715,0.036,50.591,0.795021,0.75527,NOR,2026-06-26 21:00,70.707,0.077788,0.060913,0.034,0.0,0.062,0.049,0.038,-0.0310545428740167,0.036,50.591,0.557836,0.502053,2.134545,40794,592,7000000,FWD,False,,7.0,1.5,0.9695340501792116,3.3627512903225814,1.5,1.665976,0.45,True,1.35,michael olise,fra,FWD,michael olise|fra|FWD,michael olise|fra,michael olise|fra,,,,,,,,,,,,,,,,,
arda_g_ler__tur,Arda Güler,TUR,Tyrkiet,MID,4500000,4500000,0.8467,transfermarkt_availability_split_2026_06_01,0.076973,3.149836,3.149836,48858,Tyrkiet,4500000,True,True,name_team_position,1.0,0.098,0.082,0.047,AUS,2026-06-14 06:00,71.636,0.165799,0.086097,0.052,0.0,0.059,0.082,0.035,-0.0303049027874532,0.031,48.354,1.197981,1.197981,PAR,2026-06-20 06:00,71.636,0.161516,0.088635,0.062,0.0,0.059,0.055,0.039,-0.0276676056601033,0.031,48.354,1.173817,1.115127,USA,2026-06-26 04:00,71.636,0.124498,0.072953,0.059,0.0,0.059,0.051,0.038,-0.0286170041857917,0.031,48.354,0.932732,0.839459,3.30453,44668,586,4500000,MID,False,,4.5,2.668,0.93006993006993,2.662864615384616,2.668,2.399163,0.45,True,1.35,arda guler,tur,MID,arda guler|tur|MID,arda guler|tur,arda guler|tur,,,,,,,,,,,,,,,,,
scott_mctominay__sco,Scott McTominay,SCO,Skotland,MID,4500000,4500000,0.8738,transfermarkt_availability_split_2026_06_01,0.079436,3.145203,3.145203,49831,Skotland,4500000,True,True,name_team_position,1.0,0.075,0.076,0.07,HAI,2026-06-14 03:00,71.591,0.24057,0.14375,0.12,0.342061,0.086,0.144,0.053,-0.0425182084440434,0.068,70.159,1.890582,1.890582,MAR,2026-06-20 00:00,71.591,0.102559,0.078869,0.128,0.140393,0.086,0.073,0.055,-0.0416669382877791,0.068,70.159,0.945735,0.898448,BRA,2026-06-25 00:00,71.591,0.077062,0.0608,0.125,0.079908,0.086,0.07,0.054,-0.042418731552389,0.068,70.159,0.756291,0.680662,3.592608,35276,1022,4500000,MID,False,,4.5,3.364,0.93006993006993,2.662864615384616,3.364,2.921163,0.45,True,1.35,scott mctominay,sco,MID,scott mctominay|sco|MID,scott mctominay|sco,mctominay scott|sco,,,,,,,,,,,,,,,,,
chris_richards__usa,Chris Richards,USA,USA,DEF,3000000,3000000,0.6712,transfermarkt_availability_split_2026_06_01,0.061018,3.127363,3.127363,48956,USA,3000000,True,True,name_team_position,1.0,0.033,0.018,0.02,PAR,2026-06-13 03:00,75.624,0.084073,0.029619,0.038,0.393014,0.082,0.104,0.06,-0.0415691137378787,0.068,74.111,1.604357,1.604357,AUS,2026-06-19 21:00,75.624,0.096448,0.032826,0.039,0.44449,0.082,0.089,0.06,-0.0413248198594219,0.068,74.111,1.787719,1.698333,TUR,2026-06-26 04:00,75.624,0.054055,0.020285,0.032,0.215502,0.082,0.067,0.055,-0.0464083524669997,0.068,74.111,0.952881,0.857593,4.344957,39413,784,3000000,DEF,False,,3.0,3.24,0.7085308056872038,1.452374786729859,3.24,2.632666,0.45,True,1.35,chris richards,usa,DEF,chris richards|usa|DEF,chris richards|usa,chris richards|usa,,,,,,,,,,,,,,,,,
jamal_musiala__ger,Jamal Musiala,GER,Tyskland,MID,6500000,6500000,0.8355,transfermarkt_availability_split_2026_06_01,0.075955,3.111515,3.111515,49246,Tyskland,6500000,True,True,name_team_position,1.0,0.033,0.046,0.023,CUW,2026-06-14 19:00,70.783,0.100238,0.08125,0.037,0.0,0.064,0.153,0.044,-0.0270739840530946,0.039,52.344,0.926866,0.926866,CIV,2026-06-20 22:00,70.783,0.086948,0.072741,0.034,0.0,0.064,0.063,0.043,-0.0291873515739626,0.039,52.344,0.738776,0.701837,ECU,2026-06-25 22:00,70.783,0.070811,0.059667,0.029,0.0,0.064,0.05,0.039,-0.0322880264668075,0.039,52.344,0.593768,0.534391,2.25941,39403,589,6500000,MID,False,,6.5,1.44,0.993006993006993,2.8430584615384618,1.44,1.505106,0.45,True,1.35,jamal musiala,ger,MID,jamal musiala|ger|MID,jamal musiala|ger,jamal musiala|ger,,,,,,,,,,,,,,,,,
francisco_concei_o__por,Francisco Conceicao,POR,Portugal,FWD,5500000,5500000,0.585,transfermarkt_availability_split_2026_06_01,0.053182,3.109077,3.109077,49117,Portugal,5500000,True,True,name_team_position,1.0,0.065,0.04,0.075,COD,2026-06-17 19:00,66.405,0.12393,0.045312,0.077,0.0,0.027,0.078,0.028,-0.0188786807063397,0.012,34.438,0.780777,0.780777,UZB,2026-06-23 19:00,66.405,0.127575,0.046875,0.079,0.0,0.027,0.045,0.029,-0.0182153151952593,0.012,34.438,0.77071,0.732174,COL,2026-06-28 01:30,66.405,0.069558,0.028087,0.063,0.0,0.027,0.032,0.026,-0.021537649158759,0.012,34.438,0.446955,0.40226,1.998442,40295,585,5500000,FWD,False,,5.5,1.316,0.9050179211469536,3.1389822580645173,1.316,1.491977,0.45,True,1.35,francisco conceicao,por,FWD,francisco conceicao|por|FWD,francisco conceicao|por,conceicao francisco|por,,,,,,,,,,,,,,,,,
gregor_kobel__sui,Gregor Kobel,SUI,Schweiz,GK,4000000,4000000,0.43,transfermarkt_availability_split_2026_06_01,0.039091,3.10368,3.10368,49151,Schweiz,4000000,True,True,name_team_position,1.0,0.0,0.0,0.0,QAT,2026-06-13 21:00,80.373,0.0,0.0,0.0,0.447706,0.025,0.165,0.056,-0.0449922406714348,0.06,73.662,1.464585,1.464585,BIH,2026-06-18 21:00,80.373,0.0,0.0,0.0,0.476118,0.025,0.088,0.06,-0.0412689519841261,0.06,73.662,1.474861,1.401118,CAN,2026-06-24 21:00,80.373,0.0,0.0,0.0,0.336513,0.025,0.084,0.059,-0.042311035457175,0.06,73.662,1.077925,0.970133,4.018884,34389,583,4000000,GK,False,,4.0,2.521,0.821875,1.4534859374999995,2.521,2.044852,0.45,True,1.35,gregor kobel,sui,GK,gregor kobel|sui|GK,gregor kobel|sui,gregor kobel|sui,,,,,,,,,,,,,,,,,
john_yeboah__ecu,John Yeboah,ECU,Ecuador,MID,3000000,3000000,0.6657,transfermarkt_availability_split_2026_06_01,0.060518,3.101397,3.101397,49308,Ecuador,3000000,True,True,name_team_position,1.0,0.091,0.084,0.115,CIV,2026-06-15 01:00,67.249,0.132014,0.079798,0.133,0.0,0.039,0.062,0.036,-0.0319452113400169,0.04,50.269,1.099519,1.099519,CUW,2026-06-21 02:00,67.249,0.251505,0.1375,0.169,0.0,0.039,0.063,0.041,-0.027228794181662,0.04,50.269,1.916796,1.820956,GER,2026-06-25 22:00,67.249,0.068625,0.050949,0.15,0.0,0.039,0.051,0.039,-0.0303354928716964,0.04,50.269,0.706637,0.635973,3.721637,37240,881,3000000,MID,False,,3.0,2.683,0.6713286713286714,1.9220676923076925,2.683,2.299646,0.45,True,1.35,john yeboah,ecu,MID,john yeboah|ecu|MID,john yeboah|ecu,john yeboah|ecu,,,,,,,,,,,,,,,,,
giovani_lo_celso__arg,Giovani Lo Celso,ARG,Argentina,MID,4000000,4000000,0.7765,transfermarkt_availability_split_2026_06_01,0.070591,3.082398,3.082398,49138,Argentina,4000000,True,True,name_team_position,1.0,0.047,0.055,0.031,ALG,2026-06-17 03:00,71.17,0.111173,0.076563,0.039,0.0,0.054,0.094,0.036,-0.0244128143838502,0.024,43.834,0.900141,0.900141,AUT,2026-06-22 19:00,71.17,0.097737,0.068821,0.038,0.0,0.054,0.052,0.036,-0.0248145743680147,0.024,43.834,0.766333,0.728017,JOR,2026-06-28 04:00,71.17,0.10206,0.070312,0.036,0.0,0.054,0.047,0.034,-0.0255984922860887,0.024,43.834,0.782638,0.704374,2.449112,34515,762,4000000,MID,False,,4.0,1.489,0.8916083916083916,2.5527461538461536,1.489,1.498448,0.45,True,1.35,giovani lo celso,arg,MID,giovani lo celso|arg|MID,giovani lo celso|arg,celso giovani lo|arg,,,,,,,,,,,,,,,,,
mart_n_zubimendi__esp,Martin Zubimendi,ESP,Spanien,MID,3500000,3500000,0.5578,transfermarkt_availability_split_2026_06_01,0.050709,3.054112,3.054112,49519,Spanien,3500000,True,True,name_team_position,1.0,0.031,0.046,0.021,CPV,2026-06-15 18:00,71.33,0.112995,0.098437,0.041,0.27587,0.077,0.174,0.053,-0.0322092320314312,0.056,62.956,1.075077,1.075077,KSA,2026-06-21 18:00,71.33,0.10935,0.096875,0.04,0.271222,0.077,0.083,0.053,-0.0333450108974391,0.056,62.956,0.95903,0.911078,URU,2026-06-27 02:00,71.33,0.079393,0.071389,0.033,0.159065,0.077,0.061,0.048,-0.0387308931801847,0.056,62.956,0.693401,0.624061,2.725989,37489,595,3500000,MID,False,,3.5,1.717,0.8263403263403264,2.3658784615384616,1.717,1.641506,0.45,True,1.35,martin zubimendi,esp,MID,martin zubimendi|esp|MID,martin zubimendi|esp,martin zubimendi|esp,,,,,,,,,,,,,,,,,
bukayo_saka__eng,Bukayo Saka,ENG,England,FWD,6500000,6500000,0.8152,transfermarkt_availability_split_2026_06_01,0.074109,3.050973,3.050973,48923,England,6500000,True,True,name_team_position,1.0,0.05,0.057,0.026,CRO,2026-06-17 22:00,71.264,0.088807,0.062927,0.029,0.0,0.049,0.07,0.033,-0.0231215075892013,0.018,40.499,0.621887,0.621887,GHA,2026-06-23 22:00,71.264,0.111173,0.075,0.031,0.0,0.049,0.052,0.034,-0.0218239630079801,0.018,40.499,0.733868,0.697175,PAN,2026-06-27 23:00,71.264,0.092948,0.0625,0.026,0.0,0.049,0.039,0.031,-0.0247590014943301,0.018,40.499,0.599533,0.53958,1.955288,37289,769,6500000,FWD,False,,6.5,1.371,0.9587813620071683,3.325456451612904,1.371,1.563226,0.45,True,1.35,bukayo saka,eng,FWD,bukayo saka|eng|FWD,bukayo saka|eng,bukayo saka|eng,,,,,,,,,,,,,,,,,
timothy_castagne__bel,Timothy Castagne,BEL,Belgien,DEF,3500000,3500000,0.7767,transfermarkt_availability_split_2026_06_01,0.070609,3.049967,3.049967,49897,Belgien,3500000,True,True,name_team_position,1.0,0.009,0.033,0.003,EGY,2026-06-15 21:00,75.321,0.02545,0.05772,0.006,0.298094,0.076,0.122,0.055,-0.0381932381540776,0.058,68.053,1.108474,1.108474,IRN,2026-06-21 21:00,75.321,0.02916,0.064062,0.006,0.350751,0.076,0.082,0.056,-0.0379240495993867,0.058,68.053,1.226874,1.16553,NZL,2026-06-27 05:00,75.321,0.025515,0.057813,0.005,0.321246,0.076,0.072,0.053,-0.0401531223169906,0.058,68.053,1.105117,0.994605,3.43887,38856,884,3500000,DEF,False,,3.5,2.054,0.8530805687203792,1.7486786729857835,2.054,1.784513,0.45,True,1.35,timothy castagne,bel,DEF,timothy castagne|bel|DEF,timothy castagne|bel,castagne timothy|bel,,,,,,,,,,,,,,,,,
lee_kang_in__kor,Kang-In Lee,KOR,Sydkorea,MID,5000000,5000000,0.7678,transfermarkt_availability_split_2026_06_01,0.0698,3.024448,3.024448,49373,Sydkorea,5000000,True,True,name_team_position,1.0,0.08,0.079,0.105,CZE,2026-06-12 04:00,67.215,0.141457,0.095188,0.176,0.083026,0.047,0.059,0.048,-0.0350136062605573,0.059,60.858,1.252835,1.252835,MEX,2026-06-19 03:00,67.215,0.066137,0.052555,0.14,0.035611,0.047,0.049,0.043,-0.039499687860005,0.059,60.858,0.69285,0.658208,RSA,2026-06-25 03:00,67.215,0.147755,0.095355,0.15,0.089692,0.047,0.054,0.045,-0.0381091282098748,0.059,60.858,1.247731,1.122958,3.193416,37279,774,5000000,MID,False,,5.0,2.769,0.9603729603729604,2.749624615384616,2.769,2.487886,0.45,True,1.35,kang in lee,kor,MID,kang in lee|kor|MID,kang in lee|kor,in kang lee|kor,,,,,,,,,,,,,,,,,
tajon_buchanan__can,Tajon Buchanan,CAN,Canada,MID,3500000,3500000,0.9066,transfermarkt_availability_split_2026_06_01,0.082418,2.98872,2.98872,49872,Canada,3500000,True,True,name_team_position,1.0,0.074,0.07,0.052,BIH,2026-06-12 21:00,71.136,0.147459,0.088407,0.07,0.0,0.059,0.064,0.039,-0.0270912756260158,0.031,47.91,1.120425,1.120425,QAT,2026-06-19 00:00,71.136,0.18954,0.10625,0.071,0.0,0.059,0.058,0.039,-0.0265713980549856,0.031,47.91,1.379879,1.310885,SUI,2026-06-24 21:00,71.136,0.060605,0.04372,0.056,0.0,0.059,0.04,0.034,-0.0306985024549614,0.031,47.91,0.505486,0.454938,3.007097,41761,1059,3500000,MID,False,,3.5,2.195,0.8263403263403264,2.3658784615384616,2.195,2.000006,0.45,True,1.35,tajon buchanan,can,MID,tajon buchanan|can|MID,tajon buchanan|can,buchanan tajon|can,,,,,,,,,,,,,,,,,
pedri__esp,Pedri,ESP,Spanien,MID,6000000,6000000,0.8417,transfermarkt_availability_split_2026_06_01,0.076518,2.981833,2.981833,49725,Spanien,6000000,True,True,name_team_position,1.0,0.025,0.049,0.018,CPV,2026-06-15 18:00,70.785,0.074723,0.0875,0.029,0.0,0.064,0.144,0.044,-0.0267263330653288,0.039,52.239,0.801389,0.801389,KSA,2026-06-21 18:00,70.785,0.0729,0.085938,0.028,0.0,0.064,0.069,0.044,-0.0276687710667026,0.039,52.239,0.710645,0.675113,URU,2026-06-27 02:00,70.785,0.053469,0.06425,0.023,0.0,0.064,0.05,0.04,-0.0321378277520295,0.039,52.239,0.515957,0.464361,2.029495,39608,595,6000000,MID,False,,6.0,1.291,0.9883449883449884,2.8297107692307693,1.291,1.39136,0.45,True,1.35,pedri,esp,MID,pedri|esp|MID,pedri|esp,pedri|esp,,,,,,,,,,,,,,,,,
marcus_rashford__eng,Marcus Rashford,ENG,England,FWD,5500000,5500000,0.7499,transfermarkt_availability_split_2026_06_01,0.068173,2.980487,2.980487,49498,England,5500000,True,True,name_team_position,1.0,0.066,0.041,0.084,CRO,2026-06-17 22:00,66.409,0.081151,0.031463,0.065,0.0,0.021,0.047,0.022,-0.0156393612632299,-0.001,27.394,0.515354,0.515354,GHA,2026-06-23 22:00,66.409,0.10206,0.0375,0.069,0.0,0.021,0.035,0.023,-0.0147617035939548,-0.001,27.394,0.610978,0.580429,PAN,2026-06-27 23:00,66.409,0.085658,0.03125,0.058,0.0,0.021,0.027,0.021,-0.0167469602660132,-0.001,27.394,0.503635,0.453272,1.628458,33955,769,5500000,FWD,False,,5.5,1.028,0.9050179211469536,3.1389822580645173,1.028,1.275977,0.45,True,1.35,marcus rashford,eng,FWD,marcus rashford|eng|FWD,marcus rashford|eng,marcus rashford|eng,,,,,,,,,,,,,,,,,
luka_modri__cro,Luka Modric,CRO,Kroatien,MID,4000000,4000000,0.9158,transfermarkt_availability_split_2026_06_01,0.083255,2.975587,2.975587,49465,Kroatien,4000000,True,True,name_team_position,1.0,0.05,0.071,0.035,ENG,2026-06-17 22:00,71.503,0.045362,0.052407,0.052,0.077432,0.084,0.019,0.049,-0.0441524231307373,0.065,68.357,0.440879,0.440879,PAN,2026-06-24 01:00,71.503,0.148386,0.125088,0.056,0.287118,0.084,0.064,0.051,-0.0423688655652384,0.065,68.357,1.226825,1.165484,GHA,2026-06-27 23:00,71.503,0.157899,0.136543,0.068,0.327886,0.084,0.084,0.056,-0.037566143953985,0.065,68.357,1.350558,1.215502,3.018262,21984,588,4000000,MID,False,,4.0,2.275,0.8916083916083916,2.5527461538461536,2.275,2.087948,0.45,True,1.35,luka modric,cro,MID,luka modric|cro|MID,luka modric|cro,luka modric|cro,,,,,,,,,,,,,,,,,
fabian_rieder__sui,Fabian Rieder,SUI,Schweiz,MID,3000000,3000000,0.7887,transfermarkt_availability_split_2026_06_01,0.0717,2.968334,2.968334,49087,Schweiz,3000000,True,True,name_team_position,1.0,0.067,0.04,0.085,QAT,2026-06-13 21:00,66.916,0.140332,0.05,0.095,0.0,0.035,0.101,0.034,-0.0274127363536506,0.03,44.881,1.049247,1.049247,BIH,2026-06-18 21:00,66.916,0.150988,0.05472,0.11,0.0,0.035,0.053,0.036,-0.0251442222803224,0.03,44.881,1.087956,1.033558,CAN,2026-06-24 21:00,66.916,0.113125,0.043576,0.107,0.0,0.035,0.051,0.036,-0.025779139747843,0.03,44.881,0.859574,0.773616,2.996777,41289,583,3000000,MID,False,,3.0,1.766,0.6713286713286714,1.9220676923076925,1.766,1.611896,0.45,True,1.35,fabian rieder,sui,MID,fabian rieder|sui|MID,fabian rieder|sui,fabian rieder|sui,,,,,,,,,,,,,,,,,
rodrigo_de_paul__arg,Rodrigo de Paul,ARG,Argentina,MID,4500000,4500000,0.9318,transfermarkt_availability_split_2026_06_01,0.084709,2.957481,2.957481,49788,Argentina,4500000,True,True,name_team_position,1.0,0.037,0.055,0.031,ALG,2026-06-17 03:00,71.17,0.085658,0.075,0.039,0.0,0.053,0.093,0.035,-0.0241155321823907,0.023,43.3,0.766174,0.766174,AUT,2026-06-22 19:00,71.17,0.07656,0.068821,0.038,0.0,0.053,0.051,0.035,-0.0245123998140935,0.023,43.3,0.658751,0.625813,JOR,2026-06-28 04:00,71.17,0.08019,0.070312,0.036,0.0,0.053,0.047,0.034,-0.02528677172732,0.023,43.3,0.673599,0.606239,2.096975,32489,762,4500000,MID,False,,4.5,1.29,0.93006993006993,2.662864615384616,1.29,1.365663,0.45,True,1.35,rodrigo de paul,arg,MID,rodrigo de paul|arg|MID,rodrigo de paul|arg,de paul rodrigo|arg,,,,,,,,,,,,,,,,,
nick_woltemade__ger,Nick Woltemade,GER,Tyskland,FWD,6000000,6000000,0.9083,transfermarkt_availability_split_2026_06_01,0.082573,2.954148,2.954148,49638,Tyskland,6000000,True,True,name_team_position,1.0,0.055,0.029,0.074,CUW,2026-06-14 19:00,66.36,0.09477,0.029687,0.068,0.0,0.023,0.085,0.025,-0.0151194960236345,0.003,29.232,0.611022,0.611022,CIV,2026-06-20 22:00,66.36,0.081833,0.026721,0.064,0.0,0.023,0.035,0.024,-0.016299708428487,0.003,29.232,0.494195,0.469486,ECU,2026-06-25 22:00,66.36,0.065984,0.021309,0.054,0.0,0.023,0.028,0.022,-0.0180312837157079,0.003,29.232,0.393832,0.354449,1.500526,39160,589,6000000,FWD,False,,6.0,0.971,0.9372759856630823,3.250866774193549,0.971,1.251227,0.45,True,1.35,nick woltemade,ger,FWD,nick woltemade|ger|FWD,nick woltemade|ger,nick woltemade|ger,,,,,,,,,,,,,,,,,
luis_d_az__col,Luis Diaz,COL,Colombia,FWD,5500000,5500000,0.9001,transfermarkt_availability_split_2026_06_01,0.081827,2.944999,2.944999,49461,Colombia,5500000,True,True,name_team_position,1.0,0.055,0.055,0.032,UZB,2026-06-18 04:00,71.258,0.134865,0.08125,0.043,0.0,0.065,0.115,0.041,-0.0324031807788872,0.04,53.494,0.924807,0.924807,COD,2026-06-24 04:00,71.258,0.152071,0.091716,0.048,0.0,0.065,0.063,0.043,-0.0300397080284628,0.04,53.494,0.982392,0.933273,POR,2026-06-28 01:30,71.258,0.061161,0.04637,0.045,0.0,0.065,0.056,0.042,-0.0318479684428353,0.04,53.494,0.469906,0.422915,2.378291,38257,879,5500000,FWD,False,,5.5,1.906,0.9050179211469536,3.1389822580645173,1.906,1.934477,0.45,True,1.35,luis diaz,col,FWD,luis diaz|col|FWD,luis diaz|col,diaz luis|col,,,,,,,,,,,,,,,,,
james_rodr_guez__col,James Rodriguez,COL,Colombia,MID,4000000,4000000,0.8875,transfermarkt_availability_split_2026_06_01,0.080682,2.943625,2.943625,49248,Colombia,4000000,True,True,name_team_position,1.0,0.046,0.077,0.032,UZB,2026-06-18 04:00,71.213,0.111173,0.109375,0.041,0.0,0.063,0.111,0.039,-0.0313388099148749,0.037,51.736,1.017651,1.017651,COD,2026-06-24 04:00,71.213,0.124916,0.122806,0.046,0.0,0.063,0.061,0.042,-0.0290529718741602,0.037,51.736,1.086945,1.032598,POR,2026-06-28 01:30,71.213,0.050183,0.062389,0.043,0.0,0.063,0.054,0.04,-0.030801835042542,0.037,51.736,0.51828,0.466452,2.622876,29264,879,4000000,MID,False,,4.0,1.852,0.8916083916083916,2.5527461538461536,1.852,1.770698,0.45,True,1.35,james rodriguez,col,MID,james rodriguez|col|MID,james rodriguez|col,james rodriguez|col,,,,,,,,,,,,,,,,,
jonathan_tah__ger,Jonathan Tah,GER,Tyskland,DEF,4500000,4500000,0.5671,transfermarkt_availability_split_2026_06_01,0.051555,2.928423,2.928423,49313,Tyskland,4500000,True,True,name_team_position,1.0,0.008,0.011,0.005,CUW,2026-06-14 19:00,75.228,0.025515,0.021875,0.01,0.380553,0.073,0.192,0.056,-0.0340463284633988,0.055,65.824,1.261885,1.261885,CIV,2026-06-20 22:00,75.228,0.022163,0.019298,0.009,0.265199,0.073,0.08,0.054,-0.0367039500619876,0.055,65.824,0.862606,0.819476,ECU,2026-06-25 22:00,75.228,0.017703,0.015627,0.008,0.211911,0.073,0.063,0.05,-0.0406031396180198,0.055,65.824,0.6817,0.61353,2.807799,31166,589,4500000,DEF,False,,4.5,1.672,0.9727488151658767,1.9939794312796224,1.672,1.532243,0.45,True,1.35,jonathan tah,ger,DEF,jonathan tah|ger|DEF,jonathan tah|ger,jonathan tah|ger,,,,,,,,,,,,,,,,,
kevin_de_bruyne__bel,Kevin De Bruyne,BEL,Belgien,MID,7000000,7000000,0.8443,transfermarkt_availability_split_2026_06_01,0.076755,2.928171,2.928171,49390,Belgien,7000000,True,True,name_team_position,1.0,0.044,0.044,0.027,EGY,2026-06-15 21:00,70.545,0.073169,0.045049,0.027,0.0,0.044,0.064,0.029,-0.0201207634154956,0.011,35.851,0.567871,0.567871,IRN,2026-06-21 21:00,70.545,0.085658,0.05,0.027,0.0,0.044,0.043,0.029,-0.0199789508988076,0.011,35.851,0.624311,0.593095,NZL,2026-06-27 05:00,70.545,0.076545,0.045312,0.025,0.0,0.044,0.038,0.028,-0.0211532594139932,0.011,35.851,0.555508,0.499957,1.749266,29401,884,7000000,MID,False,,7.0,1.057,0.9965034965034965,2.853069230769231,1.057,1.219353,0.45,True,1.35,kevin de bruyne,bel,MID,kevin de bruyne|bel|MID,kevin de bruyne|bel,bruyne de kevin|bel,,,,,,,,,,,,,,,,,
adrien_rabiot__fra,Adrien Rabiot,FRA,Frankrig,MID,4000000,4000000,0.6584,transfermarkt_availability_split_2026_06_01,0.059855,2.915692,2.915692,48740,Frankrig,4000000,True,True,name_team_position,1.0,0.038,0.043,0.027,SEN,2026-06-16 21:00,70.623,0.096593,0.065625,0.037,0.0,0.059,0.1,0.039,-0.0271283733757146,0.032,48.031,0.801712,0.801712,IRQ,2026-06-22 23:00,70.623,0.10206,0.070312,0.039,0.0,0.059,0.063,0.04,-0.0254396543274652,0.032,48.031,0.810796,0.770257,NOR,2026-06-26 21:00,70.623,0.071565,0.049838,0.032,0.0,0.059,0.046,0.036,-0.0294827738856354,0.032,48.031,0.564856,0.508371,2.175824,30427,592,4000000,MID,False,,4.0,1.349,0.8916083916083916,2.5527461538461536,1.349,1.393448,0.45,True,1.35,adrien rabiot,fra,MID,adrien rabiot|fra|MID,adrien rabiot|fra,adrien rabiot|fra,,,,,,,,,,,,,,,,,
youri_tielemans__bel,Youri Tielemans,BEL,Belgien,MID,3500000,3500000,0.7474,transfermarkt_availability_split_2026_06_01,0.067945,2.915547,2.915547,49974,Belgien,3500000,True,True,name_team_position,1.0,0.041,0.049,0.029,EGY,2026-06-15 21:00,70.914,0.093847,0.068982,0.041,0.0,0.061,0.089,0.041,-0.0279590142113243,0.034,49.817,0.792222,0.792222,IRN,2026-06-21 21:00,70.914,0.10935,0.076563,0.042,0.0,0.061,0.06,0.041,-0.0277619571669394,0.034,49.817,0.864677,0.821443,NZL,2026-06-27 05:00,70.914,0.098415,0.070312,0.038,0.0,0.061,0.053,0.039,-0.0293937296691333,0.034,49.817,0.776617,0.698956,2.433516,31499,884,3500000,MID,False,,3.5,1.498,0.8263403263403264,2.3658784615384616,1.498,1.477256,0.45,True,1.35,youri tielemans,bel,MID,youri tielemans|bel|MID,youri tielemans|bel,tielemans youri|bel,,,,,,,,,,,,,,,,,
morgan_rogers__eng,Morgan Rogers,ENG,England,MID,5500000,5500000,0.8928,transfermarkt_availability_split_2026_06_01,0.081164,2.90781,2.90781,49606,England,5500000,True,True,name_team_position,1.0,0.046,0.053,0.024,CRO,2026-06-17 22:00,70.918,0.070433,0.049247,0.023,0.0,0.043,0.061,0.028,-0.0200011129518904,0.009,35.033,0.557905,0.557905,GHA,2026-06-23 22:00,70.918,0.089303,0.060938,0.025,0.0,0.043,0.045,0.029,-0.0188786802718847,0.009,35.033,0.67545,0.641678,PAN,2026-06-27 23:00,70.918,0.074723,0.05,0.021,0.0,0.043,0.034,0.027,-0.0214176166304745,0.009,35.033,0.550197,0.495178,1.783552,45403,769,5500000,MID,False,,5.5,1.082,0.9790209790209792,2.8030153846153847,1.082,1.230619,0.45,True,1.35,morgan rogers,eng,MID,morgan rogers|eng|MID,morgan rogers|eng,morgan rogers|eng,,,,,,,,,,,,,,,,,
matt_freese__usa,Matt Freese,USA,USA,GK,3500000,3500000,0.6552,transfermarkt_availability_split_2026_06_01,0.059564,2.889892,2.889892,49531,USA,3500000,True,True,name_team_position,1.0,0.001,0.0,0.0,PAR,2026-06-13 03:00,80.636,0.0,0.0,0.0,0.493358,0.026,0.111,0.064,-0.0443244617975121,0.068,79.023,1.554078,1.554078,AUS,2026-06-19 21:00,80.636,0.0,0.0,0.0,0.558342,0.026,0.095,0.064,-0.044063975255718,0.068,79.023,1.720294,1.634279,TUR,2026-06-26 04:00,80.636,0.0,0.0,0.0,0.270807,0.026,0.072,0.058,-0.0494844624059088,0.068,79.023,0.880775,0.792698,4.155147,49800,784,3500000,GK,False,,3.5,3.092,0.684375,1.2103171874999996,3.092,2.44732,0.45,True,1.35,matt freese,usa,GK,matt freese|usa|GK,matt freese|usa,freese matt|usa,,,,,,,,,,,,,,,,,
granit_xhaka__sui,Granit Xhaka,SUI,Schweiz,MID,4000000,4000000,0.9256,transfermarkt_availability_split_2026_06_01,0.084145,2.875972,2.875972,49149,Schweiz,4000000,True,True,name_team_position,1.0,0.03,0.049,0.025,QAT,2026-06-13 21:00,71.267,0.08748,0.082813,0.039,0.193241,0.077,0.141,0.048,-0.0385017390171863,0.056,63.036,0.854337,0.854337,BIH,2026-06-18 21:00,71.267,0.095004,0.091692,0.045,0.205283,0.077,0.075,0.051,-0.0353155654195816,0.056,63.036,0.86478,0.821541,CAN,2026-06-24 21:00,71.267,0.070215,0.072626,0.043,0.145312,0.077,0.072,0.05,-0.0362073197602123,0.056,63.036,0.676746,0.609071,2.395863,27305,583,4000000,MID,False,,4.0,1.621,0.8916083916083916,2.5527461538461536,1.621,1.597448,0.45,True,1.35,granit xhaka,sui,MID,granit xhaka|sui|MID,granit xhaka|sui,granit xhaka|sui,,,,,,,,,,,,,,,,,
amar_memi__bih,Amar Memic,BIH,Bosnien-Hercegovina,MID,3000000,3000000,0.8296,transfermarkt_availability_split_2026_06_01,0.075418,2.868832,2.868832,48817,Bosnien-Hercegovina,3000000,True,True,name_team_position,1.0,0.12,0.08,0.137,CAN,2026-06-12 21:00,67.145,0.092765,0.049269,0.164,0.0,0.042,0.034,0.038,-0.0346915090999731,0.046,53.831,0.81694,0.81694,SUI,2026-06-18 21:00,67.145,0.081562,0.04288,0.161,0.0,0.042,0.043,0.038,-0.0349520660685534,0.046,53.831,0.747498,0.710123,QAT,2026-06-24 21:00,67.145,0.299339,0.122173,0.207,0.0,0.042,0.062,0.043,-0.0304743718692069,0.046,53.831,2.14874,1.933866,3.713178,52123,882,3000000,MID,False,,3.0,3.101,0.6713286713286714,1.9220676923076925,3.101,2.613146,0.45,True,1.35,amar memic,bih,MID,amar memic|bih|MID,amar memic|bih,amar memic|bih,,,,,,,,,,,,,,,,,
zeno_debast__bel,Zeno Debast,BEL,Belgien,DEF,3500000,3500000,0.6566,transfermarkt_availability_split_2026_06_01,0.059691,2.865582,2.865582,49992,Belgien,3500000,True,True,name_team_position,1.0,0.009,0.014,0.008,EGY,2026-06-15 21:00,75.309,0.023859,0.023933,0.013,0.290371,0.075,0.121,0.055,-0.0380389199194402,0.058,67.778,0.98773,0.98773,IRN,2026-06-21 21:00,75.309,0.02916,0.026563,0.014,0.343556,0.075,0.082,0.055,-0.0377708190102214,0.058,67.778,1.106701,1.051366,NZL,2026-06-27 05:00,75.309,0.025515,0.025,0.012,0.313945,0.075,0.071,0.053,-0.0399908852496296,0.058,67.778,0.997778,0.898,3.093801,43195,884,3500000,DEF,False,,3.5,1.851,0.8530805687203792,1.7486786729857835,1.851,1.632263,0.45,True,1.35,zeno debast,bel,DEF,zeno debast|bel|DEF,zeno debast|bel,debast zeno|bel,,,,,,,,,,,,,,,,,
ollie_watkins__eng,Ollie Watkins,ENG,England,FWD,4000000,4000000,0.5529,transfermarkt_availability_split_2026_06_01,0.050264,2.855665,2.855665,49681,England,4000000,True,True,name_team_position,1.0,0.079,0.041,0.084,CRO,2026-06-17 22:00,66.409,0.10565,0.034199,0.071,0.0,0.023,0.052,0.024,-0.017061121378069,0.004,29.884,0.636136,0.636136,GHA,2026-06-23 22:00,66.409,0.133043,0.040625,0.076,0.0,0.023,0.038,0.025,-0.0161036766479507,0.004,29.884,0.757943,0.720046,PAN,2026-06-27 23:00,66.409,0.111173,0.034375,0.063,0.0,0.023,0.029,0.023,-0.0182694111992872,0.004,29.884,0.625548,0.562993,2.019627,39730,769,4000000,FWD,False,,4.0,1.266,0.7598566308243727,2.635501935483872,1.266,1.373481,0.45,True,1.35,ollie watkins,eng,FWD,ollie watkins|eng|FWD,ollie watkins|eng,ollie watkins|eng,,,,,,,,,,,,,,,,,
abde_ezzalzouli__mar,Abde Ezzalzouli,MAR,Marokko,FWD,3000000,3000000,0.7489,transfermarkt_availability_split_2026_06_01,0.068082,2.847548,2.847548,48716,Marokko,3000000,True,True,name_team_position,1.0,0.096,0.067,0.134,BRA,2026-06-14 00:00,67.226,0.070875,0.03904,0.171,0.006312,0.044,0.007,0.04,-0.0363607972174668,0.051,56.315,0.589259,0.589259,SCO,2026-06-20 00:00,67.226,0.17671,0.07908,0.183,0.021987,0.044,0.052,0.042,-0.0350408856119978,0.051,56.315,1.193039,1.133387,HAI,2026-06-25 00:00,67.226,0.308003,0.128125,0.23,0.040179,0.044,0.073,0.047,-0.0297464951856671,0.051,56.315,1.943641,1.749276,3.725939,41511,974,3000000,FWD,False,,3.0,2.93,0.507168458781362,1.759073225806452,2.93,2.480487,0.45,True,1.35,abde ezzalzouli,mar,FWD,abde ezzalzouli|mar|FWD,abde ezzalzouli|mar,abde ezzalzouli|mar,,,,,,,,,,,,,,,,,
federico_vi_as__uru,Federico Vinas,URU,Uruguay,FWD,4000000,4000000,0.7883,transfermarkt_availability_split_2026_06_01,0.071664,2.84653,2.84653,49097,Uruguay,4000000,True,True,name_team_position,1.0,0.08,0.091,0.107,KSA,2026-06-16 00:00,66.824,0.13018,0.089124,0.096,0.0,0.029,0.068,0.027,-0.0226510577601401,0.016,36.753,0.943441,0.943441,CPV,2026-06-22 00:00,66.824,0.162203,0.110937,0.116,0.0,0.029,0.046,0.03,-0.0198183645996961,0.016,36.753,1.140805,1.083764,ESP,2026-06-27 02:00,66.824,0.043875,0.040187,0.101,0.0,0.029,0.037,0.028,-0.0223045667277608,0.016,36.753,0.426756,0.384081,2.511002,48119,783,4000000,FWD,False,,4.0,1.881,0.7598566308243727,2.635501935483872,1.881,1.834731,0.45,True,1.35,federico vinas,uru,FWD,federico vinas|uru|FWD,federico vinas|uru,federico vinas|uru,,,,,,,,,,,,,,,,,
ritsu_doan__jpn,Ritsu Doan,JPN,Japan,MID,4000000,4000000,0.8106,transfermarkt_availability_split_2026_06_01,0.073691,2.846016,2.846016,49775,Japan,4000000,True,True,name_team_position,1.0,0.071,0.039,0.083,NED,2026-06-14 22:00,67.069,0.06412,0.02726,0.1,0.0,0.042,0.033,0.039,-0.0354474730728062,0.048,54.594,0.544933,0.544933,TUN,2026-06-21 06:00,67.069,0.138719,0.047891,0.107,0.0,0.042,0.049,0.04,-0.0342012764402413,0.048,54.594,1.005067,0.954813,SWE,2026-06-26 01:00,67.069,0.14376,0.052248,0.126,0.0,0.042,0.062,0.044,-0.031324205237493,0.048,54.594,1.08222,0.973998,2.630919,39720,772,4000000,MID,False,,4.0,1.913,0.8916083916083916,2.5527461538461536,1.913,1.816448,0.45,True,1.35,ritsu doan,jpn,MID,ritsu doan|jpn|MID,ritsu doan|jpn,doan ritsu|jpn,,,,,,,,,,,,,,,,,
gabriel_martinelli__bra,Gabriel Martinelli,BRA,Brasilien,FWD,4000000,4000000,0.6448,transfermarkt_availability_split_2026_06_01,0.058618,2.84073,2.84073,49127,Brasilien,4000000,True,True,name_team_position,1.0,0.072,0.042,0.085,MAR,2026-06-14 00:00,66.36,0.102934,0.036366,0.071,0.0,0.023,0.056,0.024,-0.0168193123406294,0.003,29.444,0.635015,0.635015,HAI,2026-06-20 03:00,66.36,0.12393,0.04375,0.078,0.0,0.023,0.04,0.025,-0.0152293311820354,0.003,29.444,0.734741,0.698004,SCO,2026-06-25 00:00,66.36,0.098415,0.034375,0.062,0.0,0.023,0.028,0.022,-0.0180817685055821,0.003,29.444,0.570703,0.513633,1.942002,38626,764,4000000,FWD,False,,4.0,1.2,0.7598566308243727,2.635501935483872,1.2,1.323981,0.45,True,1.35,gabriel martinelli,bra,FWD,gabriel martinelli|bra|FWD,gabriel martinelli|bra,gabriel martinelli|bra,,,,,,,,,,,,,,,,,
jo_ko_gvardiol__cro,Josko Gvardiol,CRO,Kroatien,DEF,3500000,3500000,0.8562,transfermarkt_availability_split_2026_06_01,0.077836,2.840621,2.840621,49339,Kroatien,3500000,True,True,name_team_position,1.0,0.022,0.019,0.013,ENG,2026-06-17 22:00,75.615,0.019192,0.013791,0.019,0.110845,0.082,0.021,0.053,-0.0478634635188409,0.068,74.102,0.431521,0.431521,PAN,2026-06-24 01:00,75.615,0.063595,0.032035,0.02,0.409409,0.082,0.069,0.055,-0.0459299967594461,0.068,74.102,1.462445,1.389323,GHA,2026-06-27 23:00,75.615,0.066566,0.035859,0.024,0.469327,0.082,0.091,0.061,-0.0407236032179025,0.068,74.102,1.660769,1.494692,3.554735,39029,588,3500000,DEF,False,,3.5,2.568,0.8530805687203792,1.7486786729857835,2.568,2.170013,0.45,True,1.35,josko gvardiol,cro,DEF,josko gvardiol|cro|DEF,josko gvardiol|cro,gvardiol josko|cro,,,,,,,,,,,,,,,,,
romano_schmid__aut,Romano Schmid,AUT,Østrig,MID,3000000,3000000,0.8195,transfermarkt_availability_split_2026_06_01,0.0745,2.81282,2.81282,49790,Østrig,3000000,True,True,name_team_position,1.0,0.056,0.09,0.045,JOR,2026-06-17 06:00,71.379,0.202298,0.19375,0.088,0.306614,0.08,0.14,0.055,-0.0350266664567537,0.061,65.776,1.821713,1.821713,ARG,2026-06-22 19:00,71.379,0.046125,0.059263,0.065,0.053806,0.08,0.053,0.047,-0.0427230732624199,0.061,65.776,0.511691,0.486106,ALG,2026-06-28 04:00,71.379,0.108938,0.115368,0.069,0.156188,0.08,0.059,0.048,-0.0413605508144898,0.061,65.776,1.006433,0.90579,3.339837,37061,587,3000000,MID,False,,3.0,2.659,0.6713286713286714,1.9220676923076925,2.659,2.281646,0.45,True,1.35,romano schmid,aut,MID,romano schmid|aut|MID,romano schmid|aut,romano schmid|aut,,,,,,,,,,,,,,,,,
r_ben_dias__por,Ruben Dias,POR,Portugal,DEF,4000000,4000000,0.8077,transfermarkt_availability_split_2026_06_01,0.073427,2.812349,2.812349,49798,Portugal,4000000,True,True,name_team_position,1.0,0.009,0.021,0.003,COD,2026-06-17 19:00,75.33,0.027338,0.040625,0.006,0.316576,0.074,0.15,0.055,-0.0364395468657028,0.056,66.471,1.138931,1.138931,UZB,2026-06-23 19:00,75.33,0.02916,0.040625,0.006,0.334563,0.074,0.087,0.056,-0.0351591216598257,0.056,66.471,1.128714,1.072279,COL,2026-06-28 01:30,75.33,0.016147,0.024576,0.005,0.167589,0.074,0.061,0.049,-0.0415718761340197,0.056,66.471,0.594734,0.535261,2.863897,35657,585,4000000,DEF,False,,4.0,1.803,0.9253554502369667,1.8968306161137456,1.803,1.616936,0.45,True,1.35,ruben dias,por,DEF,ruben dias|por|DEF,ruben dias|por,dias ruben|por,,,,,,,,,,,,,,,,,
enner_valencia__ecu,Enner Valencia,ECU,Ecuador,FWD,4000000,4000000,0.8568,transfermarkt_availability_split_2026_06_01,0.077891,2.808651,2.808651,49069,Ecuador,4000000,True,True,name_team_position,1.0,0.103,0.055,0.109,CIV,2026-06-15 01:00,67.04,0.127124,0.043946,0.107,0.0,0.033,0.053,0.031,-0.0270531455124269,0.026,42.571,0.797281,0.797281,CUW,2026-06-21 02:00,67.04,0.242393,0.076563,0.137,0.0,0.033,0.053,0.035,-0.0230589969583852,0.026,42.571,1.394202,1.324492,GER,2026-06-25 22:00,67.04,0.065812,0.028087,0.121,0.0,0.033,0.043,0.033,-0.0256899381291981,0.026,42.571,0.511819,0.460637,2.70214,32199,881,4000000,FWD,False,,4.0,2.204,0.7598566308243727,2.635501935483872,2.204,2.076981,0.45,True,1.35,enner valencia,ecu,FWD,enner valencia|ecu|FWD,enner valencia|ecu,enner valencia|ecu,,,,,,,,,,,,,,,,,
nicolas_jackson__sen,Nicolas Jackson,SEN,Senegal,FWD,4500000,4500000,0.6272,transfermarkt_availability_split_2026_06_01,0.057018,2.80808,2.80808,49646,Senegal,4500000,True,True,name_team_position,1.0,0.095,0.062,0.106,FRA,2026-06-16 21:00,66.95,0.064125,0.03328,0.124,0.0,0.041,-0.002,0.037,-0.0344205795379552,0.045,52.857,0.484919,0.484919,NOR,2026-06-23 02:00,66.95,0.091734,0.045623,0.134,0.0,0.041,0.048,0.039,-0.033140833978831,0.045,52.857,0.695664,0.660881,IRQ,2026-06-26 21:00,66.95,0.271015,0.106557,0.165,0.0,0.041,0.065,0.043,-0.0288860833877791,0.045,52.857,1.651845,1.48666,2.832428,41456,975,4500000,FWD,False,,4.5,2.503,0.8279569892473119,2.871702580645162,2.503,2.339229,0.45,True,1.35,nicolas jackson,sen,FWD,nicolas jackson|sen|FWD,nicolas jackson|sen,jackson nicolas|sen,,,,,,,,,,,,,,,,,
juan_manuel_sanabria__uru,Juan Manuel Sanabria,URU,Uruguay,MID,3000000,3000000,0.5812,transfermarkt_availability_split_2026_06_01,0.052836,2.805928,2.805928,49348,Uruguay,3000000,True,True,name_team_position,1.0,0.095,0.046,0.107,KSA,2026-06-16 00:00,66.824,0.15693,0.044561,0.096,0.0,0.029,0.068,0.027,-0.0226510577601401,0.016,36.753,1.073682,1.073682,CPV,2026-06-22 00:00,66.824,0.195008,0.054688,0.116,0.0,0.029,0.046,0.03,-0.0198183645996961,0.016,36.753,1.298286,1.233371,ESP,2026-06-27 02:00,66.824,0.052313,0.020094,0.101,0.0,0.029,0.037,0.028,-0.0223045667277608,0.016,36.753,0.452542,0.407288,2.82451,40033,783,3000000,MID,False,,3.0,1.788,0.6713286713286714,1.9220676923076925,1.788,1.628396,0.45,True,1.35,juan manuel sanabria,uru,MID,juan manuel sanabria|uru|MID,juan manuel sanabria|uru,juan manuel sanabria|uru,,,,,,,,,,,,,,,,,
manu_kon__fra,Manu Koné,FRA,Frankrig,MID,3500000,3500000,0.38,start_vs_appearance_context_override_2026_06_04,0.052,2.799984,2.799984,49485,Frankrig,3500000,True,True,name_team_position,1.0,0.032,0.047,0.026,SEN,2026-06-16 21:00,70.938,0.091125,0.078125,0.038,0.0,0.064,0.109,0.043,-0.0296573842063658,0.039,52.508,0.825343,0.825343,IRQ,2026-06-22 23:00,70.938,0.096593,0.082813,0.041,0.0,0.064,0.069,0.044,-0.0278112363029543,0.039,52.508,0.832593,0.790963,NOR,2026-06-26 21:00,70.938,0.066898,0.059529,0.033,0.0,0.064,0.051,0.04,-0.0322312709459553,0.039,52.508,0.579846,0.521861,2.237782,40206,592,3500000,MID,False,,3.5,1.4,0.8263403263403264,2.3658784615384616,1.4,1.403756,0.45,True,1.35,manu kone,fra,MID,manu kone|fra|MID,manu kone|fra,kone manu|fra,,,,,,,,,,,,,,,,,
konrad_laimer__aut,Konrad Laimer,AUT,Østrig,MID,3000000,3000000,0.8698,transfermarkt_availability_split_2026_06_01,0.079073,2.793074,2.793074,49407,Østrig,3000000,True,True,name_team_position,1.0,0.057,0.073,0.049,JOR,2026-06-17 06:00,71.485,0.213233,0.164062,0.099,0.373963,0.083,0.145,0.057,-0.0362969258036224,0.064,68.161,1.804054,1.804054,ARG,2026-06-22 19:00,71.485,0.048938,0.050245,0.073,0.065866,0.083,0.055,0.048,-0.0442724466007463,0.064,68.161,0.508153,0.482745,ALG,2026-06-28 04:00,71.485,0.115199,0.09771,0.078,0.190896,0.083,0.061,0.05,-0.0428605116037533,0.064,68.161,0.996264,0.896638,3.308471,35534,587,3000000,MID,False,,3.0,2.642,0.6713286713286714,1.9220676923076925,2.642,2.268896,0.45,True,1.35,konrad laimer,aut,MID,konrad laimer|aut|MID,konrad laimer|aut,konrad laimer|aut,,,,,,,,,,,,,,,,,
aur_lien_tchouam_ni__fra,Aurelien Tchouameni,FRA,Frankrig,MID,3500000,3500000,0.8272,transfermarkt_availability_split_2026_06_01,0.0752,2.787585,2.787585,48869,Frankrig,3500000,True,True,name_team_position,1.0,0.031,0.05,0.025,SEN,2026-06-16 21:00,70.779,0.08748,0.082813,0.037,0.0,0.064,0.108,0.042,-0.0294832224076877,0.039,52.2,0.818356,0.818356,IRQ,2026-06-22 23:00,70.779,0.092948,0.0875,0.039,0.0,0.064,0.068,0.044,-0.0276479159337579,0.039,52.2,0.825592,0.784312,NOR,2026-06-26 21:00,70.779,0.063786,0.063682,0.032,0.0,0.064,0.05,0.04,-0.0320419941006824,0.039,52.2,0.574934,0.517441,2.218882,41619,592,3500000,MID,False,,3.5,1.392,0.8263403263403264,2.3658784615384616,1.392,1.397756,0.45,True,1.35,aurelien tchouameni,fra,MID,aurelien tchouameni|fra|MID,aurelien tchouameni|fra,aurelien tchouameni|fra,,,,,,,,,,,,,,,,,
son_heung_min__kor,Heung-Min Son,KOR,Sydkorea,FWD,6000000,6000000,0.8464,transfermarkt_availability_split_2026_06_01,0.076945,2.774766,2.774766,49183,Sydkorea,6000000,True,True,name_team_position,1.0,0.097,0.057,0.101,CZE,2026-06-12 04:00,67.067,0.151634,0.061771,0.153,0.0,0.043,0.053,0.043,-0.0314701341974685,0.048,54.699,1.014379,1.014379,MEX,2026-06-19 03:00,67.067,0.070904,0.033636,0.122,0.0,0.043,0.044,0.038,-0.0355022121532445,0.048,54.699,0.558022,0.530121,RSA,2026-06-25 03:00,67.067,0.160277,0.061216,0.131,0.0,0.043,0.049,0.04,-0.0342523809169666,0.048,54.699,1.015504,0.913953,2.587905,28724,774,6000000,FWD,False,,6.0,2.53,0.9372759856630823,3.250866774193549,2.53,2.420477,0.45,True,1.35,heung min son,kor,FWD,heung min son|kor|FWD,heung min son|kor,heung min son|kor,,,,,,,,,,,,,,,,,
declan_rice__eng,Declan Rice,ENG,England,MID,4500000,4500000,0.8465,transfermarkt_availability_split_2026_06_01,0.076955,2.764994,2.764994,49003,England,4500000,True,True,name_team_position,1.0,0.034,0.057,0.026,CRO,2026-06-17 22:00,71.255,0.059716,0.062927,0.029,0.0,0.049,0.07,0.033,-0.0230657032067481,0.018,40.401,0.565295,0.565295,GHA,2026-06-23 22:00,71.255,0.076545,0.075,0.031,0.0,0.049,0.051,0.034,-0.0217712902843852,0.018,40.401,0.670954,0.637406,PAN,2026-06-27 23:00,71.255,0.063788,0.0625,0.026,0.0,0.049,0.039,0.031,-0.0246992449761524,0.018,40.401,0.546741,0.492067,1.78299,35062,769,4500000,MID,False,,4.5,1.108,0.93006993006993,2.662864615384616,1.108,1.229163,0.45,True,1.35,declan rice,eng,MID,declan rice|eng|MID,declan rice|eng,declan rice|eng,,,,,,,,,,,,,,,,,
gon_alo_ramos__por,Goncalo Ramos,POR,Portugal,FWD,5000000,5000000,0.6042,transfermarkt_availability_split_2026_06_01,0.054927,2.758784,2.758784,49143,Portugal,5000000,True,True,name_team_position,1.0,0.064,0.04,0.074,COD,2026-06-17 19:00,66.36,0.091125,0.032813,0.056,0.0,0.02,0.058,0.021,-0.0139293256439976,-0.004,25.409,0.56001,0.56001,UZB,2026-06-23 19:00,66.36,0.092948,0.034375,0.058,0.0,0.02,0.033,0.021,-0.0134398722564135,-0.004,25.409,0.549477,0.522003,COL,2026-06-28 01:30,66.36,0.050927,0.019895,0.046,0.0,0.02,0.023,0.019,-0.0158912020074464,-0.004,25.409,0.311502,0.280352,1.422462,41301,585,5000000,FWD,False,,5.0,0.923,0.8709677419354839,3.020881935483872,0.923,1.178228,0.45,True,1.35,goncalo ramos,por,FWD,goncalo ramos|por|FWD,goncalo ramos|por,goncalo ramos|por,,,,,,,,,,,,,,,,,
sebastian_berhalter__usa,Sebastian Berhalter,USA,USA,MID,3000000,3000000,0.6894,transfermarkt_availability_split_2026_06_01,0.062673,2.752327,2.752327,49833,USA,3000000,True,True,name_team_position,1.0,0.047,0.082,0.041,PAR,2026-06-13 03:00,71.364,0.11877,0.133282,0.076,0.214625,0.08,0.092,0.053,-0.0366860902399045,0.06,65.405,1.15801,1.15801,AUS,2026-06-19 21:00,71.364,0.137782,0.147715,0.077,0.241741,0.08,0.079,0.053,-0.0364704929739479,0.06,65.405,1.284585,1.220355,TUR,2026-06-26 04:00,71.364,0.076493,0.091283,0.064,0.117286,0.08,0.059,0.048,-0.0409568752710321,0.06,65.405,0.766357,0.689721,3.21018,49806,784,3000000,MID,False,,3.0,2.492,0.6713286713286714,1.9220676923076925,2.492,2.156396,0.45,True,1.35,sebastian berhalter,usa,MID,sebastian berhalter|usa|MID,sebastian berhalter|usa,berhalter sebastian|usa,,,,,,,,,,,,,,,,,
ismael_saibari__mar,Ismael Saibari,MAR,Marokko,MID,3500000,3500000,0.6814,transfermarkt_availability_split_2026_06_01,0.061945,2.748904,2.748904,49227,Marokko,3500000,True,True,name_team_position,1.0,0.052,0.064,0.041,BRA,2026-06-14 00:00,71.39,0.043875,0.04288,0.06,0.054107,0.081,0.008,0.047,-0.0426138493461518,0.061,66.0,0.400401,0.400401,SCO,2026-06-20 00:00,71.39,0.109953,0.087596,0.064,0.181391,0.081,0.061,0.049,-0.0410669494261832,0.061,66.0,0.925486,0.879212,HAI,2026-06-25 00:00,71.39,0.191362,0.140625,0.08,0.342476,0.081,0.086,0.055,-0.0348620701806042,0.061,66.0,1.544823,1.390341,2.87071,45048,974,3500000,MID,False,,3.5,2.22,0.8263403263403264,2.3658784615384616,2.22,2.018756,0.45,True,1.35,ismael saibari,mar,MID,ismael saibari|mar|MID,ismael saibari|mar,ismael saibari|mar,,,,,,,,,,,,,,,,,
iliman_ndiaye__sen,Iliman Ndiaye,SEN,Senegal,MID,3000000,3000000,0.7625,transfermarkt_availability_split_2026_06_01,0.069318,2.730918,2.730918,49216,Senegal,3000000,True,True,name_team_position,1.0,0.092,0.054,0.107,FRA,2026-06-16 21:00,67.082,0.06525,0.03008,0.132,0.002995,0.043,-0.002,0.039,-0.0362354755787604,0.05,55.644,0.556255,0.556255,NOR,2026-06-23 02:00,67.082,0.093226,0.041549,0.142,0.005538,0.043,0.05,0.041,-0.0348882527958453,0.05,55.644,0.795889,0.756094,IRQ,2026-06-26 21:00,67.082,0.276399,0.097291,0.175,0.017987,0.043,0.069,0.046,-0.0304091617054187,0.05,55.644,1.940459,1.746413,3.292603,40263,975,3000000,MID,False,,3.0,2.523,0.6713286713286714,1.9220676923076925,2.523,2.179646,0.45,True,1.35,iliman ndiaye,sen,MID,iliman ndiaye|sen|MID,iliman ndiaye|sen,iliman ndiaye|sen,,,,,,,,,,,,,,,,,
jo_o_f_lix__por,João Felix,POR,Portugal,FWD,4500000,4500000,0.7051,transfermarkt_availability_split_2026_06_01,0.0641,2.722761,2.722761,49288,Portugal,4500000,True,True,name_team_position,1.0,0.064,0.04,0.077,COD,2026-06-17 19:00,66.36,0.098415,0.035938,0.063,0.0,0.021,0.062,0.023,-0.015078886078446,-0.0,27.506,0.613395,0.613395,UZB,2026-06-23 19:00,66.36,0.100238,0.0375,0.065,0.0,0.021,0.036,0.023,-0.014549039044877,-0.0,27.506,0.601903,0.571808,COL,2026-06-28 01:30,66.36,0.054653,0.022235,0.051,0.0,0.021,0.025,0.02,-0.017202672321981,-0.0,27.506,0.343114,0.308803,1.559877,37018,585,4500000,FWD,False,,4.5,1.017,0.8279569892473119,2.871702580645162,1.017,1.224729,0.45,True,1.35,joao felix,por,FWD,joao felix|por|FWD,joao felix|por,felix joao|por,,,,,,,,,,,,,,,,,
hern_n_gal_ndez__ecu,Hernan Galindez,ECU,Ecuador,GK,3500000,3500000,0.4884,transfermarkt_availability_split_2026_06_01,0.0444,2.719327,2.719327,49182,Ecuador,3500000,True,True,name_team_position,1.0,0.001,0.0,0.0,CIV,2026-06-15 01:00,80.636,0.0,0.0,0.0,0.362903,0.026,0.098,0.057,-0.0502184813774713,0.068,79.023,1.16291,1.16291,CUW,2026-06-21 02:00,80.636,0.0,0.0,0.0,0.717478,0.026,0.098,0.065,-0.0428041836689901,0.068,79.023,2.171134,2.062578,GER,2026-06-25 22:00,80.636,0.0,0.0,0.0,0.142375,0.026,0.08,0.061,-0.0476879732501683,0.068,79.023,0.533962,0.480566,3.868006,43270,881,3500000,GK,False,,3.5,2.964,0.684375,1.2103171874999996,2.964,2.35132,0.45,True,1.35,hernan galindez,ecu,GK,hernan galindez|ecu|GK,hernan galindez|ecu,galindez hernan|ecu,,,,,,,,,,,,,,,,,
ferr_n_torres__esp,Ferran Torres,ESP,Spanien,FWD,5000000,5000000,0.8416,transfermarkt_availability_split_2026_06_01,0.076509,2.692564,2.692564,49105,Spanien,5000000,True,True,name_team_position,1.0,0.05,0.036,0.058,CPV,2026-06-15 18:00,66.36,0.069255,0.029687,0.042,0.0,0.018,0.064,0.02,-0.0118861578454097,-0.008,23.233,0.454195,0.454195,KSA,2026-06-21 18:00,66.36,0.067433,0.028125,0.041,0.0,0.018,0.03,0.019,-0.012305293789591,-0.008,23.233,0.405802,0.385512,URU,2026-06-27 02:00,66.36,0.048608,0.021417,0.034,0.0,0.018,0.022,0.018,-0.0142928434116074,-0.008,23.233,0.29239,0.263151,1.153919,36050,595,5000000,FWD,False,,5.0,0.72,0.8709677419354839,3.020881935483872,0.72,1.025978,0.45,True,1.35,ferran torres,esp,FWD,ferran torres|esp|FWD,ferran torres|esp,ferran torres|esp,,,,,,,,,,,,,,,,,
william_saliba__fra,William Saliba,FRA,Frankrig,DEF,4500000,4500000,0.6775,transfermarkt_availability_split_2026_06_01,0.061591,2.688618,2.688618,49945,Frankrig,4500000,True,True,name_team_position,1.0,0.009,0.013,0.004,SEN,2026-06-16 21:00,75.163,0.027338,0.023438,0.006,0.210458,0.07,0.132,0.052,-0.0357751934908538,0.051,63.34,0.832574,0.832574,IRQ,2026-06-22 23:00,75.163,0.02916,0.025,0.007,0.283838,0.07,0.083,0.053,-0.0335482169646131,0.051,63.34,0.964855,0.916613,NOR,2026-06-26 21:00,75.163,0.020225,0.017997,0.006,0.153295,0.07,0.061,0.048,-0.0388800288833357,0.051,63.34,0.56971,0.512739,2.367139,38754,592,4500000,DEF,False,,4.5,1.405,0.9727488151658767,1.9939794312796224,1.405,1.331993,0.45,True,1.35,william saliba,fra,DEF,william saliba|fra|DEF,william saliba|fra,saliba william|fra,,,,,,,,,,,,,,,,,
johan_v_squez__mex,Johan Vasquez,MEX,Mexico,DEF,3000000,3000000,0.6207,transfermarkt_availability_split_2026_06_01,0.056427,2.686858,2.686858,49303,Mexico,3000000,True,True,name_team_position,1.0,0.011,0.03,0.006,RSA,2026-06-11 21:00,75.318,0.034627,0.059375,0.011,0.36886,0.076,0.135,0.056,-0.0375603955455964,0.058,68.012,1.343819,1.343819,KOR,2026-06-19 03:00,75.318,0.028656,0.050036,0.011,0.301356,0.076,0.08,0.055,-0.0382592379959,0.058,68.012,1.074768,1.02103,CZE,2026-06-25 03:00,75.318,0.021977,0.040342,0.009,0.224872,0.076,0.064,0.051,-0.0421366724023648,0.058,68.012,0.81147,0.730323,3.230057,41184,775,3000000,DEF,False,,3.0,2.052,0.7085308056872038,1.452374786729859,2.052,1.741666,0.45,True,1.35,johan vasquez,mex,DEF,johan vasquez|mex|DEF,johan vasquez|mex,johan vasquez|mex,,,,,,,,,,,,,,,,,
marc_cucurella__esp,Marc Cucurella,ESP,Spanien,DEF,4500000,4500000,0.6634,transfermarkt_availability_split_2026_06_01,0.060309,2.672594,2.672594,49488,Spanien,4500000,True,True,name_team_position,1.0,0.007,0.011,0.003,CPV,2026-06-15 18:00,75.123,0.02187,0.021875,0.004,0.251349,0.069,0.172,0.053,-0.0318503656992012,0.049,62.255,0.926962,0.926962,KSA,2026-06-21 18:00,75.123,0.020048,0.021875,0.004,0.245992,0.069,0.082,0.052,-0.0329734900320159,0.049,62.255,0.812122,0.771516,URU,2026-06-27 02:00,75.123,0.014582,0.015706,0.004,0.144457,0.069,0.06,0.047,-0.0382993643077793,0.049,62.255,0.505116,0.454604,2.242543,36730,595,4500000,DEF,False,,4.5,1.298,0.9727488151658767,1.9939794312796224,1.298,1.251743,0.45,True,1.35,marc cucurella,esp,DEF,marc cucurella|esp|DEF,marc cucurella|esp,cucurella marc|esp,,,,,,,,,,,,,,,,,
stefan_posch__aut,Stefan Posch,AUT,Østrig,DEF,3000000,3000000,0.7042,transfermarkt_availability_split_2026_06_01,0.064018,2.655883,2.655883,49862,Østrig,3000000,True,True,name_team_position,1.0,0.022,0.029,0.012,JOR,2026-06-17 06:00,75.555,0.08019,0.064062,0.023,0.529928,0.082,0.157,0.061,-0.0392286353012611,0.067,73.666,2.025939,2.025939,ARG,2026-06-22 19:00,75.555,0.018,0.019325,0.017,0.093233,0.082,0.059,0.052,-0.0478483404074377,0.067,73.666,0.436239,0.414427,ALG,2026-06-28 04:00,75.555,0.042573,0.037671,0.018,0.270229,0.082,0.066,0.054,-0.0463223631562018,0.067,73.666,1.039632,0.935669,3.50181,35210,587,3000000,DEF,False,,3.0,2.758,0.7085308056872038,1.452374786729859,2.758,2.271166,0.45,True,1.35,stefan posch,aut,DEF,stefan posch|aut|DEF,stefan posch|aut,posch stefan|aut,,,,,,,,,,,,,,,,,
mikel_merino__esp,Mikel Merino,ESP,Spanien,MID,4500000,4500000,0.74,transfermarkt_availability_split_2026_06_01,0.067273,2.636136,2.636136,49563,Spanien,4500000,True,True,name_team_position,1.0,0.026,0.038,0.016,CPV,2026-06-15 18:00,70.603,0.063788,0.05625,0.022,0.0,0.052,0.118,0.036,-0.0218463024921925,0.023,42.701,0.612844,0.612844,KSA,2026-06-21 18:00,70.603,0.061965,0.054688,0.021,0.0,0.052,0.056,0.036,-0.0226166582910155,0.023,42.701,0.535272,0.508509,URU,2026-06-27 02:00,70.603,0.045367,0.041406,0.017,0.0,0.052,0.041,0.032,-0.0262696983082807,0.023,42.701,0.385783,0.347205,1.533899,34315,595,4500000,MID,False,,4.5,0.961,0.93006993006993,2.662864615384616,0.961,1.118913,0.45,True,1.35,mikel merino,esp,MID,mikel merino|esp|MID,mikel merino|esp,merino mikel|esp,,,,,,,,,,,,,,,,,
ryan_gravenberch__ned,Ryan Gravenberch,NED,Holland,MID,3500000,3500000,0.5323,transfermarkt_availability_split_2026_06_01,0.048391,2.631622,2.631622,49805,Holland,3500000,True,True,name_team_position,1.0,0.031,0.056,0.025,JPN,2026-06-14 22:00,70.977,0.069654,0.079295,0.041,0.050233,0.071,0.079,0.047,-0.0326020467106112,0.048,57.722,0.697553,0.697553,SWE,2026-06-20 19:00,70.977,0.084557,0.093133,0.041,0.064225,0.071,0.069,0.047,-0.0322813246617915,0.048,57.722,0.803903,0.763708,TUN,2026-06-26 01:00,70.977,0.079109,0.085186,0.035,0.058652,0.071,0.055,0.044,-0.035463214568229,0.048,57.722,0.72664,0.653976,2.228096,39007,593,3500000,MID,False,,3.5,1.532,0.8263403263403264,2.3658784615384616,1.532,1.502756,0.45,True,1.35,ryan gravenberch,ned,MID,ryan gravenberch|ned|MID,ryan gravenberch|ned,gravenberch ryan|ned,,,,,,,,,,,,,,,,,
thiago_almada__arg,Thiago Almada,ARG,Argentina,MID,5500000,5500000,0.6347,transfermarkt_availability_split_2026_06_01,0.0577,2.60672,2.60672,49890,Argentina,5500000,True,True,name_team_position,1.0,0.031,0.045,0.026,ALG,2026-06-17 03:00,70.412,0.052852,0.045312,0.024,0.0,0.039,0.068,0.026,-0.0177646557126097,0.004,31.897,0.465431,0.465431,AUT,2026-06-22 19:00,70.412,0.04561,0.04158,0.023,0.0,0.039,0.038,0.026,-0.0180570074130555,0.004,31.897,0.386733,0.367396,JOR,2026-06-28 04:00,70.412,0.047385,0.042188,0.022,0.0,0.039,0.035,0.025,-0.0186274468430437,0.004,31.897,0.391862,0.352675,1.244026,43193,762,5500000,MID,False,,5.5,0.765,0.9790209790209792,2.8030153846153847,0.765,0.992869,0.45,True,1.35,thiago almada,arg,MID,thiago almada|arg|MID,thiago almada|arg,almada thiago|arg,,,,,,,,,,,,,,,,,
charles_de_ketelaere__bel,Charles De Ketelaere,BEL,Belgien,FWD,6000000,6000000,0.6079,transfermarkt_availability_split_2026_06_01,0.055264,2.605699,2.605699,48949,Belgien,6000000,True,True,name_team_position,1.0,0.027,0.045,0.022,EGY,2026-06-15 21:00,70.594,0.046128,0.046457,0.022,0.0,0.044,0.065,0.029,-0.0202970648830108,0.011,36.165,0.386586,0.386586,IRN,2026-06-21 21:00,70.594,0.052852,0.051563,0.022,0.0,0.044,0.044,0.03,-0.0201540097815217,0.011,36.165,0.408943,0.388496,NZL,2026-06-27 05:00,70.594,0.047385,0.046875,0.02,0.0,0.044,0.038,0.028,-0.0213386077827605,0.011,36.165,0.361826,0.325644,1.157355,39011,884,6000000,FWD,False,,6.0,0.805,0.9372759856630823,3.250866774193549,0.805,1.126727,0.45,True,1.35,charles de ketelaere,bel,FWD,charles de ketelaere|bel|FWD,charles de ketelaere|bel,charles de ketelaere|bel,,,,,,,,,,,,,,,,,
enzo_fern_ndez__arg,Enzo Fernandez,ARG,Argentina,MID,5000000,5000000,0.9015,transfermarkt_availability_split_2026_06_01,0.081955,2.60551,2.60551,49070,Argentina,5000000,True,True,name_team_position,1.0,0.031,0.046,0.026,ALG,2026-06-17 03:00,70.466,0.054675,0.046875,0.024,0.0,0.039,0.069,0.026,-0.0179784324673115,0.005,32.281,0.481022,0.481022,AUT,2026-06-22 19:00,70.466,0.04724,0.043013,0.024,0.0,0.039,0.038,0.026,-0.0182743022769042,0.005,32.281,0.400965,0.380916,JOR,2026-06-28 04:00,70.466,0.049208,0.04375,0.022,0.0,0.039,0.035,0.025,-0.018851606275059,0.005,32.281,0.406438,0.365795,1.288425,42984,762,5000000,MID,False,,5.0,0.787,0.9603729603729604,2.749624615384616,0.787,1.001386,0.45,True,1.35,enzo fernandez,arg,MID,enzo fernandez|arg|MID,enzo fernandez|arg,enzo fernandez|arg,,,,,,,,,,,,,,,,,
ibrahim_maza__alg,Ibrahim Maza,ALG,Algeriet,MID,3000000,3000000,0.7371,transfermarkt_availability_split_2026_06_01,0.067009,2.598846,2.598846,49204,Algeriet,3000000,True,True,name_team_position,1.0,0.104,0.066,0.113,ARG,2026-06-17 03:00,67.102,0.068062,0.03392,0.128,0.0,0.041,-0.005,0.036,-0.034245504337138,0.044,52.286,0.569824,0.569824,JOR,2026-06-23 05:00,67.102,0.220644,0.086695,0.149,0.0,0.041,0.051,0.04,-0.0315525566999008,0.044,52.286,1.574752,1.496015,AUT,2026-06-28 04:00,67.102,0.116424,0.055257,0.16,0.0,0.041,0.056,0.041,-0.0306929975165138,0.044,52.286,0.977198,0.879478,3.121774,43760,761,3000000,MID,False,,3.0,2.605,0.6713286713286714,1.9220676923076925,2.605,2.241146,0.45,True,1.35,ibrahim maza,alg,MID,ibrahim maza|alg|MID,ibrahim maza|alg,ibrahim maza|alg,,,,,,,,,,,,,,,,,
mario_pa_ali__cro,Mario Pasalic,CRO,Kroatien,MID,3500000,3500000,0.7032,transfermarkt_availability_split_2026_06_01,0.063927,2.597242,2.597242,49501,Kroatien,3500000,True,True,name_team_position,1.0,0.079,0.052,0.094,ENG,2026-06-17 22:00,66.648,0.037219,0.019998,0.075,0.0,0.027,0.01,0.025,-0.0226608079060127,0.013,35.084,0.319428,0.319428,PAN,2026-06-24 01:00,66.648,0.121889,0.048815,0.081,0.0,0.027,0.033,0.026,-0.0217454140835398,0.013,35.084,0.860145,0.817137,GHA,2026-06-27 23:00,66.648,0.128487,0.05241,0.097,0.0,0.027,0.043,0.029,-0.0192804632577061,0.013,35.084,0.935385,0.841846,2.114958,32327,588,3500000,MID,False,,3.5,1.394,0.8263403263403264,2.3658784615384616,1.394,1.399256,0.45,True,1.35,mario pasalic,cro,MID,mario pasalic|cro|MID,mario pasalic|cro,mario pasalic|cro,,,,,,,,,,,,,,,,,
dan_ndoye__sui,Dan Ndoye,SUI,Schweiz,FWD,4000000,4000000,0.8479,transfermarkt_availability_split_2026_06_01,0.077082,2.587813,2.587813,48978,Schweiz,4000000,True,True,name_team_position,1.0,0.061,0.036,0.077,QAT,2026-06-13 21:00,66.544,0.096593,0.034375,0.065,0.0,0.026,0.076,0.025,-0.020606634312256,0.011,33.738,0.61989,0.61989,BIH,2026-06-18 21:00,66.544,0.103486,0.036972,0.075,0.0,0.026,0.04,0.027,-0.0189013525287008,0.011,33.738,0.632959,0.601311,CAN,2026-06-24 21:00,66.544,0.076717,0.029051,0.073,0.0,0.026,0.038,0.027,-0.0193786311156639,0.011,33.738,0.497642,0.447878,1.751892,43365,583,4000000,FWD,False,,4.0,1.187,0.7598566308243727,2.635501935483872,1.187,1.314231,0.45,True,1.35,dan ndoye,sui,FWD,dan ndoye|sui|FWD,dan ndoye|sui,dan ndoye|sui,,,,,,,,,,,,,,,,,
francisco_trinc_o__por,Francisco Trincao,POR,Portugal,FWD,4000000,4000000,0.5447,transfermarkt_availability_split_2026_06_01,0.049518,2.582626,2.582626,49118,Portugal,4000000,True,True,name_team_position,1.0,0.067,0.04,0.074,COD,2026-06-17 19:00,66.36,0.10206,0.035938,0.06,0.0,0.021,0.062,0.022,-0.0149151828520214,-0.001,27.208,0.623139,0.623139,UZB,2026-06-23 19:00,66.36,0.103883,0.035938,0.062,0.0,0.021,0.036,0.023,-0.0143910880781654,-0.001,27.208,0.607955,0.577557,COL,2026-06-28 01:30,66.36,0.055896,0.022235,0.049,0.0,0.021,0.025,0.02,-0.0170159123088352,-0.001,27.208,0.345273,0.310746,1.576367,39587,585,4000000,FWD,False,,4.0,1.025,0.7598566308243727,2.635501935483872,1.025,1.192731,0.45,True,1.35,francisco trincao,por,FWD,francisco trincao|por|FWD,francisco trincao|por,francisco trincao|por,,,,,,,,,,,,,,,,,
leon_goretzka__ger,Leon Goretzka,GER,Tyskland,MID,4500000,4500000,0.7892,transfermarkt_availability_split_2026_06_01,0.071745,2.570678,2.570678,49432,Tyskland,4500000,True,True,name_team_position,1.0,0.027,0.035,0.022,CUW,2026-06-14 19:00,70.556,0.06561,0.051563,0.03,0.0,0.053,0.126,0.036,-0.0223160162515025,0.023,43.145,0.622423,0.622423,CIV,2026-06-20 22:00,70.556,0.057965,0.044535,0.028,0.0,0.053,0.052,0.035,-0.0240579816692482,0.023,43.145,0.484372,0.460153,ECU,2026-06-25 22:00,70.556,0.046671,0.036936,0.024,0.0,0.053,0.041,0.033,-0.0266137455776429,0.023,43.145,0.385549,0.346994,1.490856,31202,589,4500000,MID,False,,4.5,0.96,0.93006993006993,2.662864615384616,0.96,1.118163,0.45,True,1.35,leon goretzka,ger,MID,leon goretzka|ger|MID,leon goretzka|ger,goretzka leon|ger,,,,,,,,,,,,,,,,,
tani_oluwaseyi__can,Tani Oluwaseyi,CAN,Canada,FWD,2500000,2500000,0.6748,transfermarkt_availability_split_2026_06_01,0.061345,2.567583,2.567583,49875,Canada,2500000,True,True,name_team_position,1.0,0.119,0.079,0.155,BIH,2026-06-12 21:00,67.058,0.217539,0.091046,0.19,0.0,0.034,0.057,0.035,-0.0243743301799366,0.027,43.105,1.39392,1.39392,QAT,2026-06-19 00:00,67.058,0.27702,0.109375,0.193,0.0,0.034,0.052,0.035,-0.0239065903900367,0.027,43.105,1.685298,1.601033,SUI,2026-06-24 21:00,67.058,0.08869,0.04453,0.153,0.0,0.034,0.036,0.031,-0.0276197933680271,0.027,43.105,0.67373,0.606357,3.752948,48773,1059,2500000,FWD,False,,2.5,2.815,0.2939068100358423,1.0193922580645165,2.815,2.275243,0.45,True,1.35,tani oluwaseyi,can,FWD,tani oluwaseyi|can|FWD,tani oluwaseyi|can,oluwaseyi tani|can,,,,,,,,,,,,,,,,,
leroy_san__ger,Leroy Sane,GER,Tyskland,FWD,5500000,5500000,0.8215,transfermarkt_availability_split_2026_06_01,0.074682,2.56473,2.56473,49435,Tyskland,5500000,True,True,name_team_position,1.0,0.027,0.035,0.022,CUW,2026-06-14 19:00,70.572,0.067433,0.051563,0.029,0.0,0.054,0.129,0.037,-0.0228139207917076,0.025,44.108,0.567607,0.567607,CIV,2026-06-20 22:00,70.572,0.05967,0.046019,0.027,0.0,0.054,0.053,0.036,-0.0245947521289167,0.025,44.108,0.439142,0.417185,ECU,2026-06-25 22:00,70.572,0.046671,0.038357,0.023,0.0,0.054,0.042,0.033,-0.0272075390489161,0.025,44.108,0.343547,0.309193,1.350296,31998,589,5500000,FWD,False,,5.5,0.985,0.9050179211469536,3.1389822580645173,0.985,1.243727,0.45,True,1.35,leroy sane,ger,FWD,leroy sane|ger|FWD,leroy sane|ger,leroy sane|ger,,,,,,,,,,,,,,,,,
kai_havertz__ger,Kai Havertz,GER,Tyskland,FWD,5500000,5500000,0.8043,transfermarkt_availability_split_2026_06_01,0.073118,2.562293,2.562293,49367,Tyskland,5500000,True,True,name_team_position,1.0,0.029,0.037,0.024,CUW,2026-06-14 19:00,70.544,0.067433,0.051563,0.03,0.0,0.05,0.119,0.034,-0.0210714602160618,0.019,40.739,0.55535,0.55535,CIV,2026-06-20 22:00,70.544,0.05967,0.046019,0.028,0.0,0.05,0.049,0.033,-0.0227162768618335,0.019,40.739,0.433021,0.41137,ECU,2026-06-25 22:00,70.544,0.046671,0.036936,0.024,0.0,0.05,0.039,0.031,-0.0251295067551286,0.019,40.739,0.335362,0.301826,1.325053,34949,589,5500000,FWD,False,,5.5,0.961,0.9050179211469536,3.1389822580645173,0.961,1.225727,0.45,True,1.35,kai havertz,ger,FWD,kai havertz|ger|FWD,kai havertz|ger,havertz kai|ger,,,,,,,,,,,,,,,,,
billy_gilmour__sco,Billy Gilmour,SCO,Skotland,MID,3000000,3000000,0.7931,transfermarkt_availability_split_2026_06_01,0.0721,2.550778,2.550778,48902,Skotland,3000000,True,True,name_team_position,1.0,0.063,0.076,0.047,HAI,2026-06-14 03:00,71.597,0.200475,0.14375,0.079,0.342061,0.086,0.144,0.053,-0.0425214155187341,0.068,70.165,1.649104,1.649104,MAR,2026-06-20 00:00,71.597,0.086442,0.078869,0.085,0.140393,0.086,0.073,0.055,-0.041670081152639,0.068,70.165,0.822147,0.78104,BRA,2026-06-25 00:00,71.597,0.064687,0.06144,0.083,0.079908,0.086,0.07,0.054,-0.0424219311237104,0.068,70.165,0.654333,0.5889,3.126597,39067,1022,3000000,MID,False,,3.0,2.933,0.6713286713286714,1.9220676923076925,2.933,2.487146,0.45,True,1.35,billy gilmour,sco,MID,billy gilmour|sco|MID,billy gilmour|sco,billy gilmour|sco,,,,,,,,,,,,,,,,,
dani_olmo__esp,Dani Olmo,ESP,Spanien,MID,5000000,5000000,0.739,transfermarkt_availability_split_2026_06_01,0.067182,2.548845,2.548845,48979,Spanien,5000000,True,True,name_team_position,1.0,0.021,0.041,0.015,CPV,2026-06-15 18:00,70.49,0.047385,0.05625,0.019,0.0,0.048,0.109,0.034,-0.0202244190957553,0.017,39.531,0.516451,0.516451,KSA,2026-06-21 18:00,70.49,0.047385,0.054688,0.018,0.0,0.048,0.052,0.033,-0.020937583189945,0.017,39.531,0.452051,0.429449,URU,2026-06-27 02:00,70.49,0.034026,0.041406,0.015,0.0,0.048,0.038,0.03,-0.0243194191921308,0.017,39.531,0.322029,0.289826,1.292043,34889,595,5000000,MID,False,,5.0,0.818,0.9603729603729604,2.749624615384616,0.818,1.024636,0.45,True,1.35,dani olmo,esp,MID,dani olmo|esp|MID,dani olmo|esp,dani olmo|esp,,,,,,,,,,,,,,,,,
jude_bellingham__eng,Jude Bellingham,ENG,England,MID,6000000,6000000,0.7202,transfermarkt_availability_split_2026_06_01,0.065473,2.526335,2.526335,49351,England,6000000,True,True,name_team_position,1.0,0.027,0.045,0.021,CRO,2026-06-17 22:00,70.36,0.036748,0.036935,0.017,0.0,0.037,0.052,0.024,-0.0172688735769225,0.002,30.248,0.335276,0.335276,GHA,2026-06-23 22:00,70.36,0.045563,0.045312,0.018,0.0,0.037,0.039,0.025,-0.0162997701027184,0.002,30.248,0.394451,0.374729,PAN,2026-06-27 23:00,70.36,0.038273,0.0375,0.015,0.0,0.037,0.029,0.023,-0.0184918766670781,0.002,30.248,0.317373,0.285636,1.0471,39232,769,6000000,MID,False,,6.0,0.642,0.9883449883449884,2.8297107692307693,0.642,0.90461,0.45,True,1.35,jude bellingham,eng,MID,jude bellingham|eng|MID,jude bellingham|eng,bellingham jude|eng,,,,,,,,,,,,,,,,,
max_arfsten__usa,Max Arfsten,USA,USA,DEF,3000000,3000000,0.8217,transfermarkt_availability_split_2026_06_01,0.0747,2.520277,2.520277,49536,USA,3000000,True,True,name_team_position,1.0,0.021,0.04,0.018,PAR,2026-06-13 03:00,75.309,0.049376,0.060471,0.031,0.263403,0.075,0.096,0.055,-0.0380167008516774,0.058,67.778,1.184139,1.184139,AUS,2026-06-19 21:00,75.309,0.056644,0.068387,0.031,0.297886,0.075,0.081,0.055,-0.0377932838369257,0.058,67.778,1.312581,1.246952,TUR,2026-06-26 04:00,75.309,0.031617,0.041584,0.026,0.143986,0.075,0.062,0.05,-0.0424423879681964,0.058,67.778,0.709781,0.638803,3.207769,49801,784,3000000,DEF,False,,3.0,2.412,0.7085308056872038,1.452374786729859,2.412,2.011666,0.45,True,1.35,max arfsten,usa,DEF,max arfsten|usa|DEF,max arfsten|usa,arfsten max|usa,,,,,,,,,,,,,,,,,
ayase_ueda__jpn,Ayase Ueda,JPN,Japan,FWD,5500000,5500000,0.7167,transfermarkt_availability_split_2026_06_01,0.065155,2.497432,2.497432,48873,Japan,5500000,True,True,name_team_position,1.0,0.072,0.043,0.077,NED,2026-06-14 22:00,66.799,0.049547,0.023251,0.072,0.0,0.032,0.025,0.029,-0.0271031354958025,0.025,41.743,0.359838,0.359838,TUN,2026-06-21 06:00,66.799,0.107728,0.04124,0.077,0.0,0.032,0.038,0.031,-0.0261502936354688,0.025,41.743,0.667482,0.634108,SWE,2026-06-26 01:00,66.799,0.111087,0.043743,0.09,0.0,0.032,0.047,0.033,-0.0239504851899134,0.025,41.743,0.714627,0.643164,1.743084,38322,772,5500000,FWD,False,,5.5,1.448,0.9050179211469536,3.1389822580645173,1.448,1.590977,0.45,True,1.35,ayase ueda,jpn,FWD,ayase ueda|jpn|FWD,ayase ueda|jpn,ayase ueda|jpn,,,,,,,,,,,,,,,,,
noussair_mazraoui__mar,Noussair Mazraoui,MAR,Marokko,DEF,3500000,3500000,0.7704,transfermarkt_availability_split_2026_06_01,0.070036,2.49578,2.49578,49670,Marokko,3500000,True,True,name_team_position,1.0,0.011,0.03,0.007,BRA,2026-06-14 00:00,75.481,0.009562,0.0192,0.01,0.083415,0.08,0.009,0.051,-0.0464452975399783,0.064,71.934,0.30604,0.30604,SCO,2026-06-20 00:00,75.481,0.023562,0.038931,0.011,0.278956,0.08,0.066,0.053,-0.0447593145051225,0.064,71.934,0.941109,0.894053,HAI,2026-06-25 00:00,75.481,0.040095,0.064062,0.014,0.526151,0.08,0.094,0.06,-0.0379965491792397,0.064,71.934,1.704292,1.533862,2.951441,37092,974,3500000,DEF,False,,3.5,2.171,0.8530805687203792,1.7486786729857835,2.171,1.872263,0.45,True,1.35,noussair mazraoui,mar,DEF,noussair mazraoui|mar|DEF,noussair mazraoui|mar,mazraoui noussair|mar,,,,,,,,,,,,,,,,,
anthony_gordon__eng,Anthony Gordon,ENG,England,FWD,4000000,4000000,0.6409,transfermarkt_availability_split_2026_06_01,0.058264,2.491989,2.491989,48844,England,4000000,True,True,name_team_position,1.0,0.035,0.058,0.026,CRO,2026-06-17 22:00,71.336,0.064309,0.065663,0.031,0.0,0.051,0.072,0.034,-0.0238983082093479,0.02,41.86,0.536327,0.536327,GHA,2026-06-23 22:00,71.336,0.08019,0.079687,0.033,0.0,0.051,0.053,0.035,-0.0225571707338713,0.02,41.86,0.627264,0.595901,PAN,2026-06-27 23:00,71.336,0.067433,0.067187,0.027,0.0,0.051,0.041,0.032,-0.025590816099879,0.02,41.86,0.514702,0.463232,1.678293,39133,769,4000000,FWD,False,,4.0,1.172,0.7598566308243727,2.635501935483872,1.172,1.302981,0.45,True,1.35,anthony gordon,eng,FWD,anthony gordon|eng|FWD,anthony gordon|eng,anthony gordon|eng,,,,,,,,,,,,,,,,,
arthur_theate__bel,Arthur Theate,BEL,Belgien,DEF,3000000,3000000,0.6402,transfermarkt_availability_split_2026_06_01,0.0582,2.490073,2.490073,48864,Belgien,3000000,True,True,name_team_position,1.0,0.009,0.014,0.003,EGY,2026-06-15 21:00,75.24,0.023859,0.023933,0.006,0.253303,0.073,0.118,0.054,-0.037096488397314,0.055,66.099,0.895123,0.895123,IRN,2026-06-21 21:00,75.24,0.027338,0.026563,0.006,0.298588,0.073,0.08,0.054,-0.0368350298099196,0.055,66.099,0.985776,0.936487,NZL,2026-06-27 05:00,75.24,0.025515,0.023438,0.005,0.271964,0.073,0.07,0.051,-0.039000092899668,0.055,66.099,0.890725,0.801652,2.771624,41337,884,3000000,DEF,False,,3.0,1.652,0.7085308056872038,1.452374786729859,1.652,1.441666,0.45,True,1.35,arthur theate,bel,DEF,arthur theate|bel|DEF,arthur theate|bel,arthur theate|bel,,,,,,,,,,,,,,,,,
mohamed_amoura__alg,Mohamed Amoura,ALG,Algeriet,FWD,3500000,3500000,0.72,transfermarkt_availability_split_2026_06_01,0.065455,2.47756,2.47756,49576,Algeriet,3500000,True,True,name_team_position,1.0,0.088,0.068,0.114,ARG,2026-06-17 03:00,67.255,0.064687,0.03968,0.146,0.017542,0.046,-0.006,0.041,-0.0385964169812983,0.055,58.928,0.529192,0.529192,JOR,2026-06-23 05:00,67.255,0.211188,0.100678,0.169,0.0796,0.046,0.058,0.045,-0.0355613286703665,0.055,58.928,1.392225,1.322613,AUT,2026-06-28 04:00,67.255,0.111767,0.064466,0.182,0.040456,0.046,0.063,0.046,-0.0345925619576471,0.055,58.928,0.905873,0.815286,2.826304,45847,761,3500000,FWD,False,,3.5,2.709,0.6577060931899642,2.2812009677419365,2.709,2.398734,0.45,True,1.35,mohamed amoura,alg,FWD,mohamed amoura|alg|FWD,mohamed amoura|alg,amoura mohamed|alg,,,,,,,,,,,,,,,,,
deniz_undav__ger,Deniz Undav,GER,Tyskland,FWD,3500000,3500000,0.3287,transfermarkt_availability_split_2026_06_01,0.029882,2.459783,2.459783,49010,Tyskland,3500000,True,True,name_team_position,1.0,0.062,0.032,0.074,CUW,2026-06-14 19:00,66.36,0.112995,0.034375,0.072,0.0,0.024,0.091,0.026,-0.0161251741927434,0.006,31.176,0.70998,0.70998,CIV,2026-06-20 22:00,66.36,0.098882,0.031174,0.068,0.0,0.024,0.038,0.026,-0.0173838888074987,0.006,31.176,0.585666,0.556383,ECU,2026-06-25 22:00,66.36,0.078857,0.025571,0.058,0.0,0.024,0.03,0.024,-0.0192306403851069,0.006,31.176,0.46691,0.420219,1.762556,41790,589,3500000,FWD,False,,3.5,1.13,0.6577060931899642,2.2812009677419365,1.13,1.214484,0.45,True,1.35,deniz undav,ger,FWD,deniz undav|ger|FWD,deniz undav|ger,deniz undav|ger,,,,,,,,,,,,,,,,,
gonzalo_plata__ecu,Gonzalo Plata,ECU,Ecuador,MID,3500000,3500000,0.7964,transfermarkt_availability_split_2026_06_01,0.0724,2.454962,2.454962,49146,Ecuador,3500000,True,True,name_team_position,1.0,0.078,0.094,0.098,CIV,2026-06-15 01:00,66.614,0.068452,0.053198,0.068,0.0,0.024,0.037,0.022,-0.0192484874983688,0.005,30.289,0.590606,0.590606,CUW,2026-06-21 02:00,66.614,0.129398,0.092187,0.087,0.0,0.024,0.038,0.025,-0.0164066250438242,0.005,30.289,1.038144,0.986237,GER,2026-06-25 22:00,66.614,0.035437,0.033965,0.077,0.0,0.024,0.031,0.023,-0.0182785566538498,0.005,30.289,0.372801,0.335521,2.001551,41220,881,3500000,MID,False,,3.5,1.451,0.8263403263403264,2.3658784615384616,1.451,1.442006,0.45,True,1.35,gonzalo plata,ecu,MID,gonzalo plata|ecu|MID,gonzalo plata|ecu,gonzalo plata|ecu,,,,,,,,,,,,,,,,,
lyle_foster__rsa,Lyle Foster,RSA,Sydafrika,FWD,3500000,3500000,0.7768,transfermarkt_availability_split_2026_06_01,0.070618,2.452528,2.452528,49472,Sydafrika,3500000,True,True,name_team_position,1.0,0.155,0.121,0.171,MEX,2026-06-11 21:00,67.555,0.10575,0.06464,0.202,0.001754,0.043,0.002,0.038,-0.0362834537744329,0.048,55.417,0.827637,0.827637,CZE,2026-06-18 18:00,67.555,0.132421,0.080969,0.213,0.003223,0.043,0.046,0.039,-0.035370393771307,0.048,55.417,1.040221,0.98821,KOR,2026-06-25 03:00,67.555,0.183174,0.106328,0.253,0.004298,0.043,0.059,0.043,-0.0324304899813302,0.048,55.417,1.37925,1.241325,3.247862,44354,782,3500000,FWD,False,,3.5,4.07,0.6577060931899642,2.2812009677419365,4.07,3.419484,0.45,True,1.35,lyle foster,rsa,FWD,lyle foster|rsa|FWD,lyle foster|rsa,foster lyle|rsa,,,,,,,,,,,,,,,,,
nayef_aguerd__mar,Nayef Aguerd,MAR,Marokko,DEF,3000000,3000000,0.7453,transfermarkt_availability_split_2026_06_01,0.067755,2.451567,2.451567,49633,Marokko,3000000,True,True,name_team_position,1.0,0.011,0.031,0.005,BRA,2026-06-14 00:00,75.636,0.009562,0.02112,0.007,0.091531,0.082,0.009,0.053,-0.047502615163445,0.067,73.571,0.328598,0.328598,SCO,2026-06-20 00:00,75.636,0.02487,0.042581,0.007,0.306439,0.082,0.068,0.055,-0.0457782510723782,0.067,73.571,1.020351,0.969333,HAI,2026-06-25 00:00,75.636,0.041918,0.06875,0.009,0.577809,0.082,0.096,0.061,-0.0388615327880442,0.067,73.571,1.841076,1.656969,3.190025,39859,974,3000000,DEF,False,,3.0,2.337,0.7085308056872038,1.452374786729859,2.337,1.955416,0.45,True,1.35,nayef aguerd,mar,DEF,nayef aguerd|mar|DEF,nayef aguerd|mar,aguerd nayef|mar,,,,,,,,,,,,,,,,,
dominik_livakovi__cro,Dominik Livakovic,CRO,Kroatien,GK,4000000,4000000,0.6372,transfermarkt_availability_split_2026_06_01,0.057927,2.433224,2.433224,49030,Kroatien,4000000,True,True,name_team_position,1.0,0.001,0.0,0.0,ENG,2026-06-17 22:00,80.418,0.0,0.0,0.0,0.110845,0.025,0.021,0.053,-0.0478759497967994,0.061,74.122,0.37249,0.37249,PAN,2026-06-24 01:00,80.418,0.0,0.0,0.0,0.411182,0.025,0.069,0.055,-0.045941978648428,0.061,74.122,1.265368,1.202099,GHA,2026-06-27 23:00,80.418,0.0,0.0,0.0,0.469327,0.025,0.091,0.061,-0.0407342269001826,0.061,74.122,1.461381,1.315243,3.100544,34218,588,4000000,GK,False,,4.0,2.24,0.821875,1.4534859374999995,2.24,1.834102,0.45,True,1.35,dominik livakovic,cro,GK,dominik livakovic|cro|GK,dominik livakovic|cro,dominik livakovic|cro,,,,,,,,,,,,,,,,,
neil_el_aynaoui__mar,Neil El Aynaoui,MAR,Marokko,MID,3000000,3000000,0.8671,transfermarkt_availability_split_2026_06_01,0.078827,2.432209,2.432209,49634,Marokko,3000000,True,True,name_team_position,1.0,0.043,0.067,0.035,BRA,2026-06-14 00:00,71.636,0.03825,0.04672,0.054,0.072593,0.085,0.009,0.05,-0.0449904521957948,0.067,69.681,0.38142,0.38142,SCO,2026-06-20 00:00,71.636,0.095554,0.096112,0.058,0.241854,0.085,0.064,0.052,-0.0433572806337587,0.067,69.681,0.878749,0.834811,HAI,2026-06-25 00:00,71.636,0.16767,0.154688,0.073,0.455359,0.085,0.091,0.058,-0.0368063511269854,0.067,69.681,1.469608,1.322647,2.730992,44932,974,3000000,MID,False,,3.0,2.12,0.6713286713286714,1.9220676923076925,2.12,1.877396,0.45,True,1.35,neil el aynaoui,mar,MID,neil el aynaoui|mar|MID,neil el aynaoui|mar,aynaoui el neil|mar,,,,,,,,,,,,,,,,,
willian_pacho__ecu,Willian Pacho,ECU,Ecuador,DEF,3000000,3000000,0.7838,transfermarkt_availability_split_2026_06_01,0.071255,2.431458,2.431458,49946,Ecuador,3000000,True,True,name_team_position,1.0,0.011,0.018,0.005,CIV,2026-06-15 01:00,75.636,0.02078,0.02313,0.007,0.288733,0.082,0.092,0.054,-0.0471045895164045,0.068,74.123,0.921178,0.921178,CUW,2026-06-21 02:00,75.636,0.038273,0.039062,0.009,0.572069,0.082,0.092,0.061,-0.040150029351885,0.068,74.123,1.713226,1.627564,GER,2026-06-25 22:00,75.636,0.010688,0.01437,0.008,0.113347,0.082,0.075,0.057,-0.0447309903287156,0.068,74.123,0.43787,0.394083,3.072274,43495,881,3000000,DEF,False,,3.0,2.369,0.7085308056872038,1.452374786729859,2.369,1.979416,0.45,True,1.35,willian pacho,ecu,DEF,willian pacho|ecu|DEF,willian pacho|ecu,pacho willian|ecu,,,,,,,,,,,,,,,,,
leandro_paredes__arg,Leandro Paredes,ARG,Argentina,MID,4000000,4000000,0.7571,transfermarkt_availability_split_2026_06_01,0.068827,2.428523,2.428523,49426,Argentina,4000000,True,True,name_team_position,1.0,0.03,0.045,0.025,ALG,2026-06-17 03:00,70.376,0.05103,0.045312,0.023,0.0,0.039,0.068,0.026,-0.017637986510904,0.004,31.669,0.455448,0.455448,AUT,2026-06-22 19:00,70.376,0.04561,0.040145,0.023,0.0,0.039,0.037,0.026,-0.0179282536251292,0.004,31.669,0.381557,0.362479,JOR,2026-06-28 04:00,70.376,0.047385,0.042188,0.021,0.0,0.039,0.034,0.025,-0.018494625590575,0.004,31.669,0.389994,0.350995,1.226999,32767,762,4000000,MID,False,,4.0,0.752,0.8916083916083916,2.5527461538461536,0.752,0.945698,0.45,True,1.35,leandro paredes,arg,MID,leandro paredes|arg|MID,leandro paredes|arg,leandro paredes|arg,,,,,,,,,,,,,,,,,
josip_utalo__cro,Josip Sutalo,CRO,Kroatien,DEF,3000000,3000000,0.6646,transfermarkt_availability_split_2026_06_01,0.060418,2.425313,2.425313,49338,Kroatien,3000000,True,True,name_team_position,1.0,0.011,0.019,0.006,ENG,2026-06-17 22:00,75.649,0.009886,0.013791,0.009,0.110845,0.082,0.021,0.053,-0.047885111857288,0.068,74.136,0.365663,0.365663,PAN,2026-06-24 01:00,75.649,0.031797,0.03356,0.01,0.411182,0.082,0.069,0.055,-0.0459507706032431,0.068,74.136,1.270112,1.206606,GHA,2026-06-27 23:00,75.649,0.032508,0.035859,0.012,0.469327,0.082,0.091,0.061,-0.0407420222431972,0.068,74.136,1.444402,1.299962,3.080177,43054,588,3000000,DEF,False,,3.0,2.22,0.7085308056872038,1.452374786729859,2.22,1.867666,0.45,True,1.35,josip sutalo,cro,DEF,josip sutalo|cro|DEF,josip sutalo|cro,josip sutalo|cro,,,,,,,,,,,,,,,,,
noni_madueke__eng,Noni Madueke,ENG,England,FWD,3500000,3500000,0.7302,transfermarkt_availability_split_2026_06_01,0.066382,2.424533,2.424533,49667,England,3500000,True,True,name_team_position,1.0,0.065,0.041,0.083,CRO,2026-06-17 22:00,66.36,0.082683,0.031463,0.067,0.0,0.022,0.049,0.023,-0.0162871297692521,0.002,28.528,0.527834,0.527834,GHA,2026-06-23 22:00,66.36,0.105705,0.039062,0.071,0.0,0.022,0.036,0.024,-0.0153731202958555,0.002,28.528,0.635633,0.603851,PAN,2026-06-27 23:00,66.36,0.08748,0.032813,0.059,0.0,0.022,0.028,0.022,-0.0174406045427416,0.002,28.528,0.519918,0.467927,1.684894,43588,769,3500000,FWD,False,,3.5,1.063,0.6577060931899642,2.2812009677419365,1.063,1.164234,0.45,True,1.35,noni madueke,eng,FWD,noni madueke|eng|FWD,noni madueke|eng,madueke noni|eng,,,,,,,,,,,,,,,,,
denzel_dumfries__ned,Denzel Dumfries,NED,Holland,DEF,5000000,5000000,0.8258,transfermarkt_availability_split_2026_06_01,0.075073,2.412888,2.412888,49012,Holland,5000000,True,True,name_team_position,1.0,0.02,0.019,0.009,JPN,2026-06-14 22:00,74.932,0.042056,0.025619,0.014,0.104234,0.067,0.084,0.049,-0.0342917279457096,0.047,60.713,0.651216,0.651216,SWE,2026-06-20 19:00,74.932,0.051053,0.029633,0.015,0.136478,0.067,0.073,0.05,-0.0339543836880947,0.047,60.713,0.779514,0.740539,TUN,2026-06-26 01:00,74.932,0.048153,0.026901,0.013,0.12248,0.067,0.058,0.046,-0.0373011828627994,0.047,60.713,0.698776,0.628898,2.129506,37005,593,5000000,DEF,False,,5.0,1.427,0.9964454976303316,2.042553838862561,1.427,1.355271,0.45,True,1.35,denzel dumfries,ned,DEF,denzel dumfries|ned|DEF,denzel dumfries|ned,denzel dumfries|ned,,,,,,,,,,,,,,,,,
philipp_lienhart__aut,Philipp Lienhart,AUT,Østrig,DEF,3000000,3000000,0.6814,transfermarkt_availability_split_2026_06_01,0.061945,2.408794,2.408794,49735,Østrig,3000000,True,True,name_team_position,1.0,0.028,0.019,0.011,JOR,2026-06-17 06:00,75.364,0.096593,0.039062,0.02,0.400548,0.077,0.147,0.057,-0.0367817967335202,0.06,69.071,1.748168,1.748168,ARG,2026-06-22 19:00,75.364,0.021938,0.011595,0.015,0.070504,0.077,0.056,0.049,-0.044863858183873,0.06,69.071,0.379658,0.360675,ALG,2026-06-28 04:00,75.364,0.052591,0.022367,0.016,0.204531,0.077,0.062,0.051,-0.0434330619136512,0.06,69.071,0.901182,0.811064,3.029008,33809,587,3000000,DEF,False,,3.0,2.377,0.7085308056872038,1.452374786729859,2.377,1.985416,0.45,True,1.35,philipp lienhart,aut,DEF,philipp lienhart|aut|DEF,philipp lienhart|aut,lienhart philipp|aut,,,,,,,,,,,,,,,,,
elliot_anderson__eng,Elliot Anderson,ENG,England,MID,4000000,4000000,0.8807,transfermarkt_availability_split_2026_06_01,0.080064,2.407322,2.407322,49059,England,4000000,True,True,name_team_position,1.0,0.029,0.049,0.022,CRO,2026-06-17 22:00,70.617,0.041342,0.043775,0.02,0.0,0.04,0.057,0.027,-0.0187592516920847,0.006,32.858,0.389276,0.389276,GHA,2026-06-23 22:00,70.617,0.052852,0.053125,0.022,0.0,0.04,0.042,0.027,-0.0177065104170219,0.006,32.858,0.462928,0.439782,PAN,2026-06-27 23:00,70.617,0.04374,0.04375,0.018,0.0,0.04,0.032,0.025,-0.0200878052127432,0.006,32.858,0.370862,0.333776,1.223066,40129,769,4000000,MID,False,,4.0,0.757,0.8916083916083916,2.5527461538461536,0.757,0.949448,0.45,True,1.35,elliot anderson,eng,MID,elliot anderson|eng|MID,elliot anderson|eng,anderson elliot|eng,,,,,,,,,,,,,,,,,
ismael_d_az__pan,Ismael Diaz,PAN,Panama,FWD,2500000,2500000,0.6337,transfermarkt_availability_split_2026_06_01,0.057609,2.401938,2.401938,49224,Panama,2500000,True,True,name_team_position,1.0,0.2,0.071,0.22,GHA,2026-06-18 01:00,67.481,0.215489,0.057971,0.31,0.040554,0.047,0.032,0.044,-0.0373692504212923,0.056,59.802,1.3935,1.3935,CRO,2026-06-24 01:00,67.481,0.181125,0.05056,0.346,0.027626,0.047,0.062,0.046,-0.0356213404842844,0.056,59.802,1.303559,1.238381,ENG,2026-06-27 23:00,67.481,0.176062,0.04928,0.337,0.02379,0.047,0.059,0.046,-0.0362920803422844,0.056,59.802,1.266796,1.140116,3.963855,36455,971,2500000,FWD,False,,2.5,5.286,0.2939068100358423,1.0193922580645165,5.286,4.128493,0.45,True,1.35,ismael diaz,pan,FWD,ismael diaz|pan|FWD,ismael diaz|pan,diaz ismael|pan,,,,,,,,,,,,,,,,,
tyler_adams__usa,Tyler Adams,USA,USA,MID,3000000,3000000,0.8298,transfermarkt_availability_split_2026_06_01,0.075436,2.39983,2.39983,49913,USA,3000000,True,True,name_team_position,1.0,0.044,0.062,0.036,PAR,2026-06-13 03:00,71.1,0.101421,0.091324,0.06,0.091981,0.073,0.084,0.048,-0.0333397238614179,0.05,59.439,0.916737,0.916737,AUS,2026-06-19 21:00,71.1,0.11788,0.101212,0.061,0.102934,0.073,0.071,0.048,-0.0331437925625179,0.05,59.439,1.016892,0.966048,TUR,2026-06-26 04:00,71.1,0.065274,0.062883,0.05,0.049584,0.073,0.054,0.044,-0.0372209440371889,0.05,59.439,0.602798,0.542518,2.536427,37299,784,3000000,MID,False,,3.0,1.968,0.6713286713286714,1.9220676923076925,1.968,1.763396,0.45,True,1.35,tyler adams,usa,MID,tyler adams|usa|MID,tyler adams|usa,adams tyler|usa,,,,,,,,,,,,,,,,,
r_ben_neves__por,Ruben Neves,POR,Portugal,MID,4000000,4000000,0.7206,transfermarkt_availability_split_2026_06_01,0.065509,2.353847,2.353847,49799,Portugal,4000000,True,True,name_team_position,1.0,0.027,0.047,0.019,COD,2026-06-17 19:00,70.569,0.052852,0.054688,0.02,0.0,0.045,0.082,0.03,-0.0199657183055394,0.012,36.421,0.507358,0.507358,UZB,2026-06-23 19:00,70.569,0.054675,0.05625,0.021,0.0,0.045,0.048,0.03,-0.0192641560971488,0.012,36.421,0.488861,0.464418,COL,2026-06-28 01:30,70.569,0.029811,0.033938,0.017,0.0,0.045,0.033,0.027,-0.0227777906071008,0.012,36.421,0.272091,0.244882,1.26831,32820,585,4000000,MID,False,,4.0,0.831,0.8916083916083916,2.5527461538461536,0.831,1.004948,0.45,True,1.35,ruben neves,por,MID,ruben neves|por|MID,ruben neves|por,neves ruben|por,,,,,,,,,,,,,,,,,
alex_freeman__usa,Alex Freeman,USA,USA,DEF,2500000,2500000,0.8632,transfermarkt_availability_split_2026_06_01,0.078473,2.345624,2.345624,48774,USA,2500000,True,True,name_team_position,1.0,0.013,0.018,0.017,PAR,2026-06-13 03:00,75.627,0.033362,0.029619,0.032,0.393014,0.082,0.104,0.06,-0.0415710926017447,0.068,74.115,1.294089,1.294089,AUS,2026-06-19 21:00,75.627,0.038273,0.032826,0.032,0.44449,0.082,0.089,0.06,-0.0413267870938764,0.068,74.115,1.431667,1.360084,TUR,2026-06-26 04:00,75.627,0.021418,0.020285,0.026,0.215502,0.082,0.067,0.055,-0.0464105616988914,0.068,74.115,0.751057,0.675951,3.475541,49802,784,2500000,DEF,False,,2.5,2.608,0.4372037914691943,0.8961978199052141,2.608,2.081057,0.45,True,1.35,alex freeman,usa,DEF,alex freeman|usa|DEF,alex freeman|usa,alex freeman|usa,,,,,,,,,,,,,,,,,
nicolas_seiwald__aut,Nicolas Seiwald,AUT,Østrig,MID,2500000,2500000,0.947,transfermarkt_availability_split_2026_06_01,0.086091,2.333216,2.333216,49650,Østrig,2500000,True,True,name_team_position,1.0,0.05,0.085,0.042,JOR,2026-06-17 06:00,71.636,0.191362,0.196875,0.086,0.43245,0.086,0.149,0.058,-0.0373846088264602,0.068,70.203,1.78505,1.78505,ARG,2026-06-22 19:00,71.636,0.043875,0.059908,0.064,0.07607,0.086,0.056,0.05,-0.0455991261329924,0.068,70.203,0.5055,0.480225,ALG,2026-06-28 04:00,71.636,0.103929,0.116545,0.068,0.220646,0.086,0.063,0.052,-0.0441448807283938,0.068,70.203,0.990135,0.891122,3.280685,39374,587,2500000,MID,False,,2.5,2.627,0.3857808857808857,1.1045215384615383,2.627,2.135403,0.45,True,1.35,nicolas seiwald,aut,MID,nicolas seiwald|aut|MID,nicolas seiwald|aut,nicolas seiwald|aut,,,,,,,,,,,,,,,,,
firas_al_buraikan__ksa,Firas Al-Buraikan,KSA,Saudi-Arabien,FWD,3500000,3500000,0.8388,transfermarkt_availability_split_2026_06_01,0.076255,2.31824,2.31824,49111,Saudi-Arabien,3500000,True,True,name_team_position,1.0,0.158,0.075,0.172,URU,2026-06-16 00:00,67.332,0.12375,0.04608,0.233,0.0,0.04,0.008,0.04,-0.0310409317401811,0.043,52.061,0.886199,0.886199,ESP,2026-06-21 18:00,67.332,0.0945,0.0352,0.179,0.0,0.04,0.036,0.034,-0.0349331472381848,0.043,52.061,0.700667,0.665634,CPV,2026-06-27 02:00,67.332,0.212964,0.069044,0.212,0.0,0.04,0.048,0.038,-0.0322123006196787,0.043,52.061,1.327776,1.194998,2.913848,43347,977,3500000,FWD,False,,3.5,3.492,0.6577060931899642,2.2812009677419365,3.492,2.985984,0.45,True,1.35,firas al buraikan,ksa,FWD,firas al buraikan|ksa|FWD,firas al buraikan|ksa,al buraikan firas|ksa,,,,,,,,,,,,,,,,,
tim_ream__usa,Tim Ream,USA,USA,DEF,2500000,2500000,0.5761,transfermarkt_availability_split_2026_06_01,0.052373,2.31758,2.31758,49896,USA,2500000,True,True,name_team_position,1.0,0.013,0.018,0.006,PAR,2026-06-13 03:00,75.636,0.033362,0.029619,0.011,0.393014,0.082,0.104,0.06,-0.0415760397614097,0.068,74.123,1.273084,1.273084,AUS,2026-06-19 21:00,75.636,0.038273,0.032826,0.011,0.44449,0.082,0.089,0.06,-0.0413317051800127,0.068,74.123,1.410662,1.340129,TUR,2026-06-26 04:00,75.636,0.021418,0.020285,0.009,0.215502,0.082,0.067,0.055,-0.0464160847786205,0.068,74.123,0.734051,0.660646,3.41652,29723,784,2500000,DEF,False,,2.5,2.554,0.4372037914691943,0.8961978199052141,2.554,2.040557,0.45,True,1.35,tim ream,usa,DEF,tim ream|usa|DEF,tim ream|usa,ream tim|usa,,,,,,,,,,,,,,,,,
nathan_saliba__can,Nathan Saliba,CAN,Canada,MID,3000000,3000000,0.5648,transfermarkt_availability_split_2026_06_01,0.051345,2.295771,2.295771,49629,Canada,3000000,True,True,name_team_position,1.0,0.063,0.067,0.044,BIH,2026-06-12 21:00,70.92,0.106579,0.069934,0.05,0.0,0.049,0.053,0.032,-0.0227220602518793,0.018,40.183,0.823975,0.823975,QAT,2026-06-19 00:00,70.92,0.134865,0.084375,0.051,0.0,0.049,0.048,0.033,-0.0222860272774407,0.018,40.183,1.006164,0.955856,SUI,2026-06-24 21:00,70.92,0.042867,0.034814,0.04,0.0,0.049,0.034,0.029,-0.0257475222670673,0.018,40.183,0.365029,0.328527,2.195168,49453,1059,3000000,MID,False,,3.0,1.603,0.6713286713286714,1.9220676923076925,1.603,1.489646,0.45,True,1.35,nathan saliba,can,MID,nathan saliba|can|MID,nathan saliba|can,nathan saliba|can,,,,,,,,,,,,,,,,,
riyad_mahrez__alg,Riyad Mahrez,ALG,Algeriet,FWD,4000000,4000000,0.858,transfermarkt_availability_split_2026_06_01,0.078,2.282223,2.282223,49776,Algeriet,4000000,True,True,name_team_position,1.0,0.106,0.051,0.105,ARG,2026-06-17 03:00,66.907,0.057938,0.0224,0.1,0.0,0.034,-0.004,0.031,-0.0287430091534577,0.029,43.884,0.392209,0.392209,JOR,2026-06-23 05:00,66.907,0.187548,0.055932,0.116,0.0,0.034,0.043,0.033,-0.0264827586451026,0.029,43.884,1.078505,1.02458,AUT,2026-06-28 04:00,66.907,0.099349,0.036001,0.125,0.0,0.034,0.047,0.034,-0.0257613116127329,0.029,43.884,0.680638,0.612574,2.151352,32091,761,4000000,FWD,False,,4.0,2.064,0.7598566308243727,2.635501935483872,2.064,1.971981,0.45,True,1.35,riyad mahrez,alg,FWD,riyad mahrez|alg|FWD,riyad mahrez|alg,mahrez riyad|alg,,,,,,,,,,,,,,,,,
virgil_van_dijk__ned,Virgil van Dijk,NED,Holland,DEF,5000000,5000000,0.8829,transfermarkt_availability_split_2026_06_01,0.080264,2.262429,2.262429,49930,Holland,5000000,True,True,name_team_position,1.0,0.009,0.014,0.004,JPN,2026-06-14 22:00,75.22,0.0184,0.019519,0.006,0.13563,0.069,0.086,0.051,-0.0352392503639344,0.05,62.391,0.556104,0.556104,SWE,2026-06-20 19:00,75.22,0.023931,0.022577,0.006,0.176618,0.069,0.075,0.051,-0.0348925848715524,0.05,62.391,0.677984,0.644085,TUN,2026-06-26 01:00,75.22,0.022357,0.020923,0.005,0.156981,0.069,0.06,0.047,-0.0383318602041325,0.05,62.391,0.596937,0.537244,1.831025,31569,593,5000000,DEF,False,,5.0,1.222,0.9964454976303316,2.042553838862561,1.222,1.201521,0.45,True,1.35,virgil van dijk,ned,DEF,virgil van dijk|ned|DEF,virgil van dijk|ned,dijk van virgil|ned,,,,,,,,,,,,,,,,,
ruben_vargas__sui,Ruben Vargas,SUI,Schweiz,FWD,3500000,3500000,0.8607,transfermarkt_availability_split_2026_06_01,0.078245,2.252633,2.252633,49801,Schweiz,3500000,True,True,name_team_position,1.0,0.059,0.035,0.077,QAT,2026-06-13 21:00,66.416,0.085658,0.029687,0.06,0.0,0.024,0.07,0.024,-0.0190377129735065,0.006,31.169,0.548655,0.548655,BIH,2026-06-18 21:00,66.416,0.091611,0.032536,0.069,0.0,0.024,0.037,0.025,-0.017462265734412,0.006,31.169,0.55959,0.53161,CAN,2026-06-24 21:00,66.416,0.068915,0.026629,0.067,0.0,0.024,0.035,0.025,-0.0179032059000556,0.006,31.169,0.446644,0.401979,1.553493,38670,583,3500000,FWD,False,,3.5,1.057,0.6577060931899642,2.2812009677419365,1.057,1.159734,0.45,True,1.35,ruben vargas,sui,FWD,ruben vargas|sui|FWD,ruben vargas|sui,ruben vargas|sui,,,,,,,,,,,,,,,,,
amadou_onana__bel,Amadou Onana,BEL,Belgien,MID,3000000,3000000,0.8044,transfermarkt_availability_split_2026_06_01,0.073127,2.237847,2.237847,48815,Belgien,3000000,True,True,name_team_position,1.0,0.029,0.047,0.021,EGY,2026-06-15 21:00,70.819,0.060444,0.060535,0.027,0.0,0.055,0.081,0.037,-0.0253379265372593,0.026,45.147,0.574487,0.574487,IRN,2026-06-21 21:00,70.819,0.069255,0.06875,0.027,0.0,0.055,0.054,0.037,-0.0251593430980673,0.026,45.147,0.616366,0.585547,NZL,2026-06-27 05:00,70.819,0.063788,0.0625,0.025,0.0,0.055,0.048,0.035,-0.0266381410082369,0.026,45.147,0.558802,0.502922,1.749655,41121,884,3000000,MID,False,,3.0,1.087,0.6713286713286714,1.9220676923076925,1.087,1.102646,0.45,True,1.35,amadou onana,bel,MID,amadou onana|bel|MID,amadou onana|bel,amadou onana|bel,,,,,,,,,,,,,,,,,
giuliano_simeone__arg,Giuliano Simeone,ARG,Argentina,FWD,4000000,4000000,0.7893,transfermarkt_availability_split_2026_06_01,0.071755,2.231197,2.231197,49140,Argentina,4000000,True,True,name_team_position,1.0,0.032,0.047,0.026,ALG,2026-06-17 03:00,70.515,0.054675,0.048438,0.025,0.0,0.04,0.07,0.027,-0.0181518501981404,0.005,32.592,0.432862,0.432862,AUT,2026-06-22 19:00,70.515,0.048868,0.043013,0.024,0.0,0.04,0.038,0.026,-0.018450573931238,0.005,32.592,0.35906,0.341107,JOR,2026-06-28 04:00,70.515,0.05103,0.04375,0.023,0.0,0.04,0.035,0.026,-0.0190334465321918,0.005,32.592,0.365337,0.328803,1.15589,41167,762,4000000,FWD,False,,4.0,0.805,0.7598566308243727,2.635501935483872,0.805,1.027731,0.45,True,1.35,giuliano simeone,arg,FWD,giuliano simeone|arg|FWD,giuliano simeone|arg,giuliano simeone|arg,,,,,,,,,,,,,,,,,
ricardo_rodr_guez__sui,Ricardo Rodriguez,SUI,Schweiz,DEF,3000000,3000000,0.8884,transfermarkt_availability_split_2026_06_01,0.080764,2.230302,2.230302,49768,Schweiz,3000000,True,True,name_team_position,1.0,0.008,0.013,0.003,QAT,2026-06-13 21:00,75.215,0.02187,0.020313,0.005,0.246812,0.073,0.146,0.049,-0.0398994670737068,0.054,65.324,0.876246,0.876246,BIH,2026-06-18 21:00,75.215,0.023751,0.022183,0.005,0.263935,0.073,0.078,0.053,-0.0365976258635735,0.054,65.324,0.870114,0.826609,CAN,2026-06-24 21:00,75.215,0.016904,0.018157,0.005,0.186103,0.073,0.074,0.052,-0.0375217535487138,0.054,65.324,0.6398,0.57582,2.38616,25330,583,3000000,DEF,False,,3.0,1.522,0.7085308056872038,1.452374786729859,1.522,1.344166,0.45,True,1.35,ricardo rodriguez,sui,DEF,ricardo rodriguez|sui|DEF,ricardo rodriguez|sui,ricardo rodriguez|sui,,,,,,,,,,,,,,,,,
luiz_henrique__bra,Luiz Henrique,BRA,Brasilien,FWD,3000000,3000000,0.8148,transfermarkt_availability_split_2026_06_01,0.074073,2.226198,2.226198,49464,Brasilien,3000000,True,True,name_team_position,1.0,0.068,0.043,0.086,MAR,2026-06-14 00:00,66.427,0.099614,0.037822,0.075,0.0,0.024,0.058,0.025,-0.0173788058528233,0.005,30.423,0.633543,0.633543,HAI,2026-06-20 03:00,66.427,0.120285,0.045312,0.082,0.0,0.024,0.041,0.026,-0.0157359340572801,0.005,30.423,0.73134,0.694773,SCO,2026-06-25 00:00,66.427,0.096593,0.035938,0.066,0.0,0.024,0.029,0.023,-0.0186832575535872,0.005,30.423,0.574503,0.517052,1.940919,42687,764,3000000,FWD,False,,3.0,1.206,0.507168458781362,1.759073225806452,1.206,1.187487,0.45,True,1.35,luiz henrique,bra,FWD,luiz henrique|bra|FWD,luiz henrique|bra,henrique luiz|bra,,,,,,,,,,,,,,,,,
benjamin_nygren__swe,Benjamin Nygren,SWE,Sverige,FWD,3000000,3000000,0.6555,transfermarkt_availability_split_2026_06_01,0.059591,2.222151,2.222151,48895,Sverige,3000000,True,True,name_team_position,1.0,0.108,0.049,0.133,TUN,2026-06-15 04:00,67.195,0.232215,0.06684,0.204,0.002847,0.043,0.085,0.044,-0.0315570946147178,0.048,55.122,1.435823,1.435823,NED,2026-06-20 19:00,67.195,0.074813,0.027699,0.16,0.000481,0.043,0.043,0.039,-0.0359603841640852,0.048,55.122,0.593389,0.563719,JPN,2026-06-26 01:00,67.195,0.102041,0.035458,0.167,0.0007,0.043,0.047,0.04,-0.0352095082850951,0.048,55.122,0.738328,0.664496,2.768488,36593,598,3000000,FWD,False,,3.0,2.786,0.507168458781362,1.759073225806452,2.786,2.372487,0.45,True,1.35,benjamin nygren,swe,FWD,benjamin nygren|swe|FWD,benjamin nygren|swe,benjamin nygren|swe,,,,,,,,,,,,,,,,,
dodi_lukebakio__bel,Dodi Lukebakio,BEL,Belgien,FWD,3500000,3500000,0.5114,transfermarkt_availability_split_2026_06_01,0.046491,2.214735,2.214735,49027,Belgien,3500000,True,True,name_team_position,1.0,0.029,0.048,0.025,EGY,2026-06-15 21:00,70.833,0.060444,0.061942,0.032,0.0,0.056,0.081,0.037,-0.0255140201812021,0.027,45.461,0.523088,0.523088,IRN,2026-06-21 21:00,70.833,0.071078,0.06875,0.032,0.0,0.056,0.055,0.037,-0.025334195621964,0.027,45.461,0.560228,0.532216,NZL,2026-06-27 05:00,70.833,0.063788,0.0625,0.029,0.0,0.056,0.048,0.035,-0.0268232708889755,0.027,45.461,0.498829,0.448946,1.580791,36121,884,3500000,FWD,False,,3.5,1.113,0.6577060931899642,2.2812009677419365,1.113,1.201734,0.45,True,1.35,dodi lukebakio,bel,FWD,dodi lukebakio|bel|FWD,dodi lukebakio|bel,dodi lukebakio|bel,,,,,,,,,,,,,,,,,
jhon_lucum__col,Jhon Lucumi,COL,Colombia,DEF,3500000,3500000,0.5164,transfermarkt_availability_split_2026_06_01,0.046945,2.210412,2.210412,49281,Colombia,3500000,True,True,name_team_position,1.0,0.02,0.015,0.005,UZB,2026-06-18 04:00,75.431,0.049208,0.023438,0.007,0.152892,0.068,0.132,0.047,-0.0373391651345373,0.048,61.642,0.830585,0.830585,COD,2026-06-24 04:00,75.431,0.056121,0.026427,0.008,0.183494,0.068,0.073,0.05,-0.0346156640090992,0.048,61.642,0.896078,0.851274,POR,2026-06-28 01:30,75.431,0.02274,0.013489,0.007,0.06516,0.068,0.065,0.048,-0.0366993771692126,0.048,61.642,0.38356,0.345204,2.108843,38308,879,3500000,DEF,False,,3.5,1.454,0.8530805687203792,1.7486786729857835,1.454,1.334513,0.45,True,1.35,jhon lucumi,col,DEF,jhon lucumi|col|DEF,jhon lucumi|col,jhon lucumi|col,,,,,,,,,,,,,,,,,
donyell_malen__ned,Donyell Malen,NED,Holland,FWD,4500000,4500000,0.7099,transfermarkt_availability_split_2026_06_01,0.064536,2.206417,2.206417,49032,Holland,4500000,True,True,name_team_position,1.0,0.067,0.051,0.088,JPN,2026-06-14 22:00,66.517,0.031542,0.015858,0.031,0.0,0.009,0.017,0.01,-0.0068571957826054,-0.028,12.141,0.187885,0.187885,SWE,2026-06-20 19:00,66.517,0.03829,0.018345,0.031,0.0,0.009,0.015,0.01,-0.0067897382422836,-0.028,12.141,0.220405,0.209385,TUN,2026-06-26 01:00,66.517,0.036115,0.016439,0.027,0.0,0.009,0.012,0.009,-0.0074589858585701,-0.028,12.141,0.197318,0.177586,0.605608,37011,593,4500000,FWD,False,,4.5,0.393,0.8279569892473119,2.871702580645162,0.393,0.756729,0.45,True,1.35,donyell malen,ned,FWD,donyell malen|ned|FWD,donyell malen|ned,donyell malen|ned,,,,,,,,,,,,,,,,,
jordan_henderson__eng,Jordan Henderson,ENG,England,MID,3500000,3500000,0.7192,transfermarkt_availability_split_2026_06_01,0.065382,2.1993,2.1993,49316,England,3500000,True,True,name_team_position,1.0,0.027,0.045,0.021,CRO,2026-06-17 22:00,70.36,0.036748,0.036935,0.017,0.0,0.037,0.052,0.024,-0.0172487888204943,0.002,30.213,0.335296,0.335296,GHA,2026-06-23 22:00,70.36,0.045563,0.045312,0.018,0.0,0.037,0.038,0.025,-0.0162808124729176,0.002,30.213,0.39347,0.373797,PAN,2026-06-27 23:00,70.36,0.038273,0.0375,0.015,0.0,0.037,0.029,0.023,-0.0184703694832364,0.002,30.213,0.317395,0.285655,1.046161,24354,769,3500000,MID,False,,3.5,0.641,0.8263403263403264,2.3658784615384616,0.641,0.834506,0.45,True,1.35,jordan henderson,eng,MID,jordan henderson|eng|MID,jordan henderson|eng,henderson jordan|eng,,,,,,,,,,,,,,,,,
rayan_cherki__fra,Rayan Cherki,FRA,Frankrig,FWD,4000000,4000000,0.6933,transfermarkt_availability_split_2026_06_01,0.063027,2.192914,2.192914,49758,Frankrig,4000000,True,True,name_team_position,1.0,0.032,0.045,0.024,SEN,2026-06-16 21:00,70.36,0.05103,0.04375,0.021,0.0,0.037,0.063,0.025,-0.0171122022052911,0.002,30.297,0.392258,0.392258,IRQ,2026-06-22 23:00,70.36,0.054675,0.045312,0.022,0.0,0.037,0.04,0.025,-0.0160469816179249,0.002,30.297,0.390589,0.37106,NOR,2026-06-26 21:00,70.36,0.037338,0.033225,0.018,0.0,0.037,0.029,0.023,-0.0185973254391844,0.002,30.297,0.26543,0.238887,1.048277,39129,592,4000000,FWD,False,,4.0,0.724,0.7598566308243727,2.635501935483872,0.724,0.966981,0.45,True,1.35,rayan cherki,fra,FWD,rayan cherki|fra|FWD,rayan cherki|fra,cherki rayan|fra,,,,,,,,,,,,,,,,,
brian_rodr_guez__uru,Brian Rodriguez,URU,Uruguay,FWD,3500000,3500000,0.583,transfermarkt_availability_split_2026_06_01,0.053,2.183222,2.183222,48919,Uruguay,3500000,True,True,name_team_position,1.0,0.074,0.043,0.099,KSA,2026-06-16 00:00,66.54,0.099864,0.033805,0.073,0.0,0.023,0.056,0.022,-0.0185891377476426,0.004,30.163,0.614282,0.614282,CPV,2026-06-22 00:00,66.54,0.12393,0.042188,0.089,0.0,0.023,0.038,0.025,-0.016264419674257,0.004,30.163,0.73902,0.702069,ESP,2026-06-27 02:00,66.54,0.033187,0.015556,0.077,0.0,0.023,0.03,0.023,-0.0183047815115044,0.004,30.163,0.272111,0.2449,1.625413,52127,783,3500000,FWD,False,,3.5,1.21,0.6577060931899642,2.2812009677419365,1.21,1.274484,0.45,True,1.35,brian rodriguez,uru,FWD,brian rodriguez|uru|FWD,brian rodriguez|uru,brian rodriguez|uru,,,,,,,,,,,,,,,,,
alex_baena__esp,Alex Baena,ESP,Spanien,MID,3500000,3500000,0.5347,transfermarkt_availability_split_2026_06_01,0.048609,2.178535,2.178535,48773,Spanien,3500000,True,True,name_team_position,1.0,0.022,0.036,0.015,CPV,2026-06-15 18:00,70.36,0.041918,0.040625,0.016,0.0,0.04,0.091,0.028,-0.0169366870833953,0.006,33.104,0.415528,0.415528,KSA,2026-06-21 18:00,70.36,0.041918,0.039062,0.015,0.0,0.04,0.043,0.028,-0.0175339174436453,0.006,33.104,0.361242,0.34318,URU,2026-06-27 02:00,70.36,0.030785,0.029984,0.013,0.0,0.04,0.032,0.025,-0.0203659937502722,0.006,33.104,0.259511,0.23356,1.036281,39401,595,3500000,MID,False,,3.5,0.647,0.8263403263403264,2.3658784615384616,0.647,0.839006,0.45,True,1.35,alex baena,esp,MID,alex baena|esp|MID,alex baena|esp,alex baena|esp,,,,,,,,,,,,,,,,,
junya_ito__jpn,Junya Ito,JPN,Japan,MID,3500000,3500000,0.7491,transfermarkt_availability_split_2026_06_01,0.0681,2.175689,2.175689,49361,Japan,3500000,True,True,name_team_position,1.0,0.06,0.054,0.076,NED,2026-06-14 22:00,66.724,0.035703,0.024854,0.06,0.0,0.028,0.022,0.025,-0.0232080615078758,0.014,35.744,0.322869,0.322869,TUN,2026-06-21 06:00,66.724,0.076739,0.043901,0.064,0.0,0.028,0.032,0.026,-0.022392155447659,0.014,35.744,0.601006,0.570956,SWE,2026-06-26 01:00,66.724,0.079721,0.046172,0.076,0.0,0.028,0.04,0.029,-0.0205084881606064,0.014,35.744,0.647613,0.582851,1.571488,38925,772,3500000,MID,False,,3.5,1.153,0.8263403263403264,2.3658784615384616,1.153,1.218506,0.45,True,1.35,junya ito,jpn,MID,junya ito|jpn|MID,junya ito|jpn,ito junya|jpn,,,,,,,,,,,,,,,,,
jefferson_lerma__col,Jefferson Lerma,COL,Colombia,MID,3000000,3000000,0.8225,transfermarkt_availability_split_2026_06_01,0.074773,2.169622,2.169622,49266,Colombia,3000000,True,True,name_team_position,1.0,0.05,0.051,0.03,UZB,2026-06-18 04:00,70.895,0.092948,0.054688,0.029,0.0,0.049,0.086,0.03,-0.0241816017227882,0.018,39.921,0.718622,0.718622,COD,2026-06-24 04:00,70.895,0.105001,0.06218,0.033,0.0,0.049,0.047,0.032,-0.0224178070779531,0.018,39.921,0.770127,0.731621,POR,2026-06-28 01:30,70.895,0.042342,0.032038,0.031,0.0,0.049,0.042,0.031,-0.0237672620419525,0.018,39.921,0.357057,0.321351,1.844438,33746,879,3000000,MID,False,,3.0,1.282,0.6713286713286714,1.9220676923076925,1.282,1.248896,0.45,True,1.35,jefferson lerma,col,MID,jefferson lerma|col|MID,jefferson lerma|col,jefferson lerma|col,,,,,,,,,,,,,,,,,
michael_gregoritsch__aut,Michael Gregoritsch,AUT,Østrig,FWD,3500000,3500000,0.7668,transfermarkt_availability_split_2026_06_01,0.069709,2.16562,2.16562,49555,Østrig,3500000,True,True,name_team_position,1.0,0.101,0.05,0.119,JOR,2026-06-17 06:00,66.364,0.164025,0.048438,0.104,0.0,0.023,0.062,0.024,-0.0154081554405316,0.002,28.935,0.955006,0.955006,ARG,2026-06-22 19:00,66.364,0.037687,0.014816,0.077,0.0,0.023,0.023,0.02,-0.0187937882852012,0.002,28.935,0.275402,0.261632,ALG,2026-06-28 04:00,66.364,0.088903,0.028253,0.082,0.0,0.023,0.026,0.021,-0.0181944175830294,0.002,28.935,0.530177,0.477159,1.760585,29536,587,3500000,FWD,False,,3.5,1.409,0.6577060931899642,2.2812009677419365,1.409,1.423734,0.45,True,1.35,michael gregoritsch,aut,FWD,michael gregoritsch|aut|FWD,michael gregoritsch|aut,gregoritsch michael|aut,,,,,,,,,,,,,,,,,
manuel_akanji__sui,Manuel Akanji,SUI,Schweiz,DEF,3500000,3500000,0.8685,transfermarkt_availability_split_2026_06_01,0.078955,2.16551,2.16551,49486,Schweiz,3500000,True,True,name_team_position,1.0,0.008,0.012,0.003,QAT,2026-06-13 21:00,75.098,0.020048,0.01875,0.004,0.181761,0.07,0.14,0.047,-0.0382319797599455,0.05,62.594,0.70918,0.70918,BIH,2026-06-18 21:00,75.098,0.022054,0.020704,0.005,0.193207,0.07,0.074,0.051,-0.0350681298247278,0.05,62.594,0.694423,0.659702,CAN,2026-06-24 21:00,75.098,0.015604,0.016946,0.005,0.13639,0.07,0.071,0.05,-0.0359536361621589,0.05,62.594,0.514566,0.46311,1.919634,34769,583,3500000,DEF,False,,3.5,1.245,0.8530805687203792,1.7486786729857835,1.245,1.177763,0.45,True,1.35,manuel akanji,sui,DEF,manuel akanji|sui|DEF,manuel akanji|sui,akanji manuel|sui,,,,,,,,,,,,,,,,,
ante_budimir__cro,Ante Budimir,CRO,Kroatien,FWD,3500000,3500000,0.5553,transfermarkt_availability_split_2026_06_01,0.050482,2.165005,2.165005,48841,Kroatien,3500000,True,True,name_team_position,1.0,0.083,0.05,0.095,ENG,2026-06-17 22:00,66.479,0.036638,0.017928,0.069,0.0,0.025,0.009,0.023,-0.0210274041858025,0.009,32.555,0.264309,0.264309,PAN,2026-06-24 01:00,66.479,0.120123,0.042713,0.075,0.0,0.025,0.03,0.024,-0.0201779924625241,0.009,32.555,0.701453,0.66638,GHA,2026-06-27 23:00,66.479,0.126938,0.046894,0.09,0.0,0.025,0.04,0.027,-0.0178907166721857,0.009,32.555,0.771543,0.694389,1.737305,38644,588,3500000,FWD,False,,3.5,1.314,0.6577060931899642,2.2812009677419365,1.314,1.352484,0.45,True,1.35,ante budimir,cro,FWD,ante budimir|cro|FWD,ante budimir|cro,ante budimir|cro,,,,,,,,,,,,,,,,,
petar_sucic__cro,Petar Sucic,CRO,Kroatien,MID,3000000,3000000,0.8125,transfermarkt_availability_split_2026_06_01,0.073864,2.161825,2.161825,49733,Kroatien,3000000,True,True,name_team_position,1.0,0.043,0.077,0.026,ENG,2026-06-17 22:00,70.796,0.02966,0.044132,0.03,0.0,0.064,0.015,0.037,-0.0339070345982845,0.039,52.495,0.303789,0.303789,PAN,2026-06-24 01:00,70.796,0.097157,0.105258,0.033,0.0,0.064,0.049,0.039,-0.0325373442439786,0.039,52.495,0.865022,0.821771,GHA,2026-06-27 23:00,70.796,0.10217,0.114475,0.039,0.0,0.064,0.064,0.043,-0.0288490744664286,0.039,52.495,0.946426,0.851783,2.115237,46310,588,3000000,MID,False,,3.0,1.592,0.6713286713286714,1.9220676923076925,1.592,1.481396,0.45,True,1.35,petar sucic,cro,MID,petar sucic|cro|MID,petar sucic|cro,petar sucic|cro,,,,,,,,,,,,,,,,,
erling_haaland__nor,Erling Haaland,NOR,Norge,FWD,8500000,8500000,0.8883,transfermarkt_availability_split_2026_06_01,0.080755,2.158617,2.158617,49076,Norge,8500000,True,True,name_team_position,1.0,0.097,0.044,0.09,IRQ,2026-06-17 00:00,66.409,0.047385,0.0125,0.024,0.0,0.008,0.023,0.008,-0.0066724913948247,-0.03,10.822,0.237368,0.237368,SEN,2026-06-23 02:00,66.409,0.037451,0.010839,0.026,0.0,0.008,0.012,0.008,-0.006375552853617,-0.03,10.822,0.183945,0.174748,FRA,2026-06-26 21:00,66.409,0.015864,0.006102,0.025,0.0,0.008,0.011,0.008,-0.0065675195545758,-0.03,10.822,0.081194,0.073075,0.503715,38894,1126,8500000,FWD,False,,8.5,0.396,0.989247311827957,3.4311251612903235,0.396,0.848975,0.45,True,1.35,erling haaland,nor,FWD,erling haaland|nor|FWD,erling haaland|nor,erling haaland|nor,,,,,,,,,,,,,,,,,
mathieu_choiniere__can,Mathieu Choiniere,CAN,Canada,MID,2500000,2500000,0.4739,transfermarkt_availability_split_2026_06_01,0.043082,2.158449,2.158449,49528,Canada,2500000,True,True,name_team_position,1.0,0.048,0.092,0.043,BIH,2026-06-12 21:00,71.337,0.109499,0.131951,0.065,0.0,0.067,0.073,0.044,-0.0309840850880476,0.042,54.794,1.069364,1.069364,QAT,2026-06-19 00:00,71.337,0.140332,0.159375,0.067,0.0,0.067,0.066,0.045,-0.0303895050793935,0.042,54.794,1.302395,1.237276,SUI,2026-06-24 21:00,71.337,0.045084,0.064771,0.053,0.0,0.067,0.046,0.039,-0.0351096428706649,0.042,54.794,0.497623,0.447861,2.869382,49450,1059,2500000,MID,False,,2.5,2.131,0.3857808857808857,1.1045215384615383,2.131,1.763403,0.45,True,1.35,mathieu choiniere,can,MID,mathieu choiniere|can|MID,mathieu choiniere|can,choiniere mathieu|can,,,,,,,,,,,,,,,,,
aleksandar_pavlovic__ger,Aleksandar Pavlovic,GER,Tyskland,MID,3500000,3500000,0.7126,transfermarkt_availability_split_2026_06_01,0.064782,2.156502,2.156502,48769,Tyskland,3500000,True,True,name_team_position,1.0,0.025,0.033,0.019,CUW,2026-06-14 19:00,70.373,0.047385,0.0375,0.019,0.0,0.041,0.097,0.028,-0.0172021345065677,0.007,33.258,0.442223,0.442223,CIV,2026-06-20 22:00,70.373,0.042622,0.032659,0.018,0.0,0.041,0.04,0.027,-0.0185449155425796,0.007,33.258,0.343542,0.326365,ECU,2026-06-25 22:00,70.373,0.033797,0.026992,0.015,0.0,0.041,0.032,0.025,-0.0205150070689413,0.007,33.258,0.267446,0.240701,1.053211,43823,589,3500000,MID,False,,3.5,0.671,0.8263403263403264,2.3658784615384616,0.671,0.857006,0.45,True,1.35,aleksandar pavlovic,ger,MID,aleksandar pavlovic|ger|MID,aleksandar pavlovic|ger,aleksandar pavlovic|ger,,,,,,,,,,,,,,,,,
john_mcginn__sco,John McGinn,SCO,Skotland,MID,3500000,3500000,0.867,transfermarkt_availability_split_2026_06_01,0.078818,2.126245,2.126245,49304,Skotland,3500000,True,True,name_team_position,1.0,0.063,0.065,0.039,HAI,2026-06-14 03:00,70.887,0.134865,0.082813,0.045,0.0,0.057,0.096,0.035,-0.0284391280077471,0.029,46.927,1.042325,1.042325,MAR,2026-06-20 00:00,70.887,0.05714,0.045069,0.048,0.0,0.057,0.049,0.036,-0.0278697394603666,0.029,46.927,0.498037,0.473135,BRA,2026-06-25 00:00,70.887,0.04275,0.0352,0.047,0.0,0.057,0.047,0.036,-0.0283725909602303,0.029,46.927,0.392977,0.35368,1.933339,38568,1022,3500000,MID,False,,3.5,1.812,0.8263403263403264,2.3658784615384616,1.812,1.712756,0.45,True,1.35,john mcginn,sco,MID,john mcginn|sco|MID,john mcginn|sco,john mcginn|sco,,,,,,,,,,,,,,,,,
joel_ord_ez__ecu,Joel Ordonez,ECU,Ecuador,DEF,2500000,2500000,0.4914,transfermarkt_availability_split_2026_06_01,0.044673,2.120424,2.120424,49298,Ecuador,2500000,True,True,name_team_position,1.0,0.011,0.018,0.005,CIV,2026-06-15 01:00,75.636,0.02078,0.02313,0.007,0.288733,0.082,0.092,0.054,-0.0471045895164045,0.068,74.123,0.921178,0.921178,CUW,2026-06-21 02:00,75.636,0.038273,0.039062,0.009,0.572069,0.082,0.092,0.061,-0.040150029351885,0.068,74.123,1.713226,1.627564,GER,2026-06-25 22:00,75.636,0.010688,0.01437,0.008,0.113347,0.082,0.075,0.057,-0.0447309903287156,0.068,74.123,0.43787,0.394083,3.072274,43123,881,2500000,DEF,False,,2.5,2.369,0.4372037914691943,0.8961978199052141,2.369,1.901807,0.45,True,1.35,joel ordonez,ecu,DEF,joel ordonez|ecu|DEF,joel ordonez|ecu,joel ordonez|ecu,,,,,,,,,,,,,,,,,
d_sir_dou__fra,Desire Doue,FRA,Frankrig,FWD,4000000,4000000,0.7192,transfermarkt_availability_split_2026_06_01,0.065382,2.11982,2.11982,49019,Frankrig,4000000,True,True,name_team_position,1.0,0.028,0.04,0.027,SEN,2026-06-16 21:00,70.36,0.04374,0.0375,0.022,0.0,0.035,0.06,0.024,-0.0163809794450093,-0.001,29.002,0.341079,0.341079,IRQ,2026-06-22 23:00,70.36,0.045563,0.039062,0.024,0.0,0.035,0.038,0.024,-0.0153612768762393,-0.001,29.002,0.334077,0.317373,NOR,2026-06-26 21:00,70.36,0.032671,0.029073,0.019,0.0,0.035,0.028,0.022,-0.0178026417696977,-0.001,29.002,0.2331,0.20979,0.908256,46167,592,4000000,FWD,False,,4.0,0.627,0.7598566308243727,2.635501935483872,0.627,0.894231,0.45,True,1.35,desire doue,fra,FWD,desire doue|fra|FWD,desire doue|fra,desire doue|fra,,,,,,,,,,,,,,,,,
idrissa_gana_gueye__sen,Idrissa Gana Gueye,SEN,Senegal,MID,3000000,3000000,0.8656,transfermarkt_availability_split_2026_06_01,0.078691,2.118794,2.118794,49211,Senegal,3000000,True,True,name_team_position,1.0,0.039,0.08,0.03,FRA,2026-06-16 21:00,71.642,0.034875,0.05568,0.046,0.069739,0.086,-0.003,0.05,-0.045719789278651,0.068,70.209,0.370695,0.370695,NOR,2026-06-23 02:00,71.642,0.049969,0.07658,0.049,0.123904,0.086,0.063,0.052,-0.0440199429053809,0.068,70.209,0.581565,0.552487,IRQ,2026-06-26 21:00,71.642,0.147173,0.177594,0.061,0.420902,0.086,0.087,0.058,-0.0383684895287285,0.068,70.209,1.418279,1.276451,2.370539,29439,975,3000000,MID,False,,3.0,2.093,0.6713286713286714,1.9220676923076925,2.093,1.857146,0.45,True,1.35,idrissa gana gueye,sen,MID,idrissa gana gueye|sen|MID,idrissa gana gueye|sen,gana gueye idrissa|sen,,,,,,,,,,,,,,,,,
juli_n_qui_ones__mex,Julian Quinones,MEX,Mexico,FWD,3000000,3000000,0.6223,transfermarkt_availability_split_2026_06_01,0.056573,2.117636,2.117636,49353,Mexico,3000000,True,True,name_team_position,1.0,0.075,0.057,0.09,RSA,2026-06-11 21:00,66.36,0.120285,0.054688,0.077,0.0,0.023,0.058,0.024,-0.0160738880318234,0.003,29.105,0.76813,0.76813,KOR,2026-06-19 03:00,66.36,0.098034,0.04598,0.076,0.0,0.023,0.034,0.024,-0.0163729561096457,0.003,29.105,0.627703,0.596318,CZE,2026-06-25 03:00,66.36,0.075547,0.036559,0.064,0.0,0.023,0.027,0.022,-0.0180322955706637,0.003,29.105,0.486833,0.438149,1.882666,49574,775,3000000,FWD,False,,3.0,1.267,0.507168458781362,1.759073225806452,1.267,1.233237,0.45,True,1.35,julian quinones,mex,FWD,julian quinones|mex|FWD,julian quinones|mex,julian quinones|mex,,,,,,,,,,,,,,,,,
edouard_mendy__sen,Edouard Mendy,SEN,Senegal,GK,3500000,3500000,0.7597,transfermarkt_availability_split_2026_06_01,0.069064,2.111129,2.111129,49046,Senegal,3500000,True,True,name_team_position,1.0,0.001,0.0,0.0,FRA,2026-06-16 21:00,80.642,0.0,0.0,0.0,0.109956,0.026,-0.003,0.056,-0.0514633531229518,0.068,79.029,0.351413,0.351413,NOR,2026-06-23 02:00,80.642,0.0,0.0,0.0,0.195893,0.026,0.071,0.058,-0.0495499629795896,0.068,79.029,0.66995,0.636453,IRQ,2026-06-26 21:00,80.642,0.0,0.0,0.0,0.665528,0.026,0.098,0.065,-0.0431885438792534,0.068,79.029,2.02529,1.822761,3.046653,39795,975,3500000,GK,False,,3.5,2.708,0.684375,1.2103171874999996,2.708,2.15932,0.45,True,1.35,edouard mendy,sen,GK,edouard mendy|sen|GK,edouard mendy|sen,edouard mendy|sen,,,,,,,,,,,,,,,,,
richard_r_os__col,Richard Rios,COL,Colombia,MID,3500000,3500000,0.8685,transfermarkt_availability_split_2026_06_01,0.078955,2.108074,2.108074,49771,Colombia,3500000,True,True,name_team_position,1.0,0.033,0.048,0.028,UZB,2026-06-18 04:00,70.682,0.054675,0.046875,0.025,0.0,0.044,0.077,0.027,-0.021844237662487,0.011,36.062,0.488156,0.488156,COD,2026-06-24 04:00,70.682,0.063364,0.054408,0.028,0.0,0.044,0.043,0.029,-0.020250929251767,0.011,36.062,0.526793,0.500453,POR,2026-06-28 01:30,70.682,0.025092,0.026979,0.026,0.0,0.044,0.038,0.028,-0.0214699475486669,0.011,36.062,0.243927,0.219534,1.258876,48675,879,3500000,MID,False,,3.5,0.891,0.8263403263403264,2.3658784615384616,0.891,1.022006,0.45,True,1.35,richard rios,col,MID,richard rios|col|MID,richard rios|col,richard rios|col,,,,,,,,,,,,,,,,,
n_golo_kant__fra,N'Golo Kante,FRA,Frankrig,MID,3000000,3000000,0.7285,transfermarkt_availability_split_2026_06_01,0.066227,2.106372,2.106372,49620,Frankrig,3000000,True,True,name_team_position,1.0,0.029,0.046,0.024,SEN,2026-06-16 21:00,70.45,0.05832,0.054688,0.026,0.0,0.046,0.079,0.031,-0.0214792901573811,0.015,38.029,0.539185,0.539185,IRQ,2026-06-22 23:00,70.45,0.061965,0.059375,0.027,0.0,0.046,0.05,0.032,-0.0201422219178192,0.015,38.029,0.545808,0.518517,NOR,2026-06-26 21:00,70.45,0.043561,0.042916,0.022,0.0,0.046,0.037,0.029,-0.0233434215226825,0.015,38.029,0.38021,0.342189,1.465203,33518,592,3000000,MID,False,,3.0,0.906,0.6713286713286714,1.9220676923076925,0.906,0.966896,0.45,True,1.35,n golo kante,fra,MID,n golo kante|fra|MID,n golo kante|fra,golo kante n|fra,,,,,,,,,,,,,,,,,
miguel_almir_n__par,Miguel Almiron,PAR,Paraguay,MID,3500000,3500000,0.8699,transfermarkt_availability_split_2026_06_01,0.079082,2.104897,2.104897,49561,Paraguay,3500000,True,True,name_team_position,1.0,0.059,0.079,0.037,USA,2026-06-13 03:00,71.382,0.054954,0.056125,0.047,0.027993,0.072,0.034,0.041,-0.0382326396862069,0.049,58.841,0.503912,0.503912,TUR,2026-06-20 06:00,71.382,0.063706,0.063618,0.049,0.033901,0.072,0.049,0.042,-0.0376144318390254,0.049,58.841,0.58877,0.559331,AUS,2026-06-26 04:00,71.382,0.120441,0.105307,0.059,0.068272,0.072,0.066,0.047,-0.0337790410843138,0.049,58.841,1.033347,0.930012,2.126029,37360,778,3500000,MID,False,,3.5,2.104,0.8263403263403264,2.3658784615384616,2.104,1.931756,0.45,True,1.35,miguel almiron,par,MID,miguel almiron|par|MID,miguel almiron|par,almiron miguel|par,,,,,,,,,,,,,,,,,
elias_achouri__tun,Elias Achouri,TUN,Tunesien,MID,3500000,3500000,0.8269,transfermarkt_availability_split_2026_06_01,0.075173,2.079971,2.079971,49054,Tunesien,3500000,True,True,name_team_position,1.0,0.119,0.06,0.127,SWE,2026-06-15 04:00,67.179,0.092509,0.036149,0.14,0.0,0.038,0.021,0.035,-0.0311555454518525,0.037,48.832,0.734836,0.734836,JPN,2026-06-21 06:00,67.179,0.098646,0.040137,0.166,0.0,0.038,0.052,0.038,-0.0286953589515671,0.037,48.832,0.839946,0.797948,NED,2026-06-26 01:00,67.179,0.086625,0.03456,0.16,0.0,0.038,0.049,0.038,-0.0294965453719338,0.037,48.832,0.753308,0.677978,2.32809,43102,976,3500000,MID,False,,3.5,2.724,0.8263403263403264,2.3658784615384616,2.724,2.396756,0.45,True,1.35,elias achouri,tun,MID,elias achouri|tun|MID,elias achouri|tun,achouri elias|tun,,,,,,,,,,,,,,,,,
antonio_sanabria__par,Antonio Sanabria,PAR,Paraguay,FWD,4000000,4000000,0.6911,transfermarkt_availability_split_2026_06_01,0.062827,2.066053,2.066053,48854,Paraguay,4000000,True,True,name_team_position,1.0,0.107,0.049,0.132,USA,2026-06-13 03:00,66.877,0.064232,0.022134,0.109,0.0,0.029,0.022,0.026,-0.0243778210808897,0.017,37.518,0.443952,0.443952,TUR,2026-06-20 06:00,66.877,0.074996,0.024931,0.113,0.0,0.029,0.032,0.027,-0.023983640600204,0.017,37.518,0.510793,0.485254,AUS,2026-06-26 04:00,66.877,0.140308,0.042122,0.137,0.0,0.029,0.042,0.03,-0.021538126234441,0.017,37.518,0.86306,0.776754,1.817805,32771,778,4000000,FWD,False,,4.0,1.794,0.7598566308243727,2.635501935483872,1.794,1.769481,0.45,True,1.35,antonio sanabria,par,FWD,antonio sanabria|par|FWD,antonio sanabria|par,antonio sanabria|par,,,,,,,,,,,,,,,,,
ibrahima_konat__fra,Ibrahima Konate,FRA,Frankrig,DEF,3000000,3000000,0.5889,transfermarkt_availability_split_2026_06_01,0.053536,2.044122,2.044122,49209,Frankrig,3000000,True,True,name_team_position,1.0,0.009,0.013,0.004,SEN,2026-06-16 21:00,75.031,0.025515,0.021875,0.006,0.153531,0.068,0.127,0.05,-0.0345175677340892,0.048,61.113,0.684966,0.684966,IRQ,2026-06-22 23:00,75.031,0.027338,0.023438,0.006,0.208148,0.068,0.08,0.051,-0.0323688773823125,0.048,61.113,0.776899,0.738054,NOR,2026-06-26 21:00,75.031,0.01867,0.016612,0.005,0.113111,0.068,0.059,0.046,-0.037513257079294,0.048,61.113,0.463187,0.416868,1.925052,35483,592,3000000,DEF,False,,3.0,1.165,0.7085308056872038,1.452374786729859,1.165,1.076416,0.45,True,1.35,ibrahima konate,fra,DEF,ibrahima konate|fra|DEF,ibrahima konate|fra,ibrahima konate|fra,,,,,,,,,,,,,,,,,
koki_ogawa__jpn,Koki Ogawa,JPN,Japan,FWD,4000000,4000000,0.6143,transfermarkt_availability_split_2026_06_01,0.055845,2.035077,2.035077,49404,Japan,4000000,True,True,name_team_position,1.0,0.059,0.036,0.076,NED,2026-06-14 22:00,66.704,0.037889,0.017638,0.064,0.0,0.03,0.023,0.027,-0.0249465681663956,0.019,38.421,0.282523,0.282523,TUN,2026-06-21 06:00,66.704,0.082642,0.030597,0.069,0.0,0.03,0.035,0.028,-0.0240695429076653,0.019,38.421,0.519289,0.493325,SWE,2026-06-26 01:00,66.704,0.084949,0.032807,0.081,0.0,0.03,0.043,0.031,-0.0220447708532083,0.019,38.421,0.560172,0.504155,1.363113,49533,772,4000000,FWD,False,,4.0,1.142,0.7598566308243727,2.635501935483872,1.142,1.280481,0.45,True,1.35,koki ogawa,jpn,FWD,koki ogawa|jpn|FWD,koki ogawa|jpn,koki ogawa|jpn,,,,,,,,,,,,,,,,,
yasin_ayari__swe,Yasin Ayari,SWE,Sverige,MID,3500000,3500000,0.871,transfermarkt_availability_split_2026_06_01,0.079182,2.016241,2.016241,49959,Sverige,3500000,True,True,name_team_position,1.0,0.048,0.056,0.034,TUN,2026-06-15 04:00,71.332,0.118168,0.08954,0.061,0.200725,0.079,0.1,0.052,-0.0371393170882039,0.059,64.872,1.015321,1.015321,NED,2026-06-20 19:00,71.332,0.03825,0.036933,0.047,0.050494,0.079,0.051,0.045,-0.0423215168059453,0.059,64.872,0.382727,0.363591,JPN,2026-06-26 01:00,71.332,0.052122,0.046741,0.05,0.077671,0.079,0.055,0.047,-0.0414378163986623,0.059,64.872,0.491395,0.442256,1.889443,39552,598,3500000,MID,False,,3.5,1.911,0.8263403263403264,2.3658784615384616,1.911,1.787006,0.45,True,1.35,yasin ayari,swe,MID,yasin ayari|swe|MID,yasin ayari|swe,ayari yasin|swe,,,,,,,,,,,,,,,,,
nikola_vla_i__cro,Nikola Vlasic,CRO,Kroatien,MID,3000000,3000000,0.732,transfermarkt_availability_split_2026_06_01,0.066545,2.012523,2.012523,49658,Kroatien,3000000,True,True,name_team_position,1.0,0.073,0.048,0.087,ENG,2026-06-17 22:00,66.36,0.026752,0.014481,0.053,0.0,0.021,0.008,0.019,-0.0175308136231884,-0.001,27.141,0.217672,0.217672,PAN,2026-06-24 01:00,66.36,0.088325,0.035085,0.058,0.0,0.021,0.025,0.02,-0.0168226482938608,-0.001,27.141,0.611057,0.580504,GHA,2026-06-27 23:00,66.36,0.092882,0.037239,0.069,0.0,0.021,0.033,0.022,-0.0149157174510929,-0.001,27.141,0.663211,0.59689,1.49194,35921,588,3000000,MID,False,,3.0,0.969,0.6713286713286714,1.9220676923076925,0.969,1.014146,0.45,True,1.35,nikola vlasic,cro,MID,nikola vlasic|cro|MID,nikola vlasic|cro,nikola vlasic|cro,,,,,,,,,,,,,,,,,
david_m_ller_wolfe__nor,David Møller Wolfe,NOR,Norge,DEF,3000000,3000000,0.8444,transfermarkt_availability_split_2026_06_01,0.076764,2.010716,2.010716,48994,Norge,3000000,True,True,name_team_position,1.0,0.01,0.017,0.004,IRQ,2026-06-17 00:00,75.517,0.02916,0.028125,0.006,0.33291,0.077,0.147,0.051,-0.042691578246816,0.06,69.24,1.136045,1.136045,SEN,2026-06-23 02:00,75.517,0.021954,0.024086,0.007,0.238042,0.077,0.074,0.054,-0.0407917219238392,0.06,69.24,0.804883,0.764639,FRA,2026-06-26 21:00,75.517,0.009632,0.012882,0.007,0.093621,0.077,0.069,0.053,-0.0420199530222148,0.06,69.24,0.372384,0.335146,2.312136,48173,1126,3000000,DEF,False,,3.0,1.871,0.7085308056872038,1.452374786729859,1.871,1.605916,0.45,True,1.35,david moller wolfe,nor,DEF,david moller wolfe|nor|DEF,david moller wolfe|nor,david moller wolfe|nor,,,,,,,,,,,,,,,,,
anthony_elanga__swe,Anthony Elanga,SWE,Sverige,FWD,3500000,3500000,0.6961,transfermarkt_availability_split_2026_06_01,0.063282,2.010364,2.010364,48843,Sverige,3500000,True,True,name_team_position,1.0,0.091,0.044,0.12,TUN,2026-06-15 04:00,66.772,0.15939,0.049184,0.15,0.0,0.035,0.069,0.036,-0.0256931862544037,0.031,44.879,1.010419,1.010419,NED,2026-06-20 19:00,66.772,0.051188,0.020445,0.117,0.0,0.035,0.035,0.031,-0.0292782608598207,0.031,44.879,0.415809,0.395018,JPN,2026-06-26 01:00,66.772,0.06974,0.025787,0.123,0.0,0.035,0.038,0.032,-0.0286669119999724,0.031,44.879,0.516654,0.464989,1.941935,40521,598,3500000,FWD,False,,3.5,1.956,0.6577060931899642,2.2812009677419365,1.956,1.833984,0.45,True,1.35,anthony elanga,swe,FWD,anthony elanga|swe|FWD,anthony elanga|swe,anthony elanga|swe,,,,,,,,,,,,,,,,,
brian_brobbey__ned,Brian Brobbey,NED,Holland,FWD,2500000,2500000,0.43,transfermarkt_availability_split_2026_06_01,0.039091,2.004342,2.004342,48916,Holland,2500000,True,True,name_team_position,1.0,0.072,0.046,0.086,JPN,2026-06-14 22:00,66.569,0.123538,0.051237,0.11,0.0,0.034,0.061,0.036,-0.0250409617325003,0.03,44.335,0.825822,0.825822,SWE,2026-06-20 19:00,66.569,0.151564,0.059267,0.111,0.0,0.034,0.053,0.036,-0.0247946217213178,0.03,44.335,0.955262,0.907499,TUN,2026-06-26 01:00,66.569,0.139301,0.053802,0.095,0.0,0.034,0.042,0.033,-0.0272385659341269,0.03,44.335,0.857371,0.771634,2.638455,38998,593,2500000,FWD,False,,2.5,1.837,0.2939068100358423,1.0193922580645165,1.837,1.541743,0.45,True,1.35,brian brobbey,ned,FWD,brian brobbey|ned|FWD,brian brobbey|ned,brian brobbey|ned,,,,,,,,,,,,,,,,,
alan_minda__ecu,Alan Minda,ECU,Ecuador,MID,3000000,3000000,0.6476,transfermarkt_availability_split_2026_06_01,0.058873,1.985025,1.985025,48763,Ecuador,3000000,True,True,name_team_position,1.0,0.072,0.046,0.092,CIV,2026-06-15 01:00,66.36,0.061118,0.025443,0.062,0.0,0.023,0.036,0.021,-0.0186901839348275,0.003,29.411,0.462229,0.462229,CUW,2026-06-21 02:00,66.36,0.11664,0.04375,0.079,0.0,0.023,0.037,0.024,-0.0159307498755321,0.003,29.411,0.818519,0.777593,GER,2026-06-25 22:00,66.36,0.032063,0.01633,0.07,0.0,0.023,0.03,0.023,-0.0177483859940979,0.003,29.411,0.294557,0.265101,1.575305,52161,881,3000000,MID,False,,3.0,1.123,0.6713286713286714,1.9220676923076925,1.123,1.129646,0.45,True,1.35,alan minda,ecu,MID,alan minda|ecu|MID,alan minda|ecu,alan minda|ecu,,,,,,,,,,,,,,,,,
oh_hyeon_gyu__kor,Hyeon-Gyu Oh,KOR,Sydkorea,FWD,3500000,3500000,0.5007,transfermarkt_availability_split_2026_06_01,0.045518,1.98485,1.98485,49198,Sydkorea,3500000,True,True,name_team_position,1.0,0.084,0.052,0.094,CZE,2026-06-12 04:00,66.745,0.108892,0.046582,0.116,0.0,0.035,0.043,0.036,-0.0258859985845666,0.031,44.993,0.740428,0.740428,MEX,2026-06-19 03:00,66.745,0.051241,0.025927,0.093,0.0,0.035,0.036,0.032,-0.0292026150184576,0.031,44.993,0.410542,0.390015,RSA,2026-06-25 03:00,66.745,0.115199,0.045912,0.099,0.0,0.035,0.04,0.033,-0.0281745568153934,0.031,44.993,0.738357,0.664522,1.889327,44836,774,3500000,FWD,False,,3.5,1.847,0.6577060931899642,2.2812009677419365,1.847,1.752234,0.45,True,1.35,hyeon gyu oh,kor,FWD,hyeon gyu oh|kor|FWD,hyeon gyu oh|kor,gyu hyeon oh|kor,,,,,,,,,,,,,,,,,
facundo_torres__uru,Facundo Torres,URU,Uruguay,FWD,3500000,3500000,0.4573,transfermarkt_availability_split_2026_06_01,0.041573,1.97526,1.97526,49091,Uruguay,3500000,True,True,name_team_position,1.0,0.049,0.052,0.027,KSA,2026-06-16 00:00,70.902,0.085598,0.053781,0.026,0.0,0.049,0.074,0.03,-0.0246055749901051,0.018,39.925,0.578129,0.578129,CPV,2026-06-22 00:00,70.902,0.105705,0.067187,0.032,0.0,0.049,0.05,0.033,-0.0215284540573283,0.018,39.925,0.686853,0.65251,ESP,2026-06-27 02:00,70.902,0.028687,0.024631,0.028,0.0,0.049,0.04,0.031,-0.0242291858973356,0.018,39.925,0.232412,0.209171,1.497394,43471,783,3500000,FWD,False,,3.5,1.249,0.6577060931899642,2.2812009677419365,1.249,1.303734,0.45,True,1.35,facundo torres,uru,FWD,facundo torres|uru|FWD,facundo torres|uru,facundo torres|uru,,,,,,,,,,,,,,,,,
kenny_mclean__sco,Kenny McLean,SCO,Skotland,MID,2500000,2500000,0.6629,transfermarkt_availability_split_2026_06_01,0.060264,1.972224,1.972224,49384,Skotland,2500000,True,True,name_team_position,1.0,0.047,0.098,0.035,HAI,2026-06-14 03:00,71.451,0.143978,0.179688,0.057,0.280029,0.082,0.139,0.051,-0.0408543437935888,0.063,67.414,1.4461,1.4461,MAR,2026-06-20 00:00,71.451,0.061536,0.098184,0.061,0.115248,0.082,0.07,0.052,-0.0400363863843294,0.063,67.414,0.726196,0.689886,BRA,2026-06-25 00:00,71.451,0.046125,0.07616,0.06,0.065491,0.082,0.067,0.052,-0.0407587597301984,0.063,67.414,0.578346,0.520512,2.751654,38593,1022,2500000,MID,False,,2.5,2.587,0.3857808857808857,1.1045215384615383,2.587,2.105403,0.45,True,1.35,kenny mclean,sco,MID,kenny mclean|sco|MID,kenny mclean|sco,kenny mclean|sco,,,,,,,,,,,,,,,,,
haris_tabakovic__bih,Haris Tabakovic,BIH,Bosnien-Hercegovina,FWD,3000000,3000000,0.5459,transfermarkt_availability_split_2026_06_01,0.049627,1.966107,1.966107,49171,Bosnien-Hercegovina,3000000,True,True,name_team_position,1.0,0.111,0.057,0.127,CAN,2026-06-12 21:00,66.819,0.0702,0.028982,0.124,0.0,0.034,0.028,0.031,-0.0284205185261575,0.029,44.101,0.517325,0.517325,SUI,2026-06-18 21:00,66.819,0.061875,0.02496,0.122,0.0,0.034,0.035,0.031,-0.0286339760650416,0.029,44.101,0.476746,0.452909,QAT,2026-06-24 21:00,66.819,0.226918,0.071031,0.157,0.0,0.034,0.051,0.035,-0.0249656896673451,0.029,44.101,1.333799,1.200419,2.32787,46258,882,3000000,FWD,False,,3.0,2.225,0.507168458781362,1.759073225806452,2.225,1.951737,0.45,True,1.35,haris tabakovic,bih,FWD,haris tabakovic|bih|FWD,haris tabakovic|bih,haris tabakovic|bih,,,,,,,,,,,,,,,,,
oswin_appollis__rsa,Oswin Appollis,RSA,Sydafrika,FWD,3500000,3500000,0.6643,transfermarkt_availability_split_2026_06_01,0.060391,1.962746,1.962746,49694,Sydafrika,3500000,True,True,name_team_position,1.0,0.148,0.066,0.159,MEX,2026-06-11 21:00,67.359,0.084375,0.02944,0.157,0.0,0.036,0.002,0.032,-0.0303089294186741,0.032,46.292,0.582511,0.582511,CZE,2026-06-18 18:00,67.359,0.10567,0.037079,0.166,0.0,0.036,0.039,0.033,-0.0295462161620531,0.032,46.292,0.738371,0.701452,KOR,2026-06-25 03:00,67.359,0.145918,0.048559,0.198,0.0,0.036,0.05,0.036,-0.0270904042919359,0.032,46.292,0.982259,0.884033,2.303141,49644,782,3500000,FWD,False,,3.5,2.889,0.6577060931899642,2.2812009677419365,2.889,2.533734,0.45,True,1.35,oswin appollis,rsa,FWD,oswin appollis|rsa|FWD,oswin appollis|rsa,appollis oswin|rsa,,,,,,,,,,,,,,,,,
mehdi_taremi__irn,Mehdi Taremi,IRN,Iran,FWD,3500000,3500000,0.9079,transfermarkt_availability_split_2026_06_01,0.082536,1.946442,1.946442,49545,Iran,3500000,True,True,name_team_position,1.0,0.104,0.058,0.144,NZL,2026-06-16 03:00,66.819,0.146439,0.050826,0.137,0.0,0.025,0.059,0.027,-0.0177903961420963,0.009,32.574,0.927444,0.927444,BEL,2026-06-21 21:00,66.819,0.042188,0.01856,0.101,0.0,0.025,0.025,0.023,-0.0212893256039035,0.009,32.574,0.336143,0.319336,EGY,2026-06-27 05:00,66.819,0.066437,0.027194,0.107,0.0,0.025,0.028,0.023,-0.0207499350968552,0.009,32.574,0.46858,0.421722,1.732167,36410,883,3500000,FWD,False,,3.5,1.663,0.6577060931899642,2.2812009677419365,1.663,1.614234,0.45,True,1.35,mehdi taremi,irn,FWD,mehdi taremi|irn|FWD,mehdi taremi|irn,mehdi taremi|irn,,,,,,,,,,,,,,,,,
ibrahim_mbaye__sen,Ibrahim Mbaye,SEN,Senegal,MID,4000000,4000000,0.8137,transfermarkt_availability_split_2026_06_01,0.073973,1.945177,1.945177,49205,Senegal,4000000,True,True,name_team_position,1.0,0.078,0.046,0.089,FRA,2026-06-16 21:00,66.43,0.0225,0.01024,0.045,0.0,0.018,-0.001,0.016,-0.0148508814484834,-0.009,22.805,0.161369,0.161369,NOR,2026-06-23 02:00,66.43,0.03207,0.014665,0.049,0.0,0.018,0.021,0.017,-0.0142987306759544,-0.009,22.805,0.250046,0.237544,IRQ,2026-06-26 21:00,66.43,0.095124,0.033974,0.06,0.0,0.018,0.028,0.019,-0.0124630034026556,-0.009,22.805,0.645079,0.580571,1.056494,46435,975,4000000,MID,False,,4.0,0.8,0.8916083916083916,2.5527461538461536,0.8,0.981698,0.45,True,1.35,ibrahim mbaye,sen,MID,ibrahim mbaye|sen|MID,ibrahim mbaye|sen,ibrahim mbaye|sen,,,,,,,,,,,,,,,,,
lyndon_dykes__sco,Lyndon Dykes,SCO,Skotland,FWD,2500000,2500000,0.8595,transfermarkt_availability_split_2026_06_01,0.078136,1.942903,1.942903,49473,Skotland,2500000,True,True,name_team_position,1.0,0.1,0.059,0.13,HAI,2026-06-14 03:00,66.958,0.227813,0.079687,0.157,0.0,0.038,0.1,0.037,-0.0295569117362227,0.037,48.772,1.413756,1.413756,MAR,2026-06-20 00:00,66.958,0.097431,0.043458,0.167,0.0,0.038,0.051,0.038,-0.02896514369629,0.037,48.772,0.746133,0.708826,BRA,2026-06-25 00:00,66.958,0.073125,0.03392,0.163,0.0,0.038,0.049,0.037,-0.0294877594879503,0.037,48.772,0.612772,0.551495,2.772661,40456,1022,2500000,FWD,False,,2.5,2.598,0.2939068100358423,1.0193922580645165,2.598,2.112493,0.45,True,1.35,lyndon dykes,sco,FWD,lyndon dykes|sco|FWD,lyndon dykes|sco,dykes lyndon|sco,,,,,,,,,,,,,,,,,
jhon_c_rdoba__col,Jhon Cordoba,COL,Colombia,FWD,3000000,3000000,0.6658,transfermarkt_availability_split_2026_06_01,0.060527,1.934165,1.934165,49280,Colombia,3000000,True,True,name_team_position,1.0,0.073,0.039,0.103,UZB,2026-06-18 04:00,66.36,0.10206,0.032813,0.077,0.0,0.023,0.064,0.023,-0.0180604753229191,0.004,29.816,0.633619,0.633619,COD,2026-06-24 04:00,66.36,0.115864,0.037308,0.088,0.0,0.023,0.035,0.024,-0.0167431527558321,0.004,29.816,0.686637,0.652305,POR,2026-06-28 01:30,66.36,0.047047,0.018548,0.082,0.0,0.023,0.031,0.023,-0.017751018088993,0.004,29.816,0.343081,0.308773,1.663337,31677,879,3000000,FWD,False,,3.0,1.196,0.507168458781362,1.759073225806452,1.196,1.179987,0.45,True,1.35,jhon cordoba,col,FWD,jhon cordoba|col|FWD,jhon cordoba|col,cordoba jhon|col,,,,,,,,,,,,,,,,,
bilal_el_khannouss__mar,Bilal El Khannouss,MAR,Marokko,MID,3000000,3000000,0.5995,transfermarkt_availability_split_2026_06_01,0.0545,1.912686,1.912686,48900,Marokko,3000000,True,True,name_team_position,1.0,0.037,0.057,0.027,BRA,2026-06-14 00:00,70.839,0.02475,0.03008,0.032,0.0,0.065,0.007,0.038,-0.0341024826874774,0.039,52.817,0.230888,0.230888,SCO,2026-06-20 00:00,70.839,0.061522,0.06083,0.034,0.0,0.065,0.049,0.039,-0.0328645488103597,0.039,52.817,0.553235,0.525574,HAI,2026-06-25 00:00,70.839,0.107528,0.098437,0.043,0.0,0.065,0.069,0.044,-0.0278989850254173,0.039,52.817,0.935052,0.841547,1.720387,43464,974,3000000,MID,False,,3.0,1.337,0.6713286713286714,1.9220676923076925,1.337,1.290146,0.45,True,1.35,bilal el khannouss,mar,MID,bilal el khannouss|mar|MID,bilal el khannouss|mar,bilal el khannouss|mar,,,,,,,,,,,,,,,,,
warren_za_re_emery__fra,Warren Zaire-Emery,FRA,Frankrig,MID,3000000,3000000,0.3875,transfermarkt_availability_split_2026_06_01,0.035227,1.909363,1.909363,49939,Frankrig,3000000,True,True,name_team_position,1.0,0.028,0.04,0.023,SEN,2026-06-16 21:00,70.36,0.045563,0.039062,0.02,0.0,0.037,0.063,0.025,-0.0171479685359571,0.002,30.36,0.400853,0.400853,IRQ,2026-06-22 23:00,70.36,0.047385,0.040625,0.021,0.0,0.037,0.04,0.025,-0.0160805215237682,0.002,30.36,0.393719,0.374034,NOR,2026-06-26 21:00,70.36,0.034227,0.029073,0.017,0.0,0.037,0.029,0.023,-0.0186361958360615,0.002,30.36,0.273718,0.246346,1.066733,42910,592,3000000,MID,False,,3.0,0.654,0.6713286713286714,1.9220676923076925,0.654,0.777896,0.45,True,1.35,warren zaire emery,fra,MID,warren zaire emery|fra|MID,warren zaire emery|fra,emery warren zaire|fra,,,,,,,,,,,,,,,,,
frantzdy_pierrot__hai,Frantzdy Pierrot,HAI,Haiti,FWD,3000000,3000000,0.8145,transfermarkt_availability_split_2026_06_01,0.074045,1.905336,1.905336,49122,Haiti,3000000,True,True,name_team_position,1.0,0.189,0.076,0.201,SCO,2026-06-14 03:00,67.604,0.147375,0.04672,0.272,0.0,0.042,-0.0,0.041,-0.0323328344400175,0.045,53.732,1.013327,1.013327,BRA,2026-06-20 03:00,67.604,0.111937,0.03584,0.207,0.0,0.042,0.035,0.035,-0.036239815856528,0.045,53.732,0.799028,0.759077,MAR,2026-06-25 00:00,67.604,0.115875,0.03648,0.214,0.0,0.042,0.037,0.035,-0.0358055350501464,0.045,53.732,0.826134,0.743521,2.639148,43021,1129,3000000,FWD,False,,3.0,3.822,0.507168458781362,1.759073225806452,3.822,3.149487,0.45,True,1.35,frantzdy pierrot,hai,FWD,frantzdy pierrot|hai|FWD,frantzdy pierrot|hai,frantzdy pierrot|hai,,,,,,,,,,,,,,,,,
rodrigo_aguirre__uru,Rodrigo Aguirre,URU,Uruguay,FWD,3000000,3000000,0.8234,transfermarkt_availability_split_2026_06_01,0.074855,1.904405,1.904405,49787,Uruguay,3000000,True,True,name_team_position,1.0,0.076,0.043,0.101,KSA,2026-06-16 00:00,66.617,0.101648,0.035342,0.075,0.0,0.024,0.056,0.023,-0.018668239455192,0.005,30.291,0.62895,0.62895,CPV,2026-06-22 00:00,66.617,0.127575,0.04375,0.091,0.0,0.024,0.038,0.025,-0.0163336290903149,0.005,30.291,0.760216,0.722206,ESP,2026-06-27 02:00,66.617,0.034312,0.015556,0.079,0.0,0.024,0.03,0.023,-0.0183826732079099,0.005,30.291,0.278533,0.25068,1.667699,52128,783,3000000,FWD,False,,3.0,1.239,0.507168458781362,1.759073225806452,1.239,1.212237,0.45,True,1.35,rodrigo aguirre,uru,FWD,rodrigo aguirre|uru|FWD,rodrigo aguirre|uru,aguirre rodrigo|uru,,,,,,,,,,,,,,,,,
manuel_ugarte__uru,Manuel Ugarte,URU,Uruguay,MID,3500000,3500000,0.7396,transfermarkt_availability_split_2026_06_01,0.067236,1.898773,1.898773,49487,Uruguay,3500000,True,True,name_team_position,1.0,0.03,0.046,0.024,KSA,2026-06-16 00:00,70.412,0.041015,0.038415,0.018,0.0,0.039,0.06,0.024,-0.0197967511911951,0.005,32.122,0.368523,0.368523,CPV,2026-06-22 00:00,70.412,0.052852,0.046875,0.022,0.0,0.039,0.04,0.026,-0.0173210115461799,0.005,32.122,0.441564,0.419486,ESP,2026-06-27 02:00,70.412,0.014062,0.017501,0.019,0.0,0.039,0.032,0.025,-0.0194939222094041,0.005,32.122,0.145319,0.130787,0.956702,41211,783,3500000,MID,False,,3.5,0.702,0.8263403263403264,2.3658784615384616,0.702,0.880256,0.45,True,1.35,manuel ugarte,uru,MID,manuel ugarte|uru|MID,manuel ugarte|uru,manuel ugarte|uru,,,,,,,,,,,,,,,,,
c_dric_bakambu__cod,Cedric Bakambu,COD,Congo DR,FWD,3500000,3500000,0.7818,transfermarkt_availability_split_2026_06_01,0.071073,1.898289,1.898289,48940,Congo DR,3500000,True,True,name_team_position,1.0,0.121,0.057,0.156,POR,2026-06-17 19:00,66.99,0.06525,0.02432,0.146,0.0,0.035,-0.01,0.03,-0.0292882868411386,0.03,44.418,0.465672,0.465672,COL,2026-06-24 04:00,66.99,0.068062,0.0256,0.152,0.0,0.035,0.036,0.031,-0.0287548692827416,0.03,44.418,0.534293,0.507578,UZB,2026-06-28 01:30,66.99,0.165115,0.053123,0.196,0.0,0.035,0.052,0.036,-0.0248120455521949,0.03,44.418,1.074017,0.966615,2.073982,33568,1145,3500000,FWD,False,,3.5,2.393,0.6577060931899642,2.2812009677419365,2.393,2.161734,0.45,True,1.35,cedric bakambu,cod,FWD,cedric bakambu|cod|FWD,cedric bakambu|cod,bakambu cedric|cod,,,,,,,,,,,,,,,,,
jes_s_gallardo__mex,Jesus Gallardo,MEX,Mexico,DEF,3000000,3000000,0.7889,transfermarkt_availability_split_2026_06_01,0.071718,1.896848,1.896848,49277,Mexico,3000000,True,True,name_team_position,1.0,0.01,0.017,0.004,RSA,2026-06-11 21:00,75.06,0.02916,0.029687,0.006,0.162897,0.067,0.121,0.05,-0.033539597969266,0.047,60.731,0.745855,0.745855,KOR,2026-06-19 03:00,75.06,0.024132,0.024342,0.006,0.132534,0.067,0.072,0.049,-0.034163630130977,0.047,60.731,0.582229,0.553118,CZE,2026-06-25 03:00,75.06,0.01923,0.020171,0.005,0.098204,0.067,0.057,0.045,-0.0376259895991342,0.047,60.731,0.441316,0.397184,1.76793,36427,775,3000000,DEF,False,,3.0,1.15,0.7085308056872038,1.452374786729859,1.15,1.065166,0.45,True,1.35,jesus gallardo,mex,DEF,jesus gallardo|mex|DEF,jesus gallardo|mex,gallardo jesus|mex,,,,,,,,,,,,,,,,,
orbel_n_pineda__mex,Orbelin Pineda,MEX,Mexico,MID,3000000,3000000,0.5947,transfermarkt_availability_split_2026_06_01,0.054064,1.893096,1.893096,49686,Mexico,3000000,True,True,name_team_position,1.0,0.031,0.063,0.023,RSA,2026-06-11 21:00,70.36,0.052852,0.0625,0.02,0.0,0.038,0.062,0.025,-0.0171204926554611,0.003,31.001,0.50664,0.50664,KOR,2026-06-19 03:00,70.36,0.042231,0.052741,0.02,0.0,0.038,0.037,0.025,-0.0174390336842217,0.003,31.001,0.398939,0.378992,CZE,2026-06-25 03:00,70.36,0.032966,0.041602,0.017,0.0,0.038,0.029,0.023,-0.019206416224092,0.003,31.001,0.30443,0.273987,1.210009,41669,775,3000000,MID,False,,3.0,0.799,0.6713286713286714,1.9220676923076925,0.799,0.886646,0.45,True,1.35,orbelin pineda,mex,MID,orbelin pineda|mex|MID,orbelin pineda|mex,orbelin pineda|mex,,,,,,,,,,,,,,,,,
antonio_nusa__nor,Antonio Nusa,NOR,Norge,MID,3500000,3500000,0.8157,transfermarkt_availability_split_2026_06_01,0.074155,1.886208,1.886208,48852,Norge,3500000,True,True,name_team_position,1.0,0.097,0.044,0.09,IRQ,2026-06-17 00:00,66.409,0.047385,0.0125,0.024,0.0,0.008,0.023,0.008,-0.0066724913948247,-0.03,10.822,0.284753,0.284753,SEN,2026-06-23 02:00,66.409,0.037451,0.010839,0.026,0.0,0.008,0.012,0.008,-0.006375552853617,-0.03,10.822,0.221396,0.210327,FRA,2026-06-26 21:00,66.409,0.015864,0.006102,0.025,0.0,0.008,0.011,0.008,-0.0065675195545758,-0.03,10.822,0.097058,0.087353,0.604657,41390,1126,3500000,MID,False,,3.5,0.396,0.8263403263403264,2.3658784615384616,0.396,0.650756,0.45,True,1.35,antonio nusa,nor,MID,antonio nusa|nor|MID,antonio nusa|nor,antonio nusa|nor,,,,,,,,,,,,,,,,,
anthony_ralston__sco,Anthony Ralston,SCO,Skotland,DEF,2500000,2500000,0.6311,transfermarkt_availability_split_2026_06_01,0.057373,1.884405,1.884405,48846,Skotland,2500000,True,True,name_team_position,1.0,0.013,0.046,0.005,HAI,2026-06-14 03:00,75.584,0.038273,0.082813,0.008,0.430677,0.082,0.152,0.056,-0.0448895432264661,0.068,74.072,1.582677,1.582677,MAR,2026-06-20 00:00,75.584,0.016849,0.045873,0.009,0.176713,0.082,0.077,0.058,-0.0439907958456277,0.068,74.072,0.713491,0.677816,BRA,2026-06-25 00:00,75.584,0.012375,0.0352,0.009,0.100502,0.082,0.074,0.057,-0.0447845182879428,0.068,74.072,0.48217,0.433953,2.779317,34824,1022,2500000,DEF,False,,2.5,2.7,0.4372037914691943,0.8961978199052141,2.7,2.150057,0.45,True,1.35,anthony ralston,sco,DEF,anthony ralston|sco|DEF,anthony ralston|sco,anthony ralston|sco,,,,,,,,,,,,,,,,,
ryan_christie__sco,Ryan Christie,SCO,Skotland,MID,2500000,2500000,0.8264,transfermarkt_availability_split_2026_06_01,0.075127,1.880965,1.880965,49804,Skotland,2500000,True,True,name_team_position,1.0,0.058,0.071,0.047,HAI,2026-06-14 03:00,71.224,0.164025,0.11875,0.071,0.163055,0.076,0.128,0.047,-0.0377248074664035,0.055,62.25,1.36365,1.36365,MAR,2026-06-20 00:00,71.224,0.069593,0.065188,0.076,0.067053,0.076,0.065,0.048,-0.0369695074685395,0.055,62.25,0.674559,0.640832,BRA,2026-06-25 00:00,71.224,0.052313,0.05056,0.074,0.038306,0.076,0.062,0.048,-0.0376365453612408,0.055,62.25,0.538608,0.484748,2.576817,34828,1022,2500000,MID,False,,2.5,2.417,0.3857808857808857,1.1045215384615383,2.417,1.977903,0.45,True,1.35,ryan christie,sco,MID,ryan christie|sco|MID,ryan christie|sco,christie ryan|sco,,,,,,,,,,,,,,,,,
duje_aleta_car__cro,Duje Caleta-Car,CRO,Kroatien,DEF,3000000,3000000,0.5612,transfermarkt_availability_split_2026_06_01,0.051018,1.86456,1.86456,49036,Kroatien,3000000,True,True,name_team_position,1.0,0.01,0.018,0.01,ENG,2026-06-17 22:00,75.352,0.008142,0.011723,0.013,0.063112,0.073,0.019,0.047,-0.0425721069935164,0.055,65.91,0.241295,0.241295,PAN,2026-06-24 01:00,75.352,0.026497,0.027459,0.014,0.233948,0.073,0.061,0.049,-0.040852387029729,0.055,65.91,0.821192,0.780133,GHA,2026-06-27 23:00,75.352,0.027865,0.030343,0.016,0.268417,0.073,0.081,0.054,-0.0362215658018899,0.055,65.91,0.945515,0.850963,2.008002,34219,588,3000000,DEF,False,,3.0,1.466,0.7085308056872038,1.452374786729859,1.466,1.302166,0.45,True,1.35,duje caleta car,cro,DEF,duje caleta car|cro|DEF,duje caleta car|cro,caleta car duje|cro,,,,,,,,,,,,,,,,,
alexander_isak__swe,Alexander Isak,SWE,Sverige,FWD,5000000,5000000,0.8206,transfermarkt_availability_split_2026_06_01,0.0746,1.854659,1.854659,48782,Sverige,5000000,True,True,name_team_position,1.0,0.089,0.054,0.117,TUN,2026-06-15 04:00,66.682,0.089313,0.03405,0.084,0.0,0.02,0.04,0.021,-0.0147403460130938,-0.004,25.747,0.565662,0.565662,NED,2026-06-20 19:00,66.682,0.028687,0.014509,0.066,0.0,0.02,0.02,0.018,-0.016797126345566,-0.004,25.747,0.221478,0.210404,JPN,2026-06-26 01:00,66.682,0.038907,0.017729,0.069,0.0,0.02,0.022,0.018,-0.0164463915772253,-0.004,25.747,0.277369,0.249632,1.064509,34017,598,5000000,FWD,False,,5.0,1.079,0.8709677419354839,3.020881935483872,1.079,1.295228,0.45,True,1.35,alexander isak,swe,FWD,alexander isak|swe|FWD,alexander isak|swe,alexander isak|swe,,,,,,,,,,,,,,,,,
jo_o_neves__por,João Neves,POR,Portugal,MID,5000000,5000000,0.6325,transfermarkt_availability_split_2026_06_01,0.0575,1.850139,1.850139,49289,Portugal,5000000,True,True,name_team_position,1.0,0.007,0.013,0.003,COD,2026-06-17 19:00,74.664,0.018225,0.01875,0.004,0.0,0.058,0.119,0.043,-0.0287743875768693,0.034,52.489,0.260601,0.260601,UZB,2026-06-23 19:00,74.664,0.020048,0.020313,0.004,0.0,0.058,0.069,0.044,-0.0277633033481634,0.034,52.489,0.226416,0.215095,COL,2026-06-28 01:30,74.664,0.011178,0.011703,0.003,0.0,0.058,0.048,0.039,-0.0328271172137919,0.034,52.489,0.124172,0.111755,0.611189,43592,585,5000000,MID,False,,5.0,0.476,0.9603729603729604,2.749624615384616,0.476,0.768136,0.45,True,1.35,joao neves,por,MID,joao neves|por|MID,joao neves|por,joao neves|por,,,,,,,,,,,,,,,,,
teun_koopmeiners__ned,Teun Koopmeiners,NED,Holland,MID,3500000,3500000,0.5958,transfermarkt_availability_split_2026_06_01,0.054164,1.846442,1.846442,49882,Holland,3500000,True,True,name_team_position,1.0,0.03,0.043,0.021,JPN,2026-06-14 22:00,70.36,0.013142,0.012199,0.007,0.0,0.014,0.016,0.01,-0.0067002259447563,-0.03,11.863,0.084607,0.084607,SWE,2026-06-20 19:00,70.36,0.015954,0.014111,0.007,0.0,0.014,0.014,0.01,-0.0066343125923944,-0.03,11.863,0.102469,0.097345,TUN,2026-06-26 01:00,70.36,0.015478,0.01345,0.006,0.0,0.014,0.011,0.009,-0.0072882402888274,-0.03,11.863,0.092452,0.083207,0.281144,40582,593,3500000,MID,False,,3.5,0.166,0.8263403263403264,2.3658784615384616,0.166,0.478256,0.45,True,1.35,teun koopmeiners,ned,MID,teun koopmeiners|ned|MID,teun koopmeiners|ned,koopmeiners teun|ned,,,,,,,,,,,,,,,,,
david_raya__esp,David Raya,ESP,Spanien,GK,5000000,5000000,0.2257,transfermarkt_availability_split_2026_06_01,0.020518,1.843341,1.843341,48997,Spanien,5000000,True,True,name_team_position,1.0,0.0,0.0,0.0,CPV,2026-06-15 18:00,79.772,0.0,0.0,0.0,0.124653,0.02,0.162,0.05,-0.0299768762254581,0.038,58.593,0.549052,0.549052,KSA,2026-06-21 18:00,79.772,0.0,0.0,0.0,0.121945,0.02,0.077,0.049,-0.0310339365879214,0.038,58.593,0.454412,0.431691,URU,2026-06-27 02:00,79.772,0.0,0.0,0.0,0.071417,0.02,0.056,0.044,-0.0360465344169289,0.038,58.593,0.281921,0.253729,1.285385,40666,595,5000000,GK,False,,5.0,0.82,0.971875,1.7187609374999997,0.82,0.797227,0.45,True,1.35,david raya,esp,GK,david raya|esp|GK,david raya|esp,david raya|esp,,,,,,,,,,,,,,,,,
takefusa_kubo__jpn,Takefusa Kubo,JPN,Japan,MID,4000000,4000000,0.7208,transfermarkt_availability_split_2026_06_01,0.065527,1.823539,1.823539,49873,Japan,4000000,True,True,name_team_position,1.0,0.025,0.054,0.019,NED,2026-06-14 22:00,70.794,0.018216,0.028862,0.019,0.0,0.054,0.027,0.031,-0.0286181852893736,0.025,44.076,0.197048,0.197048,TUN,2026-06-21 06:00,70.794,0.039845,0.051883,0.02,0.0,0.054,0.04,0.032,-0.0276120801132871,0.025,44.076,0.390262,0.370749,SWE,2026-06-26 01:00,70.794,0.040514,0.055893,0.023,0.0,0.054,0.05,0.035,-0.0252893036321016,0.025,44.076,0.42396,0.381564,1.01127,38267,772,4000000,MID,False,,4.0,0.838,0.8916083916083916,2.5527461538461536,0.838,1.010198,0.45,True,1.35,takefusa kubo,jpn,MID,takefusa kubo|jpn|MID,takefusa kubo|jpn,kubo takefusa|jpn,,,,,,,,,,,,,,,,,
ali_ahmed__can,Ali Ahmed,CAN,Canada,MID,3000000,3000000,0.717,transfermarkt_availability_split_2026_06_01,0.065182,1.81182,1.81182,48794,Canada,3000000,True,True,name_team_position,1.0,0.039,0.074,0.035,BIH,2026-06-12 21:00,70.479,0.0511,0.062017,0.031,0.0,0.039,0.042,0.026,-0.0179777345201514,0.004,31.793,0.487573,0.487573,QAT,2026-06-19 00:00,70.479,0.06561,0.075,0.031,0.0,0.039,0.038,0.026,-0.0176327444545678,0.004,31.793,0.595417,0.565646,SUI,2026-06-24 21:00,70.479,0.020695,0.030766,0.025,0.0,0.039,0.027,0.023,-0.0203714854523695,0.004,31.793,0.215402,0.193861,1.298392,49451,1059,3000000,MID,False,,3.0,0.958,0.6713286713286714,1.9220676923076925,0.958,1.005896,0.45,True,1.35,ali ahmed,can,MID,ali ahmed|can|MID,ali ahmed|can,ahmed ali|can,,,,,,,,,,,,,,,,,
lee_jae_sung__kor,Jae-Sung Lee,KOR,Sydkorea,MID,4000000,4000000,0.7731,transfermarkt_availability_split_2026_06_01,0.070282,1.803417,1.803417,49243,Sydkorea,4000000,True,True,name_team_position,1.0,0.069,0.05,0.09,CZE,2026-06-12 04:00,66.59,0.050884,0.025315,0.063,0.0,0.02,0.025,0.02,-0.0147032898733481,-0.004,25.556,0.399662,0.399662,MEX,2026-06-19 03:00,66.59,0.023833,0.014015,0.051,0.0,0.02,0.02,0.018,-0.0165871334757844,-0.004,25.556,0.209623,0.199142,RSA,2026-06-25 03:00,66.59,0.053843,0.024722,0.054,0.0,0.02,0.023,0.019,-0.0160031947215214,-0.004,25.556,0.399378,0.35944,1.008663,36512,774,4000000,MID,False,,4.0,0.861,0.8916083916083916,2.5527461538461536,0.861,1.027448,0.45,True,1.35,jae sung lee,kor,MID,jae sung lee|kor|MID,jae sung lee|kor,jae lee sung|kor,,,,,,,,,,,,,,,,,
jos_manuel_l_pez__arg,Jose Manuel Lopez,ARG,Argentina,FWD,2500000,2500000,0.3671,transfermarkt_availability_split_2026_06_01,0.033373,1.80328,1.80328,49331,Argentina,2500000,True,True,name_team_position,1.0,0.074,0.049,0.103,ALG,2026-06-17 03:00,66.412,0.122108,0.046875,0.09,0.0,0.023,0.064,0.025,-0.0167554751607957,0.004,30.085,0.772302,0.772302,AUT,2026-06-22 19:00,66.412,0.105882,0.043013,0.089,0.0,0.023,0.035,0.024,-0.0170312188472641,0.004,30.085,0.664536,0.631309,JOR,2026-06-28 04:00,66.412,0.111173,0.04375,0.083,0.0,0.023,0.033,0.024,-0.0175692525617661,0.004,30.085,0.679373,0.611435,2.117727,52105,762,2500000,FWD,False,,2.5,1.33,0.2939068100358423,1.0193922580645165,1.33,1.161493,0.45,True,1.35,jose manuel lopez,arg,FWD,jose manuel lopez|arg|FWD,jose manuel lopez|arg,jose lopez manuel|arg,,,,,,,,,,,,,,,,,
felix_nmecha__ger,Felix Nmecha,GER,Tyskland,MID,3000000,3000000,0.43,transfermarkt_availability_split_2026_06_01,0.039091,1.788186,1.788186,49100,Tyskland,3000000,True,True,name_team_position,1.0,0.025,0.033,0.019,CUW,2026-06-14 19:00,70.36,0.041918,0.032813,0.017,0.0,0.035,0.084,0.024,-0.014877218549361,-0.001,28.763,0.382152,0.382152,CIV,2026-06-20 22:00,70.36,0.035802,0.028206,0.015,0.0,0.035,0.035,0.024,-0.0160385190222214,-0.001,28.763,0.285589,0.27131,ECU,2026-06-25 22:00,70.36,0.028968,0.02273,0.013,0.0,0.035,0.027,0.022,-0.0177423472412566,-0.001,28.763,0.221288,0.199159,0.889029,37278,589,3000000,MID,False,,3.0,0.559,0.6713286713286714,1.9220676923076925,0.559,0.706646,0.45,True,1.35,felix nmecha,ger,MID,felix nmecha|ger|MID,felix nmecha|ger,felix nmecha|ger,,,,,,,,,,,,,,,,,
youssef_en_nesyri__mar,Youssef En-Nesyri,MAR,Marokko,FWD,3500000,3500000,0.7808,transfermarkt_availability_split_2026_06_01,0.070982,1.785825,1.785825,49978,Marokko,3500000,True,True,name_team_position,1.0,0.077,0.045,0.1,BRA,2026-06-14 00:00,66.36,0.023062,0.01024,0.051,0.0,0.018,0.003,0.016,-0.0146363619709476,-0.009,22.669,0.151332,0.151332,SCO,2026-06-20 00:00,66.36,0.057594,0.020682,0.055,0.0,0.018,0.021,0.017,-0.0141050561276857,-0.009,22.669,0.344317,0.327101,HAI,2026-06-25 00:00,66.36,0.100238,0.034375,0.069,0.0,0.018,0.029,0.019,-0.0119738978301424,-0.009,22.669,0.582103,0.523893,1.076531,34737,974,3500000,FWD,False,,3.5,0.832,0.6577060931899642,2.2812009677419365,0.832,0.990984,0.45,True,1.35,youssef en nesyri,mar,FWD,youssef en nesyri|mar|FWD,youssef en nesyri|mar,en nesyri youssef|mar,,,,,,,,,,,,,,,,,
sander_berge__nor,Sander Berge,NOR,Norge,MID,3000000,3000000,0.8794,transfermarkt_availability_split_2026_06_01,0.079945,1.783962,1.783962,49822,Norge,3000000,True,True,name_team_position,1.0,0.033,0.055,0.025,IRQ,2026-06-17 00:00,70.819,0.071078,0.06875,0.028,0.0,0.058,0.101,0.035,-0.0292694558886855,0.03,47.471,0.668371,0.668371,SEN,2026-06-23 02:00,70.819,0.05553,0.05901,0.031,0.0,0.058,0.051,0.037,-0.0279669095054452,0.03,47.471,0.517713,0.491827,FRA,2026-06-26 21:00,70.819,0.023229,0.031866,0.03,0.0,0.058,0.047,0.036,-0.0288089879066507,0.03,47.471,0.267934,0.241141,1.454018,38930,1126,3000000,MID,False,,3.0,1.198,0.6713286713286714,1.9220676923076925,1.198,1.185896,0.45,True,1.35,sander berge,nor,MID,sander berge|nor|MID,sander berge|nor,berge sander|nor,,,,,,,,,,,,,,,,,
maxim_de_cuyper__bel,Maxim De Cuyper,BEL,Belgien,DEF,4000000,4000000,0.7162,transfermarkt_availability_split_2026_06_01,0.065109,1.782772,1.782772,49539,Belgien,4000000,True,True,name_team_position,1.0,0.018,0.012,0.005,EGY,2026-06-15 21:00,74.772,0.034993,0.014078,0.006,0.0,0.051,0.081,0.037,-0.0255731191663137,0.023,45.566,0.322619,0.322619,IRN,2026-06-21 21:00,74.772,0.040095,0.015625,0.006,0.0,0.051,0.055,0.037,-0.0253928780733865,0.023,45.566,0.332052,0.31545,NZL,2026-06-27 05:00,74.772,0.03645,0.014062,0.005,0.0,0.051,0.048,0.035,-0.0268854025356407,0.023,45.566,0.294001,0.264601,0.947164,39015,884,4000000,DEF,False,,4.0,0.599,0.9253554502369667,1.8968306161137456,0.599,0.713936,0.45,True,1.35,maxim de cuyper,bel,DEF,maxim de cuyper|bel|DEF,maxim de cuyper|bel,cuyper de maxim|bel,,,,,,,,,,,,,,,,,
pedro_vite__ecu,Pedro Vite,ECU,Ecuador,MID,2500000,2500000,0.7525,transfermarkt_availability_split_2026_06_01,0.068409,1.777191,1.777191,49730,Ecuador,2500000,True,True,name_team_position,1.0,0.039,0.068,0.03,CIV,2026-06-15 01:00,71.442,0.068452,0.077485,0.041,0.095362,0.075,0.076,0.044,-0.0389853374224777,0.053,61.347,0.67473,0.67473,CUW,2026-06-21 02:00,71.442,0.13122,0.132812,0.053,0.189414,0.075,0.076,0.05,-0.0332295102849906,0.053,61.347,1.178306,1.119391,GER,2026-06-25 22:00,71.442,0.035437,0.048989,0.047,0.037782,0.075,0.062,0.047,-0.0370208671619834,0.053,61.347,0.421131,0.379018,2.274167,52162,881,2500000,MID,False,,2.5,1.856,0.3857808857808857,1.1045215384615383,1.856,1.557153,0.45,True,1.35,pedro vite,ecu,MID,pedro vite|ecu|MID,pedro vite|ecu,pedro vite|ecu,,,,,,,,,,,,,,,,,
isma_l_kon__can,Ismael Kone,CAN,Canada,MID,3000000,3000000,0.7892,transfermarkt_availability_split_2026_06_01,0.071745,1.772766,1.772766,49226,Canada,3000000,True,True,name_team_position,1.0,0.039,0.059,0.03,BIH,2026-06-12 21:00,70.473,0.05256,0.050142,0.027,0.0,0.039,0.043,0.026,-0.0181716223279087,0.005,32.136,0.457054,0.457054,QAT,2026-06-19 00:00,70.473,0.06561,0.060938,0.027,0.0,0.039,0.039,0.026,-0.0178229115839805,0.005,32.136,0.551041,0.523489,SUI,2026-06-24 21:00,70.473,0.021433,0.024289,0.021,0.0,0.039,0.027,0.023,-0.0205911895897674,0.005,32.136,0.196441,0.176797,1.205842,43253,1059,3000000,MID,False,,3.0,0.881,0.6713286713286714,1.9220676923076925,0.881,0.948146,0.45,True,1.35,ismael kone,can,MID,ismael kone|can|MID,ismael kone|can,ismael kone|can,,,,,,,,,,,,,,,,,
daichi_kamada__jpn,Daichi Kamada,JPN,Japan,MID,3500000,3500000,0.7254,transfermarkt_availability_split_2026_06_01,0.065945,1.76842,1.76842,48972,Japan,3500000,True,True,name_team_position,1.0,0.031,0.042,0.02,NED,2026-06-14 22:00,70.855,0.023316,0.024052,0.02,0.0,0.056,0.028,0.033,-0.0299034715483652,0.028,46.056,0.211833,0.211833,TUN,2026-06-21 06:00,70.855,0.050175,0.042571,0.021,0.0,0.056,0.041,0.034,-0.0288521806575016,0.028,46.056,0.417736,0.396849,SWE,2026-06-26 01:00,70.855,0.052276,0.044957,0.025,0.0,0.056,0.052,0.037,-0.0264250847492179,0.028,46.056,0.455826,0.410243,1.085395,35532,772,3500000,MID,False,,3.5,0.898,0.8263403263403264,2.3658784615384616,0.898,1.027256,0.45,True,1.35,daichi kamada,jpn,MID,daichi kamada|jpn|MID,daichi kamada|jpn,daichi kamada|jpn,,,,,,,,,,,,,,,,,
alexander_s_rloth__nor,Alexander Sørloth,NOR,Norge,FWD,4500000,4500000,0.8078,transfermarkt_availability_split_2026_06_01,0.073436,1.761313,1.761313,48786,Norge,4500000,True,True,name_team_position,1.0,0.072,0.044,0.09,IRQ,2026-06-17 00:00,66.409,0.034627,0.0125,0.024,0.0,0.008,0.023,0.008,-0.0066724913948247,-0.03,10.822,0.186336,0.186336,SEN,2026-06-23 02:00,66.409,0.027119,0.010839,0.026,0.0,0.008,0.012,0.008,-0.006375552853617,-0.03,10.822,0.142617,0.135487,FRA,2026-06-26 21:00,66.409,0.011331,0.006102,0.025,0.0,0.008,0.011,0.008,-0.0065675195545758,-0.03,10.822,0.063062,0.056756,0.392015,31332,1126,4500000,FWD,False,,4.5,0.315,0.8279569892473119,2.871702580645162,0.315,0.698229,0.45,True,1.35,alexander sorloth,nor,FWD,alexander sorloth|nor|FWD,alexander sorloth|nor,alexander sorloth|nor,,,,,,,,,,,,,,,,,
kim_min_jae__kor,Min-jae Kim,KOR,Sydkorea,DEF,3500000,3500000,0.8652,transfermarkt_availability_split_2026_06_01,0.078655,1.761118,1.761118,49568,Sydkorea,3500000,True,True,name_team_position,1.0,0.01,0.015,0.004,CZE,2026-06-12 04:00,75.552,0.017301,0.01924,0.007,0.237074,0.08,0.069,0.057,-0.0412940832096909,0.064,71.774,0.758795,0.758795,MEX,2026-06-19 03:00,75.552,0.008342,0.010511,0.006,0.102311,0.08,0.057,0.05,-0.0465848443347949,0.064,71.774,0.357084,0.33923,RSA,2026-06-25 03:00,75.552,0.018782,0.018836,0.006,0.257377,0.08,0.064,0.053,-0.0449448565690902,0.064,71.774,0.797485,0.717736,1.913364,42807,774,3500000,DEF,False,,3.5,1.874,0.8530805687203792,1.7486786729857835,1.874,1.649513,0.45,True,1.35,min jae kim,kor,DEF,min jae kim|kor|DEF,min jae kim|kor,jae kim min|kor,,,,,,,,,,,,,,,,,
igor_matanovic__cro,Igor Matanovic,CRO,Kroatien,FWD,2500000,2500000,0.6651,transfermarkt_availability_split_2026_06_01,0.060464,1.759412,1.759412,49212,Kroatien,2500000,True,True,name_team_position,1.0,0.087,0.052,0.105,ENG,2026-06-17 22:00,66.637,0.047688,0.023446,0.097,0.0,0.032,0.012,0.029,-0.0264103695733595,0.024,40.889,0.36468,0.36468,PAN,2026-06-24 01:00,66.637,0.157219,0.056443,0.104,0.0,0.032,0.038,0.03,-0.0253435104720886,0.024,40.889,0.936861,0.890018,GHA,2026-06-27 23:00,66.637,0.165639,0.060686,0.126,0.0,0.032,0.05,0.033,-0.022470697527359,0.024,40.889,1.023143,0.920829,2.323447,44707,588,2500000,FWD,False,,2.5,1.773,0.2939068100358423,1.0193922580645165,1.773,1.493743,0.45,True,1.35,igor matanovic,cro,FWD,igor matanovic|cro|FWD,igor matanovic|cro,igor matanovic|cro,,,,,,,,,,,,,,,,,
theo_hern_ndez__fra,Theo Hernandez,FRA,Frankrig,DEF,4500000,4500000,0.703,transfermarkt_availability_split_2026_06_01,0.063909,1.754061,1.754061,49889,Frankrig,4500000,True,True,name_team_position,1.0,0.008,0.017,0.004,SEN,2026-06-16 21:00,74.844,0.02187,0.028125,0.005,0.01035,0.062,0.115,0.045,-0.0313032378145476,0.039,55.422,0.349062,0.349062,IRQ,2026-06-22 23:00,74.844,0.023693,0.029687,0.006,0.014717,0.062,0.073,0.046,-0.0293546368705401,0.039,55.422,0.336242,0.31943,NOR,2026-06-26 21:00,74.844,0.017113,0.020766,0.005,0.007442,0.062,0.053,0.042,-0.0340199638803544,0.039,55.422,0.224328,0.201896,0.909632,33924,592,4500000,DEF,False,,4.5,0.611,0.9727488151658767,1.9939794312796224,0.611,0.736493,0.45,True,1.35,theo hernandez,fra,DEF,theo hernandez|fra|DEF,theo hernandez|fra,hernandez theo|fra,,,,,,,,,,,,,,,,,
kevin_casta_o__col,Kevin Castano,COL,Colombia,MID,3000000,3000000,0.6173,transfermarkt_availability_split_2026_06_01,0.056118,1.750112,1.750112,49388,Colombia,3000000,True,True,name_team_position,1.0,0.032,0.047,0.027,UZB,2026-06-18 04:00,70.569,0.047385,0.040625,0.021,0.0,0.039,0.068,0.024,-0.0193470013605024,0.004,31.939,0.417453,0.417453,COD,2026-06-24 04:00,70.569,0.054311,0.046635,0.024,0.0,0.039,0.038,0.026,-0.0179358401899372,0.004,31.939,0.446524,0.424198,POR,2026-06-28 01:30,70.569,0.021955,0.023607,0.023,0.0,0.039,0.034,0.025,-0.0190155001447958,0.004,31.939,0.20858,0.187722,1.071201,49459,879,3000000,MID,False,,3.0,0.752,0.6713286713286714,1.9220676923076925,0.752,0.851396,0.45,True,1.35,kevin castano,col,MID,kevin castano|col|MID,kevin castano|col,castano kevin|col,,,,,,,,,,,,,,,,,
agust_n_lvarez__uru,Agustin Alvarez,URU,Uruguay,FWD,3000000,3000000,0.602,transfermarkt_availability_split_2026_06_01,0.054727,1.748015,1.748015,48741,Uruguay,3000000,True,True,name_team_position,1.0,0.07,0.04,0.094,KSA,2026-06-16 00:00,66.36,0.083815,0.029195,0.062,0.0,0.021,0.05,0.02,-0.0165594109536113,-0.001,26.869,0.516286,0.516286,CPV,2026-06-22 00:00,66.36,0.105705,0.035938,0.075,0.0,0.021,0.034,0.022,-0.014488526200855,-0.001,26.869,0.625145,0.593888,ESP,2026-06-27 02:00,66.36,0.028125,0.012964,0.065,0.0,0.021,0.027,0.021,-0.016306103251266,-0.001,26.869,0.226086,0.203477,1.367517,42785,783,3000000,FWD,False,,3.0,1.014,0.507168458781362,1.759073225806452,1.014,1.043487,0.45,True,1.35,agustin alvarez,uru,FWD,agustin alvarez|uru|FWD,agustin alvarez|uru,agustin alvarez|uru,,,,,,,,,,,,,,,,,
marc_gu_hi__eng,Marc Guehi,ENG,England,DEF,4500000,4500000,0.6708,transfermarkt_availability_split_2026_06_01,0.060982,1.724461,1.724461,49489,England,4500000,True,True,name_team_position,1.0,0.008,0.054,0.003,CRO,2026-06-17 22:00,74.819,0.012249,0.047879,0.003,0.0,0.041,0.063,0.029,-0.0208236690792742,0.009,36.474,0.259307,0.259307,GHA,2026-06-23 22:00,74.819,0.01458,0.057813,0.003,0.0,0.041,0.046,0.03,-0.0196550757740705,0.009,36.474,0.288264,0.273851,PAN,2026-06-27 23:00,74.819,0.012758,0.048438,0.003,0.0,0.041,0.035,0.028,-0.0222984272051525,0.009,36.474,0.233564,0.210207,0.782608,38184,769,4500000,DEF,False,,4.5,0.507,0.9727488151658767,1.9939794312796224,0.507,0.658493,0.45,True,1.35,marc guehi,eng,DEF,marc guehi|eng|DEF,marc guehi|eng,guehi marc|eng,,,,,,,,,,,,,,,,,
noah_okafor__sui,Noah Okafor,SUI,Schweiz,MID,3000000,3000000,0.6741,transfermarkt_availability_split_2026_06_01,0.061282,1.714122,1.714122,49664,Schweiz,3000000,True,True,name_team_position,1.0,0.024,0.039,0.02,QAT,2026-06-13 21:00,70.36,0.034627,0.032813,0.015,0.0,0.038,0.07,0.024,-0.0190681285824142,0.003,31.219,0.326506,0.326506,BIH,2026-06-18 21:00,70.36,0.037323,0.035493,0.018,0.0,0.038,0.037,0.025,-0.0174901643294774,0.003,31.219,0.320604,0.304574,CAN,2026-06-24 21:00,70.36,0.027306,0.029051,0.017,0.0,0.038,0.035,0.025,-0.0179318089633336,0.003,31.219,0.247751,0.222976,0.894861,36136,583,3000000,MID,False,,3.0,0.595,0.6713286713286714,1.9220676923076925,0.595,0.733646,0.45,True,1.35,noah okafor,sui,MID,noah okafor|sui|MID,noah okafor|sui,noah okafor|sui,,,,,,,,,,,,,,,,,
brenden_aaronson__usa,Brenden Aaronson,USA,USA,MID,3000000,3000000,0.6836,transfermarkt_availability_split_2026_06_01,0.062145,1.713573,1.713573,48915,USA,3000000,True,True,name_team_position,1.0,0.044,0.059,0.033,PAR,2026-06-13 03:00,70.421,0.052045,0.044427,0.028,0.0,0.037,0.043,0.025,-0.0170914007903005,0.002,30.471,0.437415,0.437415,AUS,2026-06-19 21:00,70.421,0.059706,0.049238,0.028,0.0,0.037,0.037,0.025,-0.0169909578361002,0.002,30.471,0.484253,0.46004,TUR,2026-06-26 04:00,70.421,0.032637,0.030428,0.023,0.0,0.037,0.028,0.023,-0.0190810840238881,0.002,30.471,0.274388,0.246949,1.196056,41333,784,3000000,MID,False,,3.0,0.913,0.6713286713286714,1.9220676923076925,0.913,0.972146,0.45,True,1.35,brenden aaronson,usa,MID,brenden aaronson|usa|MID,brenden aaronson|usa,aaronson brenden|usa,,,,,,,,,,,,,,,,,
orkun_k_k__tur,Orkun Kökcü,TUR,Tyrkiet,MID,3000000,3000000,0.7587,transfermarkt_availability_split_2026_06_01,0.068973,1.713275,1.713275,49688,Tyrkiet,3000000,True,True,name_team_position,1.0,0.045,0.068,0.039,AUS,2026-06-14 06:00,70.846,0.054288,0.051658,0.032,0.0,0.042,0.059,0.025,-0.0217697684680634,0.009,34.736,0.487644,0.487644,PAR,2026-06-20 06:00,70.846,0.052219,0.052951,0.037,0.0,0.042,0.039,0.028,-0.0198752450555789,0.009,34.736,0.471073,0.447519,USA,2026-06-26 04:00,70.846,0.041172,0.043378,0.036,0.0,0.042,0.037,0.027,-0.0205572530538594,0.009,34.736,0.382437,0.344193,1.341154,40479,586,3000000,MID,False,,3.0,1.096,0.6713286713286714,1.9220676923076925,1.096,1.109396,0.45,True,1.35,orkun kokcu,tur,MID,orkun kokcu|tur|MID,orkun kokcu|tur,kokcu orkun|tur,,,,,,,,,,,,,,,,,
denis_zakaria__sui,Denis Zakaria,SUI,Schweiz,MID,3000000,3000000,0.645,transfermarkt_availability_split_2026_06_01,0.058636,1.712478,1.712478,49008,Schweiz,3000000,True,True,name_team_position,1.0,0.024,0.039,0.018,QAT,2026-06-13 21:00,70.36,0.034627,0.032813,0.014,0.0,0.038,0.07,0.024,-0.0191239964371744,0.003,31.31,0.32545,0.32545,BIH,2026-06-18 21:00,70.36,0.037323,0.035493,0.016,0.0,0.038,0.037,0.025,-0.017541408894788,0.003,31.31,0.318553,0.302625,CAN,2026-06-24 21:00,70.36,0.027306,0.029051,0.015,0.0,0.038,0.036,0.025,-0.0179843475066114,0.003,31.31,0.246699,0.222029,0.890702,34224,583,3000000,MID,False,,3.0,0.592,0.6713286713286714,1.9220676923076925,0.592,0.731396,0.45,True,1.35,denis zakaria,sui,MID,denis zakaria|sui|MID,denis zakaria|sui,denis zakaria|sui,,,,,,,,,,,,,,,,,
kevin_rodr_guez__ecu,Kevin Rodriguez,ECU,Ecuador,FWD,3000000,3000000,0.6968,transfermarkt_availability_split_2026_06_01,0.063345,1.711904,1.711904,49393,Ecuador,3000000,True,True,name_team_position,1.0,0.076,0.049,0.096,CIV,2026-06-15 01:00,66.551,0.067229,0.027756,0.067,0.0,0.024,0.037,0.022,-0.0192345124660842,0.005,30.267,0.439949,0.439949,CUW,2026-06-21 02:00,66.551,0.127575,0.048438,0.086,0.0,0.024,0.038,0.025,-0.0163947132967485,0.005,30.267,0.769219,0.730758,GER,2026-06-25 22:00,66.551,0.034875,0.017636,0.076,0.0,0.024,0.031,0.023,-0.0182652858231222,0.005,30.267,0.285143,0.256628,1.494311,43496,881,3000000,FWD,False,,3.0,1.219,0.507168458781362,1.759073225806452,1.219,1.197237,0.45,True,1.35,kevin rodriguez,ecu,FWD,kevin rodriguez|ecu|FWD,kevin rodriguez|ecu,kevin rodriguez|ecu,,,,,,,,,,,,,,,,,
jhon_arias__col,Jhon Arias,COL,Colombia,MID,3000000,3000000,0.8946,transfermarkt_availability_split_2026_06_01,0.081327,1.70651,1.70651,49279,Colombia,3000000,True,True,name_team_position,1.0,0.03,0.044,0.026,UZB,2026-06-18 04:00,70.36,0.04374,0.0375,0.02,0.0,0.039,0.068,0.024,-0.0191491115690264,0.004,31.613,0.389051,0.389051,COD,2026-06-24 04:00,70.36,0.05069,0.043526,0.023,0.0,0.039,0.037,0.026,-0.0177523843866839,0.004,31.613,0.417276,0.396412,POR,2026-06-28 01:30,70.36,0.020387,0.02192,0.021,0.0,0.039,0.033,0.025,-0.0188210010961655,0.004,31.613,0.192874,0.173587,0.999201,48256,879,3000000,MID,False,,3.0,0.705,0.6713286713286714,1.9220676923076925,0.705,0.816146,0.45,True,1.35,jhon arias,col,MID,jhon arias|col|MID,jhon arias|col,arias jhon|col,,,,,,,,,,,,,,,,,
jorge_carrascal__col,Jorge Carrascal,COL,Colombia,MID,2500000,2500000,0.5975,transfermarkt_availability_split_2026_06_01,0.054318,1.704026,1.704026,49320,Colombia,2500000,True,True,name_team_position,1.0,0.073,0.039,0.103,UZB,2026-06-18 04:00,66.36,0.09477,0.029687,0.071,0.0,0.021,0.059,0.021,-0.0165611302760799,-0.001,27.34,0.67535,0.67535,COD,2026-06-24 04:00,66.36,0.106811,0.0342,0.08,0.0,0.021,0.032,0.022,-0.0153531692308097,-0.001,27.34,0.733302,0.696637,POR,2026-06-28 01:30,66.36,0.043126,0.016862,0.075,0.0,0.021,0.029,0.021,-0.0162773635714781,-0.001,27.34,0.352939,0.317645,1.761591,49463,879,2500000,MID,False,,2.5,1.084,0.3857808857808857,1.1045215384615383,1.084,0.978153,0.45,True,1.35,jorge carrascal,col,MID,jorge carrascal|col|MID,jorge carrascal|col,carrascal jorge|col,,,,,,,,,,,,,,,,,
lucas_digne__fra,Lucas Digne,FRA,Frankrig,DEF,3500000,3500000,0.4613,transfermarkt_availability_split_2026_06_01,0.041936,1.693056,1.693056,49455,Frankrig,3500000,True,True,name_team_position,1.0,0.008,0.027,0.005,SEN,2026-06-16 21:00,74.796,0.02187,0.042188,0.007,0.013801,0.062,0.115,0.045,-0.0313674024106883,0.039,55.536,0.400779,0.400779,IRQ,2026-06-22 23:00,74.796,0.023693,0.045312,0.007,0.018923,0.062,0.073,0.047,-0.0294148072730656,0.039,55.536,0.39431,0.374594,NOR,2026-06-26 21:00,74.796,0.017113,0.033225,0.006,0.010418,0.062,0.054,0.042,-0.0340896971538271,0.039,55.536,0.270183,0.243165,1.065272,29433,592,3500000,DEF,False,,3.5,0.706,0.8530805687203792,1.7486786729857835,0.706,0.773513,0.45,True,1.35,lucas digne,fra,DEF,lucas digne|fra|DEF,lucas digne|fra,digne lucas|fra,,,,,,,,,,,,,,,,,
ismaila_sarr__sen,Ismaila Sarr,SEN,Senegal,MID,3500000,3500000,0.6015,start_vs_appearance_context_override_2026_06_04,0.037,1.686379,1.686379,49230,Senegal,3500000,True,True,name_team_position,1.0,0.032,0.064,0.028,FRA,2026-06-16 21:00,70.666,0.016875,0.02688,0.026,0.0,0.052,-0.002,0.03,-0.0276795489338716,0.022,42.506,0.161335,0.161335,NOR,2026-06-23 02:00,70.666,0.024612,0.036661,0.027,0.0,0.052,0.038,0.031,-0.0266504326231592,0.022,42.506,0.272393,0.258773,IRQ,2026-06-26 21:00,70.666,0.071792,0.086481,0.034,0.0,0.052,0.053,0.035,-0.0232289452813619,0.022,42.506,0.687174,0.618457,1.120902,36551,975,3500000,MID,False,,3.5,0.99,0.8263403263403264,2.3658784615384616,0.99,1.096256,0.45,True,1.35,ismaila sarr,sen,MID,ismaila sarr|sen|MID,ismaila sarr|sen,ismaila sarr|sen,,,,,,,,,,,,,,,,,
azzedine_ounahi__mar,Azzedine Ounahi,MAR,Marokko,MID,3000000,3000000,0.8135,transfermarkt_availability_split_2026_06_01,0.073955,1.674666,1.674666,48883,Marokko,3000000,True,True,name_team_position,1.0,0.034,0.071,0.025,BRA,2026-06-14 00:00,70.529,0.016313,0.02688,0.021,0.0,0.046,0.005,0.027,-0.0243493876552153,0.014,37.712,0.158856,0.158856,SCO,2026-06-20 00:00,70.529,0.040578,0.054747,0.023,0.0,0.046,0.035,0.028,-0.0234654950617728,0.014,37.712,0.397666,0.377782,HAI,2026-06-25 00:00,70.529,0.071078,0.089062,0.028,0.0,0.046,0.049,0.031,-0.0199200512114146,0.014,37.712,0.678656,0.61079,1.235178,43316,974,3000000,MID,False,,3.0,0.951,0.6713286713286714,1.9220676923076925,0.951,1.000646,0.45,True,1.35,azzedine ounahi,mar,MID,azzedine ounahi|mar|MID,azzedine ounahi|mar,azzedine ounahi|mar,,,,,,,,,,,,,,,,,
armin_gigovic__bih,Armin Gigovic,BIH,Bosnien-Hercegovina,MID,3000000,3000000,0.8312,transfermarkt_availability_split_2026_06_01,0.075564,1.670565,1.670565,48862,Bosnien-Hercegovina,3000000,True,True,name_team_position,1.0,0.094,0.074,0.126,CAN,2026-06-12 21:00,66.799,0.033847,0.021012,0.071,0.0,0.02,0.016,0.018,-0.0163016558255489,-0.005,25.296,0.295969,0.295969,SUI,2026-06-18 21:00,66.799,0.030375,0.01856,0.07,0.0,0.02,0.02,0.018,-0.016424092414067,-0.005,25.296,0.274131,0.260424,QAT,2026-06-24 21:00,66.799,0.111044,0.052563,0.089,0.0,0.02,0.029,0.02,-0.0143200089762595,-0.005,25.296,0.811589,0.73043,1.381689,38706,882,3000000,MID,False,,3.0,1.156,0.6713286713286714,1.9220676923076925,1.156,1.154396,0.45,True,1.35,armin gigovic,bih,MID,armin gigovic|bih|MID,armin gigovic|bih,armin gigovic|bih,,,,,,,,,,,,,,,,,
antonio_r_diger__ger,Antonio Rüdiger,GER,Tyskland,DEF,4500000,4500000,0.7723,transfermarkt_availability_split_2026_06_01,0.070209,1.662169,1.662169,48853,Tyskland,4500000,True,True,name_team_position,1.0,0.007,0.013,0.005,CUW,2026-06-14 19:00,74.792,0.020048,0.021875,0.007,0.01682,0.062,0.162,0.047,-0.0287041094315448,0.039,55.496,0.387213,0.387213,CIV,2026-06-20 22:00,74.792,0.017049,0.019298,0.007,0.01153,0.062,0.067,0.045,-0.0309447228731832,0.039,55.496,0.250609,0.238079,ECU,2026-06-25 22:00,74.792,0.014484,0.015627,0.006,0.00956,0.062,0.053,0.042,-0.0342320894927882,0.039,55.496,0.198585,0.178726,0.836407,29675,589,4500000,DEF,False,,4.5,0.59,0.9727488151658767,1.9939794312796224,0.59,0.720743,0.45,True,1.35,antonio rudiger,ger,DEF,antonio rudiger|ger|DEF,antonio rudiger|ger,antonio rudiger|ger,,,,,,,,,,,,,,,,,
nico_schlotterbeck__ger,Nico Schlotterbeck,GER,Tyskland,DEF,4000000,4000000,0.6026,transfermarkt_availability_split_2026_06_01,0.054782,1.660585,1.660585,49643,Tyskland,4000000,True,True,name_team_position,1.0,0.007,0.013,0.004,CUW,2026-06-14 19:00,74.862,0.020048,0.021875,0.006,0.031537,0.062,0.163,0.047,-0.0289052961161225,0.04,55.885,0.420389,0.420389,CIV,2026-06-20 22:00,74.862,0.017049,0.019298,0.006,0.021414,0.062,0.068,0.046,-0.0311616139847113,0.04,55.885,0.274137,0.26043,ECU,2026-06-25 22:00,74.862,0.014484,0.015627,0.005,0.017526,0.062,0.053,0.042,-0.0344720217090323,0.04,55.885,0.21587,0.194283,0.910396,37468,589,4000000,DEF,False,,4.0,0.632,0.9253554502369667,1.8968306161137456,0.632,0.738686,0.45,True,1.35,nico schlotterbeck,ger,DEF,nico schlotterbeck|ger|DEF,nico schlotterbeck|ger,nico schlotterbeck|ger,,,,,,,,,,,,,,,,,
mois_s_caicedo__ecu,Moises Caicedo,ECU,Ecuador,MID,3000000,3000000,0.9079,transfermarkt_availability_split_2026_06_01,0.082536,1.654067,1.654067,49601,Ecuador,3000000,True,True,name_team_position,1.0,0.034,0.058,0.026,CIV,2026-06-15 01:00,70.819,0.037893,0.04279,0.023,0.0,0.048,0.048,0.028,-0.0247525488244674,0.016,38.95,0.360082,0.360082,CUW,2026-06-21 02:00,70.819,0.071078,0.073437,0.029,0.0,0.048,0.049,0.032,-0.0210980622491197,0.016,38.95,0.632603,0.600973,GER,2026-06-25 22:00,70.819,0.019688,0.026781,0.026,0.0,0.048,0.039,0.03,-0.023505268455693,0.016,38.95,0.218278,0.19645,1.210963,40253,881,3000000,MID,False,,3.0,0.984,0.6713286713286714,1.9220676923076925,0.984,1.025396,0.45,True,1.35,moises caicedo,ecu,MID,moises caicedo|ecu|MID,moises caicedo|ecu,caicedo moises|ecu,,,,,,,,,,,,,,,,,
pedro_porro__esp,Pedro Porro,ESP,Spanien,DEF,4500000,4500000,0.5375,transfermarkt_availability_split_2026_06_01,0.048864,1.652633,1.652633,49729,Spanien,4500000,True,True,name_team_position,1.0,0.006,0.02,0.002,CPV,2026-06-15 18:00,74.866,0.018225,0.032813,0.004,0.0,0.061,0.151,0.046,-0.0279952555853377,0.038,54.719,0.357794,0.357794,KSA,2026-06-21 18:00,74.866,0.016403,0.032813,0.004,0.0,0.061,0.072,0.046,-0.0289824389994374,0.038,54.719,0.266875,0.253531,URU,2026-06-27 02:00,74.866,0.012962,0.024272,0.003,0.0,0.061,0.053,0.042,-0.0336636791765042,0.038,54.719,0.191924,0.172732,0.815232,36887,595,4500000,DEF,False,,4.5,0.576,0.9727488151658767,1.9939794312796224,0.576,0.710243,0.45,True,1.35,pedro porro,esp,DEF,pedro porro|esp|DEF,pedro porro|esp,pedro porro|esp,,,,,,,,,,,,,,,,,
moussa_niakhate__sen,Moussa Niakhate,SEN,Senegal,DEF,3000000,3000000,0.6809,transfermarkt_availability_split_2026_06_01,0.0619,1.64986,1.64986,49612,Senegal,3000000,True,True,name_team_position,1.0,0.01,0.017,0.004,FRA,2026-06-16 21:00,75.417,0.007875,0.01088,0.005,0.065032,0.077,-0.003,0.049,-0.0450692725994718,0.06,69.21,0.211891,0.211891,NOR,2026-06-23 02:00,75.417,0.011187,0.014665,0.006,0.11629,0.077,0.062,0.051,-0.0433936122173293,0.06,69.21,0.425561,0.404283,IRQ,2026-06-26 21:00,75.417,0.034101,0.033974,0.007,0.393921,0.077,0.086,0.057,-0.0378225696374265,0.06,69.21,1.268332,1.141498,1.905784,36725,975,3000000,DEF,False,,3.0,1.684,0.7085308056872038,1.452374786729859,1.684,1.465666,0.45,True,1.35,moussa niakhate,sen,DEF,moussa niakhate|sen|DEF,moussa niakhate|sen,moussa niakhate|sen,,,,,,,,,,,,,,,,,
aymeric_laporte__esp,Aymeric Laporte,ESP,Spanien,DEF,4500000,4500000,0.822,transfermarkt_availability_split_2026_06_01,0.074727,1.647224,1.647224,48877,Spanien,4500000,True,True,name_team_position,1.0,0.008,0.011,0.004,CPV,2026-06-15 18:00,74.772,0.023693,0.017188,0.006,0.0,0.061,0.152,0.047,-0.0280979712795335,0.038,54.92,0.347624,0.347624,KSA,2026-06-21 18:00,74.772,0.023693,0.017188,0.005,0.0,0.061,0.072,0.046,-0.0290887767084194,0.038,54.92,0.264633,0.251402,URU,2026-06-27 02:00,74.772,0.016203,0.01285,0.004,0.0,0.061,0.053,0.042,-0.033787192539876,0.038,54.92,0.177981,0.160183,0.790238,30710,595,4500000,DEF,False,,4.5,0.554,0.9727488151658767,1.9939794312796224,0.554,0.693743,0.45,True,1.35,aymeric laporte,esp,DEF,aymeric laporte|esp|DEF,aymeric laporte|esp,aymeric laporte|esp,,,,,,,,,,,,,,,,,
teboho_mokoena__rsa,Teboho Mokoena,RSA,Sydafrika,MID,3500000,3500000,0.7948,transfermarkt_availability_split_2026_06_01,0.072255,1.646024,1.646024,49880,Sydafrika,3500000,True,True,name_team_position,1.0,0.05,0.077,0.052,MEX,2026-06-11 21:00,71.636,0.038812,0.04736,0.071,0.045606,0.079,0.003,0.045,-0.0424808339898893,0.059,64.882,0.392659,0.392659,CZE,2026-06-18 18:00,71.636,0.048822,0.059024,0.075,0.071537,0.079,0.054,0.046,-0.0414118191530788,0.059,64.882,0.53477,0.508032,KOR,2026-06-25 03:00,71.636,0.067526,0.077862,0.089,0.096694,0.079,0.07,0.051,-0.0379697663202734,0.059,64.882,0.723246,0.650922,1.650675,49648,782,3500000,MID,False,,3.5,2.082,0.8263403263403264,2.3658784615384616,2.082,1.915256,0.45,True,1.35,teboho mokoena,rsa,MID,teboho mokoena|rsa|MID,teboho mokoena|rsa,mokoena teboho|rsa,,,,,,,,,,,,,,,,,
martin_degaard__nor,Martin Ødegaard,NOR,Norge,MID,4500000,4500000,0.8375,transfermarkt_availability_split_2026_06_01,0.076136,1.645646,1.645646,49516,Norge,4500000,True,True,name_team_position,1.0,0.03,0.049,0.022,IRQ,2026-06-17 00:00,70.409,0.01458,0.015625,0.006,0.0,0.014,0.024,0.009,-0.0070743966537716,-0.03,11.474,0.107701,0.107701,SEN,2026-06-23 02:00,70.409,0.011623,0.013247,0.007,0.0,0.014,0.012,0.009,-0.0067595725651373,-0.03,11.474,0.075096,0.071342,FRA,2026-06-26 21:00,70.409,0.005099,0.00678,0.007,0.0,0.014,0.011,0.009,-0.0069631020276035,-0.03,11.474,0.021872,0.019685,0.204669,32027,1126,4500000,MID,False,,4.5,0.155,0.93006993006993,2.662864615384616,0.155,0.514413,0.45,True,1.35,martin odegaard,nor,MID,martin odegaard|nor|MID,martin odegaard|nor,martin odegaard|nor,,,,,,,,,,,,,,,,,
grant_hanley__sco,Grant Hanley,SCO,Skotland,DEF,2500000,2500000,0.6836,transfermarkt_availability_split_2026_06_01,0.062145,1.639248,1.639248,49150,Skotland,2500000,True,True,name_team_position,1.0,0.013,0.02,0.005,HAI,2026-06-14 03:00,75.499,0.03645,0.034375,0.008,0.391686,0.08,0.149,0.054,-0.0438555797402802,0.065,72.366,1.335679,1.335679,MAR,2026-06-20 00:00,75.499,0.016117,0.019315,0.009,0.161346,0.08,0.076,0.056,-0.042977533661088,0.065,72.366,0.592631,0.562999,BRA,2026-06-25 00:00,75.499,0.011813,0.01472,0.008,0.091441,0.08,0.072,0.056,-0.0437529738941283,0.065,72.366,0.393455,0.35411,2.321765,26693,1022,2500000,DEF,False,,2.5,2.266,0.4372037914691943,0.8961978199052141,2.266,1.824557,0.45,True,1.35,grant hanley,sco,DEF,grant hanley|sco|DEF,grant hanley|sco,grant hanley|sco,,,,,,,,,,,,,,,,,
ezri_konsa__eng,Ezri Konsa,ENG,England,DEF,4500000,4500000,0.629,transfermarkt_availability_split_2026_06_01,0.057182,1.636768,1.636768,49086,England,4500000,True,True,name_team_position,1.0,0.008,0.034,0.003,CRO,2026-06-17 22:00,74.819,0.012249,0.030095,0.003,0.0,0.041,0.063,0.029,-0.0208236690792742,0.009,36.474,0.205955,0.205955,GHA,2026-06-23 22:00,74.819,0.01458,0.035938,0.003,0.0,0.041,0.046,0.03,-0.0196550757740705,0.009,36.474,0.222639,0.211507,PAN,2026-06-27 23:00,74.819,0.012758,0.03125,0.003,0.0,0.041,0.035,0.028,-0.0222984272051525,0.009,36.474,0.182,0.1638,0.609123,38713,769,4500000,DEF,False,,4.5,0.396,0.9727488151658767,1.9939794312796224,0.396,0.575243,0.45,True,1.35,ezri konsa,eng,DEF,ezri konsa|eng|DEF,ezri konsa|eng,ezri konsa|eng,,,,,,,,,,,,,,,,,
hazem_mastouri__tun,Hazem Mastouri,TUN,Tunesien,FWD,3500000,3500000,0.849,transfermarkt_availability_split_2026_06_01,0.077182,1.636301,1.636301,49175,Tunesien,3500000,True,True,name_team_position,1.0,0.095,0.059,0.115,SWE,2026-06-15 04:00,67.12,0.071266,0.034611,0.123,0.0,0.037,0.02,0.034,-0.0301987396943094,0.035,47.333,0.533698,0.533698,JPN,2026-06-21 06:00,67.12,0.075835,0.037987,0.145,0.0,0.037,0.051,0.037,-0.0278141070183581,0.035,47.333,0.620487,0.589463,NED,2026-06-26 01:00,67.12,0.066937,0.03264,0.14,0.0,0.037,0.047,0.036,-0.0285906885162703,0.035,47.333,0.558077,0.50227,1.711541,49669,976,3500000,FWD,False,,3.5,2.25,0.6577060931899642,2.2812009677419365,2.25,2.054484,0.45,True,1.35,hazem mastouri,tun,FWD,hazem mastouri|tun|FWD,hazem mastouri|tun,hazem mastouri|tun,,,,,,,,,,,,,,,,,
julio_enciso__par,Julio Enciso,PAR,Paraguay,FWD,3500000,3500000,0.807,transfermarkt_availability_split_2026_06_01,0.073364,1.635129,1.635129,49355,Paraguay,3500000,True,True,name_team_position,1.0,0.084,0.059,0.121,USA,2026-06-13 03:00,66.527,0.04068,0.022134,0.08,0.0,0.023,0.017,0.021,-0.0195430748944121,0.004,30.077,0.308579,0.308579,TUR,2026-06-20 06:00,66.527,0.047578,0.024931,0.082,0.0,0.023,0.025,0.022,-0.0192270704972023,0.004,30.077,0.355878,0.338084,AUS,2026-06-26 04:00,66.527,0.0894,0.040953,0.1,0.0,0.023,0.034,0.024,-0.0172665642547911,0.004,30.077,0.602192,0.541973,1.266649,42620,778,3500000,FWD,False,,3.5,1.245,0.6577060931899642,2.2812009677419365,1.245,1.300734,0.45,True,1.35,julio enciso,par,FWD,julio enciso|par|FWD,julio enciso|par,enciso julio|par,,,,,,,,,,,,,,,,,
marquinhos__bra,Marquinhos,BRA,Brasilien,DEF,5000000,5000000,0.7639,transfermarkt_availability_split_2026_06_01,0.069445,1.627581,1.627581,49507,Brasilien,5000000,True,True,name_team_position,1.0,0.008,0.014,0.003,MAR,2026-06-14 00:00,74.819,0.014941,0.014547,0.004,0.0,0.046,0.078,0.033,-0.0235064485105947,0.016,41.15,0.194781,0.194781,HAI,2026-06-20 03:00,74.819,0.018225,0.017188,0.004,0.0,0.046,0.055,0.035,-0.0212843118690734,0.016,41.15,0.20363,0.193448,SCO,2026-06-25 00:00,74.819,0.01458,0.014062,0.003,0.0,0.046,0.039,0.031,-0.0252708405521563,0.016,41.15,0.147395,0.132656,0.544347,31356,764,5000000,DEF,False,,5.0,0.357,0.9964454976303316,2.042553838862561,0.357,0.552771,0.45,True,1.35,marquinhos,bra,DEF,marquinhos|bra|DEF,marquinhos|bra,marquinhos|bra,,,,,,,,,,,,,,,,,
benjamin_tahirovic__bih,Benjamin Tahirovic,BIH,Bosnien-Hercegovina,MID,3000000,3000000,0.8591,transfermarkt_availability_split_2026_06_01,0.0781,1.615846,1.615846,48896,Bosnien-Hercegovina,3000000,True,True,name_team_position,1.0,0.056,0.064,0.032,CAN,2026-06-12 21:00,70.819,0.036354,0.033329,0.032,0.0,0.057,0.03,0.033,-0.0301218620677344,0.029,46.741,0.318635,0.318635,SUI,2026-06-18 21:00,70.819,0.032063,0.0288,0.032,0.0,0.057,0.037,0.033,-0.0303480978606412,0.029,46.741,0.290367,0.275849,QAT,2026-06-24 21:00,70.819,0.117483,0.082396,0.041,0.0,0.057,0.054,0.037,-0.026460216054591,0.029,46.741,0.912143,0.820929,1.521145,43401,882,3000000,MID,False,,3.0,1.462,0.6713286713286714,1.9220676923076925,1.462,1.383896,0.45,True,1.35,benjamin tahirovic,bih,MID,benjamin tahirovic|bih|MID,benjamin tahirovic|bih,benjamin tahirovic|bih,,,,,,,,,,,,,,,,,
diogo_dalot__por,Diogo Dalot,POR,Portugal,DEF,4000000,4000000,0.577,transfermarkt_availability_split_2026_06_01,0.052455,1.611779,1.611779,49025,Portugal,4000000,True,True,name_team_position,1.0,0.011,0.013,0.005,COD,2026-06-17 19:00,74.751,0.02916,0.020313,0.007,0.0,0.061,0.123,0.045,-0.0298731183294547,0.037,54.493,0.357026,0.357026,UZB,2026-06-23 19:00,74.751,0.02916,0.021875,0.007,0.0,0.061,0.071,0.046,-0.0288234265254332,0.037,54.493,0.311762,0.296173,COL,2026-06-28 01:30,74.751,0.016147,0.012873,0.006,0.0,0.061,0.05,0.041,-0.0340805987381219,0.037,54.493,0.17442,0.156978,0.843208,35195,585,4000000,DEF,False,,4.0,0.593,0.9253554502369667,1.8968306161137456,0.593,0.709436,0.45,True,1.35,diogo dalot,por,DEF,diogo dalot|por|DEF,diogo dalot|por,dalot diogo|por,,,,,,,,,,,,,,,,,
jordan_ayew__gha,Jordan Ayew,GHA,Ghana,FWD,3000000,3000000,0.8417,transfermarkt_availability_split_2026_06_01,0.076518,1.60593,1.60593,49314,Ghana,3000000,True,True,name_team_position,1.0,0.095,0.042,0.105,PAN,2026-06-18 01:00,66.904,0.149434,0.042073,0.125,0.0,0.035,0.066,0.035,-0.0261170875009647,0.03,44.698,0.918838,0.918838,ENG,2026-06-23 22:00,66.904,0.050063,0.01728,0.096,0.0,0.035,0.032,0.03,-0.0296659294779978,0.03,44.698,0.375426,0.356655,CRO,2026-06-27 23:00,66.904,0.052554,0.019085,0.099,0.0,0.035,0.034,0.031,-0.0292760652086216,0.03,44.698,0.397195,0.357475,1.691459,27934,770,3000000,FWD,False,,3.0,1.824,0.507168458781362,1.759073225806452,1.824,1.650987,0.45,True,1.35,jordan ayew,gha,FWD,jordan ayew|gha|FWD,jordan ayew|gha,ayew jordan|gha,,,,,,,,,,,,,,,,,
ivan_ba_i__bih,Ivan Basic,BIH,Bosnien-Hercegovina,MID,2500000,2500000,0.4913,transfermarkt_availability_split_2026_06_01,0.044664,1.60373,1.60373,49233,Bosnien-Hercegovina,2500000,True,True,name_team_position,1.0,0.046,0.075,0.037,CAN,2026-06-12 21:00,71.546,0.043875,0.056515,0.055,0.084749,0.083,0.043,0.048,-0.0438024363748689,0.064,67.969,0.472118,0.472118,SUI,2026-06-18 21:00,71.546,0.038812,0.04928,0.055,0.063125,0.083,0.054,0.048,-0.0441314226407987,0.064,67.969,0.435769,0.41398,QAT,2026-06-24 21:00,71.546,0.143231,0.140642,0.07,0.318072,0.083,0.078,0.054,-0.0384777650063677,0.064,67.969,1.282603,1.154343,2.19049,52075,882,2500000,MID,False,,2.5,2.103,0.3857808857808857,1.1045215384615383,2.103,1.742403,0.45,True,1.35,ivan basic,bih,MID,ivan basic|bih|MID,ivan basic|bih,basic ivan|bih,,,,,,,,,,,,,,,,,
amirhossein_hosseinzadeh__irn,Amirhossein Hosseinzadeh,IRN,Iran,FWD,3000000,3000000,0.5235,transfermarkt_availability_split_2026_06_01,0.047591,1.599808,1.599808,48824,Iran,3000000,True,True,name_team_position,1.0,0.098,0.071,0.04,NZL,2026-06-16 03:00,71.21,0.163668,0.074285,0.045,0.0,0.049,0.072,0.033,-0.0217634267959274,0.017,39.849,0.973764,0.973764,BEL,2026-06-21 21:00,71.21,0.047813,0.02752,0.033,0.0,0.049,0.031,0.028,-0.0260437527986728,0.017,39.849,0.307768,0.29238,EGY,2026-06-27 05:00,71.21,0.073912,0.039475,0.035,0.0,0.049,0.034,0.029,-0.025383903196629,0.017,39.849,0.454689,0.40922,1.737069,49527,883,3000000,FWD,False,,3.0,1.955,0.507168458781362,1.759073225806452,1.955,1.749237,0.45,True,1.35,amirhossein hosseinzadeh,irn,FWD,amirhossein hosseinzadeh|irn|FWD,amirhossein hosseinzadeh|irn,amirhossein hosseinzadeh|irn,,,,,,,,,,,,,,,,,
diego_g_mez__par,Diego Gomez,PAR,Paraguay,MID,3000000,3000000,0.7703,transfermarkt_availability_split_2026_06_01,0.070027,1.579174,1.579174,49020,Paraguay,3000000,True,True,name_team_position,1.0,0.056,0.057,0.035,USA,2026-06-13 03:00,71.109,0.041394,0.033201,0.036,0.0,0.058,0.027,0.033,-0.0309198316421507,0.03,47.586,0.343653,0.343653,TUR,2026-06-20 06:00,71.109,0.048384,0.036967,0.037,0.0,0.058,0.04,0.034,-0.0304198692353801,0.03,47.586,0.405401,0.385131,AUS,2026-06-26 04:00,71.109,0.091883,0.062014,0.045,0.0,0.058,0.053,0.038,-0.0273180787916424,0.03,47.586,0.726139,0.653525,1.475193,46774,778,3000000,MID,False,,3.0,1.46,0.6713286713286714,1.9220676923076925,1.46,1.382396,0.45,True,1.35,diego gomez,par,MID,diego gomez|par|MID,diego gomez|par,diego gomez|par,,,,,,,,,,,,,,,,,
hannibal_mejbri__tun,Hannibal Mejbri,TUN,Tunesien,MID,3000000,3000000,0.7134,transfermarkt_availability_split_2026_06_01,0.064855,1.578473,1.578473,49169,Tunesien,3000000,True,True,name_team_position,1.0,0.042,0.115,0.042,SWE,2026-06-15 04:00,71.46,0.043856,0.093065,0.062,0.082989,0.081,0.028,0.047,-0.0422364587294373,0.061,66.2,0.573239,0.573239,JPN,2026-06-21 06:00,71.46,0.046857,0.101776,0.074,0.088717,0.081,0.071,0.052,-0.0389012718765349,0.061,66.2,0.677712,0.643826,NED,2026-06-26 01:00,71.46,0.041063,0.08768,0.071,0.063146,0.081,0.066,0.051,-0.0399874116531823,0.061,66.2,0.596368,0.536731,1.847319,40563,976,3000000,MID,False,,3.0,2.471,0.6713286713286714,1.9220676923076925,2.471,2.140646,0.45,True,1.35,hannibal mejbri,tun,MID,hannibal mejbri|tun|MID,hannibal mejbri|tun,hannibal mejbri|tun,,,,,,,,,,,,,,,,,
cristian_romero__arg,Cristian Romero,ARG,Argentina,DEF,4000000,4000000,0.8499,transfermarkt_availability_split_2026_06_01,0.077264,1.574316,1.574316,48969,Argentina,4000000,True,True,name_team_position,1.0,0.01,0.014,0.004,ALG,2026-06-17 03:00,75.091,0.020048,0.01875,0.005,0.0,0.049,0.095,0.036,-0.0247498386055498,0.021,44.439,0.259788,0.259788,AUT,2026-06-22 19:00,75.091,0.017918,0.015771,0.005,0.0,0.049,0.052,0.036,-0.0251571449738323,0.021,44.439,0.194664,0.184931,JOR,2026-06-28 04:00,75.091,0.020048,0.017188,0.005,0.0,0.049,0.048,0.035,-0.0259518850495675,0.021,44.439,0.2059,0.18531,0.660352,39764,762,4000000,DEF,False,,4.0,0.438,0.9253554502369667,1.8968306161137456,0.438,0.593186,0.45,True,1.35,cristian romero,arg,DEF,cristian romero|arg|DEF,cristian romero|arg,cristian romero|arg,,,,,,,,,,,,,,,,,
silvan_widmer__sui,Silvan Widmer,SUI,Schweiz,DEF,3000000,3000000,0.632,transfermarkt_availability_split_2026_06_01,0.057455,1.572876,1.572876,49851,Schweiz,3000000,True,True,name_team_position,1.0,0.024,0.039,0.02,QAT,2026-06-13 21:00,70.36,0.034627,0.034375,0.016,0.0,0.039,0.072,0.024,-0.0194849887294717,0.004,31.901,0.368402,0.368402,BIH,2026-06-18 21:00,70.36,0.037323,0.036972,0.018,0.0,0.039,0.038,0.026,-0.0178725276244874,0.004,31.901,0.363981,0.345782,CAN,2026-06-24 21:00,70.36,0.028607,0.029051,0.018,0.0,0.039,0.036,0.026,-0.0183238273247137,0.004,31.901,0.285471,0.256924,1.016272,34177,583,3000000,DEF,False,,3.0,0.611,0.7085308056872038,1.452374786729859,0.611,0.660916,0.45,True,1.35,silvan widmer,sui,DEF,silvan widmer|sui|DEF,silvan widmer|sui,silvan widmer|sui,,,,,,,,,,,,,,,,,
i_smail_y_ksek__tur,Ismail Yüksek,TUR,Tyrkiet,MID,2500000,2500000,0.7936,transfermarkt_availability_split_2026_06_01,0.072145,1.571686,1.571686,49229,Tyrkiet,2500000,True,True,name_team_position,1.0,0.05,0.077,0.044,AUS,2026-06-14 06:00,71.373,0.074829,0.071527,0.044,0.0,0.052,0.072,0.031,-0.0268254500333098,0.022,42.803,0.678901,0.678901,PAR,2026-06-20 06:00,71.373,0.074079,0.073672,0.052,0.0,0.052,0.049,0.034,-0.0244909537701504,0.022,42.803,0.67192,0.638324,USA,2026-06-26 04:00,71.373,0.056857,0.061123,0.05,0.0,0.052,0.045,0.034,-0.0253313472500825,0.022,42.803,0.541323,0.48719,1.892144,45558,586,2500000,MID,False,,2.5,1.551,0.3857808857808857,1.1045215384615383,1.551,1.328403,0.45,True,1.35,ismail yuksek,tur,MID,ismail yuksek|tur|MID,ismail yuksek|tur,ismail yuksek|tur,,,,,,,,,,,,,,,,,
gabriel_magalh_es__bra,Gabriel Magalhaes,BRA,Brasilien,DEF,4500000,4500000,0.5221,transfermarkt_availability_split_2026_06_01,0.047464,1.561462,1.561462,49126,Brasilien,4500000,True,True,name_team_position,1.0,0.008,0.014,0.003,MAR,2026-06-14 00:00,74.695,0.013282,0.013092,0.003,0.0,0.043,0.073,0.031,-0.0218759093855898,0.012,38.296,0.173092,0.173092,HAI,2026-06-20 03:00,74.695,0.016403,0.015625,0.004,0.0,0.043,0.052,0.032,-0.0198079126063056,0.012,38.296,0.182485,0.173361,SCO,2026-06-25 00:00,74.695,0.012758,0.0125,0.003,0.0,0.043,0.037,0.029,-0.0235179132980251,0.012,38.296,0.12853,0.115677,0.482645,38945,764,4500000,DEF,False,,4.5,0.316,0.9727488151658767,1.9939794312796224,0.316,0.515243,0.45,True,1.35,gabriel magalhaes,bra,DEF,gabriel magalhaes|bra|DEF,gabriel magalhaes|bra,gabriel magalhaes|bra,,,,,,,,,,,,,,,,,
eldor_shomurodov__uzb,Eldor Shomurodov,UZB,Usbekistan,FWD,3000000,3000000,0.8976,transfermarkt_availability_split_2026_06_01,0.0816,1.549788,1.549788,49053,Usbekistan,3000000,True,True,name_team_position,1.0,0.124,0.062,0.127,COL,2026-06-18 04:00,67.355,0.08325,0.03328,0.148,0.0,0.036,-0.004,0.035,-0.0280319883626627,0.032,46.213,0.579808,0.579808,POR,2026-06-23 19:00,67.355,0.065812,0.02624,0.117,0.0,0.036,0.032,0.031,-0.0309278696388703,0.032,46.213,0.48704,0.462688,COD,2026-06-28 01:30,67.355,0.120734,0.043165,0.128,0.0,0.036,0.037,0.032,-0.0297589782733246,0.032,46.213,0.775672,0.698105,1.841766,40777,1122,3000000,FWD,False,,3.0,2.323,0.507168458781362,1.759073225806452,2.323,2.025237,0.45,True,1.35,eldor shomurodov,uzb,FWD,eldor shomurodov|uzb|FWD,eldor shomurodov|uzb,eldor shomurodov|uzb,,,,,,,,,,,,,,,,,
ken_sema__swe,Ken Sema,SWE,Sverige,MID,2500000,2500000,0.3948,transfermarkt_availability_split_2026_06_01,0.035891,1.547617,1.547617,50000,Sverige,2500000,True,True,name_team_position,1.0,0.064,0.056,0.034,TUN,2026-06-15 04:00,71.305,0.145649,0.080712,0.055,0.081144,0.072,0.091,0.047,-0.0337860108491834,0.049,59.015,1.106595,1.106595,NED,2026-06-20 19:00,71.305,0.046687,0.032975,0.043,0.020679,0.072,0.046,0.041,-0.0385003101312738,0.049,59.015,0.40086,0.380817,JPN,2026-06-26 01:00,71.305,0.063868,0.042711,0.045,0.031488,0.072,0.05,0.042,-0.0376963989694992,0.049,59.015,0.523777,0.471399,2.031232,33983,598,2500000,MID,False,,2.5,2.067,0.3857808857808857,1.1045215384615383,2.067,1.715403,0.45,True,1.35,ken sema,swe,MID,ken sema|swe|MID,ken sema|swe,ken sema|swe,,,,,,,,,,,,,,,,,
keito_nakamura__jpn,Keito Nakamura,JPN,Japan,MID,3000000,3000000,0.6696,transfermarkt_availability_split_2026_06_01,0.060873,1.546318,1.546318,49379,Japan,3000000,True,True,name_team_position,1.0,0.035,0.047,0.019,NED,2026-06-14 22:00,70.736,0.024045,0.024052,0.017,0.0,0.051,0.025,0.03,-0.0271803119337268,0.021,41.862,0.207201,0.207201,TUN,2026-06-21 06:00,70.736,0.051651,0.043901,0.019,0.0,0.051,0.038,0.031,-0.0262247568470693,0.021,41.862,0.421733,0.400647,SWE,2026-06-26 01:00,70.736,0.053583,0.046172,0.022,0.0,0.051,0.047,0.033,-0.0240186844258948,0.021,41.862,0.454412,0.408971,1.083346,49531,772,3000000,MID,False,,3.0,0.891,0.6713286713286714,1.9220676923076925,0.891,0.955646,0.45,True,1.35,keito nakamura,jpn,MID,keito nakamura|jpn|MID,keito nakamura|jpn,keito nakamura|jpn,,,,,,,,,,,,,,,,,
ivan_peri_i__cro,Ivan Perisic,CRO,Kroatien,FWD,4500000,4500000,0.9251,transfermarkt_availability_split_2026_06_01,0.0841,1.545985,1.545985,49234,Kroatien,4500000,True,True,name_team_position,1.0,0.018,0.047,0.007,ENG,2026-06-17 22:00,74.916,0.012794,0.026893,0.008,0.019093,0.065,0.017,0.042,-0.0376467703382654,0.043,58.285,0.139208,0.139208,PAN,2026-06-24 01:00,74.916,0.040629,0.06407,0.009,0.070893,0.065,0.054,0.043,-0.0361260116280448,0.043,58.285,0.4026,0.38247,GHA,2026-06-27 23:00,74.916,0.043345,0.07034,0.011,0.080364,0.065,0.071,0.048,-0.0320309485561472,0.043,58.285,0.460369,0.414332,1.002177,28901,588,4500000,FWD,False,,4.5,1.173,0.8279569892473119,2.871702580645162,1.173,1.341729,0.45,True,1.35,ivan perisic,cro,FWD,ivan perisic|cro|FWD,ivan perisic|cro,ivan perisic|cro,,,,,,,,,,,,,,,,,
gonzalo_montiel__arg,Gonzalo Montiel,ARG,Argentina,DEF,3500000,3500000,0.5485,transfermarkt_availability_split_2026_06_01,0.049864,1.544845,1.544845,49145,Argentina,3500000,True,True,name_team_position,1.0,0.016,0.012,0.004,ALG,2026-06-17 03:00,74.376,0.027338,0.010938,0.003,0.0,0.037,0.072,0.027,-0.0186404837478054,0.004,33.469,0.247202,0.247202,AUT,2026-06-22 19:00,74.376,0.022805,0.010037,0.003,0.0,0.037,0.039,0.027,-0.0189472488891605,0.004,33.469,0.183994,0.174794,JOR,2026-06-28 04:00,74.376,0.023693,0.010938,0.003,0.0,0.037,0.036,0.026,-0.0195458119627051,0.004,33.469,0.187426,0.168684,0.618622,41151,762,3500000,DEF,False,,3.5,0.381,0.8530805687203792,1.7486786729857835,0.381,0.529763,0.45,True,1.35,gonzalo montiel,arg,DEF,gonzalo montiel|arg|DEF,gonzalo montiel|arg,gonzalo montiel|arg,,,,,,,,,,,,,,,,,
che_adams__sco,Che Adams,SCO,Skotland,FWD,3000000,3000000,0.8708,transfermarkt_availability_split_2026_06_01,0.079164,1.544333,1.544333,48952,Skotland,3000000,True,True,name_team_position,1.0,0.086,0.051,0.107,HAI,2026-06-14 03:00,66.36,0.11664,0.040625,0.078,0.0,0.023,0.06,0.022,-0.0177270798999471,0.003,29.251,0.710708,0.710708,MAR,2026-06-20 00:00,66.36,0.049814,0.022534,0.083,0.0,0.023,0.031,0.023,-0.0173721605694114,0.003,29.251,0.366486,0.348162,BRA,2026-06-25 00:00,66.36,0.037687,0.01728,0.081,0.0,0.023,0.029,0.022,-0.0176856050854832,0.003,29.251,0.296902,0.267212,1.373083,38620,1022,3000000,FWD,False,,3.0,1.288,0.507168458781362,1.759073225806452,1.288,1.248987,0.45,True,1.35,che adams,sco,FWD,che adams|sco|FWD,che adams|sco,adams che|sco,,,,,,,,,,,,,,,,,
nicol_s_otamendi__arg,Nicolas Otamendi,ARG,Argentina,DEF,4500000,4500000,0.7821,transfermarkt_availability_split_2026_06_01,0.0711,1.539269,1.539269,49647,Argentina,4500000,True,True,name_team_position,1.0,0.008,0.012,0.004,ALG,2026-06-17 03:00,74.36,0.012758,0.010938,0.003,0.0,0.037,0.071,0.027,-0.0184210694053364,0.003,33.075,0.157941,0.157941,AUT,2026-06-22 19:00,74.36,0.011402,0.010037,0.003,0.0,0.037,0.039,0.027,-0.0187242236601559,0.003,33.075,0.114799,0.109059,JOR,2026-06-28 04:00,74.36,0.012758,0.010938,0.003,0.0,0.037,0.036,0.026,-0.0193157411374067,0.003,33.075,0.121046,0.108942,0.393786,26894,762,4500000,DEF,False,,4.5,0.252,0.9727488151658767,1.9939794312796224,0.252,0.467243,0.45,True,1.35,nicolas otamendi,arg,DEF,nicolas otamendi|arg|DEF,nicolas otamendi|arg,nicolas otamendi|arg,,,,,,,,,,,,,,,,,
achraf_hakimi__mar,Achraf Hakimi,MAR,Marokko,DEF,4000000,4000000,0.8167,transfermarkt_availability_split_2026_06_01,0.074245,1.531039,1.531039,48732,Marokko,4000000,True,True,name_team_position,1.0,0.01,0.027,0.011,BRA,2026-06-14 00:00,75.06,0.00675,0.01408,0.013,0.011723,0.064,0.007,0.041,-0.037026441722857,0.042,57.346,0.110504,0.110504,SCO,2026-06-20 00:00,75.06,0.017016,0.027982,0.013,0.038477,0.064,0.053,0.043,-0.0356823669533482,0.042,57.346,0.322009,0.305909,HAI,2026-06-25 00:00,75.06,0.02916,0.045312,0.017,0.072704,0.064,0.075,0.048,-0.030291053957482,0.042,57.346,0.558554,0.502698,0.991067,35124,974,4000000,DEF,False,,4.0,0.765,0.9253554502369667,1.8968306161137456,0.765,0.838436,0.45,True,1.35,achraf hakimi,mar,DEF,achraf hakimi|mar|DEF,achraf hakimi|mar,achraf hakimi|mar,,,,,,,,,,,,,,,,,
quinten_timber__ned,Quinten Timber,NED,Holland,MID,3000000,3000000,0.6143,transfermarkt_availability_split_2026_06_01,0.055845,1.530903,1.530903,49740,Holland,3000000,True,True,name_team_position,1.0,0.027,0.043,0.021,JPN,2026-06-14 22:00,70.376,0.011829,0.012199,0.007,0.0,0.015,0.017,0.01,-0.0068830264340124,-0.029,12.186,0.078859,0.078859,SWE,2026-06-20 19:00,70.376,0.015954,0.015522,0.007,0.0,0.015,0.015,0.01,-0.0068153147851213,-0.029,12.186,0.107521,0.102145,TUN,2026-06-26 01:00,70.376,0.013758,0.01345,0.006,0.0,0.015,0.012,0.009,-0.0074870834176409,-0.029,12.186,0.084653,0.076188,0.26941,39006,593,3000000,MID,False,,3.0,0.159,0.6713286713286714,1.9220676923076925,0.159,0.406646,0.45,True,1.35,quinten timber,ned,MID,quinten timber|ned|MID,quinten timber|ned,quinten timber|ned,,,,,,,,,,,,,,,,,
patrick_pentz__aut,Patrick Pentz,AUT,Østrig,GK,3000000,3000000,0.3832,transfermarkt_availability_split_2026_06_01,0.034836,1.516007,1.516007,49715,Østrig,3000000,True,True,name_team_position,1.0,0.001,0.0,0.0,JOR,2026-06-17 06:00,80.091,0.0,0.0,0.0,0.334971,0.022,0.142,0.055,-0.0355485966398109,0.05,66.756,1.12737,1.12737,ARG,2026-06-22 19:00,80.091,0.0,0.0,0.0,0.058908,0.022,0.054,0.047,-0.0433596871256361,0.05,66.756,0.250583,0.238054,ALG,2026-06-28 04:00,80.091,0.0,0.0,0.0,0.171063,0.022,0.06,0.049,-0.0419768618152698,0.05,66.756,0.574,0.5166,1.953147,43653,587,3000000,GK,False,,3.0,1.567,0.503125,0.8897765624999998,1.567,1.269586,0.45,True,1.35,patrick pentz,aut,GK,patrick pentz|aut|GK,patrick pentz|aut,patrick pentz|aut,,,,,,,,,,,,,,,,,
nicol_s_tagliafico__arg,Nicolas Tagliafico,ARG,Argentina,DEF,4000000,4000000,0.7459,transfermarkt_availability_split_2026_06_01,0.067809,1.509142,1.509142,49651,Argentina,4000000,True,True,name_team_position,1.0,0.009,0.013,0.004,ALG,2026-06-17 03:00,74.819,0.016403,0.014062,0.004,0.0,0.043,0.082,0.032,-0.0214850063887984,0.012,38.577,0.206119,0.206119,AUT,2026-06-22 19:00,74.819,0.014661,0.012904,0.004,0.0,0.043,0.045,0.031,-0.0218385836409259,0.012,38.577,0.153839,0.146147,JOR,2026-06-28 04:00,74.819,0.016403,0.014062,0.004,0.0,0.043,0.042,0.03,-0.0225284869520842,0.012,38.577,0.163076,0.146768,0.523034,36371,762,4000000,DEF,False,,4.0,0.345,0.9253554502369667,1.8968306161137456,0.345,0.523436,0.45,True,1.35,nicolas tagliafico,arg,DEF,nicolas tagliafico|arg|DEF,nicolas tagliafico|arg,nicolas tagliafico|arg,,,,,,,,,,,,,,,,,
raphinha__bra,Raphinha,BRA,Brasilien,FWD,6500000,6500000,0.8812,transfermarkt_availability_split_2026_06_01,0.080109,1.496455,1.496455,49752,Brasilien,6500000,True,True,name_team_position,1.0,,,,MAR,2026-06-14 00:00,,,,,,,,,,,,0.48133,0.48133,HAI,2026-06-20 03:00,,,,,,,,,,,,0.538852,0.51191,SCO,2026-06-25 00:00,,,,,,,,,,,,0.559128,0.503215,,39879,764,6500000,FWD,False,,6.5,0.0,0.9587813620071683,3.325456451612904,0.0,0.534976,0.45,True,1.35,raphinha,bra,FWD,raphinha|bra|FWD,raphinha|bra,raphinha|bra,distributed_from_existing_optimizer_ev,,0.5861,0.4624,1.2885,1.2061,1.1897,0.8975,0.6453,1.35,1.25,1.4367,0.6691,0.5,1.35,1.25,1.2405
patrick_berg__nor,Patrick Berg,NOR,Norge,MID,2500000,2500000,0.698,transfermarkt_availability_split_2026_06_01,0.063455,1.495046,1.495046,49714,Norge,2500000,True,True,name_team_position,1.0,0.033,0.055,0.025,IRQ,2026-06-17 00:00,70.819,0.082013,0.08125,0.033,0.022959,0.068,0.119,0.042,-0.0345092439102905,0.045,55.97,0.790306,0.790306,SEN,2026-06-23 02:00,70.819,0.06457,0.069848,0.037,0.016118,0.068,0.06,0.044,-0.0329735170073151,0.045,55.97,0.61742,0.586549,FRA,2026-06-26 21:00,70.819,0.027195,0.037289,0.035,0.006207,0.068,0.056,0.043,-0.0339663434216258,0.045,55.97,0.324876,0.292388,1.732602,31969,1126,2500000,MID,False,,2.5,1.438,0.3857808857808857,1.1045215384615383,1.438,1.243653,0.45,True,1.35,patrick berg,nor,MID,patrick berg|nor|MID,patrick berg|nor,berg patrick|nor,,,,,,,,,,,,,,,,,
kendry_p_ez__ecu,Kendry Paez,ECU,Ecuador,MID,3000000,3000000,0.6298,transfermarkt_availability_split_2026_06_01,0.057255,1.493053,1.493053,49382,Ecuador,3000000,True,True,name_team_position,1.0,0.032,0.055,0.024,CIV,2026-06-15 01:00,70.554,0.028114,0.032381,0.017,0.0,0.039,0.039,0.023,-0.0202212543136788,0.004,31.82,0.261492,0.261492,CUW,2026-06-21 02:00,70.554,0.054675,0.05625,0.022,0.0,0.039,0.04,0.026,-0.0172357717700394,0.004,31.82,0.477889,0.453995,GER,2026-06-25 22:00,70.554,0.015187,0.020249,0.02,0.0,0.039,0.032,0.025,-0.0192023057715992,0.004,31.82,0.15948,0.143532,0.898861,48022,881,3000000,MID,False,,3.0,0.728,0.6713286713286714,1.9220676923076925,0.728,0.833396,0.45,True,1.35,kendry paez,ecu,MID,kendry paez|ecu|MID,kendry paez|ecu,kendry paez|ecu,,,,,,,,,,,,,,,,,
duckens_nazon__hai,Duckens Nazon,HAI,Haiti,FWD,3500000,3500000,0.8543,transfermarkt_availability_split_2026_06_01,0.077664,1.488241,1.488241,49035,Haiti,3500000,True,True,name_team_position,1.0,0.125,0.07,0.175,SCO,2026-06-14 03:00,67.19,0.075375,0.03328,0.182,0.0,0.032,-0.0,0.031,-0.024901663733596,0.024,41.382,0.581438,0.581438,BRA,2026-06-20 03:00,67.19,0.057375,0.02496,0.139,0.0,0.032,0.027,0.027,-0.027910689670615,0.024,41.382,0.461469,0.438396,MAR,2026-06-25 00:00,67.19,0.059063,0.02624,0.143,0.0,0.032,0.029,0.027,-0.0275762211715252,0.024,41.382,0.478396,0.430556,1.521303,51983,1129,3500000,FWD,False,,3.5,2.154,0.6577060931899642,2.2812009677419365,2.154,1.982484,0.45,True,1.35,duckens nazon,hai,FWD,duckens nazon|hai|FWD,duckens nazon|hai,duckens nazon|hai,,,,,,,,,,,,,,,,,
dayot_upamecano__fra,Dayot Upamecano,FRA,Frankrig,DEF,4000000,4000000,0.6745,transfermarkt_availability_split_2026_06_01,0.061318,1.48146,1.48146,49000,Frankrig,4000000,True,True,name_team_position,1.0,0.008,0.011,0.003,SEN,2026-06-16 21:00,74.608,0.016403,0.014062,0.004,0.0,0.05,0.094,0.037,-0.0255115114951855,0.023,45.168,0.223092,0.223092,IRQ,2026-06-22 23:00,74.608,0.018225,0.015625,0.004,0.0,0.05,0.059,0.038,-0.0239234407762046,0.023,45.168,0.206302,0.195986,NOR,2026-06-26 21:00,74.608,0.012446,0.011075,0.003,0.0,0.05,0.044,0.034,-0.0277255887950388,0.023,45.168,0.134175,0.120758,0.563569,35088,592,4000000,DEF,False,,4.0,0.389,0.9253554502369667,1.8968306161137456,0.389,0.556436,0.45,True,1.35,dayot upamecano,fra,DEF,dayot upamecano|fra|DEF,dayot upamecano|fra,dayot upamecano|fra,,,,,,,,,,,,,,,,,
mohamed_hany__egy,Mohamed Hany,EGY,Egypten,DEF,2500000,2500000,0.6987,transfermarkt_availability_split_2026_06_01,0.063518,1.475472,1.475472,49578,Egypten,2500000,True,True,name_team_position,1.0,0.011,0.027,0.007,BEL,2026-06-15 21:00,75.307,0.007875,0.016545,0.009,0.062991,0.075,0.015,0.047,-0.0440045836728893,0.058,67.55,0.245461,0.245461,NZL,2026-06-22 03:00,75.307,0.025012,0.038902,0.011,0.265217,0.075,0.066,0.051,-0.0409178698621962,0.058,67.55,0.920338,0.874321,IRN,2026-06-27 05:00,75.307,0.021335,0.036186,0.012,0.225956,0.075,0.076,0.054,-0.0388215691414487,0.058,67.55,0.81985,0.737865,1.986784,49741,973,2500000,DEF,False,,2.5,1.651,0.4372037914691943,0.8961978199052141,1.651,1.363307,0.45,True,1.35,mohamed hany,egy,DEF,mohamed hany|egy|DEF,mohamed hany|egy,hany mohamed|egy,,,,,,,,,,,,,,,,,
gon_alo_in_cio__por,Goncalo Inacio,POR,Portugal,DEF,4000000,4000000,0.5955,transfermarkt_availability_split_2026_06_01,0.054136,1.471072,1.471072,49142,Portugal,4000000,True,True,name_team_position,1.0,0.007,0.013,0.003,COD,2026-06-17 19:00,74.637,0.018225,0.01875,0.004,0.0,0.056,0.115,0.042,-0.0278515543238897,0.032,50.806,0.274748,0.274748,UZB,2026-06-23 19:00,74.637,0.018225,0.01875,0.004,0.0,0.056,0.066,0.043,-0.026872896924263,0.032,50.806,0.227727,0.216341,COL,2026-06-28 01:30,74.637,0.009937,0.011703,0.003,0.0,0.056,0.047,0.038,-0.0317743074786266,0.032,50.806,0.126957,0.114261,0.629432,41206,585,4000000,DEF,False,,4.0,0.454,0.9253554502369667,1.8968306161137456,0.454,0.605186,0.45,True,1.35,goncalo inacio,por,DEF,goncalo inacio|por|DEF,goncalo inacio|por,goncalo inacio|por,,,,,,,,,,,,,,,,,
mohammad_mohebi__irn,Mohammad Mohebi,IRN,Iran,FWD,3000000,3000000,0.8342,transfermarkt_availability_split_2026_06_01,0.075836,1.469806,1.469806,49591,Iran,3000000,True,True,name_team_position,1.0,0.074,0.071,0.04,NZL,2026-06-16 03:00,71.228,0.124904,0.075589,0.045,0.0,0.049,0.072,0.033,-0.0218817405732842,0.018,40.066,0.823501,0.823501,BEL,2026-06-21 21:00,71.228,0.036,0.02752,0.034,0.0,0.049,0.031,0.028,-0.0261853359601414,0.018,40.066,0.262375,0.249256,EGY,2026-06-27 05:00,71.228,0.056471,0.039475,0.036,0.0,0.049,0.034,0.029,-0.0255218991794957,0.018,40.066,0.386787,0.348108,1.472663,49523,883,3000000,FWD,False,0.967741935483871,3.0,1.634,0.507168458781362,1.759073225806452,1.634,1.508487,0.45,True,1.35,mohammad mohebi,irn,FWD,mohammad mohebi|irn|FWD,mohammad mohebi|irn,mohammad mohebi|irn,,,,,,,,,,,,,,,,,
leonardo_balerdi__arg,Leonardo Balerdi,ARG,Argentina,DEF,4000000,4000000,0.5864,transfermarkt_availability_split_2026_06_01,0.053309,1.463808,1.463808,49433,Argentina,4000000,True,True,name_team_position,1.0,0.009,0.013,0.004,ALG,2026-06-17 03:00,74.625,0.01458,0.0125,0.004,0.0,0.039,0.075,0.029,-0.0195048785136525,0.006,35.021,0.180475,0.180475,AUT,2026-06-22 19:00,74.625,0.013031,0.01147,0.004,0.0,0.039,0.041,0.028,-0.0198258689394004,0.006,35.021,0.13277,0.126132,JOR,2026-06-28 04:00,74.625,0.012758,0.010938,0.003,0.0,0.039,0.038,0.028,-0.0204521885237095,0.006,35.021,0.12491,0.112419,0.438155,37308,762,4000000,DEF,False,,4.0,0.29,0.9253554502369667,1.8968306161137456,0.29,0.482186,0.45,True,1.35,leonardo balerdi,arg,DEF,leonardo balerdi|arg|DEF,leonardo balerdi|arg,balerdi leonardo|arg,,,,,,,,,,,,,,,,,
nahuel_molina__arg,Nahuel Molina,ARG,Argentina,DEF,4000000,4000000,0.891,transfermarkt_availability_split_2026_06_01,0.081,1.46355,1.46355,49621,Argentina,4000000,True,True,name_team_position,1.0,0.009,0.013,0.004,ALG,2026-06-17 03:00,74.637,0.01458,0.0125,0.004,0.0,0.039,0.074,0.028,-0.0193709952415803,0.006,34.781,0.178609,0.178609,AUT,2026-06-22 19:00,74.637,0.013031,0.01147,0.004,0.0,0.039,0.041,0.028,-0.0196897823596546,0.006,34.781,0.132906,0.126261,JOR,2026-06-28 04:00,74.637,0.012758,0.010938,0.003,0.0,0.039,0.038,0.027,-0.0203118028289883,0.006,34.781,0.12405,0.111645,0.434118,41111,762,4000000,DEF,False,,4.0,0.288,0.9253554502369667,1.8968306161137456,0.288,0.480686,0.45,True,1.35,nahuel molina,arg,DEF,nahuel molina|arg|DEF,nahuel molina|arg,molina nahuel|arg,,,,,,,,,,,,,,,,,
darwin_nunez__uru,Darwin Nunez,URU,Uruguay,FWD,6000000,6000000,0.7427,transfermarkt_availability_split_2026_06_01,0.067518,1.46289,1.46289,48989,Uruguay,6000000,True,True,name_team_position,1.0,,,,KSA,2026-06-16 00:00,,,,,,,,,,,,0.559666,0.559666,CPV,2026-06-22 00:00,,,,,,,,,,,,0.595431,0.56566,ESP,2026-06-27 02:00,,,,,,,,,,,,0.375071,0.337564,,41389,783,6000000,FWD,False,,6.0,0.0,0.9372759856630823,3.250866774193549,0.0,0.522977,0.45,True,1.35,darwin nunez,uru,FWD,darwin nunez|uru|FWD,darwin nunez|uru,darwin nunez|uru,distributed_from_existing_optimizer_ev,,0.6308,0.4865,1.3354,1.2396,1.2223,0.654,0.5,1.35,1.25,1.2405,0.1868,0.1717,0.75,0.8051,0.7973
viktor_gyokeres__swe,Viktor Gyökeres,SWE,Sverige,FWD,6000000,6000000,0.818,transfermarkt_availability_split_2026_06_01,0.074364,1.46289,1.46289,49925,Sverige,6000000,True,True,name_team_position,1.0,,,,TUN,2026-06-15 04:00,,,,,,,,,,,,0.598247,0.598247,NED,2026-06-20 19:00,,,,,,,,,,,,0.429316,0.407851,JPN,2026-06-26 01:00,,,,,,,,,,,,0.507547,0.456793,,36064,598,6000000,FWD,False,,6.0,0.0,0.9372759856630823,3.250866774193549,0.0,0.522977,0.45,True,1.35,viktor gyokeres,swe,FWD,viktor gyokeres|swe|FWD,viktor gyokeres|swe,gyokeres viktor|swe,distributed_from_existing_optimizer_ev,,0.4811,0.411,1.1722,1.123,1.1204,0.1968,0.1883,0.75,0.8121,0.8198,0.2595,0.25,0.8568,0.8977,0.903
daniel_jebbison__can,Daniel Jebbison,CAN,Canada,FWD,2500000,2500000,0.3358,transfermarkt_availability_split_2026_06_01,0.030527,1.460595,1.460595,48981,Canada,2500000,True,True,name_team_position,1.0,0.09,0.052,0.115,BIH,2026-06-12 21:00,66.36,0.10074,0.035627,0.085,0.0,0.02,0.035,0.021,-0.0147244475990182,-0.003,26.04,0.613117,0.613117,QAT,2026-06-19 00:00,66.36,0.127575,0.04375,0.087,0.0,0.02,0.031,0.021,-0.0144418876281179,-0.003,26.04,0.743108,0.705953,SUI,2026-06-24 21:00,66.36,0.040649,0.017812,0.069,0.0,0.02,0.022,0.019,-0.0166850205581437,-0.003,26.04,0.286347,0.257712,1.642572,40539,1059,2500000,FWD,False,,2.5,1.219,0.2939068100358423,1.0193922580645165,1.219,1.078243,0.45,True,1.35,daniel jebbison,can,FWD,daniel jebbison|can|FWD,daniel jebbison|can,daniel jebbison|can,,,,,,,,,,,,,,,,,
jo_o_cancelo__por,João Cancelo,POR,Portugal,DEF,5000000,5000000,0.732,transfermarkt_availability_split_2026_06_01,0.066545,1.45733,1.45733,49286,Portugal,5000000,True,True,name_team_position,1.0,0.007,0.012,0.003,COD,2026-06-17 19:00,74.36,0.010935,0.0125,0.002,0.0,0.039,0.079,0.029,-0.0191795033384167,0.006,34.986,0.16093,0.16093,UZB,2026-06-23 19:00,74.36,0.012758,0.0125,0.002,0.0,0.039,0.046,0.029,-0.0185055674192566,0.006,34.986,0.139542,0.132565,COL,2026-06-28 01:30,74.36,0.006211,0.007022,0.002,0.0,0.039,0.032,0.026,-0.0218808411651004,0.006,34.986,0.063451,0.057106,0.363923,30532,585,5000000,DEF,False,,5.0,0.256,0.9964454976303316,2.042553838862561,0.256,0.477021,0.45,True,1.35,joao cancelo,por,DEF,joao cancelo|por|DEF,joao cancelo|por,cancelo joao|por,,,,,,,,,,,,,,,,,
baghdad_bounedjah__alg,Baghdad Bounedjah,ALG,Algeriet,FWD,3000000,3000000,0.7665,transfermarkt_availability_split_2026_06_01,0.069682,1.455044,1.455044,48884,Algeriet,3000000,True,True,name_team_position,1.0,0.079,0.061,0.1,ARG,2026-06-17 03:00,66.805,0.0315,0.0192,0.069,0.0,0.025,-0.003,0.022,-0.0208842820141122,0.007,31.886,0.232716,0.232716,JOR,2026-06-23 05:00,66.805,0.102442,0.048941,0.08,0.0,0.025,0.031,0.024,-0.0192420145400628,0.007,31.886,0.654349,0.621632,AUT,2026-06-28 04:00,66.805,0.054331,0.031815,0.086,0.0,0.025,0.034,0.025,-0.0187178208760727,0.007,31.886,0.421051,0.378946,1.308116,34544,761,3000000,FWD,False,,3.0,1.255,0.507168458781362,1.759073225806452,1.255,1.224237,0.45,True,1.35,baghdad bounedjah,alg,FWD,baghdad bounedjah|alg|FWD,baghdad bounedjah|alg,baghdad bounedjah|alg,,,,,,,,,,,,,,,,,
erik_lira__mex,Erik Lira,MEX,Mexico,MID,2500000,2500000,0.5644,transfermarkt_availability_split_2026_06_01,0.051309,1.45141,1.45141,49075,Mexico,2500000,True,True,name_team_position,1.0,0.033,0.055,0.024,RSA,2026-06-11 21:00,70.549,0.063788,0.064062,0.025,0.0,0.044,0.071,0.029,-0.0198314549911594,0.011,35.909,0.583295,0.583295,KOR,2026-06-19 03:00,70.549,0.051279,0.054093,0.024,0.0,0.044,0.042,0.029,-0.0202004357326503,0.011,35.909,0.460474,0.43745,CZE,2026-06-25 03:00,70.549,0.039834,0.042863,0.021,0.0,0.044,0.034,0.027,-0.0222476763113506,0.011,35.909,0.354511,0.31906,1.39828,49569,775,2500000,MID,False,,2.5,0.932,0.3857808857808857,1.1045215384615383,0.932,0.864153,0.45,True,1.35,erik lira,mex,MID,erik lira|mex|MID,erik lira|mex,erik lira|mex,,,,,,,,,,,,,,,,,
emam_ashour__egy,Emam Ashour,EGY,Egypten,MID,2500000,2500000,0.6622,transfermarkt_availability_split_2026_06_01,0.0602,1.448091,1.448091,49064,Egypten,2500000,True,True,name_team_position,1.0,0.037,0.076,0.031,BEL,2026-06-15 21:00,70.97,0.025313,0.041692,0.036,0.0,0.067,0.012,0.039,-0.0357654562873409,0.043,54.903,0.278876,0.278876,NZL,2026-06-22 03:00,70.97,0.079725,0.100032,0.041,0.0,0.067,0.053,0.041,-0.0332566783680104,0.043,54.903,0.776464,0.737641,IRN,2026-06-27 05:00,70.97,0.06756,0.090466,0.046,0.0,0.067,0.062,0.044,-0.0315528751380936,0.043,54.903,0.705645,0.635081,1.760985,43616,973,2500000,MID,False,,2.5,1.521,0.3857808857808857,1.1045215384615383,1.521,1.305903,0.45,True,1.35,emam ashour,egy,MID,emam ashour|egy|MID,emam ashour|egy,ashour emam|egy,,,,,,,,,,,,,,,,,
john_stones__eng,John Stones,ENG,England,DEF,4000000,4000000,0.7454,transfermarkt_availability_split_2026_06_01,0.067764,1.441276,1.441276,49307,England,4000000,True,True,name_team_position,1.0,0.008,0.013,0.003,CRO,2026-06-17 22:00,74.718,0.010718,0.010944,0.003,0.0,0.039,0.062,0.029,-0.0202794565497503,0.007,35.521,0.138861,0.138861,GHA,2026-06-23 22:00,74.718,0.01458,0.014062,0.003,0.0,0.039,0.045,0.029,-0.0191414036414473,0.007,35.521,0.155525,0.147748,PAN,2026-06-27 23:00,74.718,0.010935,0.010938,0.003,0.0,0.039,0.034,0.027,-0.0217156728678874,0.007,35.521,0.108708,0.097837,0.404538,30772,769,4000000,DEF,False,,4.0,0.268,0.9253554502369667,1.8968306161137456,0.268,0.465686,0.45,True,1.35,john stones,eng,DEF,john stones|eng|DEF,john stones|eng,john stones|eng,,,,,,,,,,,,,,,,,
antoine_semenyo__gha,Antoine Semenyo,GHA,Ghana,FWD,4000000,4000000,0.8635,transfermarkt_availability_split_2026_06_01,0.0785,1.441094,1.441094,48849,Ghana,4000000,True,True,name_team_position,1.0,0.033,0.048,0.027,PAN,2026-06-18 01:00,70.988,0.060547,0.056499,0.037,0.0,0.065,0.078,0.042,-0.0311045056130703,0.04,53.234,0.51258,0.51258,ENG,2026-06-23 22:00,70.988,0.02025,0.02304,0.029,0.0,0.065,0.038,0.036,-0.0353310479176227,0.04,53.234,0.192789,0.18315,CRO,2026-06-27 23:00,70.988,0.021136,0.02522,0.03,0.0,0.065,0.041,0.037,-0.0348667336883007,0.04,53.234,0.208337,0.187504,0.912911,43292,770,4000000,FWD,False,,4.0,1.098,0.7598566308243727,2.635501935483872,1.098,1.247481,0.45,True,1.35,antoine semenyo,gha,FWD,antoine semenyo|gha|FWD,antoine semenyo|gha,antoine semenyo|gha,,,,,,,,,,,,,,,,,
amar_dedi__bih,Amar Dedic,BIH,Bosnien-Hercegovina,DEF,3000000,3000000,0.8054,transfermarkt_availability_split_2026_06_01,0.073218,1.433711,1.433711,48816,Bosnien-Hercegovina,3000000,True,True,name_team_position,1.0,0.012,0.018,0.005,CAN,2026-06-12 21:00,75.228,0.010028,0.012317,0.007,0.076451,0.074,0.042,0.047,-0.0430136611731553,0.056,66.745,0.300298,0.300298,SUI,2026-06-18 21:00,75.228,0.008438,0.01088,0.007,0.057263,0.074,0.053,0.047,-0.043336723197656,0.056,66.745,0.25491,0.242164,QAT,2026-06-24 21:00,75.228,0.032187,0.031254,0.008,0.28931,0.074,0.077,0.053,-0.0377848741681814,0.056,66.745,1.005581,0.905023,1.560789,39935,882,3000000,DEF,False,,3.0,1.486,0.7085308056872038,1.452374786729859,1.486,1.317166,0.45,True,1.35,amar dedic,bih,DEF,amar dedic|bih|DEF,amar dedic|bih,amar dedic|bih,,,,,,,,,,,,,,,,,
jeremie_frimpong__ned,Jeremie Frimpong,NED,Holland,DEF,4000000,4000000,0.4459,transfermarkt_availability_split_2026_06_01,0.040536,1.433387,1.433387,49268,Holland,4000000,True,True,name_team_position,1.0,0.008,0.018,0.003,JPN,2026-06-14 22:00,74.673,0.013142,0.019519,0.004,0.0,0.056,0.069,0.041,-0.0283831152628054,0.031,50.252,0.198026,0.198026,SWE,2026-06-20 19:00,74.673,0.015954,0.023988,0.004,0.0,0.056,0.06,0.041,-0.0281038968763103,0.031,50.252,0.219584,0.208605,TUN,2026-06-26 01:00,74.673,0.015478,0.020923,0.004,0.0,0.056,0.048,0.038,-0.0308740281128433,0.031,50.252,0.189763,0.170787,0.607373,40239,593,4000000,DEF,False,,4.0,0.443,0.9253554502369667,1.8968306161137456,0.443,0.596936,0.45,True,1.35,jeremie frimpong,ned,DEF,jeremie frimpong|ned|DEF,jeremie frimpong|ned,frimpong jeremie|ned,,,,,,,,,,,,,,,,,
michel_aebischer__sui,Michel Aebischer,SUI,Schweiz,MID,2500000,2500000,0.5181,transfermarkt_availability_split_2026_06_01,0.0471,1.428724,1.428724,49559,Schweiz,2500000,True,True,name_team_position,1.0,0.027,0.043,0.02,QAT,2026-06-13 21:00,70.742,0.05103,0.048438,0.02,0.0,0.051,0.094,0.032,-0.0255707020250225,0.021,41.865,0.490893,0.490893,BIH,2026-06-18 21:00,70.742,0.055984,0.053241,0.023,0.0,0.051,0.05,0.034,-0.0234546236933925,0.021,41.865,0.493188,0.468529,CAN,2026-06-24 21:00,70.742,0.04161,0.042365,0.023,0.0,0.051,0.048,0.034,-0.0240468770592368,0.021,41.865,0.386098,0.347488,1.371604,37112,583,2500000,MID,False,,2.5,0.915,0.3857808857808857,1.1045215384615383,0.915,0.851403,0.45,True,1.35,michel aebischer,sui,MID,michel aebischer|sui|MID,michel aebischer|sui,aebischer michel|sui,,,,,,,,,,,,,,,,,
ali_abdi__tun,Ali Abdi,TUN,Tunesien,DEF,3000000,3000000,0.6291,transfermarkt_availability_split_2026_06_01,0.057191,1.428574,1.428574,48793,Tunesien,3000000,True,True,name_team_position,1.0,0.026,0.046,0.011,SWE,2026-06-15 04:00,75.636,0.02741,0.037687,0.017,0.141609,0.082,0.031,0.053,-0.0472480519851881,0.067,74.055,0.627813,0.627813,JPN,2026-06-21 06:00,75.636,0.029594,0.040854,0.019,0.150585,0.082,0.079,0.058,-0.043517126463811,0.067,74.055,0.728896,0.692451,NED,2026-06-26 01:00,75.636,0.025875,0.0352,0.019,0.106998,0.082,0.074,0.057,-0.0447321428305702,0.067,74.055,0.586513,0.527862,1.943222,43370,976,3000000,DEF,False,,3.0,2.931,0.7085308056872038,1.452374786729859,2.931,2.400916,0.45,True,1.35,ali abdi,tun,DEF,ali abdi|tun|DEF,ali abdi|tun,abdi ali|tun,,,,,,,,,,,,,,,,,
david_raum__ger,David Raum,GER,Tyskland,DEF,4500000,4500000,0.6701,transfermarkt_availability_split_2026_06_01,0.060918,1.427257,1.427257,48996,Tyskland,4500000,True,True,name_team_position,1.0,0.006,0.009,0.003,CUW,2026-06-14 19:00,74.486,0.012758,0.010938,0.003,0.0,0.046,0.122,0.035,-0.021590256618682,0.017,41.742,0.218772,0.218772,CIV,2026-06-20 22:00,74.486,0.011934,0.010392,0.003,0.0,0.046,0.05,0.034,-0.0232755699813421,0.017,41.742,0.137504,0.130629,ECU,2026-06-25 22:00,74.486,0.009657,0.008523,0.002,0.0,0.046,0.04,0.031,-0.0257482155475189,0.017,41.742,0.101763,0.091587,0.458039,40813,589,4500000,DEF,False,,4.5,0.334,0.9727488151658767,1.9939794312796224,0.334,0.528743,0.45,True,1.35,david raum,ger,DEF,david raum|ger|DEF,david raum|ger,david raum|ger,,,,,,,,,,,,,,,,,
eliesse_ben_seghir__mar,Eliesse Ben Seghir,MAR,Marokko,MID,3000000,3000000,0.6689,transfermarkt_availability_split_2026_06_01,0.060809,1.426044,1.426044,49056,Marokko,3000000,True,True,name_team_position,1.0,0.032,0.05,0.026,BRA,2026-06-14 00:00,70.36,0.01125,0.01408,0.016,0.0,0.034,0.004,0.02,-0.0178627467908912,-0.003,27.666,0.083627,0.083627,SCO,2026-06-20 00:00,70.36,0.028797,0.027982,0.017,0.0,0.034,0.025,0.021,-0.0172143218772722,-0.003,27.666,0.236717,0.224881,HAI,2026-06-25 00:00,70.36,0.049208,0.045312,0.021,0.0,0.034,0.036,0.023,-0.0146133790257708,-0.003,27.666,0.410363,0.369326,0.731941,46174,974,3000000,MID,False,,3.0,0.558,0.6713286713286714,1.9220676923076925,0.558,0.705896,0.45,True,1.35,eliesse ben seghir,mar,MID,eliesse ben seghir|mar|MID,eliesse ben seghir|mar,ben eliesse seghir|mar,,,,,,,,,,,,,,,,,
deniz_g_l__tur,Deniz Gül,TUR,Tyrkiet,FWD,2500000,2500000,0.5475,transfermarkt_availability_split_2026_06_01,0.049773,1.425779,1.425779,49009,Tyrkiet,2500000,True,True,name_team_position,1.0,0.094,0.054,0.137,AUS,2026-06-14 06:00,66.36,0.09537,0.034438,0.093,0.0,0.022,0.049,0.021,-0.0179541565681137,0.002,28.648,0.60984,0.60984,PAR,2026-06-20 06:00,66.36,0.093509,0.034533,0.11,0.0,0.022,0.033,0.023,-0.0163916884132685,0.002,28.648,0.607243,0.576881,USA,2026-06-26 04:00,66.36,0.072542,0.02859,0.105,0.0,0.022,0.03,0.022,-0.0169541600996255,0.002,28.648,0.495984,0.446385,1.713067,43170,586,2500000,FWD,False,,2.5,1.42,0.2939068100358423,1.0193922580645165,1.42,1.228993,0.45,True,1.35,deniz gul,tur,FWD,deniz gul|tur|FWD,deniz gul|tur,deniz gul|tur,,,,,,,,,,,,,,,,,
wout_weghorst__ned,Wout Weghorst,NED,Holland,FWD,3000000,3000000,0.7055,transfermarkt_availability_split_2026_06_01,0.064136,1.423942,1.423942,49952,Holland,3000000,True,True,name_team_position,1.0,0.071,0.038,0.083,JPN,2026-06-14 22:00,66.36,0.030227,0.010979,0.026,0.0,0.009,0.015,0.009,-0.00626084433308,-0.03,11.085,0.158584,0.158584,SWE,2026-06-20 19:00,66.36,0.036694,0.0127,0.027,0.0,0.009,0.013,0.009,-0.0061992533894294,-0.03,11.085,0.188677,0.179243,TUN,2026-06-26 01:00,66.36,0.034395,0.010461,0.023,0.0,0.009,0.011,0.008,-0.0068102983819734,-0.03,11.085,0.165153,0.148637,0.512414,36664,593,3000000,FWD,False,,3.0,0.333,0.507168458781362,1.759073225806452,0.333,0.532737,0.45,True,1.35,wout weghorst,ned,FWD,wout weghorst|ned|FWD,wout weghorst|ned,weghorst wout|ned,,,,,,,,,,,,,,,,,
malo_gusto__fra,Malo Gusto,FRA,Frankrig,DEF,4000000,4000000,0.6615,transfermarkt_availability_split_2026_06_01,0.060136,1.423004,1.423004,49482,Frankrig,4000000,True,True,name_team_position,1.0,0.007,0.011,0.003,SEN,2026-06-16 21:00,74.36,0.010935,0.009375,0.003,0.0,0.035,0.065,0.025,-0.0176608429421525,0.0,31.268,0.134074,0.134074,IRQ,2026-06-22 23:00,74.36,0.012758,0.009375,0.003,0.0,0.035,0.041,0.026,-0.0165614699177731,0.0,31.268,0.123112,0.116956,NOR,2026-06-26 21:00,74.36,0.007779,0.006922,0.002,0.0,0.035,0.03,0.024,-0.0191935812693925,0.0,31.268,0.069246,0.062322,0.327896,43605,592,4000000,DEF,False,,4.0,0.215,0.9253554502369667,1.8968306161137456,0.215,0.425936,0.45,True,1.35,malo gusto,fra,DEF,malo gusto|fra|DEF,malo gusto|fra,gusto malo|fra,,,,,,,,,,,,,,,,,
n_lson_semedo__por,Nelson Semedo,POR,Portugal,DEF,4000000,4000000,0.5609,transfermarkt_availability_split_2026_06_01,0.050991,1.422066,1.422066,49635,Portugal,4000000,True,True,name_team_position,1.0,0.007,0.013,0.003,COD,2026-06-17 19:00,74.673,0.01458,0.015625,0.003,0.0,0.045,0.092,0.033,-0.0221831012577251,0.015,40.465,0.210172,0.210172,UZB,2026-06-23 19:00,74.673,0.01458,0.015625,0.003,0.0,0.045,0.053,0.034,-0.0214036238921147,0.015,40.465,0.172951,0.164304,COL,2026-06-28 01:30,74.673,0.008695,0.009362,0.002,0.0,0.045,0.037,0.03,-0.025307480939686,0.015,40.465,0.093949,0.084554,0.477072,33555,585,4000000,DEF,False,,4.0,0.335,0.9253554502369667,1.8968306161137456,0.335,0.515936,0.45,True,1.35,nelson semedo,por,DEF,nelson semedo|por|DEF,nelson semedo|por,nelson semedo|por,,,,,,,,,,,,,,,,,
mohamed_el_shenawy__egy,Mohamed El-Shennawy,EGY,Egypten,GK,3000000,3000000,0.7849,transfermarkt_availability_split_2026_06_01,0.071355,1.414858,1.414858,49577,Egypten,3000000,True,True,name_team_position,1.0,0.001,0.0,0.0,BEL,2026-06-15 21:00,80.197,0.0,0.0,0.0,0.064872,0.023,0.015,0.048,-0.0442238313194214,0.052,67.887,0.229418,0.229418,NZL,2026-06-22 03:00,80.197,0.0,0.0,0.0,0.271848,0.023,0.066,0.051,-0.041121738321334,0.052,67.887,0.866053,0.82275,IRN,2026-06-27 05:00,80.197,0.0,0.0,0.0,0.232338,0.023,0.076,0.054,-0.039014993029565,0.052,67.887,0.770531,0.693478,1.867148,36402,973,3000000,GK,False,0.972972972972973,3.0,1.537,0.503125,0.8897765624999998,1.537,1.247086,0.45,True,1.35,mohamed el shennawy,egy,GK,mohamed el shennawy|egy|GK,mohamed el shennawy|egy,el mohamed shennawy|egy,,,,,,,,,,,,,,,,,
a_ssa_mandi__alg,Aissa Mandi,ALG,Algeriet,DEF,3000000,3000000,0.8309,transfermarkt_availability_split_2026_06_01,0.075536,1.414284,1.414284,48755,Algeriet,3000000,True,True,name_team_position,1.0,0.01,0.017,0.004,ARG,2026-06-17 03:00,75.435,0.007312,0.01024,0.005,0.056048,0.075,-0.007,0.047,-0.044160368519577,0.057,67.423,0.180737,0.180737,JOR,2026-06-23 05:00,75.435,0.025216,0.02517,0.006,0.254718,0.075,0.066,0.051,-0.0406877503652765,0.057,67.423,0.851498,0.808923,AUT,2026-06-28 04:00,75.435,0.013195,0.015907,0.006,0.129002,0.075,0.073,0.053,-0.0395793289523791,0.057,67.423,0.485116,0.436604,1.517351,32103,761,3000000,DEF,False,,3.0,1.48,0.7085308056872038,1.452374786729859,1.48,1.312666,0.45,True,1.35,aissa mandi,alg,DEF,aissa mandi|alg|DEF,aissa mandi|alg,aissa mandi|alg,,,,,,,,,,,,,,,,,
dami_n_bobadilla__par,Damian Bobadilla,PAR,Paraguay,MID,2500000,2500000,0.6848,transfermarkt_availability_split_2026_06_01,0.062255,1.404205,1.404205,48976,Paraguay,2500000,True,True,name_team_position,1.0,0.057,0.077,0.036,USA,2026-06-13 03:00,71.228,0.047104,0.04822,0.04,0.0,0.064,0.03,0.037,-0.0338409333305156,0.038,52.082,0.427339,0.427339,TUR,2026-06-20 06:00,71.228,0.054835,0.054161,0.042,0.0,0.064,0.044,0.037,-0.0332937377742429,0.038,52.082,0.500364,0.475346,AUS,2026-06-26 04:00,71.228,0.103058,0.090096,0.051,0.0,0.064,0.059,0.041,-0.0298989106346065,0.038,52.082,0.880679,0.792611,1.809339,49610,778,2500000,MID,False,,2.5,1.786,0.3857808857808857,1.1045215384615383,1.786,1.504653,0.45,True,1.35,damian bobadilla,par,MID,damian bobadilla|par|MID,damian bobadilla|par,bobadilla damian|par,,,,,,,,,,,,,,,,,
ziyad_al_johani__ksa,Ziyad Al-Johani,KSA,Saudi-Arabien,MID,2500000,2500000,0.6287,transfermarkt_availability_split_2026_06_01,0.057155,1.403897,1.403897,49996,Saudi-Arabien,2500000,True,True,name_team_position,1.0,0.052,0.09,0.049,URU,2026-06-16 00:00,71.636,0.053437,0.07296,0.088,0.085569,0.086,0.011,0.054,-0.0418581475608446,0.068,70.203,0.579207,0.579207,ESP,2026-06-21 18:00,71.636,0.041063,0.05632,0.067,0.054538,0.086,0.048,0.046,-0.0471067313346091,0.068,70.203,0.470168,0.44666,CPV,2026-06-27 02:00,71.636,0.091574,0.108796,0.08,0.191684,0.086,0.064,0.051,-0.0434377177817579,0.068,70.203,0.91782,0.826038,1.967195,49628,977,2500000,MID,False,,2.5,2.385,0.3857808857808857,1.1045215384615383,2.385,1.953903,0.45,True,1.35,ziyad al johani,ksa,MID,ziyad al johani|ksa|MID,ziyad al johani|ksa,al johani ziyad|ksa,,,,,,,,,,,,,,,,,
yasser_ibrahim__egy,Yasser Ibrahim,EGY,Egypten,DEF,2500000,2500000,0.5221,transfermarkt_availability_split_2026_06_01,0.047464,1.401942,1.401942,49960,Egypten,2500000,True,True,name_team_position,1.0,0.02,0.016,0.012,BEL,2026-06-15 21:00,75.31,0.014625,0.009265,0.016,0.047479,0.072,0.014,0.045,-0.0420001393389251,0.053,64.473,0.233999,0.233999,NZL,2026-06-22 03:00,75.31,0.045335,0.022229,0.018,0.20057,0.072,0.063,0.049,-0.0390540278358099,0.053,64.473,0.851897,0.809302,IRN,2026-06-27 05:00,75.31,0.039114,0.020355,0.02,0.171063,0.072,0.072,0.051,-0.0370532153063205,0.053,64.473,0.759034,0.683131,1.846061,49737,973,2500000,DEF,False,,2.5,1.539,0.4372037914691943,0.8961978199052141,1.539,1.279307,0.45,True,1.35,yasser ibrahim,egy,DEF,yasser ibrahim|egy|DEF,yasser ibrahim|egy,ibrahim yasser|egy,,,,,,,,,,,,,,,,,
hicham_boudaoui__alg,Hicham Boudaoui,ALG,Algeriet,MID,2500000,2500000,0.5192,transfermarkt_availability_split_2026_06_01,0.0472,1.392928,1.392928,49184,Algeriet,2500000,True,True,name_team_position,1.0,0.037,0.075,0.027,ARG,2026-06-17 03:00,71.269,0.028125,0.04544,0.035,0.034655,0.077,-0.006,0.044,-0.0410869379468551,0.056,62.731,0.287858,0.287858,JOR,2026-06-23 05:00,71.269,0.091409,0.114661,0.041,0.157608,0.077,0.062,0.047,-0.0378560037087132,0.056,62.731,0.892172,0.847563,AUT,2026-06-28 04:00,71.269,0.048898,0.074513,0.044,0.080149,0.077,0.068,0.049,-0.0368247251361512,0.056,62.731,0.571204,0.514084,1.751234,49703,761,2500000,MID,False,,2.5,1.688,0.3857808857808857,1.1045215384615383,1.688,1.431153,0.45,True,1.35,hicham boudaoui,alg,MID,hicham boudaoui|alg|MID,hicham boudaoui|alg,boudaoui hicham|alg,,,,,,,,,,,,,,,,,
kerim_alajbegovi__bih,Kerim Alajbegovic,BIH,Bosnien-Hercegovina,MID,3500000,3500000,0.873,transfermarkt_availability_split_2026_06_01,0.079364,1.391486,1.391486,49387,Bosnien-Hercegovina,3500000,True,True,name_team_position,1.0,0.084,0.05,0.112,CAN,2026-06-12 21:00,66.36,0.011283,0.005071,0.023,0.0,0.007,0.006,0.007,-0.0059837613432094,-0.033,9.285,0.061644,0.061644,SUI,2026-06-18 21:00,66.36,0.009562,0.00448,0.023,0.0,0.007,0.007,0.007,-0.0060287034848672,-0.033,9.285,0.052221,0.04961,QAT,2026-06-24 21:00,66.36,0.035405,0.012786,0.029,0.0,0.007,0.011,0.007,-0.0052563688660546,-0.033,9.285,0.217127,0.195414,0.330992,46620,882,3500000,MID,False,,3.5,0.267,0.8263403263403264,2.3658784615384616,0.267,0.554006,0.45,True,1.35,kerim alajbegovic,bih,MID,kerim alajbegovic|bih|MID,kerim alajbegovic|bih,alajbegovic kerim|bih,,,,,,,,,,,,,,,,,
fares_cha_bi__alg,Fares Chaibi,ALG,Algeriet,MID,2500000,2500000,0.7047,transfermarkt_availability_split_2026_06_01,0.064064,1.387542,1.387542,49093,Algeriet,2500000,True,True,name_team_position,1.0,0.046,0.061,0.035,ARG,2026-06-17 03:00,71.166,0.033187,0.03456,0.043,0.017114,0.072,-0.006,0.041,-0.0385340522349993,0.049,58.833,0.286081,0.286081,JOR,2026-06-23 05:00,71.166,0.10717,0.088094,0.05,0.078008,0.072,0.058,0.045,-0.0355038680713255,0.049,58.833,0.894628,0.849897,AUT,2026-06-28 04:00,71.166,0.05666,0.056094,0.054,0.039693,0.072,0.063,0.046,-0.0345366667083195,0.049,58.833,0.557045,0.501341,1.738736,44984,761,2500000,MID,False,,2.5,1.671,0.3857808857808857,1.1045215384615383,1.671,1.418403,0.45,True,1.35,fares chaibi,alg,MID,fares chaibi|alg|MID,fares chaibi|alg,chaibi fares|alg,,,,,,,,,,,,,,,,,
isak_hien__swe,Isak Hien,SWE,Sverige,DEF,2500000,2500000,0.8197,transfermarkt_availability_split_2026_06_01,0.074518,1.386665,1.386665,49221,Sverige,2500000,True,True,name_team_position,1.0,0.011,0.016,0.005,TUN,2026-06-15 04:00,75.591,0.027481,0.023961,0.009,0.340235,0.08,0.111,0.057,-0.0411121610522098,0.064,71.812,1.105174,1.105174,NED,2026-06-20 19:00,75.591,0.009,0.009892,0.007,0.08608,0.08,0.056,0.05,-0.0468487078200061,0.064,71.812,0.323203,0.307043,JPN,2026-06-26 01:00,75.591,0.01248,0.012894,0.008,0.13225,0.08,0.061,0.052,-0.0458704767615341,0.064,71.812,0.463642,0.417277,1.891089,40234,598,2500000,DEF,False,,2.5,1.943,0.4372037914691943,0.8961978199052141,1.943,1.582307,0.45,True,1.35,isak hien,swe,DEF,isak hien|swe|DEF,isak hien|swe,hien isak|swe,,,,,,,,,,,,,,,,,
ibrahim_adel__egy,Ibrahim Adel,EGY,Egypten,MID,3000000,3000000,0.6285,transfermarkt_availability_split_2026_06_01,0.057136,1.378824,1.378824,49202,Egypten,3000000,True,True,name_team_position,1.0,0.033,0.05,0.027,BEL,2026-06-15 21:00,70.477,0.014062,0.017869,0.02,0.0,0.043,0.008,0.024,-0.0227352285832215,0.009,34.9,0.119182,0.119182,NZL,2026-06-22 03:00,70.477,0.045335,0.04168,0.023,0.0,0.043,0.034,0.026,-0.0211404596250884,0.009,34.9,0.379575,0.360596,IRN,2026-06-27 05:00,70.477,0.037928,0.038448,0.025,0.0,0.043,0.039,0.028,-0.0200573934513542,0.009,34.9,0.342927,0.308634,0.840582,49747,973,3000000,MID,False,,3.0,0.72,0.6713286713286714,1.9220676923076925,0.72,0.827396,0.45,True,1.35,ibrahim adel,egy,MID,ibrahim adel|egy|MID,ibrahim adel|egy,adel ibrahim|egy,,,,,,,,,,,,,,,,,
samuel_moutoussamy__cod,Samuel Moutoussamy,COD,Congo DR,MID,3000000,3000000,0.8421,transfermarkt_availability_split_2026_06_01,0.076555,1.378802,1.378802,49820,Congo DR,3000000,True,True,name_team_position,1.0,0.045,0.067,0.035,POR,2026-06-17 19:00,71.213,0.030937,0.03584,0.041,0.007264,0.069,-0.012,0.039,-0.0374681197865683,0.046,56.824,0.269737,0.269737,COL,2026-06-24 04:00,71.213,0.032063,0.03776,0.043,0.009018,0.069,0.046,0.04,-0.0367857257263529,0.046,56.824,0.342809,0.325669,UZB,2026-06-28 01:30,71.213,0.077265,0.079164,0.055,0.028816,0.069,0.067,0.046,-0.0317417232336587,0.046,56.824,0.737075,0.663368,1.350423,52068,1145,3000000,MID,False,,3.0,1.586,0.6713286713286714,1.9220676923076925,1.586,1.476896,0.45,True,1.35,samuel moutoussamy,cod,MID,samuel moutoussamy|cod|MID,samuel moutoussamy|cod,moutoussamy samuel|cod,,,,,,,,,,,,,,,,,
theo_bongonda__cod,Theo Bongonda,COD,Congo DR,MID,3000000,3000000,0.7669,transfermarkt_availability_split_2026_06_01,0.069718,1.37311,1.37311,49888,Congo DR,3000000,True,True,name_team_position,1.0,0.062,0.065,0.052,POR,2026-06-17 19:00,71.057,0.034875,0.0288,0.051,0.0,0.058,-0.01,0.033,-0.0312742465227625,0.03,47.43,0.275501,0.275501,COL,2026-06-24 04:00,71.057,0.036,0.03008,0.053,0.0,0.058,0.038,0.033,-0.0307046593594244,0.03,47.43,0.335535,0.318759,UZB,2026-06-28 01:30,71.057,0.087849,0.063539,0.068,0.0,0.058,0.056,0.038,-0.0264944833933889,0.03,47.43,0.737368,0.663631,1.348404,33061,1145,3000000,MID,False,,3.0,1.597,0.6713286713286714,1.9220676923076925,1.597,1.485146,0.45,True,1.35,theo bongonda,cod,MID,theo bongonda|cod|MID,theo bongonda|cod,bongonda theo|cod,,,,,,,,,,,,,,,,,
renato_veiga__por,Renato Veiga,POR,Portugal,DEF,3500000,3500000,0.5625,transfermarkt_availability_split_2026_06_01,0.051136,1.372482,1.372482,49764,Portugal,3500000,True,True,name_team_position,1.0,0.007,0.013,0.003,COD,2026-06-17 19:00,74.668,0.018225,0.01875,0.004,0.0,0.056,0.114,0.042,-0.0276992416997468,0.031,50.528,0.272901,0.272901,UZB,2026-06-23 19:00,74.668,0.018225,0.01875,0.004,0.0,0.056,0.066,0.042,-0.0267259363129715,0.031,50.528,0.225874,0.21458,COL,2026-06-28 01:30,74.668,0.009937,0.011703,0.003,0.0,0.056,0.046,0.038,-0.0316005423775442,0.031,50.528,0.12513,0.112617,0.623905,43619,585,3500000,DEF,False,,3.5,0.453,0.8530805687203792,1.7486786729857835,0.453,0.583763,0.45,True,1.35,renato veiga,por,DEF,renato veiga|por|DEF,renato veiga|por,renato veiga|por,,,,,,,,,,,,,,,,,
ramy_bensebaini__alg,Ramy Bensebaini,ALG,Algeriet,DEF,3000000,3000000,0.7952,transfermarkt_availability_split_2026_06_01,0.072291,1.372458,1.372458,49749,Algeriet,3000000,True,True,name_team_position,1.0,0.01,0.017,0.004,ARG,2026-06-17 03:00,75.33,0.007312,0.0096,0.005,0.052625,0.074,-0.007,0.046,-0.0436946711512656,0.056,66.712,0.170752,0.170752,JOR,2026-06-23 05:00,75.33,0.02364,0.02517,0.006,0.238799,0.074,0.066,0.051,-0.0402586738221489,0.056,66.712,0.807449,0.767077,AUT,2026-06-28 04:00,75.33,0.012419,0.015907,0.006,0.121369,0.074,0.072,0.052,-0.0391619413727333,0.056,66.712,0.462085,0.415876,1.439322,38805,761,3000000,DEF,False,,3.0,1.409,0.7085308056872038,1.452374786729859,1.409,1.259416,0.45,True,1.35,ramy bensebaini,alg,DEF,ramy bensebaini|alg|DEF,ramy bensebaini|alg,bensebaini ramy|alg,,,,,,,,,,,,,,,,,
tsuyoshi_watanabe__jpn,Tsuyoshi Watanabe,JPN,Japan,DEF,3000000,3000000,0.516,transfermarkt_availability_split_2026_06_01,0.046909,1.369688,1.369688,49912,Japan,3000000,True,True,name_team_position,1.0,0.007,0.012,0.003,NED,2026-06-14 22:00,75.091,0.006557,0.008017,0.004,0.054206,0.07,0.038,0.044,-0.0406377903675482,0.05,62.588,0.208008,0.208008,TUN,2026-06-21 06:00,75.091,0.014757,0.014633,0.004,0.139816,0.07,0.056,0.046,-0.0392091221686359,0.05,62.588,0.486827,0.462486,SWE,2026-06-26 01:00,75.091,0.014376,0.015796,0.005,0.138172,0.07,0.071,0.05,-0.0359107822229462,0.05,62.588,0.507712,0.45694,1.202547,49534,772,3000000,DEF,False,,3.0,0.983,0.7085308056872038,1.452374786729859,0.983,0.939916,0.45,True,1.35,tsuyoshi watanabe,jpn,DEF,tsuyoshi watanabe|jpn|DEF,tsuyoshi watanabe|jpn,tsuyoshi watanabe|jpn,,,,,,,,,,,,,,,,,
lamine_camara__sen,Lamine Camara,SEN,Senegal,MID,3000000,3000000,0.7731,transfermarkt_availability_split_2026_06_01,0.070282,1.363171,1.363171,49420,Senegal,3000000,True,True,name_team_position,1.0,0.032,0.054,0.027,FRA,2026-06-16 21:00,70.608,0.014625,0.0192,0.021,0.0,0.044,-0.001,0.026,-0.0235923527381824,0.012,36.229,0.121133,0.121133,NOR,2026-06-23 02:00,70.608,0.020883,0.02607,0.023,0.0,0.044,0.033,0.027,-0.0227151970060226,0.012,36.229,0.21091,0.200364,IRQ,2026-06-26 21:00,70.608,0.061023,0.061772,0.028,0.0,0.044,0.045,0.03,-0.0197989306878916,0.012,36.229,0.541632,0.487469,0.873675,46177,975,3000000,MID,False,,3.0,0.762,0.6713286713286714,1.9220676923076925,0.762,0.858896,0.45,True,1.35,lamine camara,sen,MID,lamine camara|sen|MID,lamine camara|sen,camara lamine|sen,,,,,,,,,,,,,,,,,
saman_ghoddos__irn,Saman Ghoddos,IRN,Iran,MID,2500000,2500000,0.8236,transfermarkt_availability_split_2026_06_01,0.074873,1.353801,1.353801,49816,Iran,2500000,True,True,name_team_position,1.0,0.048,0.115,0.04,NZL,2026-06-16 03:00,71.282,0.08327,0.125113,0.047,0.0,0.05,0.074,0.034,-0.0224744992344243,0.019,41.151,0.893215,0.893215,BEL,2026-06-21 21:00,71.282,0.024188,0.04608,0.035,0.0,0.05,0.032,0.029,-0.0268946755409326,0.019,41.151,0.297285,0.282421,EGY,2026-06-27 05:00,71.282,0.038202,0.065791,0.037,0.0,0.05,0.035,0.03,-0.0262132667942759,0.019,41.151,0.43317,0.389853,1.622688,33984,883,2500000,MID,False,,2.5,1.579,0.3857808857808857,1.1045215384615383,1.579,1.349403,0.45,True,1.35,saman ghoddos,irn,MID,saman ghoddos|irn|MID,saman ghoddos|irn,ghoddos saman|irn,,,,,,,,,,,,,,,,,
thomas_meunier__bel,Thomas Meunier,BEL,Belgien,DEF,3500000,3500000,0.7556,transfermarkt_availability_split_2026_06_01,0.068691,1.345863,1.345863,49892,Belgien,3500000,True,True,name_team_position,1.0,0.007,0.011,0.003,EGY,2026-06-15 21:00,74.36,0.009544,0.009855,0.002,0.0,0.036,0.058,0.027,-0.0183416902134773,0.003,32.681,0.122487,0.122487,IRN,2026-06-21 21:00,74.36,0.010935,0.010938,0.002,0.0,0.036,0.039,0.027,-0.0182124167263946,0.003,32.681,0.115212,0.109451,NZL,2026-06-27 05:00,74.36,0.009113,0.009375,0.002,0.0,0.036,0.034,0.025,-0.0192828931569258,0.003,32.681,0.09152,0.082368,0.329219,34100,884,3500000,DEF,False,,3.5,0.212,0.8530805687203792,1.7486786729857835,0.212,0.403013,0.45,True,1.35,thomas meunier,bel,DEF,thomas meunier|bel|DEF,thomas meunier|bel,meunier thomas|bel,,,,,,,,,,,,,,,,,
alexander_prass__aut,Alexander Prass,AUT,Østrig,DEF,2500000,2500000,0.6185,transfermarkt_availability_split_2026_06_01,0.056227,1.345139,1.345139,48784,Østrig,2500000,True,True,name_team_position,1.0,0.012,0.018,0.008,JOR,2026-06-17 06:00,75.091,0.03645,0.032813,0.013,0.216225,0.07,0.133,0.052,-0.0333293282194798,0.05,62.588,0.937505,0.937505,ARG,2026-06-22 19:00,75.091,0.008438,0.010307,0.009,0.038035,0.07,0.05,0.044,-0.0406527790209827,0.05,62.588,0.207573,0.197195,ALG,2026-06-28 04:00,75.091,0.020035,0.020013,0.01,0.110323,0.07,0.056,0.046,-0.0393562823095544,0.05,62.588,0.475603,0.428043,1.620681,45595,587,2500000,DEF,False,,2.5,1.295,0.4372037914691943,0.8961978199052141,1.295,1.096307,0.45,True,1.35,alexander prass,aut,DEF,alexander prass|aut|DEF,alexander prass|aut,alexander prass|aut,,,,,,,,,,,,,,,,,
luca_zidane__alg,Luca Zidane,ALG,Algeriet,GK,3000000,3000000,0.5802,transfermarkt_availability_split_2026_06_01,0.052745,1.344667,1.344667,49451,Algeriet,3000000,True,True,name_team_position,1.0,0.001,0.0,0.0,ARG,2026-06-17 03:00,80.33,0.0,0.0,0.0,0.072734,0.024,-0.007,0.05,-0.0465948805726707,0.056,71.14,0.23206,0.23206,JOR,2026-06-23 05:00,80.33,0.0,0.0,0.0,0.329542,0.024,0.07,0.054,-0.0429308208376984,0.056,71.14,1.035787,0.983997,AUT,2026-06-28 04:00,80.33,0.0,0.0,0.0,0.167168,0.024,0.077,0.056,-0.0417612933837948,0.056,71.14,0.591309,0.532178,1.859156,35957,761,3000000,GK,False,,3.0,1.827,0.503125,0.8897765624999998,1.827,1.464586,0.45,True,1.35,luca zidane,alg,GK,luca zidane|alg|GK,luca zidane|alg,luca zidane|alg,,,,,,,,,,,,,,,,,
saeid_ezatolahi__irn,Saeid Ezatolahi,IRN,Iran,MID,2500000,2500000,0.8138,transfermarkt_availability_split_2026_06_01,0.073982,1.343467,1.343467,49811,Iran,2500000,True,True,name_team_position,1.0,0.051,0.076,0.042,NZL,2026-06-16 03:00,71.517,0.097627,0.091228,0.055,0.0,0.056,0.083,0.037,-0.0250759717758113,0.027,45.914,0.882743,0.882743,BEL,2026-06-21 21:00,71.517,0.028687,0.03328,0.041,0.0,0.056,0.036,0.032,-0.0300077931770348,0.027,45.914,0.293267,0.278604,EGY,2026-06-27 05:00,71.517,0.044845,0.048247,0.043,0.0,0.056,0.039,0.033,-0.0292475098745804,0.027,45.914,0.425718,0.383147,1.601728,34879,883,2500000,MID,False,,2.5,1.554,0.3857808857808857,1.1045215384615383,1.554,1.330653,0.45,True,1.35,saeid ezatolahi,irn,MID,saeid ezatolahi|irn|MID,saeid ezatolahi|irn,ezatolahi saeid|irn,,,,,,,,,,,,,,,,,
pau_cubars__esp,Pau Cubarsi,ESP,Spanien,DEF,4000000,4000000,0.6024,transfermarkt_availability_split_2026_06_01,0.054764,1.341673,1.341673,49720,Spanien,4000000,True,True,name_team_position,1.0,0.005,0.009,0.002,CPV,2026-06-15 18:00,74.36,0.009113,0.009375,0.002,0.0,0.037,0.092,0.028,-0.0170968245275598,0.004,33.417,0.154706,0.154706,KSA,2026-06-21 18:00,74.36,0.009113,0.009375,0.002,0.0,0.037,0.044,0.028,-0.017699701738519,0.004,33.417,0.106103,0.100798,URU,2026-06-27 02:00,74.36,0.006482,0.00714,0.002,0.0,0.037,0.032,0.025,-0.0205585555051762,0.004,33.417,0.065753,0.059178,0.327934,44957,595,4000000,DEF,False,,4.0,0.231,0.9253554502369667,1.8968306161137456,0.231,0.437936,0.45,True,1.35,pau cubarsi,esp,DEF,pau cubarsi|esp|DEF,pau cubarsi|esp,cubarsi pau|esp,,,,,,,,,,,,,,,,,
ellyes_skhiri__tun,Ellyes Skhiri,TUN,Tunesien,MID,2500000,2500000,0.8676,transfermarkt_availability_split_2026_06_01,0.078873,1.341558,1.341558,49061,Tunesien,2500000,True,True,name_team_position,1.0,0.058,0.073,0.045,SWE,2026-06-15 04:00,71.636,0.063728,0.062299,0.07,0.112628,0.086,0.03,0.05,-0.0447493515224368,0.067,70.139,0.591788,0.591788,JPN,2026-06-21 06:00,71.636,0.067819,0.068807,0.082,0.11965,0.086,0.075,0.055,-0.0412157349891567,0.067,70.139,0.6973,0.662435,NED,2026-06-26 01:00,71.636,0.059625,0.05888,0.079,0.085072,0.086,0.07,0.054,-0.0423664955436589,0.067,70.139,0.616399,0.554759,1.905487,36529,976,2500000,MID,False,,2.5,2.594,0.3857808857808857,1.1045215384615383,2.594,2.110653,0.45,True,1.35,ellyes skhiri,tun,MID,ellyes skhiri|tun|MID,ellyes skhiri|tun,ellyes skhiri|tun,,,,,,,,,,,,,,,,,
santiago_arias__col,Santiago Arias,COL,Colombia,DEF,3500000,3500000,0.6674,transfermarkt_availability_split_2026_06_01,0.060673,1.339033,1.339033,49823,Colombia,3500000,True,True,name_team_position,1.0,0.009,0.024,0.004,UZB,2026-06-18 04:00,74.819,0.016403,0.025,0.004,0.0,0.046,0.088,0.031,-0.0249264808666948,0.016,41.15,0.241492,0.241492,COD,2026-06-24 04:00,74.819,0.018104,0.027981,0.004,0.0,0.046,0.049,0.033,-0.0231083550877961,0.016,41.15,0.225459,0.214186,POR,2026-06-28 01:30,74.819,0.007057,0.014332,0.004,0.0,0.046,0.043,0.032,-0.0244993780533633,0.016,41.15,0.109839,0.098855,0.57679,32152,879,3500000,DEF,False,,3.5,0.422,0.8530805687203792,1.7486786729857835,0.422,0.560513,0.45,True,1.35,santiago arias,col,DEF,santiago arias|col|DEF,santiago arias|col,arias santiago|col,,,,,,,,,,,,,,,,,
kristoffer_ajer__nor,Kristoffer Ajer,NOR,Norge,DEF,3000000,3000000,0.8028,transfermarkt_availability_split_2026_06_01,0.072982,1.334474,1.334474,49413,Norge,3000000,True,True,name_team_position,1.0,0.009,0.015,0.004,IRQ,2026-06-17 00:00,74.819,0.02187,0.020313,0.005,0.097577,0.066,0.126,0.044,-0.0364583956300431,0.045,59.131,0.52437,0.52437,SEN,2026-06-23 02:00,74.819,0.016788,0.01686,0.005,0.069429,0.066,0.063,0.046,-0.0348359277732008,0.045,59.131,0.362216,0.344105,FRA,2026-06-26 21:00,74.819,0.006798,0.009492,0.005,0.026897,0.066,0.059,0.045,-0.0358848310264564,0.045,59.131,0.180553,0.162497,1.067139,32583,1126,3000000,DEF,False,,3.0,0.878,0.7085308056872038,1.452374786729859,0.878,0.861166,0.45,True,1.35,kristoffer ajer,nor,DEF,kristoffer ajer|nor|DEF,kristoffer ajer|nor,ajer kristoffer|nor,,,,,,,,,,,,,,,,,
yukinari_sugawara__jpn,Yukinari Sugawara,JPN,Japan,DEF,3500000,3500000,0.4631,transfermarkt_availability_split_2026_06_01,0.0421,1.323764,1.323764,49984,Japan,3500000,True,True,name_team_position,1.0,0.023,0.037,0.017,NED,2026-06-14 22:00,70.36,0.011658,0.014431,0.012,0.0,0.038,0.019,0.022,-0.0203156494551968,0.003,31.289,0.110925,0.110925,TUN,2026-06-21 06:00,70.36,0.025088,0.025277,0.013,0.0,0.038,0.028,0.023,-0.019601429463057,0.003,31.289,0.235758,0.22397,SWE,2026-06-26 01:00,70.36,0.026138,0.026732,0.015,0.0,0.038,0.035,0.025,-0.0179525229276708,0.003,31.289,0.259071,0.233164,0.604462,45862,772,3500000,DEF,False,,3.5,0.442,0.8530805687203792,1.7486786729857835,0.442,0.575513,0.45,True,1.35,yukinari sugawara,jpn,DEF,yukinari sugawara|jpn|DEF,yukinari sugawara|jpn,sugawara yukinari|jpn,,,,,,,,,,,,,,,,,
der_milit_o__bra,Eder Militão,BRA,Brasilien,DEF,3000000,3000000,0.6505,transfermarkt_availability_split_2026_06_01,0.059136,1.321896,1.321896,49041,Brasilien,3000000,True,True,name_team_position,1.0,0.009,0.015,0.004,MAR,2026-06-14 00:00,75.087,0.018262,0.01891,0.005,0.0,0.055,0.094,0.04,-0.02839463751187,0.029,49.708,0.250907,0.250907,HAI,2026-06-20 03:00,75.087,0.023693,0.023438,0.005,0.0,0.055,0.067,0.042,-0.0257104053783172,0.029,49.708,0.274762,0.261024,SCO,2026-06-25 00:00,75.087,0.018225,0.01875,0.004,0.0,0.055,0.048,0.038,-0.0305259366073666,0.029,49.708,0.199074,0.179167,0.726186,36944,764,3000000,DEF,False,,3.0,0.481,0.7085308056872038,1.452374786729859,0.481,0.563416,0.45,True,1.35,eder militao,bra,DEF,eder militao|bra|DEF,eder militao|bra,eder militao|bra,,,,,,,,,,,,,,,,,
montassar_talbi__tun,Montassar Talbi,TUN,Tunesien,DEF,3000000,3000000,0.8218,transfermarkt_availability_split_2026_06_01,0.074709,1.319562,1.319562,49604,Tunesien,3000000,True,True,name_team_position,1.0,0.026,0.019,0.011,SWE,2026-06-15 04:00,75.636,0.02741,0.015383,0.017,0.141609,0.082,0.031,0.053,-0.0472480519851881,0.067,74.055,0.560901,0.560901,JPN,2026-06-21 06:00,75.636,0.029594,0.017201,0.019,0.150585,0.082,0.079,0.058,-0.043517126463811,0.067,74.055,0.657937,0.62504,NED,2026-06-26 01:00,75.636,0.025875,0.01472,0.019,0.106998,0.082,0.074,0.057,-0.0447321428305702,0.067,74.055,0.525073,0.472566,1.744531,43372,976,3000000,DEF,False,,3.0,2.664,0.7085308056872038,1.452374786729859,2.664,2.200666,0.45,True,1.35,montassar talbi,tun,DEF,montassar talbi|tun|DEF,montassar talbi|tun,montassar talbi|tun,,,,,,,,,,,,,,,,,
kaishu_sano__jpn,Kaishu Sano,JPN,Japan,MID,2500000,2500000,0.5733,transfermarkt_availability_split_2026_06_01,0.052118,1.316906,1.316906,49369,Japan,2500000,True,True,name_team_position,1.0,0.028,0.052,0.021,NED,2026-06-14 22:00,71.152,0.026959,0.038483,0.027,0.033052,0.073,0.036,0.042,-0.0387002150053857,0.051,59.604,0.294544,0.294544,TUN,2026-06-21 06:00,71.152,0.057554,0.067846,0.029,0.083889,0.073,0.054,0.044,-0.0373396644939235,0.051,59.604,0.558968,0.53102,SWE,2026-06-26 01:00,71.152,0.060117,0.072904,0.034,0.08316,0.073,0.067,0.048,-0.0341985865980895,0.051,59.604,0.612098,0.550889,1.464477,43633,772,2500000,MID,False,,2.5,1.222,0.3857808857808857,1.1045215384615383,1.222,1.081653,0.45,True,1.35,kaishu sano,jpn,MID,kaishu sano|jpn|MID,kaishu sano|jpn,kaishu sano|jpn,,,,,,,,,,,,,,,,,
h_lio_varela__cpv,Helio Varela,CPV,Kap Verde,FWD,2500000,2500000,0.7167,transfermarkt_availability_split_2026_06_01,0.065155,1.312641,1.312641,49177,Kap Verde,2500000,True,True,name_team_position,1.0,0.086,0.123,0.106,ESP,2026-06-15 18:00,67.051,0.045562,0.05184,0.098,0.0,0.038,-0.03,0.031,-0.033392960882291,0.038,49.155,0.403375,0.403375,URU,2026-06-22 00:00,67.051,0.050063,0.05632,0.107,0.0,0.038,0.036,0.033,-0.0323664167636242,0.038,49.155,0.512846,0.487203,KSA,2026-06-27 02:00,67.051,0.105905,0.107906,0.137,0.0,0.038,0.052,0.038,-0.0288257046608457,0.038,49.155,0.945512,0.850961,1.860952,49721,1125,2500000,FWD,False,,2.5,2.248,0.2939068100358423,1.0193922580645165,2.248,1.849993,0.45,True,1.35,helio varela,cpv,FWD,helio varela|cpv|FWD,helio varela|cpv,helio varela|cpv,,,,,,,,,,,,,,,,,
math_as_olivera__uru,Mathias Olivera,URU,Uruguay,DEF,4000000,4000000,0.8379,transfermarkt_availability_split_2026_06_01,0.076173,1.302504,1.302504,49527,Uruguay,4000000,True,True,name_team_position,1.0,0.009,0.013,0.004,KSA,2026-06-16 00:00,74.824,0.014266,0.012293,0.003,0.0,0.046,0.077,0.031,-0.0253627687830766,0.016,41.153,0.178112,0.178112,CPV,2026-06-22 00:00,74.824,0.018225,0.015625,0.004,0.0,0.046,0.052,0.034,-0.0221909548032381,0.016,41.153,0.194034,0.184332,ESP,2026-06-27 02:00,74.824,0.005063,0.005834,0.004,0.0,0.046,0.041,0.032,-0.0249747969703381,0.016,41.153,0.069905,0.062915,0.442051,35783,783,4000000,DEF,False,,4.0,0.341,0.9253554502369667,1.8968306161137456,0.341,0.520436,0.45,True,1.35,mathias olivera,uru,DEF,mathias olivera|uru|DEF,mathias olivera|uru,mathias olivera|uru,,,,,,,,,,,,,,,,,
phillipp_mwene__aut,Phillipp Mwene,AUT,Østrig,DEF,2500000,2500000,0.6568,transfermarkt_availability_split_2026_06_01,0.059709,1.300551,1.300551,49736,Østrig,2500000,True,True,name_team_position,1.0,0.012,0.026,0.008,JOR,2026-06-17 06:00,75.069,0.03645,0.046875,0.012,0.173689,0.068,0.13,0.051,-0.032540214946181,0.048,61.106,0.881901,0.881901,ARG,2026-06-22 19:00,75.069,0.008438,0.014172,0.009,0.030614,0.068,0.049,0.043,-0.0396902739470522,0.048,61.106,0.201805,0.191714,ALG,2026-06-28 04:00,75.069,0.020035,0.028253,0.01,0.08801,0.068,0.055,0.045,-0.0384244734067871,0.048,61.106,0.450167,0.40515,1.533873,36663,587,2500000,DEF,False,,2.5,1.224,0.4372037914691943,0.8961978199052141,1.224,1.043057,0.45,True,1.35,phillipp mwene,aut,DEF,phillipp mwene|aut|DEF,phillipp mwene|aut,mwene phillipp|aut,,,,,,,,,,,,,,,,,
jos_mar_a_gim_nez__uru,Jose Maria Gimenez,URU,Uruguay,DEF,4500000,4500000,0.8283,transfermarkt_availability_split_2026_06_01,0.0753,1.295941,1.295941,49332,Uruguay,4500000,True,True,name_team_position,1.0,0.008,0.012,0.003,KSA,2026-06-16 00:00,74.412,0.010699,0.00922,0.003,0.0,0.038,0.063,0.025,-0.0209213717081621,0.005,33.947,0.128933,0.128933,CPV,2026-06-22 00:00,74.412,0.012758,0.0125,0.003,0.0,0.038,0.043,0.028,-0.0183049894105943,0.005,33.947,0.136743,0.129906,ESP,2026-06-27 02:00,74.412,0.003375,0.004538,0.003,0.0,0.038,0.034,0.026,-0.0206013395154621,0.005,33.947,0.043263,0.038936,0.308939,31235,783,4500000,DEF,False,,4.5,0.236,0.9727488151658767,1.9939794312796224,0.236,0.455243,0.45,True,1.35,jose maria gimenez,uru,DEF,jose maria gimenez|uru|DEF,jose maria gimenez|uru,gimenez jose maria|uru,,,,,,,,,,,,,,,,,
ronald_ara_jo__uru,Ronald Araujo,URU,Uruguay,DEF,4500000,4500000,0.6275,transfermarkt_availability_split_2026_06_01,0.057045,1.295941,1.295941,49792,Uruguay,4500000,True,True,name_team_position,1.0,0.008,0.012,0.003,KSA,2026-06-16 00:00,74.412,0.010699,0.00922,0.003,0.0,0.038,0.063,0.025,-0.0209213717081621,0.005,33.947,0.128933,0.128933,CPV,2026-06-22 00:00,74.412,0.012758,0.0125,0.003,0.0,0.038,0.043,0.028,-0.0183049894105943,0.005,33.947,0.136743,0.129906,ESP,2026-06-27 02:00,74.412,0.003375,0.004538,0.003,0.0,0.038,0.034,0.026,-0.0206013395154621,0.005,33.947,0.043263,0.038936,0.308939,39108,783,4500000,DEF,False,,4.5,0.236,0.9727488151658767,1.9939794312796224,0.236,0.455243,0.45,True,1.35,ronald araujo,uru,DEF,ronald araujo|uru|DEF,ronald araujo|uru,araujo ronald|uru,,,,,,,,,,,,,,,,,
edin_dzeko__bih,Edin Dzeko,BIH,Bosnien-Hercegovina,FWD,4500000,4500000,0.9046,transfermarkt_availability_split_2026_06_01,0.082236,1.292266,1.292266,49043,Bosnien-Hercegovina,4500000,True,True,name_team_position,1.0,,,,CAN,2026-06-12 21:00,,,,,,,,,,,,0.375167,0.375167,SUI,2026-06-18 21:00,,,,,,,,,,,,0.372873,0.354229,QAT,2026-06-24 21:00,,,,,,,,,,,,0.62541,0.562869,,25567,882,4500000,FWD,False,,4.5,0.0,0.8279569892473119,2.871702580645162,0.0,0.461979,0.45,True,1.35,edin dzeko,bih,FWD,edin dzeko|bih|FWD,edin dzeko|bih,dzeko edin|bih,distributed_from_existing_optimizer_ev,,0.2242,0.2337,0.7917,0.8512,0.881,0.1691,0.1883,0.75,0.8,0.8198,0.5653,0.4624,1.2686,1.1919,1.1897
luis_suarez_charris__col,Luis Suarez Charris,COL,Colombia,FWD,4500000,4500000,0.6143,transfermarkt_availability_split_2026_06_01,0.055845,1.292266,1.292266,49463,Colombia,4500000,True,True,name_team_position,1.0,,,,UZB,2026-06-18 04:00,,,,,,,,,,,,0.481488,0.481488,COD,2026-06-24 04:00,,,,,,,,,,,,0.504185,0.478975,POR,2026-06-28 01:30,,,,,,,,,,,,0.36867,0.331803,,39629,879,4500000,FWD,False,,4.5,0.0,0.8279569892473119,2.871702580645162,0.0,0.461979,0.45,True,1.35,luis suarez charris,col,FWD,luis suarez charris|col|FWD,luis suarez charris|col,charris luis suarez|col,distributed_from_existing_optimizer_ev,,0.6646,0.5,1.35,1.25,1.2405,0.6316,0.5376,1.3455,1.2468,1.2913,0.2725,0.25,0.8855,0.9182,0.903
gustavo_puerta__col,Gustavo Puerta,COL,Colombia,MID,2500000,2500000,0.3363,transfermarkt_availability_split_2026_06_01,0.030573,1.288069,1.288069,49160,Colombia,2500000,True,True,name_team_position,1.0,0.038,0.044,0.026,UZB,2026-06-18 04:00,70.387,0.054675,0.039062,0.02,0.0,0.039,0.068,0.024,-0.0193227411756582,0.004,31.899,0.448238,0.448238,COD,2026-06-24 04:00,70.387,0.063364,0.043526,0.023,0.0,0.039,0.038,0.026,-0.0179133495315537,0.004,31.899,0.481485,0.45741,POR,2026-06-28 01:30,70.387,0.025092,0.02192,0.022,0.0,0.039,0.033,0.025,-0.018991655646115,0.004,31.899,0.217228,0.195506,1.148313,44719,879,2500000,MID,False,,2.5,0.802,0.3857808857808857,1.1045215384615383,0.802,0.766653,0.45,True,1.35,gustavo puerta,col,MID,gustavo puerta|col|MID,gustavo puerta|col,gustavo puerta|col,,,,,,,,,,,,,,,,,
davinson_s_nchez__col,Davinson Sanchez,COL,Colombia,DEF,3500000,3500000,0.7666,transfermarkt_availability_split_2026_06_01,0.069691,1.286275,1.286275,48998,Colombia,3500000,True,True,name_team_position,1.0,0.009,0.013,0.004,UZB,2026-06-18 04:00,74.819,0.016403,0.014062,0.004,0.0,0.046,0.088,0.031,-0.0249264808666948,0.016,41.15,0.208678,0.208678,COD,2026-06-24 04:00,74.819,0.018104,0.015545,0.004,0.0,0.046,0.049,0.033,-0.0231083550877961,0.016,41.15,0.188151,0.178743,POR,2026-06-28 01:30,74.819,0.007057,0.007588,0.004,0.0,0.046,0.043,0.032,-0.0244993780533633,0.016,41.15,0.089607,0.080646,0.486436,35790,879,3500000,DEF,False,,3.5,0.358,0.8530805687203792,1.7486786729857835,0.358,0.512513,0.45,True,1.35,davinson sanchez,col,DEF,davinson sanchez|col|DEF,davinson sanchez|col,davinson sanchez|col,,,,,,,,,,,,,,,,,
johan_mojica__col,Johan Mojica,COL,Colombia,DEF,3500000,3500000,0.645,transfermarkt_availability_split_2026_06_01,0.058636,1.286275,1.286275,49302,Colombia,3500000,True,True,name_team_position,1.0,0.009,0.013,0.004,UZB,2026-06-18 04:00,74.819,0.016403,0.014062,0.004,0.0,0.046,0.088,0.031,-0.0249264808666948,0.016,41.15,0.208678,0.208678,COD,2026-06-24 04:00,74.819,0.018104,0.015545,0.004,0.0,0.046,0.049,0.033,-0.0231083550877961,0.016,41.15,0.188151,0.178743,POR,2026-06-28 01:30,74.819,0.007057,0.007588,0.004,0.0,0.046,0.043,0.032,-0.0244993780533633,0.016,41.15,0.089607,0.080646,0.486436,31274,879,3500000,DEF,False,,3.5,0.358,0.8530805687203792,1.7486786729857835,0.358,0.512513,0.45,True,1.35,johan mojica,col,DEF,johan mojica|col|DEF,johan mojica|col,johan mojica|col,,,,,,,,,,,,,,,,,
richie_laryea__can,Richie Laryea,CAN,Canada,DEF,3000000,3000000,0.8983,transfermarkt_availability_split_2026_06_01,0.081664,1.28608,1.28608,49772,Canada,3000000,True,True,name_team_position,1.0,0.012,0.036,0.005,BIH,2026-06-12 21:00,75.112,0.02336,0.042224,0.006,0.0,0.056,0.067,0.04,-0.0282956647934733,0.03,50.04,0.325536,0.325536,QAT,2026-06-19 00:00,75.112,0.02916,0.051563,0.007,0.0,0.056,0.06,0.041,-0.0277526751725124,0.03,50.04,0.383896,0.364702,SUI,2026-06-24 21:00,75.112,0.009608,0.021051,0.005,0.0,0.056,0.042,0.036,-0.0320632570838803,0.03,50.04,0.145738,0.131164,0.85517,42491,1059,3000000,DEF,False,,3.0,0.645,0.7085308056872038,1.452374786729859,0.645,0.686416,0.45,True,1.35,richie laryea,can,DEF,richie laryea|can|DEF,richie laryea|can,laryea richie|can,,,,,,,,,,,,,,,,,
tom_s_ara_jo__por,Tomas Araujo,POR,Portugal,DEF,3500000,3500000,0.536,transfermarkt_availability_split_2026_06_01,0.048727,1.276136,1.276136,49900,Portugal,3500000,True,True,name_team_position,1.0,0.007,0.012,0.003,COD,2026-06-17 19:00,74.36,0.010935,0.010938,0.002,0.0,0.036,0.073,0.027,-0.0177568366720814,0.002,32.391,0.148667,0.148667,UZB,2026-06-23 19:00,74.36,0.010935,0.010938,0.002,0.0,0.036,0.042,0.027,-0.0171328908986784,0.002,32.391,0.118291,0.112377,COL,2026-06-28 01:30,74.36,0.006211,0.007022,0.002,0.0,0.036,0.03,0.024,-0.0202577989617806,0.002,32.391,0.060074,0.054067,0.32843,41884,585,3500000,DEF,False,,3.5,0.226,0.8530805687203792,1.7486786729857835,0.226,0.413513,0.45,True,1.35,tomas araujo,por,DEF,tomas araujo|por|DEF,tomas araujo|por,araujo tomas|por,,,,,,,,,,,,,,,,,
dailon_livramento__cpv,Dailon Livramento,CPV,Kap Verde,FWD,3000000,3000000,0.8309,transfermarkt_availability_split_2026_06_01,0.075536,1.26742,1.26742,48974,Kap Verde,3000000,True,True,name_team_position,1.0,0.082,0.051,0.102,ESP,2026-06-15 18:00,66.88,0.039375,0.0192,0.084,0.0,0.034,-0.027,0.028,-0.029872974957648,0.029,43.974,0.265227,0.265227,URU,2026-06-22 00:00,66.88,0.04275,0.02112,0.092,0.0,0.034,0.032,0.03,-0.0289546398972156,0.029,43.974,0.354405,0.336685,KSA,2026-06-27 02:00,66.88,0.09091,0.040106,0.117,0.0,0.034,0.046,0.034,-0.0257871578535782,0.029,43.974,0.650171,0.585154,1.269803,45964,1125,3000000,FWD,False,,3.0,1.527,0.507168458781362,1.759073225806452,1.527,1.428237,0.45,True,1.35,dailon livramento,cpv,FWD,dailon livramento|cpv|FWD,dailon livramento|cpv,dailon livramento|cpv,,,,,,,,,,,,,,,,,
daniel_mu_oz__col,Daniel Muñoz,COL,Colombia,DEF,4000000,4000000,0.7378,transfermarkt_availability_split_2026_06_01,0.067073,1.266763,1.266763,48982,Colombia,4000000,True,True,name_team_position,1.0,0.008,0.012,0.004,UZB,2026-06-18 04:00,74.409,0.010935,0.009375,0.003,0.0,0.038,0.073,0.026,-0.0205619734674115,0.005,33.945,0.142173,0.142173,COD,2026-06-24 04:00,74.409,0.012672,0.010882,0.003,0.0,0.038,0.04,0.027,-0.0190621928033836,0.005,33.945,0.126616,0.120285,POR,2026-06-28 01:30,74.409,0.005489,0.005901,0.003,0.0,0.038,0.036,0.027,-0.0202096543108268,0.005,33.945,0.063427,0.057085,0.332216,45378,879,4000000,DEF,False,,4.0,0.25,0.9253554502369667,1.8968306161137456,0.25,0.452186,0.45,True,1.35,daniel munoz,col,DEF,daniel munoz|col|DEF,daniel munoz|col,daniel munoz|col,,,,,,,,,,,,,,,,,
rayan_a_t_nouri__alg,Rayan Ait-Nouri,ALG,Algeriet,DEF,3000000,3000000,0.775,transfermarkt_availability_split_2026_06_01,0.070455,1.263488,1.263488,49757,Algeriet,3000000,True,True,name_team_position,1.0,0.01,0.016,0.007,ARG,2026-06-17 03:00,75.206,0.00675,0.00896,0.008,0.041929,0.072,-0.006,0.045,-0.0421498243536166,0.053,64.354,0.145474,0.145474,JOR,2026-06-23 05:00,75.206,0.022065,0.022373,0.01,0.191039,0.072,0.063,0.049,-0.0388353084164125,0.053,64.354,0.683959,0.649762,AUT,2026-06-28 04:00,75.206,0.011642,0.01507,0.01,0.096942,0.072,0.069,0.051,-0.0377773514873913,0.053,64.354,0.401557,0.361401,1.230027,39979,761,3000000,DEF,False,,3.0,1.205,0.7085308056872038,1.452374786729859,1.205,1.106416,0.45,True,1.35,rayan ait nouri,alg,DEF,rayan ait nouri|alg|DEF,rayan ait nouri|alg,ait nouri rayan|alg,,,,,,,,,,,,,,,,,
federico_valverde__uru,Federico Valverde,URU,Uruguay,MID,5500000,5500000,0.88,transfermarkt_availability_split_2026_06_01,0.08,1.261357,1.261357,49096,Uruguay,5500000,True,True,name_team_position,1.0,,,,KSA,2026-06-16 00:00,,,,,,,,,,,,0.482565,0.482565,CPV,2026-06-22 00:00,,,,,,,,,,,,0.513402,0.487732,ESP,2026-06-27 02:00,,,,,,,,,,,,0.3234,0.29106,,35528,783,5500000,MID,False,,5.5,0.0,0.9790209790209792,2.8030153846153847,0.0,0.419119,0.45,True,1.35,federico valverde,uru,MID,federico valverde|uru|MID,federico valverde|uru,federico valverde|uru,distributed_from_existing_optimizer_ev,,0.6308,0.4865,1.3354,1.2396,1.2223,0.654,0.5,1.35,1.25,1.2405,0.1868,0.1717,0.75,0.8051,0.7973
i_aki_williams__gha,Iñaki Williams,GHA,Ghana,FWD,3000000,3000000,0.8226,transfermarkt_availability_split_2026_06_01,0.074782,1.253672,1.253672,49218,Ghana,3000000,True,True,name_team_position,1.0,0.07,0.038,0.096,PAN,2026-06-18 01:00,66.563,0.083735,0.030052,0.087,0.0,0.026,0.05,0.026,-0.0197769920782193,0.011,33.847,0.553319,0.553319,ENG,2026-06-23 22:00,66.563,0.028125,0.01216,0.067,0.0,0.026,0.024,0.023,-0.0224643292349388,0.011,33.847,0.225516,0.21424,CRO,2026-06-27 23:00,66.563,0.029704,0.01295,0.069,0.0,0.026,0.026,0.023,-0.0221691070909402,0.011,33.847,0.238497,0.214647,1.018225,33026,770,3000000,FWD,False,,3.0,1.088,0.507168458781362,1.759073225806452,1.088,1.098987,0.45,True,1.35,inaki williams,gha,FWD,inaki williams|gha|FWD,inaki williams|gha,inaki williams|gha,,,,,,,,,,,,,,,,,
sarpreet_singh__nzl,Sarpreet Singh,NZL,New Zealand,MID,2500000,2500000,0.8456,transfermarkt_availability_split_2026_06_01,0.076873,1.251183,1.251183,49826,New Zealand,2500000,True,True,name_team_position,1.0,0.047,0.108,0.041,IRN,2026-06-16 03:00,71.636,0.045002,0.081054,0.059,0.100097,0.086,0.015,0.048,-0.0458493045586439,0.068,70.203,0.526323,0.526323,EGY,2026-06-22 03:00,71.636,0.04725,0.089713,0.07,0.101567,0.086,0.069,0.053,-0.0424054393144579,0.068,70.203,0.636984,0.605134,BEL,2026-06-27 05:00,71.636,0.045,0.08064,0.067,0.070981,0.086,0.064,0.052,-0.043720075385485,0.068,70.203,0.5882,0.52938,1.751507,38814,776,2500000,MID,False,,2.5,2.448,0.3857808857808857,1.1045215384615383,2.448,2.001153,0.45,True,1.35,sarpreet singh,nzl,MID,sarpreet singh|nzl|MID,sarpreet singh|nzl,sarpreet singh|nzl,,,,,,,,,,,,,,,,,
juan_quintero__col,Juan Quintero,COL,Colombia,MID,2500000,2500000,0.0446,transfermarkt_availability_split_2026_06_01,0.004055,1.247131,1.247131,49350,Colombia,2500000,True,True,name_team_position,1.0,0.031,0.054,0.026,UZB,2026-06-18 04:00,70.369,0.045563,0.046875,0.02,0.0,0.039,0.068,0.024,-0.0192538617938172,0.004,31.786,0.426186,0.426186,COD,2026-06-24 04:00,70.369,0.05069,0.052853,0.023,0.0,0.039,0.038,0.026,-0.0178494941793954,0.004,31.786,0.44616,0.423852,POR,2026-06-28 01:30,70.369,0.020387,0.026979,0.021,0.0,0.039,0.033,0.025,-0.0189239564781165,0.004,31.786,0.207948,0.187153,1.078944,31337,879,2500000,MID,False,,2.5,0.76,0.3857808857808857,1.1045215384615383,0.76,0.735153,0.45,True,1.35,juan quintero,col,MID,juan quintero|col|MID,juan quintero|col,juan quintero|col,,,,,,,,,,,,,,,,,
mat_as_vi_a__uru,Matias Viña,URU,Uruguay,DEF,4000000,4000000,0.7228,transfermarkt_availability_split_2026_06_01,0.065709,1.243127,1.243127,49530,Uruguay,4000000,True,True,name_team_position,1.0,0.008,0.012,0.003,KSA,2026-06-16 00:00,74.36,0.010699,0.00922,0.002,0.0,0.037,0.061,0.025,-0.0202651045823889,0.003,32.882,0.125589,0.125589,CPV,2026-06-22 00:00,74.36,0.012758,0.010938,0.003,0.0,0.037,0.041,0.027,-0.0177307936573056,0.003,32.882,0.128631,0.1222,ESP,2026-06-27 02:00,74.36,0.003375,0.003889,0.003,0.0,0.037,0.033,0.025,-0.0199551112442242,0.003,32.882,0.038962,0.035066,0.291929,41133,783,4000000,DEF,False,,4.0,0.222,0.9253554502369667,1.8968306161137456,0.222,0.431186,0.45,True,1.35,matias vina,uru,DEF,matias vina|uru|DEF,matias vina|uru,matias vina|uru,,,,,,,,,,,,,,,,,
connor_metcalfe__aus,Connor Metcalfe,AUS,Australien,MID,3000000,3000000,0.7886,transfermarkt_availability_split_2026_06_01,0.071691,1.241305,1.241305,48966,Australien,3000000,True,True,name_team_position,1.0,0.045,0.064,0.04,TUR,2026-06-14 06:00,71.287,0.041055,0.046863,0.057,0.0,0.066,0.016,0.042,-0.0318088582693925,0.041,54.242,0.404055,0.404055,USA,2026-06-19 21:00,71.287,0.031413,0.036556,0.046,0.0,0.066,0.043,0.038,-0.0353482077260511,0.041,54.242,0.333385,0.316716,PAR,2026-06-26 04:00,71.287,0.04393,0.046381,0.049,0.0,0.066,0.046,0.039,-0.0344977868669092,0.041,54.242,0.433295,0.389966,1.170003,43230,763,3000000,MID,False,,3.0,1.522,0.6713286713286714,1.9220676923076925,1.522,1.428896,0.45,True,1.35,connor metcalfe,aus,MID,connor metcalfe|aus|MID,connor metcalfe|aus,connor metcalfe|aus,,,,,,,,,,,,,,,,,
lennart_karl__ger,Lennart Karl,GER,Tyskland,MID,5000000,5000000,0.873,transfermarkt_availability_split_2026_06_01,0.079364,1.237331,1.237331,49428,Tyskland,5000000,True,True,name_team_position,1.0,,,,CUW,2026-06-14 19:00,,,,,,,,,,,,0.430152,0.430152,CIV,2026-06-20 22:00,,,,,,,,,,,,0.430419,0.408898,ECU,2026-06-25 22:00,,,,,,,,,,,,0.442535,0.398281,,47730,589,5000000,MID,False,,5.0,0.0,0.9603729603729604,2.749624615384616,0.0,0.411136,0.45,True,1.35,lennart karl,ger,MID,lennart karl|ger|MID,lennart karl|ger,karl lennart|ger,distributed_from_existing_optimizer_ev,,0.9177,0.6881,1.35,1.25,1.45,0.6065,0.4226,1.3057,1.2184,1.136,0.5709,0.411,1.2686,1.1919,1.1204
rodri_hernandez__esp,Rodri Hernandez,ESP,Spanien,MID,5000000,5000000,0.7254,transfermarkt_availability_split_2026_06_01,0.065945,1.237331,1.237331,49786,Spanien,5000000,True,True,name_team_position,1.0,,,,CPV,2026-06-15 18:00,,,,,,,,,,,,0.422219,0.422219,KSA,2026-06-21 18:00,,,,,,,,,,,,0.443722,0.421536,URU,2026-06-27 02:00,,,,,,,,,,,,0.437307,0.393576,,33925,595,5000000,MID,False,,5.0,0.0,0.9603729603729604,2.749624615384616,0.0,0.411136,0.45,True,1.35,rodri hernandez,esp,MID,rodri hernandez|esp|MID,rodri hernandez|esp,hernandez rodri|esp,distributed_from_existing_optimizer_ev,,0.8701,0.625,1.35,1.25,1.4093,0.8484,0.6627,1.35,1.25,1.45,0.5766,0.4226,1.2729,1.1949,1.136
nico_paz__arg,Nico Paz,ARG,Argentina,MID,5000000,5000000,0.4357,transfermarkt_availability_split_2026_06_01,0.039609,1.237331,1.237331,49642,Argentina,5000000,True,True,name_team_position,1.0,,,,ALG,2026-06-17 03:00,,,,,,,,,,,,0.418022,0.418022,AUT,2026-06-22 19:00,,,,,,,,,,,,0.417563,0.396685,JOR,2026-06-28 04:00,,,,,,,,,,,,0.469582,0.422624,,43814,762,5000000,MID,False,,5.0,0.0,0.9603729603729604,2.749624615384616,0.0,0.411136,0.45,True,1.35,nico paz,arg,MID,nico paz|arg|MID,nico paz|arg,nico paz|arg,distributed_from_existing_optimizer_ev,,0.6559,0.5135,1.35,1.25,1.2588,0.5713,0.4226,1.2763,1.1974,1.136,0.8013,0.5774,1.35,1.25,1.3451
maxi_araujo__uru,Maxi Araujo,URU,Uruguay,MID,5000000,5000000,0.8851,transfermarkt_availability_split_2026_06_01,0.080464,1.237331,1.237331,49538,Uruguay,5000000,True,True,name_team_position,1.0,,,,KSA,2026-06-16 00:00,,,,,,,,,,,,0.473373,0.473373,CPV,2026-06-22 00:00,,,,,,,,,,,,0.503623,0.478442,ESP,2026-06-27 02:00,,,,,,,,,,,,0.31724,0.285516,,46304,783,5000000,MID,False,,5.0,0.0,0.9603729603729604,2.749624615384616,0.0,0.411136,0.45,True,1.35,maxi araujo,uru,MID,maxi araujo|uru|MID,maxi araujo|uru,araujo maxi|uru,distributed_from_existing_optimizer_ev,,0.6308,0.4865,1.3354,1.2396,1.2223,0.654,0.5,1.35,1.25,1.2405,0.1868,0.1717,0.75,0.8051,0.7973
an_bal_godoy__pan,Anibal Godoy,PAN,Panama,MID,2500000,2500000,0.8093,transfermarkt_availability_split_2026_06_01,0.073573,1.224906,1.224906,48838,Panama,2500000,True,True,name_team_position,1.0,0.057,0.079,0.046,GHA,2026-06-18 01:00,71.442,0.062103,0.064503,0.065,0.05336,0.075,0.033,0.045,-0.0383347299219208,0.053,61.347,0.586689,0.586689,CRO,2026-06-24 01:00,71.442,0.05175,0.05632,0.073,0.036835,0.075,0.063,0.048,-0.0365416606307889,0.053,61.347,0.553168,0.52551,ENG,2026-06-27 23:00,71.442,0.050625,0.05504,0.071,0.03159,0.075,0.061,0.047,-0.0372297298592165,0.053,61.347,0.538015,0.484214,1.677872,36442,971,2500000,MID,False,,2.5,2.291,0.3857808857808857,1.1045215384615383,2.291,1.883403,0.45,True,1.35,anibal godoy,pan,MID,anibal godoy|pan|MID,anibal godoy|pan,anibal godoy|pan,,,,,,,,,,,,,,,,,
john_souttar__sco,John Souttar,SCO,Skotland,DEF,2500000,2500000,0.516,transfermarkt_availability_split_2026_06_01,0.046909,1.221266,1.221266,49306,Skotland,2500000,True,True,name_team_position,1.0,0.012,0.04,0.005,HAI,2026-06-14 03:00,75.091,0.02916,0.060938,0.006,0.171916,0.07,0.129,0.047,-0.0379298892268666,0.05,62.588,0.860059,0.860059,MAR,2026-06-20 00:00,75.091,0.012453,0.032996,0.007,0.070545,0.07,0.065,0.049,-0.0371704832238659,0.05,62.588,0.392735,0.373098,BRA,2026-06-25 00:00,75.091,0.009562,0.0256,0.007,0.039954,0.07,0.063,0.048,-0.0378411473061893,0.05,62.588,0.28223,0.254007,1.536008,43067,1022,2500000,DEF,False,,2.5,1.484,0.4372037914691943,0.8961978199052141,1.484,1.238057,0.45,True,1.35,john souttar,sco,DEF,john souttar|sco|DEF,john souttar|sco,john souttar|sco,,,,,,,,,,,,,,,,,
waldemar_anton__ger,Waldemar Anton,GER,Tyskland,DEF,3500000,3500000,0.4632,transfermarkt_availability_split_2026_06_01,0.042109,1.219325,1.219325,49937,Tyskland,3500000,True,True,name_team_position,1.0,0.006,0.009,0.003,CUW,2026-06-14 19:00,74.36,0.009113,0.007812,0.002,0.0,0.034,0.09,0.026,-0.0160153017936694,-0.0,30.964,0.146099,0.146099,CIV,2026-06-20 22:00,74.36,0.008525,0.007422,0.002,0.0,0.034,0.037,0.025,-0.0172654398812617,-0.0,30.964,0.086151,0.081843,ECU,2026-06-25 22:00,74.36,0.006437,0.005683,0.002,0.0,0.034,0.029,0.023,-0.0190996082133246,-0.0,30.964,0.056571,0.050914,0.290177,33469,589,3500000,DEF,False,,3.5,0.207,0.8530805687203792,1.7486786729857835,0.207,0.399263,0.45,True,1.35,waldemar anton,ger,DEF,waldemar anton|ger|DEF,waldemar anton|ger,anton waldemar|ger,,,,,,,,,,,,,,,,,
meschak_elia__cod,Meschack Elia,COD,Congo DR,MID,3000000,3000000,0.8113,transfermarkt_availability_split_2026_06_01,0.073755,1.219144,1.219144,49552,Congo DR,3000000,True,True,name_team_position,1.0,0.043,0.063,0.039,POR,2026-06-17 19:00,70.949,0.023625,0.02816,0.038,0.0,0.057,-0.01,0.032,-0.0308898848641569,0.029,46.847,0.203715,0.203715,COL,2026-06-24 04:00,70.949,0.02475,0.0288,0.039,0.0,0.057,0.038,0.033,-0.0303272979483439,0.029,46.847,0.261823,0.248732,UZB,2026-06-28 01:30,70.949,0.060331,0.061455,0.05,0.0,0.057,0.055,0.038,-0.0261688652022817,0.029,46.847,0.574851,0.517366,1.040389,41291,1145,3000000,MID,False,0.96,3.0,1.225,0.6713286713286714,1.9220676923076925,1.225,1.206146,0.45,True,1.35,meschack elia,cod,MID,meschack elia|cod|MID,meschack elia|cod,elia meschack|cod,,,,,,,,,,,,,,,,,
saud_abdulhamid__ksa,Saud Abdulhamid,KSA,Saudi-Arabien,DEF,3000000,3000000,0.586,transfermarkt_availability_split_2026_06_01,0.053273,1.217289,1.217289,49827,Saudi-Arabien,3000000,True,True,name_team_position,1.0,0.014,0.024,0.006,URU,2026-06-16 00:00,75.636,0.0135,0.01856,0.009,0.107817,0.082,0.011,0.057,-0.0441954098701711,0.068,74.123,0.392682,0.392682,ESP,2026-06-21 18:00,75.636,0.010125,0.01408,0.007,0.068447,0.082,0.051,0.049,-0.0497370624428817,0.068,74.123,0.296836,0.281995,CPV,2026-06-27 02:00,75.636,0.023426,0.027199,0.009,0.241418,0.082,0.068,0.054,-0.0458631796449923,0.068,74.123,0.824409,0.741968,1.513247,43340,977,3000000,DEF,False,,3.0,2.116,0.7085308056872038,1.452374786729859,2.116,1.789666,0.45,True,1.35,saud abdulhamid,ksa,DEF,saud abdulhamid|ksa|DEF,saud abdulhamid|ksa,abdulhamid saud|ksa,,,,,,,,,,,,,,,,,
el_hadji_malick_diouf__sen,El Hadji Malick Diouf,SEN,Senegal,DEF,3500000,3500000,0.7414,transfermarkt_availability_split_2026_06_01,0.0674,1.215913,1.215913,49050,Senegal,3500000,True,True,name_team_position,1.0,0.009,0.016,0.005,FRA,2026-06-16 21:00,75.026,0.006188,0.00832,0.006,0.014119,0.065,-0.002,0.041,-0.0378102463694291,0.043,58.063,0.07834,0.07834,NOR,2026-06-23 02:00,75.026,0.008949,0.011405,0.006,0.024919,0.065,0.052,0.043,-0.0364044741386823,0.043,58.063,0.185326,0.17606,IRQ,2026-06-26 21:00,75.026,0.026921,0.026253,0.007,0.08454,0.065,0.072,0.048,-0.0317307245897896,0.043,58.063,0.499542,0.449588,0.763208,48026,975,3500000,DEF,False,,3.5,0.667,0.8530805687203792,1.7486786729857835,0.667,0.744263,0.45,True,1.35,el hadji malick diouf,sen,DEF,el hadji malick diouf|sen|DEF,el hadji malick diouf|sen,diouf el hadji malick|sen,,,,,,,,,,,,,,,,,
noa_lang__ned,Noa Lang,NED,Holland,FWD,3000000,3000000,0.4448,transfermarkt_availability_split_2026_06_01,0.040436,1.215865,1.215865,49663,Holland,3000000,True,True,name_team_position,1.0,0.027,0.048,0.021,JPN,2026-06-14 22:00,70.36,0.011829,0.013419,0.007,0.0,0.014,0.016,0.01,-0.0066477686597796,-0.03,11.77,0.069925,0.069925,SWE,2026-06-20 19:00,70.36,0.014359,0.015522,0.007,0.0,0.014,0.014,0.01,-0.0065823713550162,-0.03,11.77,0.08442,0.080199,TUN,2026-06-26 01:00,70.36,0.013758,0.014945,0.006,0.0,0.014,0.011,0.009,-0.0072311793328294,-0.03,11.77,0.074636,0.067172,0.228981,37100,593,3000000,FWD,False,,3.0,0.158,0.507168458781362,1.759073225806452,0.158,0.401487,0.45,True,1.35,noa lang,ned,FWD,noa lang|ned|FWD,noa lang|ned,lang noa|ned,,,,,,,,,,,,,,,,,
patrick_wimmer__aut,Patrick Wimmer,AUT,Østrig,MID,3000000,3000000,0.5787,start_vs_appearance_context_override_2026_06_04,0.04,1.211958,1.211958,49717,Østrig,3000000,True,True,name_team_position,1.0,0.011,0.024,0.012,JOR,2026-06-17 06:00,74.713,0.023693,0.03125,0.013,0.0,0.048,0.092,0.036,-0.023024103021738,0.019,43.236,0.301191,0.301191,ARG,2026-06-22 19:00,74.713,0.005063,0.009018,0.01,0.0,0.048,0.035,0.031,-0.028083187459866,0.019,43.236,0.071286,0.067722,ALG,2026-06-28 04:00,74.713,0.012522,0.017658,0.011,0.0,0.048,0.039,0.032,-0.0271875596315853,0.019,43.236,0.141396,0.127257,0.513873,41129,587,3000000,MID,False,,3.0,0.457,0.6713286713286714,1.9220676923076925,0.457,0.630146,0.45,True,1.35,patrick wimmer,aut,MID,patrick wimmer|aut|MID,patrick wimmer|aut,patrick wimmer|aut,,,,,,,,,,,,,,,,,
aiden_o_neill__aus,Aiden O'Neill,AUS,Australien,MID,2500000,2500000,0.8854,transfermarkt_availability_split_2026_06_01,0.080491,1.206993,1.206993,48751,Australien,2500000,True,True,name_team_position,1.0,0.048,0.068,0.043,TUR,2026-06-14 06:00,71.577,0.055362,0.063446,0.077,0.105663,0.084,0.021,0.054,-0.0403204173834552,0.065,68.757,0.559828,0.559828,USA,2026-06-19 21:00,71.577,0.041883,0.04897,0.062,0.077988,0.084,0.054,0.048,-0.0448068420815619,0.065,68.757,0.456518,0.433692,PAR,2026-06-26 04:00,71.577,0.058835,0.063246,0.066,0.1194,0.084,0.059,0.049,-0.0437288617371623,0.065,68.757,0.595184,0.535666,1.61153,34802,763,2500000,MID,False,,2.5,2.077,0.3857808857808857,1.1045215384615383,2.077,1.722903,0.45,True,1.35,aiden o neill,aus,MID,aiden o neill|aus|MID,aiden o neill|aus,aiden neill o|aus,,,,,,,,,,,,,,,,,
jaminton_campaz__col,Jaminton Campaz,COL,Colombia,MID,2500000,2500000,0.4631,transfermarkt_availability_split_2026_06_01,0.0421,1.206012,1.206012,49250,Colombia,2500000,True,True,name_team_position,1.0,0.03,0.044,0.026,UZB,2026-06-18 04:00,70.36,0.04374,0.0375,0.02,0.0,0.039,0.067,0.024,-0.0190809197628603,0.004,31.5,0.388119,0.388119,COD,2026-06-24 04:00,70.36,0.05069,0.043526,0.023,0.0,0.039,0.037,0.025,-0.0176891664587545,0.004,31.5,0.416339,0.395522,POR,2026-06-28 01:30,70.36,0.020387,0.02192,0.021,0.0,0.039,0.033,0.025,-0.0187539777225758,0.004,31.5,0.192941,0.173647,0.997399,49462,879,2500000,MID,False,,2.5,0.702,0.3857808857808857,1.1045215384615383,0.702,0.691653,0.45,True,1.35,jaminton campaz,col,MID,jaminton campaz|col|MID,jaminton campaz|col,campaz jaminton|col,,,,,,,,,,,,,,,,,
j_rgen_strand_larsen__nor,Jørgen Strand Larsen,NOR,Norge,FWD,3000000,3000000,0.7453,transfermarkt_availability_split_2026_06_01,0.067755,1.205059,1.205059,49323,Norge,3000000,True,True,name_team_position,1.0,0.075,0.046,0.094,IRQ,2026-06-17 00:00,66.572,0.040095,0.014062,0.026,0.0,0.009,0.025,0.009,-0.007137177984237,-0.029,11.576,0.217429,0.217429,SEN,2026-06-23 02:00,66.572,0.030994,0.012043,0.029,0.0,0.009,0.012,0.009,-0.0068195600071462,-0.029,11.576,0.165285,0.157021,FRA,2026-06-26 21:00,66.572,0.013031,0.00678,0.028,0.0,0.009,0.012,0.009,-0.0070248956802432,-0.029,11.576,0.076439,0.068795,0.459153,43117,1126,3000000,FWD,False,,3.0,0.365,0.507168458781362,1.759073225806452,0.365,0.556737,0.45,True,1.35,jorgen strand larsen,nor,FWD,jorgen strand larsen|nor|FWD,jorgen strand larsen|nor,jorgen larsen strand|nor,,,,,,,,,,,,,,,,,
matheus_nunes__por,Matheus Nunes,POR,Portugal,MID,4500000,4500000,0.5106,transfermarkt_availability_split_2026_06_01,0.046418,1.198289,1.198289,49525,Portugal,4500000,True,True,name_team_position,1.0,,,,COD,2026-06-17 19:00,,,,,,,,,,,,0.422458,0.422458,UZB,2026-06-23 19:00,,,,,,,,,,,,0.445004,0.422754,COL,2026-06-28 01:30,,,,,,,,,,,,0.392307,0.353076,,41210,585,4500000,MID,False,,4.5,0.0,0.93006993006993,2.662864615384616,0.0,0.398163,0.45,True,1.35,matheus nunes,por,MID,matheus nunes|por|MID,matheus nunes|por,matheus nunes|por,distributed_from_existing_optimizer_ev,,0.7338,0.5,1.35,1.25,1.2405,0.7431,0.5,1.35,1.25,1.2405,0.4361,0.3547,1.1145,1.0818,1.0443
fabian_ruiz__esp,Fabian Ruiz,ESP,Spanien,MID,4500000,4500000,0.6746,transfermarkt_availability_split_2026_06_01,0.061327,1.198289,1.198289,49088,Spanien,4500000,True,True,name_team_position,1.0,,,,CPV,2026-06-15 18:00,,,,,,,,,,,,0.408896,0.408896,KSA,2026-06-21 18:00,,,,,,,,,,,,0.429721,0.408235,URU,2026-06-27 02:00,,,,,,,,,,,,0.423508,0.381157,,33624,595,4500000,MID,False,,4.5,0.0,0.93006993006993,2.662864615384616,0.0,0.398163,0.45,True,1.35,fabian ruiz,esp,MID,fabian ruiz|esp|MID,fabian ruiz|esp,fabian ruiz|esp,distributed_from_existing_optimizer_ev,,0.8701,0.625,1.35,1.25,1.4093,0.8484,0.6627,1.35,1.25,1.45,0.5766,0.4226,1.2729,1.1949,1.136
carlos_harvey__pan,Carlos Harvey,PAN,Panama,MID,2500000,2500000,0.6757,transfermarkt_availability_split_2026_06_01,0.061427,1.190545,1.190545,48935,Panama,2500000,True,True,name_team_position,1.0,0.057,0.078,0.056,GHA,2026-06-18 01:00,71.413,0.058362,0.06042,0.074,0.02419,0.071,0.031,0.042,-0.0361371257524603,0.047,57.83,0.559933,0.559933,CRO,2026-06-24 01:00,71.413,0.048938,0.05312,0.083,0.016225,0.071,0.06,0.045,-0.0344468472350823,0.047,57.83,0.533603,0.506923,ENG,2026-06-27 23:00,71.413,0.04725,0.05184,0.081,0.01404,0.071,0.057,0.044,-0.035095471714366,0.047,57.83,0.514675,0.463207,1.608211,50564,971,2500000,MID,False,,2.5,2.179,0.3857808857808857,1.1045215384615383,2.179,1.799403,0.45,True,1.35,carlos harvey,pan,MID,carlos harvey|pan|MID,carlos harvey|pan,carlos harvey|pan,,,,,,,,,,,,,,,,,
danley_jean_jacques__hai,Danley Jean Jacques,HAI,Haiti,MID,3000000,3000000,0.8896,transfermarkt_availability_split_2026_06_01,0.080873,1.187914,1.187914,48988,Haiti,3000000,True,True,name_team_position,1.0,0.057,0.086,0.043,SCO,2026-06-14 03:00,71.665,0.047813,0.05696,0.063,0.022676,0.072,-0.0,0.045,-0.0355775358975661,0.049,59.124,0.459367,0.459367,BRA,2026-06-20 03:00,71.665,0.036562,0.04352,0.048,0.013812,0.072,0.039,0.038,-0.0398765951667091,0.049,59.124,0.375493,0.356719,MAR,2026-06-25 00:00,71.665,0.037687,0.0448,0.049,0.015675,0.072,0.041,0.039,-0.0393987329178139,0.049,59.124,0.389436,0.350493,1.224296,51977,1129,3000000,MID,False,,3.0,1.847,0.6713286713286714,1.9220676923076925,1.847,1.672646,0.45,True,1.35,danley jean jacques,hai,MID,danley jean jacques|hai|MID,danley jean jacques|hai,danley jacques jean|hai,,,,,,,,,,,,,,,,,
alexis_saelemaekers__bel,Alexis Saelemaekers,BEL,Belgien,FWD,4000000,4000000,0.5565,transfermarkt_availability_split_2026_06_01,0.050591,1.185976,1.185976,48791,Belgien,4000000,True,True,name_team_position,1.0,,,,EGY,2026-06-15 21:00,,,,,,,,,,,,0.378159,0.378159,IRN,2026-06-21 21:00,,,,,,,,,,,,0.424058,0.402855,NZL,2026-06-27 05:00,,,,,,,,,,,,0.449957,0.404962,,40734,884,4000000,FWD,False,,4.0,0.0,0.7598566308243727,2.635501935483872,0.0,0.423981,0.45,True,1.35,alexis saelemaekers,bel,FWD,alexis saelemaekers|bel|FWD,alexis saelemaekers|bel,alexis saelemaekers|bel,distributed_from_existing_optimizer_ev,,0.566,0.3923,1.2612,1.1865,1.0951,0.6655,0.5,1.35,1.25,1.2405,0.7346,0.5135,1.35,1.25,1.2588
christian_pulisic__usa,Christian Pulisic,USA,USA,FWD,4000000,4000000,0.817,transfermarkt_availability_split_2026_06_01,0.074273,1.185976,1.185976,48960,USA,4000000,True,True,name_team_position,1.0,,,,PAR,2026-06-13 03:00,,,,,,,,,,,,0.401651,0.401651,AUS,2026-06-19 21:00,,,,,,,,,,,,0.449532,0.427055,TUR,2026-06-26 04:00,,,,,,,,,,,,0.396967,0.35727,,33879,784,4000000,FWD,False,,4.0,0.0,0.7598566308243727,2.635501935483872,0.0,0.423981,0.45,True,1.35,christian pulisic,usa,FWD,christian pulisic|usa|FWD,christian pulisic|usa,christian pulisic|usa,distributed_from_existing_optimizer_ev,,0.4761,0.411,1.1552,1.1109,1.1204,0.5448,0.4226,1.2373,1.1695,1.136,0.3714,0.2766,1.0099,1.0071,0.9389
folarin_balogun__usa,Folarin Balogun,USA,USA,FWD,4000000,4000000,0.8342,transfermarkt_availability_split_2026_06_01,0.075836,1.185976,1.185976,49116,USA,4000000,True,True,name_team_position,1.0,,,,PAR,2026-06-13 03:00,,,,,,,,,,,,0.401651,0.401651,AUS,2026-06-19 21:00,,,,,,,,,,,,0.449532,0.427055,TUR,2026-06-26 04:00,,,,,,,,,,,,0.396967,0.35727,,41148,784,4000000,FWD,False,,4.0,0.0,0.7598566308243727,2.635501935483872,0.0,0.423981,0.45,True,1.35,folarin balogun,usa,FWD,folarin balogun|usa|FWD,folarin balogun|usa,balogun folarin|usa,distributed_from_existing_optimizer_ev,,0.4761,0.411,1.1552,1.1109,1.1204,0.5448,0.4226,1.2373,1.1695,1.136,0.3714,0.2766,1.0099,1.0071,0.9389
igor_thiago__bra,Igor Thiago,BRA,Brasilien,FWD,4000000,4000000,0.873,transfermarkt_availability_split_2026_06_01,0.079364,1.185976,1.185976,49214,Brasilien,4000000,True,True,name_team_position,1.0,,,,MAR,2026-06-14 00:00,,,,,,,,,,,,0.381466,0.381466,HAI,2026-06-20 03:00,,,,,,,,,,,,0.427053,0.405701,SCO,2026-06-25 00:00,,,,,,,,,,,,0.443122,0.39881,,45870,764,4000000,FWD,False,,4.0,0.0,0.7598566308243727,2.635501935483872,0.0,0.423981,0.45,True,1.35,igor thiago,bra,FWD,igor thiago|bra|FWD,igor thiago|bra,igor thiago|bra,distributed_from_existing_optimizer_ev,,0.5861,0.4624,1.2885,1.2061,1.1897,0.8975,0.6453,1.35,1.25,1.4367,0.6691,0.5,1.35,1.25,1.2405
nico_gonzalez__arg,Nico Gonzalez,ARG,Argentina,FWD,4000000,4000000,0.6713,transfermarkt_availability_split_2026_06_01,0.061027,1.185976,1.185976,49640,Argentina,4000000,True,True,name_team_position,1.0,,,,ALG,2026-06-17 03:00,,,,,,,,,,,,0.400672,0.400672,AUT,2026-06-22 19:00,,,,,,,,,,,,0.400233,0.380221,JOR,2026-06-28 04:00,,,,,,,,,,,,0.450093,0.405083,,36749,762,4000000,FWD,False,,4.0,0.0,0.7598566308243727,2.635501935483872,0.0,0.423981,0.45,True,1.35,nico gonzalez,arg,FWD,nico gonzalez|arg|FWD,nico gonzalez|arg,gonzalez nico|arg,distributed_from_existing_optimizer_ev,,0.6559,0.5135,1.35,1.25,1.2588,0.5713,0.4226,1.2763,1.1974,1.136,0.8013,0.5774,1.35,1.25,1.3451
memphis_depay__ned,Memphis Depay,NED,Holland,FWD,4000000,4000000,0.8226,transfermarkt_availability_split_2026_06_01,0.074782,1.185976,1.185976,49547,Holland,4000000,True,True,name_team_position,1.0,,,,JPN,2026-06-14 22:00,,,,,,,,,,,,0.36861,0.36861,SWE,2026-06-20 19:00,,,,,,,,,,,,0.422985,0.401835,TUN,2026-06-26 01:00,,,,,,,,,,,,0.461701,0.415531,,32312,593,4000000,FWD,False,,4.0,0.0,0.7598566308243727,2.635501935483872,0.0,0.423981,0.45,True,1.35,memphis depay,ned,FWD,memphis depay|ned|FWD,memphis depay|ned,depay memphis|ned,distributed_from_existing_optimizer_ev,,0.4788,0.3373,1.1464,1.1045,1.021,0.5726,0.4226,1.2631,1.1879,1.136,0.6094,0.4624,1.3114,1.2225,1.1897
emil_holm__swe,Emil Holm,SWE,Sverige,DEF,2500000,2500000,0.7883,transfermarkt_availability_split_2026_06_01,0.071664,1.184893,1.184893,49998,Sverige,2500000,True,True,name_team_position,1.0,0.044,0.052,0.032,TUN,2026-06-15 04:00,70.977,0.082443,0.061795,0.042,0.0,0.059,0.075,0.039,-0.0278671803463737,0.032,48.676,0.781176,0.781176,NED,2026-06-20 19:00,70.977,0.026437,0.025061,0.033,0.0,0.059,0.038,0.034,-0.0317556011749596,0.032,48.676,0.280049,0.266047,JPN,2026-06-26 01:00,70.977,0.035971,0.032235,0.034,0.0,0.059,0.041,0.035,-0.0310925238608713,0.032,48.676,0.364438,0.327995,1.425663,37456,598,2500000,DEF,False,,2.5,1.297,0.4372037914691943,0.8961978199052141,1.297,1.097807,0.45,True,1.35,emil holm,swe,DEF,emil holm|swe|DEF,emil holm|swe,emil holm|swe,,,,,,,,,,,,,,,,,
santiago_bueno__uru,Santiago Bueno,URU,Uruguay,DEF,3500000,3500000,0.3621,transfermarkt_availability_split_2026_06_01,0.032918,1.184022,1.184022,49824,Uruguay,3500000,True,True,name_team_position,1.0,0.008,0.013,0.004,KSA,2026-06-16 00:00,74.617,0.010699,0.010756,0.003,0.0,0.038,0.063,0.025,-0.0209100849136088,0.005,33.929,0.133552,0.133552,CPV,2026-06-22 00:00,74.617,0.01458,0.0125,0.003,0.0,0.038,0.043,0.028,-0.0182951141185886,0.005,33.929,0.147685,0.140301,ESP,2026-06-27 02:00,74.617,0.003938,0.004538,0.003,0.0,0.038,0.034,0.026,-0.0205902253739097,0.005,33.929,0.046652,0.041987,0.327889,42610,783,3500000,DEF,False,,3.5,0.246,0.8530805687203792,1.7486786729857835,0.246,0.428513,0.45,True,1.35,santiago bueno,uru,DEF,santiago bueno|uru|DEF,santiago bueno|uru,bueno santiago|uru,,,,,,,,,,,,,,,,,
oliver_baumann__ger,Oliver Baumann,GER,Tyskland,GK,5000000,5000000,0.342,transfermarkt_availability_split_2026_06_01,0.031091,1.178575,1.178575,49680,Tyskland,5000000,True,True,name_team_position,1.0,0.0,0.0,0.0,CUW,2026-06-14 19:00,79.655,0.0,0.0,0.0,0.027332,0.019,0.163,0.047,-0.0288401289209569,0.034,55.759,0.272689,0.272689,CIV,2026-06-20 22:00,79.655,0.0,0.0,0.0,0.018119,0.019,0.067,0.046,-0.0310913599049033,0.034,55.759,0.147642,0.14026,ECU,2026-06-25 22:00,79.655,0.0,0.0,0.0,0.01434,0.019,0.053,0.042,-0.0343943042915238,0.034,55.759,0.115758,0.104182,0.536089,28685,589,5000000,GK,False,,5.0,0.446,0.971875,1.7187609374999997,0.446,0.516727,0.45,True,1.35,oliver baumann,ger,GK,oliver baumann|ger|GK,oliver baumann|ger,baumann oliver|ger,,,,,,,,,,,,,,,,,
nicolas_fonseca__uru,Nicolas Fonseca,URU,Uruguay,MID,2500000,2500000,0.344,transfermarkt_availability_split_2026_06_01,0.031273,1.171078,1.171078,49645,Uruguay,2500000,True,True,name_team_position,1.0,0.03,0.046,0.024,KSA,2026-06-16 00:00,70.425,0.0428,0.038415,0.018,0.0,0.039,0.06,0.024,-0.0198567172045469,0.005,32.219,0.377388,0.377388,CPV,2026-06-22 00:00,70.425,0.052852,0.048438,0.022,0.0,0.039,0.04,0.027,-0.0173734783373019,0.005,32.219,0.447201,0.42484,ESP,2026-06-27 02:00,70.425,0.014062,0.017501,0.02,0.0,0.039,0.032,0.025,-0.019552970928469,0.005,32.219,0.14626,0.131634,0.970849,49761,783,2500000,MID,False,,2.5,0.706,0.3857808857808857,1.1045215384615383,0.706,0.694653,0.45,True,1.35,nicolas fonseca,uru,MID,nicolas fonseca|uru|MID,nicolas fonseca|uru,fonseca nicolas|uru,,,,,,,,,,,,,,,,,
alireza_jahanbakhsh__irn,Alireza Jahanbakhsh,IRN,Iran,FWD,2500000,2500000,0.825,transfermarkt_availability_split_2026_06_01,0.075,1.169648,1.169648,48804,Iran,2500000,True,True,name_team_position,1.0,0.099,0.055,0.136,NZL,2026-06-16 03:00,66.599,0.114855,0.040401,0.108,0.0,0.021,0.049,0.022,-0.0148693584380625,-0.001,27.226,0.722754,0.722754,BEL,2026-06-21 21:00,66.599,0.03375,0.01472,0.08,0.0,0.021,0.021,0.019,-0.0177937922675039,-0.001,27.226,0.259366,0.246398,EGY,2026-06-27 05:00,66.599,0.05232,0.021053,0.085,0.0,0.021,0.023,0.02,-0.0173429652750452,-0.001,27.226,0.361096,0.324986,1.342225,32238,883,2500000,FWD,False,,2.5,1.294,0.2939068100358423,1.0193922580645165,1.294,1.134493,0.45,True,1.35,alireza jahanbakhsh,irn,FWD,alireza jahanbakhsh|irn|FWD,alireza jahanbakhsh|irn,alireza jahanbakhsh|irn,,,,,,,,,,,,,,,,,
aymen_dahmen__tun,Aymen Dahmen,TUN,Tunesien,GK,3000000,3000000,0.5017,transfermarkt_availability_split_2026_06_01,0.045609,1.166971,1.166971,48875,Tunesien,3000000,True,True,name_team_position,1.0,0.001,0.0,0.0,SWE,2026-06-15 04:00,80.636,0.0,0.0,0.0,0.177835,0.026,0.033,0.056,-0.0503714275636273,0.067,78.951,0.577567,0.577567,JPN,2026-06-21 06:00,80.636,0.0,0.0,0.0,0.18969,0.026,0.084,0.062,-0.0463938658071288,0.067,78.951,0.671738,0.638151,NED,2026-06-26 01:00,80.636,0.0,0.0,0.0,0.134624,0.026,0.079,0.061,-0.0476892019392094,0.067,78.951,0.510258,0.459232,1.759563,43367,976,3000000,GK,False,,3.0,2.729,0.503125,0.8897765624999998,2.729,2.141086,0.45,True,1.35,aymen dahmen,tun,GK,aymen dahmen|tun|GK,aymen dahmen|tun,aymen dahmen|tun,,,,,,,,,,,,,,,,,
gabriel_gudmundsson__swe,Gabriel Gudmundsson,SWE,Sverige,DEF,3000000,3000000,0.6853,transfermarkt_availability_split_2026_06_01,0.0623,1.164271,1.164271,49125,Sverige,3000000,True,True,name_team_position,1.0,0.01,0.015,0.005,TUN,2026-06-15 04:00,75.228,0.021985,0.020178,0.007,0.139511,0.069,0.096,0.049,-0.0354224025128125,0.049,61.873,0.595946,0.595946,NED,2026-06-20 19:00,75.228,0.007312,0.007914,0.006,0.035105,0.069,0.049,0.043,-0.0403650341683074,0.049,61.873,0.18248,0.173356,JPN,2026-06-26 01:00,75.228,0.009543,0.010476,0.006,0.053879,0.069,0.052,0.044,-0.0395221863729866,0.049,61.873,0.249698,0.224728,1.027191,35174,598,3000000,DEF,False,,3.0,1.052,0.7085308056872038,1.452374786729859,1.052,0.991666,0.45,True,1.35,gabriel gudmundsson,swe,DEF,gabriel gudmundsson|swe|DEF,gabriel gudmundsson|swe,gabriel gudmundsson|swe,,,,,,,,,,,,,,,,,
niko_sigur__can,Niko Sigur,CAN,Canada,MID,2500000,2500000,0.7463,transfermarkt_availability_split_2026_06_01,0.067845,1.162182,1.162182,49654,Canada,2500000,True,True,name_team_position,1.0,0.025,0.039,0.012,BIH,2026-06-12 21:00,75.467,0.06132,0.059379,0.019,0.221648,0.072,0.087,0.052,-0.0368018345593893,0.053,65.083,0.586935,0.586935,QAT,2026-06-19 00:00,75.467,0.076545,0.071875,0.02,0.29646,0.072,0.078,0.053,-0.0360956127991331,0.053,65.083,0.694254,0.659542,SUI,2026-06-24 21:00,75.467,0.02439,0.029147,0.016,0.079529,0.072,0.055,0.047,-0.0417020307262159,0.053,65.083,0.266689,0.24002,1.547878,49454,1059,2500000,MID,False,,2.5,2.144,0.3857808857808857,1.1045215384615383,2.144,1.773153,0.45,True,1.35,niko sigur,can,MID,niko sigur|can|MID,niko sigur|can,niko sigur|can,,,,,,,,,,,,,,,,,
dayne_st_clair__can,Dayne St. Clair,CAN,Canada,GK,3500000,3500000,0.2689,transfermarkt_availability_split_2026_06_01,0.024445,1.161346,1.161346,48999,Canada,3500000,True,True,name_team_position,1.0,0.001,0.0,0.0,BIH,2026-06-12 21:00,80.242,0.0,0.0,0.0,0.079914,0.02,0.078,0.047,-0.033177339909017,0.038,58.673,0.333582,0.333582,QAT,2026-06-19 00:00,80.242,0.0,0.0,0.0,0.107272,0.02,0.071,0.048,-0.032540671664847,0.038,58.673,0.404821,0.38458,SUI,2026-06-24 21:00,80.242,0.0,0.0,0.0,0.028855,0.02,0.049,0.042,-0.0375949314718864,0.038,58.673,0.152199,0.136979,0.890602,43143,1059,3500000,GK,False,,3.5,0.674,0.684375,1.2103171874999996,0.674,0.63382,0.45,True,1.35,dayne st clair,can,GK,dayne st clair|can|GK,dayne st clair|can,clair dayne st|can,,,,,,,,,,,,,,,,,
cristian_mart_nez__pan,Cristian Martinez,PAN,Panama,MID,2500000,2500000,0.709,name+team,0.066,1.160103,1.160103,48967,Panama,2500000,True,True,name_team_position,1.0,0.065,0.093,0.053,GHA,2026-06-18 01:00,71.186,0.058362,0.06287,0.061,0.0,0.062,0.027,0.037,-0.0315473652590886,0.035,50.485,0.546873,0.546873,CRO,2026-06-24 01:00,71.186,0.048938,0.05504,0.069,0.0,0.062,0.052,0.039,-0.0300717682749072,0.035,50.485,0.512738,0.487101,ENG,2026-06-27 23:00,71.186,0.047813,0.05376,0.067,0.0,0.062,0.05,0.039,-0.0306380112435405,0.035,50.485,0.498707,0.448836,1.557628,36446,971,2500000,MID,False,,2.5,2.139,0.3857808857808857,1.1045215384615383,2.139,1.769403,0.45,True,1.35,cristian martinez,pan,MID,cristian martinez|pan|MID,cristian martinez|pan,cristian martinez|pan,,,,,,,,,,,,,,,,,
julian_ryerson__nor,Julian Ryerson,NOR,Norge,DEF,3500000,3500000,0.7228,transfermarkt_availability_split_2026_06_01,0.065709,1.15852,1.15852,49354,Norge,3500000,True,True,name_team_position,1.0,0.009,0.015,0.004,IRQ,2026-06-17 00:00,74.819,0.018225,0.017188,0.004,0.0,0.056,0.107,0.037,-0.0309226538095082,0.03,50.153,0.251991,0.251991,SEN,2026-06-23 02:00,74.819,0.014205,0.014452,0.004,0.0,0.056,0.053,0.039,-0.0295465369786061,0.03,50.153,0.169039,0.160587,FRA,2026-06-26 21:00,74.819,0.005666,0.008136,0.004,0.0,0.056,0.05,0.038,-0.0304361776668366,0.03,50.153,0.093968,0.084571,0.514998,38507,1126,3500000,DEF,False,,3.5,0.442,0.8530805687203792,1.7486786729857835,0.442,0.575513,0.45,True,1.35,julian ryerson,nor,DEF,julian ryerson|nor|DEF,julian ryerson|nor,julian ryerson|nor,,,,,,,,,,,,,,,,,
kristijan_jaki__cro,Kristijan Jakic,CRO,Kroatien,DEF,3500000,3500000,0.3298,transfermarkt_availability_split_2026_06_01,0.029982,1.153413,1.153413,49412,Kroatien,3500000,True,True,name_team_position,1.0,0.009,0.031,0.003,ENG,2026-06-17 22:00,74.529,0.00349,0.011033,0.002,0.0,0.041,0.01,0.026,-0.0238433445569785,0.009,36.914,0.036196,0.036196,PAN,2026-06-24 01:00,74.529,0.012366,0.025933,0.003,0.0,0.041,0.034,0.027,-0.0228801816192281,0.009,36.914,0.161115,0.153059,GHA,2026-06-27 23:00,74.529,0.012385,0.028963,0.003,0.0,0.041,0.045,0.03,-0.0202865992500502,0.009,36.914,0.186912,0.168221,0.382999,41365,588,3500000,DEF,False,,3.5,0.294,0.8530805687203792,1.7486786729857835,0.294,0.464513,0.45,True,1.35,kristijan jakic,cro,DEF,kristijan jakic|cro|DEF,kristijan jakic|cro,jakic kristijan|cro,,,,,,,,,,,,,,,,,
ali_alipour__irn,Ali Alipour,IRN,Iran,FWD,2500000,2500000,0.6615,transfermarkt_availability_split_2026_06_01,0.060136,1.148938,1.148938,48796,Iran,2500000,True,True,name_team_position,1.0,0.092,0.051,0.127,NZL,2026-06-16 03:00,66.36,0.110547,0.039098,0.104,0.0,0.022,0.051,0.023,-0.0153377997477966,0.001,28.084,0.701144,0.701144,BEL,2026-06-21 21:00,66.36,0.032625,0.01408,0.077,0.0,0.022,0.022,0.02,-0.0183543643587374,0.001,28.084,0.252386,0.239766,EGY,2026-06-27 05:00,66.36,0.050658,0.020176,0.082,0.0,0.022,0.024,0.02,-0.0178893346024076,0.001,28.084,0.350271,0.315244,1.303801,49525,883,2500000,FWD,False,,2.5,1.258,0.2939068100358423,1.0193922580645165,1.258,1.107493,0.45,True,1.35,ali alipour,irn,FWD,ali alipour|irn|FWD,ali alipour|irn,ali alipour|irn,,,,,,,,,,,,,,,,,
kenan_yildiz__tur,Kenan Yildiz,TUR,Tyrkiet,MID,4000000,4000000,0.8953,transfermarkt_availability_split_2026_06_01,0.081391,1.148736,1.148736,49381,Tyrkiet,4000000,True,True,name_team_position,1.0,,,,AUS,2026-06-14 06:00,,,,,,,,,,,,0.416608,0.416608,PAR,2026-06-20 06:00,,,,,,,,,,,,0.40293,0.382783,USA,2026-06-26 04:00,,,,,,,,,,,,0.388161,0.349345,,44855,586,4000000,MID,False,,4.0,0.0,0.8916083916083916,2.5527461538461536,0.0,0.381698,0.45,True,1.35,kenan yildiz,tur,MID,kenan yildiz|tur|MID,kenan yildiz|tur,kenan yildiz|tur,distributed_from_existing_optimizer_ev,,0.5184,0.411,1.2113,1.1509,1.1204,0.4216,0.375,1.102,1.0729,1.0718,0.3572,0.2766,0.9901,0.9929,0.9389
hakan_calhanoglu__tur,Hakan Calhanoglu,TUR,Tyrkiet,MID,4000000,4000000,0.8632,transfermarkt_availability_split_2026_06_01,0.078473,1.148736,1.148736,49164,Tyrkiet,4000000,True,True,name_team_position,1.0,,,,AUS,2026-06-14 06:00,,,,,,,,,,,,0.416608,0.416608,PAR,2026-06-20 06:00,,,,,,,,,,,,0.40293,0.382783,USA,2026-06-26 04:00,,,,,,,,,,,,0.388161,0.349345,,31164,586,4000000,MID,False,,4.0,0.0,0.8916083916083916,2.5527461538461536,0.0,0.381698,0.45,True,1.35,hakan calhanoglu,tur,MID,hakan calhanoglu|tur|MID,hakan calhanoglu|tur,calhanoglu hakan|tur,distributed_from_existing_optimizer_ev,,0.5184,0.411,1.2113,1.1509,1.1204,0.4216,0.375,1.102,1.0729,1.0718,0.3572,0.2766,0.9901,0.9929,0.9389
hans_vanaken__bel,Hans Vanaken,BEL,Belgien,MID,4000000,4000000,0.4318,transfermarkt_availability_split_2026_06_01,0.039255,1.148736,1.148736,49170,Belgien,4000000,True,True,name_team_position,1.0,,,,EGY,2026-06-15 21:00,,,,,,,,,,,,0.366285,0.366285,IRN,2026-06-21 21:00,,,,,,,,,,,,0.410743,0.390206,NZL,2026-06-27 05:00,,,,,,,,,,,,0.435829,0.392246,,34758,884,4000000,MID,False,,4.0,0.0,0.8916083916083916,2.5527461538461536,0.0,0.381698,0.45,True,1.35,hans vanaken,bel,MID,hans vanaken|bel|MID,hans vanaken|bel,hans vanaken|bel,distributed_from_existing_optimizer_ev,,0.566,0.3923,1.2612,1.1865,1.0951,0.6655,0.5,1.35,1.25,1.2405,0.7346,0.5135,1.35,1.25,1.2588
josip_stani_i__cro,Josip Stanisic,CRO,Kroatien,DEF,3500000,3500000,0.6785,transfermarkt_availability_split_2026_06_01,0.061682,1.147329,1.147329,49337,Kroatien,3500000,True,True,name_team_position,1.0,0.008,0.015,0.003,ENG,2026-06-17 22:00,74.463,0.00349,0.004827,0.002,0.0,0.04,0.01,0.026,-0.02349498389463,0.009,36.375,0.018926,0.018926,PAN,2026-06-24 01:00,74.463,0.012366,0.012204,0.003,0.0,0.04,0.034,0.027,-0.0225458931470517,0.009,36.375,0.121262,0.115199,GHA,2026-06-27 23:00,74.463,0.012385,0.013792,0.003,0.0,0.04,0.045,0.03,-0.0199902040386043,0.009,36.375,0.142696,0.128426,0.282884,40407,588,3500000,DEF,False,,3.5,0.206,0.8530805687203792,1.7486786729857835,0.206,0.398513,0.45,True,1.35,josip stanisic,cro,DEF,josip stanisic|cro|DEF,josip stanisic|cro,josip stanisic|cro,,,,,,,,,,,,,,,,,
ram_n_sosa__par,Ramon Sosa,PAR,Paraguay,MID,3000000,3000000,0.8064,transfermarkt_availability_split_2026_06_01,0.073309,1.147111,1.147111,49748,Paraguay,3000000,True,True,name_team_position,1.0,0.034,0.048,0.03,USA,2026-06-13 03:00,70.441,0.017128,0.018972,0.02,0.0,0.039,0.018,0.022,-0.0207430804819355,0.004,31.924,0.146813,0.146813,TUR,2026-06-20 06:00,70.441,0.02016,0.020633,0.021,0.0,0.039,0.027,0.023,-0.0204076724318009,0.004,31.924,0.178291,0.169377,AUS,2026-06-26 04:00,70.441,0.03725,0.035102,0.026,0.0,0.039,0.036,0.025,-0.0183267850079238,0.004,31.924,0.325229,0.292706,0.650333,46132,778,3000000,MID,False,,3.0,0.647,0.6713286713286714,1.9220676923076925,0.647,0.772646,0.45,True,1.35,ramon sosa,par,MID,ramon sosa|par|MID,ramon sosa|par,ramon sosa|par,,,,,,,,,,,,,,,,,
chris_wood__nzl,Chris Wood,NZL,New Zealand,FWD,3500000,3500000,0.8404,transfermarkt_availability_split_2026_06_01,0.0764,1.144425,1.144425,48957,New Zealand,3500000,True,True,name_team_position,1.0,0.084,0.044,0.12,IRN,2026-06-16 03:00,66.36,0.034716,0.014737,0.074,0.0,0.023,0.006,0.02,-0.0193639377800693,0.004,29.65,0.244711,0.244711,EGY,2026-06-22 03:00,66.36,0.036562,0.016189,0.089,0.0,0.023,0.029,0.022,-0.0179094600523632,0.004,29.65,0.297906,0.28301,BEL,2026-06-27 05:00,66.36,0.034875,0.01408,0.085,0.0,0.023,0.027,0.022,-0.0184646818016973,0.004,29.65,0.278275,0.250448,0.820892,24604,776,3500000,FWD,False,,3.5,1.115,0.6577060931899642,2.2812009677419365,1.115,1.203234,0.45,True,1.35,chris wood,nzl,FWD,chris wood|nzl|FWD,chris wood|nzl,chris wood|nzl,,,,,,,,,,,,,,,,,
jan_paul_van_hecke__ned,Jan Paul van Hecke,NED,Holland,DEF,3000000,3000000,0.6122,transfermarkt_availability_split_2026_06_01,0.055655,1.144357,1.144357,49254,Holland,3000000,True,True,name_team_position,1.0,0.008,0.012,0.003,JPN,2026-06-14 22:00,74.754,0.013142,0.013419,0.004,0.0,0.056,0.07,0.041,-0.0286419034735055,0.031,50.71,0.180467,0.180467,SWE,2026-06-20 19:00,74.754,0.01755,0.016934,0.004,0.0,0.056,0.061,0.041,-0.0283601392626368,0.031,50.71,0.208742,0.198305,TUN,2026-06-26 01:00,74.754,0.015478,0.014945,0.004,0.0,0.056,0.049,0.038,-0.0311555276740596,0.031,50.71,0.172547,0.155293,0.561756,40786,593,3000000,DEF,False,,3.0,0.409,0.7085308056872038,1.452374786729859,0.409,0.509416,0.45,True,1.35,jan paul van hecke,ned,DEF,jan paul van hecke|ned|DEF,jan paul van hecke|ned,hecke jan paul van|ned,,,,,,,,,,,,,,,,,
daniel_svensson__swe,Daniel Svensson,SWE,Sverige,DEF,3000000,3000000,0.6394,transfermarkt_availability_split_2026_06_01,0.058127,1.142601,1.142601,48984,Sverige,3000000,True,True,name_team_position,1.0,0.009,0.012,0.004,TUN,2026-06-15 04:00,74.536,0.004123,0.003783,0.001,0.0,0.015,0.02,0.01,-0.007527355978189,-0.029,13.148,0.01556,0.01556,NED,2026-06-20 19:00,74.536,0.001125,0.001319,0.001,0.0,0.015,0.01,0.009,-0.0085776785227007,-0.029,13.148,-0.021871,-0.020777,JPN,2026-06-26 01:00,74.536,0.001469,0.001611,0.001,0.0,0.015,0.011,0.009,-0.0083985710951761,-0.029,13.148,-0.017752,-0.015976,0.0,39625,598,3000000,DEF,False,,3.0,-0.012,0.7085308056872038,1.452374786729859,-0.012,0.193666,0.45,True,1.35,daniel svensson,swe,DEF,daniel svensson|swe|DEF,daniel svensson|swe,daniel svensson|swe,,,,,,,,,,,,,,,,,
willy_semedo__cpv,Willy Semedo,CPV,Kap Verde,FWD,3500000,3500000,0.771,transfermarkt_availability_split_2026_06_01,0.070091,1.141578,1.141578,49948,Kap Verde,3500000,True,True,name_team_position,1.0,0.072,0.044,0.089,ESP,2026-06-15 18:00,66.36,0.023062,0.01152,0.049,0.0,0.023,-0.018,0.019,-0.0200158713953158,0.003,29.464,0.136792,0.136792,URU,2026-06-22 00:00,66.36,0.02475,0.01216,0.054,0.0,0.023,0.022,0.02,-0.0194005568344632,0.003,29.464,0.192079,0.182475,KSA,2026-06-27 02:00,66.36,0.053422,0.022918,0.068,0.0,0.023,0.031,0.023,-0.0172782401478158,0.003,29.464,0.367164,0.330447,0.696807,49722,1125,3500000,FWD,False,,3.5,0.849,0.6577060931899642,2.2812009677419365,0.849,1.003734,0.45,True,1.35,willy semedo,cpv,FWD,willy semedo|cpv|FWD,willy semedo|cpv,semedo willy|cpv,,,,,,,,,,,,,,,,,
israel_reyes__mex,Israel Reyes,MEX,Mexico,DEF,3000000,3000000,0.5345,transfermarkt_availability_split_2026_06_01,0.048591,1.135844,1.135844,49231,Mexico,3000000,True,True,name_team_position,1.0,0.008,0.014,0.003,RSA,2026-06-11 21:00,74.425,0.01458,0.014062,0.003,0.0,0.039,0.07,0.029,-0.0194494957523511,0.007,35.218,0.180217,0.180217,KOR,2026-06-19 03:00,74.425,0.012066,0.012171,0.003,0.0,0.039,0.042,0.029,-0.0198113698239977,0.007,35.218,0.131098,0.124543,CZE,2026-06-25 03:00,74.425,0.009615,0.010085,0.003,0.0,0.039,0.033,0.026,-0.0218191799900809,0.007,35.218,0.096126,0.086513,0.408846,49567,775,3000000,DEF,False,,3.0,0.279,0.7085308056872038,1.452374786729859,0.279,0.411916,0.45,True,1.35,israel reyes,mex,DEF,israel reyes|mex|DEF,israel reyes|mex,israel reyes|mex,,,,,,,,,,,,,,,,,
lucas_hern_ndez__fra,Lucas Hernandez,FRA,Frankrig,DEF,3000000,3000000,0.6898,transfermarkt_availability_split_2026_06_01,0.062709,1.129039,1.129039,49456,Frankrig,3000000,True,True,name_team_position,1.0,0.007,0.011,0.003,SEN,2026-06-16 21:00,74.36,0.010935,0.009375,0.003,0.0,0.035,0.066,0.026,-0.0178708410746395,0.001,31.64,0.136864,0.136864,IRQ,2026-06-22 23:00,74.36,0.012758,0.009375,0.003,0.0,0.035,0.041,0.027,-0.0167583958383174,0.001,31.64,0.124915,0.118669,NOR,2026-06-26 21:00,74.36,0.007779,0.006922,0.002,0.0,0.035,0.031,0.024,-0.019421804590075,0.001,31.64,0.071018,0.063916,0.331344,31760,592,3000000,DEF,False,,3.0,0.219,0.7085308056872038,1.452374786729859,0.219,0.366916,0.45,True,1.35,lucas hernandez,fra,DEF,lucas hernandez|fra|DEF,lucas hernandez|fra,hernandez lucas|fra,,,,,,,,,,,,,,,,,
nestory_irankunda__aus,Nestory Irankunda,AUS,Australien,FWD,3500000,3500000,0.5879,transfermarkt_availability_split_2026_06_01,0.053445,1.125877,1.125877,49636,Australien,3500000,True,True,name_team_position,1.0,0.075,0.059,0.037,TUR,2026-06-14 06:00,70.954,0.05163,0.032444,0.04,0.0,0.05,0.012,0.032,-0.0239709318561078,0.019,40.877,0.332881,0.332881,USA,2026-06-19 21:00,70.954,0.038975,0.02552,0.032,0.0,0.05,0.032,0.028,-0.0266381607117298,0.019,40.877,0.266822,0.253481,PAR,2026-06-26 04:00,70.954,0.054913,0.032888,0.034,0.0,0.05,0.035,0.029,-0.0259972895339322,0.019,40.877,0.359319,0.323387,0.959022,46456,763,3500000,FWD,False,,3.5,1.493,0.6577060931899642,2.2812009677419365,1.493,1.486734,0.45,True,1.35,nestory irankunda,aus,FWD,nestory irankunda|aus|FWD,nestory irankunda|aus,irankunda nestory|aus,,,,,,,,,,,,,,,,,
piero_hincapi__ecu,Piero Hincapie,ECU,Ecuador,DEF,3500000,3500000,0.8766,transfermarkt_availability_split_2026_06_01,0.079691,1.11932,1.11932,49737,Ecuador,3500000,True,True,name_team_position,1.0,0.009,0.015,0.004,CIV,2026-06-15 01:00,74.819,0.009779,0.010409,0.003,0.0,0.046,0.051,0.03,-0.0261506227212729,0.016,41.15,0.11775,0.11775,CUW,2026-06-21 02:00,74.819,0.018225,0.01875,0.004,0.0,0.046,0.051,0.034,-0.0222897233710852,0.016,41.15,0.20231,0.192195,GER,2026-06-25 22:00,74.819,0.005063,0.006532,0.004,0.0,0.046,0.042,0.032,-0.0248328934408351,0.016,41.15,0.073141,0.065827,0.394358,41183,881,3500000,DEF,False,,3.5,0.324,0.8530805687203792,1.7486786729857835,0.324,0.487013,0.45,True,1.35,piero hincapie,ecu,DEF,piero hincapie|ecu|DEF,piero hincapie|ecu,hincapie piero|ecu,,,,,,,,,,,,,,,,,
nico_elvedi__sui,Nico Elvedi,SUI,Schweiz,DEF,3000000,3000000,0.6095,transfermarkt_availability_split_2026_06_01,0.055409,1.113404,1.113404,49639,Schweiz,3000000,True,True,name_team_position,1.0,0.007,0.011,0.003,QAT,2026-06-13 21:00,74.706,0.012758,0.0125,0.003,0.0,0.048,0.096,0.032,-0.0262369782446699,0.019,42.956,0.189811,0.189811,BIH,2026-06-18 21:00,74.706,0.013572,0.01331,0.003,0.0,0.048,0.051,0.035,-0.024065762878871,0.019,42.956,0.157296,0.149431,CAN,2026-06-24 21:00,74.706,0.010402,0.009684,0.003,0.0,0.048,0.049,0.034,-0.0246734481375621,0.019,42.956,0.123791,0.111411,0.469575,33361,583,3000000,DEF,False,,3.0,0.339,0.7085308056872038,1.452374786729859,0.339,0.456916,0.45,True,1.35,nico elvedi,sui,DEF,nico elvedi|sui|DEF,nico elvedi|sui,elvedi nico|sui,,,,,,,,,,,,,,,,,
merih_demiral__tur,Merih Demiral,TUR,Tyrkiet,DEF,3000000,3000000,0.8407,transfermarkt_availability_split_2026_06_01,0.076427,1.111176,1.111176,49549,Tyrkiet,3000000,True,True,name_team_position,1.0,0.014,0.021,0.007,AUS,2026-06-14 06:00,75.636,0.022009,0.021193,0.007,0.0,0.057,0.086,0.037,-0.031997058585078,0.031,51.054,0.267636,0.267636,PAR,2026-06-20 06:00,75.636,0.021859,0.021871,0.009,0.0,0.057,0.058,0.041,-0.0292125008756565,0.031,51.054,0.249554,0.237077,USA,2026-06-26 04:00,75.636,0.016665,0.017745,0.008,0.0,0.057,0.054,0.04,-0.030214911622858,0.031,51.054,0.19901,0.179109,0.715081,38836,586,3000000,DEF,False,,3.0,0.608,0.7085308056872038,1.452374786729859,0.608,0.658666,0.45,True,1.35,merih demiral,tur,DEF,merih demiral|tur|DEF,merih demiral|tur,demiral merih|tur,,,,,,,,,,,,,,,,,
sofyan_amrabat__mar,Sofyan Amrabat,MAR,Marokko,MID,2500000,2500000,0.6942,transfermarkt_availability_split_2026_06_01,0.063109,1.103985,1.103985,49856,Marokko,2500000,True,True,name_team_position,1.0,0.033,0.051,0.025,BRA,2026-06-14 00:00,70.461,0.014625,0.01792,0.019,0.0,0.042,0.004,0.025,-0.0222694334288517,0.009,34.491,0.119616,0.119616,SCO,2026-06-20 00:00,70.461,0.036651,0.036498,0.02,0.0,0.042,0.032,0.026,-0.0214610440127956,0.009,34.491,0.316288,0.300474,HAI,2026-06-25 00:00,70.461,0.063788,0.057813,0.026,0.0,0.042,0.045,0.029,-0.0182184562763286,0.009,34.491,0.541161,0.487044,0.977065,35689,974,2500000,MID,False,,2.5,0.747,0.3857808857808857,1.1045215384615383,0.747,0.725403,0.45,True,1.35,sofyan amrabat,mar,MID,sofyan amrabat|mar|MID,sofyan amrabat|mar,amrabat sofyan|mar,,,,,,,,,,,,,,,,,
rafik_belghali__alg,Rafik Belghali,ALG,Algeriet,DEF,2500000,2500000,0.8614,transfermarkt_availability_split_2026_06_01,0.078309,1.101742,1.101742,49743,Algeriet,2500000,True,True,name_team_position,1.0,0.01,0.016,0.004,ARG,2026-06-17 03:00,75.278,0.007312,0.0096,0.005,0.049202,0.073,-0.007,0.046,-0.04320092718592,0.055,65.959,0.163715,0.163715,JOR,2026-06-23 05:00,75.278,0.02364,0.023772,0.006,0.22447,0.073,0.065,0.05,-0.0398037561690628,0.055,65.959,0.770186,0.731677,AUT,2026-06-28 04:00,75.278,0.012419,0.01507,0.006,0.113736,0.073,0.071,0.052,-0.0387194166502776,0.055,65.959,0.442224,0.398001,1.376125,48598,761,2500000,DEF,False,,2.5,1.339,0.4372037914691943,0.8961978199052141,1.339,1.129307,0.45,True,1.35,rafik belghali,alg,DEF,rafik belghali|alg|DEF,rafik belghali|alg,belghali rafik|alg,,,,,,,,,,,,,,,,,
marko_stamenic__nzl,Marko Stamenic,NZL,New Zealand,MID,2500000,2500000,0.8985,transfermarkt_availability_split_2026_06_01,0.081682,1.100007,1.100007,49506,New Zealand,2500000,True,True,name_team_position,1.0,0.047,0.067,0.041,IRN,2026-06-16 03:00,71.636,0.045002,0.050106,0.059,0.100097,0.086,0.015,0.048,-0.0458493045586439,0.068,70.203,0.433479,0.433479,EGY,2026-06-22 03:00,71.636,0.04725,0.055312,0.07,0.101567,0.086,0.069,0.053,-0.0424054393144579,0.068,70.203,0.533781,0.507092,BEL,2026-06-27 05:00,71.636,0.045,0.04992,0.067,0.070981,0.086,0.064,0.052,-0.043720075385485,0.068,70.203,0.49604,0.446436,1.4633,39724,776,2500000,MID,False,,2.5,2.048,0.3857808857808857,1.1045215384615383,2.048,1.701153,0.45,True,1.35,marko stamenic,nzl,MID,marko stamenic|nzl|MID,marko stamenic|nzl,marko stamenic|nzl,,,,,,,,,,,,,,,,,
florian_grillitsch__aut,Florian Grillitsch,AUT,Østrig,MID,2500000,2500000,0.7044,transfermarkt_availability_split_2026_06_01,0.064036,1.095476,1.095476,49114,Østrig,2500000,True,True,name_team_position,1.0,0.037,0.056,0.029,JOR,2026-06-17 06:00,70.36,0.060143,0.054688,0.025,0.0,0.036,0.063,0.025,-0.0157665178461265,0.0,29.607,0.526012,0.526012,ARG,2026-06-22 19:00,70.36,0.014062,0.016749,0.019,0.0,0.036,0.024,0.021,-0.0192308936354242,0.0,29.607,0.129326,0.12286,ALG,2026-06-28 04:00,70.36,0.032556,0.031785,0.02,0.0,0.036,0.026,0.022,-0.0186175827878857,0.0,29.607,0.271517,0.244366,0.926855,33371,587,2500000,MID,False,,2.5,0.733,0.3857808857808857,1.1045215384615383,0.733,0.714903,0.45,True,1.35,florian grillitsch,aut,MID,florian grillitsch|aut|MID,florian grillitsch|aut,florian grillitsch|aut,,,,,,,,,,,,,,,,,
jesper_karlstr_m__swe,Jesper Karlström,SWE,Sverige,MID,3000000,3000000,0.5447,transfermarkt_availability_split_2026_06_01,0.049518,1.093884,1.093884,49274,Sverige,3000000,True,True,name_team_position,1.0,0.033,0.047,0.029,TUN,2026-06-15 04:00,70.59,0.034351,0.030267,0.021,0.0,0.033,0.042,0.021,-0.0153569404562431,-0.004,26.824,0.294199,0.294199,NED,2026-06-20 19:00,70.59,0.01125,0.012531,0.016,0.0,0.033,0.021,0.019,-0.0174997567150534,-0.004,26.824,0.095343,0.090576,JPN,2026-06-26 01:00,70.59,0.015416,0.016117,0.017,0.0,0.033,0.023,0.019,-0.0171343505740742,-0.004,26.824,0.130297,0.117267,0.519839,31379,598,3000000,MID,False,,3.0,0.531,0.6713286713286714,1.9220676923076925,0.531,0.685646,0.45,True,1.35,jesper karlstrom,swe,MID,jesper karlstrom|swe|MID,jesper karlstrom|swe,jesper karlstrom|swe,,,,,,,,,,,,,,,,,
alex_arce__par,Alex Arce,PAR,Paraguay,FWD,2500000,2500000,0.601,transfermarkt_availability_split_2026_06_01,0.054636,1.091655,1.091655,48772,Paraguay,2500000,True,True,name_team_position,1.0,0.095,0.043,0.118,USA,2026-06-13 03:00,66.432,0.045676,0.01581,0.078,0.0,0.023,0.017,0.021,-0.0195279998126717,0.004,30.054,0.307606,0.307606,TUR,2026-06-20 06:00,66.432,0.053223,0.018054,0.08,0.0,0.023,0.025,0.021,-0.0192122391740384,0.004,30.054,0.354842,0.3371,AUS,2026-06-26 04:00,66.432,0.100574,0.029252,0.098,0.0,0.023,0.034,0.024,-0.0172532452213778,0.004,30.054,0.609799,0.548819,1.272247,49612,778,2500000,FWD,False,,2.5,1.258,0.2939068100358423,1.0193922580645165,1.258,1.107493,0.45,True,1.35,alex arce,par,FWD,alex arce|par|FWD,alex arce|par,alex arce|par,,,,,,,,,,,,,,,,,
alistair_johnston__can,Alistair Johnston,CAN,Canada,DEF,3000000,3000000,0.8759,transfermarkt_availability_split_2026_06_01,0.079627,1.085234,1.085234,48807,Canada,3000000,True,True,name_team_position,1.0,0.011,0.017,0.005,BIH,2026-06-12 21:00,74.769,0.01606,0.015834,0.005,0.0,0.044,0.053,0.032,-0.0225303845212256,0.014,39.844,0.181332,0.181332,QAT,2026-06-19 00:00,74.769,0.02187,0.01875,0.005,0.0,0.044,0.048,0.032,-0.0220980297756992,0.014,39.844,0.220372,0.209353,SUI,2026-06-24 21:00,74.769,0.006651,0.008096,0.004,0.0,0.044,0.034,0.029,-0.0255303247467564,0.014,39.844,0.075664,0.068097,0.477368,43146,1059,3000000,DEF,False,,3.0,0.36,0.7085308056872038,1.452374786729859,0.36,0.472666,0.45,True,1.35,alistair johnston,can,DEF,alistair johnston|can|DEF,alistair johnston|can,alistair johnston|can,,,,,,,,,,,,,,,,,
elisha_owusu__gha,Elisha Owusu,GHA,Ghana,MID,2500000,2500000,0.5235,transfermarkt_availability_split_2026_06_01,0.047591,1.070371,1.070371,49058,Ghana,2500000,True,True,name_team_position,1.0,0.034,0.049,0.028,PAN,2026-06-18 01:00,71.127,0.069564,0.064913,0.043,0.080546,0.073,0.087,0.047,-0.0347933523327582,0.05,59.547,0.661766,0.661766,ENG,2026-06-23 22:00,71.127,0.023062,0.02688,0.033,0.01838,0.073,0.043,0.04,-0.0395211424921943,0.05,59.547,0.249429,0.236957,CRO,2026-06-27 23:00,71.127,0.024563,0.02931,0.034,0.025393,0.073,0.045,0.041,-0.0390017627992689,0.05,59.547,0.268743,0.241869,1.180818,43290,770,2500000,MID,False,,2.5,1.282,0.3857808857808857,1.1045215384615383,1.282,1.126653,0.45,True,1.35,elisha owusu,gha,MID,elisha owusu|gha|MID,elisha owusu|gha,elisha owusu|gha,,,,,,,,,,,,,,,,,
thomas_partey__gha,Thomas Partey,GHA,Ghana,MID,3000000,3000000,0.778,transfermarkt_availability_split_2026_06_01,0.070727,1.065502,1.065502,49893,Ghana,3000000,True,True,name_team_position,1.0,0.029,0.043,0.024,PAN,2026-06-18 01:00,70.545,0.03607,0.033658,0.022,0.0,0.044,0.053,0.028,-0.0209477386127878,0.011,35.851,0.330376,0.330376,ENG,2026-06-23 22:00,70.545,0.012375,0.01408,0.017,0.0,0.044,0.026,0.024,-0.0237941591453312,0.011,35.851,0.114321,0.108605,CRO,2026-06-27 23:00,70.545,0.012567,0.014995,0.018,0.0,0.044,0.027,0.025,-0.0234814606176315,0.011,35.851,0.121339,0.109205,0.566036,30868,770,3000000,MID,False,,3.0,0.622,0.6713286713286714,1.9220676923076925,0.622,0.753896,0.45,True,1.35,thomas partey,gha,MID,thomas partey|gha|MID,thomas partey|gha,partey thomas|gha,,,,,,,,,,,,,,,,,
yeremy_pino__esp,Yeremy Pino,ESP,Spanien,MID,3500000,3500000,0.6143,transfermarkt_availability_split_2026_06_01,0.055845,1.064645,1.064645,49968,Spanien,3500000,True,True,name_team_position,1.0,,,,CPV,2026-06-15 18:00,,,,,,,,,,,,0.363293,0.363293,KSA,2026-06-21 18:00,,,,,,,,,,,,0.381795,0.362705,URU,2026-06-27 02:00,,,,,,,,,,,,0.376275,0.338647,,40036,595,3500000,MID,False,,3.5,0.0,0.8263403263403264,2.3658784615384616,0.0,0.353756,0.45,True,1.35,yeremy pino,esp,MID,yeremy pino|esp|MID,yeremy pino|esp,pino yeremy|esp,distributed_from_existing_optimizer_ev,,0.8701,0.625,1.35,1.25,1.4093,0.8484,0.6627,1.35,1.25,1.45,0.5766,0.4226,1.2729,1.1949,1.136
marcos_llorente__esp,Marcos Llorente,ESP,Spanien,MID,3500000,3500000,0.5733,transfermarkt_availability_split_2026_06_01,0.052118,1.064645,1.064645,49496,Spanien,3500000,True,True,name_team_position,1.0,,,,CPV,2026-06-15 18:00,,,,,,,,,,,,0.363293,0.363293,KSA,2026-06-21 18:00,,,,,,,,,,,,0.381795,0.362705,URU,2026-06-27 02:00,,,,,,,,,,,,0.376275,0.338647,,33787,595,3500000,MID,False,,3.5,0.0,0.8263403263403264,2.3658784615384616,0.0,0.353756,0.45,True,1.35,marcos llorente,esp,MID,marcos llorente|esp|MID,marcos llorente|esp,llorente marcos|esp,distributed_from_existing_optimizer_ev,,0.8701,0.625,1.35,1.25,1.4093,0.8484,0.6627,1.35,1.25,1.45,0.5766,0.4226,1.2729,1.1949,1.136
exequiel_palacios__arg,Exequiel Palacios,ARG,Argentina,MID,3500000,3500000,0.5437,transfermarkt_availability_split_2026_06_01,0.049427,1.064645,1.064645,49085,Argentina,3500000,True,True,name_team_position,1.0,,,,ALG,2026-06-17 03:00,,,,,,,,,,,,0.359681,0.359681,AUT,2026-06-22 19:00,,,,,,,,,,,,0.359287,0.341322,JOR,2026-06-28 04:00,,,,,,,,,,,,0.404046,0.363641,,38234,762,3500000,MID,False,,3.5,0.0,0.8263403263403264,2.3658784615384616,0.0,0.353756,0.45,True,1.35,exequiel palacios,arg,MID,exequiel palacios|arg|MID,exequiel palacios|arg,exequiel palacios|arg,distributed_from_existing_optimizer_ev,,0.6559,0.5135,1.35,1.25,1.2588,0.5713,0.4226,1.2763,1.1974,1.136,0.8013,0.5774,1.35,1.25,1.3451
franco_mastantuono__arg,Franco Mastantuono,ARG,Argentina,MID,3500000,3500000,0.5967,transfermarkt_availability_split_2026_06_01,0.054245,1.064645,1.064645,49120,Argentina,3500000,True,True,name_team_position,1.0,,,,ALG,2026-06-17 03:00,,,,,,,,,,,,0.359681,0.359681,AUT,2026-06-22 19:00,,,,,,,,,,,,0.359287,0.341322,JOR,2026-06-28 04:00,,,,,,,,,,,,0.404046,0.363641,,48546,762,3500000,MID,False,,3.5,0.0,0.8263403263403264,2.3658784615384616,0.0,0.353756,0.45,True,1.35,franco mastantuono,arg,MID,franco mastantuono|arg|MID,franco mastantuono|arg,franco mastantuono|arg,distributed_from_existing_optimizer_ev,,0.6559,0.5135,1.35,1.25,1.2588,0.5713,0.4226,1.2763,1.1974,1.136,0.8013,0.5774,1.35,1.25,1.3451
weston_mckennie__usa,Weston McKennie,USA,USA,MID,3500000,3500000,0.8215,transfermarkt_availability_split_2026_06_01,0.074682,1.064645,1.064645,49942,USA,3500000,True,True,name_team_position,1.0,,,,PAR,2026-06-13 03:00,,,,,,,,,,,,0.36056,0.36056,AUS,2026-06-19 21:00,,,,,,,,,,,,0.403543,0.383366,TUR,2026-06-26 04:00,,,,,,,,,,,,0.356355,0.32072,,35296,784,3500000,MID,False,,3.5,0.0,0.8263403263403264,2.3658784615384616,0.0,0.353756,0.45,True,1.35,weston mckennie,usa,MID,weston mckennie|usa|MID,weston mckennie|usa,mckennie weston|usa,distributed_from_existing_optimizer_ev,,0.4761,0.411,1.1552,1.1109,1.1204,0.5448,0.4226,1.2373,1.1695,1.136,0.3714,0.2766,1.0099,1.0071,0.9389
fiston_mayele__cod,Fiston Mayele,COD,Congo DR,FWD,3000000,3000000,0.6741,transfermarkt_availability_split_2026_06_01,0.061282,1.061125,1.061125,49113,Congo DR,3000000,True,True,name_team_position,1.0,0.095,0.052,0.122,POR,2026-06-17 19:00,66.637,0.027562,0.01216,0.061,0.0,0.019,-0.005,0.016,-0.0157977456270327,-0.007,23.959,0.17693,0.17693,COL,2026-06-24 04:00,66.637,0.028687,0.0128,0.064,0.0,0.019,0.019,0.017,-0.0155100266851138,-0.007,23.959,0.211638,0.201056,UZB,2026-06-28 01:30,66.637,0.069857,0.026041,0.082,0.0,0.019,0.028,0.019,-0.0133833155297206,-0.007,23.959,0.447168,0.402451,0.834929,52069,1145,3000000,FWD,False,,3.0,0.976,0.507168458781362,1.759073225806452,0.976,1.014987,0.45,True,1.35,fiston mayele,cod,FWD,fiston mayele|cod|FWD,fiston mayele|cod,fiston mayele|cod,,,,,,,,,,,,,,,,,
stefan_de_vrij__ned,Stefan de Vrij,NED,Holland,DEF,3000000,3000000,0.6634,transfermarkt_availability_split_2026_06_01,0.060309,1.059776,1.059776,49861,Holland,3000000,True,True,name_team_position,1.0,0.008,0.012,0.006,JPN,2026-06-14 22:00,74.558,0.007885,0.00732,0.004,0.0,0.032,0.04,0.023,-0.0162247032403677,-0.004,28.726,0.084045,0.084045,SWE,2026-06-20 19:00,74.558,0.009573,0.008466,0.004,0.0,0.032,0.034,0.023,-0.0160650930137175,-0.004,28.726,0.091771,0.087182,TUN,2026-06-26 01:00,74.558,0.008599,0.007472,0.004,0.0,0.032,0.027,0.022,-0.0176485892872403,-0.004,28.726,0.073361,0.066025,0.250601,29951,593,3000000,DEF,False,,3.0,0.168,0.7085308056872038,1.452374786729859,0.168,0.328666,0.45,True,1.35,stefan de vrij,ned,DEF,stefan de vrij|ned|DEF,stefan de vrij|ned,de stefan vrij|ned,,,,,,,,,,,,,,,,,
ngal_ayel_mukau__cod,Ngal'ayel Mukau,COD,Congo DR,MID,2500000,2500000,0.724,transfermarkt_availability_split_2026_06_01,0.065818,1.059673,1.059673,49637,Congo DR,2500000,True,True,name_team_position,1.0,0.044,0.066,0.034,POR,2026-06-17 19:00,71.116,0.029812,0.03456,0.04,0.00497,0.069,-0.012,0.039,-0.0371131190002985,0.045,56.285,0.258627,0.258627,COL,2026-06-24 04:00,71.116,0.030937,0.03648,0.041,0.006312,0.069,0.045,0.04,-0.036437190448075,0.045,56.285,0.329688,0.313203,UZB,2026-06-28 01:30,71.116,0.075149,0.076039,0.053,0.020278,0.069,0.066,0.045,-0.0314409785800786,0.045,56.285,0.712421,0.641179,1.300736,46337,1145,2500000,MID,False,,2.5,1.536,0.3857808857808857,1.1045215384615383,1.536,1.317153,0.45,True,1.35,ngal ayel mukau,cod,MID,ngal ayel mukau|cod|MID,ngal ayel mukau|cod,ayel mukau ngal|cod,,,,,,,,,,,,,,,,,
livano_comenencia__cuw,Livano Comenencia,CUW,Curaçao,DEF,2500000,2500000,0.9215,transfermarkt_availability_split_2026_06_01,0.083773,1.059567,1.059567,49444,Curaçao,2500000,True,True,name_team_position,1.0,0.064,0.087,0.051,GER,2026-06-14 19:00,71.595,0.039938,0.04288,0.055,0.007391,0.07,-0.042,0.037,-0.0387057922296673,0.046,57.333,0.371822,0.371822,ECU,2026-06-21 02:00,71.595,0.04275,0.04608,0.059,0.00959,0.07,0.043,0.039,-0.0376183891476283,0.046,57.333,0.49522,0.470459,CIV,2026-06-25 22:00,71.595,0.05175,0.05568,0.071,0.012357,0.07,0.056,0.043,-0.0347289717369738,0.046,57.333,0.615996,0.554397,1.482315,52152,1128,2500000,DEF,False,,2.5,1.933,0.4372037914691943,0.8961978199052141,1.933,1.574807,0.45,True,1.35,livano comenencia,cuw,DEF,livano comenencia|cuw|DEF,livano comenencia|cuw,comenencia livano|cuw,,,,,,,,,,,,,,,,,
seol_young_woo__kor,Young-woo Seol,KOR,Sydkorea,DEF,3000000,3000000,0.8234,transfermarkt_availability_split_2026_06_01,0.074855,1.05923,1.05923,49973,Sydkorea,3000000,True,True,name_team_position,1.0,0.008,0.013,0.003,CZE,2026-06-12 04:00,74.846,0.012213,0.013164,0.005,0.070022,0.067,0.058,0.048,-0.0344845103148826,0.046,59.938,0.322334,0.322334,MEX,2026-06-19 03:00,74.846,0.005958,0.007708,0.004,0.029958,0.067,0.048,0.042,-0.0389028020509106,0.046,59.938,0.158877,0.150933,RSA,2026-06-25 03:00,74.846,0.013774,0.012949,0.004,0.075393,0.067,0.054,0.044,-0.0375332553597892,0.046,59.938,0.330822,0.29774,0.812033,46347,774,3000000,DEF,False,,3.0,0.795,0.7085308056872038,1.452374786729859,0.795,0.798916,0.45,True,1.35,young woo seol,kor,DEF,young woo seol|kor|DEF,young woo seol|kor,seol woo young|kor,,,,,,,,,,,,,,,,,
finn_surman__nzl,Finn Surman,NZL,New Zealand,DEF,2000000,2000000,0.6455,transfermarkt_availability_split_2026_06_01,0.058682,1.054848,1.054848,49110,New Zealand,2000000,True,True,name_team_position,1.0,0.051,0.018,0.006,IRN,2026-06-16 03:00,75.636,0.046288,0.012527,0.008,0.126209,0.082,0.015,0.051,-0.0484094238591453,0.068,74.123,0.604559,0.604559,EGY,2026-06-22 03:00,75.636,0.048375,0.014165,0.01,0.127609,0.082,0.073,0.056,-0.0447732611316095,0.068,74.123,0.693712,0.659026,BEL,2026-06-27 05:00,75.636,0.046125,0.0128,0.009,0.089311,0.082,0.068,0.055,-0.0461613034453477,0.068,74.123,0.583473,0.525126,1.881744,49584,776,2000000,DEF,False,,2.0,3.094,0.1338862559241706,0.2744454028436021,3.094,2.358796,0.45,True,1.35,finn surman,nzl,DEF,finn surman|nzl|DEF,finn surman|nzl,finn surman|nzl,,,,,,,,,,,,,,,,,
pervis_estupi_n__ecu,Pervis Estupinan,ECU,Ecuador,DEF,3500000,3500000,0.8713,transfermarkt_availability_split_2026_06_01,0.079209,1.047395,1.047395,49731,Ecuador,3500000,True,True,name_team_position,1.0,0.008,0.014,0.003,CIV,2026-06-15 01:00,74.36,0.007335,0.006938,0.002,0.0,0.037,0.041,0.024,-0.0208819392989444,0.003,32.86,0.076942,0.076942,CUW,2026-06-21 02:00,74.36,0.012758,0.0125,0.003,0.0,0.037,0.041,0.027,-0.0177989126831244,0.003,32.86,0.133249,0.126587,GER,2026-06-25 22:00,74.36,0.003375,0.004572,0.003,0.0,0.037,0.033,0.025,-0.0198296988555778,0.003,32.86,0.041136,0.037023,0.251327,34330,881,3500000,DEF,False,,3.5,0.208,0.8530805687203792,1.7486786729857835,0.208,0.400013,0.45,True,1.35,pervis estupinan,ecu,DEF,pervis estupinan|ecu|DEF,pervis estupinan|ecu,estupinan pervis|ecu,,,,,,,,,,,,,,,,,
akram_afif__qat,Akram Afif,QAT,Qatar,FWD,3500000,3500000,0.8984,transfermarkt_availability_split_2026_06_01,0.081673,1.044611,1.044611,48759,Qatar,3500000,True,True,name_team_position,1.0,0.078,0.075,0.042,SUI,2026-06-13 21:00,71.409,0.048938,0.03712,0.046,0.0,0.053,-0.008,0.033,-0.0261520599474541,0.023,43.296,0.32196,0.32196,CAN,2026-06-19 00:00,71.409,0.041063,0.03136,0.039,0.0,0.053,0.034,0.03,-0.0281836470659945,0.023,43.296,0.303148,0.287991,BIH,2026-06-24 21:00,71.409,0.04275,0.032651,0.04,0.0,0.053,0.036,0.031,-0.0277202721820269,0.023,43.296,0.318233,0.286409,0.943341,34699,1009,3500000,FWD,False,,3.5,1.67,0.6577060931899642,2.2812009677419365,1.67,1.619484,0.45,True,1.35,akram afif,qat,FWD,akram afif|qat|FWD,akram afif|qat,afif akram|qat,,,,,,,,,,,,,,,,,
khuliso_mudau__rsa,Khuliso Mudau,RSA,Sydafrika,DEF,3000000,3000000,0.8279,transfermarkt_availability_split_2026_06_01,0.075264,1.041689,1.041689,49399,Sydafrika,3000000,True,True,name_team_position,1.0,0.013,0.02,0.01,MEX,2026-06-11 21:00,75.636,0.010125,0.01216,0.013,0.062269,0.076,0.003,0.047,-0.0448528656716306,0.059,68.505,0.235369,0.235369,CZE,2026-06-18 18:00,75.636,0.012707,0.015135,0.014,0.097959,0.076,0.057,0.049,-0.0437241595146881,0.059,68.505,0.396433,0.376611,KOR,2026-06-25 03:00,75.636,0.017076,0.019256,0.017,0.132507,0.076,0.074,0.054,-0.0400899103993995,0.059,68.505,0.539649,0.485685,1.171451,49652,782,3000000,DEF,False,,3.0,1.638,0.7085308056872038,1.452374786729859,1.638,1.431166,0.45,True,1.35,khuliso mudau,rsa,DEF,khuliso mudau|rsa|DEF,khuliso mudau|rsa,khuliso mudau|rsa,,,,,,,,,,,,,,,,,
jorge_guti_rrez__pan,Jorge Gutierrez,PAN,Panama,DEF,2500000,2500000,0.914,name+team,0.085,1.041017,1.041017,49321,Panama,2500000,True,True,name_team_position,1.0,0.015,0.059,0.017,GHA,2026-06-18 01:00,75.523,0.017209,0.04899,0.025,0.118816,0.077,0.037,0.05,-0.0431579044922328,0.06,69.066,0.563461,0.563461,CRO,2026-06-24 01:00,75.523,0.014062,0.04288,0.028,0.081564,0.077,0.071,0.054,-0.0411392359540106,0.06,69.066,0.487314,0.462948,ENG,2026-06-27 23:00,75.523,0.014062,0.0416,0.027,0.069811,0.077,0.068,0.053,-0.0419138762372474,0.06,69.066,0.451842,0.406658,1.502617,52202,971,2500000,DEF,False,,2.5,2.29,0.4372037914691943,0.8961978199052141,2.29,1.842557,0.45,True,1.35,jorge gutierrez,pan,DEF,jorge gutierrez|pan|DEF,jorge gutierrez|pan,gutierrez jorge|pan,,,,,,,,,,,,,,,,,
chancel_mbemba__cod,Chancel Mbemba,COD,Congo DR,DEF,2500000,2500000,0.8316,transfermarkt_availability_split_2026_06_01,0.0756,1.03809,1.03809,48948,Congo DR,2500000,True,True,name_team_position,1.0,0.013,0.019,0.005,POR,2026-06-17 19:00,75.636,0.010125,0.01152,0.007,0.066521,0.08,-0.015,0.049,-0.0473788449680942,0.064,71.854,0.219277,0.219277,COL,2026-06-24 04:00,75.636,0.010688,0.01216,0.008,0.082513,0.08,0.058,0.05,-0.0465159502573304,0.064,71.854,0.335621,0.31884,UZB,2026-06-28 01:30,75.636,0.025402,0.026041,0.01,0.266813,0.08,0.085,0.058,-0.0401377542474599,0.064,71.854,0.914386,0.822947,1.470014,31498,1145,2500000,DEF,False,,2.5,1.896,0.4372037914691943,0.8961978199052141,1.896,1.547057,0.45,True,1.35,chancel mbemba,cod,DEF,chancel mbemba|cod|DEF,chancel mbemba|cod,chancel mbemba|cod,,,,,,,,,,,,,,,,,
omid_noorafkan__irn,Omid Noorafkan,IRN,Iran,MID,2500000,2500000,0.7415,transfermarkt_availability_split_2026_06_01,0.067409,1.030236,1.030236,49685,Iran,2500000,True,True,name_team_position,1.0,0.043,0.065,0.036,NZL,2026-06-16 03:00,70.819,0.06317,0.058646,0.035,0.0,0.042,0.062,0.028,-0.0188553864078648,0.009,34.524,0.564933,0.564933,BEL,2026-06-21 21:00,70.819,0.018563,0.02176,0.026,0.0,0.042,0.027,0.024,-0.0225637730277742,0.009,34.524,0.179531,0.170555,EGY,2026-06-27 05:00,70.819,0.028236,0.03158,0.028,0.0,0.042,0.029,0.025,-0.0219920928721499,0.009,34.524,0.262928,0.236635,1.008381,36416,883,2500000,MID,False,,2.5,0.975,0.3857808857808857,1.1045215384615383,0.975,0.896403,0.45,True,1.35,omid noorafkan,irn,MID,omid noorafkan|irn|MID,omid noorafkan|irn,noorafkan omid|irn,,,,,,,,,,,,,,,,,
fidel_escobar__pan,Fidel Escobar,PAN,Panama,DEF,2500000,2500000,0.7661,transfermarkt_availability_split_2026_06_01,0.069645,1.029599,1.029599,49106,Panama,2500000,True,True,name_team_position,1.0,0.016,0.021,0.013,GHA,2026-06-18 01:00,75.636,0.018706,0.01878,0.019,0.161504,0.082,0.04,0.054,-0.0463184837321217,0.068,74.123,0.576566,0.576566,CRO,2026-06-24 01:00,75.636,0.01575,0.01664,0.022,0.110506,0.082,0.077,0.057,-0.044151982208281,0.068,74.123,0.485381,0.461112,ENG,2026-06-27 23:00,75.636,0.015187,0.016,0.021,0.094771,0.082,0.073,0.057,-0.0449833516591265,0.068,74.123,0.439635,0.395671,1.501582,36450,971,2500000,DEF,False,,2.5,2.396,0.4372037914691943,0.8961978199052141,2.396,1.922057,0.45,True,1.35,fidel escobar,pan,DEF,fidel escobar|pan|DEF,fidel escobar|pan,escobar fidel|pan,,,,,,,,,,,,,,,,,
axel_tuanzebe__cod,Axel Tuanzebe,COD,Congo DR,DEF,3000000,3000000,0.6757,transfermarkt_availability_split_2026_06_01,0.061427,1.026826,1.026826,48871,Congo DR,3000000,True,True,name_team_position,1.0,0.012,0.018,0.005,POR,2026-06-17 19:00,75.258,0.008438,0.01024,0.006,0.04473,0.074,-0.014,0.045,-0.0437150841768672,0.056,66.298,0.155039,0.155039,COL,2026-06-24 04:00,75.258,0.009,0.01024,0.007,0.055459,0.074,0.053,0.047,-0.0429189162892326,0.056,66.298,0.252811,0.24017,UZB,2026-06-28 01:30,75.258,0.022227,0.021875,0.009,0.179298,0.074,0.078,0.053,-0.0370339400797912,0.056,66.298,0.678409,0.610568,1.085524,34717,1145,3000000,DEF,False,,3.0,1.39,0.7085308056872038,1.452374786729859,1.39,1.245166,0.45,True,1.35,axel tuanzebe,cod,DEF,axel tuanzebe|cod|DEF,axel tuanzebe|cod,axel tuanzebe|cod,,,,,,,,,,,,,,,,,
yoane_wissa__cod,Yoane Wissa,COD,Congo DR,FWD,3500000,3500000,0.8342,transfermarkt_availability_split_2026_06_01,0.075836,1.02654,1.02654,49970,Congo DR,3500000,True,True,name_team_position,1.0,,,,POR,2026-06-17 19:00,,,,,,,,,,,,0.307596,0.307596,COL,2026-06-24 04:00,,,,,,,,,,,,0.325406,0.309136,UZB,2026-06-28 01:30,,,,,,,,,,,,0.455342,0.409808,,41132,1145,3500000,FWD,False,,3.5,0.0,0.6577060931899642,2.2812009677419365,0.0,0.366984,0.45,True,1.35,yoane wissa,cod,FWD,yoane wissa|cod|FWD,yoane wissa|cod,wissa yoane|cod,distributed_from_existing_optimizer_ev,,0.0992,0.096,0.75,0.8,0.6951,0.1381,0.1883,0.75,0.8,0.8198,0.377,0.3373,1.0288,1.0206,1.021
aymen_hussein__irq,Aymen Hussein,IRQ,Irak,FWD,3500000,3500000,0.7292,transfermarkt_availability_split_2026_06_01,0.066291,1.02654,1.02654,48876,Irak,3500000,True,True,name_team_position,1.0,,,,NOR,2026-06-17 00:00,,,,,,,,,,,,0.341919,0.341919,FRA,2026-06-22 23:00,,,,,,,,,,,,0.357991,0.340091,SEN,2026-06-26 21:00,,,,,,,,,,,,0.382811,0.34453,,52083,947,3500000,FWD,False,,3.5,0.0,0.6577060931899642,2.2812009677419365,0.0,0.366984,0.45,True,1.35,aymen hussein,irq,FWD,aymen hussein|irq|FWD,aymen hussein|irq,aymen hussein|irq,distributed_from_existing_optimizer_ev,,0.0886,0.096,0.75,0.8,0.6951,0.0471,0.0643,0.75,0.8,0.6523,0.1479,0.1573,0.75,0.8,0.7779
facundo_pellistri__uru,Facundo Pellistri,URU,Uruguay,FWD,3500000,3500000,0.8814,transfermarkt_availability_split_2026_06_01,0.080127,1.02654,1.02654,49090,Uruguay,3500000,True,True,name_team_position,1.0,,,,KSA,2026-06-16 00:00,,,,,,,,,,,,0.392729,0.392729,CPV,2026-06-22 00:00,,,,,,,,,,,,0.417826,0.396935,ESP,2026-06-27 02:00,,,,,,,,,,,,0.263195,0.236876,,39982,783,3500000,FWD,False,,3.5,0.0,0.6577060931899642,2.2812009677419365,0.0,0.366984,0.45,True,1.35,facundo pellistri,uru,FWD,facundo pellistri|uru|FWD,facundo pellistri|uru,facundo pellistri|uru,distributed_from_existing_optimizer_ev,,0.6308,0.4865,1.3354,1.2396,1.2223,0.654,0.5,1.35,1.25,1.2405,0.1868,0.1717,0.75,0.8051,0.7973
borja_iglesias__esp,Borja Iglesias,ESP,Spanien,FWD,3500000,3500000,0.4414,transfermarkt_availability_split_2026_06_01,0.040127,1.02654,1.02654,48905,Spanien,3500000,True,True,name_team_position,1.0,,,,CPV,2026-06-15 18:00,,,,,,,,,,,,0.35029,0.35029,KSA,2026-06-21 18:00,,,,,,,,,,,,0.36813,0.349723,URU,2026-06-27 02:00,,,,,,,,,,,,0.362807,0.326527,,33056,595,3500000,FWD,False,,3.5,0.0,0.6577060931899642,2.2812009677419365,0.0,0.366984,0.45,True,1.35,borja iglesias,esp,FWD,borja iglesias|esp|FWD,borja iglesias|esp,borja iglesias|esp,distributed_from_existing_optimizer_ev,,0.8701,0.625,1.35,1.25,1.4093,0.8484,0.6627,1.35,1.25,1.45,0.5766,0.4226,1.2729,1.1949,1.136
maghnes_akliouche__fra,Maghnes Akliouche,FRA,Frankrig,FWD,3500000,3500000,0.7685,transfermarkt_availability_split_2026_06_01,0.069864,1.02654,1.02654,49475,Frankrig,3500000,True,True,name_team_position,1.0,,,,SEN,2026-06-16 21:00,,,,,,,,,,,,0.348638,0.348638,IRQ,2026-06-22 23:00,,,,,,,,,,,,0.372269,0.353655,NOR,2026-06-26 21:00,,,,,,,,,,,,0.360274,0.324246,,46176,592,3500000,FWD,False,,3.5,0.0,0.6577060931899642,2.2812009677419365,0.0,0.366984,0.45,True,1.35,maghnes akliouche,fra,FWD,maghnes akliouche|fra|FWD,maghnes akliouche|fra,akliouche maghnes|fra,distributed_from_existing_optimizer_ev,,0.6521,0.4624,1.35,1.25,1.1897,0.8421,0.6627,1.35,1.25,1.45,0.5502,0.375,1.2473,1.1766,1.0718
mohamed_zeki_amdouni__sui,Mohamed Zeki Amdouni,SUI,Schweiz,FWD,3500000,3500000,0.8564,transfermarkt_availability_split_2026_06_01,0.077855,1.02654,1.02654,49584,Schweiz,3500000,True,True,name_team_position,1.0,,,,QAT,2026-06-13 21:00,,,,,,,,,,,,0.364747,0.364747,BIH,2026-06-18 21:00,,,,,,,,,,,,0.369142,0.350685,CAN,2026-06-24 21:00,,,,,,,,,,,,0.345675,0.311108,,44729,583,3500000,FWD,False,,3.5,0.0,0.6577060931899642,2.2812009677419365,0.0,0.366984,0.45,True,1.35,mohamed zeki amdouni,sui,FWD,mohamed zeki amdouni|sui|FWD,mohamed zeki amdouni|sui,amdouni mohamed zeki|sui,distributed_from_existing_optimizer_ev,,0.7335,0.5585,1.35,1.25,1.3195,0.6013,0.4624,1.3025,1.2161,1.1897,0.4577,0.3547,1.1403,1.1002,1.0443
jos_luis_rodr_guez_bebanz__uru,Jose Luis Rodriguez Bebanz,URU,Uruguay,DEF,3000000,3000000,0.1955,transfermarkt_availability_split_2026_06_01,0.017773,1.00985,1.00985,49330,Uruguay,3000000,True,True,name_team_position,1.0,0.008,0.013,0.004,KSA,2026-06-16 00:00,74.617,0.012483,0.010756,0.003,0.0,0.041,0.068,0.027,-0.0226345805904514,0.009,36.727,0.150531,0.150531,CPV,2026-06-22 00:00,74.617,0.01458,0.014062,0.004,0.0,0.041,0.046,0.03,-0.0198039480298423,0.009,36.727,0.157862,0.149969,ESP,2026-06-27 02:00,74.617,0.003938,0.005186,0.003,0.0,0.041,0.037,0.028,-0.0222883416077378,0.009,36.727,0.052898,0.047608,0.361291,43470,783,3000000,DEF,False,,3.0,0.278,0.7085308056872038,1.452374786729859,0.278,0.411166,0.45,True,1.35,jose luis rodriguez bebanz,uru,DEF,jose luis rodriguez bebanz|uru|DEF,jose luis rodriguez bebanz|uru,bebanz jose luis rodriguez|uru,,,,,,,,,,,,,,,,,
nikola_moro__cro,Nikola Moro,CRO,Kroatien,MID,2500000,2500000,0.1638,transfermarkt_availability_split_2026_06_01,0.014891,1.006208,1.006208,49656,Kroatien,2500000,True,True,name_team_position,1.0,0.03,0.054,0.022,ENG,2026-06-17 22:00,70.36,0.011049,0.01586,0.013,0.0,0.034,0.008,0.02,-0.0178603830291218,-0.003,27.651,0.088965,0.088965,PAN,2026-06-24 01:00,70.36,0.037097,0.038137,0.014,0.0,0.034,0.026,0.021,-0.0171389045911213,-0.003,27.651,0.306757,0.291419,GHA,2026-06-27 23:00,70.36,0.038701,0.041376,0.017,0.0,0.034,0.034,0.023,-0.0151961245243234,-0.003,27.651,0.339437,0.305493,0.735159,35042,588,2500000,MID,False,,2.5,0.542,0.3857808857808857,1.1045215384615383,0.542,0.571653,0.45,True,1.35,nikola moro,cro,MID,nikola moro|cro|MID,nikola moro|cro,moro nikola|cro,,,,,,,,,,,,,,,,,
nawaf_al_aqidi__ksa,Nawaf Al-Aqidi,KSA,Saudi-Arabien,GK,2500000,2500000,0.4863,transfermarkt_availability_split_2026_06_01,0.044209,1.003919,1.003919,49631,Saudi-Arabien,2500000,True,True,name_team_position,1.0,0.001,0.0,0.0,URU,2026-06-16 00:00,80.636,0.0,0.0,0.0,0.135199,0.026,0.012,0.061,-0.0471169877568293,0.068,79.023,0.44644,0.44644,ESP,2026-06-21 18:00,80.636,0.0,0.0,0.0,0.086382,0.026,0.054,0.052,-0.0530249763282224,0.068,79.023,0.336845,0.320002,CPV,2026-06-27 02:00,80.636,0.0,0.0,0.0,0.302549,0.026,0.072,0.058,-0.0488950069740353,0.068,79.023,0.970242,0.873218,1.75419,43476,977,2500000,GK,False,,2.5,2.516,0.196875,0.3481734374999999,2.516,1.923914,0.45,True,1.35,nawaf al aqidi,ksa,GK,nawaf al aqidi|ksa|GK,nawaf al aqidi|ksa,al aqidi nawaf|ksa,,,,,,,,,,,,,,,,,
yuito_suzuki__jpn,Yuito Suzuki,JPN,Japan,FWD,2500000,2500000,0.6857,transfermarkt_availability_split_2026_06_01,0.062336,0.989779,0.989779,49982,Japan,2500000,True,True,name_team_position,1.0,0.054,0.033,0.069,NED,2026-06-14 22:00,66.36,0.026231,0.012026,0.045,0.0,0.023,0.018,0.021,-0.0190012738481022,0.003,29.265,0.186001,0.186001,TUN,2026-06-21 06:00,66.36,0.057554,0.021285,0.048,0.0,0.023,0.026,0.021,-0.0183332622401855,0.003,29.265,0.350738,0.333201,SWE,2026-06-26 01:00,66.36,0.058811,0.023087,0.056,0.0,0.023,0.033,0.023,-0.0167910361500034,0.003,29.265,0.379714,0.341743,0.916453,44820,772,2500000,FWD,False,,2.5,0.765,0.2939068100358423,1.0193922580645165,0.765,0.737743,0.45,True,1.35,yuito suzuki,jpn,FWD,yuito suzuki|jpn|FWD,yuito suzuki|jpn,suzuki yuito|jpn,,,,,,,,,,,,,,,,,
tarik_muharemovic__bih,Tarik Muharemovic,BIH,Bosnien-Hercegovina,DEF,3000000,3000000,0.7755,transfermarkt_availability_split_2026_06_01,0.0705,0.989616,0.989616,49879,Bosnien-Hercegovina,3000000,True,True,name_team_position,1.0,0.026,0.017,0.005,CAN,2026-06-12 21:00,74.819,0.016296,0.008694,0.004,0.0,0.055,0.031,0.035,-0.0318232056093114,0.029,49.381,0.136035,0.136035,SUI,2026-06-18 21:00,74.819,0.014625,0.00704,0.004,0.0,0.055,0.039,0.035,-0.0320622196562407,0.029,49.381,0.128808,0.122367,QAT,2026-06-24 21:00,74.819,0.053109,0.021309,0.006,0.0,0.055,0.057,0.04,-0.0279547424418368,0.029,49.381,0.431626,0.388464,0.695484,48090,882,3000000,DEF,False,,3.0,0.667,0.7085308056872038,1.452374786729859,0.667,0.702916,0.45,True,1.35,tarik muharemovic,bih,DEF,tarik muharemovic|bih|DEF,tarik muharemovic|bih,muharemovic tarik|bih,,,,,,,,,,,,,,,,,
guillermo_varela__uru,Guillermo Varela,URU,Uruguay,DEF,3000000,3000000,0.5733,transfermarkt_availability_split_2026_06_01,0.052118,0.988422,0.988422,49156,Uruguay,3000000,True,True,name_team_position,1.0,0.008,0.012,0.003,KSA,2026-06-16 00:00,74.412,0.010699,0.00922,0.003,0.0,0.038,0.063,0.025,-0.0209213717081621,0.005,33.947,0.128933,0.128933,CPV,2026-06-22 00:00,74.412,0.012758,0.0125,0.003,0.0,0.038,0.043,0.028,-0.0183049894105943,0.005,33.947,0.136743,0.129906,ESP,2026-06-27 02:00,74.412,0.003375,0.004538,0.003,0.0,0.038,0.034,0.026,-0.0206013395154621,0.005,33.947,0.043263,0.038936,0.308939,31157,783,3000000,DEF,False,,3.0,0.236,0.7085308056872038,1.452374786729859,0.236,0.379666,0.45,True,1.35,guillermo varela,uru,DEF,guillermo varela|uru|DEF,guillermo varela|uru,guillermo varela|uru,,,,,,,,,,,,,,,,,
ibrahim_sulemana__gha,Ibrahim Sulemana,GHA,Ghana,MID,2500000,2500000,0.6239,transfermarkt_availability_split_2026_06_01,0.056718,0.985104,0.985104,49208,Ghana,2500000,True,True,name_team_position,1.0,0.033,0.048,0.027,PAN,2026-06-18 01:00,70.992,0.060547,0.056499,0.037,0.0,0.065,0.078,0.042,-0.0311683034671623,0.04,53.343,0.573064,0.573064,ENG,2026-06-23 22:00,70.992,0.02025,0.02304,0.029,0.0,0.065,0.039,0.036,-0.0354035147514636,0.04,53.343,0.213966,0.203268,CRO,2026-06-27 23:00,70.992,0.021136,0.02522,0.03,0.0,0.065,0.041,0.037,-0.0349382481761431,0.04,53.343,0.229402,0.206462,1.016432,42951,770,2500000,MID,False,,2.5,1.101,0.3857808857808857,1.1045215384615383,1.101,0.990903,0.45,True,1.35,ibrahim sulemana,gha,MID,ibrahim sulemana|gha|MID,ibrahim sulemana|gha,ibrahim sulemana|gha,,,,,,,,,,,,,,,,,
yan_valery__tun,Yan Valery,TUN,Tunesien,DEF,2500000,2500000,0.5733,transfermarkt_availability_split_2026_06_01,0.052118,0.984686,0.984686,49957,Tunesien,2500000,True,True,name_team_position,1.0,0.012,0.019,0.005,SWE,2026-06-15 04:00,75.595,0.01165,0.015383,0.007,0.137658,0.082,0.031,0.053,-0.0469135171448394,0.067,73.531,0.447983,0.447983,JPN,2026-06-21 06:00,75.595,0.012947,0.017201,0.008,0.1465,0.082,0.079,0.058,-0.043209008047446,0.067,73.531,0.538376,0.511457,NED,2026-06-26 01:00,75.595,0.01125,0.01472,0.008,0.103928,0.082,0.074,0.056,-0.0444154216191863,0.067,73.531,0.418886,0.376998,1.405863,36841,976,2500000,DEF,False,,2.5,2.155,0.4372037914691943,0.8961978199052141,2.155,1.741307,0.45,True,1.35,yan valery,tun,DEF,yan valery|tun|DEF,yan valery|tun,valery yan|tun,,,,,,,,,,,,,,,,,
akmal_mozgovoy__uzb,Akmal Mozgovoy,UZB,Usbekistan,MID,2500000,2500000,0.5432,transfermarkt_availability_split_2026_06_01,0.049382,0.981831,0.981831,48758,Usbekistan,2500000,True,True,name_team_position,1.0,0.044,0.073,0.034,COL,2026-06-18 04:00,71.591,0.036562,0.048,0.049,0.020964,0.072,-0.005,0.045,-0.0356886741038068,0.049,58.835,0.357121,0.357121,POR,2026-06-23 19:00,71.591,0.028687,0.03776,0.038,0.014528,0.072,0.041,0.039,-0.0393755393298051,0.049,58.835,0.312339,0.296722,COD,2026-06-28 01:30,71.591,0.052821,0.06235,0.042,0.03956,0.072,0.047,0.041,-0.0378873757907791,0.049,58.835,0.520268,0.468241,1.189728,49789,1122,2500000,MID,False,,2.5,1.532,0.3857808857808857,1.1045215384615383,1.532,1.314153,0.45,True,1.35,akmal mozgovoy,uzb,MID,akmal mozgovoy|uzb|MID,akmal mozgovoy|uzb,akmal mozgovoy|uzb,,,,,,,,,,,,,,,,,
lawrence_ati_zigi__gha,Lawrence Ati Zigi,GHA,Ghana,GK,3000000,3000000,0.3471,transfermarkt_availability_split_2026_06_01,0.031555,0.979852,0.979852,49424,Ghana,3000000,True,True,name_team_position,1.0,0.001,0.0,0.0,PAN,2026-06-18 01:00,80.091,0.0,0.0,0.0,0.20916,0.022,0.098,0.052,-0.0390051561590063,0.05,66.756,0.724643,0.724643,ENG,2026-06-23 22:00,80.091,0.0,0.0,0.0,0.047549,0.022,0.048,0.045,-0.0443052546287419,0.05,66.756,0.209832,0.19934,CRO,2026-06-27 23:00,80.091,0.0,0.0,0.0,0.065597,0.022,0.051,0.046,-0.0437230030010566,0.05,66.756,0.264949,0.238454,1.199424,43492,770,3000000,GK,False,,3.0,1.364,0.503125,0.8897765624999998,1.364,1.117336,0.45,True,1.35,lawrence ati zigi,gha,GK,lawrence ati zigi|gha|GK,lawrence ati zigi|gha,ati lawrence zigi|gha,,,,,,,,,,,,,,,,,
jordy_alcivar__ecu,Jordy Alcivar,ECU,Ecuador,MID,2000000,2000000,0.309,transfermarkt_availability_split_2026_06_01,0.028091,0.979626,0.979626,49318,Ecuador,2000000,True,True,name_team_position,1.0,0.05,0.059,0.026,CIV,2026-06-15 01:00,70.882,0.056229,0.043946,0.024,0.0,0.048,0.049,0.029,-0.0252160062541343,0.017,39.68,0.458767,0.458767,CUW,2026-06-21 02:00,70.882,0.107528,0.075,0.03,0.0,0.048,0.049,0.033,-0.0214930944444007,0.017,39.68,0.822147,0.78104,GER,2026-06-25 22:00,70.882,0.02925,0.028087,0.027,0.0,0.048,0.04,0.031,-0.0239453722760858,0.017,39.68,0.273566,0.246209,1.55448,52160,881,2000000,MID,False,,2.0,1.251,0.106060606060606,0.30366,1.251,0.983655,0.45,True,1.35,jordy alcivar,ecu,MID,jordy alcivar|ecu|MID,jordy alcivar|ecu,alcivar jordy|ecu,,,,,,,,,,,,,,,,,
leverton_pierre__hai,Leverton Pierre,HAI,Haiti,MID,2500000,2500000,0.7773,transfermarkt_availability_split_2026_06_01,0.070664,0.974655,0.974655,49436,Haiti,2500000,True,True,name_team_position,1.0,0.056,0.085,0.064,SCO,2026-06-14 03:00,71.622,0.046125,0.05504,0.09,0.012835,0.07,-0.0,0.043,-0.0345131109631231,0.046,57.355,0.470232,0.470232,BRA,2026-06-20 03:00,71.622,0.034875,0.0416,0.069,0.007942,0.07,0.038,0.037,-0.0386835490176351,0.046,57.355,0.380491,0.361467,MAR,2026-06-25 00:00,71.622,0.036562,0.04288,0.071,0.009175,0.07,0.04,0.038,-0.0382199836693014,0.046,57.355,0.39823,0.358407,1.248953,51979,1129,2500000,MID,False,,2.5,1.851,0.3857808857808857,1.1045215384615383,1.851,1.553403,0.45,True,1.35,leverton pierre,hai,MID,leverton pierre|hai|MID,leverton pierre|hai,leverton pierre|hai,,,,,,,,,,,,,,,,,
mbekezeli_mbokazi__rsa,Mbekezeli Mbokazi,RSA,Sydafrika,DEF,2500000,2500000,0.6885,transfermarkt_availability_split_2026_06_01,0.062591,0.967654,0.967654,49543,Sydafrika,2500000,True,True,name_team_position,1.0,0.013,0.02,0.01,MEX,2026-06-11 21:00,75.636,0.010125,0.0128,0.014,0.078056,0.08,0.003,0.05,-0.0470456900455429,0.064,71.854,0.274828,0.274828,CZE,2026-06-18 18:00,75.636,0.013376,0.015891,0.015,0.12245,0.08,0.06,0.051,-0.0458618022556128,0.064,71.854,0.461457,0.438384,KOR,2026-06-25 03:00,75.636,0.017852,0.020093,0.018,0.164738,0.08,0.077,0.056,-0.0420498773124471,0.064,71.854,0.622765,0.560488,1.359718,49654,782,2500000,DEF,False,,2.5,1.923,0.4372037914691943,0.8961978199052141,1.923,1.567307,0.45,True,1.35,mbekezeli mbokazi,rsa,DEF,mbekezeli mbokazi|rsa|DEF,mbekezeli mbokazi|rsa,mbekezeli mbokazi|rsa,,,,,,,,,,,,,,,,,
ben_waine__nzl,Ben Waine,NZL,New Zealand,FWD,2500000,2500000,0.6886,transfermarkt_availability_split_2026_06_01,0.0626,0.966215,0.966215,48892,New Zealand,2500000,True,True,name_team_position,1.0,0.097,0.051,0.138,IRN,2026-06-16 03:00,66.895,0.050788,0.021369,0.108,0.0,0.029,0.008,0.026,-0.0246008846833041,0.018,37.668,0.373658,0.373658,EGY,2026-06-22 03:00,66.895,0.052875,0.022934,0.13,0.0,0.029,0.037,0.029,-0.0227530457127327,0.018,37.668,0.442549,0.420422,BEL,2026-06-27 05:00,66.895,0.050625,0.02112,0.124,0.0,0.029,0.034,0.028,-0.0234584263219955,0.018,37.668,0.417402,0.375661,1.234311,49812,776,2500000,FWD,False,,2.5,1.665,0.2939068100358423,1.0193922580645165,1.665,1.412743,0.45,True,1.35,ben waine,nzl,FWD,ben waine|nzl|FWD,ben waine|nzl,ben waine|nzl,,,,,,,,,,,,,,,,,
unai_sim_n__esp,Unai Simon,ESP,Spanien,GK,5000000,5000000,0.8011,transfermarkt_availability_split_2026_06_01,0.072827,0.962241,0.962241,49920,Spanien,5000000,True,True,name_team_position,1.0,0.0,0.0,0.0,CPV,2026-06-15 18:00,79.72,0.0,0.0,0.0,0.0,0.018,0.148,0.046,-0.0275019478920488,0.031,53.755,0.179498,0.179498,KSA,2026-06-21 18:00,79.72,0.0,0.0,0.0,0.0,0.018,0.071,0.045,-0.0284717360310319,0.031,53.755,0.100528,0.095502,URU,2026-06-27 02:00,79.72,0.0,0.0,0.0,0.0,0.018,0.052,0.041,-0.0330704875240273,0.031,53.755,0.07293,0.065637,0.352956,35089,595,5000000,GK,False,,5.0,0.34,0.971875,1.7187609374999997,0.34,0.437227,0.45,True,1.35,unai simon,esp,GK,unai simon|esp|GK,unai simon|esp,simon unai|esp,,,,,,,,,,,,,,,,,
mert_m_ld_r__tur,Mert Müldür,TUR,Tyrkiet,DEF,3000000,3000000,0.7084,transfermarkt_availability_split_2026_06_01,0.0644,0.962116,0.962116,49551,Tyrkiet,3000000,True,True,name_team_position,1.0,0.012,0.018,0.006,AUS,2026-06-14 06:00,74.819,0.013206,0.013246,0.004,0.0,0.041,0.062,0.027,-0.0228593091679501,0.009,36.474,0.157115,0.157115,PAR,2026-06-20 06:00,74.819,0.013358,0.012662,0.005,0.0,0.041,0.041,0.029,-0.0208699680100304,0.009,36.474,0.140264,0.133251,USA,2026-06-26 04:00,74.819,0.009803,0.010844,0.005,0.0,0.041,0.039,0.029,-0.0215861093741694,0.009,36.474,0.110764,0.099688,0.409283,40476,586,3000000,DEF,False,,3.0,0.341,0.7085308056872038,1.452374786729859,0.341,0.458416,0.45,True,1.35,mert muldur,tur,DEF,mert muldur|tur|DEF,mert muldur|tur,mert muldur|tur,,,,,,,,,,,,,,,,,
noah_sadiki__cod,Noah Sadiki,COD,Congo DR,MID,2500000,2500000,0.8171,transfermarkt_availability_split_2026_06_01,0.074282,0.959908,0.959908,49665,Congo DR,2500000,True,True,name_team_position,1.0,0.044,0.066,0.04,POR,2026-06-17 19:00,71.116,0.025313,0.02944,0.04,0.0,0.058,-0.01,0.033,-0.0314860825359973,0.031,47.752,0.219399,0.219399,COL,2026-06-24 04:00,71.116,0.026437,0.03072,0.041,0.0,0.058,0.038,0.034,-0.0309126372757492,0.031,47.752,0.279432,0.265461,UZB,2026-06-28 01:30,71.116,0.063506,0.064581,0.054,0.0,0.058,0.056,0.038,-0.0266739436956758,0.031,47.752,0.605599,0.545039,1.10443,48054,1145,2500000,MID,False,,2.5,1.301,0.3857808857808857,1.1045215384615383,1.301,1.140903,0.45,True,1.35,noah sadiki,cod,MID,noah sadiki|cod|MID,noah sadiki|cod,noah sadiki|cod,,,,,,,,,,,,,,,,,
orlando_mosquera__pan,Orlando Mosquera,PAN,Panama,GK,2500000,2500000,0.4613,transfermarkt_availability_split_2026_06_01,0.041936,0.958847,0.958847,49690,Panama,2500000,True,True,name_team_position,1.0,0.001,0.0,0.0,GHA,2026-06-18 01:00,80.636,0.0,0.0,0.0,0.20277,0.026,0.042,0.058,-0.0493804093531948,0.068,79.023,0.660376,0.660376,CRO,2026-06-24 01:00,80.636,0.0,0.0,0.0,0.139009,0.026,0.082,0.061,-0.0470706892697332,0.068,79.023,0.527155,0.500797,ENG,2026-06-27 23:00,80.636,0.0,0.0,0.0,0.118952,0.026,0.078,0.06,-0.0479570171565422,0.068,79.023,0.465109,0.418598,1.65264,50554,971,2500000,GK,False,,2.5,2.751,0.196875,0.3481734374999999,2.751,2.100164,0.45,True,1.35,orlando mosquera,pan,GK,orlando mosquera|pan|GK,orlando mosquera|pan,mosquera orlando|pan,,,,,,,,,,,,,,,,,
keisuke_goto__jpn,Keisuke Goto,JPN,Japan,FWD,2500000,2500000,0.6844,transfermarkt_availability_split_2026_06_01,0.062218,0.958122,0.958122,49377,Japan,2500000,True,True,name_team_position,1.0,0.054,0.033,0.069,NED,2026-06-14 22:00,66.36,0.024773,0.011225,0.043,0.0,0.022,0.017,0.02,-0.0181136859994154,0.0,27.898,0.172653,0.172653,TUN,2026-06-21 06:00,66.36,0.054603,0.019955,0.046,0.0,0.022,0.025,0.02,-0.0174768785618458,0.0,27.898,0.3298,0.31331,SWE,2026-06-26 01:00,66.36,0.056197,0.021871,0.053,0.0,0.022,0.032,0.022,-0.0160066929647652,0.0,27.898,0.359394,0.323455,0.861847,52221,772,2500000,FWD,False,,2.5,0.722,0.2939068100358423,1.0193922580645165,0.722,0.705493,0.45,True,1.35,keisuke goto,jpn,FWD,keisuke goto|jpn|FWD,keisuke goto|jpn,goto keisuke|jpn,,,,,,,,,,,,,,,,,
adil_boulbina__alg,Adil Boulbina,ALG,Algeriet,FWD,2500000,2500000,0.5847,transfermarkt_availability_split_2026_06_01,0.053155,0.952824,0.952824,48738,Algeriet,2500000,True,True,name_team_position,1.0,0.078,0.044,0.091,ARG,2026-06-17 03:00,66.36,0.025875,0.01152,0.052,0.0,0.02,-0.003,0.018,-0.0172160282481207,-0.002,26.285,0.165844,0.165844,JOR,2026-06-23 05:00,66.36,0.083529,0.029365,0.06,0.0,0.02,0.026,0.02,-0.0158622195222522,-0.002,26.285,0.490349,0.465831,AUT,2026-06-28 04:00,66.36,0.044241,0.018419,0.065,0.0,0.02,0.028,0.021,-0.0154300987090664,-0.002,26.285,0.308791,0.277912,0.964984,50921,761,2500000,FWD,False,,2.5,0.922,0.2939068100358423,1.0193922580645165,0.922,0.855493,0.45,True,1.35,adil boulbina,alg,FWD,adil boulbina|alg|FWD,adil boulbina|alg,adil boulbina|alg,,,,,,,,,,,,,,,,,
juninho_bacuna__cuw,Juninho Bacuna,CUW,Curaçao,MID,3000000,3000000,0.9144,transfermarkt_availability_split_2026_06_01,0.083127,0.952393,0.952393,49358,Curaçao,3000000,True,True,name_team_position,1.0,0.058,0.079,0.046,GER,2026-06-14 19:00,71.091,0.026437,0.02816,0.036,0.0,0.051,-0.031,0.027,-0.0284026445391202,0.021,42.072,0.190262,0.190262,ECU,2026-06-21 02:00,71.091,0.028687,0.03072,0.039,0.0,0.051,0.031,0.028,-0.0276046987684553,0.021,42.072,0.27599,0.262191,CIV,2026-06-25 22:00,71.091,0.034312,0.03712,0.047,0.0,0.051,0.041,0.032,-0.0254844193241539,0.021,42.072,0.347436,0.312692,0.813688,36715,1128,3000000,MID,False,,3.0,1.245,0.6713286713286714,1.9220676923076925,1.245,1.221146,0.45,True,1.35,juninho bacuna,cuw,MID,juninho bacuna|cuw|MID,juninho bacuna|cuw,bacuna juninho|cuw,,,,,,,,,,,,,,,,,
martin_erlic__cro,Martin Erlic,CRO,Kroatien,DEF,3000000,3000000,0.2946,transfermarkt_availability_split_2026_06_01,0.026782,0.951208,0.951208,49512,Kroatien,3000000,True,True,name_team_position,1.0,0.008,0.014,0.003,ENG,2026-06-17 22:00,74.36,0.002908,0.004827,0.002,0.0,0.036,0.009,0.023,-0.0210563123264558,0.003,32.599,0.011873,0.011873,PAN,2026-06-24 01:00,74.36,0.0106,0.010679,0.002,0.0,0.036,0.03,0.024,-0.0202057328454575,0.003,32.599,0.098431,0.09351,GHA,2026-06-27 23:00,74.36,0.010836,0.011033,0.003,0.0,0.036,0.04,0.027,-0.0179153125447613,0.003,32.599,0.1172,0.10548,0.227504,41048,588,3000000,DEF,False,,3.0,0.165,0.7085308056872038,1.452374786729859,0.165,0.326416,0.45,True,1.35,martin erlic,cro,DEF,martin erlic|cro|DEF,martin erlic|cro,erlic martin|cro,,,,,,,,,,,,,,,,,
elias_saad__tun,Elias Saad,TUN,Tunesien,MID,2500000,2500000,0.5733,transfermarkt_availability_split_2026_06_01,0.052118,0.949093,0.949093,49055,Tunesien,2500000,True,True,name_team_position,1.0,0.08,0.068,0.101,SWE,2026-06-15 04:00,66.441,0.037689,0.025381,0.068,0.0,0.023,0.013,0.021,-0.0189991935877707,0.004,29.779,0.328589,0.328589,JPN,2026-06-21 06:00,66.441,0.040075,0.027952,0.08,0.0,0.023,0.032,0.023,-0.0174989290633323,0.004,29.779,0.382732,0.363595,NED,2026-06-26 01:00,66.441,0.035437,0.02368,0.078,0.0,0.023,0.03,0.023,-0.0179875064796374,0.004,29.779,0.342237,0.308014,1.054359,46040,976,2500000,MID,False,,2.5,1.246,0.3857808857808857,1.1045215384615383,1.246,1.099653,0.45,True,1.35,elias saad,tun,MID,elias saad|tun|MID,elias saad|tun,elias saad|tun,,,,,,,,,,,,,,,,,
mohanad_lasheen__egy,Mohanad Lasheen,EGY,Egypten,MID,2500000,2500000,0.4745,transfermarkt_availability_split_2026_06_01,0.043136,0.948623,0.948623,49598,Egypten,2500000,True,True,name_team_position,1.0,0.032,0.049,0.024,BEL,2026-06-15 21:00,70.409,0.0135,0.016545,0.018,0.0,0.041,0.008,0.024,-0.0219747103660473,0.007,33.733,0.11116,0.11116,NZL,2026-06-22 03:00,70.409,0.042208,0.04029,0.02,0.0,0.041,0.033,0.025,-0.0204332881706443,0.007,33.733,0.355477,0.337703,IRN,2026-06-27 05:00,70.409,0.035558,0.036186,0.022,0.0,0.041,0.038,0.027,-0.0193864517428532,0.007,33.733,0.319962,0.287965,0.786599,49744,973,2500000,MID,False,,2.5,0.674,0.3857808857808857,1.1045215384615383,0.674,0.670653,0.45,True,1.35,mohanad lasheen,egy,MID,mohanad lasheen|egy|MID,mohanad lasheen|egy,lasheen mohanad|egy,,,,,,,,,,,,,,,,,
oussama_targhalline__mar,Oussama Targhalline,MAR,Marokko,MID,2500000,2500000,0.1518,transfermarkt_availability_split_2026_06_01,0.0138,0.942154,0.942154,49699,Marokko,2500000,True,True,name_team_position,1.0,0.032,0.05,0.024,BRA,2026-06-14 00:00,70.36,0.010688,0.0128,0.014,0.0,0.032,0.003,0.018,-0.0166543310619041,-0.006,25.794,0.072186,0.072186,SCO,2026-06-20 00:00,70.36,0.026179,0.026765,0.015,0.0,0.032,0.024,0.019,-0.0160497721266734,-0.006,25.794,0.21514,0.204383,HAI,2026-06-25 00:00,70.36,0.045563,0.042188,0.019,0.0,0.032,0.034,0.021,-0.0136247831913722,-0.006,25.794,0.376754,0.339079,0.66408,47747,974,2500000,MID,False,,2.5,0.507,0.3857808857808857,1.1045215384615383,0.507,0.545403,0.45,True,1.35,oussama targhalline,mar,MID,oussama targhalline|mar|MID,oussama targhalline|mar,oussama targhalline|mar,,,,,,,,,,,,,,,,,
esmir_bajraktarevic__bih,Esmir Bajraktarevic,BIH,Bosnien-Hercegovina,MID,3000000,3000000,0.8519,transfermarkt_availability_split_2026_06_01,0.077445,0.940881,0.940881,49079,Bosnien-Hercegovina,3000000,True,True,name_team_position,1.0,0.038,0.061,0.03,CAN,2026-06-12 21:00,70.637,0.006268,0.00797,0.008,0.0,0.014,0.008,0.008,-0.007642237430777,-0.03,11.859,0.027608,0.027608,SUI,2026-06-18 21:00,70.637,0.005625,0.00704,0.008,0.0,0.014,0.009,0.008,-0.0076996358625488,-0.03,11.859,0.022545,0.021418,QAT,2026-06-24 21:00,70.637,0.020922,0.019889,0.01,0.0,0.014,0.014,0.009,-0.0067132388131957,-0.03,11.859,0.146564,0.131907,0.196717,47383,882,3000000,MID,False,,3.0,0.186,0.6713286713286714,1.9220676923076925,0.186,0.426896,0.45,True,1.35,esmir bajraktarevic,bih,MID,esmir bajraktarevic|bih|MID,esmir bajraktarevic|bih,bajraktarevic esmir|bih,,,,,,,,,,,,,,,,,
isma_l_bennacer__alg,Ismael Bennacer,ALG,Algeriet,MID,2500000,2500000,0.7025,transfermarkt_availability_split_2026_06_01,0.063864,0.939405,0.939405,49223,Algeriet,2500000,True,True,name_team_position,1.0,0.032,0.055,0.023,ARG,2026-06-17 03:00,70.724,0.01575,0.02112,0.02,0.0,0.049,-0.004,0.028,-0.0260884785418466,0.018,39.832,0.129022,0.129022,JOR,2026-06-23 05:00,70.724,0.052009,0.053136,0.023,0.0,0.049,0.039,0.03,-0.0240369711101925,0.018,39.832,0.456416,0.433595,AUT,2026-06-28 04:00,70.724,0.027166,0.034326,0.025,0.0,0.049,0.043,0.031,-0.0233821525655312,0.018,39.832,0.283426,0.255083,0.867877,33818,761,2500000,MID,False,,2.5,0.83,0.3857808857808857,1.1045215384615383,0.83,0.787653,0.45,True,1.35,ismael bennacer,alg,MID,ismael bennacer|alg|MID,ismael bennacer|alg,bennacer ismael|alg,,,,,,,,,,,,,,,,,
amir_al_ammari__irq,Amir Al Ammari,IRQ,Irak,MID,3000000,3000000,0.8671,transfermarkt_availability_split_2026_06_01,0.078827,0.930982,0.930982,48822,Irak,3000000,True,True,name_team_position,1.0,0.028,0.043,0.023,NOR,2026-06-17 00:00,71.325,0.026437,0.03136,0.037,0.046641,0.078,-0.005,0.049,-0.0381652401641307,0.058,64.199,0.2491,0.2491,FRA,2026-06-22 23:00,71.325,0.02025,0.02432,0.029,0.032648,0.078,0.044,0.043,-0.0430219498223759,0.058,64.199,0.227188,0.215829,SEN,2026-06-26 21:00,71.325,0.021375,0.0256,0.03,0.041073,0.078,0.048,0.044,-0.0421385829947265,0.058,64.199,0.243536,0.219183,0.719824,40290,947,3000000,MID,False,,3.0,1.065,0.6713286713286714,1.9220676923076925,1.065,1.086146,0.45,True,1.35,amir al ammari,irq,MID,amir al ammari|irq|MID,amir al ammari|irq,al amir ammari|irq,,,,,,,,,,,,,,,,,
j_nior_alonso__par,Junior Alonso,PAR,Paraguay,DEF,3000000,3000000,0.6931,transfermarkt_availability_split_2026_06_01,0.063009,0.915949,0.915949,49359,Paraguay,3000000,True,True,name_team_position,1.0,0.011,0.016,0.005,USA,2026-06-13 03:00,75.269,0.009278,0.009486,0.006,0.008876,0.062,0.032,0.039,-0.0365191058888667,0.04,56.203,0.122134,0.122134,TUR,2026-06-20 06:00,75.269,0.010483,0.011176,0.006,0.011038,0.062,0.047,0.04,-0.0359286052585717,0.04,56.203,0.155781,0.147992,AUS,2026-06-26 04:00,75.269,0.019867,0.017552,0.007,0.021493,0.062,0.063,0.045,-0.0322651113892999,0.04,56.203,0.279877,0.25189,0.557792,36892,778,3000000,DEF,False,,3.0,0.544,0.7085308056872038,1.452374786729859,0.544,0.610666,0.45,True,1.35,junior alonso,par,DEF,junior alonso|par|DEF,junior alonso|par,alonso junior|par,,,,,,,,,,,,,,,,,
ali_jasim__irq,Ali Jasim,IRQ,Irak,MID,3000000,3000000,0.9352,transfermarkt_availability_split_2026_06_01,0.085018,0.912654,0.912654,48798,Irak,3000000,True,True,name_team_position,1.0,0.027,0.044,0.021,NOR,2026-06-17 00:00,71.249,0.025313,0.032,0.034,0.037084,0.076,-0.005,0.048,-0.0370658830904933,0.055,62.35,0.241499,0.241499,FRA,2026-06-22 23:00,71.249,0.019125,0.02432,0.026,0.025831,0.076,0.043,0.041,-0.0417826942941648,0.055,62.35,0.215802,0.205012,SEN,2026-06-26 21:00,71.249,0.02025,0.0256,0.027,0.032944,0.076,0.047,0.043,-0.0409247730176614,0.055,62.35,0.233125,0.209813,0.690426,46268,947,3000000,MID,False,,3.0,1.029,0.6713286713286714,1.9220676923076925,1.029,1.059146,0.45,True,1.35,ali jasim,irq,MID,ali jasim|irq|MID,ali jasim|irq,ali jasim|irq,,,,,,,,,,,,,,,,,
mahmoud_saber__egy,Mahmoud Saber,EGY,Egypten,MID,2500000,2500000,0.4889,transfermarkt_availability_split_2026_06_01,0.044445,0.911734,0.911734,49478,Egypten,2500000,True,True,name_team_position,1.0,0.032,0.048,0.024,BEL,2026-06-15 21:00,70.36,0.012375,0.015221,0.016,0.0,0.038,0.007,0.022,-0.0201398932013584,0.003,30.916,0.097398,0.097398,NZL,2026-06-22 03:00,70.36,0.039082,0.036122,0.018,0.0,0.038,0.03,0.023,-0.0187271747683735,0.003,30.916,0.321049,0.304996,IRN,2026-06-27 05:00,70.36,0.032002,0.032794,0.02,0.0,0.038,0.035,0.025,-0.0177677457928007,0.003,30.916,0.285624,0.257062,0.704071,49746,973,2500000,MID,False,,2.5,0.597,0.3857808857808857,1.1045215384615383,0.597,0.612903,0.45,True,1.35,mahmoud saber,egy,MID,mahmoud saber|egy|MID,mahmoud saber|egy,mahmoud saber|egy,,,,,,,,,,,,,,,,,
wataru_endo__jpn,Wataru Endo,JPN,Japan,MID,2500000,2500000,0.6471,transfermarkt_availability_split_2026_06_01,0.058827,0.910597,0.910597,49940,Japan,2500000,True,True,name_team_position,1.0,0.024,0.039,0.018,NED,2026-06-14 22:00,70.545,0.013844,0.016836,0.014,0.0,0.044,0.022,0.025,-0.0232777559859631,0.011,35.851,0.12445,0.12445,TUN,2026-06-21 06:00,70.545,0.029515,0.030597,0.015,0.0,0.044,0.032,0.026,-0.0224593997363146,0.011,35.851,0.256907,0.244061,SWE,2026-06-26 01:00,70.545,0.031366,0.032807,0.018,0.0,0.044,0.041,0.029,-0.0205700757420693,0.011,35.851,0.289681,0.260713,0.672183,34462,772,2500000,MID,False,,2.5,0.554,0.3857808857808857,1.1045215384615383,0.554,0.580653,0.45,True,1.35,wataru endo,jpn,MID,wataru endo|jpn|MID,wataru endo|jpn,endo wataru|jpn,,,,,,,,,,,,,,,,,
otabek_shukurov__uzb,Otabek Shukurov,UZB,Usbekistan,MID,2500000,2500000,0.8579,transfermarkt_availability_split_2026_06_01,0.077991,0.910416,0.910416,49695,Usbekistan,2500000,True,True,name_team_position,1.0,0.04,0.106,0.03,COL,2026-06-18 04:00,71.154,0.027,0.05696,0.036,0.0,0.058,-0.004,0.036,-0.0290327227600888,0.031,47.862,0.317847,0.317847,POR,2026-06-23 19:00,71.154,0.021375,0.0448,0.028,0.0,0.058,0.033,0.032,-0.0320319862140595,0.031,47.862,0.275243,0.261481,COD,2026-06-28 01:30,71.154,0.039615,0.07386,0.031,0.0,0.058,0.039,0.033,-0.0308213657431353,0.031,47.862,0.464834,0.41835,1.057924,49689,1122,2500000,MID,False,,2.5,1.371,0.3857808857808857,1.1045215384615383,1.371,1.193403,0.45,True,1.35,otabek shukurov,uzb,MID,otabek shukurov|uzb|MID,otabek shukurov|uzb,otabek shukurov|uzb,,,,,,,,,,,,,,,,,
ngelo_preciado__ecu,Angelo Preciado,ECU,Ecuador,DEF,3000000,3000000,0.7096,transfermarkt_availability_split_2026_06_01,0.064509,0.908654,0.908654,48836,Ecuador,3000000,True,True,name_team_position,1.0,0.008,0.014,0.003,CIV,2026-06-15 01:00,74.531,0.007335,0.008096,0.003,0.0,0.039,0.044,0.026,-0.0225071666502073,0.007,35.417,0.086791,0.086791,CUW,2026-06-21 02:00,74.531,0.01458,0.014062,0.003,0.0,0.039,0.044,0.029,-0.0191841901375424,0.007,35.417,0.154482,0.146758,GER,2026-06-25 22:00,74.531,0.003938,0.005226,0.003,0.0,0.039,0.036,0.027,-0.0213730310378058,0.007,35.417,0.051933,0.04674,0.294351,43272,881,3000000,DEF,False,,3.0,0.244,0.7085308056872038,1.452374786729859,0.244,0.385666,0.45,True,1.35,angelo preciado,ecu,DEF,angelo preciado|ecu|DEF,angelo preciado|ecu,angelo preciado|ecu,,,,,,,,,,,,,,,,,
ivan_unji__bih,Ivan Sunjic,BIH,Bosnien-Hercegovina,MID,3000000,3000000,0.8426,transfermarkt_availability_split_2026_06_01,0.0766,0.907422,0.907422,49236,Bosnien-Hercegovina,3000000,True,True,name_team_position,1.0,0.035,0.057,0.028,CAN,2026-06-12 21:00,70.409,0.005641,0.006521,0.007,0.0,0.013,0.007,0.008,-0.0069259947215107,-0.032,10.747,0.017842,0.017842,SUI,2026-06-18 21:00,70.409,0.0045,0.00576,0.007,0.0,0.013,0.009,0.008,-0.0069780136804969,-0.032,10.747,0.011802,0.011212,QAT,2026-06-24 21:00,70.409,0.017703,0.017048,0.008,0.0,0.013,0.012,0.009,-0.0060840633395116,-0.032,10.747,0.117575,0.105817,0.147219,37124,882,3000000,MID,False,,3.0,0.14,0.6713286713286714,1.9220676923076925,0.14,0.392396,0.45,True,1.35,ivan sunjic,bih,MID,ivan sunjic|bih|MID,ivan sunjic|bih,ivan sunjic|bih,,,,,,,,,,,,,,,,,
tshepang_moremi__rsa,Tshepang Moremi,RSA,Sydafrika,FWD,2500000,2500000,0.649,transfermarkt_availability_split_2026_06_01,0.059,0.896388,0.896388,49911,Sydafrika,2500000,True,True,name_team_position,1.0,0.06,0.091,0.04,MEX,2026-06-11 21:00,70.941,0.03375,0.04032,0.039,0.0,0.057,0.002,0.032,-0.0306277598927005,0.029,46.779,0.270332,0.270332,CZE,2026-06-18 18:00,70.941,0.042134,0.0507,0.041,0.0,0.057,0.039,0.033,-0.0298570233824107,0.029,46.779,0.375779,0.35699,KOR,2026-06-25 03:00,70.941,0.058212,0.066141,0.049,0.0,0.057,0.05,0.037,-0.0273753779484664,0.029,46.779,0.511896,0.460706,1.158007,49643,782,2500000,FWD,False,,2.5,1.672,0.2939068100358423,1.0193922580645165,1.672,1.417993,0.45,True,1.35,tshepang moremi,rsa,FWD,tshepang moremi|rsa|FWD,tshepang moremi|rsa,moremi tshepang|rsa,,,,,,,,,,,,,,,,,
emiliano_mart_nez__arg,Emiliano Martinez,ARG,Argentina,GK,5000000,5000000,0.7354,transfermarkt_availability_split_2026_06_01,0.066855,0.894533,0.894533,49065,Argentina,5000000,True,True,name_team_position,1.0,0.001,0.0,0.0,ALG,2026-06-17 03:00,80.001,0.0,0.0,0.0,0.0,0.015,0.096,0.037,-0.0250225812563678,0.017,44.928,0.109977,0.109977,AUT,2026-06-22 19:00,80.001,0.0,0.0,0.0,0.0,0.015,0.053,0.036,-0.0254343761314382,0.017,44.928,0.065566,0.062287,JOR,2026-06-28 04:00,80.001,0.0,0.0,0.0,0.0,0.015,0.049,0.035,-0.026237874224485,0.017,44.928,0.059762,0.053786,0.236302,30384,762,5000000,GK,False,,5.0,0.227,0.971875,1.7187609374999997,0.227,0.352477,0.45,True,1.35,emiliano martinez,arg,GK,emiliano martinez|arg|GK,emiliano martinez|arg,emiliano martinez|arg,,,,,,,,,,,,,,,,,
ramiz_zerrouki__alg,Ramiz Zerrouki,ALG,Algeriet,MID,2500000,2500000,0.7823,transfermarkt_availability_split_2026_06_01,0.071118,0.892088,0.892088,49747,Algeriet,2500000,True,True,name_team_position,1.0,0.031,0.063,0.022,ARG,2026-06-17 03:00,70.565,0.0135,0.02176,0.017,0.0,0.043,-0.004,0.025,-0.0231922551661744,0.01,35.41,0.114588,0.114588,JOR,2026-06-23 05:00,70.565,0.044129,0.054535,0.019,0.0,0.043,0.035,0.027,-0.0213684966915701,0.01,35.41,0.410882,0.390337,AUT,2026-06-28 04:00,70.565,0.023285,0.035163,0.021,0.0,0.043,0.038,0.028,-0.0207863731019952,0.01,35.41,0.255128,0.229615,0.780598,44920,761,2500000,MID,False,,2.5,0.748,0.3857808857808857,1.1045215384615383,0.748,0.726153,0.45,True,1.35,ramiz zerrouki,alg,MID,ramiz zerrouki|alg|MID,ramiz zerrouki|alg,ramiz zerrouki|alg,,,,,,,,,,,,,,,,,
ao_tanaka__jpn,Ao Tanaka,JPN,Japan,MID,2500000,2500000,0.6829,transfermarkt_availability_split_2026_06_01,0.062082,0.890968,0.890968,48856,Japan,2500000,True,True,name_team_position,1.0,0.023,0.038,0.018,NED,2026-06-14 22:00,70.488,0.013116,0.016035,0.013,0.0,0.042,0.021,0.024,-0.0224212151293417,0.009,34.532,0.116264,0.116264,TUN,2026-06-21 06:00,70.488,0.028039,0.029268,0.014,0.0,0.042,0.031,0.025,-0.0216329715573722,0.009,34.532,0.243366,0.231198,SWE,2026-06-26 01:00,70.488,0.030059,0.030377,0.017,0.0,0.042,0.039,0.028,-0.0198131681472177,0.009,34.532,0.272613,0.245352,0.631098,43302,772,2500000,MID,False,,2.5,0.52,0.3857808857808857,1.1045215384615383,0.52,0.555153,0.45,True,1.35,ao tanaka,jpn,MID,ao tanaka|jpn|MID,ao tanaka|jpn,ao tanaka|jpn,,,,,,,,,,,,,,,,,
shogo_taniguchi__jpn,Shogo Taniguchi,JPN,Japan,DEF,3000000,3000000,0.5529,transfermarkt_availability_split_2026_06_01,0.050264,0.888959,0.888959,49846,Japan,3000000,True,True,name_team_position,1.0,0.007,0.011,0.003,NED,2026-06-14 22:00,74.819,0.0051,0.005612,0.003,0.0,0.053,0.029,0.034,-0.0309691894406871,0.026,47.697,0.055467,0.055467,TUN,2026-06-21 06:00,74.819,0.010331,0.010642,0.003,0.0,0.053,0.043,0.035,-0.0298804320131835,0.026,47.697,0.118032,0.11213,SWE,2026-06-26 01:00,74.819,0.010456,0.010936,0.003,0.0,0.053,0.054,0.038,-0.0273668378021307,0.026,47.697,0.136177,0.122559,0.309676,43301,772,3000000,DEF,False,,3.0,0.26,0.7085308056872038,1.452374786729859,0.26,0.397666,0.45,True,1.35,shogo taniguchi,jpn,DEF,shogo taniguchi|jpn|DEF,shogo taniguchi|jpn,shogo taniguchi|jpn,,,,,,,,,,,,,,,,,
jearl_margaritha__cuw,Jearl Margaritha,CUW,Curaçao,FWD,3000000,3000000,0.6291,transfermarkt_availability_split_2026_06_01,0.057191,0.88842,0.88842,49265,Curaçao,3000000,True,True,name_team_position,1.0,0.061,0.083,0.048,GER,2026-06-14 19:00,71.291,0.030937,0.03328,0.043,0.0,0.058,-0.035,0.031,-0.0321065489467133,0.03,47.558,0.202481,0.202481,ECU,2026-06-21 02:00,71.291,0.03375,0.03648,0.046,0.0,0.058,0.035,0.032,-0.0312045454411105,0.03,47.558,0.298235,0.283324,CIV,2026-06-25 22:00,71.291,0.0405,0.04352,0.056,0.0,0.058,0.046,0.036,-0.0288077666599864,0.03,47.558,0.373752,0.336377,0.87502,51996,1128,3000000,FWD,False,,3.0,1.494,0.507168458781362,1.759073225806452,1.494,1.403487,0.45,True,1.35,jearl margaritha,cuw,FWD,jearl margaritha|cuw|FWD,jearl margaritha|cuw,jearl margaritha|cuw,,,,,,,,,,,,,,,,,
mohammed_ghorbani__irn,Mohammad Ghorbani,IRN,Iran,MID,2500000,2500000,0.6168,transfermarkt_availability_split_2026_06_01,0.056073,0.888149,0.888149,49589,Iran,2500000,True,True,name_team_position,1.0,0.038,0.057,0.032,NZL,2026-06-16 03:00,70.36,0.047378,0.04431,0.027,0.0,0.036,0.053,0.024,-0.0160163875145947,0.0,29.326,0.421804,0.421804,BEL,2026-06-21 21:00,70.36,0.014062,0.016,0.02,0.0,0.036,0.023,0.02,-0.0191664135004654,0.0,29.326,0.126144,0.119836,EGY,2026-06-27 05:00,70.36,0.021592,0.023685,0.021,0.0,0.036,0.025,0.021,-0.01868080950865,0.0,29.326,0.191334,0.172201,0.739282,49522,883,2500000,MID,False,0.9411764705882352,2.5,0.716,0.3857808857808857,1.1045215384615383,0.716,0.702153,0.45,True,1.35,mohammad ghorbani,irn,MID,mohammad ghorbani|irn|MID,mohammad ghorbani|irn,ghorbani mohammad|irn,,,,,,,,,,,,,,,,,
hwang_hee_chan__kor,Hee-Chan Hwang,KOR,Sydkorea,MID,3000000,3000000,0.7563,transfermarkt_availability_split_2026_06_01,0.068755,0.883709,0.883709,49176,Sydkorea,3000000,True,True,name_team_position,1.0,0.027,0.043,0.021,CZE,2026-06-12 04:00,70.36,0.009159,0.010126,0.007,0.0,0.014,0.011,0.009,-0.0066962923259186,-0.03,11.639,0.052477,0.052477,MEX,2026-06-19 03:00,70.36,0.004171,0.005606,0.005,0.0,0.014,0.009,0.008,-0.007554247760851,-0.03,11.639,0.008119,0.007713,RSA,2026-06-25 03:00,70.36,0.008765,0.009418,0.006,0.0,0.014,0.01,0.009,-0.0072883056055469,-0.03,11.639,0.045791,0.041212,0.106387,34492,774,3000000,MID,False,,3.0,0.107,0.6713286713286714,1.9220676923076925,0.107,0.367646,0.45,True,1.35,hee chan hwang,kor,MID,hee chan hwang|kor|MID,hee chan hwang|kor,chan hee hwang|kor,,,,,,,,,,,,,,,,,
samed_ba_dar__bih,Samed Bazdar,BIH,Bosnien-Hercegovina,FWD,2000000,2000000,0.5293,transfermarkt_availability_split_2026_06_01,0.048118,0.883691,0.883691,49817,Bosnien-Hercegovina,2000000,True,True,name_team_position,1.0,0.04,0.081,0.032,CAN,2026-06-12 21:00,70.837,0.030712,0.049994,0.038,0.002371,0.068,0.035,0.039,-0.0356623932581821,0.044,55.338,0.325168,0.325168,SUI,2026-06-18 21:00,70.837,0.027,0.04352,0.038,0.001804,0.068,0.044,0.039,-0.0359302422310502,0.044,55.338,0.29963,0.284648,QAT,2026-06-24 21:00,70.837,0.099779,0.123594,0.048,0.008459,0.068,0.064,0.044,-0.0313272343028912,0.044,55.338,0.870571,0.783514,1.494483,45689,882,2000000,FWD,False,,2.0,1.594,0.086021505376344,0.2983587096774194,1.594,1.243498,0.45,True,1.35,samed bazdar,bih,FWD,samed bazdar|bih|FWD,samed bazdar|bih,bazdar samed|bih,,,,,,,,,,,,,,,,,
kaan_ayhan__tur,Kaan Ayhan,TUR,Tyrkiet,MID,2000000,2000000,0.7528,transfermarkt_availability_split_2026_06_01,0.068436,0.88326,0.88326,49365,Tyrkiet,2000000,True,True,name_team_position,1.0,0.045,0.07,0.04,AUS,2026-06-14 06:00,70.927,0.055755,0.052983,0.032,0.0,0.043,0.059,0.026,-0.022008026448594,0.009,35.116,0.498716,0.498716,PAR,2026-06-20 06:00,70.927,0.054648,0.054102,0.038,0.0,0.043,0.04,0.028,-0.0200927685334441,0.009,35.116,0.487453,0.463081,USA,2026-06-26 04:00,70.927,0.042153,0.045349,0.037,0.0,0.043,0.037,0.027,-0.0207822407290869,0.009,35.116,0.39303,0.353727,1.379199,31041,586,2000000,MID,False,,2.0,1.131,0.106060606060606,0.30366,1.131,0.893655,0.45,True,1.35,kaan ayhan,tur,MID,kaan ayhan|tur|MID,kaan ayhan|tur,ayhan kaan|tur,,,,,,,,,,,,,,,,,
omar_alderete__par,Omar Alderete,PAR,Paraguay,DEF,3500000,3500000,0.6182,transfermarkt_availability_split_2026_06_01,0.0562,0.880257,0.880257,49682,Paraguay,3500000,True,True,name_team_position,1.0,0.01,0.014,0.005,USA,2026-06-13 03:00,74.772,0.005709,0.006324,0.004,0.0,0.045,0.023,0.028,-0.0260267322213447,0.014,40.055,0.051199,0.051199,TUR,2026-06-20 06:00,74.772,0.006451,0.006878,0.004,0.0,0.045,0.034,0.029,-0.0256058894485782,0.014,40.055,0.069734,0.066247,AUS,2026-06-26 04:00,74.772,0.012417,0.011701,0.005,0.0,0.045,0.045,0.032,-0.0229949609603443,0.014,40.055,0.13761,0.123849,0.259504,39980,778,3500000,DEF,False,,3.5,0.254,0.8530805687203792,1.7486786729857835,0.254,0.434513,0.45,True,1.35,omar alderete,par,DEF,omar alderete|par|DEF,omar alderete|par,alderete omar|par,,,,,,,,,,,,,,,,,
jeremy_ar_valo__ecu,Jeremy Arevalo,ECU,Ecuador,FWD,2000000,2000000,0.0446,transfermarkt_availability_split_2026_06_01,0.004055,0.873562,0.873562,49270,Ecuador,2000000,True,True,name_team_position,1.0,0.072,0.046,0.092,CIV,2026-06-15 01:00,66.36,0.061118,0.025443,0.062,0.0,0.023,0.036,0.021,-0.0185974077510355,0.003,29.265,0.401204,0.401204,CUW,2026-06-21 02:00,66.36,0.11664,0.04375,0.079,0.0,0.023,0.036,0.024,-0.0158516712434785,0.003,29.265,0.700958,0.66591,GER,2026-06-25 22:00,66.36,0.032063,0.01633,0.07,0.0,0.023,0.03,0.023,-0.0176602848000839,0.003,29.265,0.262582,0.236324,1.363587,50548,881,2000000,FWD,False,,2.0,1.117,0.086021505376344,0.2983587096774194,1.117,0.885748,0.45,True,1.35,jeremy arevalo,ecu,FWD,jeremy arevalo|ecu|FWD,jeremy arevalo|ecu,arevalo jeremy|ecu,,,,,,,,,,,,,,,,,
jordan_pickford__eng,Jordan Pickford,ENG,England,GK,5000000,5000000,0.7459,transfermarkt_availability_split_2026_06_01,0.067809,0.868176,0.868176,49317,England,5000000,True,True,name_team_position,1.0,0.0,0.0,0.0,CRO,2026-06-17 22:00,79.819,0.0,0.0,0.0,0.0,0.013,0.067,0.031,-0.0222152720864832,0.009,38.912,0.071785,0.071785,GHA,2026-06-23 22:00,79.819,0.0,0.0,0.0,0.0,0.013,0.05,0.032,-0.0209685840924169,0.009,38.912,0.057031,0.05418,PAN,2026-06-27 23:00,79.819,0.0,0.0,0.0,0.0,0.013,0.038,0.03,-0.0237885852669518,0.009,38.912,0.040211,0.03619,0.169027,31755,769,5000000,GK,False,,5.0,0.161,0.971875,1.7187609374999997,0.161,0.302977,0.45,True,1.35,jordan pickford,eng,GK,jordan pickford|eng|GK,jordan pickford|eng,jordan pickford|eng,,,,,,,,,,,,,,,,,
jovane_cabral__cpv,Jovane Cabral,CPV,Kap Verde,FWD,2500000,2500000,0.7525,transfermarkt_availability_split_2026_06_01,0.068409,0.867239,0.867239,49342,Kap Verde,2500000,True,True,name_team_position,1.0,0.078,0.048,0.097,ESP,2026-06-15 18:00,66.673,0.0315,0.01536,0.068,0.0,0.029,-0.023,0.024,-0.0254006282927583,0.017,37.39,0.203679,0.203679,URU,2026-06-22 00:00,66.673,0.034312,0.01664,0.074,0.0,0.029,0.028,0.025,-0.0246197791288796,0.017,37.39,0.277548,0.263671,KSA,2026-06-27 02:00,66.673,0.073103,0.032467,0.095,0.0,0.029,0.039,0.029,-0.0219265075639121,0.017,37.39,0.518886,0.466998,1.000113,41217,1125,2500000,FWD,False,,2.5,1.213,0.2939068100358423,1.0193922580645165,1.213,1.073743,0.45,True,1.35,jovane cabral,cpv,FWD,jovane cabral|cpv|FWD,jovane cabral|cpv,cabral jovane|cpv,,,,,,,,,,,,,,,,,
djibril_sow__sui,Djibril Sow,SUI,Schweiz,MID,3000000,3000000,0.6478,transfermarkt_availability_split_2026_06_01,0.058891,0.86493,0.86493,49026,Schweiz,3000000,True,True,name_team_position,1.0,,,,QAT,2026-06-13 21:00,,,,,,,,,,,,0.307324,0.307324,BIH,2026-06-18 21:00,,,,,,,,,,,,0.311028,0.295476,CAN,2026-06-24 21:00,,,,,,,,,,,,0.291255,0.26213,,34398,583,3000000,MID,False,,3.0,0.0,0.6713286713286714,1.9220676923076925,0.0,0.287396,0.45,True,1.35,djibril sow,sui,MID,djibril sow|sui|MID,djibril sow|sui,djibril sow|sui,distributed_from_existing_optimizer_ev,,0.7335,0.5585,1.35,1.25,1.3195,0.6013,0.4624,1.3025,1.2161,1.1897,0.4577,0.3547,1.1403,1.1002,1.0443
johan_manzambi__sui,Johan Manzambi,SUI,Schweiz,MID,3000000,3000000,0.873,transfermarkt_availability_split_2026_06_01,0.079364,0.86493,0.86493,49301,Schweiz,3000000,True,True,name_team_position,1.0,,,,QAT,2026-06-13 21:00,,,,,,,,,,,,0.307324,0.307324,BIH,2026-06-18 21:00,,,,,,,,,,,,0.311028,0.295476,CAN,2026-06-24 21:00,,,,,,,,,,,,0.291255,0.26213,,45999,583,3000000,MID,False,,3.0,0.0,0.6713286713286714,1.9220676923076925,0.0,0.287396,0.45,True,1.35,johan manzambi,sui,MID,johan manzambi|sui|MID,johan manzambi|sui,johan manzambi|sui,distributed_from_existing_optimizer_ev,,0.7335,0.5585,1.35,1.25,1.3195,0.6013,0.4624,1.3025,1.2161,1.1897,0.4577,0.3547,1.1403,1.1002,1.0443
toni_fruk__cro,Toni Fruk,CRO,Kroatien,MID,3000000,3000000,0.4583,transfermarkt_availability_split_2026_06_01,0.041664,0.86493,0.86493,49907,Kroatien,3000000,True,True,name_team_position,1.0,,,,ENG,2026-06-17 22:00,,,,,,,,,,,,0.209173,0.209173,PAN,2026-06-24 01:00,,,,,,,,,,,,0.355419,0.337648,GHA,2026-06-27 23:00,,,,,,,,,,,,0.353454,0.318109,,50223,588,3000000,MID,False,,3.0,0.0,0.6713286713286714,1.9220676923076925,0.0,0.287396,0.45,True,1.35,toni fruk,cro,MID,toni fruk|cro|MID,toni fruk|cro,fruk toni|cro,distributed_from_existing_optimizer_ev,,0.2039,0.2077,0.7626,0.8304,0.846,0.6189,0.4865,1.3291,1.2351,1.2223,0.5459,0.4415,1.2442,1.1744,1.1615
pascal_gross__ger,Pascal Gross,GER,Tyskland,MID,3000000,3000000,0.5821,transfermarkt_availability_split_2026_06_01,0.052918,0.86493,0.86493,49708,Tyskland,3000000,True,True,name_team_position,1.0,,,,CUW,2026-06-14 19:00,,,,,,,,,,,,0.300689,0.300689,CIV,2026-06-20 22:00,,,,,,,,,,,,0.300875,0.285831,ECU,2026-06-25 22:00,,,,,,,,,,,,0.309344,0.27841,,33293,589,3000000,MID,False,,3.0,0.0,0.6713286713286714,1.9220676923076925,0.0,0.287396,0.45,True,1.35,pascal gross,ger,MID,pascal gross|ger|MID,pascal gross|ger,gross pascal|ger,distributed_from_existing_optimizer_ev,,0.9177,0.6881,1.35,1.25,1.45,0.6065,0.4226,1.3057,1.2184,1.136,0.5709,0.411,1.2686,1.1919,1.1204
danilo_dos_santos__bra,Danilo dos Santos,BRA,Brasilien,MID,3000000,3000000,0.515,transfermarkt_availability_split_2026_06_01,0.046818,0.86493,0.86493,48986,Brasilien,3000000,True,True,name_team_position,1.0,,,,MAR,2026-06-14 00:00,,,,,,,,,,,,0.278202,0.278202,HAI,2026-06-20 03:00,,,,,,,,,,,,0.311449,0.295877,SCO,2026-06-25 00:00,,,,,,,,,,,,0.323168,0.290851,,43208,764,3000000,MID,False,,3.0,0.0,0.6713286713286714,1.9220676923076925,0.0,0.287396,0.45,True,1.35,danilo dos santos,bra,MID,danilo dos santos|bra|MID,danilo dos santos|bra,danilo dos santos|bra,distributed_from_existing_optimizer_ev,,0.5861,0.4624,1.2885,1.2061,1.1897,0.8975,0.6453,1.35,1.25,1.4367,0.6691,0.5,1.35,1.25,1.2405
erick_sanchez__mex,Erick Sanchez,MEX,Mexico,MID,3000000,3000000,0.6576,transfermarkt_availability_split_2026_06_01,0.059782,0.86493,0.86493,49074,Mexico,3000000,True,True,name_team_position,1.0,,,,RSA,2026-06-11 21:00,,,,,,,,,,,,0.309214,0.309214,KOR,2026-06-19 03:00,,,,,,,,,,,,0.29857,0.283642,CZE,2026-06-25 03:00,,,,,,,,,,,,0.302305,0.272074,,43306,775,3000000,MID,False,,3.0,0.0,0.6713286713286714,1.9220676923076925,0.0,0.287396,0.45,True,1.35,erick sanchez,mex,MID,erick sanchez|mex|MID,erick sanchez|mex,erick sanchez|mex,distributed_from_existing_optimizer_ev,,0.6447,0.5376,1.35,1.25,1.2913,0.5288,0.4415,1.2281,1.1629,1.1615,0.4841,0.411,1.172,1.1228,1.1204
elijah_just__nzl,Elijah Just,NZL,New Zealand,MID,3000000,3000000,0.8857,transfermarkt_availability_split_2026_06_01,0.080518,0.86493,0.86493,49057,New Zealand,3000000,True,True,name_team_position,1.0,,,,IRN,2026-06-16 03:00,,,,,,,,,,,,0.300996,0.300996,EGY,2026-06-22 03:00,,,,,,,,,,,,0.299987,0.284987,BEL,2026-06-27 05:00,,,,,,,,,,,,0.30994,0.278946,,42819,776,3000000,MID,False,,3.0,0.0,0.6713286713286714,1.9220676923076925,0.0,0.287396,0.45,True,1.35,elijah just,nzl,MID,elijah just|nzl|MID,elijah just|nzl,elijah just|nzl,distributed_from_existing_optimizer_ev,,0.224,0.25,0.8018,0.8584,0.903,0.1926,0.217,0.75,0.8213,0.8585,0.0988,0.1063,0.75,0.8,0.7091
sphephelo_yaya_sithole__rsa,Sphephelo Yaya Sithole,RSA,Sydafrika,MID,3000000,3000000,0.8032,transfermarkt_availability_split_2026_06_01,0.073018,0.86493,0.86493,49860,Sydafrika,3000000,True,True,name_team_position,1.0,,,,MEX,2026-06-11 21:00,,,,,,,,,,,,0.26602,0.26602,CZE,2026-06-18 18:00,,,,,,,,,,,,0.305387,0.290118,KOR,2026-06-25 03:00,,,,,,,,,,,,0.343102,0.308792,,49646,782,3000000,MID,False,,3.0,0.0,0.6713286713286714,1.9220676923076925,0.0,0.287396,0.45,True,1.35,sphephelo yaya sithole,rsa,MID,sphephelo yaya sithole|rsa|MID,sphephelo yaya sithole|rsa,sithole sphephelo yaya|rsa,distributed_from_existing_optimizer_ev,,0.1379,0.1717,0.75,0.8,0.7973,0.2281,0.25,0.8178,0.8699,0.903,0.2711,0.2337,0.881,0.915,0.881
nicolas_de_la_cruz__uru,Nicolas de la Cruz,URU,Uruguay,MID,3000000,3000000,0.731,transfermarkt_availability_split_2026_06_01,0.066455,0.86493,0.86493,49644,Uruguay,3000000,True,True,name_team_position,1.0,,,,KSA,2026-06-16 00:00,,,,,,,,,,,,0.330901,0.330901,CPV,2026-06-22 00:00,,,,,,,,,,,,0.352047,0.334445,ESP,2026-06-27 02:00,,,,,,,,,,,,0.22176,0.199584,,43385,783,3000000,MID,False,,3.0,0.0,0.6713286713286714,1.9220676923076925,0.0,0.287396,0.45,True,1.35,nicolas de la cruz,uru,MID,nicolas de la cruz|uru|MID,nicolas de la cruz|uru,cruz de la nicolas|uru,distributed_from_existing_optimizer_ev,,0.6308,0.4865,1.3354,1.2396,1.2223,0.654,0.5,1.35,1.25,1.2405,0.1868,0.1717,0.75,0.8051,0.7973
giovanni_reyna__usa,Giovanni Reyna,USA,USA,MID,3000000,3000000,0.7955,transfermarkt_availability_split_2026_06_01,0.072318,0.86493,0.86493,49139,USA,3000000,True,True,name_team_position,1.0,,,,PAR,2026-06-13 03:00,,,,,,,,,,,,0.292923,0.292923,AUS,2026-06-19 21:00,,,,,,,,,,,,0.327843,0.311451,TUR,2026-06-26 04:00,,,,,,,,,,,,0.289507,0.260556,,39216,784,3000000,MID,False,,3.0,0.0,0.6713286713286714,1.9220676923076925,0.0,0.287396,0.45,True,1.35,giovanni reyna,usa,MID,giovanni reyna|usa|MID,giovanni reyna|usa,giovanni reyna|usa,distributed_from_existing_optimizer_ev,,0.4761,0.411,1.1552,1.1109,1.1204,0.5448,0.4226,1.2373,1.1695,1.136,0.3714,0.2766,1.0099,1.0071,0.9389
axel_witsel__bel,Axel Witsel,BEL,Belgien,MID,3000000,3000000,0.8263,transfermarkt_availability_split_2026_06_01,0.075118,0.86493,0.86493,48872,Belgien,3000000,True,True,name_team_position,1.0,,,,EGY,2026-06-15 21:00,,,,,,,,,,,,0.275791,0.275791,IRN,2026-06-21 21:00,,,,,,,,,,,,0.309265,0.293802,NZL,2026-06-27 05:00,,,,,,,,,,,,0.328153,0.295338,,25493,884,3000000,MID,False,,3.0,0.0,0.6713286713286714,1.9220676923076925,0.0,0.287396,0.45,True,1.35,axel witsel,bel,MID,axel witsel|bel|MID,axel witsel|bel,axel witsel|bel,distributed_from_existing_optimizer_ev,,0.566,0.3923,1.2612,1.1865,1.0951,0.6655,0.5,1.35,1.25,1.2405,0.7346,0.5135,1.35,1.25,1.2588
marwan_ateya__egy,Marwan Ateya,EGY,Egypten,MID,3000000,3000000,0.8011,transfermarkt_availability_split_2026_06_01,0.072827,0.86493,0.86493,49522,Egypten,3000000,True,True,name_team_position,1.0,,,,BEL,2026-06-15 21:00,,,,,,,,,,,,0.220245,0.220245,NZL,2026-06-22 03:00,,,,,,,,,,,,0.360335,0.342318,IRN,2026-06-27 05:00,,,,,,,,,,,,0.335963,0.302367,,49743,973,3000000,MID,False,,3.0,0.0,0.6713286713286714,1.9220676923076925,0.0,0.287396,0.45,True,1.35,marwan ateya,egy,MID,marwan ateya|egy|MID,marwan ateya|egy,ateya marwan|egy,distributed_from_existing_optimizer_ev,,0.1929,0.1717,0.75,0.8135,0.7973,0.5501,0.4624,1.2503,1.1787,1.1897,0.4067,0.411,1.0887,1.0634,1.1204
mahmoud_trezeguet__egy,Mahmoud Trezeguet,EGY,Egypten,MID,3000000,3000000,0.8438,transfermarkt_availability_split_2026_06_01,0.076709,0.86493,0.86493,49479,Egypten,3000000,True,True,name_team_position,1.0,,,,BEL,2026-06-15 21:00,,,,,,,,,,,,0.220245,0.220245,NZL,2026-06-22 03:00,,,,,,,,,,,,0.360335,0.342318,IRN,2026-06-27 05:00,,,,,,,,,,,,0.335963,0.302367,,36333,973,3000000,MID,False,,3.0,0.0,0.6713286713286714,1.9220676923076925,0.0,0.287396,0.45,True,1.35,mahmoud trezeguet,egy,MID,mahmoud trezeguet|egy|MID,mahmoud trezeguet|egy,mahmoud trezeguet|egy,distributed_from_existing_optimizer_ev,,0.1929,0.1717,0.75,0.8135,0.7973,0.5501,0.4624,1.2503,1.1787,1.1897,0.4067,0.411,1.0887,1.0634,1.1204
rani_khedira__tun,Rani Khedira,TUN,Tunesien,MID,3000000,3000000,0.873,transfermarkt_availability_split_2026_06_01,0.079364,0.86493,0.86493,49751,Tunesien,3000000,True,True,name_team_position,1.0,,,,SWE,2026-06-15 04:00,,,,,,,,,,,,0.3016,0.3016,JPN,2026-06-21 06:00,,,,,,,,,,,,0.303831,0.288639,NED,2026-06-26 01:00,,,,,,,,,,,,0.305211,0.27469,,30742,976,3000000,MID,False,,3.0,0.0,0.6713286713286714,1.9220676923076925,0.0,0.287396,0.45,True,1.35,rani khedira,tun,MID,rani khedira|tun|MID,rani khedira|tun,khedira rani|tun,distributed_from_existing_optimizer_ev,,0.2351,0.25,0.8278,0.877,0.903,0.2059,0.2337,0.7852,0.8466,0.881,0.1645,0.1717,0.75,0.8,0.7973
salem_al_dawsari__ksa,Salem Al-Dawsari,KSA,Saudi-Arabien,MID,3000000,3000000,0.8245,transfermarkt_availability_split_2026_06_01,0.074955,0.86493,0.86493,49814,Saudi-Arabien,3000000,True,True,name_team_position,1.0,,,,URU,2026-06-16 00:00,,,,,,,,,,,,0.261028,0.261028,ESP,2026-06-21 18:00,,,,,,,,,,,,0.270866,0.257323,CPV,2026-06-27 02:00,,,,,,,,,,,,0.385088,0.346579,,36108,977,3000000,MID,False,,3.0,0.0,0.6713286713286714,1.9220676923076925,0.0,0.287396,0.45,True,1.35,salem al dawsari,ksa,MID,salem al dawsari|ksa|MID,salem al dawsari|ksa,al dawsari salem|ksa,distributed_from_existing_optimizer_ev,,0.1516,0.1573,0.75,0.8,0.7779,0.0405,0.0741,0.75,0.8,0.6655,0.3865,0.3119,1.0319,1.0228,0.9866
mohamed_kanno__ksa,Mohamed Kanno,KSA,Saudi-Arabien,MID,3000000,3000000,0.7666,transfermarkt_availability_split_2026_06_01,0.069691,0.86493,0.86493,49579,Saudi-Arabien,3000000,True,True,name_team_position,1.0,,,,URU,2026-06-16 00:00,,,,,,,,,,,,0.261028,0.261028,ESP,2026-06-21 18:00,,,,,,,,,,,,0.270866,0.257323,CPV,2026-06-27 02:00,,,,,,,,,,,,0.385088,0.346579,,36500,977,3000000,MID,False,,3.0,0.0,0.6713286713286714,1.9220676923076925,0.0,0.287396,0.45,True,1.35,mohamed kanno,ksa,MID,mohamed kanno|ksa|MID,mohamed kanno|ksa,kanno mohamed|ksa,distributed_from_existing_optimizer_ev,,0.1516,0.1573,0.75,0.8,0.7779,0.0405,0.0741,0.75,0.8,0.6655,0.3865,0.3119,1.0319,1.0228,0.9866
liam_millar__can,Liam Millar,CAN,Canada,MID,3000000,3000000,0.4691,transfermarkt_availability_split_2026_06_01,0.042645,0.86493,0.86493,49440,Canada,3000000,True,True,name_team_position,1.0,,,,BIH,2026-06-12 21:00,,,,,,,,,,,,0.303299,0.303299,QAT,2026-06-19 00:00,,,,,,,,,,,,0.353577,0.335898,SUI,2026-06-24 21:00,,,,,,,,,,,,0.250815,0.225734,,43254,1059,3000000,MID,False,,3.0,0.0,0.6713286713286714,1.9220676923076925,0.0,0.287396,0.45,True,1.35,liam millar,can,MID,liam millar|can|MID,liam millar|can,liam millar|can,distributed_from_existing_optimizer_ev,,0.5217,0.4226,1.2083,1.1487,1.136,0.6709,0.5774,1.35,1.25,1.3451,0.2572,0.25,0.8597,0.8998,0.903
jonathan_osorio__can,Jonathan Osorio,CAN,Canada,MID,3000000,3000000,0.7211,transfermarkt_availability_split_2026_06_01,0.065555,0.86493,0.86493,49312,Canada,3000000,True,True,name_team_position,1.0,,,,BIH,2026-06-12 21:00,,,,,,,,,,,,0.303299,0.303299,QAT,2026-06-19 00:00,,,,,,,,,,,,0.353577,0.335898,SUI,2026-06-24 21:00,,,,,,,,,,,,0.250815,0.225734,,43149,1059,3000000,MID,False,,3.0,0.0,0.6713286713286714,1.9220676923076925,0.0,0.287396,0.45,True,1.35,jonathan osorio,can,MID,jonathan osorio|can|MID,jonathan osorio|can,jonathan osorio|can,distributed_from_existing_optimizer_ev,,0.5217,0.4226,1.2083,1.1487,1.136,0.6709,0.5774,1.35,1.25,1.3451,0.2572,0.25,0.8597,0.8998,0.903
mousa_tamari__jor,Mousa Tamari,JOR,Jordan,MID,3000000,3000000,0.8322,transfermarkt_availability_split_2026_06_01,0.075655,0.86493,0.86493,49611,Jordan,3000000,True,True,name_team_position,1.0,,,,AUT,2026-06-17 06:00,,,,,,,,,,,,0.287281,0.287281,ALG,2026-06-23 05:00,,,,,,,,,,,,0.307661,0.292278,ARG,2026-06-28 04:00,,,,,,,,,,,,0.317079,0.285371,,49558,1123,3000000,MID,False,,3.0,0.0,0.6713286713286714,1.9220676923076925,0.0,0.287396,0.45,True,1.35,mousa tamari,jor,MID,mousa tamari|jor|MID,mousa tamari|jor,mousa tamari|jor,distributed_from_existing_optimizer_ev,,0.1177,0.1192,0.75,0.8,0.7265,0.192,0.1883,0.75,0.8175,0.8198,0.0659,0.0871,0.75,0.8,0.6832
jean_ricner_bellegarde__hai,Jean-Ricner Bellegarde,HAI,Haiti,MID,3000000,3000000,0.9021,transfermarkt_availability_split_2026_06_01,0.082009,0.86493,0.86493,49264,Haiti,3000000,True,True,name_team_position,1.0,,,,SCO,2026-06-14 03:00,,,,,,,,,,,,0.290146,0.290146,BRA,2026-06-20 03:00,,,,,,,,,,,,0.300915,0.285869,MAR,2026-06-25 00:00,,,,,,,,,,,,0.321016,0.288915,,45069,1129,3000000,MID,False,,3.0,0.0,0.6713286713286714,1.9220676923076925,0.0,0.287396,0.45,True,1.35,jean ricner bellegarde,hai,MID,jean ricner bellegarde|hai|MID,jean ricner bellegarde|hai,bellegarde jean ricner|hai,distributed_from_existing_optimizer_ev,,0.1468,0.1573,0.75,0.8,0.7779,0.0315,0.0461,0.75,0.8,0.6278,0.1136,0.096,0.75,0.8,0.6951
abdoulaye_seck__sen,Abdoulaye Seck,SEN,Senegal,DEF,3000000,3000000,0.3202,transfermarkt_availability_split_2026_06_01,0.029109,0.860954,0.860954,48721,Senegal,3000000,True,True,name_team_position,1.0,0.014,0.014,0.007,FRA,2026-06-16 21:00,74.556,0.005625,0.00448,0.005,0.0,0.042,-0.001,0.026,-0.0244016456814534,0.01,37.472,0.020788,0.020788,NOR,2026-06-23 02:00,74.556,0.008204,0.006518,0.005,0.0,0.042,0.034,0.028,-0.0234944007101208,0.01,37.472,0.080284,0.076269,IRQ,2026-06-26 21:00,74.556,0.025127,0.015443,0.007,0.0,0.042,0.046,0.031,-0.020478097156274,0.01,37.472,0.228613,0.205752,0.329685,43127,975,3000000,DEF,False,,3.0,0.285,0.7085308056872038,1.452374786729859,0.285,0.416416,0.45,True,1.35,abdoulaye seck,sen,DEF,abdoulaye seck|sen|DEF,abdoulaye seck|sen,abdoulaye seck|sen,,,,,,,,,,,,,,,,,
pape_matar_sarr__sen,Pape Matar Sarr,SEN,Senegal,MID,2500000,2500000,0.5274,transfermarkt_availability_split_2026_06_01,0.047945,0.859226,0.859226,49706,Senegal,2500000,True,True,name_team_position,1.0,0.03,0.05,0.021,FRA,2026-06-16 21:00,70.36,0.01125,0.01536,0.014,0.0,0.038,-0.001,0.022,-0.0201600393330387,0.003,30.958,0.08217,0.08217,NOR,2026-06-23 02:00,70.36,0.016408,0.021182,0.015,0.0,0.038,0.028,0.023,-0.019410495857753,0.003,30.958,0.157176,0.149317,IRQ,2026-06-26 21:00,70.36,0.04846,0.049417,0.019,0.0,0.038,0.038,0.025,-0.0169185000686266,0.003,30.958,0.420632,0.378569,0.659978,41359,975,2500000,MID,False,,2.5,0.579,0.3857808857808857,1.1045215384615383,0.579,0.599403,0.45,True,1.35,pape matar sarr,sen,MID,pape matar sarr|sen|MID,pape matar sarr|sen,matar pape sarr|sen,,,,,,,,,,,,,,,,,
gervane_kastaneer__cuw,Gervane Kastaneer,CUW,Curaçao,FWD,2500000,2500000,0.5432,transfermarkt_availability_split_2026_06_01,0.049382,0.857194,0.857194,49134,Curaçao,2500000,True,True,name_team_position,1.0,0.122,0.062,0.172,GER,2026-06-14 19:00,66.569,0.042188,0.01664,0.103,0.0,0.024,-0.023,0.02,-0.0210817460485013,0.006,31.227,0.27959,0.27959,ECU,2026-06-21 02:00,66.569,0.045562,0.01792,0.111,0.0,0.024,0.023,0.021,-0.0204894740833164,0.006,31.227,0.352519,0.334893,CIV,2026-06-25 22:00,66.569,0.054562,0.02176,0.134,0.0,0.024,0.03,0.024,-0.0189157053895227,0.006,31.227,0.434612,0.391151,1.066721,51994,1128,2500000,FWD,False,,2.5,1.517,0.2939068100358423,1.0193922580645165,1.517,1.301743,0.45,True,1.35,gervane kastaneer,cuw,FWD,gervane kastaneer|cuw|FWD,gervane kastaneer|cuw,gervane kastaneer|cuw,,,,,,,,,,,,,,,,,
chemsdine_talbi__mar,Chemsdine Talbi,MAR,Marokko,FWD,2500000,2500000,0.0792,transfermarkt_availability_split_2026_06_01,0.0072,0.855779,0.855779,48954,Marokko,2500000,True,True,name_team_position,1.0,0.032,0.05,0.024,BRA,2026-06-14 00:00,70.36,0.012375,0.01536,0.016,0.0,0.037,0.004,0.022,-0.0194936537333962,0.001,30.191,0.082086,0.082086,SCO,2026-06-20 00:00,70.36,0.031415,0.030415,0.017,0.0,0.037,0.028,0.022,-0.0187860262399224,0.001,30.191,0.229119,0.217663,HAI,2026-06-25 00:00,70.36,0.054675,0.05,0.022,0.0,0.037,0.039,0.025,-0.0159476117496395,0.001,30.191,0.402752,0.362477,0.715047,46084,974,2500000,FWD,False,,2.5,0.618,0.2939068100358423,1.0193922580645165,0.618,0.627493,0.45,True,1.35,chemsdine talbi,mar,FWD,chemsdine talbi|mar|FWD,chemsdine talbi|mar,chemsdine talbi|mar,,,,,,,,,,,,,,,,,
gustavo_g_mez__par,Gustavo Gomez,PAR,Paraguay,DEF,3000000,3000000,0.7834,transfermarkt_availability_split_2026_06_01,0.071218,0.85568,0.85568,49159,Paraguay,3000000,True,True,name_team_position,1.0,0.011,0.016,0.005,USA,2026-06-13 03:00,75.228,0.008565,0.009486,0.006,0.0,0.061,0.032,0.039,-0.035741372673159,0.038,55.006,0.098107,0.098107,TUR,2026-06-20 06:00,75.228,0.010483,0.010316,0.006,0.0,0.061,0.046,0.039,-0.035163447705463,0.038,55.006,0.126683,0.120348,AUS,2026-06-26 04:00,75.228,0.018626,0.017552,0.007,0.0,0.061,0.062,0.044,-0.0315779738423859,0.038,55.006,0.222834,0.200551,0.447624,38262,778,3000000,DEF,False,,3.0,0.438,0.7085308056872038,1.452374786729859,0.438,0.531166,0.45,True,1.35,gustavo gomez,par,DEF,gustavo gomez|par|DEF,gustavo gomez|par,gomez gustavo|par,,,,,,,,,,,,,,,,,
aziz_g_aniyev__uzb,Aziz Ganiev,UZB,Usbekistan,MID,2500000,2500000,0.6876,transfermarkt_availability_split_2026_06_01,0.062509,0.854302,0.854302,48882,Usbekistan,2500000,True,True,name_team_position,1.0,0.09,0.056,0.114,COL,2026-06-18 04:00,66.891,0.032625,0.016,0.072,0.0,0.02,-0.002,0.019,-0.0152214185431824,-0.005,25.093,0.259904,0.259904,POR,2026-06-23 19:00,66.891,0.025875,0.0128,0.057,0.0,0.02,0.017,0.017,-0.0167938871239426,-0.005,25.093,0.216981,0.206132,COD,2026-06-28 01:30,66.891,0.047161,0.021103,0.062,0.0,0.02,0.02,0.018,-0.0161591770749693,-0.005,25.093,0.357955,0.322159,0.833987,52112,1122,2500000,MID,False,0.9523809523809524,2.5,0.931,0.3857808857808857,1.1045215384615383,0.931,0.863403,0.45,True,1.35,aziz ganiev,uzb,MID,aziz ganiev|uzb|MID,aziz ganiev|uzb,aziz ganiev|uzb,,,,,,,,,,,,,,,,,
alejandro_alex_grimaldo__esp,Alejandro 'Alex' Grimaldo,ESP,Spanien,DEF,4000000,4000000,0.3837,transfermarkt_availability_split_2026_06_01,0.034882,0.853574,0.853574,48767,Spanien,4000000,True,True,name_team_position,1.0,,,,CPV,2026-06-15 18:00,,,,,,,,,,,,0.302616,0.302616,KSA,2026-06-21 18:00,,,,,,,,,,,,0.321216,0.305155,URU,2026-06-27 02:00,,,,,,,,,,,,0.273115,0.245803,,33908,595,4000000,DEF,False,,4.0,0.0,0.9253554502369667,1.8968306161137456,0.0,0.264686,0.45,True,1.35,alejandro alex grimaldo,esp,DEF,alejandro alex grimaldo|esp|DEF,alejandro alex grimaldo|esp,alejandro alex grimaldo|esp,distributed_from_existing_optimizer_ev,,0.8701,0.625,1.35,1.25,1.4093,0.8484,0.6627,1.35,1.25,1.45,0.5766,0.4226,1.2729,1.1949,1.136
nico_o_reilly__eng,Nico O'Reilly,ENG,England,DEF,4000000,4000000,0.5417,transfermarkt_availability_split_2026_06_01,0.049245,0.853574,0.853574,49641,England,4000000,True,True,name_team_position,1.0,,,,CRO,2026-06-17 22:00,,,,,,,,,,,,0.260439,0.260439,GHA,2026-06-23 22:00,,,,,,,,,,,,0.306223,0.290912,PAN,2026-06-27 23:00,,,,,,,,,,,,0.335803,0.302223,,44258,769,4000000,DEF,False,,4.0,0.0,0.9253554502369667,1.8968306161137456,0.0,0.264686,0.45,True,1.35,nico o reilly,eng,DEF,nico o reilly|eng|DEF,nico o reilly|eng,nico o reilly|eng,distributed_from_existing_optimizer_ev,,0.5431,0.4118,1.2374,1.1696,1.1214,0.7092,0.5,1.35,1.25,1.2405,0.7628,0.5376,1.35,1.25,1.2913
alphonso_davies__can,Alphonso Davies,CAN,Canada,DEF,4000000,4000000,0.8616,transfermarkt_availability_split_2026_06_01,0.078327,0.853574,0.853574,48809,Canada,4000000,True,True,name_team_position,1.0,,,,BIH,2026-06-12 21:00,,,,,,,,,,,,0.289772,0.289772,QAT,2026-06-19 00:00,,,,,,,,,,,,0.351435,0.333864,SUI,2026-06-24 21:00,,,,,,,,,,,,0.255487,0.229939,,37298,1059,4000000,DEF,False,,4.0,0.0,0.9253554502369667,1.8968306161137456,0.0,0.264686,0.45,True,1.35,alphonso davies,can,DEF,alphonso davies|can|DEF,alphonso davies|can,alphonso davies|can,distributed_from_existing_optimizer_ev,,0.5217,0.4226,1.2083,1.1487,1.136,0.6709,0.5774,1.35,1.25,1.3451,0.2572,0.25,0.8597,0.8998,0.903
youssef_amyn__irq,Youssef Amyn,IRQ,Irak,MID,2500000,2500000,0.7231,transfermarkt_availability_split_2026_06_01,0.065736,0.85127,0.85127,49977,Irak,2500000,True,True,name_team_position,1.0,0.055,0.03,0.074,NOR,2026-06-17 00:00,66.792,0.037687,0.016,0.088,0.0,0.036,-0.004,0.036,-0.0273974544886867,0.033,46.086,0.326038,0.326038,FRA,2026-06-22 23:00,66.792,0.02925,0.01216,0.068,0.0,0.036,0.032,0.031,-0.0308839118319211,0.033,46.086,0.279846,0.265854,SEN,2026-06-26 21:00,66.792,0.030375,0.0128,0.071,0.0,0.036,0.035,0.031,-0.0302497745291488,0.033,46.086,0.294025,0.264623,0.899909,52085,947,2500000,MID,False,,2.5,1.122,0.3857808857808857,1.1045215384615383,1.122,1.006653,0.45,True,1.35,youssef amyn,irq,MID,youssef amyn|irq|MID,youssef amyn|irq,amyn youssef|irq,,,,,,,,,,,,,,,,,
sherzod_nasrullayev__uzb,Sherzod Nasrullaev,UZB,Usbekistan,DEF,2500000,2500000,0.8135,transfermarkt_availability_split_2026_06_01,0.073955,0.849536,0.849536,49845,Usbekistan,2500000,True,True,name_team_position,1.0,0.042,0.07,0.032,COL,2026-06-18 04:00,71.364,0.02925,0.0384,0.039,0.0,0.06,-0.005,0.037,-0.0297264283416659,0.032,49.006,0.303974,0.303974,POR,2026-06-23 19:00,71.364,0.023062,0.03008,0.03,0.0,0.06,0.034,0.032,-0.0327973559594091,0.032,49.006,0.263815,0.250624,COD,2026-06-28 01:30,71.364,0.042445,0.04988,0.033,0.0,0.06,0.039,0.034,-0.0315578090186944,0.032,49.006,0.450752,0.405677,1.018541,49785,1122,2500000,DEF,False,0.972972972972973,2.5,1.205,0.4372037914691943,0.8961978199052141,1.205,1.028807,0.45,True,1.35,sherzod nasrullaev,uzb,DEF,sherzod nasrullaev|uzb|DEF,sherzod nasrullaev|uzb,nasrullaev sherzod|uzb,,,,,,,,,,,,,,,,,
rustam_ashurmatov__uzb,Rustam Ashurmatov,UZB,Usbekistan,DEF,2500000,2500000,0.6628,transfermarkt_availability_split_2026_06_01,0.060255,0.849479,0.849479,49803,Usbekistan,2500000,True,True,name_team_position,1.0,0.012,0.019,0.005,COL,2026-06-18 04:00,75.636,0.010688,0.01408,0.008,0.091559,0.08,-0.007,0.054,-0.0435860358876917,0.064,71.854,0.303212,0.303212,POR,2026-06-23 19:00,75.636,0.008438,0.01088,0.006,0.063845,0.08,0.05,0.048,-0.0480887484173315,0.064,71.854,0.263638,0.250456,COD,2026-06-28 01:30,75.636,0.016035,0.018226,0.007,0.175195,0.08,0.058,0.05,-0.0462712768791602,0.064,71.854,0.589046,0.530141,1.155259,49780,1122,2500000,DEF,False,,2.5,1.725,0.4372037914691943,0.8961978199052141,1.725,1.418807,0.45,True,1.35,rustam ashurmatov,uzb,DEF,rustam ashurmatov|uzb|DEF,rustam ashurmatov|uzb,ashurmatov rustam|uzb,,,,,,,,,,,,,,,,,
aaron_wan_bissaka__cod,Aaron Wan-Bissaka,COD,Congo DR,DEF,3000000,3000000,0.7988,transfermarkt_availability_split_2026_06_01,0.072618,0.841698,0.841698,48713,Congo DR,3000000,True,True,name_team_position,1.0,0.012,0.018,0.005,POR,2026-06-17 19:00,75.258,0.007875,0.00896,0.006,0.021027,0.067,-0.013,0.041,-0.0397452261455037,0.046,60.277,0.093644,0.093644,COL,2026-06-24 04:00,75.258,0.008438,0.0096,0.006,0.025701,0.067,0.048,0.042,-0.0390213599254183,0.046,60.277,0.171949,0.163351,UZB,2026-06-28 01:30,75.258,0.02011,0.01979,0.008,0.083245,0.067,0.071,0.049,-0.0336708106880241,0.046,60.277,0.436498,0.392848,0.702091,35054,1145,3000000,DEF,False,,3.0,0.877,0.7085308056872038,1.452374786729859,0.877,0.860416,0.45,True,1.35,aaron wan bissaka,cod,DEF,aaron wan bissaka|cod|DEF,aaron wan bissaka|cod,aaron bissaka wan|cod,,,,,,,,,,,,,,,,,
john_mercado__ecu,John Mercado,ECU,Ecuador,FWD,2000000,2000000,0.0987,transfermarkt_availability_split_2026_06_01,0.008973,0.836314,0.836314,49305,Ecuador,2000000,True,True,name_team_position,1.0,0.072,0.046,0.092,CIV,2026-06-15 01:00,66.36,0.058673,0.024286,0.059,0.0,0.022,0.034,0.02,-0.0177329024020644,0.0,27.904,0.380817,0.380817,CUW,2026-06-21 02:00,66.36,0.111173,0.042188,0.075,0.0,0.022,0.035,0.023,-0.0151148021720696,0.0,27.904,0.667141,0.633784,GER,2026-06-25 22:00,66.36,0.030375,0.015677,0.066,0.0,0.022,0.028,0.022,-0.0168393418558623,0.0,27.904,0.245692,0.221122,1.29365,52165,881,2000000,FWD,False,,2.0,1.059,0.086021505376344,0.2983587096774194,1.059,0.842248,0.45,True,1.35,john mercado,ecu,FWD,john mercado|ecu|FWD,john mercado|ecu,john mercado|ecu,,,,,,,,,,,,,,,,,
alexander_n_bel__ger,Alexander Nübel,GER,Tyskland,GK,4500000,4500000,0.143,transfermarkt_availability_split_2026_06_01,0.013,0.833302,0.833302,48783,Tyskland,4500000,True,True,name_team_position,1.0,0.0,0.0,0.0,CUW,2026-06-14 19:00,79.36,0.0,0.0,0.0,0.0,0.013,0.11,0.032,-0.0194975612713006,0.007,37.696,0.116502,0.116502,CIV,2026-06-20 22:00,79.36,0.0,0.0,0.0,0.0,0.013,0.046,0.031,-0.0210195209742425,0.007,37.696,0.04998,0.047481,ECU,2026-06-25 22:00,79.36,0.0,0.0,0.0,0.0,0.013,0.036,0.028,-0.0232524985288967,0.007,37.696,0.034748,0.031273,0.20123,32580,589,4500000,GK,False,,4.5,0.196,0.915625,1.6192828124999996,0.196,0.31868,0.45,True,1.35,alexander nubel,ger,GK,alexander nubel|ger|GK,alexander nubel|ger,alexander nubel|ger,,,,,,,,,,,,,,,,,
cameron_burgess__aus,Cameron Burgess,AUS,Australien,DEF,3000000,3000000,0.7355,transfermarkt_availability_split_2026_06_01,0.066864,0.832306,0.832306,48929,Australien,3000000,True,True,name_team_position,1.0,0.012,0.017,0.006,TUR,2026-06-14 06:00,75.442,0.011819,0.012978,0.009,0.053114,0.069,0.018,0.049,-0.0363260563629793,0.049,61.945,0.246373,0.246373,USA,2026-06-19 21:00,75.442,0.008726,0.010346,0.007,0.039259,0.069,0.049,0.043,-0.0403680312984511,0.049,61.945,0.208396,0.197976,PAR,2026-06-26 04:00,75.442,0.012551,0.01265,0.008,0.060081,0.069,0.053,0.044,-0.0393968415814292,0.049,61.945,0.291037,0.261934,0.745125,45893,763,3000000,DEF,False,,3.0,1.04,0.7085308056872038,1.452374786729859,1.04,0.982666,0.45,True,1.35,cameron burgess,aus,DEF,cameron burgess|aus|DEF,cameron burgess|aus,burgess cameron|aus,,,,,,,,,,,,,,,,,
brandon_thomas_asante__gha,Brandon Thomas-Asante,GHA,Ghana,FWD,2500000,2500000,0.3589,transfermarkt_availability_split_2026_06_01,0.032627,0.829767,0.829767,48912,Ghana,2500000,True,True,name_team_position,1.0,0.067,0.036,0.091,PAN,2026-06-18 01:00,66.36,0.066988,0.02284,0.069,0.0,0.022,0.042,0.022,-0.0165952550519915,0.001,28.402,0.431877,0.431877,ENG,2026-06-23 22:00,66.36,0.0225,0.0096,0.053,0.0,0.022,0.021,0.019,-0.0188502514311208,0.001,28.402,0.17195,0.163352,CRO,2026-06-27 23:00,66.36,0.023421,0.010224,0.055,0.0,0.022,0.022,0.02,-0.0186025248427056,0.001,28.402,0.181753,0.163578,0.78558,49755,770,2500000,FWD,False,,2.5,0.844,0.2939068100358423,1.0193922580645165,0.844,0.796993,0.45,True,1.35,brandon thomas asante,gha,FWD,brandon thomas asante|gha|FWD,brandon thomas asante|gha,asante brandon thomas|gha,,,,,,,,,,,,,,,,,
dean_henderson__eng,Dean Henderson,ENG,England,GK,4500000,4500000,0.08,transfermarkt_availability_split_2026_06_01,0.007273,0.82309,0.82309,49002,England,4500000,True,True,name_team_position,1.0,0.0,0.0,0.0,CRO,2026-06-17 22:00,79.819,0.0,0.0,0.0,0.0,0.013,0.067,0.031,-0.0222152720864832,0.009,38.912,0.071785,0.071785,GHA,2026-06-23 22:00,79.819,0.0,0.0,0.0,0.0,0.013,0.05,0.032,-0.0209685840924169,0.009,38.912,0.057031,0.05418,PAN,2026-06-27 23:00,79.819,0.0,0.0,0.0,0.0,0.013,0.038,0.03,-0.0237885852669518,0.009,38.912,0.040211,0.03619,0.169027,38755,769,4500000,GK,False,,4.5,0.161,0.915625,1.6192828124999996,0.161,0.29243,0.45,True,1.35,dean henderson,eng,GK,dean henderson|eng|GK,dean henderson|eng,dean henderson|eng,,,,,,,,,,,,,,,,,
joel_waterman__can,Joel Waterman,CAN,Canada,DEF,2500000,2500000,0.2867,transfermarkt_availability_split_2026_06_01,0.026064,0.822521,0.822521,49299,Canada,2500000,True,True,name_team_position,1.0,0.012,0.018,0.011,BIH,2026-06-12 21:00,74.985,0.01898,0.018473,0.011,0.0,0.048,0.058,0.035,-0.0245713576943474,0.02,43.454,0.220728,0.220728,QAT,2026-06-19 00:00,74.985,0.025515,0.021875,0.012,0.0,0.048,0.052,0.035,-0.0240998369755967,0.02,43.454,0.265615,0.252334,SUI,2026-06-24 21:00,74.985,0.00813,0.008906,0.009,0.0,0.048,0.037,0.031,-0.0278430552667405,0.02,43.454,0.096655,0.086989,0.581731,43251,1059,2500000,DEF,False,,2.5,0.439,0.4372037914691943,0.8961978199052141,0.439,0.454307,0.45,True,1.35,joel waterman,can,DEF,joel waterman|can|DEF,joel waterman|can,joel waterman|can,,,,,,,,,,,,,,,,,
ger_nimo_rulli__arg,Geronimo Rulli,ARG,Argentina,GK,4500000,4500000,0.0987,transfermarkt_availability_split_2026_06_01,0.008973,0.819676,0.819676,49133,Argentina,4500000,True,True,name_team_position,1.0,0.0,0.0,0.0,ALG,2026-06-17 03:00,79.545,0.0,0.0,0.0,0.0,0.012,0.079,0.03,-0.0206714282190287,0.006,37.116,0.082329,0.082329,AUT,2026-06-22 19:00,79.545,0.0,0.0,0.0,0.0,0.012,0.044,0.03,-0.0210116164719419,0.006,37.116,0.046988,0.044639,JOR,2026-06-28 04:00,79.545,0.0,0.0,0.0,0.0,0.012,0.04,0.029,-0.021675395039963,0.006,37.116,0.041325,0.037192,0.170642,32632,762,4500000,GK,False,,4.5,0.164,0.915625,1.6192828124999996,0.164,0.29468,0.45,True,1.35,geronimo rulli,arg,GK,geronimo rulli|arg|GK,geronimo rulli|arg,geronimo rulli|arg,,,,,,,,,,,,,,,,,
himad_abdelli__alg,Himad Abdelli,ALG,Algeriet,MID,2500000,2500000,0.6008,transfermarkt_availability_split_2026_06_01,0.054618,0.815238,0.815238,49185,Algeriet,2500000,True,True,name_team_position,1.0,0.031,0.053,0.022,ARG,2026-06-17 03:00,70.596,0.011813,0.016,0.015,0.0,0.038,-0.003,0.022,-0.0205020033274706,0.003,31.302,0.085563,0.085563,JOR,2026-06-23 05:00,70.596,0.039401,0.040551,0.017,0.0,0.038,0.031,0.024,-0.0188897969229216,0.003,31.302,0.336768,0.31993,AUT,2026-06-28 04:00,70.596,0.020956,0.025954,0.019,0.0,0.038,0.034,0.025,-0.0183751984207513,0.003,31.302,0.207267,0.18654,0.629598,50920,761,2500000,MID,False,,2.5,0.601,0.3857808857808857,1.1045215384615383,0.601,0.615903,0.45,True,1.35,himad abdelli,alg,MID,himad abdelli|alg|MID,himad abdelli|alg,abdelli himad|alg,,,,,,,,,,,,,,,,,
alex_sandro__bra,Alex Sandro,BRA,Brasilien,DEF,2500000,2500000,0.5519,transfermarkt_availability_split_2026_06_01,0.050173,0.81521,0.81521,48778,Brasilien,2500000,True,True,name_team_position,1.0,0.007,0.013,0.003,MAR,2026-06-14 00:00,74.405,0.011621,0.011638,0.003,0.0,0.038,0.064,0.027,-0.0193726428263156,0.005,33.914,0.146267,0.146267,HAI,2026-06-20 03:00,74.405,0.012758,0.0125,0.003,0.0,0.038,0.046,0.029,-0.0175412875091541,0.005,33.914,0.141507,0.134431,SCO,2026-06-25 00:00,74.405,0.010935,0.010938,0.002,0.0,0.038,0.033,0.026,-0.0208267517620555,0.005,33.914,0.105597,0.095038,0.393371,30361,764,2500000,DEF,False,,2.5,0.249,0.4372037914691943,0.8961978199052141,0.249,0.311807,0.45,True,1.35,alex sandro,bra,DEF,alex sandro|bra|DEF,alex sandro|bra,alex sandro|bra,,,,,,,,,,,,,,,,,
path_ciss__sen,Pathe Ciss,SEN,Senegal,MID,2500000,2500000,0.4717,transfermarkt_availability_split_2026_06_01,0.042882,0.812749,0.812749,49710,Senegal,2500000,True,True,name_team_position,1.0,0.03,0.05,0.023,FRA,2026-06-16 21:00,70.36,0.010125,0.01344,0.014,0.0,0.034,-0.001,0.019,-0.0179745077962524,-0.003,27.602,0.06797,0.06797,NOR,2026-06-23 02:00,70.36,0.014916,0.018738,0.015,0.0,0.034,0.025,0.02,-0.0173062216477193,-0.003,27.602,0.136488,0.129663,IRQ,2026-06-26 21:00,70.36,0.043075,0.043241,0.019,0.0,0.034,0.034,0.023,-0.0150843808566414,-0.003,27.602,0.369014,0.332112,0.573472,40877,975,2500000,MID,False,,2.5,0.505,0.3857808857808857,1.1045215384615383,0.505,0.543903,0.45,True,1.35,pathe ciss,sen,MID,pathe ciss|sen|MID,pathe ciss|sen,ciss pathe|sen,,,,,,,,,,,,,,,,,
abdulelah_al_amri__ksa,Abdulelah Al-Amri,KSA,Saudi-Arabien,DEF,2500000,2500000,0.6689,transfermarkt_availability_split_2026_06_01,0.060809,0.811076,0.811076,48724,Saudi-Arabien,2500000,True,True,name_team_position,1.0,0.013,0.023,0.005,URU,2026-06-16 00:00,75.463,0.011813,0.016,0.008,0.063321,0.074,0.01,0.051,-0.0394960199525457,0.055,66.242,0.268688,0.268688,ESP,2026-06-21 18:00,75.463,0.009,0.01216,0.006,0.040263,0.074,0.046,0.044,-0.0444484170730796,0.055,66.242,0.21161,0.20103,CPV,2026-06-27 02:00,75.463,0.020231,0.023015,0.008,0.141949,0.074,0.061,0.049,-0.0409864522959969,0.055,66.242,0.560732,0.504659,1.04103,43336,977,2500000,DEF,False,,2.5,1.431,0.4372037914691943,0.8961978199052141,1.431,1.198307,0.45,True,1.35,abdulelah al amri,ksa,DEF,abdulelah al amri|ksa|DEF,abdulelah al amri|ksa,abdulelah al amri|ksa,,,,,,,,,,,,,,,,,
jorrel_hato__ned,Jorrel Hato,NED,Holland,DEF,2500000,2500000,0.5733,transfermarkt_availability_split_2026_06_01,0.052118,0.806267,0.806267,49325,Holland,2500000,True,True,name_team_position,1.0,0.008,0.012,0.003,JPN,2026-06-14 22:00,74.623,0.013142,0.013419,0.004,0.0,0.056,0.069,0.041,-0.02822234085524,0.03,49.967,0.178887,0.178887,SWE,2026-06-20 19:00,74.623,0.015954,0.015522,0.004,0.0,0.056,0.06,0.041,-0.0279447040840911,0.03,49.967,0.193345,0.183678,TUN,2026-06-26 01:00,74.623,0.015478,0.01345,0.003,0.0,0.056,0.048,0.038,-0.0306991440829179,0.03,49.967,0.165519,0.148967,0.536446,48181,593,2500000,DEF,False,,2.5,0.393,0.4372037914691943,0.8961978199052141,0.393,0.419807,0.45,True,1.35,jorrel hato,ned,DEF,jorrel hato|ned|DEF,jorrel hato|ned,hato jorrel|ned,,,,,,,,,,,,,,,,,
andr_s_cubas__par,Andres Cubas,PAR,Paraguay,MID,2500000,2500000,0.7229,transfermarkt_availability_split_2026_06_01,0.065718,0.804347,0.804347,48831,Paraguay,2500000,True,True,name_team_position,1.0,0.034,0.048,0.029,USA,2026-06-13 03:00,70.405,0.017128,0.018181,0.02,0.0,0.039,0.018,0.022,-0.0208514212488344,0.005,32.091,0.145332,0.145332,TUR,2026-06-20 06:00,70.405,0.02016,0.020633,0.021,0.0,0.039,0.027,0.023,-0.0205142613679914,0.005,32.091,0.179185,0.170226,AUS,2026-06-26 04:00,70.405,0.03725,0.035102,0.025,0.0,0.039,0.036,0.026,-0.0184225055034537,0.005,32.091,0.326133,0.29352,0.65065,49608,778,2500000,MID,False,,2.5,0.645,0.3857808857808857,1.1045215384615383,0.645,0.648903,0.45,True,1.35,andres cubas,par,MID,andres cubas|par|MID,andres cubas|par,andres cubas|par,,,,,,,,,,,,,,,,,
rjan_nyland__nor,Ørjan Nyland,NOR,Norge,GK,4000000,4000000,0.6193,transfermarkt_availability_split_2026_06_01,0.0563,0.802053,0.802053,49687,Norge,4000000,True,True,name_team_position,1.0,0.001,0.0,0.0,IRQ,2026-06-17 00:00,79.819,0.0,0.0,0.0,0.0,0.018,0.114,0.04,-0.0329891512105366,0.03,53.504,0.133011,0.133011,SEN,2026-06-23 02:00,79.819,0.0,0.0,0.0,0.0,0.018,0.057,0.042,-0.0315210713200572,0.03,53.504,0.079479,0.075505,FRA,2026-06-26 21:00,79.819,0.0,0.0,0.0,0.0,0.018,0.053,0.041,-0.0324701648670689,0.03,53.504,0.07353,0.066177,0.287017,30781,1126,4000000,GK,False,,4.0,0.276,0.821875,1.4534859374999995,0.276,0.361102,0.45,True,1.35,orjan nyland,nor,GK,orjan nyland|nor|GK,orjan nyland|nor,nyland orjan|nor,,,,,,,,,,,,,,,,,
douglas_santos__bra,Douglas Santos,BRA,Brasilien,DEF,2500000,2500000,0.43,transfermarkt_availability_split_2026_06_01,0.039091,0.797183,0.797183,49034,Brasilien,2500000,True,True,name_team_position,1.0,0.007,0.012,0.003,MAR,2026-06-14 00:00,74.36,0.009961,0.010183,0.003,0.0,0.037,0.063,0.027,-0.0189913781132139,0.004,33.246,0.131324,0.131324,HAI,2026-06-20 03:00,74.36,0.012758,0.0125,0.003,0.0,0.037,0.045,0.028,-0.0171960649182266,0.004,33.246,0.139852,0.132859,SCO,2026-06-25 00:00,74.36,0.010935,0.010938,0.002,0.0,0.037,0.032,0.025,-0.0204168693517622,0.004,33.246,0.104007,0.093606,0.37669,31260,764,2500000,DEF,False,,2.5,0.239,0.4372037914691943,0.8961978199052141,0.239,0.304307,0.45,True,1.35,douglas santos,bra,DEF,douglas santos|bra|DEF,douglas santos|bra,douglas santos|bra,,,,,,,,,,,,,,,,,
jos_s__por,Jose Sa,POR,Portugal,GK,4500000,4500000,0.66,transfermarkt_availability_split_2026_06_01,0.06,0.794018,0.794018,49333,Portugal,4500000,True,True,name_team_position,1.0,0.0,0.0,0.0,COD,2026-06-17 19:00,79.36,0.0,0.0,0.0,0.0,0.012,0.078,0.029,-0.0190030204936999,0.002,34.664,0.077997,0.077997,UZB,2026-06-23 19:00,79.36,0.0,0.0,0.0,0.0,0.012,0.045,0.029,-0.018335285888832,0.002,34.664,0.045665,0.043381,COL,2026-06-28 01:30,79.36,0.0,0.0,0.0,0.0,0.012,0.032,0.026,-0.0216795015878717,0.002,34.664,0.02632,0.023688,0.149982,34817,585,4500000,GK,False,,4.5,0.148,0.915625,1.6192828124999996,0.148,0.28268,0.45,True,1.35,jose sa,por,GK,jose sa|por|GK,jose sa|por,jose sa|por,,,,,,,,,,,,,,,,,
kalidou_koulibaly__sen,Kalidou Koulibaly,SEN,Senegal,DEF,2500000,2500000,0.8707,transfermarkt_availability_split_2026_06_01,0.079155,0.791602,0.791602,49370,Senegal,2500000,True,True,name_team_position,1.0,0.009,0.015,0.004,FRA,2026-06-16 21:00,74.9,0.006188,0.00768,0.004,0.013691,0.064,-0.002,0.041,-0.0377516246394684,0.043,57.973,0.074537,0.074537,NOR,2026-06-23 02:00,74.9,0.008204,0.010591,0.004,0.024227,0.064,0.052,0.043,-0.0363480319449058,0.043,57.973,0.175948,0.167151,IRQ,2026-06-26 21:00,74.9,0.025127,0.024709,0.005,0.082741,0.064,0.072,0.048,-0.0316815286668065,0.043,57.973,0.479238,0.431314,0.728661,34778,975,2500000,DEF,False,,2.5,0.644,0.4372037914691943,0.8961978199052141,0.644,0.608057,0.45,True,1.35,kalidou koulibaly,sen,DEF,kalidou koulibaly|sen|DEF,kalidou koulibaly|sen,kalidou koulibaly|sen,,,,,,,,,,,,,,,,,
wilson_isidor__hai,Wilson Isidor,HAI,Haiti,FWD,3000000,3000000,0.8655,transfermarkt_availability_split_2026_06_01,0.078682,0.791583,0.791583,49949,Haiti,3000000,True,True,name_team_position,1.0,,,,SCO,2026-06-14 03:00,,,,,,,,,,,,0.265541,0.265541,BRA,2026-06-20 03:00,,,,,,,,,,,,0.275397,0.261627,MAR,2026-06-25 00:00,,,,,,,,,,,,0.293794,0.264414,,36912,1129,3000000,FWD,False,,3.0,0.0,0.507168458781362,1.759073225806452,0.0,0.282987,0.45,True,1.35,wilson isidor,hai,FWD,wilson isidor|hai|FWD,wilson isidor|hai,isidor wilson|hai,distributed_from_existing_optimizer_ev,,0.1468,0.1573,0.75,0.8,0.7779,0.0315,0.0461,0.75,0.8,0.6278,0.1136,0.096,0.75,0.8,0.6951
don_deedson_louicius__hai,Don Deedson Louicius,HAI,Haiti,FWD,3000000,3000000,0.6357,transfermarkt_availability_split_2026_06_01,0.057791,0.791583,0.791583,49031,Haiti,3000000,True,True,name_team_position,1.0,,,,SCO,2026-06-14 03:00,,,,,,,,,,,,0.265541,0.265541,BRA,2026-06-20 03:00,,,,,,,,,,,,0.275397,0.261627,MAR,2026-06-25 00:00,,,,,,,,,,,,0.293794,0.264414,,38777,1129,3000000,FWD,False,,3.0,0.0,0.507168458781362,1.759073225806452,0.0,0.282987,0.45,True,1.35,don deedson louicius,hai,FWD,don deedson louicius|hai|FWD,don deedson louicius|hai,deedson don louicius|hai,distributed_from_existing_optimizer_ev,,0.1468,0.1573,0.75,0.8,0.7779,0.0315,0.0461,0.75,0.8,0.6278,0.1136,0.096,0.75,0.8,0.6951
ryan_mendes_da_graca__cpv,Ryan Mendes Da Graça,CPV,Kap Verde,FWD,3000000,3000000,0.8829,transfermarkt_availability_split_2026_06_01,0.080264,0.791583,0.791583,49806,Kap Verde,3000000,True,True,name_team_position,1.0,,,,ESP,2026-06-15 18:00,,,,,,,,,,,,0.240764,0.240764,URU,2026-06-22 00:00,,,,,,,,,,,,0.25661,0.24378,KSA,2026-06-27 02:00,,,,,,,,,,,,0.341155,0.307039,,30637,1125,3000000,FWD,False,,3.0,0.0,0.507168458781362,1.759073225806452,0.0,0.282987,0.45,True,1.35,ryan mendes da graca,cpv,FWD,ryan mendes da graca|cpv|FWD,ryan mendes da graca|cpv,da graca mendes ryan|cpv,distributed_from_existing_optimizer_ev,,0.0376,0.0509,0.75,0.8,0.6343,0.1342,0.1573,0.75,0.8,0.7779,0.3409,0.3373,0.9681,0.9772,1.021
cyle_christopher_larin__can,Cyle Christopher Larin,CAN,Canada,FWD,3000000,3000000,0.793,transfermarkt_availability_split_2026_06_01,0.072091,0.791583,0.791583,48971,Canada,3000000,True,True,name_team_position,1.0,,,,BIH,2026-06-12 21:00,,,,,,,,,,,,0.277579,0.277579,QAT,2026-06-19 00:00,,,,,,,,,,,,0.323593,0.307413,SUI,2026-06-24 21:00,,,,,,,,,,,,0.229546,0.206591,,36167,1059,3000000,FWD,False,,3.0,0.0,0.507168458781362,1.759073225806452,0.0,0.282987,0.45,True,1.35,cyle christopher larin,can,FWD,cyle christopher larin|can|FWD,cyle christopher larin|can,christopher cyle larin|can,distributed_from_existing_optimizer_ev,,0.5217,0.4226,1.2083,1.1487,1.136,0.6709,0.5774,1.35,1.25,1.3451,0.2572,0.25,0.8597,0.8998,0.903
ahmed_alaaeldin_abdelmotaal__qat,Ahmed Alaaeldin Abdelmotaal,QAT,Qatar,FWD,3000000,3000000,0.4247,transfermarkt_availability_split_2026_06_01,0.038609,0.791583,0.791583,48743,Qatar,3000000,True,True,name_team_position,1.0,,,,SUI,2026-06-13 21:00,,,,,,,,,,,,0.262388,0.262388,CAN,2026-06-19 00:00,,,,,,,,,,,,0.277036,0.263185,BIH,2026-06-24 21:00,,,,,,,,,,,,0.295567,0.26601,,38376,1009,3000000,FWD,False,,3.0,0.0,0.507168458781362,1.759073225806452,0.0,0.282987,0.45,True,1.35,ahmed alaaeldin abdelmotaal,qat,FWD,ahmed alaaeldin abdelmotaal|qat|FWD,ahmed alaaeldin abdelmotaal|qat,abdelmotaal ahmed alaaeldin|qat,distributed_from_existing_optimizer_ev,,0.1026,0.1063,0.75,0.8,0.7091,0.1262,0.1459,0.75,0.8,0.7624,0.1816,0.1883,0.75,0.8081,0.8198
almoez_ali__qat,Almoez Ali,QAT,Qatar,FWD,3000000,3000000,0.8237,transfermarkt_availability_split_2026_06_01,0.074882,0.791583,0.791583,48808,Qatar,3000000,True,True,name_team_position,1.0,,,,SUI,2026-06-13 21:00,,,,,,,,,,,,0.262388,0.262388,CAN,2026-06-19 00:00,,,,,,,,,,,,0.277036,0.263185,BIH,2026-06-24 21:00,,,,,,,,,,,,0.295567,0.26601,,38380,1009,3000000,FWD,False,,3.0,0.0,0.507168458781362,1.759073225806452,0.0,0.282987,0.45,True,1.35,almoez ali,qat,FWD,almoez ali|qat|FWD,almoez ali|qat,ali almoez|qat,distributed_from_existing_optimizer_ev,,0.1026,0.1063,0.75,0.8,0.7091,0.1262,0.1459,0.75,0.8,0.7624,0.1816,0.1883,0.75,0.8081,0.8198
pape_cherif_ndiaye__sen,Pape Cherif Ndiaye,SEN,Senegal,FWD,3000000,3000000,0.4289,transfermarkt_availability_split_2026_06_01,0.038991,0.791583,0.791583,49705,Senegal,3000000,True,True,name_team_position,1.0,,,,FRA,2026-06-16 21:00,,,,,,,,,,,,0.207316,0.207316,NOR,2026-06-23 02:00,,,,,,,,,,,,0.249151,0.236693,IRQ,2026-06-26 21:00,,,,,,,,,,,,0.386193,0.347574,,45100,975,3000000,FWD,False,,3.0,0.0,0.507168458781362,1.759073225806452,0.0,0.282987,0.45,True,1.35,pape cherif ndiaye,sen,FWD,pape cherif ndiaye|sen|FWD,pape cherif ndiaye|sen,cherif ndiaye pape|sen,distributed_from_existing_optimizer_ev,,0.1393,0.1573,0.75,0.8,0.7779,0.2627,0.2337,0.8636,0.9026,0.881,0.6332,0.5,1.3397,1.2427,1.2405
jose_fajardo__pan,Jose Fajardo,PAN,Panama,FWD,3000000,3000000,0.714,transfermarkt_availability_split_2026_06_01,0.064909,0.791583,0.791583,49327,Panama,3000000,True,True,name_team_position,1.0,,,,GHA,2026-06-18 01:00,,,,,,,,,,,,0.288633,0.288633,CRO,2026-06-24 01:00,,,,,,,,,,,,0.265822,0.25253,ENG,2026-06-27 23:00,,,,,,,,,,,,0.278244,0.25042,,36456,971,3000000,FWD,False,,3.0,0.0,0.507168458781362,1.759073225806452,0.0,0.282987,0.45,True,1.35,jose fajardo,pan,FWD,jose fajardo|pan|FWD,jose fajardo|pan,fajardo jose|pan,distributed_from_existing_optimizer_ev,,0.2721,0.25,0.865,0.9036,0.903,0.1487,0.1717,0.75,0.8,0.7973,0.0833,0.1063,0.75,0.8,0.7091
mohanad_ali__irq,Mohanad Ali,IRQ,Irak,FWD,3000000,3000000,0.7856,transfermarkt_availability_split_2026_06_01,0.071418,0.791583,0.791583,49597,Irak,3000000,True,True,name_team_position,1.0,,,,NOR,2026-06-17 00:00,,,,,,,,,,,,0.263659,0.263659,FRA,2026-06-22 23:00,,,,,,,,,,,,0.276053,0.26225,SEN,2026-06-26 21:00,,,,,,,,,,,,0.295193,0.265673,,52084,947,3000000,FWD,False,,3.0,0.0,0.507168458781362,1.759073225806452,0.0,0.282987,0.45,True,1.35,mohanad ali,irq,FWD,mohanad ali|irq|FWD,mohanad ali|irq,ali mohanad|irq,distributed_from_existing_optimizer_ev,,0.0886,0.096,0.75,0.8,0.6951,0.0471,0.0643,0.75,0.8,0.6523,0.1479,0.1573,0.75,0.8,0.7779
ermedin_demirovic__bih,Ermedin Demirovic,BIH,Bosnien-Hercegovina,FWD,3000000,3000000,0.8187,transfermarkt_availability_split_2026_06_01,0.074427,0.791583,0.791583,49077,Bosnien-Hercegovina,3000000,True,True,name_team_position,1.0,,,,CAN,2026-06-12 21:00,,,,,,,,,,,,0.22981,0.22981,SUI,2026-06-18 21:00,,,,,,,,,,,,0.228405,0.216985,QAT,2026-06-24 21:00,,,,,,,,,,,,0.383098,0.344788,,35589,882,3000000,FWD,False,,3.0,0.0,0.507168458781362,1.759073225806452,0.0,0.282987,0.45,True,1.35,ermedin demirovic,bih,FWD,ermedin demirovic|bih|FWD,ermedin demirovic|bih,demirovic ermedin|bih,distributed_from_existing_optimizer_ev,,0.2242,0.2337,0.7917,0.8512,0.881,0.1691,0.1883,0.75,0.8,0.8198,0.5653,0.4624,1.2686,1.1919,1.1897
timothy_weah__usa,Timothy Weah,USA,USA,FWD,3000000,3000000,0.7859,transfermarkt_availability_split_2026_06_01,0.071445,0.791583,0.791583,49899,USA,3000000,True,True,name_team_position,1.0,,,,PAR,2026-06-13 03:00,,,,,,,,,,,,0.268083,0.268083,AUS,2026-06-19 21:00,,,,,,,,,,,,0.300041,0.285039,TUR,2026-06-26 04:00,,,,,,,,,,,,0.264956,0.238461,,38952,784,3000000,FWD,False,,3.0,0.0,0.507168458781362,1.759073225806452,0.0,0.282987,0.45,True,1.35,timothy weah,usa,FWD,timothy weah|usa|FWD,timothy weah|usa,timothy weah|usa,distributed_from_existing_optimizer_ev,,0.4761,0.411,1.1552,1.1109,1.1204,0.5448,0.4226,1.2373,1.1695,1.136,0.3714,0.2766,1.0099,1.0071,0.9389
thapelo_morena__rsa,Thapelo Morena,RSA,Sydafrika,FWD,3000000,3000000,0.7525,transfermarkt_availability_split_2026_06_01,0.068409,0.791583,0.791583,49886,Sydafrika,3000000,True,True,name_team_position,1.0,,,,MEX,2026-06-11 21:00,,,,,,,,,,,,0.243461,0.243461,CZE,2026-06-18 18:00,,,,,,,,,,,,0.27949,0.265516,KOR,2026-06-25 03:00,,,,,,,,,,,,0.314007,0.282606,,49651,782,3000000,FWD,False,,3.0,0.0,0.507168458781362,1.759073225806452,0.0,0.282987,0.45,True,1.35,thapelo morena,rsa,FWD,thapelo morena|rsa|FWD,thapelo morena|rsa,morena thapelo|rsa,distributed_from_existing_optimizer_ev,,0.1379,0.1717,0.75,0.8,0.7973,0.2281,0.25,0.8178,0.8699,0.903,0.2711,0.2337,0.881,0.915,0.881
german_berterame__mex,German Berterame,MEX,Mexico,FWD,3000000,3000000,0.5779,transfermarkt_availability_split_2026_06_01,0.052536,0.791583,0.791583,49132,Mexico,3000000,True,True,name_team_position,1.0,,,,RSA,2026-06-11 21:00,,,,,,,,,,,,0.282992,0.282992,KOR,2026-06-19 03:00,,,,,,,,,,,,0.273251,0.259589,CZE,2026-06-25 03:00,,,,,,,,,,,,0.276669,0.249002,,52199,775,3000000,FWD,False,,3.0,0.0,0.507168458781362,1.759073225806452,0.0,0.282987,0.45,True,1.35,german berterame,mex,FWD,german berterame|mex|FWD,german berterame|mex,berterame german|mex,distributed_from_existing_optimizer_ev,,0.6447,0.5376,1.35,1.25,1.2913,0.5288,0.4415,1.2281,1.1629,1.1615,0.4841,0.411,1.172,1.1228,1.1204
kamaldeen_sulemana__gha,Kamaldeen Sulemana,GHA,Ghana,FWD,3000000,3000000,0.6808,transfermarkt_availability_split_2026_06_01,0.061891,0.791583,0.791583,49372,Ghana,3000000,True,True,name_team_position,1.0,,,,PAN,2026-06-18 01:00,,,,,,,,,,,,0.330242,0.330242,ENG,2026-06-23 22:00,,,,,,,,,,,,0.239604,0.227624,CRO,2026-06-27 23:00,,,,,,,,,,,,0.259686,0.233717,,39308,770,3000000,FWD,False,,3.0,0.0,0.507168458781362,1.759073225806452,0.0,0.282987,0.45,True,1.35,kamaldeen sulemana,gha,FWD,kamaldeen sulemana|gha|FWD,kamaldeen sulemana|gha,kamaldeen sulemana|gha,distributed_from_existing_optimizer_ev,,0.4649,0.375,1.135,1.0964,1.0718,0.1101,0.1192,0.75,0.8,0.7265,0.197,0.217,0.7558,0.8256,0.8585
rayan__bra,Rayan,BRA,Brasilien,FWD,3000000,3000000,0.6933,transfermarkt_availability_split_2026_06_01,0.063027,0.791583,0.791583,49756,Brasilien,3000000,True,True,name_team_position,1.0,,,,MAR,2026-06-14 00:00,,,,,,,,,,,,0.25461,0.25461,HAI,2026-06-20 03:00,,,,,,,,,,,,0.285038,0.270786,SCO,2026-06-25 00:00,,,,,,,,,,,,0.295763,0.266187,,50833,764,3000000,FWD,False,,3.0,0.0,0.507168458781362,1.759073225806452,0.0,0.282987,0.45,True,1.35,rayan,bra,FWD,rayan|bra|FWD,rayan|bra,rayan|bra,distributed_from_existing_optimizer_ev,,0.5861,0.4624,1.2885,1.2061,1.1897,0.8975,0.6453,1.35,1.25,1.4367,0.6691,0.5,1.35,1.25,1.2405
mohamed_toure__aus,Mohamed Toure,AUS,Australien,FWD,3000000,3000000,0.6883,transfermarkt_availability_split_2026_06_01,0.062573,0.791583,0.791583,49583,Australien,3000000,True,True,name_team_position,1.0,,,,TUR,2026-06-14 06:00,,,,,,,,,,,,0.257512,0.257512,USA,2026-06-19 21:00,,,,,,,,,,,,0.263899,0.250704,PAR,2026-06-26 04:00,,,,,,,,,,,,0.314853,0.283368,,45865,763,3000000,FWD,False,,3.0,0.0,0.507168458781362,1.759073225806452,0.0,0.282987,0.45,True,1.35,mohamed toure,aus,FWD,mohamed toure|aus|FWD,mohamed toure|aus,mohamed toure|aus,distributed_from_existing_optimizer_ev,,0.2165,0.2077,0.7887,0.8491,0.846,0.2058,0.2077,0.7627,0.8305,0.846,0.2718,0.2678,0.8857,0.9183,0.927
amine_gouiri__alg,Amine Gouiri,ALG,Algeriet,FWD,3000000,3000000,0.817,transfermarkt_availability_split_2026_06_01,0.074273,0.791583,0.791583,48821,Algeriet,3000000,True,True,name_team_position,1.0,,,,ARG,2026-06-17 03:00,,,,,,,,,,,,0.211414,0.211414,JOR,2026-06-23 05:00,,,,,,,,,,,,0.352164,0.334555,AUT,2026-06-28 04:00,,,,,,,,,,,,0.272904,0.245614,,36993,761,3000000,FWD,False,,3.0,0.0,0.507168458781362,1.759073225806452,0.0,0.282987,0.45,True,1.35,amine gouiri,alg,FWD,amine gouiri|alg|FWD,amine gouiri|alg,amine gouiri|alg,distributed_from_existing_optimizer_ev,,0.1295,0.1573,0.75,0.8,0.7779,0.5569,0.4226,1.2554,1.1825,1.136,0.269,0.2766,0.881,0.915,0.9389
marco_pasalic__cro,Marco Pasalic,CRO,Kroatien,FWD,3000000,3000000,0.2228,transfermarkt_availability_split_2026_06_01,0.020255,0.791583,0.791583,49495,Kroatien,3000000,True,True,name_team_position,1.0,,,,ENG,2026-06-17 22:00,,,,,,,,,,,,0.191435,0.191435,PAN,2026-06-24 01:00,,,,,,,,,,,,0.325279,0.309015,GHA,2026-06-27 23:00,,,,,,,,,,,,0.323481,0.291133,,43459,588,3000000,FWD,False,,3.0,0.0,0.507168458781362,1.759073225806452,0.0,0.282987,0.45,True,1.35,marco pasalic,cro,FWD,marco pasalic|cro|FWD,marco pasalic|cro,marco pasalic|cro,distributed_from_existing_optimizer_ev,,0.2039,0.2077,0.7626,0.8304,0.846,0.6189,0.4865,1.3291,1.2351,1.2223,0.5459,0.4415,1.2442,1.1744,1.1615
baris_alper_yilmaz__tur,Baris Alper Yilmaz,TUR,Tyrkiet,FWD,3000000,3000000,0.8921,transfermarkt_availability_split_2026_06_01,0.0811,0.791583,0.791583,48886,Tyrkiet,3000000,True,True,name_team_position,1.0,,,,AUS,2026-06-14 06:00,,,,,,,,,,,,0.287081,0.287081,PAR,2026-06-20 06:00,,,,,,,,,,,,0.277655,0.263772,USA,2026-06-26 04:00,,,,,,,,,,,,0.267478,0.24073,,45009,586,3000000,FWD,False,,3.0,0.0,0.507168458781362,1.759073225806452,0.0,0.282987,0.45,True,1.35,baris alper yilmaz,tur,FWD,baris alper yilmaz|tur|FWD,baris alper yilmaz|tur,alper baris yilmaz|tur,distributed_from_existing_optimizer_ev,,0.5184,0.411,1.2113,1.1509,1.1204,0.4216,0.375,1.102,1.0729,1.0718,0.3572,0.2766,0.9901,0.9929,0.9389
christian_fassnacht__sui,Christian Fassnacht,SUI,Schweiz,FWD,3000000,3000000,0.3606,transfermarkt_availability_split_2026_06_01,0.032782,0.791583,0.791583,48959,Schweiz,3000000,True,True,name_team_position,1.0,,,,QAT,2026-06-13 21:00,,,,,,,,,,,,0.281263,0.281263,BIH,2026-06-18 21:00,,,,,,,,,,,,0.284652,0.27042,CAN,2026-06-24 21:00,,,,,,,,,,,,0.266556,0.239901,,37116,583,3000000,FWD,False,,3.0,0.0,0.507168458781362,1.759073225806452,0.0,0.282987,0.45,True,1.35,christian fassnacht,sui,FWD,christian fassnacht|sui|FWD,christian fassnacht|sui,christian fassnacht|sui,distributed_from_existing_optimizer_ev,,0.7335,0.5585,1.35,1.25,1.3195,0.6013,0.4624,1.3025,1.2161,1.1897,0.4577,0.3547,1.1403,1.1002,1.0443
ferdi_kadioglu__tur,Ferdi Kadioglu,TUR,Tyrkiet,DEF,3500000,3500000,0.8985,transfermarkt_availability_split_2026_06_01,0.081682,0.786905,0.786905,49101,Tyrkiet,3500000,True,True,name_team_position,1.0,,,,AUS,2026-06-14 06:00,,,,,,,,,,,,0.281483,0.281483,PAR,2026-06-20 06:00,,,,,,,,,,,,0.278752,0.264814,USA,2026-06-26 04:00,,,,,,,,,,,,0.267343,0.240608,,45554,586,3500000,DEF,False,,3.5,0.0,0.8530805687203792,1.7486786729857835,0.0,0.244013,0.45,True,1.35,ferdi kadioglu,tur,DEF,ferdi kadioglu|tur|DEF,ferdi kadioglu|tur,ferdi kadioglu|tur,distributed_from_existing_optimizer_ev,,0.5184,0.411,1.2113,1.1509,1.1204,0.4216,0.375,1.102,1.0729,1.0718,0.3572,0.2766,0.9901,0.9929,0.9389
wesley_franca__bra,Wesley Franca,BRA,Brasilien,DEF,3500000,3500000,0.6273,transfermarkt_availability_split_2026_06_01,0.057027,0.786905,0.786905,49941,Brasilien,3500000,True,True,name_team_position,1.0,,,,MAR,2026-06-14 00:00,,,,,,,,,,,,0.240511,0.240511,HAI,2026-06-20 03:00,,,,,,,,,,,,0.308817,0.293376,SCO,2026-06-25 00:00,,,,,,,,,,,,0.281131,0.253018,,48077,764,3500000,DEF,False,,3.5,0.0,0.8530805687203792,1.7486786729857835,0.0,0.244013,0.45,True,1.35,wesley franca,bra,DEF,wesley franca|bra|DEF,wesley franca|bra,franca wesley|bra,distributed_from_existing_optimizer_ev,,0.5861,0.4624,1.2885,1.2061,1.1897,0.8975,0.6453,1.35,1.25,1.4367,0.6691,0.5,1.35,1.25,1.2405
reece_james__eng,Reece James,ENG,England,DEF,3500000,3500000,0.5931,transfermarkt_availability_split_2026_06_01,0.053918,0.786905,0.786905,49761,England,3500000,True,True,name_team_position,1.0,,,,CRO,2026-06-17 22:00,,,,,,,,,,,,0.240097,0.240097,GHA,2026-06-23 22:00,,,,,,,,,,,,0.282305,0.26819,PAN,2026-06-27 23:00,,,,,,,,,,,,0.309575,0.278618,,38708,769,3500000,DEF,False,,3.5,0.0,0.8530805687203792,1.7486786729857835,0.0,0.244013,0.45,True,1.35,reece james,eng,DEF,reece james|eng|DEF,reece james|eng,james reece|eng,distributed_from_existing_optimizer_ev,,0.5431,0.4118,1.2374,1.1696,1.1214,0.7092,0.5,1.35,1.25,1.2405,0.7628,0.5376,1.35,1.25,1.2913
dan_burn__eng,Dan Burn,ENG,England,DEF,3500000,3500000,0.462,transfermarkt_availability_split_2026_06_01,0.042,0.786905,0.786905,48977,England,3500000,True,True,name_team_position,1.0,,,,CRO,2026-06-17 22:00,,,,,,,,,,,,0.240097,0.240097,GHA,2026-06-23 22:00,,,,,,,,,,,,0.282305,0.26819,PAN,2026-06-27 23:00,,,,,,,,,,,,0.309575,0.278618,,31788,769,3500000,DEF,False,,3.5,0.0,0.8530805687203792,1.7486786729857835,0.0,0.244013,0.45,True,1.35,dan burn,eng,DEF,dan burn|eng|DEF,dan burn|eng,burn dan|eng,distributed_from_existing_optimizer_ev,,0.5431,0.4118,1.2374,1.1696,1.1214,0.7092,0.5,1.35,1.25,1.2405,0.7628,0.5376,1.35,1.25,1.2913
ibrahim_sa_deh__jor,Ibrahim Saadeh,JOR,Jordan,MID,2500000,2500000,0.6552,transfermarkt_availability_split_2026_06_01,0.059564,0.780601,0.780601,49206,Jordan,2500000,True,True,name_team_position,1.0,0.04,0.06,0.033,AUT,2026-06-17 06:00,71.327,0.02475,0.02944,0.035,0.0,0.067,-0.003,0.036,-0.0361925301157984,0.042,54.551,0.218877,0.218877,ALG,2026-06-23 05:00,71.327,0.030937,0.038094,0.044,0.0,0.067,0.053,0.041,-0.0330434802138628,0.042,54.551,0.348924,0.331477,ARG,2026-06-28 04:00,71.327,0.02925,0.03456,0.041,0.0,0.067,0.048,0.04,-0.0342737306194938,0.042,54.551,0.319656,0.287691,0.887457,49551,1123,2500000,MID,False,0.96,2.5,1.303,0.3857808857808857,1.1045215384615383,1.303,1.142403,0.45,True,1.35,ibrahim saadeh,jor,MID,ibrahim saadeh|jor|MID,ibrahim saadeh|jor,ibrahim saadeh|jor,,,,,,,,,,,,,,,,,
ederson_moraes__bra,Ederson Moraes,BRA,Brasilien,GK,5000000,5000000,0.3966,transfermarkt_availability_split_2026_06_01,0.036055,0.773442,0.773442,49042,Brasilien,5000000,True,True,name_team_position,1.0,,,,MAR,2026-06-14 00:00,,,,,,,,,,,,0.236396,0.236396,HAI,2026-06-20 03:00,,,,,,,,,,,,0.303534,0.288357,SCO,2026-06-25 00:00,,,,,,,,,,,,0.276321,0.248689,,33550,764,5000000,GK,False,,5.0,0.0,0.971875,1.7187609374999997,0.0,0.182227,0.45,True,1.35,ederson moraes,bra,GK,ederson moraes|bra|GK,ederson moraes|bra,ederson moraes|bra,distributed_from_existing_optimizer_ev,,0.5861,0.4624,1.2885,1.2061,1.1897,0.8975,0.6453,1.35,1.25,1.4367,0.6691,0.5,1.35,1.25,1.2405
alisson_becker__bra,Alisson Becker,BRA,Brasilien,GK,5000000,5000000,0.6934,transfermarkt_availability_split_2026_06_01,0.063036,0.773442,0.773442,48806,Brasilien,5000000,True,True,name_team_position,1.0,,,,MAR,2026-06-14 00:00,,,,,,,,,,,,0.236396,0.236396,HAI,2026-06-20 03:00,,,,,,,,,,,,0.303534,0.288357,SCO,2026-06-25 00:00,,,,,,,,,,,,0.276321,0.248689,,35717,764,5000000,GK,False,,5.0,0.0,0.971875,1.7187609374999997,0.0,0.182227,0.45,True,1.35,alisson becker,bra,GK,alisson becker|bra|GK,alisson becker|bra,alisson becker|bra,distributed_from_existing_optimizer_ev,,0.5861,0.4624,1.2885,1.2061,1.1897,0.8975,0.6453,1.35,1.25,1.4367,0.6691,0.5,1.35,1.25,1.2405
nikola_kati__bih,Nikola Katic,BIH,Bosnien-Hercegovina,DEF,3000000,3000000,0.7847,transfermarkt_availability_split_2026_06_01,0.071336,0.771951,0.771951,49655,Bosnien-Hercegovina,3000000,True,True,name_team_position,1.0,0.01,0.015,0.004,CAN,2026-06-12 21:00,74.455,0.001253,0.001449,0.001,0.0,0.013,0.007,0.008,-0.0074737786216061,-0.031,11.597,-0.023609,-0.023609,SUI,2026-06-18 21:00,74.455,0.001125,0.00128,0.001,0.0,0.013,0.009,0.008,-0.0075299118124649,-0.031,11.597,-0.02294,-0.021793,QAT,2026-06-24 21:00,74.455,0.004828,0.004262,0.001,0.0,0.013,0.013,0.009,-0.0065652580384037,-0.031,11.597,0.014189,0.01277,0.0,43069,882,3000000,DEF,False,,3.0,-0.027,0.7085308056872038,1.452374786729859,-0.027,0.182416,0.45,True,1.35,nikola katic,bih,DEF,nikola katic|bih|DEF,nikola katic|bih,katic nikola|bih,,,,,,,,,,,,,,,,,
o_uz_ayd_n__tur,Oguz Aydin,TUR,Tyrkiet,MID,2000000,2000000,0.462,name+team,0.033,0.770956,0.770956,49679,Tyrkiet,2000000,True,True,name_team_position,1.0,0.042,0.064,0.037,AUS,2026-06-14 06:00,70.59,0.046952,0.045036,0.028,0.0,0.04,0.055,0.024,-0.0204259422394483,0.005,32.592,0.421442,0.421442,PAR,2026-06-20 06:00,70.59,0.046147,0.046045,0.033,0.0,0.04,0.037,0.026,-0.0186483658793019,0.005,32.592,0.411222,0.390661,USA,2026-06-26 04:00,70.59,0.036271,0.038448,0.031,0.0,0.04,0.035,0.026,-0.0192882741998775,0.005,32.592,0.334411,0.30097,1.167075,45760,586,2000000,MID,False,0.9411764705882352,2.0,0.958,0.106060606060606,0.30366,0.958,0.763905,0.45,True,1.35,oguz aydin,tur,MID,oguz aydin|tur|MID,oguz aydin|tur,aydin oguz|tur,,,,,,,,,,,,,,,,,
kosta_barbarouses__nzl,Kosta Barbarouses,NZL,New Zealand,FWD,2500000,2500000,0.8303,transfermarkt_availability_split_2026_06_01,0.075482,0.76159,0.76159,49408,New Zealand,2500000,True,True,name_team_position,1.0,0.087,0.046,0.122,IRN,2026-06-16 03:00,66.445,0.036002,0.014737,0.077,0.0,0.023,0.006,0.021,-0.0196880456311163,0.004,30.146,0.253531,0.253531,EGY,2026-06-22 03:00,66.445,0.037687,0.016864,0.093,0.0,0.023,0.03,0.023,-0.0182092232863144,0.004,30.146,0.310131,0.294624,BEL,2026-06-27 05:00,66.445,0.036,0.01472,0.088,0.0,0.023,0.027,0.022,-0.0187737381727199,0.004,30.146,0.287386,0.258648,0.851048,49595,776,2500000,FWD,False,,2.5,1.162,0.2939068100358423,1.0193922580645165,1.162,1.035493,0.45,True,1.35,kosta barbarouses,nzl,FWD,kosta barbarouses|nzl|FWD,kosta barbarouses|nzl,barbarouses kosta|nzl,,,,,,,,,,,,,,,,,
anis_hadj_moussa__alg,Anis Hadj Moussa,ALG,Algeriet,FWD,2500000,2500000,0.4409,transfermarkt_availability_split_2026_06_01,0.040082,0.754998,0.754998,48840,Algeriet,2500000,True,True,name_team_position,1.0,0.031,0.074,0.028,ARG,2026-06-17 03:00,70.626,0.012375,0.0224,0.019,0.0,0.039,-0.003,0.022,-0.0206404129795351,0.004,31.513,0.09906,0.09906,JOR,2026-06-23 05:00,70.626,0.039401,0.057331,0.022,0.0,0.039,0.031,0.024,-0.0190173225201967,0.004,31.513,0.35258,0.334951,AUT,2026-06-28 04:00,70.626,0.020956,0.036838,0.023,0.0,0.039,0.034,0.025,-0.0184992499477855,0.004,31.513,0.222839,0.200555,0.674479,46184,761,2500000,FWD,False,,2.5,0.717,0.2939068100358423,1.0193922580645165,0.717,0.701743,0.45,True,1.35,anis hadj moussa,alg,FWD,anis hadj moussa|alg|FWD,anis hadj moussa|alg,anis hadj moussa|alg,,,,,,,,,,,,,,,,,
daizen_maeda__jpn,Daizen Maeda,JPN,Japan,FWD,2500000,2500000,0.5912,transfermarkt_availability_split_2026_06_01,0.053745,0.754117,0.754117,48975,Japan,2500000,True,True,name_team_position,1.0,0.023,0.038,0.018,NED,2026-06-14 22:00,70.497,0.013116,0.016035,0.013,0.0,0.042,0.021,0.024,-0.0225110461623224,0.009,34.67,0.103058,0.103058,TUN,2026-06-21 06:00,70.497,0.028039,0.029268,0.014,0.0,0.042,0.031,0.025,-0.0217196444772042,0.009,34.67,0.21524,0.204478,SWE,2026-06-26 01:00,70.497,0.030059,0.031592,0.017,0.0,0.042,0.039,0.028,-0.0198925499894157,0.009,34.67,0.246119,0.221508,0.564417,38325,772,2500000,FWD,False,,2.5,0.524,0.2939068100358423,1.0193922580645165,0.524,0.556993,0.45,True,1.35,daizen maeda,jpn,FWD,daizen maeda|jpn|FWD,daizen maeda|jpn,daizen maeda|jpn,,,,,,,,,,,,,,,,,
derek_cornelius__can,Derek Cornelius,CAN,Canada,DEF,2500000,2500000,0.5919,transfermarkt_availability_split_2026_06_01,0.053809,0.753211,0.753211,49014,Canada,2500000,True,True,name_team_position,1.0,0.011,0.017,0.005,BIH,2026-06-12 21:00,74.671,0.01606,0.014515,0.004,0.0,0.042,0.05,0.03,-0.0212681580742943,0.01,37.612,0.170637,0.170637,QAT,2026-06-19 00:00,74.671,0.020048,0.017188,0.004,0.0,0.042,0.045,0.031,-0.0208600252675345,0.01,37.612,0.198992,0.189042,SUI,2026-06-24 21:00,74.671,0.006651,0.007287,0.003,0.0,0.042,0.032,0.027,-0.0241000317544756,0.01,37.612,0.067667,0.0609,0.436013,43250,1059,2500000,DEF,False,,2.5,0.325,0.4372037914691943,0.8961978199052141,0.325,0.368807,0.45,True,1.35,derek cornelius,can,DEF,derek cornelius|can|DEF,derek cornelius|can,cornelius derek|can,,,,,,,,,,,,,,,,,
ronwen_williams__rsa,Ronwen Williams,RSA,Sydafrika,GK,3000000,3000000,0.6946,transfermarkt_availability_split_2026_06_01,0.063145,0.749939,0.749939,49794,Sydafrika,3000000,True,True,name_team_position,1.0,0.001,0.0,0.0,MEX,2026-06-11 21:00,80.636,0.0,0.0,0.0,0.053499,0.022,0.003,0.046,-0.0435942683640509,0.049,66.583,0.182203,0.182203,CZE,2026-06-18 18:00,80.636,0.0,0.0,0.0,0.084426,0.022,0.056,0.047,-0.0424972343535566,0.049,66.583,0.323896,0.307701,KOR,2026-06-25 03:00,80.636,0.0,0.0,0.0,0.113168,0.022,0.071,0.052,-0.0389649643667604,0.049,66.583,0.427905,0.385115,0.934004,49658,782,3000000,GK,False,,3.0,1.304,0.503125,0.8897765624999998,1.304,1.072336,0.45,True,1.35,ronwen williams,rsa,GK,ronwen williams|rsa|GK,ronwen williams|rsa,ronwen williams|rsa,,,,,,,,,,,,,,,,,
isma_l_gharbi__tun,Ismael Gharbi,TUN,Tunesien,MID,2500000,2500000,0.8814,transfermarkt_availability_split_2026_06_01,0.080127,0.748309,0.748309,49225,Tunesien,2500000,True,True,name_team_position,1.0,0.047,0.061,0.031,SWE,2026-06-15 04:00,70.76,0.028096,0.028458,0.026,0.0,0.047,0.016,0.027,-0.0244371498318499,0.015,38.302,0.238417,0.238417,JPN,2026-06-21 06:00,70.76,0.030211,0.03082,0.031,0.0,0.047,0.041,0.03,-0.0225074790381006,0.015,38.302,0.291008,0.276457,NED,2026-06-26 01:00,70.76,0.026437,0.02688,0.03,0.0,0.047,0.038,0.029,-0.0231358972639346,0.015,38.302,0.254689,0.22922,0.784114,40401,976,2500000,MID,False,,2.5,1.093,0.3857808857808857,1.1045215384615383,1.093,0.984903,0.45,True,1.35,ismael gharbi,tun,MID,ismael gharbi|tun|MID,ismael gharbi|tun,gharbi ismael|tun,,,,,,,,,,,,,,,,,
morten_thorsby__nor,Morten Thorsby,NOR,Norge,MID,2500000,2500000,0.5467,transfermarkt_availability_split_2026_06_01,0.0497,0.746557,0.746557,49608,Norge,2500000,True,True,name_team_position,1.0,0.03,0.049,0.022,IRQ,2026-06-17 00:00,70.409,0.01458,0.015625,0.006,0.0,0.014,0.024,0.009,-0.0070743966537716,-0.03,11.474,0.107701,0.107701,SEN,2026-06-23 02:00,70.409,0.011623,0.013247,0.007,0.0,0.014,0.012,0.009,-0.0067595725651373,-0.03,11.474,0.075096,0.071342,FRA,2026-06-26 21:00,70.409,0.005099,0.00678,0.007,0.0,0.014,0.011,0.009,-0.0069631020276035,-0.03,11.474,0.021872,0.019685,0.204669,31875,1126,2500000,MID,False,,2.5,0.155,0.3857808857808857,1.1045215384615383,0.155,0.281403,0.45,True,1.35,morten thorsby,nor,MID,morten thorsby|nor|MID,morten thorsby|nor,morten thorsby|nor,,,,,,,,,,,,,,,,,
zion_suzuki__jpn,Zion Suzuki,JPN,Japan,GK,4000000,4000000,0.7731,transfermarkt_availability_split_2026_06_01,0.070282,0.744325,0.744325,49995,Japan,4000000,True,True,name_team_position,1.0,0.0,0.0,0.0,NED,2026-06-14 22:00,79.819,0.0,0.0,0.0,0.0,0.017,0.031,0.036,-0.0330387967223058,0.026,50.885,0.042961,0.042961,TUN,2026-06-21 06:00,79.819,0.0,0.0,0.0,0.0,0.017,0.046,0.037,-0.0318772798735655,0.026,50.885,0.060123,0.057117,SWE,2026-06-26 01:00,79.819,0.0,0.0,0.0,0.0,0.017,0.058,0.041,-0.0291957073273937,0.026,50.885,0.078804,0.070924,0.181888,45864,772,4000000,GK,False,,4.0,0.172,0.821875,1.4534859374999995,0.172,0.283102,0.45,True,1.35,zion suzuki,jpn,GK,zion suzuki|jpn|GK,zion suzuki|jpn,suzuki zion|jpn,,,,,,,,,,,,,,,,,
gideon_mensah__gha,Gideon Mensah,GHA,Ghana,DEF,3000000,3000000,0.6819,transfermarkt_availability_split_2026_06_01,0.061991,0.74051,0.74051,49137,Ghana,3000000,True,True,name_team_position,1.0,0.008,0.012,0.004,PAN,2026-06-18 01:00,74.819,0.012882,0.012021,0.004,0.0,0.053,0.07,0.037,-0.027869287995141,0.026,47.697,0.169486,0.169486,ENG,2026-06-23 22:00,74.819,0.003938,0.00448,0.003,0.0,0.053,0.034,0.032,-0.0316562224725603,0.026,47.697,0.047412,0.045041,CRO,2026-06-27 23:00,74.819,0.00457,0.005453,0.003,0.0,0.053,0.036,0.033,-0.0312402021333147,0.026,47.697,0.057539,0.051785,0.274437,38895,770,3000000,DEF,False,,3.0,0.293,0.7085308056872038,1.452374786729859,0.293,0.422416,0.45,True,1.35,gideon mensah,gha,DEF,gideon mensah|gha|DEF,gideon mensah|gha,gideon mensah|gha,,,,,,,,,,,,,,,,,
joaqu_n_piquerez__uru,Joaquin Piquerez,URU,Uruguay,MID,2500000,2500000,0.7167,transfermarkt_availability_split_2026_06_01,0.065155,0.739639,0.739639,49293,Uruguay,2500000,True,True,name_team_position,1.0,0.008,0.013,0.004,KSA,2026-06-16 00:00,74.617,0.010699,0.010756,0.003,0.0,0.038,0.063,0.025,-0.0209100849136088,0.005,33.929,0.122853,0.122853,CPV,2026-06-22 00:00,74.617,0.01458,0.0125,0.003,0.0,0.038,0.043,0.028,-0.0182951141185886,0.005,33.929,0.133105,0.12645,ESP,2026-06-27 02:00,74.617,0.003938,0.004538,0.003,0.0,0.038,0.034,0.026,-0.0205902253739097,0.005,33.929,0.042714,0.038442,0.298672,52126,783,2500000,MID,False,,2.5,0.246,0.3857808857808857,1.1045215384615383,0.246,0.349653,0.45,True,1.35,joaquin piquerez,uru,MID,joaquin piquerez|uru|MID,joaquin piquerez|uru,joaquin piquerez|uru,,,,,,,,,,,,,,,,,
jamiro_monteiro__cpv,Jamiro Monteiro,CPV,Kap Verde,MID,2500000,2500000,0.7679,transfermarkt_availability_split_2026_06_01,0.069809,0.739253,0.739253,49251,Kap Verde,2500000,True,True,name_team_position,1.0,0.034,0.057,0.026,ESP,2026-06-15 18:00,70.902,0.017438,0.0224,0.022,0.0,0.058,-0.029,0.03,-0.0320546083652149,0.03,47.185,0.117335,0.117335,URU,2026-06-22 00:00,70.902,0.019125,0.02496,0.024,0.0,0.058,0.035,0.032,-0.0310692069864791,0.03,47.185,0.202436,0.192314,KSA,2026-06-27 02:00,70.902,0.0403,0.046791,0.031,0.0,0.058,0.05,0.036,-0.0276704026639571,0.03,47.185,0.403203,0.362882,0.722974,49718,1125,2500000,MID,False,,2.5,0.905,0.3857808857808857,1.1045215384615383,0.905,0.843903,0.45,True,1.35,jamiro monteiro,cpv,MID,jamiro monteiro|cpv|MID,jamiro monteiro|cpv,jamiro monteiro|cpv,,,,,,,,,,,,,,,,,
camilo_vargas__col,Camilo Vargas,COL,Colombia,GK,4000000,4000000,0.2844,transfermarkt_availability_split_2026_06_01,0.025855,0.738489,0.738489,48930,Colombia,4000000,True,True,name_team_position,1.0,0.0,0.0,0.0,UZB,2026-06-18 04:00,79.409,0.0,0.0,0.0,0.0,0.012,0.078,0.027,-0.0219436668111521,0.005,36.226,0.076056,0.076056,COD,2026-06-24 04:00,79.409,0.0,0.0,0.0,0.0,0.012,0.043,0.029,-0.0203431060851402,0.005,36.226,0.044657,0.042424,POR,2026-06-28 01:30,79.409,0.0,0.0,0.0,0.0,0.012,0.038,0.028,-0.0215676730284769,0.005,36.226,0.037432,0.033689,0.159152,32306,879,4000000,GK,False,,4.0,0.152,0.821875,1.4534859374999995,0.152,0.268102,0.45,True,1.35,camilo vargas,col,GK,camilo vargas|col|GK,camilo vargas|col,camilo vargas|col,,,,,,,,,,,,,,,,,
kenji_gorr__cuw,Kenji Gorre,CUW,Curaçao,FWD,2500000,2500000,0.6469,transfermarkt_availability_split_2026_06_01,0.058809,0.735161,0.735161,49383,Curaçao,2500000,True,True,name_team_position,1.0,0.062,0.084,0.049,GER,2026-06-14 19:00,71.364,0.033187,0.03584,0.045,0.0,0.061,-0.037,0.032,-0.0334695084384539,0.033,49.577,0.218798,0.218798,ECU,2026-06-21 02:00,71.364,0.035437,0.0384,0.049,0.0,0.061,0.037,0.034,-0.0325292138589153,0.033,49.577,0.316419,0.300598,CIV,2026-06-25 22:00,71.364,0.043313,0.04608,0.059,0.0,0.061,0.048,0.037,-0.0300306890946039,0.033,49.577,0.397461,0.357715,0.933232,33252,1128,2500000,FWD,False,,2.5,1.589,0.2939068100358423,1.0193922580645165,1.589,1.355743,0.45,True,1.35,kenji gorre,cuw,FWD,kenji gorre|cuw|FWD,kenji gorre|cuw,gorre kenji|cuw,,,,,,,,,,,,,,,,,
thibaut_courtois__bel,Thibaut Courtois,BEL,Belgien,GK,4500000,4500000,0.8277,transfermarkt_availability_split_2026_06_01,0.075245,0.728677,0.728677,49891,Belgien,4500000,True,True,name_team_position,1.0,,,,EGY,2026-06-15 21:00,,,,,,,,,,,,0.22467,0.22467,IRN,2026-06-21 21:00,,,,,,,,,,,,0.261192,0.248133,NZL,2026-06-27 05:00,,,,,,,,,,,,0.284305,0.255874,,29034,884,4500000,GK,False,,4.5,0.0,0.915625,1.6192828124999996,0.0,0.17168,0.45,True,1.35,thibaut courtois,bel,GK,thibaut courtois|bel|GK,thibaut courtois|bel,courtois thibaut|bel,distributed_from_existing_optimizer_ev,,0.566,0.3923,1.2612,1.1865,1.0951,0.6655,0.5,1.35,1.25,1.2405,0.7346,0.5135,1.35,1.25,1.2588
brice_samba__fra,Brice Samba,FRA,Frankrig,GK,4500000,4500000,0.1023,transfermarkt_availability_split_2026_06_01,0.0093,0.728677,0.728677,48920,Frankrig,4500000,True,True,name_team_position,1.0,,,,SEN,2026-06-16 21:00,,,,,,,,,,,,0.235682,0.235682,IRQ,2026-06-22 23:00,,,,,,,,,,,,0.292223,0.277612,NOR,2026-06-26 21:00,,,,,,,,,,,,0.239314,0.215383,,31535,592,4500000,GK,False,,4.5,0.0,0.915625,1.6192828124999996,0.0,0.17168,0.45,True,1.35,brice samba,fra,GK,brice samba|fra|GK,brice samba|fra,brice samba|fra,distributed_from_existing_optimizer_ev,,0.6521,0.4624,1.35,1.25,1.1897,0.8421,0.6627,1.35,1.25,1.45,0.5502,0.375,1.2473,1.1766,1.0718
aubrey_modiba__rsa,Aubrey Modiba,RSA,Sydafrika,DEF,3000000,3000000,0.6318,transfermarkt_availability_split_2026_06_01,0.057436,0.727484,0.727484,48867,Sydafrika,3000000,True,True,name_team_position,1.0,0.013,0.045,0.009,MEX,2026-06-11 21:00,75.355,0.007312,0.01984,0.009,0.0,0.058,0.002,0.036,-0.0338951572182156,0.032,51.769,0.090497,0.090497,CZE,2026-06-18 18:00,75.355,0.008694,0.024972,0.01,0.0,0.058,0.043,0.037,-0.0330421978349106,0.032,51.769,0.158038,0.150136,KOR,2026-06-25 03:00,75.355,0.012419,0.032652,0.012,0.0,0.058,0.056,0.041,-0.0302958082054341,0.032,51.769,0.225174,0.202657,0.472965,34639,782,3000000,DEF,False,,3.0,0.599,0.7085308056872038,1.452374786729859,0.599,0.651916,0.45,True,1.35,aubrey modiba,rsa,DEF,aubrey modiba|rsa|DEF,aubrey modiba|rsa,aubrey modiba|rsa,,,,,,,,,,,,,,,,,
abdul_fatawu_issahaku__gha,Issahaku Abdul Fatawu,GHA,Ghana,FWD,2500000,2500000,0.5565,transfermarkt_availability_split_2026_06_01,0.050591,0.726641,0.726641,49232,Ghana,2500000,True,True,name_team_position,1.0,0.031,0.045,0.025,PAN,2026-06-18 01:00,70.763,0.046376,0.043275,0.028,0.0,0.052,0.063,0.034,-0.0250726617498346,0.023,42.911,0.386256,0.386256,ENG,2026-06-23 22:00,70.763,0.015187,0.01792,0.022,0.0,0.052,0.031,0.029,-0.0284795850712225,0.023,42.911,0.139028,0.132077,CRO,2026-06-27 23:00,70.763,0.015994,0.019085,0.023,0.0,0.052,0.033,0.029,-0.0281053115250602,0.023,42.911,0.149126,0.134213,0.67441,42967,770,2500000,FWD,False,,2.5,0.814,0.2939068100358423,1.0193922580645165,0.814,0.774493,0.45,True,1.35,issahaku abdul fatawu,gha,FWD,issahaku abdul fatawu|gha|FWD,issahaku abdul fatawu|gha,abdul fatawu issahaku|gha,,,,,,,,,,,,,,,,,
nathanael_mbuku__cod,Nathanael Mbuku,COD,Congo DR,MID,2500000,2500000,0.8471,transfermarkt_availability_split_2026_06_01,0.077009,0.722905,0.722905,49630,Congo DR,2500000,True,True,name_team_position,1.0,0.06,0.063,0.039,POR,2026-06-17 19:00,70.94,0.019125,0.016,0.022,0.0,0.033,-0.006,0.018,-0.0177607170152906,-0.004,26.936,0.122864,0.122864,COL,2026-06-24 04:00,70.94,0.02025,0.01664,0.022,0.0,0.033,0.022,0.019,-0.0174372471463609,-0.004,26.936,0.159733,0.151746,UZB,2026-06-28 01:30,70.94,0.048688,0.035415,0.029,0.0,0.033,0.032,0.022,-0.0150462784666548,-0.004,26.936,0.380639,0.342575,0.664017,43609,1145,2500000,MID,False,,2.5,0.8,0.3857808857808857,1.1045215384615383,0.8,0.765153,0.45,True,1.35,nathanael mbuku,cod,MID,nathanael mbuku|cod|MID,nathanael mbuku|cod,mbuku nathanael|cod,,,,,,,,,,,,,,,,,
mohammed_muntari__qat,Mohammed Muntari,QAT,Qatar,FWD,2000000,2000000,0.66,transfermarkt_availability_split_2026_06_01,0.06,0.719448,0.719448,49594,Qatar,2000000,True,True,name_team_position,1.0,0.131,0.059,0.148,SUI,2026-06-13 21:00,66.819,0.063,0.0224,0.123,0.0,0.025,-0.006,0.025,-0.0196760330166126,0.009,32.574,0.425524,0.425524,CAN,2026-06-19 00:00,66.819,0.052875,0.01856,0.104,0.0,0.025,0.025,0.023,-0.0212045388131289,0.009,32.574,0.381975,0.362877,BIH,2026-06-24 21:00,66.819,0.055125,0.019591,0.107,0.0,0.025,0.027,0.023,-0.0208559093157075,0.009,32.574,0.399417,0.359475,1.207573,43331,1009,2000000,FWD,False,,2.0,1.749,0.086021505376344,0.2983587096774194,1.749,1.359748,0.45,True,1.35,mohammed muntari,qat,FWD,mohammed muntari|qat|FWD,mohammed muntari|qat,mohammed muntari|qat,,,,,,,,,,,,,,,,,
firas_chaouat__tun,Firas Chaouat,TUN,Tunesien,FWD,2500000,2500000,0.5292,transfermarkt_availability_split_2026_06_01,0.048109,0.718474,0.718474,49112,Tunesien,2500000,True,True,name_team_position,1.0,0.089,0.049,0.1,SWE,2026-06-15 04:00,66.403,0.035633,0.015383,0.057,0.0,0.019,0.011,0.018,-0.0159253318095636,-0.005,24.961,0.234756,0.234756,JPN,2026-06-21 06:00,66.403,0.037609,0.016485,0.067,0.0,0.019,0.027,0.02,-0.0146677936807254,-0.005,24.961,0.275223,0.261462,NED,2026-06-26 01:00,66.403,0.033187,0.01472,0.064,0.0,0.019,0.025,0.019,-0.0150773246133607,-0.005,24.961,0.245831,0.221248,0.75581,49670,976,2500000,FWD,False,,2.5,1.014,0.2939068100358423,1.0193922580645165,1.014,0.924493,0.45,True,1.35,firas chaouat,tun,FWD,firas chaouat|tun|FWD,firas chaouat|tun,chaouat firas|tun,,,,,,,,,,,,,,,,,
ronaldo_mart_nez__par,Ronaldo Martinez,PAR,Paraguay,FWD,2000000,2000000,0.5337,transfermarkt_availability_split_2026_06_01,0.048518,0.714652,0.714652,49793,Paraguay,2000000,True,True,name_team_position,1.0,0.08,0.042,0.116,USA,2026-06-13 03:00,66.36,0.038539,0.01581,0.075,0.0,0.023,0.017,0.021,-0.0193300489903217,0.004,29.749,0.276256,0.276256,TUR,2026-06-20 06:00,66.36,0.045159,0.017194,0.078,0.0,0.023,0.025,0.021,-0.0190174891443289,0.004,29.749,0.318201,0.30229,AUS,2026-06-26 04:00,66.36,0.084433,0.029252,0.095,0.0,0.023,0.033,0.024,-0.0170783530607602,0.004,29.749,0.54141,0.487269,1.135867,49613,778,2000000,FWD,False,,2.0,1.114,0.086021505376344,0.2983587096774194,1.114,0.883498,0.45,True,1.35,ronaldo martinez,par,FWD,ronaldo martinez|par|FWD,ronaldo martinez|par,martinez ronaldo|par,,,,,,,,,,,,,,,,,
evidence_makgopa__rsa,Evidence Makgopa,RSA,Sydafrika,FWD,2500000,2500000,0.7167,transfermarkt_availability_split_2026_06_01,0.065155,0.710516,0.710516,49083,Sydafrika,2500000,True,True,name_team_position,1.0,0.104,0.051,0.114,MEX,2026-06-11 21:00,66.36,0.028125,0.01088,0.054,0.0,0.017,0.001,0.015,-0.0145760398784587,-0.01,22.262,0.173564,0.173564,CZE,2026-06-18 18:00,66.36,0.035446,0.013621,0.057,0.0,0.017,0.019,0.016,-0.0142092391020021,-0.01,22.262,0.233438,0.221766,KOR,2026-06-25 03:00,66.36,0.048898,0.018419,0.068,0.0,0.017,0.024,0.017,-0.0130282006278829,-0.01,22.262,0.319821,0.287839,0.726823,49641,782,2500000,FWD,False,,2.5,0.934,0.2939068100358423,1.0193922580645165,0.934,0.864493,0.45,True,1.35,evidence makgopa,rsa,FWD,evidence makgopa|rsa|FWD,evidence makgopa|rsa,evidence makgopa|rsa,,,,,,,,,,,,,,,,,
aurele_amenda__sui,Aurele Amenda,SUI,Schweiz,DEF,2500000,2500000,0.2809,transfermarkt_availability_split_2026_06_01,0.025536,0.708092,0.708092,48868,Schweiz,2500000,True,True,name_team_position,1.0,0.006,0.01,0.003,QAT,2026-06-13 21:00,74.36,0.009113,0.007812,0.002,0.0,0.037,0.074,0.025,-0.0202520814700306,0.004,33.157,0.125862,0.125862,BIH,2026-06-18 21:00,74.36,0.010179,0.008874,0.002,0.0,0.037,0.039,0.027,-0.0185761403587071,0.004,33.157,0.10412,0.098914,CAN,2026-06-24 21:00,74.36,0.006502,0.007262,0.002,0.0,0.037,0.038,0.027,-0.0190452070039733,0.004,33.157,0.075753,0.068178,0.305735,45018,583,2500000,DEF,False,,2.5,0.216,0.4372037914691943,0.8961978199052141,0.216,0.287057,0.45,True,1.35,aurele amenda,sui,DEF,aurele amenda|sui|DEF,aurele amenda|sui,amenda aurele|sui,,,,,,,,,,,,,,,,,
miro_muheim__sui,Miro Muheim,SUI,Schweiz,DEF,2500000,2500000,0.3111,transfermarkt_availability_split_2026_06_01,0.028282,0.708092,0.708092,49569,Schweiz,2500000,True,True,name_team_position,1.0,0.006,0.01,0.003,QAT,2026-06-13 21:00,74.36,0.009113,0.007812,0.002,0.0,0.037,0.074,0.025,-0.0202520814700306,0.004,33.157,0.125862,0.125862,BIH,2026-06-18 21:00,74.36,0.010179,0.008874,0.002,0.0,0.037,0.039,0.027,-0.0185761403587071,0.004,33.157,0.10412,0.098914,CAN,2026-06-24 21:00,74.36,0.006502,0.007262,0.002,0.0,0.037,0.038,0.027,-0.0190452070039733,0.004,33.157,0.075753,0.068178,0.305735,48186,583,2500000,DEF,False,,2.5,0.216,0.4372037914691943,0.8961978199052141,0.216,0.287057,0.45,True,1.35,miro muheim,sui,DEF,miro muheim|sui|DEF,miro muheim|sui,miro muheim|sui,,,,,,,,,,,,,,,,,
shoja_khalilzadeh__irn,Shojae Khalilzadeh,IRN,Iran,DEF,2500000,2500000,0.7167,transfermarkt_availability_split_2026_06_01,0.065155,0.707857,0.707857,49847,Iran,2500000,True,True,name_team_position,1.0,0.014,0.02,0.006,NZL,2026-06-16 03:00,75.636,0.027278,0.024761,0.008,0.0,0.057,0.092,0.042,-0.0278833211791335,0.031,51.054,0.326068,0.326068,BEL,2026-06-21 21:00,75.636,0.007875,0.00896,0.006,0.0,0.057,0.04,0.036,-0.0333672785450884,0.031,51.054,0.096763,0.091925,EGY,2026-06-27 05:00,75.636,0.012457,0.013158,0.007,0.0,0.057,0.043,0.037,-0.0325218786659134,0.031,51.054,0.142694,0.128425,0.565525,43295,883,2500000,DEF,False,0.9714285714285714,2.5,0.541,0.4372037914691943,0.8961978199052141,0.541,0.530807,0.45,True,1.35,shojae khalilzadeh,irn,DEF,shojae khalilzadeh|irn|DEF,shojae khalilzadeh|irn,khalilzadeh shojae|irn,,,,,,,,,,,,,,,,,
relebohile_mofokeng__rsa,Relebohile Mofokeng,RSA,Sydafrika,FWD,2500000,2500000,0.4693,transfermarkt_availability_split_2026_06_01,0.042664,0.702796,0.702796,49762,Sydafrika,2500000,True,True,name_team_position,1.0,0.091,0.052,0.113,MEX,2026-06-11 21:00,66.436,0.025875,0.01152,0.056,0.0,0.018,0.001,0.016,-0.0150363231614301,-0.009,22.965,0.169024,0.169024,CZE,2026-06-18 18:00,66.436,0.032102,0.014378,0.059,0.0,0.018,0.019,0.016,-0.014657939522482,-0.009,22.965,0.223884,0.21269,KOR,2026-06-25 03:00,66.436,0.045017,0.019256,0.07,0.0,0.018,0.025,0.018,-0.0134396061266476,-0.009,22.965,0.310396,0.279357,0.703304,52246,782,2500000,FWD,False,,2.5,0.894,0.2939068100358423,1.0193922580645165,0.894,0.834493,0.45,True,1.35,relebohile mofokeng,rsa,FWD,relebohile mofokeng|rsa|FWD,relebohile mofokeng|rsa,mofokeng relebohile|rsa,,,,,,,,,,,,,,,,,
kamal_miller__can,Kamal Miller,CAN,Canada,DEF,2500000,2500000,0.6332,transfermarkt_availability_split_2026_06_01,0.057564,0.697341,0.697341,49371,Canada,2500000,True,True,name_team_position,1.0,0.011,0.016,0.004,BIH,2026-06-12 21:00,74.542,0.01314,0.013195,0.004,0.0,0.038,0.045,0.027,-0.0191068559543988,0.004,33.79,0.141318,0.141318,QAT,2026-06-19 00:00,74.542,0.016403,0.015625,0.004,0.0,0.038,0.041,0.027,-0.0187401982155488,0.004,33.79,0.164553,0.156325,SUI,2026-06-24 21:00,74.542,0.005174,0.006477,0.003,0.0,0.038,0.028,0.024,-0.0216509503841686,0.004,33.79,0.049824,0.044842,0.355695,43147,1059,2500000,DEF,False,,2.5,0.27,0.4372037914691943,0.8961978199052141,0.27,0.327557,0.45,True,1.35,kamal miller,can,DEF,kamal miller|can|DEF,kamal miller|can,kamal miller|can,,,,,,,,,,,,,,,,,
leandro_bacuna__cuw,Leandro Bacuna,CUW,Curaçao,MID,2500000,2500000,0.9141,transfermarkt_availability_split_2026_06_01,0.0831,0.69703,0.69703,49425,Curaçao,2500000,True,True,name_team_position,1.0,0.055,0.075,0.067,GER,2026-06-14 19:00,70.904,0.023062,0.02432,0.048,0.0,0.047,-0.028,0.025,-0.0257717407418204,0.015,38.174,0.175498,0.175498,ECU,2026-06-21 02:00,70.904,0.02475,0.02624,0.052,0.0,0.047,0.028,0.026,-0.0250477077561144,0.015,38.174,0.251422,0.238851,CIV,2026-06-25 22:00,70.904,0.029812,0.032,0.063,0.0,0.047,0.037,0.029,-0.0231238273208442,0.015,38.174,0.318936,0.287043,0.745856,31214,1128,2500000,MID,False,,2.5,1.12,0.3857808857808857,1.1045215384615383,1.12,1.005153,0.45,True,1.35,leandro bacuna,cuw,MID,leandro bacuna|cuw|MID,leandro bacuna|cuw,bacuna leandro|cuw,,,,,,,,,,,,,,,,,
ngel_romero__par,Angel Romero,PAR,Paraguay,FWD,2000000,2000000,0.6098,transfermarkt_availability_split_2026_06_01,0.055436,0.695796,0.695796,48835,Paraguay,2000000,True,True,name_team_position,1.0,0.08,0.042,0.116,USA,2026-06-13 03:00,66.36,0.037825,0.01502,0.074,0.0,0.023,0.017,0.02,-0.0189204227012116,0.003,29.119,0.26844,0.26844,TUR,2026-06-20 06:00,66.36,0.043546,0.017194,0.076,0.0,0.023,0.024,0.021,-0.0186144863629969,0.003,29.119,0.308152,0.292744,AUS,2026-06-26 04:00,66.36,0.08195,0.028082,0.093,0.0,0.023,0.033,0.023,-0.0167164428352924,0.003,29.119,0.52433,0.471897,1.100922,38260,778,2000000,FWD,False,,2.0,1.087,0.086021505376344,0.2983587096774194,1.087,0.863248,0.45,True,1.35,angel romero,par,FWD,angel romero|par|FWD,angel romero|par,angel romero|par,,,,,,,,,,,,,,,,,
luka_su_i__cro,Luka Sucic,CRO,Kroatien,MID,2000000,2000000,0.597,transfermarkt_availability_split_2026_06_01,0.054273,0.693371,0.693371,49466,Kroatien,2000000,True,True,name_team_position,1.0,0.032,0.056,0.026,ENG,2026-06-17 22:00,70.524,0.014539,0.021376,0.02,0.0,0.043,0.01,0.025,-0.0225892702236498,0.01,34.973,0.136234,0.136234,PAN,2026-06-24 01:00,70.524,0.047696,0.05034,0.022,0.0,0.043,0.033,0.026,-0.0216767661989625,0.01,34.973,0.415823,0.395032,GHA,2026-06-27 23:00,70.524,0.051086,0.055169,0.026,0.0,0.043,0.043,0.029,-0.0192195969522301,0.01,34.973,0.466717,0.420046,1.018774,39934,588,2000000,MID,False,,2.0,0.764,0.106060606060606,0.30366,0.764,0.618405,0.45,True,1.35,luka sucic,cro,MID,luka sucic|cro|MID,luka sucic|cro,luka sucic|cro,,,,,,,,,,,,,,,,,
laros_duarte__cpv,Laros Duarte,CPV,Kap Verde,MID,2500000,2500000,0.652,transfermarkt_availability_split_2026_06_01,0.059273,0.693167,0.693167,49422,Kap Verde,2500000,True,True,name_team_position,1.0,0.033,0.056,0.025,ESP,2026-06-15 18:00,70.783,0.01575,0.02048,0.02,0.0,0.053,-0.027,0.028,-0.0296783694825368,0.024,43.687,0.102512,0.102512,URU,2026-06-22 00:00,70.783,0.016875,0.0224,0.022,0.0,0.053,0.032,0.029,-0.0287660168537503,0.024,43.687,0.176809,0.167969,KSA,2026-06-27 02:00,70.783,0.035614,0.042017,0.028,0.0,0.053,0.046,0.034,-0.0256191691576757,0.024,43.687,0.357502,0.321752,0.636823,49715,1125,2500000,MID,False,,2.5,0.803,0.3857808857808857,1.1045215384615383,0.803,0.767403,0.45,True,1.35,laros duarte,cpv,MID,laros duarte|cpv|MID,laros duarte|cpv,duarte laros|cpv,,,,,,,,,,,,,,,,,
gustaf_lagerbielke__swe,Gustaf Lagerbielke,SWE,Sverige,DEF,3000000,3000000,0.5292,transfermarkt_availability_split_2026_06_01,0.048109,0.685619,0.685619,49157,Sverige,3000000,True,True,name_team_position,1.0,0.008,0.012,0.004,TUN,2026-06-15 04:00,74.36,0.002748,0.002522,0.001,0.0,0.012,0.017,0.009,-0.0061302379753657,-0.033,10.708,-7.6e-05,-7.6e-05,NED,2026-06-20 19:00,74.36,0.001125,0.001319,0.001,0.0,0.012,0.008,0.007,-0.0069856149719373,-0.033,10.708,-0.025279,-0.024015,JPN,2026-06-26 01:00,74.36,0.001469,0.001611,0.001,0.0,0.012,0.009,0.008,-0.0068397508521769,-0.033,10.708,-0.020193,-0.018173,0.0,40744,598,3000000,DEF,False,,3.0,-0.038,0.7085308056872038,1.452374786729859,-0.038,0.174166,0.45,True,1.35,gustaf lagerbielke,swe,DEF,gustaf lagerbielke|swe|DEF,gustaf lagerbielke|swe,gustaf lagerbielke|swe,,,,,,,,,,,,,,,,,
maximilian_w_ber__aut,Maximilian Wöber,AUT,Østrig,DEF,2500000,2500000,0.6391,transfermarkt_availability_split_2026_06_01,0.0581,0.682781,0.682781,49542,Østrig,2500000,True,True,name_team_position,1.0,0.01,0.015,0.004,JOR,2026-06-17 06:00,74.545,0.020048,0.017188,0.004,0.0,0.042,0.081,0.031,-0.0201738940174452,0.011,37.884,0.236678,0.236678,ARG,2026-06-22 19:00,74.545,0.0045,0.005153,0.003,0.0,0.042,0.03,0.027,-0.0246067022438391,0.011,37.884,0.046852,0.04451,ALG,2026-06-28 04:00,74.545,0.010017,0.010595,0.003,0.0,0.042,0.034,0.028,-0.0238219463352267,0.011,37.884,0.102065,0.091859,0.385595,37089,587,2500000,DEF,False,,2.5,0.315,0.4372037914691943,0.8961978199052141,0.315,0.361307,0.45,True,1.35,maximilian wober,aut,DEF,maximilian wober|aut|DEF,maximilian wober|aut,maximilian wober|aut,,,,,,,,,,,,,,,,,
deroy_duarte__cpv,Deroy Duarte,CPV,Kap Verde,MID,2500000,2500000,0.7054,transfermarkt_availability_split_2026_06_01,0.064127,0.678991,0.678991,49015,Kap Verde,2500000,True,True,name_team_position,1.0,0.033,0.055,0.025,ESP,2026-06-15 18:00,70.758,0.015187,0.01984,0.019,0.0,0.052,-0.026,0.027,-0.0289948461534319,0.022,42.681,0.09646,0.09646,URU,2026-06-22 00:00,70.758,0.016313,0.02176,0.021,0.0,0.052,0.031,0.029,-0.0281035059426799,0.022,42.681,0.169741,0.161254,KSA,2026-06-27 02:00,70.758,0.034677,0.041062,0.027,0.0,0.052,0.045,0.033,-0.0250291333808835,0.022,42.681,0.346542,0.311888,0.612743,49717,1125,2500000,MID,False,,2.5,0.776,0.3857808857808857,1.1045215384615383,0.776,0.747153,0.45,True,1.35,deroy duarte,cpv,MID,deroy duarte|cpv|MID,deroy duarte|cpv,deroy duarte|cpv,,,,,,,,,,,,,,,,,
orlando_gill__par,Orlando Gill,PAR,Paraguay,GK,3000000,3000000,0.4682,transfermarkt_availability_split_2026_06_01,0.042564,0.678127,0.678127,49689,Paraguay,3000000,True,True,name_team_position,1.0,0.001,0.0,0.0,USA,2026-06-13 03:00,80.228,0.0,0.0,0.0,0.026628,0.02,0.034,0.041,-0.0381169218514631,0.038,58.662,0.129441,0.129441,TUR,2026-06-20 06:00,80.228,0.0,0.0,0.0,0.032324,0.02,0.049,0.042,-0.0375005851194881,0.038,58.662,0.162007,0.153906,AUS,2026-06-26 04:00,80.228,0.0,0.0,0.0,0.065743,0.02,0.066,0.047,-0.0336768028521101,0.038,58.662,0.281404,0.253263,0.573816,49602,778,3000000,GK,False,,3.0,0.561,0.503125,0.8897765624999998,0.561,0.515086,0.45,True,1.35,orlando gill,par,GK,orlando gill|par|GK,orlando gill|par,gill orlando|par,,,,,,,,,,,,,,,,,
zeki_elik__tur,Zeki Celik,TUR,Tyrkiet,DEF,2500000,2500000,0.7006,transfermarkt_availability_split_2026_06_01,0.063691,0.675833,0.675833,49991,Tyrkiet,2500000,True,True,name_team_position,1.0,0.012,0.018,0.006,AUS,2026-06-14 06:00,74.819,0.013206,0.013246,0.004,0.0,0.041,0.062,0.027,-0.0228593091679501,0.009,36.474,0.157115,0.157115,PAR,2026-06-20 06:00,74.819,0.013358,0.012662,0.005,0.0,0.041,0.041,0.029,-0.0208699680100304,0.009,36.474,0.140264,0.133251,USA,2026-06-26 04:00,74.819,0.009803,0.010844,0.005,0.0,0.041,0.039,0.029,-0.0215861093741694,0.009,36.474,0.110764,0.099688,0.409283,38948,586,2500000,DEF,False,,2.5,0.341,0.4372037914691943,0.8961978199052141,0.341,0.380807,0.45,True,1.35,zeki celik,tur,DEF,zeki celik|tur|DEF,zeki celik|tur,celik zeki|tur,,,,,,,,,,,,,,,,,
alexander_djiku__gha,Alexander Djiku,GHA,Ghana,DEF,3000000,3000000,0.8325,transfermarkt_availability_split_2026_06_01,0.075682,0.671798,0.671798,48781,Ghana,3000000,True,True,name_team_position,1.0,0.008,0.011,0.003,PAN,2026-06-18 01:00,74.545,0.009018,0.008415,0.003,0.0,0.042,0.056,0.03,-0.0221354979061103,0.011,37.884,0.115218,0.115218,ENG,2026-06-23 22:00,74.545,0.002812,0.0032,0.002,0.0,0.042,0.027,0.026,-0.0251433135420931,0.011,37.884,0.025329,0.024062,CRO,2026-06-27 23:00,74.545,0.003428,0.00409,0.002,0.0,0.042,0.029,0.026,-0.0248128846717941,0.011,37.884,0.034025,0.030623,0.175449,43287,770,3000000,DEF,False,,3.0,0.192,0.7085308056872038,1.452374786729859,0.192,0.346666,0.45,True,1.35,alexander djiku,gha,DEF,alexander djiku|gha|DEF,alexander djiku|gha,alexander djiku|gha,,,,,,,,,,,,,,,,,
ibrahim_bayesh__irq,Ibrahim Bayesh,IRQ,Irak,MID,2500000,2500000,0.8054,transfermarkt_availability_split_2026_06_01,0.073218,0.670058,0.670058,49203,Irak,2500000,True,True,name_team_position,1.0,0.027,0.039,0.024,NOR,2026-06-17 00:00,71.231,0.02475,0.02816,0.037,0.036701,0.076,-0.005,0.048,-0.0369887662241174,0.055,62.22,0.230241,0.230241,FRA,2026-06-22 23:00,71.231,0.019125,0.02176,0.029,0.025472,0.076,0.043,0.041,-0.0416957639370804,0.055,62.22,0.211209,0.200649,SEN,2026-06-26 21:00,71.231,0.02025,0.02304,0.03,0.032516,0.076,0.047,0.043,-0.0408396275958037,0.055,62.22,0.22853,0.205677,0.670625,52081,947,2500000,MID,False,,2.5,0.991,0.3857808857808857,1.1045215384615383,0.991,0.908403,0.45,True,1.35,ibrahim bayesh,irq,MID,ibrahim bayesh|irq|MID,ibrahim bayesh|irq,bayesh ibrahim|irq,,,,,,,,,,,,,,,,,
viktor_johansson__swe,Viktor Johansson,SWE,Sverige,GK,3500000,3500000,0.3782,transfermarkt_availability_split_2026_06_01,0.034382,0.663553,0.663553,49926,Sverige,3500000,True,True,name_team_position,1.0,0.001,0.0,0.0,TUN,2026-06-15 04:00,79.819,0.0,0.0,0.0,0.0,0.018,0.083,0.043,-0.0308560198057404,0.031,53.897,0.108144,0.108144,NED,2026-06-20 19:00,79.819,0.0,0.0,0.0,0.0,0.018,0.042,0.038,-0.0351614855402926,0.031,53.897,0.057839,0.054947,JPN,2026-06-26 01:00,79.819,0.0,0.0,0.0,0.0,0.018,0.046,0.039,-0.0344272911768177,0.031,53.897,0.063573,0.057215,0.228558,52071,598,3500000,GK,False,,3.5,0.22,0.684375,1.2103171874999996,0.22,0.29332,0.45,True,1.35,viktor johansson,swe,GK,viktor johansson|swe|GK,viktor johansson|swe,johansson viktor|swe,,,,,,,,,,,,,,,,,
ibrahim_sabra__jor,Ibrahim Sabra,JOR,Jordan,FWD,2500000,2500000,0.3742,transfermarkt_availability_split_2026_06_01,0.034018,0.661933,0.661933,49207,Jordan,2500000,True,True,name_team_position,1.0,0.075,0.042,0.103,AUT,2026-06-17 06:00,66.36,0.025875,0.01152,0.061,0.0,0.023,-0.002,0.02,-0.0195571008010662,0.003,29.477,0.177503,0.177503,ALG,2026-06-23 05:00,66.36,0.032063,0.014703,0.076,0.0,0.023,0.029,0.022,-0.0178554710403754,0.003,29.477,0.261506,0.24843,ARG,2026-06-28 04:00,66.36,0.030375,0.01344,0.071,0.0,0.023,0.026,0.022,-0.0185202527264443,0.003,29.477,0.2423,0.21807,0.681309,49561,1123,2500000,FWD,False,,2.5,0.96,0.2939068100358423,1.0193922580645165,0.96,0.883993,0.45,True,1.35,ibrahim sabra,jor,FWD,ibrahim sabra|jor|FWD,ibrahim sabra|jor,ibrahim sabra|jor,,,,,,,,,,,,,,,,,
anass_salah_eddine__mar,Anass Salah-Eddine,MAR,Marokko,DEF,2500000,2500000,0.4835,transfermarkt_availability_split_2026_06_01,0.043955,0.659564,0.659564,48826,Marokko,2500000,True,True,name_team_position,1.0,0.009,0.023,0.004,BRA,2026-06-14 00:00,74.536,0.003938,0.00768,0.003,0.0,0.041,0.005,0.027,-0.0240436138782385,0.01,37.238,0.026624,0.026624,SCO,2026-06-20 00:00,74.536,0.009163,0.015816,0.003,0.0,0.041,0.034,0.028,-0.023170820996237,0.01,37.238,0.113255,0.107592,HAI,2026-06-25 00:00,74.536,0.016403,0.026563,0.004,0.0,0.041,0.048,0.031,-0.0196698999803967,0.01,37.238,0.210437,0.189393,0.350316,47445,974,2500000,DEF,False,,2.5,0.271,0.4372037914691943,0.8961978199052141,0.271,0.328307,0.45,True,1.35,anass salah eddine,mar,DEF,anass salah eddine|mar|DEF,anass salah eddine|mar,anass eddine salah|mar,,,,,,,,,,,,,,,,,
senne_lammens__bel,Senne Lammens,BEL,Belgien,GK,4000000,4000000,0.2208,transfermarkt_availability_split_2026_06_01,0.020073,0.654069,0.654069,49837,Belgien,4000000,True,True,name_team_position,1.0,,,,EGY,2026-06-15 21:00,,,,,,,,,,,,0.201666,0.201666,IRN,2026-06-21 21:00,,,,,,,,,,,,0.234449,0.222727,NZL,2026-06-27 05:00,,,,,,,,,,,,0.255195,0.229676,,39017,884,4000000,GK,False,,4.0,0.0,0.821875,1.4534859374999995,0.0,0.154102,0.45,True,1.35,senne lammens,bel,GK,senne lammens|bel|GK,senne lammens|bel,lammens senne|bel,distributed_from_existing_optimizer_ev,,0.566,0.3923,1.2612,1.1865,1.0951,0.6655,0.5,1.35,1.25,1.2405,0.7346,0.5135,1.35,1.25,1.2588
alvaro_montero__col,Alvaro Montero,COL,Colombia,GK,4000000,4000000,0.2008,transfermarkt_availability_split_2026_06_01,0.018255,0.654069,0.654069,48812,Colombia,4000000,True,True,name_team_position,1.0,,,,UZB,2026-06-18 04:00,,,,,,,,,,,,0.239114,0.239114,COD,2026-06-24 04:00,,,,,,,,,,,,0.254197,0.241487,POR,2026-06-28 01:30,,,,,,,,,,,,0.192743,0.173468,,38478,879,4000000,GK,False,,4.0,0.0,0.821875,1.4534859374999995,0.0,0.154102,0.45,True,1.35,alvaro montero,col,GK,alvaro montero|col|GK,alvaro montero|col,alvaro montero|col,distributed_from_existing_optimizer_ev,,0.6646,0.5,1.35,1.25,1.2405,0.6316,0.5376,1.3455,1.2468,1.2913,0.2725,0.25,0.8855,0.9182,0.903
sergio_rochet__uru,Sergio Rochet,URU,Uruguay,GK,4000000,4000000,0.6299,transfermarkt_availability_split_2026_06_01,0.057264,0.654069,0.654069,49839,Uruguay,4000000,True,True,name_team_position,1.0,,,,KSA,2026-06-16 00:00,,,,,,,,,,,,0.243995,0.243995,CPV,2026-06-22 00:00,,,,,,,,,,,,0.260897,0.247852,ESP,2026-06-27 02:00,,,,,,,,,,,,0.180246,0.162222,,43382,783,4000000,GK,False,,4.0,0.0,0.821875,1.4534859374999995,0.0,0.154102,0.45,True,1.35,sergio rochet,uru,GK,sergio rochet|uru|GK,sergio rochet|uru,rochet sergio|uru,distributed_from_existing_optimizer_ev,,0.6308,0.4865,1.3354,1.2396,1.2223,0.654,0.5,1.35,1.25,1.2405,0.1868,0.1717,0.75,0.8051,0.7973
fernando_muslera__uru,Fernando Muslera,URU,Uruguay,GK,4000000,4000000,0.8133,transfermarkt_availability_split_2026_06_01,0.073936,0.654069,0.654069,49104,Uruguay,4000000,True,True,name_team_position,1.0,,,,KSA,2026-06-16 00:00,,,,,,,,,,,,0.243995,0.243995,CPV,2026-06-22 00:00,,,,,,,,,,,,0.260897,0.247852,ESP,2026-06-27 02:00,,,,,,,,,,,,0.180246,0.162222,,26860,783,4000000,GK,False,,4.0,0.0,0.821875,1.4534859374999995,0.0,0.154102,0.45,True,1.35,fernando muslera,uru,GK,fernando muslera|uru|GK,fernando muslera|uru,fernando muslera|uru,distributed_from_existing_optimizer_ev,,0.6308,0.4865,1.3354,1.2396,1.2223,0.654,0.5,1.35,1.25,1.2405,0.1868,0.1717,0.75,0.8051,0.7973
raul_rangel__mex,Raul Rangel,MEX,Mexico,GK,4000000,4000000,0.3433,transfermarkt_availability_split_2026_06_01,0.031209,0.654069,0.654069,49755,Mexico,4000000,True,True,name_team_position,1.0,,,,RSA,2026-06-11 21:00,,,,,,,,,,,,0.234991,0.234991,KOR,2026-06-19 03:00,,,,,,,,,,,,0.224516,0.213291,CZE,2026-06-25 03:00,,,,,,,,,,,,0.228652,0.205787,,49565,775,4000000,GK,False,,4.0,0.0,0.821875,1.4534859374999995,0.0,0.154102,0.45,True,1.35,raul rangel,mex,GK,raul rangel|mex|GK,raul rangel|mex,rangel raul|mex,distributed_from_existing_optimizer_ev,,0.6447,0.5376,1.35,1.25,1.2913,0.5288,0.4415,1.2281,1.1629,1.1615,0.4841,0.411,1.172,1.1228,1.1204
james_trafford__eng,James Trafford,ENG,England,GK,4000000,4000000,0.2332,transfermarkt_availability_split_2026_06_01,0.0212,0.654069,0.654069,49249,England,4000000,True,True,name_team_position,1.0,,,,CRO,2026-06-17 22:00,,,,,,,,,,,,0.199567,0.199567,GHA,2026-06-23 22:00,,,,,,,,,,,,0.23465,0.222917,PAN,2026-06-27 23:00,,,,,,,,,,,,0.257316,0.231585,,40086,769,4000000,GK,False,,4.0,0.0,0.821875,1.4534859374999995,0.0,0.154102,0.45,True,1.35,james trafford,eng,GK,james trafford|eng|GK,james trafford|eng,james trafford|eng,distributed_from_existing_optimizer_ev,,0.5431,0.4118,1.2374,1.1696,1.1214,0.7092,0.5,1.35,1.25,1.2405,0.7628,0.5376,1.35,1.25,1.2913
walter_benitez__arg,Walter Benitez,ARG,Argentina,GK,4000000,4000000,0.0433,transfermarkt_availability_split_2026_06_01,0.003936,0.654069,0.654069,49938,Argentina,4000000,True,True,name_team_position,1.0,,,,ALG,2026-06-17 03:00,,,,,,,,,,,,0.217624,0.217624,AUT,2026-06-22 19:00,,,,,,,,,,,,0.210819,0.200278,JOR,2026-06-28 04:00,,,,,,,,,,,,0.262407,0.236167,,45034,762,4000000,GK,False,,4.0,0.0,0.821875,1.4534859374999995,0.0,0.154102,0.45,True,1.35,walter benitez,arg,GK,walter benitez|arg|GK,walter benitez|arg,benitez walter|arg,distributed_from_existing_optimizer_ev,,0.6559,0.5135,1.35,1.25,1.2588,0.5713,0.4226,1.2763,1.1974,1.136,0.8013,0.5774,1.35,1.25,1.3451
kristoffer_nordfeldt__swe,Kristoffer Nordfeldt,SWE,Sverige,GK,4000000,4000000,0.152,transfermarkt_availability_split_2026_06_01,0.013818,0.654069,0.654069,49414,Sverige,4000000,True,True,name_team_position,1.0,,,,TUN,2026-06-15 04:00,,,,,,,,,,,,0.255296,0.255296,NED,2026-06-20 19:00,,,,,,,,,,,,0.201386,0.191317,JPN,2026-06-26 01:00,,,,,,,,,,,,0.230506,0.207456,,26377,598,4000000,GK,False,,4.0,0.0,0.821875,1.4534859374999995,0.0,0.154102,0.45,True,1.35,kristoffer nordfeldt,swe,GK,kristoffer nordfeldt|swe|GK,kristoffer nordfeldt|swe,kristoffer nordfeldt|swe,distributed_from_existing_optimizer_ev,,0.4811,0.411,1.1722,1.123,1.1204,0.1968,0.1883,0.75,0.8121,0.8198,0.2595,0.25,0.8568,0.8977,0.903
ugurcan_cakir__tur,Ugurcan Cakir,TUR,Tyrkiet,GK,4000000,4000000,0.4753,transfermarkt_availability_split_2026_06_01,0.043209,0.654069,0.654069,49917,Tyrkiet,4000000,True,True,name_team_position,1.0,,,,AUS,2026-06-14 06:00,,,,,,,,,,,,0.233966,0.233966,PAR,2026-06-20 06:00,,,,,,,,,,,,0.231696,0.220111,USA,2026-06-26 04:00,,,,,,,,,,,,0.222213,0.199992,,40475,586,4000000,GK,False,,4.0,0.0,0.821875,1.4534859374999995,0.0,0.154102,0.45,True,1.35,ugurcan cakir,tur,GK,ugurcan cakir|tur|GK,ugurcan cakir|tur,cakir ugurcan|tur,distributed_from_existing_optimizer_ev,,0.5184,0.411,1.2113,1.1509,1.1204,0.4216,0.375,1.102,1.0729,1.0718,0.3572,0.2766,0.9901,0.9929,0.9389
ricardo_velho__por,Ricardo Velho,POR,Portugal,GK,4000000,4000000,0.2,transfermarkt_availability_split_2026_06_01,0.018182,0.654069,0.654069,49769,Portugal,4000000,True,True,name_team_position,1.0,,,,COD,2026-06-17 19:00,,,,,,,,,,,,0.231616,0.231616,UZB,2026-06-23 19:00,,,,,,,,,,,,0.244563,0.232334,COL,2026-06-28 01:30,,,,,,,,,,,,0.211242,0.190118,,52200,585,4000000,GK,False,,4.0,0.0,0.821875,1.4534859374999995,0.0,0.154102,0.45,True,1.35,ricardo velho,por,GK,ricardo velho|por|GK,ricardo velho|por,ricardo velho|por,distributed_from_existing_optimizer_ev,,0.7338,0.5,1.35,1.25,1.2405,0.7431,0.5,1.35,1.25,1.2405,0.4361,0.3547,1.1145,1.0818,1.0443
rui_silva__por,Rui Silva,POR,Portugal,GK,4000000,4000000,0.0441,transfermarkt_availability_split_2026_06_01,0.004009,0.654069,0.654069,49802,Portugal,4000000,True,True,name_team_position,1.0,,,,COD,2026-06-17 19:00,,,,,,,,,,,,0.231616,0.231616,UZB,2026-06-23 19:00,,,,,,,,,,,,0.244563,0.232334,COL,2026-06-28 01:30,,,,,,,,,,,,0.211242,0.190118,,35107,585,4000000,GK,False,,4.0,0.0,0.821875,1.4534859374999995,0.0,0.154102,0.45,True,1.35,rui silva,por,GK,rui silva|por|GK,rui silva|por,rui silva|por,distributed_from_existing_optimizer_ev,,0.7338,0.5,1.35,1.25,1.2405,0.7431,0.5,1.35,1.25,1.2405,0.4361,0.3547,1.1145,1.0818,1.0443
abdulkerim_bardakci__tur,Abdulkerim Bardakci,TUR,Tyrkiet,DEF,3000000,3000000,0.7036,transfermarkt_availability_split_2026_06_01,0.063964,0.653569,0.653569,48725,Tyrkiet,3000000,True,True,name_team_position,1.0,,,,AUS,2026-06-14 06:00,,,,,,,,,,,,0.233787,0.233787,PAR,2026-06-20 06:00,,,,,,,,,,,,0.231519,0.219943,USA,2026-06-26 04:00,,,,,,,,,,,,0.222043,0.199839,,45001,586,3000000,DEF,False,,3.0,0.0,0.7085308056872038,1.452374786729859,0.0,0.202666,0.45,True,1.35,abdulkerim bardakci,tur,DEF,abdulkerim bardakci|tur|DEF,abdulkerim bardakci|tur,abdulkerim bardakci|tur,distributed_from_existing_optimizer_ev,,0.5184,0.411,1.2113,1.1509,1.1204,0.4216,0.375,1.102,1.0729,1.0718,0.3572,0.2766,0.9901,0.9929,0.9389
david_alaba__aut,David Alaba,AUT,Østrig,DEF,3000000,3000000,0.9111,transfermarkt_availability_split_2026_06_01,0.082827,0.653569,0.653569,48991,Østrig,3000000,True,True,name_team_position,1.0,,,,JOR,2026-06-17 06:00,,,,,,,,,,,,0.262651,0.262651,ARG,2026-06-22 19:00,,,,,,,,,,,,0.180611,0.17158,ALG,2026-06-28 04:00,,,,,,,,,,,,0.243708,0.219337,,26590,587,3000000,DEF,False,,3.0,0.0,0.7085308056872038,1.452374786729859,0.0,0.202666,0.45,True,1.35,david alaba,aut,DEF,david alaba|aut|DEF,david alaba|aut,alaba david|aut,distributed_from_existing_optimizer_ev,,0.7083,0.4865,1.35,1.25,1.2223,0.1766,0.1883,0.75,0.8026,0.8198,0.439,0.3547,1.119,1.085,1.0443
malick_thiaw__ger,Malick Thiaw,GER,Tyskland,DEF,3000000,3000000,0.3308,transfermarkt_availability_split_2026_06_01,0.030073,0.653569,0.653569,49480,Tyskland,3000000,True,True,name_team_position,1.0,,,,CUW,2026-06-14 19:00,,,,,,,,,,,,0.253317,0.253317,CIV,2026-06-20 22:00,,,,,,,,,,,,0.212778,0.202139,ECU,2026-06-25 22:00,,,,,,,,,,,,0.220126,0.198113,,39352,589,3000000,DEF,False,,3.0,0.0,0.7085308056872038,1.452374786729859,0.0,0.202666,0.45,True,1.35,malick thiaw,ger,DEF,malick thiaw|ger|DEF,malick thiaw|ger,malick thiaw|ger,distributed_from_existing_optimizer_ev,,0.9177,0.6881,1.35,1.25,1.45,0.6065,0.4226,1.3057,1.2184,1.136,0.5709,0.411,1.2686,1.1919,1.1204
julio_soler__arg,Julio Soler,ARG,Argentina,DEF,3000000,3000000,0.7502,transfermarkt_availability_split_2026_06_01,0.0682,0.653569,0.653569,49356,Argentina,3000000,True,True,name_team_position,1.0,,,,ALG,2026-06-17 03:00,,,,,,,,,,,,0.217458,0.217458,AUT,2026-06-22 19:00,,,,,,,,,,,,0.210658,0.200125,JOR,2026-06-28 04:00,,,,,,,,,,,,0.262207,0.235986,,46903,762,3000000,DEF,False,,3.0,0.0,0.7085308056872038,1.452374786729859,0.0,0.202666,0.45,True,1.35,julio soler,arg,DEF,julio soler|arg|DEF,julio soler|arg,julio soler|arg,distributed_from_existing_optimizer_ev,,0.6559,0.5135,1.35,1.25,1.2588,0.5713,0.4226,1.2763,1.1974,1.136,0.8013,0.5774,1.35,1.25,1.3451
jordan_bos__aus,Jordan Bos,AUS,Australien,DEF,3000000,3000000,0.8285,transfermarkt_availability_split_2026_06_01,0.075318,0.653569,0.653569,49315,Australien,3000000,True,True,name_team_position,1.0,,,,TUR,2026-06-14 06:00,,,,,,,,,,,,0.212765,0.212765,USA,2026-06-19 21:00,,,,,,,,,,,,0.222766,0.211627,PAR,2026-06-26 04:00,,,,,,,,,,,,0.25464,0.229176,,48072,763,3000000,DEF,False,,3.0,0.0,0.7085308056872038,1.452374786729859,0.0,0.202666,0.45,True,1.35,jordan bos,aus,DEF,jordan bos|aus|DEF,jordan bos|aus,bos jordan|aus,distributed_from_existing_optimizer_ev,,0.2165,0.2077,0.7887,0.8491,0.846,0.2058,0.2077,0.7627,0.8305,0.846,0.2718,0.2678,0.8857,0.9183,0.927
bremer__bra,Bremer,BRA,Brasilien,DEF,3000000,3000000,0.4009,transfermarkt_availability_split_2026_06_01,0.036445,0.653569,0.653569,48914,Brasilien,3000000,True,True,name_team_position,1.0,,,,MAR,2026-06-14 00:00,,,,,,,,,,,,0.199758,0.199758,HAI,2026-06-20 03:00,,,,,,,,,,,,0.25649,0.243665,SCO,2026-06-25 00:00,,,,,,,,,,,,0.233495,0.210145,,41066,764,3000000,DEF,False,,3.0,0.0,0.7085308056872038,1.452374786729859,0.0,0.202666,0.45,True,1.35,bremer,bra,DEF,bremer|bra|DEF,bremer|bra,bremer|bra,distributed_from_existing_optimizer_ev,,0.5861,0.4624,1.2885,1.2061,1.1897,0.8975,0.6453,1.35,1.25,1.4367,0.6691,0.5,1.35,1.25,1.2405
leo_pereira__bra,Leo Pereira,BRA,Brasilien,DEF,3000000,3000000,0.873,transfermarkt_availability_split_2026_06_01,0.079364,0.653569,0.653569,49431,Brasilien,3000000,True,True,name_team_position,1.0,,,,MAR,2026-06-14 00:00,,,,,,,,,,,,0.199758,0.199758,HAI,2026-06-20 03:00,,,,,,,,,,,,0.25649,0.243665,SCO,2026-06-25 00:00,,,,,,,,,,,,0.233495,0.210145,,52129,764,3000000,DEF,False,,3.0,0.0,0.7085308056872038,1.452374786729859,0.0,0.202666,0.45,True,1.35,leo pereira,bra,DEF,leo pereira|bra|DEF,leo pereira|bra,leo pereira|bra,distributed_from_existing_optimizer_ev,,0.5861,0.4624,1.2885,1.2061,1.1897,0.8975,0.6453,1.35,1.25,1.4367,0.6691,0.5,1.35,1.25,1.2405
valentino_livramento__eng,Valentino Livramento,ENG,England,DEF,3000000,3000000,0.4796,transfermarkt_availability_split_2026_06_01,0.0436,0.653569,0.653569,49922,England,3000000,True,True,name_team_position,1.0,,,,CRO,2026-06-17 22:00,,,,,,,,,,,,0.199414,0.199414,GHA,2026-06-23 22:00,,,,,,,,,,,,0.23447,0.222747,PAN,2026-06-27 23:00,,,,,,,,,,,,0.25712,0.231408,,40529,769,3000000,DEF,False,,3.0,0.0,0.7085308056872038,1.452374786729859,0.0,0.202666,0.45,True,1.35,valentino livramento,eng,DEF,valentino livramento|eng|DEF,valentino livramento|eng,livramento valentino|eng,distributed_from_existing_optimizer_ev,,0.5431,0.4118,1.2374,1.1696,1.1214,0.7092,0.5,1.35,1.25,1.2405,0.7628,0.5376,1.35,1.25,1.2913
caleb_yirenkyi__gha,Caleb Yirenkyi,GHA,Ghana,DEF,3000000,3000000,0.8892,transfermarkt_availability_split_2026_06_01,0.080836,0.653569,0.653569,48925,Ghana,3000000,True,True,name_team_position,1.0,,,,PAN,2026-06-18 01:00,,,,,,,,,,,,0.26322,0.26322,ENG,2026-06-23 22:00,,,,,,,,,,,,0.191826,0.182235,CRO,2026-06-27 23:00,,,,,,,,,,,,0.231237,0.208114,,45800,770,3000000,DEF,False,,3.0,0.0,0.7085308056872038,1.452374786729859,0.0,0.202666,0.45,True,1.35,caleb yirenkyi,gha,DEF,caleb yirenkyi|gha|DEF,caleb yirenkyi|gha,caleb yirenkyi|gha,distributed_from_existing_optimizer_ev,,0.4649,0.375,1.135,1.0964,1.0718,0.1101,0.1192,0.75,0.8,0.7265,0.197,0.217,0.7558,0.8256,0.8585
juan_jose_caceres__par,Juan Jose Caceres,PAR,Paraguay,DEF,3000000,3000000,0.7023,transfermarkt_availability_split_2026_06_01,0.063845,0.653569,0.653569,49347,Paraguay,3000000,True,True,name_team_position,1.0,,,,USA,2026-06-13 03:00,,,,,,,,,,,,0.203313,0.203313,TUR,2026-06-20 06:00,,,,,,,,,,,,0.220651,0.209618,AUS,2026-06-26 04:00,,,,,,,,,,,,0.267376,0.240638,,49606,778,3000000,DEF,False,,3.0,0.0,0.7085308056872038,1.452374786729859,0.0,0.202666,0.45,True,1.35,juan jose caceres,par,DEF,juan jose caceres|par|DEF,juan jose caceres|par,caceres jose juan|par,distributed_from_existing_optimizer_ev,,0.2544,0.25,0.8448,0.8891,0.903,0.2759,0.2766,0.898,0.9272,0.9389,0.4351,0.375,1.1143,1.0817,1.0718
martin_caceres__uru,Martin Caceres,URU,Uruguay,DEF,3000000,3000000,0.7601,transfermarkt_availability_split_2026_06_01,0.0691,0.653569,0.653569,49511,Uruguay,3000000,True,True,name_team_position,1.0,,,,KSA,2026-06-16 00:00,,,,,,,,,,,,0.243809,0.243809,CPV,2026-06-22 00:00,,,,,,,,,,,,0.260698,0.247663,ESP,2026-06-27 02:00,,,,,,,,,,,,0.180109,0.162098,,23250,783,3000000,DEF,False,,3.0,0.0,0.7085308056872038,1.452374786729859,0.0,0.202666,0.45,True,1.35,martin caceres,uru,DEF,martin caceres|uru|DEF,martin caceres|uru,caceres martin|uru,distributed_from_existing_optimizer_ev,,0.6308,0.4865,1.3354,1.2396,1.2223,0.654,0.5,1.35,1.25,1.2405,0.1868,0.1717,0.75,0.8051,0.7973
deiver_machado__col,Deiver Machado,COL,Colombia,DEF,3000000,3000000,0.5106,transfermarkt_availability_split_2026_06_01,0.046418,0.653569,0.653569,49004,Colombia,3000000,True,True,name_team_position,1.0,,,,UZB,2026-06-18 04:00,,,,,,,,,,,,0.238931,0.238931,COD,2026-06-24 04:00,,,,,,,,,,,,0.254002,0.241302,POR,2026-06-28 01:30,,,,,,,,,,,,0.192595,0.173336,,34561,879,3000000,DEF,False,,3.0,0.0,0.7085308056872038,1.452374786729859,0.0,0.202666,0.45,True,1.35,deiver machado,col,DEF,deiver machado|col|DEF,deiver machado|col,deiver machado|col,distributed_from_existing_optimizer_ev,,0.6646,0.5,1.35,1.25,1.2405,0.6316,0.5376,1.3455,1.2468,1.2913,0.2725,0.25,0.8855,0.9182,0.903
felix_feliz_torres__ecu,Felix 'Feliz' Torres,ECU,Ecuador,DEF,3000000,3000000,0.6165,transfermarkt_availability_split_2026_06_01,0.056045,0.653569,0.653569,49098,Ecuador,3000000,True,True,name_team_position,1.0,,,,CIV,2026-06-15 01:00,,,,,,,,,,,,0.220535,0.220535,CUW,2026-06-21 02:00,,,,,,,,,,,,0.281947,0.26785,GER,2026-06-25 22:00,,,,,,,,,,,,0.183538,0.165184,,43275,881,3000000,DEF,False,,3.0,0.0,0.7085308056872038,1.452374786729859,0.0,0.202666,0.45,True,1.35,felix feliz torres,ecu,DEF,felix feliz torres|ecu|DEF,felix feliz torres|ecu,felix feliz torres|ecu,distributed_from_existing_optimizer_ev,,0.4138,0.4226,1.1056,1.0754,1.136,0.7371,0.5585,1.35,1.25,1.3195,0.1872,0.1717,0.75,0.8082,0.7973
koni_de_winter__bel,Koni de Winter,BEL,Belgien,DEF,3000000,3000000,0.4627,transfermarkt_availability_split_2026_06_01,0.042064,0.653569,0.653569,49406,Belgien,3000000,True,True,name_team_position,1.0,,,,EGY,2026-06-15 21:00,,,,,,,,,,,,0.201512,0.201512,IRN,2026-06-21 21:00,,,,,,,,,,,,0.23427,0.222557,NZL,2026-06-27 05:00,,,,,,,,,,,,0.255,0.2295,,40081,884,3000000,DEF,False,,3.0,0.0,0.7085308056872038,1.452374786729859,0.0,0.202666,0.45,True,1.35,koni de winter,bel,DEF,koni de winter|bel|DEF,koni de winter|bel,de koni winter|bel,distributed_from_existing_optimizer_ev,,0.566,0.3923,1.2612,1.1865,1.0951,0.6655,0.5,1.35,1.25,1.2405,0.7346,0.5135,1.35,1.25,1.2588
rami_rabia__egy,Rami Rabia,EGY,Egypten,DEF,3000000,3000000,0.7193,transfermarkt_availability_split_2026_06_01,0.065391,0.653569,0.653569,49745,Egypten,3000000,True,True,name_team_position,1.0,,,,BEL,2026-06-15 21:00,,,,,,,,,,,,0.174104,0.174104,NZL,2026-06-22 03:00,,,,,,,,,,,,0.263251,0.250088,IRN,2026-06-27 05:00,,,,,,,,,,,,0.254862,0.229376,,32735,973,3000000,DEF,False,,3.0,0.0,0.7085308056872038,1.452374786729859,0.0,0.202666,0.45,True,1.35,rami rabia,egy,DEF,rami rabia|egy|DEF,rami rabia|egy,rabia rami|egy,distributed_from_existing_optimizer_ev,,0.1929,0.1717,0.75,0.8135,0.7973,0.5501,0.4624,1.2503,1.1787,1.1897,0.4067,0.411,1.0887,1.0634,1.1204
andy_robertson__sco,Andy Robertson,SCO,Skotland,DEF,3000000,3000000,0.8728,transfermarkt_availability_split_2026_06_01,0.079345,0.653569,0.653569,48834,Skotland,3000000,True,True,name_team_position,1.0,,,,HAI,2026-06-14 03:00,,,,,,,,,,,,0.279179,0.279179,MAR,2026-06-20 00:00,,,,,,,,,,,,0.212598,0.201968,BRA,2026-06-25 00:00,,,,,,,,,,,,0.191581,0.172423,,32638,1022,3000000,DEF,False,,3.0,0.0,0.7085308056872038,1.452374786729859,0.0,0.202666,0.45,True,1.35,andy robertson,sco,DEF,andy robertson|sco|DEF,andy robertson|sco,andy robertson|sco,distributed_from_existing_optimizer_ev,,0.6612,0.4865,1.35,1.25,1.2223,0.248,0.25,0.8559,0.8971,0.903,0.1289,0.1358,0.75,0.8,0.7489
abdukodir_khusanov__uzb,Abdukodir Khusanov,UZB,Usbekistan,DEF,3000000,3000000,0.8604,transfermarkt_availability_split_2026_06_01,0.078218,0.653569,0.653569,48722,Usbekistan,3000000,True,True,name_team_position,1.0,,,,COL,2026-06-18 04:00,,,,,,,,,,,,0.204914,0.204914,POR,2026-06-23 19:00,,,,,,,,,,,,0.200935,0.190888,COD,2026-06-28 01:30,,,,,,,,,,,,0.286407,0.257767,,44926,1122,3000000,DEF,False,,3.0,0.0,0.7085308056872038,1.452374786729859,0.0,0.202666,0.45,True,1.35,abdukodir khusanov,uzb,DEF,abdukodir khusanov|uzb|DEF,abdukodir khusanov|uzb,abdukodir khusanov|uzb,distributed_from_existing_optimizer_ev,,0.121,0.1573,0.75,0.8,0.7779,0.0975,0.096,0.75,0.8,0.6951,0.3358,0.3119,0.9712,0.9794,0.9866
diney_borges__cpv,Diney Borges,CPV,Kap Verde,DEF,3000000,3000000,0.4927,transfermarkt_availability_split_2026_06_01,0.044791,0.653569,0.653569,49023,Kap Verde,3000000,True,True,name_team_position,1.0,,,,ESP,2026-06-15 18:00,,,,,,,,,,,,0.178055,0.178055,URU,2026-06-22 00:00,,,,,,,,,,,,0.22006,0.209057,KSA,2026-06-27 02:00,,,,,,,,,,,,0.296063,0.266457,,49708,1125,3000000,DEF,False,,3.0,0.0,0.7085308056872038,1.452374786729859,0.0,0.202666,0.45,True,1.35,diney borges,cpv,DEF,diney borges|cpv|DEF,diney borges|cpv,borges diney|cpv,distributed_from_existing_optimizer_ev,,0.0376,0.0509,0.75,0.8,0.6343,0.1342,0.1573,0.75,0.8,0.7779,0.3409,0.3373,0.9681,0.9772,1.021
sidny_lopes_cabral__cpv,Sidny Lopes Cabral,CPV,Kap Verde,DEF,3000000,3000000,0.5278,transfermarkt_availability_split_2026_06_01,0.047982,0.653569,0.653569,49850,Kap Verde,3000000,True,True,name_team_position,1.0,,,,ESP,2026-06-15 18:00,,,,,,,,,,,,0.178055,0.178055,URU,2026-06-22 00:00,,,,,,,,,,,,0.22006,0.209057,KSA,2026-06-27 02:00,,,,,,,,,,,,0.296063,0.266457,,49712,1125,3000000,DEF,False,,3.0,0.0,0.7085308056872038,1.452374786729859,0.0,0.202666,0.45,True,1.35,sidny lopes cabral,cpv,DEF,sidny lopes cabral|cpv|DEF,sidny lopes cabral|cpv,cabral lopes sidny|cpv,distributed_from_existing_optimizer_ev,,0.0376,0.0509,0.75,0.8,0.6343,0.1342,0.1573,0.75,0.8,0.7779,0.3409,0.3373,0.9681,0.9772,1.021
michael_amir_murillo__pan,Michael Amir Murillo,PAN,Panama,DEF,2500000,2500000,0.7665,transfermarkt_availability_split_2026_06_01,0.069682,0.653227,0.653227,49554,Panama,2500000,True,True,name_team_position,1.0,0.015,0.054,0.025,GHA,2026-06-18 01:00,75.228,0.01272,0.035925,0.029,0.0,0.061,0.029,0.04,-0.034372565336911,0.038,55.006,0.224722,0.224722,CRO,2026-06-24 01:00,75.228,0.010688,0.03136,0.032,0.0,0.061,0.057,0.043,-0.0327648223975823,0.038,55.006,0.234443,0.222721,ENG,2026-06-27 23:00,75.228,0.010688,0.03008,0.031,0.0,0.061,0.054,0.042,-0.033381774820584,0.038,55.006,0.224986,0.202488,0.683418,36460,971,2500000,DEF,False,,2.5,0.884,0.4372037914691943,0.8961978199052141,0.884,0.788057,0.45,True,1.35,michael amir murillo,pan,DEF,michael amir murillo|pan|DEF,michael amir murillo|pan,amir michael murillo|pan,,,,,,,,,,,,,,,,,
kevin_danso__aut,Kevin Danso,AUT,Østrig,DEF,2500000,2500000,0.7136,transfermarkt_availability_split_2026_06_01,0.064873,0.648717,0.648717,49389,Østrig,2500000,True,True,name_team_position,1.0,0.01,0.015,0.004,JOR,2026-06-17 06:00,74.36,0.016403,0.014062,0.004,0.0,0.037,0.07,0.027,-0.0176567626160054,0.004,33.157,0.190947,0.190947,ARG,2026-06-22 19:00,74.36,0.003938,0.004509,0.003,0.0,0.037,0.027,0.023,-0.0215364817474746,0.004,33.157,0.035619,0.033838,ALG,2026-06-28 04:00,74.36,0.008765,0.008241,0.003,0.0,0.037,0.03,0.024,-0.020849641181251,0.004,33.157,0.080463,0.072417,0.307029,35025,587,2500000,DEF,False,,2.5,0.247,0.4372037914691943,0.8961978199052141,0.247,0.310307,0.45,True,1.35,kevin danso,aut,DEF,kevin danso|aut|DEF,kevin danso|aut,danso kevin|aut,,,,,,,,,,,,,,,,,
alexander_schlager__aut,Alexander Schlager,AUT,Østrig,GK,3500000,3500000,0.4304,transfermarkt_availability_split_2026_06_01,0.039127,0.645498,0.645498,48785,Østrig,3500000,True,True,name_team_position,1.0,0.001,0.0,0.0,JOR,2026-06-17 06:00,79.545,0.0,0.0,0.0,0.0,0.013,0.086,0.034,-0.0215270220452944,0.011,40.425,0.096473,0.096473,ARG,2026-06-22 19:00,79.545,0.0,0.0,0.0,0.0,0.013,0.033,0.029,-0.0262571529922313,0.011,40.425,0.033743,0.032056,ALG,2026-06-28 04:00,79.545,0.0,0.0,0.0,0.0,0.013,0.036,0.03,-0.0254197609780636,0.011,40.425,0.03858,0.034722,0.169819,40371,587,3500000,GK,False,,3.5,0.16,0.684375,1.2103171874999996,0.16,0.24832,0.45,True,1.35,alexander schlager,aut,GK,alexander schlager|aut|GK,alexander schlager|aut,alexander schlager|aut,,,,,,,,,,,,,,,,,
mark_flekken__ned,Mark Flekken,NED,Holland,GK,4000000,4000000,0.2478,transfermarkt_availability_split_2026_06_01,0.022527,0.644551,0.644551,49502,Holland,4000000,True,True,name_team_position,1.0,0.0,0.0,0.0,JPN,2026-06-14 22:00,79.36,0.0,0.0,0.0,0.0,0.004,0.018,0.01,-0.0072237875501547,-0.031,12.79,-0.014224,-0.014224,SWE,2026-06-20 19:00,79.36,0.0,0.0,0.0,0.0,0.004,0.015,0.01,-0.0071527236699054,-0.031,12.79,-0.017153,-0.016295,TUN,2026-06-26 01:00,79.36,0.0,0.0,0.0,0.0,0.004,0.012,0.01,-0.0078577498572523,-0.031,12.79,-0.020858,-0.018772,0.0,31176,593,4000000,GK,False,,4.0,-0.048,0.821875,1.4534859374999995,-0.048,0.118102,0.45,True,1.35,mark flekken,ned,GK,mark flekken|ned|GK,mark flekken|ned,flekken mark|ned,,,,,,,,,,,,,,,,,
victor_lindel_f__swe,Victor Lindelöf,SWE,Sverige,DEF,3000000,3000000,0.7669,transfermarkt_availability_split_2026_06_01,0.069718,0.643609,0.643609,49924,Sverige,3000000,True,True,name_team_position,1.0,0.008,0.012,0.004,TUN,2026-06-15 04:00,74.409,0.004123,0.003783,0.001,0.0,0.014,0.019,0.01,-0.0071515067818036,-0.03,12.492,0.014935,0.014935,NED,2026-06-20 19:00,74.409,0.001125,0.001319,0.001,0.0,0.014,0.01,0.009,-0.0081493855618058,-0.03,12.492,-0.021442,-0.02037,JPN,2026-06-26 01:00,74.409,0.001469,0.001611,0.001,0.0,0.014,0.011,0.009,-0.0079792211659242,-0.03,12.492,-0.017332,-0.015599,0.0,32659,598,3000000,DEF,False,,3.0,-0.02,0.7085308056872038,1.452374786729859,-0.02,0.187666,0.45,True,1.35,victor lindelof,swe,DEF,victor lindelof|swe|DEF,victor lindelof|swe,lindelof victor|swe,,,,,,,,,,,,,,,,,
angus_gunn__sco,Angus Gunn,SCO,Skotland,GK,3500000,3500000,0.7773,transfermarkt_availability_split_2026_06_01,0.070664,0.639616,0.639616,48837,Skotland,3500000,True,True,name_team_position,1.0,0.001,0.0,0.0,HAI,2026-06-14 03:00,79.545,0.0,0.0,0.0,0.0,0.013,0.083,0.03,-0.0244984704217682,0.011,40.425,0.086502,0.086502,MAR,2026-06-20 00:00,79.545,0.0,0.0,0.0,0.0,0.013,0.042,0.031,-0.0240079789945102,0.011,40.425,0.046992,0.044642,BRA,2026-06-25 00:00,79.545,0.0,0.0,0.0,0.0,0.013,0.04,0.031,-0.0244411530564081,0.011,40.425,0.044559,0.040103,0.178053,35007,1022,3500000,GK,False,,3.5,0.171,0.684375,1.2103171874999996,0.171,0.25657,0.45,True,1.35,angus gunn,sco,GK,angus gunn|sco|GK,angus gunn|sco,angus gunn|sco,,,,,,,,,,,,,,,,,
karim_boudiaf__qat,Karim Boudiaf,QAT,Qatar,MID,2500000,2500000,0.811,transfermarkt_availability_split_2026_06_01,0.073727,0.633144,0.633144,49375,Qatar,2500000,True,True,name_team_position,1.0,0.047,0.07,0.039,SUI,2026-06-13 21:00,71.073,0.024188,0.0288,0.035,0.0,0.044,-0.006,0.027,-0.0217529058648502,0.011,36.013,0.208587,0.208587,CAN,2026-06-19 00:00,71.073,0.020813,0.02432,0.03,0.0,0.044,0.028,0.025,-0.0234427506967543,0.011,36.013,0.203582,0.193403,BIH,2026-06-24 21:00,71.073,0.021375,0.025468,0.031,0.0,0.044,0.03,0.025,-0.0230573221587601,0.011,36.013,0.213222,0.1919,0.625391,38388,1009,2500000,MID,False,,2.5,0.961,0.3857808857808857,1.1045215384615383,0.961,0.885903,0.45,True,1.35,karim boudiaf,qat,MID,karim boudiaf|qat|MID,karim boudiaf|qat,boudiaf karim|qat,,,,,,,,,,,,,,,,,
ayumu_seko__jpn,Ayumu Seko,JPN,Japan,DEF,2500000,2500000,0.559,transfermarkt_availability_split_2026_06_01,0.050818,0.632433,0.632433,48880,Japan,2500000,True,True,name_team_position,1.0,0.007,0.011,0.003,NED,2026-06-14 22:00,74.954,0.0051,0.006414,0.003,0.0,0.057,0.031,0.036,-0.0335508744414561,0.033,51.673,0.062291,0.062291,TUN,2026-06-21 06:00,74.954,0.011805,0.011973,0.003,0.0,0.057,0.046,0.038,-0.0323713549123017,0.033,51.673,0.137378,0.130509,SWE,2026-06-26 01:00,74.954,0.011762,0.012151,0.004,0.0,0.057,0.058,0.041,-0.0296482199095815,0.033,51.673,0.156377,0.140739,0.354933,49528,772,2500000,DEF,False,,2.5,0.301,0.4372037914691943,0.8961978199052141,0.301,0.350807,0.45,True,1.35,ayumu seko,jpn,DEF,ayumu seko|jpn|DEF,ayumu seko|jpn,ayumu seko|jpn,,,,,,,,,,,,,,,,,
jawad_el_yamiq__mar,Jawad El Yamiq,MAR,Marokko,DEF,2500000,2500000,0.5826,transfermarkt_availability_split_2026_06_01,0.052964,0.629934,0.629934,49260,Marokko,2500000,True,True,name_team_position,1.0,0.009,0.013,0.006,BRA,2026-06-14 00:00,74.461,0.003375,0.00384,0.003,0.0,0.034,0.004,0.022,-0.0199567277813292,-0.0,30.909,0.006813,0.006813,SCO,2026-06-20 00:00,74.461,0.007854,0.0073,0.004,0.0,0.034,0.028,0.023,-0.0192322905131301,-0.0,30.909,0.070792,0.067252,HAI,2026-06-25 00:00,74.461,0.01458,0.0125,0.005,0.0,0.034,0.04,0.026,-0.0163264491512251,-0.0,30.909,0.145654,0.131088,0.224565,39817,974,2500000,DEF,False,,2.5,0.16,0.4372037914691943,0.8961978199052141,0.16,0.245057,0.45,True,1.35,jawad el yamiq,mar,DEF,jawad el yamiq|mar|DEF,jawad el yamiq|mar,el jawad yamiq|mar,,,,,,,,,,,,,,,,,
david_ospina__col,David Ospina,COL,Colombia,GK,3500000,3500000,0.7171,transfermarkt_availability_split_2026_06_01,0.065191,0.628942,0.628942,48995,Colombia,3500000,True,True,name_team_position,1.0,0.0,0.0,0.0,UZB,2026-06-18 04:00,79.409,0.0,0.0,0.0,0.0,0.012,0.078,0.027,-0.0219436668111521,0.005,36.226,0.076056,0.076056,COD,2026-06-24 04:00,79.409,0.0,0.0,0.0,0.0,0.012,0.043,0.029,-0.0203431060851402,0.005,36.226,0.044657,0.042424,POR,2026-06-28 01:30,79.409,0.0,0.0,0.0,0.0,0.012,0.038,0.028,-0.0215676730284769,0.005,36.226,0.037432,0.033689,0.159152,32148,879,3500000,GK,False,,3.5,0.152,0.684375,1.2103171874999996,0.152,0.24232,0.45,True,1.35,david ospina,col,GK,david ospina|col|GK,david ospina|col,david ospina|col,,,,,,,,,,,,,,,,,
santiago_mele__uru,Santiago Mele,URU,Uruguay,GK,3500000,3500000,0.2221,transfermarkt_availability_split_2026_06_01,0.020191,0.627909,0.627909,49825,Uruguay,3500000,True,True,name_team_position,1.0,0.0,0.0,0.0,KSA,2026-06-16 00:00,79.412,0.0,0.0,0.0,0.0,0.012,0.067,0.027,-0.0223271473543708,0.005,36.228,0.064673,0.064673,CPV,2026-06-22 00:00,79.412,0.0,0.0,0.0,0.0,0.012,0.046,0.03,-0.0195349617411123,0.005,36.228,0.049465,0.046992,ESP,2026-06-27 02:00,79.412,0.0,0.0,0.0,0.0,0.012,0.036,0.028,-0.0219856111480346,0.005,36.228,0.035014,0.031513,0.149152,52125,783,3500000,GK,False,,3.5,0.142,0.684375,1.2103171874999996,0.142,0.23482,0.45,True,1.35,santiago mele,uru,GK,santiago mele|uru|GK,santiago mele|uru,mele santiago|uru,,,,,,,,,,,,,,,,,
alan_franco__ecu,Alan Franco,ECU,Ecuador,MID,2500000,2500000,0.45,transfermarkt_availability_split_2026_06_01,0.040909,0.626915,0.626915,48762,Ecuador,2500000,True,True,name_team_position,1.0,0.01,0.018,0.004,CIV,2026-06-15 01:00,75.368,0.015891,0.017347,0.005,0.091388,0.068,0.075,0.044,-0.0387905409521587,0.047,61.041,0.195705,0.195705,CUW,2026-06-21 02:00,75.368,0.030983,0.03125,0.007,0.179848,0.068,0.076,0.05,-0.033063473725045,0.047,61.041,0.327602,0.311221,GER,2026-06-25 22:00,75.368,0.008438,0.011104,0.006,0.035939,0.068,0.062,0.047,-0.0368358864813456,0.047,61.041,0.132666,0.1194,0.655973,43278,881,2500000,MID,False,,2.5,1.1,0.3857808857808857,1.1045215384615383,1.1,0.990153,0.45,True,1.35,alan franco,ecu,MID,alan franco|ecu|MID,alan franco|ecu,alan franco|ecu,,,,,,,,,,,,,,,,,
braian_ojeda__par,Braian Ojeda,PAR,Paraguay,MID,2000000,2000000,0.5324,transfermarkt_availability_split_2026_06_01,0.0484,0.625817,0.625817,48909,Paraguay,2000000,True,True,name_team_position,1.0,0.039,0.055,0.033,USA,2026-06-13 03:00,70.905,0.024265,0.026086,0.029,0.0,0.049,0.023,0.028,-0.0260491138581848,0.018,40.09,0.222534,0.222534,TUR,2026-06-20 06:00,70.905,0.028224,0.030089,0.03,0.0,0.049,0.034,0.029,-0.0256279091825091,0.018,40.09,0.267759,0.254371,AUS,2026-06-26 04:00,70.905,0.053392,0.049143,0.036,0.0,0.049,0.045,0.032,-0.0230147354314914,0.018,40.09,0.473374,0.426037,0.962713,42492,778,2000000,MID,False,,2.0,0.955,0.106060606060606,0.30366,0.955,0.761655,0.45,True,1.35,braian ojeda,par,MID,braian ojeda|par|MID,braian ojeda|par,braian ojeda|par,,,,,,,,,,,,,,,,,
marin_pongra_i__cro,Marin Pongracic,CRO,Kroatien,DEF,2500000,2500000,0.4152,transfermarkt_availability_split_2026_06_01,0.037745,0.622634,0.622634,49500,Kroatien,2500000,True,True,name_team_position,1.0,0.008,0.014,0.003,ENG,2026-06-17 22:00,74.36,0.002908,0.004827,0.002,0.0,0.036,0.009,0.023,-0.0209938734441009,0.002,32.503,0.010935,0.010935,PAN,2026-06-24 01:00,74.36,0.0106,0.010679,0.002,0.0,0.036,0.03,0.024,-0.0201458162106512,0.002,32.503,0.097491,0.092617,GHA,2026-06-27 23:00,74.36,0.010836,0.011033,0.003,0.0,0.036,0.04,0.027,-0.0178621877584744,0.002,32.503,0.116253,0.104628,0.224679,37046,588,2500000,DEF,False,,2.5,0.164,0.4372037914691943,0.8961978199052141,0.164,0.248057,0.45,True,1.35,marin pongracic,cro,DEF,marin pongracic|cro|DEF,marin pongracic|cro,marin pongracic|cro,,,,,,,,,,,,,,,,,
tomoki_hayakawa__jpn,Tomoki Hayakawa,JPN,Japan,GK,3500000,3500000,0.2561,transfermarkt_availability_split_2026_06_01,0.023282,0.621092,0.621092,49905,Japan,3500000,True,True,name_team_position,1.0,0.0,0.0,0.0,NED,2026-06-14 22:00,79.545,0.0,0.0,0.0,0.0,0.013,0.025,0.029,-0.0262474719968393,0.011,40.425,0.025753,0.025753,TUN,2026-06-21 06:00,79.545,0.0,0.0,0.0,0.0,0.013,0.036,0.03,-0.0253247119696684,0.011,40.425,0.038675,0.036742,SWE,2026-06-26 01:00,79.545,0.0,0.0,0.0,0.0,0.013,0.046,0.032,-0.0231943528980373,0.011,40.425,0.052806,0.047525,0.118262,49809,772,3500000,GK,False,,3.5,0.108,0.684375,1.2103171874999996,0.108,0.20932,0.45,True,1.35,tomoki hayakawa,jpn,GK,tomoki hayakawa|jpn|GK,tomoki hayakawa|jpn,hayakawa tomoki|jpn,,,,,,,,,,,,,,,,,
sebastian_tounekti__tun,Sebastian Tounekti,TUN,Tunesien,MID,2000000,2000000,0.3511,transfermarkt_availability_split_2026_06_01,0.031918,0.620197,0.620197,49835,Tunesien,2000000,True,True,name_team_position,1.0,0.079,0.049,0.095,SWE,2026-06-15 04:00,66.403,0.037689,0.018459,0.065,0.0,0.023,0.013,0.021,-0.0190646430282086,0.004,29.881,0.304757,0.304757,JPN,2026-06-21 06:00,66.403,0.040075,0.020069,0.076,0.0,0.023,0.032,0.023,-0.0175592103121214,0.004,29.881,0.355023,0.337272,NED,2026-06-26 01:00,66.403,0.034875,0.01728,0.074,0.0,0.023,0.03,0.023,-0.0180494708060982,0.004,29.881,0.316166,0.284549,0.975946,47545,976,2000000,MID,False,,2.0,1.145,0.106060606060606,0.30366,1.145,0.904155,0.45,True,1.35,sebastian tounekti,tun,MID,sebastian tounekti|tun|MID,sebastian tounekti|tun,sebastian tounekti|tun,,,,,,,,,,,,,,,,,
riley_mcgree__aus,Riley McGree,AUS,Australien,MID,2500000,2500000,0.6307,transfermarkt_availability_split_2026_06_01,0.057336,0.619227,0.619227,49774,Australien,2500000,True,True,name_team_position,1.0,0.037,0.052,0.033,TUR,2026-06-14 06:00,70.464,0.019905,0.02235,0.028,0.0,0.039,0.01,0.025,-0.0188221096035066,0.005,32.097,0.176753,0.176753,USA,2026-06-19 21:00,70.464,0.015124,0.017244,0.022,0.0,0.039,0.025,0.022,-0.0209164326010233,0.005,32.097,0.141436,0.134364,PAR,2026-06-26 04:00,70.464,0.021181,0.022768,0.023,0.0,0.039,0.027,0.023,-0.0204132169720839,0.005,32.097,0.192796,0.173516,0.510985,43233,763,2500000,MID,False,,2.5,0.683,0.3857808857808857,1.1045215384615383,0.683,0.677403,0.45,True,1.35,riley mcgree,aus,MID,riley mcgree|aus|MID,riley mcgree|aus,mcgree riley|aus,,,,,,,,,,,,,,,,,
nihad_mujaki__bih,Nihad Mujakic,BIH,Bosnien-Hercegovina,DEF,2500000,2500000,0.4396,transfermarkt_availability_split_2026_06_01,0.039964,0.618506,0.618506,49653,Bosnien-Hercegovina,2500000,True,True,name_team_position,1.0,0.01,0.016,0.005,CAN,2026-06-12 21:00,74.727,0.00188,0.002174,0.001,0.0,0.014,0.008,0.009,-0.0083736813661857,-0.029,12.994,-0.015572,-0.015572,SUI,2026-06-18 21:00,74.727,0.001687,0.00192,0.001,0.0,0.014,0.01,0.009,-0.0084365734423518,-0.029,12.994,-0.015555,-0.014777,QAT,2026-06-24 21:00,74.727,0.004828,0.005683,0.001,0.0,0.014,0.015,0.01,-0.007355767635591,-0.029,12.994,0.021661,0.019495,0.0,52121,882,2500000,DEF,False,,2.5,-0.008,0.4372037914691943,0.8961978199052141,-0.008,0.119057,0.45,True,1.35,nihad mujakic,bih,DEF,nihad mujakic|bih|DEF,nihad mujakic|bih,mujakic nihad|bih,,,,,,,,,,,,,,,,,
ahmed_fathi__qat,Ahmed Fathi,QAT,Qatar,MID,2500000,2500000,0.7167,transfermarkt_availability_split_2026_06_01,0.065155,0.616554,0.616554,48745,Qatar,2500000,True,True,name_team_position,1.0,0.045,0.067,0.038,SUI,2026-06-13 21:00,70.927,0.023625,0.02752,0.034,0.0,0.044,-0.006,0.027,-0.0215369116727606,0.01,35.655,0.200148,0.200148,CAN,2026-06-19 00:00,70.927,0.019688,0.02304,0.029,0.0,0.044,0.028,0.025,-0.0232099772903615,0.01,35.655,0.19235,0.182733,BIH,2026-06-24 21:00,70.927,0.02025,0.024162,0.03,0.0,0.044,0.03,0.025,-0.022828375842237,0.01,35.655,0.201908,0.181717,0.594406,38268,1009,2500000,MID,False,,2.5,0.917,0.3857808857808857,1.1045215384615383,0.917,0.852903,0.45,True,1.35,ahmed fathi,qat,MID,ahmed fathi|qat|MID,ahmed fathi|qat,ahmed fathi|qat,,,,,,,,,,,,,,,,,
ruben_providence__hai,Ruben Providence,HAI,Haiti,FWD,2500000,2500000,0.8296,transfermarkt_availability_split_2026_06_01,0.075418,0.610904,0.610904,49800,Haiti,2500000,True,True,name_team_position,1.0,0.052,0.078,0.039,SCO,2026-06-14 03:00,71.147,0.0315,0.03712,0.041,0.0,0.052,-0.0,0.032,-0.0256189040531442,0.022,42.574,0.254741,0.254741,BRA,2026-06-20 03:00,71.147,0.023625,0.02816,0.031,0.0,0.052,0.028,0.028,-0.0287145986861863,0.022,42.574,0.207265,0.196902,MAR,2026-06-25 00:00,71.147,0.02475,0.02944,0.032,0.0,0.052,0.03,0.028,-0.028370496521823,0.022,42.574,0.21895,0.197055,0.680956,41245,1129,2500000,FWD,False,,2.5,1.171,0.2939068100358423,1.0193922580645165,1.171,1.042243,0.45,True,1.35,ruben providence,hai,FWD,ruben providence|hai|FWD,ruben providence|hai,providence ruben|hai,,,,,,,,,,,,,,,,,
ryan_thomas__nzl,Ryan Thomas,NZL,New Zealand,MID,2500000,2500000,0.8342,transfermarkt_availability_split_2026_06_01,0.075836,0.610173,0.610173,49807,New Zealand,2500000,True,True,name_team_position,1.0,0.038,0.054,0.033,IRN,2026-06-16 03:00,70.682,0.018643,0.021369,0.024,0.0,0.044,0.007,0.025,-0.0235518295479724,0.011,36.062,0.15677,0.15677,EGY,2026-06-22 03:00,70.682,0.019688,0.022934,0.029,0.0,0.044,0.035,0.027,-0.0217827879453128,0.011,36.062,0.203459,0.193286,BEL,2026-06-27 05:00,70.682,0.018563,0.02112,0.028,0.0,0.044,0.033,0.027,-0.0224580890204434,0.011,36.062,0.188717,0.169845,0.549598,37006,776,2500000,MID,False,,2.5,0.797,0.3857808857808857,1.1045215384615383,0.797,0.762903,0.45,True,1.35,ryan thomas,nzl,MID,ryan thomas|nzl|MID,ryan thomas|nzl,ryan thomas|nzl,,,,,,,,,,,,,,,,,
junnosuke_suzuki__jpn,Junnosuke Suzuki,JPN,Japan,DEF,2500000,2500000,0.7446,transfermarkt_availability_split_2026_06_01,0.067691,0.60965,0.60965,49360,Japan,2500000,True,True,name_team_position,1.0,0.007,0.011,0.003,NED,2026-06-14 22:00,74.819,0.0051,0.005612,0.003,0.0,0.053,0.029,0.034,-0.0309691894406871,0.026,47.697,0.055467,0.055467,TUN,2026-06-21 06:00,74.819,0.010331,0.010642,0.003,0.0,0.053,0.043,0.035,-0.0298804320131835,0.026,47.697,0.118032,0.11213,SWE,2026-06-26 01:00,74.819,0.010456,0.010936,0.003,0.0,0.053,0.054,0.038,-0.0273668378021307,0.026,47.697,0.136177,0.122559,0.309676,48000,772,2500000,DEF,False,,2.5,0.26,0.4372037914691943,0.8961978199052141,0.26,0.320057,0.45,True,1.35,junnosuke suzuki,jpn,DEF,junnosuke suzuki|jpn|DEF,junnosuke suzuki|jpn,junnosuke suzuki|jpn,,,,,,,,,,,,,,,,,
scott_mckenna__sco,Scott McKenna,SCO,Skotland,DEF,2500000,2500000,0.6233,transfermarkt_availability_split_2026_06_01,0.056664,0.609426,0.609426,49830,Skotland,2500000,True,True,name_team_position,1.0,0.01,0.016,0.004,HAI,2026-06-14 03:00,74.682,0.016403,0.015625,0.004,0.0,0.044,0.081,0.03,-0.023860621057391,0.013,39.372,0.205432,0.205432,MAR,2026-06-20 00:00,74.682,0.007326,0.008853,0.004,0.0,0.044,0.041,0.031,-0.0233829002088557,0.013,39.372,0.092132,0.087525,BRA,2026-06-25 00:00,74.682,0.005625,0.0064,0.004,0.0,0.044,0.039,0.03,-0.0238047960237738,0.013,39.372,0.071145,0.064031,0.368709,40457,1022,2500000,DEF,False,,2.5,0.35,0.4372037914691943,0.8961978199052141,0.35,0.387557,0.45,True,1.35,scott mckenna,sco,DEF,scott mckenna|sco|DEF,scott mckenna|sco,mckenna scott|sco,,,,,,,,,,,,,,,,,
egil_selvik__nor,Egil Selvik,NOR,Norge,GK,3500000,3500000,0.1538,transfermarkt_availability_split_2026_06_01,0.013982,0.605767,0.605767,49048,Norge,3500000,True,True,name_team_position,1.0,0.001,0.0,0.0,IRQ,2026-06-17 00:00,79.819,0.0,0.0,0.0,0.0,0.01,0.066,0.023,-0.0192092217157427,-0.003,31.155,0.056791,0.056791,SEN,2026-06-23 02:00,79.819,0.0,0.0,0.0,0.0,0.01,0.033,0.024,-0.0183543748622221,-0.003,31.155,0.025646,0.024363,FRA,2026-06-26 21:00,79.819,0.0,0.0,0.0,0.0,0.01,0.031,0.024,-0.0189070216477419,-0.003,31.155,0.023093,0.020784,0.10553,47057,1126,3500000,GK,False,,3.5,0.101,0.684375,1.2103171874999996,0.101,0.20407,0.45,True,1.35,egil selvik,nor,GK,egil selvik|nor|GK,egil selvik|nor,egil selvik|nor,,,,,,,,,,,,,,,,,
ismail_jakobs__sen,Ismail Jakobs,SEN,Senegal,DEF,2500000,2500000,0.6515,transfermarkt_availability_split_2026_06_01,0.059227,0.605008,0.605008,49228,Senegal,2500000,True,True,name_team_position,1.0,0.008,0.023,0.003,FRA,2026-06-16 21:00,74.614,0.003938,0.00896,0.003,0.0,0.047,-0.002,0.03,-0.0275738807086896,0.018,42.343,0.024934,0.024934,NOR,2026-06-23 02:00,74.614,0.005967,0.01222,0.003,0.0,0.047,0.038,0.031,-0.026548693107015,0.018,42.343,0.088913,0.084468,IRQ,2026-06-26 21:00,74.614,0.017948,0.027798,0.004,0.0,0.047,0.052,0.035,-0.0231402674843864,0.018,42.343,0.229942,0.206948,0.343789,38763,975,2500000,DEF,False,,2.5,0.296,0.4372037914691943,0.8961978199052141,0.296,0.347057,0.45,True,1.35,ismail jakobs,sen,DEF,ismail jakobs|sen|DEF,ismail jakobs|sen,ismail jakobs|sen,,,,,,,,,,,,,,,,,
amer_jamous__jor,Amer Jamous,JOR,Jordan,MID,2500000,2500000,0.6012,transfermarkt_availability_split_2026_06_01,0.054655,0.603785,0.603785,48818,Jordan,2500000,True,True,name_team_position,1.0,0.05,0.052,0.028,AUT,2026-06-17 06:00,70.725,0.020813,0.01728,0.021,0.0,0.045,-0.002,0.025,-0.0244333227991154,0.012,36.827,0.142472,0.142472,ALG,2026-06-23 05:00,70.725,0.025875,0.022055,0.026,0.0,0.045,0.036,0.028,-0.0223074213349642,0.012,36.827,0.230233,0.218721,ARG,2026-06-28 04:00,70.725,0.024188,0.01984,0.024,0.0,0.045,0.033,0.027,-0.0231379547402925,0.012,36.827,0.208322,0.18749,0.580419,49552,1123,2500000,MID,False,,2.5,0.903,0.3857808857808857,1.1045215384615383,0.903,0.842403,0.45,True,1.35,amer jamous,jor,MID,amer jamous|jor|MID,amer jamous|jor,amer jamous|jor,,,,,,,,,,,,,,,,,
ali_nemati__irn,Ali Nemati,IRN,Iran,DEF,2500000,2500000,0.514,name+team,0.064,0.600062,0.600062,48801,Iran,2500000,True,True,name_team_position,1.0,0.013,0.018,0.006,NZL,2026-06-16 03:00,75.145,0.018664,0.016942,0.006,0.0,0.043,0.07,0.032,-0.0211152067841772,0.012,38.662,0.218695,0.218695,BEL,2026-06-21 21:00,75.145,0.005625,0.0064,0.004,0.0,0.043,0.03,0.027,-0.0252680439958506,0.012,38.662,0.057682,0.054798,EGY,2026-06-27 05:00,75.145,0.008305,0.008772,0.004,0.0,0.043,0.033,0.028,-0.0246278479033759,0.012,38.662,0.085518,0.076966,0.361895,49519,883,2500000,DEF,False,,2.5,0.347,0.4372037914691943,0.8961978199052141,0.347,0.385307,0.45,True,1.35,ali nemati,irn,DEF,ali nemati|irn|DEF,ali nemati|irn,ali nemati|irn,,,,,,,,,,,,,,,,,
keisuke_sako__jpn,Keisuke Osako,JPN,Japan,GK,3500000,3500000,0.3581,transfermarkt_availability_split_2026_06_01,0.032555,0.596072,0.596072,49378,Japan,3500000,True,True,name_team_position,1.0,0.0,0.0,0.0,NED,2026-06-14 22:00,79.36,0.0,0.0,0.0,0.0,0.012,0.022,0.025,-0.0229761301026842,0.004,35.387,0.016024,0.016024,TUN,2026-06-21 06:00,79.36,0.0,0.0,0.0,0.0,0.012,0.032,0.026,-0.0221683778574246,0.004,35.387,0.027832,0.02644,SWE,2026-06-26 01:00,79.36,0.0,0.0,0.0,0.0,0.012,0.04,0.028,-0.0203035351327186,0.004,35.387,0.039696,0.035727,0.083552,38327,772,3500000,GK,False,,3.5,0.077,0.684375,1.2103171874999996,0.077,0.18607,0.45,True,1.35,keisuke osako,jpn,GK,keisuke osako|jpn|GK,keisuke osako|jpn,keisuke osako|jpn,,,,,,,,,,,,,,,,,
edmilson_junior__qat,Edmilson Junior,QAT,Qatar,FWD,2500000,2500000,0.8529,transfermarkt_availability_split_2026_06_01,0.077536,0.591412,0.591412,49044,Qatar,2500000,True,True,name_team_position,1.0,0.048,0.072,0.04,SUI,2026-06-13 21:00,71.192,0.027562,0.032,0.04,0.0,0.048,-0.007,0.03,-0.0239436817305789,0.017,39.639,0.214304,0.214304,CAN,2026-06-19 00:00,71.192,0.023062,0.02688,0.034,0.0,0.048,0.031,0.027,-0.0258037139984772,0.017,39.639,0.208084,0.19768,BIH,2026-06-24 21:00,71.192,0.024188,0.028733,0.035,0.0,0.048,0.033,0.028,-0.0253794682309943,0.017,39.639,0.222572,0.200314,0.645516,49617,1009,2500000,FWD,False,,2.5,1.103,0.2939068100358423,1.0193922580645165,1.103,0.991243,0.45,True,1.35,edmilson junior,qat,FWD,edmilson junior|qat|FWD,edmilson junior|qat,edmilson junior|qat,,,,,,,,,,,,,,,,,
dennis_hadzikadunic__bih,Dennis Hadzikadunic,BIH,Bosnien-Hercegovina,DEF,2500000,2500000,0.6747,transfermarkt_availability_split_2026_06_01,0.061336,0.586704,0.586704,49011,Bosnien-Hercegovina,2500000,True,True,name_team_position,1.0,0.011,0.017,0.005,CAN,2026-06-12 21:00,74.819,0.006268,0.008694,0.004,0.0,0.055,0.031,0.035,-0.0318232056093114,0.029,49.381,0.075867,0.075867,SUI,2026-06-18 21:00,74.819,0.005625,0.00704,0.004,0.0,0.055,0.039,0.035,-0.0320622196562407,0.029,49.381,0.074808,0.071067,QAT,2026-06-24 21:00,74.819,0.020922,0.021309,0.006,0.0,0.055,0.057,0.04,-0.0279547424418368,0.029,49.381,0.238504,0.214654,0.389179,34979,882,2500000,DEF,False,,2.5,0.376,0.4372037914691943,0.8961978199052141,0.376,0.407057,0.45,True,1.35,dennis hadzikadunic,bih,DEF,dennis hadzikadunic|bih|DEF,dennis hadzikadunic|bih,dennis hadzikadunic|bih,,,,,,,,,,,,,,,,,
jeremy_antonisse__cuw,Jeremy Antonisse,CUW,Curaçao,FWD,2000000,2000000,0.7223,transfermarkt_availability_split_2026_06_01,0.065664,0.58108,0.58108,49269,Curaçao,2000000,True,True,name_team_position,1.0,0.139,0.074,0.066,GER,2026-06-14 19:00,70.848,0.051188,0.02176,0.042,0.0,0.042,-0.025,0.022,-0.0229629928805314,0.008,34.014,0.252069,0.252069,ECU,2026-06-21 02:00,70.848,0.055125,0.02304,0.046,0.0,0.042,0.025,0.023,-0.0223178690426581,0.008,34.014,0.327302,0.310937,CIV,2026-06-25 22:00,70.848,0.066937,0.02816,0.055,0.0,0.042,0.033,0.026,-0.0206036638137341,0.008,34.014,0.411624,0.370462,0.990995,51995,1128,2000000,FWD,False,,2.0,1.852,0.086021505376344,0.2983587096774194,1.852,1.436998,0.45,True,1.35,jeremy antonisse,cuw,FWD,jeremy antonisse|cuw|FWD,jeremy antonisse|cuw,antonisse jeremy|cuw,,,,,,,,,,,,,,,,,
danial_esmaeilifar__irn,Danial Esmaeilifar,IRN,Iran,DEF,2500000,2500000,0.3862,transfermarkt_availability_split_2026_06_01,0.035109,0.572569,0.572569,48980,Iran,2500000,True,True,name_team_position,1.0,0.012,0.018,0.005,NZL,2026-06-16 03:00,75.01,0.017228,0.015639,0.005,0.0,0.042,0.068,0.031,-0.0205365146346201,0.01,37.602,0.201748,0.201748,BEL,2026-06-21 21:00,75.01,0.005063,0.00576,0.004,0.0,0.042,0.029,0.026,-0.0245755374604177,0.01,37.602,0.050082,0.047578,EGY,2026-06-27 05:00,75.01,0.007474,0.008772,0.004,0.0,0.042,0.032,0.027,-0.0239528868486327,0.01,37.602,0.078207,0.070386,0.331014,49521,883,2500000,DEF,False,,2.5,0.325,0.4372037914691943,0.8961978199052141,0.325,0.368807,0.45,True,1.35,danial esmaeilifar,irn,DEF,danial esmaeilifar|irn|DEF,danial esmaeilifar|irn,danial esmaeilifar|irn,,,,,,,,,,,,,,,,,
assim_madibo__qat,Assim Madibo,QAT,Qatar,MID,2500000,2500000,0.5778,transfermarkt_availability_split_2026_06_01,0.052527,0.572241,0.572241,48865,Qatar,2500000,True,True,name_team_position,1.0,0.043,0.064,0.036,SUI,2026-06-13 21:00,70.718,0.020813,0.02432,0.03,0.0,0.041,-0.006,0.026,-0.0203073533757227,0.007,33.619,0.172718,0.172718,CAN,2026-06-19 00:00,70.718,0.017438,0.02048,0.026,0.0,0.041,0.026,0.023,-0.0218849024335277,0.007,33.619,0.167745,0.159358,BIH,2026-06-24 21:00,70.718,0.018,0.02155,0.026,0.0,0.041,0.028,0.024,-0.0215250868957432,0.007,33.619,0.177125,0.159412,0.518196,38381,1009,2500000,MID,False,,2.5,0.811,0.3857808857808857,1.1045215384615383,0.811,0.773403,0.45,True,1.35,assim madibo,qat,MID,assim madibo|qat|MID,assim madibo|qat,assim madibo|qat,,,,,,,,,,,,,,,,,
ben_old__nzl,Ben Old,NZL,New Zealand,MID,2000000,2000000,0.8147,transfermarkt_availability_split_2026_06_01,0.074064,0.565126,0.565126,48891,New Zealand,2000000,True,True,name_team_position,1.0,0.072,0.057,0.034,IRN,2026-06-16 03:00,70.891,0.039216,0.024316,0.028,0.0,0.049,0.008,0.027,-0.0260150264282556,0.017,39.834,0.274013,0.274013,EGY,2026-06-22 03:00,70.891,0.041063,0.026981,0.034,0.0,0.049,0.039,0.03,-0.0240609674473117,0.017,39.834,0.333197,0.316537,BEL,2026-06-27 05:00,70.891,0.039375,0.02432,0.032,0.0,0.049,0.036,0.029,-0.0248068957107942,0.017,39.834,0.310028,0.279025,0.917238,49592,776,2000000,MID,False,,2.0,1.368,0.106060606060606,0.30366,1.368,1.071405,0.45,True,1.35,ben old,nzl,MID,ben old|nzl|MID,ben old|nzl,ben old|nzl,,,,,,,,,,,,,,,,,
cho_gue_sung__kor,Gue-sung Cho,KOR,Sydkorea,FWD,2500000,2500000,0.8209,transfermarkt_availability_split_2026_06_01,0.074627,0.560339,0.560339,49152,Sydkorea,2500000,True,True,name_team_position,1.0,0.07,0.038,0.084,CZE,2026-06-12 04:00,66.36,0.020354,0.008101,0.024,0.0,0.008,0.01,0.008,-0.0058528728495796,-0.032,10.173,0.101866,0.101866,MEX,2026-06-19 03:00,66.36,0.009533,0.004205,0.019,0.0,0.008,0.008,0.007,-0.0066027660482126,-0.032,10.173,0.038144,0.036237,RSA,2026-06-25 03:00,66.36,0.021287,0.008241,0.02,0.0,0.008,0.009,0.007,-0.0063703201595657,-0.032,10.173,0.099501,0.089551,0.239511,43362,774,2500000,FWD,False,,2.5,0.24,0.2939068100358423,1.0193922580645165,0.24,0.343993,0.45,True,1.35,gue sung cho,kor,FWD,gue sung cho|kor|FWD,gue sung cho|kor,cho gue sung|kor,,,,,,,,,,,,,,,,,
brandley_kuwas__cuw,Brandley Kuwas,CUW,Curaçao,FWD,2000000,2000000,0.6808,transfermarkt_availability_split_2026_06_01,0.061891,0.560319,0.560319,48910,Curaçao,2000000,True,True,name_team_position,1.0,0.115,0.059,0.152,GER,2026-06-14 19:00,66.36,0.037125,0.01472,0.085,0.0,0.023,-0.021,0.019,-0.0196223448631951,0.003,29.066,0.236038,0.236038,ECU,2026-06-21 02:00,66.36,0.039938,0.016,0.091,0.0,0.023,0.022,0.02,-0.0190710734112517,0.003,29.066,0.301681,0.286597,CIV,2026-06-25 22:00,66.36,0.048375,0.0192,0.11,0.0,0.023,0.028,0.022,-0.0176062501478713,0.003,29.066,0.373494,0.336144,0.910554,51990,1128,2000000,FWD,False,,2.0,1.304,0.086021505376344,0.2983587096774194,1.304,1.025998,0.45,True,1.35,brandley kuwas,cuw,FWD,brandley kuwas|cuw|FWD,brandley kuwas|cuw,brandley kuwas|cuw,,,,,,,,,,,,,,,,,
milad_mohammadi__irn,Milad Mohammadi,IRN,Iran,DEF,2500000,2500000,0.6793,transfermarkt_availability_split_2026_06_01,0.061755,0.558374,0.558374,49565,Iran,2500000,True,True,name_team_position,1.0,0.012,0.017,0.005,NZL,2026-06-16 03:00,74.819,0.015792,0.014336,0.005,0.0,0.041,0.066,0.03,-0.0199203766736333,0.009,36.474,0.18684,0.18684,BEL,2026-06-21 21:00,74.819,0.0045,0.00512,0.004,0.0,0.041,0.028,0.025,-0.0238382204516448,0.009,36.474,0.043522,0.041346,EGY,2026-06-27 05:00,74.819,0.007474,0.007895,0.004,0.0,0.041,0.031,0.026,-0.0232342506474447,0.009,36.474,0.074295,0.066865,0.304657,36412,883,2500000,DEF,False,,2.5,0.299,0.4372037914691943,0.8961978199052141,0.299,0.349307,0.45,True,1.35,milad mohammadi,irn,DEF,milad mohammadi|irn|DEF,milad mohammadi|irn,milad mohammadi|irn,,,,,,,,,,,,,,,,,
hussein_ali__irq,Hussein Ali,IRQ,Irak,DEF,3000000,3000000,0.8097,transfermarkt_availability_split_2026_06_01,0.073609,0.558271,0.558271,49196,Irak,3000000,True,True,name_team_position,1.0,0.008,0.009,0.004,NOR,2026-06-17 00:00,75.181,0.00675,0.00576,0.006,0.04817,0.072,-0.005,0.05,-0.0383469569563782,0.053,64.505,0.157407,0.157407,FRA,2026-06-22 23:00,75.181,0.005063,0.00448,0.004,0.033724,0.072,0.044,0.043,-0.0432267909470311,0.053,64.505,0.146784,0.139445,SEN,2026-06-26 21:00,75.181,0.005625,0.00448,0.005,0.042357,0.072,0.049,0.044,-0.0423392181302249,0.053,64.505,0.177036,0.159333,0.481227,38803,947,3000000,DEF,False,,3.0,0.97,0.7085308056872038,1.452374786729859,0.97,0.930166,0.45,True,1.35,hussein ali,irq,DEF,hussein ali|irq|DEF,hussein ali|irq,ali hussein|irq,,,,,,,,,,,,,,,,,
joe_bell__nzl,Joe Bell,NZL,New Zealand,MID,2500000,2500000,0.8244,transfermarkt_availability_split_2026_06_01,0.074945,0.552686,0.552686,49295,New Zealand,2500000,True,True,name_team_position,1.0,0.036,0.05,0.03,IRN,2026-06-16 03:00,70.409,0.015429,0.017685,0.02,0.0,0.039,0.007,0.022,-0.0209775674692398,0.005,32.12,0.124222,0.124222,EGY,2026-06-22 03:00,70.409,0.016313,0.018887,0.024,0.0,0.039,0.032,0.024,-0.0194018856522456,0.005,32.12,0.164824,0.156583,BEL,2026-06-27 05:00,70.409,0.01575,0.01728,0.023,0.0,0.039,0.029,0.024,-0.0200033749691052,0.005,32.12,0.152587,0.137328,0.441633,41787,776,2500000,MID,False,,2.5,0.644,0.3857808857808857,1.1045215384615383,0.644,0.648153,0.45,True,1.35,joe bell,nzl,MID,joe bell|nzl|MID,joe bell|nzl,bell joe|nzl,,,,,,,,,,,,,,,,,
callum_mccowatt__nzl,Callum McCowatt,NZL,New Zealand,MID,2500000,2500000,0.7572,transfermarkt_availability_split_2026_06_01,0.068836,0.548661,0.548661,48928,New Zealand,2500000,True,True,name_team_position,1.0,0.036,0.051,0.031,IRN,2026-06-16 03:00,70.473,0.015429,0.017685,0.02,0.0,0.039,0.007,0.022,-0.020762143500776,0.004,31.791,0.123438,0.123438,EGY,2026-06-22 03:00,70.473,0.016313,0.019562,0.024,0.0,0.039,0.031,0.024,-0.0192026427605702,0.004,31.791,0.165048,0.156796,BEL,2026-06-27 05:00,70.473,0.01575,0.01728,0.023,0.0,0.039,0.029,0.023,-0.0197979552308618,0.004,31.791,0.150792,0.135713,0.439278,44665,776,2500000,MID,False,,2.5,0.648,0.3857808857808857,1.1045215384615383,0.648,0.651153,0.45,True,1.35,callum mccowatt,nzl,MID,callum mccowatt|nzl|MID,callum mccowatt|nzl,callum mccowatt|nzl,,,,,,,,,,,,,,,,,
yassine_bono_bounou__mar,Yassine 'Bono' Bounou,MAR,Marokko,GK,3500000,3500000,0.5853,transfermarkt_availability_split_2026_06_01,0.053209,0.544643,0.544643,49962,Marokko,3500000,True,True,name_team_position,1.0,,,,BRA,2026-06-14 00:00,,,,,,,,,,,,0.138735,0.138735,SCO,2026-06-20 00:00,,,,,,,,,,,,0.195118,0.185362,HAI,2026-06-25 00:00,,,,,,,,,,,,0.245051,0.220546,,31438,974,3500000,GK,False,,3.5,0.0,0.684375,1.2103171874999996,0.0,0.12832,0.45,True,1.35,yassine bono bounou,mar,GK,yassine bono bounou|mar|GK,yassine bono bounou|mar,bono bounou yassine|mar,distributed_from_existing_optimizer_ev,,0.174,0.1883,0.75,0.8,0.8198,0.4539,0.411,1.1441,1.103,1.1204,0.699,0.5585,1.35,1.25,1.3195
carlos_acevedo__mex,Carlos Acevedo,MEX,Mexico,GK,3500000,3500000,0.2064,transfermarkt_availability_split_2026_06_01,0.018764,0.544643,0.544643,48934,Mexico,3500000,True,True,name_team_position,1.0,,,,RSA,2026-06-11 21:00,,,,,,,,,,,,0.195677,0.195677,KOR,2026-06-19 03:00,,,,,,,,,,,,0.186955,0.177607,CZE,2026-06-25 03:00,,,,,,,,,,,,0.190398,0.171359,,52253,775,3500000,GK,False,,3.5,0.0,0.684375,1.2103171874999996,0.0,0.12832,0.45,True,1.35,carlos acevedo,mex,GK,carlos acevedo|mex|GK,carlos acevedo|mex,acevedo carlos|mex,distributed_from_existing_optimizer_ev,,0.6447,0.5376,1.35,1.25,1.2913,0.5288,0.4415,1.2281,1.1629,1.1615,0.4841,0.411,1.172,1.1228,1.1204
jacob_widell_zetterstrom__swe,Jacob Widell Zetterström,SWE,Sverige,GK,3500000,3500000,0.1433,transfermarkt_availability_split_2026_06_01,0.013027,0.544643,0.544643,49242,Sverige,3500000,True,True,name_team_position,1.0,,,,TUN,2026-06-15 04:00,,,,,,,,,,,,0.212585,0.212585,NED,2026-06-20 19:00,,,,,,,,,,,,0.167694,0.15931,JPN,2026-06-26 01:00,,,,,,,,,,,,0.191942,0.172748,,37339,598,3500000,GK,False,,3.5,0.0,0.684375,1.2103171874999996,0.0,0.12832,0.45,True,1.35,jacob widell zetterstrom,swe,GK,jacob widell zetterstrom|swe|GK,jacob widell zetterstrom|swe,jacob widell zetterstrom|swe,distributed_from_existing_optimizer_ev,,0.4811,0.411,1.1722,1.123,1.1204,0.1968,0.1883,0.75,0.8121,0.8198,0.2595,0.25,0.8568,0.8977,0.903
justin_bijlow__ned,Justin Bijlow,NED,Holland,GK,3500000,3500000,0.417,transfermarkt_availability_split_2026_06_01,0.037909,0.544643,0.544643,49364,Holland,3500000,True,True,name_team_position,1.0,,,,JPN,2026-06-14 22:00,,,,,,,,,,,,0.168588,0.168588,SWE,2026-06-20 19:00,,,,,,,,,,,,0.194254,0.184541,TUN,2026-06-26 01:00,,,,,,,,,,,,0.212793,0.191514,,35675,593,3500000,GK,False,,3.5,0.0,0.684375,1.2103171874999996,0.0,0.12832,0.45,True,1.35,justin bijlow,ned,GK,justin bijlow|ned|GK,justin bijlow|ned,bijlow justin|ned,distributed_from_existing_optimizer_ev,,0.4788,0.3373,1.1464,1.1045,1.021,0.5726,0.4226,1.2631,1.1879,1.136,0.6094,0.4624,1.3114,1.2225,1.1897
mert_gunok__tur,Mert Günok,TUR,Tyrkiet,GK,3500000,3500000,0.4209,transfermarkt_availability_split_2026_06_01,0.038264,0.544643,0.544643,49550,Tyrkiet,3500000,True,True,name_team_position,1.0,,,,AUS,2026-06-14 06:00,,,,,,,,,,,,0.194823,0.194823,PAR,2026-06-20 06:00,,,,,,,,,,,,0.192933,0.183287,USA,2026-06-26 04:00,,,,,,,,,,,,0.185037,0.166533,,23335,586,3500000,GK,False,,3.5,0.0,0.684375,1.2103171874999996,0.0,0.12832,0.45,True,1.35,mert gunok,tur,GK,mert gunok|tur|GK,mert gunok|tur,gunok mert|tur,distributed_from_existing_optimizer_ev,,0.5184,0.411,1.2113,1.1509,1.1204,0.4216,0.375,1.102,1.0729,1.0718,0.3572,0.2766,0.9901,0.9929,0.9389
zineddine_belaid__alg,Zineddine Belaid,ALG,Algeriet,DEF,2500000,2500000,0.4472,transfermarkt_availability_split_2026_06_01,0.040655,0.542603,0.542603,49994,Algeriet,2500000,True,True,name_team_position,1.0,0.017,0.014,0.006,ARG,2026-06-17 03:00,74.583,0.006188,0.00384,0.004,0.0,0.037,-0.003,0.023,-0.0215378753183251,0.003,32.884,0.01711,0.01711,JOR,2026-06-23 05:00,74.583,0.020488,0.009789,0.004,0.0,0.037,0.032,0.025,-0.0198442115346472,0.003,32.884,0.159451,0.151478,AUT,2026-06-28 04:00,74.583,0.010866,0.006698,0.005,0.0,0.037,0.035,0.026,-0.0193036127355098,0.003,32.884,0.097986,0.088188,0.274547,49701,761,2500000,DEF,False,,2.5,0.258,0.4372037914691943,0.8961978199052141,0.258,0.318557,0.45,True,1.35,zineddine belaid,alg,DEF,zineddine belaid|alg|DEF,zineddine belaid|alg,belaid zineddine|alg,,,,,,,,,,,,,,,,,
ramin_rezaeian__irn,Ramin Rezaeian,IRN,Iran,DEF,2500000,2500000,0.7,transfermarkt_availability_split_2026_06_01,0.063636,0.542431,0.542431,49746,Iran,2500000,True,True,name_team_position,1.0,0.011,0.016,0.005,NZL,2026-06-16 03:00,74.626,0.014357,0.013033,0.004,0.0,0.039,0.063,0.028,-0.0189887435386453,0.006,34.768,0.168252,0.168252,BEL,2026-06-21 21:00,74.626,0.0045,0.00512,0.003,0.0,0.039,0.027,0.024,-0.022723358196992,0.006,34.768,0.040637,0.038605,EGY,2026-06-27 05:00,74.626,0.006643,0.007018,0.003,0.0,0.039,0.03,0.025,-0.0221476347603854,0.006,34.768,0.063764,0.057388,0.272653,36417,883,2500000,DEF,False,,2.5,0.267,0.4372037914691943,0.8961978199052141,0.267,0.325307,0.45,True,1.35,ramin rezaeian,irn,DEF,ramin rezaeian|irn|DEF,ramin rezaeian|irn,ramin rezaeian|irn,,,,,,,,,,,,,,,,,
alex_rufer__nzl,Alex Rufer,NZL,New Zealand,MID,2500000,2500000,0.5288,transfermarkt_availability_split_2026_06_01,0.048073,0.539889,0.539889,48777,New Zealand,2500000,True,True,name_team_position,1.0,0.035,0.05,0.03,IRN,2026-06-16 03:00,70.364,0.015429,0.016947,0.019,0.0,0.039,0.007,0.022,-0.0207389861375708,0.004,31.755,0.120247,0.120247,EGY,2026-06-22 03:00,70.364,0.01575,0.018887,0.023,0.0,0.039,0.031,0.024,-0.019181224809534,0.004,31.755,0.15923,0.151268,BEL,2026-06-27 05:00,70.364,0.015187,0.01664,0.022,0.0,0.039,0.029,0.023,-0.019775873289275,0.004,31.755,0.145079,0.130571,0.425197,49590,776,2500000,MID,False,,2.5,0.627,0.3857808857808857,1.1045215384615383,0.627,0.635403,0.45,True,1.35,alex rufer,nzl,MID,alex rufer|nzl|MID,alex rufer|nzl,alex rufer|nzl,,,,,,,,,,,,,,,,,
roshon_van_eijma__cuw,Roshon van Eijma,CUW,Curaçao,DEF,2500000,2500000,0.5747,transfermarkt_availability_split_2026_06_01,0.052245,0.534733,0.534733,49796,Curaçao,2500000,True,True,name_team_position,1.0,0.017,0.023,0.024,GER,2026-06-14 19:00,75.636,0.010688,0.01088,0.025,0.023852,0.069,-0.046,0.04,-0.0421263727683928,0.049,62.4,0.106116,0.106116,ECU,2026-06-21 02:00,75.636,0.01125,0.01216,0.027,0.030767,0.069,0.047,0.042,-0.0409428716708914,0.049,62.4,0.226725,0.215388,CIV,2026-06-25 22:00,75.636,0.0135,0.01472,0.033,0.038718,0.069,0.061,0.047,-0.0377981052699748,0.049,62.4,0.293541,0.264187,0.626912,50226,1128,2500000,DEF,False,,2.5,1.111,0.4372037914691943,0.8961978199052141,1.111,0.958307,0.45,True,1.35,roshon van eijma,cuw,DEF,roshon van eijma|cuw|DEF,roshon van eijma|cuw,eijma roshon van|cuw,,,,,,,,,,,,,,,,,
martin_boyle__aus,Martin Boyle,AUS,Australien,FWD,2500000,2500000,0.7263,transfermarkt_availability_split_2026_06_01,0.066027,0.525236,0.525236,49510,Australien,2500000,True,True,name_team_position,1.0,0.037,0.052,0.033,TUR,2026-06-14 06:00,70.477,0.019905,0.02235,0.027,0.0,0.039,0.01,0.025,-0.0186642911634519,0.004,31.827,0.155006,0.155006,USA,2026-06-19 21:00,70.477,0.015124,0.017244,0.022,0.0,0.039,0.025,0.022,-0.020741053813303,0.004,31.827,0.125487,0.119213,PAR,2026-06-26 04:00,70.477,0.021181,0.022768,0.023,0.0,0.039,0.027,0.023,-0.0202420575150998,0.004,31.827,0.170786,0.153707,0.451913,43237,763,2500000,FWD,False,,2.5,0.679,0.2939068100358423,1.0193922580645165,0.679,0.673243,0.45,True,1.35,martin boyle,aus,FWD,martin boyle|aus|FWD,martin boyle|aus,boyle martin|aus,,,,,,,,,,,,,,,,,
antoine_mendy__sen,Antoine Mendy,SEN,Senegal,DEF,2500000,2500000,0.2118,transfermarkt_availability_split_2026_06_01,0.019255,0.524433,0.524433,48848,Senegal,2500000,True,True,name_team_position,1.0,0.008,0.013,0.003,FRA,2026-06-16 21:00,74.36,0.002812,0.00384,0.002,0.0,0.036,-0.001,0.023,-0.0212770934737974,0.003,32.674,-0.001885,-0.001885,NOR,2026-06-23 02:00,74.36,0.004475,0.004888,0.002,0.0,0.036,0.029,0.024,-0.0204860183016279,0.003,32.674,0.043028,0.040877,IRQ,2026-06-26 21:00,74.36,0.012564,0.012355,0.003,0.0,0.036,0.04,0.027,-0.0178559427117128,0.003,32.674,0.131593,0.118434,0.172736,49639,975,2500000,DEF,False,,2.5,0.145,0.4372037914691943,0.8961978199052141,0.145,0.233807,0.45,True,1.35,antoine mendy,sen,DEF,antoine mendy|sen|DEF,antoine mendy|sen,antoine mendy|sen,,,,,,,,,,,,,,,,,
erick_davis__pan,Eric Davis,PAN,Panama,DEF,3000000,3000000,0.633,transfermarkt_availability_split_2026_06_01,0.057545,0.524047,0.524047,49072,Panama,3000000,True,True,name_team_position,1.0,0.012,0.031,0.005,GHA,2026-06-18 01:00,74.36,0.005986,0.011431,0.003,0.0,0.035,0.017,0.023,-0.0195530120996335,0.0,31.291,0.058656,0.058656,CRO,2026-06-24 01:00,74.36,0.005063,0.01024,0.004,0.0,0.035,0.032,0.024,-0.0186384391884276,0.0,31.291,0.06746,0.064087,ENG,2026-06-27 23:00,74.36,0.0045,0.0096,0.004,0.0,0.035,0.031,0.024,-0.0189893957746937,0.0,31.291,0.060811,0.05473,0.187578,36448,971,3000000,DEF,False,0.9523809523809524,3.0,0.272,0.7085308056872038,1.452374786729859,0.272,0.406666,0.45,True,1.35,eric davis,pan,DEF,eric davis|pan|DEF,eric davis|pan,davis eric|pan,,,,,,,,,,,,,,,,,
ali_al_hamadi__irq,Ali Al-Hamadi,IRQ,Irak,FWD,2500000,2500000,0.5375,transfermarkt_availability_split_2026_06_01,0.048864,0.519109,0.519109,48795,Irak,2500000,True,True,name_team_position,1.0,0.049,0.024,0.063,NOR,2026-06-17 00:00,66.36,0.0225,0.00896,0.05,0.0,0.024,-0.002,0.023,-0.0180363757552371,0.005,30.34,0.150844,0.150844,FRA,2026-06-22 23:00,66.36,0.016875,0.0064,0.038,0.0,0.024,0.021,0.02,-0.0203315909812775,0.005,30.34,0.126368,0.12005,SEN,2026-06-26 21:00,66.36,0.018,0.00704,0.04,0.0,0.024,0.023,0.021,-0.0199141237790621,0.005,30.34,0.138206,0.124385,0.416077,45898,947,2500000,FWD,False,,2.5,0.601,0.2939068100358423,1.0193922580645165,0.601,0.614743,0.45,True,1.35,ali al hamadi,irq,FWD,ali al hamadi|irq|FWD,ali al hamadi|irq,al ali hamadi|irq,,,,,,,,,,,,,,,,,
d_enis_burni__bih,Dzenis Burnic,BIH,Bosnien-Hercegovina,MID,2500000,2500000,0.8428,transfermarkt_availability_split_2026_06_01,0.076618,0.517153,0.517153,49040,Bosnien-Hercegovina,2500000,True,True,name_team_position,1.0,0.011,0.017,0.005,CAN,2026-06-12 21:00,74.909,0.008148,0.010144,0.005,0.025484,0.065,0.037,0.042,-0.0379441331355326,0.044,58.878,0.096228,0.096228,SUI,2026-06-18 21:00,74.909,0.007312,0.00896,0.005,0.018937,0.065,0.047,0.041,-0.0382291195360006,0.044,58.878,0.097211,0.09235,QAT,2026-06-24 21:00,74.909,0.02575,0.025571,0.007,0.094745,0.065,0.068,0.047,-0.0333316034218821,0.044,58.878,0.273131,0.245818,0.46657,34982,882,2500000,MID,False,,2.5,0.776,0.3857808857808857,1.1045215384615383,0.776,0.747153,0.45,True,1.35,dzenis burnic,bih,MID,dzenis burnic|bih|MID,dzenis burnic|bih,burnic dzenis|bih,,,,,,,,,,,,,,,,,
alan_ben_tez__par,Alan Benitez,PAR,Paraguay,DEF,2500000,2500000,0.5733,transfermarkt_availability_split_2026_06_01,0.052118,0.516893,0.516893,48761,Paraguay,2500000,True,True,name_team_position,1.0,0.01,0.014,0.005,USA,2026-06-13 03:00,74.819,0.005709,0.006324,0.004,0.0,0.046,0.024,0.029,-0.0267382159968126,0.016,41.15,0.053488,0.053488,TUR,2026-06-20 06:00,74.819,0.007258,0.006878,0.004,0.0,0.046,0.035,0.029,-0.0263058687907465,0.016,41.15,0.075876,0.072082,AUS,2026-06-26 04:00,74.819,0.012417,0.011701,0.005,0.0,0.046,0.046,0.033,-0.0236235662536121,0.016,41.15,0.139981,0.125983,0.269345,49607,778,2500000,DEF,False,,2.5,0.268,0.4372037914691943,0.8961978199052141,0.268,0.326057,0.45,True,1.35,alan benitez,par,DEF,alan benitez|par|DEF,alan benitez|par,alan benitez|par,,,,,,,,,,,,,,,,,
jo_hyeon_woo__kor,Hyeon-Woo Jo,KOR,Sydkorea,GK,3500000,3500000,0.4144,transfermarkt_availability_split_2026_06_01,0.037673,0.513003,0.513003,49199,Sydkorea,3500000,True,True,name_team_position,1.0,0.0,0.0,0.0,CZE,2026-06-12 04:00,79.545,0.0,0.0,0.0,0.0,0.005,0.014,0.011,-0.0082734378593337,-0.028,14.38,-0.016273,-0.016273,MEX,2026-06-19 03:00,79.545,0.0,0.0,0.0,0.0,0.005,0.011,0.01,-0.0093334634125067,-0.028,14.38,-0.021333,-0.020267,RSA,2026-06-25 03:00,79.545,0.0,0.0,0.0,0.0,0.005,0.013,0.011,-0.0090048851801066,-0.028,14.38,-0.018005,-0.016204,0.0,36511,774,3500000,GK,False,,3.5,-0.053,0.684375,1.2103171874999996,-0.053,0.08857,0.45,True,1.35,hyeon woo jo,kor,GK,hyeon woo jo|kor|GK,hyeon woo jo|kor,hyeon jo woo|kor,,,,,,,,,,,,,,,,,
mamadou_sarr__sen,Mamadou Sarr,SEN,Senegal,DEF,2500000,2500000,0.4682,transfermarkt_availability_split_2026_06_01,0.042564,0.511782,0.511782,49483,Senegal,2500000,True,True,name_team_position,1.0,0.008,0.014,0.003,FRA,2026-06-16 21:00,74.504,0.002812,0.00384,0.002,0.0,0.035,-0.001,0.022,-0.0204061806081432,0.0,31.336,-0.004014,-0.004014,NOR,2026-06-23 02:00,74.504,0.004475,0.004888,0.002,0.0,0.035,0.028,0.023,-0.0196474856831155,0.0,31.336,0.039867,0.037873,IRQ,2026-06-26 21:00,74.504,0.012564,0.012355,0.003,0.0,0.035,0.039,0.026,-0.0171250642082572,0.0,31.336,0.128324,0.115492,0.164177,47955,975,2500000,DEF,False,,2.5,0.139,0.4372037914691943,0.8961978199052141,0.139,0.229307,0.45,True,1.35,mamadou sarr,sen,DEF,mamadou sarr|sen|DEF,mamadou sarr|sen,mamadou sarr|sen,,,,,,,,,,,,,,,,,
kim_seung_gyu__kor,Seung-Gyu Kim,KOR,Sydkorea,GK,3000000,3000000,0.5903,transfermarkt_availability_split_2026_06_01,0.053664,0.50235,0.50235,49840,Sydkorea,3000000,True,True,name_team_position,1.0,0.0,0.0,0.0,CZE,2026-06-12 04:00,79.819,0.0,0.0,0.0,0.0,0.018,0.052,0.043,-0.0311823905009999,0.031,54.199,0.076818,0.076818,MEX,2026-06-19 03:00,79.819,0.0,0.0,0.0,0.0,0.018,0.043,0.038,-0.0351776015972905,0.031,54.199,0.058822,0.055881,RSA,2026-06-25 03:00,79.819,0.0,0.0,0.0,0.0,0.018,0.049,0.04,-0.0339391980548899,0.031,54.199,0.068061,0.061255,0.202712,32252,774,3000000,GK,False,,3.0,0.195,0.503125,0.8897765624999998,0.195,0.240586,0.45,True,1.35,seung gyu kim,kor,GK,seung gyu kim|kor|GK,seung gyu kim|kor,gyu kim seung|kor,,,,,,,,,,,,,,,,,
ricardo_ad__hai,Ricardo Ade,HAI,Haiti,DEF,2500000,2500000,0.7464,transfermarkt_availability_split_2026_06_01,0.067855,0.498472,0.498472,49765,Haiti,2500000,True,True,name_team_position,1.0,0.015,0.023,0.006,SCO,2026-06-14 03:00,75.665,0.012375,0.01408,0.009,0.041073,0.069,-0.0,0.047,-0.0375633050120608,0.049,62.424,0.205287,0.205287,BRA,2026-06-20 03:00,75.665,0.009,0.01088,0.007,0.024861,0.069,0.041,0.04,-0.0421023173555996,0.049,62.424,0.167232,0.15887,MAR,2026-06-25 00:00,75.665,0.009562,0.01152,0.007,0.028291,0.069,0.044,0.041,-0.0415977831050916,0.049,62.424,0.184574,0.166117,0.55658,51971,1129,2500000,DEF,False,,2.5,1.034,0.4372037914691943,0.8961978199052141,1.034,0.900557,0.45,True,1.35,ricardo ade,hai,DEF,ricardo ade|hai|DEF,ricardo ade|hai,ade ricardo|hai,,,,,,,,,,,,,,,,,
juri_n_gaari__cuw,Jurien Gaari,CUW,Curaçao,DEF,2500000,2500000,0.8262,transfermarkt_availability_split_2026_06_01,0.075109,0.497851,0.497851,49362,Curaçao,2500000,True,True,name_team_position,1.0,0.017,0.023,0.023,GER,2026-06-14 19:00,75.582,0.010125,0.01088,0.023,0.016797,0.067,-0.044,0.039,-0.0406624715180942,0.046,60.231,0.086681,0.086681,ECU,2026-06-21 02:00,75.582,0.010688,0.01152,0.025,0.021977,0.067,0.045,0.041,-0.0395200973589573,0.046,60.231,0.197517,0.187641,CIV,2026-06-25 22:00,75.582,0.012938,0.01408,0.031,0.027597,0.067,0.059,0.045,-0.0364846123217961,0.046,60.231,0.258097,0.232287,0.541748,51987,1128,2500000,DEF,False,,2.5,0.932,0.4372037914691943,0.8961978199052141,0.932,0.824057,0.45,True,1.35,jurien gaari,cuw,DEF,jurien gaari|cuw|DEF,jurien gaari|cuw,gaari jurien|cuw,,,,,,,,,,,,,,,,,
alessandro_schopf__aut,Alessandro Schöpf,AUT,Østrig,MID,2500000,2500000,0.5672,transfermarkt_availability_split_2026_06_01,0.051564,0.497035,0.497035,48771,Østrig,2500000,True,True,name_team_position,1.0,,,,JOR,2026-06-17 06:00,,,,,,,,,,,,0.204273,0.204273,ARG,2026-06-22 19:00,,,,,,,,,,,,0.127485,0.121111,ALG,2026-06-28 04:00,,,,,,,,,,,,0.190724,0.171651,,32037,587,2500000,MID,False,,2.5,0.0,0.3857808857808857,1.1045215384615383,0.0,0.165153,0.45,True,1.35,alessandro schopf,aut,MID,alessandro schopf|aut|MID,alessandro schopf|aut,alessandro schopf|aut,distributed_from_existing_optimizer_ev,,0.7083,0.4865,1.35,1.25,1.2223,0.1766,0.1883,0.75,0.8026,0.8198,0.439,0.3547,1.119,1.085,1.0443
xaver_schlager__aut,Xaver Schlager,AUT,Østrig,MID,2500000,2500000,0.839,transfermarkt_availability_split_2026_06_01,0.076273,0.497035,0.497035,49953,Østrig,2500000,True,True,name_team_position,1.0,,,,JOR,2026-06-17 06:00,,,,,,,,,,,,0.204273,0.204273,ARG,2026-06-22 19:00,,,,,,,,,,,,0.127485,0.121111,ALG,2026-06-28 04:00,,,,,,,,,,,,0.190724,0.171651,,37055,587,2500000,MID,False,,2.5,0.0,0.3857808857808857,1.1045215384615383,0.0,0.165153,0.45,True,1.35,xaver schlager,aut,MID,xaver schlager|aut|MID,xaver schlager|aut,schlager xaver|aut,distributed_from_existing_optimizer_ev,,0.7083,0.4865,1.35,1.25,1.2223,0.1766,0.1883,0.75,0.8026,0.8198,0.439,0.3547,1.119,1.085,1.0443
luciano_valente__ned,Luciano Valente,NED,Holland,MID,2500000,2500000,0.4562,transfermarkt_availability_split_2026_06_01,0.041473,0.497035,0.497035,49460,Holland,2500000,True,True,name_team_position,1.0,,,,JPN,2026-06-14 22:00,,,,,,,,,,,,0.154482,0.154482,SWE,2026-06-20 19:00,,,,,,,,,,,,0.17727,0.168407,TUN,2026-06-26 01:00,,,,,,,,,,,,0.193496,0.174146,,50750,593,2500000,MID,False,,2.5,0.0,0.3857808857808857,1.1045215384615383,0.0,0.165153,0.45,True,1.35,luciano valente,ned,MID,luciano valente|ned|MID,luciano valente|ned,luciano valente|ned,distributed_from_existing_optimizer_ev,,0.4788,0.3373,1.1464,1.1045,1.021,0.5726,0.4226,1.2631,1.1879,1.136,0.6094,0.4624,1.3114,1.2225,1.1897
mattias_svanberg__swe,Mattias Svanberg,SWE,Sverige,MID,2500000,2500000,0.7177,transfermarkt_availability_split_2026_06_01,0.065245,0.497035,0.497035,49534,Sverige,2500000,True,True,name_team_position,1.0,,,,TUN,2026-06-15 04:00,,,,,,,,,,,,0.203262,0.203262,NED,2026-06-20 19:00,,,,,,,,,,,,0.145866,0.138572,JPN,2026-06-26 01:00,,,,,,,,,,,,0.172446,0.155201,,33485,598,2500000,MID,False,,2.5,0.0,0.3857808857808857,1.1045215384615383,0.0,0.165153,0.45,True,1.35,mattias svanberg,swe,MID,mattias svanberg|swe|MID,mattias svanberg|swe,mattias svanberg|swe,distributed_from_existing_optimizer_ev,,0.4811,0.411,1.1722,1.123,1.1204,0.1968,0.1883,0.75,0.8121,0.8198,0.2595,0.25,0.8568,0.8977,0.903
lucas_bergvall__swe,Lucas Bergvall,SWE,Sverige,MID,2500000,2500000,0.631,transfermarkt_availability_split_2026_06_01,0.057364,0.497035,0.497035,49452,Sverige,2500000,True,True,name_team_position,1.0,,,,TUN,2026-06-15 04:00,,,,,,,,,,,,0.203262,0.203262,NED,2026-06-20 19:00,,,,,,,,,,,,0.145866,0.138572,JPN,2026-06-26 01:00,,,,,,,,,,,,0.172446,0.155201,,43667,598,2500000,MID,False,,2.5,0.0,0.3857808857808857,1.1045215384615383,0.0,0.165153,0.45,True,1.35,lucas bergvall,swe,MID,lucas bergvall|swe|MID,lucas bergvall|swe,bergvall lucas|swe,distributed_from_existing_optimizer_ev,,0.4811,0.411,1.1722,1.123,1.1204,0.1968,0.1883,0.75,0.8121,0.8198,0.2595,0.25,0.8568,0.8977,0.903
houssem_aouar__alg,Houssem Aouar,ALG,Algeriet,MID,2500000,2500000,0.6789,transfermarkt_availability_split_2026_06_01,0.061718,0.497035,0.497035,49191,Algeriet,2500000,True,True,name_team_position,1.0,,,,ARG,2026-06-17 03:00,,,,,,,,,,,,0.132747,0.132747,JOR,2026-06-23 05:00,,,,,,,,,,,,0.221124,0.210067,AUT,2026-06-28 04:00,,,,,,,,,,,,0.171356,0.154221,,36991,761,2500000,MID,False,,2.5,0.0,0.3857808857808857,1.1045215384615383,0.0,0.165153,0.45,True,1.35,houssem aouar,alg,MID,houssem aouar|alg|MID,houssem aouar|alg,aouar houssem|alg,distributed_from_existing_optimizer_ev,,0.1295,0.1573,0.75,0.8,0.7779,0.5569,0.4226,1.2554,1.1825,1.136,0.269,0.2766,0.881,0.915,0.9389
alan_varela__arg,Alan Varela,ARG,Argentina,MID,2500000,2500000,0.0413,transfermarkt_availability_split_2026_06_01,0.003755,0.497035,0.497035,48764,Argentina,2500000,True,True,name_team_position,1.0,,,,ALG,2026-06-17 03:00,,,,,,,,,,,,0.167919,0.167919,AUT,2026-06-22 19:00,,,,,,,,,,,,0.167735,0.159348,JOR,2026-06-28 04:00,,,,,,,,,,,,0.188631,0.169768,,44903,762,2500000,MID,False,,2.5,0.0,0.3857808857808857,1.1045215384615383,0.0,0.165153,0.45,True,1.35,alan varela,arg,MID,alan varela|arg|MID,alan varela|arg,alan varela|arg,distributed_from_existing_optimizer_ev,,0.6559,0.5135,1.35,1.25,1.2588,0.5713,0.4226,1.2763,1.1974,1.136,0.8013,0.5774,1.35,1.25,1.3451
kwasi_sibo__gha,Kwasi Sibo,GHA,Ghana,MID,2500000,2500000,0.8851,transfermarkt_availability_split_2026_06_01,0.080464,0.497035,0.497035,49416,Ghana,2500000,True,True,name_team_position,1.0,,,,PAN,2026-06-18 01:00,,,,,,,,,,,,0.207359,0.207359,ENG,2026-06-23 22:00,,,,,,,,,,,,0.150447,0.142925,CRO,2026-06-27 23:00,,,,,,,,,,,,0.163057,0.146751,,38700,770,2500000,MID,False,,2.5,0.0,0.3857808857808857,1.1045215384615383,0.0,0.165153,0.45,True,1.35,kwasi sibo,gha,MID,kwasi sibo|gha|MID,kwasi sibo|gha,kwasi sibo|gha,distributed_from_existing_optimizer_ev,,0.4649,0.375,1.135,1.0964,1.0718,0.1101,0.1192,0.75,0.8,0.7265,0.197,0.217,0.7558,0.8256,0.8585
hyun_jun_yang__kor,Hyun-Jun Yang,KOR,Sydkorea,MID,2500000,2500000,0.4047,transfermarkt_availability_split_2026_06_01,0.036791,0.497035,0.497035,49200,Sydkorea,2500000,True,True,name_team_position,1.0,,,,CZE,2026-06-12 04:00,,,,,,,,,,,,0.171807,0.171807,MEX,2026-06-19 03:00,,,,,,,,,,,,0.144394,0.137175,RSA,2026-06-25 03:00,,,,,,,,,,,,0.208948,0.188053,,44835,774,2500000,MID,False,,2.5,0.0,0.3857808857808857,1.1045215384615383,0.0,0.165153,0.45,True,1.35,hyun jun yang,kor,MID,hyun jun yang|kor|MID,hyun jun yang|kor,hyun jun yang|kor,distributed_from_existing_optimizer_ev,,0.36,0.3119,1.0088,1.0063,0.9866,0.203,0.2337,0.7719,0.8371,0.881,0.4411,0.3923,1.119,1.085,1.0951
jun_ho_bae__kor,Jun-ho Bae,KOR,Sydkorea,MID,2500000,2500000,0.6032,transfermarkt_availability_split_2026_06_01,0.054836,0.497035,0.497035,49357,Sydkorea,2500000,True,True,name_team_position,1.0,,,,CZE,2026-06-12 04:00,,,,,,,,,,,,0.171807,0.171807,MEX,2026-06-19 03:00,,,,,,,,,,,,0.144394,0.137175,RSA,2026-06-25 03:00,,,,,,,,,,,,0.208948,0.188053,,49660,774,2500000,MID,False,,2.5,0.0,0.3857808857808857,1.1045215384615383,0.0,0.165153,0.45,True,1.35,jun ho bae,kor,MID,jun ho bae|kor|MID,jun ho bae|kor,bae ho jun|kor,distributed_from_existing_optimizer_ev,,0.36,0.3119,1.0088,1.0063,0.9866,0.203,0.2337,0.7719,0.8371,0.881,0.4411,0.3923,1.119,1.085,1.0951
jin_gyu_kim__kor,Jin-gyu Kim,KOR,Sydkorea,MID,2500000,2500000,0.7167,transfermarkt_availability_split_2026_06_01,0.065155,0.497035,0.497035,49283,Sydkorea,2500000,True,True,name_team_position,1.0,,,,CZE,2026-06-12 04:00,,,,,,,,,,,,0.171807,0.171807,MEX,2026-06-19 03:00,,,,,,,,,,,,0.144394,0.137175,RSA,2026-06-25 03:00,,,,,,,,,,,,0.208948,0.188053,,49661,774,2500000,MID,False,,2.5,0.0,0.3857808857808857,1.1045215384615383,0.0,0.165153,0.45,True,1.35,jin gyu kim,kor,MID,jin gyu kim|kor|MID,jin gyu kim|kor,gyu jin kim|kor,distributed_from_existing_optimizer_ev,,0.36,0.3119,1.0088,1.0063,0.9866,0.203,0.2337,0.7719,0.8371,0.881,0.4411,0.3923,1.119,1.085,1.0951
jin_seob_park__kor,Jin-seob Park,KOR,Sydkorea,MID,2500000,2500000,0.2925,transfermarkt_availability_split_2026_06_01,0.026591,0.497035,0.497035,49284,Sydkorea,2500000,True,True,name_team_position,1.0,,,,CZE,2026-06-12 04:00,,,,,,,,,,,,0.171807,0.171807,MEX,2026-06-19 03:00,,,,,,,,,,,,0.144394,0.137175,RSA,2026-06-25 03:00,,,,,,,,,,,,0.208948,0.188053,,49662,774,2500000,MID,False,,2.5,0.0,0.3857808857808857,1.1045215384615383,0.0,0.165153,0.45,True,1.35,jin seob park,kor,MID,jin seob park|kor|MID,jin seob park|kor,jin park seob|kor,distributed_from_existing_optimizer_ev,,0.36,0.3119,1.0088,1.0063,0.9866,0.203,0.2337,0.7719,0.8371,0.881,0.4411,0.3923,1.119,1.085,1.0951
brian_gutierrez__mex,Brian Gutierrez,MEX,Mexico,MID,2500000,2500000,0.7685,transfermarkt_availability_split_2026_06_01,0.069864,0.497035,0.497035,48918,Mexico,2500000,True,True,name_team_position,1.0,,,,RSA,2026-06-11 21:00,,,,,,,,,,,,0.177691,0.177691,KOR,2026-06-19 03:00,,,,,,,,,,,,0.171574,0.162996,CZE,2026-06-25 03:00,,,,,,,,,,,,0.173721,0.156349,,52254,775,2500000,MID,False,,2.5,0.0,0.3857808857808857,1.1045215384615383,0.0,0.165153,0.45,True,1.35,brian gutierrez,mex,MID,brian gutierrez|mex|MID,brian gutierrez|mex,brian gutierrez|mex,distributed_from_existing_optimizer_ev,,0.6447,0.5376,1.35,1.25,1.2913,0.5288,0.4415,1.2281,1.1629,1.1615,0.4841,0.411,1.172,1.1228,1.1204
alvaro_fidalgo__mex,Alvaro Fidalgo,MEX,Mexico,MID,2500000,2500000,0.8639,transfermarkt_availability_split_2026_06_01,0.078536,0.497035,0.497035,48811,Mexico,2500000,True,True,name_team_position,1.0,,,,RSA,2026-06-11 21:00,,,,,,,,,,,,0.177691,0.177691,KOR,2026-06-19 03:00,,,,,,,,,,,,0.171574,0.162996,CZE,2026-06-25 03:00,,,,,,,,,,,,0.173721,0.156349,,50847,775,2500000,MID,False,,2.5,0.0,0.3857808857808857,1.1045215384615383,0.0,0.165153,0.45,True,1.35,alvaro fidalgo,mex,MID,alvaro fidalgo|mex|MID,alvaro fidalgo|mex,alvaro fidalgo|mex,distributed_from_existing_optimizer_ev,,0.6447,0.5376,1.35,1.25,1.2913,0.5288,0.4415,1.2281,1.1629,1.1615,0.4841,0.411,1.172,1.1228,1.1204
obed_vargas__mex,Obed Vargas,MEX,Mexico,MID,2500000,2500000,0.6873,transfermarkt_availability_split_2026_06_01,0.062482,0.497035,0.497035,49674,Mexico,2500000,True,True,name_team_position,1.0,,,,RSA,2026-06-11 21:00,,,,,,,,,,,,0.177691,0.177691,KOR,2026-06-19 03:00,,,,,,,,,,,,0.171574,0.162996,CZE,2026-06-25 03:00,,,,,,,,,,,,0.173721,0.156349,,50858,775,2500000,MID,False,,2.5,0.0,0.3857808857808857,1.1045215384615383,0.0,0.165153,0.45,True,1.35,obed vargas,mex,MID,obed vargas|mex|MID,obed vargas|mex,obed vargas|mex,distributed_from_existing_optimizer_ev,,0.6447,0.5376,1.35,1.25,1.2913,0.5288,0.4415,1.2281,1.1629,1.1615,0.4841,0.411,1.172,1.1228,1.1204
carlos_rodriguez__mex,Carlos Rodriguez,MEX,Mexico,MID,2500000,2500000,0.25,holdet_official_unmatched_default,0.0227272727272727,0.497035,0.497035,48937,Mexico,2500000,True,True,name_team_position,1.0,,,,RSA,2026-06-11 21:00,,,,,,,,,,,,0.177691,0.177691,KOR,2026-06-19 03:00,,,,,,,,,,,,0.171574,0.162996,CZE,2026-06-25 03:00,,,,,,,,,,,,0.173721,0.156349,,43404,775,2500000,MID,False,,2.5,0.0,0.3857808857808857,1.1045215384615383,0.0,0.165153,0.45,True,1.35,carlos rodriguez,mex,MID,carlos rodriguez|mex|MID,carlos rodriguez|mex,carlos rodriguez|mex,distributed_from_existing_optimizer_ev,,0.6447,0.5376,1.35,1.25,1.2913,0.5288,0.4415,1.2281,1.1629,1.1615,0.4841,0.411,1.172,1.1228,1.1204
matias_galarza_fonda__par,Matias Galarza Fonda,PAR,Paraguay,MID,2500000,2500000,0.387,transfermarkt_availability_split_2026_06_01,0.035182,0.497035,0.497035,49529,Paraguay,2500000,True,True,name_team_position,1.0,,,,USA,2026-06-13 03:00,,,,,,,,,,,,0.14981,0.14981,TUR,2026-06-20 06:00,,,,,,,,,,,,0.165747,0.15746,AUS,2026-06-26 04:00,,,,,,,,,,,,0.21085,0.189765,,49611,778,2500000,MID,False,,2.5,0.0,0.3857808857808857,1.1045215384615383,0.0,0.165153,0.45,True,1.35,matias galarza fonda,par,MID,matias galarza fonda|par|MID,matias galarza fonda|par,fonda galarza matias|par,distributed_from_existing_optimizer_ev,,0.2544,0.25,0.8448,0.8891,0.903,0.2759,0.2766,0.898,0.9272,0.9389,0.4351,0.375,1.1143,1.0817,1.0718
themba_zwane__rsa,Themba Zwane,RSA,Sydafrika,MID,2500000,2500000,0.688,transfermarkt_availability_split_2026_06_01,0.062545,0.497035,0.497035,49887,Sydafrika,2500000,True,True,name_team_position,1.0,,,,MEX,2026-06-11 21:00,,,,,,,,,,,,0.152869,0.152869,CZE,2026-06-18 18:00,,,,,,,,,,,,0.175492,0.166717,KOR,2026-06-25 03:00,,,,,,,,,,,,0.197165,0.177448,,49816,782,2500000,MID,False,,2.5,0.0,0.3857808857808857,1.1045215384615383,0.0,0.165153,0.45,True,1.35,themba zwane,rsa,MID,themba zwane|rsa|MID,themba zwane|rsa,themba zwane|rsa,distributed_from_existing_optimizer_ev,,0.1379,0.1717,0.75,0.8,0.7973,0.2281,0.25,0.8178,0.8699,0.903,0.2711,0.2337,0.881,0.915,0.881
cristian_roldan__usa,Cristian Roldan,USA,USA,MID,2500000,2500000,0.4722,transfermarkt_availability_split_2026_06_01,0.042927,0.497035,0.497035,48968,USA,2500000,True,True,name_team_position,1.0,,,,PAR,2026-06-13 03:00,,,,,,,,,,,,0.168329,0.168329,AUS,2026-06-19 21:00,,,,,,,,,,,,0.188396,0.178976,TUR,2026-06-26 04:00,,,,,,,,,,,,0.166366,0.14973,,43461,784,2500000,MID,False,,2.5,0.0,0.3857808857808857,1.1045215384615383,0.0,0.165153,0.45,True,1.35,cristian roldan,usa,MID,cristian roldan|usa|MID,cristian roldan|usa,cristian roldan|usa,distributed_from_existing_optimizer_ev,,0.4761,0.411,1.1552,1.1109,1.1204,0.5448,0.4226,1.2373,1.1695,1.136,0.3714,0.2766,1.0099,1.0071,0.9389
tanner_tessmann__usa,Tanner Tessmann,USA,USA,MID,2500000,2500000,0.8063,transfermarkt_availability_split_2026_06_01,0.0733,0.497035,0.497035,49876,USA,2500000,True,True,name_team_position,1.0,,,,PAR,2026-06-13 03:00,,,,,,,,,,,,0.168329,0.168329,AUS,2026-06-19 21:00,,,,,,,,,,,,0.188396,0.178976,TUR,2026-06-26 04:00,,,,,,,,,,,,0.166366,0.14973,,41095,784,2500000,MID,False,,2.5,0.0,0.3857808857808857,1.1045215384615383,0.0,0.165153,0.45,True,1.35,tanner tessmann,usa,MID,tanner tessmann|usa|MID,tanner tessmann|usa,tanner tessmann|usa,distributed_from_existing_optimizer_ev,,0.4761,0.411,1.1552,1.1109,1.1204,0.5448,0.4226,1.2373,1.1695,1.136,0.3714,0.2766,1.0099,1.0071,0.9389
emiliano_martinez_toranza__uru,Emiliano Martinez Toranza,URU,Uruguay,MID,2500000,2500000,0.3949,transfermarkt_availability_split_2026_06_01,0.0359,0.497035,0.497035,49066,Uruguay,2500000,True,True,name_team_position,1.0,,,,KSA,2026-06-16 00:00,,,,,,,,,,,,0.190154,0.190154,CPV,2026-06-22 00:00,,,,,,,,,,,,0.202305,0.19219,ESP,2026-06-27 02:00,,,,,,,,,,,,0.127435,0.114692,,43101,783,2500000,MID,False,,2.5,0.0,0.3857808857808857,1.1045215384615383,0.0,0.165153,0.45,True,1.35,emiliano martinez toranza,uru,MID,emiliano martinez toranza|uru|MID,emiliano martinez toranza|uru,emiliano martinez toranza|uru,distributed_from_existing_optimizer_ev,,0.6308,0.4865,1.3354,1.2396,1.2223,0.654,0.5,1.35,1.25,1.2405,0.1868,0.1717,0.75,0.8051,0.7973
aidan_morris__usa,Aidan Morris,USA,USA,MID,2500000,2500000,0.7453,transfermarkt_availability_split_2026_06_01,0.067755,0.497035,0.497035,48750,USA,2500000,True,True,name_team_position,1.0,,,,PAR,2026-06-13 03:00,,,,,,,,,,,,0.168329,0.168329,AUS,2026-06-19 21:00,,,,,,,,,,,,0.188396,0.178976,TUR,2026-06-26 04:00,,,,,,,,,,,,0.166366,0.14973,,49804,784,2500000,MID,False,,2.5,0.0,0.3857808857808857,1.1045215384615383,0.0,0.165153,0.45,True,1.35,aidan morris,usa,MID,aidan morris|usa|MID,aidan morris|usa,aidan morris|usa,distributed_from_existing_optimizer_ev,,0.4761,0.411,1.1552,1.1109,1.1204,0.5448,0.4226,1.2373,1.1695,1.136,0.3714,0.2766,1.0099,1.0071,0.9389
juan_portilla__col,Juan Portilla,COL,Colombia,MID,2500000,2500000,0.43,transfermarkt_availability_split_2026_06_01,0.039091,0.497035,0.497035,49349,Colombia,2500000,True,True,name_team_position,1.0,,,,UZB,2026-06-18 04:00,,,,,,,,,,,,0.185191,0.185191,COD,2026-06-24 04:00,,,,,,,,,,,,0.193921,0.184225,POR,2026-06-28 01:30,,,,,,,,,,,,0.141799,0.127619,,49460,879,2500000,MID,False,,2.5,0.0,0.3857808857808857,1.1045215384615383,0.0,0.165153,0.45,True,1.35,juan portilla,col,MID,juan portilla|col|MID,juan portilla|col,juan portilla|col,distributed_from_existing_optimizer_ev,,0.6646,0.5,1.35,1.25,1.2405,0.6316,0.5376,1.3455,1.2468,1.2913,0.2725,0.25,0.8855,0.9182,0.903
nicolas_raskin__bel,Nicolas Raskin,BEL,Belgien,MID,2500000,2500000,0.8538,transfermarkt_availability_split_2026_06_01,0.077618,0.497035,0.497035,49649,Belgien,2500000,True,True,name_team_position,1.0,,,,EGY,2026-06-15 21:00,,,,,,,,,,,,0.158484,0.158484,IRN,2026-06-21 21:00,,,,,,,,,,,,0.17772,0.168834,NZL,2026-06-27 05:00,,,,,,,,,,,,0.188574,0.169717,,50222,884,2500000,MID,False,,2.5,0.0,0.3857808857808857,1.1045215384615383,0.0,0.165153,0.45,True,1.35,nicolas raskin,bel,MID,nicolas raskin|bel|MID,nicolas raskin|bel,nicolas raskin|bel,distributed_from_existing_optimizer_ev,,0.566,0.3923,1.2612,1.1865,1.0951,0.6655,0.5,1.35,1.25,1.2405,0.7346,0.5135,1.35,1.25,1.2588
zaid_ismail__irq,Zaid Ismail,IRQ,Irak,MID,2500000,2500000,0.6844,transfermarkt_availability_split_2026_06_01,0.062218,0.497035,0.497035,49988,Irak,2500000,True,True,name_team_position,1.0,,,,NOR,2026-06-17 00:00,,,,,,,,,,,,0.165552,0.165552,FRA,2026-06-22 23:00,,,,,,,,,,,,0.173334,0.164667,SEN,2026-06-26 21:00,,,,,,,,,,,,0.185351,0.166816,,52179,947,2500000,MID,False,,2.5,0.0,0.3857808857808857,1.1045215384615383,0.0,0.165153,0.45,True,1.35,zaid ismail,irq,MID,zaid ismail|irq|MID,zaid ismail|irq,ismail zaid|irq,distributed_from_existing_optimizer_ev,,0.0886,0.096,0.75,0.8,0.6951,0.0471,0.0643,0.75,0.8,0.6523,0.1479,0.1573,0.75,0.8,0.7779
adalberto_carrasquilla__pan,Adalberto Carrasquilla,PAN,Panama,MID,2500000,2500000,0.8342,transfermarkt_availability_split_2026_06_01,0.075836,0.497035,0.497035,48734,Panama,2500000,True,True,name_team_position,1.0,,,,GHA,2026-06-18 01:00,,,,,,,,,,,,0.181233,0.181233,CRO,2026-06-24 01:00,,,,,,,,,,,,0.166909,0.158564,ENG,2026-06-27 23:00,,,,,,,,,,,,0.174709,0.157238,,36439,971,2500000,MID,False,,2.5,0.0,0.3857808857808857,1.1045215384615383,0.0,0.165153,0.45,True,1.35,adalberto carrasquilla,pan,MID,adalberto carrasquilla|pan|MID,adalberto carrasquilla|pan,adalberto carrasquilla|pan,distributed_from_existing_optimizer_ev,,0.2721,0.25,0.865,0.9036,0.903,0.1487,0.1717,0.75,0.8,0.7973,0.0833,0.1063,0.75,0.8,0.7091
jose_luis_rodriguez_francis__pan,Jose Luis Rodriguez Francis,PAN,Panama,MID,2500000,2500000,0.7578,transfermarkt_availability_split_2026_06_01,0.068891,0.497035,0.497035,49329,Panama,2500000,True,True,name_team_position,1.0,,,,GHA,2026-06-18 01:00,,,,,,,,,,,,0.181233,0.181233,CRO,2026-06-24 01:00,,,,,,,,,,,,0.166909,0.158564,ENG,2026-06-27 23:00,,,,,,,,,,,,0.174709,0.157238,,36457,971,2500000,MID,False,,2.5,0.0,0.3857808857808857,1.1045215384615383,0.0,0.165153,0.45,True,1.35,jose luis rodriguez francis,pan,MID,jose luis rodriguez francis|pan|MID,jose luis rodriguez francis|pan,francis jose luis rodriguez|pan,distributed_from_existing_optimizer_ev,,0.2721,0.25,0.865,0.9036,0.903,0.1487,0.1717,0.75,0.8,0.7973,0.0833,0.1063,0.75,0.8,0.7091
hakim_ziyech__mar,Hakim Ziyech,MAR,Marokko,MID,2500000,2500000,0.8184,transfermarkt_availability_split_2026_06_01,0.0744,0.497035,0.497035,49165,Marokko,2500000,True,True,name_team_position,1.0,,,,BRA,2026-06-14 00:00,,,,,,,,,,,,0.120204,0.120204,SCO,2026-06-20 00:00,,,,,,,,,,,,0.183081,0.173927,HAI,2026-06-25 00:00,,,,,,,,,,,,0.225448,0.202903,,36356,974,2500000,MID,False,,2.5,0.0,0.3857808857808857,1.1045215384615383,0.0,0.165153,0.45,True,1.35,hakim ziyech,mar,MID,hakim ziyech|mar|MID,hakim ziyech|mar,hakim ziyech|mar,distributed_from_existing_optimizer_ev,,0.174,0.1883,0.75,0.8,0.8198,0.4539,0.411,1.1441,1.103,1.1204,0.699,0.5585,1.35,1.25,1.3195
anis_ben_slimane__tun,Anis Ben Slimane,TUN,Tunesien,MID,2500000,2500000,0.6665,transfermarkt_availability_split_2026_06_01,0.060591,0.497035,0.497035,48839,Tunesien,2500000,True,True,name_team_position,1.0,,,,SWE,2026-06-15 04:00,,,,,,,,,,,,0.173316,0.173316,JPN,2026-06-21 06:00,,,,,,,,,,,,0.174597,0.165868,NED,2026-06-26 01:00,,,,,,,,,,,,0.175391,0.157852,,39291,976,2500000,MID,False,,2.5,0.0,0.3857808857808857,1.1045215384615383,0.0,0.165153,0.45,True,1.35,anis ben slimane,tun,MID,anis ben slimane|tun|MID,anis ben slimane|tun,anis ben slimane|tun,distributed_from_existing_optimizer_ev,,0.2351,0.25,0.8278,0.877,0.903,0.2059,0.2337,0.7852,0.8466,0.881,0.1645,0.1717,0.75,0.8,0.7973
nasser_al_dawsari__ksa,Nasser Al-Dawsari,KSA,Saudi-Arabien,MID,2500000,2500000,0.6741,transfermarkt_availability_split_2026_06_01,0.061282,0.497035,0.497035,49624,Saudi-Arabien,2500000,True,True,name_team_position,1.0,,,,URU,2026-06-16 00:00,,,,,,,,,,,,0.150001,0.150001,ESP,2026-06-21 18:00,,,,,,,,,,,,0.155654,0.147871,CPV,2026-06-27 02:00,,,,,,,,,,,,0.221292,0.199163,,43344,977,2500000,MID,False,,2.5,0.0,0.3857808857808857,1.1045215384615383,0.0,0.165153,0.45,True,1.35,nasser al dawsari,ksa,MID,nasser al dawsari|ksa|MID,nasser al dawsari|ksa,al dawsari nasser|ksa,distributed_from_existing_optimizer_ev,,0.1516,0.1573,0.75,0.8,0.7779,0.0405,0.0741,0.75,0.8,0.6655,0.3865,0.3119,1.0319,1.0228,0.9866
abdulrahman_al_obood__ksa,Abdulrahman Al-Obood,KSA,Saudi-Arabien,MID,2500000,2500000,0.25,holdet_official_unmatched_default,0.0227272727272727,0.497035,0.497035,48728,Saudi-Arabien,2500000,True,True,name_team_position,1.0,,,,URU,2026-06-16 00:00,,,,,,,,,,,,0.150001,0.150001,ESP,2026-06-21 18:00,,,,,,,,,,,,0.155654,0.147871,CPV,2026-06-27 02:00,,,,,,,,,,,,0.221292,0.199163,,43479,977,2500000,MID,False,,2.5,0.0,0.3857808857808857,1.1045215384615383,0.0,0.165153,0.45,True,1.35,abdulrahman al obood,ksa,MID,abdulrahman al obood|ksa|MID,abdulrahman al obood|ksa,abdulrahman al obood|ksa,distributed_from_existing_optimizer_ev,,0.1516,0.1573,0.75,0.8,0.7779,0.0405,0.0741,0.75,0.8,0.6655,0.3865,0.3119,1.0319,1.0228,0.9866
ayman_yahya_salem__ksa,Ayman Yahya Salem,KSA,Saudi-Arabien,MID,2500000,2500000,0.6615,transfermarkt_availability_split_2026_06_01,0.060136,0.497035,0.497035,48874,Saudi-Arabien,2500000,True,True,name_team_position,1.0,,,,URU,2026-06-16 00:00,,,,,,,,,,,,0.150001,0.150001,ESP,2026-06-21 18:00,,,,,,,,,,,,0.155654,0.147871,CPV,2026-06-27 02:00,,,,,,,,,,,,0.221292,0.199163,,49624,977,2500000,MID,False,,2.5,0.0,0.3857808857808857,1.1045215384615383,0.0,0.165153,0.45,True,1.35,ayman yahya salem,ksa,MID,ayman yahya salem|ksa|MID,ayman yahya salem|ksa,ayman salem yahya|ksa,distributed_from_existing_optimizer_ev,,0.1516,0.1573,0.75,0.8,0.7779,0.0405,0.0741,0.75,0.8,0.6655,0.3865,0.3119,1.0319,1.0228,0.9866
saleh_al_shamat__ksa,Saleh Al-Shamat,KSA,Saudi-Arabien,MID,2500000,2500000,0.7644,transfermarkt_availability_split_2026_06_01,0.069491,0.497035,0.497035,49813,Saudi-Arabien,2500000,True,True,name_team_position,1.0,,,,URU,2026-06-16 00:00,,,,,,,,,,,,0.150001,0.150001,ESP,2026-06-21 18:00,,,,,,,,,,,,0.155654,0.147871,CPV,2026-06-27 02:00,,,,,,,,,,,,0.221292,0.199163,,49625,977,2500000,MID,False,,2.5,0.0,0.3857808857808857,1.1045215384615383,0.0,0.165153,0.45,True,1.35,saleh al shamat,ksa,MID,saleh al shamat|ksa|MID,saleh al shamat|ksa,al saleh shamat|ksa,distributed_from_existing_optimizer_ev,,0.1516,0.1573,0.75,0.8,0.7779,0.0405,0.0741,0.75,0.8,0.6655,0.3865,0.3119,1.0319,1.0228,0.9866
musab_al_juwayr__ksa,Musab Al-Juwayr,KSA,Saudi-Arabien,MID,2500000,2500000,0.8952,transfermarkt_availability_split_2026_06_01,0.081382,0.497035,0.497035,49618,Saudi-Arabien,2500000,True,True,name_team_position,1.0,,,,URU,2026-06-16 00:00,,,,,,,,,,,,0.150001,0.150001,ESP,2026-06-21 18:00,,,,,,,,,,,,0.155654,0.147871,CPV,2026-06-27 02:00,,,,,,,,,,,,0.221292,0.199163,,49627,977,2500000,MID,False,,2.5,0.0,0.3857808857808857,1.1045215384615383,0.0,0.165153,0.45,True,1.35,musab al juwayr,ksa,MID,musab al juwayr|ksa|MID,musab al juwayr|ksa,al juwayr musab|ksa,distributed_from_existing_optimizer_ev,,0.1516,0.1573,0.75,0.8,0.7779,0.0405,0.0741,0.75,0.8,0.6655,0.3865,0.3119,1.0319,1.0228,0.9866
abdullah_al_khaibari__ksa,Abdullah Al-Khaibari,KSA,Saudi-Arabien,MID,2500000,2500000,0.5513,transfermarkt_availability_split_2026_06_01,0.050118,0.497035,0.497035,48727,Saudi-Arabien,2500000,True,True,name_team_position,1.0,,,,URU,2026-06-16 00:00,,,,,,,,,,,,0.150001,0.150001,ESP,2026-06-21 18:00,,,,,,,,,,,,0.155654,0.147871,CPV,2026-06-27 02:00,,,,,,,,,,,,0.221292,0.199163,,36561,977,2500000,MID,False,,2.5,0.0,0.3857808857808857,1.1045215384615383,0.0,0.165153,0.45,True,1.35,abdullah al khaibari,ksa,MID,abdullah al khaibari|ksa|MID,abdullah al khaibari|ksa,abdullah al khaibari|ksa,distributed_from_existing_optimizer_ev,,0.1516,0.1573,0.75,0.8,0.7779,0.0405,0.0741,0.75,0.8,0.6655,0.3865,0.3119,1.0319,1.0228,0.9866
abdulaziz_hatim_mohammed__qat,Abdulaziz Hatim Mohammed,QAT,Qatar,MID,2500000,2500000,0.25,holdet_official_unmatched_default,0.0227272727272727,0.497035,0.497035,48723,Qatar,2500000,True,True,name_team_position,1.0,,,,SUI,2026-06-13 21:00,,,,,,,,,,,,0.164754,0.164754,CAN,2026-06-19 00:00,,,,,,,,,,,,0.173951,0.165254,BIH,2026-06-24 21:00,,,,,,,,,,,,0.185586,0.167028,,38374,1009,2500000,MID,False,,2.5,0.0,0.3857808857808857,1.1045215384615383,0.0,0.165153,0.45,True,1.35,abdulaziz hatim mohammed,qat,MID,abdulaziz hatim mohammed|qat|MID,abdulaziz hatim mohammed|qat,abdulaziz hatim mohammed|qat,distributed_from_existing_optimizer_ev,,0.1026,0.1063,0.75,0.8,0.7091,0.1262,0.1459,0.75,0.8,0.7624,0.1816,0.1883,0.75,0.8081,0.8198
mohamed_al_mannai__qat,Mohamed Al-Mannai,QAT,Qatar,MID,2500000,2500000,0.8985,transfermarkt_availability_split_2026_06_01,0.081682,0.497035,0.497035,49572,Qatar,2500000,True,True,name_team_position,1.0,,,,SUI,2026-06-13 21:00,,,,,,,,,,,,0.164754,0.164754,CAN,2026-06-19 00:00,,,,,,,,,,,,0.173951,0.165254,BIH,2026-06-24 21:00,,,,,,,,,,,,0.185586,0.167028,,49618,1009,2500000,MID,False,,2.5,0.0,0.3857808857808857,1.1045215384615383,0.0,0.165153,0.45,True,1.35,mohamed al mannai,qat,MID,mohamed al mannai|qat|MID,mohamed al mannai|qat,al mannai mohamed|qat,distributed_from_existing_optimizer_ev,,0.1026,0.1063,0.75,0.8,0.7091,0.1262,0.1459,0.75,0.8,0.7624,0.1816,0.1883,0.75,0.8081,0.8198
jassem_gaber__qat,Jassem Gaber,QAT,Qatar,MID,2500000,2500000,0.6033,transfermarkt_availability_split_2026_06_01,0.054845,0.497035,0.497035,49259,Qatar,2500000,True,True,name_team_position,1.0,,,,SUI,2026-06-13 21:00,,,,,,,,,,,,0.164754,0.164754,CAN,2026-06-19 00:00,,,,,,,,,,,,0.173951,0.165254,BIH,2026-06-24 21:00,,,,,,,,,,,,0.185586,0.167028,,43322,1009,2500000,MID,False,,2.5,0.0,0.3857808857808857,1.1045215384615383,0.0,0.165153,0.45,True,1.35,jassem gaber,qat,MID,jassem gaber|qat|MID,jassem gaber|qat,gaber jassem|qat,distributed_from_existing_optimizer_ev,,0.1026,0.1063,0.75,0.8,0.7091,0.1262,0.1459,0.75,0.8,0.7624,0.1816,0.1883,0.75,0.8081,0.8198
mohammed_waad__qat,Mohammed Waad,QAT,Qatar,MID,2500000,2500000,0.5512,transfermarkt_availability_split_2026_06_01,0.050109,0.497035,0.497035,49596,Qatar,2500000,True,True,name_team_position,1.0,,,,SUI,2026-06-13 21:00,,,,,,,,,,,,0.164754,0.164754,CAN,2026-06-19 00:00,,,,,,,,,,,,0.173951,0.165254,BIH,2026-06-24 21:00,,,,,,,,,,,,0.185586,0.167028,,43328,1009,2500000,MID,False,,2.5,0.0,0.3857808857808857,1.1045215384615383,0.0,0.165153,0.45,True,1.35,mohammed waad,qat,MID,mohammed waad|qat|MID,mohammed waad|qat,mohammed waad|qat,distributed_from_existing_optimizer_ev,,0.1026,0.1063,0.75,0.8,0.7091,0.1262,0.1459,0.75,0.8,0.7624,0.1816,0.1883,0.75,0.8081,0.8198
david_hoilett__can,David 'Junior' Hoilett,CAN,Canada,MID,2500000,2500000,0.25,holdet_official_unmatched_default,0.0227272727272727,0.497035,0.497035,48990,Canada,2500000,True,True,name_team_position,1.0,,,,BIH,2026-06-12 21:00,,,,,,,,,,,,0.174292,0.174292,QAT,2026-06-19 00:00,,,,,,,,,,,,0.203184,0.193025,SUI,2026-06-24 21:00,,,,,,,,,,,,0.144132,0.129719,,24794,1059,2500000,MID,False,,2.5,0.0,0.3857808857808857,1.1045215384615383,0.0,0.165153,0.45,True,1.35,david junior hoilett,can,MID,david junior hoilett|can|MID,david junior hoilett|can,david hoilett junior|can,distributed_from_existing_optimizer_ev,,0.5217,0.4226,1.2083,1.1487,1.136,0.6709,0.5774,1.35,1.25,1.3451,0.2572,0.25,0.8597,0.8998,0.903
odildzhon_khamrobekov__uzb,Odildzhon Khamrobekov,UZB,Usbekistan,MID,2500000,2500000,0.8583,transfermarkt_availability_split_2026_06_01,0.078027,0.497035,0.497035,49676,Usbekistan,2500000,True,True,name_team_position,1.0,,,,COL,2026-06-18 04:00,,,,,,,,,,,,0.152412,0.152412,POR,2026-06-23 19:00,,,,,,,,,,,,0.15995,0.151952,COD,2026-06-28 01:30,,,,,,,,,,,,0.214079,0.192671,,49788,1122,2500000,MID,False,,2.5,0.0,0.3857808857808857,1.1045215384615383,0.0,0.165153,0.45,True,1.35,odildzhon khamrobekov,uzb,MID,odildzhon khamrobekov|uzb|MID,odildzhon khamrobekov|uzb,khamrobekov odildzhon|uzb,distributed_from_existing_optimizer_ev,,0.121,0.1573,0.75,0.8,0.7779,0.0975,0.096,0.75,0.8,0.6951,0.3358,0.3119,0.9712,0.9794,0.9866
mohammad_abu_shararh_zrayq__jor,Mohammad Abu 'Shararh' Zrayq,JOR,Jordan,MID,2500000,2500000,0.25,holdet_official_unmatched_default,0.0227272727272727,0.497035,0.497035,49585,Jordan,2500000,True,True,name_team_position,1.0,,,,AUT,2026-06-17 06:00,,,,,,,,,,,,0.165087,0.165087,ALG,2026-06-23 05:00,,,,,,,,,,,,0.176798,0.167959,ARG,2026-06-28 04:00,,,,,,,,,,,,0.182211,0.16399,,52232,1123,2500000,MID,False,,2.5,0.0,0.3857808857808857,1.1045215384615383,0.0,0.165153,0.45,True,1.35,mohammad abu shararh zrayq,jor,MID,mohammad abu shararh zrayq|jor|MID,mohammad abu shararh zrayq|jor,abu mohammad shararh zrayq|jor,distributed_from_existing_optimizer_ev,,0.1177,0.1192,0.75,0.8,0.7265,0.192,0.1883,0.75,0.8175,0.8198,0.0659,0.0871,0.75,0.8,0.6832
jens_petter_hauge__nor,Jens Petter Hauge,NOR,Norge,MID,2500000,2500000,0.2457,transfermarkt_availability_split_2026_06_01,0.022336,0.497035,0.497035,49267,Norge,2500000,True,True,name_team_position,1.0,,,,IRQ,2026-06-17 00:00,,,,,,,,,,,,0.203053,0.203053,SEN,2026-06-23 02:00,,,,,,,,,,,,0.181469,0.172395,FRA,2026-06-26 21:00,,,,,,,,,,,,0.135096,0.121586,,40731,1126,2500000,MID,False,,2.5,0.0,0.3857808857808857,1.1045215384615383,0.0,0.165153,0.45,True,1.35,jens petter hauge,nor,MID,jens petter hauge|nor|MID,jens petter hauge|nor,hauge jens petter|nor,distributed_from_existing_optimizer_ev,,0.7579,0.5585,1.35,1.25,1.3195,0.4575,0.3373,1.1364,1.0974,1.021,0.1969,0.2077,0.7527,0.8234,0.846
grady_diangana__cod,Grady Diangana,COD,Congo DR,MID,2500000,2500000,0.2919,transfermarkt_availability_split_2026_06_01,0.026536,0.497035,0.497035,49148,Congo DR,2500000,True,True,name_team_position,1.0,,,,POR,2026-06-17 19:00,,,,,,,,,,,,0.148933,0.148933,COL,2026-06-24 04:00,,,,,,,,,,,,0.157557,0.149679,UZB,2026-06-28 01:30,,,,,,,,,,,,0.22047,0.198423,,36248,1145,2500000,MID,False,,2.5,0.0,0.3857808857808857,1.1045215384615383,0.0,0.165153,0.45,True,1.35,grady diangana,cod,MID,grady diangana|cod|MID,grady diangana|cod,diangana grady|cod,distributed_from_existing_optimizer_ev,,0.0992,0.096,0.75,0.8,0.6951,0.1381,0.1883,0.75,0.8,0.8198,0.377,0.3373,1.0288,1.0206,1.021
dylan_bronn__tun,Dylan Bronn,TUN,Tunesien,DEF,2500000,2500000,0.6829,transfermarkt_availability_split_2026_06_01,0.062082,0.495255,0.495255,49039,Tunesien,2500000,True,True,name_team_position,1.0,0.011,0.018,0.01,SWE,2026-06-15 04:00,75.179,0.008223,0.010768,0.011,0.001317,0.061,0.023,0.04,-0.0352254352605188,0.038,55.211,0.100314,0.100314,JPN,2026-06-21 06:00,75.179,0.008632,0.011468,0.013,0.001751,0.061,0.059,0.043,-0.0324438713675505,0.038,55.211,0.149604,0.142124,NED,2026-06-26 01:00,75.179,0.007875,0.01024,0.012,0.001316,0.061,0.055,0.042,-0.0333497178219433,0.038,55.211,0.133515,0.120164,0.383433,36528,976,2500000,DEF,False,,2.5,0.496,0.4372037914691943,0.8961978199052141,0.496,0.497057,0.45,True,1.35,dylan bronn,tun,DEF,dylan bronn|tun|DEF,dylan bronn|tun,bronn dylan|tun,,,,,,,,,,,,,,,,,
telmo_arcanjo__cpv,Telmo Arcanjo,CPV,Kap Verde,MID,2500000,2500000,0.7304,transfermarkt_availability_split_2026_06_01,0.0664,0.493691,0.493691,49881,Kap Verde,2500000,True,True,name_team_position,1.0,0.03,0.05,0.022,ESP,2026-06-15 18:00,70.36,0.008438,0.01088,0.011,0.0,0.033,-0.016,0.017,-0.0182063110362572,-0.004,26.8,0.031624,0.031624,URU,2026-06-22 00:00,70.36,0.009562,0.01216,0.012,0.0,0.033,0.02,0.018,-0.0176466247723535,-0.004,26.8,0.079643,0.075661,KSA,2026-06-27 02:00,70.36,0.019681,0.022918,0.015,0.0,0.033,0.028,0.021,-0.0157161788301607,-0.004,26.8,0.178443,0.160599,0.289003,49723,1125,2500000,MID,False,,2.5,0.383,0.3857808857808857,1.1045215384615383,0.383,0.452403,0.45,True,1.35,telmo arcanjo,cpv,MID,telmo arcanjo|cpv|MID,telmo arcanjo|cpv,arcanjo telmo|cpv,,,,,,,,,,,,,,,,,
sherel_floranus__cuw,Sherel Floranus,CUW,Curaçao,DEF,2500000,2500000,0.8872,transfermarkt_availability_split_2026_06_01,0.080655,0.493662,0.493662,49844,Curaçao,2500000,True,True,name_team_position,1.0,0.017,0.023,0.007,GER,2026-06-14 19:00,75.636,0.010688,0.01088,0.008,0.023852,0.069,-0.046,0.04,-0.0421263727683928,0.049,62.4,0.089116,0.089116,ECU,2026-06-21 02:00,75.636,0.01125,0.01216,0.008,0.030767,0.069,0.047,0.042,-0.0409428716708914,0.049,62.4,0.207725,0.197338,CIV,2026-06-25 22:00,75.636,0.0135,0.01472,0.01,0.038718,0.069,0.061,0.047,-0.0377981052699748,0.049,62.4,0.270541,0.243487,0.567382,51988,1128,2500000,DEF,False,,2.5,1.057,0.4372037914691943,0.8961978199052141,1.057,0.917807,0.45,True,1.35,sherel floranus,cuw,DEF,sherel floranus|cuw|DEF,sherel floranus|cuw,floranus sherel|cuw,,,,,,,,,,,,,,,,,
luc_de_fougerolles__can,Luc De Fougerolles,CAN,Canada,DEF,2000000,2000000,0.3375,transfermarkt_availability_split_2026_06_01,0.030682,0.492327,0.492327,49449,Canada,2000000,True,True,name_team_position,1.0,0.012,0.018,0.005,BIH,2026-06-12 21:00,75.049,0.021899,0.019792,0.006,0.0,0.053,0.063,0.038,-0.026888466101532,0.026,47.551,0.243882,0.243882,QAT,2026-06-19 00:00,75.049,0.027338,0.025,0.006,0.0,0.053,0.057,0.039,-0.0263724804152704,0.026,47.551,0.287656,0.273273,SUI,2026-06-24 21:00,75.049,0.008869,0.009716,0.005,0.0,0.053,0.04,0.034,-0.0304686886665226,0.026,47.551,0.103893,0.093504,0.635431,45178,1059,2000000,DEF,False,,2.0,0.482,0.1338862559241706,0.2744454028436021,0.482,0.399796,0.45,True,1.35,luc de fougerolles,can,DEF,luc de fougerolles|can|DEF,luc de fougerolles|can,de fougerolles luc|can,,,,,,,,,,,,,,,,,
hamdy_fathy__egy,Hamdy Fathy,EGY,Egypten,MID,2500000,2500000,0.865,transfermarkt_availability_split_2026_06_01,0.078636,0.489578,0.489578,49166,Egypten,2500000,True,True,name_team_position,1.0,0.011,0.017,0.005,BEL,2026-06-15 21:00,75.433,0.008438,0.010589,0.006,0.070984,0.077,0.015,0.048,-0.045021690276288,0.06,69.112,0.080935,0.080935,NZL,2026-06-22 03:00,75.433,0.026575,0.025008,0.007,0.29837,0.077,0.067,0.052,-0.0418636312388568,0.06,69.112,0.275035,0.261284,IRN,2026-06-27 05:00,75.433,0.02252,0.022616,0.008,0.254041,0.077,0.078,0.055,-0.0397188773541928,0.06,69.112,0.264729,0.238256,0.620353,49745,973,2500000,MID,False,,2.5,1.694,0.3857808857808857,1.1045215384615383,1.694,1.435653,0.45,True,1.35,hamdy fathy,egy,MID,hamdy fathy|egy|MID,hamdy fathy|egy,fathy hamdy|egy,,,,,,,,,,,,,,,,,
jesse_randall__nzl,Jesse Randall,NZL,New Zealand,FWD,2000000,2000000,0.5613,transfermarkt_availability_split_2026_06_01,0.051027,0.488009,0.488009,49275,New Zealand,2000000,True,True,name_team_position,1.0,0.084,0.044,0.12,IRN,2026-06-16 03:00,66.36,0.032787,0.013263,0.07,0.0,0.022,0.006,0.019,-0.0182111160590535,0.0,27.884,0.225726,0.225726,EGY,2026-06-22 03:00,66.36,0.034312,0.01484,0.084,0.0,0.022,0.027,0.021,-0.0168432298880998,0.0,27.884,0.274925,0.261179,BEL,2026-06-27 05:00,66.36,0.032625,0.01344,0.08,0.0,0.022,0.025,0.021,-0.0173653968063411,0.0,27.884,0.257455,0.231709,0.758106,49596,776,2000000,FWD,False,,2.0,1.04,0.086021505376344,0.2983587096774194,1.04,0.827998,0.45,True,1.35,jesse randall,nzl,FWD,jesse randall|nzl|FWD,jesse randall|nzl,jesse randall|nzl,,,,,,,,,,,,,,,,,
ali_majrashi__ksa,Ali Majrashi,KSA,Saudi-Arabien,DEF,2500000,2500000,0.7167,transfermarkt_availability_split_2026_06_01,0.065155,0.487232,0.487232,48800,Saudi-Arabien,2500000,True,True,name_team_position,1.0,0.012,0.021,0.005,URU,2026-06-16 00:00,75.127,0.008438,0.01152,0.006,0.0,0.057,0.008,0.039,-0.0305492571319219,0.032,51.236,0.082639,0.082639,ESP,2026-06-21 18:00,75.127,0.00675,0.00896,0.005,0.0,0.057,0.035,0.034,-0.03437982166061,0.032,51.236,0.082,0.0779,CPV,2026-06-27 02:00,75.127,0.014908,0.016738,0.005,0.0,0.057,0.047,0.038,-0.031702072047261,0.032,51.236,0.17296,0.155664,0.337599,49629,977,2500000,DEF,False,,2.5,0.407,0.4372037914691943,0.8961978199052141,0.407,0.430307,0.45,True,1.35,ali majrashi,ksa,DEF,ali majrashi|ksa|DEF,ali majrashi|ksa,ali majrashi|ksa,,,,,,,,,,,,,,,,,
noor_al_rawabdeh__jor,Noor Al-Rawabdeh,JOR,Jordan,MID,2500000,2500000,0.7836,transfermarkt_availability_split_2026_06_01,0.071236,0.486167,0.486167,49668,Jordan,2500000,True,True,name_team_position,1.0,0.031,0.047,0.026,AUT,2026-06-17 06:00,70.36,0.01125,0.01344,0.016,0.0,0.038,-0.002,0.021,-0.0208153082076925,0.004,31.374,0.076755,0.076755,ALG,2026-06-23 05:00,70.36,0.014062,0.017376,0.02,0.0,0.038,0.031,0.024,-0.0190042039809234,0.004,31.374,0.144434,0.137212,ARG,2026-06-28 04:00,70.36,0.012938,0.01536,0.019,0.0,0.038,0.028,0.023,-0.0197117544418586,0.004,31.374,0.127058,0.114352,0.347631,49550,1123,2500000,MID,False,,2.5,0.534,0.3857808857808857,1.1045215384615383,0.534,0.565653,0.45,True,1.35,noor al rawabdeh,jor,MID,noor al rawabdeh|jor|MID,noor al rawabdeh|jor,al noor rawabdeh|jor,,,,,,,,,,,,,,,,,
zidane_iqbal__irq,Zidane Iqbal,IRQ,Irak,MID,2500000,2500000,0.5733,transfermarkt_availability_split_2026_06_01,0.052118,0.485442,0.485442,49993,Irak,2500000,True,True,name_team_position,1.0,0.023,0.029,0.017,NOR,2026-06-17 00:00,70.581,0.015187,0.01472,0.02,0.0,0.055,-0.004,0.034,-0.0265643538957255,0.026,44.685,0.114531,0.114531,FRA,2026-06-22 23:00,70.581,0.011813,0.01152,0.015,0.0,0.055,0.031,0.03,-0.0299447951971711,0.026,44.685,0.11068,0.105146,SEN,2026-06-26 21:00,70.581,0.012375,0.01216,0.016,0.0,0.055,0.034,0.031,-0.0293299407136539,0.026,44.685,0.121025,0.108923,0.346236,41571,947,2500000,MID,False,,2.5,0.536,0.3857808857808857,1.1045215384615383,0.536,0.567153,0.45,True,1.35,zidane iqbal,irq,MID,zidane iqbal|irq|MID,zidane iqbal|irq,iqbal zidane|irq,,,,,,,,,,,,,,,,,
yvon_mvogo__sui,Yvon Mvogo,SUI,Schweiz,GK,3000000,3000000,0.2232,transfermarkt_availability_split_2026_06_01,0.020291,0.484894,0.484894,49987,Schweiz,3000000,True,True,name_team_position,1.0,0.0,0.0,0.0,QAT,2026-06-13 21:00,79.36,0.0,0.0,0.0,0.0,0.012,0.079,0.027,-0.0216138405790966,0.004,35.387,0.076386,0.076386,BIH,2026-06-18 21:00,79.36,0.0,0.0,0.0,0.0,0.012,0.042,0.029,-0.019825208430164,0.004,35.387,0.043175,0.041016,CAN,2026-06-24 21:00,79.36,0.0,0.0,0.0,0.0,0.012,0.04,0.028,-0.0203258153286084,0.004,35.387,0.039674,0.035707,0.159235,34223,583,3000000,GK,False,,3.0,0.153,0.503125,0.8897765624999998,0.153,0.209086,0.45,True,1.35,yvon mvogo,sui,GK,yvon mvogo|sui|GK,yvon mvogo|sui,mvogo yvon|sui,,,,,,,,,,,,,,,,,
alireza_beiranvand__irn,Alireza Beiranvand,IRN,Iran,GK,3000000,3000000,0.7037,transfermarkt_availability_split_2026_06_01,0.063973,0.475803,0.475803,48803,Iran,3000000,True,True,name_team_position,1.0,0.001,0.0,0.0,NZL,2026-06-16 03:00,79.819,0.0,0.0,0.0,0.0,0.013,0.07,0.032,-0.0212516145058439,0.009,38.912,0.076748,0.076748,BEL,2026-06-21 21:00,79.819,0.0,0.0,0.0,0.0,0.013,0.03,0.027,-0.0254312797314832,0.009,38.912,0.027569,0.02619,EGY,2026-06-27 05:00,79.819,0.0,0.0,0.0,0.0,0.013,0.033,0.028,-0.0247869478665632,0.009,38.912,0.032213,0.028992,0.13653,32328,883,3000000,GK,False,,3.0,0.131,0.503125,0.8897765624999998,0.131,0.192586,0.45,True,1.35,alireza beiranvand,irn,GK,alireza beiranvand|irn|GK,alireza beiranvand|irn,alireza beiranvand|irn,,,,,,,,,,,,,,,,,
kr_pin_diatta__sen,Krepin Diatta,SEN,Senegal,FWD,2500000,2500000,0.873,transfermarkt_availability_split_2026_06_01,0.079364,0.473834,0.473834,49409,Senegal,2500000,True,True,name_team_position,1.0,0.01,0.028,0.004,FRA,2026-06-16 21:00,75.343,0.007875,0.01664,0.005,0.06161,0.076,-0.003,0.048,-0.0445983207988234,0.059,68.487,0.069822,0.069822,NOR,2026-06-23 02:00,75.343,0.011187,0.022811,0.006,0.11006,0.076,0.062,0.05,-0.0429401702460775,0.059,68.487,0.171241,0.162679,IRQ,2026-06-26 21:00,75.343,0.032307,0.05405,0.007,0.374135,0.076,0.085,0.056,-0.0374273423295843,0.059,68.487,0.384951,0.346456,0.626014,36968,975,2500000,FWD,False,,2.5,1.712,0.2939068100358423,1.0193922580645165,1.712,1.447993,0.45,True,1.35,krepin diatta,sen,FWD,krepin diatta|sen|FWD,krepin diatta|sen,diatta krepin|sen,,,,,,,,,,,,,,,,,
gustavo_vel_squez__par,Gustavo Velazquez,PAR,Paraguay,DEF,2500000,2500000,0.3942,transfermarkt_availability_split_2026_06_01,0.035836,0.471652,0.471652,49161,Paraguay,2500000,True,True,name_team_position,1.0,0.009,0.013,0.004,USA,2026-06-13 03:00,74.409,0.004282,0.004743,0.003,0.0,0.038,0.02,0.024,-0.0220564824546482,0.005,33.945,0.031865,0.031865,TUR,2026-06-20 06:00,74.409,0.004838,0.005158,0.003,0.0,0.038,0.029,0.024,-0.0216998371733756,0.005,33.945,0.045802,0.043512,AUS,2026-06-26 04:00,74.409,0.009933,0.008191,0.004,0.0,0.038,0.038,0.027,-0.0194871929619811,0.005,33.945,0.100684,0.090615,0.178351,49604,778,2500000,DEF,False,0.9411764705882352,2.5,0.176,0.4372037914691943,0.8961978199052141,0.176,0.257057,0.45,True,1.35,gustavo velazquez,par,DEF,gustavo velazquez|par|DEF,gustavo velazquez|par,gustavo velazquez|par,,,,,,,,,,,,,,,,,
milo_degenek__aus,Milos Degenek,AUS,Australien,DEF,2500000,2500000,0.6269,transfermarkt_availability_split_2026_06_01,0.056991,0.471457,0.471457,49567,Australien,2500000,True,True,name_team_position,1.0,0.012,0.017,0.006,TUR,2026-06-14 06:00,75.228,0.009953,0.010814,0.008,0.0,0.061,0.016,0.043,-0.0322569683307826,0.038,55.006,0.103903,0.103903,USA,2026-06-19 21:00,75.228,0.007562,0.008277,0.006,0.0,0.061,0.043,0.038,-0.0358461786811857,0.038,55.006,0.098357,0.093439,PAR,2026-06-26 04:00,75.228,0.010983,0.010963,0.006,0.0,0.061,0.047,0.039,-0.0349837774441199,0.038,55.006,0.132803,0.119523,0.335063,36306,763,2500000,DEF,False,,2.5,0.43,0.4372037914691943,0.8961978199052141,0.43,0.447557,0.45,True,1.35,milos degenek,aus,DEF,milos degenek|aus|DEF,milos degenek|aus,degenek milos|aus,,,,,,,,,,,,,,,,,
joris_kayembe__cod,Joris Kayembe,COD,Congo DR,DEF,2500000,2500000,0.6001,transfermarkt_availability_split_2026_06_01,0.054555,0.470891,0.470891,49324,Congo DR,2500000,True,True,name_team_position,1.0,0.012,0.017,0.005,POR,2026-06-17 19:00,75.053,0.006188,0.00704,0.005,0.0,0.056,-0.011,0.034,-0.0330213108681981,0.03,50.08,0.027227,0.027227,COL,2026-06-24 04:00,75.053,0.00675,0.00768,0.005,0.0,0.056,0.04,0.035,-0.0324199050190296,0.03,50.08,0.08512,0.080864,UZB,2026-06-28 01:30,75.053,0.015876,0.015624,0.006,0.0,0.056,0.059,0.04,-0.0279745371895254,0.03,50.08,0.193153,0.173838,0.3055,52065,1145,2500000,DEF,False,,2.5,0.36,0.4372037914691943,0.8961978199052141,0.36,0.395057,0.45,True,1.35,joris kayembe,cod,DEF,joris kayembe|cod|DEF,joris kayembe|cod,joris kayembe|cod,,,,,,,,,,,,,,,,,
maxime_cr_peau__can,Maxime Crepeau,CAN,Canada,GK,3000000,3000000,0.4522,transfermarkt_availability_split_2026_06_01,0.041109,0.465536,0.465536,49540,Canada,3000000,True,True,name_team_position,1.0,0.001,0.0,0.0,BIH,2026-06-12 21:00,79.414,0.0,0.0,0.0,0.0,0.012,0.048,0.029,-0.0204859442840311,0.005,36.229,0.049514,0.049514,QAT,2026-06-19 00:00,79.414,0.0,0.0,0.0,0.0,0.012,0.044,0.029,-0.0200928220441756,0.005,36.229,0.045907,0.043612,SUI,2026-06-24 21:00,79.414,0.0,0.0,0.0,0.0,0.012,0.03,0.026,-0.0232136655201134,0.005,36.229,0.025786,0.023208,0.120214,43144,1059,3000000,GK,False,,3.0,0.116,0.503125,0.8897765624999998,0.116,0.181336,0.45,True,1.35,maxime crepeau,can,GK,maxime crepeau|can|GK,maxime crepeau|can,crepeau maxime|can,,,,,,,,,,,,,,,,,
mahmoud_al_mardi__jor,Mahmoud Al-Mardi,JOR,Jordan,MID,2000000,2000000,0.731,transfermarkt_availability_split_2026_06_01,0.066455,0.460506,0.460506,49477,Jordan,2000000,True,True,name_team_position,1.0,0.075,0.042,0.103,AUT,2026-06-17 06:00,66.36,0.023625,0.01024,0.055,0.0,0.021,-0.002,0.018,-0.0178092014273555,-0.001,26.843,0.180036,0.180036,ALG,2026-06-23 05:00,66.36,0.02925,0.013366,0.069,0.0,0.021,0.026,0.02,-0.0162596533899862,-0.001,26.843,0.263088,0.249934,ARG,2026-06-28 04:00,66.36,0.027562,0.01216,0.065,0.0,0.021,0.024,0.02,-0.0168650207740808,-0.001,26.843,0.244425,0.219982,0.687549,49555,1123,2000000,MID,False,,2.0,0.862,0.106060606060606,0.30366,0.862,0.691905,0.45,True,1.35,mahmoud al mardi,jor,MID,mahmoud al mardi|jor|MID,mahmoud al mardi|jor,al mahmoud mardi|jor,,,,,,,,,,,,,,,,,
simon_banza__cod,Simon Banza,COD,Congo DR,FWD,2500000,2500000,0.4264,transfermarkt_availability_split_2026_06_01,0.038764,0.458727,0.458727,49853,Congo DR,2500000,True,True,name_team_position,1.0,,,,POR,2026-06-17 19:00,,,,,,,,,,,,0.137455,0.137455,COL,2026-06-24 04:00,,,,,,,,,,,,0.145413,0.138143,UZB,2026-06-28 01:30,,,,,,,,,,,,0.203478,0.18313,,44996,1145,2500000,FWD,False,,2.5,0.0,0.2939068100358423,1.0193922580645165,0.0,0.163993,0.45,True,1.35,simon banza,cod,FWD,simon banza|cod|FWD,simon banza|cod,banza simon|cod,distributed_from_existing_optimizer_ev,,0.0992,0.096,0.75,0.8,0.6951,0.1381,0.1883,0.75,0.8,0.8198,0.377,0.3373,1.0288,1.0206,1.021
josue_casimir__hai,Josue Casimir,HAI,Haiti,FWD,2500000,2500000,0.8757,transfermarkt_availability_split_2026_06_01,0.079609,0.458727,0.458727,49340,Haiti,2500000,True,True,name_team_position,1.0,,,,SCO,2026-06-14 03:00,,,,,,,,,,,,0.153883,0.153883,BRA,2026-06-20 03:00,,,,,,,,,,,,0.159594,0.151614,MAR,2026-06-25 00:00,,,,,,,,,,,,0.170255,0.15323,,52174,1129,2500000,FWD,False,,2.5,0.0,0.2939068100358423,1.0193922580645165,0.0,0.163993,0.45,True,1.35,josue casimir,hai,FWD,josue casimir|hai|FWD,josue casimir|hai,casimir josue|hai,distributed_from_existing_optimizer_ev,,0.1468,0.1573,0.75,0.8,0.7779,0.0315,0.0461,0.75,0.8,0.6278,0.1136,0.096,0.75,0.8,0.6951
garry_mendes_rodrigues__cpv,Garry Mendes Rodrigues,CPV,Kap Verde,FWD,2500000,2500000,0.7496,transfermarkt_availability_split_2026_06_01,0.068145,0.458727,0.458727,49129,Kap Verde,2500000,True,True,name_team_position,1.0,,,,ESP,2026-06-15 18:00,,,,,,,,,,,,0.139524,0.139524,URU,2026-06-22 00:00,,,,,,,,,,,,0.148707,0.141272,KSA,2026-06-27 02:00,,,,,,,,,,,,0.197701,0.177931,,31814,1125,2500000,FWD,False,,2.5,0.0,0.2939068100358423,1.0193922580645165,0.0,0.163993,0.45,True,1.35,garry mendes rodrigues,cpv,FWD,garry mendes rodrigues|cpv|FWD,garry mendes rodrigues|cpv,garry mendes rodrigues|cpv,distributed_from_existing_optimizer_ev,,0.0376,0.0509,0.75,0.8,0.6343,0.1342,0.1573,0.75,0.8,0.7779,0.3409,0.3373,0.9681,0.9772,1.021
nuno_da_costa__cpv,Nuno da Costa,CPV,Kap Verde,FWD,2500000,2500000,0.3862,transfermarkt_availability_split_2026_06_01,0.035109,0.458727,0.458727,49671,Kap Verde,2500000,True,True,name_team_position,1.0,,,,ESP,2026-06-15 18:00,,,,,,,,,,,,0.139524,0.139524,URU,2026-06-22 00:00,,,,,,,,,,,,0.148707,0.141272,KSA,2026-06-27 02:00,,,,,,,,,,,,0.197701,0.177931,,42649,1125,2500000,FWD,False,,2.5,0.0,0.2939068100358423,1.0193922580645165,0.0,0.163993,0.45,True,1.35,nuno da costa,cpv,FWD,nuno da costa|cpv|FWD,nuno da costa|cpv,costa da nuno|cpv,distributed_from_existing_optimizer_ev,,0.0376,0.0509,0.75,0.8,0.6343,0.1342,0.1573,0.75,0.8,0.7779,0.3409,0.3373,0.9681,0.9772,1.021
baha_a_faisal__jor,Baha'a Faisal,JOR,Jordan,FWD,2500000,2500000,0.7502,transfermarkt_availability_split_2026_06_01,0.0682,0.458727,0.458727,48885,Jordan,2500000,True,True,name_team_position,1.0,,,,AUT,2026-06-17 06:00,,,,,,,,,,,,0.152363,0.152363,ALG,2026-06-23 05:00,,,,,,,,,,,,0.163172,0.155013,ARG,2026-06-28 04:00,,,,,,,,,,,,0.168167,0.15135,,52230,1123,2500000,FWD,False,,2.5,0.0,0.2939068100358423,1.0193922580645165,0.0,0.163993,0.45,True,1.35,baha a faisal,jor,FWD,baha a faisal|jor|FWD,baha a faisal|jor,a baha faisal|jor,distributed_from_existing_optimizer_ev,,0.1177,0.1192,0.75,0.8,0.7265,0.192,0.1883,0.75,0.8175,0.8198,0.0659,0.0871,0.75,0.8,0.6832
george_hirst__sco,George Hirst,SCO,Skotland,FWD,2500000,2500000,0.465,transfermarkt_availability_split_2026_06_01,0.042273,0.458727,0.458727,49131,Skotland,2500000,True,True,name_team_position,1.0,,,,HAI,2026-06-14 03:00,,,,,,,,,,,,0.202956,0.202956,MAR,2026-06-20 00:00,,,,,,,,,,,,0.143037,0.135885,BRA,2026-06-25 00:00,,,,,,,,,,,,0.133207,0.119887,,39575,1022,2500000,FWD,False,,2.5,0.0,0.2939068100358423,1.0193922580645165,0.0,0.163993,0.45,True,1.35,george hirst,sco,FWD,george hirst|sco|FWD,george hirst|sco,george hirst|sco,distributed_from_existing_optimizer_ev,,0.6612,0.4865,1.35,1.25,1.2223,0.248,0.25,0.8559,0.8971,0.903,0.1289,0.1358,0.75,0.8,0.7489
abdullah_al_hamdan__ksa,Abdullah Al-Hamdan,KSA,Saudi-Arabien,FWD,2500000,2500000,0.5972,transfermarkt_availability_split_2026_06_01,0.054291,0.458727,0.458727,48726,Saudi-Arabien,2500000,True,True,name_team_position,1.0,,,,URU,2026-06-16 00:00,,,,,,,,,,,,0.13844,0.13844,ESP,2026-06-21 18:00,,,,,,,,,,,,0.143657,0.136474,CPV,2026-06-27 02:00,,,,,,,,,,,,0.204237,0.183813,,49622,977,2500000,FWD,False,,2.5,0.0,0.2939068100358423,1.0193922580645165,0.0,0.163993,0.45,True,1.35,abdullah al hamdan,ksa,FWD,abdullah al hamdan|ksa|FWD,abdullah al hamdan|ksa,abdullah al hamdan|ksa,distributed_from_existing_optimizer_ev,,0.1516,0.1573,0.75,0.8,0.7779,0.0405,0.0741,0.75,0.8,0.6655,0.3865,0.3119,1.0319,1.0228,0.9866
amine_adli__mar,Amine Adli,MAR,Marokko,FWD,2500000,2500000,0.5864,transfermarkt_availability_split_2026_06_01,0.053309,0.458727,0.458727,48820,Marokko,2500000,True,True,name_team_position,1.0,,,,BRA,2026-06-14 00:00,,,,,,,,,,,,0.11094,0.11094,SCO,2026-06-20 00:00,,,,,,,,,,,,0.168971,0.160522,HAI,2026-06-25 00:00,,,,,,,,,,,,0.208072,0.187265,,41345,974,2500000,FWD,False,,2.5,0.0,0.2939068100358423,1.0193922580645165,0.0,0.163993,0.45,True,1.35,amine adli,mar,FWD,amine adli|mar|FWD,amine adli|mar,adli amine|mar,distributed_from_existing_optimizer_ev,,0.174,0.1883,0.75,0.8,0.8198,0.4539,0.411,1.1441,1.103,1.1204,0.699,0.5585,1.35,1.25,1.3195
jordy_caicedo__ecu,Jordy Caicedo,ECU,Ecuador,FWD,2500000,2500000,0.3344,transfermarkt_availability_split_2026_06_01,0.0304,0.458727,0.458727,49319,Ecuador,2500000,True,True,name_team_position,1.0,,,,CIV,2026-06-15 01:00,,,,,,,,,,,,0.156895,0.156895,CUW,2026-06-21 02:00,,,,,,,,,,,,0.199337,0.18937,GER,2026-06-25 22:00,,,,,,,,,,,,0.124958,0.112462,,52164,881,2500000,FWD,False,,2.5,0.0,0.2939068100358423,1.0193922580645165,0.0,0.163993,0.45,True,1.35,jordy caicedo,ecu,FWD,jordy caicedo|ecu|FWD,jordy caicedo|ecu,caicedo jordy|ecu,distributed_from_existing_optimizer_ev,,0.4138,0.4226,1.1056,1.0754,1.136,0.7371,0.5585,1.35,1.25,1.3195,0.1872,0.1717,0.75,0.8082,0.7973
ricardo_pepi__usa,Ricardo Pepi,USA,USA,FWD,2500000,2500000,0.6143,transfermarkt_availability_split_2026_06_01,0.055845,0.458727,0.458727,49767,USA,2500000,True,True,name_team_position,1.0,,,,PAR,2026-06-13 03:00,,,,,,,,,,,,0.155356,0.155356,AUS,2026-06-19 21:00,,,,,,,,,,,,0.173876,0.165182,TUR,2026-06-26 04:00,,,,,,,,,,,,0.153544,0.138189,,41640,784,2500000,FWD,False,,2.5,0.0,0.2939068100358423,1.0193922580645165,0.0,0.163993,0.45,True,1.35,ricardo pepi,usa,FWD,ricardo pepi|usa|FWD,ricardo pepi|usa,pepi ricardo|usa,distributed_from_existing_optimizer_ev,,0.4761,0.411,1.1552,1.1109,1.1204,0.5448,0.4226,1.2373,1.1695,1.136,0.3714,0.2766,1.0099,1.0071,0.9389
armando_gonzalez__mex,Armando Gonzalez,MEX,Mexico,FWD,2500000,2500000,0.6148,transfermarkt_availability_split_2026_06_01,0.055891,0.458727,0.458727,48861,Mexico,2500000,True,True,name_team_position,1.0,,,,RSA,2026-06-11 21:00,,,,,,,,,,,,0.163996,0.163996,KOR,2026-06-19 03:00,,,,,,,,,,,,0.158351,0.150433,CZE,2026-06-25 03:00,,,,,,,,,,,,0.160331,0.144298,,52197,775,2500000,FWD,False,,2.5,0.0,0.2939068100358423,1.0193922580645165,0.0,0.163993,0.45,True,1.35,armando gonzalez,mex,FWD,armando gonzalez|mex|FWD,armando gonzalez|mex,armando gonzalez|mex,distributed_from_existing_optimizer_ev,,0.6447,0.5376,1.35,1.25,1.2913,0.5288,0.4415,1.2281,1.1629,1.1615,0.4841,0.411,1.172,1.1228,1.1204
kento_shiogai__jpn,Kento Shiogai,JPN,Japan,FWD,2500000,2500000,0.45,transfermarkt_availability_split_2026_06_01,0.040909,0.458727,0.458727,49385,Japan,2500000,True,True,name_team_position,1.0,,,,NED,2026-06-14 22:00,,,,,,,,,,,,0.126098,0.126098,TUN,2026-06-21 06:00,,,,,,,,,,,,0.179727,0.170741,SWE,2026-06-26 01:00,,,,,,,,,,,,0.179875,0.161888,,50668,772,2500000,FWD,False,,2.5,0.0,0.2939068100358423,1.0193922580645165,0.0,0.163993,0.45,True,1.35,kento shiogai,jpn,FWD,kento shiogai|jpn|FWD,kento shiogai|jpn,kento shiogai|jpn,distributed_from_existing_optimizer_ev,,0.2697,0.217,0.8536,0.8954,0.8585,0.5127,0.4415,1.2148,1.1534,1.1615,0.4641,0.3547,1.1432,1.1023,1.0443
christopher_bonsu_baah__gha,Christopher Bonsu Baah,GHA,Ghana,FWD,2500000,2500000,0.3911,transfermarkt_availability_split_2026_06_01,0.035555,0.458727,0.458727,48962,Ghana,2500000,True,True,name_team_position,1.0,,,,PAN,2026-06-18 01:00,,,,,,,,,,,,0.191377,0.191377,ENG,2026-06-23 22:00,,,,,,,,,,,,0.138852,0.131909,CRO,2026-06-27 23:00,,,,,,,,,,,,0.150489,0.13544,,49754,770,2500000,FWD,False,,2.5,0.0,0.2939068100358423,1.0193922580645165,0.0,0.163993,0.45,True,1.35,christopher bonsu baah,gha,FWD,christopher bonsu baah|gha|FWD,christopher bonsu baah|gha,baah bonsu christopher|gha,distributed_from_existing_optimizer_ev,,0.4649,0.375,1.135,1.0964,1.0718,0.1101,0.1192,0.75,0.8,0.7265,0.197,0.217,0.7558,0.8256,0.8585
endrick__bra,Endrick,BRA,Brasilien,FWD,2500000,2500000,0.7077,transfermarkt_availability_split_2026_06_01,0.064336,0.458727,0.458727,49068,Brasilien,2500000,True,True,name_team_position,1.0,,,,MAR,2026-06-14 00:00,,,,,,,,,,,,0.147548,0.147548,HAI,2026-06-20 03:00,,,,,,,,,,,,0.165181,0.156922,SCO,2026-06-25 00:00,,,,,,,,,,,,0.171396,0.154257,,45884,764,2500000,FWD,False,,2.5,0.0,0.2939068100358423,1.0193922580645165,0.0,0.163993,0.45,True,1.35,endrick,bra,FWD,endrick|bra|FWD,endrick|bra,endrick|bra,distributed_from_existing_optimizer_ev,,0.5861,0.4624,1.2885,1.2061,1.1897,0.8975,0.6453,1.35,1.25,1.4367,0.6691,0.5,1.35,1.25,1.2405
deni_juric__aus,Deni Juric,AUS,Australien,FWD,2500000,2500000,0.8568,transfermarkt_availability_split_2026_06_01,0.077891,0.458727,0.458727,49006,Australien,2500000,True,True,name_team_position,1.0,,,,TUR,2026-06-14 06:00,,,,,,,,,,,,0.149229,0.149229,USA,2026-06-19 21:00,,,,,,,,,,,,0.152931,0.145284,PAR,2026-06-26 04:00,,,,,,,,,,,,0.182459,0.164213,,52108,763,2500000,FWD,False,,2.5,0.0,0.2939068100358423,1.0193922580645165,0.0,0.163993,0.45,True,1.35,deni juric,aus,FWD,deni juric|aus|FWD,deni juric|aus,deni juric|aus,distributed_from_existing_optimizer_ev,,0.2165,0.2077,0.7887,0.8491,0.846,0.2058,0.2077,0.7627,0.8305,0.846,0.2718,0.2678,0.8857,0.9183,0.927
nishan_velupillay__aus,Nishan Velupillay,AUS,Australien,FWD,2500000,2500000,0.5403,transfermarkt_availability_split_2026_06_01,0.049118,0.458727,0.458727,49660,Australien,2500000,True,True,name_team_position,1.0,,,,TUR,2026-06-14 06:00,,,,,,,,,,,,0.149229,0.149229,USA,2026-06-19 21:00,,,,,,,,,,,,0.152931,0.145284,PAR,2026-06-26 04:00,,,,,,,,,,,,0.182459,0.164213,,52109,763,2500000,FWD,False,,2.5,0.0,0.2939068100358423,1.0193922580645165,0.0,0.163993,0.45,True,1.35,nishan velupillay,aus,FWD,nishan velupillay|aus|FWD,nishan velupillay|aus,nishan velupillay|aus,distributed_from_existing_optimizer_ev,,0.2165,0.2077,0.7887,0.8491,0.846,0.2058,0.2077,0.7627,0.8305,0.846,0.2718,0.2678,0.8857,0.9183,0.927
amin_chiakha__alg,Amin Chiakha,ALG,Algeriet,FWD,2500000,2500000,0.1293,transfermarkt_availability_split_2026_06_01,0.011755,0.458727,0.458727,48819,Algeriet,2500000,True,True,name_team_position,1.0,,,,ARG,2026-06-17 03:00,,,,,,,,,,,,0.122516,0.122516,JOR,2026-06-23 05:00,,,,,,,,,,,,0.204081,0.193877,AUT,2026-06-28 04:00,,,,,,,,,,,,0.158149,0.142335,,45839,761,2500000,FWD,False,,2.5,0.0,0.2939068100358423,1.0193922580645165,0.0,0.163993,0.45,True,1.35,amin chiakha,alg,FWD,amin chiakha|alg|FWD,amin chiakha|alg,amin chiakha|alg,distributed_from_existing_optimizer_ev,,0.1295,0.1573,0.75,0.8,0.7779,0.5569,0.4226,1.2554,1.1825,1.136,0.269,0.2766,0.881,0.915,0.9389
petar_musa__cro,Petar Musa,CRO,Kroatien,FWD,2500000,2500000,0.6107,transfermarkt_availability_split_2026_06_01,0.055518,0.458727,0.458727,49732,Kroatien,2500000,True,True,name_team_position,1.0,,,,ENG,2026-06-17 22:00,,,,,,,,,,,,0.110938,0.110938,PAN,2026-06-24 01:00,,,,,,,,,,,,0.188501,0.179076,GHA,2026-06-27 23:00,,,,,,,,,,,,0.187459,0.168713,,40262,588,2500000,FWD,False,,2.5,0.0,0.2939068100358423,1.0193922580645165,0.0,0.163993,0.45,True,1.35,petar musa,cro,FWD,petar musa|cro|FWD,petar musa|cro,musa petar|cro,distributed_from_existing_optimizer_ev,,0.2039,0.2077,0.7626,0.8304,0.846,0.6189,0.4865,1.3291,1.2351,1.2223,0.5459,0.4415,1.2442,1.1744,1.1615
yunus_akgun__tur,Yunus Akgün,TUR,Tyrkiet,FWD,2500000,2500000,0.6183,transfermarkt_availability_split_2026_06_01,0.056209,0.458727,0.458727,49985,Tyrkiet,2500000,True,True,name_team_position,1.0,,,,AUS,2026-06-14 06:00,,,,,,,,,,,,0.166365,0.166365,PAR,2026-06-20 06:00,,,,,,,,,,,,0.160903,0.152858,USA,2026-06-26 04:00,,,,,,,,,,,,0.155005,0.139504,,36956,586,2500000,FWD,False,,2.5,0.0,0.2939068100358423,1.0193922580645165,0.0,0.163993,0.45,True,1.35,yunus akgun,tur,FWD,yunus akgun|tur|FWD,yunus akgun|tur,akgun yunus|tur,distributed_from_existing_optimizer_ev,,0.5184,0.411,1.2113,1.1509,1.1204,0.4216,0.375,1.102,1.0729,1.0718,0.3572,0.2766,0.9901,0.9929,0.9389
hugo_cuenca__par,Hugo Cuenca,PAR,Paraguay,MID,2000000,2000000,0.3974,transfermarkt_availability_split_2026_06_01,0.036127,0.453127,0.453127,49192,Paraguay,2000000,True,True,name_team_position,1.0,0.034,0.047,0.029,USA,2026-06-13 03:00,70.36,0.016414,0.018181,0.02,0.0,0.039,0.018,0.022,-0.0204952116781048,0.004,31.542,0.141118,0.141118,TUR,2026-06-20 06:00,70.36,0.019354,0.020633,0.02,0.0,0.039,0.027,0.023,-0.0201638115761751,0.004,31.542,0.173505,0.16483,AUS,2026-06-26 04:00,70.36,0.036009,0.033932,0.025,0.0,0.039,0.035,0.025,-0.0181077896527289,0.004,31.542,0.313733,0.28236,0.628356,46375,778,2000000,MID,False,,2.0,0.624,0.106060606060606,0.30366,0.624,0.513405,0.45,True,1.35,hugo cuenca,par,MID,hugo cuenca|par|MID,hugo cuenca|par,cuenca hugo|par,,,,,,,,,,,,,,,,,
merchas_doski__irq,Merchas Doski,IRQ,Irak,DEF,2500000,2500000,0.8342,transfermarkt_availability_split_2026_06_01,0.075836,0.452267,0.452267,49548,Irak,2500000,True,True,name_team_position,1.0,0.006,0.009,0.003,NOR,2026-06-17 00:00,75.237,0.005625,0.0064,0.004,0.055052,0.073,-0.005,0.051,-0.0391357705955323,0.055,65.832,0.166929,0.166929,FRA,2026-06-22 23:00,75.237,0.0045,0.00448,0.003,0.038388,0.073,0.045,0.044,-0.044115984900926,0.055,65.832,0.154778,0.147039,SEN,2026-06-26 21:00,75.237,0.0045,0.00512,0.003,0.048346,0.073,0.05,0.045,-0.0432101543239425,0.055,65.832,0.185511,0.16696,0.507686,52212,947,2500000,DEF,False,,2.5,1.033,0.4372037914691943,0.8961978199052141,1.033,0.899807,0.45,True,1.35,merchas doski,irq,DEF,merchas doski|irq|DEF,merchas doski|irq,doski merchas|irq,,,,,,,,,,,,,,,,,
youcef_atal__alg,Youcef Atal,ALG,Algeriet,DEF,2500000,2500000,0.7066,transfermarkt_availability_split_2026_06_01,0.064236,0.445302,0.445302,49972,Algeriet,2500000,True,True,name_team_position,1.0,0.008,0.013,0.003,ARG,2026-06-17 03:00,74.36,0.002812,0.0032,0.002,0.0,0.033,-0.003,0.021,-0.0196178129705249,-0.002,29.952,-0.008146,-0.008146,JOR,2026-06-23 05:00,74.36,0.00788,0.00839,0.002,0.0,0.033,0.029,0.023,-0.0180751362277138,-0.002,29.952,0.073375,0.069706,AUT,2026-06-28 04:00,74.36,0.004657,0.005861,0.002,0.0,0.033,0.032,0.024,-0.0175827308266786,-0.002,29.952,0.050942,0.045848,0.11521,50919,761,2500000,DEF,False,,2.5,0.111,0.4372037914691943,0.8961978199052141,0.111,0.208307,0.45,True,1.35,youcef atal,alg,DEF,youcef atal|alg|DEF,youcef atal|alg,atal youcef|alg,,,,,,,,,,,,,,,,,
dominik_kotarski__cro,Dominik Kotarski,CRO,Kroatien,GK,3000000,3000000,0.1323,transfermarkt_availability_split_2026_06_01,0.012027,0.437485,0.437485,49029,Kroatien,3000000,True,True,name_team_position,1.0,0.0,0.0,0.0,ENG,2026-06-17 22:00,79.36,0.0,0.0,0.0,0.0,0.012,0.01,0.025,-0.0225541634214186,0.003,34.918,0.003446,0.003446,PAN,2026-06-24 01:00,79.36,0.0,0.0,0.0,0.0,0.012,0.032,0.026,-0.0216430775522544,0.003,34.918,0.027357,0.025989,GHA,2026-06-27 23:00,79.36,0.0,0.0,0.0,0.0,0.012,0.043,0.029,-0.0191897270811592,0.003,34.918,0.04381,0.039429,0.075621,37201,588,3000000,GK,False,,3.0,0.069,0.503125,0.8897765624999998,0.069,0.146086,0.45,True,1.35,dominik kotarski,cro,GK,dominik kotarski|cro|GK,dominik kotarski|cro,dominik kotarski|cro,,,,,,,,,,,,,,,,,
mathew_ryan__aus,Mathew Ryan,AUS,Australien,GK,3000000,3000000,0.763,transfermarkt_availability_split_2026_06_01,0.069364,0.425851,0.425851,49526,Australien,3000000,True,True,name_team_position,1.0,0.001,0.0,0.0,TUR,2026-06-14 06:00,79.409,0.0,0.0,0.0,0.0,0.012,0.011,0.028,-0.0212438378910068,0.005,36.226,0.010756,0.010756,USA,2026-06-19 21:00,79.409,0.0,0.0,0.0,0.0,0.012,0.028,0.025,-0.0236076249046774,0.005,36.226,0.022392,0.021273,PAR,2026-06-26 04:00,79.409,0.0,0.0,0.0,0.0,0.012,0.031,0.026,-0.0230396635299642,0.005,36.226,0.02696,0.024264,0.060108,32318,763,3000000,GK,False,,3.0,0.056,0.503125,0.8897765624999998,0.056,0.136336,0.45,True,1.35,mathew ryan,aus,GK,mathew ryan|aus|GK,mathew ryan|aus,mathew ryan|aus,,,,,,,,,,,,,,,,,
anthony_mandrea__alg,Anthony Mandrea,ALG,Algeriet,GK,3000000,3000000,0.5826,transfermarkt_availability_split_2026_06_01,0.052964,0.422107,0.422107,48845,Algeriet,3000000,True,True,name_team_position,1.0,0.0,0.0,0.0,ARG,2026-06-17 03:00,79.36,0.0,0.0,0.0,0.0,0.012,-0.004,0.025,-0.0233123391887294,0.004,35.593,-0.010312,-0.010312,JOR,2026-06-23 05:00,79.36,0.0,0.0,0.0,0.0,0.012,0.035,0.027,-0.0214791377232546,0.004,35.593,0.032521,0.030895,AUT,2026-06-28 04:00,79.36,0.0,0.0,0.0,0.0,0.012,0.038,0.028,-0.0208940000351472,0.004,35.593,0.037106,0.033395,0.06032,50924,761,3000000,GK,False,,3.0,0.054,0.503125,0.8897765624999998,0.054,0.134836,0.45,True,1.35,anthony mandrea,alg,GK,anthony mandrea|alg|GK,anthony mandrea|alg,anthony mandrea|alg,,,,,,,,,,,,,,,,,
nikola_vasilj__bih,Nikola Vasilj,BIH,Bosnien-Hercegovina,GK,3000000,3000000,0.4836,transfermarkt_availability_split_2026_06_01,0.043964,0.416014,0.416014,49657,Bosnien-Hercegovina,3000000,True,True,name_team_position,1.0,0.001,0.0,0.0,CAN,2026-06-12 21:00,79.819,0.0,0.0,0.0,0.0,0.01,0.019,0.021,-0.0195469035057384,-0.004,30.331,0.006453,0.006453,SUI,2026-06-18 21:00,79.819,0.0,0.0,0.0,0.0,0.01,0.024,0.021,-0.0196937141246686,-0.004,30.331,0.011306,0.010741,QAT,2026-06-24 21:00,79.819,0.0,0.0,0.0,0.0,0.01,0.035,0.024,-0.0171707608512724,-0.004,30.331,0.027829,0.025046,0.044597,45802,882,3000000,GK,False,,3.0,0.042,0.503125,0.8897765624999998,0.042,0.125836,0.45,True,1.35,nikola vasilj,bih,GK,nikola vasilj|bih|GK,nikola vasilj|bih,nikola vasilj|bih,,,,,,,,,,,,,,,,,
alexander_bernhardsson__swe,Alexander Bernhardsson,SWE,Sverige,MID,2000000,2000000,0.6928,transfermarkt_availability_split_2026_06_01,0.062982,0.415334,0.415334,48780,Sverige,2000000,True,True,name_team_position,1.0,0.033,0.057,0.028,TUN,2026-06-15 04:00,70.536,0.032978,0.036573,0.02,0.0,0.032,0.041,0.021,-0.0151998172467268,-0.005,26.55,0.304409,0.304409,NED,2026-06-20 19:00,70.536,0.010688,0.015168,0.016,0.0,0.032,0.021,0.019,-0.0173207094661135,-0.005,26.55,0.100623,0.095592,JPN,2026-06-26 01:00,70.536,0.014682,0.019341,0.017,0.0,0.032,0.022,0.019,-0.0169590419464965,-0.005,26.55,0.135474,0.121927,0.540506,39200,598,2000000,MID,False,,2.0,0.556,0.106060606060606,0.30366,0.556,0.462405,0.45,True,1.35,alexander bernhardsson,swe,MID,alexander bernhardsson|swe|MID,alexander bernhardsson|swe,alexander bernhardsson|swe,,,,,,,,,,,,,,,,,
nizar_al_rashdan__jor,Nizar Al-Rashdan,JOR,Jordan,MID,2000000,2000000,0.8165,transfermarkt_availability_split_2026_06_01,0.074227,0.414926,0.414926,49661,Jordan,2000000,True,True,name_team_position,1.0,0.051,0.053,0.029,AUT,2026-06-17 06:00,70.823,0.0225,0.01856,0.022,0.0,0.048,-0.002,0.026,-0.0257919774079823,0.016,38.875,0.156388,0.156388,ALG,2026-06-23 05:00,70.823,0.028125,0.024059,0.028,0.0,0.048,0.038,0.029,-0.023547861739156,0.016,38.875,0.252254,0.239641,ARG,2026-06-28 04:00,70.823,0.026437,0.02176,0.026,0.0,0.048,0.035,0.028,-0.0244245783037806,0.016,38.875,0.23004,0.207036,0.638682,49549,1123,2000000,MID,False,,2.0,0.985,0.106060606060606,0.30366,0.985,0.784155,0.45,True,1.35,nizar al rashdan,jor,MID,nizar al rashdan|jor|MID,nizar al rashdan|jor,al nizar rashdan|jor,,,,,,,,,,,,,,,,,
umar_eshmurodov__uzb,Umar Eshmurodov,UZB,Usbekistan,DEF,2500000,2500000,0.7074,transfermarkt_availability_split_2026_06_01,0.064309,0.408843,0.408843,49918,Usbekistan,2500000,True,True,name_team_position,1.0,0.01,0.017,0.004,COL,2026-06-18 04:00,75.019,0.00675,0.00832,0.005,0.0,0.055,-0.005,0.038,-0.0302002001254643,0.03,49.787,0.04826,0.04826,POR,2026-06-23 19:00,75.019,0.005063,0.00704,0.004,0.0,0.055,0.034,0.033,-0.0333200713579147,0.03,49.787,0.064178,0.060969,COD,2026-06-28 01:30,75.019,0.009432,0.011511,0.004,0.0,0.055,0.04,0.035,-0.0320607688529441,0.03,49.787,0.113064,0.101758,0.226234,49779,1122,2500000,DEF,False,,2.5,0.292,0.4372037914691943,0.8961978199052141,0.292,0.344057,0.45,True,1.35,umar eshmurodov,uzb,DEF,umar eshmurodov|uzb|DEF,umar eshmurodov|uzb,eshmurodov umar|uzb,,,,,,,,,,,,,,,,,
samet_akaydin__tur,Samet Akaydin,TUR,Tyrkiet,DEF,2500000,2500000,0.476,transfermarkt_availability_split_2026_06_01,0.043273,0.403289,0.403289,49818,Tyrkiet,2500000,True,True,name_team_position,1.0,,,,AUS,2026-06-14 06:00,,,,,,,,,,,,0.14426,0.14426,PAR,2026-06-20 06:00,,,,,,,,,,,,0.14286,0.135717,USA,2026-06-26 04:00,,,,,,,,,,,,0.137013,0.123312,,45714,586,2500000,DEF,False,,2.5,0.0,0.4372037914691943,0.8961978199052141,0.0,0.125057,0.45,True,1.35,samet akaydin,tur,DEF,samet akaydin|tur|DEF,samet akaydin|tur,akaydin samet|tur,distributed_from_existing_optimizer_ev,,0.5184,0.411,1.2113,1.1509,1.1204,0.4216,0.375,1.102,1.0729,1.0718,0.3572,0.2766,0.9901,0.9929,0.9389
ozan_kabak__tur,Ozan Kabak,TUR,Tyrkiet,DEF,2500000,2500000,0.699,transfermarkt_availability_split_2026_06_01,0.063545,0.403289,0.403289,49701,Tyrkiet,2500000,True,True,name_team_position,1.0,,,,AUS,2026-06-14 06:00,,,,,,,,,,,,0.14426,0.14426,PAR,2026-06-20 06:00,,,,,,,,,,,,0.14286,0.135717,USA,2026-06-26 04:00,,,,,,,,,,,,0.137013,0.123312,,36953,586,2500000,DEF,False,,2.5,0.0,0.4372037914691943,0.8961978199052141,0.0,0.125057,0.45,True,1.35,ozan kabak,tur,DEF,ozan kabak|tur|DEF,ozan kabak|tur,kabak ozan|tur,distributed_from_existing_optimizer_ev,,0.5184,0.411,1.2113,1.1509,1.1204,0.4216,0.375,1.102,1.0729,1.0718,0.3572,0.2766,0.9901,0.9929,0.9389
aziz_behich__aus,Aziz Behich,AUS,Australien,DEF,2500000,2500000,0.7021,transfermarkt_availability_split_2026_06_01,0.063827,0.403289,0.403289,48881,Australien,2500000,True,True,name_team_position,1.0,,,,TUR,2026-06-14 06:00,,,,,,,,,,,,0.131288,0.131288,USA,2026-06-19 21:00,,,,,,,,,,,,0.137459,0.130586,PAR,2026-06-26 04:00,,,,,,,,,,,,0.157127,0.141415,,36301,763,2500000,DEF,False,,2.5,0.0,0.4372037914691943,0.8961978199052141,0.0,0.125057,0.45,True,1.35,aziz behich,aus,DEF,aziz behich|aus|DEF,aziz behich|aus,aziz behich|aus,distributed_from_existing_optimizer_ev,,0.2165,0.2077,0.7887,0.8491,0.846,0.2058,0.2077,0.7627,0.8305,0.846,0.2718,0.2678,0.8857,0.9183,0.927
danilo_luiz_da_silva__bra,Danilo Luiz da Silva,BRA,Brasilien,DEF,2500000,2500000,0.6378,transfermarkt_availability_split_2026_06_01,0.057982,0.403289,0.403289,48987,Brasilien,2500000,True,True,name_team_position,1.0,,,,MAR,2026-06-14 00:00,,,,,,,,,,,,0.123262,0.123262,HAI,2026-06-20 03:00,,,,,,,,,,,,0.158269,0.150355,SCO,2026-06-25 00:00,,,,,,,,,,,,0.14408,0.129672,,30557,764,2500000,DEF,False,,2.5,0.0,0.4372037914691943,0.8961978199052141,0.0,0.125057,0.45,True,1.35,danilo luiz da silva,bra,DEF,danilo luiz da silva|bra|DEF,danilo luiz da silva|bra,da danilo luiz silva|bra,distributed_from_existing_optimizer_ev,,0.5861,0.4624,1.2885,1.2061,1.1897,0.8975,0.6453,1.35,1.25,1.4367,0.6691,0.5,1.35,1.25,1.2405
roger_ibanez__bra,Roger Ibanez,BRA,Brasilien,DEF,2500000,2500000,0.3862,transfermarkt_availability_split_2026_06_01,0.035109,0.403289,0.403289,49789,Brasilien,2500000,True,True,name_team_position,1.0,,,,MAR,2026-06-14 00:00,,,,,,,,,,,,0.123262,0.123262,HAI,2026-06-20 03:00,,,,,,,,,,,,0.158269,0.150355,SCO,2026-06-25 00:00,,,,,,,,,,,,0.14408,0.129672,,38855,764,2500000,DEF,False,,2.5,0.0,0.4372037914691943,0.8961978199052141,0.0,0.125057,0.45,True,1.35,roger ibanez,bra,DEF,roger ibanez|bra|DEF,roger ibanez|bra,ibanez roger|bra,distributed_from_existing_optimizer_ev,,0.5861,0.4624,1.2885,1.2061,1.1897,0.8975,0.6453,1.35,1.25,1.4367,0.6691,0.5,1.35,1.25,1.2405
jerome_opoku__gha,Jerome Opoku,GHA,Ghana,DEF,2500000,2500000,0.3969,transfermarkt_availability_split_2026_06_01,0.036082,0.403289,0.403289,49273,Ghana,2500000,True,True,name_team_position,1.0,,,,PAN,2026-06-18 01:00,,,,,,,,,,,,0.162422,0.162422,ENG,2026-06-23 22:00,,,,,,,,,,,,0.118368,0.112449,CRO,2026-06-27 23:00,,,,,,,,,,,,0.142686,0.128418,,40904,770,2500000,DEF,False,,2.5,0.0,0.4372037914691943,0.8961978199052141,0.0,0.125057,0.45,True,1.35,jerome opoku,gha,DEF,jerome opoku|gha|DEF,jerome opoku|gha,jerome opoku|gha,distributed_from_existing_optimizer_ev,,0.4649,0.375,1.135,1.0964,1.0718,0.1101,0.1192,0.75,0.8,0.7265,0.197,0.217,0.7558,0.8256,0.8585
hiroki_ito__jpn,Hiroki Ito,JPN,Japan,DEF,2500000,2500000,0.7462,transfermarkt_availability_split_2026_06_01,0.067836,0.403289,0.403289,49186,Japan,2500000,True,True,name_team_position,1.0,,,,NED,2026-06-14 22:00,,,,,,,,,,,,0.11522,0.11522,TUN,2026-06-21 06:00,,,,,,,,,,,,0.157238,0.149376,SWE,2026-06-26 01:00,,,,,,,,,,,,0.154103,0.138693,,40852,772,2500000,DEF,False,,2.5,0.0,0.4372037914691943,0.8961978199052141,0.0,0.125057,0.45,True,1.35,hiroki ito,jpn,DEF,hiroki ito|jpn|DEF,hiroki ito|jpn,hiroki ito|jpn,distributed_from_existing_optimizer_ev,,0.2697,0.217,0.8536,0.8954,0.8585,0.5127,0.4415,1.2148,1.1534,1.1615,0.4641,0.3547,1.1432,1.1023,1.0443
moon_hwan_kim__kor,Moon-Hwan Kim,KOR,Sydkorea,DEF,2500000,2500000,0.54,transfermarkt_availability_split_2026_06_01,0.049091,0.403289,0.403289,49605,Sydkorea,2500000,True,True,name_team_position,1.0,,,,CZE,2026-06-12 04:00,,,,,,,,,,,,0.135844,0.135844,MEX,2026-06-19 03:00,,,,,,,,,,,,0.125331,0.119064,RSA,2026-06-25 03:00,,,,,,,,,,,,0.164867,0.14838,,43356,774,2500000,DEF,False,,2.5,0.0,0.4372037914691943,0.8961978199052141,0.0,0.125057,0.45,True,1.35,moon hwan kim,kor,DEF,moon hwan kim|kor|DEF,moon hwan kim|kor,hwan kim moon|kor,distributed_from_existing_optimizer_ev,,0.36,0.3119,1.0088,1.0063,0.9866,0.203,0.2337,0.7719,0.8371,0.881,0.4411,0.3923,1.119,1.085,1.0951
yu_min_cho__kor,Yu-Min Cho,KOR,Sydkorea,DEF,2500000,2500000,0.4056,transfermarkt_availability_split_2026_06_01,0.036873,0.403289,0.403289,49981,Sydkorea,2500000,True,True,name_team_position,1.0,,,,CZE,2026-06-12 04:00,,,,,,,,,,,,0.135844,0.135844,MEX,2026-06-19 03:00,,,,,,,,,,,,0.125331,0.119064,RSA,2026-06-25 03:00,,,,,,,,,,,,0.164867,0.14838,,43358,774,2500000,DEF,False,,2.5,0.0,0.4372037914691943,0.8961978199052141,0.0,0.125057,0.45,True,1.35,yu min cho,kor,DEF,yu min cho|kor|DEF,yu min cho|kor,cho min yu|kor,distributed_from_existing_optimizer_ev,,0.36,0.3119,1.0088,1.0063,0.9866,0.203,0.2337,0.7719,0.8371,0.881,0.4411,0.3923,1.119,1.085,1.0951
tae_seok_lee__kor,Tae-Seok Lee,KOR,Sydkorea,DEF,2500000,2500000,0.775,transfermarkt_availability_split_2026_06_01,0.070455,0.403289,0.403289,49869,Sydkorea,2500000,True,True,name_team_position,1.0,,,,CZE,2026-06-12 04:00,,,,,,,,,,,,0.135844,0.135844,MEX,2026-06-19 03:00,,,,,,,,,,,,0.125331,0.119064,RSA,2026-06-25 03:00,,,,,,,,,,,,0.164867,0.14838,,49664,774,2500000,DEF,False,,2.5,0.0,0.4372037914691943,0.8961978199052141,0.0,0.125057,0.45,True,1.35,tae seok lee,kor,DEF,tae seok lee|kor|DEF,tae seok lee|kor,lee seok tae|kor,distributed_from_existing_optimizer_ev,,0.36,0.3119,1.0088,1.0063,0.9866,0.203,0.2337,0.7719,0.8371,0.881,0.4411,0.3923,1.119,1.085,1.0951
everardo_lopez__mex,Everardo Lopez,MEX,Mexico,DEF,2500000,2500000,0.5178,transfermarkt_availability_split_2026_06_01,0.047073,0.403289,0.403289,49082,Mexico,2500000,True,True,name_team_position,1.0,,,,RSA,2026-06-11 21:00,,,,,,,,,,,,0.144892,0.144892,KOR,2026-06-19 03:00,,,,,,,,,,,,0.138433,0.131512,CZE,2026-06-25 03:00,,,,,,,,,,,,0.140983,0.126885,,52194,775,2500000,DEF,False,,2.5,0.0,0.4372037914691943,0.8961978199052141,0.0,0.125057,0.45,True,1.35,everardo lopez,mex,DEF,everardo lopez|mex|DEF,everardo lopez|mex,everardo lopez|mex,distributed_from_existing_optimizer_ev,,0.6447,0.5376,1.35,1.25,1.2913,0.5288,0.4415,1.2281,1.1629,1.1615,0.4841,0.411,1.172,1.1228,1.1204
jorge_sanchez__mex,Jorge Sanchez,MEX,Mexico,DEF,2500000,2500000,0.6366,transfermarkt_availability_split_2026_06_01,0.057873,0.403289,0.403289,49322,Mexico,2500000,True,True,name_team_position,1.0,,,,RSA,2026-06-11 21:00,,,,,,,,,,,,0.144892,0.144892,KOR,2026-06-19 03:00,,,,,,,,,,,,0.138433,0.131512,CZE,2026-06-25 03:00,,,,,,,,,,,,0.140983,0.126885,,42858,775,2500000,DEF,False,,2.5,0.0,0.4372037914691943,0.8961978199052141,0.0,0.125057,0.45,True,1.35,jorge sanchez,mex,DEF,jorge sanchez|mex|DEF,jorge sanchez|mex,jorge sanchez|mex,distributed_from_existing_optimizer_ev,,0.6447,0.5376,1.35,1.25,1.2913,0.5288,0.4415,1.2281,1.1629,1.1615,0.4841,0.411,1.172,1.1228,1.1204
liberato_cacace__nzl,Liberato Cacace,NZL,New Zealand,DEF,2500000,2500000,0.8273,transfermarkt_availability_split_2026_06_01,0.075209,0.403289,0.403289,49441,New Zealand,2500000,True,True,name_team_position,1.0,,,,IRN,2026-06-16 03:00,,,,,,,,,,,,0.14484,0.14484,EGY,2026-06-22 03:00,,,,,,,,,,,,0.146167,0.138859,BEL,2026-06-27 05:00,,,,,,,,,,,,0.132878,0.11959,,41794,776,2500000,DEF,False,,2.5,0.0,0.4372037914691943,0.8961978199052141,0.0,0.125057,0.45,True,1.35,liberato cacace,nzl,DEF,liberato cacace|nzl|DEF,liberato cacace|nzl,cacace liberato|nzl,distributed_from_existing_optimizer_ev,,0.224,0.25,0.8018,0.8584,0.903,0.1926,0.217,0.75,0.8213,0.8585,0.0988,0.1063,0.75,0.8,0.7091
jose_hurtado__ecu,Jose Hurtado,ECU,Ecuador,DEF,2500000,2500000,0.25,holdet_official_unmatched_default,0.0227272727272727,0.403289,0.403289,49328,Ecuador,2500000,True,True,name_team_position,1.0,,,,CIV,2026-06-15 01:00,,,,,,,,,,,,0.136082,0.136082,CUW,2026-06-21 02:00,,,,,,,,,,,,0.173977,0.165278,GER,2026-06-25 22:00,,,,,,,,,,,,0.113254,0.101928,,52159,881,2500000,DEF,False,,2.5,0.0,0.4372037914691943,0.8961978199052141,0.0,0.125057,0.45,True,1.35,jose hurtado,ecu,DEF,jose hurtado|ecu|DEF,jose hurtado|ecu,hurtado jose|ecu,distributed_from_existing_optimizer_ev,,0.4138,0.4226,1.1056,1.0754,1.136,0.7371,0.5585,1.35,1.25,1.3195,0.1872,0.1717,0.75,0.8082,0.7973
sead_kolasinac__bih,Sead Kolasinac,BIH,Bosnien-Hercegovina,DEF,2500000,2500000,0.8213,transfermarkt_availability_split_2026_06_01,0.074664,0.403289,0.403289,49832,Bosnien-Hercegovina,2500000,True,True,name_team_position,1.0,,,,CAN,2026-06-12 21:00,,,,,,,,,,,,0.122694,0.122694,SUI,2026-06-18 21:00,,,,,,,,,,,,0.120972,0.114924,QAT,2026-06-24 21:00,,,,,,,,,,,,0.184079,0.165671,,29729,882,2500000,DEF,False,,2.5,0.0,0.4372037914691943,0.8961978199052141,0.0,0.125057,0.45,True,1.35,sead kolasinac,bih,DEF,sead kolasinac|bih|DEF,sead kolasinac|bih,kolasinac sead|bih,distributed_from_existing_optimizer_ev,,0.2242,0.2337,0.7917,0.8512,0.881,0.1691,0.1883,0.75,0.8,0.8198,0.5653,0.4624,1.2686,1.1919,1.1897
stjepan_radeljic__bih,Stjepan Radeljic,BIH,Bosnien-Hercegovina,DEF,2500000,2500000,0.3715,transfermarkt_availability_split_2026_06_01,0.033773,0.403289,0.403289,49865,Bosnien-Hercegovina,2500000,True,True,name_team_position,1.0,,,,CAN,2026-06-12 21:00,,,,,,,,,,,,0.122694,0.122694,SUI,2026-06-18 21:00,,,,,,,,,,,,0.120972,0.114924,QAT,2026-06-24 21:00,,,,,,,,,,,,0.184079,0.165671,,41308,882,2500000,DEF,False,,2.5,0.0,0.4372037914691943,0.8961978199052141,0.0,0.125057,0.45,True,1.35,stjepan radeljic,bih,DEF,stjepan radeljic|bih|DEF,stjepan radeljic|bih,radeljic stjepan|bih,distributed_from_existing_optimizer_ev,,0.2242,0.2337,0.7917,0.8512,0.881,0.1691,0.1883,0.75,0.8,0.8198,0.5653,0.4624,1.2686,1.1919,1.1897
hossein_kanaani__irn,Hossein Kanaani,IRN,Iran,DEF,2500000,2500000,0.7369,transfermarkt_availability_split_2026_06_01,0.066991,0.403289,0.403289,49190,Iran,2500000,True,True,name_team_position,1.0,,,,NZL,2026-06-16 03:00,,,,,,,,,,,,0.159601,0.159601,BEL,2026-06-21 21:00,,,,,,,,,,,,0.115772,0.109984,EGY,2026-06-27 05:00,,,,,,,,,,,,0.148561,0.133705,,43293,883,2500000,DEF,False,,2.5,0.0,0.4372037914691943,0.8961978199052141,0.0,0.125057,0.45,True,1.35,hossein kanaani,irn,DEF,hossein kanaani|irn|DEF,hossein kanaani|irn,hossein kanaani|irn,distributed_from_existing_optimizer_ev,,0.5072,0.411,1.1982,1.1416,1.1204,0.1282,0.1459,0.75,0.8,0.7624,0.28,0.2904,0.9113,0.9366,0.9576
brandon_mechele__bel,Brandon Mechele,BEL,Belgien,DEF,2500000,2500000,0.1771,transfermarkt_availability_split_2026_06_01,0.0161,0.403289,0.403289,48911,Belgien,2500000,True,True,name_team_position,1.0,,,,EGY,2026-06-15 21:00,,,,,,,,,,,,0.124344,0.124344,IRN,2026-06-21 21:00,,,,,,,,,,,,0.144558,0.13733,NZL,2026-06-27 05:00,,,,,,,,,,,,0.15735,0.141615,,34756,884,2500000,DEF,False,,2.5,0.0,0.4372037914691943,0.8961978199052141,0.0,0.125057,0.45,True,1.35,brandon mechele,bel,DEF,brandon mechele|bel|DEF,brandon mechele|bel,brandon mechele|bel,distributed_from_existing_optimizer_ev,,0.566,0.3923,1.2612,1.1865,1.0951,0.6655,0.5,1.35,1.25,1.2405,0.7346,0.5135,1.35,1.25,1.2588
joaquin_seys__bel,Joaquin Seys,BEL,Belgien,DEF,2500000,2500000,0.4562,transfermarkt_availability_split_2026_06_01,0.041473,0.403289,0.403289,49294,Belgien,2500000,True,True,name_team_position,1.0,,,,EGY,2026-06-15 21:00,,,,,,,,,,,,0.124344,0.124344,IRN,2026-06-21 21:00,,,,,,,,,,,,0.144558,0.13733,NZL,2026-06-27 05:00,,,,,,,,,,,,0.15735,0.141615,,46080,884,2500000,DEF,False,,2.5,0.0,0.4372037914691943,0.8961978199052141,0.0,0.125057,0.45,True,1.35,joaquin seys,bel,DEF,joaquin seys|bel|DEF,joaquin seys|bel,joaquin seys|bel,distributed_from_existing_optimizer_ev,,0.566,0.3923,1.2612,1.1865,1.0951,0.6655,0.5,1.35,1.25,1.2405,0.7346,0.5135,1.35,1.25,1.2588
hossam_abdelmaguid__egy,Hossam Abdelmaguid,EGY,Egypten,DEF,2500000,2500000,0.6055,transfermarkt_availability_split_2026_06_01,0.055045,0.403289,0.403289,49188,Egypten,2500000,True,True,name_team_position,1.0,,,,BEL,2026-06-15 21:00,,,,,,,,,,,,0.107432,0.107432,NZL,2026-06-22 03:00,,,,,,,,,,,,0.162441,0.154319,IRN,2026-06-27 05:00,,,,,,,,,,,,0.157265,0.141538,,49736,973,2500000,DEF,False,,2.5,0.0,0.4372037914691943,0.8961978199052141,0.0,0.125057,0.45,True,1.35,hossam abdelmaguid,egy,DEF,hossam abdelmaguid|egy|DEF,hossam abdelmaguid|egy,abdelmaguid hossam|egy,distributed_from_existing_optimizer_ev,,0.1929,0.1717,0.75,0.8135,0.7973,0.5501,0.4624,1.2503,1.1787,1.1897,0.4067,0.411,1.0887,1.0634,1.1204
andres_andrade__pan,Andres Andrade,PAN,Panama,DEF,2500000,2500000,0.7829,transfermarkt_availability_split_2026_06_01,0.071173,0.403289,0.403289,48830,Panama,2500000,True,True,name_team_position,1.0,,,,GHA,2026-06-18 01:00,,,,,,,,,,,,0.150432,0.150432,CRO,2026-06-24 01:00,,,,,,,,,,,,0.139534,0.132557,ENG,2026-06-27 23:00,,,,,,,,,,,,0.133667,0.1203,,41364,971,2500000,DEF,False,,2.5,0.0,0.4372037914691943,0.8961978199052141,0.0,0.125057,0.45,True,1.35,andres andrade,pan,DEF,andres andrade|pan|DEF,andres andrade|pan,andrade andres|pan,distributed_from_existing_optimizer_ev,,0.2721,0.25,0.865,0.9036,0.903,0.1487,0.1717,0.75,0.8,0.7973,0.0833,0.1063,0.75,0.8,0.7091
mohamed_abdelmonem__egy,Mohamed Abdelmonem,EGY,Egypten,DEF,2500000,2500000,0.8455,transfermarkt_availability_split_2026_06_01,0.076864,0.403289,0.403289,49571,Egypten,2500000,True,True,name_team_position,1.0,,,,BEL,2026-06-15 21:00,,,,,,,,,,,,0.107432,0.107432,NZL,2026-06-22 03:00,,,,,,,,,,,,0.162441,0.154319,IRN,2026-06-27 05:00,,,,,,,,,,,,0.157265,0.141538,,36332,973,2500000,DEF,False,,2.5,0.0,0.4372037914691943,0.8961978199052141,0.0,0.125057,0.45,True,1.35,mohamed abdelmonem,egy,DEF,mohamed abdelmonem|egy|DEF,mohamed abdelmonem|egy,abdelmonem mohamed|egy,distributed_from_existing_optimizer_ev,,0.1929,0.1717,0.75,0.8135,0.7973,0.5501,0.4624,1.2503,1.1787,1.1897,0.4067,0.411,1.0887,1.0634,1.1204
ahmed_fatouh__egy,Ahmed Fatouh,EGY,Egypten,DEF,2500000,2500000,0.6536,transfermarkt_availability_split_2026_06_01,0.059418,0.403289,0.403289,48746,Egypten,2500000,True,True,name_team_position,1.0,,,,BEL,2026-06-15 21:00,,,,,,,,,,,,0.107432,0.107432,NZL,2026-06-22 03:00,,,,,,,,,,,,0.162441,0.154319,IRN,2026-06-27 05:00,,,,,,,,,,,,0.157265,0.141538,,52168,973,2500000,DEF,False,,2.5,0.0,0.4372037914691943,0.8961978199052141,0.0,0.125057,0.45,True,1.35,ahmed fatouh,egy,DEF,ahmed fatouh|egy|DEF,ahmed fatouh|egy,ahmed fatouh|egy,distributed_from_existing_optimizer_ev,,0.1929,0.1717,0.75,0.8135,0.7973,0.5501,0.4624,1.2503,1.1787,1.1897,0.4067,0.411,1.0887,1.0634,1.1204
abdelhamid_ait_boudlal__mar,Abdelhamid Ait Boudlal,MAR,Marokko,DEF,2500000,2500000,0.8488,transfermarkt_availability_split_2026_06_01,0.077164,0.403289,0.403289,48718,Marokko,2500000,True,True,name_team_position,1.0,,,,BRA,2026-06-14 00:00,,,,,,,,,,,,0.102728,0.102728,SCO,2026-06-20 00:00,,,,,,,,,,,,0.144478,0.137254,HAI,2026-06-25 00:00,,,,,,,,,,,,0.181452,0.163307,,52208,974,2500000,DEF,False,,2.5,0.0,0.4372037914691943,0.8961978199052141,0.0,0.125057,0.45,True,1.35,abdelhamid ait boudlal,mar,DEF,abdelhamid ait boudlal|mar|DEF,abdelhamid ait boudlal|mar,abdelhamid ait boudlal|mar,distributed_from_existing_optimizer_ev,,0.174,0.1883,0.75,0.8,0.8198,0.4539,0.411,1.1441,1.103,1.1204,0.699,0.5585,1.35,1.25,1.3195
mohamed_amine_ben_hamida__tun,Mohamed Amine Ben Hamida,TUN,Tunesien,DEF,2500000,2500000,0.5912,transfermarkt_availability_split_2026_06_01,0.053745,0.403289,0.403289,49575,Tunesien,2500000,True,True,name_team_position,1.0,,,,SWE,2026-06-15 04:00,,,,,,,,,,,,0.140153,0.140153,JPN,2026-06-21 06:00,,,,,,,,,,,,0.143568,0.136389,NED,2026-06-26 01:00,,,,,,,,,,,,0.14083,0.126747,,52236,976,2500000,DEF,False,,2.5,0.0,0.4372037914691943,0.8961978199052141,0.0,0.125057,0.45,True,1.35,mohamed amine ben hamida,tun,DEF,mohamed amine ben hamida|tun|DEF,mohamed amine ben hamida|tun,amine ben hamida mohamed|tun,distributed_from_existing_optimizer_ev,,0.2351,0.25,0.8278,0.877,0.903,0.2059,0.2337,0.7852,0.8466,0.881,0.1645,0.1717,0.75,0.8,0.7973
nawaf_al_boushal__ksa,Nawaf Al-Boushal,KSA,Saudi-Arabien,DEF,2500000,2500000,0.7414,transfermarkt_availability_split_2026_06_01,0.0674,0.403289,0.403289,49632,Saudi-Arabien,2500000,True,True,name_team_position,1.0,,,,URU,2026-06-16 00:00,,,,,,,,,,,,0.128831,0.128831,ESP,2026-06-21 18:00,,,,,,,,,,,,0.11742,0.111549,CPV,2026-06-27 02:00,,,,,,,,,,,,0.18101,0.162909,,49630,977,2500000,DEF,False,,2.5,0.0,0.4372037914691943,0.8961978199052141,0.0,0.125057,0.45,True,1.35,nawaf al boushal,ksa,DEF,nawaf al boushal|ksa|DEF,nawaf al boushal|ksa,al boushal nawaf|ksa,distributed_from_existing_optimizer_ev,,0.1516,0.1573,0.75,0.8,0.7779,0.0405,0.0741,0.75,0.8,0.6655,0.3865,0.3119,1.0319,1.0228,0.9866
pedro_ro_ro_miguel_correia__qat,Pedro 'Ro-Ro' Miguel Correia,QAT,Qatar,DEF,2500000,2500000,0.8455,transfermarkt_availability_split_2026_06_01,0.076864,0.403289,0.403289,49727,Qatar,2500000,True,True,name_team_position,1.0,,,,SUI,2026-06-13 21:00,,,,,,,,,,,,0.12697,0.12697,CAN,2026-06-19 00:00,,,,,,,,,,,,0.140551,0.133523,BIH,2026-06-24 21:00,,,,,,,,,,,,0.158662,0.142796,,38393,1009,2500000,DEF,False,,2.5,0.0,0.4372037914691943,0.8961978199052141,0.0,0.125057,0.45,True,1.35,pedro ro ro miguel correia,qat,DEF,pedro ro ro miguel correia|qat|DEF,pedro ro ro miguel correia|qat,correia miguel pedro ro ro|qat,distributed_from_existing_optimizer_ev,,0.1026,0.1063,0.75,0.8,0.7091,0.1262,0.1459,0.75,0.8,0.7624,0.1816,0.1883,0.75,0.8081,0.8198
lucas_mendes__qat,Lucas Mendes,QAT,Qatar,DEF,2500000,2500000,0.8649,transfermarkt_availability_split_2026_06_01,0.078627,0.403289,0.403289,49458,Qatar,2500000,True,True,name_team_position,1.0,,,,SUI,2026-06-13 21:00,,,,,,,,,,,,0.12697,0.12697,CAN,2026-06-19 00:00,,,,,,,,,,,,0.140551,0.133523,BIH,2026-06-24 21:00,,,,,,,,,,,,0.158662,0.142796,,31538,1009,2500000,DEF,False,,2.5,0.0,0.4372037914691943,0.8961978199052141,0.0,0.125057,0.45,True,1.35,lucas mendes,qat,DEF,lucas mendes|qat|DEF,lucas mendes|qat,lucas mendes|qat,distributed_from_existing_optimizer_ev,,0.1026,0.1063,0.75,0.8,0.7091,0.1262,0.1459,0.75,0.8,0.7624,0.1816,0.1883,0.75,0.8081,0.8198
homam_al_amin__qat,Homam Al-Amin,QAT,Qatar,DEF,2500000,2500000,0.7957,transfermarkt_availability_split_2026_06_01,0.072336,0.403289,0.403289,49187,Qatar,2500000,True,True,name_team_position,1.0,,,,SUI,2026-06-13 21:00,,,,,,,,,,,,0.12697,0.12697,CAN,2026-06-19 00:00,,,,,,,,,,,,0.140551,0.133523,BIH,2026-06-24 21:00,,,,,,,,,,,,0.158662,0.142796,,43156,1009,2500000,DEF,False,,2.5,0.0,0.4372037914691943,0.8961978199052141,0.0,0.125057,0.45,True,1.35,homam al amin,qat,DEF,homam al amin|qat|DEF,homam al amin|qat,al amin homam|qat,distributed_from_existing_optimizer_ev,,0.1026,0.1063,0.75,0.8,0.7091,0.1262,0.1459,0.75,0.8,0.7624,0.1816,0.1883,0.75,0.8081,0.8198
ayoub_al_oui__qat,Ayoub Al-Oui,QAT,Qatar,DEF,2500000,2500000,0.794,transfermarkt_availability_split_2026_06_01,0.072182,0.403289,0.403289,48878,Qatar,2500000,True,True,name_team_position,1.0,,,,SUI,2026-06-13 21:00,,,,,,,,,,,,0.12697,0.12697,CAN,2026-06-19 00:00,,,,,,,,,,,,0.140551,0.133523,BIH,2026-06-24 21:00,,,,,,,,,,,,0.158662,0.142796,,49619,1009,2500000,DEF,False,,2.5,0.0,0.4372037914691943,0.8961978199052141,0.0,0.125057,0.45,True,1.35,ayoub al oui,qat,DEF,ayoub al oui|qat|DEF,ayoub al oui|qat,al ayoub oui|qat,distributed_from_existing_optimizer_ev,,0.1026,0.1063,0.75,0.8,0.7091,0.1262,0.1459,0.75,0.8,0.7624,0.1816,0.1883,0.75,0.8081,0.8198
kieran_tierney__sco,Kieran Tierney,SCO,Skotland,DEF,2500000,2500000,0.8139,transfermarkt_availability_split_2026_06_01,0.073991,0.403289,0.403289,49401,Skotland,2500000,True,True,name_team_position,1.0,,,,HAI,2026-06-14 03:00,,,,,,,,,,,,0.172269,0.172269,MAR,2026-06-20 00:00,,,,,,,,,,,,0.131185,0.124625,BRA,2026-06-25 00:00,,,,,,,,,,,,0.118216,0.106394,,34825,1022,2500000,DEF,False,,2.5,0.0,0.4372037914691943,0.8961978199052141,0.0,0.125057,0.45,True,1.35,kieran tierney,sco,DEF,kieran tierney|sco|DEF,kieran tierney|sco,kieran tierney|sco,distributed_from_existing_optimizer_ev,,0.6612,0.4865,1.35,1.25,1.2223,0.248,0.25,0.8559,0.8971,0.903,0.1289,0.1358,0.75,0.8,0.7489
farrukh_sayfiev__uzb,Farrukh Sayfiev,UZB,Usbekistan,DEF,2500000,2500000,0.6101,transfermarkt_availability_split_2026_06_01,0.055464,0.403289,0.403289,49095,Usbekistan,2500000,True,True,name_team_position,1.0,,,,COL,2026-06-18 04:00,,,,,,,,,,,,0.126444,0.126444,POR,2026-06-23 19:00,,,,,,,,,,,,0.123988,0.117789,COD,2026-06-28 01:30,,,,,,,,,,,,0.17673,0.159057,,49783,1122,2500000,DEF,False,,2.5,0.0,0.4372037914691943,0.8961978199052141,0.0,0.125057,0.45,True,1.35,farrukh sayfiev,uzb,DEF,farrukh sayfiev|uzb|DEF,farrukh sayfiev|uzb,farrukh sayfiev|uzb,distributed_from_existing_optimizer_ev,,0.121,0.1573,0.75,0.8,0.7779,0.0975,0.096,0.75,0.8,0.6951,0.3358,0.3119,0.9712,0.9794,0.9866
khozhiakbar_alizhonov__uzb,Khozhiakbar Alizhonov,UZB,Usbekistan,DEF,2500000,2500000,0.7733,transfermarkt_availability_split_2026_06_01,0.0703,0.403289,0.403289,49398,Usbekistan,2500000,True,True,name_team_position,1.0,,,,COL,2026-06-18 04:00,,,,,,,,,,,,0.126444,0.126444,POR,2026-06-23 19:00,,,,,,,,,,,,0.123988,0.117789,COD,2026-06-28 01:30,,,,,,,,,,,,0.17673,0.159057,,49784,1122,2500000,DEF,False,,2.5,0.0,0.4372037914691943,0.8961978199052141,0.0,0.125057,0.45,True,1.35,khozhiakbar alizhonov,uzb,DEF,khozhiakbar alizhonov|uzb|DEF,khozhiakbar alizhonov|uzb,alizhonov khozhiakbar|uzb,distributed_from_existing_optimizer_ev,,0.121,0.1573,0.75,0.8,0.7779,0.0975,0.096,0.75,0.8,0.6951,0.3358,0.3119,0.9712,0.9794,0.9866
jakhongir_urozov__uzb,Jakhongir Urozov,UZB,Usbekistan,DEF,2500000,2500000,0.4417,transfermarkt_availability_split_2026_06_01,0.040155,0.403289,0.403289,49245,Usbekistan,2500000,True,True,name_team_position,1.0,,,,COL,2026-06-18 04:00,,,,,,,,,,,,0.126444,0.126444,POR,2026-06-23 19:00,,,,,,,,,,,,0.123988,0.117789,COD,2026-06-28 01:30,,,,,,,,,,,,0.17673,0.159057,,52111,1122,2500000,DEF,False,,2.5,0.0,0.4372037914691943,0.8961978199052141,0.0,0.125057,0.45,True,1.35,jakhongir urozov,uzb,DEF,jakhongir urozov|uzb|DEF,jakhongir urozov|uzb,jakhongir urozov|uzb,distributed_from_existing_optimizer_ev,,0.121,0.1573,0.75,0.8,0.7779,0.0975,0.096,0.75,0.8,0.6951,0.3358,0.3119,0.9712,0.9794,0.9866
mukhammadkodir_khamraliev__uzb,Mukhammadkodir Khamraliev,UZB,Usbekistan,DEF,2500000,2500000,0.3092,transfermarkt_availability_split_2026_06_01,0.028109,0.403289,0.403289,49615,Usbekistan,2500000,True,True,name_team_position,1.0,,,,COL,2026-06-18 04:00,,,,,,,,,,,,0.126444,0.126444,POR,2026-06-23 19:00,,,,,,,,,,,,0.123988,0.117789,COD,2026-06-28 01:30,,,,,,,,,,,,0.17673,0.159057,,52116,1122,2500000,DEF,False,,2.5,0.0,0.4372037914691943,0.8961978199052141,0.0,0.125057,0.45,True,1.35,mukhammadkodir khamraliev,uzb,DEF,mukhammadkodir khamraliev|uzb|DEF,mukhammadkodir khamraliev|uzb,khamraliev mukhammadkodir|uzb,distributed_from_existing_optimizer_ev,,0.121,0.1573,0.75,0.8,0.7779,0.0975,0.096,0.75,0.8,0.6951,0.3358,0.3119,0.9712,0.9794,0.9866
ahmad_assaf__jor,Ahmad Assaf,JOR,Jordan,DEF,2500000,2500000,0.5422,transfermarkt_availability_split_2026_06_01,0.049291,0.403289,0.403289,48742,Jordan,2500000,True,True,name_team_position,1.0,,,,AUT,2026-06-17 06:00,,,,,,,,,,,,0.132329,0.132329,ALG,2026-06-23 05:00,,,,,,,,,,,,0.154236,0.146524,ARG,2026-06-28 04:00,,,,,,,,,,,,0.138262,0.124436,,52226,1123,2500000,DEF,False,,2.5,0.0,0.4372037914691943,0.8961978199052141,0.0,0.125057,0.45,True,1.35,ahmad assaf,jor,DEF,ahmad assaf|jor|DEF,ahmad assaf|jor,ahmad assaf|jor,distributed_from_existing_optimizer_ev,,0.1177,0.1192,0.75,0.8,0.7265,0.192,0.1883,0.75,0.8175,0.8198,0.0659,0.0871,0.75,0.8,0.6832
joao_paulo__cpv,Joao Paulo,CPV,Kap Verde,DEF,2500000,2500000,0.25,holdet_official_unmatched_default,0.0227272727272727,0.403289,0.403289,49291,Kap Verde,2500000,True,True,name_team_position,1.0,,,,ESP,2026-06-15 18:00,,,,,,,,,,,,0.10987,0.10987,URU,2026-06-22 00:00,,,,,,,,,,,,0.135789,0.129,KSA,2026-06-27 02:00,,,,,,,,,,,,0.182688,0.164419,,49720,1125,2500000,DEF,False,,2.5,0.0,0.4372037914691943,0.8961978199052141,0.0,0.125057,0.45,True,1.35,joao paulo,cpv,DEF,joao paulo|cpv|DEF,joao paulo|cpv,joao paulo|cpv,distributed_from_existing_optimizer_ev,,0.0376,0.0509,0.75,0.8,0.6343,0.1342,0.1573,0.75,0.8,0.7779,0.3409,0.3373,0.9681,0.9772,1.021
stopira__cpv,Stopira,CPV,Kap Verde,DEF,2500000,2500000,0.654,transfermarkt_availability_split_2026_06_01,0.059455,0.403289,0.403289,49866,Kap Verde,2500000,True,True,name_team_position,1.0,,,,ESP,2026-06-15 18:00,,,,,,,,,,,,0.10987,0.10987,URU,2026-06-22 00:00,,,,,,,,,,,,0.135789,0.129,KSA,2026-06-27 02:00,,,,,,,,,,,,0.182688,0.164419,,27623,1125,2500000,DEF,False,,2.5,0.0,0.4372037914691943,0.8961978199052141,0.0,0.125057,0.45,True,1.35,stopira,cpv,DEF,stopira|cpv|DEF,stopira|cpv,stopira|cpv,distributed_from_existing_optimizer_ev,,0.0376,0.0509,0.75,0.8,0.6343,0.1342,0.1573,0.75,0.8,0.7779,0.3409,0.3373,0.9681,0.9772,1.021
leo_ostigard__nor,Leo Østigård,NOR,Norge,DEF,2500000,2500000,0.7689,transfermarkt_availability_split_2026_06_01,0.0699,0.403289,0.403289,49430,Norge,2500000,True,True,name_team_position,1.0,,,,IRQ,2026-06-17 00:00,,,,,,,,,,,,0.166538,0.166538,SEN,2026-06-23 02:00,,,,,,,,,,,,0.137933,0.131037,FRA,2026-06-26 21:00,,,,,,,,,,,,0.117461,0.105715,,41649,1126,2500000,DEF,False,,2.5,0.0,0.4372037914691943,0.8961978199052141,0.0,0.125057,0.45,True,1.35,leo ostigard,nor,DEF,leo ostigard|nor|DEF,leo ostigard|nor,leo ostigard|nor,distributed_from_existing_optimizer_ev,,0.7579,0.5585,1.35,1.25,1.3195,0.4575,0.3373,1.1364,1.0974,1.021,0.1969,0.2077,0.7527,0.8234,0.846
torbjorn_heggem__nor,Torbjørn Heggem,NOR,Norge,DEF,2500000,2500000,0.7262,transfermarkt_availability_split_2026_06_01,0.066018,0.403289,0.403289,49908,Norge,2500000,True,True,name_team_position,1.0,,,,IRQ,2026-06-17 00:00,,,,,,,,,,,,0.166538,0.166538,SEN,2026-06-23 02:00,,,,,,,,,,,,0.137933,0.131037,FRA,2026-06-26 21:00,,,,,,,,,,,,0.117461,0.105715,,43554,1126,2500000,DEF,False,,2.5,0.0,0.4372037914691943,0.8961978199052141,0.0,0.125057,0.45,True,1.35,torbjorn heggem,nor,DEF,torbjorn heggem|nor|DEF,torbjorn heggem|nor,heggem torbjorn|nor,distributed_from_existing_optimizer_ev,,0.7579,0.5585,1.35,1.25,1.3195,0.4575,0.3373,1.1364,1.0974,1.021,0.1969,0.2077,0.7527,0.8234,0.846
hannes_delcroix__hai,Hannes Delcroix,HAI,Haiti,DEF,2500000,2500000,0.7341,transfermarkt_availability_split_2026_06_01,0.066736,0.403289,0.403289,49168,Haiti,2500000,True,True,name_team_position,1.0,,,,SCO,2026-06-14 03:00,,,,,,,,,,,,0.145826,0.145826,BRA,2026-06-20 03:00,,,,,,,,,,,,0.128679,0.122245,MAR,2026-06-25 00:00,,,,,,,,,,,,0.150242,0.135218,,35654,1129,2500000,DEF,False,,2.5,0.0,0.4372037914691943,0.8961978199052141,0.0,0.125057,0.45,True,1.35,hannes delcroix,hai,DEF,hannes delcroix|hai|DEF,hannes delcroix|hai,delcroix hannes|hai,distributed_from_existing_optimizer_ev,,0.1468,0.1573,0.75,0.8,0.7779,0.0315,0.0461,0.75,0.8,0.6278,0.1136,0.096,0.75,0.8,0.6951
duke_lacroix__hai,Duke Lacroix,HAI,Haiti,DEF,2500000,2500000,0.5318,transfermarkt_availability_split_2026_06_01,0.048345,0.403289,0.403289,49037,Haiti,2500000,True,True,name_team_position,1.0,,,,SCO,2026-06-14 03:00,,,,,,,,,,,,0.145826,0.145826,BRA,2026-06-20 03:00,,,,,,,,,,,,0.128679,0.122245,MAR,2026-06-25 00:00,,,,,,,,,,,,0.150242,0.135218,,51976,1129,2500000,DEF,False,,2.5,0.0,0.4372037914691943,0.8961978199052141,0.0,0.125057,0.45,True,1.35,duke lacroix,hai,DEF,duke lacroix|hai|DEF,duke lacroix|hai,duke lacroix|hai,distributed_from_existing_optimizer_ev,,0.1468,0.1573,0.75,0.8,0.7779,0.0315,0.0461,0.75,0.8,0.6278,0.1136,0.096,0.75,0.8,0.6951
dylan_batubinsika__cod,Dylan Batubinsika,COD,Congo DR,DEF,2500000,2500000,0.4142,transfermarkt_availability_split_2026_06_01,0.037655,0.403289,0.403289,49038,Congo DR,2500000,True,True,name_team_position,1.0,,,,POR,2026-06-17 19:00,,,,,,,,,,,,0.114877,0.114877,COL,2026-06-24 04:00,,,,,,,,,,,,0.134541,0.127814,UZB,2026-06-28 01:30,,,,,,,,,,,,0.178443,0.160598,,43128,1145,2500000,DEF,False,,2.5,0.0,0.4372037914691943,0.8961978199052141,0.0,0.125057,0.45,True,1.35,dylan batubinsika,cod,DEF,dylan batubinsika|cod|DEF,dylan batubinsika|cod,batubinsika dylan|cod,distributed_from_existing_optimizer_ev,,0.0992,0.096,0.75,0.8,0.6951,0.1381,0.1883,0.75,0.8,0.8198,0.377,0.3373,1.0288,1.0206,1.021
jeremy_ngakia__cod,Jeremy Ngakia,COD,Congo DR,DEF,2500000,2500000,0.0446,transfermarkt_availability_split_2026_06_01,0.004055,0.403289,0.403289,49272,Congo DR,2500000,True,True,name_team_position,1.0,,,,POR,2026-06-17 19:00,,,,,,,,,,,,0.114877,0.114877,COL,2026-06-24 04:00,,,,,,,,,,,,0.134541,0.127814,UZB,2026-06-28 01:30,,,,,,,,,,,,0.178443,0.160598,,39180,1145,2500000,DEF,False,,2.5,0.0,0.4372037914691943,0.8961978199052141,0.0,0.125057,0.45,True,1.35,jeremy ngakia,cod,DEF,jeremy ngakia|cod|DEF,jeremy ngakia|cod,jeremy ngakia|cod,distributed_from_existing_optimizer_ev,,0.0992,0.096,0.75,0.8,0.6951,0.1381,0.1883,0.75,0.8,0.8198,0.377,0.3373,1.0288,1.0206,1.021
matthieu_epolo__cod,Matthieu Epolo,COD,Congo DR,GK,3000000,3000000,0.2074,transfermarkt_availability_split_2026_06_01,0.018855,0.400399,0.400399,49533,Congo DR,3000000,True,True,name_team_position,1.0,,,,POR,2026-06-17 19:00,,,,,,,,,,,,0.114053,0.114053,COL,2026-06-24 04:00,,,,,,,,,,,,0.133577,0.126898,UZB,2026-06-28 01:30,,,,,,,,,,,,0.177164,0.159448,,52136,1145,3000000,GK,False,,3.0,0.0,0.503125,0.8897765624999998,0.0,0.094336,0.45,True,1.35,matthieu epolo,cod,GK,matthieu epolo|cod|GK,matthieu epolo|cod,epolo matthieu|cod,distributed_from_existing_optimizer_ev,,0.0992,0.096,0.75,0.8,0.6951,0.1381,0.1883,0.75,0.8,0.8198,0.377,0.3373,1.0288,1.0206,1.021
liam_kelly__sco,Liam Kelly,SCO,Skotland,GK,3000000,3000000,0.45,transfermarkt_availability_split_2026_06_01,0.040909,0.400399,0.400399,49439,Skotland,3000000,True,True,name_team_position,1.0,,,,HAI,2026-06-14 03:00,,,,,,,,,,,,0.171035,0.171035,MAR,2026-06-20 00:00,,,,,,,,,,,,0.130245,0.123732,BRA,2026-06-25 00:00,,,,,,,,,,,,0.117369,0.105632,,45677,1022,3000000,GK,False,,3.0,0.0,0.503125,0.8897765624999998,0.0,0.094336,0.45,True,1.35,liam kelly,sco,GK,liam kelly|sco|GK,liam kelly|sco,kelly liam|sco,distributed_from_existing_optimizer_ev,,0.6612,0.4865,1.35,1.25,1.2223,0.248,0.25,0.8559,0.8971,0.903,0.1289,0.1358,0.75,0.8,0.7489
mory_diaw__sen,Mory Diaw,SEN,Senegal,GK,3000000,3000000,0.0883,transfermarkt_availability_split_2026_06_01,0.008027,0.400399,0.400399,49609,Senegal,3000000,True,True,name_team_position,1.0,,,,FRA,2026-06-16 21:00,,,,,,,,,,,,0.107888,0.107888,NOR,2026-06-23 02:00,,,,,,,,,,,,0.12896,0.122512,IRQ,2026-06-26 21:00,,,,,,,,,,,,0.188887,0.169998,,32772,975,3000000,GK,False,,3.0,0.0,0.503125,0.8897765624999998,0.0,0.094336,0.45,True,1.35,mory diaw,sen,GK,mory diaw|sen|GK,mory diaw|sen,diaw mory|sen,distributed_from_existing_optimizer_ev,,0.1393,0.1573,0.75,0.8,0.7779,0.2627,0.2337,0.8636,0.9026,0.881,0.6332,0.5,1.3397,1.2427,1.2405
yehvann_diouf__sen,Yehvann Diouf,SEN,Senegal,GK,3000000,3000000,0.0953,transfermarkt_availability_split_2026_06_01,0.008664,0.400399,0.400399,49967,Senegal,3000000,True,True,name_team_position,1.0,,,,FRA,2026-06-16 21:00,,,,,,,,,,,,0.107888,0.107888,NOR,2026-06-23 02:00,,,,,,,,,,,,0.12896,0.122512,IRQ,2026-06-26 21:00,,,,,,,,,,,,0.188887,0.169998,,49637,975,3000000,GK,False,,3.0,0.0,0.503125,0.8897765624999998,0.0,0.094336,0.45,True,1.35,yehvann diouf,sen,GK,yehvann diouf|sen|GK,yehvann diouf|sen,diouf yehvann|sen,distributed_from_existing_optimizer_ev,,0.1393,0.1573,0.75,0.8,0.7779,0.2627,0.2337,0.8636,0.9026,0.881,0.6332,0.5,1.3397,1.2427,1.2405
munir_el_kajoui__mar,Munir El Kajoui,MAR,Marokko,GK,3000000,3000000,0.3552,transfermarkt_availability_split_2026_06_01,0.032291,0.400399,0.400399,49617,Marokko,3000000,True,True,name_team_position,1.0,,,,BRA,2026-06-14 00:00,,,,,,,,,,,,0.101992,0.101992,SCO,2026-06-20 00:00,,,,,,,,,,,,0.143443,0.13627,HAI,2026-06-25 00:00,,,,,,,,,,,,0.180152,0.162137,,36348,974,3000000,GK,False,,3.0,0.0,0.503125,0.8897765624999998,0.0,0.094336,0.45,True,1.35,munir el kajoui,mar,GK,munir el kajoui|mar|GK,munir el kajoui|mar,el kajoui munir|mar,distributed_from_existing_optimizer_ev,,0.174,0.1883,0.75,0.8,0.8198,0.4539,0.411,1.1441,1.103,1.1204,0.699,0.5585,1.35,1.25,1.3195
el_mehdi_benabid__mar,El Mehdi Benabid,MAR,Marokko,GK,3000000,3000000,0.2064,transfermarkt_availability_split_2026_06_01,0.018764,0.400399,0.400399,49052,Marokko,3000000,True,True,name_team_position,1.0,,,,BRA,2026-06-14 00:00,,,,,,,,,,,,0.101992,0.101992,SCO,2026-06-20 00:00,,,,,,,,,,,,0.143443,0.13627,HAI,2026-06-25 00:00,,,,,,,,,,,,0.180152,0.162137,,52207,974,3000000,GK,False,,3.0,0.0,0.503125,0.8897765624999998,0.0,0.094336,0.45,True,1.35,el mehdi benabid,mar,GK,el mehdi benabid|mar|GK,el mehdi benabid|mar,benabid el mehdi|mar,distributed_from_existing_optimizer_ev,,0.174,0.1883,0.75,0.8,0.8198,0.4539,0.411,1.1441,1.103,1.1204,0.699,0.5585,1.35,1.25,1.3195
gonzalo_valle__ecu,Gonzalo Valle,ECU,Ecuador,GK,3000000,3000000,0.1985,transfermarkt_availability_split_2026_06_01,0.018045,0.400399,0.400399,49147,Ecuador,3000000,True,True,name_team_position,1.0,,,,CIV,2026-06-15 01:00,,,,,,,,,,,,0.135107,0.135107,CUW,2026-06-21 02:00,,,,,,,,,,,,0.172731,0.164094,GER,2026-06-25 22:00,,,,,,,,,,,,0.112442,0.101198,,52158,881,3000000,GK,False,,3.0,0.0,0.503125,0.8897765624999998,0.0,0.094336,0.45,True,1.35,gonzalo valle,ecu,GK,gonzalo valle|ecu|GK,gonzalo valle|ecu,gonzalo valle|ecu,distributed_from_existing_optimizer_ev,,0.4138,0.4226,1.1056,1.0754,1.136,0.7371,0.5585,1.35,1.25,1.3195,0.1872,0.1717,0.75,0.8082,0.7973
matt_turner__usa,Matt Turner,USA,USA,GK,3000000,3000000,0.6763,transfermarkt_availability_split_2026_06_01,0.061482,0.400399,0.400399,49532,USA,3000000,True,True,name_team_position,1.0,,,,PAR,2026-06-13 03:00,,,,,,,,,,,,0.137688,0.137688,AUS,2026-06-19 21:00,,,,,,,,,,,,0.149836,0.142344,TUR,2026-06-26 04:00,,,,,,,,,,,,0.13374,0.120366,,42624,784,3000000,GK,False,,3.0,0.0,0.503125,0.8897765624999998,0.0,0.094336,0.45,True,1.35,matt turner,usa,GK,matt turner|usa|GK,matt turner|usa,matt turner|usa,distributed_from_existing_optimizer_ev,,0.4761,0.411,1.1552,1.1109,1.1204,0.5448,0.4226,1.2373,1.1695,1.136,0.3714,0.2766,1.0099,1.0071,0.9389
roberto_gatito_fernandez__par,Roberto 'Gatito' Fernandez,PAR,Paraguay,GK,3000000,3000000,0.4081,transfermarkt_availability_split_2026_06_01,0.0371,0.400399,0.400399,49777,Paraguay,3000000,True,True,name_team_position,1.0,,,,USA,2026-06-13 03:00,,,,,,,,,,,,0.124556,0.124556,TUR,2026-06-20 06:00,,,,,,,,,,,,0.135178,0.128419,AUS,2026-06-26 04:00,,,,,,,,,,,,0.163804,0.147423,,38258,778,3000000,GK,False,,3.0,0.0,0.503125,0.8897765624999998,0.0,0.094336,0.45,True,1.35,roberto gatito fernandez,par,GK,roberto gatito fernandez|par|GK,roberto gatito fernandez|par,fernandez gatito roberto|par,distributed_from_existing_optimizer_ev,,0.2544,0.25,0.8448,0.8891,0.903,0.2759,0.2766,0.898,0.9272,0.9389,0.4351,0.375,1.1143,1.0817,1.0718
gaston_olveira__par,Gaston Olveira,PAR,Paraguay,GK,3000000,3000000,0.45,transfermarkt_availability_split_2026_06_01,0.040909,0.400399,0.400399,49130,Paraguay,3000000,True,True,name_team_position,1.0,,,,USA,2026-06-13 03:00,,,,,,,,,,,,0.124556,0.124556,TUR,2026-06-20 06:00,,,,,,,,,,,,0.135178,0.128419,AUS,2026-06-26 04:00,,,,,,,,,,,,0.163804,0.147423,,52269,778,3000000,GK,False,,3.0,0.0,0.503125,0.8897765624999998,0.0,0.094336,0.45,True,1.35,gaston olveira,par,GK,gaston olveira|par|GK,gaston olveira|par,gaston olveira|par,distributed_from_existing_optimizer_ev,,0.2544,0.25,0.8448,0.8891,0.903,0.2759,0.2766,0.898,0.9272,0.9389,0.4351,0.375,1.1143,1.0817,1.0718
guillermo_ochoa__mex,Guillermo Ochoa,MEX,Mexico,GK,3000000,3000000,0.5126,transfermarkt_availability_split_2026_06_01,0.0466,0.400399,0.400399,49155,Mexico,3000000,True,True,name_team_position,1.0,,,,RSA,2026-06-11 21:00,,,,,,,,,,,,0.143854,0.143854,KOR,2026-06-19 03:00,,,,,,,,,,,,0.137441,0.130569,CZE,2026-06-25 03:00,,,,,,,,,,,,0.139973,0.125976,,27043,775,3000000,GK,False,,3.0,0.0,0.503125,0.8897765624999998,0.0,0.094336,0.45,True,1.35,guillermo ochoa,mex,GK,guillermo ochoa|mex|GK,guillermo ochoa|mex,guillermo ochoa|mex,distributed_from_existing_optimizer_ev,,0.6447,0.5376,1.35,1.25,1.2913,0.5288,0.4415,1.2281,1.1629,1.1615,0.4841,0.411,1.172,1.1228,1.1204
benjamin_asare__gha,Benjamin Asare,GHA,Ghana,GK,3000000,3000000,0.7262,transfermarkt_availability_split_2026_06_01,0.066018,0.400399,0.400399,48894,Ghana,3000000,True,True,name_team_position,1.0,,,,PAN,2026-06-18 01:00,,,,,,,,,,,,0.161258,0.161258,ENG,2026-06-23 22:00,,,,,,,,,,,,0.117519,0.111643,CRO,2026-06-27 23:00,,,,,,,,,,,,0.141664,0.127498,,49752,770,3000000,GK,False,,3.0,0.0,0.503125,0.8897765624999998,0.0,0.094336,0.45,True,1.35,benjamin asare,gha,GK,benjamin asare|gha|GK,benjamin asare|gha,asare benjamin|gha,distributed_from_existing_optimizer_ev,,0.4649,0.375,1.135,1.0964,1.0718,0.1101,0.1192,0.75,0.8,0.7265,0.197,0.217,0.7558,0.8256,0.8585
alexis_guendouz__alg,Alexis Guendouz,ALG,Algeriet,GK,3000000,3000000,0.5733,transfermarkt_availability_split_2026_06_01,0.052118,0.400399,0.400399,48789,Algeriet,3000000,True,True,name_team_position,1.0,,,,ARG,2026-06-17 03:00,,,,,,,,,,,,0.109507,0.109507,JOR,2026-06-23 05:00,,,,,,,,,,,,0.169753,0.161265,AUT,2026-06-28 04:00,,,,,,,,,,,,0.14403,0.129627,,49699,761,3000000,GK,False,,3.0,0.0,0.503125,0.8897765624999998,0.0,0.094336,0.45,True,1.35,alexis guendouz,alg,GK,alexis guendouz|alg|GK,alexis guendouz|alg,alexis guendouz|alg,distributed_from_existing_optimizer_ev,,0.1295,0.1573,0.75,0.8,0.7779,0.5569,0.4226,1.2554,1.1825,1.136,0.269,0.2766,0.881,0.915,0.9389
altay_bayindir__tur,Altay Bayindir,TUR,Tyrkiet,GK,3000000,3000000,0.2022,transfermarkt_availability_split_2026_06_01,0.018382,0.400399,0.400399,48810,Tyrkiet,3000000,True,True,name_team_position,1.0,,,,AUS,2026-06-14 06:00,,,,,,,,,,,,0.143226,0.143226,PAR,2026-06-20 06:00,,,,,,,,,,,,0.141837,0.134745,USA,2026-06-26 04:00,,,,,,,,,,,,0.136031,0.122428,,40599,586,3000000,GK,False,,3.0,0.0,0.503125,0.8897765624999998,0.0,0.094336,0.45,True,1.35,altay bayindir,tur,GK,altay bayindir|tur|GK,altay bayindir|tur,altay bayindir|tur,distributed_from_existing_optimizer_ev,,0.5184,0.411,1.2113,1.1509,1.1204,0.4216,0.375,1.102,1.0729,1.0718,0.3572,0.2766,0.9901,0.9929,0.9389
muhammed_sengezer__tur,Muhammed Sengezer,TUR,Tyrkiet,GK,3000000,3000000,0.344,transfermarkt_availability_split_2026_06_01,0.031273,0.400399,0.400399,49614,Tyrkiet,3000000,True,True,name_team_position,1.0,,,,AUS,2026-06-14 06:00,,,,,,,,,,,,0.143226,0.143226,PAR,2026-06-20 06:00,,,,,,,,,,,,0.141837,0.134745,USA,2026-06-26 04:00,,,,,,,,,,,,0.136031,0.122428,,39965,586,3000000,GK,False,,3.0,0.0,0.503125,0.8897765624999998,0.0,0.094336,0.45,True,1.35,muhammed sengezer,tur,GK,muhammed sengezer|tur|GK,muhammed sengezer|tur,muhammed sengezer|tur,distributed_from_existing_optimizer_ev,,0.5184,0.411,1.2113,1.1509,1.1204,0.4216,0.375,1.102,1.0729,1.0718,0.3572,0.2766,0.9901,0.9929,0.9389
marvin_keller__sui,Marvin Keller,SUI,Schweiz,GK,3000000,3000000,0.2314,transfermarkt_availability_split_2026_06_01,0.021036,0.400399,0.400399,49520,Schweiz,3000000,True,True,name_team_position,1.0,,,,QAT,2026-06-13 21:00,,,,,,,,,,,,0.147838,0.147838,BIH,2026-06-18 21:00,,,,,,,,,,,,0.141001,0.133951,CAN,2026-06-24 21:00,,,,,,,,,,,,0.131788,0.118609,,45017,583,3000000,GK,False,,3.0,0.0,0.503125,0.8897765624999998,0.0,0.094336,0.45,True,1.35,marvin keller,sui,GK,marvin keller|sui|GK,marvin keller|sui,keller marvin|sui,distributed_from_existing_optimizer_ev,,0.7335,0.5585,1.35,1.25,1.3195,0.6013,0.4624,1.3025,1.2161,1.1897,0.4577,0.3547,1.1403,1.1002,1.0443
carl_starfelt__swe,Carl Starfelt,SWE,Sverige,DEF,2500000,2500000,0.4553,transfermarkt_availability_split_2026_06_01,0.041391,0.392925,0.392925,48932,Sverige,2500000,True,True,name_team_position,1.0,0.008,0.012,0.004,TUN,2026-06-15 04:00,74.409,0.004123,0.003783,0.001,0.0,0.014,0.019,0.01,-0.0071515067818036,-0.03,12.492,0.014935,0.014935,NED,2026-06-20 19:00,74.409,0.001125,0.001319,0.001,0.0,0.014,0.01,0.009,-0.0081493855618058,-0.03,12.492,-0.021442,-0.02037,JPN,2026-06-26 01:00,74.409,0.001469,0.001611,0.001,0.0,0.014,0.011,0.009,-0.0079792211659242,-0.03,12.492,-0.017332,-0.015599,0.0,31948,598,2500000,DEF,False,,2.5,-0.02,0.4372037914691943,0.8961978199052141,-0.02,0.110057,0.45,True,1.35,carl starfelt,swe,DEF,carl starfelt|swe|DEF,carl starfelt|swe,carl starfelt|swe,,,,,,,,,,,,,,,,,
marko_farji__irq,Marko Farji,IRQ,Irak,MID,2500000,2500000,0.5092,transfermarkt_availability_split_2026_06_01,0.046291,0.392333,0.392333,49505,Irak,2500000,True,True,name_team_position,1.0,0.019,0.027,0.016,NOR,2026-06-17 00:00,70.36,0.009562,0.01088,0.014,0.0,0.042,-0.003,0.027,-0.0205540618157583,0.009,34.575,0.064896,0.064896,FRA,2026-06-22 23:00,70.36,0.007312,0.00832,0.011,0.0,0.042,0.024,0.023,-0.0231696646550818,0.009,34.575,0.06335,0.060183,SEN,2026-06-26 21:00,70.36,0.007875,0.00896,0.012,0.0,0.042,0.026,0.024,-0.0226939234753221,0.009,34.575,0.072561,0.065305,0.201389,52213,947,2500000,MID,False,,2.5,0.329,0.3857808857808857,1.1045215384615383,0.329,0.411903,0.45,True,1.35,marko farji,irq,MID,marko farji|irq|MID,marko farji|irq,farji marko|irq,,,,,,,,,,,,,,,,,
aimar_sher__irq,Aimar Sher,IRQ,Irak,MID,2500000,2500000,0.6783,transfermarkt_availability_split_2026_06_01,0.061664,0.388033,0.388033,48753,Irak,2500000,True,True,name_team_position,1.0,0.019,0.027,0.015,NOR,2026-06-17 00:00,70.36,0.009562,0.01088,0.013,0.0,0.042,-0.003,0.027,-0.0205791583503319,0.009,34.617,0.063871,0.063871,FRA,2026-06-22 23:00,70.36,0.007312,0.00832,0.01,0.0,0.042,0.024,0.023,-0.0231979548439159,0.009,34.617,0.062322,0.059206,SEN,2026-06-26 21:00,70.36,0.007875,0.00896,0.011,0.0,0.042,0.026,0.024,-0.0227216327835948,0.009,34.617,0.071533,0.06438,0.197726,37519,947,2500000,MID,False,,2.5,0.327,0.3857808857808857,1.1045215384615383,0.327,0.410403,0.45,True,1.35,aimar sher,irq,MID,aimar sher|irq|MID,aimar sher|irq,aimar sher|irq,,,,,,,,,,,,,,,,,
arthur_masuaku__cod,Arthur Masuaku,COD,Congo DR,DEF,2500000,2500000,0.6914,transfermarkt_availability_split_2026_06_01,0.062855,0.383752,0.383752,48863,Congo DR,2500000,True,True,name_team_position,1.0,0.01,0.05,0.004,POR,2026-06-17 19:00,74.583,0.002812,0.01152,0.002,0.0,0.029,-0.006,0.018,-0.0175044702178457,-0.007,26.547,0.011928,0.011928,COL,2026-06-24 04:00,74.583,0.002812,0.01152,0.002,0.0,0.029,0.021,0.019,-0.0171856672842606,-0.007,26.547,0.040246,0.038234,UZB,2026-06-28 01:30,74.583,0.007409,0.024999,0.003,0.0,0.029,0.031,0.021,-0.0148291948507611,-0.007,26.547,0.123622,0.11126,0.175796,32777,1145,2500000,DEF,False,,2.5,0.222,0.4372037914691943,0.8961978199052141,0.222,0.291557,0.45,True,1.35,arthur masuaku,cod,DEF,arthur masuaku|cod|DEF,arthur masuaku|cod,arthur masuaku|cod,,,,,,,,,,,,,,,,,
johny_placide__hai,Johny Placide,HAI,Haiti,GK,2500000,2500000,0.7982,transfermarkt_availability_split_2026_06_01,0.072564,0.382613,0.382613,49309,Haiti,2500000,True,True,name_team_position,1.0,0.001,0.0,0.0,SCO,2026-06-14 03:00,80.665,0.0,0.0,0.0,0.063749,0.022,-0.0,0.05,-0.0400455164051792,0.049,66.549,0.215452,0.215452,BRA,2026-06-20 03:00,80.665,0.0,0.0,0.0,0.038327,0.022,0.044,0.043,-0.0448844700917128,0.049,66.549,0.176431,0.16761,MAR,2026-06-25 00:00,80.665,0.0,0.0,0.0,0.044347,0.022,0.046,0.044,-0.0443465958391887,0.049,66.549,0.196825,0.177143,0.58823,51967,1129,2500000,GK,False,,2.5,1.173,0.196875,0.3481734374999999,1.173,0.916664,0.45,True,1.35,johny placide,hai,GK,johny placide|hai|GK,johny placide|hai,johny placide|hai,,,,,,,,,,,,,,,,,
alessandro_circati__aus,Alessandro Circati,AUS,Australien,DEF,2500000,2500000,0.6894,transfermarkt_availability_split_2026_06_01,0.062673,0.381894,0.381894,48770,Australien,2500000,True,True,name_team_position,1.0,0.011,0.015,0.005,TUR,2026-06-14 06:00,74.819,0.006843,0.00721,0.005,0.0,0.046,0.012,0.032,-0.0241315238370384,0.016,41.15,0.057556,0.057556,USA,2026-06-19 21:00,74.819,0.005235,0.005518,0.004,0.0,0.046,0.032,0.029,-0.0268166216502834,0.016,41.15,0.056147,0.05334,PAR,2026-06-26 04:00,74.819,0.00706,0.00759,0.004,0.0,0.046,0.035,0.03,-0.0261714569901722,0.016,41.15,0.077959,0.070163,0.192364,45958,763,2500000,DEF,False,,2.5,0.26,0.4372037914691943,0.8961978199052141,0.26,0.320057,0.45,True,1.35,alessandro circati,aus,DEF,alessandro circati|aus|DEF,alessandro circati|aus,alessandro circati|aus,,,,,,,,,,,,,,,,,
igor_sergeev__uzb,Igor Sergeev,UZB,Usbekistan,FWD,2000000,2000000,0.7642,transfermarkt_availability_split_2026_06_01,0.069473,0.381014,0.381014,49213,Usbekistan,2000000,True,True,name_team_position,1.0,0.078,0.049,0.099,COL,2026-06-18 04:00,66.36,0.025313,0.01216,0.055,0.0,0.017,-0.002,0.017,-0.013467916633646,-0.01,22.203,0.167264,0.167264,POR,2026-06-23 19:00,66.36,0.019688,0.0096,0.044,0.0,0.017,0.015,0.015,-0.014859237402773,-0.01,22.203,0.139693,0.132708,COD,2026-06-28 01:30,66.36,0.036786,0.016307,0.048,0.0,0.017,0.018,0.016,-0.014297645721823,-0.01,22.203,0.236767,0.213091,0.543724,49796,1122,2000000,FWD,False,,2.0,0.697,0.086021505376344,0.2983587096774194,0.697,0.570748,0.45,True,1.35,igor sergeev,uzb,FWD,igor sergeev|uzb|FWD,igor sergeev|uzb,igor sergeev|uzb,,,,,,,,,,,,,,,,,
thalente_mbatha__rsa,Thalente Mbatha,RSA,Sydafrika,MID,3000000,3000000,0.5547,transfermarkt_availability_split_2026_06_01,0.050427,0.377633,0.377633,49884,Sydafrika,3000000,True,True,name_team_position,1.0,0.037,0.057,0.028,MEX,2026-06-11 21:00,70.36,0.003938,0.00512,0.005,0.0,0.011,0.0,0.006,-0.0060698219673341,-0.034,9.271,-0.00502,-0.00502,CZE,2026-06-18 18:00,70.36,0.00535,0.006054,0.006,0.0,0.011,0.008,0.007,-0.00591707709087,-0.034,9.271,0.014995,0.014245,KOR,2026-06-25 03:00,70.36,0.006985,0.008372,0.007,0.0,0.011,0.01,0.007,-0.0054252635849897,-0.034,9.271,0.033616,0.030254,0.044014,52244,782,3000000,MID,False,,3.0,0.097,0.6713286713286714,1.9220676923076925,0.097,0.360146,0.45,True,1.35,thalente mbatha,rsa,MID,thalente mbatha|rsa|MID,thalente mbatha|rsa,mbatha thalente|rsa,,,,,,,,,,,,,,,,,
godfried_roemeratoe__cuw,Godfried Roemeratoe,CUW,Curaçao,MID,2000000,2000000,0.6387,transfermarkt_availability_split_2026_06_01,0.058064,0.376051,0.376051,49141,Curaçao,2000000,True,True,name_team_position,1.0,0.054,0.073,0.042,GER,2026-06-14 19:00,70.776,0.019688,0.02112,0.027,0.0,0.041,-0.025,0.022,-0.0227103076563741,0.007,33.64,0.12909,0.12909,ECU,2026-06-21 02:00,70.776,0.020813,0.0224,0.029,0.0,0.041,0.025,0.023,-0.0220722827738692,0.007,33.64,0.192193,0.182583,CIV,2026-06-25 22:00,70.776,0.025313,0.02752,0.035,0.0,0.041,0.033,0.025,-0.0203769406929144,0.007,33.64,0.247748,0.222973,0.569633,51998,1128,2000000,MID,False,,2.0,0.891,0.106060606060606,0.30366,0.891,0.713655,0.45,True,1.35,godfried roemeratoe,cuw,MID,godfried roemeratoe|cuw|MID,godfried roemeratoe|cuw,godfried roemeratoe|cuw,,,,,,,,,,,,,,,,,
edo_kayembe__cod,Edo Kayembe,COD,Congo DR,MID,2500000,2500000,0.688,transfermarkt_availability_split_2026_06_01,0.062545,0.37218,0.37218,49045,Congo DR,2500000,True,True,name_team_position,1.0,0.038,0.057,0.035,POR,2026-06-17 19:00,70.517,0.005063,0.00576,0.008,0.0,0.013,-0.002,0.007,-0.0070442564671439,-0.032,10.683,0.003551,0.003551,COL,2026-06-24 04:00,70.517,0.005063,0.00576,0.008,0.0,0.013,0.009,0.007,-0.0069159618316192,-0.032,10.683,0.014679,0.013945,UZB,2026-06-28 01:30,70.517,0.012702,0.012499,0.01,0.0,0.013,0.013,0.009,-0.0059676557147964,-0.032,10.683,0.082039,0.073835,0.099605,41678,1145,2500000,MID,False,,2.5,0.141,0.3857808857808857,1.1045215384615383,0.141,0.270903,0.45,True,1.35,edo kayembe,cod,MID,edo kayembe|cod|MID,edo kayembe|cod,edo kayembe|cod,,,,,,,,,,,,,,,,,
eray_c_mert__sui,Eray Cömert,SUI,Schweiz,DEF,2000000,2000000,0.3067,transfermarkt_availability_split_2026_06_01,0.027882,0.371577,0.371577,49071,Schweiz,2000000,True,True,name_team_position,1.0,0.007,0.011,0.003,QAT,2026-06-13 21:00,74.549,0.010935,0.009375,0.002,0.0,0.042,0.085,0.029,-0.0231403165308014,0.011,37.886,0.155595,0.155595,BIH,2026-06-18 21:00,74.549,0.011876,0.010353,0.003,0.0,0.042,0.045,0.031,-0.0212253623637248,0.011,37.886,0.12909,0.122635,CAN,2026-06-24 21:00,74.549,0.009102,0.008473,0.003,0.0,0.042,0.043,0.03,-0.021761324588722,0.011,37.886,0.10327,0.092943,0.386613,34768,583,2000000,DEF,False,,2.0,0.276,0.1338862559241706,0.2744454028436021,0.276,0.245296,0.45,True,1.35,eray comert,sui,DEF,eray comert|sui|DEF,eray comert|sui,comert eray|sui,,,,,,,,,,,,,,,,,
jos_cordoba__pan,Jose Cordoba,PAN,Panama,DEF,2500000,2500000,0.7297,transfermarkt_availability_split_2026_06_01,0.066336,0.36677,0.36677,49326,Panama,2500000,True,True,name_team_position,1.0,0.012,0.017,0.005,GHA,2026-06-18 01:00,74.522,0.006734,0.006532,0.004,0.0,0.037,0.018,0.025,-0.0210298895559056,0.004,33.654,0.05297,0.05297,CRO,2026-06-24 01:00,74.522,0.005625,0.00576,0.004,0.0,0.037,0.035,0.026,-0.0200462371541438,0.004,33.654,0.062984,0.059835,ENG,2026-06-27 23:00,74.522,0.005625,0.00576,0.004,0.0,0.037,0.033,0.026,-0.0204237021815516,0.004,33.654,0.060606,0.054546,0.17656,50555,971,2500000,DEF,False,,2.5,0.247,0.4372037914691943,0.8961978199052141,0.247,0.310307,0.45,True,1.35,jose cordoba,pan,DEF,jose cordoba|pan|DEF,jose cordoba|pan,cordoba jose|pan,,,,,,,,,,,,,,,,,
c_sar_yanis__pan,Cesar Yanis,PAN,Panama,MID,2000000,2000000,0.4369,transfermarkt_availability_split_2026_06_01,0.039718,0.365572,0.365572,48946,Panama,2000000,True,True,name_team_position,1.0,0.044,0.06,0.035,GHA,2026-06-18 01:00,70.36,0.021699,0.022862,0.023,0.0,0.034,0.015,0.02,-0.0175295441768924,-0.002,28.053,0.181551,0.181551,CRO,2026-06-24 01:00,70.36,0.018,0.01984,0.025,0.0,0.034,0.029,0.022,-0.0167096169877575,-0.002,28.053,0.17281,0.16417,ENG,2026-06-27 23:00,70.36,0.018,0.0192,0.025,0.0,0.034,0.028,0.021,-0.0170242543925611,-0.002,28.053,0.168576,0.151718,0.522937,52203,971,2000000,MID,False,,2.0,0.739,0.106060606060606,0.30366,0.739,0.599655,0.45,True,1.35,cesar yanis,pan,MID,cesar yanis|pan|MID,cesar yanis|pan,cesar yanis|pan,,,,,,,,,,,,,,,,,
c_sar_blackman__pan,Cesar Blackman,PAN,Panama,DEF,2500000,2500000,0.443,transfermarkt_availability_split_2026_06_01,0.040273,0.363947,0.363947,48943,Panama,2500000,True,True,name_team_position,1.0,0.012,0.016,0.005,GHA,2026-06-18 01:00,74.409,0.006734,0.006532,0.004,0.0,0.038,0.018,0.025,-0.0212117730118455,0.005,33.945,0.052788,0.052788,CRO,2026-06-24 01:00,74.409,0.005625,0.00576,0.004,0.0,0.038,0.035,0.026,-0.0202196131903086,0.005,33.945,0.06281,0.05967,ENG,2026-06-27 23:00,74.409,0.005063,0.00576,0.004,0.0,0.038,0.034,0.026,-0.0206003428398866,0.005,33.945,0.058058,0.052252,0.173656,46321,971,2500000,DEF,False,,2.5,0.243,0.4372037914691943,0.8961978199052141,0.243,0.307307,0.45,True,1.35,cesar blackman,pan,DEF,cesar blackman|pan|DEF,cesar blackman|pan,blackman cesar|pan,,,,,,,,,,,,,,,,,
eloy_room__cuw,Eloy Room,CUW,Curaçao,GK,2500000,2500000,0.9043,transfermarkt_availability_split_2026_06_01,0.082209,0.362539,0.362539,49062,Curaçao,2500000,True,True,name_team_position,1.0,0.001,0.0,0.0,GER,2026-06-14 19:00,80.636,0.0,0.0,0.0,0.037289,0.022,-0.049,0.043,-0.0449111750699622,0.049,66.525,0.080498,0.080498,ECU,2026-06-21 02:00,80.636,0.0,0.0,0.0,0.048349,0.022,0.05,0.045,-0.0436494375527636,0.049,66.525,0.213728,0.203041,CIV,2026-06-25 22:00,80.636,0.0,0.0,0.0,0.060549,0.022,0.065,0.05,-0.0402967835001064,0.049,66.525,0.27124,0.244116,0.565466,37001,1128,2500000,GK,False,,2.5,1.143,0.196875,0.3481734374999999,1.143,0.894164,0.45,True,1.35,eloy room,cuw,GK,eloy room|cuw|GK,eloy room|cuw,eloy room|cuw,,,,,,,,,,,,,,,,,
paul_okon_engstler__aus,Paul Okon-Engstler,AUS,Australien,MID,2000000,2000000,0.873,transfermarkt_availability_split_2026_06_01,0.079364,0.360371,0.360371,49722,Australien,2000000,True,True,name_team_position,1.0,0.036,0.052,0.032,TUR,2026-06-14 06:00,70.409,0.019905,0.02235,0.027,0.0,0.039,0.01,0.025,-0.0188361069774903,0.005,32.12,0.175739,0.175739,USA,2026-06-19 21:00,70.409,0.014543,0.017244,0.022,0.0,0.039,0.025,0.022,-0.0209319874530399,0.005,32.12,0.138515,0.131589,PAR,2026-06-26 04:00,70.409,0.021181,0.021925,0.023,0.0,0.039,0.027,0.023,-0.0204283975994519,0.005,32.12,0.190252,0.171226,0.504506,52107,763,2000000,MID,False,,2.0,0.673,0.106060606060606,0.30366,0.673,0.550155,0.45,True,1.35,paul okon engstler,aus,MID,paul okon engstler|aus|MID,paul okon engstler|aus,engstler okon paul|aus,,,,,,,,,,,,,,,,,
mohammad_abu_hasheesh__jor,Mohammad Abu Hasheesh,JOR,Jordan,MID,2500000,2500000,0.7021,transfermarkt_availability_split_2026_06_01,0.063827,0.359694,0.359694,49586,Jordan,2500000,True,True,name_team_position,1.0,0.01,0.015,0.004,AUT,2026-06-17 06:00,75.046,0.0045,0.00512,0.004,0.0,0.05,-0.003,0.03,-0.0296701211519391,0.022,44.72,0.01119,0.01119,ALG,2026-06-23 05:00,75.046,0.005625,0.006683,0.004,0.0,0.05,0.044,0.034,-0.0270885748548168,0.022,44.72,0.075085,0.071331,ARG,2026-06-28 04:00,75.046,0.005625,0.0064,0.004,0.0,0.05,0.04,0.033,-0.0280971166303021,0.022,44.72,0.068228,0.061405,0.154503,49545,1123,2500000,MID,False,,2.5,0.255,0.3857808857808857,1.1045215384615383,0.255,0.356403,0.45,True,1.35,mohammad abu hasheesh,jor,MID,mohammad abu hasheesh|jor|MID,mohammad abu hasheesh|jor,abu hasheesh mohammad|jor,,,,,,,,,,,,,,,,,
tarek_salman__qat,Tarek Salman,QAT,Qatar,DEF,2500000,2500000,0.7434,transfermarkt_availability_split_2026_06_01,0.067582,0.3563,0.3563,49878,Qatar,2500000,True,True,name_team_position,1.0,0.014,0.02,0.006,SUI,2026-06-13 21:00,75.418,0.007875,0.0096,0.006,0.0,0.051,-0.008,0.035,-0.0277022643259102,0.023,45.862,0.053348,0.053348,CAN,2026-06-19 00:00,75.418,0.00675,0.00768,0.005,0.0,0.051,0.036,0.032,-0.0298542769578788,0.023,45.862,0.078686,0.074751,BIH,2026-06-24 21:00,75.418,0.007312,0.008489,0.006,0.0,0.051,0.038,0.032,-0.0293634348007619,0.023,45.862,0.087976,0.079178,0.22001,38398,1009,2500000,DEF,False,,2.5,0.345,0.4372037914691943,0.8961978199052141,0.345,0.383807,0.45,True,1.35,tarek salman,qat,DEF,tarek salman|qat|DEF,tarek salman|qat,salman tarek|qat,,,,,,,,,,,,,,,,,
martin_exp_rience__hai,Martin Experience,HAI,Haiti,DEF,2000000,2000000,0.5324,transfermarkt_availability_split_2026_06_01,0.0484,0.354986,0.354986,49513,Haiti,2000000,True,True,name_team_position,1.0,0.015,0.023,0.006,SCO,2026-06-14 03:00,75.665,0.012375,0.01408,0.009,0.041073,0.069,-0.0,0.047,-0.0375633050120608,0.049,62.424,0.205287,0.205287,BRA,2026-06-20 03:00,75.665,0.009,0.01088,0.007,0.024861,0.069,0.041,0.04,-0.0421023173555996,0.049,62.424,0.167232,0.15887,MAR,2026-06-25 00:00,75.665,0.009562,0.01152,0.007,0.028291,0.069,0.044,0.041,-0.0415977831050916,0.049,62.424,0.184574,0.166117,0.55658,51975,1129,2000000,DEF,False,,2.0,1.034,0.1338862559241706,0.2744454028436021,1.034,0.813796,0.45,True,1.35,martin experience,hai,DEF,martin experience|hai|DEF,martin experience|hai,experience martin|hai,,,,,,,,,,,,,,,,,
hjalmar_ekdal__swe,Hjalmar Ekdal,SWE,Sverige,DEF,2000000,2000000,0.4505,transfermarkt_availability_split_2026_06_01,0.040955,0.354173,0.354173,49999,Sverige,2000000,True,True,name_team_position,1.0,0.009,0.024,0.004,TUN,2026-06-15 04:00,74.819,0.016488,0.026484,0.005,0.0,0.056,0.078,0.04,-0.0289231454396283,0.031,50.521,0.247457,0.247457,NED,2026-06-20 19:00,74.819,0.005063,0.011212,0.004,0.0,0.056,0.04,0.035,-0.0329589093654287,0.031,50.521,0.085055,0.080802,JPN,2026-06-26 01:00,74.819,0.007341,0.014506,0.004,0.0,0.056,0.043,0.036,-0.0322707062047673,0.031,50.521,0.113293,0.101964,0.446749,38744,598,2000000,DEF,False,,2.0,0.452,0.1338862559241706,0.2744454028436021,0.452,0.377296,0.45,True,1.35,hjalmar ekdal,swe,DEF,hjalmar ekdal|swe|DEF,hjalmar ekdal|swe,ekdal hjalmar|swe,,,,,,,,,,,,,,,,,
jason_geria__aus,Jason Geria,AUS,Australien,DEF,2500000,2500000,0.5529,transfermarkt_availability_split_2026_06_01,0.050264,0.348392,0.348392,49258,Australien,2500000,True,True,name_team_position,1.0,0.01,0.014,0.005,TUR,2026-06-14 06:00,74.596,0.005598,0.006489,0.004,0.0,0.041,0.011,0.029,-0.0214042369508707,0.009,36.5,0.043651,0.043651,USA,2026-06-19 21:00,74.596,0.004072,0.004829,0.003,0.0,0.041,0.029,0.025,-0.0237858714559717,0.009,36.5,0.040133,0.038126,PAR,2026-06-26 04:00,74.596,0.006276,0.005903,0.004,0.0,0.041,0.031,0.026,-0.0232136217567566,0.009,36.5,0.061151,0.055036,0.145619,50927,763,2500000,DEF,False,,2.5,0.202,0.4372037914691943,0.8961978199052141,0.202,0.276557,0.45,True,1.35,jason geria,aus,DEF,jason geria|aus|DEF,jason geria|aus,geria jason|aus,,,,,,,,,,,,,,,,,
kye_rowles__aus,Kye Rowles,AUS,Australien,DEF,2500000,2500000,0.6668,transfermarkt_availability_split_2026_06_01,0.060618,0.346234,0.346234,49417,Australien,2500000,True,True,name_team_position,1.0,0.01,0.014,0.005,TUR,2026-06-14 06:00,74.527,0.005598,0.005768,0.004,0.0,0.039,0.011,0.028,-0.0207377839537874,0.007,35.363,0.041154,0.041154,USA,2026-06-19 21:00,74.527,0.004072,0.004829,0.003,0.0,0.039,0.028,0.025,-0.0230452626990954,0.007,35.363,0.039874,0.03788,PAR,2026-06-26 04:00,74.527,0.005491,0.005903,0.003,0.0,0.039,0.03,0.025,-0.0224908308519251,0.007,35.363,0.054164,0.048748,0.135878,43451,763,2500000,DEF,False,,2.5,0.188,0.4372037914691943,0.8961978199052141,0.188,0.266057,0.45,True,1.35,kye rowles,aus,DEF,kye rowles|aus|DEF,kye rowles|aus,kye rowles|aus,,,,,,,,,,,,,,,,,
zaid_tahseen__irq,Zaid Tahseen,IRQ,Irak,DEF,2500000,2500000,0.676,transfermarkt_availability_split_2026_06_01,0.061455,0.341161,0.341161,49989,Irak,2500000,True,True,name_team_position,1.0,0.008,0.008,0.003,NOR,2026-06-17 00:00,74.925,0.005625,0.00512,0.003,0.017586,0.065,-0.005,0.045,-0.0347646205651204,0.044,58.479,0.075035,0.075035,FRA,2026-06-22 23:00,74.925,0.0045,0.00384,0.003,0.012198,0.065,0.04,0.039,-0.0391885850872286,0.044,58.479,0.087167,0.082809,SEN,2026-06-26 21:00,74.925,0.0045,0.00384,0.003,0.015402,0.065,0.044,0.04,-0.0383839284821352,0.044,58.479,0.10002,0.090018,0.262222,52079,947,2500000,DEF,False,,2.5,0.488,0.4372037914691943,0.8961978199052141,0.488,0.491057,0.45,True,1.35,zaid tahseen,irq,DEF,zaid tahseen|irq|DEF,zaid tahseen|irq,tahseen zaid|irq,,,,,,,,,,,,,,,,,
tim_payne__nzl,Tim Payne,NZL,New Zealand,DEF,2500000,2500000,0.7626,transfermarkt_availability_split_2026_06_01,0.069327,0.340756,0.340756,49895,New Zealand,2500000,True,True,name_team_position,1.0,0.01,0.015,0.005,IRN,2026-06-16 03:00,74.76,0.005143,0.005895,0.004,0.0,0.044,0.008,0.027,-0.0260187738290054,0.014,39.839,0.031524,0.031524,EGY,2026-06-22 03:00,74.76,0.005063,0.006071,0.004,0.0,0.044,0.039,0.03,-0.024064433370658,0.014,39.839,0.067527,0.06415,BEL,2026-06-27 05:00,74.76,0.005063,0.00576,0.004,0.0,0.044,0.036,0.029,-0.0248104690832773,0.014,39.839,0.061848,0.055663,0.160899,49588,776,2500000,DEF,False,,2.5,0.237,0.4372037914691943,0.8961978199052141,0.237,0.302807,0.45,True,1.35,tim payne,nzl,DEF,tim payne|nzl|DEF,tim payne|nzl,payne tim|nzl,,,,,,,,,,,,,,,,,
mohamed_haj_mahmoud__tun,Mohamed 'Hadj' Mahmoud,TUN,Tunesien,MID,2000000,2000000,0.442,name+team,0.02,0.33356,0.33356,49570,Tunesien,2000000,True,True,name_team_position,1.0,0.032,0.054,0.024,SWE,2026-06-15 04:00,70.36,0.01576,0.020766,0.016,0.0,0.038,0.013,0.022,-0.0198370454189315,0.003,31.092,0.137261,0.137261,JPN,2026-06-21 06:00,70.36,0.016646,0.022935,0.019,0.0,0.038,0.033,0.024,-0.0182706202243984,0.003,31.092,0.174764,0.166026,NED,2026-06-26 01:00,70.36,0.014625,0.0192,0.019,0.0,0.038,0.031,0.024,-0.0187807435805889,0.003,31.092,0.150944,0.13585,0.463642,49673,976,2000000,MID,False,0.9743589743589745,2.0,0.652,0.106060606060606,0.30366,0.652,0.534405,0.45,True,1.35,mohamed hadj mahmoud,tun,MID,mohamed hadj mahmoud|tun|MID,mohamed hadj mahmoud|tun,hadj mahmoud mohamed|tun,,,,,,,,,,,,,,,,,
ajdin_hrustic__aus,Ajdin Hrustic,AUS,Australien,MID,2000000,2000000,0.645,transfermarkt_availability_split_2026_06_01,0.058636,0.328677,0.328677,48756,Australien,2000000,True,True,name_team_position,1.0,0.036,0.051,0.032,TUR,2026-06-14 06:00,70.36,0.018039,0.020187,0.025,0.0,0.036,0.009,0.023,-0.0172840832553276,0.0,29.474,0.154472,0.154472,USA,2026-06-19 21:00,70.36,0.013379,0.015864,0.02,0.0,0.036,0.023,0.021,-0.0192072711346439,0.0,29.474,0.12328,0.117116,PAR,2026-06-26 04:00,70.36,0.018827,0.020238,0.021,0.0,0.036,0.025,0.021,-0.0187451751736072,0.0,29.474,0.167104,0.150393,0.444856,39812,763,2000000,MID,False,,2.0,0.597,0.106060606060606,0.30366,0.597,0.493155,0.45,True,1.35,ajdin hrustic,aus,MID,ajdin hrustic|aus|MID,ajdin hrustic|aus,ajdin hrustic|aus,,,,,,,,,,,,,,,,,
joshua_brenet__cuw,Joshua Brenet,CUW,Curaçao,DEF,2500000,2500000,0.7129,transfermarkt_availability_split_2026_06_01,0.064809,0.326549,0.326549,49335,Curaçao,2500000,True,True,name_team_position,1.0,0.015,0.021,0.007,GER,2026-06-14 19:00,75.091,0.00675,0.00704,0.005,0.0,0.049,-0.033,0.029,-0.0300007497532475,0.021,44.439,0.004619,0.004619,ECU,2026-06-21 02:00,75.091,0.007312,0.00768,0.005,0.0,0.049,0.033,0.03,-0.029157906709199,0.021,44.439,0.077754,0.073866,CIV,2026-06-25 22:00,75.091,0.009,0.00896,0.007,0.0,0.049,0.043,0.034,-0.0269183274711521,0.021,44.439,0.109962,0.098966,0.192335,33640,1128,2500000,DEF,False,,2.5,0.314,0.4372037914691943,0.8961978199052141,0.314,0.360557,0.45,True,1.35,joshua brenet,cuw,DEF,joshua brenet|cuw|DEF,joshua brenet|cuw,brenet joshua|cuw,,,,,,,,,,,,,,,,,
charles_pickel__cod,Charles Pickel,COD,Congo DR,MID,2500000,2500000,0.7895,transfermarkt_availability_split_2026_06_01,0.071773,0.325811,0.325811,48950,Congo DR,2500000,True,True,name_team_position,1.0,0.037,0.054,0.028,POR,2026-06-17 19:00,70.36,0.0045,0.00512,0.006,0.0,0.012,-0.002,0.007,-0.0065219960573355,-0.033,9.891,-0.002662,-0.002662,COL,2026-06-24 04:00,70.36,0.0045,0.00512,0.006,0.0,0.012,0.008,0.007,-0.006403213172162,-0.033,9.891,0.007457,0.007084,UZB,2026-06-28 01:30,70.36,0.010584,0.011458,0.008,0.0,0.012,0.012,0.008,-0.0055252143679003,-0.033,9.891,0.064769,0.058292,0.068959,42944,1145,2500000,MID,False,,2.5,0.107,0.3857808857808857,1.1045215384615383,0.107,0.245403,0.45,True,1.35,charles pickel,cod,MID,charles pickel|cod|MID,charles pickel|cod,charles pickel|cod,,,,,,,,,,,,,,,,,
yazeed_abulaila__jor,Yazeed Abulaila,JOR,Jordan,GK,2500000,2500000,0.6988,transfermarkt_availability_split_2026_06_01,0.063527,0.322078,0.322078,49966,Jordan,2500000,True,True,name_team_position,1.0,0.001,0.0,0.0,AUT,2026-06-17 06:00,80.323,0.0,0.0,0.0,0.025573,0.02,-0.004,0.041,-0.0406615566963415,0.042,61.286,0.089943,0.089943,ALG,2026-06-23 05:00,80.323,0.0,0.0,0.0,0.039259,0.02,0.06,0.046,-0.0371236644650585,0.042,61.286,0.200802,0.190761,ARG,2026-06-28 04:00,80.323,0.0,0.0,0.0,0.027806,0.02,0.054,0.045,-0.0385058252717003,0.042,61.286,0.160351,0.144316,0.451096,49535,1123,2500000,GK,False,,2.5,0.754,0.196875,0.3481734374999999,0.754,0.602414,0.45,True,1.35,yazeed abulaila,jor,GK,yazeed abulaila|jor|GK,yazeed abulaila|jor,abulaila yazeed|jor,,,,,,,,,,,,,,,,,
ji_sung_eom__kor,Ji-sung Eom,KOR,Sydkorea,MID,2000000,2000000,0.6689,transfermarkt_availability_split_2026_06_01,0.060809,0.321847,0.321847,49282,Sydkorea,2000000,True,True,name_team_position,1.0,0.07,0.038,0.084,CZE,2026-06-12 04:00,66.36,0.021371,0.008101,0.025,0.0,0.008,0.01,0.009,-0.0061598336957024,-0.031,10.707,0.129998,0.129998,MEX,2026-06-19 03:00,66.36,0.010129,0.004205,0.02,0.0,0.008,0.009,0.008,-0.006949055930976,-0.031,10.707,0.054311,0.051595,RSA,2026-06-25 03:00,66.36,0.022539,0.008241,0.021,0.0,0.008,0.01,0.008,-0.006704419142494,-0.031,10.707,0.130714,0.117642,0.315023,49668,774,2000000,MID,False,0.9523809523809524,2.0,0.26,0.106060606060606,0.30366,0.26,0.240405,0.45,True,1.35,ji sung eom,kor,MID,ji sung eom|kor|MID,ji sung eom|kor,eom ji sung|kor,,,,,,,,,,,,,,,,,
miles_robinson__usa,Miles Robinson,USA,USA,DEF,2000000,2000000,0.5132,transfermarkt_availability_split_2026_06_01,0.046655,0.315804,0.315804,49566,USA,2000000,True,True,name_team_position,1.0,0.01,0.013,0.004,PAR,2026-06-13 03:00,74.36,0.010676,0.009873,0.004,0.0,0.036,0.046,0.027,-0.0183518309277577,0.003,32.718,0.119323,0.119323,AUS,2026-06-19 21:00,74.36,0.012247,0.010942,0.004,0.0,0.036,0.039,0.027,-0.0182439806622362,0.003,32.718,0.125064,0.118811,TUR,2026-06-26 04:00,74.36,0.007139,0.0071,0.003,0.0,0.036,0.03,0.024,-0.0204882462368712,0.003,32.718,0.067646,0.060881,0.313256,43406,784,2000000,DEF,False,,2.0,0.244,0.1338862559241706,0.2744454028436021,0.244,0.221296,0.45,True,1.35,miles robinson,usa,DEF,miles robinson|usa|DEF,miles robinson|usa,miles robinson|usa,,,,,,,,,,,,,,,,,
mark_mckenzie__usa,Mark McKenzie,USA,USA,DEF,2000000,2000000,0.3942,transfermarkt_availability_split_2026_06_01,0.035836,0.314922,0.314922,49503,USA,2000000,True,True,name_team_position,1.0,0.01,0.013,0.004,PAR,2026-06-13 03:00,74.36,0.010676,0.009873,0.004,0.0,0.035,0.045,0.026,-0.0179013768958945,0.002,31.915,0.117774,0.117774,AUS,2026-06-19 21:00,74.36,0.012247,0.010942,0.004,0.0,0.035,0.038,0.026,-0.0177961738641631,0.002,31.915,0.123512,0.117336,TUR,2026-06-26 04:00,74.36,0.007139,0.006086,0.003,0.0,0.035,0.029,0.024,-0.019985352920148,0.002,31.915,0.064107,0.057696,0.305393,43387,784,2000000,DEF,False,,2.0,0.235,0.1338862559241706,0.2744454028436021,0.235,0.214546,0.45,True,1.35,mark mckenzie,usa,DEF,mark mckenzie|usa|DEF,mark mckenzie|usa,mark mckenzie|usa,,,,,,,,,,,,,,,,,
yazan_al_arab__jor,Yazan Al-Arab,JOR,Jordan,DEF,2500000,2500000,0.7457,transfermarkt_availability_split_2026_06_01,0.067791,0.308757,0.308757,49965,Jordan,2500000,True,True,name_team_position,1.0,0.009,0.014,0.004,AUT,2026-06-17 06:00,74.826,0.003938,0.00448,0.003,0.0,0.046,-0.003,0.027,-0.0273046065292424,0.016,41.154,0.006763,0.006763,ALG,2026-06-23 05:00,74.826,0.005063,0.006014,0.004,0.0,0.046,0.04,0.031,-0.0249288795977957,0.016,41.154,0.068491,0.065067,ARG,2026-06-28 04:00,74.826,0.0045,0.00576,0.004,0.0,0.046,0.037,0.03,-0.0258570131974837,0.016,41.154,0.059423,0.053481,0.135276,49538,1123,2500000,DEF,False,,2.5,0.212,0.4372037914691943,0.8961978199052141,0.212,0.284057,0.45,True,1.35,yazan al arab,jor,DEF,yazan al arab|jor|DEF,yazan al arab|jor,al arab yazan|jor,,,,,,,,,,,,,,,,,
abdallah_nasib__jor,Abdallah Nasib,JOR,Jordan,DEF,2500000,2500000,0.8045,transfermarkt_availability_split_2026_06_01,0.073136,0.308757,0.308757,48715,Jordan,2500000,True,True,name_team_position,1.0,0.009,0.014,0.004,AUT,2026-06-17 06:00,74.826,0.003938,0.00448,0.003,0.0,0.046,-0.003,0.027,-0.0273046065292424,0.016,41.154,0.006763,0.006763,ALG,2026-06-23 05:00,74.826,0.005063,0.006014,0.004,0.0,0.046,0.04,0.031,-0.0249288795977957,0.016,41.154,0.068491,0.065067,ARG,2026-06-28 04:00,74.826,0.0045,0.00576,0.004,0.0,0.046,0.037,0.03,-0.0258570131974837,0.016,41.154,0.059423,0.053481,0.135276,49539,1123,2500000,DEF,False,,2.5,0.212,0.4372037914691943,0.8961978199052141,0.212,0.284057,0.45,True,1.35,abdallah nasib,jor,DEF,abdallah nasib|jor|DEF,abdallah nasib|jor,abdallah nasib|jor,,,,,,,,,,,,,,,,,
mohammad_abualnadi__jor,Mohammad Abualnadi,JOR,Jordan,DEF,2500000,2500000,0.6453,transfermarkt_availability_split_2026_06_01,0.058664,0.308757,0.308757,49587,Jordan,2500000,True,True,name_team_position,1.0,0.009,0.014,0.004,AUT,2026-06-17 06:00,74.826,0.003938,0.00448,0.003,0.0,0.046,-0.003,0.027,-0.0273046065292424,0.016,41.154,0.006763,0.006763,ALG,2026-06-23 05:00,74.826,0.005063,0.006014,0.004,0.0,0.046,0.04,0.031,-0.0249288795977957,0.016,41.154,0.068491,0.065067,ARG,2026-06-28 04:00,74.826,0.0045,0.00576,0.004,0.0,0.046,0.037,0.03,-0.0258570131974837,0.016,41.154,0.059423,0.053481,0.135276,49543,1123,2500000,DEF,False,1.0,2.5,0.212,0.4372037914691943,0.8961978199052141,0.212,0.284057,0.45,True,1.35,mohammad abualnadi,jor,DEF,mohammad abualnadi|jor|DEF,mohammad abualnadi|jor,abualnadi mohammad|jor,,,,,,,,,,,,,,,,,
patrick_yazbek__aus,Patrick Yazbek,AUS,Australien,MID,2000000,2000000,0.3071,transfermarkt_availability_split_2026_06_01,0.027918,0.308509,0.308509,49718,Australien,2000000,True,True,name_team_position,1.0,0.036,0.051,0.032,TUR,2026-06-14 06:00,70.36,0.016795,0.018746,0.023,0.0,0.034,0.008,0.022,-0.016198928350541,-0.003,27.623,0.140014,0.140014,USA,2026-06-19 21:00,70.36,0.012797,0.014485,0.019,0.0,0.034,0.022,0.019,-0.0180013718010533,-0.003,27.623,0.112439,0.106817,PAR,2026-06-26 04:00,70.36,0.018043,0.018552,0.02,0.0,0.034,0.024,0.02,-0.0175682878327959,-0.003,27.623,0.155303,0.139772,0.407756,49437,763,2000000,MID,False,,2.0,0.551,0.106060606060606,0.30366,0.551,0.458655,0.45,True,1.35,patrick yazbek,aus,MID,patrick yazbek|aus|MID,patrick yazbek|aus,patrick yazbek|aus,,,,,,,,,,,,,,,,,
wagner_pina__cpv,Wagner Pina,CPV,Kap Verde,DEF,2500000,2500000,0.5432,transfermarkt_availability_split_2026_06_01,0.049382,0.308046,0.308046,49936,Kap Verde,2500000,True,True,name_team_position,1.0,0.009,0.014,0.004,ESP,2026-06-15 18:00,74.668,0.003375,0.00448,0.002,0.0,0.044,-0.024,0.025,-0.0266101177479578,0.013,39.171,-0.02092,-0.02092,URU,2026-06-22 00:00,74.668,0.003375,0.00448,0.002,0.0,0.044,0.029,0.026,-0.0257920872663995,0.013,39.171,0.033898,0.032203,KSA,2026-06-27 02:00,74.668,0.007498,0.008594,0.003,0.0,0.044,0.041,0.03,-0.0229705714895066,0.013,39.171,0.090799,0.081719,0.103124,49710,1125,2500000,DEF,False,,2.5,0.146,0.4372037914691943,0.8961978199052141,0.146,0.234557,0.45,True,1.35,wagner pina,cpv,DEF,wagner pina|cpv|DEF,wagner pina|cpv,pina wagner|cpv,,,,,,,,,,,,,,,,,
saleem_obaid__jor,Saleem Obaid,JOR,Jordan,DEF,2500000,2500000,0.4778,transfermarkt_availability_split_2026_06_01,0.043436,0.304132,0.304132,49812,Jordan,2500000,True,True,name_team_position,1.0,0.009,0.014,0.004,AUT,2026-06-17 06:00,74.785,0.003938,0.00448,0.003,0.0,0.045,-0.002,0.027,-0.0266295896658986,0.014,40.137,0.007438,0.007438,ALG,2026-06-23 05:00,74.785,0.005063,0.006014,0.004,0.0,0.045,0.039,0.03,-0.0243125947927113,0.014,40.137,0.066107,0.062802,ARG,2026-06-28 04:00,74.785,0.0045,0.00512,0.003,0.0,0.045,0.036,0.029,-0.0252177833325409,0.014,40.137,0.054142,0.048728,0.127093,49544,1123,2500000,DEF,False,,2.5,0.201,0.4372037914691943,0.8961978199052141,0.201,0.275807,0.45,True,1.35,saleem obaid,jor,DEF,saleem obaid|jor|DEF,saleem obaid|jor,obaid saleem|jor,,,,,,,,,,,,,,,,,
mustafa_eskihella__tur,Mustafa Eskihellac,TUR,Tyrkiet,DEF,2000000,2000000,0.8002,transfermarkt_availability_split_2026_06_01,0.072745,0.290344,0.290344,49619,Tyrkiet,2000000,True,True,name_team_position,1.0,0.011,0.017,0.005,AUS,2026-06-14 06:00,74.545,0.010271,0.009272,0.003,0.0,0.034,0.051,0.022,-0.019024147340829,-0.001,30.355,0.111418,0.111418,PAR,2026-06-20 06:00,74.545,0.009715,0.01036,0.004,0.0,0.034,0.034,0.024,-0.0173685627813226,-0.001,30.355,0.099001,0.094051,USA,2026-06-26 04:00,74.545,0.007843,0.007887,0.004,0.0,0.034,0.032,0.024,-0.0179645553692064,-0.001,30.355,0.077754,0.069979,0.287056,52130,586,2000000,DEF,False,,2.0,0.245,0.1338862559241706,0.2744454028436021,0.245,0.222046,0.45,True,1.35,mustafa eskihellac,tur,DEF,mustafa eskihellac|tur|DEF,mustafa eskihellac|tur,eskihellac mustafa|tur,,,,,,,,,,,,,,,,,
tyler_bindon__nzl,Tyler Bindon,NZL,New Zealand,DEF,2500000,2500000,0.8205,transfermarkt_availability_split_2026_06_01,0.074591,0.290215,0.290215,49914,New Zealand,2500000,True,True,name_team_position,1.0,0.01,0.013,0.004,IRN,2026-06-16 03:00,74.432,0.003857,0.004421,0.003,0.0,0.037,0.007,0.023,-0.0219915794434114,0.004,33.673,0.014413,0.014413,EGY,2026-06-22 03:00,74.432,0.003938,0.004722,0.003,0.0,0.037,0.033,0.025,-0.0203397324450987,0.004,33.673,0.045454,0.043182,BEL,2026-06-27 05:00,74.432,0.003938,0.00448,0.003,0.0,0.037,0.031,0.025,-0.0209702965043242,0.004,33.673,0.042098,0.037888,0.101965,47452,776,2500000,DEF,False,,2.5,0.162,0.4372037914691943,0.8961978199052141,0.162,0.246557,0.45,True,1.35,tyler bindon,nzl,DEF,tyler bindon|nzl|DEF,tyler bindon|nzl,bindon tyler|nzl,,,,,,,,,,,,,,,,,
leopold_querfeld__aut,Leopold Querfeld,AUT,Østrig,DEF,2000000,2000000,0.3116,transfermarkt_availability_split_2026_06_01,0.028327,0.288578,0.288578,49434,Østrig,2000000,True,True,name_team_position,1.0,0.01,0.015,0.004,JOR,2026-06-17 06:00,74.36,0.01458,0.014062,0.003,0.0,0.034,0.065,0.025,-0.0162747912876838,-0.001,30.562,0.171391,0.171391,ARG,2026-06-22 19:00,74.36,0.003375,0.003865,0.003,0.0,0.034,0.025,0.022,-0.0198508499623504,-0.001,30.562,0.026994,0.025644,ALG,2026-06-28 04:00,74.36,0.007513,0.008241,0.003,0.0,0.034,0.027,0.022,-0.0192177674938196,-0.001,30.562,0.067583,0.060825,0.264791,45593,587,2000000,DEF,False,,2.0,0.217,0.1338862559241706,0.2744454028436021,0.217,0.201046,0.45,True,1.35,leopold querfeld,aut,DEF,leopold querfeld|aut|DEF,leopold querfeld|aut,leopold querfeld|aut,,,,,,,,,,,,,,,,,
mohannad_abu_taha__jor,Mohannad Abu Taha,JOR,Jordan,MID,2500000,2500000,0.7598,transfermarkt_availability_split_2026_06_01,0.069073,0.287108,0.287108,49599,Jordan,2500000,True,True,name_team_position,1.0,0.009,0.013,0.004,AUT,2026-06-17 06:00,74.542,0.003375,0.00384,0.002,0.0,0.039,-0.002,0.024,-0.0235311881310263,0.007,35.467,-0.003136,-0.003136,ALG,2026-06-23 05:00,74.542,0.003938,0.004679,0.003,0.0,0.039,0.035,0.027,-0.0214837798553587,0.007,35.467,0.045243,0.042981,ARG,2026-06-28 04:00,74.542,0.003938,0.00448,0.003,0.0,0.039,0.031,0.026,-0.0222836480505511,0.007,35.467,0.038846,0.034962,0.080953,49556,1123,2500000,MID,False,,2.5,0.15,0.3857808857808857,1.1045215384615383,0.15,0.277653,0.45,True,1.35,mohannad abu taha,jor,MID,mohannad abu taha|jor|MID,mohannad abu taha|jor,abu mohannad taha|jor,,,,,,,,,,,,,,,,,
rebin_sulaka__irq,Rebin Sulaka,IRQ,Irak,DEF,2000000,2000000,0.6381,transfermarkt_availability_split_2026_06_01,0.058009,0.286689,0.286689,49760,Irak,2000000,True,True,name_team_position,1.0,0.006,0.011,0.003,NOR,2026-06-17 00:00,75.141,0.005063,0.00768,0.004,0.043583,0.071,-0.005,0.049,-0.0377907198751696,0.052,63.569,0.14051,0.14051,FRA,2026-06-22 23:00,75.141,0.003938,0.00576,0.003,0.030136,0.071,0.044,0.042,-0.0425997700323405,0.052,63.569,0.134607,0.127877,SEN,2026-06-26 21:00,75.141,0.0045,0.00576,0.003,0.038506,0.071,0.048,0.043,-0.0417250717941754,0.052,63.569,0.162268,0.146041,0.437385,44618,947,2000000,DEF,False,,2.0,0.876,0.1338862559241706,0.2744454028436021,0.876,0.695296,0.45,True,1.35,rebin sulaka,irq,DEF,rebin sulaka|irq|DEF,rebin sulaka|irq,rebin sulaka|irq,,,,,,,,,,,,,,,,,
hossein_abarghouei__irn,Hossein Abarghouei,IRN,Iran,DEF,2000000,2000000,0.7913,transfermarkt_availability_split_2026_06_01,0.071936,0.2832,0.2832,49189,Iran,2000000,True,True,name_team_position,1.0,0.012,0.017,0.005,NZL,2026-06-16 03:00,74.819,0.015792,0.014336,0.005,0.0,0.041,0.066,0.03,-0.0199203766736333,0.009,36.474,0.18684,0.18684,BEL,2026-06-21 21:00,74.819,0.0045,0.00512,0.004,0.0,0.041,0.028,0.025,-0.0238382204516448,0.009,36.474,0.043522,0.041346,EGY,2026-06-27 05:00,74.819,0.007474,0.007895,0.004,0.0,0.041,0.031,0.026,-0.0232342506474447,0.009,36.474,0.074295,0.066865,0.304657,49520,883,2000000,DEF,False,,2.0,0.299,0.1338862559241706,0.2744454028436021,0.299,0.262546,0.45,True,1.35,hossein abarghouei,irn,DEF,hossein abarghouei|irn|DEF,hossein abarghouei|irn,abarghouei hossein|irn,,,,,,,,,,,,,,,,,
jean_kevin_duverne__hai,Jean-Kevin Duverne,HAI,Haiti,DEF,2500000,2500000,0.8502,transfermarkt_availability_split_2026_06_01,0.077291,0.281596,0.281596,49263,Haiti,2500000,True,True,name_team_position,1.0,0.013,0.019,0.005,SCO,2026-06-14 03:00,74.79,0.006188,0.00704,0.004,0.0,0.042,-0.0,0.029,-0.0227499615133907,0.011,37.806,0.037498,0.037498,BRA,2026-06-20 03:00,74.79,0.0045,0.00576,0.003,0.0,0.042,0.025,0.024,-0.0254989836266249,0.011,37.806,0.039781,0.037792,MAR,2026-06-25 00:00,74.79,0.005063,0.00576,0.003,0.0,0.042,0.026,0.025,-0.0251934158716693,0.011,37.806,0.045465,0.040918,0.122744,51970,1129,2500000,DEF,False,,2.5,0.214,0.4372037914691943,0.8961978199052141,0.214,0.285557,0.45,True,1.35,jean kevin duverne,hai,DEF,jean kevin duverne|hai|DEF,jean kevin duverne|hai,duverne jean kevin|hai,,,,,,,,,,,,,,,,,
yaimar_medina__ecu,Yaimar Medina,ECU,Ecuador,MID,2000000,2000000,0.1614,transfermarkt_availability_split_2026_06_01,0.014673,0.280002,0.280002,49955,Ecuador,2000000,True,True,name_team_position,1.0,0.009,0.014,0.004,CIV,2026-06-15 01:00,74.581,0.007335,0.008096,0.002,0.0,0.038,0.042,0.024,-0.021541297829826,0.005,33.897,0.074422,0.074422,CUW,2026-06-21 02:00,74.581,0.01458,0.014062,0.003,0.0,0.038,0.042,0.028,-0.0183609229806367,0.005,33.897,0.136725,0.129889,GER,2026-06-25 22:00,74.581,0.003938,0.005226,0.003,0.0,0.038,0.034,0.026,-0.0204558323251785,0.005,33.897,0.044912,0.040421,0.256059,52163,881,2000000,MID,False,,2.0,0.23,0.106060606060606,0.30366,0.23,0.217905,0.45,True,1.35,yaimar medina,ecu,MID,yaimar medina|ecu|MID,yaimar medina|ecu,medina yaimar|ecu,,,,,,,,,,,,,,,,,
boualem_khoukhi__qat,Boualem Khoukhi,QAT,Qatar,DEF,2500000,2500000,0.8339,transfermarkt_availability_split_2026_06_01,0.075809,0.279664,0.279664,48907,Qatar,2500000,True,True,name_team_position,1.0,0.012,0.017,0.005,SUI,2026-06-13 21:00,74.819,0.005625,0.0064,0.004,0.0,0.041,-0.006,0.028,-0.0220317741102073,0.009,36.474,0.024918,0.024918,CAN,2026-06-19 00:00,74.819,0.0045,0.00512,0.004,0.0,0.041,0.028,0.025,-0.0237432824415136,0.009,36.474,0.043617,0.041436,BIH,2026-06-24 21:00,74.819,0.005063,0.005877,0.004,0.0,0.041,0.03,0.026,-0.0233529127806749,0.009,36.474,0.052656,0.04739,0.121191,38383,1009,2500000,DEF,False,,2.5,0.21,0.4372037914691943,0.8961978199052141,0.21,0.282557,0.45,True,1.35,boualem khoukhi,qat,DEF,boualem khoukhi|qat|DEF,boualem khoukhi|qat,boualem khoukhi|qat,,,,,,,,,,,,,,,,,
ali_yousif__irq,Ali Yousif,IRQ,Irak,FWD,2000000,2000000,0.0386,transfermarkt_availability_split_2026_06_01,0.003509,0.269186,0.269186,48802,Irak,2000000,True,True,name_team_position,1.0,0.046,0.024,0.061,NOR,2026-06-17 00:00,66.36,0.019125,0.00768,0.044,0.0,0.022,-0.002,0.021,-0.0164702250170855,0.0,27.705,0.12407,0.12407,FRA,2026-06-22 23:00,66.36,0.014625,0.00576,0.034,0.0,0.022,0.019,0.018,-0.0185661400583625,0.0,27.705,0.106214,0.100903,SEN,2026-06-26 21:00,66.36,0.01575,0.0064,0.036,0.0,0.022,0.021,0.019,-0.0181849227422538,0.0,27.705,0.118015,0.106214,0.348299,52214,947,2000000,FWD,False,,2.0,0.514,0.086021505376344,0.2983587096774194,0.514,0.433498,0.45,True,1.35,ali yousif,irq,FWD,ali yousif|irq|FWD,ali yousif|irq,ali yousif|irq,,,,,,,,,,,,,,,,,
carlens_arcus__hai,Carlens Arcus,HAI,Haiti,DEF,2000000,2000000,0.772,transfermarkt_availability_split_2026_06_01,0.070182,0.267606,0.267606,48933,Haiti,2000000,True,True,name_team_position,1.0,0.015,0.022,0.016,SCO,2026-06-14 03:00,75.517,0.010688,0.0128,0.02,0.008557,0.063,-0.0,0.043,-0.0340500358517694,0.04,56.585,0.127303,0.127303,BRA,2026-06-20 03:00,75.517,0.008438,0.0096,0.015,0.005179,0.063,0.037,0.037,-0.0381645176040938,0.04,56.585,0.118657,0.112724,MAR,2026-06-25 00:00,75.517,0.008438,0.01024,0.016,0.006117,0.063,0.039,0.037,-0.0377071720826407,0.04,56.585,0.126098,0.113488,0.372655,51973,1129,2000000,DEF,False,,2.0,0.593,0.1338862559241706,0.2744454028436021,0.593,0.483046,0.45,True,1.35,carlens arcus,hai,DEF,carlens arcus|hai|DEF,carlens arcus|hai,arcus carlens|hai,,,,,,,,,,,,,,,,,
gustaf_nilsson__swe,Gustaf Nilsson,SWE,Sverige,FWD,2000000,2000000,0.6789,transfermarkt_availability_split_2026_06_01,0.061718,0.261003,0.261003,49158,Sverige,2000000,True,True,name_team_position,1.0,0.075,0.04,0.108,TUN,2026-06-15 04:00,66.36,0.028855,0.010089,0.03,0.0,0.008,0.015,0.008,-0.0056895467418919,-0.032,9.938,0.152997,0.152997,NED,2026-06-20 19:00,66.36,0.009562,0.003957,0.023,0.0,0.008,0.008,0.007,-0.0064834323012274,-0.032,9.938,0.041636,0.039554,JPN,2026-06-26 01:00,66.36,0.013214,0.004835,0.024,0.0,0.008,0.008,0.007,-0.0063480540776288,-0.032,9.938,0.060013,0.054012,0.254646,32552,598,2000000,FWD,False,,2.0,0.264,0.086021505376344,0.2983587096774194,0.264,0.245998,0.45,True,1.35,gustaf nilsson,swe,FWD,gustaf nilsson|swe|FWD,gustaf nilsson|swe,gustaf nilsson|swe,,,,,,,,,,,,,,,,,
fredrik_andr_bj_rkan__nor,Fredrik Andre Bjørkan,NOR,Norge,DEF,2500000,2500000,0.4313,transfermarkt_availability_split_2026_06_01,0.039209,0.234253,0.234253,49123,Norge,2500000,True,True,name_team_position,1.0,0.008,0.013,0.003,IRQ,2026-06-17 00:00,74.36,0.003645,0.003125,0.001,0.0,0.012,0.023,0.008,-0.0065856320031629,-0.033,10.681,0.011659,0.011659,SEN,2026-06-23 02:00,74.36,0.002583,0.002409,0.001,0.0,0.012,0.011,0.008,-0.0062925588698701,-0.033,10.681,-0.008568,-0.008139,FRA,2026-06-26 21:00,74.36,0.001133,0.001356,0.001,0.0,0.012,0.011,0.008,-0.0064820266375404,-0.033,10.681,-0.020616,-0.018554,0.0,41639,1126,2500000,DEF,False,,2.5,-0.025,0.4372037914691943,0.8961978199052141,-0.025,0.106307,0.45,True,1.35,fredrik andre bjorkan,nor,DEF,fredrik andre bjorkan|nor|DEF,fredrik andre bjorkan|nor,andre bjorkan fredrik|nor,,,,,,,,,,,,,,,,,
nkosinathi_sibisi__rsa,Nkosinathi Sibisi,RSA,Sydafrika,DEF,2500000,2500000,0.3857,transfermarkt_availability_split_2026_06_01,0.035064,0.233419,0.233419,49662,Sydafrika,2500000,True,True,name_team_position,1.0,0.01,0.015,0.004,MEX,2026-06-11 21:00,74.373,0.002812,0.0032,0.002,0.0,0.028,0.001,0.018,-0.0166281821468258,-0.009,25.397,-0.006156,-0.006156,CZE,2026-06-18 18:00,74.373,0.003344,0.003784,0.002,0.0,0.028,0.021,0.018,-0.016209739951732,-0.009,25.397,0.019206,0.018246,KOR,2026-06-25 03:00,74.373,0.004657,0.005023,0.002,0.0,0.028,0.027,0.02,-0.0148624245605957,-0.009,25.397,0.040149,0.036134,0.053199,49656,782,2500000,DEF,False,,2.5,0.094,0.4372037914691943,0.8961978199052141,0.094,0.195557,0.45,True,1.35,nkosinathi sibisi,rsa,DEF,nkosinathi sibisi|rsa|DEF,nkosinathi sibisi|rsa,nkosinathi sibisi|rsa,,,,,,,,,,,,,,,,,
payam_niazmand__irn,Payam Niazmand,IRN,Iran,GK,2500000,2500000,0.1498,transfermarkt_availability_split_2026_06_01,0.013618,0.230352,0.230352,49724,Iran,2500000,True,True,name_team_position,1.0,0.001,0.0,0.0,NZL,2026-06-16 03:00,79.819,0.0,0.0,0.0,0.0,0.013,0.07,0.032,-0.0212516145058439,0.009,38.912,0.076748,0.076748,BEL,2026-06-21 21:00,79.819,0.0,0.0,0.0,0.0,0.013,0.03,0.027,-0.0254312797314832,0.009,38.912,0.027569,0.02619,EGY,2026-06-27 05:00,79.819,0.0,0.0,0.0,0.0,0.013,0.033,0.028,-0.0247869478665632,0.009,38.912,0.032213,0.028992,0.13653,43490,883,2500000,GK,False,,2.5,0.131,0.196875,0.3481734374999999,0.131,0.135164,0.45,True,1.35,payam niazmand,irn,GK,payam niazmand|irn|GK,payam niazmand|irn,niazmand payam|irn,,,,,,,,,,,,,,,,,
sultan_al_brake__qat,Sultan Al-Brake,QAT,Qatar,DEF,2500000,2500000,0.2426,transfermarkt_availability_split_2026_06_01,0.022055,0.229688,0.229688,49867,Qatar,2500000,True,True,name_team_position,1.0,0.01,0.015,0.005,SUI,2026-06-13 21:00,74.36,0.003938,0.00512,0.003,0.0,0.034,-0.005,0.024,-0.0187390095129892,0.0,31.023,0.008249,0.008249,CAN,2026-06-19 00:00,74.36,0.003375,0.00384,0.003,0.0,0.034,0.024,0.022,-0.0201947239162633,0.0,31.023,0.026575,0.025247,BIH,2026-06-24 21:00,74.36,0.003938,0.004571,0.003,0.0,0.034,0.026,0.022,-0.0198626970558096,0.0,31.023,0.034478,0.03103,0.069302,38395,1009,2500000,DEF,False,,2.5,0.134,0.4372037914691943,0.8961978199052141,0.134,0.225557,0.45,True,1.35,sultan al brake,qat,DEF,sultan al brake|qat|DEF,sultan al brake|qat,al brake sultan|qat,,,,,,,,,,,,,,,,,
yuto_nagatomo__jpn,Yuto Nagatomo,JPN,Japan,DEF,2000000,2000000,0.7557,transfermarkt_availability_split_2026_06_01,0.0687,0.220431,0.220431,49986,Japan,2000000,True,True,name_team_position,1.0,0.006,0.01,0.003,NED,2026-06-14 22:00,74.36,0.002914,0.003207,0.002,0.0,0.036,0.02,0.023,-0.0212243703479,0.003,32.689,0.017881,0.017881,TUN,2026-06-21 06:00,74.36,0.005903,0.006652,0.002,0.0,0.036,0.029,0.024,-0.0204782032289762,0.003,32.689,0.056896,0.054051,SWE,2026-06-26 01:00,74.36,0.006535,0.007291,0.002,0.0,0.036,0.037,0.026,-0.0187555409506528,0.003,32.689,0.074327,0.066895,0.149104,26763,772,2000000,DEF,False,,2.0,0.119,0.1338862559241706,0.2744454028436021,0.119,0.127546,0.45,True,1.35,yuto nagatomo,jpn,DEF,yuto nagatomo|jpn|DEF,yuto nagatomo|jpn,nagatomo yuto|jpn,,,,,,,,,,,,,,,,,
alexis_duarte__par,Alexis Duarte,PAR,Paraguay,DEF,2000000,2000000,0.1104,transfermarkt_availability_split_2026_06_01,0.010036,0.207773,0.207773,48788,Paraguay,2000000,True,True,name_team_position,1.0,0.009,0.013,0.004,USA,2026-06-13 03:00,74.409,0.004282,0.004743,0.003,0.0,0.038,0.02,0.024,-0.0220564824546482,0.005,33.945,0.031865,0.031865,TUR,2026-06-20 06:00,74.409,0.004838,0.005158,0.003,0.0,0.038,0.029,0.024,-0.0216998371733756,0.005,33.945,0.045802,0.043512,AUS,2026-06-26 04:00,74.409,0.009933,0.008191,0.004,0.0,0.038,0.038,0.027,-0.0194871929619811,0.005,33.945,0.100684,0.090615,0.178351,49603,778,2000000,DEF,False,,2.0,0.176,0.1338862559241706,0.2744454028436021,0.176,0.170296,0.45,True,1.35,alexis duarte,par,DEF,alexis duarte|par|DEF,alexis duarte|par,alexis duarte|par,,,,,,,,,,,,,,,,,
blas_riveros__par,Blas Riveros,PAR,Paraguay,DEF,2000000,2000000,0.5235,transfermarkt_availability_split_2026_06_01,0.047591,0.207773,0.207773,48903,Paraguay,2000000,True,True,name_team_position,1.0,0.009,0.013,0.004,USA,2026-06-13 03:00,74.409,0.004282,0.004743,0.003,0.0,0.038,0.02,0.024,-0.0220564824546482,0.005,33.945,0.031865,0.031865,TUR,2026-06-20 06:00,74.409,0.004838,0.005158,0.003,0.0,0.038,0.029,0.024,-0.0216998371733756,0.005,33.945,0.045802,0.043512,AUS,2026-06-26 04:00,74.409,0.009933,0.008191,0.004,0.0,0.038,0.038,0.027,-0.0194871929619811,0.005,33.945,0.100684,0.090615,0.178351,34714,778,2000000,DEF,False,,2.0,0.176,0.1338862559241706,0.2744454028436021,0.176,0.170296,0.45,True,1.35,blas riveros,par,DEF,blas riveros|par|DEF,blas riveros|par,blas riveros|par,,,,,,,,,,,,,,,,,
alex_paulsen__nzl,Alex Paulsen,NZL,New Zealand,GK,2500000,2500000,0.2446,transfermarkt_availability_split_2026_06_01,0.022236,0.207368,0.207368,48776,New Zealand,2500000,True,True,name_team_position,1.0,0.001,0.0,0.0,IRN,2026-06-16 03:00,79.819,0.0,0.0,0.0,0.0,0.015,0.009,0.03,-0.0286710176902283,0.016,43.9,0.011329,0.011329,EGY,2026-06-22 03:00,79.819,0.0,0.0,0.0,0.0,0.015,0.043,0.033,-0.026517460023666,0.016,43.9,0.050483,0.047958,BEL,2026-06-27 05:00,79.819,0.0,0.0,0.0,0.0,0.015,0.04,0.032,-0.0273395434644392,0.016,43.9,0.04566,0.041094,0.107472,45926,776,2500000,GK,False,,2.5,0.102,0.196875,0.3481734374999999,0.102,0.113414,0.45,True,1.35,alex paulsen,nzl,GK,alex paulsen|nzl|GK,alex paulsen|nzl,alex paulsen|nzl,,,,,,,,,,,,,,,,,
max_crocombe__nzl,Max Crocombe,NZL,New Zealand,GK,2500000,2500000,0.44,transfermarkt_availability_split_2026_06_01,0.04,0.207368,0.207368,49537,New Zealand,2500000,True,True,name_team_position,1.0,0.001,0.0,0.0,IRN,2026-06-16 03:00,79.819,0.0,0.0,0.0,0.0,0.015,0.009,0.03,-0.0286710176902283,0.016,43.9,0.011329,0.011329,EGY,2026-06-22 03:00,79.819,0.0,0.0,0.0,0.0,0.015,0.043,0.033,-0.026517460023666,0.016,43.9,0.050483,0.047958,BEL,2026-06-27 05:00,79.819,0.0,0.0,0.0,0.0,0.015,0.04,0.032,-0.0273395434644392,0.016,43.9,0.04566,0.041094,0.107472,49582,776,2500000,GK,False,,2.5,0.102,0.196875,0.3481734374999999,0.102,0.113414,0.45,True,1.35,max crocombe,nzl,GK,max crocombe|nzl|GK,max crocombe|nzl,crocombe max|nzl,,,,,,,,,,,,,,,,,
paul_izzo__aus,Paul Izzo,AUS,Australien,GK,2500000,2500000,0.199,transfermarkt_availability_split_2026_06_01,0.018091,0.207105,0.207105,49721,Australien,2500000,True,True,name_team_position,1.0,0.001,0.0,0.0,TUR,2026-06-14 06:00,79.819,0.0,0.0,0.0,0.0,0.015,0.013,0.034,-0.0257441839793177,0.016,43.9,0.022256,0.022256,USA,2026-06-19 21:00,79.819,0.0,0.0,0.0,0.0,0.015,0.034,0.031,-0.0286087213609373,0.016,43.9,0.037391,0.035522,PAR,2026-06-26 04:00,79.819,0.0,0.0,0.0,0.0,0.015,0.037,0.032,-0.0279204416725505,0.016,43.9,0.04208,0.037872,0.101727,45851,763,2500000,GK,False,,2.5,0.097,0.196875,0.3481734374999999,0.097,0.109664,0.45,True,1.35,paul izzo,aus,GK,paul izzo|aus|GK,paul izzo|aus,izzo paul|aus,,,,,,,,,,,,,,,,,
steven_moreira__cpv,Steven Moreira,CPV,Kap Verde,DEF,2000000,2000000,0.8138,transfermarkt_availability_split_2026_06_01,0.073982,0.201777,0.201777,49864,Kap Verde,2000000,True,True,name_team_position,1.0,0.009,0.015,0.004,ESP,2026-06-15 18:00,74.959,0.005063,0.0064,0.003,0.0,0.061,-0.033,0.035,-0.037015696446739,0.037,54.488,-0.006438,-0.006438,URU,2026-06-22 00:00,74.959,0.005063,0.00704,0.004,0.0,0.061,0.04,0.037,-0.0358777846089808,0.037,54.488,0.07262,0.068989,KSA,2026-06-27 02:00,74.959,0.011246,0.013369,0.005,0.0,0.061,0.057,0.042,-0.0319529477290248,0.037,54.488,0.15563,0.140067,0.222557,49711,1125,2000000,DEF,False,,2.0,0.277,0.1338862559241706,0.2744454028436021,0.277,0.246046,0.45,True,1.35,steven moreira,cpv,DEF,steven moreira|cpv|DEF,steven moreira|cpv,moreira steven|cpv,,,,,,,,,,,,,,,,,
paik_seung_ho__kor,Seung-Ho Paik,KOR,Sydkorea,MID,2000000,2000000,0.5235,transfermarkt_availability_split_2026_06_01,0.047591,0.1999,0.1999,49841,Sydkorea,2000000,True,True,name_team_position,1.0,0.028,0.044,0.022,CZE,2026-06-12 04:00,70.5,0.010177,0.011139,0.007,0.0,0.015,0.012,0.01,-0.0072109924381088,-0.029,12.534,0.062091,0.062091,MEX,2026-06-19 03:00,70.5,0.004766,0.006307,0.006,0.0,0.015,0.01,0.009,-0.0081348932853859,-0.029,12.534,0.015616,0.014835,RSA,2026-06-25 03:00,70.5,0.010017,0.010595,0.006,0.0,0.015,0.011,0.009,-0.0078485098992472,-0.029,12.534,0.056021,0.050419,0.134683,37133,774,2000000,MID,False,,2.0,0.134,0.106060606060606,0.30366,0.134,0.145905,0.45,True,1.35,seung ho paik,kor,MID,seung ho paik|kor|MID,seung ho paik|kor,ho paik seung|kor,,,,,,,,,,,,,,,,,
besfort_zeneli__swe,Besfort Zeneli,SWE,Sverige,MID,2000000,2000000,0.5818,transfermarkt_availability_split_2026_06_01,0.052891,0.193234,0.193234,48899,Sverige,2000000,True,True,name_team_position,1.0,0.031,0.044,0.027,TUN,2026-06-15 04:00,70.36,0.013741,0.012611,0.008,0.0,0.014,0.018,0.009,-0.0064723666996669,-0.031,11.305,0.090066,0.090066,NED,2026-06-20 19:00,70.36,0.0045,0.005276,0.006,0.0,0.014,0.009,0.008,-0.007375482306356,-0.031,11.305,0.008953,0.008505,JPN,2026-06-26 01:00,70.36,0.005873,0.006447,0.007,0.0,0.014,0.01,0.008,-0.0072214775066717,-0.031,11.305,0.021485,0.019336,0.121416,41668,598,2000000,MID,False,,2.0,0.127,0.106060606060606,0.30366,0.127,0.140655,0.45,True,1.35,besfort zeneli,swe,MID,besfort zeneli|swe|MID,besfort zeneli|swe,besfort zeneli|swe,,,,,,,,,,,,,,,,,
meshaal_barsham__qat,Meshaal Barsham,QAT,Qatar,GK,2500000,2500000,0.611,transfermarkt_availability_split_2026_06_01,0.055545,0.189795,0.189795,49553,Qatar,2500000,True,True,name_team_position,1.0,0.001,0.0,0.0,SUI,2026-06-13 21:00,79.819,0.0,0.0,0.0,0.0,0.013,-0.007,0.03,-0.0235041122937039,0.009,38.912,-0.004504,-0.004504,CAN,2026-06-19 00:00,79.819,0.0,0.0,0.0,0.0,0.013,0.03,0.027,-0.0253299972092539,0.009,38.912,0.02767,0.026287,BIH,2026-06-24 21:00,79.819,0.0,0.0,0.0,0.0,0.013,0.032,0.028,-0.0249135399462796,0.009,38.912,0.031086,0.027978,0.054252,38390,1009,2500000,GK,False,,2.5,0.048,0.196875,0.3481734374999999,0.048,0.072914,0.45,True,1.35,meshaal barsham,qat,GK,meshaal barsham|qat|GK,meshaal barsham|qat,barsham meshaal|qat,,,,,,,,,,,,,,,,,
kai_trewin__aus,Kai Trewin,AUS,Australien,DEF,2000000,2000000,0.4417,transfermarkt_availability_split_2026_06_01,0.040155,0.186302,0.186302,49368,Australien,2000000,True,True,name_team_position,1.0,0.011,0.015,0.005,TUR,2026-06-14 06:00,74.819,0.006843,0.00721,0.005,0.0,0.046,0.012,0.032,-0.0241315238370384,0.016,41.15,0.057556,0.057556,USA,2026-06-19 21:00,74.819,0.005235,0.005518,0.004,0.0,0.046,0.032,0.029,-0.0268166216502834,0.016,41.15,0.056147,0.05334,PAR,2026-06-26 04:00,74.819,0.00706,0.00759,0.004,0.0,0.046,0.035,0.03,-0.0261714569901722,0.016,41.15,0.077959,0.070163,0.192364,50928,763,2000000,DEF,False,,2.0,0.26,0.1338862559241706,0.2744454028436021,0.26,0.233296,0.45,True,1.35,kai trewin,aus,DEF,kai trewin|aus|DEF,kai trewin|aus,kai trewin|aus,,,,,,,,,,,,,,,,,
patrick_beach__aus,Patrick Beach,AUS,Australien,GK,2500000,2500000,0.2281,transfermarkt_availability_split_2026_06_01,0.020736,0.185153,0.185153,49713,Australien,2500000,True,True,name_team_position,1.0,0.001,0.0,0.0,TUR,2026-06-14 06:00,79.409,0.0,0.0,0.0,0.0,0.012,0.011,0.028,-0.0212438378910068,0.005,36.226,0.010756,0.010756,USA,2026-06-19 21:00,79.409,0.0,0.0,0.0,0.0,0.012,0.028,0.025,-0.0236076249046774,0.005,36.226,0.022392,0.021273,PAR,2026-06-26 04:00,79.409,0.0,0.0,0.0,0.0,0.012,0.031,0.026,-0.0230396635299642,0.005,36.226,0.02696,0.024264,0.060108,50926,763,2500000,GK,False,,2.5,0.056,0.196875,0.3481734374999999,0.056,0.078914,0.45,True,1.35,patrick beach,aus,GK,patrick beach|aus|GK,patrick beach|aus,beach patrick|aus,,,,,,,,,,,,,,,,,
mehdi_dorval__alg,Mehdi Dorval,ALG,Algeriet,DEF,2000000,2000000,0.1241,transfermarkt_availability_split_2026_06_01,0.011282,0.176984,0.176984,49544,Algeriet,2000000,True,True,name_team_position,1.0,0.008,0.013,0.003,ARG,2026-06-17 03:00,74.36,0.002812,0.0032,0.002,0.0,0.033,-0.003,0.021,-0.0196178129705249,-0.002,29.952,-0.008146,-0.008146,JOR,2026-06-23 05:00,74.36,0.00788,0.00839,0.002,0.0,0.033,0.029,0.023,-0.0180751362277138,-0.002,29.952,0.073375,0.069706,AUT,2026-06-28 04:00,74.36,0.004657,0.005861,0.002,0.0,0.033,0.032,0.024,-0.0175827308266786,-0.002,29.952,0.050942,0.045848,0.11521,49702,761,2000000,DEF,False,,2.0,0.111,0.1338862559241706,0.2744454028436021,0.111,0.121546,0.45,True,1.35,mehdi dorval,alg,DEF,mehdi dorval|alg|DEF,mehdi dorval|alg,dorval mehdi|alg,,,,,,,,,,,,,,,,,
martin_zlomisli__bih,Martin Zlomislic,BIH,Bosnien-Hercegovina,GK,2500000,2500000,0.1855,transfermarkt_availability_split_2026_06_01,0.016864,0.176601,0.176601,49518,Bosnien-Hercegovina,2500000,True,True,name_team_position,1.0,0.001,0.0,0.0,CAN,2026-06-12 21:00,79.819,0.0,0.0,0.0,0.0,0.01,0.019,0.021,-0.0195469035057384,-0.004,30.331,0.006453,0.006453,SUI,2026-06-18 21:00,79.819,0.0,0.0,0.0,0.0,0.01,0.024,0.021,-0.0196937141246686,-0.004,30.331,0.011306,0.010741,QAT,2026-06-24 21:00,79.819,0.0,0.0,0.0,0.0,0.01,0.035,0.024,-0.0171707608512724,-0.004,30.331,0.027829,0.025046,0.044597,52119,882,2500000,GK,False,,2.5,0.042,0.196875,0.3481734374999999,0.042,0.068414,0.45,True,1.35,martin zlomislic,bih,GK,martin zlomislic|bih|GK,martin zlomislic|bih,martin zlomislic|bih,,,,,,,,,,,,,,,,,
jacob_italiano__aus,Jacob Italiano,AUS,Australien,DEF,2000000,2000000,0.7116,transfermarkt_availability_split_2026_06_01,0.064691,0.158948,0.158948,49241,Australien,2000000,True,True,name_team_position,1.0,0.01,0.014,0.005,TUR,2026-06-14 06:00,74.605,0.005598,0.006489,0.004,0.0,0.041,0.011,0.029,-0.0214680692177086,0.009,36.609,0.043587,0.043587,USA,2026-06-19 21:00,74.605,0.004072,0.004829,0.003,0.0,0.041,0.029,0.026,-0.023856806294585,0.009,36.609,0.041062,0.039009,PAR,2026-06-26 04:00,74.605,0.006276,0.005903,0.004,0.0,0.041,0.031,0.026,-0.023282850017575,0.009,36.609,0.061082,0.054974,0.145731,42716,763,2000000,DEF,False,,2.0,0.204,0.1338862559241706,0.2744454028436021,0.204,0.191296,0.45,True,1.35,jacob italiano,aus,DEF,jacob italiano|aus|DEF,jacob italiano|aus,italiano jacob|aus,,,,,,,,,,,,,,,,,
peter_gwargis__irq,Peter Gwargis,IRQ,Irak,MID,2000000,2000000,0.2625,transfermarkt_availability_split_2026_06_01,0.023864,0.158016,0.158016,49734,Irak,2000000,True,True,name_team_position,1.0,0.019,0.027,0.016,NOR,2026-06-17 00:00,70.36,0.008438,0.0096,0.013,0.0,0.037,-0.002,0.023,-0.0180695048929744,0.002,30.396,0.05192,0.05192,FRA,2026-06-22 23:00,70.36,0.00675,0.00704,0.01,0.0,0.037,0.021,0.02,-0.0203689359605115,0.002,30.396,0.050501,0.047976,SEN,2026-06-26 21:00,70.36,0.00675,0.00768,0.01,0.0,0.037,0.023,0.021,-0.0199507019563272,0.002,30.396,0.055839,0.050255,0.158816,36868,947,2000000,MID,False,,2.0,0.272,0.106060606060606,0.30366,0.272,0.249405,0.45,True,1.35,peter gwargis,irq,MID,peter gwargis|irq|MID,peter gwargis|irq,gwargis peter|irq,,,,,,,,,,,,,,,,,
kevin_yakob__irq,Kevin Yakob,IRQ,Irak,MID,2000000,2000000,0.515,transfermarkt_availability_split_2026_06_01,0.046818,0.156904,0.156904,49395,Irak,2000000,True,True,name_team_position,1.0,0.019,0.027,0.015,NOR,2026-06-17 00:00,70.36,0.008438,0.0096,0.012,0.0,0.037,-0.002,0.023,-0.0180360428468763,0.002,30.339,0.050954,0.050954,FRA,2026-06-22 23:00,70.36,0.00675,0.00704,0.009,0.0,0.037,0.021,0.02,-0.0203312157087328,0.002,30.339,0.049539,0.047062,SEN,2026-06-26 21:00,70.36,0.00675,0.00768,0.01,0.0,0.037,0.023,0.021,-0.0199137562119636,0.002,30.339,0.055876,0.050289,0.156369,36589,947,2000000,MID,False,,2.0,0.269,0.106060606060606,0.30366,0.269,0.247155,0.45,True,1.35,kevin yakob,irq,MID,kevin yakob|irq|MID,kevin yakob|irq,kevin yakob|irq,,,,,,,,,,,,,,,,,
timothy_fayulu__cod,Timothy Fayulu,COD,Congo DR,GK,2500000,2500000,0.1779,transfermarkt_availability_split_2026_06_01,0.016173,0.156678,0.156678,49898,Congo DR,2500000,True,True,name_team_position,1.0,,,,POR,2026-06-17 19:00,,,,,,,,,,,,0.04463,0.04463,COL,2026-06-24 04:00,,,,,,,,,,,,0.052269,0.049656,UZB,2026-06-28 01:30,,,,,,,,,,,,0.069325,0.062393,,52135,1145,2500000,GK,False,,2.5,0.0,0.196875,0.3481734374999999,0.0,0.036914,0.45,True,1.35,timothy fayulu,cod,GK,timothy fayulu|cod|GK,timothy fayulu|cod,fayulu timothy|cod,distributed_from_existing_optimizer_ev,,0.0992,0.096,0.75,0.8,0.6951,0.1381,0.1883,0.75,0.8,0.8198,0.377,0.3373,1.0288,1.0206,1.021
alexandre_pierre__hai,Alexandre Pierre,HAI,Haiti,GK,2500000,2500000,0.3095,transfermarkt_availability_split_2026_06_01,0.028136,0.156678,0.156678,48787,Haiti,2500000,True,True,name_team_position,1.0,,,,SCO,2026-06-14 03:00,,,,,,,,,,,,0.056653,0.056653,BRA,2026-06-20 03:00,,,,,,,,,,,,0.049992,0.047492,MAR,2026-06-25 00:00,,,,,,,,,,,,0.058369,0.052532,,51968,1129,2500000,GK,False,,2.5,0.0,0.196875,0.3481734374999999,0.0,0.036914,0.45,True,1.35,alexandre pierre,hai,GK,alexandre pierre|hai|GK,alexandre pierre|hai,alexandre pierre|hai,distributed_from_existing_optimizer_ev,,0.1468,0.1573,0.75,0.8,0.7779,0.0315,0.0461,0.75,0.8,0.6278,0.1136,0.096,0.75,0.8,0.6951
josue_duverger__hai,Josue Duverger,HAI,Haiti,GK,2500000,2500000,0.0664,transfermarkt_availability_split_2026_06_01,0.006036,0.156678,0.156678,49341,Haiti,2500000,True,True,name_team_position,1.0,,,,SCO,2026-06-14 03:00,,,,,,,,,,,,0.056653,0.056653,BRA,2026-06-20 03:00,,,,,,,,,,,,0.049992,0.047492,MAR,2026-06-25 00:00,,,,,,,,,,,,0.058369,0.052532,,51969,1129,2500000,GK,False,,2.5,0.0,0.196875,0.3481734374999999,0.0,0.036914,0.45,True,1.35,josue duverger,hai,GK,josue duverger|hai|GK,josue duverger|hai,duverger josue|hai,distributed_from_existing_optimizer_ev,,0.1468,0.1573,0.75,0.8,0.7779,0.0315,0.0461,0.75,0.8,0.6278,0.1136,0.096,0.75,0.8,0.6951
tyrick_bodak__cuw,Tyrick Bodak,CUW,Curaçao,GK,2500000,2500000,0.0892,transfermarkt_availability_split_2026_06_01,0.008109,0.156678,0.156678,49916,Curaçao,2500000,True,True,name_team_position,1.0,,,,GER,2026-06-14 19:00,,,,,,,,,,,,0.047391,0.047391,ECU,2026-06-21 02:00,,,,,,,,,,,,0.056681,0.053847,CIV,2026-06-25 22:00,,,,,,,,,,,,0.061599,0.05544,,50224,1128,2500000,GK,False,,2.5,0.0,0.196875,0.3481734374999999,0.0,0.036914,0.45,True,1.35,tyrick bodak,cuw,GK,tyrick bodak|cuw|GK,tyrick bodak|cuw,bodak tyrick|cuw,distributed_from_existing_optimizer_ev,,0.0208,0.0335,0.75,0.8,0.6108,0.0861,0.1192,0.75,0.8,0.7265,0.1097,0.1358,0.75,0.8,0.7489
trevor_doornbusch__cuw,Trevor Doornbusch,CUW,Curaçao,GK,2500000,2500000,0.0814,transfermarkt_availability_split_2026_06_01,0.0074,0.156678,0.156678,49910,Curaçao,2500000,True,True,name_team_position,1.0,,,,GER,2026-06-14 19:00,,,,,,,,,,,,0.047391,0.047391,ECU,2026-06-21 02:00,,,,,,,,,,,,0.056681,0.053847,CIV,2026-06-25 22:00,,,,,,,,,,,,0.061599,0.05544,,50225,1128,2500000,GK,False,,2.5,0.0,0.196875,0.3481734374999999,0.0,0.036914,0.45,True,1.35,trevor doornbusch,cuw,GK,trevor doornbusch|cuw|GK,trevor doornbusch|cuw,doornbusch trevor|cuw,distributed_from_existing_optimizer_ev,,0.0208,0.0335,0.75,0.8,0.6108,0.0861,0.1192,0.75,0.8,0.7265,0.1097,0.1358,0.75,0.8,0.7489
marcio_rosa__cpv,Marcio Rosa,CPV,Kap Verde,GK,2500000,2500000,0.1599,transfermarkt_availability_split_2026_06_01,0.014536,0.156678,0.156678,49492,Kap Verde,2500000,True,True,name_team_position,1.0,,,,ESP,2026-06-15 18:00,,,,,,,,,,,,0.042685,0.042685,URU,2026-06-22 00:00,,,,,,,,,,,,0.052754,0.050117,KSA,2026-06-27 02:00,,,,,,,,,,,,0.070974,0.063877,,49706,1125,2500000,GK,False,,2.5,0.0,0.196875,0.3481734374999999,0.0,0.036914,0.45,True,1.35,marcio rosa,cpv,GK,marcio rosa|cpv|GK,marcio rosa|cpv,marcio rosa|cpv,distributed_from_existing_optimizer_ev,,0.0376,0.0509,0.75,0.8,0.6343,0.1342,0.1573,0.75,0.8,0.7779,0.3409,0.3373,0.9681,0.9772,1.021
vozinha__cpv,Vozinha,CPV,Kap Verde,GK,2500000,2500000,0.8342,transfermarkt_availability_split_2026_06_01,0.075836,0.156678,0.156678,49935,Kap Verde,2500000,True,True,name_team_position,1.0,,,,ESP,2026-06-15 18:00,,,,,,,,,,,,0.042685,0.042685,URU,2026-06-22 00:00,,,,,,,,,,,,0.052754,0.050117,KSA,2026-06-27 02:00,,,,,,,,,,,,0.070974,0.063877,,49707,1125,2500000,GK,False,,2.5,0.0,0.196875,0.3481734374999999,0.0,0.036914,0.45,True,1.35,vozinha,cpv,GK,vozinha|cpv|GK,vozinha|cpv,vozinha|cpv,distributed_from_existing_optimizer_ev,,0.0376,0.0509,0.75,0.8,0.6343,0.1342,0.1573,0.75,0.8,0.7779,0.3409,0.3373,0.9681,0.9772,1.021
abdallah_al_fakhouri__jor,Abdallah Al-Fakhouri,JOR,Jordan,GK,2500000,2500000,0.3942,transfermarkt_availability_split_2026_06_01,0.035836,0.156678,0.156678,48714,Jordan,2500000,True,True,name_team_position,1.0,,,,AUT,2026-06-17 06:00,,,,,,,,,,,,0.05141,0.05141,ALG,2026-06-23 05:00,,,,,,,,,,,,0.059921,0.056925,ARG,2026-06-28 04:00,,,,,,,,,,,,0.053715,0.048343,,52222,1123,2500000,GK,False,,2.5,0.0,0.196875,0.3481734374999999,0.0,0.036914,0.45,True,1.35,abdallah al fakhouri,jor,GK,abdallah al fakhouri|jor|GK,abdallah al fakhouri|jor,abdallah al fakhouri|jor,distributed_from_existing_optimizer_ev,,0.1177,0.1192,0.75,0.8,0.7265,0.192,0.1883,0.75,0.8175,0.8198,0.0659,0.0871,0.75,0.8,0.6832
lionel_mpasi_nzau__cod,Lionel Mpasi Nzau,COD,Congo DR,GK,2500000,2500000,0.25,holdet_official_unmatched_default,0.0227272727272727,0.156678,0.156678,49443,Congo DR,2500000,True,True,name_team_position,1.0,,,,POR,2026-06-17 19:00,,,,,,,,,,,,0.04463,0.04463,COL,2026-06-24 04:00,,,,,,,,,,,,0.052269,0.049656,UZB,2026-06-28 01:30,,,,,,,,,,,,0.069325,0.062393,,52061,1145,2500000,GK,False,,2.5,0.0,0.196875,0.3481734374999999,0.0,0.036914,0.45,True,1.35,lionel mpasi nzau,cod,GK,lionel mpasi nzau|cod|GK,lionel mpasi nzau|cod,lionel mpasi nzau|cod,distributed_from_existing_optimizer_ev,,0.0992,0.096,0.75,0.8,0.6951,0.1381,0.1883,0.75,0.8,0.8198,0.377,0.3373,1.0288,1.0206,1.021
abdel_rahman_al_talalga__jor,Abdel Rahman Al-Talalga,JOR,Jordan,GK,2500000,2500000,0.7262,transfermarkt_availability_split_2026_06_01,0.066018,0.156678,0.156678,48717,Jordan,2500000,True,True,name_team_position,1.0,,,,AUT,2026-06-17 06:00,,,,,,,,,,,,0.05141,0.05141,ALG,2026-06-23 05:00,,,,,,,,,,,,0.059921,0.056925,ARG,2026-06-28 04:00,,,,,,,,,,,,0.053715,0.048343,,52224,1123,2500000,GK,False,,2.5,0.0,0.196875,0.3481734374999999,0.0,0.036914,0.45,True,1.35,abdel rahman al talalga,jor,GK,abdel rahman al talalga|jor|GK,abdel rahman al talalga|jor,abdel al rahman talalga|jor,distributed_from_existing_optimizer_ev,,0.1177,0.1192,0.75,0.8,0.7265,0.192,0.1883,0.75,0.8175,0.8198,0.0659,0.0871,0.75,0.8,0.6832
utkir_yusupov__uzb,Utkir Yusupov,UZB,Usbekistan,GK,2500000,2500000,0.6701,transfermarkt_availability_split_2026_06_01,0.060918,0.156678,0.156678,49921,Usbekistan,2500000,True,True,name_team_position,1.0,,,,COL,2026-06-18 04:00,,,,,,,,,,,,0.049123,0.049123,POR,2026-06-23 19:00,,,,,,,,,,,,0.048169,0.045761,COD,2026-06-28 01:30,,,,,,,,,,,,0.06866,0.061794,,49776,1122,2500000,GK,False,,2.5,0.0,0.196875,0.3481734374999999,0.0,0.036914,0.45,True,1.35,utkir yusupov,uzb,GK,utkir yusupov|uzb|GK,utkir yusupov|uzb,utkir yusupov|uzb,distributed_from_existing_optimizer_ev,,0.121,0.1573,0.75,0.8,0.7779,0.0975,0.096,0.75,0.8,0.6951,0.3358,0.3119,0.9712,0.9794,0.9866
abduvokhid_nematov__uzb,Abduvokhid Nematov,UZB,Usbekistan,GK,2500000,2500000,0.3347,transfermarkt_availability_split_2026_06_01,0.030427,0.156678,0.156678,48730,Usbekistan,2500000,True,True,name_team_position,1.0,,,,COL,2026-06-18 04:00,,,,,,,,,,,,0.049123,0.049123,POR,2026-06-23 19:00,,,,,,,,,,,,0.048169,0.045761,COD,2026-06-28 01:30,,,,,,,,,,,,0.06866,0.061794,,49777,1122,2500000,GK,False,,2.5,0.0,0.196875,0.3481734374999999,0.0,0.036914,0.45,True,1.35,abduvokhid nematov,uzb,GK,abduvokhid nematov|uzb|GK,abduvokhid nematov|uzb,abduvokhid nematov|uzb,distributed_from_existing_optimizer_ev,,0.121,0.1573,0.75,0.8,0.7779,0.0975,0.096,0.75,0.8,0.6951,0.3358,0.3119,0.9712,0.9794,0.9866
botirali_ergashev__uzb,Botirali Ergashev,UZB,Usbekistan,GK,2500000,2500000,0.0717,transfermarkt_availability_split_2026_06_01,0.006518,0.156678,0.156678,48906,Usbekistan,2500000,True,True,name_team_position,1.0,,,,COL,2026-06-18 04:00,,,,,,,,,,,,0.049123,0.049123,POR,2026-06-23 19:00,,,,,,,,,,,,0.048169,0.045761,COD,2026-06-28 01:30,,,,,,,,,,,,0.06866,0.061794,,49778,1122,2500000,GK,False,,2.5,0.0,0.196875,0.3481734374999999,0.0,0.036914,0.45,True,1.35,botirali ergashev,uzb,GK,botirali ergashev|uzb|GK,botirali ergashev|uzb,botirali ergashev|uzb,distributed_from_existing_optimizer_ev,,0.121,0.1573,0.75,0.8,0.7779,0.0975,0.096,0.75,0.8,0.6951,0.3358,0.3119,0.9712,0.9794,0.9866
owen_goodman__can,Owen Goodman,CAN,Canada,GK,2500000,2500000,0.0449,transfermarkt_availability_split_2026_06_01,0.004082,0.156678,0.156678,49700,Canada,2500000,True,True,name_team_position,1.0,,,,BIH,2026-06-12 21:00,,,,,,,,,,,,0.053189,0.053189,QAT,2026-06-19 00:00,,,,,,,,,,,,0.064508,0.061282,SUI,2026-06-24 21:00,,,,,,,,,,,,0.046896,0.042206,,43407,1059,2500000,GK,False,,2.5,0.0,0.196875,0.3481734374999999,0.0,0.036914,0.45,True,1.35,owen goodman,can,GK,owen goodman|can|GK,owen goodman|can,goodman owen|can,distributed_from_existing_optimizer_ev,,0.5217,0.4226,1.2083,1.1487,1.136,0.6709,0.5774,1.35,1.25,1.3451,0.2572,0.25,0.8597,0.8998,0.903
mahmoud_abunada__qat,Mahmoud Abunada,QAT,Qatar,GK,2500000,2500000,0.215,transfermarkt_availability_split_2026_06_01,0.019545,0.156678,0.156678,49476,Qatar,2500000,True,True,name_team_position,1.0,,,,SUI,2026-06-13 21:00,,,,,,,,,,,,0.049328,0.049328,CAN,2026-06-19 00:00,,,,,,,,,,,,0.054604,0.051874,BIH,2026-06-24 21:00,,,,,,,,,,,,0.06164,0.055476,,49620,1009,2500000,GK,False,,2.5,0.0,0.196875,0.3481734374999999,0.0,0.036914,0.45,True,1.35,mahmoud abunada,qat,GK,mahmoud abunada|qat|GK,mahmoud abunada|qat,abunada mahmoud|qat,distributed_from_existing_optimizer_ev,,0.1026,0.1063,0.75,0.8,0.7091,0.1262,0.1459,0.75,0.8,0.7624,0.1816,0.1883,0.75,0.8081,0.8198
shehab_ellethy__qat,Shehab Ellethy,QAT,Qatar,GK,2500000,2500000,0.0614,transfermarkt_availability_split_2026_06_01,0.005582,0.156678,0.156678,49843,Qatar,2500000,True,True,name_team_position,1.0,,,,SUI,2026-06-13 21:00,,,,,,,,,,,,0.049328,0.049328,CAN,2026-06-19 00:00,,,,,,,,,,,,0.054604,0.051874,BIH,2026-06-24 21:00,,,,,,,,,,,,0.06164,0.055476,,49621,1009,2500000,GK,False,,2.5,0.0,0.196875,0.3481734374999999,0.0,0.036914,0.45,True,1.35,shehab ellethy,qat,GK,shehab ellethy|qat|GK,shehab ellethy|qat,ellethy shehab|qat,distributed_from_existing_optimizer_ev,,0.1026,0.1063,0.75,0.8,0.7091,0.1262,0.1459,0.75,0.8,0.7624,0.1816,0.1883,0.75,0.8081,0.8198
mohammed_al_rubaie_al_yami__ksa,Mohammed Al-Rubaie Al-Yami,KSA,Saudi-Arabien,GK,2500000,2500000,0.1312,transfermarkt_availability_split_2026_06_01,0.011927,0.156678,0.156678,49593,Saudi-Arabien,2500000,True,True,name_team_position,1.0,,,,URU,2026-06-16 00:00,,,,,,,,,,,,0.050051,0.050051,ESP,2026-06-21 18:00,,,,,,,,,,,,0.045618,0.043337,CPV,2026-06-27 02:00,,,,,,,,,,,,0.070322,0.06329,,43335,977,2500000,GK,False,,2.5,0.0,0.196875,0.3481734374999999,0.0,0.036914,0.45,True,1.35,mohammed al rubaie al yami,ksa,GK,mohammed al rubaie al yami|ksa|GK,mohammed al rubaie al yami|ksa,al al mohammed rubaie yami|ksa,distributed_from_existing_optimizer_ev,,0.1516,0.1573,0.75,0.8,0.7779,0.0405,0.0741,0.75,0.8,0.6655,0.3865,0.3119,1.0319,1.0228,0.9866
abdulrahman_al_sanbi__ksa,Abdulrahman Al-Sanbi,KSA,Saudi-Arabien,GK,2500000,2500000,0.1409,transfermarkt_availability_split_2026_06_01,0.012809,0.156678,0.156678,48729,Saudi-Arabien,2500000,True,True,name_team_position,1.0,,,,URU,2026-06-16 00:00,,,,,,,,,,,,0.050051,0.050051,ESP,2026-06-21 18:00,,,,,,,,,,,,0.045618,0.043337,CPV,2026-06-27 02:00,,,,,,,,,,,,0.070322,0.06329,,49636,977,2500000,GK,False,,2.5,0.0,0.196875,0.3481734374999999,0.0,0.036914,0.45,True,1.35,abdulrahman al sanbi,ksa,GK,abdulrahman al sanbi|ksa|GK,abdulrahman al sanbi|ksa,abdulrahman al sanbi|ksa,distributed_from_existing_optimizer_ev,,0.1516,0.1573,0.75,0.8,0.7779,0.0405,0.0741,0.75,0.8,0.6655,0.3865,0.3119,1.0319,1.0228,0.9866
abdelmouhib_chamakh__tun,Abdelmouhib Chamakh,TUN,Tunesien,GK,2500000,2500000,0.45,transfermarkt_availability_split_2026_06_01,0.040909,0.156678,0.156678,48719,Tunesien,2500000,True,True,name_team_position,1.0,,,,SWE,2026-06-15 04:00,,,,,,,,,,,,0.054449,0.054449,JPN,2026-06-21 06:00,,,,,,,,,,,,0.055776,0.052987,NED,2026-06-26 01:00,,,,,,,,,,,,0.054713,0.049241,,52234,976,2500000,GK,False,,2.5,0.0,0.196875,0.3481734374999999,0.0,0.036914,0.45,True,1.35,abdelmouhib chamakh,tun,GK,abdelmouhib chamakh|tun|GK,abdelmouhib chamakh|tun,abdelmouhib chamakh|tun,distributed_from_existing_optimizer_ev,,0.2351,0.25,0.8278,0.877,0.903,0.2059,0.2337,0.7852,0.8466,0.881,0.1645,0.1717,0.75,0.8,0.7973
sabri_ben_hessen__tun,Sabri Ben Hessen,TUN,Tunesien,GK,2500000,2500000,0.1131,transfermarkt_availability_split_2026_06_01,0.010282,0.156678,0.156678,49809,Tunesien,2500000,True,True,name_team_position,1.0,,,,SWE,2026-06-15 04:00,,,,,,,,,,,,0.054449,0.054449,JPN,2026-06-21 06:00,,,,,,,,,,,,0.055776,0.052987,NED,2026-06-26 01:00,,,,,,,,,,,,0.054713,0.049241,,52248,976,2500000,GK,False,,2.5,0.0,0.196875,0.3481734374999999,0.0,0.036914,0.45,True,1.35,sabri ben hessen,tun,GK,sabri ben hessen|tun|GK,sabri ben hessen|tun,ben hessen sabri|tun,distributed_from_existing_optimizer_ev,,0.2351,0.25,0.8278,0.877,0.903,0.2059,0.2337,0.7852,0.8466,0.881,0.1645,0.1717,0.75,0.8,0.7973
el_mehdi_al_harrar__mar,El Mehdi Al Harrar,MAR,Marokko,GK,2500000,2500000,0.3112,transfermarkt_availability_split_2026_06_01,0.028291,0.156678,0.156678,49051,Marokko,2500000,True,True,name_team_position,1.0,,,,BRA,2026-06-14 00:00,,,,,,,,,,,,0.03991,0.03991,SCO,2026-06-20 00:00,,,,,,,,,,,,0.05613,0.053323,HAI,2026-06-25 00:00,,,,,,,,,,,,0.070494,0.063445,,49576,974,2500000,GK,False,,2.5,0.0,0.196875,0.3481734374999999,0.0,0.036914,0.45,True,1.35,el mehdi al harrar,mar,GK,el mehdi al harrar|mar|GK,el mehdi al harrar|mar,al el harrar mehdi|mar,distributed_from_existing_optimizer_ev,,0.174,0.1883,0.75,0.8,0.8198,0.4539,0.411,1.1441,1.103,1.1204,0.699,0.5585,1.35,1.25,1.3195
mohamed_alaa__egy,Mohamed Alaa,EGY,Egypten,GK,2500000,2500000,0.0442,transfermarkt_availability_split_2026_06_01,0.004018,0.156678,0.156678,49573,Egypten,2500000,True,True,name_team_position,1.0,,,,BEL,2026-06-15 21:00,,,,,,,,,,,,0.041737,0.041737,NZL,2026-06-22 03:00,,,,,,,,,,,,0.063108,0.059953,IRN,2026-06-27 05:00,,,,,,,,,,,,0.061097,0.054988,,52167,973,2500000,GK,False,,2.5,0.0,0.196875,0.3481734374999999,0.0,0.036914,0.45,True,1.35,mohamed alaa,egy,GK,mohamed alaa|egy|GK,mohamed alaa|egy,alaa mohamed|egy,distributed_from_existing_optimizer_ev,,0.1929,0.1717,0.75,0.8135,0.7973,0.5501,0.4624,1.2503,1.1787,1.1897,0.4067,0.411,1.0887,1.0634,1.1204
luis_mejia__pan,Luis Mejia,PAN,Panama,GK,2500000,2500000,0.3979,transfermarkt_availability_split_2026_06_01,0.036173,0.156678,0.156678,49462,Panama,2500000,True,True,name_team_position,1.0,,,,GHA,2026-06-18 01:00,,,,,,,,,,,,0.058443,0.058443,CRO,2026-06-24 01:00,,,,,,,,,,,,0.054209,0.051498,ENG,2026-06-27 23:00,,,,,,,,,,,,0.05193,0.046737,,50552,971,2500000,GK,False,,2.5,0.0,0.196875,0.3481734374999999,0.0,0.036914,0.45,True,1.35,luis mejia,pan,GK,luis mejia|pan|GK,luis mejia|pan,luis mejia|pan,distributed_from_existing_optimizer_ev,,0.2721,0.25,0.865,0.9036,0.903,0.1487,0.1717,0.75,0.8,0.7973,0.0833,0.1063,0.75,0.8,0.7091
cesar_samudio__pan,Cesar Samudio,PAN,Panama,GK,2500000,2500000,0.0443,transfermarkt_availability_split_2026_06_01,0.004027,0.156678,0.156678,48945,Panama,2500000,True,True,name_team_position,1.0,,,,GHA,2026-06-18 01:00,,,,,,,,,,,,0.058443,0.058443,CRO,2026-06-24 01:00,,,,,,,,,,,,0.054209,0.051498,ENG,2026-06-27 23:00,,,,,,,,,,,,0.05193,0.046737,,50553,971,2500000,GK,False,,2.5,0.0,0.196875,0.3481734374999999,0.0,0.036914,0.45,True,1.35,cesar samudio,pan,GK,cesar samudio|pan|GK,cesar samudio|pan,cesar samudio|pan,distributed_from_existing_optimizer_ev,,0.2721,0.25,0.865,0.9036,0.903,0.1487,0.1717,0.75,0.8,0.7973,0.0833,0.1063,0.75,0.8,0.7091
fahad_talib__irq,Fahad Talib,IRQ,Irak,GK,2500000,2500000,0.2031,transfermarkt_availability_split_2026_06_01,0.018464,0.156678,0.156678,49092,Irak,2500000,True,True,name_team_position,1.0,,,,NOR,2026-06-17 00:00,,,,,,,,,,,,0.051547,0.051547,FRA,2026-06-22 23:00,,,,,,,,,,,,0.051245,0.048683,SEN,2026-06-26 21:00,,,,,,,,,,,,0.06272,0.056448,,34611,947,2500000,GK,False,,2.5,0.0,0.196875,0.3481734374999999,0.0,0.036914,0.45,True,1.35,fahad talib,irq,GK,fahad talib|irq|GK,fahad talib|irq,fahad talib|irq,distributed_from_existing_optimizer_ev,,0.0886,0.096,0.75,0.8,0.6951,0.0471,0.0643,0.75,0.8,0.6523,0.1479,0.1573,0.75,0.8,0.7779
kumel_al_rekabe__irq,Kumel Al-Rekabe,IRQ,Irak,GK,2500000,2500000,0.2003,transfermarkt_availability_split_2026_06_01,0.018209,0.156678,0.156678,49415,Irak,2500000,True,True,name_team_position,1.0,,,,NOR,2026-06-17 00:00,,,,,,,,,,,,0.051547,0.051547,FRA,2026-06-22 23:00,,,,,,,,,,,,0.051245,0.048683,SEN,2026-06-26 21:00,,,,,,,,,,,,0.06272,0.056448,,52176,947,2500000,GK,False,,2.5,0.0,0.196875,0.3481734374999999,0.0,0.036914,0.45,True,1.35,kumel al rekabe,irq,GK,kumel al rekabe|irq|GK,kumel al rekabe|irq,al kumel rekabe|irq,distributed_from_existing_optimizer_ev,,0.0886,0.096,0.75,0.8,0.6951,0.0471,0.0643,0.75,0.8,0.6523,0.1479,0.1573,0.75,0.8,0.7779
ahmed_basil_fadhil__irq,Ahmed Basil Fadhil,IRQ,Irak,GK,2500000,2500000,0.2355,transfermarkt_availability_split_2026_06_01,0.021409,0.156678,0.156678,48744,Irak,2500000,True,True,name_team_position,1.0,,,,NOR,2026-06-17 00:00,,,,,,,,,,,,0.051547,0.051547,FRA,2026-06-22 23:00,,,,,,,,,,,,0.051245,0.048683,SEN,2026-06-26 21:00,,,,,,,,,,,,0.06272,0.056448,,52078,947,2500000,GK,False,,2.5,0.0,0.196875,0.3481734374999999,0.0,0.036914,0.45,True,1.35,ahmed basil fadhil,irq,GK,ahmed basil fadhil|irq|GK,ahmed basil fadhil|irq,ahmed basil fadhil|irq,distributed_from_existing_optimizer_ev,,0.0886,0.096,0.75,0.8,0.6951,0.0471,0.0643,0.75,0.8,0.6523,0.1479,0.1573,0.75,0.8,0.7779
mohammad_khalife__irn,Mohammad Khalife,IRN,Iran,GK,2500000,2500000,0.4355,transfermarkt_availability_split_2026_06_01,0.039591,0.156678,0.156678,49590,Iran,2500000,True,True,name_team_position,1.0,,,,NZL,2026-06-16 03:00,,,,,,,,,,,,0.062005,0.062005,BEL,2026-06-21 21:00,,,,,,,,,,,,0.044978,0.042729,EGY,2026-06-27 05:00,,,,,,,,,,,,0.057716,0.051944,,49517,883,2500000,GK,False,,2.5,0.0,0.196875,0.3481734374999999,0.0,0.036914,0.45,True,1.35,mohammad khalife,irn,GK,mohammad khalife|irn|GK,mohammad khalife|irn,khalife mohammad|irn,distributed_from_existing_optimizer_ev,,0.5072,0.411,1.1982,1.1416,1.1204,0.1282,0.1459,0.75,0.8,0.7624,0.28,0.2904,0.9113,0.9366,0.9576
osman_hadzikic__bih,Osman Hadzikic,BIH,Bosnien-Hercegovina,GK,2500000,2500000,0.0478,transfermarkt_availability_split_2026_06_01,0.004345,0.156678,0.156678,49692,Bosnien-Hercegovina,2500000,True,True,name_team_position,1.0,,,,CAN,2026-06-12 21:00,,,,,,,,,,,,0.047667,0.047667,SUI,2026-06-18 21:00,,,,,,,,,,,,0.046998,0.044648,QAT,2026-06-24 21:00,,,,,,,,,,,,0.071515,0.064363,,52120,882,2500000,GK,False,,2.5,0.0,0.196875,0.3481734374999999,0.0,0.036914,0.45,True,1.35,osman hadzikic,bih,GK,osman hadzikic|bih|GK,osman hadzikic|bih,hadzikic osman|bih,distributed_from_existing_optimizer_ev,,0.2242,0.2337,0.7917,0.8512,0.881,0.1691,0.1883,0.75,0.8,0.8198,0.5653,0.4624,1.2686,1.1919,1.1897
moises_ramirez__ecu,Moises Ramirez,ECU,Ecuador,GK,2500000,2500000,0.128,transfermarkt_availability_split_2026_06_01,0.011636,0.156678,0.156678,49602,Ecuador,2500000,True,True,name_team_position,1.0,,,,CIV,2026-06-15 01:00,,,,,,,,,,,,0.052868,0.052868,CUW,2026-06-21 02:00,,,,,,,,,,,,0.06759,0.064211,GER,2026-06-25 22:00,,,,,,,,,,,,0.043999,0.039599,,43271,881,2500000,GK,False,,2.5,0.0,0.196875,0.3481734374999999,0.0,0.036914,0.45,True,1.35,moises ramirez,ecu,GK,moises ramirez|ecu|GK,moises ramirez|ecu,moises ramirez|ecu,distributed_from_existing_optimizer_ev,,0.4138,0.4226,1.1056,1.0754,1.136,0.7371,0.5585,1.35,1.25,1.3195,0.1872,0.1717,0.75,0.8082,0.7973
david_cabezas__ecu,David Cabezas,ECU,Ecuador,GK,2500000,2500000,0.8427,transfermarkt_availability_split_2026_06_01,0.076609,0.156678,0.156678,48992,Ecuador,2500000,True,True,name_team_position,1.0,,,,CIV,2026-06-15 01:00,,,,,,,,,,,,0.052868,0.052868,CUW,2026-06-21 02:00,,,,,,,,,,,,0.06759,0.064211,GER,2026-06-25 22:00,,,,,,,,,,,,0.043999,0.039599,,52157,881,2500000,GK,False,,2.5,0.0,0.196875,0.3481734374999999,0.0,0.036914,0.45,True,1.35,david cabezas,ecu,GK,david cabezas|ecu|GK,david cabezas|ecu,cabezas david|ecu,distributed_from_existing_optimizer_ev,,0.4138,0.4226,1.1056,1.0754,1.136,0.7371,0.5585,1.35,1.25,1.3195,0.1872,0.1717,0.75,0.8082,0.7973
chris_brady__usa,Chris Brady,USA,USA,GK,2500000,2500000,0.0425,transfermarkt_availability_split_2026_06_01,0.003864,0.156678,0.156678,48955,USA,2500000,True,True,name_team_position,1.0,,,,PAR,2026-06-13 03:00,,,,,,,,,,,,0.053878,0.053878,AUS,2026-06-19 21:00,,,,,,,,,,,,0.058632,0.0557,TUR,2026-06-26 04:00,,,,,,,,,,,,0.052333,0.0471,,49798,784,2500000,GK,False,,2.5,0.0,0.196875,0.3481734374999999,0.0,0.036914,0.45,True,1.35,chris brady,usa,GK,chris brady|usa|GK,chris brady|usa,brady chris|usa,distributed_from_existing_optimizer_ev,,0.4761,0.411,1.1552,1.1109,1.1204,0.5448,0.4226,1.2373,1.1695,1.136,0.3714,0.2766,1.0099,1.0071,0.9389
patrick_schulte__usa,Patrick Schulte,USA,USA,GK,2500000,2500000,0.2263,transfermarkt_availability_split_2026_06_01,0.020573,0.156678,0.156678,49716,USA,2500000,True,True,name_team_position,1.0,,,,PAR,2026-06-13 03:00,,,,,,,,,,,,0.053878,0.053878,AUS,2026-06-19 21:00,,,,,,,,,,,,0.058632,0.0557,TUR,2026-06-26 04:00,,,,,,,,,,,,0.052333,0.0471,,49799,784,2500000,GK,False,,2.5,0.0,0.196875,0.3481734374999999,0.0,0.036914,0.45,True,1.35,patrick schulte,usa,GK,patrick schulte|usa|GK,patrick schulte|usa,patrick schulte|usa,distributed_from_existing_optimizer_ev,,0.4761,0.411,1.1552,1.1109,1.1204,0.5448,0.4226,1.2373,1.1695,1.136,0.3714,0.2766,1.0099,1.0071,0.9389
juan_espinola__par,Juan Espinola,PAR,Paraguay,GK,2500000,2500000,0.043,transfermarkt_availability_split_2026_06_01,0.003909,0.156678,0.156678,49346,Paraguay,2500000,True,True,name_team_position,1.0,,,,USA,2026-06-13 03:00,,,,,,,,,,,,0.04874,0.04874,TUR,2026-06-20 06:00,,,,,,,,,,,,0.052896,0.050251,AUS,2026-06-26 04:00,,,,,,,,,,,,0.064097,0.057687,,38347,778,2500000,GK,False,,2.5,0.0,0.196875,0.3481734374999999,0.0,0.036914,0.45,True,1.35,juan espinola,par,GK,juan espinola|par|GK,juan espinola|par,espinola juan|par,distributed_from_existing_optimizer_ev,,0.2544,0.25,0.8448,0.8891,0.903,0.2759,0.2766,0.898,0.9272,0.9389,0.4351,0.375,1.1143,1.0817,1.0718
ricardo_goss__rsa,Ricardo Goss,RSA,Sydafrika,GK,2500000,2500000,0.086,transfermarkt_availability_split_2026_06_01,0.007818,0.156678,0.156678,49766,Sydafrika,2500000,True,True,name_team_position,1.0,,,,MEX,2026-06-11 21:00,,,,,,,,,,,,0.048294,0.048294,CZE,2026-06-18 18:00,,,,,,,,,,,,0.056824,0.053983,KOR,2026-06-25 03:00,,,,,,,,,,,,0.060445,0.054401,,49657,782,2500000,GK,False,,2.5,0.0,0.196875,0.3481734374999999,0.0,0.036914,0.45,True,1.35,ricardo goss,rsa,GK,ricardo goss|rsa|GK,ricardo goss|rsa,goss ricardo|rsa,distributed_from_existing_optimizer_ev,,0.1379,0.1717,0.75,0.8,0.7973,0.2281,0.25,0.8178,0.8699,0.903,0.2711,0.2337,0.881,0.915,0.881
sipho_chaine__rsa,Sipho Chaine,RSA,Sydafrika,GK,2500000,2500000,0.1051,transfermarkt_availability_split_2026_06_01,0.009555,0.156678,0.156678,49855,Sydafrika,2500000,True,True,name_team_position,1.0,,,,MEX,2026-06-11 21:00,,,,,,,,,,,,0.048294,0.048294,CZE,2026-06-18 18:00,,,,,,,,,,,,0.056824,0.053983,KOR,2026-06-25 03:00,,,,,,,,,,,,0.060445,0.054401,,49659,782,2500000,GK,False,,2.5,0.0,0.196875,0.3481734374999999,0.0,0.036914,0.45,True,1.35,sipho chaine,rsa,GK,sipho chaine|rsa|GK,sipho chaine|rsa,chaine sipho|rsa,distributed_from_existing_optimizer_ev,,0.1379,0.1717,0.75,0.8,0.7973,0.2281,0.25,0.8178,0.8699,0.903,0.2711,0.2337,0.881,0.915,0.881
carlos_miguel_coronel__par,Carlos Miguel Coronel,PAR,Paraguay,GK,2500000,2500000,0.3554,transfermarkt_availability_split_2026_06_01,0.032309,0.156678,0.156678,48936,Paraguay,2500000,True,True,name_team_position,1.0,,,,USA,2026-06-13 03:00,,,,,,,,,,,,0.04874,0.04874,TUR,2026-06-20 06:00,,,,,,,,,,,,0.052896,0.050251,AUS,2026-06-26 04:00,,,,,,,,,,,,0.064097,0.057687,,37045,778,2500000,GK,False,,2.5,0.0,0.196875,0.3481734374999999,0.0,0.036914,0.45,True,1.35,carlos miguel coronel,par,GK,carlos miguel coronel|par|GK,carlos miguel coronel|par,carlos coronel miguel|par,distributed_from_existing_optimizer_ev,,0.2544,0.25,0.8448,0.8891,0.903,0.2759,0.2766,0.898,0.9272,0.9389,0.4351,0.375,1.1143,1.0817,1.0718
michael_woud__nzl,Michael Woud,NZL,New Zealand,GK,2500000,2500000,0.2867,transfermarkt_availability_split_2026_06_01,0.026064,0.156678,0.156678,49557,New Zealand,2500000,True,True,name_team_position,1.0,,,,IRN,2026-06-16 03:00,,,,,,,,,,,,0.05627,0.05627,EGY,2026-06-22 03:00,,,,,,,,,,,,0.056786,0.053947,BEL,2026-06-27 05:00,,,,,,,,,,,,0.051623,0.046461,,52231,776,2500000,GK,False,,2.5,0.0,0.196875,0.3481734374999999,0.0,0.036914,0.45,True,1.35,michael woud,nzl,GK,michael woud|nzl|GK,michael woud|nzl,michael woud|nzl,distributed_from_existing_optimizer_ev,,0.224,0.25,0.8018,0.8584,0.903,0.1926,0.217,0.75,0.8213,0.8585,0.0988,0.1063,0.75,0.8,0.7091
joseph_anang__gha,Joseph Anang,GHA,Ghana,GK,2500000,2500000,0.0924,transfermarkt_availability_split_2026_06_01,0.0084,0.156678,0.156678,49334,Ghana,2500000,True,True,name_team_position,1.0,,,,PAN,2026-06-18 01:00,,,,,,,,,,,,0.063101,0.063101,ENG,2026-06-23 22:00,,,,,,,,,,,,0.045986,0.043687,CRO,2026-06-27 23:00,,,,,,,,,,,,0.055434,0.04989,,39165,770,2500000,GK,False,,2.5,0.0,0.196875,0.3481734374999999,0.0,0.036914,0.45,True,1.35,joseph anang,gha,GK,joseph anang|gha|GK,joseph anang|gha,anang joseph|gha,distributed_from_existing_optimizer_ev,,0.4649,0.375,1.135,1.0964,1.0718,0.1101,0.1192,0.75,0.8,0.7265,0.197,0.217,0.7558,0.8256,0.8585
ivor_pandur__cro,Ivor Pandur,CRO,Kroatien,GK,2500000,2500000,0.0456,transfermarkt_availability_split_2026_06_01,0.004145,0.156678,0.156678,49237,Kroatien,2500000,True,True,name_team_position,1.0,,,,ENG,2026-06-17 22:00,,,,,,,,,,,,0.041164,0.041164,PAN,2026-06-24 01:00,,,,,,,,,,,,0.062402,0.059282,GHA,2026-06-27 23:00,,,,,,,,,,,,0.062479,0.056232,,40965,588,2500000,GK,False,,2.5,0.0,0.196875,0.3481734374999999,0.0,0.036914,0.45,True,1.35,ivor pandur,cro,GK,ivor pandur|cro|GK,ivor pandur|cro,ivor pandur|cro,distributed_from_existing_optimizer_ev,,0.2039,0.2077,0.7626,0.8304,0.846,0.6189,0.4865,1.3291,1.2351,1.2223,0.5459,0.4415,1.2442,1.1744,1.1615
nikolas_polster__aut,Nikolas Polster,AUT,Østrig,GK,2500000,2500000,0.0433,transfermarkt_availability_split_2026_06_01,0.003936,0.156678,0.156678,49659,Østrig,2500000,True,True,name_team_position,1.0,,,,JOR,2026-06-17 06:00,,,,,,,,,,,,0.062965,0.062965,ARG,2026-06-22 19:00,,,,,,,,,,,,0.043297,0.041132,ALG,2026-06-28 04:00,,,,,,,,,,,,0.058423,0.052581,,50219,587,2500000,GK,False,,2.5,0.0,0.196875,0.3481734374999999,0.0,0.036914,0.45,True,1.35,nikolas polster,aut,GK,nikolas polster|aut|GK,nikolas polster|aut,nikolas polster|aut,distributed_from_existing_optimizer_ev,,0.7083,0.4865,1.35,1.25,1.2223,0.1766,0.1883,0.75,0.8026,0.8198,0.439,0.3547,1.119,1.085,1.0443
mohau_nkota__rsa,Mohau Nkota,RSA,Sydafrika,FWD,2500000,2500000,0.6085,transfermarkt_availability_split_2026_06_01,0.055318,0.150755,0.150755,49600,Sydafrika,2500000,True,True,name_team_position,1.0,0.037,0.057,0.028,MEX,2026-06-11 21:00,70.36,0.0045,0.00512,0.006,0.0,0.012,0.0,0.007,-0.0062135518135551,-0.034,9.49,-0.005854,-0.005854,CZE,2026-06-18 18:00,70.36,0.00535,0.00681,0.006,0.0,0.012,0.008,0.007,-0.006057190027448,-0.034,9.49,0.010773,0.010234,KOR,2026-06-25 03:00,70.36,0.007762,0.008372,0.007,0.0,0.012,0.01,0.007,-0.0055537306644157,-0.034,9.49,0.02861,0.025749,0.033529,49642,782,2500000,FWD,False,,2.5,0.103,0.2939068100358423,1.0193922580645165,0.103,0.241243,0.45,True,1.35,mohau nkota,rsa,FWD,mohau nkota|rsa|FWD,mohau nkota|rsa,mohau nkota|rsa,,,,,,,,,,,,,,,,,
mohammed_sulaiman__ksa,Mohammed Sulaiman,KSA,Saudi-Arabien,DEF,2000000,2000000,0.2808,transfermarkt_availability_split_2026_06_01,0.025527,0.142056,0.142056,49595,Saudi-Arabien,2000000,True,True,name_team_position,1.0,0.01,0.017,0.004,URU,2026-06-16 00:00,74.36,0.003938,0.00576,0.003,0.0,0.034,0.005,0.024,-0.0182444430152567,-0.001,30.599,0.019664,0.019664,ESP,2026-06-21 18:00,74.36,0.003375,0.00448,0.002,0.0,0.034,0.021,0.02,-0.0205321096500989,-0.001,30.599,0.021158,0.0201,CPV,2026-06-27 02:00,74.36,0.007453,0.008369,0.003,0.0,0.034,0.028,0.022,-0.0189329201831046,-0.001,30.599,0.068892,0.062003,0.109714,49632,977,2000000,DEF,False,,2.0,0.146,0.1338862559241706,0.2744454028436021,0.146,0.147796,0.45,True,1.35,mohammed sulaiman,ksa,DEF,mohammed sulaiman|ksa|DEF,mohammed sulaiman|ksa,mohammed sulaiman|ksa,,,,,,,,,,,,,,,,,
hasan_abdulkareem__irq,Hasan Abdulkareem,IRQ,Irak,MID,2000000,2000000,0.3168,transfermarkt_availability_split_2026_06_01,0.0288,0.137658,0.137658,49174,Irak,2000000,True,True,name_team_position,1.0,0.019,0.029,0.016,NOR,2026-06-17 00:00,70.36,0.007875,0.00896,0.011,0.0,0.033,-0.002,0.021,-0.0159572132330318,-0.004,26.842,0.043298,0.043298,FRA,2026-06-22 23:00,70.36,0.005625,0.00704,0.008,0.0,0.033,0.019,0.018,-0.0179878450669795,-0.004,26.842,0.039257,0.037294,SEN,2026-06-26 21:00,70.36,0.006188,0.00704,0.009,0.0,0.033,0.02,0.018,-0.0176185018433769,-0.004,26.842,0.044441,0.039997,0.126996,52180,947,2000000,MID,False,,2.0,0.231,0.106060606060606,0.30366,0.231,0.218655,0.45,True,1.35,hasan abdulkareem,irq,MID,hasan abdulkareem|irq|MID,hasan abdulkareem|irq,abdulkareem hasan|irq,,,,,,,,,,,,,,,,,
ardon_jashari__sui,Ardon Jashari,SUI,Schweiz,MID,2000000,2000000,0.4858,transfermarkt_availability_split_2026_06_01,0.044164,0.136647,0.136647,48859,Schweiz,2000000,True,True,name_team_position,1.0,,,,QAT,2026-06-13 21:00,,,,,,,,,,,,0.048553,0.048553,BIH,2026-06-18 21:00,,,,,,,,,,,,0.049138,0.046681,CAN,2026-06-24 21:00,,,,,,,,,,,,0.046014,0.041413,,43364,583,2000000,MID,False,,2.0,0.0,0.106060606060606,0.30366,0.0,0.045405,0.45,True,1.35,ardon jashari,sui,MID,ardon jashari|sui|MID,ardon jashari|sui,ardon jashari|sui,distributed_from_existing_optimizer_ev,,0.7335,0.5585,1.35,1.25,1.3195,0.6013,0.4624,1.3025,1.2161,1.1897,0.4577,0.3547,1.1403,1.1002,1.0443
irfan_can_kahveci__tur,Irfan Can Kahveci,TUR,Tyrkiet,MID,2000000,2000000,0.6858,transfermarkt_availability_split_2026_06_01,0.062345,0.136647,0.136647,49219,Tyrkiet,2000000,True,True,name_team_position,1.0,,,,AUS,2026-06-14 06:00,,,,,,,,,,,,0.049557,0.049557,PAR,2026-06-20 06:00,,,,,,,,,,,,0.04793,0.045534,USA,2026-06-26 04:00,,,,,,,,,,,,0.046173,0.041556,,39820,586,2000000,MID,False,,2.0,0.0,0.106060606060606,0.30366,0.0,0.045405,0.45,True,1.35,irfan can kahveci,tur,MID,irfan can kahveci|tur|MID,irfan can kahveci|tur,can irfan kahveci|tur,distributed_from_existing_optimizer_ev,,0.5184,0.411,1.2113,1.1509,1.1204,0.4216,0.375,1.102,1.0729,1.0718,0.3572,0.2766,0.9901,0.9929,0.9389
atakan_karazor__tur,Atakan Karazor,TUR,Tyrkiet,MID,2000000,2000000,0.2144,transfermarkt_availability_split_2026_06_01,0.019491,0.136647,0.136647,48866,Tyrkiet,2000000,True,True,name_team_position,1.0,,,,AUS,2026-06-14 06:00,,,,,,,,,,,,0.049557,0.049557,PAR,2026-06-20 06:00,,,,,,,,,,,,0.04793,0.045534,USA,2026-06-26 04:00,,,,,,,,,,,,0.046173,0.041556,,39502,586,2000000,MID,False,,2.0,0.0,0.106060606060606,0.30366,0.0,0.045405,0.45,True,1.35,atakan karazor,tur,MID,atakan karazor|tur|MID,atakan karazor|tur,atakan karazor|tur,distributed_from_existing_optimizer_ev,,0.5184,0.411,1.2113,1.1509,1.1204,0.4216,0.375,1.102,1.0729,1.0718,0.3572,0.2766,0.9901,0.9929,0.9389
salih_ozcan__tur,Salih Özcan,TUR,Tyrkiet,MID,2000000,2000000,0.7323,transfermarkt_availability_split_2026_06_01,0.066573,0.136647,0.136647,49815,Tyrkiet,2000000,True,True,name_team_position,1.0,,,,AUS,2026-06-14 06:00,,,,,,,,,,,,0.049557,0.049557,PAR,2026-06-20 06:00,,,,,,,,,,,,0.04793,0.045534,USA,2026-06-26 04:00,,,,,,,,,,,,0.046173,0.041556,,34948,586,2000000,MID,False,,2.0,0.0,0.106060606060606,0.30366,0.0,0.045405,0.45,True,1.35,salih ozcan,tur,MID,salih ozcan|tur|MID,salih ozcan|tur,ozcan salih|tur,distributed_from_existing_optimizer_ev,,0.5184,0.411,1.2113,1.1509,1.1204,0.4216,0.375,1.102,1.0729,1.0718,0.3572,0.2766,0.9901,0.9929,0.9389
kees_smit__ned,Kees Smit,NED,Holland,MID,2000000,2000000,0.45,transfermarkt_availability_split_2026_06_01,0.040909,0.136647,0.136647,49376,Holland,2000000,True,True,name_team_position,1.0,,,,JPN,2026-06-14 22:00,,,,,,,,,,,,0.042471,0.042471,SWE,2026-06-20 19:00,,,,,,,,,,,,0.048736,0.046299,TUN,2026-06-26 01:00,,,,,,,,,,,,0.053197,0.047877,,52192,593,2000000,MID,False,,2.0,0.0,0.106060606060606,0.30366,0.0,0.045405,0.45,True,1.35,kees smit,ned,MID,kees smit|ned|MID,kees smit|ned,kees smit|ned,distributed_from_existing_optimizer_ev,,0.4788,0.3373,1.1464,1.1045,1.021,0.5726,0.4226,1.2631,1.1879,1.136,0.6094,0.4624,1.3114,1.2225,1.1897
taha_abdi_ali__swe,Taha Abdi Ali,SWE,Sverige,MID,2000000,2000000,0.2575,transfermarkt_availability_split_2026_06_01,0.023409,0.136647,0.136647,49870,Sverige,2000000,True,True,name_team_position,1.0,,,,TUN,2026-06-15 04:00,,,,,,,,,,,,0.055882,0.055882,NED,2026-06-20 19:00,,,,,,,,,,,,0.040102,0.038097,JPN,2026-06-26 01:00,,,,,,,,,,,,0.047409,0.042669,,40278,598,2000000,MID,False,,2.0,0.0,0.106060606060606,0.30366,0.0,0.045405,0.45,True,1.35,taha abdi ali,swe,MID,taha abdi ali|swe|MID,taha abdi ali|swe,abdi ali taha|swe,distributed_from_existing_optimizer_ev,,0.4811,0.411,1.1722,1.123,1.1204,0.1968,0.1883,0.75,0.8121,0.8198,0.2595,0.25,0.8568,0.8977,0.903
yassine_titraoui__alg,Yassine Titraoui,ALG,Algeriet,MID,2000000,2000000,0.515,transfermarkt_availability_split_2026_06_01,0.046818,0.136647,0.136647,49964,Algeriet,2000000,True,True,name_team_position,1.0,,,,ARG,2026-06-17 03:00,,,,,,,,,,,,0.036495,0.036495,JOR,2026-06-23 05:00,,,,,,,,,,,,0.060792,0.057753,AUT,2026-06-28 04:00,,,,,,,,,,,,0.04711,0.042399,,52103,761,2000000,MID,False,,2.0,0.0,0.106060606060606,0.30366,0.0,0.045405,0.45,True,1.35,yassine titraoui,alg,MID,yassine titraoui|alg|MID,yassine titraoui|alg,titraoui yassine|alg,distributed_from_existing_optimizer_ev,,0.1295,0.1573,0.75,0.8,0.7779,0.5569,0.4226,1.2554,1.1825,1.136,0.269,0.2766,0.881,0.915,0.9389
adil_aouchiche__alg,Adil Aouchiche,ALG,Algeriet,MID,2000000,2000000,0.45,transfermarkt_availability_split_2026_06_01,0.040909,0.136647,0.136647,48737,Algeriet,2000000,True,True,name_team_position,1.0,,,,ARG,2026-06-17 03:00,,,,,,,,,,,,0.036495,0.036495,JOR,2026-06-23 05:00,,,,,,,,,,,,0.060792,0.057753,AUT,2026-06-28 04:00,,,,,,,,,,,,0.04711,0.042399,,38965,761,2000000,MID,False,,2.0,0.0,0.106060606060606,0.30366,0.0,0.045405,0.45,True,1.35,adil aouchiche,alg,MID,adil aouchiche|alg|MID,adil aouchiche|alg,adil aouchiche|alg,distributed_from_existing_optimizer_ev,,0.1295,0.1573,0.75,0.8,0.7779,0.5569,0.4226,1.2554,1.1825,1.136,0.269,0.2766,0.881,0.915,0.9389
alexander_alex_robertson__aus,Alexander 'Alex' Robertson,AUS,Australien,MID,2000000,2000000,0.25,holdet_official_unmatched_default,0.0227272727272727,0.136647,0.136647,48779,Australien,2000000,True,True,name_team_position,1.0,,,,TUR,2026-06-14 06:00,,,,,,,,,,,,0.044453,0.044453,USA,2026-06-19 21:00,,,,,,,,,,,,0.045555,0.043278,PAR,2026-06-26 04:00,,,,,,,,,,,,0.054352,0.048916,,43666,763,2000000,MID,False,,2.0,0.0,0.106060606060606,0.30366,0.0,0.045405,0.45,True,1.35,alexander alex robertson,aus,MID,alexander alex robertson|aus|MID,alexander alex robertson|aus,alex alexander robertson|aus,distributed_from_existing_optimizer_ev,,0.2165,0.2077,0.7887,0.8491,0.846,0.2058,0.2077,0.7627,0.8305,0.846,0.2718,0.2678,0.8857,0.9183,0.927
denzell_garcia__mex,Denzell Garcia,MEX,Mexico,MID,2000000,2000000,0.2575,transfermarkt_availability_split_2026_06_01,0.023409,0.136647,0.136647,49013,Mexico,2000000,True,True,name_team_position,1.0,,,,RSA,2026-06-11 21:00,,,,,,,,,,,,0.048852,0.048852,KOR,2026-06-19 03:00,,,,,,,,,,,,0.04717,0.044811,CZE,2026-06-25 03:00,,,,,,,,,,,,0.04776,0.042984,,52195,775,2000000,MID,False,,2.0,0.0,0.106060606060606,0.30366,0.0,0.045405,0.45,True,1.35,denzell garcia,mex,MID,denzell garcia|mex|MID,denzell garcia|mex,denzell garcia|mex,distributed_from_existing_optimizer_ev,,0.6447,0.5376,1.35,1.25,1.2913,0.5288,0.4415,1.2281,1.1629,1.1615,0.4841,0.411,1.172,1.1228,1.1204
lucas_ramon_romero__par,Lucas Ramon Romero,PAR,Paraguay,MID,2000000,2000000,0.2647,transfermarkt_availability_split_2026_06_01,0.024064,0.136647,0.136647,49459,Paraguay,2000000,True,True,name_team_position,1.0,,,,USA,2026-06-13 03:00,,,,,,,,,,,,0.041186,0.041186,TUR,2026-06-20 06:00,,,,,,,,,,,,0.045568,0.04329,AUS,2026-06-26 04:00,,,,,,,,,,,,0.057968,0.052171,,49609,778,2000000,MID,False,,2.0,0.0,0.106060606060606,0.30366,0.0,0.045405,0.45,True,1.35,lucas ramon romero,par,MID,lucas ramon romero|par|MID,lucas ramon romero|par,lucas ramon romero|par,distributed_from_existing_optimizer_ev,,0.2544,0.25,0.8448,0.8891,0.903,0.2759,0.2766,0.898,0.9272,0.9389,0.4351,0.375,1.1143,1.0817,1.0718
jayden_adams__rsa,Jayden Adams,RSA,Sydafrika,MID,2000000,2000000,0.0717,transfermarkt_availability_split_2026_06_01,0.006518,0.136647,0.136647,49261,Sydafrika,2000000,True,True,name_team_position,1.0,,,,MEX,2026-06-11 21:00,,,,,,,,,,,,0.042027,0.042027,CZE,2026-06-18 18:00,,,,,,,,,,,,0.048247,0.045835,KOR,2026-06-25 03:00,,,,,,,,,,,,0.054205,0.048785,,52243,782,2000000,MID,False,,2.0,0.0,0.106060606060606,0.30366,0.0,0.045405,0.45,True,1.35,jayden adams,rsa,MID,jayden adams|rsa|MID,jayden adams|rsa,adams jayden|rsa,distributed_from_existing_optimizer_ev,,0.1379,0.1717,0.75,0.8,0.7973,0.2281,0.25,0.8178,0.8699,0.903,0.2711,0.2337,0.881,0.915,0.881
amir_hadziahmetovic__bih,Amir Hadziahmetovic,BIH,Bosnien-Hercegovina,MID,2000000,2000000,0.7679,transfermarkt_availability_split_2026_06_01,0.069809,0.136647,0.136647,48823,Bosnien-Hercegovina,2000000,True,True,name_team_position,1.0,,,,CAN,2026-06-12 21:00,,,,,,,,,,,,0.039671,0.039671,SUI,2026-06-18 21:00,,,,,,,,,,,,0.039428,0.037457,QAT,2026-06-24 21:00,,,,,,,,,,,,0.066132,0.059519,,52072,882,2000000,MID,False,,2.0,0.0,0.106060606060606,0.30366,0.0,0.045405,0.45,True,1.35,amir hadziahmetovic,bih,MID,amir hadziahmetovic|bih|MID,amir hadziahmetovic|bih,amir hadziahmetovic|bih,distributed_from_existing_optimizer_ev,,0.2242,0.2337,0.7917,0.8512,0.881,0.1691,0.1883,0.75,0.8,0.8198,0.5653,0.4624,1.2686,1.1919,1.1897
ermin_mahmic__bih,Ermin Mahmic,BIH,Bosnien-Hercegovina,MID,2000000,2000000,0.4375,transfermarkt_availability_split_2026_06_01,0.039773,0.136647,0.136647,49078,Bosnien-Hercegovina,2000000,True,True,name_team_position,1.0,,,,CAN,2026-06-12 21:00,,,,,,,,,,,,0.039671,0.039671,SUI,2026-06-18 21:00,,,,,,,,,,,,0.039428,0.037457,QAT,2026-06-24 21:00,,,,,,,,,,,,0.066132,0.059519,,52270,882,2000000,MID,False,,2.0,0.0,0.106060606060606,0.30366,0.0,0.045405,0.45,True,1.35,ermin mahmic,bih,MID,ermin mahmic|bih|MID,ermin mahmic|bih,ermin mahmic|bih,distributed_from_existing_optimizer_ev,,0.2242,0.2337,0.7917,0.8512,0.881,0.1691,0.1883,0.75,0.8,0.8198,0.5653,0.4624,1.2686,1.1919,1.1897
diego_moreira__bel,Diego Moreira,BEL,Belgien,MID,2000000,2000000,0.5812,transfermarkt_availability_split_2026_06_01,0.052836,0.136647,0.136647,49021,Belgien,2000000,True,True,name_team_position,1.0,,,,EGY,2026-06-15 21:00,,,,,,,,,,,,0.043571,0.043571,IRN,2026-06-21 21:00,,,,,,,,,,,,0.04886,0.046417,NZL,2026-06-27 05:00,,,,,,,,,,,,0.051844,0.046659,,42985,884,2000000,MID,False,,2.0,0.0,0.106060606060606,0.30366,0.0,0.045405,0.45,True,1.35,diego moreira,bel,MID,diego moreira|bel|MID,diego moreira|bel,diego moreira|bel,distributed_from_existing_optimizer_ev,,0.566,0.3923,1.2612,1.1865,1.0951,0.6655,0.5,1.35,1.25,1.2405,0.7346,0.5135,1.35,1.25,1.2588
yoel_barcenas__pan,Yoel Barcenas,PAN,Panama,MID,2000000,2000000,0.8342,transfermarkt_availability_split_2026_06_01,0.075836,0.136647,0.136647,49971,Panama,2000000,True,True,name_team_position,1.0,,,,GHA,2026-06-18 01:00,,,,,,,,,,,,0.049825,0.049825,CRO,2026-06-24 01:00,,,,,,,,,,,,0.045887,0.043593,ENG,2026-06-27 23:00,,,,,,,,,,,,0.048032,0.043229,,36447,971,2000000,MID,False,,2.0,0.0,0.106060606060606,0.30366,0.0,0.045405,0.45,True,1.35,yoel barcenas,pan,MID,yoel barcenas|pan|MID,yoel barcenas|pan,barcenas yoel|pan,distributed_from_existing_optimizer_ev,,0.2721,0.25,0.865,0.9036,0.903,0.1487,0.1717,0.75,0.8,0.7973,0.0833,0.1063,0.75,0.8,0.7091
haissem_hassan__egy,Haissem Hassan,EGY,Egypten,MID,2000000,2000000,0.873,transfermarkt_availability_split_2026_06_01,0.079364,0.136647,0.136647,49163,Egypten,2000000,True,True,name_team_position,1.0,,,,BEL,2026-06-15 21:00,,,,,,,,,,,,0.034796,0.034796,NZL,2026-06-22 03:00,,,,,,,,,,,,0.056928,0.054082,IRN,2026-06-27 05:00,,,,,,,,,,,,0.053078,0.04777,,40899,973,2000000,MID,False,,2.0,0.0,0.106060606060606,0.30366,0.0,0.045405,0.45,True,1.35,haissem hassan,egy,MID,haissem hassan|egy|MID,haissem hassan|egy,haissem hassan|egy,distributed_from_existing_optimizer_ev,,0.1929,0.1717,0.75,0.8135,0.7973,0.5501,0.4624,1.2503,1.1787,1.1897,0.4067,0.411,1.0887,1.0634,1.1204
mohamed_rabie_hrimat__mar,Mohamed Rabie Hrimat,MAR,Marokko,MID,2000000,2000000,0.8342,transfermarkt_availability_split_2026_06_01,0.075836,0.136647,0.136647,49581,Marokko,2000000,True,True,name_team_position,1.0,,,,BRA,2026-06-14 00:00,,,,,,,,,,,,0.033047,0.033047,SCO,2026-06-20 00:00,,,,,,,,,,,,0.050334,0.047817,HAI,2026-06-25 00:00,,,,,,,,,,,,0.061981,0.055783,,52210,974,2000000,MID,False,,2.0,0.0,0.106060606060606,0.30366,0.0,0.045405,0.45,True,1.35,mohamed rabie hrimat,mar,MID,mohamed rabie hrimat|mar|MID,mohamed rabie hrimat|mar,hrimat mohamed rabie|mar,distributed_from_existing_optimizer_ev,,0.174,0.1883,0.75,0.8,0.8198,0.4539,0.411,1.1441,1.103,1.1204,0.699,0.5585,1.35,1.25,1.3195
mortadha_ben_ouanes__tun,Mortadha Ben Ouanes,TUN,Tunesien,MID,2000000,2000000,0.4487,transfermarkt_availability_split_2026_06_01,0.040791,0.136647,0.136647,49607,Tunesien,2000000,True,True,name_team_position,1.0,,,,SWE,2026-06-15 04:00,,,,,,,,,,,,0.047649,0.047649,JPN,2026-06-21 06:00,,,,,,,,,,,,0.048001,0.045601,NED,2026-06-26 01:00,,,,,,,,,,,,0.048219,0.043397,,52249,976,2000000,MID,False,,2.0,0.0,0.106060606060606,0.30366,0.0,0.045405,0.45,True,1.35,mortadha ben ouanes,tun,MID,mortadha ben ouanes|tun|MID,mortadha ben ouanes|tun,ben mortadha ouanes|tun,distributed_from_existing_optimizer_ev,,0.2351,0.25,0.8278,0.877,0.903,0.2059,0.2337,0.7852,0.8466,0.881,0.1645,0.1717,0.75,0.8,0.7973
khalil_ayari__tun,Khalil Ayari,TUN,Tunesien,MID,2000000,2000000,0.3862,transfermarkt_availability_split_2026_06_01,0.035109,0.136647,0.136647,49397,Tunesien,2000000,True,True,name_team_position,1.0,,,,SWE,2026-06-15 04:00,,,,,,,,,,,,0.047649,0.047649,JPN,2026-06-21 06:00,,,,,,,,,,,,0.048001,0.045601,NED,2026-06-26 01:00,,,,,,,,,,,,0.048219,0.043397,,52250,976,2000000,MID,False,,2.0,0.0,0.106060606060606,0.30366,0.0,0.045405,0.45,True,1.35,khalil ayari,tun,MID,khalil ayari|tun|MID,khalil ayari|tun,ayari khalil|tun,distributed_from_existing_optimizer_ev,,0.2351,0.25,0.8278,0.877,0.903,0.2059,0.2337,0.7852,0.8466,0.881,0.1645,0.1717,0.75,0.8,0.7973
lewis_ferguson__sco,Lewis Ferguson,SCO,Skotland,MID,2000000,2000000,0.4956,transfermarkt_availability_split_2026_06_01,0.045055,0.136647,0.136647,49437,Skotland,2000000,True,True,name_team_position,1.0,,,,HAI,2026-06-14 03:00,,,,,,,,,,,,0.060457,0.060457,MAR,2026-06-20 00:00,,,,,,,,,,,,0.042608,0.040478,BRA,2026-06-25 00:00,,,,,,,,,,,,0.03968,0.035712,,42790,1022,2000000,MID,False,,2.0,0.0,0.106060606060606,0.30366,0.0,0.045405,0.45,True,1.35,lewis ferguson,sco,MID,lewis ferguson|sco|MID,lewis ferguson|sco,ferguson lewis|sco,distributed_from_existing_optimizer_ev,,0.6612,0.4865,1.35,1.25,1.2223,0.248,0.25,0.8559,0.8971,0.903,0.1289,0.1358,0.75,0.8,0.7489
marcelo_flores__can,Marcelo Flores,CAN,Canada,MID,2000000,2000000,0.8655,transfermarkt_availability_split_2026_06_01,0.078682,0.136647,0.136647,49491,Canada,2000000,True,True,name_team_position,1.0,,,,BIH,2026-06-12 21:00,,,,,,,,,,,,0.047917,0.047917,QAT,2026-06-19 00:00,,,,,,,,,,,,0.05586,0.053067,SUI,2026-06-24 21:00,,,,,,,,,,,,0.039625,0.035663,,41976,1059,2000000,MID,False,,2.0,0.0,0.106060606060606,0.30366,0.0,0.045405,0.45,True,1.35,marcelo flores,can,MID,marcelo flores|can|MID,marcelo flores|can,flores marcelo|can,distributed_from_existing_optimizer_ev,,0.5217,0.4226,1.2083,1.1487,1.136,0.6709,0.5774,1.35,1.25,1.3451,0.2572,0.25,0.8597,0.8998,0.903
jamshid_iskanderov__uzb,Jamshid Iskanderov,UZB,Usbekistan,MID,2000000,2000000,0.3837,transfermarkt_availability_split_2026_06_01,0.034882,0.136647,0.136647,49252,Usbekistan,2000000,True,True,name_team_position,1.0,,,,COL,2026-06-18 04:00,,,,,,,,,,,,0.041902,0.041902,POR,2026-06-23 19:00,,,,,,,,,,,,0.043974,0.041775,COD,2026-06-28 01:30,,,,,,,,,,,,0.058855,0.05297,,49790,1122,2000000,MID,False,,2.0,0.0,0.106060606060606,0.30366,0.0,0.045405,0.45,True,1.35,jamshid iskanderov,uzb,MID,jamshid iskanderov|uzb|MID,jamshid iskanderov|uzb,iskanderov jamshid|uzb,distributed_from_existing_optimizer_ev,,0.121,0.1573,0.75,0.8,0.7779,0.0975,0.096,0.75,0.8,0.6951,0.3358,0.3119,0.9712,0.9794,0.9866
alisher_odilov__uzb,Alisher Odilov,UZB,Usbekistan,MID,2000000,2000000,0.6307,transfermarkt_availability_split_2026_06_01,0.057336,0.136647,0.136647,48805,Usbekistan,2000000,True,True,name_team_position,1.0,,,,COL,2026-06-18 04:00,,,,,,,,,,,,0.041902,0.041902,POR,2026-06-23 19:00,,,,,,,,,,,,0.043974,0.041775,COD,2026-06-28 01:30,,,,,,,,,,,,0.058855,0.05297,,52117,1122,2000000,MID,False,,2.0,0.0,0.106060606060606,0.30366,0.0,0.045405,0.45,True,1.35,alisher odilov,uzb,MID,alisher odilov|uzb|MID,alisher odilov|uzb,alisher odilov|uzb,distributed_from_existing_optimizer_ev,,0.121,0.1573,0.75,0.8,0.7779,0.0975,0.096,0.75,0.8,0.6951,0.3358,0.3119,0.9712,0.9794,0.9866
umarali_rakhmonaliyev__uzb,Umarali Rakhmonaliyev,UZB,Usbekistan,MID,2000000,2000000,0.25,holdet_official_unmatched_default,0.0227272727272727,0.136647,0.136647,49919,Usbekistan,2000000,True,True,name_team_position,1.0,,,,COL,2026-06-18 04:00,,,,,,,,,,,,0.041902,0.041902,POR,2026-06-23 19:00,,,,,,,,,,,,0.043974,0.041775,COD,2026-06-28 01:30,,,,,,,,,,,,0.058855,0.05297,,52118,1122,2000000,MID,False,,2.0,0.0,0.106060606060606,0.30366,0.0,0.045405,0.45,True,1.35,umarali rakhmonaliyev,uzb,MID,umarali rakhmonaliyev|uzb|MID,umarali rakhmonaliyev|uzb,rakhmonaliyev umarali|uzb,distributed_from_existing_optimizer_ev,,0.121,0.1573,0.75,0.8,0.7779,0.0975,0.096,0.75,0.8,0.6951,0.3358,0.3119,0.9712,0.9794,0.9866
ibrokhim_ibrokhimov__uzb,Ibrokhim Ibrokhimov,UZB,Usbekistan,MID,2000000,2000000,0.045,transfermarkt_availability_split_2026_06_01,0.004091,0.136647,0.136647,49210,Usbekistan,2000000,True,True,name_team_position,1.0,,,,COL,2026-06-18 04:00,,,,,,,,,,,,0.041902,0.041902,POR,2026-06-23 19:00,,,,,,,,,,,,0.043974,0.041775,COD,2026-06-28 01:30,,,,,,,,,,,,0.058855,0.05297,,52114,1122,2000000,MID,False,,2.0,0.0,0.106060606060606,0.30366,0.0,0.045405,0.45,True,1.35,ibrokhim ibrokhimov,uzb,MID,ibrokhim ibrokhimov|uzb|MID,ibrokhim ibrokhimov|uzb,ibrokhim ibrokhimov|uzb,distributed_from_existing_optimizer_ev,,0.121,0.1573,0.75,0.8,0.7779,0.0975,0.096,0.75,0.8,0.6951,0.3358,0.3119,0.9712,0.9794,0.9866
dostonbek_khamdamov__uzb,Dostonbek Khamdamov,UZB,Usbekistan,MID,2000000,2000000,0.6318,transfermarkt_availability_split_2026_06_01,0.057436,0.136647,0.136647,49033,Usbekistan,2000000,True,True,name_team_position,1.0,,,,COL,2026-06-18 04:00,,,,,,,,,,,,0.041902,0.041902,POR,2026-06-23 19:00,,,,,,,,,,,,0.043974,0.041775,COD,2026-06-28 01:30,,,,,,,,,,,,0.058855,0.05297,,52115,1122,2000000,MID,False,,2.0,0.0,0.106060606060606,0.30366,0.0,0.045405,0.45,True,1.35,dostonbek khamdamov,uzb,MID,dostonbek khamdamov|uzb|MID,dostonbek khamdamov|uzb,dostonbek khamdamov|uzb,distributed_from_existing_optimizer_ev,,0.121,0.1573,0.75,0.8,0.7779,0.0975,0.096,0.75,0.8,0.6951,0.3358,0.3119,0.9712,0.9794,0.9866
mohammad_al_dawoud__jor,Mohammad Al-Dawoud,JOR,Jordan,MID,2000000,2000000,0.6645,transfermarkt_availability_split_2026_06_01,0.060409,0.136647,0.136647,49588,Jordan,2000000,True,True,name_team_position,1.0,,,,AUT,2026-06-17 06:00,,,,,,,,,,,,0.045386,0.045386,ALG,2026-06-23 05:00,,,,,,,,,,,,0.048606,0.046176,ARG,2026-06-28 04:00,,,,,,,,,,,,0.050094,0.045085,,52227,1123,2000000,MID,False,,2.0,0.0,0.106060606060606,0.30366,0.0,0.045405,0.45,True,1.35,mohammad al dawoud,jor,MID,mohammad al dawoud|jor|MID,mohammad al dawoud|jor,al dawoud mohammad|jor,distributed_from_existing_optimizer_ev,,0.1177,0.1192,0.75,0.8,0.7265,0.192,0.1883,0.75,0.8175,0.8198,0.0659,0.0871,0.75,0.8,0.6832
yousef_qashi__jor,Yousef Qashi,JOR,Jordan,MID,2000000,2000000,0.045,transfermarkt_availability_split_2026_06_01,0.004091,0.136647,0.136647,49976,Jordan,2000000,True,True,name_team_position,1.0,,,,AUT,2026-06-17 06:00,,,,,,,,,,,,0.045386,0.045386,ALG,2026-06-23 05:00,,,,,,,,,,,,0.048606,0.046176,ARG,2026-06-28 04:00,,,,,,,,,,,,0.050094,0.045085,,52228,1123,2000000,MID,False,,2.0,0.0,0.106060606060606,0.30366,0.0,0.045405,0.45,True,1.35,yousef qashi,jor,MID,yousef qashi|jor|MID,yousef qashi|jor,qashi yousef|jor,distributed_from_existing_optimizer_ev,,0.1177,0.1192,0.75,0.8,0.7265,0.192,0.1883,0.75,0.8175,0.8198,0.0659,0.0871,0.75,0.8,0.6832
mohammad_taha__jor,Mohammad Taha,JOR,Jordan,MID,2000000,2000000,0.25,holdet_official_unmatched_default,0.0227272727272727,0.136647,0.136647,49592,Jordan,2000000,True,True,name_team_position,1.0,,,,AUT,2026-06-17 06:00,,,,,,,,,,,,0.045386,0.045386,ALG,2026-06-23 05:00,,,,,,,,,,,,0.048606,0.046176,ARG,2026-06-28 04:00,,,,,,,,,,,,0.050094,0.045085,,52229,1123,2000000,MID,False,,2.0,0.0,0.106060606060606,0.30366,0.0,0.045405,0.45,True,1.35,mohammad taha,jor,MID,mohammad taha|jor|MID,mohammad taha|jor,mohammad taha|jor,distributed_from_existing_optimizer_ev,,0.1177,0.1192,0.75,0.8,0.7265,0.192,0.1883,0.75,0.8175,0.8198,0.0659,0.0871,0.75,0.8,0.6832
yannick_semedo__cpv,Yannick Semedo,CPV,Kap Verde,MID,2000000,2000000,0.5733,transfermarkt_availability_split_2026_06_01,0.052118,0.136647,0.136647,49958,Kap Verde,2000000,True,True,name_team_position,1.0,,,,ESP,2026-06-15 18:00,,,,,,,,,,,,0.041562,0.041562,URU,2026-06-22 00:00,,,,,,,,,,,,0.044297,0.042082,KSA,2026-06-27 02:00,,,,,,,,,,,,0.058892,0.053003,,49719,1125,2000000,MID,False,,2.0,0.0,0.106060606060606,0.30366,0.0,0.045405,0.45,True,1.35,yannick semedo,cpv,MID,yannick semedo|cpv|MID,yannick semedo|cpv,semedo yannick|cpv,distributed_from_existing_optimizer_ev,,0.0376,0.0509,0.75,0.8,0.6343,0.1342,0.1573,0.75,0.8,0.7779,0.3409,0.3373,0.9681,0.9772,1.021
odeh_al_fakhouri__jor,Odeh Al-Fakhouri,JOR,Jordan,MID,2000000,2000000,0.25,holdet_official_unmatched_default,0.0227272727272727,0.136647,0.136647,49675,Jordan,2000000,True,True,name_team_position,1.0,,,,AUT,2026-06-17 06:00,,,,,,,,,,,,0.045386,0.045386,ALG,2026-06-23 05:00,,,,,,,,,,,,0.048606,0.046176,ARG,2026-06-28 04:00,,,,,,,,,,,,0.050094,0.045085,,49557,1123,2000000,MID,False,,2.0,0.0,0.106060606060606,0.30366,0.0,0.045405,0.45,True,1.35,odeh al fakhouri,jor,MID,odeh al fakhouri|jor|MID,odeh al fakhouri|jor,al fakhouri odeh|jor,distributed_from_existing_optimizer_ev,,0.1177,0.1192,0.75,0.8,0.7265,0.192,0.1883,0.75,0.8175,0.8198,0.0659,0.0871,0.75,0.8,0.6832
ali_azaizeh__jor,Ali Azaizeh,JOR,Jordan,MID,2000000,2000000,0.0413,transfermarkt_availability_split_2026_06_01,0.003755,0.136647,0.136647,48797,Jordan,2000000,True,True,name_team_position,1.0,,,,AUT,2026-06-17 06:00,,,,,,,,,,,,0.045386,0.045386,ALG,2026-06-23 05:00,,,,,,,,,,,,0.048606,0.046176,ARG,2026-06-28 04:00,,,,,,,,,,,,0.050094,0.045085,,49559,1123,2000000,MID,False,,2.0,0.0,0.106060606060606,0.30366,0.0,0.045405,0.45,True,1.35,ali azaizeh,jor,MID,ali azaizeh|jor|MID,ali azaizeh|jor,ali azaizeh|jor,distributed_from_existing_optimizer_ev,,0.1177,0.1192,0.75,0.8,0.7265,0.192,0.1883,0.75,0.8175,0.8198,0.0659,0.0871,0.75,0.8,0.6832
kristian_thorstvedt__nor,Kristian Thorstvedt,NOR,Norge,MID,2000000,2000000,0.6884,transfermarkt_availability_split_2026_06_01,0.062582,0.136647,0.136647,49411,Norge,2000000,True,True,name_team_position,1.0,,,,IRQ,2026-06-17 00:00,,,,,,,,,,,,0.055824,0.055824,SEN,2026-06-23 02:00,,,,,,,,,,,,0.04989,0.047396,FRA,2026-06-26 21:00,,,,,,,,,,,,0.037141,0.033427,,39365,1126,2000000,MID,False,,2.0,0.0,0.106060606060606,0.30366,0.0,0.045405,0.45,True,1.35,kristian thorstvedt,nor,MID,kristian thorstvedt|nor|MID,kristian thorstvedt|nor,kristian thorstvedt|nor,distributed_from_existing_optimizer_ev,,0.7579,0.5585,1.35,1.25,1.3195,0.4575,0.3373,1.1364,1.0974,1.021,0.1969,0.2077,0.7527,0.8234,0.846
tahith_chong__cuw,Tahith Chong,CUW,Curaçao,MID,2000000,2000000,0.8985,transfermarkt_availability_split_2026_06_01,0.081682,0.136647,0.136647,49871,Curaçao,2000000,True,True,name_team_position,1.0,,,,GER,2026-06-14 19:00,,,,,,,,,,,,0.045247,0.045247,ECU,2026-06-21 02:00,,,,,,,,,,,,0.048032,0.045631,CIV,2026-06-25 22:00,,,,,,,,,,,,0.050855,0.045769,,37236,1128,2000000,MID,False,,2.0,0.0,0.106060606060606,0.30366,0.0,0.045405,0.45,True,1.35,tahith chong,cuw,MID,tahith chong|cuw|MID,tahith chong|cuw,chong tahith|cuw,distributed_from_existing_optimizer_ev,,0.0208,0.0335,0.75,0.8,0.6108,0.0861,0.1192,0.75,0.8,0.7265,0.1097,0.1358,0.75,0.8,0.7489
kevin_felida__cuw,Kevin Felida,CUW,Curaçao,MID,2000000,2000000,0.1873,transfermarkt_availability_split_2026_06_01,0.017027,0.136647,0.136647,49391,Curaçao,2000000,True,True,name_team_position,1.0,,,,GER,2026-06-14 19:00,,,,,,,,,,,,0.045247,0.045247,ECU,2026-06-21 02:00,,,,,,,,,,,,0.048032,0.045631,CIV,2026-06-25 22:00,,,,,,,,,,,,0.050855,0.045769,,51989,1128,2000000,MID,False,,2.0,0.0,0.106060606060606,0.30366,0.0,0.045405,0.45,True,1.35,kevin felida,cuw,MID,kevin felida|cuw|MID,kevin felida|cuw,felida kevin|cuw,distributed_from_existing_optimizer_ev,,0.0208,0.0335,0.75,0.8,0.6108,0.0861,0.1192,0.75,0.8,0.7265,0.1097,0.1358,0.75,0.8,0.7489
tyrese_noslin__cuw,Tyrese Noslin,CUW,Curaçao,MID,2000000,2000000,0.0453,transfermarkt_availability_split_2026_06_01,0.004118,0.136647,0.136647,49915,Curaçao,2000000,True,True,name_team_position,1.0,,,,GER,2026-06-14 19:00,,,,,,,,,,,,0.045247,0.045247,ECU,2026-06-21 02:00,,,,,,,,,,,,0.048032,0.045631,CIV,2026-06-25 22:00,,,,,,,,,,,,0.050855,0.045769,,52153,1128,2000000,MID,False,,2.0,0.0,0.106060606060606,0.30366,0.0,0.045405,0.45,True,1.35,tyrese noslin,cuw,MID,tyrese noslin|cuw|MID,tyrese noslin|cuw,noslin tyrese|cuw,distributed_from_existing_optimizer_ev,,0.0208,0.0335,0.75,0.8,0.6108,0.0861,0.1192,0.75,0.8,0.7265,0.1097,0.1358,0.75,0.8,0.7489
woodensky_pierre__hai,Woodensky Pierre,HAI,Haiti,MID,2000000,2000000,0.0446,transfermarkt_availability_split_2026_06_01,0.004055,0.136647,0.136647,49951,Haiti,2000000,True,True,name_team_position,1.0,,,,SCO,2026-06-14 03:00,,,,,,,,,,,,0.045839,0.045839,BRA,2026-06-20 03:00,,,,,,,,,,,,0.04754,0.045163,MAR,2026-06-25 00:00,,,,,,,,,,,,0.050716,0.045645,,52173,1129,2000000,MID,False,,2.0,0.0,0.106060606060606,0.30366,0.0,0.045405,0.45,True,1.35,woodensky pierre,hai,MID,woodensky pierre|hai|MID,woodensky pierre|hai,pierre woodensky|hai,distributed_from_existing_optimizer_ev,,0.1468,0.1573,0.75,0.8,0.7779,0.0315,0.0461,0.75,0.8,0.6278,0.1136,0.096,0.75,0.8,0.6951
carl_sainte__hai,Carl Sainte,HAI,Haiti,MID,2000000,2000000,0.4207,transfermarkt_availability_split_2026_06_01,0.038245,0.136647,0.136647,48931,Haiti,2000000,True,True,name_team_position,1.0,,,,SCO,2026-06-14 03:00,,,,,,,,,,,,0.045839,0.045839,BRA,2026-06-20 03:00,,,,,,,,,,,,0.04754,0.045163,MAR,2026-06-25 00:00,,,,,,,,,,,,0.050716,0.045645,,51980,1129,2000000,MID,False,,2.0,0.0,0.106060606060606,0.30366,0.0,0.045405,0.45,True,1.35,carl sainte,hai,MID,carl sainte|hai|MID,carl sainte|hai,carl sainte|hai,distributed_from_existing_optimizer_ev,,0.1468,0.1573,0.75,0.8,0.7779,0.0315,0.0461,0.75,0.8,0.6278,0.1136,0.096,0.75,0.8,0.6951
derrick_etienne__hai,Derrick Etienne Jr.,HAI,Haiti,FWD,2000000,2000000,0.6987,transfermarkt_availability_split_2026_06_01,0.063518,0.134261,0.134261,49016,Haiti,2000000,True,True,name_team_position,1.0,,,,SCO,2026-06-14 03:00,,,,,,,,,,,,0.045039,0.045039,BRA,2026-06-20 03:00,,,,,,,,,,,,0.04671,0.044375,MAR,2026-06-25 00:00,,,,,,,,,,,,0.049831,0.044848,,51978,1129,2000000,FWD,False,,2.0,0.0,0.086021505376344,0.2983587096774194,0.0,0.047998,0.45,True,1.35,derrick etienne jr,hai,FWD,derrick etienne jr|hai|FWD,derrick etienne jr|hai,derrick etienne jr|hai,distributed_from_existing_optimizer_ev,,0.1468,0.1573,0.75,0.8,0.7779,0.0315,0.0461,0.75,0.8,0.6278,0.1136,0.096,0.75,0.8,0.6951
yassin_fortune__hai,Yassin Fortune,HAI,Haiti,FWD,2000000,2000000,0.5684,transfermarkt_availability_split_2026_06_01,0.051673,0.134261,0.134261,49961,Haiti,2000000,True,True,name_team_position,1.0,,,,SCO,2026-06-14 03:00,,,,,,,,,,,,0.045039,0.045039,BRA,2026-06-20 03:00,,,,,,,,,,,,0.04671,0.044375,MAR,2026-06-25 00:00,,,,,,,,,,,,0.049831,0.044848,,52175,1129,2000000,FWD,False,,2.0,0.0,0.086021505376344,0.2983587096774194,0.0,0.047998,0.45,True,1.35,yassin fortune,hai,FWD,yassin fortune|hai|FWD,yassin fortune|hai,fortune yassin|hai,distributed_from_existing_optimizer_ev,,0.1468,0.1573,0.75,0.8,0.7779,0.0315,0.0461,0.75,0.8,0.6278,0.1136,0.096,0.75,0.8,0.6951
ar_jany_martha__cuw,Ar'jany Martha,CUW,Curaçao,FWD,2000000,2000000,0.1336,transfermarkt_availability_split_2026_06_01,0.012145,0.134261,0.134261,48857,Curaçao,2000000,True,True,name_team_position,1.0,,,,GER,2026-06-14 19:00,,,,,,,,,,,,0.044457,0.044457,ECU,2026-06-21 02:00,,,,,,,,,,,,0.047194,0.044834,CIV,2026-06-25 22:00,,,,,,,,,,,,0.049967,0.04497,,52154,1128,2000000,FWD,False,,2.0,0.0,0.086021505376344,0.2983587096774194,0.0,0.047998,0.45,True,1.35,ar jany martha,cuw,FWD,ar jany martha|cuw|FWD,ar jany martha|cuw,ar jany martha|cuw,distributed_from_existing_optimizer_ev,,0.0208,0.0335,0.75,0.8,0.6108,0.0861,0.1192,0.75,0.8,0.7265,0.1097,0.1358,0.75,0.8,0.7489
sontje_hansen__cuw,Sontje Hansen,CUW,Curaçao,FWD,2000000,2000000,0.6148,transfermarkt_availability_split_2026_06_01,0.055891,0.134261,0.134261,49858,Curaçao,2000000,True,True,name_team_position,1.0,,,,GER,2026-06-14 19:00,,,,,,,,,,,,0.044457,0.044457,ECU,2026-06-21 02:00,,,,,,,,,,,,0.047194,0.044834,CIV,2026-06-25 22:00,,,,,,,,,,,,0.049967,0.04497,,52155,1128,2000000,FWD,False,,2.0,0.0,0.086021505376344,0.2983587096774194,0.0,0.047998,0.45,True,1.35,sontje hansen,cuw,FWD,sontje hansen|cuw|FWD,sontje hansen|cuw,hansen sontje|cuw,distributed_from_existing_optimizer_ev,,0.0208,0.0335,0.75,0.8,0.6108,0.0861,0.1192,0.75,0.8,0.7265,0.1097,0.1358,0.75,0.8,0.7489
aribim_pepple__can,Aribim Pepple,CAN,Canada,FWD,2000000,2000000,0.045,transfermarkt_availability_split_2026_06_01,0.004091,0.134261,0.134261,48860,Canada,2000000,True,True,name_team_position,1.0,,,,BIH,2026-06-12 21:00,,,,,,,,,,,,0.04708,0.04708,QAT,2026-06-19 00:00,,,,,,,,,,,,0.054885,0.052141,SUI,2026-06-24 21:00,,,,,,,,,,,,0.038933,0.03504,,44374,1059,2000000,FWD,False,,2.0,0.0,0.086021505376344,0.2983587096774194,0.0,0.047998,0.45,True,1.35,aribim pepple,can,FWD,aribim pepple|can|FWD,aribim pepple|can,aribim pepple|can,distributed_from_existing_optimizer_ev,,0.5217,0.4226,1.2083,1.1487,1.136,0.6709,0.5774,1.35,1.25,1.3451,0.2572,0.25,0.8597,0.8998,0.903
findlay_curtis__sco,Findlay Curtis,SCO,Skotland,FWD,2000000,2000000,0.0446,transfermarkt_availability_split_2026_06_01,0.004055,0.134261,0.134261,49108,Skotland,2000000,True,True,name_team_position,1.0,,,,HAI,2026-06-14 03:00,,,,,,,,,,,,0.059401,0.059401,MAR,2026-06-20 00:00,,,,,,,,,,,,0.041864,0.039771,BRA,2026-06-25 00:00,,,,,,,,,,,,0.038987,0.035089,,52239,1022,2000000,FWD,False,,2.0,0.0,0.086021505376344,0.2983587096774194,0.0,0.047998,0.45,True,1.35,findlay curtis,sco,FWD,findlay curtis|sco|FWD,findlay curtis|sco,curtis findlay|sco,distributed_from_existing_optimizer_ev,,0.6612,0.4865,1.35,1.25,1.2223,0.248,0.25,0.8559,0.8971,0.903,0.1289,0.1358,0.75,0.8,0.7489
jacen_russell_rowe__can,Jacen Russell-Rowe,CAN,Canada,FWD,2000000,2000000,0.215,transfermarkt_availability_split_2026_06_01,0.019545,0.134261,0.134261,49238,Canada,2000000,True,True,name_team_position,1.0,,,,BIH,2026-06-12 21:00,,,,,,,,,,,,0.04708,0.04708,QAT,2026-06-19 00:00,,,,,,,,,,,,0.054885,0.052141,SUI,2026-06-24 21:00,,,,,,,,,,,,0.038933,0.03504,,52132,1059,2000000,FWD,False,,2.0,0.0,0.086021505376344,0.2983587096774194,0.0,0.047998,0.45,True,1.35,jacen russell rowe,can,FWD,jacen russell rowe|can|FWD,jacen russell rowe|can,jacen rowe russell|can,distributed_from_existing_optimizer_ev,,0.5217,0.4226,1.2083,1.1487,1.136,0.6709,0.5774,1.35,1.25,1.3451,0.2572,0.25,0.8597,0.8998,0.903
rayan_elloumi__tun,Rayan Elloumi,TUN,Tunesien,FWD,2000000,2000000,0.8655,transfermarkt_availability_split_2026_06_01,0.078682,0.134261,0.134261,49759,Tunesien,2000000,True,True,name_team_position,1.0,,,,SWE,2026-06-15 04:00,,,,,,,,,,,,0.046817,0.046817,JPN,2026-06-21 06:00,,,,,,,,,,,,0.047163,0.044805,NED,2026-06-26 01:00,,,,,,,,,,,,0.047377,0.04264,,52252,976,2000000,FWD,False,,2.0,0.0,0.086021505376344,0.2983587096774194,0.0,0.047998,0.45,True,1.35,rayan elloumi,tun,FWD,rayan elloumi|tun|FWD,rayan elloumi|tun,elloumi rayan|tun,distributed_from_existing_optimizer_ev,,0.2351,0.25,0.8278,0.877,0.903,0.2059,0.2337,0.7852,0.8466,0.881,0.1645,0.1717,0.75,0.8,0.7973
cecilio_waterman__pan,Cecilio Waterman,PAN,Panama,FWD,2000000,2000000,0.7242,transfermarkt_availability_split_2026_06_01,0.065836,0.134261,0.134261,48939,Panama,2000000,True,True,name_team_position,1.0,,,,GHA,2026-06-18 01:00,,,,,,,,,,,,0.048955,0.048955,CRO,2026-06-24 01:00,,,,,,,,,,,,0.045086,0.042832,ENG,2026-06-27 23:00,,,,,,,,,,,,0.047193,0.042474,,50561,971,2000000,FWD,False,,2.0,0.0,0.086021505376344,0.2983587096774194,0.0,0.047998,0.45,True,1.35,cecilio waterman,pan,FWD,cecilio waterman|pan|FWD,cecilio waterman|pan,cecilio waterman|pan,distributed_from_existing_optimizer_ev,,0.2721,0.25,0.865,0.9036,0.903,0.1487,0.1717,0.75,0.8,0.7973,0.0833,0.1063,0.75,0.8,0.7091
kadir_barria__pan,Kadir Barria,PAN,Panama,FWD,2000000,2000000,0.6844,transfermarkt_availability_split_2026_06_01,0.062218,0.134261,0.134261,49366,Panama,2000000,True,True,name_team_position,1.0,,,,GHA,2026-06-18 01:00,,,,,,,,,,,,0.048955,0.048955,CRO,2026-06-24 01:00,,,,,,,,,,,,0.045086,0.042832,ENG,2026-06-27 23:00,,,,,,,,,,,,0.047193,0.042474,,52204,971,2000000,FWD,False,,2.0,0.0,0.086021505376344,0.2983587096774194,0.0,0.047998,0.45,True,1.35,kadir barria,pan,FWD,kadir barria|pan|FWD,kadir barria|pan,barria kadir|pan,distributed_from_existing_optimizer_ev,,0.2721,0.25,0.865,0.9036,0.903,0.1487,0.1717,0.75,0.8,0.7973,0.0833,0.1063,0.75,0.8,0.7091
anthony_valencia__ecu,Anthony Valencia,ECU,Ecuador,FWD,2000000,2000000,0.6757,transfermarkt_availability_split_2026_06_01,0.061427,0.134261,0.134261,48847,Ecuador,2000000,True,True,name_team_position,1.0,,,,CIV,2026-06-15 01:00,,,,,,,,,,,,0.04592,0.04592,CUW,2026-06-21 02:00,,,,,,,,,,,,0.058342,0.055425,GER,2026-06-25 22:00,,,,,,,,,,,,0.036573,0.032916,,45057,881,2000000,FWD,False,,2.0,0.0,0.086021505376344,0.2983587096774194,0.0,0.047998,0.45,True,1.35,anthony valencia,ecu,FWD,anthony valencia|ecu|FWD,anthony valencia|ecu,anthony valencia|ecu,distributed_from_existing_optimizer_ev,,0.4138,0.4226,1.1056,1.0754,1.136,0.7371,0.5585,1.35,1.25,1.3195,0.1872,0.1717,0.75,0.8082,0.7973
shahriar_moghanlou__irn,Shahriar Moghanlou,IRN,Iran,FWD,2000000,2000000,0.6143,transfermarkt_availability_split_2026_06_01,0.055845,0.134261,0.134261,49842,Iran,2000000,True,True,name_team_position,1.0,,,,NZL,2026-06-16 03:00,,,,,,,,,,,,0.054893,0.054893,BEL,2026-06-21 21:00,,,,,,,,,,,,0.038072,0.036168,EGY,2026-06-27 05:00,,,,,,,,,,,,0.048,0.0432,,52223,883,2000000,FWD,False,,2.0,0.0,0.086021505376344,0.2983587096774194,0.0,0.047998,0.45,True,1.35,shahriar moghanlou,irn,FWD,shahriar moghanlou|irn|FWD,shahriar moghanlou|irn,moghanlou shahriar|irn,distributed_from_existing_optimizer_ev,,0.5072,0.411,1.1982,1.1416,1.1204,0.1282,0.1459,0.75,0.8,0.7624,0.28,0.2904,0.9113,0.9366,0.9576
jovo_lukic__bih,Jovo Lukic,BIH,Bosnien-Hercegovina,FWD,2000000,2000000,0.7493,transfermarkt_availability_split_2026_06_01,0.068118,0.134261,0.134261,49343,Bosnien-Hercegovina,2000000,True,True,name_team_position,1.0,,,,CAN,2026-06-12 21:00,,,,,,,,,,,,0.038978,0.038978,SUI,2026-06-18 21:00,,,,,,,,,,,,0.03874,0.036803,QAT,2026-06-24 21:00,,,,,,,,,,,,0.064978,0.05848,,52124,882,2000000,FWD,False,,2.0,0.0,0.086021505376344,0.2983587096774194,0.0,0.047998,0.45,True,1.35,jovo lukic,bih,FWD,jovo lukic|bih|FWD,jovo lukic|bih,jovo lukic|bih,distributed_from_existing_optimizer_ev,,0.2242,0.2337,0.7917,0.8512,0.881,0.1691,0.1883,0.75,0.8,0.8198,0.5653,0.4624,1.2686,1.1919,1.1897
janner_corozo__ecu,Janner Corozo,ECU,Ecuador,FWD,2000000,2000000,0.2867,transfermarkt_availability_split_2026_06_01,0.026064,0.134261,0.134261,49255,Ecuador,2000000,True,True,name_team_position,1.0,,,,CIV,2026-06-15 01:00,,,,,,,,,,,,0.04592,0.04592,CUW,2026-06-21 02:00,,,,,,,,,,,,0.058342,0.055425,GER,2026-06-25 22:00,,,,,,,,,,,,0.036573,0.032916,,52166,881,2000000,FWD,False,,2.0,0.0,0.086021505376344,0.2983587096774194,0.0,0.047998,0.45,True,1.35,janner corozo,ecu,FWD,janner corozo|ecu|FWD,janner corozo|ecu,corozo janner|ecu,distributed_from_existing_optimizer_ev,,0.4138,0.4226,1.1056,1.0754,1.136,0.7371,0.5585,1.35,1.25,1.3195,0.1872,0.1717,0.75,0.8082,0.7973
bongokuhle_hlongwane__rsa,Bongokuhle Hlongwane,RSA,Sydafrika,FWD,2000000,2000000,0.8094,transfermarkt_availability_split_2026_06_01,0.073582,0.134261,0.134261,48904,Sydafrika,2000000,True,True,name_team_position,1.0,,,,MEX,2026-06-11 21:00,,,,,,,,,,,,0.041294,0.041294,CZE,2026-06-18 18:00,,,,,,,,,,,,0.047405,0.045034,KOR,2026-06-25 03:00,,,,,,,,,,,,0.053259,0.047933,,52245,782,2000000,FWD,False,,2.0,0.0,0.086021505376344,0.2983587096774194,0.0,0.047998,0.45,True,1.35,bongokuhle hlongwane,rsa,FWD,bongokuhle hlongwane|rsa|FWD,bongokuhle hlongwane|rsa,bongokuhle hlongwane|rsa,distributed_from_existing_optimizer_ev,,0.1379,0.1717,0.75,0.8,0.7973,0.2281,0.25,0.8178,0.8699,0.903,0.2711,0.2337,0.881,0.915,0.881
thapelo_maseko__rsa,Thapelo Maseko,RSA,Sydafrika,FWD,2000000,2000000,0.2575,transfermarkt_availability_split_2026_06_01,0.023409,0.134261,0.134261,49885,Sydafrika,2000000,True,True,name_team_position,1.0,,,,MEX,2026-06-11 21:00,,,,,,,,,,,,0.041294,0.041294,CZE,2026-06-18 18:00,,,,,,,,,,,,0.047405,0.045034,KOR,2026-06-25 03:00,,,,,,,,,,,,0.053259,0.047933,,52247,782,2000000,FWD,False,,2.0,0.0,0.086021505376344,0.2983587096774194,0.0,0.047998,0.45,True,1.35,thapelo maseko,rsa,FWD,thapelo maseko|rsa|FWD,thapelo maseko|rsa,maseko thapelo|rsa,distributed_from_existing_optimizer_ev,,0.1379,0.1717,0.75,0.8,0.7973,0.2281,0.25,0.8178,0.8699,0.903,0.2711,0.2337,0.881,0.915,0.881
gabriel_avalos__par,Gabriel Avalos,PAR,Paraguay,FWD,2000000,2000000,0.7781,transfermarkt_availability_split_2026_06_01,0.070736,0.134261,0.134261,49124,Paraguay,2000000,True,True,name_team_position,1.0,,,,USA,2026-06-13 03:00,,,,,,,,,,,,0.040467,0.040467,TUR,2026-06-20 06:00,,,,,,,,,,,,0.044772,0.042534,AUS,2026-06-26 04:00,,,,,,,,,,,,0.056956,0.05126,,49614,778,2000000,FWD,False,,2.0,0.0,0.086021505376344,0.2983587096774194,0.0,0.047998,0.45,True,1.35,gabriel avalos,par,FWD,gabriel avalos|par|FWD,gabriel avalos|par,avalos gabriel|par,distributed_from_existing_optimizer_ev,,0.2544,0.25,0.8448,0.8891,0.903,0.2759,0.2766,0.898,0.9272,0.9389,0.4351,0.375,1.1143,1.0817,1.0718
guillermo_martinez__mex,Guillermo Martínez,MEX,Mexico,FWD,2000000,2000000,0.438,transfermarkt_availability_split_2026_06_01,0.039818,0.134261,0.134261,49154,Mexico,2000000,True,True,name_team_position,1.0,,,,RSA,2026-06-11 21:00,,,,,,,,,,,,0.047999,0.047999,KOR,2026-06-19 03:00,,,,,,,,,,,,0.046346,0.044029,CZE,2026-06-25 03:00,,,,,,,,,,,,0.046926,0.042233,,52198,775,2000000,FWD,False,,2.0,0.0,0.086021505376344,0.2983587096774194,0.0,0.047998,0.45,True,1.35,guillermo martinez,mex,FWD,guillermo martinez|mex|FWD,guillermo martinez|mex,guillermo martinez|mex,distributed_from_existing_optimizer_ev,,0.6447,0.5376,1.35,1.25,1.2913,0.5288,0.4415,1.2281,1.1629,1.1615,0.4841,0.411,1.172,1.1228,1.1204
prince_adu__gha,Prince Adu,GHA,Ghana,FWD,2000000,2000000,0.8639,transfermarkt_availability_split_2026_06_01,0.078536,0.134261,0.134261,49739,Ghana,2000000,True,True,name_team_position,1.0,,,,PAN,2026-06-18 01:00,,,,,,,,,,,,0.056013,0.056013,ENG,2026-06-23 22:00,,,,,,,,,,,,0.040639,0.038607,CRO,2026-06-27 23:00,,,,,,,,,,,,0.044046,0.039641,,52170,770,2000000,FWD,False,,2.0,0.0,0.086021505376344,0.2983587096774194,0.0,0.047998,0.45,True,1.35,prince adu,gha,FWD,prince adu|gha|FWD,prince adu|gha,adu prince|gha,distributed_from_existing_optimizer_ev,,0.4649,0.375,1.135,1.0964,1.0718,0.1101,0.1192,0.75,0.8,0.7265,0.197,0.217,0.7558,0.8256,0.8585
daniel_nana_agyei__gha,Daniel Nana Agyei,GHA,Ghana,FWD,2000000,2000000,0.242,transfermarkt_availability_split_2026_06_01,0.022,0.134261,0.134261,48983,Ghana,2000000,True,True,name_team_position,1.0,,,,PAN,2026-06-18 01:00,,,,,,,,,,,,0.056013,0.056013,ENG,2026-06-23 22:00,,,,,,,,,,,,0.040639,0.038607,CRO,2026-06-27 23:00,,,,,,,,,,,,0.044046,0.039641,,26714,770,2000000,FWD,False,,2.0,0.0,0.086021505376344,0.2983587096774194,0.0,0.047998,0.45,True,1.35,daniel nana agyei,gha,FWD,daniel nana agyei|gha|FWD,daniel nana agyei|gha,agyei daniel nana|gha,distributed_from_existing_optimizer_ev,,0.4649,0.375,1.135,1.0964,1.0718,0.1101,0.1192,0.75,0.8,0.7265,0.197,0.217,0.7558,0.8256,0.8585
awer_mabil__aus,Awer Mabil,AUS,Australien,FWD,2000000,2000000,0.7036,transfermarkt_availability_split_2026_06_01,0.063964,0.134261,0.134261,48870,Australien,2000000,True,True,name_team_position,1.0,,,,TUR,2026-06-14 06:00,,,,,,,,,,,,0.043677,0.043677,USA,2026-06-19 21:00,,,,,,,,,,,,0.04476,0.042522,PAR,2026-06-26 04:00,,,,,,,,,,,,0.053402,0.048062,,33454,763,2000000,FWD,False,,2.0,0.0,0.086021505376344,0.2983587096774194,0.0,0.047998,0.45,True,1.35,awer mabil,aus,FWD,awer mabil|aus|FWD,awer mabil|aus,awer mabil|aus,distributed_from_existing_optimizer_ev,,0.2165,0.2077,0.7887,0.8491,0.846,0.2058,0.2077,0.7627,0.8305,0.846,0.2718,0.2678,0.8857,0.9183,0.927
ante_suto__aus,Ante Suto,AUS,Australien,FWD,2000000,2000000,0.0442,transfermarkt_availability_split_2026_06_01,0.004018,0.134261,0.134261,48842,Australien,2000000,True,True,name_team_position,1.0,,,,TUR,2026-06-14 06:00,,,,,,,,,,,,0.043677,0.043677,USA,2026-06-19 21:00,,,,,,,,,,,,0.04476,0.042522,PAR,2026-06-26 04:00,,,,,,,,,,,,0.053402,0.048062,,52110,763,2000000,FWD,False,,2.0,0.0,0.086021505376344,0.2983587096774194,0.0,0.047998,0.45,True,1.35,ante suto,aus,FWD,ante suto|aus|FWD,ante suto|aus,ante suto|aus,distributed_from_existing_optimizer_ev,,0.2165,0.2077,0.7887,0.8491,0.846,0.2058,0.2077,0.7627,0.8305,0.846,0.2718,0.2678,0.8857,0.9183,0.927
ahmed_nadhir_benbouali__alg,Ahmed Nadhir Benbouali,ALG,Algeriet,FWD,2000000,2000000,0.8342,transfermarkt_availability_split_2026_06_01,0.075836,0.134261,0.134261,48749,Algeriet,2000000,True,True,name_team_position,1.0,,,,ARG,2026-06-17 03:00,,,,,,,,,,,,0.035858,0.035858,JOR,2026-06-23 05:00,,,,,,,,,,,,0.059731,0.056744,AUT,2026-06-28 04:00,,,,,,,,,,,,0.046287,0.041659,,52104,761,2000000,FWD,False,,2.0,0.0,0.086021505376344,0.2983587096774194,0.0,0.047998,0.45,True,1.35,ahmed nadhir benbouali,alg,FWD,ahmed nadhir benbouali|alg|FWD,ahmed nadhir benbouali|alg,ahmed benbouali nadhir|alg,distributed_from_existing_optimizer_ev,,0.1295,0.1573,0.75,0.8,0.7779,0.5569,0.4226,1.2554,1.1825,1.136,0.269,0.2766,0.881,0.915,0.9389
fares_ghedjemis__alg,Fares Ghedjemis,ALG,Algeriet,FWD,2000000,2000000,0.45,transfermarkt_availability_split_2026_06_01,0.040909,0.134261,0.134261,49094,Algeriet,2000000,True,True,name_team_position,1.0,,,,ARG,2026-06-17 03:00,,,,,,,,,,,,0.035858,0.035858,JOR,2026-06-23 05:00,,,,,,,,,,,,0.059731,0.056744,AUT,2026-06-28 04:00,,,,,,,,,,,,0.046287,0.041659,,45295,761,2000000,FWD,False,,2.0,0.0,0.086021505376344,0.2983587096774194,0.0,0.047998,0.45,True,1.35,fares ghedjemis,alg,FWD,fares ghedjemis|alg|FWD,fares ghedjemis|alg,fares ghedjemis|alg,distributed_from_existing_optimizer_ev,,0.1295,0.1573,0.75,0.8,0.7779,0.5569,0.4226,1.2554,1.1825,1.136,0.269,0.2766,0.881,0.915,0.9389
marco_grull__aut,Marco Grüll,AUT,Østrig,FWD,2000000,2000000,0.1955,transfermarkt_availability_split_2026_06_01,0.017773,0.134261,0.134261,49494,Østrig,2000000,True,True,name_team_position,1.0,,,,JOR,2026-06-17 06:00,,,,,,,,,,,,0.055179,0.055179,ARG,2026-06-22 19:00,,,,,,,,,,,,0.034437,0.032715,ALG,2026-06-28 04:00,,,,,,,,,,,,0.051519,0.046367,,45743,587,2000000,FWD,False,,2.0,0.0,0.086021505376344,0.2983587096774194,0.0,0.047998,0.45,True,1.35,marco grull,aut,FWD,marco grull|aut|FWD,marco grull|aut,grull marco|aut,distributed_from_existing_optimizer_ev,,0.7083,0.4865,1.35,1.25,1.2223,0.1766,0.1883,0.75,0.8026,0.8198,0.439,0.3547,1.119,1.085,1.0443
raul_florucz__aut,Raul Florucz,AUT,Østrig,FWD,2000000,2000000,0.1714,transfermarkt_availability_split_2026_06_01,0.015582,0.134261,0.134261,49753,Østrig,2000000,True,True,name_team_position,1.0,,,,JOR,2026-06-17 06:00,,,,,,,,,,,,0.055179,0.055179,ARG,2026-06-22 19:00,,,,,,,,,,,,0.034437,0.032715,ALG,2026-06-28 04:00,,,,,,,,,,,,0.051519,0.046367,,48241,587,2000000,FWD,False,,2.0,0.0,0.086021505376344,0.2983587096774194,0.0,0.047998,0.45,True,1.35,raul florucz,aut,FWD,raul florucz|aut|FWD,raul florucz|aut,florucz raul|aut,distributed_from_existing_optimizer_ev,,0.7083,0.4865,1.35,1.25,1.2223,0.1766,0.1883,0.75,0.8026,0.8198,0.439,0.3547,1.119,1.085,1.0443
cedric_itten__sui,Cedric Itten,SUI,Schweiz,FWD,2000000,2000000,0.4979,transfermarkt_availability_split_2026_06_01,0.045264,0.134261,0.134261,48941,Schweiz,2000000,True,True,name_team_position,1.0,,,,QAT,2026-06-13 21:00,,,,,,,,,,,,0.047705,0.047705,BIH,2026-06-18 21:00,,,,,,,,,,,,0.04828,0.045866,CAN,2026-06-24 21:00,,,,,,,,,,,,0.045211,0.04069,,35996,583,2000000,FWD,False,,2.0,0.0,0.086021505376344,0.2983587096774194,0.0,0.047998,0.45,True,1.35,cedric itten,sui,FWD,cedric itten|sui|FWD,cedric itten|sui,cedric itten|sui,distributed_from_existing_optimizer_ev,,0.7335,0.5585,1.35,1.25,1.3195,0.6013,0.4624,1.3025,1.2161,1.1897,0.4577,0.3547,1.1403,1.1002,1.0443
rocky_bushiri__cod,Rocky Bushiri,COD,Congo DR,DEF,2000000,2000000,0.1959,transfermarkt_availability_split_2026_06_01,0.017809,0.124288,0.124288,49784,Congo DR,2000000,True,True,name_team_position,1.0,0.01,0.014,0.004,POR,2026-06-17 19:00,74.378,0.001125,0.00128,0.001,0.0,0.012,-0.002,0.007,-0.0069768351686975,-0.033,10.581,-0.035387,-0.035387,COL,2026-06-24 04:00,74.378,0.001125,0.00128,0.001,0.0,0.012,0.008,0.007,-0.0068497684542389,-0.033,10.581,-0.02526,-0.023997,UZB,2026-06-28 01:30,74.378,0.003175,0.003125,0.001,0.0,0.012,0.012,0.009,-0.0059105386721605,-0.033,10.581,-0.000486,-0.000437,0.0,40790,1145,2000000,DEF,False,,2.0,-0.047,0.1338862559241706,0.2744454028436021,-0.047,0.003046,0.45,True,1.35,rocky bushiri,cod,DEF,rocky bushiri|cod|DEF,rocky bushiri|cod,bushiri rocky|cod,,,,,,,,,,,,,,,,,
luca_jaquez__sui,Luca Jaquez,SUI,Schweiz,DEF,2000000,2000000,0.4562,transfermarkt_availability_split_2026_06_01,0.041473,0.1235,0.1235,49450,Schweiz,2000000,True,True,name_team_position,1.0,,,,QAT,2026-06-13 21:00,,,,,,,,,,,,0.0456,0.0456,BIH,2026-06-18 21:00,,,,,,,,,,,,0.043491,0.041316,CAN,2026-06-24 21:00,,,,,,,,,,,,0.040649,0.036584,,47434,583,2000000,DEF,False,,2.0,0.0,0.1338862559241706,0.2744454028436021,0.0,0.038296,0.45,True,1.35,luca jaquez,sui,DEF,luca jaquez|sui|DEF,luca jaquez|sui,jaquez luca|sui,distributed_from_existing_optimizer_ev,,0.7335,0.5585,1.35,1.25,1.3195,0.6013,0.4624,1.3025,1.2161,1.1897,0.4577,0.3547,1.1403,1.1002,1.0443
evren_eren_elmali__tur,Evren Eren Elmali,TUR,Tyrkiet,DEF,2000000,2000000,0.6381,transfermarkt_availability_split_2026_06_01,0.058009,0.1235,0.1235,49084,Tyrkiet,2000000,True,True,name_team_position,1.0,,,,AUS,2026-06-14 06:00,,,,,,,,,,,,0.044177,0.044177,PAR,2026-06-20 06:00,,,,,,,,,,,,0.043748,0.041561,USA,2026-06-26 04:00,,,,,,,,,,,,0.041958,0.037762,,48282,586,2000000,DEF,False,,2.0,0.0,0.1338862559241706,0.2744454028436021,0.0,0.038296,0.45,True,1.35,evren eren elmali,tur,DEF,evren eren elmali|tur|DEF,evren eren elmali|tur,elmali eren evren|tur,distributed_from_existing_optimizer_ev,,0.5184,0.411,1.2113,1.1509,1.1204,0.4216,0.375,1.102,1.0729,1.0718,0.3572,0.2766,0.9901,0.9929,0.9389
marco_friedl__aut,Marco Friedl,AUT,Østrig,DEF,2000000,2000000,0.4745,transfermarkt_availability_split_2026_06_01,0.043136,0.1235,0.1235,49493,Østrig,2000000,True,True,name_team_position,1.0,,,,JOR,2026-06-17 06:00,,,,,,,,,,,,0.049631,0.049631,ARG,2026-06-22 19:00,,,,,,,,,,,,0.034129,0.032422,ALG,2026-06-28 04:00,,,,,,,,,,,,0.046052,0.041446,,33930,587,2000000,DEF,False,,2.0,0.0,0.1338862559241706,0.2744454028436021,0.0,0.038296,0.45,True,1.35,marco friedl,aut,DEF,marco friedl|aut|DEF,marco friedl|aut,friedl marco|aut,distributed_from_existing_optimizer_ev,,0.7083,0.4865,1.35,1.25,1.2223,0.1766,0.1883,0.75,0.8026,0.8198,0.439,0.3547,1.119,1.085,1.0443
luka_vuskovic__cro,Luka Vuskovic,CRO,Kroatien,DEF,2000000,2000000,0.7259,transfermarkt_availability_split_2026_06_01,0.065991,0.1235,0.1235,49467,Kroatien,2000000,True,True,name_team_position,1.0,,,,ENG,2026-06-17 22:00,,,,,,,,,,,,0.032448,0.032448,PAN,2026-06-24 01:00,,,,,,,,,,,,0.049188,0.046728,GHA,2026-06-27 23:00,,,,,,,,,,,,0.049249,0.044324,,48058,588,2000000,DEF,False,,2.0,0.0,0.1338862559241706,0.2744454028436021,0.0,0.038296,0.45,True,1.35,luka vuskovic,cro,DEF,luka vuskovic|cro|DEF,luka vuskovic|cro,luka vuskovic|cro,distributed_from_existing_optimizer_ev,,0.2039,0.2077,0.7626,0.8304,0.846,0.6189,0.4865,1.3291,1.2351,1.2223,0.5459,0.4415,1.2442,1.1744,1.1615
eric_smith__swe,Eric Smith,SWE,Sverige,DEF,2000000,2000000,0.0438,transfermarkt_availability_split_2026_06_01,0.003982,0.1235,0.1235,49073,Sverige,2000000,True,True,name_team_position,1.0,,,,TUN,2026-06-15 04:00,,,,,,,,,,,,0.048205,0.048205,NED,2026-06-20 19:00,,,,,,,,,,,,0.038025,0.036124,JPN,2026-06-26 01:00,,,,,,,,,,,,0.043524,0.039171,,32008,598,2000000,DEF,False,,2.0,0.0,0.1338862559241706,0.2744454028436021,0.0,0.038296,0.45,True,1.35,eric smith,swe,DEF,eric smith|swe|DEF,eric smith|swe,eric smith|swe,distributed_from_existing_optimizer_ev,,0.4811,0.411,1.1722,1.123,1.1204,0.1968,0.1883,0.75,0.8121,0.8198,0.2595,0.25,0.8568,0.8977,0.903
achref_abada__alg,Achref Abada,ALG,Algeriet,DEF,2000000,2000000,0.4613,transfermarkt_availability_split_2026_06_01,0.041936,0.1235,0.1235,48733,Algeriet,2000000,True,True,name_team_position,1.0,,,,ARG,2026-06-17 03:00,,,,,,,,,,,,0.033777,0.033777,JOR,2026-06-23 05:00,,,,,,,,,,,,0.052359,0.049741,AUT,2026-06-28 04:00,,,,,,,,,,,,0.044425,0.039982,,52101,761,2000000,DEF,False,,2.0,0.0,0.1338862559241706,0.2744454028436021,0.0,0.038296,0.45,True,1.35,achref abada,alg,DEF,achref abada|alg|DEF,achref abada|alg,abada achref|alg,distributed_from_existing_optimizer_ev,,0.1295,0.1573,0.75,0.8,0.7779,0.5569,0.4226,1.2554,1.1825,1.136,0.269,0.2766,0.881,0.915,0.9389
sohaib_nair__alg,Sohaib Nair,ALG,Algeriet,DEF,2000000,2000000,0.0386,transfermarkt_availability_split_2026_06_01,0.003509,0.1235,0.1235,49857,Algeriet,2000000,True,True,name_team_position,1.0,,,,ARG,2026-06-17 03:00,,,,,,,,,,,,0.033777,0.033777,JOR,2026-06-23 05:00,,,,,,,,,,,,0.052359,0.049741,AUT,2026-06-28 04:00,,,,,,,,,,,,0.044425,0.039982,,52102,761,2000000,DEF,False,,2.0,0.0,0.1338862559241706,0.2744454028436021,0.0,0.038296,0.45,True,1.35,sohaib nair,alg,DEF,sohaib nair|alg|DEF,sohaib nair|alg,nair sohaib|alg,distributed_from_existing_optimizer_ev,,0.1295,0.1573,0.75,0.8,0.7779,0.5569,0.4226,1.2554,1.1825,1.136,0.269,0.2766,0.881,0.915,0.9389
elliot_stroud__swe,Elliot Stroud,SWE,Sverige,DEF,2000000,2000000,0.0446,transfermarkt_availability_split_2026_06_01,0.004055,0.1235,0.1235,49060,Sverige,2000000,True,True,name_team_position,1.0,,,,TUN,2026-06-15 04:00,,,,,,,,,,,,0.048205,0.048205,NED,2026-06-20 19:00,,,,,,,,,,,,0.038025,0.036124,JPN,2026-06-26 01:00,,,,,,,,,,,,0.043524,0.039171,,43693,598,2000000,DEF,False,,2.0,0.0,0.1338862559241706,0.2744454028436021,0.0,0.038296,0.45,True,1.35,elliot stroud,swe,DEF,elliot stroud|swe|DEF,elliot stroud|swe,elliot stroud|swe,distributed_from_existing_optimizer_ev,,0.4811,0.411,1.1722,1.123,1.1204,0.1968,0.1883,0.75,0.8121,0.8198,0.2595,0.25,0.8568,0.8977,0.903
lucas_herrington__aus,Lucas Herrington,AUS,Australien,DEF,2000000,2000000,0.8795,transfermarkt_availability_split_2026_06_01,0.079955,0.1235,0.1235,49457,Australien,2000000,True,True,name_team_position,1.0,,,,TUR,2026-06-14 06:00,,,,,,,,,,,,0.040205,0.040205,USA,2026-06-19 21:00,,,,,,,,,,,,0.042094,0.03999,PAR,2026-06-26 04:00,,,,,,,,,,,,0.048117,0.043306,,52106,763,2000000,DEF,False,,2.0,0.0,0.1338862559241706,0.2744454028436021,0.0,0.038296,0.45,True,1.35,lucas herrington,aus,DEF,lucas herrington|aus|DEF,lucas herrington|aus,herrington lucas|aus,distributed_from_existing_optimizer_ev,,0.2165,0.2077,0.7887,0.8491,0.846,0.2058,0.2077,0.7627,0.8305,0.846,0.2718,0.2678,0.8857,0.9183,0.927
derrick_kohn__gha,Derrick Köhn,GHA,Ghana,DEF,2000000,2000000,0.6728,transfermarkt_availability_split_2026_06_01,0.061164,0.1235,0.1235,49017,Ghana,2000000,True,True,name_team_position,1.0,,,,PAN,2026-06-18 01:00,,,,,,,,,,,,0.049739,0.049739,ENG,2026-06-23 22:00,,,,,,,,,,,,0.036248,0.034436,CRO,2026-06-27 23:00,,,,,,,,,,,,0.043695,0.039326,,45548,770,2000000,DEF,False,,2.0,0.0,0.1338862559241706,0.2744454028436021,0.0,0.038296,0.45,True,1.35,derrick kohn,gha,DEF,derrick kohn|gha|DEF,derrick kohn|gha,derrick kohn|gha,distributed_from_existing_optimizer_ev,,0.4649,0.375,1.135,1.0964,1.0718,0.1101,0.1192,0.75,0.8,0.7265,0.197,0.217,0.7558,0.8256,0.8585
patric_pfeiffer__gha,Patric Pfeiffer,GHA,Ghana,DEF,2000000,2000000,0.0438,transfermarkt_availability_split_2026_06_01,0.003982,0.1235,0.1235,49711,Ghana,2000000,True,True,name_team_position,1.0,,,,PAN,2026-06-18 01:00,,,,,,,,,,,,0.049739,0.049739,ENG,2026-06-23 22:00,,,,,,,,,,,,0.036248,0.034436,CRO,2026-06-27 23:00,,,,,,,,,,,,0.043695,0.039326,,44312,770,2000000,DEF,False,,2.0,0.0,0.1338862559241706,0.2744454028436021,0.0,0.038296,0.45,True,1.35,patric pfeiffer,gha,DEF,patric pfeiffer|gha|DEF,patric pfeiffer|gha,patric pfeiffer|gha,distributed_from_existing_optimizer_ev,,0.4649,0.375,1.135,1.0964,1.0718,0.1101,0.1192,0.75,0.8,0.7265,0.197,0.217,0.7558,0.8256,0.8585
kojo_peprah_oppong__gha,Kojo Peprah Oppong,GHA,Ghana,DEF,2000000,2000000,0.6728,transfermarkt_availability_split_2026_06_01,0.061164,0.1235,0.1235,49403,Ghana,2000000,True,True,name_team_position,1.0,,,,PAN,2026-06-18 01:00,,,,,,,,,,,,0.049739,0.049739,ENG,2026-06-23 22:00,,,,,,,,,,,,0.036248,0.034436,CRO,2026-06-27 23:00,,,,,,,,,,,,0.043695,0.039326,,43679,770,2000000,DEF,False,,2.0,0.0,0.1338862559241706,0.2744454028436021,0.0,0.038296,0.45,True,1.35,kojo peprah oppong,gha,DEF,kojo peprah oppong|gha|DEF,kojo peprah oppong|gha,kojo oppong peprah|gha,distributed_from_existing_optimizer_ev,,0.4649,0.375,1.135,1.0964,1.0718,0.1101,0.1192,0.75,0.8,0.7265,0.197,0.217,0.7558,0.8256,0.8585
derrick_luckassen__gha,Derrick Luckassen,GHA,Ghana,DEF,2000000,2000000,0.4417,transfermarkt_availability_split_2026_06_01,0.040155,0.1235,0.1235,49018,Ghana,2000000,True,True,name_team_position,1.0,,,,PAN,2026-06-18 01:00,,,,,,,,,,,,0.049739,0.049739,ENG,2026-06-23 22:00,,,,,,,,,,,,0.036248,0.034436,CRO,2026-06-27 23:00,,,,,,,,,,,,0.043695,0.039326,,37003,770,2000000,DEF,False,,2.0,0.0,0.1338862559241706,0.2744454028436021,0.0,0.038296,0.45,True,1.35,derrick luckassen,gha,DEF,derrick luckassen|gha|DEF,derrick luckassen|gha,derrick luckassen|gha,distributed_from_existing_optimizer_ev,,0.4649,0.375,1.135,1.0964,1.0718,0.1101,0.1192,0.75,0.8,0.7265,0.197,0.217,0.7558,0.8256,0.8585
marvin_senaya__gha,Marvin Senaya,GHA,Ghana,DEF,2000000,2000000,0.0438,transfermarkt_availability_split_2026_06_01,0.003982,0.1235,0.1235,49521,Ghana,2000000,True,True,name_team_position,1.0,,,,PAN,2026-06-18 01:00,,,,,,,,,,,,0.049739,0.049739,ENG,2026-06-23 22:00,,,,,,,,,,,,0.036248,0.034436,CRO,2026-06-27 23:00,,,,,,,,,,,,0.043695,0.039326,,52169,770,2000000,DEF,False,,2.0,0.0,0.1338862559241706,0.2744454028436021,0.0,0.038296,0.45,True,1.35,marvin senaya,gha,DEF,marvin senaya|gha|DEF,marvin senaya|gha,marvin senaya|gha,distributed_from_existing_optimizer_ev,,0.4649,0.375,1.135,1.0964,1.0718,0.1101,0.1192,0.75,0.8,0.7265,0.197,0.217,0.7558,0.8256,0.8585
han_beom_lee__kor,Han-beom Lee,KOR,Sydkorea,DEF,2000000,2000000,0.4988,transfermarkt_availability_split_2026_06_01,0.045345,0.1235,0.1235,49167,Sydkorea,2000000,True,True,name_team_position,1.0,,,,CZE,2026-06-12 04:00,,,,,,,,,,,,0.0416,0.0416,MEX,2026-06-19 03:00,,,,,,,,,,,,0.03838,0.036461,RSA,2026-06-25 03:00,,,,,,,,,,,,0.050488,0.045439,,44963,774,2000000,DEF,False,,2.0,0.0,0.1338862559241706,0.2744454028436021,0.0,0.038296,0.45,True,1.35,han beom lee,kor,DEF,han beom lee|kor|DEF,han beom lee|kor,beom han lee|kor,distributed_from_existing_optimizer_ev,,0.36,0.3119,1.0088,1.0063,0.9866,0.203,0.2337,0.7719,0.8371,0.881,0.4411,0.3923,1.119,1.085,1.0951
tae_hyeon_kim__kor,Tae-Hyeon Kim,KOR,Sydkorea,DEF,2000000,2000000,0.2725,transfermarkt_availability_split_2026_06_01,0.024773,0.1235,0.1235,49868,Sydkorea,2000000,True,True,name_team_position,1.0,,,,CZE,2026-06-12 04:00,,,,,,,,,,,,0.0416,0.0416,MEX,2026-06-19 03:00,,,,,,,,,,,,0.03838,0.036461,RSA,2026-06-25 03:00,,,,,,,,,,,,0.050488,0.045439,,49666,774,2000000,DEF,False,,2.0,0.0,0.1338862559241706,0.2744454028436021,0.0,0.038296,0.45,True,1.35,tae hyeon kim,kor,DEF,tae hyeon kim|kor|DEF,tae hyeon kim|kor,hyeon kim tae|kor,distributed_from_existing_optimizer_ev,,0.36,0.3119,1.0088,1.0063,0.9866,0.203,0.2337,0.7719,0.8371,0.881,0.4411,0.3923,1.119,1.085,1.0951
jesus_angulo__mex,Jesus Angulo,MEX,Mexico,DEF,2000000,2000000,0.6071,transfermarkt_availability_split_2026_06_01,0.055191,0.1235,0.1235,49276,Mexico,2000000,True,True,name_team_position,1.0,,,,RSA,2026-06-11 21:00,,,,,,,,,,,,0.044371,0.044371,KOR,2026-06-19 03:00,,,,,,,,,,,,0.042393,0.040273,CZE,2026-06-25 03:00,,,,,,,,,,,,0.043174,0.038856,,52193,775,2000000,DEF,False,,2.0,0.0,0.1338862559241706,0.2744454028436021,0.0,0.038296,0.45,True,1.35,jesus angulo,mex,DEF,jesus angulo|mex|DEF,jesus angulo|mex,angulo jesus|mex,distributed_from_existing_optimizer_ev,,0.6447,0.5376,1.35,1.25,1.2913,0.5288,0.4415,1.2281,1.1629,1.1615,0.4841,0.411,1.172,1.1228,1.1204
richard_ledezma__mex,Richard Ledezma,MEX,Mexico,DEF,2000000,2000000,0.5759,transfermarkt_availability_split_2026_06_01,0.052355,0.1235,0.1235,49770,Mexico,2000000,True,True,name_team_position,1.0,,,,RSA,2026-06-11 21:00,,,,,,,,,,,,0.044371,0.044371,KOR,2026-06-19 03:00,,,,,,,,,,,,0.042393,0.040273,CZE,2026-06-25 03:00,,,,,,,,,,,,0.043174,0.038856,,45437,775,2000000,DEF,False,,2.0,0.0,0.1338862559241706,0.2744454028436021,0.0,0.038296,0.45,True,1.35,richard ledezma,mex,DEF,richard ledezma|mex|DEF,richard ledezma|mex,ledezma richard|mex,distributed_from_existing_optimizer_ev,,0.6447,0.5376,1.35,1.25,1.2913,0.5288,0.4415,1.2281,1.1629,1.1615,0.4841,0.411,1.172,1.1228,1.1204
callan_elliot__nzl,Callan Elliot,NZL,New Zealand,DEF,2000000,2000000,0.618,transfermarkt_availability_split_2026_06_01,0.056182,0.1235,0.1235,48926,New Zealand,2000000,True,True,name_team_position,1.0,,,,IRN,2026-06-16 03:00,,,,,,,,,,,,0.044355,0.044355,EGY,2026-06-22 03:00,,,,,,,,,,,,0.044761,0.042523,BEL,2026-06-27 05:00,,,,,,,,,,,,0.040692,0.036622,,49589,776,2000000,DEF,False,,2.0,0.0,0.1338862559241706,0.2744454028436021,0.0,0.038296,0.45,True,1.35,callan elliot,nzl,DEF,callan elliot|nzl|DEF,callan elliot|nzl,callan elliot|nzl,distributed_from_existing_optimizer_ev,,0.224,0.25,0.8018,0.8584,0.903,0.1926,0.217,0.75,0.8213,0.8585,0.0988,0.1063,0.75,0.8,0.7091
gonzalo_agustin_sandez__par,Gonzalo Agustin Sandez,PAR,Paraguay,DEF,2000000,2000000,0.3533,transfermarkt_availability_split_2026_06_01,0.032118,0.1235,0.1235,49144,Paraguay,2000000,True,True,name_team_position,1.0,,,,USA,2026-06-13 03:00,,,,,,,,,,,,0.038418,0.038418,TUR,2026-06-20 06:00,,,,,,,,,,,,0.041695,0.03961,AUS,2026-06-26 04:00,,,,,,,,,,,,0.050524,0.045472,,49605,778,2000000,DEF,False,,2.0,0.0,0.1338862559241706,0.2744454028436021,0.0,0.038296,0.45,True,1.35,gonzalo agustin sandez,par,DEF,gonzalo agustin sandez|par|DEF,gonzalo agustin sandez|par,agustin gonzalo sandez|par,distributed_from_existing_optimizer_ev,,0.2544,0.25,0.8448,0.8891,0.903,0.2759,0.2766,0.898,0.9272,0.9389,0.4351,0.375,1.1143,1.0817,1.0718
thabang_matuludi__rsa,Thabang Matuludi,RSA,Sydafrika,DEF,2000000,2000000,0.1162,transfermarkt_availability_split_2026_06_01,0.010564,0.1235,0.1235,49883,Sydafrika,2000000,True,True,name_team_position,1.0,,,,MEX,2026-06-11 21:00,,,,,,,,,,,,0.038067,0.038067,CZE,2026-06-18 18:00,,,,,,,,,,,,0.044791,0.042552,KOR,2026-06-25 03:00,,,,,,,,,,,,0.047646,0.042881,,49650,782,2000000,DEF,False,,2.0,0.0,0.1338862559241706,0.2744454028436021,0.0,0.038296,0.45,True,1.35,thabang matuludi,rsa,DEF,thabang matuludi|rsa|DEF,thabang matuludi|rsa,matuludi thabang|rsa,distributed_from_existing_optimizer_ev,,0.1379,0.1717,0.75,0.8,0.7973,0.2281,0.25,0.8178,0.8699,0.903,0.2711,0.2337,0.881,0.915,0.881
ime_okon__rsa,Ime Okon,RSA,Sydafrika,DEF,2000000,2000000,0.8795,transfermarkt_availability_split_2026_06_01,0.079955,0.1235,0.1235,49217,Sydafrika,2000000,True,True,name_team_position,1.0,,,,MEX,2026-06-11 21:00,,,,,,,,,,,,0.038067,0.038067,CZE,2026-06-18 18:00,,,,,,,,,,,,0.044791,0.042552,KOR,2026-06-25 03:00,,,,,,,,,,,,0.047646,0.042881,,52241,782,2000000,DEF,False,,2.0,0.0,0.1338862559241706,0.2744454028436021,0.0,0.038296,0.45,True,1.35,ime okon,rsa,DEF,ime okon|rsa|DEF,ime okon|rsa,ime okon|rsa,distributed_from_existing_optimizer_ev,,0.1379,0.1717,0.75,0.8,0.7973,0.2281,0.25,0.8178,0.8699,0.903,0.2711,0.2337,0.881,0.915,0.881
khulumani_ndamane__rsa,Khulumani Ndamane,RSA,Sydafrika,DEF,2000000,2000000,0.225,transfermarkt_availability_split_2026_06_01,0.020455,0.1235,0.1235,49400,Sydafrika,2000000,True,True,name_team_position,1.0,,,,MEX,2026-06-11 21:00,,,,,,,,,,,,0.038067,0.038067,CZE,2026-06-18 18:00,,,,,,,,,,,,0.044791,0.042552,KOR,2026-06-25 03:00,,,,,,,,,,,,0.047646,0.042881,,52242,782,2000000,DEF,False,,2.0,0.0,0.1338862559241706,0.2744454028436021,0.0,0.038296,0.45,True,1.35,khulumani ndamane,rsa,DEF,khulumani ndamane|rsa|DEF,khulumani ndamane|rsa,khulumani ndamane|rsa,distributed_from_existing_optimizer_ev,,0.1379,0.1717,0.75,0.8,0.7973,0.2281,0.25,0.8178,0.8699,0.903,0.2711,0.2337,0.881,0.915,0.881
antonee_robinson__usa,Antonee Robinson,USA,USA,DEF,2000000,2000000,0.7562,transfermarkt_availability_split_2026_06_01,0.068745,0.1235,0.1235,48851,USA,2000000,True,True,name_team_position,1.0,,,,PAR,2026-06-13 03:00,,,,,,,,,,,,0.042469,0.042469,AUS,2026-06-19 21:00,,,,,,,,,,,,0.046216,0.043905,TUR,2026-06-26 04:00,,,,,,,,,,,,0.041251,0.037126,,39682,784,2000000,DEF,False,,2.0,0.0,0.1338862559241706,0.2744454028436021,0.0,0.038296,0.45,True,1.35,antonee robinson,usa,DEF,antonee robinson|usa|DEF,antonee robinson|usa,antonee robinson|usa,distributed_from_existing_optimizer_ev,,0.4761,0.411,1.1552,1.1109,1.1204,0.5448,0.4226,1.2373,1.1695,1.136,0.3714,0.2766,1.0099,1.0071,0.9389
jackson_porozo__ecu,Jackson Porozo,ECU,Ecuador,DEF,2000000,2000000,0.3225,transfermarkt_availability_split_2026_06_01,0.029318,0.1235,0.1235,49240,Ecuador,2000000,True,True,name_team_position,1.0,,,,CIV,2026-06-15 01:00,,,,,,,,,,,,0.041673,0.041673,CUW,2026-06-21 02:00,,,,,,,,,,,,0.053277,0.050614,GER,2026-06-25 22:00,,,,,,,,,,,,0.034682,0.031214,,43276,881,2000000,DEF,False,,2.0,0.0,0.1338862559241706,0.2744454028436021,0.0,0.038296,0.45,True,1.35,jackson porozo,ecu,DEF,jackson porozo|ecu|DEF,jackson porozo|ecu,jackson porozo|ecu,distributed_from_existing_optimizer_ev,,0.4138,0.4226,1.1056,1.0754,1.136,0.7371,0.5585,1.35,1.25,1.3195,0.1872,0.1717,0.75,0.8082,0.7973
nidal_celik__bih,Nidal Celik,BIH,Bosnien-Hercegovina,DEF,2000000,2000000,0.6128,transfermarkt_availability_split_2026_06_01,0.055709,0.1235,0.1235,49652,Bosnien-Hercegovina,2000000,True,True,name_team_position,1.0,,,,CAN,2026-06-12 21:00,,,,,,,,,,,,0.037573,0.037573,SUI,2026-06-18 21:00,,,,,,,,,,,,0.037046,0.035193,QAT,2026-06-24 21:00,,,,,,,,,,,,0.056371,0.050734,,52122,882,2000000,DEF,False,,2.0,0.0,0.1338862559241706,0.2744454028436021,0.0,0.038296,0.45,True,1.35,nidal celik,bih,DEF,nidal celik|bih|DEF,nidal celik|bih,celik nidal|bih,distributed_from_existing_optimizer_ev,,0.2242,0.2337,0.7917,0.8512,0.881,0.1691,0.1883,0.75,0.8,0.8198,0.5653,0.4624,1.2686,1.1919,1.1897
abolfazl_jalali__irn,Abolfazl Jalali,IRN,Iran,DEF,2000000,2000000,0.3762,transfermarkt_availability_split_2026_06_01,0.0342,0.1235,0.1235,48731,Iran,2000000,True,True,name_team_position,1.0,,,,NZL,2026-06-16 03:00,,,,,,,,,,,,0.048875,0.048875,BEL,2026-06-21 21:00,,,,,,,,,,,,0.035453,0.033681,EGY,2026-06-27 05:00,,,,,,,,,,,,0.045494,0.040945,,43491,883,2000000,DEF,False,,2.0,0.0,0.1338862559241706,0.2744454028436021,0.0,0.038296,0.45,True,1.35,abolfazl jalali,irn,DEF,abolfazl jalali|irn|DEF,abolfazl jalali|irn,abolfazl jalali|irn,distributed_from_existing_optimizer_ev,,0.5072,0.411,1.1982,1.1416,1.1204,0.1282,0.1459,0.75,0.8,0.7624,0.28,0.2904,0.9113,0.9366,0.9576
ehsan_hajsafi__irn,Ehsan Hajsafi,IRN,Iran,DEF,2000000,2000000,0.7469,transfermarkt_availability_split_2026_06_01,0.0679,0.1235,0.1235,49049,Iran,2000000,True,True,name_team_position,1.0,,,,NZL,2026-06-16 03:00,,,,,,,,,,,,0.048875,0.048875,BEL,2026-06-21 21:00,,,,,,,,,,,,0.035453,0.033681,EGY,2026-06-27 05:00,,,,,,,,,,,,0.045494,0.040945,,32226,883,2000000,DEF,False,,2.0,0.0,0.1338862559241706,0.2744454028436021,0.0,0.038296,0.45,True,1.35,ehsan hajsafi,irn,DEF,ehsan hajsafi|irn|DEF,ehsan hajsafi|irn,ehsan hajsafi|irn,distributed_from_existing_optimizer_ev,,0.5072,0.411,1.1982,1.1416,1.1204,0.1282,0.1459,0.75,0.8,0.7624,0.28,0.2904,0.9113,0.9366,0.9576
nathan_ngoy__bel,Nathan Ngoy,BEL,Belgien,DEF,2000000,2000000,0.8655,transfermarkt_availability_split_2026_06_01,0.078682,0.1235,0.1235,49627,Belgien,2000000,True,True,name_team_position,1.0,,,,EGY,2026-06-15 21:00,,,,,,,,,,,,0.038078,0.038078,IRN,2026-06-21 21:00,,,,,,,,,,,,0.044268,0.042055,NZL,2026-06-27 05:00,,,,,,,,,,,,0.048185,0.043367,,50221,884,2000000,DEF,False,,2.0,0.0,0.1338862559241706,0.2744454028436021,0.0,0.038296,0.45,True,1.35,nathan ngoy,bel,DEF,nathan ngoy|bel|DEF,nathan ngoy|bel,nathan ngoy|bel,distributed_from_existing_optimizer_ev,,0.566,0.3923,1.2612,1.1865,1.0951,0.6655,0.5,1.35,1.25,1.2405,0.7346,0.5135,1.35,1.25,1.2588
akam_hashem__irq,Akam Hashem,IRQ,Irak,DEF,2000000,2000000,0.5017,transfermarkt_availability_split_2026_06_01,0.045609,0.1235,0.1235,48757,Irak,2000000,True,True,name_team_position,1.0,,,,NOR,2026-06-17 00:00,,,,,,,,,,,,0.040632,0.040632,FRA,2026-06-22 23:00,,,,,,,,,,,,0.040393,0.038374,SEN,2026-06-26 21:00,,,,,,,,,,,,0.049438,0.044495,,52177,947,2000000,DEF,False,,2.0,0.0,0.1338862559241706,0.2744454028436021,0.0,0.038296,0.45,True,1.35,akam hashem,irq,DEF,akam hashem|irq|DEF,akam hashem|irq,akam hashem|irq,distributed_from_existing_optimizer_ev,,0.0886,0.096,0.75,0.8,0.6951,0.0471,0.0643,0.75,0.8,0.6523,0.1479,0.1573,0.75,0.8,0.7779
manaf_younis__irq,Manaf Younis,IRQ,Irak,DEF,2000000,2000000,0.5373,transfermarkt_availability_split_2026_06_01,0.048845,0.1235,0.1235,49484,Irak,2000000,True,True,name_team_position,1.0,,,,NOR,2026-06-17 00:00,,,,,,,,,,,,0.040632,0.040632,FRA,2026-06-22 23:00,,,,,,,,,,,,0.040393,0.038374,SEN,2026-06-26 21:00,,,,,,,,,,,,0.049438,0.044495,,52178,947,2000000,DEF,False,,2.0,0.0,0.1338862559241706,0.2744454028436021,0.0,0.038296,0.45,True,1.35,manaf younis,irq,DEF,manaf younis|irq|DEF,manaf younis|irq,manaf younis|irq,distributed_from_existing_optimizer_ev,,0.0886,0.096,0.75,0.8,0.6951,0.0471,0.0643,0.75,0.8,0.6523,0.1479,0.1573,0.75,0.8,0.7779
ahmed_hasan_maknzi__irq,Ahmed Hasan Maknzi,IRQ,Irak,DEF,2000000,2000000,0.4481,transfermarkt_availability_split_2026_06_01,0.040736,0.1235,0.1235,48747,Irak,2000000,True,True,name_team_position,1.0,,,,NOR,2026-06-17 00:00,,,,,,,,,,,,0.040632,0.040632,FRA,2026-06-22 23:00,,,,,,,,,,,,0.040393,0.038374,SEN,2026-06-26 21:00,,,,,,,,,,,,0.049438,0.044495,,52211,947,2000000,DEF,False,,2.0,0.0,0.1338862559241706,0.2744454028436021,0.0,0.038296,0.45,True,1.35,ahmed hasan maknzi,irq,DEF,ahmed hasan maknzi|irq|DEF,ahmed hasan maknzi|irq,ahmed hasan maknzi|irq,distributed_from_existing_optimizer_ev,,0.0886,0.096,0.75,0.8,0.6951,0.0471,0.0643,0.75,0.8,0.6523,0.1479,0.1573,0.75,0.8,0.7779
roderick_miller__pan,Roderick Miller,PAN,Panama,DEF,2000000,2000000,0.4997,transfermarkt_availability_split_2026_06_01,0.045427,0.1235,0.1235,49785,Panama,2000000,True,True,name_team_position,1.0,,,,GHA,2026-06-18 01:00,,,,,,,,,,,,0.046067,0.046067,CRO,2026-06-24 01:00,,,,,,,,,,,,0.04273,0.040593,ENG,2026-06-27 23:00,,,,,,,,,,,,0.040933,0.03684,,52201,971,2000000,DEF,False,,2.0,0.0,0.1338862559241706,0.2744454028436021,0.0,0.038296,0.45,True,1.35,roderick miller,pan,DEF,roderick miller|pan|DEF,roderick miller|pan,miller roderick|pan,distributed_from_existing_optimizer_ev,,0.2721,0.25,0.865,0.9036,0.903,0.1487,0.1717,0.75,0.8,0.7973,0.0833,0.1063,0.75,0.8,0.7091
jiovany_ramos__pan,Jiovany Ramos,PAN,Panama,DEF,2000000,2000000,0.3884,transfermarkt_availability_split_2026_06_01,0.035309,0.1235,0.1235,49285,Panama,2000000,True,True,name_team_position,1.0,,,,GHA,2026-06-18 01:00,,,,,,,,,,,,0.046067,0.046067,CRO,2026-06-24 01:00,,,,,,,,,,,,0.04273,0.040593,ENG,2026-06-27 23:00,,,,,,,,,,,,0.040933,0.03684,,50556,971,2000000,DEF,False,,2.0,0.0,0.1338862559241706,0.2744454028436021,0.0,0.038296,0.45,True,1.35,jiovany ramos,pan,DEF,jiovany ramos|pan|DEF,jiovany ramos|pan,jiovany ramos|pan,distributed_from_existing_optimizer_ev,,0.2721,0.25,0.865,0.9036,0.903,0.1487,0.1717,0.75,0.8,0.7973,0.0833,0.1063,0.75,0.8,0.7091
martin_krug__pan,Martin Krug,PAN,Panama,DEF,2000000,2000000,0.4938,transfermarkt_availability_split_2026_06_01,0.044891,0.1235,0.1235,49515,Panama,2000000,True,True,name_team_position,1.0,,,,GHA,2026-06-18 01:00,,,,,,,,,,,,0.046067,0.046067,CRO,2026-06-24 01:00,,,,,,,,,,,,0.04273,0.040593,ENG,2026-06-27 23:00,,,,,,,,,,,,0.040933,0.03684,,48574,971,2000000,DEF,False,,2.0,0.0,0.1338862559241706,0.2744454028436021,0.0,0.038296,0.45,True,1.35,martin krug,pan,DEF,martin krug|pan|DEF,martin krug|pan,krug martin|pan,distributed_from_existing_optimizer_ev,,0.2721,0.25,0.865,0.9036,0.903,0.1487,0.1717,0.75,0.8,0.7973,0.0833,0.1063,0.75,0.8,0.7091
tarek_alaa__egy,Tarek Alaa,EGY,Egypten,DEF,2000000,2000000,0.2325,transfermarkt_availability_split_2026_06_01,0.021136,0.1235,0.1235,49877,Egypten,2000000,True,True,name_team_position,1.0,,,,BEL,2026-06-15 21:00,,,,,,,,,,,,0.032899,0.032899,NZL,2026-06-22 03:00,,,,,,,,,,,,0.049745,0.047257,IRN,2026-06-27 05:00,,,,,,,,,,,,0.048159,0.043343,,52218,973,2000000,DEF,False,,2.0,0.0,0.1338862559241706,0.2744454028436021,0.0,0.038296,0.45,True,1.35,tarek alaa,egy,DEF,tarek alaa|egy|DEF,tarek alaa|egy,alaa tarek|egy,distributed_from_existing_optimizer_ev,,0.1929,0.1717,0.75,0.8135,0.7973,0.5501,0.4624,1.2503,1.1787,1.1897,0.4067,0.411,1.0887,1.0634,1.1204
zakaria_el_ouahdi__mar,Zakaria El Ouahdi,MAR,Marokko,DEF,2000000,2000000,0.1545,transfermarkt_availability_split_2026_06_01,0.014045,0.1235,0.1235,49990,Marokko,2000000,True,True,name_team_position,1.0,,,,BRA,2026-06-14 00:00,,,,,,,,,,,,0.031459,0.031459,SCO,2026-06-20 00:00,,,,,,,,,,,,0.044244,0.042032,HAI,2026-06-25 00:00,,,,,,,,,,,,0.055566,0.05001,,52209,974,2000000,DEF,False,,2.0,0.0,0.1338862559241706,0.2744454028436021,0.0,0.038296,0.45,True,1.35,zakaria el ouahdi,mar,DEF,zakaria el ouahdi|mar|DEF,zakaria el ouahdi|mar,el ouahdi zakaria|mar,distributed_from_existing_optimizer_ev,,0.174,0.1883,0.75,0.8,0.8198,0.4539,0.411,1.1441,1.103,1.1204,0.699,0.5585,1.35,1.25,1.3195
souffian_el_karouani__mar,Souffian El Karouani,MAR,Marokko,DEF,2000000,2000000,0.309,transfermarkt_availability_split_2026_06_01,0.028091,0.1235,0.1235,49859,Marokko,2000000,True,True,name_team_position,1.0,,,,BRA,2026-06-14 00:00,,,,,,,,,,,,0.031459,0.031459,SCO,2026-06-20 00:00,,,,,,,,,,,,0.044244,0.042032,HAI,2026-06-25 00:00,,,,,,,,,,,,0.055566,0.05001,,49577,974,2000000,DEF,False,,2.0,0.0,0.1338862559241706,0.2744454028436021,0.0,0.038296,0.45,True,1.35,souffian el karouani,mar,DEF,souffian el karouani|mar|DEF,souffian el karouani|mar,el karouani souffian|mar,distributed_from_existing_optimizer_ev,,0.174,0.1883,0.75,0.8,0.8198,0.4539,0.411,1.1441,1.103,1.1204,0.699,0.5585,1.35,1.25,1.3195
chadi_riad__mar,Chadi Riad,MAR,Marokko,DEF,2000000,2000000,0.691,transfermarkt_availability_split_2026_06_01,0.062818,0.1235,0.1235,48947,Marokko,2000000,True,True,name_team_position,1.0,,,,BRA,2026-06-14 00:00,,,,,,,,,,,,0.031459,0.031459,SCO,2026-06-20 00:00,,,,,,,,,,,,0.044244,0.042032,HAI,2026-06-25 00:00,,,,,,,,,,,,0.055566,0.05001,,43202,974,2000000,DEF,False,,2.0,0.0,0.1338862559241706,0.2744454028436021,0.0,0.038296,0.45,True,1.35,chadi riad,mar,DEF,chadi riad|mar|DEF,chadi riad|mar,chadi riad|mar,distributed_from_existing_optimizer_ev,,0.174,0.1883,0.75,0.8,0.8198,0.4539,0.411,1.1441,1.103,1.1204,0.699,0.5585,1.35,1.25,1.3195
ilay_camara__sen,Ilay Camara,SEN,Senegal,DEF,2000000,2000000,0.3106,transfermarkt_availability_split_2026_06_01,0.028236,0.1235,0.1235,49215,Senegal,2000000,True,True,name_team_position,1.0,,,,FRA,2026-06-16 21:00,,,,,,,,,,,,0.033277,0.033277,NOR,2026-06-23 02:00,,,,,,,,,,,,0.039777,0.037788,IRQ,2026-06-26 21:00,,,,,,,,,,,,0.058261,0.052435,,49638,975,2000000,DEF,False,,2.0,0.0,0.1338862559241706,0.2744454028436021,0.0,0.038296,0.45,True,1.35,ilay camara,sen,DEF,ilay camara|sen|DEF,ilay camara|sen,camara ilay|sen,distributed_from_existing_optimizer_ev,,0.1393,0.1573,0.75,0.8,0.7779,0.2627,0.2337,0.8636,0.9026,0.881,0.6332,0.5,1.3397,1.2427,1.2405
adem_arous__tun,Adem Arous,TUN,Tunesien,DEF,2000000,2000000,0.1513,transfermarkt_availability_split_2026_06_01,0.013755,0.1235,0.1235,48736,Tunesien,2000000,True,True,name_team_position,1.0,,,,SWE,2026-06-15 04:00,,,,,,,,,,,,0.042919,0.042919,JPN,2026-06-21 06:00,,,,,,,,,,,,0.043965,0.041767,NED,2026-06-26 01:00,,,,,,,,,,,,0.043127,0.038814,,52237,976,2000000,DEF,False,,2.0,0.0,0.1338862559241706,0.2744454028436021,0.0,0.038296,0.45,True,1.35,adem arous,tun,DEF,adem arous|tun|DEF,adem arous|tun,adem arous|tun,distributed_from_existing_optimizer_ev,,0.2351,0.25,0.8278,0.877,0.903,0.2059,0.2337,0.7852,0.8466,0.881,0.1645,0.1717,0.75,0.8,0.7973
omar_rekik__tun,Omar Rekik,TUN,Tunesien,DEF,2000000,2000000,0.4013,transfermarkt_availability_split_2026_06_01,0.036482,0.1235,0.1235,49684,Tunesien,2000000,True,True,name_team_position,1.0,,,,SWE,2026-06-15 04:00,,,,,,,,,,,,0.042919,0.042919,JPN,2026-06-21 06:00,,,,,,,,,,,,0.043965,0.041767,NED,2026-06-26 01:00,,,,,,,,,,,,0.043127,0.038814,,39412,976,2000000,DEF,False,,2.0,0.0,0.1338862559241706,0.2744454028436021,0.0,0.038296,0.45,True,1.35,omar rekik,tun,DEF,omar rekik|tun|DEF,omar rekik|tun,omar rekik|tun,distributed_from_existing_optimizer_ev,,0.2351,0.25,0.8278,0.877,0.903,0.2059,0.2337,0.7852,0.8466,0.881,0.1645,0.1717,0.75,0.8,0.7973
moutaz_neffati__tun,Moutaz Neffati,TUN,Tunesien,DEF,2000000,2000000,0.33,transfermarkt_availability_split_2026_06_01,0.03,0.1235,0.1235,49613,Tunesien,2000000,True,True,name_team_position,1.0,,,,SWE,2026-06-15 04:00,,,,,,,,,,,,0.042919,0.042919,JPN,2026-06-21 06:00,,,,,,,,,,,,0.043965,0.041767,NED,2026-06-26 01:00,,,,,,,,,,,,0.043127,0.038814,,42580,976,2000000,DEF,False,,2.0,0.0,0.1338862559241706,0.2744454028436021,0.0,0.038296,0.45,True,1.35,moutaz neffati,tun,DEF,moutaz neffati|tun|DEF,moutaz neffati|tun,moutaz neffati|tun,distributed_from_existing_optimizer_ev,,0.2351,0.25,0.8278,0.877,0.903,0.2059,0.2337,0.7852,0.8466,0.881,0.1645,0.1717,0.75,0.8,0.7973
nathan_patterson__sco,Nathan Patterson,SCO,Skotland,DEF,2000000,2000000,0.7525,transfermarkt_availability_split_2026_06_01,0.068409,0.1235,0.1235,49628,Skotland,2000000,True,True,name_team_position,1.0,,,,HAI,2026-06-14 03:00,,,,,,,,,,,,0.052754,0.052754,MAR,2026-06-20 00:00,,,,,,,,,,,,0.040173,0.038164,BRA,2026-06-25 00:00,,,,,,,,,,,,0.036202,0.032581,,40556,1022,2000000,DEF,False,,2.0,0.0,0.1338862559241706,0.2744454028436021,0.0,0.038296,0.45,True,1.35,nathan patterson,sco,DEF,nathan patterson|sco|DEF,nathan patterson|sco,nathan patterson|sco,distributed_from_existing_optimizer_ev,,0.6612,0.4865,1.35,1.25,1.2223,0.248,0.25,0.8559,0.8971,0.903,0.1289,0.1358,0.75,0.8,0.7489
jack_hendry__sco,Jack Hendry,SCO,Skotland,DEF,2000000,2000000,0.5532,transfermarkt_availability_split_2026_06_01,0.050291,0.1235,0.1235,49239,Skotland,2000000,True,True,name_team_position,1.0,,,,HAI,2026-06-14 03:00,,,,,,,,,,,,0.052754,0.052754,MAR,2026-06-20 00:00,,,,,,,,,,,,0.040173,0.038164,BRA,2026-06-25 00:00,,,,,,,,,,,,0.036202,0.032581,,40455,1022,2000000,DEF,False,,2.0,0.0,0.1338862559241706,0.2744454028436021,0.0,0.038296,0.45,True,1.35,jack hendry,sco,DEF,jack hendry|sco|DEF,jack hendry|sco,hendry jack|sco,distributed_from_existing_optimizer_ev,,0.6612,0.4865,1.35,1.25,1.2223,0.248,0.25,0.8559,0.8971,0.903,0.1289,0.1358,0.75,0.8,0.7489
dominic_hyam__sco,Dominic Hyam,SCO,Skotland,DEF,2000000,2000000,0.1931,transfermarkt_availability_split_2026_06_01,0.017555,0.1235,0.1235,49028,Skotland,2000000,True,True,name_team_position,1.0,,,,HAI,2026-06-14 03:00,,,,,,,,,,,,0.052754,0.052754,MAR,2026-06-20 00:00,,,,,,,,,,,,0.040173,0.038164,BRA,2026-06-25 00:00,,,,,,,,,,,,0.036202,0.032581,,52235,1022,2000000,DEF,False,,2.0,0.0,0.1338862559241706,0.2744454028436021,0.0,0.038296,0.45,True,1.35,dominic hyam,sco,DEF,dominic hyam|sco|DEF,dominic hyam|sco,dominic hyam|sco,distributed_from_existing_optimizer_ev,,0.6612,0.4865,1.35,1.25,1.2223,0.248,0.25,0.8559,0.8971,0.903,0.1289,0.1358,0.75,0.8,0.7489
ralph_priso__can,Ralph Priso,CAN,Canada,DEF,2000000,2000000,0.873,transfermarkt_availability_split_2026_06_01,0.079364,0.1235,0.1235,49744,Canada,2000000,True,True,name_team_position,1.0,,,,BIH,2026-06-12 21:00,,,,,,,,,,,,0.041926,0.041926,QAT,2026-06-19 00:00,,,,,,,,,,,,0.050848,0.048305,SUI,2026-06-24 21:00,,,,,,,,,,,,0.036965,0.033269,,52131,1059,2000000,DEF,False,,2.0,0.0,0.1338862559241706,0.2744454028436021,0.0,0.038296,0.45,True,1.35,ralph priso,can,DEF,ralph priso|can|DEF,ralph priso|can,priso ralph|can,distributed_from_existing_optimizer_ev,,0.5217,0.4226,1.2083,1.1487,1.136,0.6709,0.5774,1.35,1.25,1.3451,0.2572,0.25,0.8597,0.8998,0.903
jahkeele_rutty__can,Jahkeele Rutty,CAN,Canada,DEF,2000000,2000000,0.25,holdet_official_unmatched_default,0.0227272727272727,0.1235,0.1235,49244,Canada,2000000,True,True,name_team_position,1.0,,,,BIH,2026-06-12 21:00,,,,,,,,,,,,0.041926,0.041926,QAT,2026-06-19 00:00,,,,,,,,,,,,0.050848,0.048305,SUI,2026-06-24 21:00,,,,,,,,,,,,0.036965,0.033269,,49447,1059,2000000,DEF,False,,2.0,0.0,0.1338862559241706,0.2744454028436021,0.0,0.038296,0.45,True,1.35,jahkeele rutty,can,DEF,jahkeele rutty|can|DEF,jahkeele rutty|can,jahkeele rutty|can,distributed_from_existing_optimizer_ev,,0.5217,0.4226,1.2083,1.1487,1.136,0.6709,0.5774,1.35,1.25,1.3451,0.2572,0.25,0.8597,0.8998,0.903
dilshod_komilov__uzb,Dilshod Komilov,UZB,Usbekistan,DEF,2000000,2000000,0.2795,transfermarkt_availability_split_2026_06_01,0.025409,0.1235,0.1235,49022,Usbekistan,2000000,True,True,name_team_position,1.0,,,,COL,2026-06-18 04:00,,,,,,,,,,,,0.038721,0.038721,POR,2026-06-23 19:00,,,,,,,,,,,,0.037969,0.036071,COD,2026-06-28 01:30,,,,,,,,,,,,0.05412,0.048708,,49786,1122,2000000,DEF,False,,2.0,0.0,0.1338862559241706,0.2744454028436021,0.0,0.038296,0.45,True,1.35,dilshod komilov,uzb,DEF,dilshod komilov|uzb|DEF,dilshod komilov|uzb,dilshod komilov|uzb,distributed_from_existing_optimizer_ev,,0.121,0.1573,0.75,0.8,0.7779,0.0975,0.096,0.75,0.8,0.6951,0.3358,0.3119,0.9712,0.9794,0.9866
mukhammadrasul_abdumazhidov__uzb,Mukhammadrasul Abdumazhidov,UZB,Usbekistan,DEF,2000000,2000000,0.045,transfermarkt_availability_split_2026_06_01,0.004091,0.1235,0.1235,49616,Usbekistan,2000000,True,True,name_team_position,1.0,,,,COL,2026-06-18 04:00,,,,,,,,,,,,0.038721,0.038721,POR,2026-06-23 19:00,,,,,,,,,,,,0.037969,0.036071,COD,2026-06-28 01:30,,,,,,,,,,,,0.05412,0.048708,,52113,1122,2000000,DEF,False,,2.0,0.0,0.1338862559241706,0.2744454028436021,0.0,0.038296,0.45,True,1.35,mukhammadrasul abdumazhidov,uzb,DEF,mukhammadrasul abdumazhidov|uzb|DEF,mukhammadrasul abdumazhidov|uzb,abdumazhidov mukhammadrasul|uzb,distributed_from_existing_optimizer_ev,,0.121,0.1573,0.75,0.8,0.7779,0.0975,0.096,0.75,0.8,0.6951,0.3358,0.3119,0.9712,0.9794,0.9866
husam_abu_dahab__jor,Husam Abu Dahab,JOR,Jordan,DEF,2000000,2000000,0.4523,transfermarkt_availability_split_2026_06_01,0.041118,0.1235,0.1235,49195,Jordan,2000000,True,True,name_team_position,1.0,,,,AUT,2026-06-17 06:00,,,,,,,,,,,,0.040523,0.040523,ALG,2026-06-23 05:00,,,,,,,,,,,,0.047232,0.04487,ARG,2026-06-28 04:00,,,,,,,,,,,,0.04234,0.038106,,52225,1123,2000000,DEF,False,,2.0,0.0,0.1338862559241706,0.2744454028436021,0.0,0.038296,0.45,True,1.35,husam abu dahab,jor,DEF,husam abu dahab|jor|DEF,husam abu dahab|jor,abu dahab husam|jor,distributed_from_existing_optimizer_ev,,0.1177,0.1192,0.75,0.8,0.7265,0.192,0.1883,0.75,0.8175,0.8198,0.0659,0.0871,0.75,0.8,0.6832
roberto_lopes__cpv,Roberto Lopes,CPV,Kap Verde,DEF,2000000,2000000,0.8194,transfermarkt_availability_split_2026_06_01,0.074491,0.1235,0.1235,49779,Kap Verde,2000000,True,True,name_team_position,1.0,,,,ESP,2026-06-15 18:00,,,,,,,,,,,,0.033646,0.033646,URU,2026-06-22 00:00,,,,,,,,,,,,0.041583,0.039504,KSA,2026-06-27 02:00,,,,,,,,,,,,0.055945,0.05035,,49709,1125,2000000,DEF,False,,2.0,0.0,0.1338862559241706,0.2744454028436021,0.0,0.038296,0.45,True,1.35,roberto lopes,cpv,DEF,roberto lopes|cpv|DEF,roberto lopes|cpv,lopes roberto|cpv,distributed_from_existing_optimizer_ev,,0.0376,0.0509,0.75,0.8,0.6343,0.1342,0.1573,0.75,0.8,0.7779,0.3409,0.3373,0.9681,0.9772,1.021
kelvin_pires__cpv,Kelvin Pires,CPV,Kap Verde,DEF,2000000,2000000,0.1811,transfermarkt_availability_split_2026_06_01,0.016464,0.1235,0.1235,49380,Kap Verde,2000000,True,True,name_team_position,1.0,,,,ESP,2026-06-15 18:00,,,,,,,,,,,,0.033646,0.033646,URU,2026-06-22 00:00,,,,,,,,,,,,0.041583,0.039504,KSA,2026-06-27 02:00,,,,,,,,,,,,0.055945,0.05035,,52133,1125,2000000,DEF,False,,2.0,0.0,0.1338862559241706,0.2744454028436021,0.0,0.038296,0.45,True,1.35,kelvin pires,cpv,DEF,kelvin pires|cpv|DEF,kelvin pires|cpv,kelvin pires|cpv,distributed_from_existing_optimizer_ev,,0.0376,0.0509,0.75,0.8,0.6343,0.1342,0.1573,0.75,0.8,0.7779,0.3409,0.3373,0.9681,0.9772,1.021
henrik_falchener__nor,Henrik Falchener,NOR,Norge,DEF,2000000,2000000,0.0446,transfermarkt_availability_split_2026_06_01,0.004055,0.1235,0.1235,49178,Norge,2000000,True,True,name_team_position,1.0,,,,IRQ,2026-06-17 00:00,,,,,,,,,,,,0.050999,0.050999,SEN,2026-06-23 02:00,,,,,,,,,,,,0.04224,0.040128,FRA,2026-06-26 21:00,,,,,,,,,,,,0.03597,0.032373,,52205,1126,2000000,DEF,False,,2.0,0.0,0.1338862559241706,0.2744454028436021,0.0,0.038296,0.45,True,1.35,henrik falchener,nor,DEF,henrik falchener|nor|DEF,henrik falchener|nor,falchener henrik|nor,distributed_from_existing_optimizer_ev,,0.7579,0.5585,1.35,1.25,1.3195,0.4575,0.3373,1.1364,1.0974,1.021,0.1969,0.2077,0.7527,0.8234,0.846
marcus_holmgren_pedersen__nor,Marcus Holmgren Pedersen,NOR,Norge,DEF,2000000,2000000,0.6292,transfermarkt_availability_split_2026_06_01,0.0572,0.1235,0.1235,49497,Norge,2000000,True,True,name_team_position,1.0,,,,IRQ,2026-06-17 00:00,,,,,,,,,,,,0.050999,0.050999,SEN,2026-06-23 02:00,,,,,,,,,,,,0.04224,0.040128,FRA,2026-06-26 21:00,,,,,,,,,,,,0.03597,0.032373,,44917,1126,2000000,DEF,False,,2.0,0.0,0.1338862559241706,0.2744454028436021,0.0,0.038296,0.45,True,1.35,marcus holmgren pedersen,nor,DEF,marcus holmgren pedersen|nor|DEF,marcus holmgren pedersen|nor,holmgren marcus pedersen|nor,distributed_from_existing_optimizer_ev,,0.7579,0.5585,1.35,1.25,1.3195,0.4575,0.3373,1.1364,1.0974,1.021,0.1969,0.2077,0.7527,0.8234,0.846
shurandy_sambo__cuw,Shurandy Sambo,CUW,Curaçao,DEF,2000000,2000000,0.7259,transfermarkt_availability_split_2026_06_01,0.065991,0.1235,0.1235,49848,Curaçao,2000000,True,True,name_team_position,1.0,,,,GER,2026-06-14 19:00,,,,,,,,,,,,0.037356,0.037356,ECU,2026-06-21 02:00,,,,,,,,,,,,0.044679,0.042445,CIV,2026-06-25 22:00,,,,,,,,,,,,0.048555,0.0437,,45037,1128,2000000,DEF,False,,2.0,0.0,0.1338862559241706,0.2744454028436021,0.0,0.038296,0.45,True,1.35,shurandy sambo,cuw,DEF,shurandy sambo|cuw|DEF,shurandy sambo|cuw,sambo shurandy|cuw,distributed_from_existing_optimizer_ev,,0.0208,0.0335,0.75,0.8,0.6108,0.0861,0.1192,0.75,0.8,0.7265,0.1097,0.1358,0.75,0.8,0.7489
riechedly_bazoer__cuw,Riechedly Bazoer,CUW,Curaçao,DEF,2000000,2000000,0.5143,transfermarkt_availability_split_2026_06_01,0.046755,0.1235,0.1235,49773,Curaçao,2000000,True,True,name_team_position,1.0,,,,GER,2026-06-14 19:00,,,,,,,,,,,,0.037356,0.037356,ECU,2026-06-21 02:00,,,,,,,,,,,,0.044679,0.042445,CIV,2026-06-25 22:00,,,,,,,,,,,,0.048555,0.0437,,32949,1128,2000000,DEF,False,,2.0,0.0,0.1338862559241706,0.2744454028436021,0.0,0.038296,0.45,True,1.35,riechedly bazoer,cuw,DEF,riechedly bazoer|cuw|DEF,riechedly bazoer|cuw,bazoer riechedly|cuw,distributed_from_existing_optimizer_ev,,0.0208,0.0335,0.75,0.8,0.6108,0.0861,0.1192,0.75,0.8,0.7265,0.1097,0.1358,0.75,0.8,0.7489
callum_elder__aus,Callum Elder,AUS,Australien,DEF,2000000,2000000,0.2207,transfermarkt_availability_split_2026_06_01,0.020064,0.121593,0.121593,48927,Australien,2000000,True,True,name_team_position,1.0,0.01,0.013,0.005,TUR,2026-06-14 06:00,74.36,0.004354,0.004326,0.003,0.0,0.032,0.009,0.023,-0.016914895502901,-0.003,28.844,0.022187,0.022187,USA,2026-06-19 21:00,74.36,0.002909,0.003448,0.003,0.0,0.032,0.023,0.02,-0.0187970041187024,-0.003,28.844,0.020001,0.019001,PAR,2026-06-26 04:00,74.36,0.004707,0.00506,0.003,0.0,0.032,0.025,0.021,-0.0183447785202843,-0.003,28.844,0.039077,0.035169,0.081265,36837,763,2000000,DEF,False,,2.0,0.12,0.1338862559241706,0.2744454028436021,0.12,0.128296,0.45,True,1.35,callum elder,aus,DEF,callum elder|aus|DEF,callum elder|aus,callum elder|aus,,,,,,,,,,,,,,,,,
bum_keun_song__kor,Bum-Keun Song,KOR,Sydkorea,GK,2500000,2500000,0.1593,transfermarkt_availability_split_2026_06_01,0.014482,0.11793,0.11793,48924,Sydkorea,2500000,True,True,name_team_position,1.0,0.0,0.0,0.0,CZE,2026-06-12 04:00,79.36,0.0,0.0,0.0,0.0,0.004,0.012,0.01,-0.0074268214713783,-0.03,12.909,-0.019427,-0.019427,MEX,2026-06-19 03:00,79.36,0.0,0.0,0.0,0.0,0.004,0.01,0.009,-0.0083783751873023,-0.03,12.909,-0.023378,-0.022209,RSA,2026-06-25 03:00,79.36,0.0,0.0,0.0,0.0,0.004,0.012,0.009,-0.0080834201863816,-0.03,12.909,-0.021083,-0.018975,0.0,43354,774,2500000,GK,False,0.96,2.5,-0.062,0.196875,0.3481734374999999,-0.062,-0.009586,0.45,True,1.35,bum keun song,kor,GK,bum keun song|kor|GK,bum keun song|kor,bum keun song|kor,,,,,,,,,,,,,,,,,
samukele_kabini__rsa,Samukele Kabini,RSA,Sydafrika,DEF,2000000,2000000,0.3475,transfermarkt_availability_split_2026_06_01,0.031591,0.111553,0.111553,49821,Sydafrika,2000000,True,True,name_team_position,1.0,0.037,0.057,0.031,MEX,2026-06-11 21:00,70.36,0.0045,0.00512,0.006,0.0,0.012,0.0,0.007,-0.0062411921685976,-0.034,9.532,0.003119,0.003119,CZE,2026-06-18 18:00,70.36,0.00535,0.00681,0.007,0.0,0.012,0.008,0.007,-0.0060841348229437,-0.034,9.532,0.022446,0.021324,KOR,2026-06-25 03:00,70.36,0.007762,0.008372,0.008,0.0,0.012,0.01,0.007,-0.0055784358719976,-0.034,9.532,0.04511,0.040599,0.070675,49653,782,2000000,DEF,False,,2.0,0.106,0.1338862559241706,0.2744454028436021,0.106,0.117796,0.45,True,1.35,samukele kabini,rsa,DEF,samukele kabini|rsa|DEF,samukele kabini|rsa,kabini samukele|rsa,,,,,,,,,,,,,,,,,
yousef_abu_al_jazar__jor,Yousef Abu Al-Jazar,JOR,Jordan,DEF,2000000,2000000,0.3784,transfermarkt_availability_split_2026_06_01,0.0344,0.102984,0.102984,49975,Jordan,2000000,True,True,name_team_position,1.0,0.009,0.013,0.004,AUT,2026-06-17 06:00,74.427,0.002812,0.0032,0.002,0.0,0.038,-0.002,0.023,-0.0225911750515075,0.005,34.05,-0.006119,-0.006119,ALG,2026-06-23 05:00,74.427,0.003938,0.004679,0.003,0.0,0.038,0.033,0.026,-0.0206255556998639,0.005,34.05,0.046039,0.043737,ARG,2026-06-28 04:00,74.427,0.003375,0.00384,0.003,0.0,0.038,0.03,0.025,-0.0213934711283203,0.005,34.05,0.035377,0.031839,0.075297,49541,1123,2000000,DEF,False,,2.0,0.134,0.1338862559241706,0.2744454028436021,0.134,0.138796,0.45,True,1.35,yousef abu al jazar,jor,DEF,yousef abu al jazar|jor|DEF,yousef abu al jazar|jor,abu al jazar yousef|jor,,,,,,,,,,,,,,,,,
brian_cipenga__cod,Brian Cipenga,COD,Congo DR,MID,2000000,2000000,0.6555,transfermarkt_availability_split_2026_06_01,0.059591,0.087192,0.087192,48917,Congo DR,2000000,True,True,name_team_position,1.0,0.037,0.054,0.028,POR,2026-06-17 19:00,70.36,0.003938,0.00448,0.005,0.0,0.01,-0.002,0.006,-0.0055365984455998,-0.036,8.397,-0.009407,-0.009407,COL,2026-06-24 04:00,70.36,0.003938,0.00448,0.005,0.0,0.01,0.007,0.006,-0.0054357622703501,-0.036,8.397,-0.000306,-0.00029,UZB,2026-06-28 01:30,70.36,0.009526,0.009374,0.007,0.0,0.01,0.01,0.007,-0.0046904188552085,-0.036,8.397,0.049062,0.044155,0.039349,52138,1145,2000000,MID,False,,2.0,0.069,0.106060606060606,0.30366,0.069,0.097155,0.45,True,1.35,brian cipenga,cod,MID,brian cipenga|cod|MID,brian cipenga|cod,brian cipenga|cod,,,,,,,,,,,,,,,,,
wilguens_paugain__hai,Wilguens Paugain,HAI,Haiti,DEF,2000000,2000000,0.2778,transfermarkt_availability_split_2026_06_01,0.025255,0.085278,0.085278,49944,Haiti,2000000,True,True,name_team_position,1.0,0.011,0.017,0.005,SCO,2026-06-14 03:00,74.36,0.0045,0.00512,0.003,0.0,0.035,-0.0,0.024,-0.0188828108943379,0.001,31.38,0.016477,0.016477,BRA,2026-06-20 03:00,74.36,0.003375,0.00384,0.002,0.0,0.035,0.021,0.02,-0.0211645406756389,0.001,31.38,0.019605,0.018625,MAR,2026-06-25 00:00,74.36,0.003375,0.00448,0.003,0.0,0.035,0.022,0.021,-0.0209109148341693,0.001,31.38,0.024779,0.022301,0.060861,52171,1129,2000000,DEF,False,,2.0,0.132,0.1338862559241706,0.2744454028436021,0.132,0.137296,0.45,True,1.35,wilguens paugain,hai,DEF,wilguens paugain|hai|DEF,wilguens paugain|hai,paugain wilguens|hai,,,,,,,,,,,,,,,,,
frans_dhia_putros__irq,Frans Dhia Putros,IRQ,Irak,DEF,2000000,2000000,0.4806,transfermarkt_availability_split_2026_06_01,0.043691,0.013281,0.013281,49121,Irak,2000000,True,True,name_team_position,1.0,0.005,0.007,0.002,NOR,2026-06-17 00:00,74.36,0.00225,0.00256,0.002,0.0,0.036,-0.003,0.025,-0.0190127745763277,0.002,31.982,-0.007833,-0.007833,FRA,2026-06-22 23:00,74.36,0.001687,0.00192,0.001,0.0,0.036,0.022,0.021,-0.0214322412302196,0.002,31.982,0.00445,0.004227,SEN,2026-06-26 21:00,74.36,0.001687,0.00192,0.001,0.0,0.036,0.024,0.022,-0.0209921744498175,0.002,31.982,0.00789,0.007101,0.004507,30105,947,2000000,DEF,False,,2.0,0.038,0.1338862559241706,0.2744454028436021,0.038,0.066796,0.45,True,1.35,frans dhia putros,irq,DEF,frans dhia putros|irq|DEF,frans dhia putros|irq,dhia frans putros|irq,,,,,,,,,,,,,,,,,
micky_van_de_ven__ned,Micky van de Ven,NED,Holland,DEF,4000000,4000000,0.7361,transfermarkt_availability_split_2026_06_01,0.066918,0.849174,0.849174,49560,Holland,4000000,True,True,name_team_position,1.0,0.007,0.011,0.003,JPN,2026-06-14 22:00,74.394,0.002629,0.00366,0.001,0.0,0.014,0.018,0.011,-0.0073264229298337,-0.029,12.971,0.006428,0.006428,SWE,2026-06-20 19:00,74.394,0.003191,0.004234,0.001,0.0,0.014,0.016,0.011,-0.0072543493758807,-0.029,12.971,0.009594,0.009114,TUN,2026-06-26 01:00,74.394,0.00344,0.002989,0.001,0.0,0.014,0.012,0.01,-0.0079693925563796,-0.029,12.971,0.001638,0.001474,0.0157,41371,593,4000000,DEF,False,,4.0,-0.008,0.9253554502369667,1.8968306161137456,-0.008,0.258686,0.45,True,1.35,micky van de ven,ned,DEF,micky van de ven|ned|DEF,micky van de ven|ned,de micky van ven|ned,,price_quality_ev_diagnostics,,,,,,,,,,,,,,,
nathan_ak__ned,Nathan Ake,NED,Holland,DEF,3500000,3500000,0.6366,transfermarkt_availability_split_2026_06_01,0.057873,0.778105,0.778105,49626,Holland,3500000,True,True,name_team_position,1.0,0.007,0.011,0.003,JPN,2026-06-14 22:00,74.36,0.002629,0.00244,0.001,0.0,0.014,0.017,0.01,-0.0068845787754521,-0.03,12.189,0.000209,0.000209,SWE,2026-06-20 19:00,74.36,0.003191,0.002822,0.001,0.0,0.014,0.015,0.01,-0.0068168518554301,-0.03,12.189,0.002795,0.002655,TUN,2026-06-26 01:00,74.36,0.00344,0.002989,0.001,0.0,0.014,0.012,0.009,-0.0074887719931482,-0.03,12.189,0.000118,0.000106,0.778105,30715,593,3500000,DEF,False,,3.5,-0.016,0.8530805687203792,1.7486786729857835,-0.016,0.232013,0.45,True,1.35,nathan ake,ned,DEF,nathan ake|ned|DEF,nathan ake|ned,ake nathan|ned,,price_quality_ev_diagnostics,,,,,,,,,,,,,,,
oston_urunov__uzb,Oston Urunov,UZB,Usbekistan,MID,2500000,2500000,0.7918,transfermarkt_availability_split_2026_06_01,0.071982,0.520135,0.520135,49693,Usbekistan,2500000,True,True,name_team_position,1.0,0.033,0.054,0.025,COL,2026-06-18 04:00,70.36,0.003938,0.00512,0.005,0.0,0.01,-0.001,0.006,-0.00506777051779,-0.036,8.355,-0.006018,-0.006018,POR,2026-06-23 19:00,70.36,0.002812,0.00384,0.004,0.0,0.01,0.006,0.006,-0.0055913031892765,-0.036,8.355,-0.010011,-0.009511,COD,2026-06-28 01:30,70.36,0.005659,0.006715,0.004,0.0,0.01,0.007,0.006,-0.0053799848509491,-0.036,8.355,0.01406,0.012654,0.042,49793,1122,2500000,MID,False,,2.5,0.042,0.3857808857808857,1.1045215384615383,0.042,0.196653,0.45,True,1.35,oston urunov,uzb,MID,oston urunov|uzb|MID,oston urunov|uzb,oston urunov|uzb,,price_quality_ev_diagnostics,,,,,,,,,,,,,,,
jurri_n_timber__ned,Jurrien Timber,NED,Holland,DEF,2500000,2500000,0.6497,transfermarkt_availability_split_2026_06_01,0.059064,0.396689,0.396689,49363,Holland,2500000,True,True,name_team_position,1.0,0.007,0.011,0.004,JPN,2026-06-14 22:00,74.36,0.002629,0.00366,0.001,0.0,0.014,0.017,0.01,-0.0070660171619209,-0.03,12.51,0.003688,0.003688,SWE,2026-06-20 19:00,74.36,0.003191,0.004234,0.001,0.0,0.014,0.015,0.01,-0.0069965053450315,-0.03,12.51,0.006851,0.006509,TUN,2026-06-26 01:00,74.36,0.00344,0.002989,0.001,0.0,0.014,0.012,0.009,-0.0076861334805225,-0.03,12.51,-7.9e-05,-7.1e-05,0.396689,39001,593,2500000,DEF,False,,2.5,-0.012,0.4372037914691943,0.8961978199052141,-0.012,0.116057,0.45,True,1.35,jurrien timber,ned,DEF,jurrien timber|ned|DEF,jurrien timber|ned,jurrien timber|ned,,price_quality_ev_diagnostics,,,,,,,,,,,,,,,
stepan_chaloupek__cze,Stepan Chaloupek,CZE,Tjekkiet,DEF,2000000,2000000,0.6844,transfermarkt_availability_split_2026_06_01,0.062218,0.1235,0.1235,49863,Tjekkiet,2000000,True,True,unmatched,0.0,,,,KOR,2026-06-12 04:00,,,,,,,,,,,,0.040936,0.040936,RSA,2026-06-18 18:00,,,,,,,,,,,,0.048788,0.046348,MEX,2026-06-25 03:00,,,,,,,,,,,,0.04024,0.036216,0.1235,48246,584,2000000,DEF,False,,,,,0.2744454028436021,0.0,,,,,stepan chaloupek,cze,DEF,stepan chaloupek|cze|DEF,stepan chaloupek|cze,chaloupek stepan|cze,distributed_from_existing_optimizer_ev,price_quality_ev_diagnostics,0.3474,0.3119,0.9912,0.9937,0.9866,0.4884,0.411,1.1822,1.1301,1.1204,0.2384,0.217,0.828,0.8771,0.8585
martin_vitik__cze,Martin Vitik,CZE,Tjekkiet,DEF,2500000,2500000,0.4918,transfermarkt_availability_split_2026_06_01,0.044709,1.487339,1.487339,49517,Tjekkiet,2500000,True,True,unmatched,0.0,,,,KOR,2026-06-12 04:00,,,,,,,,,,,,0.492999,0.492999,RSA,2026-06-18 18:00,,,,,,,,,,,,0.587562,0.558183,MEX,2026-06-25 03:00,,,,,,,,,,,,0.484618,0.436156,1.971,45767,584,2500000,DEF,False,,,,,0.8961978199052141,1.971,,,,,martin vitik,cze,DEF,martin vitik|cze|DEF,martin vitik|cze,martin vitik|cze,distributed_from_existing_optimizer_ev,price_quality_ev_diagnostics,0.3474,0.3119,0.9912,0.9937,0.9866,0.4884,0.411,1.1822,1.1301,1.1204,0.2384,0.217,0.828,0.8771,0.8585
robin_hranac__cze,Robin Hranac,CZE,Tjekkiet,DEF,2500000,2500000,0.8305,transfermarkt_availability_split_2026_06_01,0.0755,0.635389,0.635389,49780,Tjekkiet,2500000,True,True,unmatched,0.0,,,,KOR,2026-06-12 04:00,,,,,,,,,,,,0.210609,0.210609,RSA,2026-06-18 18:00,,,,,,,,,,,,0.251005,0.238455,MEX,2026-06-25 03:00,,,,,,,,,,,,0.207028,0.186325,0.422,45615,584,2500000,DEF,False,,,,,0.8961978199052141,0.422,,,,,robin hranac,cze,DEF,robin hranac|cze|DEF,robin hranac|cze,hranac robin|cze,distributed_from_existing_optimizer_ev,price_quality_ev_diagnostics,0.3474,0.3119,0.9912,0.9937,0.9866,0.4884,0.411,1.1822,1.1301,1.1204,0.2384,0.217,0.828,0.8771,0.8585
ladislav_krejci__cze,Ladislav Krejci,CZE,Tjekkiet,DEF,3000000,3000000,0.8635,transfermarkt_availability_split_2026_06_01,0.0785,0.653569,0.653569,49419,Tjekkiet,3000000,True,True,unmatched,0.0,,,,KOR,2026-06-12 04:00,,,,,,,,,,,,0.216635,0.216635,RSA,2026-06-18 18:00,,,,,,,,,,,,0.258187,0.245278,MEX,2026-06-25 03:00,,,,,,,,,,,,0.212952,0.191656,0.653569,45617,584,3000000,DEF,False,,,,,1.452374786729859,0.0,,,,,ladislav krejci,cze,DEF,ladislav krejci|cze|DEF,ladislav krejci|cze,krejci ladislav|cze,distributed_from_existing_optimizer_ev,price_quality_ev_diagnostics,0.3474,0.3119,0.9912,0.9937,0.9866,0.4884,0.411,1.1822,1.1301,1.1204,0.2384,0.217,0.828,0.8771,0.8585
david_jurasek__cze,David Jurasek,CZE,Tjekkiet,DEF,2000000,2000000,0.6253,transfermarkt_availability_split_2026_06_01,0.056845,1.031,1.031,48993,Tjekkiet,2000000,True,True,unmatched,0.0,,,,KOR,2026-06-12 04:00,,,,,,,,,,,,0.341739,0.341739,RSA,2026-06-18 18:00,,,,,,,,,,,,0.407288,0.386924,MEX,2026-06-25 03:00,,,,,,,,,,,,0.335929,0.302337,1.65,44830,584,2000000,DEF,False,,,,,0.2744454028436021,1.65,,,,,david jurasek,cze,DEF,david jurasek|cze|DEF,david jurasek|cze,david jurasek|cze,distributed_from_existing_optimizer_ev,price_quality_ev_diagnostics,0.3474,0.3119,0.9912,0.9937,0.9866,0.4884,0.411,1.1822,1.1301,1.1204,0.2384,0.217,0.828,0.8771,0.8585
jaroslav_zeleny__cze,Jaroslav Zeleny,CZE,Tjekkiet,DEF,2500000,2500000,0.6381,transfermarkt_availability_split_2026_06_01,0.058009,0.635389,0.635389,49256,Tjekkiet,2500000,True,True,unmatched,0.0,,,,KOR,2026-06-12 04:00,,,,,,,,,,,,0.210609,0.210609,RSA,2026-06-18 18:00,,,,,,,,,,,,0.251005,0.238455,MEX,2026-06-25 03:00,,,,,,,,,,,,0.207028,0.186325,0.422,39052,584,2500000,DEF,False,,,,,0.8961978199052141,0.422,,,,,jaroslav zeleny,cze,DEF,jaroslav zeleny|cze|DEF,jaroslav zeleny|cze,jaroslav zeleny|cze,distributed_from_existing_optimizer_ev,price_quality_ev_diagnostics,0.3474,0.3119,0.9912,0.9937,0.9866,0.4884,0.411,1.1822,1.1301,1.1204,0.2384,0.217,0.828,0.8771,0.8585
tomas_holes__cze,Tomas Holes,CZE,Tjekkiet,DEF,2000000,2000000,0.7807,transfermarkt_availability_split_2026_06_01,0.070973,0.1235,0.1235,49902,Tjekkiet,2000000,True,True,unmatched,0.0,,,,KOR,2026-06-12 04:00,,,,,,,,,,,,0.040936,0.040936,RSA,2026-06-18 18:00,,,,,,,,,,,,0.048788,0.046348,MEX,2026-06-25 03:00,,,,,,,,,,,,0.04024,0.036216,0.1235,39060,584,2000000,DEF,False,,,,,0.2744454028436021,0.0,,,,,tomas holes,cze,DEF,tomas holes|cze|DEF,tomas holes|cze,holes tomas|cze,distributed_from_existing_optimizer_ev,price_quality_ev_diagnostics,0.3474,0.3119,0.9912,0.9937,0.9866,0.4884,0.411,1.1822,1.1301,1.1204,0.2384,0.217,0.828,0.8771,0.8585
vladimir_coufal__cze,Vladimir Coufal,CZE,Tjekkiet,DEF,3000000,3000000,0.7537,transfermarkt_availability_split_2026_06_01,0.068518,1.145269,1.145269,49933,Tjekkiet,3000000,True,True,unmatched,0.0,,,,KOR,2026-06-12 04:00,,,,,,,,,,,,0.379616,0.379616,RSA,2026-06-18 18:00,,,,,,,,,,,,0.45243,0.429808,MEX,2026-06-25 03:00,,,,,,,,,,,,0.373162,0.335845,0.894,39062,584,3000000,DEF,False,,,,,1.452374786729859,0.894,,,,,vladimir coufal,cze,DEF,vladimir coufal|cze|DEF,vladimir coufal|cze,coufal vladimir|cze,distributed_from_existing_optimizer_ev,price_quality_ev_diagnostics,0.3474,0.3119,0.9912,0.9937,0.9866,0.4884,0.411,1.1822,1.1301,1.1204,0.2384,0.217,0.828,0.8771,0.8585
nathaniel_brown__ger,Nathaniel Brown,GER,Tyskland,DEF,2500000,2500000,0.4611,transfermarkt_availability_split_2026_06_01,0.041918,0.0,0.0,50084,Tyskland,2500000,True,True,name_team_position,1.0,,,,CUW,2026-06-14 19:00,,,,,,,,,,,,0.0,0.0,CIV,2026-06-20 22:00,,,,,,,,,,,,0.0,0.0,ECU,2026-06-25 22:00,,,,,,,,,,,,0.0,0.0,,45995,589,2500000,DEF,False,,,,,,,,,,,nathaniel brown,ger,DEF,nathaniel brown|ger|DEF,nathaniel brown|ger,brown nathaniel|ger,distributed_from_existing_optimizer_ev,,0.9177,0.6881,1.35,1.25,1.45,0.6065,0.4226,1.3057,1.2184,1.136,0.5709,0.411,1.2686,1.1919,1.1204
maxence_lacroix__fra,Maxence Lacroix,FRA,Frankrig,DEF,3000000,3000000,0.873,transfermarkt_availability_split_2026_06_01,0.079364,0.0,0.0,50026,Frankrig,3000000,True,True,name_team_position,1.0,,,,SEN,2026-06-16 21:00,,,,,,,,,,,,0.0,0.0,IRQ,2026-06-22 23:00,,,,,,,,,,,,0.0,0.0,NOR,2026-06-26 21:00,,,,,,,,,,,,0.0,0.0,,39717,592,3000000,DEF,False,,,,,,,,,,,maxence lacroix,fra,DEF,maxence lacroix|fra|DEF,maxence lacroix|fra,lacroix maxence|fra,distributed_from_existing_optimizer_ev,,0.6521,0.4624,1.35,1.25,1.1897,0.8421,0.6627,1.35,1.25,1.45,0.5502,0.375,1.2473,1.1766,1.0718
jules_kounde__fra,Jules Kounde,FRA,Frankrig,DEF,3500000,3500000,0.7661,transfermarkt_availability_split_2026_06_01,0.069645,0.0,0.0,50025,Frankrig,3500000,True,True,name_team_position,1.0,,,,SEN,2026-06-16 21:00,,,,,,,,,,,,0.0,0.0,IRQ,2026-06-22 23:00,,,,,,,,,,,,0.0,0.0,NOR,2026-06-26 21:00,,,,,,,,,,,,0.0,0.0,,38721,592,3500000,DEF,False,,,,,,,,,,,jules kounde,fra,DEF,jules kounde|fra|DEF,jules kounde|fra,jules kounde|fra,distributed_from_existing_optimizer_ev,,0.6521,0.4624,1.35,1.25,1.1897,0.8421,0.6627,1.35,1.25,1.45,0.5502,0.375,1.2473,1.1766,1.0718
marc_pubill__esp,Marc Pubill,ESP,Spanien,DEF,3000000,3000000,0.25,holdet_official_unmatched_default,0.0227272727272727,0.0,0.0,50110,Spanien,3000000,True,True,unmatched,0.64,,,,CPV,2026-06-15 18:00,,,,,,,,,,,,0.0,0.0,KSA,2026-06-21 18:00,,,,,,,,,,,,0.0,0.0,URU,2026-06-27 02:00,,,,,,,,,,,,0.0,0.0,,41604,595,3000000,DEF,False,,,,,,,,,,,marc pubill,esp,DEF,marc pubill|esp|DEF,marc pubill|esp,marc pubill|esp,distributed_from_existing_optimizer_ev,,0.8701,0.625,1.35,1.25,1.4093,0.8484,0.6627,1.35,1.25,1.45,0.5766,0.4226,1.2729,1.1949,1.136
eric_garcia__esp,Eric Garcia,ESP,Spanien,DEF,3000000,3000000,0.5243,transfermarkt_availability_split_2026_06_01,0.047664,0.0,0.0,50111,Spanien,3000000,True,True,unmatched,0.782608695652174,,,,CPV,2026-06-15 18:00,,,,,,,,,,,,0.0,0.0,KSA,2026-06-21 18:00,,,,,,,,,,,,0.0,0.0,URU,2026-06-27 02:00,,,,,,,,,,,,0.0,0.0,,39096,595,3000000,DEF,False,,,,,,,,,,,eric garcia,esp,DEF,eric garcia|esp|DEF,eric garcia|esp,eric garcia|esp,distributed_from_existing_optimizer_ev,,0.8701,0.625,1.35,1.25,1.4093,0.8484,0.6627,1.35,1.25,1.45,0.5766,0.4226,1.2729,1.1949,1.136
clement_akpa__civ,Clement Akpa,CIV,Elfenbenskysten,DEF,2000000,2000000,0.3215,transfermarkt_availability_split_2026_06_01,0.029227,0.1235,0.1235,48963,Elfenbenskysten,2000000,True,True,unmatched,0.0,,,,ECU,2026-06-15 01:00,,,,,,,,,,,,0.038719,0.038719,GER,2026-06-20 22:00,,,,,,,,,,,,0.034359,0.032641,CUW,2026-06-25 22:00,,,,,,,,,,,,0.057933,0.05214,0.1235,52149,767,2000000,DEF,False,,,,,0.2744454028436021,0.0,,,,,clement akpa,civ,DEF,clement akpa|civ|DEF,clement akpa|civ,akpa clement|civ,distributed_from_existing_optimizer_ev,price_quality_ev_diagnostics,0.263,0.3119,0.8944,0.9246,0.9866,0.1698,0.1573,0.75,0.8,0.7779,0.6994,0.5135,1.35,1.25,1.2588
wilfried_stephane_singo__civ,Wilfried Stephane Singo,CIV,Elfenbenskysten,DEF,2500000,2500000,0.7381,transfermarkt_availability_split_2026_06_01,0.0671,0.403289,0.403289,49943,Elfenbenskysten,2500000,True,True,unmatched,0.0,,,,ECU,2026-06-15 01:00,,,,,,,,,,,,0.126437,0.126437,GER,2026-06-20 22:00,,,,,,,,,,,,0.112201,0.106591,CUW,2026-06-25 22:00,,,,,,,,,,,,0.18918,0.170262,0.403289,41072,767,2500000,DEF,False,,,,,0.8961978199052141,0.0,,,,,wilfried stephane singo,civ,DEF,wilfried stephane singo|civ|DEF,wilfried stephane singo|civ,singo stephane wilfried|civ,distributed_from_existing_optimizer_ev,price_quality_ev_diagnostics,0.263,0.3119,0.8944,0.9246,0.9866,0.1698,0.1573,0.75,0.8,0.7779,0.6994,0.5135,1.35,1.25,1.2588
ousmane_diomande__civ,Ousmane Diomande,CIV,Elfenbenskysten,DEF,2500000,2500000,0.4417,transfermarkt_availability_split_2026_06_01,0.040155,0.403289,0.403289,49698,Elfenbenskysten,2500000,True,True,unmatched,0.0,,,,ECU,2026-06-15 01:00,,,,,,,,,,,,0.126437,0.126437,GER,2026-06-20 22:00,,,,,,,,,,,,0.112201,0.106591,CUW,2026-06-25 22:00,,,,,,,,,,,,0.18918,0.170262,0.403289,42659,767,2500000,DEF,False,,,,,0.8961978199052141,0.0,,,,,ousmane diomande,civ,DEF,ousmane diomande|civ|DEF,ousmane diomande|civ,diomande ousmane|civ,distributed_from_existing_optimizer_ev,price_quality_ev_diagnostics,0.263,0.3119,0.8944,0.9246,0.9866,0.1698,0.1573,0.75,0.8,0.7779,0.6994,0.5135,1.35,1.25,1.2588
emmanuel_agbadou__civ,Emmanuel Agbadou,CIV,Elfenbenskysten,DEF,2500000,2500000,0.43,transfermarkt_availability_split_2026_06_01,0.039091,0.403289,0.403289,49067,Elfenbenskysten,2500000,True,True,unmatched,0.0,,,,ECU,2026-06-15 01:00,,,,,,,,,,,,0.126437,0.126437,GER,2026-06-20 22:00,,,,,,,,,,,,0.112201,0.106591,CUW,2026-06-25 22:00,,,,,,,,,,,,0.18918,0.170262,0.403289,47056,767,2500000,DEF,False,,,,,0.8961978199052141,0.0,,,,,emmanuel agbadou,civ,DEF,emmanuel agbadou|civ|DEF,emmanuel agbadou|civ,agbadou emmanuel|civ,distributed_from_existing_optimizer_ev,price_quality_ev_diagnostics,0.263,0.3119,0.8944,0.9246,0.9866,0.1698,0.1573,0.75,0.8,0.7779,0.6994,0.5135,1.35,1.25,1.2588
ghislain_konan__civ,Ghislain Konan,CIV,Elfenbenskysten,DEF,2500000,2500000,0.755,transfermarkt_availability_split_2026_06_01,0.068636,0.403289,0.403289,49136,Elfenbenskysten,2500000,True,True,unmatched,0.0,,,,ECU,2026-06-15 01:00,,,,,,,,,,,,0.126437,0.126437,GER,2026-06-20 22:00,,,,,,,,,,,,0.112201,0.106591,CUW,2026-06-25 22:00,,,,,,,,,,,,0.18918,0.170262,0.403289,49729,767,2500000,DEF,False,,,,,0.8961978199052141,0.0,,,,,ghislain konan,civ,DEF,ghislain konan|civ|DEF,ghislain konan|civ,ghislain konan|civ,distributed_from_existing_optimizer_ev,price_quality_ev_diagnostics,0.263,0.3119,0.8944,0.9246,0.9866,0.1698,0.1573,0.75,0.8,0.7779,0.6994,0.5135,1.35,1.25,1.2588
guela_doue__civ,Guela Doue,CIV,Elfenbenskysten,DEF,3000000,3000000,0.7506,transfermarkt_availability_split_2026_06_01,0.068236,0.653569,0.653569,49153,Elfenbenskysten,3000000,True,True,unmatched,0.0,,,,ECU,2026-06-15 01:00,,,,,,,,,,,,0.204903,0.204903,GER,2026-06-20 22:00,,,,,,,,,,,,0.181832,0.172741,CUW,2026-06-25 22:00,,,,,,,,,,,,0.306584,0.275926,0.653569,49730,767,3000000,DEF,False,,,,,1.452374786729859,0.0,,,,,guela doue,civ,DEF,guela doue|civ|DEF,guela doue|civ,doue guela|civ,distributed_from_existing_optimizer_ev,price_quality_ev_diagnostics,0.263,0.3119,0.8944,0.9246,0.9866,0.1698,0.1573,0.75,0.8,0.7779,0.6994,0.5135,1.35,1.25,1.2588
odilon_kossounou__civ,Odilon Kossounou,CIV,Elfenbenskysten,DEF,2500000,2500000,0.6317,transfermarkt_availability_split_2026_06_01,0.057427,0.403289,0.403289,49677,Elfenbenskysten,2500000,True,True,unmatched,0.0,,,,ECU,2026-06-15 01:00,,,,,,,,,,,,0.126437,0.126437,GER,2026-06-20 22:00,,,,,,,,,,,,0.112201,0.106591,CUW,2026-06-25 22:00,,,,,,,,,,,,0.18918,0.170262,0.403289,37338,767,2500000,DEF,False,,,,,0.8961978199052141,0.0,,,,,odilon kossounou,civ,DEF,odilon kossounou|civ|DEF,odilon kossounou|civ,kossounou odilon|civ,distributed_from_existing_optimizer_ev,price_quality_ev_diagnostics,0.263,0.3119,0.8944,0.9246,0.9866,0.1698,0.1573,0.75,0.8,0.7779,0.6994,0.5135,1.35,1.25,1.2588
evan_n_dicka__civ,Evan N'Dicka,CIV,Elfenbenskysten,DEF,2500000,2500000,0.7801,transfermarkt_availability_split_2026_06_01,0.070918,0.403289,0.403289,49080,Elfenbenskysten,2500000,True,True,unmatched,0.0,,,,ECU,2026-06-15 01:00,,,,,,,,,,,,0.126437,0.126437,GER,2026-06-20 22:00,,,,,,,,,,,,0.112201,0.106591,CUW,2026-06-25 22:00,,,,,,,,,,,,0.18918,0.170262,0.403289,36722,767,2500000,DEF,False,,,,,0.8961978199052141,0.0,,,,,evan n dicka,civ,DEF,evan n dicka|civ|DEF,evan n dicka|civ,dicka evan n|civ,distributed_from_existing_optimizer_ev,price_quality_ev_diagnostics,0.263,0.3119,0.8944,0.9246,0.9866,0.1698,0.1573,0.75,0.8,0.7779,0.6994,0.5135,1.35,1.25,1.2588
djed_spence__eng,Djed Spence,ENG,England,DEF,2500000,2500000,0.5214,transfermarkt_availability_split_2026_06_01,0.0474,0.0,0.0,50074,England,2500000,True,True,name_team_position,1.0,,,,CRO,2026-06-17 22:00,,,,,,,,,,,,0.0,0.0,GHA,2026-06-23 22:00,,,,,,,,,,,,0.0,0.0,PAN,2026-06-27 23:00,,,,,,,,,,,,0.0,0.0,,42442,769,2500000,DEF,False,,,,,,,,,,,djed spence,eng,DEF,djed spence|eng|DEF,djed spence|eng,djed spence|eng,distributed_from_existing_optimizer_ev,,0.5431,0.4118,1.2374,1.1696,1.1214,0.7092,0.5,1.35,1.25,1.2405,0.7628,0.5376,1.35,1.25,1.2913
jarell_quansah__eng,Jarell Quansah,ENG,England,DEF,2500000,2500000,0.4327,transfermarkt_availability_split_2026_06_01,0.039336,0.0,0.0,50077,England,2500000,True,True,name_team_position,1.0,,,,CRO,2026-06-17 22:00,,,,,,,,,,,,0.0,0.0,GHA,2026-06-23 22:00,,,,,,,,,,,,0.0,0.0,PAN,2026-06-27 23:00,,,,,,,,,,,,0.0,0.0,,41603,769,2500000,DEF,False,,,,,,,,,,,jarell quansah,eng,DEF,jarell quansah|eng|DEF,jarell quansah|eng,jarell quansah|eng,distributed_from_existing_optimizer_ev,,0.5431,0.4118,1.2374,1.1696,1.1214,0.7092,0.5,1.35,1.25,1.2405,0.7628,0.5376,1.35,1.25,1.2913
ko_itakura__jpn,Ko Itakura,JPN,Japan,DEF,2000000,2000000,0.6414,transfermarkt_availability_split_2026_06_01,0.058309,0.0,0.0,50027,Japan,2000000,True,True,name_team_position,1.0,,,,NED,2026-06-14 22:00,,,,,,,,,,,,0.0,0.0,TUN,2026-06-21 06:00,,,,,,,,,,,,0.0,0.0,SWE,2026-06-26 01:00,,,,,,,,,,,,0.0,0.0,,38329,772,2000000,DEF,False,,,,,,,,,,,ko itakura,jpn,DEF,ko itakura|jpn|DEF,ko itakura|jpn,itakura ko|jpn,distributed_from_existing_optimizer_ev,,0.2697,0.217,0.8536,0.8954,0.8585,0.5127,0.4415,1.2148,1.1534,1.1615,0.4641,0.3547,1.1432,1.1023,1.0443
takehiro_tomiyasu__jpn,Takehiro Tomiyasu,JPN,Japan,DEF,2000000,2000000,0.7391,transfermarkt_availability_split_2026_06_01,0.067191,0.0,0.0,50028,Japan,2000000,True,True,name_team_position,1.0,,,,NED,2026-06-14 22:00,,,,,,,,,,,,0.0,0.0,TUN,2026-06-21 06:00,,,,,,,,,,,,0.0,0.0,SWE,2026-06-26 01:00,,,,,,,,,,,,0.0,0.0,,38333,772,2000000,DEF,False,,,,,,,,,,,takehiro tomiyasu,jpn,DEF,takehiro tomiyasu|jpn|DEF,takehiro tomiyasu|jpn,takehiro tomiyasu|jpn,distributed_from_existing_optimizer_ev,,0.2697,0.217,0.8536,0.8954,0.8585,0.5127,0.4415,1.2148,1.1534,1.1615,0.4641,0.3547,1.1432,1.1023,1.0443
gi_hyuk_lee__kor,Gi-hyuk Lee,KOR,Sydkorea,DEF,2000000,2000000,0.1931,transfermarkt_availability_split_2026_06_01,0.017555,0.0,0.0,50030,Sydkorea,2000000,True,True,name_team_position,1.0,,,,CZE,2026-06-12 04:00,,,,,,,,,,,,0.0,0.0,MEX,2026-06-19 03:00,,,,,,,,,,,,0.0,0.0,RSA,2026-06-25 03:00,,,,,,,,,,,,0.0,0.0,,52292,774,2000000,DEF,False,,,,,,,,,,,gi hyuk lee,kor,DEF,gi hyuk lee|kor|DEF,gi hyuk lee|kor,gi hyuk lee|kor,distributed_from_existing_optimizer_ev,,0.36,0.3119,1.0088,1.0063,0.9866,0.203,0.2337,0.7719,0.8371,0.881,0.4411,0.3923,1.119,1.085,1.0951
francis_de_vries__nzl,Francis de Vries,NZL,New Zealand,DEF,2500000,2500000,0.6054,transfermarkt_availability_split_2026_06_01,0.055036,0.0,0.0,50052,New Zealand,2500000,True,True,name_team_position,1.0,,,,IRN,2026-06-16 03:00,,,,,,,,,,,,0.0,0.0,EGY,2026-06-22 03:00,,,,,,,,,,,,0.0,0.0,BEL,2026-06-27 05:00,,,,,,,,,,,,0.0,0.0,,41909,776,2500000,DEF,False,,,,,,,,,,,francis de vries,nzl,DEF,francis de vries|nzl|DEF,francis de vries|nzl,de francis vries|nzl,distributed_from_existing_optimizer_ev,,0.224,0.25,0.8018,0.8584,0.903,0.1926,0.217,0.75,0.8213,0.8585,0.0988,0.1063,0.75,0.8,0.7091
michael_boxall__nzl,Michael Boxall,NZL,New Zealand,DEF,2000000,2000000,0.6833,transfermarkt_availability_split_2026_06_01,0.062118,0.0,0.0,50055,New Zealand,2000000,True,True,name_team_position,1.0,,,,IRN,2026-06-16 03:00,,,,,,,,,,,,0.0,0.0,EGY,2026-06-22 03:00,,,,,,,,,,,,0.0,0.0,BEL,2026-06-27 05:00,,,,,,,,,,,,0.0,0.0,,49585,776,2000000,DEF,False,,,,,,,,,,,michael boxall,nzl,DEF,michael boxall|nzl|DEF,michael boxall|nzl,boxall michael|nzl,distributed_from_existing_optimizer_ev,,0.224,0.25,0.8018,0.8584,0.903,0.1926,0.217,0.75,0.8213,0.8585,0.0988,0.1063,0.75,0.8,0.7091
tommy_smith__nzl,Tommy Smith,NZL,New Zealand,DEF,2000000,2000000,0.0438,transfermarkt_availability_split_2026_06_01,0.003982,0.0,0.0,50057,New Zealand,2000000,True,True,name_team_position,1.0,,,,IRN,2026-06-16 03:00,,,,,,,,,,,,0.0,0.0,EGY,2026-06-22 03:00,,,,,,,,,,,,0.0,0.0,BEL,2026-06-27 05:00,,,,,,,,,,,,0.0,0.0,,26694,776,2000000,DEF,False,,,,,,,,,,,tommy smith,nzl,DEF,tommy smith|nzl|DEF,tommy smith|nzl,smith tommy|nzl,distributed_from_existing_optimizer_ev,,0.224,0.25,0.8018,0.8584,0.903,0.1926,0.217,0.75,0.8213,0.8585,0.0988,0.1063,0.75,0.8,0.7091
nando_pijnaker__nzl,Nando Pijnaker,NZL,New Zealand,DEF,2000000,2000000,0.6188,transfermarkt_availability_split_2026_06_01,0.056255,0.0,0.0,50056,New Zealand,2000000,True,True,name_team_position,1.0,,,,IRN,2026-06-16 03:00,,,,,,,,,,,,0.0,0.0,EGY,2026-06-22 03:00,,,,,,,,,,,,0.0,0.0,BEL,2026-06-27 05:00,,,,,,,,,,,,0.0,0.0,,52299,776,2000000,DEF,False,,,,,,,,,,,nando pijnaker,nzl,DEF,nando pijnaker|nzl|DEF,nando pijnaker|nzl,nando pijnaker|nzl,distributed_from_existing_optimizer_ev,,0.224,0.25,0.8018,0.8584,0.903,0.1926,0.217,0.75,0.8213,0.8585,0.0988,0.1063,0.75,0.8,0.7091
yerry_mina__col,Yerry Mina,COL,Colombia,DEF,3000000,3000000,0.6156,transfermarkt_availability_split_2026_06_01,0.055964,0.0,0.0,50247,Colombia,3000000,True,True,unmatched,0.48,,,,UZB,2026-06-18 04:00,,,,,,,,,,,,0.0,0.0,COD,2026-06-24 04:00,,,,,,,,,,,,0.0,0.0,POR,2026-06-28 01:30,,,,,,,,,,,,0.0,0.0,,36081,879,3000000,DEF,False,,,,,,,,,,,yerry mina,col,DEF,yerry mina|col|DEF,yerry mina|col,mina yerry|col,distributed_from_existing_optimizer_ev,,0.6646,0.5,1.35,1.25,1.2405,0.6316,0.5376,1.3455,1.2468,1.2913,0.2725,0.25,0.8855,0.9182,0.903
willer_ditta__col,Willer Ditta,COL,Colombia,DEF,2500000,2500000,0.3311,transfermarkt_availability_split_2026_06_01,0.0301,0.0,0.0,50246,Colombia,2500000,True,True,unmatched,0.4761904761904761,,,,UZB,2026-06-18 04:00,,,,,,,,,,,,0.0,0.0,COD,2026-06-24 04:00,,,,,,,,,,,,0.0,0.0,POR,2026-06-28 01:30,,,,,,,,,,,,0.0,0.0,,52325,879,2500000,DEF,False,,,,,,,,,,,willer ditta,col,DEF,willer ditta|col|DEF,willer ditta|col,ditta willer|col,distributed_from_existing_optimizer_ev,,0.6646,0.5,1.35,1.25,1.2405,0.6316,0.5376,1.3455,1.2468,1.2913,0.2725,0.25,0.8855,0.9182,0.903
karim_hafez__egy,Karim Hafez,EGY,Egypten,DEF,2000000,2000000,0.3621,transfermarkt_availability_split_2026_06_01,0.032918,0.0,0.0,50071,Egypten,2000000,True,True,name_team_position,1.0,,,,BEL,2026-06-15 21:00,,,,,,,,,,,,0.0,0.0,NZL,2026-06-22 03:00,,,,,,,,,,,,0.0,0.0,IRN,2026-06-27 05:00,,,,,,,,,,,,0.0,0.0,,34903,973,2000000,DEF,False,,,,,,,,,,,karim hafez,egy,DEF,karim hafez|egy|DEF,karim hafez|egy,hafez karim|egy,distributed_from_existing_optimizer_ev,,0.1929,0.1717,0.75,0.8135,0.7973,0.5501,0.4624,1.2503,1.1787,1.1897,0.4067,0.411,1.0887,1.0634,1.1204
issa_diop__mar,Issa Diop,MAR,Marokko,DEF,2500000,2500000,0.8568,transfermarkt_availability_split_2026_06_01,0.077891,0.0,0.0,50067,Marokko,2500000,True,True,name_team_position,1.0,,,,BRA,2026-06-14 00:00,,,,,,,,,,,,0.0,0.0,SCO,2026-06-20 00:00,,,,,,,,,,,,0.0,0.0,HAI,2026-06-25 00:00,,,,,,,,,,,,0.0,0.0,,36712,974,2500000,DEF,False,,,,,,,,,,,issa diop,mar,DEF,issa diop|mar|DEF,issa diop|mar,diop issa|mar,distributed_from_existing_optimizer_ev,,0.174,0.1883,0.75,0.8,0.8198,0.4539,0.411,1.1441,1.103,1.1204,0.699,0.5585,1.35,1.25,1.3195
raed_chikhaoui__tun,Raed Chikhaoui,TUN,Tunesien,DEF,2000000,2000000,0.045,transfermarkt_availability_split_2026_06_01,0.004091,0.0,0.0,50065,Tunesien,2000000,True,True,name_team_position,1.0,,,,SWE,2026-06-15 04:00,,,,,,,,,,,,0.0,0.0,JPN,2026-06-21 06:00,,,,,,,,,,,,0.0,0.0,NED,2026-06-26 01:00,,,,,,,,,,,,0.0,0.0,,52240,976,2000000,DEF,False,,,,,,,,,,,raed chikhaoui,tun,DEF,raed chikhaoui|tun|DEF,raed chikhaoui|tun,chikhaoui raed|tun,distributed_from_existing_optimizer_ev,,0.2351,0.25,0.8278,0.877,0.903,0.2059,0.2337,0.7852,0.8466,0.881,0.1645,0.1717,0.75,0.8,0.7973
moustapha_mbow__sen,Moustapha Mbow,SEN,Senegal,DEF,2000000,2000000,0.0396,transfermarkt_availability_split_2026_06_01,0.0036,0.0,0.0,50093,Senegal,2000000,True,True,name_team_position,1.0,,,,FRA,2026-06-16 21:00,,,,,,,,,,,,0.0,0.0,NOR,2026-06-23 02:00,,,,,,,,,,,,0.0,0.0,IRQ,2026-06-26 21:00,,,,,,,,,,,,0.0,0.0,,52309,975,2000000,DEF,False,,,,,,,,,,,moustapha mbow,sen,DEF,moustapha mbow|sen|DEF,moustapha mbow|sen,mbow moustapha|sen,distributed_from_existing_optimizer_ev,,0.1393,0.1573,0.75,0.8,0.7779,0.2627,0.2337,0.8636,0.9026,0.881,0.6332,0.5,1.3397,1.2427,1.2405
aaron_hickey__sco,Aaron Hickey,SCO,Skotland,DEF,2500000,2500000,0.774,transfermarkt_availability_split_2026_06_01,0.070364,0.0,0.0,50061,Skotland,2500000,True,True,name_team_position,1.0,,,,HAI,2026-06-14 03:00,,,,,,,,,,,,0.0,0.0,MAR,2026-06-20 00:00,,,,,,,,,,,,0.0,0.0,BRA,2026-06-25 00:00,,,,,,,,,,,,0.0,0.0,,40737,1022,2500000,DEF,False,,,,,,,,,,,aaron hickey,sco,DEF,aaron hickey|sco|DEF,aaron hickey|sco,aaron hickey|sco,distributed_from_existing_optimizer_ev,,0.6612,0.4865,1.35,1.25,1.2223,0.248,0.25,0.8559,0.8971,0.903,0.1289,0.1358,0.75,0.8,0.7489
logan_costa__cpv,Logan Costa,CPV,Kap Verde,DEF,2500000,2500000,0.8139,transfermarkt_availability_split_2026_06_01,0.073991,0.0,0.0,50037,Kap Verde,2500000,True,True,name_team_position,1.0,,,,ESP,2026-06-15 18:00,,,,,,,,,,,,0.0,0.0,URU,2026-06-22 00:00,,,,,,,,,,,,0.0,0.0,KSA,2026-06-27 02:00,,,,,,,,,,,,0.0,0.0,,46252,1125,2500000,DEF,False,,,,,,,,,,,logan costa,cpv,DEF,logan costa|cpv|DEF,logan costa|cpv,costa logan|cpv,distributed_from_existing_optimizer_ev,,0.0376,0.0509,0.75,0.8,0.6343,0.1342,0.1573,0.75,0.8,0.7779,0.3409,0.3373,0.9681,0.9772,1.021
sondre_langas__nor,Sondre Langås,NOR,Norge,DEF,2000000,2000000,0.1054,transfermarkt_availability_split_2026_06_01,0.009582,0.0,0.0,50087,Norge,2000000,True,True,name_team_position,1.0,,,,IRQ,2026-06-17 00:00,,,,,,,,,,,,0.0,0.0,SEN,2026-06-23 02:00,,,,,,,,,,,,0.0,0.0,FRA,2026-06-26 21:00,,,,,,,,,,,,0.0,0.0,,50565,1126,2000000,DEF,False,,,,,,,,,,,sondre langas,nor,DEF,sondre langas|nor|DEF,sondre langas|nor,langas sondre|nor,distributed_from_existing_optimizer_ev,,0.7579,0.5585,1.35,1.25,1.3195,0.4575,0.3373,1.1364,1.0974,1.021,0.1969,0.2077,0.7527,0.8234,0.846
armando_obispo__cuw,Armando Obispo,CUW,Curaçao,DEF,2000000,2000000,0.8628,transfermarkt_availability_split_2026_06_01,0.078436,0.0,0.0,50041,Curaçao,2000000,True,True,name_team_position,1.0,,,,GER,2026-06-14 19:00,,,,,,,,,,,,0.0,0.0,ECU,2026-06-21 02:00,,,,,,,,,,,,0.0,0.0,CIV,2026-06-25 22:00,,,,,,,,,,,,0.0,0.0,,37004,1128,2000000,DEF,False,,,,,,,,,,,armando obispo,cuw,DEF,armando obispo|cuw|DEF,armando obispo|cuw,armando obispo|cuw,distributed_from_existing_optimizer_ev,,0.0208,0.0335,0.75,0.8,0.6108,0.0861,0.1192,0.75,0.8,0.7265,0.1097,0.1358,0.75,0.8,0.7489
deveron_fonville__cuw,Deveron Fonville,CUW,Curaçao,DEF,2000000,2000000,0.4344,transfermarkt_availability_split_2026_06_01,0.039491,0.0,0.0,50040,Curaçao,2000000,True,True,name_team_position,1.0,,,,GER,2026-06-14 19:00,,,,,,,,,,,,0.0,0.0,ECU,2026-06-21 02:00,,,,,,,,,,,,0.0,0.0,CIV,2026-06-25 22:00,,,,,,,,,,,,0.0,0.0,,52295,1128,2000000,DEF,False,,,,,,,,,,,deveron fonville,cuw,DEF,deveron fonville|cuw|DEF,deveron fonville|cuw,deveron fonville|cuw,distributed_from_existing_optimizer_ev,,0.0208,0.0335,0.75,0.8,0.6108,0.0861,0.1192,0.75,0.8,0.7265,0.1097,0.1358,0.75,0.8,0.7489
steve_kapuadi__cod,Steve Kapuadi,COD,Congo DR,DEF,2000000,2000000,0.1819,transfermarkt_availability_split_2026_06_01,0.016536,0.0,0.0,50044,Congo DR,2000000,True,True,name_team_position,1.0,,,,POR,2026-06-17 19:00,,,,,,,,,,,,0.0,0.0,COL,2026-06-24 04:00,,,,,,,,,,,,0.0,0.0,UZB,2026-06-28 01:30,,,,,,,,,,,,0.0,0.0,,52137,1145,2000000,DEF,False,,,,,,,,,,,steve kapuadi,cod,DEF,steve kapuadi|cod|DEF,steve kapuadi|cod,kapuadi steve|cod,distributed_from_existing_optimizer_ev,,0.0992,0.096,0.75,0.8,0.6951,0.1381,0.1883,0.75,0.8,0.8198,0.377,0.3373,1.0288,1.0206,1.021
sander_tangvik__nor,Sander Tangvik,NOR,Norge,GK,3000000,3000000,0.0434,transfermarkt_availability_split_2026_06_01,0.003945,0.0,0.0,50086,Norge,3000000,True,True,name_team_position,1.0,,,,IRQ,2026-06-17 00:00,,,,,,,,,,,,0.0,0.0,SEN,2026-06-23 02:00,,,,,,,,,,,,0.0,0.0,FRA,2026-06-26 21:00,,,,,,,,,,,,0.0,0.0,,50752,1126,3000000,GK,False,,,,,,,,,,,sander tangvik,nor,GK,sander tangvik|nor|GK,sander tangvik|nor,sander tangvik|nor,distributed_from_existing_optimizer_ev,,0.7579,0.5585,1.35,1.25,1.3195,0.4575,0.3373,1.1364,1.0974,1.021,0.1969,0.2077,0.7527,0.8234,0.846
cj_dos_santos__cpv,CJ Dos Santos,CPV,Kap Verde,GK,2500000,2500000,0.25,holdet_official_unmatched_default,0.0227272727272727,0.0,0.0,50036,Kap Verde,2500000,True,True,name_team_position,1.0,,,,ESP,2026-06-15 18:00,,,,,,,,,,,,0.0,0.0,URU,2026-06-22 00:00,,,,,,,,,,,,0.0,0.0,KSA,2026-06-27 02:00,,,,,,,,,,,,0.0,0.0,,52293,1125,2500000,GK,False,,,,,,,,,,,cj dos santos,cpv,GK,cj dos santos|cpv|GK,cj dos santos|cpv,cj dos santos|cpv,distributed_from_existing_optimizer_ev,,0.0376,0.0509,0.75,0.8,0.6343,0.1342,0.1573,0.75,0.8,0.7779,0.3409,0.3373,0.9681,0.9772,1.021
craig_gordon__sco,Craig Gordon,SCO,Skotland,GK,2500000,2500000,0.583,transfermarkt_availability_split_2026_06_01,0.053,0.0,0.0,50060,Skotland,2500000,True,True,name_team_position,1.0,,,,HAI,2026-06-14 03:00,,,,,,,,,,,,0.0,0.0,MAR,2026-06-20 00:00,,,,,,,,,,,,0.0,0.0,BRA,2026-06-25 00:00,,,,,,,,,,,,0.0,0.0,,21567,1022,2500000,GK,False,,,,,,,,,,,craig gordon,sco,GK,craig gordon|sco|GK,craig gordon|sco,craig gordon|sco,distributed_from_existing_optimizer_ev,,0.6612,0.4865,1.35,1.25,1.2223,0.248,0.25,0.8559,0.8971,0.903,0.1289,0.1358,0.75,0.8,0.7489
el_mahdi_soliman__egy,El Mahdi Soliman,EGY,Egypten,GK,2500000,2500000,0.0386,transfermarkt_availability_split_2026_06_01,0.003509,0.0,0.0,50069,Egypten,2500000,True,True,name_team_position,1.0,,,,BEL,2026-06-15 21:00,,,,,,,,,,,,0.0,0.0,NZL,2026-06-22 03:00,,,,,,,,,,,,0.0,0.0,IRN,2026-06-27 05:00,,,,,,,,,,,,0.0,0.0,,52306,973,2500000,GK,False,,,,,,,,,,,el mahdi soliman,egy,GK,el mahdi soliman|egy|GK,el mahdi soliman|egy,el mahdi soliman|egy,distributed_from_existing_optimizer_ev,,0.1929,0.1717,0.75,0.8135,0.7973,0.5501,0.4624,1.2503,1.1787,1.1897,0.4067,0.411,1.0887,1.0634,1.1204
oufa_shobeir__egy,Mostafa Oufa Shobeir,EGY,Egypten,GK,2500000,2500000,0.25,holdet_official_unmatched_default,0.0227272727272727,0.0,0.0,49696,Egypten,2500000,True,True,name_team_position,1.0,,,,BEL,2026-06-15 21:00,,,,,,,,,,,,0.0,0.0,NZL,2026-06-22 03:00,,,,,,,,,,,,0.0,0.0,IRN,2026-06-27 05:00,,,,,,,,,,,,0.0,0.0,,49734,973,2500000,GK,False,,,,,,,,,,,mostafa oufa shobeir,egy,GK,mostafa oufa shobeir|egy|GK,mostafa oufa shobeir|egy,mostafa oufa shobeir|egy,distributed_from_existing_optimizer_ev,,0.1929,0.1717,0.75,0.8135,0.7973,0.5501,0.4624,1.2503,1.1787,1.1897,0.4067,0.411,1.0887,1.0634,1.1204
mike_penders__bel,Mike Penders,BEL,Belgien,GK,3500000,3500000,0.6044,transfermarkt_availability_split_2026_06_01,0.054945,0.0,0.0,50018,Belgien,3500000,True,True,name_team_position,1.0,,,,EGY,2026-06-15 21:00,,,,,,,,,,,,0.0,0.0,IRN,2026-06-21 21:00,,,,,,,,,,,,0.0,0.0,NZL,2026-06-27 05:00,,,,,,,,,,,,0.0,0.0,,48021,884,3500000,GK,False,,,,,,,,,,,mike penders,bel,GK,mike penders|bel|GK,mike penders|bel,mike penders|bel,distributed_from_existing_optimizer_ev,,0.566,0.3923,1.2612,1.1865,1.0951,0.6655,0.5,1.35,1.25,1.2405,0.7346,0.5135,1.35,1.25,1.2588
yahia_fofana__civ,Yahia Fofana,CIV,Elfenbenskysten,GK,3000000,3000000,0.8229,transfermarkt_availability_split_2026_06_01,0.074809,0.400399,0.400399,49954,Elfenbenskysten,3000000,True,True,unmatched,0.0,,,,ECU,2026-06-15 01:00,,,,,,,,,,,,0.125531,0.125531,GER,2026-06-20 22:00,,,,,,,,,,,,0.111397,0.105827,CUW,2026-06-25 22:00,,,,,,,,,,,,0.187824,0.169042,0.400399,49724,767,3000000,GK,False,,,,,0.8897765624999998,0.0,,,,,yahia fofana,civ,GK,yahia fofana|civ|GK,yahia fofana|civ,fofana yahia|civ,distributed_from_existing_optimizer_ev,price_quality_ev_diagnostics,0.263,0.3119,0.8944,0.9246,0.9866,0.1698,0.1573,0.75,0.8,0.7779,0.6994,0.5135,1.35,1.25,1.2588
mohamed_kone__civ,Mohamed Kone,CIV,Elfenbenskysten,GK,3000000,3000000,0.1441,transfermarkt_availability_split_2026_06_01,0.0131,0.400399,0.400399,49580,Elfenbenskysten,3000000,True,True,unmatched,0.0,,,,ECU,2026-06-15 01:00,,,,,,,,,,,,0.125531,0.125531,GER,2026-06-20 22:00,,,,,,,,,,,,0.111397,0.105827,CUW,2026-06-25 22:00,,,,,,,,,,,,0.187824,0.169042,0.400399,49725,767,3000000,GK,False,,,,,0.8897765624999998,0.0,,,,,mohamed kone,civ,GK,mohamed kone|civ|GK,mohamed kone|civ,kone mohamed|civ,distributed_from_existing_optimizer_ev,price_quality_ev_diagnostics,0.263,0.3119,0.8944,0.9246,0.9866,0.1698,0.1573,0.75,0.8,0.7779,0.6994,0.5135,1.35,1.25,1.2588
alban_lafont__civ,Alban Lafont,CIV,Elfenbenskysten,GK,2500000,2500000,0.2905,transfermarkt_availability_split_2026_06_01,0.026409,0.156678,0.156678,48765,Elfenbenskysten,2500000,True,True,unmatched,0.0,,,,ECU,2026-06-15 01:00,,,,,,,,,,,,0.049121,0.049121,GER,2026-06-20 22:00,,,,,,,,,,,,0.04359,0.041411,CUW,2026-06-25 22:00,,,,,,,,,,,,0.073496,0.066147,0.156678,43209,767,2500000,GK,False,,,,,0.3481734374999999,0.0,,,,,alban lafont,civ,GK,alban lafont|civ|GK,alban lafont|civ,alban lafont|civ,distributed_from_existing_optimizer_ev,price_quality_ev_diagnostics,0.263,0.3119,0.8944,0.9246,0.9866,0.1698,0.1573,0.75,0.8,0.7779,0.6994,0.5135,1.35,1.25,1.2588
weverton__bra,Weverton,BRA,Brasilien,GK,4000000,4000000,0.1564,transfermarkt_availability_split_2026_06_01,0.014218,0.0,0.0,50033,Brasilien,4000000,True,True,name_team_position,1.0,,,,MAR,2026-06-14 00:00,,,,,,,,,,,,0.0,0.0,HAI,2026-06-20 03:00,,,,,,,,,,,,0.0,0.0,SCO,2026-06-25 00:00,,,,,,,,,,,,0.0,0.0,,34682,764,4000000,GK,False,,,,,,,,,,,weverton,bra,GK,weverton|bra|GK,weverton|bra,weverton|bra,distributed_from_existing_optimizer_ev,,0.5861,0.4624,1.2885,1.2061,1.1897,0.8975,0.6453,1.35,1.25,1.4367,0.6691,0.5,1.35,1.25,1.2405
joan_garcia__esp,Joan Garcia,ESP,Spanien,GK,4000000,4000000,0.8655,transfermarkt_availability_split_2026_06_01,0.078682,0.0,0.0,50109,Spanien,4000000,True,True,unmatched,0.6956521739130435,,,,CPV,2026-06-15 18:00,,,,,,,,,,,,0.0,0.0,KSA,2026-06-21 18:00,,,,,,,,,,,,0.0,0.0,URU,2026-06-27 02:00,,,,,,,,,,,,0.0,0.0,,41161,595,4000000,GK,False,,,,,,,,,,,joan garcia,esp,GK,joan garcia|esp|GK,joan garcia|esp,garcia joan|esp,distributed_from_existing_optimizer_ev,,0.8701,0.625,1.35,1.25,1.4093,0.8484,0.6627,1.35,1.25,1.45,0.5766,0.4226,1.2729,1.1949,1.136
robin_risser__fra,Robin Risser,FRA,Frankrig,GK,4000000,4000000,0.25,holdet_official_unmatched_default,0.0227272727272727,0.0,0.0,50022,Frankrig,4000000,True,True,name_team_position,1.0,,,,SEN,2026-06-16 21:00,,,,,,,,,,,,0.0,0.0,IRQ,2026-06-22 23:00,,,,,,,,,,,,0.0,0.0,NOR,2026-06-26 21:00,,,,,,,,,,,,0.0,0.0,,52290,592,4000000,GK,False,,,,,,,,,,,robin risser,fra,GK,robin risser|fra|GK,robin risser|fra,risser robin|fra,distributed_from_existing_optimizer_ev,,0.6521,0.4624,1.35,1.25,1.1897,0.8421,0.6627,1.35,1.25,1.45,0.5502,0.375,1.2473,1.1766,1.0718
manuel_neuer__ger,Manuel Neuer,GER,Tyskland,GK,5000000,5000000,0.8454,transfermarkt_availability_split_2026_06_01,0.076855,0.0,0.0,50081,Tyskland,5000000,True,True,name_team_position,1.0,,,,CUW,2026-06-14 19:00,,,,,,,,,,,,0.0,0.0,CIV,2026-06-20 22:00,,,,,,,,,,,,0.0,0.0,ECU,2026-06-25 22:00,,,,,,,,,,,,0.0,0.0,,27068,589,5000000,GK,False,,,,,,,,,,,manuel neuer,ger,GK,manuel neuer|ger|GK,manuel neuer|ger,manuel neuer|ger,distributed_from_existing_optimizer_ev,,0.9177,0.6881,1.35,1.25,1.45,0.6065,0.4226,1.3057,1.2184,1.136,0.5709,0.411,1.2686,1.1919,1.1204
lukas_hornicek__cze,Lukas Hornicek,CZE,Tjekkiet,GK,2500000,2500000,0.0442,transfermarkt_availability_split_2026_06_01,0.004018,0.156678,0.156678,49469,Tjekkiet,2500000,True,True,unmatched,0.0,,,,KOR,2026-06-12 04:00,,,,,,,,,,,,0.051933,0.051933,RSA,2026-06-18 18:00,,,,,,,,,,,,0.061894,0.0588,MEX,2026-06-25 03:00,,,,,,,,,,,,0.05105,0.045945,0.156678,44989,584,2500000,GK,False,,,,,0.3481734374999999,0.0,,,,,lukas hornicek,cze,GK,lukas hornicek|cze|GK,lukas hornicek|cze,hornicek lukas|cze,distributed_from_existing_optimizer_ev,price_quality_ev_diagnostics,0.3474,0.3119,0.9912,0.9937,0.9866,0.4884,0.411,1.1822,1.1301,1.1204,0.2384,0.217,0.828,0.8771,0.8585
martin_jedlicka__cze,Martin Jedlicka,CZE,Tjekkiet,GK,2500000,2500000,0.075,transfermarkt_availability_split_2026_06_01,0.006818,0.279878,0.279878,49514,Tjekkiet,2500000,True,True,unmatched,0.0,,,,KOR,2026-06-12 04:00,,,,,,,,,,,,0.09277,0.09277,RSA,2026-06-18 18:00,,,,,,,,,,,,0.110564,0.105035,MEX,2026-06-25 03:00,,,,,,,,,,,,0.091192,0.082073,0.224,43032,584,2500000,GK,False,,,,,0.3481734374999999,0.224,,,,,martin jedlicka,cze,GK,martin jedlicka|cze|GK,martin jedlicka|cze,jedlicka martin|cze,distributed_from_existing_optimizer_ev,price_quality_ev_diagnostics,0.3474,0.3119,0.9912,0.9937,0.9866,0.4884,0.411,1.1822,1.1301,1.1204,0.2384,0.217,0.828,0.8771,0.8585
matej_kovar__cze,Matej Kovar,CZE,Tjekkiet,GK,3000000,3000000,0.8843,transfermarkt_availability_split_2026_06_01,0.080391,0.372349,0.372349,49523,Tjekkiet,3000000,True,True,unmatched,0.0,,,,KOR,2026-06-12 04:00,,,,,,,,,,,,0.12342,0.12342,RSA,2026-06-18 18:00,,,,,,,,,,,,0.147094,0.139739,MEX,2026-06-25 03:00,,,,,,,,,,,,0.121322,0.10919,0.372349,39709,584,3000000,GK,False,,,,,0.8897765624999998,-0.051,,,,,matej kovar,cze,GK,matej kovar|cze|GK,matej kovar|cze,kovar matej|cze,distributed_from_existing_optimizer_ev,price_quality_ev_diagnostics,0.3474,0.3119,0.9912,0.9937,0.9866,0.4884,0.411,1.1822,1.1301,1.1204,0.2384,0.217,0.828,0.8771,0.8585
michal_sadilek__cze,Michal Sadilek,CZE,Tjekkiet,MID,2500000,2500000,0.8357,transfermarkt_availability_split_2026_06_01,0.075973,1.687235,1.687235,49558,Tjekkiet,2500000,True,True,unmatched,0.0,,,,KOR,2026-06-12 04:00,,,,,,,,,,,,0.557699,0.557699,RSA,2026-06-18 18:00,,,,,,,,,,,,0.684761,0.650523,MEX,2026-06-25 03:00,,,,,,,,,,,,0.532237,0.479013,2.164,37276,584,2500000,MID,False,,,,,1.1045215384615383,2.164,,,,,michal sadilek,cze,MID,michal sadilek|cze|MID,michal sadilek|cze,michal sadilek|cze,distributed_from_existing_optimizer_ev,price_quality_ev_diagnostics,0.3474,0.3119,0.9912,0.9937,0.9866,0.4884,0.411,1.1822,1.1301,1.1204,0.2384,0.217,0.828,0.8771,0.8585
alex_kral__cze,Alex Kral,CZE,Tjekkiet,MID,2000000,2000000,0.7515,transfermarkt_availability_split_2026_06_01,0.068318,0.830747,0.830747,48775,Tjekkiet,2000000,True,True,unmatched,0.0,,,,KOR,2026-06-12 04:00,,,,,,,,,,,,0.274595,0.274595,RSA,2026-06-18 18:00,,,,,,,,,,,,0.337157,0.320299,MEX,2026-06-25 03:00,,,,,,,,,,,,0.262058,0.235853,1.262,39047,584,2000000,MID,False,,,,,0.30366,1.262,,,,,alex kral,cze,MID,alex kral|cze|MID,alex kral|cze,alex kral|cze,distributed_from_existing_optimizer_ev,price_quality_ev_diagnostics,0.3474,0.3119,0.9912,0.9937,0.9866,0.4884,0.411,1.1822,1.1301,1.1204,0.2384,0.217,0.828,0.8771,0.8585
tomas_soucek__cze,Tomas Soucek,CZE,Tjekkiet,MID,3500000,3500000,0.9219,transfermarkt_availability_split_2026_06_01,0.083809,1.586595,1.586595,49903,Tjekkiet,3500000,True,True,unmatched,0.0,,,,KOR,2026-06-12 04:00,,,,,,,,,,,,0.524433,0.524433,RSA,2026-06-18 18:00,,,,,,,,,,,,0.643916,0.611721,MEX,2026-06-25 03:00,,,,,,,,,,,,0.50049,0.450441,0.949,39061,584,3500000,MID,False,,,,,2.3658784615384616,0.949,,,,,tomas soucek,cze,MID,tomas soucek|cze|MID,tomas soucek|cze,soucek tomas|cze,distributed_from_existing_optimizer_ev,price_quality_ev_diagnostics,0.3474,0.3119,0.9912,0.9937,0.9866,0.4884,0.411,1.1822,1.1301,1.1204,0.2384,0.217,0.828,0.8771,0.8585
pavel_sulc__cze,Pavel Sulc,CZE,Tjekkiet,MID,4000000,4000000,0.8202,transfermarkt_availability_split_2026_06_01,0.074564,1.334086,1.334086,49723,Tjekkiet,4000000,True,True,unmatched,0.0,,,,KOR,2026-06-12 04:00,,,,,,,,,,,,0.440969,0.440969,RSA,2026-06-18 18:00,,,,,,,,,,,,0.541436,0.514364,MEX,2026-06-25 03:00,,,,,,,,,,,,0.420836,0.378753,0.337,45620,584,4000000,MID,False,,,,,2.5527461538461536,0.337,,,,,pavel sulc,cze,MID,pavel sulc|cze|MID,pavel sulc|cze,pavel sulc|cze,distributed_from_existing_optimizer_ev,price_quality_ev_diagnostics,0.3474,0.3119,0.9912,0.9937,0.9866,0.4884,0.411,1.1822,1.1301,1.1204,0.2384,0.217,0.828,0.8771,0.8585
adam_karabec__cze,Adam Karabec,CZE,Tjekkiet,MID,2500000,2500000,0.8096,transfermarkt_availability_split_2026_06_01,0.0736,1.685035,1.685035,48735,Tjekkiet,2500000,True,True,unmatched,0.0,,,,KOR,2026-06-12 04:00,,,,,,,,,,,,0.556972,0.556972,RSA,2026-06-18 18:00,,,,,,,,,,,,0.683868,0.649675,MEX,2026-06-25 03:00,,,,,,,,,,,,0.531543,0.478389,2.16,48104,584,2500000,MID,False,,,,,1.1045215384615383,2.16,,,,,adam karabec,cze,MID,adam karabec|cze|MID,adam karabec|cze,adam karabec|cze,distributed_from_existing_optimizer_ev,price_quality_ev_diagnostics,0.3474,0.3119,0.9912,0.9937,0.9866,0.4884,0.411,1.1822,1.1301,1.1204,0.2384,0.217,0.828,0.8771,0.8585
lukas_cerv__cze,Lukas Cerv,CZE,Tjekkiet,MID,3000000,3000000,0.8284,transfermarkt_availability_split_2026_06_01,0.075309,0.94083,0.94083,49468,Tjekkiet,3000000,True,True,unmatched,0.0,,,,KOR,2026-06-12 04:00,,,,,,,,,,,,0.310982,0.310982,RSA,2026-06-18 18:00,,,,,,,,,,,,0.381834,0.362742,MEX,2026-06-25 03:00,,,,,,,,,,,,0.296784,0.267106,0.138,45766,584,3000000,MID,False,,,,,1.9220676923076925,0.138,,,,,lukas cerv,cze,MID,lukas cerv|cze|MID,lukas cerv|cze,cerv lukas|cze,distributed_from_existing_optimizer_ev,price_quality_ev_diagnostics,0.3474,0.3119,0.9912,0.9937,0.9866,0.4884,0.411,1.1822,1.1301,1.1204,0.2384,0.217,0.828,0.8771,0.8585
denis_visinsky__cze,Denis Visinsky,CZE,Tjekkiet,MID,2000000,2000000,0.045,transfermarkt_availability_split_2026_06_01,0.004091,0.136647,0.136647,49007,Tjekkiet,2000000,True,True,unmatched,0.0,,,,KOR,2026-06-12 04:00,,,,,,,,,,,,0.045167,0.045167,RSA,2026-06-18 18:00,,,,,,,,,,,,0.055458,0.052685,MEX,2026-06-25 03:00,,,,,,,,,,,,0.043105,0.038795,0.136647,52156,584,2000000,MID,False,,,,,0.30366,0.0,,,,,denis visinsky,cze,MID,denis visinsky|cze|MID,denis visinsky|cze,denis visinsky|cze,distributed_from_existing_optimizer_ev,price_quality_ev_diagnostics,0.3474,0.3119,0.9912,0.9937,0.9866,0.4884,0.411,1.1822,1.1301,1.1204,0.2384,0.217,0.828,0.8771,0.8585
vladimir_darida__cze,Vladimir Darida,CZE,Tjekkiet,MID,2000000,2000000,0.8106,transfermarkt_availability_split_2026_06_01,0.073691,0.136647,0.136647,49934,Tjekkiet,2000000,True,True,unmatched,0.0,,,,KOR,2026-06-12 04:00,,,,,,,,,,,,0.045167,0.045167,RSA,2026-06-18 18:00,,,,,,,,,,,,0.055458,0.052685,MEX,2026-06-25 03:00,,,,,,,,,,,,0.043105,0.038795,0.136647,29512,584,2000000,MID,False,,,,,0.30366,0.0,,,,,vladimir darida,cze,MID,vladimir darida|cze|MID,vladimir darida|cze,darida vladimir|cze,distributed_from_existing_optimizer_ev,price_quality_ev_diagnostics,0.3474,0.3119,0.9912,0.9937,0.9866,0.4884,0.411,1.1822,1.1301,1.1204,0.2384,0.217,0.828,0.8771,0.8585
lukas_provod__cze,Lukas Provod,CZE,Tjekkiet,MID,3000000,3000000,0.9439,transfermarkt_availability_split_2026_06_01,0.085809,0.86493,0.86493,49471,Tjekkiet,3000000,True,True,unmatched,0.0,,,,KOR,2026-06-12 04:00,,,,,,,,,,,,0.285894,0.285894,RSA,2026-06-18 18:00,,,,,,,,,,,,0.35103,0.333479,MEX,2026-06-25 03:00,,,,,,,,,,,,0.272841,0.245557,0.86493,39076,584,3000000,MID,False,,,,,1.9220676923076925,0.0,,,,,lukas provod,cze,MID,lukas provod|cze|MID,lukas provod|cze,lukas provod|cze,distributed_from_existing_optimizer_ev,price_quality_ev_diagnostics,0.3474,0.3119,0.9912,0.9937,0.9866,0.4884,0.411,1.1822,1.1301,1.1204,0.2384,0.217,0.828,0.8771,0.8585
samu_costa__por,Samu Costa,POR,Portugal,MID,2500000,2500000,0.65,transfermarkt_availability_split_2026_06_01,0.059091,0.0,0.0,50058,Portugal,2500000,True,True,name_team_position,1.0,,,,COD,2026-06-17 19:00,,,,,,,,,,,,0.0,0.0,UZB,2026-06-23 19:00,,,,,,,,,,,,0.0,0.0,COL,2026-06-28 01:30,,,,,,,,,,,,0.0,0.0,,42573,585,2500000,MID,False,,,,,,,,,,,samu costa,por,MID,samu costa|por|MID,samu costa|por,costa samu|por,distributed_from_existing_optimizer_ev,,0.7338,0.5,1.35,1.25,1.2405,0.7431,0.5,1.35,1.25,1.2405,0.4361,0.3547,1.1145,1.0818,1.0443
mateo_kovacic__cro,Mateo Kovacic,CRO,Kroatien,MID,4000000,4000000,0.839,transfermarkt_availability_split_2026_06_01,0.076273,0.0,0.0,50039,Kroatien,4000000,True,True,name_team_position,1.0,,,,ENG,2026-06-17 22:00,,,,,,,,,,,,0.0,0.0,PAN,2026-06-24 01:00,,,,,,,,,,,,0.0,0.0,GHA,2026-06-27 23:00,,,,,,,,,,,,0.0,0.0,,29355,588,4000000,MID,False,,,,,,,,,,,mateo kovacic,cro,MID,mateo kovacic|cro|MID,mateo kovacic|cro,kovacic mateo|cro,distributed_from_existing_optimizer_ev,,0.2039,0.2077,0.7626,0.8304,0.846,0.6189,0.4865,1.3291,1.2351,1.2223,0.5459,0.4415,1.2442,1.1744,1.1615
nadiem_amiri__ger,Nadiem Amiri,GER,Tyskland,MID,2500000,2500000,0.6071,transfermarkt_availability_split_2026_06_01,0.055191,0.0,0.0,50083,Tyskland,2500000,True,True,name_team_position,1.0,,,,CUW,2026-06-14 19:00,,,,,,,,,,,,0.0,0.0,CIV,2026-06-20 22:00,,,,,,,,,,,,0.0,0.0,ECU,2026-06-25 22:00,,,,,,,,,,,,0.0,0.0,,33101,589,2500000,MID,False,,,,,,,,,,,nadiem amiri,ger,MID,nadiem amiri|ger|MID,nadiem amiri|ger,amiri nadiem|ger,distributed_from_existing_optimizer_ev,,0.9177,0.6881,1.35,1.25,1.45,0.6065,0.4226,1.3057,1.2184,1.136,0.5709,0.411,1.2686,1.1919,1.1204
jamie_leweling__ger,Jamie Leweling,GER,Tyskland,MID,3000000,3000000,0.525,transfermarkt_availability_split_2026_06_01,0.047727,0.0,0.0,50080,Tyskland,3000000,True,True,name_team_position,1.0,,,,CUW,2026-06-14 19:00,,,,,,,,,,,,0.0,0.0,CIV,2026-06-20 22:00,,,,,,,,,,,,0.0,0.0,ECU,2026-06-25 22:00,,,,,,,,,,,,0.0,0.0,,40847,589,3000000,MID,False,,,,,,,,,,,jamie leweling,ger,MID,jamie leweling|ger|MID,jamie leweling|ger,jamie leweling|ger,distributed_from_existing_optimizer_ev,,0.9177,0.6881,1.35,1.25,1.45,0.6065,0.4226,1.3057,1.2184,1.136,0.5709,0.411,1.2686,1.1919,1.1204
bradley_barcola__fra,Bradley Barcola,FRA,Frankrig,MID,4000000,4000000,0.7583,transfermarkt_availability_split_2026_06_01,0.068936,0.0,0.0,50023,Frankrig,4000000,True,True,name_team_position,1.0,,,,SEN,2026-06-16 21:00,,,,,,,,,,,,0.0,0.0,IRQ,2026-06-22 23:00,,,,,,,,,,,,0.0,0.0,NOR,2026-06-26 21:00,,,,,,,,,,,,0.0,0.0,,45096,592,4000000,MID,False,,,,,,,,,,,bradley barcola,fra,MID,bradley barcola|fra|MID,bradley barcola|fra,barcola bradley|fra,distributed_from_existing_optimizer_ev,,0.6521,0.4624,1.35,1.25,1.1897,0.8421,0.6627,1.35,1.25,1.45,0.5502,0.375,1.2473,1.1766,1.0718
angelo_stiller__ger,Angelo Stiller,GER,Tyskland,MID,2500000,2500000,0.5153,transfermarkt_availability_split_2026_06_01,0.046845,0.0,0.0,50079,Tyskland,2500000,True,True,name_team_position,1.0,,,,CUW,2026-06-14 19:00,,,,,,,,,,,,0.0,0.0,CIV,2026-06-20 22:00,,,,,,,,,,,,0.0,0.0,ECU,2026-06-25 22:00,,,,,,,,,,,,0.0,0.0,,40136,589,2500000,MID,False,,,,,,,,,,,angelo stiller,ger,MID,angelo stiller|ger|MID,angelo stiller|ger,angelo stiller|ger,distributed_from_existing_optimizer_ev,,0.9177,0.6881,1.35,1.25,1.45,0.6065,0.4226,1.3057,1.2184,1.136,0.5709,0.411,1.2686,1.1919,1.1204
pablo_gavi__esp,Pablo Gavi,ESP,Spanien,MID,4000000,4000000,0.25,holdet_official_unmatched_default,0.0227272727272727,0.0,0.0,50112,Spanien,4000000,True,True,unmatched,0.6956521739130435,,,,CPV,2026-06-15 18:00,,,,,,,,,,,,0.0,0.0,KSA,2026-06-21 18:00,,,,,,,,,,,,0.0,0.0,URU,2026-06-27 02:00,,,,,,,,,,,,0.0,0.0,,41169,595,4000000,MID,False,,,,,,,,,,,pablo gavi,esp,MID,pablo gavi|esp|MID,pablo gavi|esp,gavi pablo|esp,distributed_from_existing_optimizer_ev,,0.8701,0.625,1.35,1.25,1.4093,0.8484,0.6627,1.35,1.25,1.45,0.5766,0.4226,1.2729,1.1949,1.136
bruno_guimaraes__bra,Bruno Guimaraes,BRA,Brasilien,MID,4500000,4500000,0.7749,transfermarkt_availability_split_2026_06_01,0.070445,0.0,0.0,50021,Brasilien,4500000,True,True,name_team_position,1.0,,,,MAR,2026-06-14 00:00,,,,,,,,,,,,0.0,0.0,HAI,2026-06-20 03:00,,,,,,,,,,,,0.0,0.0,SCO,2026-06-25 00:00,,,,,,,,,,,,0.0,0.0,,39263,764,4500000,MID,False,,,,,,,,,,,bruno guimaraes,bra,MID,bruno guimaraes|bra|MID,bruno guimaraes|bra,bruno guimaraes|bra,distributed_from_existing_optimizer_ev,,0.5861,0.4624,1.2885,1.2061,1.1897,0.8975,0.6453,1.35,1.25,1.4367,0.6691,0.5,1.35,1.25,1.2405
lucas_paqueta__bra,Lucas Paqueta,BRA,Brasilien,MID,5500000,5500000,0.7869,transfermarkt_availability_split_2026_06_01,0.071536,0.0,0.0,50034,Brasilien,5500000,True,True,name_team_position,1.0,,,,MAR,2026-06-14 00:00,,,,,,,,,,,,0.0,0.0,HAI,2026-06-20 03:00,,,,,,,,,,,,0.0,0.0,SCO,2026-06-25 00:00,,,,,,,,,,,,0.0,0.0,,38253,764,5500000,MID,False,,,,,,,,,,,lucas paqueta,bra,MID,lucas paqueta|bra|MID,lucas paqueta|bra,lucas paqueta|bra,distributed_from_existing_optimizer_ev,,0.5861,0.4624,1.2885,1.2061,1.1897,0.8975,0.6453,1.35,1.25,1.4367,0.6691,0.5,1.35,1.25,1.2405
christ_inao_oulai__civ,Christ Inao Oulaï,CIV,Elfenbenskysten,MID,2000000,2000000,0.8296,transfermarkt_availability_split_2026_06_01,0.075418,0.136647,0.136647,48958,Elfenbenskysten,2000000,True,True,unmatched,0.0,,,,ECU,2026-06-15 01:00,,,,,,,,,,,,0.041398,0.041398,GER,2026-06-20 22:00,,,,,,,,,,,,0.037287,0.035422,CUW,2026-06-25 22:00,,,,,,,,,,,,0.066474,0.059826,0.136647,52150,767,2000000,MID,False,,,,,0.30366,0.0,,,,,christ inao oulai,civ,MID,christ inao oulai|civ|MID,christ inao oulai|civ,christ inao oulai|civ,distributed_from_existing_optimizer_ev,price_quality_ev_diagnostics,0.263,0.3119,0.8944,0.9246,0.9866,0.1698,0.1573,0.75,0.8,0.7779,0.6994,0.5135,1.35,1.25,1.2588
parfait_guiagon__civ,Parfait Guiagon,CIV,Elfenbenskysten,MID,2000000,2000000,0.423,transfermarkt_availability_split_2026_06_01,0.038455,0.136647,0.136647,49707,Elfenbenskysten,2000000,True,True,unmatched,0.0,,,,ECU,2026-06-15 01:00,,,,,,,,,,,,0.041398,0.041398,GER,2026-06-20 22:00,,,,,,,,,,,,0.037287,0.035422,CUW,2026-06-25 22:00,,,,,,,,,,,,0.066474,0.059826,0.136647,52151,767,2000000,MID,False,,,,,0.30366,0.0,,,,,parfait guiagon,civ,MID,parfait guiagon|civ|MID,parfait guiagon|civ,guiagon parfait|civ,distributed_from_existing_optimizer_ev,price_quality_ev_diagnostics,0.263,0.3119,0.8944,0.9246,0.9866,0.1698,0.1573,0.75,0.8,0.7779,0.6994,0.5135,1.35,1.25,1.2588
ibrahim_sangare__civ,Ibrahim Sangare,CIV,Elfenbenskysten,MID,3000000,3000000,0.7036,transfermarkt_availability_split_2026_06_01,0.063964,0.0,0.0,50049,Elfenbenskysten,3000000,True,True,unmatched,0.0,,,,ECU,2026-06-15 01:00,,,,,,,,,,,,0.0,0.0,GER,2026-06-20 22:00,,,,,,,,,,,,0.0,0.0,CUW,2026-06-25 22:00,,,,,,,,,,,,0.0,0.0,,45041,767,3000000,MID,False,,,,,,,,,,,ibrahim sangare,civ,MID,ibrahim sangare|civ|MID,ibrahim sangare|civ,ibrahim sangare|civ,distributed_from_existing_optimizer_ev,,0.263,0.3119,0.8944,0.9246,0.9866,0.1698,0.1573,0.75,0.8,0.7779,0.6994,0.5135,1.35,1.25,1.2588
jean_michael_seri__civ,Jean Michael Seri,CIV,Elfenbenskysten,MID,2500000,2500000,0.6665,transfermarkt_availability_split_2026_06_01,0.060591,0.497035,0.497035,49262,Elfenbenskysten,2500000,True,True,unmatched,0.0,,,,ECU,2026-06-15 01:00,,,,,,,,,,,,0.150581,0.150581,GER,2026-06-20 22:00,,,,,,,,,,,,0.135625,0.128844,CUW,2026-06-25 22:00,,,,,,,,,,,,0.241789,0.21761,0.497035,36753,767,2500000,MID,False,,,,,1.1045215384615383,0.0,,,,,jean michael seri,civ,MID,jean michael seri|civ|MID,jean michael seri|civ,jean michael seri|civ,distributed_from_existing_optimizer_ev,price_quality_ev_diagnostics,0.263,0.3119,0.8944,0.9246,0.9866,0.1698,0.1573,0.75,0.8,0.7779,0.6994,0.5135,1.35,1.25,1.2588
franck_kessie__civ,Franck Kessie,CIV,Elfenbenskysten,MID,3000000,3000000,0.8479,transfermarkt_availability_split_2026_06_01,0.077082,0.86493,0.86493,49119,Elfenbenskysten,3000000,True,True,unmatched,0.0,,,,ECU,2026-06-15 01:00,,,,,,,,,,,,0.262038,0.262038,GER,2026-06-20 22:00,,,,,,,,,,,,0.236012,0.224212,CUW,2026-06-25 22:00,,,,,,,,,,,,0.420756,0.37868,0.86493,35486,767,3000000,MID,False,,,,,1.9220676923076925,0.0,,,,,franck kessie,civ,MID,franck kessie|civ|MID,franck kessie|civ,franck kessie|civ,distributed_from_existing_optimizer_ev,price_quality_ev_diagnostics,0.263,0.3119,0.8944,0.9246,0.9866,0.1698,0.1573,0.75,0.8,0.7779,0.6994,0.5135,1.35,1.25,1.2588
seko_fofana__civ,Seko Fofana,CIV,Elfenbenskysten,MID,2500000,2500000,0.7016,transfermarkt_availability_split_2026_06_01,0.063782,0.497035,0.497035,49836,Elfenbenskysten,2500000,True,True,unmatched,0.0,,,,ECU,2026-06-15 01:00,,,,,,,,,,,,0.150581,0.150581,GER,2026-06-20 22:00,,,,,,,,,,,,0.135625,0.128844,CUW,2026-06-25 22:00,,,,,,,,,,,,0.241789,0.21761,0.497035,49810,767,2500000,MID,False,,,,,1.1045215384615383,0.0,,,,,seko fofana,civ,MID,seko fofana|civ|MID,seko fofana|civ,fofana seko|civ,distributed_from_existing_optimizer_ev,price_quality_ev_diagnostics,0.263,0.3119,0.8944,0.9246,0.9866,0.1698,0.1573,0.75,0.8,0.7779,0.6994,0.5135,1.35,1.25,1.2588
eberechi_eze__eng,Eberechi Eze,ENG,England,MID,3000000,3000000,0.5007,transfermarkt_availability_split_2026_06_01,0.045518,0.0,0.0,50075,England,3000000,True,True,name_team_position,1.0,,,,CRO,2026-06-17 22:00,,,,,,,,,,,,0.0,0.0,GHA,2026-06-23 22:00,,,,,,,,,,,,0.0,0.0,PAN,2026-06-27 23:00,,,,,,,,,,,,0.0,0.0,,39704,769,3000000,MID,False,,,,,,,,,,,eberechi eze,eng,MID,eberechi eze|eng|MID,eberechi eze|eng,eberechi eze|eng,distributed_from_existing_optimizer_ev,,0.5431,0.4118,1.2374,1.1696,1.1214,0.7092,0.5,1.35,1.25,1.2405,0.7628,0.5376,1.35,1.25,1.2913
kobbie_mainoo__eng,Kobbie Mainoo,ENG,England,MID,2500000,2500000,0.7371,transfermarkt_availability_split_2026_06_01,0.067009,0.0,0.0,50078,England,2500000,True,True,name_team_position,1.0,,,,CRO,2026-06-17 22:00,,,,,,,,,,,,0.0,0.0,GHA,2026-06-23 22:00,,,,,,,,,,,,0.0,0.0,PAN,2026-06-27 23:00,,,,,,,,,,,,0.0,0.0,,43213,769,2500000,MID,False,,,,,,,,,,,kobbie mainoo,eng,MID,kobbie mainoo|eng|MID,kobbie mainoo|eng,kobbie mainoo|eng,distributed_from_existing_optimizer_ev,,0.5431,0.4118,1.2374,1.1696,1.1214,0.7092,0.5,1.35,1.25,1.2405,0.7628,0.5376,1.35,1.25,1.2913
jens_castrop__kor,Jens Castrop,KOR,Sydkorea,MID,2500000,2500000,0.5417,transfermarkt_availability_split_2026_06_01,0.049245,0.0,0.0,50032,Sydkorea,2500000,True,True,name_team_position,1.0,,,,CZE,2026-06-12 04:00,,,,,,,,,,,,0.0,0.0,MEX,2026-06-19 03:00,,,,,,,,,,,,0.0,0.0,RSA,2026-06-25 03:00,,,,,,,,,,,,0.0,0.0,,41244,774,2500000,MID,False,,,,,,,,,,,jens castrop,kor,MID,jens castrop|kor|MID,jens castrop|kor,castrop jens|kor,distributed_from_existing_optimizer_ev,,0.36,0.3119,1.0088,1.0063,0.9866,0.203,0.2337,0.7719,0.8371,0.881,0.4411,0.3923,1.119,1.085,1.0951
in_beom_hwang__kor,In-beom Hwang,KOR,Sydkorea,MID,2500000,2500000,0.897,transfermarkt_availability_split_2026_06_01,0.081545,0.0,0.0,50031,Sydkorea,2500000,True,True,name_team_position,1.0,,,,CZE,2026-06-12 04:00,,,,,,,,,,,,0.0,0.0,MEX,2026-06-19 03:00,,,,,,,,,,,,0.0,0.0,RSA,2026-06-25 03:00,,,,,,,,,,,,0.0,0.0,,43359,774,2500000,MID,False,,,,,,,,,,,in beom hwang,kor,MID,in beom hwang|kor|MID,in beom hwang|kor,beom hwang in|kor,distributed_from_existing_optimizer_ev,,0.36,0.3119,1.0088,1.0063,0.9866,0.203,0.2337,0.7719,0.8371,0.881,0.4411,0.3923,1.119,1.085,1.0951
dong_gyeong_lee__kor,Dong-gyeong Lee,KOR,Sydkorea,MID,2000000,2000000,0.4607,transfermarkt_availability_split_2026_06_01,0.041882,0.0,0.0,50029,Sydkorea,2000000,True,True,name_team_position,1.0,,,,CZE,2026-06-12 04:00,,,,,,,,,,,,0.0,0.0,MEX,2026-06-19 03:00,,,,,,,,,,,,0.0,0.0,RSA,2026-06-25 03:00,,,,,,,,,,,,0.0,0.0,,52291,774,2000000,MID,False,,,,,,,,,,,dong gyeong lee,kor,MID,dong gyeong lee|kor|MID,dong gyeong lee|kor,dong gyeong lee|kor,distributed_from_existing_optimizer_ev,,0.36,0.3119,1.0088,1.0063,0.9866,0.203,0.2337,0.7719,0.8371,0.881,0.4411,0.3923,1.119,1.085,1.0951
matthew_garbett__nzl,Matthew Garbett,NZL,New Zealand,MID,2500000,2500000,0.8803,transfermarkt_availability_split_2026_06_01,0.080027,0.0,0.0,50054,New Zealand,2500000,True,True,name_team_position,1.0,,,,IRN,2026-06-16 03:00,,,,,,,,,,,,0.0,0.0,EGY,2026-06-22 03:00,,,,,,,,,,,,0.0,0.0,BEL,2026-06-27 05:00,,,,,,,,,,,,0.0,0.0,,39250,776,2500000,MID,False,,,,,,,,,,,matthew garbett,nzl,MID,matthew garbett|nzl|MID,matthew garbett|nzl,garbett matthew|nzl,distributed_from_existing_optimizer_ev,,0.224,0.25,0.8018,0.8584,0.903,0.1926,0.217,0.75,0.8213,0.8585,0.0988,0.1063,0.75,0.8,0.7091
lachlan_bayliss__nzl,Lachlan Bayliss,NZL,New Zealand,MID,2000000,2000000,0.8655,transfermarkt_availability_split_2026_06_01,0.078682,0.0,0.0,50053,New Zealand,2000000,True,True,name_team_position,1.0,,,,IRN,2026-06-16 03:00,,,,,,,,,,,,0.0,0.0,EGY,2026-06-22 03:00,,,,,,,,,,,,0.0,0.0,BEL,2026-06-27 05:00,,,,,,,,,,,,0.0,0.0,,52300,776,2000000,MID,False,,,,,,,,,,,lachlan bayliss,nzl,MID,lachlan bayliss|nzl|MID,lachlan bayliss|nzl,bayliss lachlan|nzl,distributed_from_existing_optimizer_ev,,0.224,0.25,0.8018,0.8584,0.903,0.1926,0.217,0.75,0.8213,0.8585,0.0988,0.1063,0.75,0.8,0.7091
carlos_andres_gomez__col,Carlos Andres Gomez,COL,Colombia,MID,2000000,2000000,0.4417,transfermarkt_availability_split_2026_06_01,0.040155,0.0,0.0,50244,Colombia,2000000,True,True,unmatched,0.4516129032258064,,,,UZB,2026-06-18 04:00,,,,,,,,,,,,0.0,0.0,COD,2026-06-24 04:00,,,,,,,,,,,,0.0,0.0,POR,2026-06-28 01:30,,,,,,,,,,,,0.0,0.0,,52326,879,2000000,MID,False,,,,,,,,,,,carlos andres gomez,col,MID,carlos andres gomez|col|MID,carlos andres gomez|col,andres carlos gomez|col,distributed_from_existing_optimizer_ev,,0.6646,0.5,1.35,1.25,1.2405,0.6316,0.5376,1.3455,1.2468,1.2913,0.2725,0.25,0.8855,0.9182,0.903
mehdi_ghayedi__irn,Mehdi Ghayedi,IRN,Iran,MID,3000000,3000000,0.7519,transfermarkt_availability_split_2026_06_01,0.068355,0.0,0.0,50066,Iran,3000000,True,True,name_team_position,1.0,,,,NZL,2026-06-16 03:00,,,,,,,,,,,,0.0,0.0,BEL,2026-06-21 21:00,,,,,,,,,,,,0.0,0.0,EGY,2026-06-27 05:00,,,,,,,,,,,,0.0,0.0,,52301,883,3000000,MID,False,,,,,,,,,,,mehdi ghayedi,irn,MID,mehdi ghayedi|irn|MID,mehdi ghayedi|irn,ghayedi mehdi|irn,distributed_from_existing_optimizer_ev,,0.5072,0.411,1.1982,1.1416,1.1204,0.1282,0.1459,0.75,0.8,0.7624,0.28,0.2904,0.9113,0.9366,0.9576
zizo__egy,Ahmed Zizo,EGY,Egypten,MID,3000000,3000000,0.7866,transfermarkt_availability_split_2026_06_01,0.071509,0.0,0.0,49997,Egypten,3000000,True,True,name_team_position,1.0,,,,BEL,2026-06-15 21:00,,,,,,,,,,,,0.0,0.0,NZL,2026-06-22 03:00,,,,,,,,,,,,0.0,0.0,IRN,2026-06-27 05:00,,,,,,,,,,,,0.0,0.0,,49748,973,3000000,MID,False,,,,,,,,,,,ahmed zizo,egy,MID,ahmed zizo|egy|MID,ahmed zizo|egy,ahmed zizo|egy,distributed_from_existing_optimizer_ev,,0.1929,0.1717,0.75,0.8135,0.7973,0.5501,0.4624,1.2503,1.1787,1.1897,0.4067,0.411,1.0887,1.0634,1.1204
nabil_dunga_emad__egy,Nabil 'Dunga' Emad,EGY,Egypten,MID,2000000,2000000,0.25,holdet_official_unmatched_default,0.0227272727272727,0.0,0.0,50073,Egypten,2000000,True,True,name_team_position,1.0,,,,BEL,2026-06-15 21:00,,,,,,,,,,,,0.0,0.0,NZL,2026-06-22 03:00,,,,,,,,,,,,0.0,0.0,IRN,2026-06-27 05:00,,,,,,,,,,,,0.0,0.0,,52302,973,2000000,MID,False,,,,,,,,,,,nabil dunga emad,egy,MID,nabil dunga emad|egy|MID,nabil dunga emad|egy,dunga emad nabil|egy,distributed_from_existing_optimizer_ev,,0.1929,0.1717,0.75,0.8135,0.7973,0.5501,0.4624,1.2503,1.1787,1.1897,0.4067,0.411,1.0887,1.0634,1.1204
mostafa_ziko__egy,Mostafa Ziko,EGY,Egypten,MID,2000000,2000000,0.8655,transfermarkt_availability_split_2026_06_01,0.078682,0.0,0.0,50072,Egypten,2000000,True,True,name_team_position,1.0,,,,BEL,2026-06-15 21:00,,,,,,,,,,,,0.0,0.0,NZL,2026-06-22 03:00,,,,,,,,,,,,0.0,0.0,IRN,2026-06-27 05:00,,,,,,,,,,,,0.0,0.0,,52303,973,2000000,MID,False,,,,,,,,,,,mostafa ziko,egy,MID,mostafa ziko|egy|MID,mostafa ziko|egy,mostafa ziko|egy,distributed_from_existing_optimizer_ev,,0.1929,0.1717,0.75,0.8135,0.7973,0.5501,0.4624,1.2503,1.1787,1.1897,0.4067,0.411,1.0887,1.0634,1.1204
bara_sapoko_ndiaye__sen,Bara Sapoko Ndiaye,SEN,Senegal,MID,2000000,2000000,0.25,holdet_official_unmatched_default,0.0227272727272727,0.0,0.0,50091,Senegal,2000000,True,True,name_team_position,1.0,,,,FRA,2026-06-16 21:00,,,,,,,,,,,,0.0,0.0,NOR,2026-06-23 02:00,,,,,,,,,,,,0.0,0.0,IRQ,2026-06-26 21:00,,,,,,,,,,,,0.0,0.0,,50547,975,2000000,MID,False,,,,,,,,,,,bara sapoko ndiaye,sen,MID,bara sapoko ndiaye|sen|MID,bara sapoko ndiaye|sen,bara ndiaye sapoko|sen,distributed_from_existing_optimizer_ev,,0.1393,0.1573,0.75,0.8,0.7779,0.2627,0.2337,0.8636,0.9026,0.881,0.6332,0.5,1.3397,1.2427,1.2405
habib_diarra__sen,Habib Diarra,SEN,Senegal,MID,2500000,2500000,0.718,transfermarkt_availability_split_2026_06_01,0.065273,0.0,0.0,50092,Senegal,2500000,True,True,name_team_position,1.0,,,,FRA,2026-06-16 21:00,,,,,,,,,,,,0.0,0.0,NOR,2026-06-23 02:00,,,,,,,,,,,,0.0,0.0,IRQ,2026-06-26 21:00,,,,,,,,,,,,0.0,0.0,,47993,975,2500000,MID,False,,,,,,,,,,,habib diarra,sen,MID,habib diarra|sen|MID,habib diarra|sen,diarra habib|sen,distributed_from_existing_optimizer_ev,,0.1393,0.1573,0.75,0.8,0.7779,0.2627,0.2337,0.8636,0.9026,0.881,0.6332,0.5,1.3397,1.2427,1.2405
pape_alassane_gueye__sen,Pape Alassane Gueye,SEN,Senegal,MID,3000000,3000000,0.7287,transfermarkt_availability_split_2026_06_01,0.066245,0.0,0.0,50094,Senegal,3000000,True,True,name_team_position,1.0,,,,FRA,2026-06-16 21:00,,,,,,,,,,,,0.0,0.0,NOR,2026-06-23 02:00,,,,,,,,,,,,0.0,0.0,IRQ,2026-06-26 21:00,,,,,,,,,,,,0.0,0.0,,40000,975,3000000,MID,False,,,,,,,,,,,pape alassane gueye,sen,MID,pape alassane gueye|sen|MID,pape alassane gueye|sen,alassane gueye pape|sen,distributed_from_existing_optimizer_ev,,0.1393,0.1573,0.75,0.8,0.7779,0.2627,0.2337,0.8636,0.9026,0.881,0.6332,0.5,1.3397,1.2427,1.2405
ben_doak__sco,Ben Doak,SCO,Skotland,MID,3000000,3000000,0.8529,transfermarkt_availability_split_2026_06_01,0.077536,0.0,0.0,50062,Skotland,3000000,True,True,name_team_position,1.0,,,,HAI,2026-06-14 03:00,,,,,,,,,,,,0.0,0.0,MAR,2026-06-20 00:00,,,,,,,,,,,,0.0,0.0,BRA,2026-06-25 00:00,,,,,,,,,,,,0.0,0.0,,43485,1022,3000000,MID,False,,,,,,,,,,,ben doak,sco,MID,ben doak|sco|MID,ben doak|sco,ben doak|sco,distributed_from_existing_optimizer_ev,,0.6612,0.4865,1.35,1.25,1.2223,0.248,0.25,0.8559,0.8971,0.903,0.1289,0.1358,0.75,0.8,0.7489
kevin_lenini__cpv,Kevin Lenini Pina,CPV,Kap Verde,MID,2000000,2000000,0.25,holdet_official_unmatched_default,0.0227272727272727,0.0,0.0,49392,Kap Verde,2000000,True,True,name_team_position,1.0,,,,ESP,2026-06-15 18:00,,,,,,,,,,,,0.0,0.0,URU,2026-06-22 00:00,,,,,,,,,,,,0.0,0.0,KSA,2026-06-27 02:00,,,,,,,,,,,,0.0,0.0,,49714,1125,2000000,MID,False,,,,,,,,,,,kevin lenini pina,cpv,MID,kevin lenini pina|cpv|MID,kevin lenini pina|cpv,kevin lenini pina|cpv,distributed_from_existing_optimizer_ev,,0.0376,0.0509,0.75,0.8,0.6343,0.1342,0.1573,0.75,0.8,0.7779,0.3409,0.3373,0.9681,0.9772,1.021
fredrik_aursnes__nor,Fredrik Aursnes,NOR,Norge,MID,3000000,3000000,0.7078,transfermarkt_availability_split_2026_06_01,0.064345,0.0,0.0,50085,Norge,3000000,True,True,name_team_position,1.0,,,,IRQ,2026-06-17 00:00,,,,,,,,,,,,0.0,0.0,SEN,2026-06-23 02:00,,,,,,,,,,,,0.0,0.0,FRA,2026-06-26 21:00,,,,,,,,,,,,0.0,0.0,,43080,1126,3000000,MID,False,,,,,,,,,,,fredrik aursnes,nor,MID,fredrik aursnes|nor|MID,fredrik aursnes|nor,aursnes fredrik|nor,distributed_from_existing_optimizer_ev,,0.7579,0.5585,1.35,1.25,1.3195,0.4575,0.3373,1.1364,1.0974,1.021,0.1969,0.2077,0.7527,0.8234,0.846
thelo_aasgaard__nor,Thelo Aasgaard,NOR,Norge,MID,2000000,2000000,0.4417,transfermarkt_availability_split_2026_06_01,0.040155,0.0,0.0,50088,Norge,2000000,True,True,name_team_position,1.0,,,,IRQ,2026-06-17 00:00,,,,,,,,,,,,0.0,0.0,SEN,2026-06-23 02:00,,,,,,,,,,,,0.0,0.0,FRA,2026-06-26 21:00,,,,,,,,,,,,0.0,0.0,,47400,1126,2000000,MID,False,,,,,,,,,,,thelo aasgaard,nor,MID,thelo aasgaard|nor|MID,thelo aasgaard|nor,aasgaard thelo|nor,distributed_from_existing_optimizer_ev,,0.7579,0.5585,1.35,1.25,1.3195,0.4575,0.3373,1.1364,1.0974,1.021,0.1969,0.2077,0.7527,0.8234,0.846
dominique_simon__hai,Dominique Simon,HAI,Haiti,MID,2000000,2000000,0.25,holdet_official_unmatched_default,0.0227272727272727,0.0,0.0,50047,Haiti,2000000,True,True,name_team_position,1.0,,,,SCO,2026-06-14 03:00,,,,,,,,,,,,0.0,0.0,BRA,2026-06-20 03:00,,,,,,,,,,,,0.0,0.0,MAR,2026-06-25 00:00,,,,,,,,,,,,0.0,0.0,,52297,1129,2000000,MID,False,,,,,,,,,,,dominique simon,hai,MID,dominique simon|hai|MID,dominique simon|hai,dominique simon|hai,distributed_from_existing_optimizer_ev,,0.1468,0.1573,0.75,0.8,0.7779,0.0315,0.0461,0.75,0.8,0.6278,0.1136,0.096,0.75,0.8,0.6951
gael_kakuta__cod,Gaël Kakuta,COD,Congo DR,MID,2500000,2500000,0.6395,transfermarkt_availability_split_2026_06_01,0.058136,0.0,0.0,50045,Congo DR,2500000,True,True,name_team_position,1.0,,,,POR,2026-06-17 19:00,,,,,,,,,,,,0.0,0.0,COL,2026-06-24 04:00,,,,,,,,,,,,0.0,0.0,UZB,2026-06-28 01:30,,,,,,,,,,,,0.0,0.0,,25706,1145,2500000,MID,False,,,,,,,,,,,gael kakuta,cod,MID,gael kakuta|cod|MID,gael kakuta|cod,gael kakuta|cod,distributed_from_existing_optimizer_ev,,0.0992,0.096,0.75,0.8,0.6951,0.1381,0.1883,0.75,0.8,0.8198,0.377,0.3373,1.0288,1.0206,1.021
lenny_joseph__hai,Lenny Joseph,HAI,Haiti,FWD,2000000,2000000,0.25,holdet_official_unmatched_default,0.0227272727272727,0.0,0.0,50048,Haiti,2000000,True,True,name_team_position,1.0,,,,SCO,2026-06-14 03:00,,,,,,,,,,,,0.0,0.0,BRA,2026-06-20 03:00,,,,,,,,,,,,0.0,0.0,MAR,2026-06-25 00:00,,,,,,,,,,,,0.0,0.0,,52298,1129,2000000,FWD,False,,,,,,,,,,,lenny joseph,hai,FWD,lenny joseph|hai|FWD,lenny joseph|hai,joseph lenny|hai,distributed_from_existing_optimizer_ev,,0.1468,0.1573,0.75,0.8,0.7779,0.0315,0.0461,0.75,0.8,0.6278,0.1136,0.096,0.75,0.8,0.6951
jurgen_locadia__cuw,Jürgen Locadia,CUW,Curaçao,FWD,2000000,2000000,0.7207,transfermarkt_availability_split_2026_06_01,0.065518,0.0,0.0,50042,Curaçao,2000000,True,True,name_team_position,1.0,,,,GER,2026-06-14 19:00,,,,,,,,,,,,0.0,0.0,ECU,2026-06-21 02:00,,,,,,,,,,,,0.0,0.0,CIV,2026-06-25 22:00,,,,,,,,,,,,0.0,0.0,,33648,1128,2000000,FWD,False,,,,,,,,,,,jurgen locadia,cuw,FWD,jurgen locadia|cuw|FWD,jurgen locadia|cuw,jurgen locadia|cuw,distributed_from_existing_optimizer_ev,,0.0208,0.0335,0.75,0.8,0.6108,0.0861,0.1192,0.75,0.8,0.7265,0.1097,0.1358,0.75,0.8,0.7489
gilson_benchimol_tavares__cpv,Gilson Benchimol Tavares,CPV,Kap Verde,FWD,2500000,2500000,0.5415,transfermarkt_availability_split_2026_06_01,0.049227,0.0,0.0,50038,Kap Verde,2500000,True,True,name_team_position,1.0,,,,ESP,2026-06-15 18:00,,,,,,,,,,,,0.0,0.0,URU,2026-06-22 00:00,,,,,,,,,,,,0.0,0.0,KSA,2026-06-27 02:00,,,,,,,,,,,,0.0,0.0,,52294,1125,2500000,FWD,False,,,,,,,,,,,gilson benchimol tavares,cpv,FWD,gilson benchimol tavares|cpv|FWD,gilson benchimol tavares|cpv,benchimol gilson tavares|cpv,distributed_from_existing_optimizer_ev,,0.0376,0.0509,0.75,0.8,0.6343,0.1342,0.1573,0.75,0.8,0.7779,0.3409,0.3373,0.9681,0.9772,1.021
ross_stewart__sco,Ross Stewart,SCO,Skotland,FWD,2000000,2000000,0.4562,transfermarkt_availability_split_2026_06_01,0.041473,0.0,0.0,50064,Skotland,2000000,True,True,name_team_position,1.0,,,,HAI,2026-06-14 03:00,,,,,,,,,,,,0.0,0.0,MAR,2026-06-20 00:00,,,,,,,,,,,,0.0,0.0,BRA,2026-06-25 00:00,,,,,,,,,,,,0.0,0.0,,45892,1022,2000000,FWD,False,,,,,,,,,,,ross stewart,sco,FWD,ross stewart|sco|FWD,ross stewart|sco,ross stewart|sco,distributed_from_existing_optimizer_ev,,0.6612,0.4865,1.35,1.25,1.2223,0.248,0.25,0.8559,0.8971,0.903,0.1289,0.1358,0.75,0.8,0.7489
lawrence_shankland__sco,Lawrence Shankland,SCO,Skotland,FWD,2500000,2500000,0.4979,transfermarkt_availability_split_2026_06_01,0.045264,0.0,0.0,50063,Skotland,2500000,True,True,name_team_position,1.0,,,,HAI,2026-06-14 03:00,,,,,,,,,,,,0.0,0.0,MAR,2026-06-20 00:00,,,,,,,,,,,,0.0,0.0,BRA,2026-06-25 00:00,,,,,,,,,,,,0.0,0.0,,45680,1022,2500000,FWD,False,,,,,,,,,,,lawrence shankland,sco,FWD,lawrence shankland|sco|FWD,lawrence shankland|sco,lawrence shankland|sco,distributed_from_existing_optimizer_ev,,0.6612,0.4865,1.35,1.25,1.2223,0.248,0.25,0.8559,0.8971,0.903,0.1289,0.1358,0.75,0.8,0.7489
assane_diao_diaoune__sen,Assane Diao Diaoune,SEN,Senegal,FWD,2500000,2500000,0.7493,transfermarkt_availability_split_2026_06_01,0.068118,0.0,0.0,50089,Senegal,2500000,True,True,name_team_position,1.0,,,,FRA,2026-06-16 21:00,,,,,,,,,,,,0.0,0.0,NOR,2026-06-23 02:00,,,,,,,,,,,,0.0,0.0,IRQ,2026-06-26 21:00,,,,,,,,,,,,0.0,0.0,,45124,975,2500000,FWD,False,,,,,,,,,,,assane diao diaoune,sen,FWD,assane diao diaoune|sen|FWD,assane diao diaoune|sen,assane diao diaoune|sen,distributed_from_existing_optimizer_ev,,0.1393,0.1573,0.75,0.8,0.7779,0.2627,0.2337,0.8636,0.9026,0.881,0.6332,0.5,1.3397,1.2427,1.2405
bamba_dieng__sen,Bamba Dieng,SEN,Senegal,FWD,2000000,2000000,0.673,transfermarkt_availability_split_2026_06_01,0.061182,0.0,0.0,50090,Senegal,2000000,True,True,name_team_position,1.0,,,,FRA,2026-06-16 21:00,,,,,,,,,,,,0.0,0.0,NOR,2026-06-23 02:00,,,,,,,,,,,,0.0,0.0,IRQ,2026-06-26 21:00,,,,,,,,,,,,0.0,0.0,,42904,975,2000000,FWD,False,,,,,,,,,,,bamba dieng,sen,FWD,bamba dieng|sen|FWD,bamba dieng|sen,bamba dieng|sen,distributed_from_existing_optimizer_ev,,0.1393,0.1573,0.75,0.8,0.7779,0.2627,0.2337,0.8636,0.9026,0.881,0.6332,0.5,1.3397,1.2427,1.2405
aqtay_abdallah__egy,Aqtay Abdallah,EGY,Egypten,FWD,2000000,2000000,0.0446,transfermarkt_availability_split_2026_06_01,0.004055,0.0,0.0,50068,Egypten,2000000,True,True,name_team_position,1.0,,,,BEL,2026-06-15 21:00,,,,,,,,,,,,0.0,0.0,NZL,2026-06-22 03:00,,,,,,,,,,,,0.0,0.0,IRN,2026-06-27 05:00,,,,,,,,,,,,0.0,0.0,,52304,973,2000000,FWD,False,,,,,,,,,,,aqtay abdallah,egy,FWD,aqtay abdallah|egy|FWD,aqtay abdallah|egy,abdallah aqtay|egy,distributed_from_existing_optimizer_ev,,0.1929,0.1717,0.75,0.8135,0.7973,0.5501,0.4624,1.2503,1.1787,1.1897,0.4067,0.411,1.0887,1.0634,1.1204
hamza_abdelkarim__egy,Hamza Abdelkarim,EGY,Egypten,FWD,2000000,2000000,0.8655,transfermarkt_availability_split_2026_06_01,0.078682,0.0,0.0,50070,Egypten,2000000,True,True,name_team_position,1.0,,,,BEL,2026-06-15 21:00,,,,,,,,,,,,0.0,0.0,NZL,2026-06-22 03:00,,,,,,,,,,,,0.0,0.0,IRN,2026-06-27 05:00,,,,,,,,,,,,0.0,0.0,,52305,973,2000000,FWD,False,,,,,,,,,,,hamza abdelkarim,egy,FWD,hamza abdelkarim|egy|FWD,hamza abdelkarim|egy,abdelkarim hamza|egy,distributed_from_existing_optimizer_ev,,0.1929,0.1717,0.75,0.8135,0.7973,0.5501,0.4624,1.2503,1.1787,1.1897,0.4067,0.411,1.0887,1.0634,1.1204
matias_fernandez_pardo__bel,Matias Fernandez-Pardo,BEL,Belgien,FWD,2500000,2500000,0.25,holdet_official_unmatched_default,0.0227272727272727,0.0,0.0,50019,Belgien,2500000,True,True,name_team_position,1.0,,,,EGY,2026-06-15 21:00,,,,,,,,,,,,0.0,0.0,IRN,2026-06-21 21:00,,,,,,,,,,,,0.0,0.0,NZL,2026-06-27 05:00,,,,,,,,,,,,0.0,0.0,,46430,884,2500000,FWD,False,,,,,,,,,,,matias fernandez pardo,bel,FWD,matias fernandez pardo|bel|FWD,matias fernandez pardo|bel,fernandez matias pardo|bel,distributed_from_existing_optimizer_ev,,0.566,0.3923,1.2612,1.1865,1.0951,0.6655,0.5,1.35,1.25,1.2405,0.7346,0.5135,1.35,1.25,1.2588
romelu_lukaku__bel,Romelu Lukaku,BEL,Belgien,FWD,4500000,4500000,0.7965,transfermarkt_availability_split_2026_06_01,0.072409,0.0,0.0,50020,Belgien,4500000,True,True,name_team_position,1.0,,,,EGY,2026-06-15 21:00,,,,,,,,,,,,0.0,0.0,IRN,2026-06-21 21:00,,,,,,,,,,,,0.0,0.0,NZL,2026-06-27 05:00,,,,,,,,,,,,0.0,0.0,,29156,884,4500000,FWD,False,,,,,,,,,,,romelu lukaku,bel,FWD,romelu lukaku|bel|FWD,romelu lukaku|bel,lukaku romelu|bel,distributed_from_existing_optimizer_ev,,0.566,0.3923,1.2612,1.1865,1.0951,0.6655,0.5,1.35,1.25,1.2405,0.7346,0.5135,1.35,1.25,1.2588
juan_cucho_hernandez__col,Juan 'Cucho' Hernandez,COL,Colombia,FWD,4000000,4000000,0.25,holdet_official_unmatched_default,0.0227272727272727,0.0,0.0,50245,Colombia,4000000,True,True,unmatched,0.4666666666666667,,,,UZB,2026-06-18 04:00,,,,,,,,,,,,0.0,0.0,COD,2026-06-24 04:00,,,,,,,,,,,,0.0,0.0,POR,2026-06-28 01:30,,,,,,,,,,,,0.0,0.0,,36930,879,4000000,FWD,False,,,,,,,,,,,juan cucho hernandez,col,FWD,juan cucho hernandez|col|FWD,juan cucho hernandez|col,cucho hernandez juan|col,distributed_from_existing_optimizer_ev,,0.6646,0.5,1.35,1.25,1.2405,0.6316,0.5376,1.3455,1.2468,1.2913,0.2725,0.25,0.8855,0.9182,0.903
ivan_toney__eng,Ivan Toney,ENG,England,FWD,3500000,3500000,0.344,transfermarkt_availability_split_2026_06_01,0.031273,0.0,0.0,50076,England,3500000,True,True,name_team_position,1.0,,,,CRO,2026-06-17 22:00,,,,,,,,,,,,0.0,0.0,GHA,2026-06-23 22:00,,,,,,,,,,,,0.0,0.0,PAN,2026-06-27 23:00,,,,,,,,,,,,0.0,0.0,,33526,769,3500000,FWD,False,,,,,,,,,,,ivan toney,eng,FWD,ivan toney|eng|FWD,ivan toney|eng,ivan toney|eng,distributed_from_existing_optimizer_ev,,0.5431,0.4118,1.2374,1.1696,1.1214,0.7092,0.5,1.35,1.25,1.2405,0.7628,0.5376,1.35,1.25,1.2913
oumar_diakite__civ,Oumar Diakite,CIV,Elfenbenskysten,FWD,2500000,2500000,0.6966,transfermarkt_availability_split_2026_06_01,0.063327,0.0,0.0,50051,Elfenbenskysten,2500000,True,True,unmatched,0.0,,,,ECU,2026-06-15 01:00,,,,,,,,,,,,0.0,0.0,GER,2026-06-20 22:00,,,,,,,,,,,,0.0,0.0,CUW,2026-06-25 22:00,,,,,,,,,,,,0.0,0.0,,49733,767,2500000,FWD,False,,,,,,,,,,,oumar diakite,civ,FWD,oumar diakite|civ|FWD,oumar diakite|civ,diakite oumar|civ,distributed_from_existing_optimizer_ev,,0.263,0.3119,0.8944,0.9246,0.9866,0.1698,0.1573,0.75,0.8,0.7779,0.6994,0.5135,1.35,1.25,1.2588
amad_diallo__civ,Amad Diallo,CIV,Elfenbenskysten,FWD,3500000,3500000,0.7082,transfermarkt_availability_split_2026_06_01,0.064382,1.02654,1.02654,48814,Elfenbenskysten,3500000,True,True,unmatched,0.0,,,,ECU,2026-06-15 01:00,,,,,,,,,,,,0.311,0.311,GER,2026-06-20 22:00,,,,,,,,,,,,0.28011,0.266105,CUW,2026-06-25 22:00,,,,,,,,,,,,0.499373,0.449435,1.02654,39983,767,3500000,FWD,False,,,,,2.2812009677419365,0.0,,,,,amad diallo,civ,FWD,amad diallo|civ|FWD,amad diallo|civ,amad diallo|civ,distributed_from_existing_optimizer_ev,price_quality_ev_diagnostics,0.263,0.3119,0.8944,0.9246,0.9866,0.1698,0.1573,0.75,0.8,0.7779,0.6994,0.5135,1.35,1.25,1.2588
simon_adingra__civ,Simon Adingra,CIV,Elfenbenskysten,FWD,2500000,2500000,0.7629,transfermarkt_availability_split_2026_06_01,0.069355,0.458727,0.458727,49852,Elfenbenskysten,2500000,True,True,unmatched,0.0,,,,ECU,2026-06-15 01:00,,,,,,,,,,,,0.138976,0.138976,GER,2026-06-20 22:00,,,,,,,,,,,,0.125172,0.118914,CUW,2026-06-25 22:00,,,,,,,,,,,,0.223153,0.200838,0.458727,40241,767,2500000,FWD,False,,,,,1.0193922580645165,0.0,,,,,simon adingra,civ,FWD,simon adingra|civ|FWD,simon adingra|civ,adingra simon|civ,distributed_from_existing_optimizer_ev,price_quality_ev_diagnostics,0.263,0.3119,0.8944,0.9246,0.9866,0.1698,0.1573,0.75,0.8,0.7779,0.6994,0.5135,1.35,1.25,1.2588
nicolas_pepe__civ,Nicolas Pepe,CIV,Elfenbenskysten,FWD,2500000,2500000,0.6409,transfermarkt_availability_split_2026_06_01,0.058264,0.458727,0.458727,49648,Elfenbenskysten,2500000,True,True,unmatched,0.0,,,,ECU,2026-06-15 01:00,,,,,,,,,,,,0.138976,0.138976,GER,2026-06-20 22:00,,,,,,,,,,,,0.125172,0.118914,CUW,2026-06-25 22:00,,,,,,,,,,,,0.223153,0.200838,0.458727,38771,767,2500000,FWD,False,,,,,1.0193922580645165,0.0,,,,,nicolas pepe,civ,FWD,nicolas pepe|civ|FWD,nicolas pepe|civ,nicolas pepe|civ,distributed_from_existing_optimizer_ev,price_quality_ev_diagnostics,0.263,0.3119,0.8944,0.9246,0.9866,0.1698,0.1573,0.75,0.8,0.7779,0.6994,0.5135,1.35,1.25,1.2588
bazoumana_toure__civ,Bazoumana Toure,CIV,Elfenbenskysten,FWD,2000000,2000000,0.4164,transfermarkt_availability_split_2026_06_01,0.037855,0.134261,0.134261,48888,Elfenbenskysten,2000000,True,True,unmatched,0.0,,,,ECU,2026-06-15 01:00,,,,,,,,,,,,0.040676,0.040676,GER,2026-06-20 22:00,,,,,,,,,,,,0.036636,0.034804,CUW,2026-06-25 22:00,,,,,,,,,,,,0.065313,0.058782,0.134261,45507,767,2000000,FWD,False,,,,,0.2983587096774194,0.0,,,,,bazoumana toure,civ,FWD,bazoumana toure|civ|FWD,bazoumana toure|civ,bazoumana toure|civ,distributed_from_existing_optimizer_ev,price_quality_ev_diagnostics,0.263,0.3119,0.8944,0.9246,0.9866,0.1698,0.1573,0.75,0.8,0.7779,0.6994,0.5135,1.35,1.25,1.2588
ange_yoan_bonny__civ,Ange-Yoan Bonny,CIV,Elfenbenskysten,FWD,2500000,2500000,0.25,holdet_official_unmatched_default,0.0227272727272727,0.0,0.0,50050,Elfenbenskysten,2500000,True,True,unmatched,0.0,,,,ECU,2026-06-15 01:00,,,,,,,,,,,,0.0,0.0,GER,2026-06-20 22:00,,,,,,,,,,,,0.0,0.0,CUW,2026-06-25 22:00,,,,,,,,,,,,0.0,0.0,,45977,767,2500000,FWD,False,,,,,,,,,,,ange yoan bonny,civ,FWD,ange yoan bonny|civ|FWD,ange yoan bonny|civ,ange bonny yoan|civ,distributed_from_existing_optimizer_ev,,0.263,0.3119,0.8944,0.9246,0.9866,0.1698,0.1573,0.75,0.8,0.7779,0.6994,0.5135,1.35,1.25,1.2588
yan_diomande__civ,Yan Diomande,CIV,Elfenbenskysten,FWD,3000000,3000000,0.8814,transfermarkt_availability_split_2026_06_01,0.080127,0.791583,0.791583,49956,Elfenbenskysten,3000000,True,True,unmatched,0.0,,,,ECU,2026-06-15 01:00,,,,,,,,,,,,0.239817,0.239817,GER,2026-06-20 22:00,,,,,,,,,,,,0.215998,0.205198,CUW,2026-06-25 22:00,,,,,,,,,,,,0.385075,0.346568,0.791583,47637,767,3000000,FWD,False,,,,,1.759073225806452,0.0,,,,,yan diomande,civ,FWD,yan diomande|civ|FWD,yan diomande|civ,diomande yan|civ,distributed_from_existing_optimizer_ev,price_quality_ev_diagnostics,0.263,0.3119,0.8944,0.9246,0.9866,0.1698,0.1573,0.75,0.8,0.7779,0.6994,0.5135,1.35,1.25,1.2588
evann_guessand__civ,Evann Guessand,CIV,Elfenbenskysten,FWD,3000000,3000000,0.7944,transfermarkt_availability_split_2026_06_01,0.072218,0.791583,0.791583,49081,Elfenbenskysten,3000000,True,True,unmatched,0.0,,,,ECU,2026-06-15 01:00,,,,,,,,,,,,0.239817,0.239817,GER,2026-06-20 22:00,,,,,,,,,,,,0.215998,0.205198,CUW,2026-06-25 22:00,,,,,,,,,,,,0.385075,0.346568,0.791583,48254,767,3000000,FWD,False,,,,,1.759073225806452,0.0,,,,,evann guessand,civ,FWD,evann guessand|civ|FWD,evann guessand|civ,evann guessand|civ,distributed_from_existing_optimizer_ev,price_quality_ev_diagnostics,0.263,0.3119,0.8944,0.9246,0.9866,0.1698,0.1573,0.75,0.8,0.7779,0.6994,0.5135,1.35,1.25,1.2588
elye_wahi__civ,Elye Wahi,CIV,Elfenbenskysten,FWD,2500000,2500000,0.45,transfermarkt_availability_split_2026_06_01,0.040909,0.458727,0.458727,49063,Elfenbenskysten,2500000,True,True,unmatched,0.0,,,,ECU,2026-06-15 01:00,,,,,,,,,,,,0.138976,0.138976,GER,2026-06-20 22:00,,,,,,,,,,,,0.125172,0.118914,CUW,2026-06-25 22:00,,,,,,,,,,,,0.223153,0.200838,0.458727,45095,767,2500000,FWD,False,,,,,1.0193922580645165,0.0,,,,,elye wahi,civ,FWD,elye wahi|civ|FWD,elye wahi|civ,elye wahi|civ,distributed_from_existing_optimizer_ev,price_quality_ev_diagnostics,0.263,0.3119,0.8944,0.9246,0.9866,0.1698,0.1573,0.75,0.8,0.7779,0.6994,0.5135,1.35,1.25,1.2588
neymar_jr__bra,Neymar Jr.,BRA,Brasilien,FWD,5500000,5500000,0.8919,transfermarkt_availability_split_2026_06_01,0.081082,0.0,0.0,50035,Brasilien,5500000,True,True,name_team_position,1.0,,,,MAR,2026-06-14 00:00,,,,,,,,,,,,0.0,0.0,HAI,2026-06-20 03:00,,,,,,,,,,,,0.0,0.0,SCO,2026-06-25 00:00,,,,,,,,,,,,0.0,0.0,,31136,764,5500000,FWD,False,,,,,,,,,,,neymar jr,bra,FWD,neymar jr|bra|FWD,neymar jr|bra,jr neymar|bra,distributed_from_existing_optimizer_ev,,0.5861,0.4624,1.2885,1.2061,1.1897,0.8975,0.6453,1.35,1.25,1.4367,0.6691,0.5,1.35,1.25,1.2405
victor_munoz__esp,Victor Munoz,ESP,Spanien,FWD,3000000,3000000,0.873,transfermarkt_availability_split_2026_06_01,0.079364,0.0,0.0,50113,Spanien,3000000,True,True,unmatched,0.4545454545454545,,,,CPV,2026-06-15 18:00,,,,,,,,,,,,0.0,0.0,KSA,2026-06-21 18:00,,,,,,,,,,,,0.0,0.0,URU,2026-06-27 02:00,,,,,,,,,,,,0.0,0.0,,46696,595,3000000,FWD,False,,,,,,,,,,,victor munoz,esp,FWD,victor munoz|esp|FWD,victor munoz|esp,munoz victor|esp,distributed_from_existing_optimizer_ev,,0.8701,0.625,1.35,1.25,1.4093,0.8484,0.6627,1.35,1.25,1.45,0.5766,0.4226,1.2729,1.1949,1.136
jean_philippe_mateta__fra,Jean-Philippe Mateta,FRA,Frankrig,FWD,3500000,3500000,0.5843,transfermarkt_availability_split_2026_06_01,0.053118,0.0,0.0,50024,Frankrig,3500000,True,True,name_team_position,1.0,,,,SEN,2026-06-16 21:00,,,,,,,,,,,,0.0,0.0,IRQ,2026-06-22 23:00,,,,,,,,,,,,0.0,0.0,NOR,2026-06-26 21:00,,,,,,,,,,,,0.0,0.0,,36662,592,3500000,FWD,False,,,,,,,,,,,jean philippe mateta,fra,FWD,jean philippe mateta|fra|FWD,jean philippe mateta|fra,jean mateta philippe|fra,distributed_from_existing_optimizer_ev,,0.6521,0.4624,1.35,1.25,1.1897,0.8421,0.6627,1.35,1.25,1.45,0.5502,0.375,1.2473,1.1766,1.0718
maximilian_beier__ger,Maximilian Beier,GER,Tyskland,FWD,2500000,2500000,0.5178,transfermarkt_availability_split_2026_06_01,0.047073,0.0,0.0,50082,Tyskland,2500000,True,True,name_team_position,1.0,,,,CUW,2026-06-14 19:00,,,,,,,,,,,,0.0,0.0,CIV,2026-06-20 22:00,,,,,,,,,,,,0.0,0.0,ECU,2026-06-25 22:00,,,,,,,,,,,,0.0,0.0,,39123,589,2500000,FWD,False,,,,,,,,,,,maximilian beier,ger,FWD,maximilian beier|ger|FWD,maximilian beier|ger,beier maximilian|ger,distributed_from_existing_optimizer_ev,,0.9177,0.6881,1.35,1.25,1.45,0.6065,0.4226,1.3057,1.2184,1.136,0.5709,0.411,1.2686,1.1919,1.1204
goncalo_guedes__por,Goncalo Guedes,POR,Portugal,FWD,2500000,2500000,0.6911,transfermarkt_availability_split_2026_06_01,0.062827,0.0,0.0,50059,Portugal,2500000,True,True,name_team_position,1.0,,,,COD,2026-06-17 19:00,,,,,,,,,,,,0.0,0.0,UZB,2026-06-23 19:00,,,,,,,,,,,,0.0,0.0,COL,2026-06-28 01:30,,,,,,,,,,,,0.0,0.0,,33032,585,2500000,FWD,False,,,,,,,,,,,goncalo guedes,por,FWD,goncalo guedes|por|FWD,goncalo guedes|por,goncalo guedes|por,distributed_from_existing_optimizer_ev,,0.7338,0.5,1.35,1.25,1.2405,0.7431,0.5,1.35,1.25,1.2405,0.4361,0.3547,1.1145,1.0818,1.0443
mojmir_chytil__cze,Mojmir Chytil,CZE,Tjekkiet,FWD,2500000,2500000,0.8204,transfermarkt_availability_split_2026_06_01,0.074582,0.458727,0.458727,49603,Tjekkiet,2500000,True,True,unmatched,0.0,,,,KOR,2026-06-12 04:00,,,,,,,,,,,,0.151628,0.151628,RSA,2026-06-18 18:00,,,,,,,,,,,,0.186173,0.176865,MEX,2026-06-25 03:00,,,,,,,,,,,,0.144705,0.130235,0.458727,45621,584,2500000,FWD,False,,,,,1.0193922580645165,0.0,,,,,mojmir chytil,cze,FWD,mojmir chytil|cze|FWD,mojmir chytil|cze,chytil mojmir|cze,distributed_from_existing_optimizer_ev,price_quality_ev_diagnostics,0.3474,0.3119,0.9912,0.9937,0.9866,0.4884,0.411,1.1822,1.1301,1.1204,0.2384,0.217,0.828,0.8771,0.8585
tomas_chory__cze,Tomas Chory,CZE,Tjekkiet,FWD,3000000,3000000,0.7948,transfermarkt_availability_split_2026_06_01,0.072255,1.052283,1.052283,49901,Tjekkiet,3000000,True,True,unmatched,0.0,,,,KOR,2026-06-12 04:00,,,,,,,,,,,,0.347822,0.347822,RSA,2026-06-18 18:00,,,,,,,,,,,,0.427067,0.405714,MEX,2026-06-25 03:00,,,,,,,,,,,,0.331942,0.298748,0.474,36884,584,3000000,FWD,False,,,,,1.759073225806452,0.474,,,,,tomas chory,cze,FWD,tomas chory|cze|FWD,tomas chory|cze,chory tomas|cze,distributed_from_existing_optimizer_ev,price_quality_ev_diagnostics,0.3474,0.3119,0.9912,0.9937,0.9866,0.4884,0.411,1.1822,1.1301,1.1204,0.2384,0.217,0.828,0.8771,0.8585
patrik_schick__cze,Patrik Schick,CZE,Tjekkiet,FWD,4500000,4500000,0.7906,transfermarkt_availability_split_2026_06_01,0.071873,1.516666,1.516666,49719,Tjekkiet,4500000,True,True,unmatched,0.0,,,,KOR,2026-06-12 04:00,,,,,,,,,,,,0.501319,0.501319,RSA,2026-06-18 18:00,,,,,,,,,,,,0.615536,0.584759,MEX,2026-06-25 03:00,,,,,,,,,,,,0.478431,0.430588,0.408,34230,584,4500000,FWD,False,,,,,2.871702580645162,0.408,,,,,patrik schick,cze,FWD,patrik schick|cze|FWD,patrik schick|cze,patrik schick|cze,distributed_from_existing_optimizer_ev,price_quality_ev_diagnostics,0.3474,0.3119,0.9912,0.9937,0.9866,0.4884,0.411,1.1822,1.1301,1.1204,0.2384,0.217,0.828,0.8771,0.8585
jan_kliment__cze,Jan Kliment,CZE,Tjekkiet,FWD,2000000,2000000,0.771,transfermarkt_availability_split_2026_06_01,0.070091,0.134261,0.134261,49253,Tjekkiet,2000000,True,True,unmatched,0.0,,,,KOR,2026-06-12 04:00,,,,,,,,,,,,0.044379,0.044379,RSA,2026-06-18 18:00,,,,,,,,,,,,0.05449,0.051765,MEX,2026-06-25 03:00,,,,,,,,,,,,0.042353,0.038117,0.134261,33385,584,2000000,FWD,False,,,,,0.2983587096774194,0.0,,,,,jan kliment,cze,FWD,jan kliment|cze|FWD,jan kliment|cze,jan kliment|cze,distributed_from_existing_optimizer_ev,price_quality_ev_diagnostics,0.3474,0.3119,0.9912,0.9937,0.9866,0.4884,0.411,1.1822,1.1301,1.1204,0.2384,0.217,0.828,0.8771,0.8585
