strategy,formation,comparison_type,expensive_player_id,expensive_player_name,expensive_position,expensive_price,expensive_ev,expensive_strategy_score,cheap_player_id,cheap_player_name,cheap_position,cheap_price,cheap_ev,cheap_strategy_score,price_difference,ev_difference,strategy_score_difference,marginal_ev_per_million,marginal_strategy_score_per_million,round_1_difference,round_2_difference,round_3_difference,start_security_difference,interpretation
next_round,3-4-3,position_marginal_GK,manuel_neuer__ger,Manuel Neuer,GK,5000000,3.7539,8.5188,david_cabezas__ecu,David Cabezas,GK,2500000,2.1052,4.6272,2500000,1.6487,3.8915,0.6595,1.5566,0.7688,-0.3204,0.4931,-0.0012,Best high-price GK vs best low-price GK; measures marginal return to spending extra budget at this position.
next_round,3-4-3,position_marginal_DEF,aymeric_laporte__esp,Aymeric Laporte,DEF,4500000,3.6961,7.6452,leo_ostigard__nor,Leo Østigård,DEF,2500000,2.1148,5.3368,2000000,1.5813,2.3084,0.7906,1.1542,0.4211,0.7984,0.4671,0.052,Best high-price DEF vs best low-price DEF; measures marginal return to spending extra budget at this position.
next_round,3-4-3,position_marginal_MID,kerem_akt_rko_lu__tur,Kerem Akturkoglu,MID,4500000,4.9593,10.0651,nicolas_seiwald__aut,Nicolas Seiwald,MID,2500000,2.3454,6.9564,2000000,2.6139,3.1087,1.3069,1.5544,0.643,1.7535,0.8387,-0.0593,Best high-price MID vs best low-price MID; measures marginal return to spending extra budget at this position.
next_round,3-4-3,position_marginal_FWD,lautaro_mart_nez__arg,Lautaro Martinez,FWD,8000000,5.2929,10.3489,patrick_agyemang__usa,Patrick Agyemang,FWD,3000000,3.7264,7.4739,5000000,1.5665,2.875,0.3133,0.575,0.4403,-0.0396,0.691,0.0488,Best high-price FWD vs best low-price FWD; measures marginal return to spending extra budget at this position.
next_round,3-4-3,premium_fwd_vs_cheap_fwd,kylian_mbapp__fra,Kylian Mbappe,FWD,10000000,4.7201,9.0159,marko_arnautovi__aut,Marko Arnautovic,FWD,4500000,4.1,9.6635,5500000,0.6201,-0.6476,0.1127,-0.1177,-0.5619,1.0657,-0.0188,-0.0108,Premium FWD vs cheaper FWD. Positive marginal values indicate the model already rewards premium attacking upside; negative values indicate the cheap/value FWD is ahead on current model output.
next_round,3-4-3,premium_fwd_vs_cheap_fwd,kylian_mbapp__fra,Kylian Mbappe,FWD,10000000,4.7201,9.0159,jonathan_david__can,Jonathan David,FWD,4500000,4.9596,9.6543,5500000,-0.2395,-0.6384,-0.0436,-0.1161,-0.4433,-0.8435,0.2089,-0.019,Premium FWD vs cheaper FWD. Positive marginal values indicate the model already rewards premium attacking upside; negative values indicate the cheap/value FWD is ahead on current model output.
next_round,3-4-3,premium_fwd_vs_cheap_fwd,kylian_mbapp__fra,Kylian Mbappe,FWD,10000000,4.7201,9.0159,breel_embolo__sui,Breel Embolo,FWD,5000000,4.0,7.52,5000000,0.7201,1.4958,0.144,0.2992,0.3752,0.3362,0.1196,-0.0073,Premium FWD vs cheaper FWD. Positive marginal values indicate the model already rewards premium attacking upside; negative values indicate the cheap/value FWD is ahead on current model output.
next_round,3-4-3,premium_fwd_vs_cheap_fwd,kylian_mbapp__fra,Kylian Mbappe,FWD,10000000,4.7201,9.0159,ra_l_jim_nez__mex,Raul Jimenez,FWD,4500000,4.2088,7.5112,5500000,0.5113,1.5046,0.093,0.2736,-0.093,0.2825,0.0979,0.1356,Premium FWD vs cheaper FWD. Positive marginal values indicate the model already rewards premium attacking upside; negative values indicate the cheap/value FWD is ahead on current model output.
next_round,3-4-3,premium_fwd_vs_cheap_fwd,harry_kane__eng,Harry Kane,FWD,9500000,4.3139,7.2511,marko_arnautovi__aut,Marko Arnautovic,FWD,4500000,4.1,9.6635,5000000,0.2139,-2.4124,0.0428,-0.4825,-1.0237,0.8132,-0.0293,-0.0512,Premium FWD vs cheaper FWD. Positive marginal values indicate the model already rewards premium attacking upside; negative values indicate the cheap/value FWD is ahead on current model output.
next_round,3-4-3,premium_fwd_vs_cheap_fwd,harry_kane__eng,Harry Kane,FWD,9500000,4.3139,7.2511,jonathan_david__can,Jonathan David,FWD,4500000,4.9596,9.6543,5000000,-0.6457,-2.4032,-0.1291,-0.4806,-0.9052,-1.096,0.1984,-0.0594,Premium FWD vs cheaper FWD. Positive marginal values indicate the model already rewards premium attacking upside; negative values indicate the cheap/value FWD is ahead on current model output.
next_round,3-4-3,premium_fwd_vs_cheap_fwd,harry_kane__eng,Harry Kane,FWD,9500000,4.3139,7.2511,breel_embolo__sui,Breel Embolo,FWD,5000000,4.0,7.52,4500000,0.3139,-0.2689,0.0698,-0.0598,-0.0867,0.0837,0.1091,-0.0477,Premium FWD vs cheaper FWD. Positive marginal values indicate the model already rewards premium attacking upside; negative values indicate the cheap/value FWD is ahead on current model output.
next_round,3-4-3,premium_fwd_vs_cheap_fwd,harry_kane__eng,Harry Kane,FWD,9500000,4.3139,7.2511,ra_l_jim_nez__mex,Raul Jimenez,FWD,4500000,4.2088,7.5112,5000000,0.1051,-0.2601,0.021,-0.052,-0.5549,0.03,0.0874,0.0952,Premium FWD vs cheaper FWD. Positive marginal values indicate the model already rewards premium attacking upside; negative values indicate the cheap/value FWD is ahead on current model output.
next_round,3-4-3,premium_fwd_vs_cheap_fwd,erling_haaland__nor,Erling Haaland,FWD,8500000,3.9175,7.8795,marko_arnautovi__aut,Marko Arnautovic,FWD,4500000,4.1,9.6635,4000000,-0.1825,-1.784,-0.0456,-0.446,-0.8247,0.4907,-0.5992,0.0082,Premium FWD vs cheaper FWD. Positive marginal values indicate the model already rewards premium attacking upside; negative values indicate the cheap/value FWD is ahead on current model output.
next_round,3-4-3,premium_fwd_vs_cheap_fwd,erling_haaland__nor,Erling Haaland,FWD,8500000,3.9175,7.8795,jonathan_david__can,Jonathan David,FWD,4500000,4.9596,9.6543,4000000,-1.0421,-1.7748,-0.2605,-0.4437,-0.7061,-1.4185,-0.3716,0.0,Premium FWD vs cheaper FWD. Positive marginal values indicate the model already rewards premium attacking upside; negative values indicate the cheap/value FWD is ahead on current model output.
next_round,3-4-3,premium_fwd_vs_cheap_fwd,erling_haaland__nor,Erling Haaland,FWD,8500000,3.9175,7.8795,breel_embolo__sui,Breel Embolo,FWD,5000000,4.0,7.52,3500000,-0.0825,0.3595,-0.0236,0.1027,0.1123,-0.2388,-0.4609,0.0117,Premium FWD vs cheaper FWD. Positive marginal values indicate the model already rewards premium attacking upside; negative values indicate the cheap/value FWD is ahead on current model output.
next_round,3-4-3,premium_fwd_vs_cheap_fwd,erling_haaland__nor,Erling Haaland,FWD,8500000,3.9175,7.8795,ra_l_jim_nez__mex,Raul Jimenez,FWD,4500000,4.2088,7.5112,4000000,-0.2913,0.3682,-0.0728,0.0921,-0.3559,-0.2925,-0.4826,0.1546,Premium FWD vs cheaper FWD. Positive marginal values indicate the model already rewards premium attacking upside; negative values indicate the cheap/value FWD is ahead on current model output.
next_round,3-4-3,selected_MID_upgrade,oscar_bobb__nor,Oscar Bobb,MID,3000000,3.4248,8.4201,nicolas_seiwald__aut,Nicolas Seiwald,MID,2500000,2.3454,6.9564,500000,1.0795,1.4637,2.1589,2.9274,0.2175,1.045,-0.0988,0.0,"Selected MID spend vs cheaper same-position alternative. If marginal return is low, budget may be better used on FWD ceiling."
next_round,3-4-3,selected_DEF_upgrade,r_ben_dias__por,Ruben Dias,DEF,4000000,3.2895,6.5335,ricardo_rodr_guez__sui,Ricardo Rodriguez,DEF,3000000,3.162,6.8039,1000000,0.1275,-0.2704,0.1275,-0.2704,-0.1363,0.0206,-0.1112,-0.0735,"Selected DEF spend vs cheaper same-position alternative. If marginal return is low, budget may be better used on FWD ceiling."
next_round,3-4-3,selected_GK_upgrade,mike_maignan__fra,Mike Maignan,GK,5000000,3.6031,6.6363,joan_garcia__esp,Joan Garcia,GK,4000000,3.8393,8.3831,1000000,-0.2361,-1.7469,-0.2361,-1.7469,-0.5294,-0.1259,-0.1798,-0.02,"Selected GK spend vs cheaper same-position alternative. If marginal return is low, budget may be better used on FWD ceiling."
next_round,3-4-3,selected_MID_upgrade,marcel_sabitzer__aut,Marcel Sabitzer,MID,4500000,3.2005,7.6307,antonio_nusa__nor,Antonio Nusa,MID,3500000,3.2544,7.5711,1000000,-0.0538,0.0596,-0.0538,0.0596,0.129,-0.7806,0.2617,-0.0093,"Selected MID spend vs cheaper same-position alternative. If marginal return is low, budget may be better used on FWD ceiling."
next_round,3-4-3,selected_DEF_upgrade,stefan_posch__aut,Stefan Posch,DEF,3000000,2.71,5.9067,leo_ostigard__nor,Leo Østigård,DEF,2500000,2.1148,5.3368,500000,0.5952,0.5698,1.1904,1.1397,0.2837,-0.2108,0.3815,-0.0914,"Selected DEF spend vs cheaper same-position alternative. If marginal return is low, budget may be better used on FWD ceiling."
next_round,3-4-3,low_upside_mid_def_gk_upgrade,scott_mctominay__sco,Scott McTominay,MID,4500000,3.1959,7.4785,antonio_nusa__nor,Antonio Nusa,MID,3500000,3.2544,7.5711,1000000,-0.0584,-0.0926,-0.0584,-0.0926,0.0615,-0.4468,-0.0131,0.0514,"Selected MID spend vs cheaper same-position alternative. If marginal return is low, budget may be better used on FWD ceiling."
next_round,3-4-3,selected_MID_upgrade,kerem_akt_rko_lu__tur,Kerem Akturkoglu,MID,4500000,4.9593,10.0651,antonio_nusa__nor,Antonio Nusa,MID,3500000,3.2544,7.5711,1000000,1.7049,2.494,1.7049,2.494,0.7479,0.9722,1.0878,0.0218,"Selected MID spend vs cheaper same-position alternative. If marginal return is low, budget may be better used on FWD ceiling."
next_round,3-4-3,selected_DEF_upgrade,nuno_mendes__por,Nuno Mendes,DEF,4500000,3.572,6.7829,nahuel_molina__arg,Nahuel Molina,DEF,4000000,3.5586,6.9782,500000,0.0134,-0.1954,0.0268,-0.3908,0.0732,0.2851,-0.4359,-0.0924,"Selected DEF spend vs cheaper same-position alternative. If marginal return is low, budget may be better used on FWD ceiling."
next_round,3-5-2,position_marginal_GK,manuel_neuer__ger,Manuel Neuer,GK,5000000,3.7539,8.5188,david_cabezas__ecu,David Cabezas,GK,2500000,2.1052,4.6272,2500000,1.6487,3.8915,0.6595,1.5566,0.7688,-0.3204,0.4931,-0.0012,Best high-price GK vs best low-price GK; measures marginal return to spending extra budget at this position.
next_round,3-5-2,position_marginal_DEF,aymeric_laporte__esp,Aymeric Laporte,DEF,4500000,3.6961,7.6452,leo_ostigard__nor,Leo Østigård,DEF,2500000,2.1148,5.3368,2000000,1.5813,2.3084,0.7906,1.1542,0.4211,0.7984,0.4671,0.052,Best high-price DEF vs best low-price DEF; measures marginal return to spending extra budget at this position.
next_round,3-5-2,position_marginal_MID,kerem_akt_rko_lu__tur,Kerem Akturkoglu,MID,4500000,4.9593,10.0651,nicolas_seiwald__aut,Nicolas Seiwald,MID,2500000,2.3454,6.9564,2000000,2.6139,3.1087,1.3069,1.5544,0.643,1.7535,0.8387,-0.0593,Best high-price MID vs best low-price MID; measures marginal return to spending extra budget at this position.
next_round,3-5-2,position_marginal_FWD,lautaro_mart_nez__arg,Lautaro Martinez,FWD,8000000,5.2929,10.3489,patrick_agyemang__usa,Patrick Agyemang,FWD,3000000,3.7264,7.4739,5000000,1.5665,2.875,0.3133,0.575,0.4403,-0.0396,0.691,0.0488,Best high-price FWD vs best low-price FWD; measures marginal return to spending extra budget at this position.
next_round,3-5-2,premium_fwd_vs_cheap_fwd,kylian_mbapp__fra,Kylian Mbappe,FWD,10000000,4.7201,9.0159,marko_arnautovi__aut,Marko Arnautovic,FWD,4500000,4.1,9.6635,5500000,0.6201,-0.6476,0.1127,-0.1177,-0.5619,1.0657,-0.0188,-0.0108,Premium FWD vs cheaper FWD. Positive marginal values indicate the model already rewards premium attacking upside; negative values indicate the cheap/value FWD is ahead on current model output.
next_round,3-5-2,premium_fwd_vs_cheap_fwd,kylian_mbapp__fra,Kylian Mbappe,FWD,10000000,4.7201,9.0159,jonathan_david__can,Jonathan David,FWD,4500000,4.9596,9.6543,5500000,-0.2395,-0.6384,-0.0436,-0.1161,-0.4433,-0.8435,0.2089,-0.019,Premium FWD vs cheaper FWD. Positive marginal values indicate the model already rewards premium attacking upside; negative values indicate the cheap/value FWD is ahead on current model output.
next_round,3-5-2,premium_fwd_vs_cheap_fwd,kylian_mbapp__fra,Kylian Mbappe,FWD,10000000,4.7201,9.0159,breel_embolo__sui,Breel Embolo,FWD,5000000,4.0,7.52,5000000,0.7201,1.4958,0.144,0.2992,0.3752,0.3362,0.1196,-0.0073,Premium FWD vs cheaper FWD. Positive marginal values indicate the model already rewards premium attacking upside; negative values indicate the cheap/value FWD is ahead on current model output.
next_round,3-5-2,premium_fwd_vs_cheap_fwd,kylian_mbapp__fra,Kylian Mbappe,FWD,10000000,4.7201,9.0159,ra_l_jim_nez__mex,Raul Jimenez,FWD,4500000,4.2088,7.5112,5500000,0.5113,1.5046,0.093,0.2736,-0.093,0.2825,0.0979,0.1356,Premium FWD vs cheaper FWD. Positive marginal values indicate the model already rewards premium attacking upside; negative values indicate the cheap/value FWD is ahead on current model output.
next_round,3-5-2,premium_fwd_vs_cheap_fwd,harry_kane__eng,Harry Kane,FWD,9500000,4.3139,7.2511,marko_arnautovi__aut,Marko Arnautovic,FWD,4500000,4.1,9.6635,5000000,0.2139,-2.4124,0.0428,-0.4825,-1.0237,0.8132,-0.0293,-0.0512,Premium FWD vs cheaper FWD. Positive marginal values indicate the model already rewards premium attacking upside; negative values indicate the cheap/value FWD is ahead on current model output.
next_round,3-5-2,premium_fwd_vs_cheap_fwd,harry_kane__eng,Harry Kane,FWD,9500000,4.3139,7.2511,jonathan_david__can,Jonathan David,FWD,4500000,4.9596,9.6543,5000000,-0.6457,-2.4032,-0.1291,-0.4806,-0.9052,-1.096,0.1984,-0.0594,Premium FWD vs cheaper FWD. Positive marginal values indicate the model already rewards premium attacking upside; negative values indicate the cheap/value FWD is ahead on current model output.
next_round,3-5-2,premium_fwd_vs_cheap_fwd,harry_kane__eng,Harry Kane,FWD,9500000,4.3139,7.2511,breel_embolo__sui,Breel Embolo,FWD,5000000,4.0,7.52,4500000,0.3139,-0.2689,0.0698,-0.0598,-0.0867,0.0837,0.1091,-0.0477,Premium FWD vs cheaper FWD. Positive marginal values indicate the model already rewards premium attacking upside; negative values indicate the cheap/value FWD is ahead on current model output.
next_round,3-5-2,premium_fwd_vs_cheap_fwd,harry_kane__eng,Harry Kane,FWD,9500000,4.3139,7.2511,ra_l_jim_nez__mex,Raul Jimenez,FWD,4500000,4.2088,7.5112,5000000,0.1051,-0.2601,0.021,-0.052,-0.5549,0.03,0.0874,0.0952,Premium FWD vs cheaper FWD. Positive marginal values indicate the model already rewards premium attacking upside; negative values indicate the cheap/value FWD is ahead on current model output.
next_round,3-5-2,premium_fwd_vs_cheap_fwd,erling_haaland__nor,Erling Haaland,FWD,8500000,3.9175,7.8795,marko_arnautovi__aut,Marko Arnautovic,FWD,4500000,4.1,9.6635,4000000,-0.1825,-1.784,-0.0456,-0.446,-0.8247,0.4907,-0.5992,0.0082,Premium FWD vs cheaper FWD. Positive marginal values indicate the model already rewards premium attacking upside; negative values indicate the cheap/value FWD is ahead on current model output.
next_round,3-5-2,premium_fwd_vs_cheap_fwd,erling_haaland__nor,Erling Haaland,FWD,8500000,3.9175,7.8795,jonathan_david__can,Jonathan David,FWD,4500000,4.9596,9.6543,4000000,-1.0421,-1.7748,-0.2605,-0.4437,-0.7061,-1.4185,-0.3716,0.0,Premium FWD vs cheaper FWD. Positive marginal values indicate the model already rewards premium attacking upside; negative values indicate the cheap/value FWD is ahead on current model output.
next_round,3-5-2,premium_fwd_vs_cheap_fwd,erling_haaland__nor,Erling Haaland,FWD,8500000,3.9175,7.8795,breel_embolo__sui,Breel Embolo,FWD,5000000,4.0,7.52,3500000,-0.0825,0.3595,-0.0236,0.1027,0.1123,-0.2388,-0.4609,0.0117,Premium FWD vs cheaper FWD. Positive marginal values indicate the model already rewards premium attacking upside; negative values indicate the cheap/value FWD is ahead on current model output.
next_round,3-5-2,premium_fwd_vs_cheap_fwd,erling_haaland__nor,Erling Haaland,FWD,8500000,3.9175,7.8795,ra_l_jim_nez__mex,Raul Jimenez,FWD,4500000,4.2088,7.5112,4000000,-0.2913,0.3682,-0.0728,0.0921,-0.3559,-0.2925,-0.4826,0.1546,Premium FWD vs cheaper FWD. Positive marginal values indicate the model already rewards premium attacking upside; negative values indicate the cheap/value FWD is ahead on current model output.
next_round,3-5-2,selected_MID_upgrade,oscar_bobb__nor,Oscar Bobb,MID,3000000,3.4248,8.4201,nicolas_seiwald__aut,Nicolas Seiwald,MID,2500000,2.3454,6.9564,500000,1.0795,1.4637,2.1589,2.9274,0.2175,1.045,-0.0988,0.0,"Selected MID spend vs cheaper same-position alternative. If marginal return is low, budget may be better used on FWD ceiling."
next_round,3-5-2,selected_DEF_upgrade,r_ben_dias__por,Ruben Dias,DEF,4000000,3.2895,6.5335,ricardo_rodr_guez__sui,Ricardo Rodriguez,DEF,3000000,3.162,6.8039,1000000,0.1275,-0.2704,0.1275,-0.2704,-0.1363,0.0206,-0.1112,-0.0735,"Selected DEF spend vs cheaper same-position alternative. If marginal return is low, budget may be better used on FWD ceiling."
next_round,3-5-2,selected_GK_upgrade,mike_maignan__fra,Mike Maignan,GK,5000000,3.6031,6.6363,joan_garcia__esp,Joan Garcia,GK,4000000,3.8393,8.3831,1000000,-0.2361,-1.7469,-0.2361,-1.7469,-0.5294,-0.1259,-0.1798,-0.02,"Selected GK spend vs cheaper same-position alternative. If marginal return is low, budget may be better used on FWD ceiling."
next_round,3-5-2,selected_MID_upgrade,marcel_sabitzer__aut,Marcel Sabitzer,MID,4500000,3.2005,7.6307,konrad_laimer__aut,Konrad Laimer,MID,3000000,2.704,7.0771,1500000,0.4966,0.5536,0.331,0.3691,0.1029,0.0253,0.0562,-0.0284,"Selected MID spend vs cheaper same-position alternative. If marginal return is low, budget may be better used on FWD ceiling."
next_round,3-5-2,selected_DEF_upgrade,stefan_posch__aut,Stefan Posch,DEF,3000000,2.71,5.9067,leo_ostigard__nor,Leo Østigård,DEF,2500000,2.1148,5.3368,500000,0.5952,0.5698,1.1904,1.1397,0.2837,-0.2108,0.3815,-0.0914,"Selected DEF spend vs cheaper same-position alternative. If marginal return is low, budget may be better used on FWD ceiling."
next_round,3-5-2,selected_MID_upgrade,antonio_nusa__nor,Antonio Nusa,MID,3500000,3.2544,7.5711,konrad_laimer__aut,Konrad Laimer,MID,3000000,2.704,7.0771,500000,0.5504,0.494,1.1007,0.988,-0.0261,0.8059,-0.2055,-0.0191,"Selected MID spend vs cheaper same-position alternative. If marginal return is low, budget may be better used on FWD ceiling."
next_round,3-5-2,selected_MID_upgrade,kerem_akt_rko_lu__tur,Kerem Akturkoglu,MID,4500000,4.9593,10.0651,konrad_laimer__aut,Konrad Laimer,MID,3000000,2.704,7.0771,1500000,2.2553,2.988,1.5035,1.992,0.7218,1.7781,0.8822,0.0027,"Selected MID spend vs cheaper same-position alternative. If marginal return is low, budget may be better used on FWD ceiling."
next_round,3-5-2,selected_DEF_upgrade,nuno_mendes__por,Nuno Mendes,DEF,4500000,3.572,6.7829,nahuel_molina__arg,Nahuel Molina,DEF,4000000,3.5586,6.9782,500000,0.0134,-0.1954,0.0268,-0.3908,0.0732,0.2851,-0.4359,-0.0924,"Selected DEF spend vs cheaper same-position alternative. If marginal return is low, budget may be better used on FWD ceiling."
next_round,3-5-2,low_upside_mid_def_gk_upgrade,joshua_kimmich__ger,Joshua Kimmich,MID,5000000,3.3576,7.2477,scott_mctominay__sco,Scott McTominay,MID,4500000,3.1959,7.4785,500000,0.1617,-0.2308,0.3234,-0.4616,-0.2834,0.2883,0.2119,0.0101,"Selected MID spend vs cheaper same-position alternative. If marginal return is low, budget may be better used on FWD ceiling."
next_round,4-3-3,position_marginal_GK,manuel_neuer__ger,Manuel Neuer,GK,5000000,3.7539,8.5188,david_cabezas__ecu,David Cabezas,GK,2500000,2.1052,4.6272,2500000,1.6487,3.8915,0.6595,1.5566,0.7688,-0.3204,0.4931,-0.0012,Best high-price GK vs best low-price GK; measures marginal return to spending extra budget at this position.
next_round,4-3-3,position_marginal_DEF,aymeric_laporte__esp,Aymeric Laporte,DEF,4500000,3.6961,7.6452,leo_ostigard__nor,Leo Østigård,DEF,2500000,2.1148,5.3368,2000000,1.5813,2.3084,0.7906,1.1542,0.4211,0.7984,0.4671,0.052,Best high-price DEF vs best low-price DEF; measures marginal return to spending extra budget at this position.
next_round,4-3-3,position_marginal_MID,kerem_akt_rko_lu__tur,Kerem Akturkoglu,MID,4500000,4.9593,10.0651,nicolas_seiwald__aut,Nicolas Seiwald,MID,2500000,2.3454,6.9564,2000000,2.6139,3.1087,1.3069,1.5544,0.643,1.7535,0.8387,-0.0593,Best high-price MID vs best low-price MID; measures marginal return to spending extra budget at this position.
next_round,4-3-3,position_marginal_FWD,lautaro_mart_nez__arg,Lautaro Martinez,FWD,8000000,5.2929,10.3489,patrick_agyemang__usa,Patrick Agyemang,FWD,3000000,3.7264,7.4739,5000000,1.5665,2.875,0.3133,0.575,0.4403,-0.0396,0.691,0.0488,Best high-price FWD vs best low-price FWD; measures marginal return to spending extra budget at this position.
next_round,4-3-3,premium_fwd_vs_cheap_fwd,kylian_mbapp__fra,Kylian Mbappe,FWD,10000000,4.7201,9.0159,marko_arnautovi__aut,Marko Arnautovic,FWD,4500000,4.1,9.6635,5500000,0.6201,-0.6476,0.1127,-0.1177,-0.5619,1.0657,-0.0188,-0.0108,Premium FWD vs cheaper FWD. Positive marginal values indicate the model already rewards premium attacking upside; negative values indicate the cheap/value FWD is ahead on current model output.
next_round,4-3-3,premium_fwd_vs_cheap_fwd,kylian_mbapp__fra,Kylian Mbappe,FWD,10000000,4.7201,9.0159,jonathan_david__can,Jonathan David,FWD,4500000,4.9596,9.6543,5500000,-0.2395,-0.6384,-0.0436,-0.1161,-0.4433,-0.8435,0.2089,-0.019,Premium FWD vs cheaper FWD. Positive marginal values indicate the model already rewards premium attacking upside; negative values indicate the cheap/value FWD is ahead on current model output.
next_round,4-3-3,premium_fwd_vs_cheap_fwd,kylian_mbapp__fra,Kylian Mbappe,FWD,10000000,4.7201,9.0159,breel_embolo__sui,Breel Embolo,FWD,5000000,4.0,7.52,5000000,0.7201,1.4958,0.144,0.2992,0.3752,0.3362,0.1196,-0.0073,Premium FWD vs cheaper FWD. Positive marginal values indicate the model already rewards premium attacking upside; negative values indicate the cheap/value FWD is ahead on current model output.
next_round,4-3-3,premium_fwd_vs_cheap_fwd,kylian_mbapp__fra,Kylian Mbappe,FWD,10000000,4.7201,9.0159,ra_l_jim_nez__mex,Raul Jimenez,FWD,4500000,4.2088,7.5112,5500000,0.5113,1.5046,0.093,0.2736,-0.093,0.2825,0.0979,0.1356,Premium FWD vs cheaper FWD. Positive marginal values indicate the model already rewards premium attacking upside; negative values indicate the cheap/value FWD is ahead on current model output.
next_round,4-3-3,premium_fwd_vs_cheap_fwd,harry_kane__eng,Harry Kane,FWD,9500000,4.3139,7.2511,marko_arnautovi__aut,Marko Arnautovic,FWD,4500000,4.1,9.6635,5000000,0.2139,-2.4124,0.0428,-0.4825,-1.0237,0.8132,-0.0293,-0.0512,Premium FWD vs cheaper FWD. Positive marginal values indicate the model already rewards premium attacking upside; negative values indicate the cheap/value FWD is ahead on current model output.
next_round,4-3-3,premium_fwd_vs_cheap_fwd,harry_kane__eng,Harry Kane,FWD,9500000,4.3139,7.2511,jonathan_david__can,Jonathan David,FWD,4500000,4.9596,9.6543,5000000,-0.6457,-2.4032,-0.1291,-0.4806,-0.9052,-1.096,0.1984,-0.0594,Premium FWD vs cheaper FWD. Positive marginal values indicate the model already rewards premium attacking upside; negative values indicate the cheap/value FWD is ahead on current model output.
next_round,4-3-3,premium_fwd_vs_cheap_fwd,harry_kane__eng,Harry Kane,FWD,9500000,4.3139,7.2511,breel_embolo__sui,Breel Embolo,FWD,5000000,4.0,7.52,4500000,0.3139,-0.2689,0.0698,-0.0598,-0.0867,0.0837,0.1091,-0.0477,Premium FWD vs cheaper FWD. Positive marginal values indicate the model already rewards premium attacking upside; negative values indicate the cheap/value FWD is ahead on current model output.
next_round,4-3-3,premium_fwd_vs_cheap_fwd,harry_kane__eng,Harry Kane,FWD,9500000,4.3139,7.2511,ra_l_jim_nez__mex,Raul Jimenez,FWD,4500000,4.2088,7.5112,5000000,0.1051,-0.2601,0.021,-0.052,-0.5549,0.03,0.0874,0.0952,Premium FWD vs cheaper FWD. Positive marginal values indicate the model already rewards premium attacking upside; negative values indicate the cheap/value FWD is ahead on current model output.
next_round,4-3-3,premium_fwd_vs_cheap_fwd,erling_haaland__nor,Erling Haaland,FWD,8500000,3.9175,7.8795,marko_arnautovi__aut,Marko Arnautovic,FWD,4500000,4.1,9.6635,4000000,-0.1825,-1.784,-0.0456,-0.446,-0.8247,0.4907,-0.5992,0.0082,Premium FWD vs cheaper FWD. Positive marginal values indicate the model already rewards premium attacking upside; negative values indicate the cheap/value FWD is ahead on current model output.
next_round,4-3-3,premium_fwd_vs_cheap_fwd,erling_haaland__nor,Erling Haaland,FWD,8500000,3.9175,7.8795,jonathan_david__can,Jonathan David,FWD,4500000,4.9596,9.6543,4000000,-1.0421,-1.7748,-0.2605,-0.4437,-0.7061,-1.4185,-0.3716,0.0,Premium FWD vs cheaper FWD. Positive marginal values indicate the model already rewards premium attacking upside; negative values indicate the cheap/value FWD is ahead on current model output.
next_round,4-3-3,premium_fwd_vs_cheap_fwd,erling_haaland__nor,Erling Haaland,FWD,8500000,3.9175,7.8795,breel_embolo__sui,Breel Embolo,FWD,5000000,4.0,7.52,3500000,-0.0825,0.3595,-0.0236,0.1027,0.1123,-0.2388,-0.4609,0.0117,Premium FWD vs cheaper FWD. Positive marginal values indicate the model already rewards premium attacking upside; negative values indicate the cheap/value FWD is ahead on current model output.
next_round,4-3-3,premium_fwd_vs_cheap_fwd,erling_haaland__nor,Erling Haaland,FWD,8500000,3.9175,7.8795,ra_l_jim_nez__mex,Raul Jimenez,FWD,4500000,4.2088,7.5112,4000000,-0.2913,0.3682,-0.0728,0.0921,-0.3559,-0.2925,-0.4826,0.1546,Premium FWD vs cheaper FWD. Positive marginal values indicate the model already rewards premium attacking upside; negative values indicate the cheap/value FWD is ahead on current model output.
next_round,4-3-3,selected_MID_upgrade,oscar_bobb__nor,Oscar Bobb,MID,3000000,3.4248,8.4201,nicolas_seiwald__aut,Nicolas Seiwald,MID,2500000,2.3454,6.9564,500000,1.0795,1.4637,2.1589,2.9274,0.2175,1.045,-0.0988,0.0,"Selected MID spend vs cheaper same-position alternative. If marginal return is low, budget may be better used on FWD ceiling."
next_round,4-3-3,selected_DEF_upgrade,r_ben_dias__por,Ruben Dias,DEF,4000000,3.2895,6.5335,ricardo_rodr_guez__sui,Ricardo Rodriguez,DEF,3000000,3.162,6.8039,1000000,0.1275,-0.2704,0.1275,-0.2704,-0.1363,0.0206,-0.1112,-0.0735,"Selected DEF spend vs cheaper same-position alternative. If marginal return is low, budget may be better used on FWD ceiling."
next_round,4-3-3,selected_GK_upgrade,mike_maignan__fra,Mike Maignan,GK,5000000,3.6031,6.6363,joan_garcia__esp,Joan Garcia,GK,4000000,3.8393,8.3831,1000000,-0.2361,-1.7469,-0.2361,-1.7469,-0.5294,-0.1259,-0.1798,-0.02,"Selected GK spend vs cheaper same-position alternative. If marginal return is low, budget may be better used on FWD ceiling."
next_round,4-3-3,selected_DEF_upgrade,stefan_posch__aut,Stefan Posch,DEF,3000000,2.71,5.9067,leo_ostigard__nor,Leo Østigård,DEF,2500000,2.1148,5.3368,500000,0.5952,0.5698,1.1904,1.1397,0.2837,-0.2108,0.3815,-0.0914,"Selected DEF spend vs cheaper same-position alternative. If marginal return is low, budget may be better used on FWD ceiling."
next_round,4-3-3,selected_MID_upgrade,antonio_nusa__nor,Antonio Nusa,MID,3500000,3.2544,7.5711,konrad_laimer__aut,Konrad Laimer,MID,3000000,2.704,7.0771,500000,0.5504,0.494,1.1007,0.988,-0.0261,0.8059,-0.2055,-0.0191,"Selected MID spend vs cheaper same-position alternative. If marginal return is low, budget may be better used on FWD ceiling."
next_round,4-3-3,selected_DEF_upgrade,nuno_mendes__por,Nuno Mendes,DEF,4500000,3.572,6.7829,nahuel_molina__arg,Nahuel Molina,DEF,4000000,3.5586,6.9782,500000,0.0134,-0.1954,0.0268,-0.3908,0.0732,0.2851,-0.4359,-0.0924,"Selected DEF spend vs cheaper same-position alternative. If marginal return is low, budget may be better used on FWD ceiling."
next_round,4-3-3,selected_MID_upgrade,kerem_akt_rko_lu__tur,Kerem Akturkoglu,MID,4500000,4.9593,10.0651,konrad_laimer__aut,Konrad Laimer,MID,3000000,2.704,7.0771,1500000,2.2553,2.988,1.5035,1.992,0.7218,1.7781,0.8822,0.0027,"Selected MID spend vs cheaper same-position alternative. If marginal return is low, budget may be better used on FWD ceiling."
next_round,4-3-3,selected_DEF_upgrade,david_m_ller_wolfe__nor,David Møller Wolfe,DEF,3000000,2.7742,6.5351,leo_ostigard__nor,Leo Østigård,DEF,2500000,2.1148,5.3368,500000,0.6594,1.1983,1.3188,2.3965,0.2989,0.1961,0.0761,0.05,"Selected DEF spend vs cheaper same-position alternative. If marginal return is low, budget may be better used on FWD ceiling."
next_round,4-4-2,position_marginal_GK,manuel_neuer__ger,Manuel Neuer,GK,5000000,3.7539,8.5188,david_cabezas__ecu,David Cabezas,GK,2500000,2.1052,4.6272,2500000,1.6487,3.8915,0.6595,1.5566,0.7688,-0.3204,0.4931,-0.0012,Best high-price GK vs best low-price GK; measures marginal return to spending extra budget at this position.
next_round,4-4-2,position_marginal_DEF,aymeric_laporte__esp,Aymeric Laporte,DEF,4500000,3.6961,7.6452,leo_ostigard__nor,Leo Østigård,DEF,2500000,2.1148,5.3368,2000000,1.5813,2.3084,0.7906,1.1542,0.4211,0.7984,0.4671,0.052,Best high-price DEF vs best low-price DEF; measures marginal return to spending extra budget at this position.
next_round,4-4-2,position_marginal_MID,kerem_akt_rko_lu__tur,Kerem Akturkoglu,MID,4500000,4.9593,10.0651,nicolas_seiwald__aut,Nicolas Seiwald,MID,2500000,2.3454,6.9564,2000000,2.6139,3.1087,1.3069,1.5544,0.643,1.7535,0.8387,-0.0593,Best high-price MID vs best low-price MID; measures marginal return to spending extra budget at this position.
next_round,4-4-2,position_marginal_FWD,lautaro_mart_nez__arg,Lautaro Martinez,FWD,8000000,5.2929,10.3489,patrick_agyemang__usa,Patrick Agyemang,FWD,3000000,3.7264,7.4739,5000000,1.5665,2.875,0.3133,0.575,0.4403,-0.0396,0.691,0.0488,Best high-price FWD vs best low-price FWD; measures marginal return to spending extra budget at this position.
next_round,4-4-2,premium_fwd_vs_cheap_fwd,kylian_mbapp__fra,Kylian Mbappe,FWD,10000000,4.7201,9.0159,marko_arnautovi__aut,Marko Arnautovic,FWD,4500000,4.1,9.6635,5500000,0.6201,-0.6476,0.1127,-0.1177,-0.5619,1.0657,-0.0188,-0.0108,Premium FWD vs cheaper FWD. Positive marginal values indicate the model already rewards premium attacking upside; negative values indicate the cheap/value FWD is ahead on current model output.
next_round,4-4-2,premium_fwd_vs_cheap_fwd,kylian_mbapp__fra,Kylian Mbappe,FWD,10000000,4.7201,9.0159,jonathan_david__can,Jonathan David,FWD,4500000,4.9596,9.6543,5500000,-0.2395,-0.6384,-0.0436,-0.1161,-0.4433,-0.8435,0.2089,-0.019,Premium FWD vs cheaper FWD. Positive marginal values indicate the model already rewards premium attacking upside; negative values indicate the cheap/value FWD is ahead on current model output.
next_round,4-4-2,premium_fwd_vs_cheap_fwd,kylian_mbapp__fra,Kylian Mbappe,FWD,10000000,4.7201,9.0159,breel_embolo__sui,Breel Embolo,FWD,5000000,4.0,7.52,5000000,0.7201,1.4958,0.144,0.2992,0.3752,0.3362,0.1196,-0.0073,Premium FWD vs cheaper FWD. Positive marginal values indicate the model already rewards premium attacking upside; negative values indicate the cheap/value FWD is ahead on current model output.
next_round,4-4-2,premium_fwd_vs_cheap_fwd,kylian_mbapp__fra,Kylian Mbappe,FWD,10000000,4.7201,9.0159,ra_l_jim_nez__mex,Raul Jimenez,FWD,4500000,4.2088,7.5112,5500000,0.5113,1.5046,0.093,0.2736,-0.093,0.2825,0.0979,0.1356,Premium FWD vs cheaper FWD. Positive marginal values indicate the model already rewards premium attacking upside; negative values indicate the cheap/value FWD is ahead on current model output.
next_round,4-4-2,premium_fwd_vs_cheap_fwd,harry_kane__eng,Harry Kane,FWD,9500000,4.3139,7.2511,marko_arnautovi__aut,Marko Arnautovic,FWD,4500000,4.1,9.6635,5000000,0.2139,-2.4124,0.0428,-0.4825,-1.0237,0.8132,-0.0293,-0.0512,Premium FWD vs cheaper FWD. Positive marginal values indicate the model already rewards premium attacking upside; negative values indicate the cheap/value FWD is ahead on current model output.
next_round,4-4-2,premium_fwd_vs_cheap_fwd,harry_kane__eng,Harry Kane,FWD,9500000,4.3139,7.2511,jonathan_david__can,Jonathan David,FWD,4500000,4.9596,9.6543,5000000,-0.6457,-2.4032,-0.1291,-0.4806,-0.9052,-1.096,0.1984,-0.0594,Premium FWD vs cheaper FWD. Positive marginal values indicate the model already rewards premium attacking upside; negative values indicate the cheap/value FWD is ahead on current model output.
next_round,4-4-2,premium_fwd_vs_cheap_fwd,harry_kane__eng,Harry Kane,FWD,9500000,4.3139,7.2511,breel_embolo__sui,Breel Embolo,FWD,5000000,4.0,7.52,4500000,0.3139,-0.2689,0.0698,-0.0598,-0.0867,0.0837,0.1091,-0.0477,Premium FWD vs cheaper FWD. Positive marginal values indicate the model already rewards premium attacking upside; negative values indicate the cheap/value FWD is ahead on current model output.
next_round,4-4-2,premium_fwd_vs_cheap_fwd,harry_kane__eng,Harry Kane,FWD,9500000,4.3139,7.2511,ra_l_jim_nez__mex,Raul Jimenez,FWD,4500000,4.2088,7.5112,5000000,0.1051,-0.2601,0.021,-0.052,-0.5549,0.03,0.0874,0.0952,Premium FWD vs cheaper FWD. Positive marginal values indicate the model already rewards premium attacking upside; negative values indicate the cheap/value FWD is ahead on current model output.
next_round,4-4-2,premium_fwd_vs_cheap_fwd,erling_haaland__nor,Erling Haaland,FWD,8500000,3.9175,7.8795,marko_arnautovi__aut,Marko Arnautovic,FWD,4500000,4.1,9.6635,4000000,-0.1825,-1.784,-0.0456,-0.446,-0.8247,0.4907,-0.5992,0.0082,Premium FWD vs cheaper FWD. Positive marginal values indicate the model already rewards premium attacking upside; negative values indicate the cheap/value FWD is ahead on current model output.
next_round,4-4-2,premium_fwd_vs_cheap_fwd,erling_haaland__nor,Erling Haaland,FWD,8500000,3.9175,7.8795,jonathan_david__can,Jonathan David,FWD,4500000,4.9596,9.6543,4000000,-1.0421,-1.7748,-0.2605,-0.4437,-0.7061,-1.4185,-0.3716,0.0,Premium FWD vs cheaper FWD. Positive marginal values indicate the model already rewards premium attacking upside; negative values indicate the cheap/value FWD is ahead on current model output.
next_round,4-4-2,premium_fwd_vs_cheap_fwd,erling_haaland__nor,Erling Haaland,FWD,8500000,3.9175,7.8795,breel_embolo__sui,Breel Embolo,FWD,5000000,4.0,7.52,3500000,-0.0825,0.3595,-0.0236,0.1027,0.1123,-0.2388,-0.4609,0.0117,Premium FWD vs cheaper FWD. Positive marginal values indicate the model already rewards premium attacking upside; negative values indicate the cheap/value FWD is ahead on current model output.
next_round,4-4-2,premium_fwd_vs_cheap_fwd,erling_haaland__nor,Erling Haaland,FWD,8500000,3.9175,7.8795,ra_l_jim_nez__mex,Raul Jimenez,FWD,4500000,4.2088,7.5112,4000000,-0.2913,0.3682,-0.0728,0.0921,-0.3559,-0.2925,-0.4826,0.1546,Premium FWD vs cheaper FWD. Positive marginal values indicate the model already rewards premium attacking upside; negative values indicate the cheap/value FWD is ahead on current model output.
next_round,4-4-2,selected_MID_upgrade,oscar_bobb__nor,Oscar Bobb,MID,3000000,3.4248,8.4201,nicolas_seiwald__aut,Nicolas Seiwald,MID,2500000,2.3454,6.9564,500000,1.0795,1.4637,2.1589,2.9274,0.2175,1.045,-0.0988,0.0,"Selected MID spend vs cheaper same-position alternative. If marginal return is low, budget may be better used on FWD ceiling."
next_round,4-4-2,selected_DEF_upgrade,r_ben_dias__por,Ruben Dias,DEF,4000000,3.2895,6.5335,ricardo_rodr_guez__sui,Ricardo Rodriguez,DEF,3000000,3.162,6.8039,1000000,0.1275,-0.2704,0.1275,-0.2704,-0.1363,0.0206,-0.1112,-0.0735,"Selected DEF spend vs cheaper same-position alternative. If marginal return is low, budget may be better used on FWD ceiling."
next_round,4-4-2,selected_GK_upgrade,mike_maignan__fra,Mike Maignan,GK,5000000,3.6031,6.6363,joan_garcia__esp,Joan Garcia,GK,4000000,3.8393,8.3831,1000000,-0.2361,-1.7469,-0.2361,-1.7469,-0.5294,-0.1259,-0.1798,-0.02,"Selected GK spend vs cheaper same-position alternative. If marginal return is low, budget may be better used on FWD ceiling."
next_round,4-4-2,selected_MID_upgrade,marcel_sabitzer__aut,Marcel Sabitzer,MID,4500000,3.2005,7.6307,konrad_laimer__aut,Konrad Laimer,MID,3000000,2.704,7.0771,1500000,0.4966,0.5536,0.331,0.3691,0.1029,0.0253,0.0562,-0.0284,"Selected MID spend vs cheaper same-position alternative. If marginal return is low, budget may be better used on FWD ceiling."
next_round,4-4-2,selected_DEF_upgrade,stefan_posch__aut,Stefan Posch,DEF,3000000,2.71,5.9067,leo_ostigard__nor,Leo Østigård,DEF,2500000,2.1148,5.3368,500000,0.5952,0.5698,1.1904,1.1397,0.2837,-0.2108,0.3815,-0.0914,"Selected DEF spend vs cheaper same-position alternative. If marginal return is low, budget may be better used on FWD ceiling."
next_round,4-4-2,selected_MID_upgrade,antonio_nusa__nor,Antonio Nusa,MID,3500000,3.2544,7.5711,konrad_laimer__aut,Konrad Laimer,MID,3000000,2.704,7.0771,500000,0.5504,0.494,1.1007,0.988,-0.0261,0.8059,-0.2055,-0.0191,"Selected MID spend vs cheaper same-position alternative. If marginal return is low, budget may be better used on FWD ceiling."
next_round,4-4-2,selected_DEF_upgrade,nuno_mendes__por,Nuno Mendes,DEF,4500000,3.572,6.7829,nahuel_molina__arg,Nahuel Molina,DEF,4000000,3.5586,6.9782,500000,0.0134,-0.1954,0.0268,-0.3908,0.0732,0.2851,-0.4359,-0.0924,"Selected DEF spend vs cheaper same-position alternative. If marginal return is low, budget may be better used on FWD ceiling."
next_round,4-4-2,selected_MID_upgrade,kerem_akt_rko_lu__tur,Kerem Akturkoglu,MID,4500000,4.9593,10.0651,konrad_laimer__aut,Konrad Laimer,MID,3000000,2.704,7.0771,1500000,2.2553,2.988,1.5035,1.992,0.7218,1.7781,0.8822,0.0027,"Selected MID spend vs cheaper same-position alternative. If marginal return is low, budget may be better used on FWD ceiling."
next_round,4-4-2,selected_DEF_upgrade,david_m_ller_wolfe__nor,David Møller Wolfe,DEF,3000000,2.7742,6.5351,leo_ostigard__nor,Leo Østigård,DEF,2500000,2.1148,5.3368,500000,0.6594,1.1983,1.3188,2.3965,0.2989,0.1961,0.0761,0.05,"Selected DEF spend vs cheaper same-position alternative. If marginal return is low, budget may be better used on FWD ceiling."
next_round,4-5-1,position_marginal_GK,manuel_neuer__ger,Manuel Neuer,GK,5000000,3.7539,8.5188,david_cabezas__ecu,David Cabezas,GK,2500000,2.1052,4.6272,2500000,1.6487,3.8915,0.6595,1.5566,0.7688,-0.3204,0.4931,-0.0012,Best high-price GK vs best low-price GK; measures marginal return to spending extra budget at this position.
next_round,4-5-1,position_marginal_DEF,aymeric_laporte__esp,Aymeric Laporte,DEF,4500000,3.6961,7.6452,leo_ostigard__nor,Leo Østigård,DEF,2500000,2.1148,5.3368,2000000,1.5813,2.3084,0.7906,1.1542,0.4211,0.7984,0.4671,0.052,Best high-price DEF vs best low-price DEF; measures marginal return to spending extra budget at this position.
next_round,4-5-1,position_marginal_MID,kerem_akt_rko_lu__tur,Kerem Akturkoglu,MID,4500000,4.9593,10.0651,nicolas_seiwald__aut,Nicolas Seiwald,MID,2500000,2.3454,6.9564,2000000,2.6139,3.1087,1.3069,1.5544,0.643,1.7535,0.8387,-0.0593,Best high-price MID vs best low-price MID; measures marginal return to spending extra budget at this position.
next_round,4-5-1,position_marginal_FWD,lautaro_mart_nez__arg,Lautaro Martinez,FWD,8000000,5.2929,10.3489,patrick_agyemang__usa,Patrick Agyemang,FWD,3000000,3.7264,7.4739,5000000,1.5665,2.875,0.3133,0.575,0.4403,-0.0396,0.691,0.0488,Best high-price FWD vs best low-price FWD; measures marginal return to spending extra budget at this position.
next_round,4-5-1,premium_fwd_vs_cheap_fwd,kylian_mbapp__fra,Kylian Mbappe,FWD,10000000,4.7201,9.0159,marko_arnautovi__aut,Marko Arnautovic,FWD,4500000,4.1,9.6635,5500000,0.6201,-0.6476,0.1127,-0.1177,-0.5619,1.0657,-0.0188,-0.0108,Premium FWD vs cheaper FWD. Positive marginal values indicate the model already rewards premium attacking upside; negative values indicate the cheap/value FWD is ahead on current model output.
next_round,4-5-1,premium_fwd_vs_cheap_fwd,kylian_mbapp__fra,Kylian Mbappe,FWD,10000000,4.7201,9.0159,jonathan_david__can,Jonathan David,FWD,4500000,4.9596,9.6543,5500000,-0.2395,-0.6384,-0.0436,-0.1161,-0.4433,-0.8435,0.2089,-0.019,Premium FWD vs cheaper FWD. Positive marginal values indicate the model already rewards premium attacking upside; negative values indicate the cheap/value FWD is ahead on current model output.
next_round,4-5-1,premium_fwd_vs_cheap_fwd,kylian_mbapp__fra,Kylian Mbappe,FWD,10000000,4.7201,9.0159,breel_embolo__sui,Breel Embolo,FWD,5000000,4.0,7.52,5000000,0.7201,1.4958,0.144,0.2992,0.3752,0.3362,0.1196,-0.0073,Premium FWD vs cheaper FWD. Positive marginal values indicate the model already rewards premium attacking upside; negative values indicate the cheap/value FWD is ahead on current model output.
next_round,4-5-1,premium_fwd_vs_cheap_fwd,kylian_mbapp__fra,Kylian Mbappe,FWD,10000000,4.7201,9.0159,ra_l_jim_nez__mex,Raul Jimenez,FWD,4500000,4.2088,7.5112,5500000,0.5113,1.5046,0.093,0.2736,-0.093,0.2825,0.0979,0.1356,Premium FWD vs cheaper FWD. Positive marginal values indicate the model already rewards premium attacking upside; negative values indicate the cheap/value FWD is ahead on current model output.
next_round,4-5-1,premium_fwd_vs_cheap_fwd,harry_kane__eng,Harry Kane,FWD,9500000,4.3139,7.2511,marko_arnautovi__aut,Marko Arnautovic,FWD,4500000,4.1,9.6635,5000000,0.2139,-2.4124,0.0428,-0.4825,-1.0237,0.8132,-0.0293,-0.0512,Premium FWD vs cheaper FWD. Positive marginal values indicate the model already rewards premium attacking upside; negative values indicate the cheap/value FWD is ahead on current model output.
next_round,4-5-1,premium_fwd_vs_cheap_fwd,harry_kane__eng,Harry Kane,FWD,9500000,4.3139,7.2511,jonathan_david__can,Jonathan David,FWD,4500000,4.9596,9.6543,5000000,-0.6457,-2.4032,-0.1291,-0.4806,-0.9052,-1.096,0.1984,-0.0594,Premium FWD vs cheaper FWD. Positive marginal values indicate the model already rewards premium attacking upside; negative values indicate the cheap/value FWD is ahead on current model output.
next_round,4-5-1,premium_fwd_vs_cheap_fwd,harry_kane__eng,Harry Kane,FWD,9500000,4.3139,7.2511,breel_embolo__sui,Breel Embolo,FWD,5000000,4.0,7.52,4500000,0.3139,-0.2689,0.0698,-0.0598,-0.0867,0.0837,0.1091,-0.0477,Premium FWD vs cheaper FWD. Positive marginal values indicate the model already rewards premium attacking upside; negative values indicate the cheap/value FWD is ahead on current model output.
next_round,4-5-1,premium_fwd_vs_cheap_fwd,harry_kane__eng,Harry Kane,FWD,9500000,4.3139,7.2511,ra_l_jim_nez__mex,Raul Jimenez,FWD,4500000,4.2088,7.5112,5000000,0.1051,-0.2601,0.021,-0.052,-0.5549,0.03,0.0874,0.0952,Premium FWD vs cheaper FWD. Positive marginal values indicate the model already rewards premium attacking upside; negative values indicate the cheap/value FWD is ahead on current model output.
next_round,4-5-1,premium_fwd_vs_cheap_fwd,erling_haaland__nor,Erling Haaland,FWD,8500000,3.9175,7.8795,marko_arnautovi__aut,Marko Arnautovic,FWD,4500000,4.1,9.6635,4000000,-0.1825,-1.784,-0.0456,-0.446,-0.8247,0.4907,-0.5992,0.0082,Premium FWD vs cheaper FWD. Positive marginal values indicate the model already rewards premium attacking upside; negative values indicate the cheap/value FWD is ahead on current model output.
next_round,4-5-1,premium_fwd_vs_cheap_fwd,erling_haaland__nor,Erling Haaland,FWD,8500000,3.9175,7.8795,jonathan_david__can,Jonathan David,FWD,4500000,4.9596,9.6543,4000000,-1.0421,-1.7748,-0.2605,-0.4437,-0.7061,-1.4185,-0.3716,0.0,Premium FWD vs cheaper FWD. Positive marginal values indicate the model already rewards premium attacking upside; negative values indicate the cheap/value FWD is ahead on current model output.
next_round,4-5-1,premium_fwd_vs_cheap_fwd,erling_haaland__nor,Erling Haaland,FWD,8500000,3.9175,7.8795,breel_embolo__sui,Breel Embolo,FWD,5000000,4.0,7.52,3500000,-0.0825,0.3595,-0.0236,0.1027,0.1123,-0.2388,-0.4609,0.0117,Premium FWD vs cheaper FWD. Positive marginal values indicate the model already rewards premium attacking upside; negative values indicate the cheap/value FWD is ahead on current model output.
next_round,4-5-1,premium_fwd_vs_cheap_fwd,erling_haaland__nor,Erling Haaland,FWD,8500000,3.9175,7.8795,ra_l_jim_nez__mex,Raul Jimenez,FWD,4500000,4.2088,7.5112,4000000,-0.2913,0.3682,-0.0728,0.0921,-0.3559,-0.2925,-0.4826,0.1546,Premium FWD vs cheaper FWD. Positive marginal values indicate the model already rewards premium attacking upside; negative values indicate the cheap/value FWD is ahead on current model output.
next_round,4-5-1,selected_MID_upgrade,bruno_fernandes__por,Bruno Fernandes,MID,7000000,3.3219,6.7889,scott_mctominay__sco,Scott McTominay,MID,4500000,3.1959,7.4785,2500000,0.1259,-0.6896,0.0504,-0.2758,-0.3968,0.4068,0.0377,-0.0703,"Selected MID spend vs cheaper same-position alternative. If marginal return is low, budget may be better used on FWD ceiling."
next_round,4-5-1,selected_MID_upgrade,oscar_bobb__nor,Oscar Bobb,MID,3000000,3.4248,8.4201,nicolas_seiwald__aut,Nicolas Seiwald,MID,2500000,2.3454,6.9564,500000,1.0795,1.4637,2.1589,2.9274,0.2175,1.045,-0.0988,0.0,"Selected MID spend vs cheaper same-position alternative. If marginal return is low, budget may be better used on FWD ceiling."
next_round,4-5-1,selected_DEF_upgrade,r_ben_dias__por,Ruben Dias,DEF,4000000,3.2895,6.5335,ricardo_rodr_guez__sui,Ricardo Rodriguez,DEF,3000000,3.162,6.8039,1000000,0.1275,-0.2704,0.1275,-0.2704,-0.1363,0.0206,-0.1112,-0.0735,"Selected DEF spend vs cheaper same-position alternative. If marginal return is low, budget may be better used on FWD ceiling."
next_round,4-5-1,selected_GK_upgrade,mike_maignan__fra,Mike Maignan,GK,5000000,3.6031,6.6363,joan_garcia__esp,Joan Garcia,GK,4000000,3.8393,8.3831,1000000,-0.2361,-1.7469,-0.2361,-1.7469,-0.5294,-0.1259,-0.1798,-0.02,"Selected GK spend vs cheaper same-position alternative. If marginal return is low, budget may be better used on FWD ceiling."
next_round,4-5-1,selected_MID_upgrade,marcel_sabitzer__aut,Marcel Sabitzer,MID,4500000,3.2005,7.6307,konrad_laimer__aut,Konrad Laimer,MID,3000000,2.704,7.0771,1500000,0.4966,0.5536,0.331,0.3691,0.1029,0.0253,0.0562,-0.0284,"Selected MID spend vs cheaper same-position alternative. If marginal return is low, budget may be better used on FWD ceiling."
next_round,4-5-1,selected_DEF_upgrade,stefan_posch__aut,Stefan Posch,DEF,3000000,2.71,5.9067,leo_ostigard__nor,Leo Østigård,DEF,2500000,2.1148,5.3368,500000,0.5952,0.5698,1.1904,1.1397,0.2837,-0.2108,0.3815,-0.0914,"Selected DEF spend vs cheaper same-position alternative. If marginal return is low, budget may be better used on FWD ceiling."
next_round,4-5-1,selected_MID_upgrade,antonio_nusa__nor,Antonio Nusa,MID,3500000,3.2544,7.5711,konrad_laimer__aut,Konrad Laimer,MID,3000000,2.704,7.0771,500000,0.5504,0.494,1.1007,0.988,-0.0261,0.8059,-0.2055,-0.0191,"Selected MID spend vs cheaper same-position alternative. If marginal return is low, budget may be better used on FWD ceiling."
next_round,4-5-1,selected_DEF_upgrade,nuno_mendes__por,Nuno Mendes,DEF,4500000,3.572,6.7829,nahuel_molina__arg,Nahuel Molina,DEF,4000000,3.5586,6.9782,500000,0.0134,-0.1954,0.0268,-0.3908,0.0732,0.2851,-0.4359,-0.0924,"Selected DEF spend vs cheaper same-position alternative. If marginal return is low, budget may be better used on FWD ceiling."
next_round,4-5-1,selected_MID_upgrade,kerem_akt_rko_lu__tur,Kerem Akturkoglu,MID,4500000,4.9593,10.0651,konrad_laimer__aut,Konrad Laimer,MID,3000000,2.704,7.0771,1500000,2.2553,2.988,1.5035,1.992,0.7218,1.7781,0.8822,0.0027,"Selected MID spend vs cheaper same-position alternative. If marginal return is low, budget may be better used on FWD ceiling."
next_round,4-5-1,selected_DEF_upgrade,david_m_ller_wolfe__nor,David Møller Wolfe,DEF,3000000,2.7742,6.5351,leo_ostigard__nor,Leo Østigård,DEF,2500000,2.1148,5.3368,500000,0.6594,1.1983,1.3188,2.3965,0.2989,0.1961,0.0761,0.05,"Selected DEF spend vs cheaper same-position alternative. If marginal return is low, budget may be better used on FWD ceiling."
next_round,5-3-2,position_marginal_GK,manuel_neuer__ger,Manuel Neuer,GK,5000000,3.7539,8.5188,david_cabezas__ecu,David Cabezas,GK,2500000,2.1052,4.6272,2500000,1.6487,3.8915,0.6595,1.5566,0.7688,-0.3204,0.4931,-0.0012,Best high-price GK vs best low-price GK; measures marginal return to spending extra budget at this position.
next_round,5-3-2,position_marginal_DEF,aymeric_laporte__esp,Aymeric Laporte,DEF,4500000,3.6961,7.6452,leo_ostigard__nor,Leo Østigård,DEF,2500000,2.1148,5.3368,2000000,1.5813,2.3084,0.7906,1.1542,0.4211,0.7984,0.4671,0.052,Best high-price DEF vs best low-price DEF; measures marginal return to spending extra budget at this position.
next_round,5-3-2,position_marginal_MID,kerem_akt_rko_lu__tur,Kerem Akturkoglu,MID,4500000,4.9593,10.0651,nicolas_seiwald__aut,Nicolas Seiwald,MID,2500000,2.3454,6.9564,2000000,2.6139,3.1087,1.3069,1.5544,0.643,1.7535,0.8387,-0.0593,Best high-price MID vs best low-price MID; measures marginal return to spending extra budget at this position.
next_round,5-3-2,position_marginal_FWD,lautaro_mart_nez__arg,Lautaro Martinez,FWD,8000000,5.2929,10.3489,patrick_agyemang__usa,Patrick Agyemang,FWD,3000000,3.7264,7.4739,5000000,1.5665,2.875,0.3133,0.575,0.4403,-0.0396,0.691,0.0488,Best high-price FWD vs best low-price FWD; measures marginal return to spending extra budget at this position.
next_round,5-3-2,premium_fwd_vs_cheap_fwd,kylian_mbapp__fra,Kylian Mbappe,FWD,10000000,4.7201,9.0159,marko_arnautovi__aut,Marko Arnautovic,FWD,4500000,4.1,9.6635,5500000,0.6201,-0.6476,0.1127,-0.1177,-0.5619,1.0657,-0.0188,-0.0108,Premium FWD vs cheaper FWD. Positive marginal values indicate the model already rewards premium attacking upside; negative values indicate the cheap/value FWD is ahead on current model output.
next_round,5-3-2,premium_fwd_vs_cheap_fwd,kylian_mbapp__fra,Kylian Mbappe,FWD,10000000,4.7201,9.0159,jonathan_david__can,Jonathan David,FWD,4500000,4.9596,9.6543,5500000,-0.2395,-0.6384,-0.0436,-0.1161,-0.4433,-0.8435,0.2089,-0.019,Premium FWD vs cheaper FWD. Positive marginal values indicate the model already rewards premium attacking upside; negative values indicate the cheap/value FWD is ahead on current model output.
next_round,5-3-2,premium_fwd_vs_cheap_fwd,kylian_mbapp__fra,Kylian Mbappe,FWD,10000000,4.7201,9.0159,breel_embolo__sui,Breel Embolo,FWD,5000000,4.0,7.52,5000000,0.7201,1.4958,0.144,0.2992,0.3752,0.3362,0.1196,-0.0073,Premium FWD vs cheaper FWD. Positive marginal values indicate the model already rewards premium attacking upside; negative values indicate the cheap/value FWD is ahead on current model output.
next_round,5-3-2,premium_fwd_vs_cheap_fwd,kylian_mbapp__fra,Kylian Mbappe,FWD,10000000,4.7201,9.0159,ra_l_jim_nez__mex,Raul Jimenez,FWD,4500000,4.2088,7.5112,5500000,0.5113,1.5046,0.093,0.2736,-0.093,0.2825,0.0979,0.1356,Premium FWD vs cheaper FWD. Positive marginal values indicate the model already rewards premium attacking upside; negative values indicate the cheap/value FWD is ahead on current model output.
next_round,5-3-2,premium_fwd_vs_cheap_fwd,harry_kane__eng,Harry Kane,FWD,9500000,4.3139,7.2511,marko_arnautovi__aut,Marko Arnautovic,FWD,4500000,4.1,9.6635,5000000,0.2139,-2.4124,0.0428,-0.4825,-1.0237,0.8132,-0.0293,-0.0512,Premium FWD vs cheaper FWD. Positive marginal values indicate the model already rewards premium attacking upside; negative values indicate the cheap/value FWD is ahead on current model output.
next_round,5-3-2,premium_fwd_vs_cheap_fwd,harry_kane__eng,Harry Kane,FWD,9500000,4.3139,7.2511,jonathan_david__can,Jonathan David,FWD,4500000,4.9596,9.6543,5000000,-0.6457,-2.4032,-0.1291,-0.4806,-0.9052,-1.096,0.1984,-0.0594,Premium FWD vs cheaper FWD. Positive marginal values indicate the model already rewards premium attacking upside; negative values indicate the cheap/value FWD is ahead on current model output.
next_round,5-3-2,premium_fwd_vs_cheap_fwd,harry_kane__eng,Harry Kane,FWD,9500000,4.3139,7.2511,breel_embolo__sui,Breel Embolo,FWD,5000000,4.0,7.52,4500000,0.3139,-0.2689,0.0698,-0.0598,-0.0867,0.0837,0.1091,-0.0477,Premium FWD vs cheaper FWD. Positive marginal values indicate the model already rewards premium attacking upside; negative values indicate the cheap/value FWD is ahead on current model output.
next_round,5-3-2,premium_fwd_vs_cheap_fwd,harry_kane__eng,Harry Kane,FWD,9500000,4.3139,7.2511,ra_l_jim_nez__mex,Raul Jimenez,FWD,4500000,4.2088,7.5112,5000000,0.1051,-0.2601,0.021,-0.052,-0.5549,0.03,0.0874,0.0952,Premium FWD vs cheaper FWD. Positive marginal values indicate the model already rewards premium attacking upside; negative values indicate the cheap/value FWD is ahead on current model output.
next_round,5-3-2,premium_fwd_vs_cheap_fwd,erling_haaland__nor,Erling Haaland,FWD,8500000,3.9175,7.8795,marko_arnautovi__aut,Marko Arnautovic,FWD,4500000,4.1,9.6635,4000000,-0.1825,-1.784,-0.0456,-0.446,-0.8247,0.4907,-0.5992,0.0082,Premium FWD vs cheaper FWD. Positive marginal values indicate the model already rewards premium attacking upside; negative values indicate the cheap/value FWD is ahead on current model output.
next_round,5-3-2,premium_fwd_vs_cheap_fwd,erling_haaland__nor,Erling Haaland,FWD,8500000,3.9175,7.8795,jonathan_david__can,Jonathan David,FWD,4500000,4.9596,9.6543,4000000,-1.0421,-1.7748,-0.2605,-0.4437,-0.7061,-1.4185,-0.3716,0.0,Premium FWD vs cheaper FWD. Positive marginal values indicate the model already rewards premium attacking upside; negative values indicate the cheap/value FWD is ahead on current model output.
next_round,5-3-2,premium_fwd_vs_cheap_fwd,erling_haaland__nor,Erling Haaland,FWD,8500000,3.9175,7.8795,breel_embolo__sui,Breel Embolo,FWD,5000000,4.0,7.52,3500000,-0.0825,0.3595,-0.0236,0.1027,0.1123,-0.2388,-0.4609,0.0117,Premium FWD vs cheaper FWD. Positive marginal values indicate the model already rewards premium attacking upside; negative values indicate the cheap/value FWD is ahead on current model output.
next_round,5-3-2,premium_fwd_vs_cheap_fwd,erling_haaland__nor,Erling Haaland,FWD,8500000,3.9175,7.8795,ra_l_jim_nez__mex,Raul Jimenez,FWD,4500000,4.2088,7.5112,4000000,-0.2913,0.3682,-0.0728,0.0921,-0.3559,-0.2925,-0.4826,0.1546,Premium FWD vs cheaper FWD. Positive marginal values indicate the model already rewards premium attacking upside; negative values indicate the cheap/value FWD is ahead on current model output.
next_round,5-3-2,selected_MID_upgrade,oscar_bobb__nor,Oscar Bobb,MID,3000000,3.4248,8.4201,nicolas_seiwald__aut,Nicolas Seiwald,MID,2500000,2.3454,6.9564,500000,1.0795,1.4637,2.1589,2.9274,0.2175,1.045,-0.0988,0.0,"Selected MID spend vs cheaper same-position alternative. If marginal return is low, budget may be better used on FWD ceiling."
next_round,5-3-2,selected_DEF_upgrade,alex_freeman__usa,Alex Freeman,DEF,2500000,2.5705,5.0758,ralph_priso__can,Ralph Priso,DEF,2000000,2.0606,4.4238,500000,0.5099,0.652,1.0197,1.3039,0.1949,-0.0623,0.156,-0.0533,"Selected DEF spend vs cheaper same-position alternative. If marginal return is low, budget may be better used on FWD ceiling."
next_round,5-3-2,selected_DEF_upgrade,r_ben_dias__por,Ruben Dias,DEF,4000000,3.2895,6.5335,ricardo_rodr_guez__sui,Ricardo Rodriguez,DEF,3000000,3.162,6.8039,1000000,0.1275,-0.2704,0.1275,-0.2704,-0.1363,0.0206,-0.1112,-0.0735,"Selected DEF spend vs cheaper same-position alternative. If marginal return is low, budget may be better used on FWD ceiling."
next_round,5-3-2,selected_GK_upgrade,mike_maignan__fra,Mike Maignan,GK,5000000,3.6031,6.6363,joan_garcia__esp,Joan Garcia,GK,4000000,3.8393,8.3831,1000000,-0.2361,-1.7469,-0.2361,-1.7469,-0.5294,-0.1259,-0.1798,-0.02,"Selected GK spend vs cheaper same-position alternative. If marginal return is low, budget may be better used on FWD ceiling."
next_round,5-3-2,selected_MID_upgrade,marcel_sabitzer__aut,Marcel Sabitzer,MID,4500000,3.2005,7.6307,antonio_nusa__nor,Antonio Nusa,MID,3500000,3.2544,7.5711,1000000,-0.0538,0.0596,-0.0538,0.0596,0.129,-0.7806,0.2617,-0.0093,"Selected MID spend vs cheaper same-position alternative. If marginal return is low, budget may be better used on FWD ceiling."
next_round,5-3-2,selected_DEF_upgrade,stefan_posch__aut,Stefan Posch,DEF,3000000,2.71,5.9067,leo_ostigard__nor,Leo Østigård,DEF,2500000,2.1148,5.3368,500000,0.5952,0.5698,1.1904,1.1397,0.2837,-0.2108,0.3815,-0.0914,"Selected DEF spend vs cheaper same-position alternative. If marginal return is low, budget may be better used on FWD ceiling."
next_round,5-3-2,selected_MID_upgrade,kerem_akt_rko_lu__tur,Kerem Akturkoglu,MID,4500000,4.9593,10.0651,antonio_nusa__nor,Antonio Nusa,MID,3500000,3.2544,7.5711,1000000,1.7049,2.494,1.7049,2.494,0.7479,0.9722,1.0878,0.0218,"Selected MID spend vs cheaper same-position alternative. If marginal return is low, budget may be better used on FWD ceiling."
next_round,5-3-2,selected_DEF_upgrade,nuno_mendes__por,Nuno Mendes,DEF,4500000,3.572,6.7829,nahuel_molina__arg,Nahuel Molina,DEF,4000000,3.5586,6.9782,500000,0.0134,-0.1954,0.0268,-0.3908,0.0732,0.2851,-0.4359,-0.0924,"Selected DEF spend vs cheaper same-position alternative. If marginal return is low, budget may be better used on FWD ceiling."
next_round,5-3-2,selected_DEF_upgrade,david_m_ller_wolfe__nor,David Møller Wolfe,DEF,3000000,2.7742,6.5351,leo_ostigard__nor,Leo Østigård,DEF,2500000,2.1148,5.3368,500000,0.6594,1.1983,1.3188,2.3965,0.2989,0.1961,0.0761,0.05,"Selected DEF spend vs cheaper same-position alternative. If marginal return is low, budget may be better used on FWD ceiling."
next_round,5-4-1,position_marginal_GK,manuel_neuer__ger,Manuel Neuer,GK,5000000,3.7539,8.5188,david_cabezas__ecu,David Cabezas,GK,2500000,2.1052,4.6272,2500000,1.6487,3.8915,0.6595,1.5566,0.7688,-0.3204,0.4931,-0.0012,Best high-price GK vs best low-price GK; measures marginal return to spending extra budget at this position.
next_round,5-4-1,position_marginal_DEF,aymeric_laporte__esp,Aymeric Laporte,DEF,4500000,3.6961,7.6452,leo_ostigard__nor,Leo Østigård,DEF,2500000,2.1148,5.3368,2000000,1.5813,2.3084,0.7906,1.1542,0.4211,0.7984,0.4671,0.052,Best high-price DEF vs best low-price DEF; measures marginal return to spending extra budget at this position.
next_round,5-4-1,position_marginal_MID,kerem_akt_rko_lu__tur,Kerem Akturkoglu,MID,4500000,4.9593,10.0651,nicolas_seiwald__aut,Nicolas Seiwald,MID,2500000,2.3454,6.9564,2000000,2.6139,3.1087,1.3069,1.5544,0.643,1.7535,0.8387,-0.0593,Best high-price MID vs best low-price MID; measures marginal return to spending extra budget at this position.
next_round,5-4-1,position_marginal_FWD,lautaro_mart_nez__arg,Lautaro Martinez,FWD,8000000,5.2929,10.3489,patrick_agyemang__usa,Patrick Agyemang,FWD,3000000,3.7264,7.4739,5000000,1.5665,2.875,0.3133,0.575,0.4403,-0.0396,0.691,0.0488,Best high-price FWD vs best low-price FWD; measures marginal return to spending extra budget at this position.
next_round,5-4-1,premium_fwd_vs_cheap_fwd,kylian_mbapp__fra,Kylian Mbappe,FWD,10000000,4.7201,9.0159,marko_arnautovi__aut,Marko Arnautovic,FWD,4500000,4.1,9.6635,5500000,0.6201,-0.6476,0.1127,-0.1177,-0.5619,1.0657,-0.0188,-0.0108,Premium FWD vs cheaper FWD. Positive marginal values indicate the model already rewards premium attacking upside; negative values indicate the cheap/value FWD is ahead on current model output.
next_round,5-4-1,premium_fwd_vs_cheap_fwd,kylian_mbapp__fra,Kylian Mbappe,FWD,10000000,4.7201,9.0159,jonathan_david__can,Jonathan David,FWD,4500000,4.9596,9.6543,5500000,-0.2395,-0.6384,-0.0436,-0.1161,-0.4433,-0.8435,0.2089,-0.019,Premium FWD vs cheaper FWD. Positive marginal values indicate the model already rewards premium attacking upside; negative values indicate the cheap/value FWD is ahead on current model output.
next_round,5-4-1,premium_fwd_vs_cheap_fwd,kylian_mbapp__fra,Kylian Mbappe,FWD,10000000,4.7201,9.0159,breel_embolo__sui,Breel Embolo,FWD,5000000,4.0,7.52,5000000,0.7201,1.4958,0.144,0.2992,0.3752,0.3362,0.1196,-0.0073,Premium FWD vs cheaper FWD. Positive marginal values indicate the model already rewards premium attacking upside; negative values indicate the cheap/value FWD is ahead on current model output.
next_round,5-4-1,premium_fwd_vs_cheap_fwd,kylian_mbapp__fra,Kylian Mbappe,FWD,10000000,4.7201,9.0159,ra_l_jim_nez__mex,Raul Jimenez,FWD,4500000,4.2088,7.5112,5500000,0.5113,1.5046,0.093,0.2736,-0.093,0.2825,0.0979,0.1356,Premium FWD vs cheaper FWD. Positive marginal values indicate the model already rewards premium attacking upside; negative values indicate the cheap/value FWD is ahead on current model output.
next_round,5-4-1,premium_fwd_vs_cheap_fwd,harry_kane__eng,Harry Kane,FWD,9500000,4.3139,7.2511,marko_arnautovi__aut,Marko Arnautovic,FWD,4500000,4.1,9.6635,5000000,0.2139,-2.4124,0.0428,-0.4825,-1.0237,0.8132,-0.0293,-0.0512,Premium FWD vs cheaper FWD. Positive marginal values indicate the model already rewards premium attacking upside; negative values indicate the cheap/value FWD is ahead on current model output.
next_round,5-4-1,premium_fwd_vs_cheap_fwd,harry_kane__eng,Harry Kane,FWD,9500000,4.3139,7.2511,jonathan_david__can,Jonathan David,FWD,4500000,4.9596,9.6543,5000000,-0.6457,-2.4032,-0.1291,-0.4806,-0.9052,-1.096,0.1984,-0.0594,Premium FWD vs cheaper FWD. Positive marginal values indicate the model already rewards premium attacking upside; negative values indicate the cheap/value FWD is ahead on current model output.
next_round,5-4-1,premium_fwd_vs_cheap_fwd,harry_kane__eng,Harry Kane,FWD,9500000,4.3139,7.2511,breel_embolo__sui,Breel Embolo,FWD,5000000,4.0,7.52,4500000,0.3139,-0.2689,0.0698,-0.0598,-0.0867,0.0837,0.1091,-0.0477,Premium FWD vs cheaper FWD. Positive marginal values indicate the model already rewards premium attacking upside; negative values indicate the cheap/value FWD is ahead on current model output.
next_round,5-4-1,premium_fwd_vs_cheap_fwd,harry_kane__eng,Harry Kane,FWD,9500000,4.3139,7.2511,ra_l_jim_nez__mex,Raul Jimenez,FWD,4500000,4.2088,7.5112,5000000,0.1051,-0.2601,0.021,-0.052,-0.5549,0.03,0.0874,0.0952,Premium FWD vs cheaper FWD. Positive marginal values indicate the model already rewards premium attacking upside; negative values indicate the cheap/value FWD is ahead on current model output.
next_round,5-4-1,premium_fwd_vs_cheap_fwd,erling_haaland__nor,Erling Haaland,FWD,8500000,3.9175,7.8795,marko_arnautovi__aut,Marko Arnautovic,FWD,4500000,4.1,9.6635,4000000,-0.1825,-1.784,-0.0456,-0.446,-0.8247,0.4907,-0.5992,0.0082,Premium FWD vs cheaper FWD. Positive marginal values indicate the model already rewards premium attacking upside; negative values indicate the cheap/value FWD is ahead on current model output.
next_round,5-4-1,premium_fwd_vs_cheap_fwd,erling_haaland__nor,Erling Haaland,FWD,8500000,3.9175,7.8795,jonathan_david__can,Jonathan David,FWD,4500000,4.9596,9.6543,4000000,-1.0421,-1.7748,-0.2605,-0.4437,-0.7061,-1.4185,-0.3716,0.0,Premium FWD vs cheaper FWD. Positive marginal values indicate the model already rewards premium attacking upside; negative values indicate the cheap/value FWD is ahead on current model output.
next_round,5-4-1,premium_fwd_vs_cheap_fwd,erling_haaland__nor,Erling Haaland,FWD,8500000,3.9175,7.8795,breel_embolo__sui,Breel Embolo,FWD,5000000,4.0,7.52,3500000,-0.0825,0.3595,-0.0236,0.1027,0.1123,-0.2388,-0.4609,0.0117,Premium FWD vs cheaper FWD. Positive marginal values indicate the model already rewards premium attacking upside; negative values indicate the cheap/value FWD is ahead on current model output.
next_round,5-4-1,premium_fwd_vs_cheap_fwd,erling_haaland__nor,Erling Haaland,FWD,8500000,3.9175,7.8795,ra_l_jim_nez__mex,Raul Jimenez,FWD,4500000,4.2088,7.5112,4000000,-0.2913,0.3682,-0.0728,0.0921,-0.3559,-0.2925,-0.4826,0.1546,Premium FWD vs cheaper FWD. Positive marginal values indicate the model already rewards premium attacking upside; negative values indicate the cheap/value FWD is ahead on current model output.
next_round,5-4-1,selected_MID_upgrade,bruno_fernandes__por,Bruno Fernandes,MID,7000000,3.3219,6.7889,antonio_nusa__nor,Antonio Nusa,MID,3500000,3.2544,7.5711,3500000,0.0675,-0.7822,0.0193,-0.2235,-0.3352,-0.04,0.0246,-0.0189,"Selected MID spend vs cheaper same-position alternative. If marginal return is low, budget may be better used on FWD ceiling."
next_round,5-4-1,selected_MID_upgrade,oscar_bobb__nor,Oscar Bobb,MID,3000000,3.4248,8.4201,nicolas_seiwald__aut,Nicolas Seiwald,MID,2500000,2.3454,6.9564,500000,1.0795,1.4637,2.1589,2.9274,0.2175,1.045,-0.0988,0.0,"Selected MID spend vs cheaper same-position alternative. If marginal return is low, budget may be better used on FWD ceiling."
next_round,5-4-1,selected_DEF_upgrade,r_ben_dias__por,Ruben Dias,DEF,4000000,3.2895,6.5335,ricardo_rodr_guez__sui,Ricardo Rodriguez,DEF,3000000,3.162,6.8039,1000000,0.1275,-0.2704,0.1275,-0.2704,-0.1363,0.0206,-0.1112,-0.0735,"Selected DEF spend vs cheaper same-position alternative. If marginal return is low, budget may be better used on FWD ceiling."
next_round,5-4-1,selected_GK_upgrade,mike_maignan__fra,Mike Maignan,GK,5000000,3.6031,6.6363,joan_garcia__esp,Joan Garcia,GK,4000000,3.8393,8.3831,1000000,-0.2361,-1.7469,-0.2361,-1.7469,-0.5294,-0.1259,-0.1798,-0.02,"Selected GK spend vs cheaper same-position alternative. If marginal return is low, budget may be better used on FWD ceiling."
next_round,5-4-1,selected_MID_upgrade,marcel_sabitzer__aut,Marcel Sabitzer,MID,4500000,3.2005,7.6307,antonio_nusa__nor,Antonio Nusa,MID,3500000,3.2544,7.5711,1000000,-0.0538,0.0596,-0.0538,0.0596,0.129,-0.7806,0.2617,-0.0093,"Selected MID spend vs cheaper same-position alternative. If marginal return is low, budget may be better used on FWD ceiling."
next_round,5-4-1,selected_DEF_upgrade,stefan_posch__aut,Stefan Posch,DEF,3000000,2.71,5.9067,leo_ostigard__nor,Leo Østigård,DEF,2500000,2.1148,5.3368,500000,0.5952,0.5698,1.1904,1.1397,0.2837,-0.2108,0.3815,-0.0914,"Selected DEF spend vs cheaper same-position alternative. If marginal return is low, budget may be better used on FWD ceiling."
next_round,5-4-1,selected_DEF_upgrade,max_arfsten__usa,Max Arfsten,DEF,3000000,3.1148,5.895,leo_ostigard__nor,Leo Østigård,DEF,2500000,2.1148,5.3368,500000,1.0,0.5582,2.0,1.1163,0.1806,0.6514,0.3585,0.0167,"Selected DEF spend vs cheaper same-position alternative. If marginal return is low, budget may be better used on FWD ceiling."
next_round,5-4-1,selected_MID_upgrade,kerem_akt_rko_lu__tur,Kerem Akturkoglu,MID,4500000,4.9593,10.0651,antonio_nusa__nor,Antonio Nusa,MID,3500000,3.2544,7.5711,1000000,1.7049,2.494,1.7049,2.494,0.7479,0.9722,1.0878,0.0218,"Selected MID spend vs cheaper same-position alternative. If marginal return is low, budget may be better used on FWD ceiling."
next_round,5-4-1,selected_DEF_upgrade,nuno_mendes__por,Nuno Mendes,DEF,4500000,3.572,6.7829,nahuel_molina__arg,Nahuel Molina,DEF,4000000,3.5586,6.9782,500000,0.0134,-0.1954,0.0268,-0.3908,0.0732,0.2851,-0.4359,-0.0924,"Selected DEF spend vs cheaper same-position alternative. If marginal return is low, budget may be better used on FWD ceiling."
next_round,5-4-1,selected_DEF_upgrade,david_m_ller_wolfe__nor,David Møller Wolfe,DEF,3000000,2.7742,6.5351,leo_ostigard__nor,Leo Østigård,DEF,2500000,2.1148,5.3368,500000,0.6594,1.1983,1.3188,2.3965,0.2989,0.1961,0.0761,0.05,"Selected DEF spend vs cheaper same-position alternative. If marginal return is low, budget may be better used on FWD ceiling."
round1_2,3-4-3,position_marginal_GK,joan_garcia__esp,Joan Garcia,GK,4000000,3.8393,10.3657,david_cabezas__ecu,David Cabezas,GK,2500000,2.1052,6.7679,1500000,1.7341,3.5978,1.1561,2.3985,0.6565,0.2906,0.5552,0.07,Best high-price GK vs best low-price GK; measures marginal return to spending extra budget at this position.
round1_2,3-4-3,position_marginal_DEF,aymeric_laporte__esp,Aymeric Laporte,DEF,4500000,3.6961,9.2522,alex_freeman__usa,Alex Freeman,DEF,2500000,2.5705,6.4505,2000000,1.1256,2.8017,0.5628,1.4008,0.3736,0.2977,0.1868,-0.0147,Best high-price DEF vs best low-price DEF; measures marginal return to spending extra budget at this position.
round1_2,3-4-3,position_marginal_MID,kerem_akt_rko_lu__tur,Kerem Akturkoglu,MID,4500000,4.9593,12.3789,roberto_alvarado__mex,Roberto Alvarado,MID,2500000,2.8946,7.6944,2000000,2.0647,4.6844,1.0324,2.3422,0.6497,0.8767,0.7103,0.1861,Best high-price MID vs best low-price MID; measures marginal return to spending extra budget at this position.
round1_2,3-4-3,position_marginal_FWD,jonathan_david__can,Jonathan David,FWD,4500000,4.9596,13.0242,patrick_agyemang__usa,Patrick Agyemang,FWD,3000000,3.7264,9.8122,1500000,1.2332,3.212,0.8221,2.1413,0.4548,0.716,-0.1041,0.1129,Best high-price FWD vs best low-price FWD; measures marginal return to spending extra budget at this position.
round1_2,3-4-3,premium_fwd_vs_cheap_fwd,kylian_mbapp__fra,Kylian Mbappe,FWD,10000000,4.7201,10.9618,jonathan_david__can,Jonathan David,FWD,4500000,4.9596,13.0242,5500000,-0.2395,-2.0623,-0.0436,-0.375,-0.4433,-0.8435,0.2089,-0.019,Premium FWD vs cheaper FWD. Positive marginal values indicate the model already rewards premium attacking upside; negative values indicate the cheap/value FWD is ahead on current model output.
round1_2,3-4-3,premium_fwd_vs_cheap_fwd,kylian_mbapp__fra,Kylian Mbappe,FWD,10000000,4.7201,10.9618,patrick_agyemang__usa,Patrick Agyemang,FWD,3000000,3.7264,9.8122,7000000,0.9937,1.1497,0.142,0.1642,0.0115,-0.1275,0.1048,0.0939,Premium FWD vs cheaper FWD. Positive marginal values indicate the model already rewards premium attacking upside; negative values indicate the cheap/value FWD is ahead on current model output.
round1_2,3-4-3,premium_fwd_vs_cheap_fwd,kylian_mbapp__fra,Kylian Mbappe,FWD,10000000,4.7201,10.9618,breel_embolo__sui,Breel Embolo,FWD,5000000,4.0,8.8776,5000000,0.7201,2.0843,0.144,0.4169,0.3752,0.3362,0.1196,-0.0073,Premium FWD vs cheaper FWD. Positive marginal values indicate the model already rewards premium attacking upside; negative values indicate the cheap/value FWD is ahead on current model output.
round1_2,3-4-3,premium_fwd_vs_cheap_fwd,kylian_mbapp__fra,Kylian Mbappe,FWD,10000000,4.7201,10.9618,marko_arnautovi__aut,Marko Arnautovic,FWD,4500000,4.1,8.7203,5500000,0.6201,2.2416,0.1127,0.4076,-0.5619,1.0657,-0.0188,-0.0108,Premium FWD vs cheaper FWD. Positive marginal values indicate the model already rewards premium attacking upside; negative values indicate the cheap/value FWD is ahead on current model output.
round1_2,3-4-3,premium_fwd_vs_cheap_fwd,harry_kane__eng,Harry Kane,FWD,9500000,4.3139,8.9936,jonathan_david__can,Jonathan David,FWD,4500000,4.9596,13.0242,5000000,-0.6457,-4.0306,-0.1291,-0.8061,-0.9052,-1.096,0.1984,-0.0594,Premium FWD vs cheaper FWD. Positive marginal values indicate the model already rewards premium attacking upside; negative values indicate the cheap/value FWD is ahead on current model output.
round1_2,3-4-3,premium_fwd_vs_cheap_fwd,harry_kane__eng,Harry Kane,FWD,9500000,4.3139,8.9936,patrick_agyemang__usa,Patrick Agyemang,FWD,3000000,3.7264,9.8122,6500000,0.5875,-0.8186,0.0904,-0.1259,-0.4503,-0.38,0.0943,0.0535,Premium FWD vs cheaper FWD. Positive marginal values indicate the model already rewards premium attacking upside; negative values indicate the cheap/value FWD is ahead on current model output.
round1_2,3-4-3,premium_fwd_vs_cheap_fwd,harry_kane__eng,Harry Kane,FWD,9500000,4.3139,8.9936,breel_embolo__sui,Breel Embolo,FWD,5000000,4.0,8.8776,4500000,0.3139,0.116,0.0698,0.0258,-0.0867,0.0837,0.1091,-0.0477,Premium FWD vs cheaper FWD. Positive marginal values indicate the model already rewards premium attacking upside; negative values indicate the cheap/value FWD is ahead on current model output.
round1_2,3-4-3,premium_fwd_vs_cheap_fwd,harry_kane__eng,Harry Kane,FWD,9500000,4.3139,8.9936,marko_arnautovi__aut,Marko Arnautovic,FWD,4500000,4.1,8.7203,5000000,0.2139,0.2733,0.0428,0.0547,-1.0237,0.8132,-0.0293,-0.0512,Premium FWD vs cheaper FWD. Positive marginal values indicate the model already rewards premium attacking upside; negative values indicate the cheap/value FWD is ahead on current model output.
round1_2,3-4-3,premium_fwd_vs_cheap_fwd,erling_haaland__nor,Erling Haaland,FWD,8500000,3.9175,8.402,jonathan_david__can,Jonathan David,FWD,4500000,4.9596,13.0242,4000000,-1.0421,-4.6222,-0.2605,-1.1555,-0.7061,-1.4185,-0.3716,0.0,Premium FWD vs cheaper FWD. Positive marginal values indicate the model already rewards premium attacking upside; negative values indicate the cheap/value FWD is ahead on current model output.
round1_2,3-4-3,premium_fwd_vs_cheap_fwd,erling_haaland__nor,Erling Haaland,FWD,8500000,3.9175,8.402,patrick_agyemang__usa,Patrick Agyemang,FWD,3000000,3.7264,9.8122,5500000,0.1911,-1.4102,0.0347,-0.2564,-0.2513,-0.7024,-0.4757,0.1129,Premium FWD vs cheaper FWD. Positive marginal values indicate the model already rewards premium attacking upside; negative values indicate the cheap/value FWD is ahead on current model output.
round1_2,3-4-3,premium_fwd_vs_cheap_fwd,erling_haaland__nor,Erling Haaland,FWD,8500000,3.9175,8.402,breel_embolo__sui,Breel Embolo,FWD,5000000,4.0,8.8776,3500000,-0.0825,-0.4756,-0.0236,-0.1359,0.1123,-0.2388,-0.4609,0.0117,Premium FWD vs cheaper FWD. Positive marginal values indicate the model already rewards premium attacking upside; negative values indicate the cheap/value FWD is ahead on current model output.
round1_2,3-4-3,premium_fwd_vs_cheap_fwd,erling_haaland__nor,Erling Haaland,FWD,8500000,3.9175,8.402,marko_arnautovi__aut,Marko Arnautovic,FWD,4500000,4.1,8.7203,4000000,-0.1825,-0.3183,-0.0456,-0.0796,-0.8247,0.4907,-0.5992,0.0082,Premium FWD vs cheaper FWD. Positive marginal values indicate the model already rewards premium attacking upside; negative values indicate the cheap/value FWD is ahead on current model output.
round1_2,3-4-3,selected_MID_upgrade,oscar_bobb__nor,Oscar Bobb,MID,3000000,3.4248,9.5493,roberto_alvarado__mex,Roberto Alvarado,MID,2500000,2.8946,7.6944,500000,0.5303,1.8548,1.0606,3.7096,0.2242,0.1682,-0.2272,0.2454,"Selected MID spend vs cheaper same-position alternative. If marginal return is low, budget may be better used on FWD ceiling."
round1_2,3-4-3,selected_DEF_upgrade,alex_freeman__usa,Alex Freeman,DEF,2500000,2.5705,6.4505,ralph_priso__can,Ralph Priso,DEF,2000000,2.0606,6.2257,500000,0.5099,0.2248,1.0197,0.4497,0.1949,-0.0623,0.156,-0.0533,"Selected DEF spend vs cheaper same-position alternative. If marginal return is low, budget may be better used on FWD ceiling."
round1_2,3-4-3,selected_DEF_upgrade,r_ben_dias__por,Ruben Dias,DEF,4000000,3.2895,7.7341,richie_laryea__can,Richie Laryea,DEF,3000000,3.2087,8.2581,1000000,0.0808,-0.524,0.0808,-0.524,0.0109,-0.4286,0.1058,-0.078,"Selected DEF spend vs cheaper same-position alternative. If marginal return is low, budget may be better used on FWD ceiling."
round1_2,3-4-3,selected_GK_upgrade,mike_maignan__fra,Mike Maignan,GK,5000000,3.6031,8.6889,joan_garcia__esp,Joan Garcia,GK,4000000,3.8393,10.3657,1000000,-0.2361,-1.6768,-0.2361,-1.6768,-0.5294,-0.1259,-0.1798,-0.02,"Selected GK spend vs cheaper same-position alternative. If marginal return is low, budget may be better used on FWD ceiling."
round1_2,3-4-3,selected_MID_upgrade,antonio_nusa__nor,Antonio Nusa,MID,3500000,3.2544,8.3459,roberto_alvarado__mex,Roberto Alvarado,MID,2500000,2.8946,7.6944,1000000,0.3598,0.6515,0.3598,0.6515,-0.0982,-0.0955,-0.3775,0.1643,"Selected MID spend vs cheaper same-position alternative. If marginal return is low, budget may be better used on FWD ceiling."
round1_2,3-4-3,selected_MID_upgrade,kerem_akt_rko_lu__tur,Kerem Akturkoglu,MID,4500000,4.9593,12.3789,james_rodr_guez__col,James Rodriguez,MID,4000000,3.1322,7.8168,500000,1.827,4.5621,3.6541,9.1242,1.1243,0.9512,1.1322,-0.0593,"Selected MID spend vs cheaper same-position alternative. If marginal return is low, budget may be better used on FWD ceiling."
round1_2,3-4-3,selected_MID_upgrade,tajon_buchanan__can,Tajon Buchanan,MID,3500000,3.5047,9.3333,roberto_alvarado__mex,Roberto Alvarado,MID,2500000,2.8946,7.6944,1000000,0.6102,1.6388,0.6102,1.6388,-0.2076,0.4582,-0.3665,0.2454,"Selected MID spend vs cheaper same-position alternative. If marginal return is low, budget may be better used on FWD ceiling."
round1_2,3-4-3,selected_DEF_upgrade,nuno_mendes__por,Nuno Mendes,DEF,4500000,3.572,8.1805,richie_laryea__can,Richie Laryea,DEF,3000000,3.2087,8.2581,1500000,0.3633,-0.0776,0.2422,-0.0517,0.178,-0.2648,0.1867,-0.0855,"Selected DEF spend vs cheaper same-position alternative. If marginal return is low, budget may be better used on FWD ceiling."
round1_2,3-5-2,position_marginal_GK,joan_garcia__esp,Joan Garcia,GK,4000000,3.8393,10.3657,david_cabezas__ecu,David Cabezas,GK,2500000,2.1052,6.7679,1500000,1.7341,3.5978,1.1561,2.3985,0.6565,0.2906,0.5552,0.07,Best high-price GK vs best low-price GK; measures marginal return to spending extra budget at this position.
round1_2,3-5-2,position_marginal_DEF,aymeric_laporte__esp,Aymeric Laporte,DEF,4500000,3.6961,9.2522,alex_freeman__usa,Alex Freeman,DEF,2500000,2.5705,6.4505,2000000,1.1256,2.8017,0.5628,1.4008,0.3736,0.2977,0.1868,-0.0147,Best high-price DEF vs best low-price DEF; measures marginal return to spending extra budget at this position.
round1_2,3-5-2,position_marginal_MID,kerem_akt_rko_lu__tur,Kerem Akturkoglu,MID,4500000,4.9593,12.3789,roberto_alvarado__mex,Roberto Alvarado,MID,2500000,2.8946,7.6944,2000000,2.0647,4.6844,1.0324,2.3422,0.6497,0.8767,0.7103,0.1861,Best high-price MID vs best low-price MID; measures marginal return to spending extra budget at this position.
round1_2,3-5-2,position_marginal_FWD,jonathan_david__can,Jonathan David,FWD,4500000,4.9596,13.0242,patrick_agyemang__usa,Patrick Agyemang,FWD,3000000,3.7264,9.8122,1500000,1.2332,3.212,0.8221,2.1413,0.4548,0.716,-0.1041,0.1129,Best high-price FWD vs best low-price FWD; measures marginal return to spending extra budget at this position.
round1_2,3-5-2,premium_fwd_vs_cheap_fwd,kylian_mbapp__fra,Kylian Mbappe,FWD,10000000,4.7201,10.9618,jonathan_david__can,Jonathan David,FWD,4500000,4.9596,13.0242,5500000,-0.2395,-2.0623,-0.0436,-0.375,-0.4433,-0.8435,0.2089,-0.019,Premium FWD vs cheaper FWD. Positive marginal values indicate the model already rewards premium attacking upside; negative values indicate the cheap/value FWD is ahead on current model output.
round1_2,3-5-2,premium_fwd_vs_cheap_fwd,kylian_mbapp__fra,Kylian Mbappe,FWD,10000000,4.7201,10.9618,patrick_agyemang__usa,Patrick Agyemang,FWD,3000000,3.7264,9.8122,7000000,0.9937,1.1497,0.142,0.1642,0.0115,-0.1275,0.1048,0.0939,Premium FWD vs cheaper FWD. Positive marginal values indicate the model already rewards premium attacking upside; negative values indicate the cheap/value FWD is ahead on current model output.
round1_2,3-5-2,premium_fwd_vs_cheap_fwd,kylian_mbapp__fra,Kylian Mbappe,FWD,10000000,4.7201,10.9618,breel_embolo__sui,Breel Embolo,FWD,5000000,4.0,8.8776,5000000,0.7201,2.0843,0.144,0.4169,0.3752,0.3362,0.1196,-0.0073,Premium FWD vs cheaper FWD. Positive marginal values indicate the model already rewards premium attacking upside; negative values indicate the cheap/value FWD is ahead on current model output.
round1_2,3-5-2,premium_fwd_vs_cheap_fwd,kylian_mbapp__fra,Kylian Mbappe,FWD,10000000,4.7201,10.9618,marko_arnautovi__aut,Marko Arnautovic,FWD,4500000,4.1,8.7203,5500000,0.6201,2.2416,0.1127,0.4076,-0.5619,1.0657,-0.0188,-0.0108,Premium FWD vs cheaper FWD. Positive marginal values indicate the model already rewards premium attacking upside; negative values indicate the cheap/value FWD is ahead on current model output.
round1_2,3-5-2,premium_fwd_vs_cheap_fwd,harry_kane__eng,Harry Kane,FWD,9500000,4.3139,8.9936,jonathan_david__can,Jonathan David,FWD,4500000,4.9596,13.0242,5000000,-0.6457,-4.0306,-0.1291,-0.8061,-0.9052,-1.096,0.1984,-0.0594,Premium FWD vs cheaper FWD. Positive marginal values indicate the model already rewards premium attacking upside; negative values indicate the cheap/value FWD is ahead on current model output.
round1_2,3-5-2,premium_fwd_vs_cheap_fwd,harry_kane__eng,Harry Kane,FWD,9500000,4.3139,8.9936,patrick_agyemang__usa,Patrick Agyemang,FWD,3000000,3.7264,9.8122,6500000,0.5875,-0.8186,0.0904,-0.1259,-0.4503,-0.38,0.0943,0.0535,Premium FWD vs cheaper FWD. Positive marginal values indicate the model already rewards premium attacking upside; negative values indicate the cheap/value FWD is ahead on current model output.
round1_2,3-5-2,premium_fwd_vs_cheap_fwd,harry_kane__eng,Harry Kane,FWD,9500000,4.3139,8.9936,breel_embolo__sui,Breel Embolo,FWD,5000000,4.0,8.8776,4500000,0.3139,0.116,0.0698,0.0258,-0.0867,0.0837,0.1091,-0.0477,Premium FWD vs cheaper FWD. Positive marginal values indicate the model already rewards premium attacking upside; negative values indicate the cheap/value FWD is ahead on current model output.
round1_2,3-5-2,premium_fwd_vs_cheap_fwd,harry_kane__eng,Harry Kane,FWD,9500000,4.3139,8.9936,marko_arnautovi__aut,Marko Arnautovic,FWD,4500000,4.1,8.7203,5000000,0.2139,0.2733,0.0428,0.0547,-1.0237,0.8132,-0.0293,-0.0512,Premium FWD vs cheaper FWD. Positive marginal values indicate the model already rewards premium attacking upside; negative values indicate the cheap/value FWD is ahead on current model output.
round1_2,3-5-2,premium_fwd_vs_cheap_fwd,erling_haaland__nor,Erling Haaland,FWD,8500000,3.9175,8.402,jonathan_david__can,Jonathan David,FWD,4500000,4.9596,13.0242,4000000,-1.0421,-4.6222,-0.2605,-1.1555,-0.7061,-1.4185,-0.3716,0.0,Premium FWD vs cheaper FWD. Positive marginal values indicate the model already rewards premium attacking upside; negative values indicate the cheap/value FWD is ahead on current model output.
round1_2,3-5-2,premium_fwd_vs_cheap_fwd,erling_haaland__nor,Erling Haaland,FWD,8500000,3.9175,8.402,patrick_agyemang__usa,Patrick Agyemang,FWD,3000000,3.7264,9.8122,5500000,0.1911,-1.4102,0.0347,-0.2564,-0.2513,-0.7024,-0.4757,0.1129,Premium FWD vs cheaper FWD. Positive marginal values indicate the model already rewards premium attacking upside; negative values indicate the cheap/value FWD is ahead on current model output.
round1_2,3-5-2,premium_fwd_vs_cheap_fwd,erling_haaland__nor,Erling Haaland,FWD,8500000,3.9175,8.402,breel_embolo__sui,Breel Embolo,FWD,5000000,4.0,8.8776,3500000,-0.0825,-0.4756,-0.0236,-0.1359,0.1123,-0.2388,-0.4609,0.0117,Premium FWD vs cheaper FWD. Positive marginal values indicate the model already rewards premium attacking upside; negative values indicate the cheap/value FWD is ahead on current model output.
round1_2,3-5-2,premium_fwd_vs_cheap_fwd,erling_haaland__nor,Erling Haaland,FWD,8500000,3.9175,8.402,marko_arnautovi__aut,Marko Arnautovic,FWD,4500000,4.1,8.7203,4000000,-0.1825,-0.3183,-0.0456,-0.0796,-0.8247,0.4907,-0.5992,0.0082,Premium FWD vs cheaper FWD. Positive marginal values indicate the model already rewards premium attacking upside; negative values indicate the cheap/value FWD is ahead on current model output.
round1_2,3-5-2,selected_MID_upgrade,bruno_fernandes__por,Bruno Fernandes,MID,7000000,3.3219,8.0625,arda_g_ler__tur,Arda Güler,MID,4500000,3.6502,8.2736,2500000,-0.3283,-0.2111,-0.1313,-0.0844,-0.2115,-0.1723,-0.3944,-0.0391,"Selected MID spend vs cheaper same-position alternative. If marginal return is low, budget may be better used on FWD ceiling."
round1_2,3-5-2,selected_MID_upgrade,oscar_bobb__nor,Oscar Bobb,MID,3000000,3.4248,9.5493,roberto_alvarado__mex,Roberto Alvarado,MID,2500000,2.8946,7.6944,500000,0.5303,1.8548,1.0606,3.7096,0.2242,0.1682,-0.2272,0.2454,"Selected MID spend vs cheaper same-position alternative. If marginal return is low, budget may be better used on FWD ceiling."
round1_2,3-5-2,selected_DEF_upgrade,alex_freeman__usa,Alex Freeman,DEF,2500000,2.5705,6.4505,ralph_priso__can,Ralph Priso,DEF,2000000,2.0606,6.2257,500000,0.5099,0.2248,1.0197,0.4497,0.1949,-0.0623,0.156,-0.0533,"Selected DEF spend vs cheaper same-position alternative. If marginal return is low, budget may be better used on FWD ceiling."
round1_2,3-5-2,selected_DEF_upgrade,r_ben_dias__por,Ruben Dias,DEF,4000000,3.2895,7.7341,richie_laryea__can,Richie Laryea,DEF,3000000,3.2087,8.2581,1000000,0.0808,-0.524,0.0808,-0.524,0.0109,-0.4286,0.1058,-0.078,"Selected DEF spend vs cheaper same-position alternative. If marginal return is low, budget may be better used on FWD ceiling."
round1_2,3-5-2,selected_GK_upgrade,mike_maignan__fra,Mike Maignan,GK,5000000,3.6031,8.6889,joan_garcia__esp,Joan Garcia,GK,4000000,3.8393,10.3657,1000000,-0.2361,-1.6768,-0.2361,-1.6768,-0.5294,-0.1259,-0.1798,-0.02,"Selected GK spend vs cheaper same-position alternative. If marginal return is low, budget may be better used on FWD ceiling."
round1_2,3-5-2,selected_MID_upgrade,antonio_nusa__nor,Antonio Nusa,MID,3500000,3.2544,8.3459,roberto_alvarado__mex,Roberto Alvarado,MID,2500000,2.8946,7.6944,1000000,0.3598,0.6515,0.3598,0.6515,-0.0982,-0.0955,-0.3775,0.1643,"Selected MID spend vs cheaper same-position alternative. If marginal return is low, budget may be better used on FWD ceiling."
round1_2,3-5-2,selected_MID_upgrade,kerem_akt_rko_lu__tur,Kerem Akturkoglu,MID,4500000,4.9593,12.3789,james_rodr_guez__col,James Rodriguez,MID,4000000,3.1322,7.8168,500000,1.827,4.5621,3.6541,9.1242,1.1243,0.9512,1.1322,-0.0593,"Selected MID spend vs cheaper same-position alternative. If marginal return is low, budget may be better used on FWD ceiling."
round1_2,3-5-2,selected_MID_upgrade,tajon_buchanan__can,Tajon Buchanan,MID,3500000,3.5047,9.3333,roberto_alvarado__mex,Roberto Alvarado,MID,2500000,2.8946,7.6944,1000000,0.6102,1.6388,0.6102,1.6388,-0.2076,0.4582,-0.3665,0.2454,"Selected MID spend vs cheaper same-position alternative. If marginal return is low, budget may be better used on FWD ceiling."
round1_2,3-5-2,selected_DEF_upgrade,nuno_mendes__por,Nuno Mendes,DEF,4500000,3.572,8.1805,richie_laryea__can,Richie Laryea,DEF,3000000,3.2087,8.2581,1500000,0.3633,-0.0776,0.2422,-0.0517,0.178,-0.2648,0.1867,-0.0855,"Selected DEF spend vs cheaper same-position alternative. If marginal return is low, budget may be better used on FWD ceiling."
round1_2,3-5-2,two_player_swap_premium_fwd_plus_cheaper_mid_def_gk,harry_kane__eng,Harry Kane,FWD,9500000,4.3139,8.9936,jonathan_david__can,Jonathan David,FWD,4500000,4.9596,13.0242,5000000,-0.6457,-4.0306,-0.1291,-0.8061,-0.9052,-1.096,0.1984,-0.0594,Two-player swap possible by downgrading Bruno Fernandes to Kaan Ayhan; net_strategy_score=-8.116.
round1_2,3-5-2,two_player_swap_premium_fwd_plus_cheaper_mid_def_gk,erling_haaland__nor,Erling Haaland,FWD,8500000,3.9175,8.402,jonathan_david__can,Jonathan David,FWD,4500000,4.9596,13.0242,4000000,-1.0421,-4.6222,-0.2605,-1.1555,-0.7061,-1.4185,-0.3716,0.0,Two-player swap possible by downgrading Bruno Fernandes to Roberto Alvarado; net_strategy_score=-4.990.
round1_2,4-3-3,position_marginal_GK,joan_garcia__esp,Joan Garcia,GK,4000000,3.8393,10.3657,david_cabezas__ecu,David Cabezas,GK,2500000,2.1052,6.7679,1500000,1.7341,3.5978,1.1561,2.3985,0.6565,0.2906,0.5552,0.07,Best high-price GK vs best low-price GK; measures marginal return to spending extra budget at this position.
round1_2,4-3-3,position_marginal_DEF,aymeric_laporte__esp,Aymeric Laporte,DEF,4500000,3.6961,9.2522,alex_freeman__usa,Alex Freeman,DEF,2500000,2.5705,6.4505,2000000,1.1256,2.8017,0.5628,1.4008,0.3736,0.2977,0.1868,-0.0147,Best high-price DEF vs best low-price DEF; measures marginal return to spending extra budget at this position.
round1_2,4-3-3,position_marginal_MID,kerem_akt_rko_lu__tur,Kerem Akturkoglu,MID,4500000,4.9593,12.3789,roberto_alvarado__mex,Roberto Alvarado,MID,2500000,2.8946,7.6944,2000000,2.0647,4.6844,1.0324,2.3422,0.6497,0.8767,0.7103,0.1861,Best high-price MID vs best low-price MID; measures marginal return to spending extra budget at this position.
round1_2,4-3-3,position_marginal_FWD,jonathan_david__can,Jonathan David,FWD,4500000,4.9596,13.0242,patrick_agyemang__usa,Patrick Agyemang,FWD,3000000,3.7264,9.8122,1500000,1.2332,3.212,0.8221,2.1413,0.4548,0.716,-0.1041,0.1129,Best high-price FWD vs best low-price FWD; measures marginal return to spending extra budget at this position.
round1_2,4-3-3,premium_fwd_vs_cheap_fwd,kylian_mbapp__fra,Kylian Mbappe,FWD,10000000,4.7201,10.9618,jonathan_david__can,Jonathan David,FWD,4500000,4.9596,13.0242,5500000,-0.2395,-2.0623,-0.0436,-0.375,-0.4433,-0.8435,0.2089,-0.019,Premium FWD vs cheaper FWD. Positive marginal values indicate the model already rewards premium attacking upside; negative values indicate the cheap/value FWD is ahead on current model output.
round1_2,4-3-3,premium_fwd_vs_cheap_fwd,kylian_mbapp__fra,Kylian Mbappe,FWD,10000000,4.7201,10.9618,patrick_agyemang__usa,Patrick Agyemang,FWD,3000000,3.7264,9.8122,7000000,0.9937,1.1497,0.142,0.1642,0.0115,-0.1275,0.1048,0.0939,Premium FWD vs cheaper FWD. Positive marginal values indicate the model already rewards premium attacking upside; negative values indicate the cheap/value FWD is ahead on current model output.
round1_2,4-3-3,premium_fwd_vs_cheap_fwd,kylian_mbapp__fra,Kylian Mbappe,FWD,10000000,4.7201,10.9618,breel_embolo__sui,Breel Embolo,FWD,5000000,4.0,8.8776,5000000,0.7201,2.0843,0.144,0.4169,0.3752,0.3362,0.1196,-0.0073,Premium FWD vs cheaper FWD. Positive marginal values indicate the model already rewards premium attacking upside; negative values indicate the cheap/value FWD is ahead on current model output.
round1_2,4-3-3,premium_fwd_vs_cheap_fwd,kylian_mbapp__fra,Kylian Mbappe,FWD,10000000,4.7201,10.9618,marko_arnautovi__aut,Marko Arnautovic,FWD,4500000,4.1,8.7203,5500000,0.6201,2.2416,0.1127,0.4076,-0.5619,1.0657,-0.0188,-0.0108,Premium FWD vs cheaper FWD. Positive marginal values indicate the model already rewards premium attacking upside; negative values indicate the cheap/value FWD is ahead on current model output.
round1_2,4-3-3,premium_fwd_vs_cheap_fwd,harry_kane__eng,Harry Kane,FWD,9500000,4.3139,8.9936,jonathan_david__can,Jonathan David,FWD,4500000,4.9596,13.0242,5000000,-0.6457,-4.0306,-0.1291,-0.8061,-0.9052,-1.096,0.1984,-0.0594,Premium FWD vs cheaper FWD. Positive marginal values indicate the model already rewards premium attacking upside; negative values indicate the cheap/value FWD is ahead on current model output.
round1_2,4-3-3,premium_fwd_vs_cheap_fwd,harry_kane__eng,Harry Kane,FWD,9500000,4.3139,8.9936,patrick_agyemang__usa,Patrick Agyemang,FWD,3000000,3.7264,9.8122,6500000,0.5875,-0.8186,0.0904,-0.1259,-0.4503,-0.38,0.0943,0.0535,Premium FWD vs cheaper FWD. Positive marginal values indicate the model already rewards premium attacking upside; negative values indicate the cheap/value FWD is ahead on current model output.
round1_2,4-3-3,premium_fwd_vs_cheap_fwd,harry_kane__eng,Harry Kane,FWD,9500000,4.3139,8.9936,breel_embolo__sui,Breel Embolo,FWD,5000000,4.0,8.8776,4500000,0.3139,0.116,0.0698,0.0258,-0.0867,0.0837,0.1091,-0.0477,Premium FWD vs cheaper FWD. Positive marginal values indicate the model already rewards premium attacking upside; negative values indicate the cheap/value FWD is ahead on current model output.
round1_2,4-3-3,premium_fwd_vs_cheap_fwd,harry_kane__eng,Harry Kane,FWD,9500000,4.3139,8.9936,marko_arnautovi__aut,Marko Arnautovic,FWD,4500000,4.1,8.7203,5000000,0.2139,0.2733,0.0428,0.0547,-1.0237,0.8132,-0.0293,-0.0512,Premium FWD vs cheaper FWD. Positive marginal values indicate the model already rewards premium attacking upside; negative values indicate the cheap/value FWD is ahead on current model output.
round1_2,4-3-3,premium_fwd_vs_cheap_fwd,erling_haaland__nor,Erling Haaland,FWD,8500000,3.9175,8.402,jonathan_david__can,Jonathan David,FWD,4500000,4.9596,13.0242,4000000,-1.0421,-4.6222,-0.2605,-1.1555,-0.7061,-1.4185,-0.3716,0.0,Premium FWD vs cheaper FWD. Positive marginal values indicate the model already rewards premium attacking upside; negative values indicate the cheap/value FWD is ahead on current model output.
round1_2,4-3-3,premium_fwd_vs_cheap_fwd,erling_haaland__nor,Erling Haaland,FWD,8500000,3.9175,8.402,patrick_agyemang__usa,Patrick Agyemang,FWD,3000000,3.7264,9.8122,5500000,0.1911,-1.4102,0.0347,-0.2564,-0.2513,-0.7024,-0.4757,0.1129,Premium FWD vs cheaper FWD. Positive marginal values indicate the model already rewards premium attacking upside; negative values indicate the cheap/value FWD is ahead on current model output.
round1_2,4-3-3,premium_fwd_vs_cheap_fwd,erling_haaland__nor,Erling Haaland,FWD,8500000,3.9175,8.402,breel_embolo__sui,Breel Embolo,FWD,5000000,4.0,8.8776,3500000,-0.0825,-0.4756,-0.0236,-0.1359,0.1123,-0.2388,-0.4609,0.0117,Premium FWD vs cheaper FWD. Positive marginal values indicate the model already rewards premium attacking upside; negative values indicate the cheap/value FWD is ahead on current model output.
round1_2,4-3-3,premium_fwd_vs_cheap_fwd,erling_haaland__nor,Erling Haaland,FWD,8500000,3.9175,8.402,marko_arnautovi__aut,Marko Arnautovic,FWD,4500000,4.1,8.7203,4000000,-0.1825,-0.3183,-0.0456,-0.0796,-0.8247,0.4907,-0.5992,0.0082,Premium FWD vs cheaper FWD. Positive marginal values indicate the model already rewards premium attacking upside; negative values indicate the cheap/value FWD is ahead on current model output.
round1_2,4-3-3,selected_MID_upgrade,oscar_bobb__nor,Oscar Bobb,MID,3000000,3.4248,9.5493,roberto_alvarado__mex,Roberto Alvarado,MID,2500000,2.8946,7.6944,500000,0.5303,1.8548,1.0606,3.7096,0.2242,0.1682,-0.2272,0.2454,"Selected MID spend vs cheaper same-position alternative. If marginal return is low, budget may be better used on FWD ceiling."
round1_2,4-3-3,selected_DEF_upgrade,alex_freeman__usa,Alex Freeman,DEF,2500000,2.5705,6.4505,ralph_priso__can,Ralph Priso,DEF,2000000,2.0606,6.2257,500000,0.5099,0.2248,1.0197,0.4497,0.1949,-0.0623,0.156,-0.0533,"Selected DEF spend vs cheaper same-position alternative. If marginal return is low, budget may be better used on FWD ceiling."
round1_2,4-3-3,selected_DEF_upgrade,r_ben_dias__por,Ruben Dias,DEF,4000000,3.2895,7.7341,richie_laryea__can,Richie Laryea,DEF,3000000,3.2087,8.2581,1000000,0.0808,-0.524,0.0808,-0.524,0.0109,-0.4286,0.1058,-0.078,"Selected DEF spend vs cheaper same-position alternative. If marginal return is low, budget may be better used on FWD ceiling."
round1_2,4-3-3,selected_GK_upgrade,mike_maignan__fra,Mike Maignan,GK,5000000,3.6031,8.6889,joan_garcia__esp,Joan Garcia,GK,4000000,3.8393,10.3657,1000000,-0.2361,-1.6768,-0.2361,-1.6768,-0.5294,-0.1259,-0.1798,-0.02,"Selected GK spend vs cheaper same-position alternative. If marginal return is low, budget may be better used on FWD ceiling."
round1_2,4-3-3,selected_DEF_upgrade,max_arfsten__usa,Max Arfsten,DEF,3000000,3.1148,7.3906,ralph_priso__can,Ralph Priso,DEF,2000000,2.0606,6.2257,1000000,1.0542,1.1649,1.0542,1.1649,0.328,0.0884,0.2342,-0.1033,"Selected DEF spend vs cheaper same-position alternative. If marginal return is low, budget may be better used on FWD ceiling."
round1_2,4-3-3,selected_MID_upgrade,kerem_akt_rko_lu__tur,Kerem Akturkoglu,MID,4500000,4.9593,12.3789,antonio_nusa__nor,Antonio Nusa,MID,3500000,3.2544,8.3459,1000000,1.7049,4.033,1.7049,4.033,0.7479,0.9722,1.0878,0.0218,"Selected MID spend vs cheaper same-position alternative. If marginal return is low, budget may be better used on FWD ceiling."
round1_2,4-3-3,selected_MID_upgrade,tajon_buchanan__can,Tajon Buchanan,MID,3500000,3.5047,9.3333,roberto_alvarado__mex,Roberto Alvarado,MID,2500000,2.8946,7.6944,1000000,0.6102,1.6388,0.6102,1.6388,-0.2076,0.4582,-0.3665,0.2454,"Selected MID spend vs cheaper same-position alternative. If marginal return is low, budget may be better used on FWD ceiling."
round1_2,4-3-3,selected_DEF_upgrade,nuno_mendes__por,Nuno Mendes,DEF,4500000,3.572,8.1805,richie_laryea__can,Richie Laryea,DEF,3000000,3.2087,8.2581,1500000,0.3633,-0.0776,0.2422,-0.0517,0.178,-0.2648,0.1867,-0.0855,"Selected DEF spend vs cheaper same-position alternative. If marginal return is low, budget may be better used on FWD ceiling."
round1_2,4-4-2,position_marginal_GK,joan_garcia__esp,Joan Garcia,GK,4000000,3.8393,10.3657,david_cabezas__ecu,David Cabezas,GK,2500000,2.1052,6.7679,1500000,1.7341,3.5978,1.1561,2.3985,0.6565,0.2906,0.5552,0.07,Best high-price GK vs best low-price GK; measures marginal return to spending extra budget at this position.
round1_2,4-4-2,position_marginal_DEF,aymeric_laporte__esp,Aymeric Laporte,DEF,4500000,3.6961,9.2522,alex_freeman__usa,Alex Freeman,DEF,2500000,2.5705,6.4505,2000000,1.1256,2.8017,0.5628,1.4008,0.3736,0.2977,0.1868,-0.0147,Best high-price DEF vs best low-price DEF; measures marginal return to spending extra budget at this position.
round1_2,4-4-2,position_marginal_MID,kerem_akt_rko_lu__tur,Kerem Akturkoglu,MID,4500000,4.9593,12.3789,roberto_alvarado__mex,Roberto Alvarado,MID,2500000,2.8946,7.6944,2000000,2.0647,4.6844,1.0324,2.3422,0.6497,0.8767,0.7103,0.1861,Best high-price MID vs best low-price MID; measures marginal return to spending extra budget at this position.
round1_2,4-4-2,position_marginal_FWD,jonathan_david__can,Jonathan David,FWD,4500000,4.9596,13.0242,patrick_agyemang__usa,Patrick Agyemang,FWD,3000000,3.7264,9.8122,1500000,1.2332,3.212,0.8221,2.1413,0.4548,0.716,-0.1041,0.1129,Best high-price FWD vs best low-price FWD; measures marginal return to spending extra budget at this position.
round1_2,4-4-2,premium_fwd_vs_cheap_fwd,kylian_mbapp__fra,Kylian Mbappe,FWD,10000000,4.7201,10.9618,jonathan_david__can,Jonathan David,FWD,4500000,4.9596,13.0242,5500000,-0.2395,-2.0623,-0.0436,-0.375,-0.4433,-0.8435,0.2089,-0.019,Premium FWD vs cheaper FWD. Positive marginal values indicate the model already rewards premium attacking upside; negative values indicate the cheap/value FWD is ahead on current model output.
round1_2,4-4-2,premium_fwd_vs_cheap_fwd,kylian_mbapp__fra,Kylian Mbappe,FWD,10000000,4.7201,10.9618,patrick_agyemang__usa,Patrick Agyemang,FWD,3000000,3.7264,9.8122,7000000,0.9937,1.1497,0.142,0.1642,0.0115,-0.1275,0.1048,0.0939,Premium FWD vs cheaper FWD. Positive marginal values indicate the model already rewards premium attacking upside; negative values indicate the cheap/value FWD is ahead on current model output.
round1_2,4-4-2,premium_fwd_vs_cheap_fwd,kylian_mbapp__fra,Kylian Mbappe,FWD,10000000,4.7201,10.9618,breel_embolo__sui,Breel Embolo,FWD,5000000,4.0,8.8776,5000000,0.7201,2.0843,0.144,0.4169,0.3752,0.3362,0.1196,-0.0073,Premium FWD vs cheaper FWD. Positive marginal values indicate the model already rewards premium attacking upside; negative values indicate the cheap/value FWD is ahead on current model output.
round1_2,4-4-2,premium_fwd_vs_cheap_fwd,kylian_mbapp__fra,Kylian Mbappe,FWD,10000000,4.7201,10.9618,marko_arnautovi__aut,Marko Arnautovic,FWD,4500000,4.1,8.7203,5500000,0.6201,2.2416,0.1127,0.4076,-0.5619,1.0657,-0.0188,-0.0108,Premium FWD vs cheaper FWD. Positive marginal values indicate the model already rewards premium attacking upside; negative values indicate the cheap/value FWD is ahead on current model output.
round1_2,4-4-2,premium_fwd_vs_cheap_fwd,harry_kane__eng,Harry Kane,FWD,9500000,4.3139,8.9936,jonathan_david__can,Jonathan David,FWD,4500000,4.9596,13.0242,5000000,-0.6457,-4.0306,-0.1291,-0.8061,-0.9052,-1.096,0.1984,-0.0594,Premium FWD vs cheaper FWD. Positive marginal values indicate the model already rewards premium attacking upside; negative values indicate the cheap/value FWD is ahead on current model output.
round1_2,4-4-2,premium_fwd_vs_cheap_fwd,harry_kane__eng,Harry Kane,FWD,9500000,4.3139,8.9936,patrick_agyemang__usa,Patrick Agyemang,FWD,3000000,3.7264,9.8122,6500000,0.5875,-0.8186,0.0904,-0.1259,-0.4503,-0.38,0.0943,0.0535,Premium FWD vs cheaper FWD. Positive marginal values indicate the model already rewards premium attacking upside; negative values indicate the cheap/value FWD is ahead on current model output.
round1_2,4-4-2,premium_fwd_vs_cheap_fwd,harry_kane__eng,Harry Kane,FWD,9500000,4.3139,8.9936,breel_embolo__sui,Breel Embolo,FWD,5000000,4.0,8.8776,4500000,0.3139,0.116,0.0698,0.0258,-0.0867,0.0837,0.1091,-0.0477,Premium FWD vs cheaper FWD. Positive marginal values indicate the model already rewards premium attacking upside; negative values indicate the cheap/value FWD is ahead on current model output.
round1_2,4-4-2,premium_fwd_vs_cheap_fwd,harry_kane__eng,Harry Kane,FWD,9500000,4.3139,8.9936,marko_arnautovi__aut,Marko Arnautovic,FWD,4500000,4.1,8.7203,5000000,0.2139,0.2733,0.0428,0.0547,-1.0237,0.8132,-0.0293,-0.0512,Premium FWD vs cheaper FWD. Positive marginal values indicate the model already rewards premium attacking upside; negative values indicate the cheap/value FWD is ahead on current model output.
round1_2,4-4-2,premium_fwd_vs_cheap_fwd,erling_haaland__nor,Erling Haaland,FWD,8500000,3.9175,8.402,jonathan_david__can,Jonathan David,FWD,4500000,4.9596,13.0242,4000000,-1.0421,-4.6222,-0.2605,-1.1555,-0.7061,-1.4185,-0.3716,0.0,Premium FWD vs cheaper FWD. Positive marginal values indicate the model already rewards premium attacking upside; negative values indicate the cheap/value FWD is ahead on current model output.
round1_2,4-4-2,premium_fwd_vs_cheap_fwd,erling_haaland__nor,Erling Haaland,FWD,8500000,3.9175,8.402,patrick_agyemang__usa,Patrick Agyemang,FWD,3000000,3.7264,9.8122,5500000,0.1911,-1.4102,0.0347,-0.2564,-0.2513,-0.7024,-0.4757,0.1129,Premium FWD vs cheaper FWD. Positive marginal values indicate the model already rewards premium attacking upside; negative values indicate the cheap/value FWD is ahead on current model output.
round1_2,4-4-2,premium_fwd_vs_cheap_fwd,erling_haaland__nor,Erling Haaland,FWD,8500000,3.9175,8.402,breel_embolo__sui,Breel Embolo,FWD,5000000,4.0,8.8776,3500000,-0.0825,-0.4756,-0.0236,-0.1359,0.1123,-0.2388,-0.4609,0.0117,Premium FWD vs cheaper FWD. Positive marginal values indicate the model already rewards premium attacking upside; negative values indicate the cheap/value FWD is ahead on current model output.
round1_2,4-4-2,premium_fwd_vs_cheap_fwd,erling_haaland__nor,Erling Haaland,FWD,8500000,3.9175,8.402,marko_arnautovi__aut,Marko Arnautovic,FWD,4500000,4.1,8.7203,4000000,-0.1825,-0.3183,-0.0456,-0.0796,-0.8247,0.4907,-0.5992,0.0082,Premium FWD vs cheaper FWD. Positive marginal values indicate the model already rewards premium attacking upside; negative values indicate the cheap/value FWD is ahead on current model output.
round1_2,4-4-2,selected_MID_upgrade,bruno_fernandes__por,Bruno Fernandes,MID,7000000,3.3219,8.0625,antonio_nusa__nor,Antonio Nusa,MID,3500000,3.2544,8.3459,3500000,0.0675,-0.2834,0.0193,-0.081,-0.3352,-0.04,0.0246,-0.0189,"Selected MID spend vs cheaper same-position alternative. If marginal return is low, budget may be better used on FWD ceiling."
round1_2,4-4-2,selected_MID_upgrade,oscar_bobb__nor,Oscar Bobb,MID,3000000,3.4248,9.5493,roberto_alvarado__mex,Roberto Alvarado,MID,2500000,2.8946,7.6944,500000,0.5303,1.8548,1.0606,3.7096,0.2242,0.1682,-0.2272,0.2454,"Selected MID spend vs cheaper same-position alternative. If marginal return is low, budget may be better used on FWD ceiling."
round1_2,4-4-2,selected_DEF_upgrade,alex_freeman__usa,Alex Freeman,DEF,2500000,2.5705,6.4505,ralph_priso__can,Ralph Priso,DEF,2000000,2.0606,6.2257,500000,0.5099,0.2248,1.0197,0.4497,0.1949,-0.0623,0.156,-0.0533,"Selected DEF spend vs cheaper same-position alternative. If marginal return is low, budget may be better used on FWD ceiling."
round1_2,4-4-2,selected_DEF_upgrade,r_ben_dias__por,Ruben Dias,DEF,4000000,3.2895,7.7341,richie_laryea__can,Richie Laryea,DEF,3000000,3.2087,8.2581,1000000,0.0808,-0.524,0.0808,-0.524,0.0109,-0.4286,0.1058,-0.078,"Selected DEF spend vs cheaper same-position alternative. If marginal return is low, budget may be better used on FWD ceiling."
round1_2,4-4-2,selected_GK_upgrade,mike_maignan__fra,Mike Maignan,GK,5000000,3.6031,8.6889,joan_garcia__esp,Joan Garcia,GK,4000000,3.8393,10.3657,1000000,-0.2361,-1.6768,-0.2361,-1.6768,-0.5294,-0.1259,-0.1798,-0.02,"Selected GK spend vs cheaper same-position alternative. If marginal return is low, budget may be better used on FWD ceiling."
round1_2,4-4-2,selected_DEF_upgrade,max_arfsten__usa,Max Arfsten,DEF,3000000,3.1148,7.3906,ralph_priso__can,Ralph Priso,DEF,2000000,2.0606,6.2257,1000000,1.0542,1.1649,1.0542,1.1649,0.328,0.0884,0.2342,-0.1033,"Selected DEF spend vs cheaper same-position alternative. If marginal return is low, budget may be better used on FWD ceiling."
round1_2,4-4-2,selected_MID_upgrade,kerem_akt_rko_lu__tur,Kerem Akturkoglu,MID,4500000,4.9593,12.3789,antonio_nusa__nor,Antonio Nusa,MID,3500000,3.2544,8.3459,1000000,1.7049,4.033,1.7049,4.033,0.7479,0.9722,1.0878,0.0218,"Selected MID spend vs cheaper same-position alternative. If marginal return is low, budget may be better used on FWD ceiling."
round1_2,4-4-2,selected_MID_upgrade,tajon_buchanan__can,Tajon Buchanan,MID,3500000,3.5047,9.3333,roberto_alvarado__mex,Roberto Alvarado,MID,2500000,2.8946,7.6944,1000000,0.6102,1.6388,0.6102,1.6388,-0.2076,0.4582,-0.3665,0.2454,"Selected MID spend vs cheaper same-position alternative. If marginal return is low, budget may be better used on FWD ceiling."
round1_2,4-4-2,selected_DEF_upgrade,nuno_mendes__por,Nuno Mendes,DEF,4500000,3.572,8.1805,richie_laryea__can,Richie Laryea,DEF,3000000,3.2087,8.2581,1500000,0.3633,-0.0776,0.2422,-0.0517,0.178,-0.2648,0.1867,-0.0855,"Selected DEF spend vs cheaper same-position alternative. If marginal return is low, budget may be better used on FWD ceiling."
round1_2,4-4-2,two_player_swap_premium_fwd_plus_cheaper_mid_def_gk,harry_kane__eng,Harry Kane,FWD,9500000,4.3139,8.9936,jonathan_david__can,Jonathan David,FWD,4500000,4.9596,13.0242,5000000,-0.6457,-4.0306,-0.1291,-0.8061,-0.9052,-1.096,0.1984,-0.0594,Two-player swap possible by downgrading Bruno Fernandes to Kaan Ayhan; net_strategy_score=-8.116.
round1_2,4-4-2,two_player_swap_premium_fwd_plus_cheaper_mid_def_gk,erling_haaland__nor,Erling Haaland,FWD,8500000,3.9175,8.402,jonathan_david__can,Jonathan David,FWD,4500000,4.9596,13.0242,4000000,-1.0421,-4.6222,-0.2605,-1.1555,-0.7061,-1.4185,-0.3716,0.0,Two-player swap possible by downgrading Bruno Fernandes to Roberto Alvarado; net_strategy_score=-4.990.
round1_2,4-5-1,position_marginal_GK,joan_garcia__esp,Joan Garcia,GK,4000000,3.8393,10.3657,david_cabezas__ecu,David Cabezas,GK,2500000,2.1052,6.7679,1500000,1.7341,3.5978,1.1561,2.3985,0.6565,0.2906,0.5552,0.07,Best high-price GK vs best low-price GK; measures marginal return to spending extra budget at this position.
round1_2,4-5-1,position_marginal_DEF,aymeric_laporte__esp,Aymeric Laporte,DEF,4500000,3.6961,9.2522,alex_freeman__usa,Alex Freeman,DEF,2500000,2.5705,6.4505,2000000,1.1256,2.8017,0.5628,1.4008,0.3736,0.2977,0.1868,-0.0147,Best high-price DEF vs best low-price DEF; measures marginal return to spending extra budget at this position.
round1_2,4-5-1,position_marginal_MID,kerem_akt_rko_lu__tur,Kerem Akturkoglu,MID,4500000,4.9593,12.3789,roberto_alvarado__mex,Roberto Alvarado,MID,2500000,2.8946,7.6944,2000000,2.0647,4.6844,1.0324,2.3422,0.6497,0.8767,0.7103,0.1861,Best high-price MID vs best low-price MID; measures marginal return to spending extra budget at this position.
round1_2,4-5-1,position_marginal_FWD,jonathan_david__can,Jonathan David,FWD,4500000,4.9596,13.0242,patrick_agyemang__usa,Patrick Agyemang,FWD,3000000,3.7264,9.8122,1500000,1.2332,3.212,0.8221,2.1413,0.4548,0.716,-0.1041,0.1129,Best high-price FWD vs best low-price FWD; measures marginal return to spending extra budget at this position.
round1_2,4-5-1,premium_fwd_vs_cheap_fwd,kylian_mbapp__fra,Kylian Mbappe,FWD,10000000,4.7201,10.9618,jonathan_david__can,Jonathan David,FWD,4500000,4.9596,13.0242,5500000,-0.2395,-2.0623,-0.0436,-0.375,-0.4433,-0.8435,0.2089,-0.019,Premium FWD vs cheaper FWD. Positive marginal values indicate the model already rewards premium attacking upside; negative values indicate the cheap/value FWD is ahead on current model output.
round1_2,4-5-1,premium_fwd_vs_cheap_fwd,kylian_mbapp__fra,Kylian Mbappe,FWD,10000000,4.7201,10.9618,patrick_agyemang__usa,Patrick Agyemang,FWD,3000000,3.7264,9.8122,7000000,0.9937,1.1497,0.142,0.1642,0.0115,-0.1275,0.1048,0.0939,Premium FWD vs cheaper FWD. Positive marginal values indicate the model already rewards premium attacking upside; negative values indicate the cheap/value FWD is ahead on current model output.
round1_2,4-5-1,premium_fwd_vs_cheap_fwd,kylian_mbapp__fra,Kylian Mbappe,FWD,10000000,4.7201,10.9618,breel_embolo__sui,Breel Embolo,FWD,5000000,4.0,8.8776,5000000,0.7201,2.0843,0.144,0.4169,0.3752,0.3362,0.1196,-0.0073,Premium FWD vs cheaper FWD. Positive marginal values indicate the model already rewards premium attacking upside; negative values indicate the cheap/value FWD is ahead on current model output.
round1_2,4-5-1,premium_fwd_vs_cheap_fwd,kylian_mbapp__fra,Kylian Mbappe,FWD,10000000,4.7201,10.9618,marko_arnautovi__aut,Marko Arnautovic,FWD,4500000,4.1,8.7203,5500000,0.6201,2.2416,0.1127,0.4076,-0.5619,1.0657,-0.0188,-0.0108,Premium FWD vs cheaper FWD. Positive marginal values indicate the model already rewards premium attacking upside; negative values indicate the cheap/value FWD is ahead on current model output.
round1_2,4-5-1,premium_fwd_vs_cheap_fwd,harry_kane__eng,Harry Kane,FWD,9500000,4.3139,8.9936,jonathan_david__can,Jonathan David,FWD,4500000,4.9596,13.0242,5000000,-0.6457,-4.0306,-0.1291,-0.8061,-0.9052,-1.096,0.1984,-0.0594,Premium FWD vs cheaper FWD. Positive marginal values indicate the model already rewards premium attacking upside; negative values indicate the cheap/value FWD is ahead on current model output.
round1_2,4-5-1,premium_fwd_vs_cheap_fwd,harry_kane__eng,Harry Kane,FWD,9500000,4.3139,8.9936,patrick_agyemang__usa,Patrick Agyemang,FWD,3000000,3.7264,9.8122,6500000,0.5875,-0.8186,0.0904,-0.1259,-0.4503,-0.38,0.0943,0.0535,Premium FWD vs cheaper FWD. Positive marginal values indicate the model already rewards premium attacking upside; negative values indicate the cheap/value FWD is ahead on current model output.
round1_2,4-5-1,premium_fwd_vs_cheap_fwd,harry_kane__eng,Harry Kane,FWD,9500000,4.3139,8.9936,breel_embolo__sui,Breel Embolo,FWD,5000000,4.0,8.8776,4500000,0.3139,0.116,0.0698,0.0258,-0.0867,0.0837,0.1091,-0.0477,Premium FWD vs cheaper FWD. Positive marginal values indicate the model already rewards premium attacking upside; negative values indicate the cheap/value FWD is ahead on current model output.
round1_2,4-5-1,premium_fwd_vs_cheap_fwd,harry_kane__eng,Harry Kane,FWD,9500000,4.3139,8.9936,marko_arnautovi__aut,Marko Arnautovic,FWD,4500000,4.1,8.7203,5000000,0.2139,0.2733,0.0428,0.0547,-1.0237,0.8132,-0.0293,-0.0512,Premium FWD vs cheaper FWD. Positive marginal values indicate the model already rewards premium attacking upside; negative values indicate the cheap/value FWD is ahead on current model output.
round1_2,4-5-1,premium_fwd_vs_cheap_fwd,erling_haaland__nor,Erling Haaland,FWD,8500000,3.9175,8.402,jonathan_david__can,Jonathan David,FWD,4500000,4.9596,13.0242,4000000,-1.0421,-4.6222,-0.2605,-1.1555,-0.7061,-1.4185,-0.3716,0.0,Premium FWD vs cheaper FWD. Positive marginal values indicate the model already rewards premium attacking upside; negative values indicate the cheap/value FWD is ahead on current model output.
round1_2,4-5-1,premium_fwd_vs_cheap_fwd,erling_haaland__nor,Erling Haaland,FWD,8500000,3.9175,8.402,patrick_agyemang__usa,Patrick Agyemang,FWD,3000000,3.7264,9.8122,5500000,0.1911,-1.4102,0.0347,-0.2564,-0.2513,-0.7024,-0.4757,0.1129,Premium FWD vs cheaper FWD. Positive marginal values indicate the model already rewards premium attacking upside; negative values indicate the cheap/value FWD is ahead on current model output.
round1_2,4-5-1,premium_fwd_vs_cheap_fwd,erling_haaland__nor,Erling Haaland,FWD,8500000,3.9175,8.402,breel_embolo__sui,Breel Embolo,FWD,5000000,4.0,8.8776,3500000,-0.0825,-0.4756,-0.0236,-0.1359,0.1123,-0.2388,-0.4609,0.0117,Premium FWD vs cheaper FWD. Positive marginal values indicate the model already rewards premium attacking upside; negative values indicate the cheap/value FWD is ahead on current model output.
round1_2,4-5-1,premium_fwd_vs_cheap_fwd,erling_haaland__nor,Erling Haaland,FWD,8500000,3.9175,8.402,marko_arnautovi__aut,Marko Arnautovic,FWD,4500000,4.1,8.7203,4000000,-0.1825,-0.3183,-0.0456,-0.0796,-0.8247,0.4907,-0.5992,0.0082,Premium FWD vs cheaper FWD. Positive marginal values indicate the model already rewards premium attacking upside; negative values indicate the cheap/value FWD is ahead on current model output.
round1_2,4-5-1,selected_MID_upgrade,bruno_fernandes__por,Bruno Fernandes,MID,7000000,3.3219,8.0625,antonio_nusa__nor,Antonio Nusa,MID,3500000,3.2544,8.3459,3500000,0.0675,-0.2834,0.0193,-0.081,-0.3352,-0.04,0.0246,-0.0189,"Selected MID spend vs cheaper same-position alternative. If marginal return is low, budget may be better used on FWD ceiling."
round1_2,4-5-1,selected_MID_upgrade,oscar_bobb__nor,Oscar Bobb,MID,3000000,3.4248,9.5493,roberto_alvarado__mex,Roberto Alvarado,MID,2500000,2.8946,7.6944,500000,0.5303,1.8548,1.0606,3.7096,0.2242,0.1682,-0.2272,0.2454,"Selected MID spend vs cheaper same-position alternative. If marginal return is low, budget may be better used on FWD ceiling."
round1_2,4-5-1,selected_DEF_upgrade,alex_freeman__usa,Alex Freeman,DEF,2500000,2.5705,6.4505,ralph_priso__can,Ralph Priso,DEF,2000000,2.0606,6.2257,500000,0.5099,0.2248,1.0197,0.4497,0.1949,-0.0623,0.156,-0.0533,"Selected DEF spend vs cheaper same-position alternative. If marginal return is low, budget may be better used on FWD ceiling."
round1_2,4-5-1,selected_DEF_upgrade,r_ben_dias__por,Ruben Dias,DEF,4000000,3.2895,7.7341,richie_laryea__can,Richie Laryea,DEF,3000000,3.2087,8.2581,1000000,0.0808,-0.524,0.0808,-0.524,0.0109,-0.4286,0.1058,-0.078,"Selected DEF spend vs cheaper same-position alternative. If marginal return is low, budget may be better used on FWD ceiling."
round1_2,4-5-1,selected_GK_upgrade,mike_maignan__fra,Mike Maignan,GK,5000000,3.6031,8.6889,joan_garcia__esp,Joan Garcia,GK,4000000,3.8393,10.3657,1000000,-0.2361,-1.6768,-0.2361,-1.6768,-0.5294,-0.1259,-0.1798,-0.02,"Selected GK spend vs cheaper same-position alternative. If marginal return is low, budget may be better used on FWD ceiling."
round1_2,4-5-1,selected_DEF_upgrade,max_arfsten__usa,Max Arfsten,DEF,3000000,3.1148,7.3906,ralph_priso__can,Ralph Priso,DEF,2000000,2.0606,6.2257,1000000,1.0542,1.1649,1.0542,1.1649,0.328,0.0884,0.2342,-0.1033,"Selected DEF spend vs cheaper same-position alternative. If marginal return is low, budget may be better used on FWD ceiling."
round1_2,4-5-1,selected_MID_upgrade,florian_wirtz__ger,Florian Wirtz,MID,7500000,3.1646,7.1619,antonio_nusa__nor,Antonio Nusa,MID,3500000,3.2544,8.3459,4000000,-0.0898,-1.184,-0.0224,-0.296,-0.4152,-0.3117,0.0804,0.0202,"Selected MID spend vs cheaper same-position alternative. If marginal return is low, budget may be better used on FWD ceiling."
round1_2,4-5-1,selected_MID_upgrade,kerem_akt_rko_lu__tur,Kerem Akturkoglu,MID,4500000,4.9593,12.3789,antonio_nusa__nor,Antonio Nusa,MID,3500000,3.2544,8.3459,1000000,1.7049,4.033,1.7049,4.033,0.7479,0.9722,1.0878,0.0218,"Selected MID spend vs cheaper same-position alternative. If marginal return is low, budget may be better used on FWD ceiling."
round1_2,4-5-1,selected_MID_upgrade,tajon_buchanan__can,Tajon Buchanan,MID,3500000,3.5047,9.3333,roberto_alvarado__mex,Roberto Alvarado,MID,2500000,2.8946,7.6944,1000000,0.6102,1.6388,0.6102,1.6388,-0.2076,0.4582,-0.3665,0.2454,"Selected MID spend vs cheaper same-position alternative. If marginal return is low, budget may be better used on FWD ceiling."
round1_2,4-5-1,selected_DEF_upgrade,nuno_mendes__por,Nuno Mendes,DEF,4500000,3.572,8.1805,richie_laryea__can,Richie Laryea,DEF,3000000,3.2087,8.2581,1500000,0.3633,-0.0776,0.2422,-0.0517,0.178,-0.2648,0.1867,-0.0855,"Selected DEF spend vs cheaper same-position alternative. If marginal return is low, budget may be better used on FWD ceiling."
round1_2,4-5-1,two_player_swap_premium_fwd_plus_cheaper_mid_def_gk,kylian_mbapp__fra,Kylian Mbappe,FWD,10000000,4.7201,10.9618,jonathan_david__can,Jonathan David,FWD,4500000,4.9596,13.0242,5500000,-0.2395,-2.0623,-0.0436,-0.375,-0.4433,-0.8435,0.2089,-0.019,Two-player swap possible by downgrading Florian Wirtz to Kaan Ayhan; net_strategy_score=-5.247.
round1_2,4-5-1,two_player_swap_premium_fwd_plus_cheaper_mid_def_gk,harry_kane__eng,Harry Kane,FWD,9500000,4.3139,8.9936,jonathan_david__can,Jonathan David,FWD,4500000,4.9596,13.0242,5000000,-0.6457,-4.0306,-0.1291,-0.8061,-0.9052,-1.096,0.1984,-0.0594,Two-player swap possible by downgrading Florian Wirtz to Roberto Alvarado; net_strategy_score=-3.498.
round1_2,4-5-1,two_player_swap_premium_fwd_plus_cheaper_mid_def_gk,erling_haaland__nor,Erling Haaland,FWD,8500000,3.9175,8.402,jonathan_david__can,Jonathan David,FWD,4500000,4.9596,13.0242,4000000,-1.0421,-4.6222,-0.2605,-1.1555,-0.7061,-1.4185,-0.3716,0.0,Two-player swap possible by downgrading Florian Wirtz to Antonio Nusa; net_strategy_score=-3.438.
round1_2,5-3-2,position_marginal_GK,joan_garcia__esp,Joan Garcia,GK,4000000,3.8393,10.3657,david_cabezas__ecu,David Cabezas,GK,2500000,2.1052,6.7679,1500000,1.7341,3.5978,1.1561,2.3985,0.6565,0.2906,0.5552,0.07,Best high-price GK vs best low-price GK; measures marginal return to spending extra budget at this position.
round1_2,5-3-2,position_marginal_DEF,aymeric_laporte__esp,Aymeric Laporte,DEF,4500000,3.6961,9.2522,alex_freeman__usa,Alex Freeman,DEF,2500000,2.5705,6.4505,2000000,1.1256,2.8017,0.5628,1.4008,0.3736,0.2977,0.1868,-0.0147,Best high-price DEF vs best low-price DEF; measures marginal return to spending extra budget at this position.
round1_2,5-3-2,position_marginal_MID,kerem_akt_rko_lu__tur,Kerem Akturkoglu,MID,4500000,4.9593,12.3789,roberto_alvarado__mex,Roberto Alvarado,MID,2500000,2.8946,7.6944,2000000,2.0647,4.6844,1.0324,2.3422,0.6497,0.8767,0.7103,0.1861,Best high-price MID vs best low-price MID; measures marginal return to spending extra budget at this position.
round1_2,5-3-2,position_marginal_FWD,jonathan_david__can,Jonathan David,FWD,4500000,4.9596,13.0242,patrick_agyemang__usa,Patrick Agyemang,FWD,3000000,3.7264,9.8122,1500000,1.2332,3.212,0.8221,2.1413,0.4548,0.716,-0.1041,0.1129,Best high-price FWD vs best low-price FWD; measures marginal return to spending extra budget at this position.
round1_2,5-3-2,premium_fwd_vs_cheap_fwd,kylian_mbapp__fra,Kylian Mbappe,FWD,10000000,4.7201,10.9618,jonathan_david__can,Jonathan David,FWD,4500000,4.9596,13.0242,5500000,-0.2395,-2.0623,-0.0436,-0.375,-0.4433,-0.8435,0.2089,-0.019,Premium FWD vs cheaper FWD. Positive marginal values indicate the model already rewards premium attacking upside; negative values indicate the cheap/value FWD is ahead on current model output.
round1_2,5-3-2,premium_fwd_vs_cheap_fwd,kylian_mbapp__fra,Kylian Mbappe,FWD,10000000,4.7201,10.9618,patrick_agyemang__usa,Patrick Agyemang,FWD,3000000,3.7264,9.8122,7000000,0.9937,1.1497,0.142,0.1642,0.0115,-0.1275,0.1048,0.0939,Premium FWD vs cheaper FWD. Positive marginal values indicate the model already rewards premium attacking upside; negative values indicate the cheap/value FWD is ahead on current model output.
round1_2,5-3-2,premium_fwd_vs_cheap_fwd,kylian_mbapp__fra,Kylian Mbappe,FWD,10000000,4.7201,10.9618,breel_embolo__sui,Breel Embolo,FWD,5000000,4.0,8.8776,5000000,0.7201,2.0843,0.144,0.4169,0.3752,0.3362,0.1196,-0.0073,Premium FWD vs cheaper FWD. Positive marginal values indicate the model already rewards premium attacking upside; negative values indicate the cheap/value FWD is ahead on current model output.
round1_2,5-3-2,premium_fwd_vs_cheap_fwd,kylian_mbapp__fra,Kylian Mbappe,FWD,10000000,4.7201,10.9618,marko_arnautovi__aut,Marko Arnautovic,FWD,4500000,4.1,8.7203,5500000,0.6201,2.2416,0.1127,0.4076,-0.5619,1.0657,-0.0188,-0.0108,Premium FWD vs cheaper FWD. Positive marginal values indicate the model already rewards premium attacking upside; negative values indicate the cheap/value FWD is ahead on current model output.
round1_2,5-3-2,premium_fwd_vs_cheap_fwd,harry_kane__eng,Harry Kane,FWD,9500000,4.3139,8.9936,jonathan_david__can,Jonathan David,FWD,4500000,4.9596,13.0242,5000000,-0.6457,-4.0306,-0.1291,-0.8061,-0.9052,-1.096,0.1984,-0.0594,Premium FWD vs cheaper FWD. Positive marginal values indicate the model already rewards premium attacking upside; negative values indicate the cheap/value FWD is ahead on current model output.
round1_2,5-3-2,premium_fwd_vs_cheap_fwd,harry_kane__eng,Harry Kane,FWD,9500000,4.3139,8.9936,patrick_agyemang__usa,Patrick Agyemang,FWD,3000000,3.7264,9.8122,6500000,0.5875,-0.8186,0.0904,-0.1259,-0.4503,-0.38,0.0943,0.0535,Premium FWD vs cheaper FWD. Positive marginal values indicate the model already rewards premium attacking upside; negative values indicate the cheap/value FWD is ahead on current model output.
round1_2,5-3-2,premium_fwd_vs_cheap_fwd,harry_kane__eng,Harry Kane,FWD,9500000,4.3139,8.9936,breel_embolo__sui,Breel Embolo,FWD,5000000,4.0,8.8776,4500000,0.3139,0.116,0.0698,0.0258,-0.0867,0.0837,0.1091,-0.0477,Premium FWD vs cheaper FWD. Positive marginal values indicate the model already rewards premium attacking upside; negative values indicate the cheap/value FWD is ahead on current model output.
round1_2,5-3-2,premium_fwd_vs_cheap_fwd,harry_kane__eng,Harry Kane,FWD,9500000,4.3139,8.9936,marko_arnautovi__aut,Marko Arnautovic,FWD,4500000,4.1,8.7203,5000000,0.2139,0.2733,0.0428,0.0547,-1.0237,0.8132,-0.0293,-0.0512,Premium FWD vs cheaper FWD. Positive marginal values indicate the model already rewards premium attacking upside; negative values indicate the cheap/value FWD is ahead on current model output.
round1_2,5-3-2,premium_fwd_vs_cheap_fwd,erling_haaland__nor,Erling Haaland,FWD,8500000,3.9175,8.402,jonathan_david__can,Jonathan David,FWD,4500000,4.9596,13.0242,4000000,-1.0421,-4.6222,-0.2605,-1.1555,-0.7061,-1.4185,-0.3716,0.0,Premium FWD vs cheaper FWD. Positive marginal values indicate the model already rewards premium attacking upside; negative values indicate the cheap/value FWD is ahead on current model output.
round1_2,5-3-2,premium_fwd_vs_cheap_fwd,erling_haaland__nor,Erling Haaland,FWD,8500000,3.9175,8.402,patrick_agyemang__usa,Patrick Agyemang,FWD,3000000,3.7264,9.8122,5500000,0.1911,-1.4102,0.0347,-0.2564,-0.2513,-0.7024,-0.4757,0.1129,Premium FWD vs cheaper FWD. Positive marginal values indicate the model already rewards premium attacking upside; negative values indicate the cheap/value FWD is ahead on current model output.
round1_2,5-3-2,premium_fwd_vs_cheap_fwd,erling_haaland__nor,Erling Haaland,FWD,8500000,3.9175,8.402,breel_embolo__sui,Breel Embolo,FWD,5000000,4.0,8.8776,3500000,-0.0825,-0.4756,-0.0236,-0.1359,0.1123,-0.2388,-0.4609,0.0117,Premium FWD vs cheaper FWD. Positive marginal values indicate the model already rewards premium attacking upside; negative values indicate the cheap/value FWD is ahead on current model output.
round1_2,5-3-2,premium_fwd_vs_cheap_fwd,erling_haaland__nor,Erling Haaland,FWD,8500000,3.9175,8.402,marko_arnautovi__aut,Marko Arnautovic,FWD,4500000,4.1,8.7203,4000000,-0.1825,-0.3183,-0.0456,-0.0796,-0.8247,0.4907,-0.5992,0.0082,Premium FWD vs cheaper FWD. Positive marginal values indicate the model already rewards premium attacking upside; negative values indicate the cheap/value FWD is ahead on current model output.
round1_2,5-3-2,selected_MID_upgrade,bruno_fernandes__por,Bruno Fernandes,MID,7000000,3.3219,8.0625,tajon_buchanan__can,Tajon Buchanan,MID,3500000,3.5047,9.3333,3500000,-0.1829,-1.2707,-0.0523,-0.3631,-0.2258,-0.5937,0.0136,-0.1,"Selected MID spend vs cheaper same-position alternative. If marginal return is low, budget may be better used on FWD ceiling."
round1_2,5-3-2,selected_MID_upgrade,oscar_bobb__nor,Oscar Bobb,MID,3000000,3.4248,9.5493,roberto_alvarado__mex,Roberto Alvarado,MID,2500000,2.8946,7.6944,500000,0.5303,1.8548,1.0606,3.7096,0.2242,0.1682,-0.2272,0.2454,"Selected MID spend vs cheaper same-position alternative. If marginal return is low, budget may be better used on FWD ceiling."
round1_2,5-3-2,selected_DEF_upgrade,timothy_castagne__bel,Timothy Castagne,DEF,3500000,3.2681,6.7548,richie_laryea__can,Richie Laryea,DEF,3000000,3.2087,8.2581,500000,0.0594,-1.5033,0.1188,-3.0065,-0.2254,-0.4328,0.4524,-0.1092,"Selected DEF spend vs cheaper same-position alternative. If marginal return is low, budget may be better used on FWD ceiling."
round1_2,5-3-2,selected_DEF_upgrade,alex_freeman__usa,Alex Freeman,DEF,2500000,2.5705,6.4505,ralph_priso__can,Ralph Priso,DEF,2000000,2.0606,6.2257,500000,0.5099,0.2248,1.0197,0.4497,0.1949,-0.0623,0.156,-0.0533,"Selected DEF spend vs cheaper same-position alternative. If marginal return is low, budget may be better used on FWD ceiling."
round1_2,5-3-2,selected_DEF_upgrade,r_ben_dias__por,Ruben Dias,DEF,4000000,3.2895,7.7341,richie_laryea__can,Richie Laryea,DEF,3000000,3.2087,8.2581,1000000,0.0808,-0.524,0.0808,-0.524,0.0109,-0.4286,0.1058,-0.078,"Selected DEF spend vs cheaper same-position alternative. If marginal return is low, budget may be better used on FWD ceiling."
round1_2,5-3-2,selected_GK_upgrade,mike_maignan__fra,Mike Maignan,GK,5000000,3.6031,8.6889,joan_garcia__esp,Joan Garcia,GK,4000000,3.8393,10.3657,1000000,-0.2361,-1.6768,-0.2361,-1.6768,-0.5294,-0.1259,-0.1798,-0.02,"Selected GK spend vs cheaper same-position alternative. If marginal return is low, budget may be better used on FWD ceiling."
round1_2,5-3-2,selected_DEF_upgrade,max_arfsten__usa,Max Arfsten,DEF,3000000,3.1148,7.3906,ralph_priso__can,Ralph Priso,DEF,2000000,2.0606,6.2257,1000000,1.0542,1.1649,1.0542,1.1649,0.328,0.0884,0.2342,-0.1033,"Selected DEF spend vs cheaper same-position alternative. If marginal return is low, budget may be better used on FWD ceiling."
round1_2,5-3-2,selected_MID_upgrade,kerem_akt_rko_lu__tur,Kerem Akturkoglu,MID,4500000,4.9593,12.3789,tajon_buchanan__can,Tajon Buchanan,MID,3500000,3.5047,9.3333,1000000,1.4545,3.0456,1.4545,3.0456,0.8573,0.4185,1.0768,-0.0593,"Selected MID spend vs cheaper same-position alternative. If marginal return is low, budget may be better used on FWD ceiling."
round1_2,5-3-2,selected_DEF_upgrade,nuno_mendes__por,Nuno Mendes,DEF,4500000,3.572,8.1805,richie_laryea__can,Richie Laryea,DEF,3000000,3.2087,8.2581,1500000,0.3633,-0.0776,0.2422,-0.0517,0.178,-0.2648,0.1867,-0.0855,"Selected DEF spend vs cheaper same-position alternative. If marginal return is low, budget may be better used on FWD ceiling."
round1_2,5-3-2,two_player_swap_premium_fwd_plus_cheaper_mid_def_gk,harry_kane__eng,Harry Kane,FWD,9500000,4.3139,8.9936,jonathan_david__can,Jonathan David,FWD,4500000,4.9596,13.0242,5000000,-0.6457,-4.0306,-0.1291,-0.8061,-0.9052,-1.096,0.1984,-0.0594,Two-player swap possible by downgrading Bruno Fernandes to Kaan Ayhan; net_strategy_score=-8.116.
round1_2,5-3-2,two_player_swap_premium_fwd_plus_cheaper_mid_def_gk,erling_haaland__nor,Erling Haaland,FWD,8500000,3.9175,8.402,jonathan_david__can,Jonathan David,FWD,4500000,4.9596,13.0242,4000000,-1.0421,-4.6222,-0.2605,-1.1555,-0.7061,-1.4185,-0.3716,0.0,Two-player swap possible by downgrading Bruno Fernandes to Roberto Alvarado; net_strategy_score=-4.990.
round1_2,5-4-1,position_marginal_GK,joan_garcia__esp,Joan Garcia,GK,4000000,3.8393,10.3657,david_cabezas__ecu,David Cabezas,GK,2500000,2.1052,6.7679,1500000,1.7341,3.5978,1.1561,2.3985,0.6565,0.2906,0.5552,0.07,Best high-price GK vs best low-price GK; measures marginal return to spending extra budget at this position.
round1_2,5-4-1,position_marginal_DEF,aymeric_laporte__esp,Aymeric Laporte,DEF,4500000,3.6961,9.2522,alex_freeman__usa,Alex Freeman,DEF,2500000,2.5705,6.4505,2000000,1.1256,2.8017,0.5628,1.4008,0.3736,0.2977,0.1868,-0.0147,Best high-price DEF vs best low-price DEF; measures marginal return to spending extra budget at this position.
round1_2,5-4-1,position_marginal_MID,kerem_akt_rko_lu__tur,Kerem Akturkoglu,MID,4500000,4.9593,12.3789,roberto_alvarado__mex,Roberto Alvarado,MID,2500000,2.8946,7.6944,2000000,2.0647,4.6844,1.0324,2.3422,0.6497,0.8767,0.7103,0.1861,Best high-price MID vs best low-price MID; measures marginal return to spending extra budget at this position.
round1_2,5-4-1,position_marginal_FWD,jonathan_david__can,Jonathan David,FWD,4500000,4.9596,13.0242,patrick_agyemang__usa,Patrick Agyemang,FWD,3000000,3.7264,9.8122,1500000,1.2332,3.212,0.8221,2.1413,0.4548,0.716,-0.1041,0.1129,Best high-price FWD vs best low-price FWD; measures marginal return to spending extra budget at this position.
round1_2,5-4-1,premium_fwd_vs_cheap_fwd,kylian_mbapp__fra,Kylian Mbappe,FWD,10000000,4.7201,10.9618,jonathan_david__can,Jonathan David,FWD,4500000,4.9596,13.0242,5500000,-0.2395,-2.0623,-0.0436,-0.375,-0.4433,-0.8435,0.2089,-0.019,Premium FWD vs cheaper FWD. Positive marginal values indicate the model already rewards premium attacking upside; negative values indicate the cheap/value FWD is ahead on current model output.
round1_2,5-4-1,premium_fwd_vs_cheap_fwd,kylian_mbapp__fra,Kylian Mbappe,FWD,10000000,4.7201,10.9618,patrick_agyemang__usa,Patrick Agyemang,FWD,3000000,3.7264,9.8122,7000000,0.9937,1.1497,0.142,0.1642,0.0115,-0.1275,0.1048,0.0939,Premium FWD vs cheaper FWD. Positive marginal values indicate the model already rewards premium attacking upside; negative values indicate the cheap/value FWD is ahead on current model output.
round1_2,5-4-1,premium_fwd_vs_cheap_fwd,kylian_mbapp__fra,Kylian Mbappe,FWD,10000000,4.7201,10.9618,breel_embolo__sui,Breel Embolo,FWD,5000000,4.0,8.8776,5000000,0.7201,2.0843,0.144,0.4169,0.3752,0.3362,0.1196,-0.0073,Premium FWD vs cheaper FWD. Positive marginal values indicate the model already rewards premium attacking upside; negative values indicate the cheap/value FWD is ahead on current model output.
round1_2,5-4-1,premium_fwd_vs_cheap_fwd,kylian_mbapp__fra,Kylian Mbappe,FWD,10000000,4.7201,10.9618,marko_arnautovi__aut,Marko Arnautovic,FWD,4500000,4.1,8.7203,5500000,0.6201,2.2416,0.1127,0.4076,-0.5619,1.0657,-0.0188,-0.0108,Premium FWD vs cheaper FWD. Positive marginal values indicate the model already rewards premium attacking upside; negative values indicate the cheap/value FWD is ahead on current model output.
round1_2,5-4-1,premium_fwd_vs_cheap_fwd,harry_kane__eng,Harry Kane,FWD,9500000,4.3139,8.9936,jonathan_david__can,Jonathan David,FWD,4500000,4.9596,13.0242,5000000,-0.6457,-4.0306,-0.1291,-0.8061,-0.9052,-1.096,0.1984,-0.0594,Premium FWD vs cheaper FWD. Positive marginal values indicate the model already rewards premium attacking upside; negative values indicate the cheap/value FWD is ahead on current model output.
round1_2,5-4-1,premium_fwd_vs_cheap_fwd,harry_kane__eng,Harry Kane,FWD,9500000,4.3139,8.9936,patrick_agyemang__usa,Patrick Agyemang,FWD,3000000,3.7264,9.8122,6500000,0.5875,-0.8186,0.0904,-0.1259,-0.4503,-0.38,0.0943,0.0535,Premium FWD vs cheaper FWD. Positive marginal values indicate the model already rewards premium attacking upside; negative values indicate the cheap/value FWD is ahead on current model output.
round1_2,5-4-1,premium_fwd_vs_cheap_fwd,harry_kane__eng,Harry Kane,FWD,9500000,4.3139,8.9936,breel_embolo__sui,Breel Embolo,FWD,5000000,4.0,8.8776,4500000,0.3139,0.116,0.0698,0.0258,-0.0867,0.0837,0.1091,-0.0477,Premium FWD vs cheaper FWD. Positive marginal values indicate the model already rewards premium attacking upside; negative values indicate the cheap/value FWD is ahead on current model output.
round1_2,5-4-1,premium_fwd_vs_cheap_fwd,harry_kane__eng,Harry Kane,FWD,9500000,4.3139,8.9936,marko_arnautovi__aut,Marko Arnautovic,FWD,4500000,4.1,8.7203,5000000,0.2139,0.2733,0.0428,0.0547,-1.0237,0.8132,-0.0293,-0.0512,Premium FWD vs cheaper FWD. Positive marginal values indicate the model already rewards premium attacking upside; negative values indicate the cheap/value FWD is ahead on current model output.
round1_2,5-4-1,premium_fwd_vs_cheap_fwd,erling_haaland__nor,Erling Haaland,FWD,8500000,3.9175,8.402,jonathan_david__can,Jonathan David,FWD,4500000,4.9596,13.0242,4000000,-1.0421,-4.6222,-0.2605,-1.1555,-0.7061,-1.4185,-0.3716,0.0,Premium FWD vs cheaper FWD. Positive marginal values indicate the model already rewards premium attacking upside; negative values indicate the cheap/value FWD is ahead on current model output.
round1_2,5-4-1,premium_fwd_vs_cheap_fwd,erling_haaland__nor,Erling Haaland,FWD,8500000,3.9175,8.402,patrick_agyemang__usa,Patrick Agyemang,FWD,3000000,3.7264,9.8122,5500000,0.1911,-1.4102,0.0347,-0.2564,-0.2513,-0.7024,-0.4757,0.1129,Premium FWD vs cheaper FWD. Positive marginal values indicate the model already rewards premium attacking upside; negative values indicate the cheap/value FWD is ahead on current model output.
round1_2,5-4-1,premium_fwd_vs_cheap_fwd,erling_haaland__nor,Erling Haaland,FWD,8500000,3.9175,8.402,breel_embolo__sui,Breel Embolo,FWD,5000000,4.0,8.8776,3500000,-0.0825,-0.4756,-0.0236,-0.1359,0.1123,-0.2388,-0.4609,0.0117,Premium FWD vs cheaper FWD. Positive marginal values indicate the model already rewards premium attacking upside; negative values indicate the cheap/value FWD is ahead on current model output.
round1_2,5-4-1,premium_fwd_vs_cheap_fwd,erling_haaland__nor,Erling Haaland,FWD,8500000,3.9175,8.402,marko_arnautovi__aut,Marko Arnautovic,FWD,4500000,4.1,8.7203,4000000,-0.1825,-0.3183,-0.0456,-0.0796,-0.8247,0.4907,-0.5992,0.0082,Premium FWD vs cheaper FWD. Positive marginal values indicate the model already rewards premium attacking upside; negative values indicate the cheap/value FWD is ahead on current model output.
round1_2,5-4-1,selected_MID_upgrade,bruno_fernandes__por,Bruno Fernandes,MID,7000000,3.3219,8.0625,antonio_nusa__nor,Antonio Nusa,MID,3500000,3.2544,8.3459,3500000,0.0675,-0.2834,0.0193,-0.081,-0.3352,-0.04,0.0246,-0.0189,"Selected MID spend vs cheaper same-position alternative. If marginal return is low, budget may be better used on FWD ceiling."
round1_2,5-4-1,selected_MID_upgrade,oscar_bobb__nor,Oscar Bobb,MID,3000000,3.4248,9.5493,roberto_alvarado__mex,Roberto Alvarado,MID,2500000,2.8946,7.6944,500000,0.5303,1.8548,1.0606,3.7096,0.2242,0.1682,-0.2272,0.2454,"Selected MID spend vs cheaper same-position alternative. If marginal return is low, budget may be better used on FWD ceiling."
round1_2,5-4-1,selected_DEF_upgrade,timothy_castagne__bel,Timothy Castagne,DEF,3500000,3.2681,6.7548,richie_laryea__can,Richie Laryea,DEF,3000000,3.2087,8.2581,500000,0.0594,-1.5033,0.1188,-3.0065,-0.2254,-0.4328,0.4524,-0.1092,"Selected DEF spend vs cheaper same-position alternative. If marginal return is low, budget may be better used on FWD ceiling."
round1_2,5-4-1,selected_DEF_upgrade,alex_freeman__usa,Alex Freeman,DEF,2500000,2.5705,6.4505,ralph_priso__can,Ralph Priso,DEF,2000000,2.0606,6.2257,500000,0.5099,0.2248,1.0197,0.4497,0.1949,-0.0623,0.156,-0.0533,"Selected DEF spend vs cheaper same-position alternative. If marginal return is low, budget may be better used on FWD ceiling."
round1_2,5-4-1,selected_DEF_upgrade,r_ben_dias__por,Ruben Dias,DEF,4000000,3.2895,7.7341,richie_laryea__can,Richie Laryea,DEF,3000000,3.2087,8.2581,1000000,0.0808,-0.524,0.0808,-0.524,0.0109,-0.4286,0.1058,-0.078,"Selected DEF spend vs cheaper same-position alternative. If marginal return is low, budget may be better used on FWD ceiling."
round1_2,5-4-1,selected_GK_upgrade,mike_maignan__fra,Mike Maignan,GK,5000000,3.6031,8.6889,joan_garcia__esp,Joan Garcia,GK,4000000,3.8393,10.3657,1000000,-0.2361,-1.6768,-0.2361,-1.6768,-0.5294,-0.1259,-0.1798,-0.02,"Selected GK spend vs cheaper same-position alternative. If marginal return is low, budget may be better used on FWD ceiling."
round1_2,5-4-1,selected_DEF_upgrade,max_arfsten__usa,Max Arfsten,DEF,3000000,3.1148,7.3906,ralph_priso__can,Ralph Priso,DEF,2000000,2.0606,6.2257,1000000,1.0542,1.1649,1.0542,1.1649,0.328,0.0884,0.2342,-0.1033,"Selected DEF spend vs cheaper same-position alternative. If marginal return is low, budget may be better used on FWD ceiling."
round1_2,5-4-1,selected_MID_upgrade,kerem_akt_rko_lu__tur,Kerem Akturkoglu,MID,4500000,4.9593,12.3789,antonio_nusa__nor,Antonio Nusa,MID,3500000,3.2544,8.3459,1000000,1.7049,4.033,1.7049,4.033,0.7479,0.9722,1.0878,0.0218,"Selected MID spend vs cheaper same-position alternative. If marginal return is low, budget may be better used on FWD ceiling."
round1_2,5-4-1,selected_MID_upgrade,tajon_buchanan__can,Tajon Buchanan,MID,3500000,3.5047,9.3333,roberto_alvarado__mex,Roberto Alvarado,MID,2500000,2.8946,7.6944,1000000,0.6102,1.6388,0.6102,1.6388,-0.2076,0.4582,-0.3665,0.2454,"Selected MID spend vs cheaper same-position alternative. If marginal return is low, budget may be better used on FWD ceiling."
round1_2,5-4-1,selected_DEF_upgrade,nuno_mendes__por,Nuno Mendes,DEF,4500000,3.572,8.1805,richie_laryea__can,Richie Laryea,DEF,3000000,3.2087,8.2581,1500000,0.3633,-0.0776,0.2422,-0.0517,0.178,-0.2648,0.1867,-0.0855,"Selected DEF spend vs cheaper same-position alternative. If marginal return is low, budget may be better used on FWD ceiling."
group_stage,3-4-3,position_marginal_GK,joan_garcia__esp,Joan Garcia,GK,4000000,3.8393,10.9839,david_cabezas__ecu,David Cabezas,GK,2500000,2.1052,7.2753,1500000,1.7341,3.7086,1.1561,2.4724,0.6565,0.2906,0.5552,0.07,Best high-price GK vs best low-price GK; measures marginal return to spending extra budget at this position.
group_stage,3-4-3,position_marginal_DEF,aymeric_laporte__esp,Aymeric Laporte,DEF,4500000,3.6961,9.771,nathan_ngoy__bel,Nathan Ngoy,DEF,2000000,2.1922,7.3629,2500000,1.5039,2.4081,0.6016,0.9632,0.6055,0.4134,-0.1113,-0.068,Best high-price DEF vs best low-price DEF; measures marginal return to spending extra budget at this position.
group_stage,3-4-3,position_marginal_MID,kerem_akt_rko_lu__tur,Kerem Akturkoglu,MID,4500000,4.9593,15.1592,roberto_alvarado__mex,Roberto Alvarado,MID,2500000,2.8946,8.9636,2000000,2.0647,6.1956,1.0324,3.0978,0.6497,0.8767,0.7103,0.1861,Best high-price MID vs best low-price MID; measures marginal return to spending extra budget at this position.
group_stage,3-4-3,position_marginal_FWD,lautaro_mart_nez__arg,Lautaro Martinez,FWD,8000000,5.2929,14.5687,patrick_agyemang__usa,Patrick Agyemang,FWD,3000000,3.7264,11.1782,5000000,1.5665,3.3905,0.3133,0.6781,0.4403,-0.0396,0.691,0.0488,Best high-price FWD vs best low-price FWD; measures marginal return to spending extra budget at this position.
group_stage,3-4-3,premium_fwd_vs_cheap_fwd,kylian_mbapp__fra,Kylian Mbappe,FWD,10000000,4.7201,12.175,jonathan_david__can,Jonathan David,FWD,4500000,4.9596,14.1381,5500000,-0.2395,-1.9632,-0.0436,-0.3569,-0.4433,-0.8435,0.2089,-0.019,Premium FWD vs cheaper FWD. Positive marginal values indicate the model already rewards premium attacking upside; negative values indicate the cheap/value FWD is ahead on current model output.
group_stage,3-4-3,premium_fwd_vs_cheap_fwd,kylian_mbapp__fra,Kylian Mbappe,FWD,10000000,4.7201,12.175,patrick_agyemang__usa,Patrick Agyemang,FWD,3000000,3.7264,11.1782,7000000,0.9937,0.9968,0.142,0.1424,0.0115,-0.1275,0.1048,0.0939,Premium FWD vs cheaper FWD. Positive marginal values indicate the model already rewards premium attacking upside; negative values indicate the cheap/value FWD is ahead on current model output.
group_stage,3-4-3,premium_fwd_vs_cheap_fwd,kylian_mbapp__fra,Kylian Mbappe,FWD,10000000,4.7201,12.175,marko_arnautovi__aut,Marko Arnautovic,FWD,4500000,4.1,11.0132,5500000,0.6201,1.1618,0.1127,0.2112,-0.5619,1.0657,-0.0188,-0.0108,Premium FWD vs cheaper FWD. Positive marginal values indicate the model already rewards premium attacking upside; negative values indicate the cheap/value FWD is ahead on current model output.
group_stage,3-4-3,premium_fwd_vs_cheap_fwd,kylian_mbapp__fra,Kylian Mbappe,FWD,10000000,4.7201,12.175,brahim_d_az__mar,Brahim Diaz,FWD,4500000,4.179,10.5612,5500000,0.5411,1.6138,0.0984,0.2934,1.0845,0.3197,-1.0628,-0.0073,Premium FWD vs cheaper FWD. Positive marginal values indicate the model already rewards premium attacking upside; negative values indicate the cheap/value FWD is ahead on current model output.
group_stage,3-4-3,premium_fwd_vs_cheap_fwd,harry_kane__eng,Harry Kane,FWD,9500000,4.3139,10.9184,jonathan_david__can,Jonathan David,FWD,4500000,4.9596,14.1381,5000000,-0.6457,-3.2197,-0.1291,-0.6439,-0.9052,-1.096,0.1984,-0.0594,Premium FWD vs cheaper FWD. Positive marginal values indicate the model already rewards premium attacking upside; negative values indicate the cheap/value FWD is ahead on current model output.
group_stage,3-4-3,premium_fwd_vs_cheap_fwd,harry_kane__eng,Harry Kane,FWD,9500000,4.3139,10.9184,patrick_agyemang__usa,Patrick Agyemang,FWD,3000000,3.7264,11.1782,6500000,0.5875,-0.2598,0.0904,-0.04,-0.4503,-0.38,0.0943,0.0535,Premium FWD vs cheaper FWD. Positive marginal values indicate the model already rewards premium attacking upside; negative values indicate the cheap/value FWD is ahead on current model output.
group_stage,3-4-3,premium_fwd_vs_cheap_fwd,harry_kane__eng,Harry Kane,FWD,9500000,4.3139,10.9184,marko_arnautovi__aut,Marko Arnautovic,FWD,4500000,4.1,11.0132,5000000,0.2139,-0.0948,0.0428,-0.019,-1.0237,0.8132,-0.0293,-0.0512,Premium FWD vs cheaper FWD. Positive marginal values indicate the model already rewards premium attacking upside; negative values indicate the cheap/value FWD is ahead on current model output.
group_stage,3-4-3,premium_fwd_vs_cheap_fwd,harry_kane__eng,Harry Kane,FWD,9500000,4.3139,10.9184,brahim_d_az__mar,Brahim Diaz,FWD,4500000,4.179,10.5612,5000000,0.1349,0.3572,0.027,0.0714,0.6226,0.0672,-1.0733,-0.0477,Premium FWD vs cheaper FWD. Positive marginal values indicate the model already rewards premium attacking upside; negative values indicate the cheap/value FWD is ahead on current model output.
group_stage,3-4-3,premium_fwd_vs_cheap_fwd,erling_haaland__nor,Erling Haaland,FWD,8500000,3.9175,9.1425,jonathan_david__can,Jonathan David,FWD,4500000,4.9596,14.1381,4000000,-1.0421,-4.9957,-0.2605,-1.2489,-0.7061,-1.4185,-0.3716,0.0,Premium FWD vs cheaper FWD. Positive marginal values indicate the model already rewards premium attacking upside; negative values indicate the cheap/value FWD is ahead on current model output.
group_stage,3-4-3,premium_fwd_vs_cheap_fwd,erling_haaland__nor,Erling Haaland,FWD,8500000,3.9175,9.1425,patrick_agyemang__usa,Patrick Agyemang,FWD,3000000,3.7264,11.1782,5500000,0.1911,-2.0357,0.0347,-0.3701,-0.2513,-0.7024,-0.4757,0.1129,Premium FWD vs cheaper FWD. Positive marginal values indicate the model already rewards premium attacking upside; negative values indicate the cheap/value FWD is ahead on current model output.
group_stage,3-4-3,premium_fwd_vs_cheap_fwd,erling_haaland__nor,Erling Haaland,FWD,8500000,3.9175,9.1425,marko_arnautovi__aut,Marko Arnautovic,FWD,4500000,4.1,11.0132,4000000,-0.1825,-1.8707,-0.0456,-0.4677,-0.8247,0.4907,-0.5992,0.0082,Premium FWD vs cheaper FWD. Positive marginal values indicate the model already rewards premium attacking upside; negative values indicate the cheap/value FWD is ahead on current model output.
group_stage,3-4-3,premium_fwd_vs_cheap_fwd,erling_haaland__nor,Erling Haaland,FWD,8500000,3.9175,9.1425,brahim_d_az__mar,Brahim Diaz,FWD,4500000,4.179,10.5612,4000000,-0.2615,-1.4187,-0.0654,-0.3547,0.8217,-0.2553,-1.6432,0.0117,Premium FWD vs cheaper FWD. Positive marginal values indicate the model already rewards premium attacking upside; negative values indicate the cheap/value FWD is ahead on current model output.
group_stage,3-4-3,selected_DEF_upgrade,jo_ko_gvardiol__cro,Josko Gvardiol,DEF,3500000,3.1542,8.2844,richie_laryea__can,Richie Laryea,DEF,3000000,3.2087,9.0271,500000,-0.0545,-0.7427,-0.1091,-1.4854,-0.7477,-0.2768,0.6115,-0.007,"Selected DEF spend vs cheaper same-position alternative. If marginal return is low, budget may be better used on FWD ceiling."
group_stage,3-4-3,selected_MID_upgrade,roberto_alvarado__mex,Roberto Alvarado,MID,2500000,2.8946,8.9636,kaan_ayhan__tur,Kaan Ayhan,MID,2000000,1.3836,4.7947,500000,1.511,4.1689,3.0219,8.3379,0.9527,0.6433,0.4597,-0.0954,"Selected MID spend vs cheaper same-position alternative. If marginal return is low, budget may be better used on FWD ceiling."
group_stage,3-4-3,selected_MID_upgrade,oscar_bobb__nor,Oscar Bobb,MID,3000000,3.4248,10.3873,nicolas_seiwald__aut,Nicolas Seiwald,MID,2500000,2.3454,7.8329,500000,1.0795,2.5544,2.1589,5.1087,0.2175,1.045,-0.0988,0.0,"Selected MID spend vs cheaper same-position alternative. If marginal return is low, budget may be better used on FWD ceiling."
group_stage,3-4-3,selected_DEF_upgrade,alex_freeman__usa,Alex Freeman,DEF,2500000,2.5705,7.3485,nathan_ngoy__bel,Nathan Ngoy,DEF,2000000,2.1922,7.3629,500000,0.3783,-0.0144,0.7567,-0.0288,0.2319,0.1157,-0.2981,-0.0533,"Selected DEF spend vs cheaper same-position alternative. If marginal return is low, budget may be better used on FWD ceiling."
group_stage,3-4-3,selected_GK_upgrade,mike_maignan__fra,Mike Maignan,GK,5000000,3.6031,9.5582,joan_garcia__esp,Joan Garcia,GK,4000000,3.8393,10.9839,1000000,-0.2361,-1.4257,-0.2361,-1.4257,-0.5294,-0.1259,-0.1798,-0.02,"Selected GK spend vs cheaper same-position alternative. If marginal return is low, budget may be better used on FWD ceiling."
group_stage,3-4-3,selected_DEF_upgrade,nuno_mendes__por,Nuno Mendes,DEF,4500000,3.572,8.953,nahuel_molina__arg,Nahuel Molina,DEF,4000000,3.5586,9.6825,500000,0.0134,-0.7295,0.0268,-1.459,0.0732,0.2851,-0.4359,-0.0924,"Selected DEF spend vs cheaper same-position alternative. If marginal return is low, budget may be better used on FWD ceiling."
group_stage,3-4-3,selected_MID_upgrade,kerem_akt_rko_lu__tur,Kerem Akturkoglu,MID,4500000,4.9593,15.1592,antonio_nusa__nor,Antonio Nusa,MID,3500000,3.2544,9.0225,1000000,1.7049,6.1367,1.7049,6.1367,0.7479,0.9722,1.0878,0.0218,"Selected MID spend vs cheaper same-position alternative. If marginal return is low, budget may be better used on FWD ceiling."
group_stage,3-4-3,selected_MID_upgrade,tajon_buchanan__can,Tajon Buchanan,MID,3500000,3.5047,9.9958,amar_memi__bih,Amar Memic,MID,3000000,3.0589,8.9394,500000,0.4458,1.0564,0.8916,2.1129,0.6884,1.0731,-1.3773,0.0811,"Selected MID spend vs cheaper same-position alternative. If marginal return is low, budget may be better used on FWD ceiling."
group_stage,3-5-2,position_marginal_GK,joan_garcia__esp,Joan Garcia,GK,4000000,3.8393,10.9839,david_cabezas__ecu,David Cabezas,GK,2500000,2.1052,7.2753,1500000,1.7341,3.7086,1.1561,2.4724,0.6565,0.2906,0.5552,0.07,Best high-price GK vs best low-price GK; measures marginal return to spending extra budget at this position.
group_stage,3-5-2,position_marginal_DEF,aymeric_laporte__esp,Aymeric Laporte,DEF,4500000,3.6961,9.771,nathan_ngoy__bel,Nathan Ngoy,DEF,2000000,2.1922,7.3629,2500000,1.5039,2.4081,0.6016,0.9632,0.6055,0.4134,-0.1113,-0.068,Best high-price DEF vs best low-price DEF; measures marginal return to spending extra budget at this position.
group_stage,3-5-2,position_marginal_MID,kerem_akt_rko_lu__tur,Kerem Akturkoglu,MID,4500000,4.9593,15.1592,roberto_alvarado__mex,Roberto Alvarado,MID,2500000,2.8946,8.9636,2000000,2.0647,6.1956,1.0324,3.0978,0.6497,0.8767,0.7103,0.1861,Best high-price MID vs best low-price MID; measures marginal return to spending extra budget at this position.
group_stage,3-5-2,position_marginal_FWD,lautaro_mart_nez__arg,Lautaro Martinez,FWD,8000000,5.2929,14.5687,patrick_agyemang__usa,Patrick Agyemang,FWD,3000000,3.7264,11.1782,5000000,1.5665,3.3905,0.3133,0.6781,0.4403,-0.0396,0.691,0.0488,Best high-price FWD vs best low-price FWD; measures marginal return to spending extra budget at this position.
group_stage,3-5-2,premium_fwd_vs_cheap_fwd,kylian_mbapp__fra,Kylian Mbappe,FWD,10000000,4.7201,12.175,jonathan_david__can,Jonathan David,FWD,4500000,4.9596,14.1381,5500000,-0.2395,-1.9632,-0.0436,-0.3569,-0.4433,-0.8435,0.2089,-0.019,Premium FWD vs cheaper FWD. Positive marginal values indicate the model already rewards premium attacking upside; negative values indicate the cheap/value FWD is ahead on current model output.
group_stage,3-5-2,premium_fwd_vs_cheap_fwd,kylian_mbapp__fra,Kylian Mbappe,FWD,10000000,4.7201,12.175,patrick_agyemang__usa,Patrick Agyemang,FWD,3000000,3.7264,11.1782,7000000,0.9937,0.9968,0.142,0.1424,0.0115,-0.1275,0.1048,0.0939,Premium FWD vs cheaper FWD. Positive marginal values indicate the model already rewards premium attacking upside; negative values indicate the cheap/value FWD is ahead on current model output.
group_stage,3-5-2,premium_fwd_vs_cheap_fwd,kylian_mbapp__fra,Kylian Mbappe,FWD,10000000,4.7201,12.175,marko_arnautovi__aut,Marko Arnautovic,FWD,4500000,4.1,11.0132,5500000,0.6201,1.1618,0.1127,0.2112,-0.5619,1.0657,-0.0188,-0.0108,Premium FWD vs cheaper FWD. Positive marginal values indicate the model already rewards premium attacking upside; negative values indicate the cheap/value FWD is ahead on current model output.
group_stage,3-5-2,premium_fwd_vs_cheap_fwd,kylian_mbapp__fra,Kylian Mbappe,FWD,10000000,4.7201,12.175,brahim_d_az__mar,Brahim Diaz,FWD,4500000,4.179,10.5612,5500000,0.5411,1.6138,0.0984,0.2934,1.0845,0.3197,-1.0628,-0.0073,Premium FWD vs cheaper FWD. Positive marginal values indicate the model already rewards premium attacking upside; negative values indicate the cheap/value FWD is ahead on current model output.
group_stage,3-5-2,premium_fwd_vs_cheap_fwd,harry_kane__eng,Harry Kane,FWD,9500000,4.3139,10.9184,jonathan_david__can,Jonathan David,FWD,4500000,4.9596,14.1381,5000000,-0.6457,-3.2197,-0.1291,-0.6439,-0.9052,-1.096,0.1984,-0.0594,Premium FWD vs cheaper FWD. Positive marginal values indicate the model already rewards premium attacking upside; negative values indicate the cheap/value FWD is ahead on current model output.
group_stage,3-5-2,premium_fwd_vs_cheap_fwd,harry_kane__eng,Harry Kane,FWD,9500000,4.3139,10.9184,patrick_agyemang__usa,Patrick Agyemang,FWD,3000000,3.7264,11.1782,6500000,0.5875,-0.2598,0.0904,-0.04,-0.4503,-0.38,0.0943,0.0535,Premium FWD vs cheaper FWD. Positive marginal values indicate the model already rewards premium attacking upside; negative values indicate the cheap/value FWD is ahead on current model output.
group_stage,3-5-2,premium_fwd_vs_cheap_fwd,harry_kane__eng,Harry Kane,FWD,9500000,4.3139,10.9184,marko_arnautovi__aut,Marko Arnautovic,FWD,4500000,4.1,11.0132,5000000,0.2139,-0.0948,0.0428,-0.019,-1.0237,0.8132,-0.0293,-0.0512,Premium FWD vs cheaper FWD. Positive marginal values indicate the model already rewards premium attacking upside; negative values indicate the cheap/value FWD is ahead on current model output.
group_stage,3-5-2,premium_fwd_vs_cheap_fwd,harry_kane__eng,Harry Kane,FWD,9500000,4.3139,10.9184,brahim_d_az__mar,Brahim Diaz,FWD,4500000,4.179,10.5612,5000000,0.1349,0.3572,0.027,0.0714,0.6226,0.0672,-1.0733,-0.0477,Premium FWD vs cheaper FWD. Positive marginal values indicate the model already rewards premium attacking upside; negative values indicate the cheap/value FWD is ahead on current model output.
group_stage,3-5-2,premium_fwd_vs_cheap_fwd,erling_haaland__nor,Erling Haaland,FWD,8500000,3.9175,9.1425,jonathan_david__can,Jonathan David,FWD,4500000,4.9596,14.1381,4000000,-1.0421,-4.9957,-0.2605,-1.2489,-0.7061,-1.4185,-0.3716,0.0,Premium FWD vs cheaper FWD. Positive marginal values indicate the model already rewards premium attacking upside; negative values indicate the cheap/value FWD is ahead on current model output.
group_stage,3-5-2,premium_fwd_vs_cheap_fwd,erling_haaland__nor,Erling Haaland,FWD,8500000,3.9175,9.1425,patrick_agyemang__usa,Patrick Agyemang,FWD,3000000,3.7264,11.1782,5500000,0.1911,-2.0357,0.0347,-0.3701,-0.2513,-0.7024,-0.4757,0.1129,Premium FWD vs cheaper FWD. Positive marginal values indicate the model already rewards premium attacking upside; negative values indicate the cheap/value FWD is ahead on current model output.
group_stage,3-5-2,premium_fwd_vs_cheap_fwd,erling_haaland__nor,Erling Haaland,FWD,8500000,3.9175,9.1425,marko_arnautovi__aut,Marko Arnautovic,FWD,4500000,4.1,11.0132,4000000,-0.1825,-1.8707,-0.0456,-0.4677,-0.8247,0.4907,-0.5992,0.0082,Premium FWD vs cheaper FWD. Positive marginal values indicate the model already rewards premium attacking upside; negative values indicate the cheap/value FWD is ahead on current model output.
group_stage,3-5-2,premium_fwd_vs_cheap_fwd,erling_haaland__nor,Erling Haaland,FWD,8500000,3.9175,9.1425,brahim_d_az__mar,Brahim Diaz,FWD,4500000,4.179,10.5612,4000000,-0.2615,-1.4187,-0.0654,-0.3547,0.8217,-0.2553,-1.6432,0.0117,Premium FWD vs cheaper FWD. Positive marginal values indicate the model already rewards premium attacking upside; negative values indicate the cheap/value FWD is ahead on current model output.
group_stage,3-5-2,selected_DEF_upgrade,jo_ko_gvardiol__cro,Josko Gvardiol,DEF,3500000,3.1542,8.2844,richie_laryea__can,Richie Laryea,DEF,3000000,3.2087,9.0271,500000,-0.0545,-0.7427,-0.1091,-1.4854,-0.7477,-0.2768,0.6115,-0.007,"Selected DEF spend vs cheaper same-position alternative. If marginal return is low, budget may be better used on FWD ceiling."
group_stage,3-5-2,selected_MID_upgrade,oscar_bobb__nor,Oscar Bobb,MID,3000000,3.4248,10.3873,roberto_alvarado__mex,Roberto Alvarado,MID,2500000,2.8946,8.9636,500000,0.5303,1.4236,1.0606,2.8473,0.2242,0.1682,-0.2272,0.2454,"Selected MID spend vs cheaper same-position alternative. If marginal return is low, budget may be better used on FWD ceiling."
group_stage,3-5-2,selected_DEF_upgrade,timothy_castagne__bel,Timothy Castagne,DEF,3500000,3.2681,8.4758,richie_laryea__can,Richie Laryea,DEF,3000000,3.2087,9.0271,500000,0.0594,-0.5512,0.1188,-1.1025,-0.2254,-0.4328,0.4524,-0.1092,"Selected DEF spend vs cheaper same-position alternative. If marginal return is low, budget may be better used on FWD ceiling."
group_stage,3-5-2,selected_GK_upgrade,mike_maignan__fra,Mike Maignan,GK,5000000,3.6031,9.5582,joan_garcia__esp,Joan Garcia,GK,4000000,3.8393,10.9839,1000000,-0.2361,-1.4257,-0.2361,-1.4257,-0.5294,-0.1259,-0.1798,-0.02,"Selected GK spend vs cheaper same-position alternative. If marginal return is low, budget may be better used on FWD ceiling."
group_stage,3-5-2,selected_DEF_upgrade,nuno_mendes__por,Nuno Mendes,DEF,4500000,3.572,8.953,nahuel_molina__arg,Nahuel Molina,DEF,4000000,3.5586,9.6825,500000,0.0134,-0.7295,0.0268,-1.459,0.0732,0.2851,-0.4359,-0.0924,"Selected DEF spend vs cheaper same-position alternative. If marginal return is low, budget may be better used on FWD ceiling."
group_stage,3-5-2,selected_MID_upgrade,kerem_akt_rko_lu__tur,Kerem Akturkoglu,MID,4500000,4.9593,15.1592,antonio_nusa__nor,Antonio Nusa,MID,3500000,3.2544,9.0225,1000000,1.7049,6.1367,1.7049,6.1367,0.7479,0.9722,1.0878,0.0218,"Selected MID spend vs cheaper same-position alternative. If marginal return is low, budget may be better used on FWD ceiling."
group_stage,3-5-2,selected_MID_upgrade,tajon_buchanan__can,Tajon Buchanan,MID,3500000,3.5047,9.9958,roberto_alvarado__mex,Roberto Alvarado,MID,2500000,2.8946,8.9636,1000000,0.6102,1.0322,0.6102,1.0322,-0.2076,0.4582,-0.3665,0.2454,"Selected MID spend vs cheaper same-position alternative. If marginal return is low, budget may be better used on FWD ceiling."
group_stage,3-5-2,selected_MID_upgrade,morgan_rogers__eng,Morgan Rogers,MID,5500000,3.3018,8.7538,antonio_nusa__nor,Antonio Nusa,MID,3500000,3.2544,9.0225,2000000,0.0475,-0.2688,0.0237,-0.1344,-0.5853,-0.0521,0.3041,0.0811,"Selected MID spend vs cheaper same-position alternative. If marginal return is low, budget may be better used on FWD ceiling."
group_stage,3-5-2,selected_MID_upgrade,arda_g_ler__tur,Arda Güler,MID,4500000,3.6502,9.9976,antonio_nusa__nor,Antonio Nusa,MID,3500000,3.2544,9.0225,1000000,0.3958,0.9751,0.3958,0.9751,-0.1237,0.1323,0.4191,0.0202,"Selected MID spend vs cheaper same-position alternative. If marginal return is low, budget may be better used on FWD ceiling."
group_stage,4-3-3,position_marginal_GK,joan_garcia__esp,Joan Garcia,GK,4000000,3.8393,10.9839,david_cabezas__ecu,David Cabezas,GK,2500000,2.1052,7.2753,1500000,1.7341,3.7086,1.1561,2.4724,0.6565,0.2906,0.5552,0.07,Best high-price GK vs best low-price GK; measures marginal return to spending extra budget at this position.
group_stage,4-3-3,position_marginal_DEF,aymeric_laporte__esp,Aymeric Laporte,DEF,4500000,3.6961,9.771,nathan_ngoy__bel,Nathan Ngoy,DEF,2000000,2.1922,7.3629,2500000,1.5039,2.4081,0.6016,0.9632,0.6055,0.4134,-0.1113,-0.068,Best high-price DEF vs best low-price DEF; measures marginal return to spending extra budget at this position.
group_stage,4-3-3,position_marginal_MID,kerem_akt_rko_lu__tur,Kerem Akturkoglu,MID,4500000,4.9593,15.1592,roberto_alvarado__mex,Roberto Alvarado,MID,2500000,2.8946,8.9636,2000000,2.0647,6.1956,1.0324,3.0978,0.6497,0.8767,0.7103,0.1861,Best high-price MID vs best low-price MID; measures marginal return to spending extra budget at this position.
group_stage,4-3-3,position_marginal_FWD,lautaro_mart_nez__arg,Lautaro Martinez,FWD,8000000,5.2929,14.5687,patrick_agyemang__usa,Patrick Agyemang,FWD,3000000,3.7264,11.1782,5000000,1.5665,3.3905,0.3133,0.6781,0.4403,-0.0396,0.691,0.0488,Best high-price FWD vs best low-price FWD; measures marginal return to spending extra budget at this position.
group_stage,4-3-3,premium_fwd_vs_cheap_fwd,kylian_mbapp__fra,Kylian Mbappe,FWD,10000000,4.7201,12.175,jonathan_david__can,Jonathan David,FWD,4500000,4.9596,14.1381,5500000,-0.2395,-1.9632,-0.0436,-0.3569,-0.4433,-0.8435,0.2089,-0.019,Premium FWD vs cheaper FWD. Positive marginal values indicate the model already rewards premium attacking upside; negative values indicate the cheap/value FWD is ahead on current model output.
group_stage,4-3-3,premium_fwd_vs_cheap_fwd,kylian_mbapp__fra,Kylian Mbappe,FWD,10000000,4.7201,12.175,patrick_agyemang__usa,Patrick Agyemang,FWD,3000000,3.7264,11.1782,7000000,0.9937,0.9968,0.142,0.1424,0.0115,-0.1275,0.1048,0.0939,Premium FWD vs cheaper FWD. Positive marginal values indicate the model already rewards premium attacking upside; negative values indicate the cheap/value FWD is ahead on current model output.
group_stage,4-3-3,premium_fwd_vs_cheap_fwd,kylian_mbapp__fra,Kylian Mbappe,FWD,10000000,4.7201,12.175,marko_arnautovi__aut,Marko Arnautovic,FWD,4500000,4.1,11.0132,5500000,0.6201,1.1618,0.1127,0.2112,-0.5619,1.0657,-0.0188,-0.0108,Premium FWD vs cheaper FWD. Positive marginal values indicate the model already rewards premium attacking upside; negative values indicate the cheap/value FWD is ahead on current model output.
group_stage,4-3-3,premium_fwd_vs_cheap_fwd,kylian_mbapp__fra,Kylian Mbappe,FWD,10000000,4.7201,12.175,brahim_d_az__mar,Brahim Diaz,FWD,4500000,4.179,10.5612,5500000,0.5411,1.6138,0.0984,0.2934,1.0845,0.3197,-1.0628,-0.0073,Premium FWD vs cheaper FWD. Positive marginal values indicate the model already rewards premium attacking upside; negative values indicate the cheap/value FWD is ahead on current model output.
group_stage,4-3-3,premium_fwd_vs_cheap_fwd,harry_kane__eng,Harry Kane,FWD,9500000,4.3139,10.9184,jonathan_david__can,Jonathan David,FWD,4500000,4.9596,14.1381,5000000,-0.6457,-3.2197,-0.1291,-0.6439,-0.9052,-1.096,0.1984,-0.0594,Premium FWD vs cheaper FWD. Positive marginal values indicate the model already rewards premium attacking upside; negative values indicate the cheap/value FWD is ahead on current model output.
group_stage,4-3-3,premium_fwd_vs_cheap_fwd,harry_kane__eng,Harry Kane,FWD,9500000,4.3139,10.9184,patrick_agyemang__usa,Patrick Agyemang,FWD,3000000,3.7264,11.1782,6500000,0.5875,-0.2598,0.0904,-0.04,-0.4503,-0.38,0.0943,0.0535,Premium FWD vs cheaper FWD. Positive marginal values indicate the model already rewards premium attacking upside; negative values indicate the cheap/value FWD is ahead on current model output.
group_stage,4-3-3,premium_fwd_vs_cheap_fwd,harry_kane__eng,Harry Kane,FWD,9500000,4.3139,10.9184,marko_arnautovi__aut,Marko Arnautovic,FWD,4500000,4.1,11.0132,5000000,0.2139,-0.0948,0.0428,-0.019,-1.0237,0.8132,-0.0293,-0.0512,Premium FWD vs cheaper FWD. Positive marginal values indicate the model already rewards premium attacking upside; negative values indicate the cheap/value FWD is ahead on current model output.
group_stage,4-3-3,premium_fwd_vs_cheap_fwd,harry_kane__eng,Harry Kane,FWD,9500000,4.3139,10.9184,brahim_d_az__mar,Brahim Diaz,FWD,4500000,4.179,10.5612,5000000,0.1349,0.3572,0.027,0.0714,0.6226,0.0672,-1.0733,-0.0477,Premium FWD vs cheaper FWD. Positive marginal values indicate the model already rewards premium attacking upside; negative values indicate the cheap/value FWD is ahead on current model output.
group_stage,4-3-3,premium_fwd_vs_cheap_fwd,erling_haaland__nor,Erling Haaland,FWD,8500000,3.9175,9.1425,jonathan_david__can,Jonathan David,FWD,4500000,4.9596,14.1381,4000000,-1.0421,-4.9957,-0.2605,-1.2489,-0.7061,-1.4185,-0.3716,0.0,Premium FWD vs cheaper FWD. Positive marginal values indicate the model already rewards premium attacking upside; negative values indicate the cheap/value FWD is ahead on current model output.
group_stage,4-3-3,premium_fwd_vs_cheap_fwd,erling_haaland__nor,Erling Haaland,FWD,8500000,3.9175,9.1425,patrick_agyemang__usa,Patrick Agyemang,FWD,3000000,3.7264,11.1782,5500000,0.1911,-2.0357,0.0347,-0.3701,-0.2513,-0.7024,-0.4757,0.1129,Premium FWD vs cheaper FWD. Positive marginal values indicate the model already rewards premium attacking upside; negative values indicate the cheap/value FWD is ahead on current model output.
group_stage,4-3-3,premium_fwd_vs_cheap_fwd,erling_haaland__nor,Erling Haaland,FWD,8500000,3.9175,9.1425,marko_arnautovi__aut,Marko Arnautovic,FWD,4500000,4.1,11.0132,4000000,-0.1825,-1.8707,-0.0456,-0.4677,-0.8247,0.4907,-0.5992,0.0082,Premium FWD vs cheaper FWD. Positive marginal values indicate the model already rewards premium attacking upside; negative values indicate the cheap/value FWD is ahead on current model output.
group_stage,4-3-3,premium_fwd_vs_cheap_fwd,erling_haaland__nor,Erling Haaland,FWD,8500000,3.9175,9.1425,brahim_d_az__mar,Brahim Diaz,FWD,4500000,4.179,10.5612,4000000,-0.2615,-1.4187,-0.0654,-0.3547,0.8217,-0.2553,-1.6432,0.0117,Premium FWD vs cheaper FWD. Positive marginal values indicate the model already rewards premium attacking upside; negative values indicate the cheap/value FWD is ahead on current model output.
group_stage,4-3-3,selected_DEF_upgrade,jo_ko_gvardiol__cro,Josko Gvardiol,DEF,3500000,3.1542,8.2844,richie_laryea__can,Richie Laryea,DEF,3000000,3.2087,9.0271,500000,-0.0545,-0.7427,-0.1091,-1.4854,-0.7477,-0.2768,0.6115,-0.007,"Selected DEF spend vs cheaper same-position alternative. If marginal return is low, budget may be better used on FWD ceiling."
group_stage,4-3-3,selected_MID_upgrade,oscar_bobb__nor,Oscar Bobb,MID,3000000,3.4248,10.3873,roberto_alvarado__mex,Roberto Alvarado,MID,2500000,2.8946,8.9636,500000,0.5303,1.4236,1.0606,2.8473,0.2242,0.1682,-0.2272,0.2454,"Selected MID spend vs cheaper same-position alternative. If marginal return is low, budget may be better used on FWD ceiling."
group_stage,4-3-3,selected_DEF_upgrade,alex_freeman__usa,Alex Freeman,DEF,2500000,2.5705,7.3485,nathan_ngoy__bel,Nathan Ngoy,DEF,2000000,2.1922,7.3629,500000,0.3783,-0.0144,0.7567,-0.0288,0.2319,0.1157,-0.2981,-0.0533,"Selected DEF spend vs cheaper same-position alternative. If marginal return is low, budget may be better used on FWD ceiling."
group_stage,4-3-3,selected_GK_upgrade,mike_maignan__fra,Mike Maignan,GK,5000000,3.6031,9.5582,joan_garcia__esp,Joan Garcia,GK,4000000,3.8393,10.9839,1000000,-0.2361,-1.4257,-0.2361,-1.4257,-0.5294,-0.1259,-0.1798,-0.02,"Selected GK spend vs cheaper same-position alternative. If marginal return is low, budget may be better used on FWD ceiling."
group_stage,4-3-3,selected_DEF_upgrade,max_arfsten__usa,Max Arfsten,DEF,3000000,3.1148,8.4204,nathan_ngoy__bel,Nathan Ngoy,DEF,2000000,2.1922,7.3629,1000000,0.9226,1.0575,0.9226,1.0575,0.365,0.2663,-0.22,-0.1033,"Selected DEF spend vs cheaper same-position alternative. If marginal return is low, budget may be better used on FWD ceiling."
group_stage,4-3-3,selected_MID_upgrade,kerem_akt_rko_lu__tur,Kerem Akturkoglu,MID,4500000,4.9593,15.1592,antonio_nusa__nor,Antonio Nusa,MID,3500000,3.2544,9.0225,1000000,1.7049,6.1367,1.7049,6.1367,0.7479,0.9722,1.0878,0.0218,"Selected MID spend vs cheaper same-position alternative. If marginal return is low, budget may be better used on FWD ceiling."
group_stage,4-3-3,selected_MID_upgrade,tajon_buchanan__can,Tajon Buchanan,MID,3500000,3.5047,9.9958,roberto_alvarado__mex,Roberto Alvarado,MID,2500000,2.8946,8.9636,1000000,0.6102,1.0322,0.6102,1.0322,-0.2076,0.4582,-0.3665,0.2454,"Selected MID spend vs cheaper same-position alternative. If marginal return is low, budget may be better used on FWD ceiling."
group_stage,4-3-3,selected_DEF_upgrade,nuno_mendes__por,Nuno Mendes,DEF,4500000,3.572,8.953,nahuel_molina__arg,Nahuel Molina,DEF,4000000,3.5586,9.6825,500000,0.0134,-0.7295,0.0268,-1.459,0.0732,0.2851,-0.4359,-0.0924,"Selected DEF spend vs cheaper same-position alternative. If marginal return is low, budget may be better used on FWD ceiling."
group_stage,4-4-2,position_marginal_GK,joan_garcia__esp,Joan Garcia,GK,4000000,3.8393,10.9839,david_cabezas__ecu,David Cabezas,GK,2500000,2.1052,7.2753,1500000,1.7341,3.7086,1.1561,2.4724,0.6565,0.2906,0.5552,0.07,Best high-price GK vs best low-price GK; measures marginal return to spending extra budget at this position.
group_stage,4-4-2,position_marginal_DEF,aymeric_laporte__esp,Aymeric Laporte,DEF,4500000,3.6961,9.771,nathan_ngoy__bel,Nathan Ngoy,DEF,2000000,2.1922,7.3629,2500000,1.5039,2.4081,0.6016,0.9632,0.6055,0.4134,-0.1113,-0.068,Best high-price DEF vs best low-price DEF; measures marginal return to spending extra budget at this position.
group_stage,4-4-2,position_marginal_MID,kerem_akt_rko_lu__tur,Kerem Akturkoglu,MID,4500000,4.9593,15.1592,roberto_alvarado__mex,Roberto Alvarado,MID,2500000,2.8946,8.9636,2000000,2.0647,6.1956,1.0324,3.0978,0.6497,0.8767,0.7103,0.1861,Best high-price MID vs best low-price MID; measures marginal return to spending extra budget at this position.
group_stage,4-4-2,position_marginal_FWD,lautaro_mart_nez__arg,Lautaro Martinez,FWD,8000000,5.2929,14.5687,patrick_agyemang__usa,Patrick Agyemang,FWD,3000000,3.7264,11.1782,5000000,1.5665,3.3905,0.3133,0.6781,0.4403,-0.0396,0.691,0.0488,Best high-price FWD vs best low-price FWD; measures marginal return to spending extra budget at this position.
group_stage,4-4-2,premium_fwd_vs_cheap_fwd,kylian_mbapp__fra,Kylian Mbappe,FWD,10000000,4.7201,12.175,jonathan_david__can,Jonathan David,FWD,4500000,4.9596,14.1381,5500000,-0.2395,-1.9632,-0.0436,-0.3569,-0.4433,-0.8435,0.2089,-0.019,Premium FWD vs cheaper FWD. Positive marginal values indicate the model already rewards premium attacking upside; negative values indicate the cheap/value FWD is ahead on current model output.
group_stage,4-4-2,premium_fwd_vs_cheap_fwd,kylian_mbapp__fra,Kylian Mbappe,FWD,10000000,4.7201,12.175,patrick_agyemang__usa,Patrick Agyemang,FWD,3000000,3.7264,11.1782,7000000,0.9937,0.9968,0.142,0.1424,0.0115,-0.1275,0.1048,0.0939,Premium FWD vs cheaper FWD. Positive marginal values indicate the model already rewards premium attacking upside; negative values indicate the cheap/value FWD is ahead on current model output.
group_stage,4-4-2,premium_fwd_vs_cheap_fwd,kylian_mbapp__fra,Kylian Mbappe,FWD,10000000,4.7201,12.175,marko_arnautovi__aut,Marko Arnautovic,FWD,4500000,4.1,11.0132,5500000,0.6201,1.1618,0.1127,0.2112,-0.5619,1.0657,-0.0188,-0.0108,Premium FWD vs cheaper FWD. Positive marginal values indicate the model already rewards premium attacking upside; negative values indicate the cheap/value FWD is ahead on current model output.
group_stage,4-4-2,premium_fwd_vs_cheap_fwd,kylian_mbapp__fra,Kylian Mbappe,FWD,10000000,4.7201,12.175,brahim_d_az__mar,Brahim Diaz,FWD,4500000,4.179,10.5612,5500000,0.5411,1.6138,0.0984,0.2934,1.0845,0.3197,-1.0628,-0.0073,Premium FWD vs cheaper FWD. Positive marginal values indicate the model already rewards premium attacking upside; negative values indicate the cheap/value FWD is ahead on current model output.
group_stage,4-4-2,premium_fwd_vs_cheap_fwd,harry_kane__eng,Harry Kane,FWD,9500000,4.3139,10.9184,jonathan_david__can,Jonathan David,FWD,4500000,4.9596,14.1381,5000000,-0.6457,-3.2197,-0.1291,-0.6439,-0.9052,-1.096,0.1984,-0.0594,Premium FWD vs cheaper FWD. Positive marginal values indicate the model already rewards premium attacking upside; negative values indicate the cheap/value FWD is ahead on current model output.
group_stage,4-4-2,premium_fwd_vs_cheap_fwd,harry_kane__eng,Harry Kane,FWD,9500000,4.3139,10.9184,patrick_agyemang__usa,Patrick Agyemang,FWD,3000000,3.7264,11.1782,6500000,0.5875,-0.2598,0.0904,-0.04,-0.4503,-0.38,0.0943,0.0535,Premium FWD vs cheaper FWD. Positive marginal values indicate the model already rewards premium attacking upside; negative values indicate the cheap/value FWD is ahead on current model output.
group_stage,4-4-2,premium_fwd_vs_cheap_fwd,harry_kane__eng,Harry Kane,FWD,9500000,4.3139,10.9184,marko_arnautovi__aut,Marko Arnautovic,FWD,4500000,4.1,11.0132,5000000,0.2139,-0.0948,0.0428,-0.019,-1.0237,0.8132,-0.0293,-0.0512,Premium FWD vs cheaper FWD. Positive marginal values indicate the model already rewards premium attacking upside; negative values indicate the cheap/value FWD is ahead on current model output.
group_stage,4-4-2,premium_fwd_vs_cheap_fwd,harry_kane__eng,Harry Kane,FWD,9500000,4.3139,10.9184,brahim_d_az__mar,Brahim Diaz,FWD,4500000,4.179,10.5612,5000000,0.1349,0.3572,0.027,0.0714,0.6226,0.0672,-1.0733,-0.0477,Premium FWD vs cheaper FWD. Positive marginal values indicate the model already rewards premium attacking upside; negative values indicate the cheap/value FWD is ahead on current model output.
group_stage,4-4-2,premium_fwd_vs_cheap_fwd,erling_haaland__nor,Erling Haaland,FWD,8500000,3.9175,9.1425,jonathan_david__can,Jonathan David,FWD,4500000,4.9596,14.1381,4000000,-1.0421,-4.9957,-0.2605,-1.2489,-0.7061,-1.4185,-0.3716,0.0,Premium FWD vs cheaper FWD. Positive marginal values indicate the model already rewards premium attacking upside; negative values indicate the cheap/value FWD is ahead on current model output.
group_stage,4-4-2,premium_fwd_vs_cheap_fwd,erling_haaland__nor,Erling Haaland,FWD,8500000,3.9175,9.1425,patrick_agyemang__usa,Patrick Agyemang,FWD,3000000,3.7264,11.1782,5500000,0.1911,-2.0357,0.0347,-0.3701,-0.2513,-0.7024,-0.4757,0.1129,Premium FWD vs cheaper FWD. Positive marginal values indicate the model already rewards premium attacking upside; negative values indicate the cheap/value FWD is ahead on current model output.
group_stage,4-4-2,premium_fwd_vs_cheap_fwd,erling_haaland__nor,Erling Haaland,FWD,8500000,3.9175,9.1425,marko_arnautovi__aut,Marko Arnautovic,FWD,4500000,4.1,11.0132,4000000,-0.1825,-1.8707,-0.0456,-0.4677,-0.8247,0.4907,-0.5992,0.0082,Premium FWD vs cheaper FWD. Positive marginal values indicate the model already rewards premium attacking upside; negative values indicate the cheap/value FWD is ahead on current model output.
group_stage,4-4-2,premium_fwd_vs_cheap_fwd,erling_haaland__nor,Erling Haaland,FWD,8500000,3.9175,9.1425,brahim_d_az__mar,Brahim Diaz,FWD,4500000,4.179,10.5612,4000000,-0.2615,-1.4187,-0.0654,-0.3547,0.8217,-0.2553,-1.6432,0.0117,Premium FWD vs cheaper FWD. Positive marginal values indicate the model already rewards premium attacking upside; negative values indicate the cheap/value FWD is ahead on current model output.
group_stage,4-4-2,selected_DEF_upgrade,jo_ko_gvardiol__cro,Josko Gvardiol,DEF,3500000,3.1542,8.2844,richie_laryea__can,Richie Laryea,DEF,3000000,3.2087,9.0271,500000,-0.0545,-0.7427,-0.1091,-1.4854,-0.7477,-0.2768,0.6115,-0.007,"Selected DEF spend vs cheaper same-position alternative. If marginal return is low, budget may be better used on FWD ceiling."
group_stage,4-4-2,selected_MID_upgrade,oscar_bobb__nor,Oscar Bobb,MID,3000000,3.4248,10.3873,roberto_alvarado__mex,Roberto Alvarado,MID,2500000,2.8946,8.9636,500000,0.5303,1.4236,1.0606,2.8473,0.2242,0.1682,-0.2272,0.2454,"Selected MID spend vs cheaper same-position alternative. If marginal return is low, budget may be better used on FWD ceiling."
group_stage,4-4-2,selected_DEF_upgrade,alex_freeman__usa,Alex Freeman,DEF,2500000,2.5705,7.3485,nathan_ngoy__bel,Nathan Ngoy,DEF,2000000,2.1922,7.3629,500000,0.3783,-0.0144,0.7567,-0.0288,0.2319,0.1157,-0.2981,-0.0533,"Selected DEF spend vs cheaper same-position alternative. If marginal return is low, budget may be better used on FWD ceiling."
group_stage,4-4-2,selected_GK_upgrade,mike_maignan__fra,Mike Maignan,GK,5000000,3.6031,9.5582,joan_garcia__esp,Joan Garcia,GK,4000000,3.8393,10.9839,1000000,-0.2361,-1.4257,-0.2361,-1.4257,-0.5294,-0.1259,-0.1798,-0.02,"Selected GK spend vs cheaper same-position alternative. If marginal return is low, budget may be better used on FWD ceiling."
group_stage,4-4-2,selected_DEF_upgrade,max_arfsten__usa,Max Arfsten,DEF,3000000,3.1148,8.4204,nathan_ngoy__bel,Nathan Ngoy,DEF,2000000,2.1922,7.3629,1000000,0.9226,1.0575,0.9226,1.0575,0.365,0.2663,-0.22,-0.1033,"Selected DEF spend vs cheaper same-position alternative. If marginal return is low, budget may be better used on FWD ceiling."
group_stage,4-4-2,selected_MID_upgrade,kerem_akt_rko_lu__tur,Kerem Akturkoglu,MID,4500000,4.9593,15.1592,antonio_nusa__nor,Antonio Nusa,MID,3500000,3.2544,9.0225,1000000,1.7049,6.1367,1.7049,6.1367,0.7479,0.9722,1.0878,0.0218,"Selected MID spend vs cheaper same-position alternative. If marginal return is low, budget may be better used on FWD ceiling."
group_stage,4-4-2,selected_MID_upgrade,tajon_buchanan__can,Tajon Buchanan,MID,3500000,3.5047,9.9958,roberto_alvarado__mex,Roberto Alvarado,MID,2500000,2.8946,8.9636,1000000,0.6102,1.0322,0.6102,1.0322,-0.2076,0.4582,-0.3665,0.2454,"Selected MID spend vs cheaper same-position alternative. If marginal return is low, budget may be better used on FWD ceiling."
group_stage,4-4-2,selected_DEF_upgrade,nuno_mendes__por,Nuno Mendes,DEF,4500000,3.572,8.953,nahuel_molina__arg,Nahuel Molina,DEF,4000000,3.5586,9.6825,500000,0.0134,-0.7295,0.0268,-1.459,0.0732,0.2851,-0.4359,-0.0924,"Selected DEF spend vs cheaper same-position alternative. If marginal return is low, budget may be better used on FWD ceiling."
group_stage,4-4-2,selected_MID_upgrade,arda_g_ler__tur,Arda Güler,MID,4500000,3.6502,9.9976,antonio_nusa__nor,Antonio Nusa,MID,3500000,3.2544,9.0225,1000000,0.3958,0.9751,0.3958,0.9751,-0.1237,0.1323,0.4191,0.0202,"Selected MID spend vs cheaper same-position alternative. If marginal return is low, budget may be better used on FWD ceiling."
group_stage,4-5-1,position_marginal_GK,joan_garcia__esp,Joan Garcia,GK,4000000,3.8393,10.9839,david_cabezas__ecu,David Cabezas,GK,2500000,2.1052,7.2753,1500000,1.7341,3.7086,1.1561,2.4724,0.6565,0.2906,0.5552,0.07,Best high-price GK vs best low-price GK; measures marginal return to spending extra budget at this position.
group_stage,4-5-1,position_marginal_DEF,aymeric_laporte__esp,Aymeric Laporte,DEF,4500000,3.6961,9.771,nathan_ngoy__bel,Nathan Ngoy,DEF,2000000,2.1922,7.3629,2500000,1.5039,2.4081,0.6016,0.9632,0.6055,0.4134,-0.1113,-0.068,Best high-price DEF vs best low-price DEF; measures marginal return to spending extra budget at this position.
group_stage,4-5-1,position_marginal_MID,kerem_akt_rko_lu__tur,Kerem Akturkoglu,MID,4500000,4.9593,15.1592,roberto_alvarado__mex,Roberto Alvarado,MID,2500000,2.8946,8.9636,2000000,2.0647,6.1956,1.0324,3.0978,0.6497,0.8767,0.7103,0.1861,Best high-price MID vs best low-price MID; measures marginal return to spending extra budget at this position.
group_stage,4-5-1,position_marginal_FWD,lautaro_mart_nez__arg,Lautaro Martinez,FWD,8000000,5.2929,14.5687,patrick_agyemang__usa,Patrick Agyemang,FWD,3000000,3.7264,11.1782,5000000,1.5665,3.3905,0.3133,0.6781,0.4403,-0.0396,0.691,0.0488,Best high-price FWD vs best low-price FWD; measures marginal return to spending extra budget at this position.
group_stage,4-5-1,premium_fwd_vs_cheap_fwd,kylian_mbapp__fra,Kylian Mbappe,FWD,10000000,4.7201,12.175,jonathan_david__can,Jonathan David,FWD,4500000,4.9596,14.1381,5500000,-0.2395,-1.9632,-0.0436,-0.3569,-0.4433,-0.8435,0.2089,-0.019,Premium FWD vs cheaper FWD. Positive marginal values indicate the model already rewards premium attacking upside; negative values indicate the cheap/value FWD is ahead on current model output.
group_stage,4-5-1,premium_fwd_vs_cheap_fwd,kylian_mbapp__fra,Kylian Mbappe,FWD,10000000,4.7201,12.175,patrick_agyemang__usa,Patrick Agyemang,FWD,3000000,3.7264,11.1782,7000000,0.9937,0.9968,0.142,0.1424,0.0115,-0.1275,0.1048,0.0939,Premium FWD vs cheaper FWD. Positive marginal values indicate the model already rewards premium attacking upside; negative values indicate the cheap/value FWD is ahead on current model output.
group_stage,4-5-1,premium_fwd_vs_cheap_fwd,kylian_mbapp__fra,Kylian Mbappe,FWD,10000000,4.7201,12.175,marko_arnautovi__aut,Marko Arnautovic,FWD,4500000,4.1,11.0132,5500000,0.6201,1.1618,0.1127,0.2112,-0.5619,1.0657,-0.0188,-0.0108,Premium FWD vs cheaper FWD. Positive marginal values indicate the model already rewards premium attacking upside; negative values indicate the cheap/value FWD is ahead on current model output.
group_stage,4-5-1,premium_fwd_vs_cheap_fwd,kylian_mbapp__fra,Kylian Mbappe,FWD,10000000,4.7201,12.175,brahim_d_az__mar,Brahim Diaz,FWD,4500000,4.179,10.5612,5500000,0.5411,1.6138,0.0984,0.2934,1.0845,0.3197,-1.0628,-0.0073,Premium FWD vs cheaper FWD. Positive marginal values indicate the model already rewards premium attacking upside; negative values indicate the cheap/value FWD is ahead on current model output.
group_stage,4-5-1,premium_fwd_vs_cheap_fwd,harry_kane__eng,Harry Kane,FWD,9500000,4.3139,10.9184,jonathan_david__can,Jonathan David,FWD,4500000,4.9596,14.1381,5000000,-0.6457,-3.2197,-0.1291,-0.6439,-0.9052,-1.096,0.1984,-0.0594,Premium FWD vs cheaper FWD. Positive marginal values indicate the model already rewards premium attacking upside; negative values indicate the cheap/value FWD is ahead on current model output.
group_stage,4-5-1,premium_fwd_vs_cheap_fwd,harry_kane__eng,Harry Kane,FWD,9500000,4.3139,10.9184,patrick_agyemang__usa,Patrick Agyemang,FWD,3000000,3.7264,11.1782,6500000,0.5875,-0.2598,0.0904,-0.04,-0.4503,-0.38,0.0943,0.0535,Premium FWD vs cheaper FWD. Positive marginal values indicate the model already rewards premium attacking upside; negative values indicate the cheap/value FWD is ahead on current model output.
group_stage,4-5-1,premium_fwd_vs_cheap_fwd,harry_kane__eng,Harry Kane,FWD,9500000,4.3139,10.9184,marko_arnautovi__aut,Marko Arnautovic,FWD,4500000,4.1,11.0132,5000000,0.2139,-0.0948,0.0428,-0.019,-1.0237,0.8132,-0.0293,-0.0512,Premium FWD vs cheaper FWD. Positive marginal values indicate the model already rewards premium attacking upside; negative values indicate the cheap/value FWD is ahead on current model output.
group_stage,4-5-1,premium_fwd_vs_cheap_fwd,harry_kane__eng,Harry Kane,FWD,9500000,4.3139,10.9184,brahim_d_az__mar,Brahim Diaz,FWD,4500000,4.179,10.5612,5000000,0.1349,0.3572,0.027,0.0714,0.6226,0.0672,-1.0733,-0.0477,Premium FWD vs cheaper FWD. Positive marginal values indicate the model already rewards premium attacking upside; negative values indicate the cheap/value FWD is ahead on current model output.
group_stage,4-5-1,premium_fwd_vs_cheap_fwd,erling_haaland__nor,Erling Haaland,FWD,8500000,3.9175,9.1425,jonathan_david__can,Jonathan David,FWD,4500000,4.9596,14.1381,4000000,-1.0421,-4.9957,-0.2605,-1.2489,-0.7061,-1.4185,-0.3716,0.0,Premium FWD vs cheaper FWD. Positive marginal values indicate the model already rewards premium attacking upside; negative values indicate the cheap/value FWD is ahead on current model output.
group_stage,4-5-1,premium_fwd_vs_cheap_fwd,erling_haaland__nor,Erling Haaland,FWD,8500000,3.9175,9.1425,patrick_agyemang__usa,Patrick Agyemang,FWD,3000000,3.7264,11.1782,5500000,0.1911,-2.0357,0.0347,-0.3701,-0.2513,-0.7024,-0.4757,0.1129,Premium FWD vs cheaper FWD. Positive marginal values indicate the model already rewards premium attacking upside; negative values indicate the cheap/value FWD is ahead on current model output.
group_stage,4-5-1,premium_fwd_vs_cheap_fwd,erling_haaland__nor,Erling Haaland,FWD,8500000,3.9175,9.1425,marko_arnautovi__aut,Marko Arnautovic,FWD,4500000,4.1,11.0132,4000000,-0.1825,-1.8707,-0.0456,-0.4677,-0.8247,0.4907,-0.5992,0.0082,Premium FWD vs cheaper FWD. Positive marginal values indicate the model already rewards premium attacking upside; negative values indicate the cheap/value FWD is ahead on current model output.
group_stage,4-5-1,premium_fwd_vs_cheap_fwd,erling_haaland__nor,Erling Haaland,FWD,8500000,3.9175,9.1425,brahim_d_az__mar,Brahim Diaz,FWD,4500000,4.179,10.5612,4000000,-0.2615,-1.4187,-0.0654,-0.3547,0.8217,-0.2553,-1.6432,0.0117,Premium FWD vs cheaper FWD. Positive marginal values indicate the model already rewards premium attacking upside; negative values indicate the cheap/value FWD is ahead on current model output.
group_stage,4-5-1,selected_DEF_upgrade,jo_ko_gvardiol__cro,Josko Gvardiol,DEF,3500000,3.1542,8.2844,richie_laryea__can,Richie Laryea,DEF,3000000,3.2087,9.0271,500000,-0.0545,-0.7427,-0.1091,-1.4854,-0.7477,-0.2768,0.6115,-0.007,"Selected DEF spend vs cheaper same-position alternative. If marginal return is low, budget may be better used on FWD ceiling."
group_stage,4-5-1,selected_MID_upgrade,bruno_fernandes__por,Bruno Fernandes,MID,7000000,3.3219,8.5791,antonio_nusa__nor,Antonio Nusa,MID,3500000,3.2544,9.0225,3500000,0.0675,-0.4434,0.0193,-0.1267,-0.3352,-0.04,0.0246,-0.0189,"Selected MID spend vs cheaper same-position alternative. If marginal return is low, budget may be better used on FWD ceiling."
group_stage,4-5-1,selected_MID_upgrade,oscar_bobb__nor,Oscar Bobb,MID,3000000,3.4248,10.3873,roberto_alvarado__mex,Roberto Alvarado,MID,2500000,2.8946,8.9636,500000,0.5303,1.4236,1.0606,2.8473,0.2242,0.1682,-0.2272,0.2454,"Selected MID spend vs cheaper same-position alternative. If marginal return is low, budget may be better used on FWD ceiling."
group_stage,4-5-1,selected_DEF_upgrade,timothy_castagne__bel,Timothy Castagne,DEF,3500000,3.2681,8.4758,richie_laryea__can,Richie Laryea,DEF,3000000,3.2087,9.0271,500000,0.0594,-0.5512,0.1188,-1.1025,-0.2254,-0.4328,0.4524,-0.1092,"Selected DEF spend vs cheaper same-position alternative. If marginal return is low, budget may be better used on FWD ceiling."
group_stage,4-5-1,selected_DEF_upgrade,alex_freeman__usa,Alex Freeman,DEF,2500000,2.5705,7.3485,nathan_ngoy__bel,Nathan Ngoy,DEF,2000000,2.1922,7.3629,500000,0.3783,-0.0144,0.7567,-0.0288,0.2319,0.1157,-0.2981,-0.0533,"Selected DEF spend vs cheaper same-position alternative. If marginal return is low, budget may be better used on FWD ceiling."
group_stage,4-5-1,selected_GK_upgrade,mike_maignan__fra,Mike Maignan,GK,5000000,3.6031,9.5582,joan_garcia__esp,Joan Garcia,GK,4000000,3.8393,10.9839,1000000,-0.2361,-1.4257,-0.2361,-1.4257,-0.5294,-0.1259,-0.1798,-0.02,"Selected GK spend vs cheaper same-position alternative. If marginal return is low, budget may be better used on FWD ceiling."
group_stage,4-5-1,selected_DEF_upgrade,nuno_mendes__por,Nuno Mendes,DEF,4500000,3.572,8.953,nahuel_molina__arg,Nahuel Molina,DEF,4000000,3.5586,9.6825,500000,0.0134,-0.7295,0.0268,-1.459,0.0732,0.2851,-0.4359,-0.0924,"Selected DEF spend vs cheaper same-position alternative. If marginal return is low, budget may be better used on FWD ceiling."
group_stage,4-5-1,selected_MID_upgrade,kerem_akt_rko_lu__tur,Kerem Akturkoglu,MID,4500000,4.9593,15.1592,antonio_nusa__nor,Antonio Nusa,MID,3500000,3.2544,9.0225,1000000,1.7049,6.1367,1.7049,6.1367,0.7479,0.9722,1.0878,0.0218,"Selected MID spend vs cheaper same-position alternative. If marginal return is low, budget may be better used on FWD ceiling."
group_stage,4-5-1,selected_MID_upgrade,tajon_buchanan__can,Tajon Buchanan,MID,3500000,3.5047,9.9958,roberto_alvarado__mex,Roberto Alvarado,MID,2500000,2.8946,8.9636,1000000,0.6102,1.0322,0.6102,1.0322,-0.2076,0.4582,-0.3665,0.2454,"Selected MID spend vs cheaper same-position alternative. If marginal return is low, budget may be better used on FWD ceiling."
group_stage,4-5-1,selected_MID_upgrade,arda_g_ler__tur,Arda Güler,MID,4500000,3.6502,9.9976,antonio_nusa__nor,Antonio Nusa,MID,3500000,3.2544,9.0225,1000000,0.3958,0.9751,0.3958,0.9751,-0.1237,0.1323,0.4191,0.0202,"Selected MID spend vs cheaper same-position alternative. If marginal return is low, budget may be better used on FWD ceiling."
group_stage,5-3-2,position_marginal_GK,joan_garcia__esp,Joan Garcia,GK,4000000,3.8393,10.9839,david_cabezas__ecu,David Cabezas,GK,2500000,2.1052,7.2753,1500000,1.7341,3.7086,1.1561,2.4724,0.6565,0.2906,0.5552,0.07,Best high-price GK vs best low-price GK; measures marginal return to spending extra budget at this position.
group_stage,5-3-2,position_marginal_DEF,aymeric_laporte__esp,Aymeric Laporte,DEF,4500000,3.6961,9.771,nathan_ngoy__bel,Nathan Ngoy,DEF,2000000,2.1922,7.3629,2500000,1.5039,2.4081,0.6016,0.9632,0.6055,0.4134,-0.1113,-0.068,Best high-price DEF vs best low-price DEF; measures marginal return to spending extra budget at this position.
group_stage,5-3-2,position_marginal_MID,kerem_akt_rko_lu__tur,Kerem Akturkoglu,MID,4500000,4.9593,15.1592,roberto_alvarado__mex,Roberto Alvarado,MID,2500000,2.8946,8.9636,2000000,2.0647,6.1956,1.0324,3.0978,0.6497,0.8767,0.7103,0.1861,Best high-price MID vs best low-price MID; measures marginal return to spending extra budget at this position.
group_stage,5-3-2,position_marginal_FWD,lautaro_mart_nez__arg,Lautaro Martinez,FWD,8000000,5.2929,14.5687,patrick_agyemang__usa,Patrick Agyemang,FWD,3000000,3.7264,11.1782,5000000,1.5665,3.3905,0.3133,0.6781,0.4403,-0.0396,0.691,0.0488,Best high-price FWD vs best low-price FWD; measures marginal return to spending extra budget at this position.
group_stage,5-3-2,premium_fwd_vs_cheap_fwd,kylian_mbapp__fra,Kylian Mbappe,FWD,10000000,4.7201,12.175,jonathan_david__can,Jonathan David,FWD,4500000,4.9596,14.1381,5500000,-0.2395,-1.9632,-0.0436,-0.3569,-0.4433,-0.8435,0.2089,-0.019,Premium FWD vs cheaper FWD. Positive marginal values indicate the model already rewards premium attacking upside; negative values indicate the cheap/value FWD is ahead on current model output.
group_stage,5-3-2,premium_fwd_vs_cheap_fwd,kylian_mbapp__fra,Kylian Mbappe,FWD,10000000,4.7201,12.175,patrick_agyemang__usa,Patrick Agyemang,FWD,3000000,3.7264,11.1782,7000000,0.9937,0.9968,0.142,0.1424,0.0115,-0.1275,0.1048,0.0939,Premium FWD vs cheaper FWD. Positive marginal values indicate the model already rewards premium attacking upside; negative values indicate the cheap/value FWD is ahead on current model output.
group_stage,5-3-2,premium_fwd_vs_cheap_fwd,kylian_mbapp__fra,Kylian Mbappe,FWD,10000000,4.7201,12.175,marko_arnautovi__aut,Marko Arnautovic,FWD,4500000,4.1,11.0132,5500000,0.6201,1.1618,0.1127,0.2112,-0.5619,1.0657,-0.0188,-0.0108,Premium FWD vs cheaper FWD. Positive marginal values indicate the model already rewards premium attacking upside; negative values indicate the cheap/value FWD is ahead on current model output.
group_stage,5-3-2,premium_fwd_vs_cheap_fwd,kylian_mbapp__fra,Kylian Mbappe,FWD,10000000,4.7201,12.175,brahim_d_az__mar,Brahim Diaz,FWD,4500000,4.179,10.5612,5500000,0.5411,1.6138,0.0984,0.2934,1.0845,0.3197,-1.0628,-0.0073,Premium FWD vs cheaper FWD. Positive marginal values indicate the model already rewards premium attacking upside; negative values indicate the cheap/value FWD is ahead on current model output.
group_stage,5-3-2,premium_fwd_vs_cheap_fwd,harry_kane__eng,Harry Kane,FWD,9500000,4.3139,10.9184,jonathan_david__can,Jonathan David,FWD,4500000,4.9596,14.1381,5000000,-0.6457,-3.2197,-0.1291,-0.6439,-0.9052,-1.096,0.1984,-0.0594,Premium FWD vs cheaper FWD. Positive marginal values indicate the model already rewards premium attacking upside; negative values indicate the cheap/value FWD is ahead on current model output.
group_stage,5-3-2,premium_fwd_vs_cheap_fwd,harry_kane__eng,Harry Kane,FWD,9500000,4.3139,10.9184,patrick_agyemang__usa,Patrick Agyemang,FWD,3000000,3.7264,11.1782,6500000,0.5875,-0.2598,0.0904,-0.04,-0.4503,-0.38,0.0943,0.0535,Premium FWD vs cheaper FWD. Positive marginal values indicate the model already rewards premium attacking upside; negative values indicate the cheap/value FWD is ahead on current model output.
group_stage,5-3-2,premium_fwd_vs_cheap_fwd,harry_kane__eng,Harry Kane,FWD,9500000,4.3139,10.9184,marko_arnautovi__aut,Marko Arnautovic,FWD,4500000,4.1,11.0132,5000000,0.2139,-0.0948,0.0428,-0.019,-1.0237,0.8132,-0.0293,-0.0512,Premium FWD vs cheaper FWD. Positive marginal values indicate the model already rewards premium attacking upside; negative values indicate the cheap/value FWD is ahead on current model output.
group_stage,5-3-2,premium_fwd_vs_cheap_fwd,harry_kane__eng,Harry Kane,FWD,9500000,4.3139,10.9184,brahim_d_az__mar,Brahim Diaz,FWD,4500000,4.179,10.5612,5000000,0.1349,0.3572,0.027,0.0714,0.6226,0.0672,-1.0733,-0.0477,Premium FWD vs cheaper FWD. Positive marginal values indicate the model already rewards premium attacking upside; negative values indicate the cheap/value FWD is ahead on current model output.
group_stage,5-3-2,premium_fwd_vs_cheap_fwd,erling_haaland__nor,Erling Haaland,FWD,8500000,3.9175,9.1425,jonathan_david__can,Jonathan David,FWD,4500000,4.9596,14.1381,4000000,-1.0421,-4.9957,-0.2605,-1.2489,-0.7061,-1.4185,-0.3716,0.0,Premium FWD vs cheaper FWD. Positive marginal values indicate the model already rewards premium attacking upside; negative values indicate the cheap/value FWD is ahead on current model output.
group_stage,5-3-2,premium_fwd_vs_cheap_fwd,erling_haaland__nor,Erling Haaland,FWD,8500000,3.9175,9.1425,patrick_agyemang__usa,Patrick Agyemang,FWD,3000000,3.7264,11.1782,5500000,0.1911,-2.0357,0.0347,-0.3701,-0.2513,-0.7024,-0.4757,0.1129,Premium FWD vs cheaper FWD. Positive marginal values indicate the model already rewards premium attacking upside; negative values indicate the cheap/value FWD is ahead on current model output.
group_stage,5-3-2,premium_fwd_vs_cheap_fwd,erling_haaland__nor,Erling Haaland,FWD,8500000,3.9175,9.1425,marko_arnautovi__aut,Marko Arnautovic,FWD,4500000,4.1,11.0132,4000000,-0.1825,-1.8707,-0.0456,-0.4677,-0.8247,0.4907,-0.5992,0.0082,Premium FWD vs cheaper FWD. Positive marginal values indicate the model already rewards premium attacking upside; negative values indicate the cheap/value FWD is ahead on current model output.
group_stage,5-3-2,premium_fwd_vs_cheap_fwd,erling_haaland__nor,Erling Haaland,FWD,8500000,3.9175,9.1425,brahim_d_az__mar,Brahim Diaz,FWD,4500000,4.179,10.5612,4000000,-0.2615,-1.4187,-0.0654,-0.3547,0.8217,-0.2553,-1.6432,0.0117,Premium FWD vs cheaper FWD. Positive marginal values indicate the model already rewards premium attacking upside; negative values indicate the cheap/value FWD is ahead on current model output.
group_stage,5-3-2,selected_DEF_upgrade,jo_ko_gvardiol__cro,Josko Gvardiol,DEF,3500000,3.1542,8.2844,richie_laryea__can,Richie Laryea,DEF,3000000,3.2087,9.0271,500000,-0.0545,-0.7427,-0.1091,-1.4854,-0.7477,-0.2768,0.6115,-0.007,"Selected DEF spend vs cheaper same-position alternative. If marginal return is low, budget may be better used on FWD ceiling."
group_stage,5-3-2,selected_MID_upgrade,oscar_bobb__nor,Oscar Bobb,MID,3000000,3.4248,10.3873,roberto_alvarado__mex,Roberto Alvarado,MID,2500000,2.8946,8.9636,500000,0.5303,1.4236,1.0606,2.8473,0.2242,0.1682,-0.2272,0.2454,"Selected MID spend vs cheaper same-position alternative. If marginal return is low, budget may be better used on FWD ceiling."
group_stage,5-3-2,selected_DEF_upgrade,timothy_castagne__bel,Timothy Castagne,DEF,3500000,3.2681,8.4758,richie_laryea__can,Richie Laryea,DEF,3000000,3.2087,9.0271,500000,0.0594,-0.5512,0.1188,-1.1025,-0.2254,-0.4328,0.4524,-0.1092,"Selected DEF spend vs cheaper same-position alternative. If marginal return is low, budget may be better used on FWD ceiling."
group_stage,5-3-2,selected_DEF_upgrade,alex_freeman__usa,Alex Freeman,DEF,2500000,2.5705,7.3485,nathan_ngoy__bel,Nathan Ngoy,DEF,2000000,2.1922,7.3629,500000,0.3783,-0.0144,0.7567,-0.0288,0.2319,0.1157,-0.2981,-0.0533,"Selected DEF spend vs cheaper same-position alternative. If marginal return is low, budget may be better used on FWD ceiling."
group_stage,5-3-2,selected_GK_upgrade,mike_maignan__fra,Mike Maignan,GK,5000000,3.6031,9.5582,joan_garcia__esp,Joan Garcia,GK,4000000,3.8393,10.9839,1000000,-0.2361,-1.4257,-0.2361,-1.4257,-0.5294,-0.1259,-0.1798,-0.02,"Selected GK spend vs cheaper same-position alternative. If marginal return is low, budget may be better used on FWD ceiling."
group_stage,5-3-2,selected_DEF_upgrade,max_arfsten__usa,Max Arfsten,DEF,3000000,3.1148,8.4204,nathan_ngoy__bel,Nathan Ngoy,DEF,2000000,2.1922,7.3629,1000000,0.9226,1.0575,0.9226,1.0575,0.365,0.2663,-0.22,-0.1033,"Selected DEF spend vs cheaper same-position alternative. If marginal return is low, budget may be better used on FWD ceiling."
group_stage,5-3-2,selected_MID_upgrade,kerem_akt_rko_lu__tur,Kerem Akturkoglu,MID,4500000,4.9593,15.1592,tajon_buchanan__can,Tajon Buchanan,MID,3500000,3.5047,9.9958,1000000,1.4545,5.1634,1.4545,5.1634,0.8573,0.4185,1.0768,-0.0593,"Selected MID spend vs cheaper same-position alternative. If marginal return is low, budget may be better used on FWD ceiling."
group_stage,5-3-2,selected_DEF_upgrade,nuno_mendes__por,Nuno Mendes,DEF,4500000,3.572,8.953,nahuel_molina__arg,Nahuel Molina,DEF,4000000,3.5586,9.6825,500000,0.0134,-0.7295,0.0268,-1.459,0.0732,0.2851,-0.4359,-0.0924,"Selected DEF spend vs cheaper same-position alternative. If marginal return is low, budget may be better used on FWD ceiling."
group_stage,5-3-2,selected_MID_upgrade,arda_g_ler__tur,Arda Güler,MID,4500000,3.6502,9.9976,tajon_buchanan__can,Tajon Buchanan,MID,3500000,3.5047,9.9958,1000000,0.1455,0.0018,0.1455,0.0018,-0.0143,-0.4214,0.4081,-0.0609,"Selected MID spend vs cheaper same-position alternative. If marginal return is low, budget may be better used on FWD ceiling."
group_stage,5-4-1,position_marginal_GK,joan_garcia__esp,Joan Garcia,GK,4000000,3.8393,10.9839,david_cabezas__ecu,David Cabezas,GK,2500000,2.1052,7.2753,1500000,1.7341,3.7086,1.1561,2.4724,0.6565,0.2906,0.5552,0.07,Best high-price GK vs best low-price GK; measures marginal return to spending extra budget at this position.
group_stage,5-4-1,position_marginal_DEF,aymeric_laporte__esp,Aymeric Laporte,DEF,4500000,3.6961,9.771,nathan_ngoy__bel,Nathan Ngoy,DEF,2000000,2.1922,7.3629,2500000,1.5039,2.4081,0.6016,0.9632,0.6055,0.4134,-0.1113,-0.068,Best high-price DEF vs best low-price DEF; measures marginal return to spending extra budget at this position.
group_stage,5-4-1,position_marginal_MID,kerem_akt_rko_lu__tur,Kerem Akturkoglu,MID,4500000,4.9593,15.1592,roberto_alvarado__mex,Roberto Alvarado,MID,2500000,2.8946,8.9636,2000000,2.0647,6.1956,1.0324,3.0978,0.6497,0.8767,0.7103,0.1861,Best high-price MID vs best low-price MID; measures marginal return to spending extra budget at this position.
group_stage,5-4-1,position_marginal_FWD,lautaro_mart_nez__arg,Lautaro Martinez,FWD,8000000,5.2929,14.5687,patrick_agyemang__usa,Patrick Agyemang,FWD,3000000,3.7264,11.1782,5000000,1.5665,3.3905,0.3133,0.6781,0.4403,-0.0396,0.691,0.0488,Best high-price FWD vs best low-price FWD; measures marginal return to spending extra budget at this position.
group_stage,5-4-1,premium_fwd_vs_cheap_fwd,kylian_mbapp__fra,Kylian Mbappe,FWD,10000000,4.7201,12.175,jonathan_david__can,Jonathan David,FWD,4500000,4.9596,14.1381,5500000,-0.2395,-1.9632,-0.0436,-0.3569,-0.4433,-0.8435,0.2089,-0.019,Premium FWD vs cheaper FWD. Positive marginal values indicate the model already rewards premium attacking upside; negative values indicate the cheap/value FWD is ahead on current model output.
group_stage,5-4-1,premium_fwd_vs_cheap_fwd,kylian_mbapp__fra,Kylian Mbappe,FWD,10000000,4.7201,12.175,patrick_agyemang__usa,Patrick Agyemang,FWD,3000000,3.7264,11.1782,7000000,0.9937,0.9968,0.142,0.1424,0.0115,-0.1275,0.1048,0.0939,Premium FWD vs cheaper FWD. Positive marginal values indicate the model already rewards premium attacking upside; negative values indicate the cheap/value FWD is ahead on current model output.
group_stage,5-4-1,premium_fwd_vs_cheap_fwd,kylian_mbapp__fra,Kylian Mbappe,FWD,10000000,4.7201,12.175,marko_arnautovi__aut,Marko Arnautovic,FWD,4500000,4.1,11.0132,5500000,0.6201,1.1618,0.1127,0.2112,-0.5619,1.0657,-0.0188,-0.0108,Premium FWD vs cheaper FWD. Positive marginal values indicate the model already rewards premium attacking upside; negative values indicate the cheap/value FWD is ahead on current model output.
group_stage,5-4-1,premium_fwd_vs_cheap_fwd,kylian_mbapp__fra,Kylian Mbappe,FWD,10000000,4.7201,12.175,brahim_d_az__mar,Brahim Diaz,FWD,4500000,4.179,10.5612,5500000,0.5411,1.6138,0.0984,0.2934,1.0845,0.3197,-1.0628,-0.0073,Premium FWD vs cheaper FWD. Positive marginal values indicate the model already rewards premium attacking upside; negative values indicate the cheap/value FWD is ahead on current model output.
group_stage,5-4-1,premium_fwd_vs_cheap_fwd,harry_kane__eng,Harry Kane,FWD,9500000,4.3139,10.9184,jonathan_david__can,Jonathan David,FWD,4500000,4.9596,14.1381,5000000,-0.6457,-3.2197,-0.1291,-0.6439,-0.9052,-1.096,0.1984,-0.0594,Premium FWD vs cheaper FWD. Positive marginal values indicate the model already rewards premium attacking upside; negative values indicate the cheap/value FWD is ahead on current model output.
group_stage,5-4-1,premium_fwd_vs_cheap_fwd,harry_kane__eng,Harry Kane,FWD,9500000,4.3139,10.9184,patrick_agyemang__usa,Patrick Agyemang,FWD,3000000,3.7264,11.1782,6500000,0.5875,-0.2598,0.0904,-0.04,-0.4503,-0.38,0.0943,0.0535,Premium FWD vs cheaper FWD. Positive marginal values indicate the model already rewards premium attacking upside; negative values indicate the cheap/value FWD is ahead on current model output.
group_stage,5-4-1,premium_fwd_vs_cheap_fwd,harry_kane__eng,Harry Kane,FWD,9500000,4.3139,10.9184,marko_arnautovi__aut,Marko Arnautovic,FWD,4500000,4.1,11.0132,5000000,0.2139,-0.0948,0.0428,-0.019,-1.0237,0.8132,-0.0293,-0.0512,Premium FWD vs cheaper FWD. Positive marginal values indicate the model already rewards premium attacking upside; negative values indicate the cheap/value FWD is ahead on current model output.
group_stage,5-4-1,premium_fwd_vs_cheap_fwd,harry_kane__eng,Harry Kane,FWD,9500000,4.3139,10.9184,brahim_d_az__mar,Brahim Diaz,FWD,4500000,4.179,10.5612,5000000,0.1349,0.3572,0.027,0.0714,0.6226,0.0672,-1.0733,-0.0477,Premium FWD vs cheaper FWD. Positive marginal values indicate the model already rewards premium attacking upside; negative values indicate the cheap/value FWD is ahead on current model output.
group_stage,5-4-1,premium_fwd_vs_cheap_fwd,erling_haaland__nor,Erling Haaland,FWD,8500000,3.9175,9.1425,jonathan_david__can,Jonathan David,FWD,4500000,4.9596,14.1381,4000000,-1.0421,-4.9957,-0.2605,-1.2489,-0.7061,-1.4185,-0.3716,0.0,Premium FWD vs cheaper FWD. Positive marginal values indicate the model already rewards premium attacking upside; negative values indicate the cheap/value FWD is ahead on current model output.
group_stage,5-4-1,premium_fwd_vs_cheap_fwd,erling_haaland__nor,Erling Haaland,FWD,8500000,3.9175,9.1425,patrick_agyemang__usa,Patrick Agyemang,FWD,3000000,3.7264,11.1782,5500000,0.1911,-2.0357,0.0347,-0.3701,-0.2513,-0.7024,-0.4757,0.1129,Premium FWD vs cheaper FWD. Positive marginal values indicate the model already rewards premium attacking upside; negative values indicate the cheap/value FWD is ahead on current model output.
group_stage,5-4-1,premium_fwd_vs_cheap_fwd,erling_haaland__nor,Erling Haaland,FWD,8500000,3.9175,9.1425,marko_arnautovi__aut,Marko Arnautovic,FWD,4500000,4.1,11.0132,4000000,-0.1825,-1.8707,-0.0456,-0.4677,-0.8247,0.4907,-0.5992,0.0082,Premium FWD vs cheaper FWD. Positive marginal values indicate the model already rewards premium attacking upside; negative values indicate the cheap/value FWD is ahead on current model output.
group_stage,5-4-1,premium_fwd_vs_cheap_fwd,erling_haaland__nor,Erling Haaland,FWD,8500000,3.9175,9.1425,brahim_d_az__mar,Brahim Diaz,FWD,4500000,4.179,10.5612,4000000,-0.2615,-1.4187,-0.0654,-0.3547,0.8217,-0.2553,-1.6432,0.0117,Premium FWD vs cheaper FWD. Positive marginal values indicate the model already rewards premium attacking upside; negative values indicate the cheap/value FWD is ahead on current model output.
group_stage,5-4-1,selected_DEF_upgrade,jo_ko_gvardiol__cro,Josko Gvardiol,DEF,3500000,3.1542,8.2844,richie_laryea__can,Richie Laryea,DEF,3000000,3.2087,9.0271,500000,-0.0545,-0.7427,-0.1091,-1.4854,-0.7477,-0.2768,0.6115,-0.007,"Selected DEF spend vs cheaper same-position alternative. If marginal return is low, budget may be better used on FWD ceiling."
group_stage,5-4-1,selected_MID_upgrade,bruno_fernandes__por,Bruno Fernandes,MID,7000000,3.3219,8.5791,tajon_buchanan__can,Tajon Buchanan,MID,3500000,3.5047,9.9958,3500000,-0.1829,-1.4167,-0.0523,-0.4048,-0.2258,-0.5937,0.0136,-0.1,"Selected MID spend vs cheaper same-position alternative. If marginal return is low, budget may be better used on FWD ceiling."
group_stage,5-4-1,selected_MID_upgrade,oscar_bobb__nor,Oscar Bobb,MID,3000000,3.4248,10.3873,roberto_alvarado__mex,Roberto Alvarado,MID,2500000,2.8946,8.9636,500000,0.5303,1.4236,1.0606,2.8473,0.2242,0.1682,-0.2272,0.2454,"Selected MID spend vs cheaper same-position alternative. If marginal return is low, budget may be better used on FWD ceiling."
group_stage,5-4-1,selected_DEF_upgrade,timothy_castagne__bel,Timothy Castagne,DEF,3500000,3.2681,8.4758,richie_laryea__can,Richie Laryea,DEF,3000000,3.2087,9.0271,500000,0.0594,-0.5512,0.1188,-1.1025,-0.2254,-0.4328,0.4524,-0.1092,"Selected DEF spend vs cheaper same-position alternative. If marginal return is low, budget may be better used on FWD ceiling."
group_stage,5-4-1,selected_DEF_upgrade,alex_freeman__usa,Alex Freeman,DEF,2500000,2.5705,7.3485,nathan_ngoy__bel,Nathan Ngoy,DEF,2000000,2.1922,7.3629,500000,0.3783,-0.0144,0.7567,-0.0288,0.2319,0.1157,-0.2981,-0.0533,"Selected DEF spend vs cheaper same-position alternative. If marginal return is low, budget may be better used on FWD ceiling."
group_stage,5-4-1,selected_GK_upgrade,mike_maignan__fra,Mike Maignan,GK,5000000,3.6031,9.5582,joan_garcia__esp,Joan Garcia,GK,4000000,3.8393,10.9839,1000000,-0.2361,-1.4257,-0.2361,-1.4257,-0.5294,-0.1259,-0.1798,-0.02,"Selected GK spend vs cheaper same-position alternative. If marginal return is low, budget may be better used on FWD ceiling."
group_stage,5-4-1,selected_DEF_upgrade,max_arfsten__usa,Max Arfsten,DEF,3000000,3.1148,8.4204,nathan_ngoy__bel,Nathan Ngoy,DEF,2000000,2.1922,7.3629,1000000,0.9226,1.0575,0.9226,1.0575,0.365,0.2663,-0.22,-0.1033,"Selected DEF spend vs cheaper same-position alternative. If marginal return is low, budget may be better used on FWD ceiling."
group_stage,5-4-1,selected_MID_upgrade,kerem_akt_rko_lu__tur,Kerem Akturkoglu,MID,4500000,4.9593,15.1592,tajon_buchanan__can,Tajon Buchanan,MID,3500000,3.5047,9.9958,1000000,1.4545,5.1634,1.4545,5.1634,0.8573,0.4185,1.0768,-0.0593,"Selected MID spend vs cheaper same-position alternative. If marginal return is low, budget may be better used on FWD ceiling."
group_stage,5-4-1,selected_DEF_upgrade,nuno_mendes__por,Nuno Mendes,DEF,4500000,3.572,8.953,nahuel_molina__arg,Nahuel Molina,DEF,4000000,3.5586,9.6825,500000,0.0134,-0.7295,0.0268,-1.459,0.0732,0.2851,-0.4359,-0.0924,"Selected DEF spend vs cheaper same-position alternative. If marginal return is low, budget may be better used on FWD ceiling."
group_stage,5-4-1,selected_MID_upgrade,arda_g_ler__tur,Arda Güler,MID,4500000,3.6502,9.9976,tajon_buchanan__can,Tajon Buchanan,MID,3500000,3.5047,9.9958,1000000,0.1455,0.0018,0.1455,0.0018,-0.0143,-0.4214,0.4081,-0.0609,"Selected MID spend vs cheaper same-position alternative. If marginal return is low, budget may be better used on FWD ceiling."
long_run,3-4-3,position_marginal_GK,unai_sim_n__esp,Unai Simon,GK,5000000,3.8353,7.326,joan_garcia__esp,Joan Garcia,GK,4000000,3.8393,7.4218,1000000,-0.004,-0.0958,-0.004,-0.0958,-0.1586,-0.1525,-0.102,-0.1193,Best high-price GK vs best low-price GK; measures marginal return to spending extra budget at this position.
long_run,3-4-3,position_marginal_DEF,aymeric_laporte__esp,Aymeric Laporte,DEF,4500000,3.6961,7.1937,maxence_lacroix__fra,Maxence Lacroix,DEF,3000000,3.0247,6.082,1500000,0.6714,1.1117,0.4476,0.7411,0.441,0.0927,0.1264,-0.068,Best high-price DEF vs best low-price DEF; measures marginal return to spending extra budget at this position.
long_run,3-4-3,position_marginal_MID,morgan_rogers__eng,Morgan Rogers,MID,5500000,3.3018,6.3141,oscar_bobb__nor,Oscar Bobb,MID,3000000,3.4248,4.5545,2500000,-0.123,1.7596,-0.0492,0.7038,-0.9077,-0.3158,0.1539,0.0,Best high-price MID vs best low-price MID; measures marginal return to spending extra budget at this position.
long_run,3-4-3,position_marginal_FWD,lautaro_mart_nez__arg,Lautaro Martinez,FWD,8000000,5.2929,7.9381,luiz_henrique__bra,Luiz Henrique,FWD,3000000,2.9765,5.6041,5000000,2.3164,2.334,0.4633,0.4668,1.0482,0.5758,0.8313,-0.0032,Best high-price FWD vs best low-price FWD; measures marginal return to spending extra budget at this position.
long_run,3-4-3,premium_fwd_vs_cheap_fwd,kylian_mbapp__fra,Kylian Mbappe,FWD,10000000,4.7201,7.6927,nico_williams__esp,Nico Williams,FWD,4500000,3.6519,7.1518,5500000,1.0681,0.5408,0.1942,0.0983,0.4125,0.5389,0.3483,0.0419,Premium FWD vs cheaper FWD. Positive marginal values indicate the model already rewards premium attacking upside; negative values indicate the cheap/value FWD is ahead on current model output.
long_run,3-4-3,premium_fwd_vs_cheap_fwd,kylian_mbapp__fra,Kylian Mbappe,FWD,10000000,4.7201,7.6927,ferr_n_torres__esp,Ferran Torres,FWD,5000000,3.4713,6.9802,5000000,1.2488,0.7125,0.2498,0.1425,0.5982,0.7182,0.4757,0.0357,Premium FWD vs cheaper FWD. Positive marginal values indicate the model already rewards premium attacking upside; negative values indicate the cheap/value FWD is ahead on current model output.
long_run,3-4-3,premium_fwd_vs_cheap_fwd,kylian_mbapp__fra,Kylian Mbappe,FWD,10000000,4.7201,7.6927,luiz_henrique__bra,Luiz Henrique,FWD,3000000,2.9765,5.6041,7000000,1.7436,2.0885,0.2491,0.2984,0.6194,0.488,0.245,0.0419,Premium FWD vs cheaper FWD. Positive marginal values indicate the model already rewards premium attacking upside; negative values indicate the cheap/value FWD is ahead on current model output.
long_run,3-4-3,premium_fwd_vs_cheap_fwd,kylian_mbapp__fra,Kylian Mbappe,FWD,10000000,4.7201,7.6927,giuliano_simeone__arg,Giuliano Simeone,FWD,4000000,2.7161,5.4902,6000000,2.004,2.2025,0.334,0.3671,1.0137,1.1396,0.6019,0.0621,Premium FWD vs cheaper FWD. Positive marginal values indicate the model already rewards premium attacking upside; negative values indicate the cheap/value FWD is ahead on current model output.
long_run,3-4-3,premium_fwd_vs_cheap_fwd,harry_kane__eng,Harry Kane,FWD,9500000,4.3139,7.3675,nico_williams__esp,Nico Williams,FWD,4500000,3.6519,7.1518,5000000,0.6619,0.2157,0.1324,0.0431,-0.0494,0.2864,0.3378,0.0015,Premium FWD vs cheaper FWD. Positive marginal values indicate the model already rewards premium attacking upside; negative values indicate the cheap/value FWD is ahead on current model output.
long_run,3-4-3,premium_fwd_vs_cheap_fwd,harry_kane__eng,Harry Kane,FWD,9500000,4.3139,7.3675,ferr_n_torres__esp,Ferran Torres,FWD,5000000,3.4713,6.9802,4500000,0.8426,0.3874,0.1873,0.0861,0.1363,0.4658,0.4652,-0.0047,Premium FWD vs cheaper FWD. Positive marginal values indicate the model already rewards premium attacking upside; negative values indicate the cheap/value FWD is ahead on current model output.
long_run,3-4-3,premium_fwd_vs_cheap_fwd,harry_kane__eng,Harry Kane,FWD,9500000,4.3139,7.3675,luiz_henrique__bra,Luiz Henrique,FWD,3000000,2.9765,5.6041,6500000,1.3374,1.7634,0.2058,0.2713,0.1576,0.2355,0.2345,0.0015,Premium FWD vs cheaper FWD. Positive marginal values indicate the model already rewards premium attacking upside; negative values indicate the cheap/value FWD is ahead on current model output.
long_run,3-4-3,premium_fwd_vs_cheap_fwd,harry_kane__eng,Harry Kane,FWD,9500000,4.3139,7.3675,giuliano_simeone__arg,Giuliano Simeone,FWD,4000000,2.7161,5.4902,5500000,1.5978,1.8774,0.2905,0.3413,0.5518,0.8871,0.5914,0.0217,Premium FWD vs cheaper FWD. Positive marginal values indicate the model already rewards premium attacking upside; negative values indicate the cheap/value FWD is ahead on current model output.
long_run,3-4-3,premium_fwd_vs_cheap_fwd,erling_haaland__nor,Erling Haaland,FWD,8500000,3.9175,5.0225,nico_williams__esp,Nico Williams,FWD,4500000,3.6519,7.1518,4000000,0.2655,-2.1293,0.0664,-0.5323,0.1496,-0.0361,-0.2321,0.0609,Premium FWD vs cheaper FWD. Positive marginal values indicate the model already rewards premium attacking upside; negative values indicate the cheap/value FWD is ahead on current model output.
long_run,3-4-3,premium_fwd_vs_cheap_fwd,erling_haaland__nor,Erling Haaland,FWD,8500000,3.9175,5.0225,ferr_n_torres__esp,Ferran Torres,FWD,5000000,3.4713,6.9802,3500000,0.4462,-1.9577,0.1275,-0.5593,0.3354,0.1433,-0.1047,0.0547,Premium FWD vs cheaper FWD. Positive marginal values indicate the model already rewards premium attacking upside; negative values indicate the cheap/value FWD is ahead on current model output.
long_run,3-4-3,premium_fwd_vs_cheap_fwd,erling_haaland__nor,Erling Haaland,FWD,8500000,3.9175,5.0225,luiz_henrique__bra,Luiz Henrique,FWD,3000000,2.9765,5.6041,5500000,0.941,-0.5816,0.1711,-0.1057,0.3566,-0.087,-0.3355,0.0609,Premium FWD vs cheaper FWD. Positive marginal values indicate the model already rewards premium attacking upside; negative values indicate the cheap/value FWD is ahead on current model output.
long_run,3-4-3,premium_fwd_vs_cheap_fwd,erling_haaland__nor,Erling Haaland,FWD,8500000,3.9175,5.0225,giuliano_simeone__arg,Giuliano Simeone,FWD,4000000,2.7161,5.4902,4500000,1.2014,-0.4677,0.267,-0.1039,0.7508,0.5647,0.0215,0.0811,Premium FWD vs cheaper FWD. Positive marginal values indicate the model already rewards premium attacking upside; negative values indicate the cheap/value FWD is ahead on current model output.
long_run,3-4-3,selected_MID_upgrade,fabian_ruiz__esp,Fabian Ruiz,MID,4500000,1.7017,4.9886,leandro_paredes__arg,Leandro Paredes,MID,4000000,2.5488,5.1127,500000,-0.8471,-0.1242,-1.6942,-0.2483,-0.6107,-0.5116,-0.532,-0.0259,"Selected MID spend vs cheaper same-position alternative. If marginal return is low, budget may be better used on FWD ceiling."
long_run,3-4-3,selected_DEF_upgrade,aymeric_laporte__esp,Aymeric Laporte,DEF,4500000,3.6961,7.1937,nahuel_molina__arg,Nahuel Molina,DEF,4000000,3.5586,6.3826,500000,0.1375,0.8112,0.2749,1.6224,0.1415,0.3885,-0.382,-0.0335,"Selected DEF spend vs cheaper same-position alternative. If marginal return is low, budget may be better used on FWD ceiling."
long_run,3-4-3,selected_DEF_upgrade,leo_pereira__bra,Leo Pereira,DEF,3000000,3.1034,5.8167,djed_spence__eng,Djed Spence,DEF,2500000,1.8778,3.6963,500000,1.2256,2.1205,2.4512,4.241,0.523,0.7107,0.3671,0.3986,"Selected DEF spend vs cheaper same-position alternative. If marginal return is low, budget may be better used on FWD ceiling."
long_run,3-4-3,low_upside_mid_def_gk_upgrade,aur_lien_tchouam_ni__fra,Aurelien Tchouameni,MID,3500000,2.64,5.6246,oscar_bobb__nor,Oscar Bobb,MID,3000000,3.4248,4.5545,500000,-0.7848,1.0701,-1.5696,2.1403,-1.0286,-0.6302,-0.1945,-0.09,"Selected MID spend vs cheaper same-position alternative. If marginal return is low, budget may be better used on FWD ceiling."
long_run,3-4-3,selected_DEF_upgrade,r_ben_dias__por,Ruben Dias,DEF,4000000,3.2895,5.6748,maxence_lacroix__fra,Maxence Lacroix,DEF,3000000,3.0247,6.082,1000000,0.2648,-0.4073,0.2648,-0.4073,0.2056,-0.1744,-0.0084,-0.1194,"Selected DEF spend vs cheaper same-position alternative. If marginal return is low, budget may be better used on FWD ceiling."
long_run,3-4-3,selected_GK_upgrade,mike_maignan__fra,Mike Maignan,GK,5000000,3.6031,6.6316,joan_garcia__esp,Joan Garcia,GK,4000000,3.8393,7.4218,1000000,-0.2361,-0.7902,-0.2361,-0.7902,-0.5294,-0.1259,-0.1798,-0.02,"Selected GK spend vs cheaper same-position alternative. If marginal return is low, budget may be better used on FWD ceiling."
long_run,3-4-3,selected_MID_upgrade,giovani_lo_celso__arg,Giovani Lo Celso,MID,4000000,3.0503,5.8077,jordan_henderson__eng,Jordan Henderson,MID,3500000,2.2868,5.0393,500000,0.7635,0.7683,1.5269,1.5367,0.5546,0.2657,0.39,0.0553,"Selected MID spend vs cheaper same-position alternative. If marginal return is low, budget may be better used on FWD ceiling."
long_run,3-4-3,selected_MID_upgrade,elliot_anderson__eng,Elliot Anderson,MID,4000000,2.7005,5.7428,jordan_henderson__eng,Jordan Henderson,MID,3500000,2.2868,5.0393,500000,0.4136,0.7035,0.8273,1.4069,0.1869,0.2211,0.1662,0.17,"Selected MID spend vs cheaper same-position alternative. If marginal return is low, budget may be better used on FWD ceiling."
long_run,3-5-2,position_marginal_GK,unai_sim_n__esp,Unai Simon,GK,5000000,3.8353,7.326,joan_garcia__esp,Joan Garcia,GK,4000000,3.8393,7.4218,1000000,-0.004,-0.0958,-0.004,-0.0958,-0.1586,-0.1525,-0.102,-0.1193,Best high-price GK vs best low-price GK; measures marginal return to spending extra budget at this position.
long_run,3-5-2,position_marginal_DEF,aymeric_laporte__esp,Aymeric Laporte,DEF,4500000,3.6961,7.1937,maxence_lacroix__fra,Maxence Lacroix,DEF,3000000,3.0247,6.082,1500000,0.6714,1.1117,0.4476,0.7411,0.441,0.0927,0.1264,-0.068,Best high-price DEF vs best low-price DEF; measures marginal return to spending extra budget at this position.
long_run,3-5-2,position_marginal_MID,morgan_rogers__eng,Morgan Rogers,MID,5500000,3.3018,6.3141,oscar_bobb__nor,Oscar Bobb,MID,3000000,3.4248,4.5545,2500000,-0.123,1.7596,-0.0492,0.7038,-0.9077,-0.3158,0.1539,0.0,Best high-price MID vs best low-price MID; measures marginal return to spending extra budget at this position.
long_run,3-5-2,position_marginal_FWD,lautaro_mart_nez__arg,Lautaro Martinez,FWD,8000000,5.2929,7.9381,luiz_henrique__bra,Luiz Henrique,FWD,3000000,2.9765,5.6041,5000000,2.3164,2.334,0.4633,0.4668,1.0482,0.5758,0.8313,-0.0032,Best high-price FWD vs best low-price FWD; measures marginal return to spending extra budget at this position.
long_run,3-5-2,premium_fwd_vs_cheap_fwd,kylian_mbapp__fra,Kylian Mbappe,FWD,10000000,4.7201,7.6927,nico_williams__esp,Nico Williams,FWD,4500000,3.6519,7.1518,5500000,1.0681,0.5408,0.1942,0.0983,0.4125,0.5389,0.3483,0.0419,Premium FWD vs cheaper FWD. Positive marginal values indicate the model already rewards premium attacking upside; negative values indicate the cheap/value FWD is ahead on current model output.
long_run,3-5-2,premium_fwd_vs_cheap_fwd,kylian_mbapp__fra,Kylian Mbappe,FWD,10000000,4.7201,7.6927,ferr_n_torres__esp,Ferran Torres,FWD,5000000,3.4713,6.9802,5000000,1.2488,0.7125,0.2498,0.1425,0.5982,0.7182,0.4757,0.0357,Premium FWD vs cheaper FWD. Positive marginal values indicate the model already rewards premium attacking upside; negative values indicate the cheap/value FWD is ahead on current model output.
long_run,3-5-2,premium_fwd_vs_cheap_fwd,kylian_mbapp__fra,Kylian Mbappe,FWD,10000000,4.7201,7.6927,luiz_henrique__bra,Luiz Henrique,FWD,3000000,2.9765,5.6041,7000000,1.7436,2.0885,0.2491,0.2984,0.6194,0.488,0.245,0.0419,Premium FWD vs cheaper FWD. Positive marginal values indicate the model already rewards premium attacking upside; negative values indicate the cheap/value FWD is ahead on current model output.
long_run,3-5-2,premium_fwd_vs_cheap_fwd,kylian_mbapp__fra,Kylian Mbappe,FWD,10000000,4.7201,7.6927,giuliano_simeone__arg,Giuliano Simeone,FWD,4000000,2.7161,5.4902,6000000,2.004,2.2025,0.334,0.3671,1.0137,1.1396,0.6019,0.0621,Premium FWD vs cheaper FWD. Positive marginal values indicate the model already rewards premium attacking upside; negative values indicate the cheap/value FWD is ahead on current model output.
long_run,3-5-2,premium_fwd_vs_cheap_fwd,harry_kane__eng,Harry Kane,FWD,9500000,4.3139,7.3675,nico_williams__esp,Nico Williams,FWD,4500000,3.6519,7.1518,5000000,0.6619,0.2157,0.1324,0.0431,-0.0494,0.2864,0.3378,0.0015,Premium FWD vs cheaper FWD. Positive marginal values indicate the model already rewards premium attacking upside; negative values indicate the cheap/value FWD is ahead on current model output.
long_run,3-5-2,premium_fwd_vs_cheap_fwd,harry_kane__eng,Harry Kane,FWD,9500000,4.3139,7.3675,ferr_n_torres__esp,Ferran Torres,FWD,5000000,3.4713,6.9802,4500000,0.8426,0.3874,0.1873,0.0861,0.1363,0.4658,0.4652,-0.0047,Premium FWD vs cheaper FWD. Positive marginal values indicate the model already rewards premium attacking upside; negative values indicate the cheap/value FWD is ahead on current model output.
long_run,3-5-2,premium_fwd_vs_cheap_fwd,harry_kane__eng,Harry Kane,FWD,9500000,4.3139,7.3675,luiz_henrique__bra,Luiz Henrique,FWD,3000000,2.9765,5.6041,6500000,1.3374,1.7634,0.2058,0.2713,0.1576,0.2355,0.2345,0.0015,Premium FWD vs cheaper FWD. Positive marginal values indicate the model already rewards premium attacking upside; negative values indicate the cheap/value FWD is ahead on current model output.
long_run,3-5-2,premium_fwd_vs_cheap_fwd,harry_kane__eng,Harry Kane,FWD,9500000,4.3139,7.3675,giuliano_simeone__arg,Giuliano Simeone,FWD,4000000,2.7161,5.4902,5500000,1.5978,1.8774,0.2905,0.3413,0.5518,0.8871,0.5914,0.0217,Premium FWD vs cheaper FWD. Positive marginal values indicate the model already rewards premium attacking upside; negative values indicate the cheap/value FWD is ahead on current model output.
long_run,3-5-2,premium_fwd_vs_cheap_fwd,erling_haaland__nor,Erling Haaland,FWD,8500000,3.9175,5.0225,nico_williams__esp,Nico Williams,FWD,4500000,3.6519,7.1518,4000000,0.2655,-2.1293,0.0664,-0.5323,0.1496,-0.0361,-0.2321,0.0609,Premium FWD vs cheaper FWD. Positive marginal values indicate the model already rewards premium attacking upside; negative values indicate the cheap/value FWD is ahead on current model output.
long_run,3-5-2,premium_fwd_vs_cheap_fwd,erling_haaland__nor,Erling Haaland,FWD,8500000,3.9175,5.0225,ferr_n_torres__esp,Ferran Torres,FWD,5000000,3.4713,6.9802,3500000,0.4462,-1.9577,0.1275,-0.5593,0.3354,0.1433,-0.1047,0.0547,Premium FWD vs cheaper FWD. Positive marginal values indicate the model already rewards premium attacking upside; negative values indicate the cheap/value FWD is ahead on current model output.
long_run,3-5-2,premium_fwd_vs_cheap_fwd,erling_haaland__nor,Erling Haaland,FWD,8500000,3.9175,5.0225,luiz_henrique__bra,Luiz Henrique,FWD,3000000,2.9765,5.6041,5500000,0.941,-0.5816,0.1711,-0.1057,0.3566,-0.087,-0.3355,0.0609,Premium FWD vs cheaper FWD. Positive marginal values indicate the model already rewards premium attacking upside; negative values indicate the cheap/value FWD is ahead on current model output.
long_run,3-5-2,premium_fwd_vs_cheap_fwd,erling_haaland__nor,Erling Haaland,FWD,8500000,3.9175,5.0225,giuliano_simeone__arg,Giuliano Simeone,FWD,4000000,2.7161,5.4902,4500000,1.2014,-0.4677,0.267,-0.1039,0.7508,0.5647,0.0215,0.0811,Premium FWD vs cheaper FWD. Positive marginal values indicate the model already rewards premium attacking upside; negative values indicate the cheap/value FWD is ahead on current model output.
long_run,3-5-2,selected_MID_upgrade,fabian_ruiz__esp,Fabian Ruiz,MID,4500000,1.7017,4.9886,giovani_lo_celso__arg,Giovani Lo Celso,MID,4000000,3.0503,5.8077,500000,-1.3486,-0.8191,-2.6972,-1.6381,-0.9572,-0.7981,-0.8108,-0.0874,"Selected MID spend vs cheaper same-position alternative. If marginal return is low, budget may be better used on FWD ceiling."
long_run,3-5-2,selected_DEF_upgrade,aymeric_laporte__esp,Aymeric Laporte,DEF,4500000,3.6961,7.1937,nahuel_molina__arg,Nahuel Molina,DEF,4000000,3.5586,6.3826,500000,0.1375,0.8112,0.2749,1.6224,0.1415,0.3885,-0.382,-0.0335,"Selected DEF spend vs cheaper same-position alternative. If marginal return is low, budget may be better used on FWD ceiling."
long_run,3-5-2,low_upside_mid_def_gk_upgrade,declan_rice__eng,Declan Rice,MID,4500000,2.9111,6.0349,giovani_lo_celso__arg,Giovani Lo Celso,MID,4000000,3.0503,5.8077,500000,-0.1392,0.2273,-0.2783,0.4545,-0.2814,0.0539,-0.1397,0.0153,"Selected MID spend vs cheaper same-position alternative. If marginal return is low, budget may be better used on FWD ceiling."
long_run,3-5-2,low_upside_mid_def_gk_upgrade,aur_lien_tchouam_ni__fra,Aurelien Tchouameni,MID,3500000,2.64,5.6246,oscar_bobb__nor,Oscar Bobb,MID,3000000,3.4248,4.5545,500000,-0.7848,1.0701,-1.5696,2.1403,-1.0286,-0.6302,-0.1945,-0.09,"Selected MID spend vs cheaper same-position alternative. If marginal return is low, budget may be better used on FWD ceiling."
long_run,3-5-2,selected_DEF_upgrade,r_ben_dias__por,Ruben Dias,DEF,4000000,3.2895,5.6748,maxence_lacroix__fra,Maxence Lacroix,DEF,3000000,3.0247,6.082,1000000,0.2648,-0.4073,0.2648,-0.4073,0.2056,-0.1744,-0.0084,-0.1194,"Selected DEF spend vs cheaper same-position alternative. If marginal return is low, budget may be better used on FWD ceiling."
long_run,3-5-2,selected_GK_upgrade,mike_maignan__fra,Mike Maignan,GK,5000000,3.6031,6.6316,joan_garcia__esp,Joan Garcia,GK,4000000,3.8393,7.4218,1000000,-0.2361,-0.7902,-0.2361,-0.7902,-0.5294,-0.1259,-0.1798,-0.02,"Selected GK spend vs cheaper same-position alternative. If marginal return is low, budget may be better used on FWD ceiling."
long_run,3-5-2,selected_MID_upgrade,morgan_rogers__eng,Morgan Rogers,MID,5500000,3.3018,6.3141,joshua_kimmich__ger,Joshua Kimmich,MID,5000000,3.3576,5.8243,500000,-0.0558,0.4898,-0.1116,0.9795,-0.3634,0.1063,0.1053,0.0196,"Selected MID spend vs cheaper same-position alternative. If marginal return is low, budget may be better used on FWD ceiling."
long_run,3-5-2,low_upside_mid_def_gk_upgrade,rodrigo_de_paul__arg,Rodrigo de Paul,MID,4500000,3.2057,6.0473,giovani_lo_celso__arg,Giovani Lo Celso,MID,4000000,3.0503,5.8077,500000,0.1554,0.2397,0.3109,0.4794,0.0561,0.0581,0.0543,0.0992,"Selected MID spend vs cheaper same-position alternative. If marginal return is low, budget may be better used on FWD ceiling."
long_run,3-5-2,selected_DEF_upgrade,nuno_mendes__por,Nuno Mendes,DEF,4500000,3.572,5.5407,nahuel_molina__arg,Nahuel Molina,DEF,4000000,3.5586,6.3826,500000,0.0134,-0.8419,0.0268,-1.6838,0.0732,0.2851,-0.4359,-0.0924,"Selected DEF spend vs cheaper same-position alternative. If marginal return is low, budget may be better used on FWD ceiling."
long_run,3-5-2,two_player_swap_premium_fwd_plus_cheaper_mid_def_gk,erling_haaland__nor,Erling Haaland,FWD,8500000,3.9175,5.0225,ferr_n_torres__esp,Ferran Torres,FWD,5000000,3.4713,6.9802,3500000,0.4462,-1.9577,0.1275,-0.5593,0.3354,0.1433,-0.1047,0.0547,Two-player swap possible by downgrading Morgan Rogers to Kees Smit; net_strategy_score=-7.271.
long_run,4-3-3,position_marginal_GK,unai_sim_n__esp,Unai Simon,GK,5000000,3.8353,7.326,joan_garcia__esp,Joan Garcia,GK,4000000,3.8393,7.4218,1000000,-0.004,-0.0958,-0.004,-0.0958,-0.1586,-0.1525,-0.102,-0.1193,Best high-price GK vs best low-price GK; measures marginal return to spending extra budget at this position.
long_run,4-3-3,position_marginal_DEF,aymeric_laporte__esp,Aymeric Laporte,DEF,4500000,3.6961,7.1937,maxence_lacroix__fra,Maxence Lacroix,DEF,3000000,3.0247,6.082,1500000,0.6714,1.1117,0.4476,0.7411,0.441,0.0927,0.1264,-0.068,Best high-price DEF vs best low-price DEF; measures marginal return to spending extra budget at this position.
long_run,4-3-3,position_marginal_MID,morgan_rogers__eng,Morgan Rogers,MID,5500000,3.3018,6.3141,oscar_bobb__nor,Oscar Bobb,MID,3000000,3.4248,4.5545,2500000,-0.123,1.7596,-0.0492,0.7038,-0.9077,-0.3158,0.1539,0.0,Best high-price MID vs best low-price MID; measures marginal return to spending extra budget at this position.
long_run,4-3-3,position_marginal_FWD,lautaro_mart_nez__arg,Lautaro Martinez,FWD,8000000,5.2929,7.9381,luiz_henrique__bra,Luiz Henrique,FWD,3000000,2.9765,5.6041,5000000,2.3164,2.334,0.4633,0.4668,1.0482,0.5758,0.8313,-0.0032,Best high-price FWD vs best low-price FWD; measures marginal return to spending extra budget at this position.
long_run,4-3-3,premium_fwd_vs_cheap_fwd,kylian_mbapp__fra,Kylian Mbappe,FWD,10000000,4.7201,7.6927,nico_williams__esp,Nico Williams,FWD,4500000,3.6519,7.1518,5500000,1.0681,0.5408,0.1942,0.0983,0.4125,0.5389,0.3483,0.0419,Premium FWD vs cheaper FWD. Positive marginal values indicate the model already rewards premium attacking upside; negative values indicate the cheap/value FWD is ahead on current model output.
long_run,4-3-3,premium_fwd_vs_cheap_fwd,kylian_mbapp__fra,Kylian Mbappe,FWD,10000000,4.7201,7.6927,ferr_n_torres__esp,Ferran Torres,FWD,5000000,3.4713,6.9802,5000000,1.2488,0.7125,0.2498,0.1425,0.5982,0.7182,0.4757,0.0357,Premium FWD vs cheaper FWD. Positive marginal values indicate the model already rewards premium attacking upside; negative values indicate the cheap/value FWD is ahead on current model output.
long_run,4-3-3,premium_fwd_vs_cheap_fwd,kylian_mbapp__fra,Kylian Mbappe,FWD,10000000,4.7201,7.6927,luiz_henrique__bra,Luiz Henrique,FWD,3000000,2.9765,5.6041,7000000,1.7436,2.0885,0.2491,0.2984,0.6194,0.488,0.245,0.0419,Premium FWD vs cheaper FWD. Positive marginal values indicate the model already rewards premium attacking upside; negative values indicate the cheap/value FWD is ahead on current model output.
long_run,4-3-3,premium_fwd_vs_cheap_fwd,kylian_mbapp__fra,Kylian Mbappe,FWD,10000000,4.7201,7.6927,giuliano_simeone__arg,Giuliano Simeone,FWD,4000000,2.7161,5.4902,6000000,2.004,2.2025,0.334,0.3671,1.0137,1.1396,0.6019,0.0621,Premium FWD vs cheaper FWD. Positive marginal values indicate the model already rewards premium attacking upside; negative values indicate the cheap/value FWD is ahead on current model output.
long_run,4-3-3,premium_fwd_vs_cheap_fwd,harry_kane__eng,Harry Kane,FWD,9500000,4.3139,7.3675,nico_williams__esp,Nico Williams,FWD,4500000,3.6519,7.1518,5000000,0.6619,0.2157,0.1324,0.0431,-0.0494,0.2864,0.3378,0.0015,Premium FWD vs cheaper FWD. Positive marginal values indicate the model already rewards premium attacking upside; negative values indicate the cheap/value FWD is ahead on current model output.
long_run,4-3-3,premium_fwd_vs_cheap_fwd,harry_kane__eng,Harry Kane,FWD,9500000,4.3139,7.3675,ferr_n_torres__esp,Ferran Torres,FWD,5000000,3.4713,6.9802,4500000,0.8426,0.3874,0.1873,0.0861,0.1363,0.4658,0.4652,-0.0047,Premium FWD vs cheaper FWD. Positive marginal values indicate the model already rewards premium attacking upside; negative values indicate the cheap/value FWD is ahead on current model output.
long_run,4-3-3,premium_fwd_vs_cheap_fwd,harry_kane__eng,Harry Kane,FWD,9500000,4.3139,7.3675,luiz_henrique__bra,Luiz Henrique,FWD,3000000,2.9765,5.6041,6500000,1.3374,1.7634,0.2058,0.2713,0.1576,0.2355,0.2345,0.0015,Premium FWD vs cheaper FWD. Positive marginal values indicate the model already rewards premium attacking upside; negative values indicate the cheap/value FWD is ahead on current model output.
long_run,4-3-3,premium_fwd_vs_cheap_fwd,harry_kane__eng,Harry Kane,FWD,9500000,4.3139,7.3675,giuliano_simeone__arg,Giuliano Simeone,FWD,4000000,2.7161,5.4902,5500000,1.5978,1.8774,0.2905,0.3413,0.5518,0.8871,0.5914,0.0217,Premium FWD vs cheaper FWD. Positive marginal values indicate the model already rewards premium attacking upside; negative values indicate the cheap/value FWD is ahead on current model output.
long_run,4-3-3,premium_fwd_vs_cheap_fwd,erling_haaland__nor,Erling Haaland,FWD,8500000,3.9175,5.0225,nico_williams__esp,Nico Williams,FWD,4500000,3.6519,7.1518,4000000,0.2655,-2.1293,0.0664,-0.5323,0.1496,-0.0361,-0.2321,0.0609,Premium FWD vs cheaper FWD. Positive marginal values indicate the model already rewards premium attacking upside; negative values indicate the cheap/value FWD is ahead on current model output.
long_run,4-3-3,premium_fwd_vs_cheap_fwd,erling_haaland__nor,Erling Haaland,FWD,8500000,3.9175,5.0225,ferr_n_torres__esp,Ferran Torres,FWD,5000000,3.4713,6.9802,3500000,0.4462,-1.9577,0.1275,-0.5593,0.3354,0.1433,-0.1047,0.0547,Premium FWD vs cheaper FWD. Positive marginal values indicate the model already rewards premium attacking upside; negative values indicate the cheap/value FWD is ahead on current model output.
long_run,4-3-3,premium_fwd_vs_cheap_fwd,erling_haaland__nor,Erling Haaland,FWD,8500000,3.9175,5.0225,luiz_henrique__bra,Luiz Henrique,FWD,3000000,2.9765,5.6041,5500000,0.941,-0.5816,0.1711,-0.1057,0.3566,-0.087,-0.3355,0.0609,Premium FWD vs cheaper FWD. Positive marginal values indicate the model already rewards premium attacking upside; negative values indicate the cheap/value FWD is ahead on current model output.
long_run,4-3-3,premium_fwd_vs_cheap_fwd,erling_haaland__nor,Erling Haaland,FWD,8500000,3.9175,5.0225,giuliano_simeone__arg,Giuliano Simeone,FWD,4000000,2.7161,5.4902,4500000,1.2014,-0.4677,0.267,-0.1039,0.7508,0.5647,0.0215,0.0811,Premium FWD vs cheaper FWD. Positive marginal values indicate the model already rewards premium attacking upside; negative values indicate the cheap/value FWD is ahead on current model output.
long_run,4-3-3,selected_DEF_upgrade,aymeric_laporte__esp,Aymeric Laporte,DEF,4500000,3.6961,7.1937,nahuel_molina__arg,Nahuel Molina,DEF,4000000,3.5586,6.3826,500000,0.1375,0.8112,0.2749,1.6224,0.1415,0.3885,-0.382,-0.0335,"Selected DEF spend vs cheaper same-position alternative. If marginal return is low, budget may be better used on FWD ceiling."
long_run,4-3-3,selected_DEF_upgrade,leo_pereira__bra,Leo Pereira,DEF,3000000,3.1034,5.8167,djed_spence__eng,Djed Spence,DEF,2500000,1.8778,3.6963,500000,1.2256,2.1205,2.4512,4.241,0.523,0.7107,0.3671,0.3986,"Selected DEF spend vs cheaper same-position alternative. If marginal return is low, budget may be better used on FWD ceiling."
long_run,4-3-3,low_upside_mid_def_gk_upgrade,aur_lien_tchouam_ni__fra,Aurelien Tchouameni,MID,3500000,2.64,5.6246,oscar_bobb__nor,Oscar Bobb,MID,3000000,3.4248,4.5545,500000,-0.7848,1.0701,-1.5696,2.1403,-1.0286,-0.6302,-0.1945,-0.09,"Selected MID spend vs cheaper same-position alternative. If marginal return is low, budget may be better used on FWD ceiling."
long_run,4-3-3,selected_DEF_upgrade,r_ben_dias__por,Ruben Dias,DEF,4000000,3.2895,5.6748,maxence_lacroix__fra,Maxence Lacroix,DEF,3000000,3.0247,6.082,1000000,0.2648,-0.4073,0.2648,-0.4073,0.2056,-0.1744,-0.0084,-0.1194,"Selected DEF spend vs cheaper same-position alternative. If marginal return is low, budget may be better used on FWD ceiling."
long_run,4-3-3,selected_GK_upgrade,mike_maignan__fra,Mike Maignan,GK,5000000,3.6031,6.6316,joan_garcia__esp,Joan Garcia,GK,4000000,3.8393,7.4218,1000000,-0.2361,-0.7902,-0.2361,-0.7902,-0.5294,-0.1259,-0.1798,-0.02,"Selected GK spend vs cheaper same-position alternative. If marginal return is low, budget may be better used on FWD ceiling."
long_run,4-3-3,selected_MID_upgrade,giovani_lo_celso__arg,Giovani Lo Celso,MID,4000000,3.0503,5.8077,jordan_henderson__eng,Jordan Henderson,MID,3500000,2.2868,5.0393,500000,0.7635,0.7683,1.5269,1.5367,0.5546,0.2657,0.39,0.0553,"Selected MID spend vs cheaper same-position alternative. If marginal return is low, budget may be better used on FWD ceiling."
long_run,4-3-3,selected_MID_upgrade,elliot_anderson__eng,Elliot Anderson,MID,4000000,2.7005,5.7428,jordan_henderson__eng,Jordan Henderson,MID,3500000,2.2868,5.0393,500000,0.4136,0.7035,0.8273,1.4069,0.1869,0.2211,0.1662,0.17,"Selected MID spend vs cheaper same-position alternative. If marginal return is low, budget may be better used on FWD ceiling."
long_run,4-3-3,selected_DEF_upgrade,nuno_mendes__por,Nuno Mendes,DEF,4500000,3.572,5.5407,nahuel_molina__arg,Nahuel Molina,DEF,4000000,3.5586,6.3826,500000,0.0134,-0.8419,0.0268,-1.6838,0.0732,0.2851,-0.4359,-0.0924,"Selected DEF spend vs cheaper same-position alternative. If marginal return is low, budget may be better used on FWD ceiling."
long_run,4-4-2,position_marginal_GK,unai_sim_n__esp,Unai Simon,GK,5000000,3.8353,7.326,joan_garcia__esp,Joan Garcia,GK,4000000,3.8393,7.4218,1000000,-0.004,-0.0958,-0.004,-0.0958,-0.1586,-0.1525,-0.102,-0.1193,Best high-price GK vs best low-price GK; measures marginal return to spending extra budget at this position.
long_run,4-4-2,position_marginal_DEF,aymeric_laporte__esp,Aymeric Laporte,DEF,4500000,3.6961,7.1937,maxence_lacroix__fra,Maxence Lacroix,DEF,3000000,3.0247,6.082,1500000,0.6714,1.1117,0.4476,0.7411,0.441,0.0927,0.1264,-0.068,Best high-price DEF vs best low-price DEF; measures marginal return to spending extra budget at this position.
long_run,4-4-2,position_marginal_MID,morgan_rogers__eng,Morgan Rogers,MID,5500000,3.3018,6.3141,oscar_bobb__nor,Oscar Bobb,MID,3000000,3.4248,4.5545,2500000,-0.123,1.7596,-0.0492,0.7038,-0.9077,-0.3158,0.1539,0.0,Best high-price MID vs best low-price MID; measures marginal return to spending extra budget at this position.
long_run,4-4-2,position_marginal_FWD,lautaro_mart_nez__arg,Lautaro Martinez,FWD,8000000,5.2929,7.9381,luiz_henrique__bra,Luiz Henrique,FWD,3000000,2.9765,5.6041,5000000,2.3164,2.334,0.4633,0.4668,1.0482,0.5758,0.8313,-0.0032,Best high-price FWD vs best low-price FWD; measures marginal return to spending extra budget at this position.
long_run,4-4-2,premium_fwd_vs_cheap_fwd,kylian_mbapp__fra,Kylian Mbappe,FWD,10000000,4.7201,7.6927,nico_williams__esp,Nico Williams,FWD,4500000,3.6519,7.1518,5500000,1.0681,0.5408,0.1942,0.0983,0.4125,0.5389,0.3483,0.0419,Premium FWD vs cheaper FWD. Positive marginal values indicate the model already rewards premium attacking upside; negative values indicate the cheap/value FWD is ahead on current model output.
long_run,4-4-2,premium_fwd_vs_cheap_fwd,kylian_mbapp__fra,Kylian Mbappe,FWD,10000000,4.7201,7.6927,ferr_n_torres__esp,Ferran Torres,FWD,5000000,3.4713,6.9802,5000000,1.2488,0.7125,0.2498,0.1425,0.5982,0.7182,0.4757,0.0357,Premium FWD vs cheaper FWD. Positive marginal values indicate the model already rewards premium attacking upside; negative values indicate the cheap/value FWD is ahead on current model output.
long_run,4-4-2,premium_fwd_vs_cheap_fwd,kylian_mbapp__fra,Kylian Mbappe,FWD,10000000,4.7201,7.6927,luiz_henrique__bra,Luiz Henrique,FWD,3000000,2.9765,5.6041,7000000,1.7436,2.0885,0.2491,0.2984,0.6194,0.488,0.245,0.0419,Premium FWD vs cheaper FWD. Positive marginal values indicate the model already rewards premium attacking upside; negative values indicate the cheap/value FWD is ahead on current model output.
long_run,4-4-2,premium_fwd_vs_cheap_fwd,kylian_mbapp__fra,Kylian Mbappe,FWD,10000000,4.7201,7.6927,giuliano_simeone__arg,Giuliano Simeone,FWD,4000000,2.7161,5.4902,6000000,2.004,2.2025,0.334,0.3671,1.0137,1.1396,0.6019,0.0621,Premium FWD vs cheaper FWD. Positive marginal values indicate the model already rewards premium attacking upside; negative values indicate the cheap/value FWD is ahead on current model output.
long_run,4-4-2,premium_fwd_vs_cheap_fwd,harry_kane__eng,Harry Kane,FWD,9500000,4.3139,7.3675,nico_williams__esp,Nico Williams,FWD,4500000,3.6519,7.1518,5000000,0.6619,0.2157,0.1324,0.0431,-0.0494,0.2864,0.3378,0.0015,Premium FWD vs cheaper FWD. Positive marginal values indicate the model already rewards premium attacking upside; negative values indicate the cheap/value FWD is ahead on current model output.
long_run,4-4-2,premium_fwd_vs_cheap_fwd,harry_kane__eng,Harry Kane,FWD,9500000,4.3139,7.3675,ferr_n_torres__esp,Ferran Torres,FWD,5000000,3.4713,6.9802,4500000,0.8426,0.3874,0.1873,0.0861,0.1363,0.4658,0.4652,-0.0047,Premium FWD vs cheaper FWD. Positive marginal values indicate the model already rewards premium attacking upside; negative values indicate the cheap/value FWD is ahead on current model output.
long_run,4-4-2,premium_fwd_vs_cheap_fwd,harry_kane__eng,Harry Kane,FWD,9500000,4.3139,7.3675,luiz_henrique__bra,Luiz Henrique,FWD,3000000,2.9765,5.6041,6500000,1.3374,1.7634,0.2058,0.2713,0.1576,0.2355,0.2345,0.0015,Premium FWD vs cheaper FWD. Positive marginal values indicate the model already rewards premium attacking upside; negative values indicate the cheap/value FWD is ahead on current model output.
long_run,4-4-2,premium_fwd_vs_cheap_fwd,harry_kane__eng,Harry Kane,FWD,9500000,4.3139,7.3675,giuliano_simeone__arg,Giuliano Simeone,FWD,4000000,2.7161,5.4902,5500000,1.5978,1.8774,0.2905,0.3413,0.5518,0.8871,0.5914,0.0217,Premium FWD vs cheaper FWD. Positive marginal values indicate the model already rewards premium attacking upside; negative values indicate the cheap/value FWD is ahead on current model output.
long_run,4-4-2,premium_fwd_vs_cheap_fwd,erling_haaland__nor,Erling Haaland,FWD,8500000,3.9175,5.0225,nico_williams__esp,Nico Williams,FWD,4500000,3.6519,7.1518,4000000,0.2655,-2.1293,0.0664,-0.5323,0.1496,-0.0361,-0.2321,0.0609,Premium FWD vs cheaper FWD. Positive marginal values indicate the model already rewards premium attacking upside; negative values indicate the cheap/value FWD is ahead on current model output.
long_run,4-4-2,premium_fwd_vs_cheap_fwd,erling_haaland__nor,Erling Haaland,FWD,8500000,3.9175,5.0225,ferr_n_torres__esp,Ferran Torres,FWD,5000000,3.4713,6.9802,3500000,0.4462,-1.9577,0.1275,-0.5593,0.3354,0.1433,-0.1047,0.0547,Premium FWD vs cheaper FWD. Positive marginal values indicate the model already rewards premium attacking upside; negative values indicate the cheap/value FWD is ahead on current model output.
long_run,4-4-2,premium_fwd_vs_cheap_fwd,erling_haaland__nor,Erling Haaland,FWD,8500000,3.9175,5.0225,luiz_henrique__bra,Luiz Henrique,FWD,3000000,2.9765,5.6041,5500000,0.941,-0.5816,0.1711,-0.1057,0.3566,-0.087,-0.3355,0.0609,Premium FWD vs cheaper FWD. Positive marginal values indicate the model already rewards premium attacking upside; negative values indicate the cheap/value FWD is ahead on current model output.
long_run,4-4-2,premium_fwd_vs_cheap_fwd,erling_haaland__nor,Erling Haaland,FWD,8500000,3.9175,5.0225,giuliano_simeone__arg,Giuliano Simeone,FWD,4000000,2.7161,5.4902,4500000,1.2014,-0.4677,0.267,-0.1039,0.7508,0.5647,0.0215,0.0811,Premium FWD vs cheaper FWD. Positive marginal values indicate the model already rewards premium attacking upside; negative values indicate the cheap/value FWD is ahead on current model output.
long_run,4-4-2,selected_DEF_upgrade,aymeric_laporte__esp,Aymeric Laporte,DEF,4500000,3.6961,7.1937,nahuel_molina__arg,Nahuel Molina,DEF,4000000,3.5586,6.3826,500000,0.1375,0.8112,0.2749,1.6224,0.1415,0.3885,-0.382,-0.0335,"Selected DEF spend vs cheaper same-position alternative. If marginal return is low, budget may be better used on FWD ceiling."
long_run,4-4-2,selected_DEF_upgrade,leo_pereira__bra,Leo Pereira,DEF,3000000,3.1034,5.8167,djed_spence__eng,Djed Spence,DEF,2500000,1.8778,3.6963,500000,1.2256,2.1205,2.4512,4.241,0.523,0.7107,0.3671,0.3986,"Selected DEF spend vs cheaper same-position alternative. If marginal return is low, budget may be better used on FWD ceiling."
long_run,4-4-2,low_upside_mid_def_gk_upgrade,declan_rice__eng,Declan Rice,MID,4500000,2.9111,6.0349,giovani_lo_celso__arg,Giovani Lo Celso,MID,4000000,3.0503,5.8077,500000,-0.1392,0.2273,-0.2783,0.4545,-0.2814,0.0539,-0.1397,0.0153,"Selected MID spend vs cheaper same-position alternative. If marginal return is low, budget may be better used on FWD ceiling."
long_run,4-4-2,selected_MID_upgrade,rodri_hernandez__esp,Rodri Hernandez,MID,5000000,1.769,5.0525,giovani_lo_celso__arg,Giovani Lo Celso,MID,4000000,3.0503,5.8077,1000000,-1.2813,-0.7551,-1.2813,-0.7551,-0.9379,-0.7834,-0.7996,-0.0815,"Selected MID spend vs cheaper same-position alternative. If marginal return is low, budget may be better used on FWD ceiling."
long_run,4-4-2,selected_DEF_upgrade,r_ben_dias__por,Ruben Dias,DEF,4000000,3.2895,5.6748,maxence_lacroix__fra,Maxence Lacroix,DEF,3000000,3.0247,6.082,1000000,0.2648,-0.4073,0.2648,-0.4073,0.2056,-0.1744,-0.0084,-0.1194,"Selected DEF spend vs cheaper same-position alternative. If marginal return is low, budget may be better used on FWD ceiling."
long_run,4-4-2,selected_GK_upgrade,mike_maignan__fra,Mike Maignan,GK,5000000,3.6031,6.6316,joan_garcia__esp,Joan Garcia,GK,4000000,3.8393,7.4218,1000000,-0.2361,-0.7902,-0.2361,-0.7902,-0.5294,-0.1259,-0.1798,-0.02,"Selected GK spend vs cheaper same-position alternative. If marginal return is low, budget may be better used on FWD ceiling."
long_run,4-4-2,selected_MID_upgrade,morgan_rogers__eng,Morgan Rogers,MID,5500000,3.3018,6.3141,joshua_kimmich__ger,Joshua Kimmich,MID,5000000,3.3576,5.8243,500000,-0.0558,0.4898,-0.1116,0.9795,-0.3634,0.1063,0.1053,0.0196,"Selected MID spend vs cheaper same-position alternative. If marginal return is low, budget may be better used on FWD ceiling."
long_run,4-4-2,low_upside_mid_def_gk_upgrade,rodrigo_de_paul__arg,Rodrigo de Paul,MID,4500000,3.2057,6.0473,giovani_lo_celso__arg,Giovani Lo Celso,MID,4000000,3.0503,5.8077,500000,0.1554,0.2397,0.3109,0.4794,0.0561,0.0581,0.0543,0.0992,"Selected MID spend vs cheaper same-position alternative. If marginal return is low, budget may be better used on FWD ceiling."
long_run,4-4-2,selected_DEF_upgrade,nuno_mendes__por,Nuno Mendes,DEF,4500000,3.572,5.5407,nahuel_molina__arg,Nahuel Molina,DEF,4000000,3.5586,6.3826,500000,0.0134,-0.8419,0.0268,-1.6838,0.0732,0.2851,-0.4359,-0.0924,"Selected DEF spend vs cheaper same-position alternative. If marginal return is low, budget may be better used on FWD ceiling."
long_run,4-4-2,two_player_swap_premium_fwd_plus_cheaper_mid_def_gk,erling_haaland__nor,Erling Haaland,FWD,8500000,3.9175,5.0225,ferr_n_torres__esp,Ferran Torres,FWD,5000000,3.4713,6.9802,3500000,0.4462,-1.9577,0.1275,-0.5593,0.3354,0.1433,-0.1047,0.0547,Two-player swap possible by downgrading Morgan Rogers to Kees Smit; net_strategy_score=-7.271.
long_run,4-5-1,position_marginal_GK,unai_sim_n__esp,Unai Simon,GK,5000000,3.8353,7.326,joan_garcia__esp,Joan Garcia,GK,4000000,3.8393,7.4218,1000000,-0.004,-0.0958,-0.004,-0.0958,-0.1586,-0.1525,-0.102,-0.1193,Best high-price GK vs best low-price GK; measures marginal return to spending extra budget at this position.
long_run,4-5-1,position_marginal_DEF,aymeric_laporte__esp,Aymeric Laporte,DEF,4500000,3.6961,7.1937,maxence_lacroix__fra,Maxence Lacroix,DEF,3000000,3.0247,6.082,1500000,0.6714,1.1117,0.4476,0.7411,0.441,0.0927,0.1264,-0.068,Best high-price DEF vs best low-price DEF; measures marginal return to spending extra budget at this position.
long_run,4-5-1,position_marginal_MID,morgan_rogers__eng,Morgan Rogers,MID,5500000,3.3018,6.3141,oscar_bobb__nor,Oscar Bobb,MID,3000000,3.4248,4.5545,2500000,-0.123,1.7596,-0.0492,0.7038,-0.9077,-0.3158,0.1539,0.0,Best high-price MID vs best low-price MID; measures marginal return to spending extra budget at this position.
long_run,4-5-1,position_marginal_FWD,lautaro_mart_nez__arg,Lautaro Martinez,FWD,8000000,5.2929,7.9381,luiz_henrique__bra,Luiz Henrique,FWD,3000000,2.9765,5.6041,5000000,2.3164,2.334,0.4633,0.4668,1.0482,0.5758,0.8313,-0.0032,Best high-price FWD vs best low-price FWD; measures marginal return to spending extra budget at this position.
long_run,4-5-1,premium_fwd_vs_cheap_fwd,kylian_mbapp__fra,Kylian Mbappe,FWD,10000000,4.7201,7.6927,nico_williams__esp,Nico Williams,FWD,4500000,3.6519,7.1518,5500000,1.0681,0.5408,0.1942,0.0983,0.4125,0.5389,0.3483,0.0419,Premium FWD vs cheaper FWD. Positive marginal values indicate the model already rewards premium attacking upside; negative values indicate the cheap/value FWD is ahead on current model output.
long_run,4-5-1,premium_fwd_vs_cheap_fwd,kylian_mbapp__fra,Kylian Mbappe,FWD,10000000,4.7201,7.6927,ferr_n_torres__esp,Ferran Torres,FWD,5000000,3.4713,6.9802,5000000,1.2488,0.7125,0.2498,0.1425,0.5982,0.7182,0.4757,0.0357,Premium FWD vs cheaper FWD. Positive marginal values indicate the model already rewards premium attacking upside; negative values indicate the cheap/value FWD is ahead on current model output.
long_run,4-5-1,premium_fwd_vs_cheap_fwd,kylian_mbapp__fra,Kylian Mbappe,FWD,10000000,4.7201,7.6927,luiz_henrique__bra,Luiz Henrique,FWD,3000000,2.9765,5.6041,7000000,1.7436,2.0885,0.2491,0.2984,0.6194,0.488,0.245,0.0419,Premium FWD vs cheaper FWD. Positive marginal values indicate the model already rewards premium attacking upside; negative values indicate the cheap/value FWD is ahead on current model output.
long_run,4-5-1,premium_fwd_vs_cheap_fwd,kylian_mbapp__fra,Kylian Mbappe,FWD,10000000,4.7201,7.6927,giuliano_simeone__arg,Giuliano Simeone,FWD,4000000,2.7161,5.4902,6000000,2.004,2.2025,0.334,0.3671,1.0137,1.1396,0.6019,0.0621,Premium FWD vs cheaper FWD. Positive marginal values indicate the model already rewards premium attacking upside; negative values indicate the cheap/value FWD is ahead on current model output.
long_run,4-5-1,premium_fwd_vs_cheap_fwd,harry_kane__eng,Harry Kane,FWD,9500000,4.3139,7.3675,nico_williams__esp,Nico Williams,FWD,4500000,3.6519,7.1518,5000000,0.6619,0.2157,0.1324,0.0431,-0.0494,0.2864,0.3378,0.0015,Premium FWD vs cheaper FWD. Positive marginal values indicate the model already rewards premium attacking upside; negative values indicate the cheap/value FWD is ahead on current model output.
long_run,4-5-1,premium_fwd_vs_cheap_fwd,harry_kane__eng,Harry Kane,FWD,9500000,4.3139,7.3675,ferr_n_torres__esp,Ferran Torres,FWD,5000000,3.4713,6.9802,4500000,0.8426,0.3874,0.1873,0.0861,0.1363,0.4658,0.4652,-0.0047,Premium FWD vs cheaper FWD. Positive marginal values indicate the model already rewards premium attacking upside; negative values indicate the cheap/value FWD is ahead on current model output.
long_run,4-5-1,premium_fwd_vs_cheap_fwd,harry_kane__eng,Harry Kane,FWD,9500000,4.3139,7.3675,luiz_henrique__bra,Luiz Henrique,FWD,3000000,2.9765,5.6041,6500000,1.3374,1.7634,0.2058,0.2713,0.1576,0.2355,0.2345,0.0015,Premium FWD vs cheaper FWD. Positive marginal values indicate the model already rewards premium attacking upside; negative values indicate the cheap/value FWD is ahead on current model output.
long_run,4-5-1,premium_fwd_vs_cheap_fwd,harry_kane__eng,Harry Kane,FWD,9500000,4.3139,7.3675,giuliano_simeone__arg,Giuliano Simeone,FWD,4000000,2.7161,5.4902,5500000,1.5978,1.8774,0.2905,0.3413,0.5518,0.8871,0.5914,0.0217,Premium FWD vs cheaper FWD. Positive marginal values indicate the model already rewards premium attacking upside; negative values indicate the cheap/value FWD is ahead on current model output.
long_run,4-5-1,premium_fwd_vs_cheap_fwd,erling_haaland__nor,Erling Haaland,FWD,8500000,3.9175,5.0225,nico_williams__esp,Nico Williams,FWD,4500000,3.6519,7.1518,4000000,0.2655,-2.1293,0.0664,-0.5323,0.1496,-0.0361,-0.2321,0.0609,Premium FWD vs cheaper FWD. Positive marginal values indicate the model already rewards premium attacking upside; negative values indicate the cheap/value FWD is ahead on current model output.
long_run,4-5-1,premium_fwd_vs_cheap_fwd,erling_haaland__nor,Erling Haaland,FWD,8500000,3.9175,5.0225,ferr_n_torres__esp,Ferran Torres,FWD,5000000,3.4713,6.9802,3500000,0.4462,-1.9577,0.1275,-0.5593,0.3354,0.1433,-0.1047,0.0547,Premium FWD vs cheaper FWD. Positive marginal values indicate the model already rewards premium attacking upside; negative values indicate the cheap/value FWD is ahead on current model output.
long_run,4-5-1,premium_fwd_vs_cheap_fwd,erling_haaland__nor,Erling Haaland,FWD,8500000,3.9175,5.0225,luiz_henrique__bra,Luiz Henrique,FWD,3000000,2.9765,5.6041,5500000,0.941,-0.5816,0.1711,-0.1057,0.3566,-0.087,-0.3355,0.0609,Premium FWD vs cheaper FWD. Positive marginal values indicate the model already rewards premium attacking upside; negative values indicate the cheap/value FWD is ahead on current model output.
long_run,4-5-1,premium_fwd_vs_cheap_fwd,erling_haaland__nor,Erling Haaland,FWD,8500000,3.9175,5.0225,giuliano_simeone__arg,Giuliano Simeone,FWD,4000000,2.7161,5.4902,4500000,1.2014,-0.4677,0.267,-0.1039,0.7508,0.5647,0.0215,0.0811,Premium FWD vs cheaper FWD. Positive marginal values indicate the model already rewards premium attacking upside; negative values indicate the cheap/value FWD is ahead on current model output.
long_run,4-5-1,selected_MID_upgrade,fabian_ruiz__esp,Fabian Ruiz,MID,4500000,1.7017,4.9886,giovani_lo_celso__arg,Giovani Lo Celso,MID,4000000,3.0503,5.8077,500000,-1.3486,-0.8191,-2.6972,-1.6381,-0.9572,-0.7981,-0.8108,-0.0874,"Selected MID spend vs cheaper same-position alternative. If marginal return is low, budget may be better used on FWD ceiling."
long_run,4-5-1,selected_DEF_upgrade,aymeric_laporte__esp,Aymeric Laporte,DEF,4500000,3.6961,7.1937,nahuel_molina__arg,Nahuel Molina,DEF,4000000,3.5586,6.3826,500000,0.1375,0.8112,0.2749,1.6224,0.1415,0.3885,-0.382,-0.0335,"Selected DEF spend vs cheaper same-position alternative. If marginal return is low, budget may be better used on FWD ceiling."
long_run,4-5-1,selected_DEF_upgrade,leo_pereira__bra,Leo Pereira,DEF,3000000,3.1034,5.8167,djed_spence__eng,Djed Spence,DEF,2500000,1.8778,3.6963,500000,1.2256,2.1205,2.4512,4.241,0.523,0.7107,0.3671,0.3986,"Selected DEF spend vs cheaper same-position alternative. If marginal return is low, budget may be better used on FWD ceiling."
long_run,4-5-1,low_upside_mid_def_gk_upgrade,declan_rice__eng,Declan Rice,MID,4500000,2.9111,6.0349,giovani_lo_celso__arg,Giovani Lo Celso,MID,4000000,3.0503,5.8077,500000,-0.1392,0.2273,-0.2783,0.4545,-0.2814,0.0539,-0.1397,0.0153,"Selected MID spend vs cheaper same-position alternative. If marginal return is low, budget may be better used on FWD ceiling."
long_run,4-5-1,selected_MID_upgrade,rodri_hernandez__esp,Rodri Hernandez,MID,5000000,1.769,5.0525,giovani_lo_celso__arg,Giovani Lo Celso,MID,4000000,3.0503,5.8077,1000000,-1.2813,-0.7551,-1.2813,-0.7551,-0.9379,-0.7834,-0.7996,-0.0815,"Selected MID spend vs cheaper same-position alternative. If marginal return is low, budget may be better used on FWD ceiling."
long_run,4-5-1,selected_DEF_upgrade,r_ben_dias__por,Ruben Dias,DEF,4000000,3.2895,5.6748,maxence_lacroix__fra,Maxence Lacroix,DEF,3000000,3.0247,6.082,1000000,0.2648,-0.4073,0.2648,-0.4073,0.2056,-0.1744,-0.0084,-0.1194,"Selected DEF spend vs cheaper same-position alternative. If marginal return is low, budget may be better used on FWD ceiling."
long_run,4-5-1,selected_GK_upgrade,mike_maignan__fra,Mike Maignan,GK,5000000,3.6031,6.6316,joan_garcia__esp,Joan Garcia,GK,4000000,3.8393,7.4218,1000000,-0.2361,-0.7902,-0.2361,-0.7902,-0.5294,-0.1259,-0.1798,-0.02,"Selected GK spend vs cheaper same-position alternative. If marginal return is low, budget may be better used on FWD ceiling."
long_run,4-5-1,selected_MID_upgrade,morgan_rogers__eng,Morgan Rogers,MID,5500000,3.3018,6.3141,joshua_kimmich__ger,Joshua Kimmich,MID,5000000,3.3576,5.8243,500000,-0.0558,0.4898,-0.1116,0.9795,-0.3634,0.1063,0.1053,0.0196,"Selected MID spend vs cheaper same-position alternative. If marginal return is low, budget may be better used on FWD ceiling."
long_run,4-5-1,low_upside_mid_def_gk_upgrade,rodrigo_de_paul__arg,Rodrigo de Paul,MID,4500000,3.2057,6.0473,giovani_lo_celso__arg,Giovani Lo Celso,MID,4000000,3.0503,5.8077,500000,0.1554,0.2397,0.3109,0.4794,0.0561,0.0581,0.0543,0.0992,"Selected MID spend vs cheaper same-position alternative. If marginal return is low, budget may be better used on FWD ceiling."
long_run,4-5-1,selected_DEF_upgrade,nuno_mendes__por,Nuno Mendes,DEF,4500000,3.572,5.5407,nahuel_molina__arg,Nahuel Molina,DEF,4000000,3.5586,6.3826,500000,0.0134,-0.8419,0.0268,-1.6838,0.0732,0.2851,-0.4359,-0.0924,"Selected DEF spend vs cheaper same-position alternative. If marginal return is low, budget may be better used on FWD ceiling."
long_run,5-3-2,position_marginal_GK,unai_sim_n__esp,Unai Simon,GK,5000000,3.8353,7.326,joan_garcia__esp,Joan Garcia,GK,4000000,3.8393,7.4218,1000000,-0.004,-0.0958,-0.004,-0.0958,-0.1586,-0.1525,-0.102,-0.1193,Best high-price GK vs best low-price GK; measures marginal return to spending extra budget at this position.
long_run,5-3-2,position_marginal_DEF,aymeric_laporte__esp,Aymeric Laporte,DEF,4500000,3.6961,7.1937,maxence_lacroix__fra,Maxence Lacroix,DEF,3000000,3.0247,6.082,1500000,0.6714,1.1117,0.4476,0.7411,0.441,0.0927,0.1264,-0.068,Best high-price DEF vs best low-price DEF; measures marginal return to spending extra budget at this position.
long_run,5-3-2,position_marginal_MID,morgan_rogers__eng,Morgan Rogers,MID,5500000,3.3018,6.3141,oscar_bobb__nor,Oscar Bobb,MID,3000000,3.4248,4.5545,2500000,-0.123,1.7596,-0.0492,0.7038,-0.9077,-0.3158,0.1539,0.0,Best high-price MID vs best low-price MID; measures marginal return to spending extra budget at this position.
long_run,5-3-2,position_marginal_FWD,lautaro_mart_nez__arg,Lautaro Martinez,FWD,8000000,5.2929,7.9381,luiz_henrique__bra,Luiz Henrique,FWD,3000000,2.9765,5.6041,5000000,2.3164,2.334,0.4633,0.4668,1.0482,0.5758,0.8313,-0.0032,Best high-price FWD vs best low-price FWD; measures marginal return to spending extra budget at this position.
long_run,5-3-2,premium_fwd_vs_cheap_fwd,kylian_mbapp__fra,Kylian Mbappe,FWD,10000000,4.7201,7.6927,nico_williams__esp,Nico Williams,FWD,4500000,3.6519,7.1518,5500000,1.0681,0.5408,0.1942,0.0983,0.4125,0.5389,0.3483,0.0419,Premium FWD vs cheaper FWD. Positive marginal values indicate the model already rewards premium attacking upside; negative values indicate the cheap/value FWD is ahead on current model output.
long_run,5-3-2,premium_fwd_vs_cheap_fwd,kylian_mbapp__fra,Kylian Mbappe,FWD,10000000,4.7201,7.6927,ferr_n_torres__esp,Ferran Torres,FWD,5000000,3.4713,6.9802,5000000,1.2488,0.7125,0.2498,0.1425,0.5982,0.7182,0.4757,0.0357,Premium FWD vs cheaper FWD. Positive marginal values indicate the model already rewards premium attacking upside; negative values indicate the cheap/value FWD is ahead on current model output.
long_run,5-3-2,premium_fwd_vs_cheap_fwd,kylian_mbapp__fra,Kylian Mbappe,FWD,10000000,4.7201,7.6927,luiz_henrique__bra,Luiz Henrique,FWD,3000000,2.9765,5.6041,7000000,1.7436,2.0885,0.2491,0.2984,0.6194,0.488,0.245,0.0419,Premium FWD vs cheaper FWD. Positive marginal values indicate the model already rewards premium attacking upside; negative values indicate the cheap/value FWD is ahead on current model output.
long_run,5-3-2,premium_fwd_vs_cheap_fwd,kylian_mbapp__fra,Kylian Mbappe,FWD,10000000,4.7201,7.6927,giuliano_simeone__arg,Giuliano Simeone,FWD,4000000,2.7161,5.4902,6000000,2.004,2.2025,0.334,0.3671,1.0137,1.1396,0.6019,0.0621,Premium FWD vs cheaper FWD. Positive marginal values indicate the model already rewards premium attacking upside; negative values indicate the cheap/value FWD is ahead on current model output.
long_run,5-3-2,premium_fwd_vs_cheap_fwd,harry_kane__eng,Harry Kane,FWD,9500000,4.3139,7.3675,nico_williams__esp,Nico Williams,FWD,4500000,3.6519,7.1518,5000000,0.6619,0.2157,0.1324,0.0431,-0.0494,0.2864,0.3378,0.0015,Premium FWD vs cheaper FWD. Positive marginal values indicate the model already rewards premium attacking upside; negative values indicate the cheap/value FWD is ahead on current model output.
long_run,5-3-2,premium_fwd_vs_cheap_fwd,harry_kane__eng,Harry Kane,FWD,9500000,4.3139,7.3675,ferr_n_torres__esp,Ferran Torres,FWD,5000000,3.4713,6.9802,4500000,0.8426,0.3874,0.1873,0.0861,0.1363,0.4658,0.4652,-0.0047,Premium FWD vs cheaper FWD. Positive marginal values indicate the model already rewards premium attacking upside; negative values indicate the cheap/value FWD is ahead on current model output.
long_run,5-3-2,premium_fwd_vs_cheap_fwd,harry_kane__eng,Harry Kane,FWD,9500000,4.3139,7.3675,luiz_henrique__bra,Luiz Henrique,FWD,3000000,2.9765,5.6041,6500000,1.3374,1.7634,0.2058,0.2713,0.1576,0.2355,0.2345,0.0015,Premium FWD vs cheaper FWD. Positive marginal values indicate the model already rewards premium attacking upside; negative values indicate the cheap/value FWD is ahead on current model output.
long_run,5-3-2,premium_fwd_vs_cheap_fwd,harry_kane__eng,Harry Kane,FWD,9500000,4.3139,7.3675,giuliano_simeone__arg,Giuliano Simeone,FWD,4000000,2.7161,5.4902,5500000,1.5978,1.8774,0.2905,0.3413,0.5518,0.8871,0.5914,0.0217,Premium FWD vs cheaper FWD. Positive marginal values indicate the model already rewards premium attacking upside; negative values indicate the cheap/value FWD is ahead on current model output.
long_run,5-3-2,premium_fwd_vs_cheap_fwd,erling_haaland__nor,Erling Haaland,FWD,8500000,3.9175,5.0225,nico_williams__esp,Nico Williams,FWD,4500000,3.6519,7.1518,4000000,0.2655,-2.1293,0.0664,-0.5323,0.1496,-0.0361,-0.2321,0.0609,Premium FWD vs cheaper FWD. Positive marginal values indicate the model already rewards premium attacking upside; negative values indicate the cheap/value FWD is ahead on current model output.
long_run,5-3-2,premium_fwd_vs_cheap_fwd,erling_haaland__nor,Erling Haaland,FWD,8500000,3.9175,5.0225,ferr_n_torres__esp,Ferran Torres,FWD,5000000,3.4713,6.9802,3500000,0.4462,-1.9577,0.1275,-0.5593,0.3354,0.1433,-0.1047,0.0547,Premium FWD vs cheaper FWD. Positive marginal values indicate the model already rewards premium attacking upside; negative values indicate the cheap/value FWD is ahead on current model output.
long_run,5-3-2,premium_fwd_vs_cheap_fwd,erling_haaland__nor,Erling Haaland,FWD,8500000,3.9175,5.0225,luiz_henrique__bra,Luiz Henrique,FWD,3000000,2.9765,5.6041,5500000,0.941,-0.5816,0.1711,-0.1057,0.3566,-0.087,-0.3355,0.0609,Premium FWD vs cheaper FWD. Positive marginal values indicate the model already rewards premium attacking upside; negative values indicate the cheap/value FWD is ahead on current model output.
long_run,5-3-2,premium_fwd_vs_cheap_fwd,erling_haaland__nor,Erling Haaland,FWD,8500000,3.9175,5.0225,giuliano_simeone__arg,Giuliano Simeone,FWD,4000000,2.7161,5.4902,4500000,1.2014,-0.4677,0.267,-0.1039,0.7508,0.5647,0.0215,0.0811,Premium FWD vs cheaper FWD. Positive marginal values indicate the model already rewards premium attacking upside; negative values indicate the cheap/value FWD is ahead on current model output.
long_run,5-3-2,selected_MID_upgrade,fabian_ruiz__esp,Fabian Ruiz,MID,4500000,1.7017,4.9886,giovani_lo_celso__arg,Giovani Lo Celso,MID,4000000,3.0503,5.8077,500000,-1.3486,-0.8191,-2.6972,-1.6381,-0.9572,-0.7981,-0.8108,-0.0874,"Selected MID spend vs cheaper same-position alternative. If marginal return is low, budget may be better used on FWD ceiling."
long_run,5-3-2,selected_DEF_upgrade,aymeric_laporte__esp,Aymeric Laporte,DEF,4500000,3.6961,7.1937,cristian_romero__arg,Cristian Romero,DEF,4000000,3.5074,6.2419,500000,0.1886,0.9518,0.3773,1.9036,0.1825,0.424,-0.3654,-0.0239,"Selected DEF spend vs cheaper same-position alternative. If marginal return is low, budget may be better used on FWD ceiling."
long_run,5-3-2,selected_DEF_upgrade,leo_pereira__bra,Leo Pereira,DEF,3000000,3.1034,5.8167,djed_spence__eng,Djed Spence,DEF,2500000,1.8778,3.6963,500000,1.2256,2.1205,2.4512,4.241,0.523,0.7107,0.3671,0.3986,"Selected DEF spend vs cheaper same-position alternative. If marginal return is low, budget may be better used on FWD ceiling."
long_run,5-3-2,low_upside_mid_def_gk_upgrade,aur_lien_tchouam_ni__fra,Aurelien Tchouameni,MID,3500000,2.64,5.6246,oscar_bobb__nor,Oscar Bobb,MID,3000000,3.4248,4.5545,500000,-0.7848,1.0701,-1.5696,2.1403,-1.0286,-0.6302,-0.1945,-0.09,"Selected MID spend vs cheaper same-position alternative. If marginal return is low, budget may be better used on FWD ceiling."
long_run,5-3-2,selected_DEF_upgrade,r_ben_dias__por,Ruben Dias,DEF,4000000,3.2895,5.6748,maxence_lacroix__fra,Maxence Lacroix,DEF,3000000,3.0247,6.082,1000000,0.2648,-0.4073,0.2648,-0.4073,0.2056,-0.1744,-0.0084,-0.1194,"Selected DEF spend vs cheaper same-position alternative. If marginal return is low, budget may be better used on FWD ceiling."
long_run,5-3-2,selected_GK_upgrade,mike_maignan__fra,Mike Maignan,GK,5000000,3.6031,6.6316,joan_garcia__esp,Joan Garcia,GK,4000000,3.8393,7.4218,1000000,-0.2361,-0.7902,-0.2361,-0.7902,-0.5294,-0.1259,-0.1798,-0.02,"Selected GK spend vs cheaper same-position alternative. If marginal return is low, budget may be better used on FWD ceiling."
long_run,5-3-2,selected_DEF_upgrade,nahuel_molina__arg,Nahuel Molina,DEF,4000000,3.5586,6.3826,maxence_lacroix__fra,Maxence Lacroix,DEF,3000000,3.0247,6.082,1000000,0.5339,0.3005,0.5339,0.3005,0.2995,-0.2958,0.5083,-0.0345,"Selected DEF spend vs cheaper same-position alternative. If marginal return is low, budget may be better used on FWD ceiling."
long_run,5-3-2,low_upside_mid_def_gk_upgrade,rodrigo_de_paul__arg,Rodrigo de Paul,MID,4500000,3.2057,6.0473,giovani_lo_celso__arg,Giovani Lo Celso,MID,4000000,3.0503,5.8077,500000,0.1554,0.2397,0.3109,0.4794,0.0561,0.0581,0.0543,0.0992,"Selected MID spend vs cheaper same-position alternative. If marginal return is low, budget may be better used on FWD ceiling."
long_run,5-3-2,selected_DEF_upgrade,nuno_mendes__por,Nuno Mendes,DEF,4500000,3.572,5.5407,cristian_romero__arg,Cristian Romero,DEF,4000000,3.5074,6.2419,500000,0.0646,-0.7013,0.1292,-1.4025,0.1141,0.3207,-0.4193,-0.0828,"Selected DEF spend vs cheaper same-position alternative. If marginal return is low, budget may be better used on FWD ceiling."
long_run,5-4-1,position_marginal_GK,unai_sim_n__esp,Unai Simon,GK,5000000,3.8353,7.326,joan_garcia__esp,Joan Garcia,GK,4000000,3.8393,7.4218,1000000,-0.004,-0.0958,-0.004,-0.0958,-0.1586,-0.1525,-0.102,-0.1193,Best high-price GK vs best low-price GK; measures marginal return to spending extra budget at this position.
long_run,5-4-1,position_marginal_DEF,aymeric_laporte__esp,Aymeric Laporte,DEF,4500000,3.6961,7.1937,maxence_lacroix__fra,Maxence Lacroix,DEF,3000000,3.0247,6.082,1500000,0.6714,1.1117,0.4476,0.7411,0.441,0.0927,0.1264,-0.068,Best high-price DEF vs best low-price DEF; measures marginal return to spending extra budget at this position.
long_run,5-4-1,position_marginal_MID,morgan_rogers__eng,Morgan Rogers,MID,5500000,3.3018,6.3141,oscar_bobb__nor,Oscar Bobb,MID,3000000,3.4248,4.5545,2500000,-0.123,1.7596,-0.0492,0.7038,-0.9077,-0.3158,0.1539,0.0,Best high-price MID vs best low-price MID; measures marginal return to spending extra budget at this position.
long_run,5-4-1,position_marginal_FWD,lautaro_mart_nez__arg,Lautaro Martinez,FWD,8000000,5.2929,7.9381,luiz_henrique__bra,Luiz Henrique,FWD,3000000,2.9765,5.6041,5000000,2.3164,2.334,0.4633,0.4668,1.0482,0.5758,0.8313,-0.0032,Best high-price FWD vs best low-price FWD; measures marginal return to spending extra budget at this position.
long_run,5-4-1,premium_fwd_vs_cheap_fwd,kylian_mbapp__fra,Kylian Mbappe,FWD,10000000,4.7201,7.6927,nico_williams__esp,Nico Williams,FWD,4500000,3.6519,7.1518,5500000,1.0681,0.5408,0.1942,0.0983,0.4125,0.5389,0.3483,0.0419,Premium FWD vs cheaper FWD. Positive marginal values indicate the model already rewards premium attacking upside; negative values indicate the cheap/value FWD is ahead on current model output.
long_run,5-4-1,premium_fwd_vs_cheap_fwd,kylian_mbapp__fra,Kylian Mbappe,FWD,10000000,4.7201,7.6927,ferr_n_torres__esp,Ferran Torres,FWD,5000000,3.4713,6.9802,5000000,1.2488,0.7125,0.2498,0.1425,0.5982,0.7182,0.4757,0.0357,Premium FWD vs cheaper FWD. Positive marginal values indicate the model already rewards premium attacking upside; negative values indicate the cheap/value FWD is ahead on current model output.
long_run,5-4-1,premium_fwd_vs_cheap_fwd,kylian_mbapp__fra,Kylian Mbappe,FWD,10000000,4.7201,7.6927,luiz_henrique__bra,Luiz Henrique,FWD,3000000,2.9765,5.6041,7000000,1.7436,2.0885,0.2491,0.2984,0.6194,0.488,0.245,0.0419,Premium FWD vs cheaper FWD. Positive marginal values indicate the model already rewards premium attacking upside; negative values indicate the cheap/value FWD is ahead on current model output.
long_run,5-4-1,premium_fwd_vs_cheap_fwd,kylian_mbapp__fra,Kylian Mbappe,FWD,10000000,4.7201,7.6927,giuliano_simeone__arg,Giuliano Simeone,FWD,4000000,2.7161,5.4902,6000000,2.004,2.2025,0.334,0.3671,1.0137,1.1396,0.6019,0.0621,Premium FWD vs cheaper FWD. Positive marginal values indicate the model already rewards premium attacking upside; negative values indicate the cheap/value FWD is ahead on current model output.
long_run,5-4-1,premium_fwd_vs_cheap_fwd,harry_kane__eng,Harry Kane,FWD,9500000,4.3139,7.3675,nico_williams__esp,Nico Williams,FWD,4500000,3.6519,7.1518,5000000,0.6619,0.2157,0.1324,0.0431,-0.0494,0.2864,0.3378,0.0015,Premium FWD vs cheaper FWD. Positive marginal values indicate the model already rewards premium attacking upside; negative values indicate the cheap/value FWD is ahead on current model output.
long_run,5-4-1,premium_fwd_vs_cheap_fwd,harry_kane__eng,Harry Kane,FWD,9500000,4.3139,7.3675,ferr_n_torres__esp,Ferran Torres,FWD,5000000,3.4713,6.9802,4500000,0.8426,0.3874,0.1873,0.0861,0.1363,0.4658,0.4652,-0.0047,Premium FWD vs cheaper FWD. Positive marginal values indicate the model already rewards premium attacking upside; negative values indicate the cheap/value FWD is ahead on current model output.
long_run,5-4-1,premium_fwd_vs_cheap_fwd,harry_kane__eng,Harry Kane,FWD,9500000,4.3139,7.3675,luiz_henrique__bra,Luiz Henrique,FWD,3000000,2.9765,5.6041,6500000,1.3374,1.7634,0.2058,0.2713,0.1576,0.2355,0.2345,0.0015,Premium FWD vs cheaper FWD. Positive marginal values indicate the model already rewards premium attacking upside; negative values indicate the cheap/value FWD is ahead on current model output.
long_run,5-4-1,premium_fwd_vs_cheap_fwd,harry_kane__eng,Harry Kane,FWD,9500000,4.3139,7.3675,giuliano_simeone__arg,Giuliano Simeone,FWD,4000000,2.7161,5.4902,5500000,1.5978,1.8774,0.2905,0.3413,0.5518,0.8871,0.5914,0.0217,Premium FWD vs cheaper FWD. Positive marginal values indicate the model already rewards premium attacking upside; negative values indicate the cheap/value FWD is ahead on current model output.
long_run,5-4-1,premium_fwd_vs_cheap_fwd,erling_haaland__nor,Erling Haaland,FWD,8500000,3.9175,5.0225,nico_williams__esp,Nico Williams,FWD,4500000,3.6519,7.1518,4000000,0.2655,-2.1293,0.0664,-0.5323,0.1496,-0.0361,-0.2321,0.0609,Premium FWD vs cheaper FWD. Positive marginal values indicate the model already rewards premium attacking upside; negative values indicate the cheap/value FWD is ahead on current model output.
long_run,5-4-1,premium_fwd_vs_cheap_fwd,erling_haaland__nor,Erling Haaland,FWD,8500000,3.9175,5.0225,ferr_n_torres__esp,Ferran Torres,FWD,5000000,3.4713,6.9802,3500000,0.4462,-1.9577,0.1275,-0.5593,0.3354,0.1433,-0.1047,0.0547,Premium FWD vs cheaper FWD. Positive marginal values indicate the model already rewards premium attacking upside; negative values indicate the cheap/value FWD is ahead on current model output.
long_run,5-4-1,premium_fwd_vs_cheap_fwd,erling_haaland__nor,Erling Haaland,FWD,8500000,3.9175,5.0225,luiz_henrique__bra,Luiz Henrique,FWD,3000000,2.9765,5.6041,5500000,0.941,-0.5816,0.1711,-0.1057,0.3566,-0.087,-0.3355,0.0609,Premium FWD vs cheaper FWD. Positive marginal values indicate the model already rewards premium attacking upside; negative values indicate the cheap/value FWD is ahead on current model output.
long_run,5-4-1,premium_fwd_vs_cheap_fwd,erling_haaland__nor,Erling Haaland,FWD,8500000,3.9175,5.0225,giuliano_simeone__arg,Giuliano Simeone,FWD,4000000,2.7161,5.4902,4500000,1.2014,-0.4677,0.267,-0.1039,0.7508,0.5647,0.0215,0.0811,Premium FWD vs cheaper FWD. Positive marginal values indicate the model already rewards premium attacking upside; negative values indicate the cheap/value FWD is ahead on current model output.
long_run,5-4-1,selected_MID_upgrade,fabian_ruiz__esp,Fabian Ruiz,MID,4500000,1.7017,4.9886,giovani_lo_celso__arg,Giovani Lo Celso,MID,4000000,3.0503,5.8077,500000,-1.3486,-0.8191,-2.6972,-1.6381,-0.9572,-0.7981,-0.8108,-0.0874,"Selected MID spend vs cheaper same-position alternative. If marginal return is low, budget may be better used on FWD ceiling."
long_run,5-4-1,selected_DEF_upgrade,aymeric_laporte__esp,Aymeric Laporte,DEF,4500000,3.6961,7.1937,maxence_lacroix__fra,Maxence Lacroix,DEF,3000000,3.0247,6.082,1500000,0.6714,1.1117,0.4476,0.7411,0.441,0.0927,0.1264,-0.068,"Selected DEF spend vs cheaper same-position alternative. If marginal return is low, budget may be better used on FWD ceiling."
long_run,5-4-1,selected_DEF_upgrade,cristian_romero__arg,Cristian Romero,DEF,4000000,3.5074,6.2419,maxence_lacroix__fra,Maxence Lacroix,DEF,3000000,3.0247,6.082,1000000,0.4827,0.1599,0.4827,0.1599,0.2586,-0.3313,0.4918,-0.0441,"Selected DEF spend vs cheaper same-position alternative. If marginal return is low, budget may be better used on FWD ceiling."
long_run,5-4-1,selected_MID_upgrade,rodri_hernandez__esp,Rodri Hernandez,MID,5000000,1.769,5.0525,declan_rice__eng,Declan Rice,MID,4500000,2.9111,6.0349,500000,-1.1421,-0.9824,-2.2842,-1.9647,-0.6565,-0.8373,-0.6599,-0.0968,"Selected MID spend vs cheaper same-position alternative. If marginal return is low, budget may be better used on FWD ceiling."
long_run,5-4-1,selected_DEF_upgrade,r_ben_dias__por,Ruben Dias,DEF,4000000,3.2895,5.6748,maxence_lacroix__fra,Maxence Lacroix,DEF,3000000,3.0247,6.082,1000000,0.2648,-0.4073,0.2648,-0.4073,0.2056,-0.1744,-0.0084,-0.1194,"Selected DEF spend vs cheaper same-position alternative. If marginal return is low, budget may be better used on FWD ceiling."
long_run,5-4-1,selected_GK_upgrade,mike_maignan__fra,Mike Maignan,GK,5000000,3.6031,6.6316,joan_garcia__esp,Joan Garcia,GK,4000000,3.8393,7.4218,1000000,-0.2361,-0.7902,-0.2361,-0.7902,-0.5294,-0.1259,-0.1798,-0.02,"Selected GK spend vs cheaper same-position alternative. If marginal return is low, budget may be better used on FWD ceiling."
long_run,5-4-1,selected_DEF_upgrade,nahuel_molina__arg,Nahuel Molina,DEF,4000000,3.5586,6.3826,maxence_lacroix__fra,Maxence Lacroix,DEF,3000000,3.0247,6.082,1000000,0.5339,0.3005,0.5339,0.3005,0.2995,-0.2958,0.5083,-0.0345,"Selected DEF spend vs cheaper same-position alternative. If marginal return is low, budget may be better used on FWD ceiling."
long_run,5-4-1,selected_MID_upgrade,morgan_rogers__eng,Morgan Rogers,MID,5500000,3.3018,6.3141,declan_rice__eng,Declan Rice,MID,4500000,2.9111,6.0349,1000000,0.3907,0.2792,0.3907,0.2792,0.1824,0.2247,0.1756,0.0994,"Selected MID spend vs cheaper same-position alternative. If marginal return is low, budget may be better used on FWD ceiling."
long_run,5-4-1,low_upside_mid_def_gk_upgrade,rodrigo_de_paul__arg,Rodrigo de Paul,MID,4500000,3.2057,6.0473,giovani_lo_celso__arg,Giovani Lo Celso,MID,4000000,3.0503,5.8077,500000,0.1554,0.2397,0.3109,0.4794,0.0561,0.0581,0.0543,0.0992,"Selected MID spend vs cheaper same-position alternative. If marginal return is low, budget may be better used on FWD ceiling."
long_run,5-4-1,selected_DEF_upgrade,nuno_mendes__por,Nuno Mendes,DEF,4500000,3.572,5.5407,maxence_lacroix__fra,Maxence Lacroix,DEF,3000000,3.0247,6.082,1500000,0.5473,-0.5414,0.3649,-0.3609,0.3727,-0.0106,0.0724,-0.1269,"Selected DEF spend vs cheaper same-position alternative. If marginal return is low, budget may be better used on FWD ceiling."
