player_id,player_name,team_id,team_name,position,price_m,price_rank_pct_position,model_ev_before_price_quality,price_quality_raw_ev,price_quality_appearance_scaled_ev,price_quality_base_capped_ev,price_quality_ev,weighted_group_stage_ev,price_quality_weight,price_quality_spread_multiplier,price_quality_applied,price_quality_method,component_source,base_ev_source,repair_status
jonathan_david__can,Jonathan David,CAN,Canada,FWD,4.5,0.82197,6.003617,3.339573,3.339573,3.339573,3.339573,4.804797,0.45,1.35,True,raw_for_likely_starter,complete_components,component_weighted_sum,component_base_rebuilt
lionel_messi__arg,Lionel Messi,ARG,Argentina,FWD,8,0.982955,5.245282,3.943157,3.943157,3.943157,3.943157,4.659326,0.45,1.35,True,raw_for_likely_starter,complete_components,component_weighted_sum,component_base_rebuilt
cristiano_ronaldo__por,Cristiano Ronaldo,POR,Portugal,FWD,7,0.967803,5.280426,3.886349,3.886349,3.886349,3.886349,4.653091,0.45,1.35,True,raw_for_likely_starter,complete_components,component_weighted_sum,component_base_rebuilt
vinicius_j_nior__bra,Vinicius Junior,BRA,Brasilien,FWD,7.5,0.975379,5.226586,3.914753,3.914753,3.914753,3.914753,4.636261,0.45,1.35,True,raw_for_likely_starter,complete_components,component_weighted_sum,component_base_rebuilt
unai_sim_n__esp,Unai Simon,ESP,Spanien,GK,5,0.965385,4.978706,3.963655,3.963655,3.963655,3.963655,4.521933,0.45,1.35,True,raw_for_likely_starter,complete_components,component_weighted_sum,component_base_rebuilt
harry_kane__eng,Harry Kane,ENG,England,FWD,9.5,0.996212,4.599483,3.992864,3.992864,3.992864,3.992864,4.326504,0.45,1.35,True,raw_for_likely_starter,complete_components,component_weighted_sum,component_base_rebuilt
lamine_yamal__esp,Lamine Yamal,ESP,Spanien,FWD,9,0.992424,4.498391,3.978662,3.978662,3.978662,3.978662,4.264513,0.45,1.35,True,raw_for_likely_starter,complete_components,component_weighted_sum,component_base_rebuilt
ra_l_jim_nez__mex,Raul Jimenez,MEX,Mexico,FWD,4.5,0.82197,5.00966,3.339573,3.339573,3.339573,3.339573,4.258121,0.45,1.35,True,raw_for_likely_starter,complete_components,component_weighted_sum,component_base_rebuilt
cody_gakpo__ned,Cody Gakpo,NED,Holland,FWD,6.5,0.956439,4.563085,3.843743,3.843743,3.843743,3.843743,4.239381,0.45,1.35,True,raw_for_likely_starter,complete_components,component_weighted_sum,component_base_rebuilt
mike_maignan__fra,Mike Maignan,FRA,Frankrig,GK,5,0.965385,4.344702,3.963655,3.963655,3.963655,3.963655,4.173231,0.45,1.35,True,raw_for_likely_starter,complete_components,component_weighted_sum,component_base_rebuilt
emiliano_mart_nez__arg,Emiliano Martinez,ARG,Argentina,GK,5,0.965385,4.289124,3.963655,3.963655,3.963655,3.963655,4.142663,0.45,1.35,True,raw_for_likely_starter,complete_components,component_weighted_sum,component_base_rebuilt
mikel_oyarzabal__esp,Mikel Oyarzabal,ESP,Spanien,FWD,7.5,0.975379,4.273518,3.914753,3.914753,3.914753,3.914753,4.112074,0.45,1.35,True,raw_for_likely_starter,complete_components,component_weighted_sum,component_base_rebuilt
lautaro_mart_nez__arg,Lautaro Martinez,ARG,Argentina,FWD,8,0.982955,4.453755,3.943157,3.538702,3.943157,3.538702,4.041981,0.45,1.35,True,appearance_scaled_then_base_capped,complete_components,component_weighted_sum,component_base_rebuilt
jordan_pickford__eng,Jordan Pickford,ENG,England,GK,5,0.965385,4.05948,3.963655,3.963655,3.963655,3.963655,4.016359,0.45,1.35,True,raw_for_likely_starter,complete_components,component_weighted_sum,component_base_rebuilt
alisson_becker__bra,Alisson Becker,BRA,Brasilien,GK,5,0.965385,4.001556,3.963655,3.963655,3.963655,3.963655,3.9845,0.45,1.35,True,raw_for_likely_starter,complete_components,component_weighted_sum,component_base_rebuilt
kerem_akt_rko_lu__tur,Kerem Akturkoglu,TUR,Tyrkiet,MID,4.5,0.927665,4.986362,2.854163,2.721241,2.854163,2.721241,3.967057,0.45,1.35,True,appearance_scaled_then_base_capped,complete_components,component_weighted_sum,component_base_rebuilt
nuno_mendes__por,Nuno Mendes,POR,Portugal,DEF,4.5,0.972569,4.196903,3.60693,3.60693,3.60693,3.60693,3.931415,0.45,1.35,True,raw_for_likely_starter,complete_components,component_weighted_sum,component_base_rebuilt
marquinhos__bra,Marquinhos,BRA,Brasilien,DEF,5,0.996259,4.006928,3.679321,3.679321,3.679321,3.679321,3.859505,0.45,1.35,True,raw_for_likely_starter,complete_components,component_weighted_sum,component_base_rebuilt
breel_embolo__sui,Breel Embolo,SUI,Schweiz,FWD,5,0.867424,4.107302,3.509997,3.509997,3.509997,3.509997,3.838515,0.45,1.35,True,raw_for_likely_starter,complete_components,component_weighted_sum,component_base_rebuilt
kylian_mbapp__fra,Kylian Mbappe,FRA,Frankrig,FWD,10,1,3.797092,4.007066,3.869108,4.007066,3.869108,3.829499,0.45,1.35,True,appearance_scaled_then_base_capped,complete_components,component_weighted_sum,component_base_rebuilt
silvan_widmer__sui,Silvan Widmer,SUI,Schweiz,DEF,3,0.71197,4.572667,2.810634,2.810634,2.810634,2.810634,3.779752,0.45,1.35,True,raw_for_likely_starter,complete_components,component_weighted_sum,component_base_rebuilt
thibaut_courtois__bel,Thibaut Courtois,BEL,Belgien,GK,4.5,0.9,3.840902,3.704694,3.704694,3.704694,3.704694,3.779608,0.45,1.35,True,raw_for_likely_starter,complete_components,component_weighted_sum,component_base_rebuilt
denzel_dumfries__ned,Denzel Dumfries,NED,Holland,DEF,5,0.996259,3.847043,3.679321,3.679321,3.679321,3.679321,3.771568,0.45,1.35,True,raw_for_likely_starter,complete_components,component_weighted_sum,component_base_rebuilt
nico_williams__esp,Nico Williams,ESP,Spanien,FWD,4.5,0.82197,4.062402,3.339573,3.339573,3.339573,3.339573,3.737129,0.45,1.35,True,raw_for_likely_starter,complete_components,component_weighted_sum,component_base_rebuilt
raul_rangel__mex,Raul Rangel,MEX,Mexico,GK,4,0.803846,4.038939,3.323869,3.323869,3.323869,3.323869,3.717157,0.45,1.35,True,raw_for_likely_starter,complete_components,component_weighted_sum,component_base_rebuilt
marko_arnautovi__aut,Marko Arnautovic,AUT,Østrig,FWD,4.5,0.82197,4.003662,3.339573,3.339573,3.339573,3.339573,3.704822,0.45,1.35,True,raw_for_likely_starter,complete_components,component_weighted_sum,component_base_rebuilt
gregor_kobel__sui,Gregor Kobel,SUI,Schweiz,GK,4,0.803846,3.991579,3.323869,3.323869,3.323869,3.323869,3.691109,0.45,1.35,True,raw_for_likely_starter,complete_components,component_weighted_sum,component_base_rebuilt
erling_haaland__nor,Erling Haaland,NOR,Norge,FWD,8.5,0.988636,3.442635,3.96446,3.96446,3.96446,3.96446,3.677456,0.45,1.35,True,raw_for_likely_starter,complete_components,component_weighted_sum,component_base_rebuilt
r_ben_dias__por,Ruben Dias,POR,Portugal,DEF,4,0.925187,3.840015,3.462149,3.462149,3.462149,3.462149,3.669975,0.45,1.35,True,raw_for_likely_starter,complete_components,component_weighted_sum,component_base_rebuilt
sadio_man__sen,Sadio Mane,SEN,Senegal,FWD,5,0.867424,3.774539,3.509997,3.509997,3.509997,3.509997,3.655495,0.45,1.35,True,raw_for_likely_starter,complete_components,component_weighted_sum,component_base_rebuilt
jonathan_tah__ger,Jonathan Tah,GER,Tyskland,DEF,4.5,0.972569,3.62146,3.60693,3.60693,3.60693,3.60693,3.614922,0.45,1.35,True,raw_for_likely_starter,complete_components,component_weighted_sum,component_base_rebuilt
nicol_s_tagliafico__arg,Nicolas Tagliafico,ARG,Argentina,DEF,4,0.925187,3.720288,3.462149,3.462149,3.462149,3.462149,3.604126,0.45,1.35,True,raw_for_likely_starter,complete_components,component_weighted_sum,component_base_rebuilt
arda_g_ler__tur,Arda Güler,TUR,Tyrkiet,MID,4.5,0.927665,4.163355,2.854163,2.854163,2.854163,2.854163,3.574219,0.45,1.35,True,raw_for_likely_starter,complete_components,component_weighted_sum,component_base_rebuilt
aymeric_laporte__esp,Aymeric Laporte,ESP,Spanien,DEF,4.5,0.972569,3.747427,3.60693,3.352384,3.60693,3.352384,3.569658,0.45,1.35,True,appearance_scaled_then_base_capped,complete_components,component_weighted_sum,component_base_rebuilt
nico_schlotterbeck__ger,Nico Schlotterbeck,GER,Tyskland,DEF,4,0.925187,3.561638,3.462149,3.462149,3.462149,3.462149,3.516868,0.45,1.35,True,raw_for_likely_starter,complete_components,component_weighted_sum,component_base_rebuilt
manuel_akanji__sui,Manuel Akanji,SUI,Schweiz,DEF,3.5,0.857855,3.706384,3.256408,3.256408,3.256408,3.256408,3.503895,0.45,1.35,True,raw_for_likely_starter,complete_components,component_weighted_sum,component_base_rebuilt
bart_verbruggen__ned,Bart Verbruggen,NED,Holland,GK,4.5,0.9,3.33341,3.704694,3.704694,3.704694,3.704694,3.500488,0.45,1.35,True,raw_for_likely_starter,complete_components,component_weighted_sum,component_base_rebuilt
c_sar_montes__mex,Cesar Montes,MEX,Mexico,DEF,3,0.71197,4.055533,2.810634,2.810634,2.810634,2.810634,3.495328,0.45,1.35,True,raw_for_likely_starter,complete_components,component_weighted_sum,component_base_rebuilt
virgil_van_dijk__ned,Virgil van Dijk,NED,Holland,DEF,5,0.996259,3.315804,3.679321,3.679321,3.679321,3.679321,3.479387,0.45,1.35,True,raw_for_likely_starter,complete_components,component_weighted_sum,component_base_rebuilt
enner_valencia__ecu,Enner Valencia,ECU,Ecuador,FWD,4,0.753788,3.762898,3.083937,3.083937,3.083937,3.083937,3.457366,0.45,1.35,True,raw_for_likely_starter,complete_components,component_weighted_sum,component_base_rebuilt
omar_marmoush__egy,Omar Marmoush,EGY,Egypten,FWD,5,0.867424,3.330776,3.509997,3.509997,3.509997,3.509997,3.411425,0.45,1.35,True,raw_for_likely_starter,complete_components,component_weighted_sum,component_base_rebuilt
jeremy_doku__bel,Jeremy Doku,BEL,Belgien,FWD,6.5,0.956439,3.136524,3.843743,3.600489,3.843743,3.600489,3.345308,0.45,1.35,True,appearance_scaled_then_base_capped,complete_components,component_weighted_sum,component_base_rebuilt
richie_laryea__can,Richie Laryea,CAN,Canada,DEF,3,0.71197,3.760017,2.810634,2.810634,2.810634,2.810634,3.332795,0.45,1.35,True,raw_for_likely_starter,complete_components,component_weighted_sum,component_base_rebuilt
rjan_nyland__nor,Ørjan Nyland,NOR,Norge,GK,4,0.803846,3.334186,3.323869,3.323869,3.323869,3.323869,3.329543,0.45,1.35,True,raw_for_likely_starter,complete_components,component_weighted_sum,component_base_rebuilt
jo_ko_gvardiol__cro,Josko Gvardiol,CRO,Kroatien,DEF,3.5,0.857855,3.361853,3.256408,3.256408,3.256408,3.256408,3.314403,0.45,1.35,True,raw_for_likely_starter,complete_components,component_weighted_sum,component_base_rebuilt
oliver_baumann__ger,Oliver Baumann,GER,Tyskland,GK,5,0.965385,3.006508,3.963655,3.671477,3.963655,3.671477,3.305744,0.45,1.35,True,appearance_scaled_then_base_capped,complete_components,component_weighted_sum,component_base_rebuilt
davinson_s_nchez__col,Davinson Sanchez,COL,Colombia,DEF,3.5,0.857855,3.343332,3.256408,3.256408,3.256408,3.256408,3.304216,0.45,1.35,True,raw_for_likely_starter,complete_components,component_weighted_sum,component_base_rebuilt
bruno_fernandes__por,Bruno Fernandes,POR,Portugal,MID,7,0.996193,3.503423,3.045511,3.045511,3.045511,3.045511,3.297362,0.45,1.35,True,raw_for_likely_starter,complete_components,component_weighted_sum,component_base_rebuilt
tajon_buchanan__can,Tajon Buchanan,CAN,Canada,MID,3.5,0.817259,3.895954,2.545882,2.545882,2.545882,2.545882,3.288421,0.45,1.35,True,raw_for_likely_starter,complete_components,component_weighted_sum,component_base_rebuilt
john_yeboah__ecu,John Yeboah,ECU,Ecuador,MID,3,0.656091,4.249865,2.095861,2.095861,2.095861,2.095861,3.280563,0.45,1.35,True,raw_for_likely_starter,complete_components,component_weighted_sum,component_base_rebuilt
luis_d_az__col,Luis Diaz,COL,Colombia,FWD,5.5,0.905303,2.935758,3.652017,3.652017,3.652017,3.652017,3.258074,0.45,1.35,True,raw_for_likely_starter,complete_components,component_weighted_sum,component_base_rebuilt
theo_hern_ndez__fra,Theo Hernandez,FRA,Frankrig,DEF,4.5,0.972569,3.115526,3.60693,3.422462,3.60693,3.422462,3.253647,0.45,1.35,True,appearance_scaled_then_base_capped,complete_components,component_weighted_sum,component_base_rebuilt
dominik_livakovi__cro,Dominik Livakovic,CRO,Kroatien,GK,4,0.803846,3.181208,3.323869,3.323869,3.323869,3.323869,3.245405,0.45,1.35,True,raw_for_likely_starter,complete_components,component_weighted_sum,component_base_rebuilt
marc_cucurella__esp,Marc Cucurella,ESP,Spanien,DEF,4.5,0.972569,3.405459,3.60693,3.045795,3.60693,3.045795,3.24361,0.45,1.35,True,appearance_scaled_then_base_capped,complete_components,component_weighted_sum,component_base_rebuilt
johan_v_squez__mex,Johan Vasquez,MEX,Mexico,DEF,3,0.71197,3.576018,2.810634,2.810634,2.810634,2.810634,3.231595,0.45,1.35,True,raw_for_likely_starter,complete_components,component_weighted_sum,component_base_rebuilt
chris_richards__usa,Chris Richards,USA,USA,DEF,3,0.71197,3.570309,2.810634,2.810634,2.810634,2.810634,3.228455,0.45,1.35,True,raw_for_likely_starter,complete_components,component_weighted_sum,component_base_rebuilt
joshua_kimmich__ger,Joshua Kimmich,GER,Tyskland,MID,5,0.956853,3.46564,2.935663,2.935663,2.935663,2.935663,3.22715,0.45,1.35,True,raw_for_likely_starter,complete_components,component_weighted_sum,component_base_rebuilt
cristian_romero__arg,Cristian Romero,ARG,Argentina,DEF,4,0.925187,3.098076,3.462149,3.368671,3.462149,3.368671,3.219844,0.45,1.35,True,appearance_scaled_then_base_capped,complete_components,component_weighted_sum,component_base_rebuilt
camilo_vargas__col,Camilo Vargas,COL,Colombia,GK,4,0.803846,3.127678,3.323869,3.323869,3.323869,3.323869,3.215964,0.45,1.35,True,raw_for_likely_starter,complete_components,component_weighted_sum,component_base_rebuilt
marcel_sabitzer__aut,Marcel Sabitzer,AUT,Østrig,MID,4.5,0.927665,3.482308,2.854163,2.854163,2.854163,2.854163,3.199643,0.45,1.35,True,raw_for_likely_starter,complete_components,component_weighted_sum,component_base_rebuilt
arthur_theate__bel,Arthur Theate,BEL,Belgien,DEF,3,0.71197,3.517558,2.810634,2.810634,2.810634,2.810634,3.199442,0.45,1.35,True,raw_for_likely_starter,complete_components,component_weighted_sum,component_base_rebuilt
juli_n_lvarez__arg,Julian Alvarez,ARG,Argentina,FWD,6,0.9375,3.016468,3.772733,3.398694,3.772733,3.398694,3.18847,0.45,1.35,True,appearance_scaled_then_base_capped,complete_components,component_weighted_sum,component_base_rebuilt
ugurcan_cakir__tur,Ugurcan Cakir,TUR,Tyrkiet,GK,4,0.803846,3.067963,3.323869,3.323869,3.323869,3.323869,3.183121,0.45,1.35,True,raw_for_likely_starter,complete_components,component_weighted_sum,component_base_rebuilt
marc_gu_hi__eng,Marc Guehi,ENG,England,DEF,4.5,0.972569,3.108788,3.60693,3.272516,3.60693,3.272516,3.182466,0.45,1.35,True,appearance_scaled_then_base_capped,complete_components,component_weighted_sum,component_base_rebuilt
antonio_nusa__nor,Antonio Nusa,NOR,Norge,MID,3.5,0.817259,3.697816,2.545882,2.545882,2.545882,2.545882,3.179445,0.45,1.35,True,raw_for_likely_starter,complete_components,component_weighted_sum,component_base_rebuilt
donyell_malen__ned,Donyell Malen,NED,Holland,FWD,4.5,0.82197,3.04297,3.339573,3.339573,3.339573,3.339573,3.176441,0.45,1.35,True,raw_for_likely_starter,complete_components,component_weighted_sum,component_base_rebuilt
math_as_olivera__uru,Mathias Olivera,URU,Uruguay,DEF,4,0.925187,2.934138,3.462149,3.462149,3.462149,3.462149,3.171743,0.45,1.35,True,raw_for_likely_starter,complete_components,component_weighted_sum,component_base_rebuilt
mohamed_salah__egy,Mohamed Salah,EGY,Egypten,FWD,5,0.867424,3.071019,3.509997,3.277334,3.509997,3.277334,3.163861,0.45,1.35,True,appearance_scaled_then_base_capped,complete_components,component_weighted_sum,component_base_rebuilt
dan_ndoye__sui,Dan Ndoye,SUI,Schweiz,FWD,4,0.753788,3.227916,3.083937,3.083937,3.083937,3.083937,3.163126,0.45,1.35,True,raw_for_likely_starter,complete_components,component_weighted_sum,component_base_rebuilt
remo_freuler__sui,Remo Freuler,SUI,Schweiz,MID,3.5,0.817259,3.649534,2.545882,2.545882,2.545882,2.545882,3.15289,0.45,1.35,True,raw_for_likely_starter,complete_components,component_weighted_sum,component_base_rebuilt
nico_elvedi__sui,Nico Elvedi,SUI,Schweiz,DEF,3,0.71197,3.431551,2.810634,2.810634,2.810634,2.810634,3.152138,0.45,1.35,True,raw_for_likely_starter,complete_components,component_weighted_sum,component_base_rebuilt
casemiro__bra,Casemiro,BRA,Brasilien,MID,4.5,0.927665,3.389149,2.854163,2.854163,2.854163,2.854163,3.148405,0.45,1.35,True,raw_for_likely_starter,complete_components,component_weighted_sum,component_base_rebuilt
ronald_ara_jo__uru,Ronald Araujo,URU,Uruguay,DEF,4.5,0.972569,2.766456,3.60693,3.60693,3.60693,3.60693,3.144669,0.45,1.35,True,raw_for_likely_starter,complete_components,component_weighted_sum,component_base_rebuilt
pedro_porro__esp,Pedro Porro,ESP,Spanien,DEF,4.5,0.972569,3.297578,3.60693,2.941194,3.60693,2.941194,3.137205,0.45,1.35,True,appearance_scaled_then_base_capped,complete_components,component_weighted_sum,component_base_rebuilt
piero_hincapi__ecu,Piero Hincapie,ECU,Ecuador,DEF,3.5,0.857855,3.033643,3.256408,3.256408,3.256408,3.256408,3.133887,0.45,1.35,True,raw_for_likely_starter,complete_components,component_weighted_sum,component_base_rebuilt
scott_mctominay__sco,Scott McTominay,SCO,Skotland,MID,4.5,0.927665,3.361206,2.854163,2.854163,2.854163,2.854163,3.133037,0.45,1.35,True,raw_for_likely_starter,complete_components,component_weighted_sum,component_base_rebuilt
johan_mojica__col,Johan Mojica,COL,Colombia,DEF,3.5,0.857855,3.01405,3.256408,3.256408,3.256408,3.256408,3.123111,0.45,1.35,True,raw_for_likely_starter,complete_components,component_weighted_sum,component_base_rebuilt
alphonso_davies__can,Alphonso Davies,CAN,Canada,DEF,4,0.925187,2.843295,3.462149,3.462149,3.462149,3.462149,3.121779,0.45,1.35,True,raw_for_likely_starter,complete_components,component_weighted_sum,component_base_rebuilt
alistair_johnston__can,Alistair Johnston,CAN,Canada,DEF,3,0.71197,3.371781,2.810634,2.810634,2.810634,2.810634,3.119265,0.45,1.35,True,raw_for_likely_starter,complete_components,component_weighted_sum,component_base_rebuilt
florian_wirtz__ger,Florian Wirtz,GER,Tyskland,MID,7.5,1,3.155171,3.056141,3.056141,3.056141,3.056141,3.110607,0.45,1.35,True,raw_for_likely_starter,complete_components,component_weighted_sum,component_base_rebuilt
maxim_de_cuyper__bel,Maxim De Cuyper,BEL,Belgien,DEF,4,0.925187,3.048475,3.462149,3.183199,3.462149,3.183199,3.109101,0.45,1.35,True,appearance_scaled_then_base_capped,complete_components,component_weighted_sum,component_base_rebuilt
kevin_de_bruyne__bel,Kevin De Bruyne,BEL,Belgien,MID,7,0.996193,3.153916,3.045511,3.045511,3.045511,3.045511,3.105134,0.45,1.35,True,raw_for_likely_starter,complete_components,component_weighted_sum,component_base_rebuilt
leandro_trossard__bel,Leandro Trossard,BEL,Belgien,FWD,5.5,0.905303,3.106502,3.652017,3.100562,3.652017,3.100562,3.103829,0.45,1.35,True,appearance_scaled_then_base_capped,complete_components,component_weighted_sum,component_base_rebuilt
achraf_hakimi__mar,Achraf Hakimi,MAR,Marokko,DEF,4,0.925187,2.806521,3.462149,3.462149,3.462149,3.462149,3.101554,0.45,1.35,True,raw_for_likely_starter,complete_components,component_weighted_sum,component_base_rebuilt
diogo_costa__por,Diogo Costa,POR,Portugal,GK,5,0.965385,2.714979,3.963655,3.53558,3.963655,3.53558,3.084249,0.45,1.35,True,appearance_scaled_then_base_capped,complete_components,component_weighted_sum,component_base_rebuilt
zion_suzuki__jpn,Zion Suzuki,JPN,Japan,GK,4,0.803846,2.869276,3.323869,3.323869,3.323869,3.323869,3.073843,0.45,1.35,True,raw_for_likely_starter,complete_components,component_weighted_sum,component_base_rebuilt
gonzalo_plata__ecu,Gonzalo Plata,ECU,Ecuador,MID,3.5,0.817259,3.503143,2.545882,2.545882,2.545882,2.545882,3.072375,0.45,1.35,True,raw_for_likely_starter,complete_components,component_weighted_sum,component_base_rebuilt
nahuel_molina__arg,Nahuel Molina,ARG,Argentina,DEF,4,0.925187,2.927032,3.462149,3.248485,3.462149,3.248485,3.071686,0.45,1.35,True,appearance_scaled_then_base_capped,complete_components,component_weighted_sum,component_base_rebuilt
mehdi_taremi__irn,Mehdi Taremi,IRN,Iran,FWD,3.5,0.649621,3.369445,2.693383,2.693383,2.693383,2.693383,3.065217,0.45,1.35,True,raw_for_likely_starter,complete_components,component_weighted_sum,component_base_rebuilt
rafael_le_o__por,Rafael Leão,POR,Portugal,FWD,5.5,0.905303,2.934739,3.652017,3.222644,3.652017,3.222644,3.064296,0.45,1.35,True,appearance_scaled_then_base_capped,complete_components,component_weighted_sum,component_base_rebuilt
timothy_castagne__bel,Timothy Castagne,BEL,Belgien,DEF,3.5,0.857855,2.993864,3.256408,3.118708,3.256408,3.118708,3.050044,0.45,1.35,True,appearance_scaled_then_base_capped,complete_components,component_weighted_sum,component_base_rebuilt
philipp_lienhart__aut,Philipp Lienhart,AUT,Østrig,DEF,3,0.71197,3.234709,2.810634,2.810634,2.810634,2.810634,3.043875,0.45,1.35,True,raw_for_likely_starter,complete_components,component_weighted_sum,component_base_rebuilt
nicol_s_otamendi__arg,Nicolas Otamendi,ARG,Argentina,DEF,4.5,0.972569,2.804735,3.60693,3.320437,3.60693,3.320437,3.036801,0.45,1.35,True,appearance_scaled_then_base_capped,complete_components,component_weighted_sum,component_base_rebuilt
dayot_upamecano__fra,Dayot Upamecano,FRA,Frankrig,DEF,4,0.925187,2.880746,3.462149,3.21881,3.462149,3.21881,3.032875,0.45,1.35,True,appearance_scaled_then_base_capped,complete_components,component_weighted_sum,component_base_rebuilt
willian_pacho__ecu,Willian Pacho,ECU,Ecuador,DEF,3,0.71197,3.213096,2.810634,2.810634,2.810634,2.810634,3.031988,0.45,1.35,True,raw_for_likely_starter,complete_components,component_weighted_sum,component_base_rebuilt
alexander_s_rloth__nor,Alexander Sørloth,NOR,Norge,FWD,4.5,0.82197,2.76645,3.339573,3.339573,3.339573,3.339573,3.024355,0.45,1.35,True,raw_for_likely_starter,complete_components,component_weighted_sum,component_base_rebuilt
julian_ryerson__nor,Julian Ryerson,NOR,Norge,DEF,3.5,0.857855,2.83,3.256408,3.256408,3.256408,3.256408,3.021883,0.45,1.35,True,raw_for_likely_starter,complete_components,component_weighted_sum,component_base_rebuilt
stefan_posch__aut,Stefan Posch,AUT,Østrig,DEF,3,0.71197,3.140117,2.810634,2.810634,2.810634,2.810634,2.99185,0.45,1.35,True,raw_for_likely_starter,complete_components,component_weighted_sum,component_base_rebuilt
john_stones__eng,John Stones,ENG,England,DEF,4,0.925187,2.73383,3.462149,3.257882,3.462149,3.257882,2.969654,0.45,1.35,True,appearance_scaled_then_base_capped,complete_components,component_weighted_sum,component_base_rebuilt
ruben_vargas__sui,Ruben Vargas,SUI,Schweiz,FWD,3.5,0.649621,3.181594,2.693383,2.693383,2.693383,2.693383,2.961899,0.45,1.35,True,raw_for_likely_starter,complete_components,component_weighted_sum,component_base_rebuilt
julio_soler__arg,Julio Soler,ARG,Argentina,DEF,3,0.71197,3.0829,2.810634,2.810634,2.810634,2.810634,2.96038,0.45,1.35,True,raw_for_likely_starter,complete_components,component_weighted_sum,component_base_rebuilt
jo_o_cancelo__por,João Cancelo,POR,Portugal,DEF,5,0.996259,2.528765,3.679321,3.428601,3.679321,3.428601,2.933691,0.45,1.35,True,appearance_scaled_then_base_capped,complete_components,component_weighted_sum,component_base_rebuilt
lyle_foster__rsa,Lyle Foster,RSA,Sydafrika,FWD,3.5,0.649621,3.1245,2.693383,2.693383,2.693383,2.693383,2.930497,0.45,1.35,True,raw_for_likely_starter,complete_components,component_weighted_sum,component_base_rebuilt
alexander_schlager__aut,Alexander Schlager,AUT,Østrig,GK,3.5,0.661538,3.047606,2.760247,2.760247,2.760247,2.760247,2.918295,0.45,1.35,True,raw_for_likely_starter,complete_components,component_weighted_sum,component_base_rebuilt
jules_kounde__fra,Jules Kounde,FRA,Frankrig,DEF,3.5,0.857855,2.702052,3.256408,3.16988,3.256408,3.16988,2.912575,0.45,1.35,True,appearance_scaled_then_base_capped,complete_components,component_weighted_sum,component_base_rebuilt
declan_rice__eng,Declan Rice,ENG,England,MID,4.5,0.927665,2.926285,2.854163,2.854163,2.854163,2.854163,2.89383,0.45,1.35,True,raw_for_likely_starter,complete_components,component_weighted_sum,component_base_rebuilt
james_rodr_guez__col,James Rodriguez,COL,Colombia,MID,4,0.884518,2.996175,2.733685,2.733685,2.733685,2.733685,2.878055,0.45,1.35,True,raw_for_likely_starter,complete_components,component_weighted_sum,component_base_rebuilt
kristoffer_ajer__nor,Kristoffer Ajer,NOR,Norge,DEF,3,0.71197,2.926785,2.810634,2.810634,2.810634,2.810634,2.874517,0.45,1.35,True,raw_for_likely_starter,complete_components,component_weighted_sum,component_base_rebuilt
jamal_musiala__ger,Jamal Musiala,GER,Tyskland,MID,6.5,0.992386,2.74126,3.03488,3.03488,3.03488,3.03488,2.873389,0.45,1.35,True,raw_for_likely_starter,complete_components,component_weighted_sum,component_base_rebuilt
maxime_cr_peau__can,Maxime Crepeau,CAN,Canada,GK,3,0.461538,3.595199,1.968131,1.968131,1.968131,1.968131,2.863019,0.45,1.35,True,raw_for_likely_starter,complete_components,component_weighted_sum,component_base_rebuilt
ferdi_kadioglu__tur,Ferdi Kadioglu,TUR,Tyrkiet,DEF,3.5,0.857855,2.511747,3.256408,3.256408,3.256408,3.256408,2.846844,0.45,1.35,True,raw_for_likely_starter,complete_components,component_weighted_sum,component_base_rebuilt
bernardo_silva__por,Bernardo Silva,POR,Portugal,MID,5.5,0.975888,2.722118,2.988815,2.988815,2.988815,2.988815,2.842132,0.45,1.35,True,raw_for_likely_starter,complete_components,component_weighted_sum,component_base_rebuilt
ezri_konsa__eng,Ezri Konsa,ENG,England,DEF,4.5,0.972569,2.701733,3.60693,3.000451,3.60693,3.000451,2.836156,0.45,1.35,True,appearance_scaled_then_base_capped,complete_components,component_weighted_sum,component_base_rebuilt
bukayo_saka__eng,Bukayo Saka,ENG,England,FWD,6.5,0.956439,2.307379,3.843743,3.508788,3.461069,3.461069,2.826539,0.45,1.35,True,appearance_scaled_then_base_capped,complete_components,component_weighted_sum,component_base_rebuilt
nayef_aguerd__mar,Nayef Aguerd,MAR,Marokko,DEF,3,0.71197,2.820458,2.810634,2.810634,2.810634,2.810634,2.816037,0.45,1.35,True,raw_for_likely_starter,complete_components,component_weighted_sum,component_base_rebuilt
kai_havertz__ger,Kai Havertz,GER,Tyskland,FWD,5.5,0.905303,2.108663,3.652017,3.652017,3.162994,3.652017,2.803172,0.45,1.35,True,raw_for_likely_starter,complete_components,component_weighted_sum,component_base_rebuilt
jos_mar_a_gim_nez__uru,Jose Maria Gimenez,URU,Uruguay,DEF,4.5,0.972569,2.285292,3.60693,3.456985,3.427938,3.427938,2.799483,0.45,1.35,True,appearance_scaled_then_base_capped,complete_components,component_weighted_sum,component_base_rebuilt
daniel_mu_oz__col,Daniel Muñoz,COL,Colombia,DEF,4,0.925187,2.457233,3.462149,3.213369,3.462149,3.213369,2.797494,0.45,1.35,True,appearance_scaled_then_base_capped,complete_components,component_weighted_sum,component_base_rebuilt
pervis_estupi_n__ecu,Pervis Estupinan,ECU,Ecuador,DEF,3.5,0.857855,2.384176,3.256408,3.256408,3.256408,3.256408,2.77668,0.45,1.35,True,raw_for_likely_starter,complete_components,component_weighted_sum,component_base_rebuilt
youri_tielemans__bel,Youri Tielemans,BEL,Belgien,MID,3.5,0.817259,2.965514,2.545882,2.545882,2.545882,2.545882,2.776679,0.45,1.35,True,raw_for_likely_starter,complete_components,component_weighted_sum,component_base_rebuilt
zeno_debast__bel,Zeno Debast,BEL,Belgien,DEF,3.5,0.857855,2.623377,3.256408,2.962401,3.256408,2.962401,2.775938,0.45,1.35,True,appearance_scaled_then_base_capped,complete_components,component_weighted_sum,component_base_rebuilt
ferr_n_torres__esp,Ferran Torres,ESP,Spanien,FWD,5,0.867424,2.698424,3.509997,2.856134,3.509997,2.856134,2.769394,0.45,1.35,True,appearance_scaled_then_base_capped,complete_components,component_weighted_sum,component_base_rebuilt
alexis_mac_allister__arg,Alexis Mac Allister,ARG,Argentina,MID,4.5,0.927665,2.879247,2.854163,2.583426,2.854163,2.583426,2.746127,0.45,1.35,True,appearance_scaled_then_base_capped,complete_components,component_weighted_sum,component_base_rebuilt
matheus_cunha__bra,Matheus Cunha,BRA,Brasilien,FWD,4.5,0.82197,2.86036,3.339573,2.586738,3.339573,2.586738,2.73723,0.45,1.35,True,appearance_scaled_then_base_capped,complete_components,component_weighted_sum,component_base_rebuilt
yassine_bono_bounou__mar,Yassine 'Bono' Bounou,MAR,Marokko,GK,3.5,0.661538,2.716455,2.760247,2.760247,2.760247,2.760247,2.736162,0.45,1.35,True,raw_for_likely_starter,complete_components,component_weighted_sum,component_base_rebuilt
der_milit_o__bra,Eder Militão,BRA,Brasilien,DEF,3,0.71197,2.899817,2.810634,2.51873,2.810634,2.51873,2.728328,0.45,1.35,True,appearance_scaled_then_base_capped,complete_components,component_weighted_sum,component_base_rebuilt
matt_freese__usa,Matt Freese,USA,USA,GK,3.5,0.661538,2.639686,2.760247,2.760247,2.760247,2.760247,2.693939,0.45,1.35,True,raw_for_likely_starter,complete_components,component_weighted_sum,component_base_rebuilt
tijjani_reijnders__ned,Tijjani Reijnders,NED,Holland,MID,6,0.98731,2.489298,3.020706,2.920591,3.020706,2.920591,2.68338,0.45,1.35,True,appearance_scaled_then_base_capped,complete_components,component_weighted_sum,component_base_rebuilt
ibrahima_konat__fra,Ibrahima Konate,FRA,Frankrig,DEF,3,0.71197,2.824687,2.810634,2.472555,2.810634,2.472555,2.666228,0.45,1.35,True,appearance_scaled_then_base_capped,complete_components,component_weighted_sum,component_base_rebuilt
omar_alderete__par,Omar Alderete,PAR,Paraguay,DEF,3.5,0.857855,2.147399,3.256408,3.256408,3.221099,3.256408,2.646453,0.45,1.35,True,raw_for_likely_starter,complete_components,component_weighted_sum,component_base_rebuilt
wesley_franca__bra,Wesley Franca,BRA,Brasilien,DEF,3.5,0.857855,2.4199,3.256408,2.918206,3.256408,2.918206,2.644138,0.45,1.35,True,appearance_scaled_then_base_capped,complete_components,component_weighted_sum,component_base_rebuilt
iliman_ndiaye__sen,Iliman Ndiaye,SEN,Senegal,MID,3,0.656091,3.084985,2.095861,2.095861,2.095861,2.095861,2.639879,0.45,1.35,True,raw_for_likely_starter,complete_components,component_weighted_sum,component_base_rebuilt
jes_s_gallardo__mex,Jesus Gallardo,MEX,Mexico,DEF,3,0.71197,2.679837,2.810634,2.579359,2.810634,2.579359,2.634622,0.45,1.35,True,appearance_scaled_then_base_capped,complete_components,component_weighted_sum,component_base_rebuilt
oscar_bobb__nor,Oscar Bobb,NOR,Norge,MID,3,0.656091,3.211394,2.095861,1.927893,2.095861,1.927893,2.633818,0.45,1.35,True,appearance_scaled_then_base_capped,complete_components,component_weighted_sum,component_base_rebuilt
granit_xhaka__sui,Granit Xhaka,SUI,Schweiz,MID,4,0.884518,2.527417,2.733685,2.733685,2.733685,2.733685,2.620238,0.45,1.35,True,raw_for_likely_starter,complete_components,component_weighted_sum,component_base_rebuilt
alex_freeman__usa,Alex Freeman,USA,USA,DEF,2.5,0.4202,3.173452,1.919087,1.919087,1.919087,1.919087,2.608988,0.45,1.35,True,raw_for_likely_starter,complete_components,component_weighted_sum,component_base_rebuilt
abdulkerim_bardakci__tur,Abdulkerim Bardakci,TUR,Tyrkiet,DEF,3,0.71197,2.420838,2.810634,2.810634,2.810634,2.810634,2.596246,0.45,1.35,True,raw_for_likely_starter,complete_components,component_weighted_sum,component_base_rebuilt
marcus_thuram__fra,Marcus Thuram,FRA,Frankrig,FWD,5,0.867424,2.407654,3.509997,2.798972,3.509997,2.798972,2.583747,0.45,1.35,True,appearance_scaled_then_base_capped,complete_components,component_weighted_sum,component_base_rebuilt
pedri__esp,Pedri,ESP,Spanien,MID,6,0.98731,2.421015,3.020706,2.780776,3.020706,2.780776,2.582907,0.45,1.35,True,appearance_scaled_then_base_capped,complete_components,component_weighted_sum,component_base_rebuilt
kerim_alajbegovi__bih,Kerim Alajbegovic,BIH,Bosnien-Hercegovina,MID,3.5,0.817259,2.611772,2.545882,2.545882,2.545882,2.545882,2.582121,0.45,1.35,True,raw_for_likely_starter,complete_components,component_weighted_sum,component_base_rebuilt
nathaniel_brown__ger,Nathaniel Brown,GER,Tyskland,DEF,2.5,0.4202,3.116273,1.919087,1.919087,1.919087,1.919087,2.577539,0.45,1.35,True,raw_for_likely_starter,complete_components,component_weighted_sum,component_base_rebuilt
konrad_laimer__aut,Konrad Laimer,AUT,Østrig,MID,3,0.656091,2.970492,2.095861,2.095861,2.095861,2.095861,2.576908,0.45,1.35,True,raw_for_likely_starter,complete_components,component_weighted_sum,component_base_rebuilt
john_mcginn__sco,John McGinn,SCO,Skotland,MID,3.5,0.817259,2.600257,2.545882,2.545882,2.545882,2.545882,2.575788,0.45,1.35,True,raw_for_likely_starter,complete_components,component_weighted_sum,component_base_rebuilt
malik_tillman__usa,Malik Tillman,USA,USA,MID,4,0.884518,2.826802,2.733685,2.267787,2.733685,2.267787,2.575245,0.45,1.35,True,appearance_scaled_then_base_capped,complete_components,component_weighted_sum,component_base_rebuilt
c_dric_bakambu__cod,Cedric Bakambu,COD,Congo DR,FWD,3.5,0.649621,2.443995,2.693383,2.693383,2.693383,2.693383,2.55622,0.45,1.35,True,raw_for_likely_starter,complete_components,component_weighted_sum,component_base_rebuilt
julio_enciso__par,Julio Enciso,PAR,Paraguay,FWD,3.5,0.649621,2.434697,2.693383,2.693383,2.693383,2.693383,2.551106,0.45,1.35,True,raw_for_likely_starter,complete_components,component_weighted_sum,component_base_rebuilt
david_m_ller_wolfe__nor,David Møller Wolfe,NOR,Norge,DEF,3,0.71197,2.379735,2.810634,2.752815,2.810634,2.752815,2.547621,0.45,1.35,True,appearance_scaled_then_base_capped,complete_components,component_weighted_sum,component_base_rebuilt
son_heung_min__kor,Heung-Min Son,KOR,Sydkorea,FWD,6,0.9375,2.076455,3.772733,3.515649,3.114683,3.114683,2.543657,0.45,1.35,True,appearance_scaled_then_base_capped,complete_components,component_weighted_sum,component_base_rebuilt
roberto_alvarado__mex,Roberto Alvarado,MEX,Mexico,MID,2.5,0.352792,3.773241,1.248972,1.027726,1.248972,1.027726,2.537759,0.45,1.35,True,appearance_scaled_then_base_capped,complete_components,component_weighted_sum,component_base_rebuilt
gonzalo_montiel__arg,Gonzalo Montiel,ARG,Argentina,DEF,3.5,0.857855,2.515709,3.256408,2.560932,3.256408,2.560932,2.536059,0.45,1.35,True,appearance_scaled_then_base_capped,complete_components,component_weighted_sum,component_base_rebuilt
morgan_rogers__eng,Morgan Rogers,ENG,England,MID,5.5,0.975888,2.439101,2.988815,2.651079,2.988815,2.651079,2.534491,0.45,1.35,True,appearance_scaled_then_base_capped,complete_components,component_weighted_sum,component_base_rebuilt
thiago_almada__arg,Thiago Almada,ARG,Argentina,MID,5.5,0.975888,2.149747,2.988815,2.988815,2.988815,2.988815,2.527328,0.45,1.35,True,raw_for_likely_starter,complete_components,component_weighted_sum,component_base_rebuilt
noussair_mazraoui__mar,Noussair Mazraoui,MAR,Marokko,DEF,3.5,0.857855,2.194223,3.256408,2.917741,3.256408,2.917741,2.519806,0.45,1.35,True,appearance_scaled_then_base_capped,complete_components,component_weighted_sum,component_base_rebuilt
amar_dedi__bih,Amar Dedic,BIH,Bosnien-Hercegovina,DEF,3,0.71197,2.279759,2.810634,2.810634,2.810634,2.810634,2.518653,0.45,1.35,True,raw_for_likely_starter,complete_components,component_weighted_sum,component_base_rebuilt
gustavo_g_mez__par,Gustavo Gomez,PAR,Paraguay,DEF,3,0.71197,2.274314,2.810634,2.810634,2.810634,2.810634,2.515658,0.45,1.35,True,raw_for_likely_starter,complete_components,component_weighted_sum,component_base_rebuilt
michael_olise__fra,Michael Olise,FRA,Frankrig,FWD,7,0.967803,2.050029,3.886349,3.583769,3.075043,3.075043,2.511286,0.45,1.35,True,appearance_scaled_then_base_capped,complete_components,component_weighted_sum,component_base_rebuilt
firas_al_buraikan__ksa,Firas Al-Buraikan,KSA,Saudi-Arabien,FWD,3.5,0.649621,2.483221,2.693383,2.533319,2.693383,2.533319,2.505765,0.45,1.35,True,appearance_scaled_then_base_capped,complete_components,component_weighted_sum,component_base_rebuilt
federico_vi_as__uru,Federico Vinas,URU,Uruguay,FWD,4,0.753788,2.579622,3.083937,2.380359,3.083937,2.380359,2.489954,0.45,1.35,True,appearance_scaled_then_base_capped,complete_components,component_weighted_sum,component_base_rebuilt
nico_o_reilly__eng,Nico O'Reilly,ENG,England,DEF,4,0.925187,2.223661,3.462149,2.7989,3.335491,2.7989,2.482519,0.45,1.35,True,appearance_scaled_then_base_capped,complete_components,component_weighted_sum,component_base_rebuilt
j_nior_alonso__par,Junior Alonso,PAR,Paraguay,DEF,3,0.71197,2.209511,2.810634,2.810634,2.810634,2.810634,2.480016,0.45,1.35,True,raw_for_likely_starter,complete_components,component_weighted_sum,component_base_rebuilt
michael_gregoritsch__aut,Michael Gregoritsch,AUT,Østrig,FWD,3.5,0.649621,2.590848,2.693383,2.326313,2.693383,2.326313,2.471807,0.45,1.35,True,appearance_scaled_then_base_capped,complete_components,component_weighted_sum,component_base_rebuilt
sergio_rochet__uru,Sergio Rochet,URU,Uruguay,GK,4,0.803846,2.165361,3.323869,2.827663,3.248041,2.827663,2.463397,0.45,1.35,True,appearance_scaled_then_base_capped,complete_components,component_weighted_sum,component_base_rebuilt
kamal_miller__can,Kamal Miller,CAN,Canada,DEF,2.5,0.4202,2.898547,1.919087,1.919087,1.919087,1.919087,2.45779,0.45,1.35,True,raw_for_likely_starter,complete_components,component_weighted_sum,component_base_rebuilt
joel_ord_ez__ecu,Joel Ordonez,ECU,Ecuador,DEF,2.5,0.4202,2.890968,1.919087,1.919087,1.919087,1.919087,2.453622,0.45,1.35,True,raw_for_likely_starter,complete_components,component_weighted_sum,component_base_rebuilt
josip_utalo__cro,Josip Sutalo,CRO,Kroatien,DEF,3,0.71197,2.259488,2.810634,2.670504,2.810634,2.670504,2.444445,0.45,1.35,True,appearance_scaled_then_base_capped,complete_components,component_weighted_sum,component_base_rebuilt
renato_veiga__por,Renato Veiga,POR,Portugal,DEF,3.5,0.857855,2.223893,3.256408,2.707936,3.256408,2.707936,2.441712,0.45,1.35,True,appearance_scaled_then_base_capped,complete_components,component_weighted_sum,component_base_rebuilt
marcus_rashford__eng,Marcus Rashford,ENG,England,FWD,5.5,0.905303,2.224059,3.652017,2.701971,3.336088,2.701971,2.439119,0.45,1.35,True,appearance_scaled_then_base_capped,complete_components,component_weighted_sum,component_base_rebuilt
andy_robertson__sco,Andy Robertson,SCO,Skotland,DEF,3,0.71197,2.118926,2.810634,2.810634,2.810634,2.810634,2.430195,0.45,1.35,True,raw_for_likely_starter,complete_components,component_weighted_sum,component_base_rebuilt
nikola_kati__bih,Nikola Katic,BIH,Bosnien-Hercegovina,DEF,3,0.71197,2.117496,2.810634,2.810634,2.810634,2.810634,2.429408,0.45,1.35,True,raw_for_likely_starter,complete_components,component_weighted_sum,component_base_rebuilt
nicolas_jackson__sen,Nicolas Jackson,SEN,Senegal,FWD,4.5,0.82197,2.06583,3.339573,2.86917,3.098745,2.86917,2.427333,0.45,1.35,True,appearance_scaled_then_base_capped,complete_components,component_weighted_sum,component_base_rebuilt
luka_modri__cro,Luka Modric,CRO,Kroatien,MID,4,0.884518,2.188655,2.733685,2.708692,2.733685,2.708692,2.422671,0.45,1.35,True,appearance_scaled_then_base_capped,complete_components,component_weighted_sum,component_base_rebuilt
francisco_concei_o__por,Francisco Conceicao,POR,Portugal,FWD,5.5,0.905303,2.088415,3.652017,2.8204,3.132623,2.8204,2.417808,0.45,1.35,True,appearance_scaled_then_base_capped,complete_components,component_weighted_sum,component_base_rebuilt
riyad_mahrez__alg,Riyad Mahrez,ALG,Algeriet,FWD,4,0.753788,2.115457,3.083937,2.783914,3.083937,2.783914,2.416263,0.45,1.35,True,appearance_scaled_then_base_capped,complete_components,component_weighted_sum,component_base_rebuilt
gabriel_gudmundsson__swe,Gabriel Gudmundsson,SWE,Sverige,DEF,3,0.71197,2.087036,2.810634,2.810634,2.810634,2.810634,2.412655,0.45,1.35,True,raw_for_likely_starter,complete_components,component_weighted_sum,component_base_rebuilt
richard_r_os__col,Richard Rios,COL,Colombia,MID,3.5,0.817259,2.296281,2.545882,2.545882,2.545882,2.545882,2.408601,0.45,1.35,True,raw_for_likely_starter,complete_components,component_weighted_sum,component_base_rebuilt
ismael_saibari__mar,Ismael Saibari,MAR,Marokko,MID,3.5,0.817259,2.287561,2.545882,2.545882,2.545882,2.545882,2.403805,0.45,1.35,True,raw_for_likely_starter,complete_components,component_weighted_sum,component_base_rebuilt
montassar_talbi__tun,Montassar Talbi,TUN,Tunesien,DEF,3,0.71197,2.061707,2.810634,2.810634,2.810634,2.810634,2.398724,0.45,1.35,True,raw_for_likely_starter,complete_components,component_weighted_sum,component_base_rebuilt
micky_van_de_ven__ned,Micky van de Ven,NED,Holland,DEF,4,0.925187,1.996066,3.462149,2.882981,2.994099,2.882981,2.395178,0.45,1.35,True,appearance_scaled_then_base_capped,complete_components,component_weighted_sum,component_base_rebuilt
miguel_almir_n__par,Miguel Almiron,PAR,Paraguay,MID,3.5,0.817259,2.266571,2.545882,2.545882,2.545882,2.545882,2.392261,0.45,1.35,True,raw_for_likely_starter,complete_components,component_weighted_sum,component_base_rebuilt
vladimir_coufal__cze,Vladimir Coufal,CZE,Tjekkiet,DEF,3,0.71197,2.033683,2.810634,2.810634,2.810634,2.810634,2.383311,0.45,1.35,True,raw_for_likely_starter,complete_components,component_weighted_sum,component_base_rebuilt
enzo_fern_ndez__arg,Enzo Fernandez,ARG,Argentina,MID,5,0.956853,2.057657,2.935663,2.770427,2.935663,2.770427,2.378404,0.45,1.35,True,appearance_scaled_then_base_capped,complete_components,component_weighted_sum,component_base_rebuilt
daniel_svensson__swe,Daniel Svensson,SWE,Sverige,DEF,3,0.71197,2.023145,2.810634,2.810634,2.810634,2.810634,2.377515,0.45,1.35,True,raw_for_likely_starter,complete_components,component_weighted_sum,component_base_rebuilt
ladislav_krejci__cze,Ladislav Krejci,CZE,Tjekkiet,DEF,3,0.71197,2.022835,2.810634,2.810634,2.810634,2.810634,2.377345,0.45,1.35,True,raw_for_likely_starter,complete_components,component_weighted_sum,component_base_rebuilt
everardo_lopez__mex,Everardo Lopez,MEX,Mexico,DEF,2.5,0.4202,2.73213,1.919087,1.919087,1.919087,1.919087,2.366261,0.45,1.35,True,raw_for_likely_starter,complete_components,component_weighted_sum,component_base_rebuilt
rayan_a_t_nouri__alg,Rayan Ait-Nouri,ALG,Algeriet,DEF,3,0.71197,2.001542,2.810634,2.810634,2.810634,2.810634,2.365633,0.45,1.35,True,raw_for_likely_starter,complete_components,component_weighted_sum,component_base_rebuilt
zeki_elik__tur,Zeki Celik,TUR,Tyrkiet,DEF,2.5,0.4202,2.69609,1.919087,1.919087,1.919087,1.919087,2.346439,0.45,1.35,True,raw_for_likely_starter,complete_components,component_weighted_sum,component_base_rebuilt
josip_stani_i__cro,Josip Stanisic,CRO,Kroatien,DEF,3.5,0.857855,1.908208,3.256408,2.906576,2.862312,2.862312,2.337555,0.45,1.35,True,appearance_scaled_then_base_capped,complete_components,component_weighted_sum,component_base_rebuilt
vitinha__por,Vitinha,POR,Portugal,MID,5.5,0.975888,2.057948,2.988815,2.665596,2.988815,2.665596,2.33139,0.45,1.35,True,appearance_scaled_then_base_capped,complete_components,component_weighted_sum,component_base_rebuilt
alexis_vega__mex,Alexis Vega,MEX,Mexico,FWD,2.5,0.276515,3.39272,1.294488,1.016358,1.294488,1.016358,2.323357,0.45,1.35,True,appearance_scaled_then_base_capped,complete_components,component_weighted_sum,component_base_rebuilt
phillipp_mwene__aut,Phillipp Mwene,AUT,Østrig,DEF,2.5,0.4202,2.636372,1.919087,1.919087,1.919087,1.919087,2.313594,0.45,1.35,True,raw_for_likely_starter,complete_components,component_weighted_sum,component_base_rebuilt
petar_sucic__cro,Petar Sucic,CRO,Kroatien,MID,3,0.656091,2.473116,2.095861,2.095861,2.095861,2.095861,2.303351,0.45,1.35,True,raw_for_likely_starter,complete_components,component_weighted_sum,component_base_rebuilt
martin_baturina__cro,Martin Baturina,CRO,Kroatien,MID,3,0.656091,2.767139,2.095861,1.710223,2.095861,1.710223,2.291527,0.45,1.35,True,appearance_scaled_then_base_capped,complete_components,component_weighted_sum,component_base_rebuilt
alireza_beiranvand__irn,Alireza Beiranvand,IRN,Iran,GK,3,0.461538,2.543921,1.968131,1.968131,1.968131,1.968131,2.284816,0.45,1.35,True,raw_for_likely_starter,complete_components,component_weighted_sum,component_base_rebuilt
aur_lien_tchouam_ni__fra,Aurelien Tchouameni,FRA,Frankrig,MID,3.5,0.817259,2.152514,2.545882,2.446228,2.545882,2.446228,2.284686,0.45,1.35,True,appearance_scaled_then_base_capped,complete_components,component_weighted_sum,component_base_rebuilt
tyler_adams__usa,Tyler Adams,USA,USA,MID,3,0.656091,2.428436,2.095861,2.095861,2.095861,2.095861,2.278777,0.45,1.35,True,raw_for_likely_starter,complete_components,component_weighted_sum,component_base_rebuilt
matej_kovar__cze,Matej Kovar,CZE,Tjekkiet,GK,3,0.461538,2.531413,1.968131,1.968131,1.968131,1.968131,2.277936,0.45,1.35,True,raw_for_likely_starter,complete_components,component_weighted_sum,component_base_rebuilt
eldor_shomurodov__uzb,Eldor Shomurodov,UZB,Usbekistan,FWD,3,0.494318,2.413229,2.111102,2.111102,2.111102,2.111102,2.277272,0.45,1.35,True,raw_for_likely_starter,complete_components,component_weighted_sum,component_base_rebuilt
gustaf_lagerbielke__swe,Gustaf Lagerbielke,SWE,Sverige,DEF,3,0.71197,1.83458,2.810634,2.810634,2.75187,2.810634,2.273804,0.45,1.35,True,raw_for_likely_starter,complete_components,component_weighted_sum,component_base_rebuilt
yahia_fofana__civ,Yahia Fofana,CIV,Elfenbenskysten,GK,3,0.461538,2.516003,1.968131,1.968131,1.968131,1.968131,2.269461,0.45,1.35,True,raw_for_likely_starter,complete_components,component_weighted_sum,component_base_rebuilt
martin_degaard__nor,Martin Ødegaard,NOR,Norge,MID,4.5,0.927665,1.787782,2.854163,2.854163,2.681673,2.854163,2.267654,0.45,1.35,True,raw_for_likely_starter,complete_components,component_weighted_sum,component_base_rebuilt
isma_l_kon__can,Ismael Kone,CAN,Canada,MID,3,0.656091,2.40187,2.095861,2.095861,2.095861,2.095861,2.264166,0.45,1.35,True,raw_for_likely_starter,complete_components,component_weighted_sum,component_base_rebuilt
kim_min_jae__kor,Min-jae Kim,KOR,Sydkorea,DEF,3.5,0.857855,1.84516,3.256408,3.18151,2.76774,2.76774,2.260321,0.45,1.35,True,appearance_scaled_then_base_capped,complete_components,component_weighted_sum,component_base_rebuilt
mohamed_hany__egy,Mohamed Hany,EGY,Egypten,DEF,2.5,0.4202,2.52362,1.919087,1.919087,1.919087,1.919087,2.25158,0.45,1.35,True,raw_for_likely_starter,complete_components,component_weighted_sum,component_base_rebuilt
giovani_lo_celso__arg,Giovani Lo Celso,ARG,Argentina,MID,4,0.884518,2.325647,2.733685,2.147896,2.733685,2.147896,2.245659,0.45,1.35,True,appearance_scaled_then_base_capped,complete_components,component_weighted_sum,component_base_rebuilt
jurri_n_timber__ned,Jurrien Timber,NED,Holland,DEF,2.5,0.4202,2.499923,1.919087,1.919087,1.919087,1.919087,2.238547,0.45,1.35,True,raw_for_likely_starter,complete_components,component_weighted_sum,component_base_rebuilt
n_lson_semedo__por,Nelson Semedo,POR,Portugal,DEF,4,0.925187,1.969397,3.462149,2.563474,2.954096,2.563474,2.236732,0.45,1.35,True,appearance_scaled_then_base_capped,complete_components,component_weighted_sum,component_base_rebuilt
nikola_vasilj__bih,Nikola Vasilj,BIH,Bosnien-Hercegovina,GK,3,0.461538,2.444189,1.968131,1.968131,1.968131,1.968131,2.229963,0.45,1.35,True,raw_for_likely_starter,complete_components,component_weighted_sum,component_base_rebuilt
orkun_k_k__tur,Orkun Kökcü,TUR,Tyrkiet,MID,3,0.656091,2.335042,2.095861,2.095861,2.095861,2.095861,2.227411,0.45,1.35,True,raw_for_likely_starter,complete_components,component_weighted_sum,component_base_rebuilt
brahim_d_az__mar,Brahim Diaz,MAR,Marokko,FWD,4.5,0.82197,2.409638,3.339573,1.977981,3.339573,1.977981,2.215393,0.45,1.35,True,appearance_scaled_then_base_capped,complete_components,component_weighted_sum,component_base_rebuilt
alexander_djiku__gha,Alexander Djiku,GHA,Ghana,DEF,3,0.71197,1.704179,2.810634,2.810634,2.556268,2.810634,2.202084,0.45,1.35,True,raw_for_likely_starter,complete_components,component_weighted_sum,component_base_rebuilt
edouard_mendy__sen,Edouard Mendy,SEN,Senegal,GK,3.5,0.661538,1.836462,2.760247,2.644317,2.754693,2.644317,2.199997,0.45,1.35,True,appearance_scaled_then_base_capped,complete_components,component_weighted_sum,component_base_rebuilt
issa_diop__mar,Issa Diop,MAR,Marokko,DEF,2.5,0.4202,2.421379,1.919087,1.919087,1.919087,1.919087,2.195348,0.45,1.35,True,raw_for_likely_starter,complete_components,component_weighted_sum,component_base_rebuilt
leonardo_balerdi__arg,Leonardo Balerdi,ARG,Argentina,DEF,4,0.925187,2.044046,3.462149,2.368605,3.066069,2.368605,2.190097,0.45,1.35,True,appearance_scaled_then_base_capped,complete_components,component_weighted_sum,component_base_rebuilt
neil_el_aynaoui__mar,Neil El Aynaoui,MAR,Marokko,MID,3,0.656091,2.25778,2.095861,2.095861,2.095861,2.095861,2.184916,0.45,1.35,True,raw_for_likely_starter,complete_components,component_weighted_sum,component_base_rebuilt
manuel_ugarte__uru,Manuel Ugarte,URU,Uruguay,MID,3.5,0.817259,1.885216,2.545882,2.545882,2.545882,2.545882,2.182515,0.45,1.35,True,raw_for_likely_starter,complete_components,component_weighted_sum,component_base_rebuilt
romano_schmid__aut,Romano Schmid,AUT,Østrig,MID,3,0.656091,2.406431,2.095861,1.904539,2.095861,1.904539,2.18058,0.45,1.35,True,appearance_scaled_then_base_capped,complete_components,component_weighted_sum,component_base_rebuilt
adrien_rabiot__fra,Adrien Rabiot,FRA,Frankrig,MID,4,0.884518,2.030201,2.733685,2.357608,2.733685,2.357608,2.177534,0.45,1.35,True,appearance_scaled_then_base_capped,complete_components,component_weighted_sum,component_base_rebuilt
jordan_ayew__gha,Jordan Ayew,GHA,Ghana,FWD,3,0.494318,2.231618,2.111102,2.111102,2.111102,2.111102,2.177386,0.45,1.35,True,raw_for_likely_starter,complete_components,component_weighted_sum,component_base_rebuilt
viktor_gyokeres__swe,Viktor Gyökeres,SWE,Sverige,FWD,6,0.9375,0.864734,3.772733,3.772733,1.297101,3.772733,2.173334,0.45,1.35,True,raw_for_likely_starter,complete_components,component_weighted_sum,component_base_rebuilt
abde_ezzalzouli__mar,Abde Ezzalzouli,MAR,Marokko,FWD,3,0.494318,2.510004,2.111102,1.756135,2.111102,1.756135,2.170763,0.45,1.35,True,appearance_scaled_then_base_capped,complete_components,component_weighted_sum,component_base_rebuilt
dani_olmo__esp,Dani Olmo,ESP,Spanien,MID,5,0.956853,1.930598,2.935663,2.445407,2.895897,2.445407,2.162262,0.45,1.35,True,appearance_scaled_then_base_capped,complete_components,component_weighted_sum,component_base_rebuilt
mohammad_mohebi__irn,Mohammad Mohebi,IRN,Iran,FWD,3,0.494318,2.203788,2.111102,2.111102,2.111102,2.111102,2.162079,0.45,1.35,True,raw_for_likely_starter,complete_components,component_weighted_sum,component_base_rebuilt
ivan_peri_i__cro,Ivan Perisic,CRO,Kroatien,FWD,4.5,0.82197,1.173144,3.339573,3.339573,1.759716,3.339573,2.148037,0.45,1.35,True,raw_for_likely_starter,complete_components,component_weighted_sum,component_base_rebuilt
abdelhamid_ait_boudlal__mar,Abdelhamid Ait Boudlal,MAR,Marokko,DEF,2.5,0.4202,2.324771,1.919087,1.919087,1.919087,1.919087,2.142213,0.45,1.35,True,raw_for_likely_starter,complete_components,component_weighted_sum,component_base_rebuilt
nathan_ngoy__bel,Nathan Ngoy,BEL,Belgien,DEF,2,0.118454,3.073943,0.99706,0.99706,0.99706,0.99706,2.139346,0.45,1.35,True,raw_for_likely_starter,complete_components,component_weighted_sum,component_base_rebuilt
sherzod_nasrullayev__uzb,Sherzod Nasrullaev,UZB,Usbekistan,DEF,2.5,0.4202,2.317139,1.919087,1.919087,1.919087,1.919087,2.138016,0.45,1.35,True,raw_for_likely_starter,complete_components,component_weighted_sum,component_base_rebuilt
isak_hien__swe,Isak Hien,SWE,Sverige,DEF,2.5,0.4202,2.313804,1.919087,1.919087,1.919087,1.919087,2.136181,0.45,1.35,True,raw_for_likely_starter,complete_components,component_weighted_sum,component_base_rebuilt
yasin_ayari__swe,Yasin Ayari,SWE,Sverige,MID,3.5,0.817259,1.799336,2.545882,2.545882,2.545882,2.545882,2.135281,0.45,1.35,True,raw_for_likely_starter,complete_components,component_weighted_sum,component_base_rebuilt
ollie_watkins__eng,Ollie Watkins,ENG,England,FWD,4,0.753788,2.15883,3.083937,2.100602,3.083937,2.100602,2.132627,0.45,1.35,True,appearance_scaled_then_base_capped,complete_components,component_weighted_sum,component_base_rebuilt
lee_jae_sung__kor,Jae-Sung Lee,KOR,Sydkorea,MID,4,0.884518,1.812168,2.733685,2.517334,2.718252,2.517334,2.129493,0.45,1.35,True,appearance_scaled_then_base_capped,complete_components,component_weighted_sum,component_base_rebuilt
billy_gilmour__sco,Billy Gilmour,SCO,Skotland,MID,3,0.656091,2.222952,2.095861,2.012625,2.095861,2.012625,2.128305,0.45,1.35,True,appearance_scaled_then_base_capped,complete_components,component_weighted_sum,component_base_rebuilt
jan_paul_van_hecke__ned,Jan Paul van Hecke,NED,Holland,DEF,3,0.71197,1.972671,2.810634,2.315962,2.810634,2.315962,2.127152,0.45,1.35,True,appearance_scaled_then_base_capped,complete_components,component_weighted_sum,component_base_rebuilt
mikel_merino__esp,Mikel Merino,ESP,Spanien,MID,4.5,0.927665,2.001152,2.854163,2.260905,2.854163,2.260905,2.118041,0.45,1.35,True,appearance_scaled_then_base_capped,complete_components,component_weighted_sum,component_base_rebuilt
rodrigo_aguirre__uru,Rodrigo Aguirre,URU,Uruguay,FWD,3,0.494318,2.368319,2.111102,1.808611,2.111102,1.808611,2.11645,0.45,1.35,True,appearance_scaled_then_base_capped,complete_components,component_weighted_sum,component_base_rebuilt
chris_wood__nzl,Chris Wood,NZL,New Zealand,FWD,3.5,0.649621,1.643252,2.693383,2.693383,2.464878,2.693383,2.115811,0.45,1.35,True,raw_for_likely_starter,complete_components,component_weighted_sum,component_base_rebuilt
felix_feliz_torres__ecu,Felix 'Feliz' Torres,ECU,Ecuador,DEF,3,0.71197,1.810529,2.810634,2.475366,2.715793,2.475366,2.109705,0.45,1.35,True,appearance_scaled_then_base_capped,complete_components,component_weighted_sum,component_base_rebuilt
ritsu_doan__jpn,Ritsu Doan,JPN,Japan,MID,4,0.884518,1.933128,2.733685,2.323633,2.733685,2.323633,2.108855,0.45,1.35,True,appearance_scaled_then_base_capped,complete_components,component_weighted_sum,component_base_rebuilt
seol_young_woo__kor,Young-woo Seol,KOR,Sydkorea,DEF,3,0.71197,1.719391,2.810634,2.679337,2.579086,2.579086,2.106254,0.45,1.35,True,appearance_scaled_then_base_capped,complete_components,component_weighted_sum,component_base_rebuilt
tarik_muharemovic__bih,Tarik Muharemovic,BIH,Bosnien-Hercegovina,DEF,3,0.71197,1.823278,2.810634,2.443244,2.734917,2.443244,2.102263,0.45,1.35,True,appearance_scaled_then_base_capped,complete_components,component_weighted_sum,component_base_rebuilt
andrej_kramari__cro,Andrej Kramaric,CRO,Kroatien,FWD,5.5,0.905303,2.005608,3.652017,2.20947,3.008412,2.20947,2.097346,0.45,1.35,True,appearance_scaled_then_base_capped,complete_components,component_weighted_sum,component_base_rebuilt
sander_berge__nor,Sander Berge,NOR,Norge,MID,3,0.656091,2.09842,2.095861,2.095861,2.095861,2.095861,2.097268,0.45,1.35,True,raw_for_likely_starter,complete_components,component_weighted_sum,component_base_rebuilt
elias_achouri__tun,Elias Achouri,TUN,Tunesien,MID,3.5,0.817259,2.013371,2.545882,2.19164,2.545882,2.19164,2.093592,0.45,1.35,True,appearance_scaled_then_base_capped,complete_components,component_weighted_sum,component_base_rebuilt
mois_s_caicedo__ecu,Moises Caicedo,ECU,Ecuador,MID,3,0.656091,2.091426,2.095861,2.095861,2.095861,2.095861,2.093422,0.45,1.35,True,raw_for_likely_starter,complete_components,component_weighted_sum,component_base_rebuilt
ricardo_rodr_guez__sui,Ricardo Rodriguez,SUI,Schweiz,DEF,3,0.71197,2.203868,2.810634,1.939739,2.810634,1.939739,2.08501,0.45,1.35,True,appearance_scaled_then_base_capped,complete_components,component_weighted_sum,component_base_rebuilt
axel_tuanzebe__cod,Axel Tuanzebe,COD,Congo DR,DEF,3,0.71197,1.490913,2.810634,2.810634,2.236369,2.810634,2.084787,0.45,1.35,True,raw_for_likely_starter,complete_components,component_weighted_sum,component_base_rebuilt
che_adams__sco,Che Adams,SCO,Skotland,FWD,3,0.494318,2.211174,2.111102,1.922309,2.111102,1.922309,2.081185,0.45,1.35,True,appearance_scaled_then_base_capped,complete_components,component_weighted_sum,component_base_rebuilt
jefferson_lerma__col,Jefferson Lerma,COL,Colombia,MID,3,0.656091,2.212937,2.095861,1.912623,2.095861,1.912623,2.077796,0.45,1.35,True,appearance_scaled_then_base_capped,complete_components,component_weighted_sum,component_base_rebuilt
william_saliba__fra,William Saliba,FRA,Frankrig,DEF,4.5,0.972569,2.016152,3.60693,2.135818,3.024228,2.135818,2.070002,0.45,1.35,True,appearance_scaled_then_base_capped,complete_components,component_weighted_sum,component_base_rebuilt
antonio_sanabria__par,Antonio Sanabria,PAR,Paraguay,FWD,4,0.753788,1.782306,3.083937,2.416045,2.673459,2.416045,2.067488,0.45,1.35,True,appearance_scaled_then_base_capped,complete_components,component_weighted_sum,component_base_rebuilt
anthony_gordon__eng,Anthony Gordon,ENG,England,FWD,4,0.753788,1.772635,3.083937,2.423094,2.658952,2.423094,2.065341,0.45,1.35,True,appearance_scaled_then_base_capped,complete_components,component_weighted_sum,component_base_rebuilt
livano_comenencia__cuw,Livano Comenencia,CUW,Curaçao,DEF,2.5,0.4202,2.18198,1.919087,1.919087,1.919087,1.919087,2.063678,0.45,1.35,True,raw_for_likely_starter,complete_components,component_weighted_sum,component_base_rebuilt
benjamin_tahirovic__bih,Benjamin Tahirovic,BIH,Bosnien-Hercegovina,MID,3,0.656091,2.030701,2.095861,2.095861,2.095861,2.095861,2.060023,0.45,1.35,True,raw_for_likely_starter,complete_components,component_weighted_sum,component_base_rebuilt
luiz_henrique__bra,Luiz Henrique,BRA,Brasilien,FWD,3,0.494318,2.42953,2.111102,1.604136,2.111102,1.604136,2.058103,0.45,1.35,True,appearance_scaled_then_base_capped,complete_components,component_weighted_sum,component_base_rebuilt
ali_abdi__tun,Ali Abdi,TUN,Tunesien,DEF,3,0.71197,1.675532,2.810634,2.551654,2.513298,2.513298,2.052527,0.45,1.35,True,appearance_scaled_then_base_capped,complete_components,component_weighted_sum,component_base_rebuilt
derek_cornelius__can,Derek Cornelius,CAN,Canada,DEF,2.5,0.4202,2.341263,1.919087,1.699489,1.919087,1.699489,2.052465,0.45,1.35,True,appearance_scaled_then_base_capped,complete_components,component_weighted_sum,component_base_rebuilt
aleksandar_pavlovic__ger,Aleksandar Pavlovic,GER,Tyskland,MID,3.5,0.817259,1.707322,2.545882,2.473142,2.545882,2.473142,2.051941,0.45,1.35,True,appearance_scaled_then_base_capped,complete_components,component_weighted_sum,component_base_rebuilt
hiroki_ito__jpn,Hiroki Ito,JPN,Japan,DEF,2.5,0.4202,2.157767,1.919087,1.919087,1.919087,1.919087,2.050361,0.45,1.35,True,raw_for_likely_starter,complete_components,component_weighted_sum,component_base_rebuilt
ousmane_demb_l__fra,Ousmane Dembele,FRA,Frankrig,FWD,5.5,0.905303,2.178289,3.652017,1.892266,3.267434,1.892266,2.049579,0.45,1.35,True,appearance_scaled_then_base_capped,complete_components,component_weighted_sum,component_base_rebuilt
a_ssa_mandi__alg,Aissa Mandi,ALG,Algeriet,DEF,3,0.71197,1.671899,2.810634,2.663277,2.507849,2.507849,2.048076,0.45,1.35,True,appearance_scaled_then_base_capped,complete_components,component_weighted_sum,component_base_rebuilt
pavel_sulc__cze,Pavel Sulc,CZE,Tjekkiet,MID,4,0.884518,1.48316,2.733685,2.733685,2.22474,2.733685,2.045896,0.45,1.35,True,raw_for_likely_starter,complete_components,component_weighted_sum,component_base_rebuilt
luca_zidane__alg,Luca Zidane,ALG,Algeriet,GK,3,0.461538,2.108813,1.968131,1.968131,1.968131,1.968131,2.045506,0.45,1.35,True,raw_for_likely_starter,complete_components,component_weighted_sum,component_base_rebuilt
nick_woltemade__ger,Nick Woltemade,GER,Tyskland,FWD,6,0.9375,1.842675,3.772733,2.286276,2.764012,2.286276,2.042296,0.45,1.35,True,appearance_scaled_then_base_capped,complete_components,component_weighted_sum,component_base_rebuilt
aaron_hickey__sco,Aaron Hickey,SCO,Skotland,DEF,2.5,0.4202,2.140953,1.919087,1.919087,1.919087,1.919087,2.041113,0.45,1.35,True,raw_for_likely_starter,complete_components,component_weighted_sum,component_base_rebuilt
sebastian_berhalter__usa,Sebastian Berhalter,USA,USA,MID,3,0.656091,2.195472,2.095861,1.849747,2.095861,1.849747,2.039896,0.45,1.35,True,appearance_scaled_then_base_capped,complete_components,component_weighted_sum,component_base_rebuilt
kalidou_koulibaly__sen,Kalidou Koulibaly,SEN,Senegal,DEF,2.5,0.4202,2.13404,1.919087,1.919087,1.919087,1.919087,2.037311,0.45,1.35,True,raw_for_likely_starter,complete_components,component_weighted_sum,component_base_rebuilt
raphinha__bra,Raphinha,BRA,Brasilien,FWD,6.5,0.956439,0.557194,3.843743,3.843743,0.835791,3.843743,2.036141,0.45,1.35,True,raw_for_likely_starter,complete_components,component_weighted_sum,component_base_rebuilt
ozan_kabak__tur,Ozan Kabak,TUR,Tyrkiet,DEF,2.5,0.4202,2.127776,1.919087,1.919087,1.919087,1.919087,2.033866,0.45,1.35,True,raw_for_likely_starter,complete_components,component_weighted_sum,component_base_rebuilt
diego_g_mez__par,Diego Gomez,PAR,Paraguay,MID,3,0.656091,1.94841,2.095861,2.095861,2.095861,2.095861,2.014763,0.45,1.35,True,raw_for_likely_starter,complete_components,component_weighted_sum,component_base_rebuilt
juli_n_qui_ones__mex,Julian Quinones,MEX,Mexico,FWD,3,0.494318,2.339476,2.111102,1.612882,2.111102,1.612882,2.012509,0.45,1.35,True,appearance_scaled_then_base_capped,complete_components,component_weighted_sum,component_base_rebuilt
saud_abdulhamid__ksa,Saud Abdulhamid,KSA,Saudi-Arabien,DEF,3,0.71197,1.353201,2.810634,2.810634,2.029802,2.810634,2.009046,0.45,1.35,True,raw_for_likely_starter,complete_components,component_weighted_sum,component_base_rebuilt
douglas_santos__bra,Douglas Santos,BRA,Brasilien,DEF,2.5,0.4202,2.417354,1.919087,1.507854,1.919087,1.507854,2.008079,0.45,1.35,True,appearance_scaled_then_base_capped,complete_components,component_weighted_sum,component_base_rebuilt
mohamed_amoura__alg,Mohamed Amoura,ALG,Algeriet,FWD,3.5,0.649621,1.846767,2.693383,2.200879,2.693383,2.200879,2.006117,0.45,1.35,True,appearance_scaled_then_base_capped,complete_components,component_weighted_sum,component_base_rebuilt
akram_afif__qat,Akram Afif,QAT,Qatar,FWD,3.5,0.649621,1.412536,2.693383,2.693383,2.118804,2.693383,1.988917,0.45,1.35,True,raw_for_likely_starter,complete_components,component_weighted_sum,component_base_rebuilt
duckens_nazon__hai,Duckens Nazon,HAI,Haiti,FWD,3.5,0.649621,1.620469,2.693383,2.4479,2.430703,2.430703,1.985075,0.45,1.35,True,appearance_scaled_then_base_capped,complete_components,component_weighted_sum,component_base_rebuilt
nicolas_seiwald__aut,Nicolas Seiwald,AUT,Østrig,MID,2.5,0.352792,2.566059,1.248972,1.248972,1.248972,1.248972,1.97337,0.45,1.35,True,raw_for_likely_starter,complete_components,component_weighted_sum,component_base_rebuilt
tomas_soucek__cze,Tomas Soucek,CZE,Tjekkiet,MID,3.5,0.817259,1.499778,2.545882,2.545882,2.249667,2.545882,1.970525,0.45,1.35,True,raw_for_likely_starter,complete_components,component_weighted_sum,component_base_rebuilt
kim_seung_gyu__kor,Seung-Gyu Kim,KOR,Sydkorea,GK,3,0.461538,1.957065,1.968131,1.968131,1.968131,1.968131,1.962045,0.45,1.35,True,raw_for_likely_starter,complete_components,component_weighted_sum,component_base_rebuilt
ayase_ueda__jpn,Ayase Ueda,JPN,Japan,FWD,5.5,0.905303,1.600309,3.652017,2.972741,2.400463,2.400463,1.960379,0.45,1.35,True,appearance_scaled_then_base_capped,complete_components,component_weighted_sum,component_base_rebuilt
rayan_cherki__fra,Rayan Cherki,FRA,Frankrig,FWD,4,0.753788,1.599904,3.083937,2.621347,2.399856,2.399856,1.959882,0.45,1.35,True,appearance_scaled_then_base_capped,complete_components,component_weighted_sum,component_base_rebuilt
benjamin_nygren__swe,Benjamin Nygren,SWE,Sverige,FWD,3,0.494318,2.06177,2.111102,1.83123,2.111102,1.83123,1.958027,0.45,1.35,True,appearance_scaled_then_base_capped,complete_components,component_weighted_sum,component_base_rebuilt
benjamin_asare__gha,Benjamin Asare,GHA,Ghana,GK,3,0.461538,1.948859,1.968131,1.968131,1.968131,1.968131,1.957532,0.45,1.35,True,raw_for_likely_starter,complete_components,component_weighted_sum,component_base_rebuilt
mamadou_sarr__sen,Mamadou Sarr,SEN,Senegal,DEF,2.5,0.4202,1.982678,1.919087,1.919087,1.919087,1.919087,1.954062,0.45,1.35,True,raw_for_likely_starter,complete_components,component_weighted_sum,component_base_rebuilt
ramy_bensebaini__alg,Ramy Bensebaini,ALG,Algeriet,DEF,3,0.71197,1.594316,2.810634,2.564503,2.391474,2.391474,1.953037,0.45,1.35,True,appearance_scaled_then_base_capped,complete_components,component_weighted_sum,component_base_rebuilt
abdukodir_khusanov__uzb,Abdukodir Khusanov,UZB,Usbekistan,DEF,3,0.71197,1.248388,2.810634,2.810634,1.872582,2.810634,1.951399,0.45,1.35,True,raw_for_likely_starter,complete_components,component_weighted_sum,component_base_rebuilt
takefusa_kubo__jpn,Takefusa Kubo,JPN,Japan,MID,4,0.884518,1.309773,2.733685,2.733685,1.964659,2.733685,1.950534,0.45,1.35,True,raw_for_likely_starter,complete_components,component_weighted_sum,component_base_rebuilt
ryan_christie__sco,Ryan Christie,SCO,Skotland,MID,2.5,0.352792,2.520388,1.248972,1.248972,1.248972,1.248972,1.948251,0.45,1.35,True,raw_for_likely_starter,complete_components,component_weighted_sum,component_base_rebuilt
jorge_guti_rrez__pan,Jorge Gutierrez,PAN,Panama,DEF,2.5,0.4202,1.968455,1.919087,1.919087,1.919087,1.919087,1.946239,0.45,1.35,True,raw_for_likely_starter,complete_components,component_weighted_sum,component_base_rebuilt
mathew_ryan__aus,Mathew Ryan,AUS,Australien,GK,3,0.461538,1.909565,1.968131,1.968131,1.968131,1.968131,1.93592,0.45,1.35,True,raw_for_likely_starter,complete_components,component_weighted_sum,component_base_rebuilt
djed_spence__eng,Djed Spence,ENG,England,DEF,2.5,0.4202,2.181774,1.919087,1.610388,1.919087,1.610388,1.92465,0.45,1.35,True,appearance_scaled_then_base_capped,complete_components,component_weighted_sum,component_base_rebuilt
neymar_jr__bra,Neymar Jr.,BRA,Brasilien,FWD,5.5,0.905303,0.507559,3.652017,3.652017,0.761338,3.652017,1.922565,0.45,1.35,True,raw_for_likely_starter,complete_components,component_weighted_sum,component_base_rebuilt
victor_lindel_f__swe,Victor Lindelöf,SWE,Sverige,DEF,3,0.71197,1.56611,2.810634,2.512305,2.349165,2.349165,1.918485,0.45,1.35,True,appearance_scaled_then_base_capped,complete_components,component_weighted_sum,component_base_rebuilt
anthony_elanga__swe,Anthony Elanga,SWE,Sverige,FWD,3.5,0.649621,1.688219,2.693383,2.194722,2.532328,2.194722,1.916145,0.45,1.35,True,appearance_scaled_then_base_capped,complete_components,component_weighted_sum,component_base_rebuilt
guillermo_varela__uru,Guillermo Varela,URU,Uruguay,DEF,3,0.71197,1.742575,2.810634,2.125241,2.613862,2.125241,1.914775,0.45,1.35,True,appearance_scaled_then_base_capped,complete_components,component_weighted_sum,component_base_rebuilt
jorge_sanchez__mex,Jorge Sanchez,MEX,Mexico,DEF,2.5,0.4202,2.147117,1.919087,1.622451,1.919087,1.622451,1.911017,0.45,1.35,True,appearance_scaled_then_base_capped,complete_components,component_weighted_sum,component_base_rebuilt
ronwen_williams__rsa,Ronwen Williams,RSA,Sydafrika,GK,3,0.461538,1.863854,1.968131,1.968131,1.968131,1.968131,1.910779,0.45,1.35,True,raw_for_likely_starter,complete_components,component_weighted_sum,component_base_rebuilt
saman_ghoddos__irn,Saman Ghoddos,IRN,Iran,MID,2.5,0.352792,2.445698,1.248972,1.248972,1.248972,1.248972,1.907171,0.45,1.35,True,raw_for_likely_starter,complete_components,component_weighted_sum,component_base_rebuilt
leo_pereira__bra,Leo Pereira,BRA,Brasilien,DEF,3,0.71197,1.987201,2.810634,1.806836,2.810634,1.806836,1.906037,0.45,1.35,True,appearance_scaled_then_base_capped,complete_components,component_weighted_sum,component_base_rebuilt
gabriel_magalh_es__bra,Gabriel Magalhaes,BRA,Brasilien,DEF,4.5,0.972569,1.881528,3.60693,1.928162,2.822292,1.928162,1.902513,0.45,1.35,True,appearance_scaled_then_base_capped,complete_components,component_weighted_sum,component_base_rebuilt
shoja_khalilzadeh__irn,Shojae Khalilzadeh,IRN,Iran,DEF,2.5,0.4202,1.888572,1.919087,1.919087,1.919087,1.919087,1.902304,0.45,1.35,True,raw_for_likely_starter,complete_components,component_weighted_sum,component_base_rebuilt
tim_ream__usa,Tim Ream,USA,USA,DEF,2.5,0.4202,2.134673,1.919087,1.61642,1.919087,1.61642,1.901459,0.45,1.35,True,appearance_scaled_then_base_capped,complete_components,component_weighted_sum,component_base_rebuilt
amadou_onana__bel,Amadou Onana,BEL,Belgien,MID,3,0.656091,1.849919,2.095861,1.941965,2.095861,1.941965,1.89134,0.45,1.35,True,appearance_scaled_then_base_capped,complete_components,component_weighted_sum,component_base_rebuilt
luc_de_fougerolles__can,Luc De Fougerolles,CAN,Canada,DEF,2,0.118454,2.617157,0.99706,0.968572,0.99706,0.968572,1.875294,0.45,1.35,True,appearance_scaled_then_base_capped,complete_components,component_weighted_sum,component_base_rebuilt
robin_hranac__cze,Robin Hranac,CZE,Tjekkiet,DEF,2.5,0.4202,1.832316,1.919087,1.919087,1.919087,1.919087,1.871363,0.45,1.35,True,raw_for_likely_starter,complete_components,component_weighted_sum,component_base_rebuilt
juan_jose_caceres__par,Juan Jose Caceres,PAR,Paraguay,DEF,3,0.71197,1.521503,2.810634,2.591003,2.282255,2.282255,1.863841,0.45,1.35,True,appearance_scaled_then_base_capped,complete_components,component_weighted_sum,component_base_rebuilt
zineddine_belaid__alg,Zineddine Belaid,ALG,Algeriet,DEF,2.5,0.4202,1.806968,1.919087,1.919087,1.919087,1.919087,1.857422,0.45,1.35,True,raw_for_likely_starter,complete_components,component_weighted_sum,component_base_rebuilt
diney_borges__cpv,Diney Borges,CPV,Kap Verde,DEF,3,0.71197,1.061052,2.810634,2.810634,1.591578,2.810634,1.848364,0.45,1.35,True,raw_for_likely_starter,complete_components,component_weighted_sum,component_base_rebuilt
junya_ito__jpn,Junya Ito,JPN,Japan,MID,3.5,0.817259,1.693562,2.545882,2.034159,2.540343,2.034159,1.846831,0.45,1.35,True,appearance_scaled_then_base_capped,complete_components,component_weighted_sum,component_base_rebuilt
jhon_arias__col,Jhon Arias,COL,Colombia,MID,3,0.656091,1.717292,2.095861,2.00035,2.095861,2.00035,1.844668,0.45,1.35,True,appearance_scaled_then_base_capped,complete_components,component_weighted_sum,component_base_rebuilt
alejandro_alex_grimaldo__esp,Alejandro 'Alex' Grimaldo,ESP,Spanien,DEF,4,0.925187,1.794886,3.462149,1.897752,2.692329,1.897752,1.841176,0.45,1.35,True,appearance_scaled_then_base_capped,complete_components,component_weighted_sum,component_base_rebuilt
torbjorn_heggem__nor,Torbjørn Heggem,NOR,Norge,DEF,2.5,0.4202,1.899667,1.919087,1.748014,1.919087,1.748014,1.831423,0.45,1.35,True,appearance_scaled_then_base_capped,complete_components,component_weighted_sum,component_base_rebuilt
pedro_neto__por,Pedro Neto,POR,Portugal,FWD,5,0.867424,1.832556,3.509997,1.824195,2.748834,1.824195,1.828794,0.45,1.35,True,appearance_scaled_then_base_capped,complete_components,component_weighted_sum,component_base_rebuilt
jhon_lucum__col,Jhon Lucumi,COL,Colombia,DEF,3.5,0.857855,1.83862,3.256408,1.803585,2.75793,1.803585,1.822854,0.45,1.35,True,appearance_scaled_then_base_capped,complete_components,component_weighted_sum,component_base_rebuilt
arthur_masuaku__cod,Arthur Masuaku,COD,Congo DR,DEF,2.5,0.4202,1.711616,1.919087,1.919087,1.919087,1.919087,1.804978,0.45,1.35,True,raw_for_likely_starter,complete_components,component_weighted_sum,component_base_rebuilt
ryan_gravenberch__ned,Ryan Gravenberch,NED,Holland,MID,3.5,0.817259,1.557984,2.545882,2.058527,2.336976,2.058527,1.783228,0.45,1.35,True,appearance_scaled_then_base_capped,complete_components,component_weighted_sum,component_base_rebuilt
tsuyoshi_watanabe__jpn,Tsuyoshi Watanabe,JPN,Japan,DEF,3,0.71197,1.470623,2.810634,2.164991,2.205935,2.164991,1.783089,0.45,1.35,True,appearance_scaled_then_base_capped,complete_components,component_weighted_sum,component_base_rebuilt
lukas_provod__cze,Lukas Provod,CZE,Tjekkiet,MID,3,0.656091,1.501615,2.095861,2.095861,2.095861,2.095861,1.769026,0.45,1.35,True,raw_for_likely_starter,complete_components,component_weighted_sum,component_base_rebuilt
esmir_bajraktarevic__bih,Esmir Bajraktarevic,BIH,Bosnien-Hercegovina,MID,3,0.656091,1.501335,2.095861,2.095861,2.095861,2.095861,1.768872,0.45,1.35,True,raw_for_likely_starter,complete_components,component_weighted_sum,component_base_rebuilt
diogo_dalot__por,Diogo Dalot,POR,Portugal,DEF,4,0.925187,1.702794,3.462149,1.829993,2.554191,1.829993,1.760034,0.45,1.35,True,appearance_scaled_then_base_capped,complete_components,component_weighted_sum,component_base_rebuilt
antonee_robinson__usa,Antonee Robinson,USA,USA,DEF,2,0.118454,2.380319,0.99706,0.99706,0.99706,0.99706,1.757852,0.45,1.35,True,raw_for_likely_starter,complete_components,component_weighted_sum,component_base_rebuilt
yan_diomande__civ,Yan Diomande,CIV,Elfenbenskysten,FWD,3,0.494318,1.467515,2.111102,2.111102,2.111102,2.111102,1.757129,0.45,1.35,True,raw_for_likely_starter,complete_components,component_weighted_sum,component_base_rebuilt
chancel_mbemba__cod,Chancel Mbemba,COD,Congo DR,DEF,2.5,0.4202,1.621895,1.919087,1.919087,1.919087,1.919087,1.755631,0.45,1.35,True,raw_for_likely_starter,complete_components,component_weighted_sum,component_base_rebuilt
pedro_vite__ecu,Pedro Vite,ECU,Ecuador,MID,2.5,0.352792,2.16954,1.248972,1.248972,1.248972,1.248972,1.755284,0.45,1.35,True,raw_for_likely_starter,complete_components,component_weighted_sum,component_base_rebuilt
idrissa_gana_gueye__sen,Idrissa Gana Gueye,SEN,Senegal,MID,3,0.656091,1.589978,2.095861,1.953342,2.095861,1.953342,1.753492,0.45,1.35,True,appearance_scaled_then_base_capped,complete_components,component_weighted_sum,component_base_rebuilt
alessandro_circati__aus,Alessandro Circati,AUS,Australien,DEF,2.5,0.4202,1.6136,1.919087,1.919087,1.919087,1.919087,1.751069,0.45,1.35,True,raw_for_likely_starter,complete_components,component_weighted_sum,component_base_rebuilt
pau_cubars__esp,Pau Cubarsi,ESP,Spanien,DEF,4,0.925187,1.932423,3.462149,1.525324,2.898635,1.525324,1.749228,0.45,1.35,True,appearance_scaled_then_base_capped,complete_components,component_weighted_sum,component_base_rebuilt
thomas_meunier__bel,Thomas Meunier,BEL,Belgien,DEF,3.5,0.857855,1.691507,3.256408,1.818936,2.537261,1.818936,1.74885,0.45,1.35,True,appearance_scaled_then_base_capped,complete_components,component_weighted_sum,component_base_rebuilt
david_cabezas__ecu,David Cabezas,ECU,Ecuador,GK,2.5,0.169231,2.541315,0.810423,0.77187,0.810423,0.77187,1.745065,0.45,1.35,True,appearance_scaled_then_base_capped,complete_components,component_weighted_sum,component_base_rebuilt
samuel_moutoussamy__cod,Samuel Moutoussamy,COD,Congo DR,MID,3,0.656091,1.429314,2.095861,2.095861,2.095861,2.095861,1.72926,0.45,1.35,True,raw_for_likely_starter,complete_components,component_weighted_sum,component_base_rebuilt
yan_valery__tun,Yan Valery,TUN,Tunesien,DEF,2.5,0.4202,1.546055,1.919087,1.919087,1.919087,1.919087,1.713919,0.45,1.35,True,raw_for_likely_starter,complete_components,component_weighted_sum,component_base_rebuilt
caleb_yirenkyi__gha,Caleb Yirenkyi,GHA,Ghana,DEF,3,0.71197,1.393755,2.810634,2.586185,2.090632,2.090632,1.70735,0.45,1.35,True,appearance_scaled_then_base_capped,complete_components,component_weighted_sum,component_base_rebuilt
j_rgen_strand_larsen__nor,Jørgen Strand Larsen,NOR,Norge,FWD,3,0.494318,1.81896,2.111102,1.552263,2.111102,1.552263,1.698946,0.45,1.35,True,appearance_scaled_then_base_capped,complete_components,component_weighted_sum,component_base_rebuilt
guela_doue__civ,Guela Doue,CIV,Elfenbenskysten,DEF,3,0.71197,1.372706,2.810634,2.409115,2.059059,2.059059,1.681565,0.45,1.35,True,appearance_scaled_then_base_capped,complete_components,component_weighted_sum,component_base_rebuilt
gon_alo_in_cio__por,Goncalo Inacio,POR,Portugal,DEF,4,0.925187,1.596906,3.462149,1.783501,2.395359,1.783501,1.680874,0.45,1.35,True,appearance_scaled_then_base_capped,complete_components,component_weighted_sum,component_base_rebuilt
saeid_ezatolahi__irn,Saeid Ezatolahi,IRN,Iran,MID,2.5,0.352792,2.033251,1.248972,1.248972,1.248972,1.248972,1.680325,0.45,1.35,True,raw_for_likely_starter,complete_components,component_weighted_sum,component_base_rebuilt
merih_demiral__tur,Merih Demiral,TUR,Tyrkiet,DEF,3,0.71197,1.626357,2.810634,1.746207,2.439535,1.746207,1.680289,0.45,1.35,True,appearance_scaled_then_base_capped,complete_components,component_weighted_sum,component_base_rebuilt
hossein_abarghouei__irn,Hossein Abarghouei,IRN,Iran,DEF,2,0.118454,2.238879,0.99706,0.99706,0.99706,0.99706,1.68006,0.45,1.35,True,raw_for_likely_starter,complete_components,component_weighted_sum,component_base_rebuilt
alex_baena__esp,Alex Baena,ESP,Spanien,MID,3.5,0.817259,1.505341,2.545882,1.89159,2.258012,1.89159,1.679153,0.45,1.35,True,appearance_scaled_then_base_capped,complete_components,component_weighted_sum,component_base_rebuilt
fernando_muslera__uru,Fernando Muslera,URU,Uruguay,GK,4,0.803846,1.600531,3.323869,1.771622,2.400796,1.771622,1.677522,0.45,1.35,True,appearance_scaled_then_base_capped,complete_components,component_weighted_sum,component_base_rebuilt
abdoulaye_seck__sen,Abdoulaye Seck,SEN,Senegal,DEF,3,0.71197,1.369024,2.810634,2.100748,2.053536,2.053536,1.677054,0.45,1.35,True,appearance_scaled_then_base_capped,complete_components,component_weighted_sum,component_base_rebuilt
danley_jean_jacques__hai,Danley Jean Jacques,HAI,Haiti,MID,3,0.656091,1.324822,2.095861,2.095861,1.987233,2.095861,1.67179,0.45,1.35,True,raw_for_likely_starter,complete_components,component_weighted_sum,component_base_rebuilt
hussein_ali__irq,Hussein Ali,IRQ,Irak,DEF,3,0.71197,0.736459,2.810634,2.810634,1.104688,2.810634,1.669838,0.45,1.35,True,raw_for_likely_starter,complete_components,component_weighted_sum,component_base_rebuilt
john_souttar__sco,John Souttar,SCO,Skotland,DEF,2.5,0.4202,1.755551,1.919087,1.563234,1.919087,1.563234,1.669008,0.45,1.35,True,appearance_scaled_then_base_capped,complete_components,component_weighted_sum,component_base_rebuilt
juninho_bacuna__cuw,Juninho Bacuna,CUW,Curaçao,MID,3,0.656091,1.306636,2.095861,2.095861,1.959954,2.095861,1.661787,0.45,1.35,True,raw_for_likely_starter,complete_components,component_weighted_sum,component_base_rebuilt
jarell_quansah__eng,Jarell Quansah,ENG,England,DEF,2.5,0.4202,1.912943,1.919087,1.349118,1.919087,1.349118,1.659222,0.45,1.35,True,appearance_scaled_then_base_capped,complete_components,component_weighted_sum,component_base_rebuilt
jos_s__por,Jose Sa,POR,Portugal,GK,4.5,0.9,1.557988,3.704694,1.779841,2.336982,1.779841,1.657822,0.45,1.35,True,appearance_scaled_then_base_capped,complete_components,component_weighted_sum,component_base_rebuilt
jordan_henderson__eng,Jordan Henderson,ENG,England,MID,3.5,0.817259,1.451746,2.545882,1.90832,2.177619,1.90832,1.657204,0.45,1.35,True,appearance_scaled_then_base_capped,complete_components,component_weighted_sum,component_base_rebuilt
gon_alo_ramos__por,Goncalo Ramos,POR,Portugal,FWD,5,0.867424,1.574481,3.509997,1.754998,2.361721,1.754998,1.655714,0.45,1.35,True,appearance_scaled_then_base_capped,complete_components,component_weighted_sum,component_base_rebuilt
evan_n_dicka__civ,Evan N'Dicka,CIV,Elfenbenskysten,DEF,2.5,0.4202,1.536721,1.919087,1.798733,1.919087,1.798733,1.654626,0.45,1.35,True,appearance_scaled_then_base_capped,complete_components,component_weighted_sum,component_base_rebuilt
roger_ibanez__bra,Roger Ibanez,BRA,Brasilien,DEF,2.5,0.4202,1.887649,1.919087,1.362552,1.919087,1.362552,1.651355,0.45,1.35,True,appearance_scaled_then_base_capped,complete_components,component_weighted_sum,component_base_rebuilt
sead_kolasinac__bih,Sead Kolasinac,BIH,Bosnien-Hercegovina,DEF,2.5,0.4202,1.536296,1.919087,1.789137,1.919087,1.789137,1.650075,0.45,1.35,True,appearance_scaled_then_base_capped,complete_components,component_weighted_sum,component_base_rebuilt
maximilian_w_ber__aut,Maximilian Wöber,AUT,Østrig,DEF,2.5,0.4202,1.740345,1.919087,1.532528,1.919087,1.532528,1.646827,0.45,1.35,True,appearance_scaled_then_base_capped,complete_components,component_weighted_sum,component_base_rebuilt
luka_vuskovic__cro,Luka Vuskovic,CRO,Kroatien,DEF,2,0.118454,2.172366,0.99706,0.99706,0.99706,0.99706,1.643478,0.45,1.35,True,raw_for_likely_starter,complete_components,component_weighted_sum,component_base_rebuilt
andreas_schjelderup__nor,Andreas Schjelderup,NOR,Norge,MID,3.5,0.817259,1.986766,2.545882,1.212203,2.545882,1.212203,1.638213,0.45,1.35,True,appearance_scaled_then_base_capped,complete_components,component_weighted_sum,component_base_rebuilt
willer_ditta__col,Willer Ditta,COL,Colombia,DEF,2.5,0.4202,1.794562,1.919087,1.441234,1.919087,1.441234,1.635565,0.45,1.35,True,appearance_scaled_then_base_capped,complete_components,component_weighted_sum,component_base_rebuilt
alexander_isak__swe,Alexander Isak,SWE,Sverige,FWD,5,0.867424,1.355597,3.509997,1.977632,2.033396,1.977632,1.635513,0.45,1.35,True,appearance_scaled_then_base_capped,complete_components,component_weighted_sum,component_base_rebuilt
milad_mohammadi__irn,Milad Mohammadi,IRN,Iran,DEF,2.5,0.4202,1.603867,1.919087,1.66988,1.919087,1.66988,1.633573,0.45,1.35,True,appearance_scaled_then_base_capped,complete_components,component_weighted_sum,component_base_rebuilt
christian_pulisic__usa,Christian Pulisic,USA,USA,FWD,4,0.753788,0.444368,3.083937,3.083937,0.666552,3.083937,1.632174,0.45,1.35,True,raw_for_likely_starter,complete_components,component_weighted_sum,component_base_rebuilt
tim_payne__nzl,Tim Payne,NZL,New Zealand,DEF,2.5,0.4202,1.395631,1.919087,1.919087,1.919087,1.919087,1.631186,0.45,1.35,True,raw_for_likely_starter,complete_components,component_weighted_sum,component_base_rebuilt
amirhossein_hosseinzadeh__irn,Amirhossein Hosseinzadeh,IRN,Iran,FWD,3,0.494318,1.639688,2.111102,1.61831,2.111102,1.61831,1.630068,0.45,1.35,True,appearance_scaled_then_base_capped,complete_components,component_weighted_sum,component_base_rebuilt
khuliso_mudau__rsa,Khuliso Mudau,RSA,Sydafrika,DEF,3,0.71197,1.329325,2.810634,2.617905,1.993987,1.993987,1.628423,0.45,1.35,True,appearance_scaled_then_base_capped,complete_components,component_weighted_sum,component_base_rebuilt
michel_aebischer__sui,Michel Aebischer,SUI,Schweiz,MID,2.5,0.352792,1.927234,1.248972,1.248972,1.248972,1.248972,1.622016,0.45,1.35,True,raw_for_likely_starter,complete_components,component_weighted_sum,component_base_rebuilt
patrik_schick__cze,Patrik Schick,CZE,Tjekkiet,FWD,4.5,0.82197,0.214581,3.339573,3.339573,0.321871,3.339573,1.620827,0.45,1.35,True,raw_for_likely_starter,complete_components,component_weighted_sum,component_base_rebuilt
david_alaba__aut,David Alaba,AUT,Østrig,DEF,3,0.71197,1.486611,2.810634,1.783147,2.229917,1.783147,1.620052,0.45,1.35,True,appearance_scaled_then_base_capped,complete_components,component_weighted_sum,component_base_rebuilt
federico_valverde__uru,Federico Valverde,URU,Uruguay,MID,5.5,0.975888,0.488639,2.988815,2.988815,0.732959,2.988815,1.613718,0.45,1.35,True,raw_for_likely_starter,complete_components,component_weighted_sum,component_base_rebuilt
liberato_cacace__nzl,Liberato Cacace,NZL,New Zealand,DEF,2.5,0.4202,1.362081,1.919087,1.919087,1.919087,1.919087,1.612734,0.45,1.35,True,raw_for_likely_starter,complete_components,component_weighted_sum,component_base_rebuilt
i_smail_y_ksek__tur,Ismail Yüksek,TUR,Tyrkiet,MID,2.5,0.352792,2.009039,1.248972,1.117652,1.248972,1.117652,1.607915,0.45,1.35,True,appearance_scaled_then_base_capped,complete_components,component_weighted_sum,component_base_rebuilt
tae_seok_lee__kor,Tae-Seok Lee,KOR,Sydkorea,DEF,2.5,0.4202,1.52308,1.919087,1.709632,1.919087,1.709632,1.607029,0.45,1.35,True,appearance_scaled_then_base_capped,complete_components,component_weighted_sum,component_base_rebuilt
rustam_ashurmatov__uzb,Rustam Ashurmatov,UZB,Usbekistan,DEF,2.5,0.4202,1.336208,1.919087,1.919087,1.919087,1.919087,1.598504,0.45,1.35,True,raw_for_likely_starter,complete_components,component_weighted_sum,component_base_rebuilt
maxi_araujo__uru,Maxi Araujo,URU,Uruguay,MID,5,0.956853,0.502832,2.935663,2.935663,0.754248,2.935663,1.597606,0.45,1.35,True,raw_for_likely_starter,complete_components,component_weighted_sum,component_base_rebuilt
michael_amir_murillo__pan,Michael Amir Murillo,PAN,Panama,DEF,2.5,0.4202,1.434097,1.919087,1.792976,1.919087,1.792976,1.595592,0.45,1.35,True,appearance_scaled_then_base_capped,complete_components,component_weighted_sum,component_base_rebuilt
noni_madueke__eng,Noni Madueke,ENG,England,FWD,3.5,0.649621,1.702996,2.693383,1.462122,2.554494,1.462122,1.594603,0.45,1.35,True,appearance_scaled_then_base_capped,complete_components,component_weighted_sum,component_base_rebuilt
mat_as_vi_a__uru,Matias Viña,URU,Uruguay,DEF,4,0.925187,1.390794,3.462149,1.841369,2.086191,1.841369,1.593553,0.45,1.35,True,appearance_scaled_then_base_capped,complete_components,component_weighted_sum,component_base_rebuilt
amar_memi__bih,Amar Memic,BIH,Bosnien-Hercegovina,MID,3,0.656091,1.92296,2.095861,1.185659,2.095861,1.185659,1.591174,0.45,1.35,True,appearance_scaled_then_base_capped,complete_components,component_weighted_sum,component_base_rebuilt
ayoub_el_kaabi__mar,Ayoub El Kaabi,MAR,Marokko,FWD,3.5,0.649621,1.806238,2.693383,1.325914,2.693383,1.325914,1.590092,0.45,1.35,True,appearance_scaled_then_base_capped,complete_components,component_weighted_sum,component_base_rebuilt
yasser_ibrahim__egy,Yasser Ibrahim,EGY,Egypten,DEF,2.5,0.4202,1.711877,1.919087,1.431365,1.919087,1.431365,1.585647,0.45,1.35,True,appearance_scaled_then_base_capped,complete_components,component_weighted_sum,component_base_rebuilt
manuel_neuer__ger,Manuel Neuer,GER,Tyskland,GK,5,0.965385,1.654787,3.963655,1.497695,2.482181,1.497695,1.584096,0.45,1.35,True,appearance_scaled_then_base_capped,complete_components,component_weighted_sum,component_base_rebuilt
nathan_ak__ned,Nathan Ake,NED,Holland,DEF,3.5,0.857855,1.415995,3.256408,1.782185,2.123992,1.782185,1.580781,0.45,1.35,True,appearance_scaled_then_base_capped,complete_components,component_weighted_sum,component_base_rebuilt
aubrey_modiba__rsa,Aubrey Modiba,RSA,Sydafrika,DEF,3,0.71197,1.289611,2.810634,2.41835,1.934417,1.934417,1.579773,0.45,1.35,True,appearance_scaled_then_base_capped,complete_components,component_weighted_sum,component_base_rebuilt
ghislain_konan__civ,Ghislain Konan,CIV,Elfenbenskysten,DEF,2.5,0.4202,1.454214,1.919087,1.727178,1.919087,1.727178,1.577048,0.45,1.35,True,appearance_scaled_then_base_capped,complete_components,component_weighted_sum,component_base_rebuilt
lee_kang_in__kor,Kang-In Lee,KOR,Sydkorea,MID,5,0.956853,1.512429,2.935663,1.652359,2.268644,1.652359,1.575397,0.45,1.35,True,appearance_scaled_then_base_capped,complete_components,component_weighted_sum,component_base_rebuilt
finn_surman__nzl,Finn Surman,NZL,New Zealand,DEF,2,0.118454,2.048361,0.99706,0.99706,0.99706,0.99706,1.575275,0.45,1.35,True,raw_for_likely_starter,complete_components,component_weighted_sum,component_base_rebuilt
anass_salah_eddine__mar,Anass Salah-Eddine,MAR,Marokko,DEF,2.5,0.4202,1.663006,1.919087,1.467553,1.919087,1.467553,1.575052,0.45,1.35,True,appearance_scaled_then_base_capped,complete_components,component_weighted_sum,component_base_rebuilt
hossein_kanaani__irn,Hossein Kanaani,IRN,Iran,DEF,2.5,0.4202,1.45627,1.919087,1.71539,1.919087,1.71539,1.572874,0.45,1.35,True,appearance_scaled_then_base_capped,complete_components,component_weighted_sum,component_base_rebuilt
charles_de_ketelaere__bel,Charles De Ketelaere,BEL,Belgien,FWD,6,0.9375,1.282969,3.772733,3.001479,1.924454,1.924454,1.571637,0.45,1.35,True,appearance_scaled_then_base_capped,complete_components,component_weighted_sum,component_base_rebuilt
bruno_guimaraes__bra,Bruno Guimaraes,BRA,Brasilien,MID,4.5,0.927665,0.500052,2.854163,2.854163,0.750078,2.854163,1.559402,0.45,1.35,True,raw_for_likely_starter,complete_components,component_weighted_sum,component_base_rebuilt
takehiro_tomiyasu__jpn,Takehiro Tomiyasu,JPN,Japan,DEF,2,0.118454,2.018143,0.99706,0.99706,0.99706,0.99706,1.558656,0.45,1.35,True,raw_for_likely_starter,complete_components,component_weighted_sum,component_base_rebuilt
lucas_digne__fra,Lucas Digne,FRA,Frankrig,DEF,3.5,0.857855,1.624677,3.256408,1.476548,2.437015,1.476548,1.558019,0.45,1.35,True,appearance_scaled_then_base_capped,complete_components,component_weighted_sum,component_base_rebuilt
deniz_g_l__tur,Deniz Gül,TUR,Tyrkiet,FWD,2.5,0.276515,2.039134,1.294488,0.966058,1.294488,0.966058,1.55625,0.45,1.35,True,appearance_scaled_then_base_capped,complete_components,component_weighted_sum,component_base_rebuilt
ahmed_fatouh__egy,Ahmed Fatouh,EGY,Egypten,DEF,2.5,0.4202,1.516447,1.919087,1.575296,1.919087,1.575296,1.542929,0.45,1.35,True,appearance_scaled_then_base_capped,complete_components,component_weighted_sum,component_base_rebuilt
thomas_partey__gha,Thomas Partey,GHA,Ghana,MID,3,0.656091,1.087913,2.095861,2.095861,1.631869,2.095861,1.54149,0.45,1.35,True,raw_for_likely_starter,complete_components,component_weighted_sum,component_base_rebuilt
lucas_hern_ndez__fra,Lucas Hernandez,FRA,Frankrig,DEF,3,0.71197,1.653997,2.810634,1.390862,2.480995,1.390862,1.535586,0.45,1.35,True,appearance_scaled_then_base_capped,complete_components,component_weighted_sum,component_base_rebuilt
stepan_chaloupek__cze,Stepan Chaloupek,CZE,Tjekkiet,DEF,2,0.118454,1.968047,0.99706,0.99706,0.99706,0.99706,1.531103,0.45,1.35,True,raw_for_likely_starter,complete_components,component_weighted_sum,component_base_rebuilt
ivan_unji__bih,Ivan Sunjic,BIH,Bosnien-Hercegovina,MID,3,0.656091,1.245912,2.095861,1.991667,1.868868,1.868868,1.526242,0.45,1.35,True,appearance_scaled_then_base_capped,complete_components,component_weighted_sum,component_base_rebuilt
jo_o_f_lix__por,João Felix,POR,Portugal,FWD,4.5,0.82197,1.481902,3.339573,1.576278,2.222853,1.576278,1.524371,0.45,1.35,True,appearance_scaled_then_base_capped,complete_components,component_weighted_sum,component_base_rebuilt
theo_bongonda__cod,Theo Bongonda,COD,Congo DR,MID,3,0.656091,1.247953,2.095861,1.85843,1.871929,1.85843,1.522668,0.45,1.35,True,appearance_scaled_then_base_capped,complete_components,component_weighted_sum,component_base_rebuilt
elliot_anderson__eng,Elliot Anderson,ENG,England,MID,4,0.884518,1.428267,2.733685,1.635915,2.1424,1.635915,1.521709,0.45,1.35,True,appearance_scaled_then_base_capped,complete_components,component_weighted_sum,component_base_rebuilt
nawaf_al_boushal__ksa,Nawaf Al-Boushal,KSA,Saudi-Arabien,DEF,2.5,0.4202,1.184175,1.919087,1.919087,1.776263,1.919087,1.514885,0.45,1.35,True,raw_for_likely_starter,complete_components,component_weighted_sum,component_base_rebuilt
teboho_mokoena__rsa,Teboho Mokoena,RSA,Sydafrika,MID,3.5,0.817259,1.234049,2.545882,2.42477,1.851074,1.851074,1.51171,0.45,1.35,True,appearance_scaled_then_base_capped,complete_components,component_weighted_sum,component_base_rebuilt
han_beom_lee__kor,Han-beom Lee,KOR,Sydkorea,DEF,2,0.118454,1.931371,0.99706,0.99706,0.99706,0.99706,1.510931,0.45,1.35,True,raw_for_likely_starter,complete_components,component_weighted_sum,component_base_rebuilt
martin_caceres__uru,Martin Caceres,URU,Uruguay,DEF,3,0.71197,1.404756,2.810634,1.640206,2.107134,1.640206,1.510708,0.45,1.35,True,appearance_scaled_then_base_capped,complete_components,component_weighted_sum,component_base_rebuilt
abdelmouhib_chamakh__tun,Abdelmouhib Chamakh,TUN,Tunesien,GK,2.5,0.169231,2.070037,0.810423,0.810423,0.810423,0.810423,1.503211,0.45,1.35,True,raw_for_likely_starter,complete_components,component_weighted_sum,component_base_rebuilt
aziz_g_aniyev__uzb,Aziz Ganiev,UZB,Usbekistan,MID,2.5,0.352792,1.702729,1.248972,1.248972,1.248972,1.248972,1.498538,0.45,1.35,True,raw_for_likely_starter,complete_components,component_weighted_sum,component_base_rebuilt
hannibal_mejbri__tun,Hannibal Mejbri,TUN,Tunesien,MID,3,0.656091,1.265414,2.095861,1.780584,1.898121,1.780584,1.49724,0.45,1.35,True,appearance_scaled_then_base_capped,complete_components,component_weighted_sum,component_base_rebuilt
aaron_wan_bissaka__cod,Aaron Wan-Bissaka,COD,Congo DR,DEF,3,0.71197,1.221948,2.810634,2.62995,1.832922,1.832922,1.496886,0.45,1.35,True,appearance_scaled_then_base_capped,complete_components,component_weighted_sum,component_base_rebuilt
ellyes_skhiri__tun,Ellyes Skhiri,TUN,Tunesien,MID,2.5,0.352792,1.697796,1.248972,1.248972,1.248972,1.248972,1.495825,0.45,1.35,True,raw_for_likely_starter,complete_components,component_weighted_sum,component_base_rebuilt
fabian_rieder__sui,Fabian Rieder,SUI,Schweiz,MID,3,0.656091,1.853663,2.095861,1.056015,2.095861,1.056015,1.494721,0.45,1.35,True,appearance_scaled_then_base_capped,complete_components,component_weighted_sum,component_base_rebuilt
ismail_jakobs__sen,Ismail Jakobs,SEN,Senegal,DEF,2.5,0.4202,1.445927,1.919087,1.551993,1.919087,1.551993,1.493657,0.45,1.35,True,appearance_scaled_then_base_capped,complete_components,component_weighted_sum,component_base_rebuilt
stefan_de_vrij__ned,Stefan de Vrij,NED,Holland,DEF,3,0.71197,1.444581,2.810634,1.54625,2.166872,1.54625,1.490332,0.45,1.35,True,appearance_scaled_then_base_capped,complete_components,component_weighted_sum,component_base_rebuilt
santiago_arias__col,Santiago Arias,COL,Colombia,DEF,3.5,0.857855,1.448837,3.256408,1.53842,2.173256,1.53842,1.489149,0.45,1.35,True,appearance_scaled_then_base_capped,complete_components,component_weighted_sum,component_base_rebuilt
mart_n_zubimendi__esp,Martin Zubimendi,ESP,Spanien,MID,3.5,0.817259,1.699071,2.545882,1.231479,2.545882,1.231479,1.488655,0.45,1.35,True,appearance_scaled_then_base_capped,complete_components,component_weighted_sum,component_base_rebuilt
ayoub_al_oui__qat,Ayoub Al-Oui,QAT,Qatar,DEF,2.5,0.4202,1.127966,1.919087,1.919087,1.691949,1.919087,1.48397,0.45,1.35,True,raw_for_likely_starter,complete_components,component_weighted_sum,component_base_rebuilt
frantzdy_pierrot__hai,Frantzdy Pierrot,HAI,Haiti,FWD,3,0.494318,1.556622,2.111102,1.384581,2.111102,1.384581,1.479204,0.45,1.35,True,appearance_scaled_then_base_capped,complete_components,component_weighted_sum,component_base_rebuilt
wilfried_stephane_singo__civ,Wilfried Stephane Singo,CIV,Elfenbenskysten,DEF,2.5,0.4202,1.354973,1.919087,1.62766,1.919087,1.62766,1.477682,0.45,1.35,True,appearance_scaled_then_base_capped,complete_components,component_weighted_sum,component_base_rebuilt
kenan_yildiz__tur,Kenan Yildiz,TUR,Tyrkiet,MID,4,0.884518,0.444563,2.733685,2.733685,0.666844,2.733685,1.474668,0.45,1.35,True,raw_for_likely_starter,complete_components,component_weighted_sum,component_base_rebuilt
tani_oluwaseyi__can,Tani Oluwaseyi,CAN,Canada,FWD,2.5,0.276515,2.145658,1.294488,0.638367,1.294488,0.638367,1.467377,0.45,1.35,True,appearance_scaled_then_base_capped,complete_components,component_weighted_sum,component_base_rebuilt
mert_m_ld_r__tur,Mert Müldür,TUR,Tyrkiet,DEF,3,0.71197,1.362245,2.810634,1.563114,2.043368,1.563114,1.452636,0.45,1.35,True,appearance_scaled_then_base_capped,complete_components,component_weighted_sum,component_base_rebuilt
homam_al_amin__qat,Homam Al-Amin,QAT,Qatar,DEF,2.5,0.4202,1.070913,1.919087,1.919087,1.60637,1.919087,1.452591,0.45,1.35,True,raw_for_likely_starter,complete_components,component_weighted_sum,component_base_rebuilt
denis_zakaria__sui,Denis Zakaria,SUI,Schweiz,MID,3,0.656091,1.26627,2.095861,1.679084,1.899405,1.679084,1.452036,0.45,1.35,True,appearance_scaled_then_base_capped,complete_components,component_weighted_sum,component_base_rebuilt
abdallah_nasib__jor,Abdallah Nasib,JOR,Jordan,DEF,2.5,0.4202,1.065392,1.919087,1.919087,1.598088,1.919087,1.449555,0.45,1.35,True,raw_for_likely_starter,complete_components,component_weighted_sum,component_base_rebuilt
oswin_appollis__rsa,Oswin Appollis,RSA,Sydafrika,FWD,3.5,0.649621,1.373856,2.693383,1.541769,2.060784,1.541769,1.449417,0.45,1.35,True,appearance_scaled_then_base_capped,complete_components,component_weighted_sum,component_base_rebuilt
yu_min_cho__kor,Yu-Min Cho,KOR,Sydkorea,DEF,2.5,0.4202,1.376089,1.919087,1.528416,1.919087,1.528416,1.444636,0.45,1.35,True,appearance_scaled_then_base_capped,complete_components,component_weighted_sum,component_base_rebuilt
israel_reyes__mex,Israel Reyes,MEX,Mexico,DEF,3,0.71197,1.474961,2.810634,1.393673,2.212441,1.393673,1.438381,0.45,1.35,True,appearance_scaled_then_base_capped,complete_components,component_weighted_sum,component_base_rebuilt
boualem_khoukhi__qat,Boualem Khoukhi,QAT,Qatar,DEF,2.5,0.4202,1.038983,1.919087,1.919087,1.558474,1.919087,1.43503,0.45,1.35,True,raw_for_likely_starter,complete_components,component_weighted_sum,component_base_rebuilt
jude_bellingham__eng,Jude Bellingham,ENG,England,MID,6,0.98731,1.20049,3.020706,1.714898,1.800735,1.714898,1.431974,0.45,1.35,True,appearance_scaled_then_base_capped,complete_components,component_weighted_sum,component_base_rebuilt
armin_gigovic__bih,Armin Gigovic,BIH,Bosnien-Hercegovina,MID,3,0.656091,1.636411,2.095861,1.182066,2.095861,1.182066,1.431956,0.45,1.35,True,appearance_scaled_then_base_capped,complete_components,component_weighted_sum,component_base_rebuilt
malo_gusto__fra,Malo Gusto,FRA,Frankrig,DEF,4,0.925187,1.426287,3.462149,1.425416,2.13943,1.425416,1.425895,0.45,1.35,True,appearance_scaled_then_base_capped,complete_components,component_weighted_sum,component_base_rebuilt
mohamed_el_shenawy__egy,Mohamed El-Shennawy,EGY,Egypten,GK,3,0.461538,1.5517,1.968131,1.268882,1.968131,1.268882,1.424432,0.45,1.35,True,appearance_scaled_then_base_capped,complete_components,component_weighted_sum,component_base_rebuilt
yazan_al_arab__jor,Yazan Al-Arab,JOR,Jordan,DEF,2.5,0.4202,1.016129,1.919087,1.919087,1.524193,1.919087,1.42246,0.45,1.35,True,raw_for_likely_starter,complete_components,component_weighted_sum,component_base_rebuilt
maxence_lacroix__fra,Maxence Lacroix,FRA,Frankrig,DEF,3,0.71197,1.563484,2.810634,1.24752,2.345226,1.24752,1.4213,0.45,1.35,True,appearance_scaled_then_base_capped,complete_components,component_weighted_sum,component_base_rebuilt
tyler_bindon__nzl,Tyler Bindon,NZL,New Zealand,DEF,2.5,0.4202,1.159312,1.919087,1.805861,1.738968,1.738968,1.420157,0.45,1.35,True,appearance_scaled_then_base_capped,complete_components,component_weighted_sum,component_base_rebuilt
pedro_ro_ro_miguel_correia__qat,Pedro 'Ro-Ro' Miguel Correia,QAT,Qatar,DEF,2.5,0.4202,1.011535,1.919087,1.919087,1.517302,1.919087,1.419933,0.45,1.35,True,raw_for_likely_starter,complete_components,component_weighted_sum,component_base_rebuilt
ismaila_sarr__sen,Ismaila Sarr,SEN,Senegal,MID,3.5,0.817259,1.158409,2.545882,2.18764,1.737614,1.737614,1.419051,0.45,1.35,True,appearance_scaled_then_base_capped,complete_components,component_weighted_sum,component_base_rebuilt
cristian_mart_nez__pan,Cristian Martinez,PAN,Panama,MID,2.5,0.352792,1.554502,1.248972,1.248972,1.248972,1.248972,1.417014,0.45,1.35,True,raw_for_likely_starter,complete_components,component_weighted_sum,component_base_rebuilt
reece_james__eng,Reece James,ENG,England,DEF,3.5,0.857855,1.343008,3.256408,1.502134,2.014512,1.502134,1.414615,0.45,1.35,True,appearance_scaled_then_base_capped,complete_components,component_weighted_sum,component_base_rebuilt
juri_n_gaari__cuw,Jurien Gaari,CUW,Curaçao,DEF,2.5,0.4202,0.99464,1.919087,1.919087,1.49196,1.919087,1.410641,0.45,1.35,True,raw_for_likely_starter,complete_components,component_weighted_sum,component_base_rebuilt
ricardo_ad__hai,Ricardo Ade,HAI,Haiti,DEF,2.5,0.4202,0.98693,1.919087,1.919087,1.480395,1.919087,1.406401,0.45,1.35,True,raw_for_likely_starter,complete_components,component_weighted_sum,component_base_rebuilt
leroy_san__ger,Leroy Sane,GER,Tyskland,FWD,5.5,0.905303,1.147436,3.652017,1.985132,1.721154,1.721154,1.405609,0.45,1.35,True,appearance_scaled_then_base_capped,complete_components,component_weighted_sum,component_base_rebuilt
moussa_niakhate__sen,Moussa Niakhate,SEN,Senegal,DEF,3,0.71197,1.183068,2.810634,1.672327,1.774602,1.672327,1.403235,0.45,1.35,True,appearance_scaled_then_base_capped,complete_components,component_weighted_sum,component_base_rebuilt
mario_pa_ali__cro,Mario Pasalic,CRO,Kroatien,MID,3.5,0.817259,1.504613,2.545882,1.278396,2.256919,1.278396,1.402815,0.45,1.35,True,appearance_scaled_then_base_capped,complete_components,component_weighted_sum,component_base_rebuilt
alan_ben_tez__par,Alan Benitez,PAR,Paraguay,DEF,2.5,0.4202,1.368768,1.919087,1.441234,1.919087,1.441234,1.401378,0.45,1.35,True,appearance_scaled_then_base_capped,complete_components,component_weighted_sum,component_base_rebuilt
lionel_mpasi_nzau__cod,Lionel Mpasi Nzau,COD,Congo DR,GK,2.5,0.169231,1.868794,0.810423,0.810423,0.810423,0.810423,1.392527,0.45,1.35,True,raw_for_likely_starter,complete_components,component_weighted_sum,component_base_rebuilt
kye_rowles__aus,Kye Rowles,AUS,Australien,DEF,2.5,0.4202,1.186565,1.919087,1.64219,1.779847,1.64219,1.391596,0.45,1.35,True,appearance_scaled_then_base_capped,complete_components,component_weighted_sum,component_base_rebuilt
hazem_mastouri__tun,Hazem Mastouri,TUN,Tunesien,FWD,3.5,0.649621,1.215357,2.693383,1.597176,1.823036,1.597176,1.387176,0.45,1.35,True,appearance_scaled_then_base_capped,complete_components,component_weighted_sum,component_base_rebuilt
sarpreet_singh__nzl,Sarpreet Singh,NZL,New Zealand,MID,2.5,0.352792,1.490948,1.248972,1.248972,1.248972,1.248972,1.382059,0.45,1.35,True,raw_for_likely_starter,complete_components,component_weighted_sum,component_base_rebuilt
sherel_floranus__cuw,Sherel Floranus,CUW,Curaçao,DEF,2.5,0.4202,0.941506,1.919087,1.919087,1.412259,1.919087,1.381417,0.45,1.35,True,raw_for_likely_starter,complete_components,component_weighted_sum,component_base_rebuilt
gabriel_martinelli__bra,Gabriel Martinelli,BRA,Brasilien,FWD,4,0.753788,1.446668,3.083937,1.287764,2.170002,1.287764,1.375161,0.45,1.35,True,appearance_scaled_then_base_capped,complete_components,component_weighted_sum,component_base_rebuilt
ahmad_assaf__jor,Ahmad Assaf,JOR,Jordan,DEF,2.5,0.4202,0.92986,1.919087,1.919087,1.39479,1.919087,1.375012,0.45,1.35,True,raw_for_likely_starter,complete_components,component_weighted_sum,component_base_rebuilt
duje_aleta_car__cro,Duje Caleta-Car,CRO,Kroatien,DEF,3,0.71197,1.310201,2.810634,1.441855,1.965302,1.441855,1.369445,0.45,1.35,True,appearance_scaled_then_base_capped,complete_components,component_weighted_sum,component_base_rebuilt
yoane_wissa__cod,Yoane Wissa,COD,Congo DR,FWD,3.5,0.649621,0.27361,2.693383,2.693383,0.410415,2.693383,1.362508,0.45,1.35,True,raw_for_likely_starter,complete_components,component_weighted_sum,component_base_rebuilt
lucas_herrington__aus,Lucas Herrington,AUS,Australien,DEF,2,0.118454,1.655354,0.99706,0.99706,0.99706,0.99706,1.359122,0.45,1.35,True,raw_for_likely_starter,complete_components,component_weighted_sum,component_base_rebuilt
aiden_o_neill__aus,Aiden O'Neill,AUS,Australien,MID,2.5,0.352792,1.43848,1.248972,1.248972,1.248972,1.248972,1.353201,0.45,1.35,True,raw_for_likely_starter,complete_components,component_weighted_sum,component_base_rebuilt
aziz_behich__aus,Aziz Behich,AUS,Australien,DEF,2.5,0.4202,1.101879,1.919087,1.67975,1.652818,1.652818,1.349802,0.45,1.35,True,appearance_scaled_then_base_capped,complete_components,component_weighted_sum,component_base_rebuilt
bilal_el_khannouss__mar,Bilal El Khannouss,MAR,Marokko,MID,3,0.656091,1.176014,2.095861,1.54974,1.764021,1.54974,1.34419,0.45,1.35,True,appearance_scaled_then_base_capped,complete_components,component_weighted_sum,component_base_rebuilt
otabek_shukurov__uzb,Otabek Shukurov,UZB,Usbekistan,MID,2.5,0.352792,1.421865,1.248972,1.248972,1.248972,1.248972,1.344063,0.45,1.35,True,raw_for_likely_starter,complete_components,component_weighted_sum,component_base_rebuilt
ali_nemati__irn,Ali Nemati,IRN,Iran,DEF,2.5,0.4202,1.283738,1.919087,1.409158,1.919087,1.409158,1.340177,0.45,1.35,True,appearance_scaled_then_base_capped,complete_components,component_weighted_sum,component_base_rebuilt
fabian_ruiz__esp,Fabian Ruiz,ESP,Spanien,MID,4.5,0.927665,1.092068,2.854163,2.364878,1.638102,1.638102,1.337783,0.45,1.35,True,appearance_scaled_then_base_capped,complete_components,component_weighted_sum,component_base_rebuilt
tshepang_moremi__rsa,Tshepang Moremi,RSA,Sydafrika,FWD,2.5,0.276515,1.357374,1.294488,1.294488,1.294488,1.294488,1.329075,0.45,1.35,True,raw_for_likely_starter,complete_components,component_weighted_sum,component_base_rebuilt
leandro_paredes__arg,Leandro Paredes,ARG,Argentina,MID,4,0.884518,1.242162,2.733685,1.430889,1.863243,1.430889,1.327089,0.45,1.35,True,appearance_scaled_then_base_capped,complete_components,component_weighted_sum,component_base_rebuilt
emmanuel_agbadou__civ,Emmanuel Agbadou,CIV,Elfenbenskysten,DEF,2.5,0.4202,1.207376,1.919087,1.472214,1.811064,1.472214,1.326553,0.45,1.35,True,appearance_scaled_then_base_capped,complete_components,component_weighted_sum,component_base_rebuilt
alex_sandro__bra,Alex Sandro,BRA,Brasilien,DEF,2.5,0.4202,1.657304,1.919087,0.919517,1.919087,0.919517,1.3253,0.45,1.35,True,appearance_scaled_then_base_capped,complete_components,component_weighted_sum,component_base_rebuilt
danilo_luiz_da_silva__bra,Danilo Luiz da Silva,BRA,Brasilien,DEF,2.5,0.4202,1.584258,1.919087,1.008069,1.919087,1.008069,1.324973,0.45,1.35,True,appearance_scaled_then_base_capped,complete_components,component_weighted_sum,component_base_rebuilt
connor_metcalfe__aus,Connor Metcalfe,AUS,Australien,MID,3,0.656091,1.081312,2.095861,1.955738,1.621968,1.621968,1.324607,0.45,1.35,True,appearance_scaled_then_base_capped,complete_components,component_weighted_sum,component_base_rebuilt
ime_okon__rsa,Ime Okon,RSA,Sydafrika,DEF,2,0.118454,1.576461,0.99706,0.99706,0.99706,0.99706,1.31573,0.45,1.35,True,raw_for_likely_starter,complete_components,component_weighted_sum,component_base_rebuilt
andres_andrade__pan,Andres Andrade,PAN,Panama,DEF,2.5,0.4202,1.074032,1.919087,1.744176,1.611048,1.611048,1.315689,0.45,1.35,True,appearance_scaled_then_base_capped,complete_components,component_weighted_sum,component_base_rebuilt
amir_al_ammari__irq,Amir Al Ammari,IRQ,Irak,MID,3,0.656091,0.67328,2.095861,2.095861,1.00992,2.095861,1.313441,0.45,1.35,True,raw_for_likely_starter,complete_components,component_weighted_sum,component_base_rebuilt
dan_burn__eng,Dan Burn,ENG,England,DEF,3.5,0.857855,1.208968,3.256408,1.425376,1.813452,1.425376,1.306352,0.45,1.35,True,appearance_scaled_then_base_capped,complete_components,component_weighted_sum,component_base_rebuilt
el_hadji_malick_diouf__sen,El Hadji Malick Diouf,SEN,Senegal,DEF,3.5,0.857855,1.064359,3.256408,1.764508,1.596539,1.596539,1.30384,0.45,1.35,True,appearance_scaled_then_base_capped,complete_components,component_weighted_sum,component_base_rebuilt
yerry_mina__col,Yerry Mina,COL,Colombia,DEF,3,0.71197,1.260882,2.810634,1.355127,1.891323,1.355127,1.303292,0.45,1.35,True,appearance_scaled_then_base_capped,complete_components,component_weighted_sum,component_base_rebuilt
abdulelah_al_amri__ksa,Abdulelah Al-Amri,KSA,Saudi-Arabien,DEF,2.5,0.4202,1.057713,1.919087,1.584892,1.586569,1.584892,1.294943,0.45,1.35,True,appearance_scaled_then_base_capped,complete_components,component_weighted_sum,component_base_rebuilt
dami_n_bobadilla__par,Damian Bobadilla,PAR,Paraguay,MID,2.5,0.352792,1.470338,1.248972,1.078933,1.248972,1.078933,1.294206,0.45,1.35,True,appearance_scaled_then_base_capped,complete_components,component_weighted_sum,component_base_rebuilt
ko_itakura__jpn,Ko Itakura,JPN,Japan,DEF,2,0.118454,1.625602,0.99706,0.878125,0.99706,0.878125,1.289237,0.45,1.35,True,appearance_scaled_then_base_capped,complete_components,component_weighted_sum,component_base_rebuilt
marko_stamenic__nzl,Marko Stamenic,NZL,New Zealand,MID,2.5,0.352792,1.316945,1.248972,1.248972,1.248972,1.248972,1.286357,0.45,1.35,True,raw_for_likely_starter,complete_components,component_weighted_sum,component_base_rebuilt
leo_ostigard__nor,Leo Østigård,NOR,Norge,DEF,2.5,0.4202,1.408449,1.919087,1.1361,1.919087,1.1361,1.285892,0.45,1.35,True,appearance_scaled_then_base_capped,complete_components,component_weighted_sum,component_base_rebuilt
tom_s_ara_jo__por,Tomas Araujo,POR,Portugal,DEF,3.5,0.857855,1.212257,3.256408,1.3756,1.818385,1.3756,1.285761,0.45,1.35,True,appearance_scaled_then_base_capped,complete_components,component_weighted_sum,component_base_rebuilt
keito_nakamura__jpn,Keito Nakamura,JPN,Japan,MID,3,0.656091,1.045949,2.095861,1.676689,1.568923,1.568923,1.281288,0.45,1.35,True,appearance_scaled_then_base_capped,complete_components,component_weighted_sum,component_base_rebuilt
leandro_bacuna__cuw,Leandro Bacuna,CUW,Curaçao,MID,2.5,0.352792,1.303096,1.248972,1.248972,1.248972,1.248972,1.27874,0.45,1.35,True,raw_for_likely_starter,complete_components,component_weighted_sum,component_base_rebuilt
grant_hanley__sco,Grant Hanley,SCO,Skotland,DEF,2.5,0.4202,1.378965,1.919087,1.144324,1.919087,1.144324,1.273377,0.45,1.35,True,appearance_scaled_then_base_capped,complete_components,component_weighted_sum,component_base_rebuilt
nawaf_al_aqidi__ksa,Nawaf Al-Aqidi,KSA,Saudi-Arabien,GK,2.5,0.169231,1.648888,0.810423,0.810423,0.810423,0.810423,1.271579,0.45,1.35,True,raw_for_likely_starter,complete_components,component_weighted_sum,component_base_rebuilt
erik_lira__mex,Erik Lira,MEX,Mexico,MID,2.5,0.352792,1.515085,1.248972,0.971879,1.248972,0.971879,1.270642,0.45,1.35,True,appearance_scaled_then_base_capped,complete_components,component_weighted_sum,component_base_rebuilt
ali_ahmed__can,Ali Ahmed,CAN,Canada,MID,3,0.656091,1.349987,2.095861,1.171586,2.02498,1.171586,1.269707,0.45,1.35,True,appearance_scaled_then_base_capped,complete_components,component_weighted_sum,component_base_rebuilt
merchas_doski__irq,Merchas Doski,IRQ,Irak,DEF,2.5,0.4202,0.733634,1.919087,1.919087,1.100451,1.919087,1.267088,0.45,1.35,True,raw_for_likely_starter,complete_components,component_weighted_sum,component_base_rebuilt
zaid_tahseen__irq,Zaid Tahseen,IRQ,Irak,DEF,2.5,0.4202,0.70962,1.919087,1.919087,1.06443,1.919087,1.25388,0.45,1.35,True,raw_for_likely_starter,complete_components,component_weighted_sum,component_base_rebuilt
manu_kon__fra,Manu Koné,FRA,Frankrig,MID,3.5,0.817259,1.142334,2.545882,1.38205,1.713501,1.38205,1.250206,0.45,1.35,True,appearance_scaled_then_base_capped,complete_components,component_weighted_sum,component_base_rebuilt
lamine_camara__sen,Lamine Camara,SEN,Senegal,MID,3,0.656091,1.020216,2.095861,1.642856,1.530324,1.530324,1.249765,0.45,1.35,True,appearance_scaled_then_base_capped,complete_components,component_weighted_sum,component_base_rebuilt
felix_nmecha__ger,Felix Nmecha,GER,Tyskland,MID,3,0.656091,1.084785,2.095861,1.444647,1.627178,1.444647,1.246723,0.45,1.35,True,appearance_scaled_then_base_capped,complete_components,component_weighted_sum,component_base_rebuilt
an_bal_godoy__pan,Anibal Godoy,PAN,Panama,MID,2.5,0.352792,1.329947,1.248972,1.127822,1.248972,1.127822,1.238991,0.45,1.35,True,appearance_scaled_then_base_capped,complete_components,component_weighted_sum,component_base_rebuilt
n_golo_kant__fra,N'Golo Kante,FRA,Frankrig,MID,3,0.656091,1.303867,2.095861,1.158412,1.9558,1.158412,1.238412,0.45,1.35,True,appearance_scaled_then_base_capped,complete_components,component_weighted_sum,component_base_rebuilt
gideon_mensah__gha,Gideon Mensah,GHA,Ghana,DEF,3,0.71197,1.010599,2.810634,1.654259,1.515899,1.515899,1.237984,0.45,1.35,True,appearance_scaled_then_base_capped,complete_components,component_weighted_sum,component_base_rebuilt
giuliano_simeone__arg,Giuliano Simeone,ARG,Argentina,FWD,4,0.753788,1.092126,3.083937,1.406716,1.638189,1.406716,1.233691,0.45,1.35,True,appearance_scaled_then_base_capped,complete_components,component_weighted_sum,component_base_rebuilt
d_sir_dou__fra,Desire Doue,FRA,Frankrig,FWD,4,0.753788,1.042561,3.083937,1.453856,1.563842,1.453856,1.227644,0.45,1.35,True,appearance_scaled_then_base_capped,complete_components,component_weighted_sum,component_base_rebuilt
orlando_mosquera__pan,Orlando Mosquera,PAN,Panama,GK,2.5,0.169231,1.560428,0.810423,0.810423,0.810423,0.810423,1.222926,0.45,1.35,True,raw_for_likely_starter,complete_components,component_weighted_sum,component_base_rebuilt
vozinha__cpv,Vozinha,CPV,Kap Verde,GK,2.5,0.169231,1.550634,0.810423,0.810423,0.810423,0.810423,1.217539,0.45,1.35,True,raw_for_likely_starter,complete_components,component_weighted_sum,component_base_rebuilt
daichi_kamada__jpn,Daichi Kamada,JPN,Japan,MID,3.5,0.817259,0.991985,2.545882,2.05489,1.487977,1.487977,1.215182,0.45,1.35,True,appearance_scaled_then_base_capped,complete_components,component_weighted_sum,component_base_rebuilt
ante_budimir__cro,Ante Budimir,CRO,Kroatien,FWD,3.5,0.649621,1.186489,2.693383,1.24896,1.779733,1.24896,1.214601,0.45,1.35,True,appearance_scaled_then_base_capped,complete_components,component_weighted_sum,component_base_rebuilt
derrick_kohn__gha,Derrick Köhn,GHA,Ghana,DEF,2,0.118454,1.43479,0.99706,0.944643,0.99706,0.944643,1.214224,0.45,1.35,True,appearance_scaled_then_base_capped,complete_components,component_weighted_sum,component_base_rebuilt
bremer__bra,Bremer,BRA,Brasilien,DEF,3,0.71197,1.287039,2.810634,1.123049,1.930559,1.123049,1.213244,0.45,1.35,True,appearance_scaled_then_base_capped,complete_components,component_weighted_sum,component_base_rebuilt
ibrahim_maza__alg,Ibrahim Maza,ALG,Algeriet,MID,3,0.656091,1.411513,2.095861,0.970084,2.095861,0.970084,1.21287,0.45,1.35,True,appearance_scaled_then_base_capped,complete_components,component_weighted_sum,component_base_rebuilt
ben_doak__sco,Ben Doak,SCO,Skotland,MID,3,0.656091,0.479902,2.095861,2.095861,0.719853,2.095861,1.207084,0.45,1.35,True,raw_for_likely_starter,complete_components,component_weighted_sum,component_base_rebuilt
yukinari_sugawara__jpn,Yukinari Sugawara,JPN,Japan,DEF,3.5,0.857855,1.074248,3.256408,1.36397,1.611372,1.36397,1.204623,0.45,1.35,True,appearance_scaled_then_base_capped,complete_components,component_weighted_sum,component_base_rebuilt
ismael_d_az__pan,Ismael Diaz,PAN,Panama,FWD,2.5,0.276515,1.667398,1.294488,0.63134,1.294488,0.63134,1.201172,0.45,1.35,True,appearance_scaled_then_base_capped,complete_components,component_weighted_sum,component_base_rebuilt
evren_eren_elmali__tur,Evren Eren Elmali,TUR,Tyrkiet,DEF,2,0.118454,1.524951,0.99706,0.795796,0.99706,0.795796,1.196831,0.45,1.35,True,appearance_scaled_then_base_capped,complete_components,component_weighted_sum,component_base_rebuilt
khozhiakbar_alizhonov__uzb,Khozhiakbar Alizhonov,UZB,Usbekistan,DEF,2.5,0.4202,0.976424,1.919087,1.775704,1.464636,1.464636,1.196119,0.45,1.35,True,appearance_scaled_then_base_capped,complete_components,component_weighted_sum,component_base_rebuilt
antonio_r_diger__ger,Antonio Rüdiger,GER,Tyskland,DEF,4.5,0.972569,1.295756,3.60693,1.071774,1.943634,1.071774,1.194964,0.45,1.35,True,appearance_scaled_then_base_capped,complete_components,component_weighted_sum,component_base_rebuilt
emam_ashour__egy,Emam Ashour,EGY,Egypten,MID,2.5,0.352792,1.335512,1.248972,1.02273,1.248972,1.02273,1.19476,0.45,1.35,True,appearance_scaled_then_base_capped,complete_components,component_weighted_sum,component_base_rebuilt
mohanad_lasheen__egy,Mohanad Lasheen,EGY,Egypten,MID,2.5,0.352792,1.162019,1.248972,1.233092,1.248972,1.233092,1.194002,0.45,1.35,True,appearance_scaled_then_base_capped,complete_components,component_weighted_sum,component_base_rebuilt
omar_rekik__tun,Omar Rekik,TUN,Tunesien,DEF,2,0.118454,1.349376,0.99706,0.99706,0.99706,0.99706,1.190834,0.45,1.35,True,raw_for_likely_starter,complete_components,component_weighted_sum,component_base_rebuilt
nathan_saliba__can,Nathan Saliba,CAN,Canada,MID,3,0.656091,1.360144,2.095861,0.976671,2.040216,0.976671,1.187581,0.45,1.35,True,appearance_scaled_then_base_capped,complete_components,component_weighted_sum,component_base_rebuilt
fredrik_aursnes__nor,Fredrik Aursnes,NOR,Norge,MID,3,0.656091,0.444029,2.095861,2.095861,0.666044,2.095861,1.187353,0.45,1.35,True,raw_for_likely_starter,complete_components,component_weighted_sum,component_base_rebuilt
alan_minda__ecu,Alan Minda,ECU,Ecuador,MID,3,0.656091,1.359158,2.095861,0.97727,2.038737,0.97727,1.187308,0.45,1.35,True,appearance_scaled_then_base_capped,complete_components,component_weighted_sum,component_base_rebuilt
mohamed_abdelmonem__egy,Mohamed Abdelmonem,EGY,Egypten,DEF,2.5,0.4202,1.232474,1.919087,1.131987,1.848711,1.131987,1.187255,0.45,1.35,True,appearance_scaled_then_base_capped,complete_components,component_weighted_sum,component_base_rebuilt
mahmoud_trezeguet__egy,Mahmoud Trezeguet,EGY,Egypten,MID,3,0.656091,0.418452,2.095861,2.095861,0.627678,2.095861,1.173286,0.45,1.35,True,raw_for_likely_starter,complete_components,component_weighted_sum,component_base_rebuilt
shogo_taniguchi__jpn,Shogo Taniguchi,JPN,Japan,DEF,3,0.71197,1.002329,2.810634,1.378817,1.503494,1.378817,1.171749,0.45,1.35,True,appearance_scaled_then_base_capped,complete_components,component_weighted_sum,component_base_rebuilt
gi_hyuk_lee__kor,Gi-hyuk Lee,KOR,Sydkorea,DEF,2,0.118454,1.434053,0.99706,0.834112,0.99706,0.834112,1.164079,0.45,1.35,True,appearance_scaled_then_base_capped,complete_components,component_weighted_sum,component_base_rebuilt
meschak_elia__cod,Meschack Elia,COD,Congo DR,MID,3,0.656091,0.942102,2.095861,1.683276,1.413153,1.413153,1.154075,0.45,1.35,True,appearance_scaled_then_base_capped,complete_components,component_weighted_sum,component_base_rebuilt
c_sar_blackman__pan,Cesar Blackman,PAN,Panama,DEF,2.5,0.4202,0.942065,1.919087,1.54322,1.413097,1.413097,1.15403,0.45,1.35,True,appearance_scaled_then_base_capped,complete_components,component_weighted_sum,component_base_rebuilt
r_ben_neves__por,Ruben Neves,POR,Portugal,MID,4,0.884518,1.047567,2.733685,1.278974,1.57135,1.278974,1.1517,0.45,1.35,True,appearance_scaled_then_base_capped,complete_components,component_weighted_sum,component_base_rebuilt
liam_millar__can,Liam Millar,CAN,Canada,MID,3,0.656091,0.377899,2.095861,2.095861,0.566848,2.095861,1.150982,0.45,1.35,True,raw_for_likely_starter,complete_components,component_weighted_sum,component_base_rebuilt
valentino_livramento__eng,Valentino Livramento,ENG,England,DEF,3,0.71197,1.124938,2.810634,1.166815,1.687407,1.166815,1.143782,0.45,1.35,True,appearance_scaled_then_base_capped,complete_components,component_weighted_sum,component_base_rebuilt
marwan_ateya__egy,Marwan Ateya,EGY,Egypten,MID,3,0.656091,0.364133,2.095861,2.095861,0.546199,2.095861,1.143411,0.45,1.35,True,raw_for_likely_starter,complete_components,component_weighted_sum,component_base_rebuilt
oufa_shobeir__egy,Mostafa Oufa Shobeir,EGY,Egypten,GK,2.5,0.169231,1.578667,0.810423,0.600408,0.810423,0.600408,1.13845,0.45,1.35,True,appearance_scaled_then_base_capped,complete_components,component_weighted_sum,component_base_rebuilt
ruben_providence__hai,Ruben Providence,HAI,Haiti,FWD,2.5,0.276515,1.007546,1.294488,1.294488,1.294488,1.294488,1.13667,0.45,1.35,True,raw_for_likely_starter,complete_components,component_weighted_sum,component_base_rebuilt
elijah_just__nzl,Elijah Just,NZL,New Zealand,MID,3,0.656091,0.341167,2.095861,2.095861,0.51175,2.095861,1.130779,0.45,1.35,True,raw_for_likely_starter,complete_components,component_weighted_sum,component_base_rebuilt
ivan_ba_i__bih,Ivan Basic,BIH,Bosnien-Hercegovina,MID,2.5,0.352792,1.245846,1.248972,0.989721,1.248972,0.989721,1.13059,0.45,1.35,True,appearance_scaled_then_base_capped,complete_components,component_weighted_sum,component_base_rebuilt
logan_costa__cpv,Logan Costa,CPV,Kap Verde,DEF,2.5,0.4202,0.918542,1.919087,1.793524,1.377813,1.377813,1.125214,0.45,1.35,True,appearance_scaled_then_base_capped,complete_components,component_weighted_sum,component_base_rebuilt
santiago_bueno__uru,Santiago Bueno,URU,Uruguay,DEF,3.5,0.857855,1.022691,3.256408,1.249995,1.534037,1.249995,1.124978,0.45,1.35,True,appearance_scaled_then_base_capped,complete_components,component_weighted_sum,component_base_rebuilt
antoine_semenyo__gha,Antoine Semenyo,GHA,Ghana,FWD,4,0.753788,0.91571,3.083937,2.769376,1.373565,1.373565,1.121745,0.45,1.35,True,appearance_scaled_then_base_capped,complete_components,component_weighted_sum,component_base_rebuilt
martin_erlic__cro,Martin Erlic,CRO,Kroatien,DEF,3,0.71197,1.087383,2.810634,1.160792,1.631074,1.160792,1.120417,0.45,1.35,True,appearance_scaled_then_base_capped,complete_components,component_weighted_sum,component_base_rebuilt
amine_gouiri__alg,Amine Gouiri,ALG,Algeriet,FWD,3,0.494318,0.308856,2.111102,2.111102,0.463284,2.111102,1.119867,0.45,1.35,True,raw_for_likely_starter,complete_components,component_weighted_sum,component_base_rebuilt
roberto_lopes__cpv,Roberto Lopes,CPV,Kap Verde,DEF,2,0.118454,1.219557,0.99706,0.99706,0.99706,0.99706,1.119433,0.45,1.35,True,raw_for_likely_starter,complete_components,component_weighted_sum,component_base_rebuilt
mohamed_kanno__ksa,Mohamed Kanno,KSA,Saudi-Arabien,MID,3,0.656091,0.319653,2.095861,2.095861,0.479479,2.095861,1.118947,0.45,1.35,True,raw_for_likely_starter,complete_components,component_weighted_sum,component_base_rebuilt
kieran_tierney__sco,Kieran Tierney,SCO,Skotland,DEF,2.5,0.4202,1.168774,1.919087,1.056869,1.753161,1.056869,1.118417,0.45,1.35,True,appearance_scaled_then_base_capped,complete_components,component_weighted_sum,component_base_rebuilt
rodri_hernandez__esp,Rodri Hernandez,ESP,Spanien,MID,5,0.956853,0.911093,2.935663,1.608743,1.366639,1.366639,1.116089,0.45,1.35,True,appearance_scaled_then_base_capped,complete_components,component_weighted_sum,component_base_rebuilt
azzedine_ounahi__mar,Azzedine Ounahi,MAR,Marokko,MID,3,0.656091,1.061637,2.095861,1.181467,1.592455,1.181467,1.11556,0.45,1.35,True,appearance_scaled_then_base_capped,complete_components,component_weighted_sum,component_base_rebuilt
zizo__egy,Ahmed Zizo,EGY,Egypten,MID,3,0.656091,0.307749,2.095861,2.095861,0.461623,2.095861,1.112399,0.45,1.35,True,raw_for_likely_starter,complete_components,component_weighted_sum,component_base_rebuilt
fidel_escobar__pan,Fidel Escobar,PAN,Panama,DEF,2.5,0.4202,1.021467,1.919087,1.211492,1.5322,1.211492,1.106978,0.45,1.35,True,appearance_scaled_then_base_capped,complete_components,component_weighted_sum,component_base_rebuilt
carlos_harvey__pan,Carlos Harvey,PAN,Panama,MID,2.5,0.352792,1.181501,1.248972,1.00007,1.248972,1.00007,1.099857,0.45,1.35,True,appearance_scaled_then_base_capped,complete_components,component_weighted_sum,component_base_rebuilt
koni_de_winter__bel,Koni de Winter,BEL,Belgien,DEF,3,0.71197,1.045631,2.810634,1.165209,1.568446,1.165209,1.099441,0.45,1.35,True,appearance_scaled_then_base_capped,complete_components,component_weighted_sum,component_base_rebuilt
isma_l_gharbi__tun,Ismael Gharbi,TUN,Tunesien,MID,2.5,0.352792,1.094477,1.248972,1.099988,1.248972,1.099988,1.096957,0.45,1.35,True,appearance_scaled_then_base_capped,complete_components,component_weighted_sum,component_base_rebuilt
sphephelo_yaya_sithole__rsa,Sphephelo Yaya Sithole,RSA,Sydafrika,MID,3,0.656091,0.276825,2.095861,2.095861,0.415237,2.095861,1.095391,0.45,1.35,True,raw_for_likely_starter,complete_components,component_weighted_sum,component_base_rebuilt
wilson_isidor__hai,Wilson Isidor,HAI,Haiti,FWD,3,0.494318,0.263364,2.111102,2.111102,0.395046,2.111102,1.094846,0.45,1.35,True,raw_for_likely_starter,complete_components,component_weighted_sum,component_base_rebuilt
mousa_tamari__jor,Mousa Tamari,JOR,Jordan,MID,3,0.656091,0.274077,2.095861,2.095861,0.411116,2.095861,1.09388,0.45,1.35,True,raw_for_likely_starter,complete_components,component_weighted_sum,component_base_rebuilt
jean_ricner_bellegarde__hai,Jean-Ricner Bellegarde,HAI,Haiti,MID,3,0.656091,0.27327,2.095861,2.095861,0.409905,2.095861,1.093436,0.45,1.35,True,raw_for_likely_starter,complete_components,component_weighted_sum,component_base_rebuilt
emil_holm__swe,Emil Holm,SWE,Sverige,DEF,2.5,0.4202,1.341971,1.919087,0.783262,1.919087,0.783262,1.090552,0.45,1.35,True,appearance_scaled_then_base_capped,complete_components,component_weighted_sum,component_base_rebuilt
rafik_belghali__alg,Rafik Belghali,ALG,Algeriet,DEF,2.5,0.4202,1.111011,1.919087,1.064545,1.666516,1.064545,1.090101,0.45,1.35,True,appearance_scaled_then_base_capped,complete_components,component_weighted_sum,component_base_rebuilt
ziyad_al_johani__ksa,Ziyad Al-Johani,KSA,Saudi-Arabien,MID,2.5,0.352792,1.157988,1.248972,1.002925,1.248972,1.002925,1.088209,0.45,1.35,True,appearance_scaled_then_base_capped,complete_components,component_weighted_sum,component_base_rebuilt
andr_s_cubas__par,Andres Cubas,PAR,Paraguay,MID,2.5,0.352792,1.057202,1.248972,1.124432,1.248972,1.124432,1.087455,0.45,1.35,True,appearance_scaled_then_base_capped,complete_components,component_weighted_sum,component_base_rebuilt
kevin_danso__aut,Kevin Danso,AUT,Østrig,DEF,2.5,0.4202,1.217594,1.919087,0.917324,1.826391,0.917324,1.082472,0.45,1.35,True,appearance_scaled_then_base_capped,complete_components,component_weighted_sum,component_base_rebuilt
craig_gordon__sco,Craig Gordon,SCO,Skotland,GK,2.5,0.169231,1.495053,0.810423,0.563591,0.810423,0.563591,1.075895,0.45,1.35,True,appearance_scaled_then_base_capped,complete_components,component_weighted_sum,component_base_rebuilt
pablo_gavi__esp,Pablo Gavi,ESP,Spanien,MID,4,0.884518,0.876671,2.733685,1.590614,1.315006,1.315006,1.073922,0.45,1.35,True,appearance_scaled_then_base_capped,complete_components,component_weighted_sum,component_base_rebuilt
ryan_mendes_da_graca__cpv,Ryan Mendes Da Graça,CPV,Kap Verde,FWD,3,0.494318,0.221767,2.111102,2.111102,0.332651,2.111102,1.071968,0.45,1.35,True,raw_for_likely_starter,complete_components,component_weighted_sum,component_base_rebuilt
hern_n_gal_ndez__ecu,Hernan Galindez,ECU,Ecuador,GK,3.5,0.661538,1.131491,2.760247,0.994083,1.697237,0.994083,1.069658,0.45,1.35,True,appearance_scaled_then_base_capped,complete_components,component_weighted_sum,component_base_rebuilt
jovane_cabral__cpv,Jovane Cabral,CPV,Kap Verde,FWD,2.5,0.276515,1.046627,1.294488,1.082377,1.294488,1.082377,1.062714,0.45,1.35,True,appearance_scaled_then_base_capped,complete_components,component_weighted_sum,component_base_rebuilt
nikola_vla_i__cro,Nikola Vlasic,CRO,Kroatien,MID,3,0.656091,1.221246,2.095861,0.860501,1.831869,0.860501,1.058911,0.45,1.35,True,appearance_scaled_then_base_capped,complete_components,component_weighted_sum,component_base_rebuilt
ibrahim_mbaye__sen,Ibrahim Mbaye,SEN,Senegal,MID,4,0.884518,1.056541,2.733685,1.056765,1.584811,1.056765,1.056642,0.45,1.35,True,appearance_scaled_then_base_capped,complete_components,component_weighted_sum,component_base_rebuilt
orlando_gill__par,Orlando Gill,PAR,Paraguay,GK,3,0.461538,1.069117,1.968131,1.036643,1.603675,1.036643,1.054504,0.45,1.35,True,appearance_scaled_then_base_capped,complete_components,component_weighted_sum,component_base_rebuilt
rodrigo_de_paul__arg,Rodrigo de Paul,ARG,Argentina,MID,4.5,0.927665,1.179439,2.854163,0.896615,1.769158,0.896615,1.052168,0.45,1.35,True,appearance_scaled_then_base_capped,complete_components,component_weighted_sum,component_base_rebuilt
deniz_undav__ger,Deniz Undav,GER,Tyskland,FWD,3.5,0.649621,1.079864,2.693383,1.009249,1.619796,1.009249,1.048087,0.45,1.35,True,appearance_scaled_then_base_capped,complete_components,component_weighted_sum,component_base_rebuilt
isma_l_bennacer__alg,Ismael Bennacer,ALG,Algeriet,MID,2.5,0.352792,1.021594,1.248972,1.072689,1.248972,1.072689,1.044587,0.45,1.35,True,appearance_scaled_then_base_capped,complete_components,component_weighted_sum,component_base_rebuilt
joel_waterman__can,Joel Waterman,CAN,Canada,DEF,2.5,0.4202,1.218954,1.919087,0.826578,1.828431,0.826578,1.042385,0.45,1.35,True,appearance_scaled_then_base_capped,complete_components,component_weighted_sum,component_base_rebuilt
orbel_n_pineda__mex,Orbelin Pineda,MEX,Mexico,MID,3,0.656091,1.067375,2.095861,1.011403,1.601062,1.011403,1.042187,0.45,1.35,True,appearance_scaled_then_base_capped,complete_components,component_weighted_sum,component_base_rebuilt
francisco_trinc_o__por,Francisco Trincao,POR,Portugal,FWD,4,0.753788,1.056738,3.083937,1.022546,1.585107,1.022546,1.041351,0.45,1.35,True,appearance_scaled_then_base_capped,complete_components,component_weighted_sum,component_base_rebuilt
igor_matanovic__cro,Igor Matanovic,CRO,Kroatien,FWD,2.5,0.276515,1.370284,1.294488,0.635409,1.294488,0.635409,1.03959,0.45,1.35,True,appearance_scaled_then_base_capped,complete_components,component_weighted_sum,component_base_rebuilt
hicham_boudaoui__alg,Hicham Boudaoui,ALG,Algeriet,MID,2.5,0.352792,1.087337,1.248972,0.9808,1.248972,0.9808,1.039395,0.45,1.35,True,appearance_scaled_then_base_capped,complete_components,component_weighted_sum,component_base_rebuilt
mbekezeli_mbokazi__rsa,Mbekezeli Mbokazi,RSA,Sydafrika,DEF,2.5,0.4202,0.957276,1.919087,1.139389,1.435914,1.139389,1.039227,0.45,1.35,True,appearance_scaled_then_base_capped,complete_components,component_weighted_sum,component_base_rebuilt
oston_urunov__uzb,Oston Urunov,UZB,Usbekistan,MID,2.5,0.352792,0.857558,1.248972,1.248972,1.248972,1.248972,1.033694,0.45,1.35,True,raw_for_likely_starter,complete_components,component_weighted_sum,component_base_rebuilt
scott_mckenna__sco,Scott McKenna,SCO,Skotland,DEF,2.5,0.4202,1.074875,1.919087,0.977912,1.612313,0.977912,1.031242,0.45,1.35,True,appearance_scaled_then_base_capped,complete_components,component_weighted_sum,component_base_rebuilt
angus_gunn__sco,Angus Gunn,SCO,Skotland,GK,3.5,0.661538,1.026778,2.760247,1.034304,1.540167,1.034304,1.030165,0.45,1.35,True,appearance_scaled_then_base_capped,complete_components,component_weighted_sum,component_base_rebuilt
noah_sadiki__cod,Noah Sadiki,COD,Congo DR,MID,2.5,0.352792,1.007628,1.248972,1.042356,1.248972,1.042356,1.023256,0.45,1.35,True,appearance_scaled_then_base_capped,complete_components,component_weighted_sum,component_base_rebuilt
ramiz_zerrouki__alg,Ramiz Zerrouki,ALG,Algeriet,MID,2.5,0.352792,1.012487,1.248972,1.032186,1.248972,1.032186,1.021352,0.45,1.35,True,appearance_scaled_then_base_capped,complete_components,component_weighted_sum,component_base_rebuilt
gonzalo_agustin_sandez__par,Gonzalo Agustin Sandez,PAR,Paraguay,DEF,2,0.118454,1.23652,0.99706,0.749077,0.99706,0.749077,1.017171,0.45,1.35,True,appearance_scaled_then_base_capped,complete_components,component_weighted_sum,component_base_rebuilt
achref_abada__alg,Achref Abada,ALG,Algeriet,DEF,2,0.118454,1.209001,0.99706,0.782692,0.99706,0.782692,1.017162,0.45,1.35,True,appearance_scaled_then_base_capped,complete_components,component_weighted_sum,component_base_rebuilt
jordan_bos__aus,Jordan Bos,AUS,Australien,DEF,3,0.71197,0.830299,2.810634,1.502886,1.245448,1.245448,1.017116,0.45,1.35,True,appearance_scaled_then_base_capped,complete_components,component_weighted_sum,component_base_rebuilt
wataru_endo__jpn,Wataru Endo,JPN,Japan,MID,2.5,0.352792,0.917769,1.248972,1.099631,1.248972,1.099631,0.999607,0.45,1.35,True,appearance_scaled_then_base_capped,complete_components,component_weighted_sum,component_base_rebuilt
carlens_arcus__hai,Carlens Arcus,HAI,Haiti,DEF,2,0.118454,0.997379,0.99706,0.99706,0.99706,0.99706,0.997235,0.45,1.35,True,raw_for_likely_starter,complete_components,component_weighted_sum,component_base_rebuilt
marco_friedl__aut,Marco Friedl,AUT,Østrig,DEF,2,0.118454,1.244081,0.99706,0.681419,0.99706,0.681419,0.990883,0.45,1.35,True,appearance_scaled_then_base_capped,complete_components,component_weighted_sum,component_base_rebuilt
dylan_bronn__tun,Dylan Bronn,TUN,Tunesien,DEF,2.5,0.4202,0.950695,1.919087,1.03055,1.426042,1.03055,0.98663,0.45,1.35,True,appearance_scaled_then_base_capped,complete_components,component_weighted_sum,component_base_rebuilt
dailon_livramento__cpv,Dailon Livramento,CPV,Kap Verde,FWD,3,0.494318,0.820804,2.111102,1.168344,1.231206,1.168344,0.977197,0.45,1.35,True,appearance_scaled_then_base_capped,complete_components,component_weighted_sum,component_base_rebuilt
richard_ledezma__mex,Richard Ledezma,MEX,Mexico,DEF,2,0.118454,1.354339,0.99706,0.512346,0.99706,0.512346,0.975442,0.45,1.35,True,appearance_scaled_then_base_capped,complete_components,component_weighted_sum,component_base_rebuilt
i_aki_williams__gha,Iñaki Williams,GHA,Ghana,FWD,3,0.494318,0.943099,2.111102,1.014535,1.414648,1.014535,0.975245,0.45,1.35,True,appearance_scaled_then_base_capped,complete_components,component_weighted_sum,component_base_rebuilt
noor_al_rawabdeh__jor,Noor Al-Rawabdeh,JOR,Jordan,MID,2.5,0.352792,0.743997,1.248972,1.248972,1.115995,1.248972,0.971236,0.45,1.35,True,raw_for_likely_starter,complete_components,component_weighted_sum,component_base_rebuilt
wagner_pina__cpv,Wagner Pina,CPV,Kap Verde,DEF,2.5,0.4202,0.792527,1.919087,1.611211,1.188791,1.188791,0.970846,0.45,1.35,True,appearance_scaled_then_base_capped,complete_components,component_weighted_sum,component_base_rebuilt
ngal_ayel_mukau__cod,Ngal'ayel Mukau,COD,Congo DR,MID,2.5,0.352792,0.92549,1.248972,0.998286,1.248972,0.998286,0.958248,0.45,1.35,True,appearance_scaled_then_base_capped,complete_components,component_weighted_sum,component_base_rebuilt
ralph_priso__can,Ralph Priso,CAN,Canada,DEF,2,0.118454,1.352904,0.99706,0.471182,0.99706,0.471182,0.956129,0.45,1.35,True,appearance_scaled_then_base_capped,complete_components,component_weighted_sum,component_base_rebuilt
edmilson_junior__qat,Edmilson Junior,QAT,Qatar,FWD,2.5,0.276515,0.801282,1.294488,1.142478,1.201923,1.142478,0.95482,0.45,1.35,True,appearance_scaled_then_base_capped,complete_components,component_weighted_sum,component_base_rebuilt
jesper_karlstr_m__swe,Jesper Karlström,SWE,Sverige,MID,3,0.656091,0.773254,2.095861,1.526984,1.159881,1.159881,0.947236,0.45,1.35,True,appearance_scaled_then_base_capped,complete_components,component_weighted_sum,component_base_rebuilt
kai_trewin__aus,Kai Trewin,AUS,Australien,DEF,2,0.118454,1.042671,0.99706,0.827132,0.99706,0.827132,0.945679,0.45,1.35,True,appearance_scaled_then_base_capped,complete_components,component_weighted_sum,component_base_rebuilt
miles_robinson__usa,Miles Robinson,USA,USA,DEF,2,0.118454,1.300999,0.99706,0.504655,0.99706,0.504655,0.942644,0.45,1.35,True,appearance_scaled_then_base_capped,complete_components,component_weighted_sum,component_base_rebuilt
kenny_mclean__sco,Kenny McLean,SCO,Skotland,MID,2.5,0.352792,1.215125,1.248972,0.606108,1.248972,0.606108,0.941067,0.45,1.35,True,appearance_scaled_then_base_capped,complete_components,component_weighted_sum,component_base_rebuilt
ryan_thomas__nzl,Ryan Thomas,NZL,New Zealand,MID,2.5,0.352792,0.806885,1.248972,1.103734,1.210328,1.103734,0.940467,0.45,1.35,True,appearance_scaled_then_base_capped,complete_components,component_weighted_sum,component_base_rebuilt
dennis_hadzikadunic__bih,Dennis Hadzikadunic,BIH,Bosnien-Hercegovina,DEF,2.5,0.4202,0.948146,1.919087,0.926097,1.422219,0.926097,0.938224,0.45,1.35,True,appearance_scaled_then_base_capped,complete_components,component_weighted_sum,component_base_rebuilt
jos_cordoba__pan,Jose Cordoba,PAN,Panama,DEF,2.5,0.4202,0.819682,1.919087,1.076608,1.229523,1.076608,0.935299,0.45,1.35,True,appearance_scaled_then_base_capped,complete_components,component_weighted_sum,component_base_rebuilt
roberto_gatito_fernandez__par,Roberto 'Gatito' Fernandez,PAR,Paraguay,GK,3,0.461538,0.908448,1.968131,0.959042,1.362672,0.959042,0.931215,0.45,1.35,True,appearance_scaled_then_base_capped,complete_components,component_weighted_sum,component_base_rebuilt
jaroslav_zeleny__cze,Jaroslav Zeleny,CZE,Tjekkiet,DEF,2.5,0.4202,0.868132,1.919087,1.002586,1.302198,1.002586,0.928636,0.45,1.35,True,appearance_scaled_then_base_capped,complete_components,component_weighted_sum,component_base_rebuilt
dodi_lukebakio__bel,Dodi Lukebakio,BEL,Belgien,FWD,3.5,0.649621,0.820063,2.693383,1.060808,1.230094,1.060808,0.928398,0.45,1.35,True,appearance_scaled_then_base_capped,complete_components,component_weighted_sum,component_base_rebuilt
odilon_kossounou__civ,Odilon Kossounou,CIV,Elfenbenskysten,DEF,2.5,0.4202,0.865674,1.919087,1.004779,1.298511,1.004779,0.928271,0.45,1.35,True,appearance_scaled_then_base_capped,complete_components,component_weighted_sum,component_base_rebuilt
patrick_agyemang__usa,Patrick Agyemang,USA,USA,FWD,3,0.494318,1.308926,2.111102,0.462934,1.963389,0.462934,0.92823,0.45,1.35,True,appearance_scaled_then_base_capped,complete_components,component_weighted_sum,component_base_rebuilt
jakhongir_urozov__uzb,Jakhongir Urozov,UZB,Usbekistan,DEF,2.5,0.4202,0.757283,1.919087,1.481535,1.135925,1.135925,0.927672,0.45,1.35,True,appearance_scaled_then_base_capped,complete_components,component_weighted_sum,component_base_rebuilt
oh_hyeon_gyu__kor,Hyeon-Gyu Oh,KOR,Sydkorea,FWD,3.5,0.649621,0.838392,2.693383,1.036183,1.257588,1.036183,0.927398,0.45,1.35,True,appearance_scaled_then_base_capped,complete_components,component_weighted_sum,component_base_rebuilt
clement_akpa__civ,Clement Akpa,CIV,Elfenbenskysten,DEF,2,0.118454,1.103016,0.99706,0.705776,0.99706,0.705776,0.924258,0.45,1.35,True,appearance_scaled_then_base_capped,complete_components,component_weighted_sum,component_base_rebuilt
ahmed_basil_fadhil__irq,Ahmed Basil Fadhil,IRQ,Irak,GK,2.5,0.169231,1.014352,0.810423,0.810423,0.810423,0.810423,0.922584,0.45,1.35,True,raw_for_likely_starter,complete_components,component_weighted_sum,component_base_rebuilt
marin_pongra_i__cro,Marin Pongracic,CRO,Kroatien,DEF,2.5,0.4202,0.98274,1.919087,0.845769,1.47411,0.845769,0.921103,0.45,1.35,True,appearance_scaled_then_base_capped,complete_components,component_weighted_sum,component_base_rebuilt
jean_kevin_duverne__hai,Jean-Kevin Duverne,HAI,Haiti,DEF,2.5,0.4202,0.751844,1.919087,1.887559,1.127766,1.127766,0.921009,0.45,1.35,True,appearance_scaled_then_base_capped,complete_components,component_weighted_sum,component_base_rebuilt
moon_hwan_kim__kor,Moon-Hwan Kim,KOR,Sydkorea,DEF,2.5,0.4202,0.929826,1.919087,0.908277,1.394739,0.908277,0.920129,0.45,1.35,True,appearance_scaled_then_base_capped,complete_components,component_weighted_sum,component_base_rebuilt
mohammad_abualnadi__jor,Mohammad Abualnadi,JOR,Jordan,DEF,2.5,0.4202,0.7507,1.919087,1.625467,1.12605,1.12605,0.919607,0.45,1.35,True,appearance_scaled_then_base_capped,complete_components,component_weighted_sum,component_base_rebuilt
ibrahim_bayesh__irq,Ibrahim Bayesh,IRQ,Irak,MID,2.5,0.352792,0.64802,1.248972,1.248972,0.97203,1.248972,0.918448,0.45,1.35,True,raw_for_likely_starter,complete_components,component_weighted_sum,component_base_rebuilt
jorge_carrascal__col,Jorge Carrascal,COL,Colombia,MID,2.5,0.352792,1.287076,1.248972,0.460514,1.248972,0.460514,0.915123,0.45,1.35,True,appearance_scaled_then_base_capped,complete_components,component_weighted_sum,component_base_rebuilt
joe_bell__nzl,Joe Bell,NZL,New Zealand,MID,2.5,0.352792,0.757636,1.248972,1.107481,1.136454,1.107481,0.915066,0.45,1.35,True,appearance_scaled_then_base_capped,complete_components,component_weighted_sum,component_base_rebuilt
jo_hyeon_woo__kor,Hyeon-Woo Jo,KOR,Sydkorea,GK,3.5,0.661538,0.774427,2.760247,1.072553,1.16164,1.072553,0.908584,0.45,1.35,True,appearance_scaled_then_base_capped,complete_components,component_weighted_sum,component_base_rebuilt
haris_tabakovic__bih,Haris Tabakovic,BIH,Bosnien-Hercegovina,FWD,3,0.494318,1.003892,2.111102,0.790758,1.505838,0.790758,0.907982,0.45,1.35,True,appearance_scaled_then_base_capped,complete_components,component_weighted_sum,component_base_rebuilt
kr_pin_diatta__sen,Krepin Diatta,SEN,Senegal,FWD,2.5,0.276515,0.585982,1.294488,1.294488,0.878973,1.294488,0.90481,0.45,1.35,True,raw_for_likely_starter,complete_components,component_weighted_sum,component_base_rebuilt
yazeed_abulaila__jor,Yazeed Abulaila,JOR,Jordan,GK,2.5,0.169231,0.981634,0.810423,0.810423,0.810423,0.810423,0.904589,0.45,1.35,True,raw_for_likely_starter,complete_components,component_weighted_sum,component_base_rebuilt
martin_exp_rience__hai,Martin Experience,HAI,Haiti,DEF,2,0.118454,0.820026,0.99706,0.99706,0.99706,0.99706,0.899691,0.45,1.35,True,raw_for_likely_starter,complete_components,component_weighted_sum,component_base_rebuilt
alex_paulsen__nzl,Alex Paulsen,NZL,New Zealand,GK,2.5,0.169231,1.066727,0.810423,0.68446,0.810423,0.68446,0.894707,0.45,1.35,True,appearance_scaled_then_base_capped,complete_components,component_weighted_sum,component_base_rebuilt
nihad_mujaki__bih,Nihad Mujakic,BIH,Bosnien-Hercegovina,DEF,2.5,0.4202,0.902429,1.919087,0.880039,1.353643,0.880039,0.892353,0.45,1.35,True,appearance_scaled_then_base_capped,complete_components,component_weighted_sum,component_base_rebuilt
ao_tanaka__jpn,Ao Tanaka,JPN,Japan,MID,2.5,0.352792,0.796967,1.248972,0.997215,1.19545,0.997215,0.887079,0.45,1.35,True,appearance_scaled_then_base_capped,complete_components,component_weighted_sum,component_base_rebuilt
hamdy_fathy__egy,Hamdy Fathy,EGY,Egypten,MID,2.5,0.352792,0.58459,1.248972,1.248972,0.876885,1.248972,0.883562,0.45,1.35,True,raw_for_likely_starter,complete_components,component_weighted_sum,component_base_rebuilt
jack_hendry__sco,Jack Hendry,SCO,Skotland,DEF,2,0.118454,1.170769,0.99706,0.525735,0.99706,0.525735,0.880504,0.45,1.35,True,appearance_scaled_then_base_capped,complete_components,component_weighted_sum,component_base_rebuilt
ayumu_seko__jpn,Ayumu Seko,JPN,Japan,DEF,2.5,0.4202,0.917192,1.919087,0.833158,1.375788,0.833158,0.879377,0.45,1.35,True,appearance_scaled_then_base_capped,complete_components,component_weighted_sum,component_base_rebuilt
stjepan_radeljic__bih,Stjepan Radeljic,BIH,Bosnien-Hercegovina,DEF,2.5,0.4202,0.912223,1.919087,0.839189,1.368335,0.839189,0.879358,0.45,1.35,True,appearance_scaled_then_base_capped,complete_components,component_weighted_sum,component_base_rebuilt
martin_vitik__cze,Martin Vitik,CZE,Tjekkiet,DEF,2.5,0.4202,0.854939,1.919087,0.901148,1.282409,0.901148,0.875733,0.45,1.35,True,appearance_scaled_then_base_capped,complete_components,component_weighted_sum,component_base_rebuilt
david_raum__ger,David Raum,GER,Tyskland,DEF,4.5,0.972569,0.967853,3.60693,0.760547,1.45178,0.760547,0.874565,0.45,1.35,True,appearance_scaled_then_base_capped,complete_components,component_weighted_sum,component_base_rebuilt
teun_koopmeiners__ned,Teun Koopmeiners,NED,Holland,MID,3.5,0.817259,0.762602,2.545882,1.008533,1.143903,1.008533,0.873271,0.45,1.35,True,appearance_scaled_then_base_capped,complete_components,component_weighted_sum,component_base_rebuilt
brandon_mechele__bel,Brandon Mechele,BEL,Belgien,DEF,2.5,0.4202,0.988759,1.919087,0.730898,1.483138,0.730898,0.872722,0.45,1.35,True,appearance_scaled_then_base_capped,complete_components,component_weighted_sum,component_base_rebuilt
johny_placide__hai,Johny Placide,HAI,Haiti,GK,2.5,0.169231,0.923278,0.810423,0.810423,0.810423,0.810423,0.872493,0.45,1.35,True,raw_for_likely_starter,complete_components,component_weighted_sum,component_base_rebuilt
patrick_wimmer__aut,Patrick Wimmer,AUT,Østrig,MID,3,0.656091,0.711089,2.095861,1.732678,1.066634,1.066634,0.871084,0.45,1.35,True,appearance_scaled_then_base_capped,complete_components,component_weighted_sum,component_base_rebuilt
max_arfsten__usa,Max Arfsten,USA,USA,DEF,3,0.71197,1.049648,2.810634,0.652469,1.574472,0.652469,0.870917,0.45,1.35,True,appearance_scaled_then_base_capped,complete_components,component_weighted_sum,component_base_rebuilt
salem_al_dawsari__ksa,Salem Al-Dawsari,KSA,Saudi-Arabien,MID,3,0.656091,0.710109,2.095861,2.026997,1.065163,1.065163,0.869884,0.45,1.35,True,appearance_scaled_then_base_capped,complete_components,component_weighted_sum,component_base_rebuilt
umar_eshmurodov__uzb,Umar Eshmurodov,UZB,Usbekistan,DEF,2.5,0.4202,0.716059,1.919087,1.054401,1.074089,1.054401,0.868313,0.45,1.35,True,appearance_scaled_then_base_capped,complete_components,component_weighted_sum,component_base_rebuilt
eloy_room__cuw,Eloy Room,CUW,Curaçao,GK,2.5,0.169231,0.905679,0.810423,0.810423,0.810423,0.810423,0.862814,0.45,1.35,True,raw_for_likely_starter,complete_components,component_weighted_sum,component_base_rebuilt
brian_brobbey__ned,Brian Brobbey,NED,Holland,FWD,2.5,0.276515,1.154287,1.294488,0.495604,1.294488,0.495604,0.85788,0.45,1.35,True,appearance_scaled_then_base_capped,complete_components,component_weighted_sum,component_base_rebuilt
dilshod_komilov__uzb,Dilshod Komilov,UZB,Usbekistan,DEF,2,0.118454,0.915579,0.99706,0.779558,0.99706,0.779558,0.85437,0.45,1.35,True,appearance_scaled_then_base_capped,complete_components,component_weighted_sum,component_base_rebuilt
armando_obispo__cuw,Armando Obispo,CUW,Curaçao,DEF,2,0.118454,0.733114,0.99706,0.99706,0.99706,0.99706,0.85189,0.45,1.35,True,raw_for_likely_starter,complete_components,component_weighted_sum,component_base_rebuilt
youssef_amyn__irq,Youssef Amyn,IRQ,Irak,MID,2.5,0.352792,0.744634,1.248972,0.9808,1.116951,0.9808,0.850909,0.45,1.35,True,appearance_scaled_then_base_capped,complete_components,component_weighted_sum,component_base_rebuilt
niko_sigur__can,Niko Sigur,CAN,Canada,MID,2.5,0.352792,0.947492,1.248972,0.732254,1.248972,0.732254,0.850635,0.45,1.35,True,appearance_scaled_then_base_capped,complete_components,component_weighted_sum,component_base_rebuilt
marcus_holmgren_pedersen__nor,Marcus Holmgren Pedersen,NOR,Norge,DEF,2,0.118454,1.141181,0.99706,0.491835,0.99706,0.491835,0.848975,0.45,1.35,True,appearance_scaled_then_base_capped,complete_components,component_weighted_sum,component_base_rebuilt
marcos_llorente__esp,Marcos Llorente,ESP,Spanien,MID,3.5,0.817259,0.690178,2.545882,1.051085,1.035267,1.035267,0.845468,0.45,1.35,True,appearance_scaled_then_base_capped,complete_components,component_weighted_sum,component_base_rebuilt
saleh_al_shamat__ksa,Saleh Al-Shamat,KSA,Saudi-Arabien,MID,2.5,0.352792,0.512045,1.248972,1.248972,0.768067,1.248972,0.843662,0.45,1.35,True,raw_for_likely_starter,complete_components,component_weighted_sum,component_base_rebuilt
cho_gue_sung__kor,Gue-sung Cho,KOR,Sydkorea,FWD,2.5,0.276515,0.99881,1.294488,0.650942,1.294488,0.650942,0.84227,0.45,1.35,True,appearance_scaled_then_base_capped,complete_components,component_weighted_sum,component_base_rebuilt
alvaro_fidalgo__mex,Alvaro Fidalgo,MEX,Mexico,MID,2.5,0.352792,0.506239,1.248972,1.248972,0.759359,1.248972,0.840469,0.45,1.35,True,raw_for_likely_starter,complete_components,component_weighted_sum,component_base_rebuilt
danial_esmaeilifar__irn,Danial Esmaeilifar,IRN,Iran,DEF,2.5,0.4202,0.834175,1.919087,0.845495,1.251262,0.845495,0.839269,0.45,1.35,True,appearance_scaled_then_base_capped,complete_components,component_weighted_sum,component_base_rebuilt
himad_abdelli__alg,Himad Abdelli,ALG,Algeriet,MID,2.5,0.352792,0.77891,1.248972,0.907111,1.168365,0.907111,0.8366,0.45,1.35,True,appearance_scaled_then_base_capped,complete_components,component_weighted_sum,component_base_rebuilt
akam_hashem__irq,Akam Hashem,IRQ,Irak,DEF,2,0.118454,0.705214,0.99706,0.99706,0.99706,0.99706,0.836545,0.45,1.35,True,raw_for_likely_starter,complete_components,component_weighted_sum,component_base_rebuilt
patrick_berg__nor,Patrick Berg,NOR,Norge,MID,2.5,0.352792,1.000945,1.248972,0.634835,1.248972,0.634835,0.836195,0.45,1.35,True,appearance_scaled_then_base_capped,complete_components,component_weighted_sum,component_base_rebuilt
quinten_timber__ned,Quinten Timber,NED,Holland,MID,3,0.656091,0.781125,2.095861,0.901819,1.171687,0.901819,0.835437,0.45,1.35,True,appearance_scaled_then_base_capped,complete_components,component_weighted_sum,component_base_rebuilt
fredrik_andr_bj_rkan__nor,Fredrik Andre Bjørkan,NOR,Norge,DEF,2.5,0.4202,0.892742,1.919087,0.759958,1.339113,0.759958,0.832989,0.45,1.35,True,appearance_scaled_then_base_capped,complete_components,component_weighted_sum,component_base_rebuilt
david_raya__esp,David Raya,ESP,Spanien,GK,5,0.965385,1.052265,3.963655,0.563971,1.578397,0.563971,0.832533,0.45,1.35,True,appearance_scaled_then_base_capped,complete_components,component_weighted_sum,component_base_rebuilt
jamiro_monteiro__cpv,Jamiro Monteiro,CPV,Kap Verde,MID,2.5,0.352792,0.679262,1.248972,1.128179,1.018893,1.018893,0.832096,0.45,1.35,True,appearance_scaled_then_base_capped,complete_components,component_weighted_sum,component_base_rebuilt
sofyan_amrabat__mar,Sofyan Amrabat,MAR,Marokko,MID,2.5,0.352792,0.925912,1.248972,0.699603,1.248972,0.699603,0.824073,0.45,1.35,True,appearance_scaled_then_base_capped,complete_components,component_weighted_sum,component_base_rebuilt
riley_mcgree__aus,Riley McGree,AUS,Australien,MID,2.5,0.352792,0.682791,1.248972,0.990435,1.024186,0.990435,0.821231,0.45,1.35,True,appearance_scaled_then_base_capped,complete_components,component_weighted_sum,component_base_rebuilt
brandley_kuwas__cuw,Brandley Kuwas,CUW,Curaçao,FWD,2,0.075758,1.146486,0.541783,0.412142,0.541783,0.412142,0.816031,0.45,1.35,True,appearance_scaled_then_base_capped,complete_components,component_weighted_sum,component_base_rebuilt
samu_costa__por,Samu Costa,POR,Portugal,MID,2.5,0.352792,0.452788,1.248972,1.248972,0.679182,1.248972,0.811071,0.45,1.35,True,raw_for_likely_starter,complete_components,component_weighted_sum,component_base_rebuilt
meshaal_barsham__qat,Meshaal Barsham,QAT,Qatar,GK,2.5,0.169231,0.90191,0.810423,0.685502,0.810423,0.685502,0.804526,0.45,1.35,True,appearance_scaled_then_base_capped,complete_components,component_weighted_sum,component_base_rebuilt
mahmoud_al_mardi__jor,Mahmoud Al-Mardi,JOR,Jordan,MID,2,0.085025,1.106474,0.5013,0.428612,0.5013,0.428612,0.801436,0.45,1.35,True,appearance_scaled_then_base_capped,complete_components,component_weighted_sum,component_base_rebuilt
florian_grillitsch__aut,Florian Grillitsch,AUT,Østrig,MID,2.5,0.352792,0.974999,1.248972,0.584162,1.248972,0.584162,0.799122,0.45,1.35,True,appearance_scaled_then_base_capped,complete_components,component_weighted_sum,component_base_rebuilt
willy_semedo__cpv,Willy Semedo,CPV,Kap Verde,FWD,3.5,0.649621,0.650171,2.693383,1.338611,0.975257,0.975257,0.796459,0.45,1.35,True,appearance_scaled_then_base_capped,complete_components,component_weighted_sum,component_base_rebuilt
hwang_hee_chan__kor,Hee-Chan Hwang,KOR,Sydkorea,MID,3,0.656091,0.648498,2.095861,1.133561,0.972747,0.972747,0.79441,0.45,1.35,True,appearance_scaled_then_base_capped,complete_components,component_weighted_sum,component_base_rebuilt
sidny_lopes_cabral__cpv,Sidny Lopes Cabral,CPV,Kap Verde,DEF,3,0.71197,0.648181,2.810634,2.075051,0.972271,0.972271,0.794022,0.45,1.35,True,appearance_scaled_then_base_capped,complete_components,component_weighted_sum,component_base_rebuilt
warren_za_re_emery__fra,Warren Zaire-Emery,FRA,Frankrig,MID,3,0.656091,0.767569,2.095861,0.819781,1.151354,0.819781,0.791064,0.45,1.35,True,appearance_scaled_then_base_capped,complete_components,component_weighted_sum,component_base_rebuilt
ehsan_hajsafi__irn,Ehsan Hajsafi,IRN,Iran,DEF,2,0.118454,0.995272,0.99706,0.519753,0.99706,0.519753,0.781288,0.45,1.35,True,appearance_scaled_then_base_capped,complete_components,component_weighted_sum,component_base_rebuilt
abdul_fatawu_issahaku__gha,Issahaku Abdul Fatawu,GHA,Ghana,FWD,2.5,0.276515,0.636043,1.294488,0.987324,0.954064,0.954064,0.779153,0.45,1.35,True,appearance_scaled_then_base_capped,complete_components,component_weighted_sum,component_base_rebuilt
ousmane_diomande__civ,Ousmane Diomande,CIV,Elfenbenskysten,DEF,2.5,0.4202,0.712869,1.919087,0.852897,1.069303,0.852897,0.775882,0.45,1.35,True,appearance_scaled_then_base_capped,complete_components,component_weighted_sum,component_base_rebuilt
eric_garcia__esp,Eric Garcia,ESP,Spanien,DEF,3,0.71197,1.059471,2.810634,0.423603,1.589206,0.423603,0.77333,0.45,1.35,True,appearance_scaled_then_base_capped,complete_components,component_weighted_sum,component_base_rebuilt
matt_turner__usa,Matt Turner,USA,USA,GK,3,0.461538,0.937667,1.968131,0.570477,1.4065,0.570477,0.772431,0.45,1.35,True,appearance_scaled_then_base_capped,complete_components,component_weighted_sum,component_base_rebuilt
jacob_italiano__aus,Jacob Italiano,AUS,Australien,DEF,2,0.118454,0.920279,0.99706,0.576158,0.99706,0.576158,0.765425,0.45,1.35,True,appearance_scaled_then_base_capped,complete_components,component_weighted_sum,component_base_rebuilt
jiovany_ramos__pan,Jiovany Ramos,PAN,Panama,DEF,2,0.118454,0.790451,0.99706,0.734548,0.99706,0.734548,0.765295,0.45,1.35,True,appearance_scaled_then_base_capped,complete_components,component_weighted_sum,component_base_rebuilt
elias_saad__tun,Elias Saad,TUN,Tunesien,MID,2.5,0.352792,0.896688,1.248972,0.597187,1.248972,0.597187,0.761913,0.45,1.35,True,appearance_scaled_then_base_capped,complete_components,component_weighted_sum,component_base_rebuilt
mark_mckenzie__usa,Mark McKenzie,USA,USA,DEF,2,0.118454,1.034963,0.99706,0.419477,0.99706,0.419477,0.757994,0.45,1.35,True,appearance_scaled_then_base_capped,complete_components,component_weighted_sum,component_base_rebuilt
tommy_smith__nzl,Tommy Smith,NZL,New Zealand,DEF,2,0.118454,0.858703,0.99706,0.629145,0.99706,0.629145,0.755402,0.45,1.35,True,appearance_scaled_then_base_capped,complete_components,component_weighted_sum,component_base_rebuilt
deni_juric__aus,Deni Juric,AUS,Australien,FWD,2.5,0.276515,0.313371,1.294488,1.294488,0.470056,1.294488,0.754874,0.45,1.35,True,raw_for_likely_starter,complete_components,component_weighted_sum,component_base_rebuilt
utkir_yusupov__uzb,Utkir Yusupov,UZB,Usbekistan,GK,2.5,0.169231,0.903867,0.810423,0.570538,0.810423,0.570538,0.753869,0.45,1.35,True,appearance_scaled_then_base_capped,complete_components,component_weighted_sum,component_base_rebuilt
lucas_mendes__qat,Lucas Mendes,QAT,Qatar,DEF,2.5,0.4202,0.613201,1.919087,1.093605,0.919801,0.919801,0.751171,0.45,1.35,True,appearance_scaled_then_base_capped,complete_components,component_weighted_sum,component_base_rebuilt
fares_cha_bi__alg,Fares Chaibi,ALG,Algeriet,MID,2.5,0.352792,0.852406,1.248972,0.61949,1.248972,0.61949,0.747594,0.45,1.35,True,appearance_scaled_then_base_capped,complete_components,component_weighted_sum,component_base_rebuilt
ngelo_preciado__ecu,Angelo Preciado,ECU,Ecuador,DEF,3,0.71197,0.818537,2.810634,0.658491,1.227805,0.658491,0.746516,0.45,1.35,True,appearance_scaled_then_base_capped,complete_components,component_weighted_sum,component_base_rebuilt
carl_starfelt__swe,Carl Starfelt,SWE,Sverige,DEF,2.5,0.4202,0.706739,1.919087,0.79505,1.060109,0.79505,0.746479,0.45,1.35,True,appearance_scaled_then_base_capped,complete_components,component_weighted_sum,component_base_rebuilt
leon_goretzka__ger,Leon Goretzka,GER,Tyskland,MID,4.5,0.927665,0.821113,2.854163,0.655234,1.231669,0.655234,0.746468,0.45,1.35,True,appearance_scaled_then_base_capped,complete_components,component_weighted_sum,component_base_rebuilt
liam_kelly__sco,Liam Kelly,SCO,Skotland,GK,3,0.461538,0.779944,1.968131,0.705153,1.169916,0.705153,0.746288,0.45,1.35,True,appearance_scaled_then_base_capped,complete_components,component_weighted_sum,component_base_rebuilt
kosta_barbarouses__nzl,Kosta Barbarouses,NZL,New Zealand,FWD,2.5,0.276515,0.848162,1.294488,0.62043,1.272243,0.62043,0.745682,0.45,1.35,True,appearance_scaled_then_base_capped,complete_components,component_weighted_sum,component_base_rebuilt
tarek_salman__qat,Tarek Salman,QAT,Qatar,DEF,2.5,0.4202,0.606229,1.919087,1.099637,0.909344,0.909344,0.742631,0.45,1.35,True,appearance_scaled_then_base_capped,complete_components,component_weighted_sum,component_base_rebuilt
samukele_kabini__rsa,Samukele Kabini,RSA,Sydafrika,DEF,2,0.118454,0.983173,0.99706,0.445828,0.99706,0.445828,0.741368,0.45,1.35,True,appearance_scaled_then_base_capped,complete_components,component_weighted_sum,component_base_rebuilt
nestory_irankunda__aus,Nestory Irankunda,AUS,Australien,FWD,3.5,0.649621,0.603296,2.693383,1.247036,0.904944,0.904944,0.739038,0.45,1.35,True,appearance_scaled_then_base_capped,complete_components,component_weighted_sum,component_base_rebuilt
joao_paulo__cpv,Joao Paulo,CPV,Kap Verde,DEF,2.5,0.4202,0.60207,1.919087,1.129246,0.903105,0.903105,0.737536,0.45,1.35,True,appearance_scaled_then_base_capped,complete_components,component_weighted_sum,component_base_rebuilt
francis_de_vries__nzl,Francis de Vries,NZL,New Zealand,DEF,2.5,0.4202,0.601489,1.919087,0.935144,0.902234,0.902234,0.736824,0.45,1.35,True,appearance_scaled_then_base_capped,complete_components,component_weighted_sum,component_base_rebuilt
lennart_karl__ger,Lennart Karl,GER,Tyskland,MID,5,0.956853,0.597292,2.935663,1.336565,0.895938,0.895938,0.731683,0.45,1.35,True,appearance_scaled_then_base_capped,complete_components,component_weighted_sum,component_base_rebuilt
hannes_delcroix__hai,Hannes Delcroix,HAI,Haiti,DEF,2.5,0.4202,0.597222,1.919087,1.73979,0.895833,0.895833,0.731597,0.45,1.35,True,appearance_scaled_then_base_capped,complete_components,component_weighted_sum,component_base_rebuilt
farrukh_sayfiev__uzb,Farrukh Sayfiev,UZB,Usbekistan,DEF,2.5,0.4202,0.596987,1.919087,0.993539,0.895481,0.895481,0.731309,0.45,1.35,True,appearance_scaled_then_base_capped,complete_components,component_weighted_sum,component_base_rebuilt
joris_kayembe__cod,Joris Kayembe,COD,Congo DR,DEF,2.5,0.4202,0.624296,1.919087,0.859477,0.936444,0.859477,0.730127,0.45,1.35,True,appearance_scaled_then_base_capped,complete_components,component_weighted_sum,component_base_rebuilt
tae_hyeon_kim__kor,Tae-Hyeon Kim,KOR,Sydkorea,DEF,2,0.118454,0.922907,0.99706,0.491693,0.99706,0.491693,0.728861,0.45,1.35,True,appearance_scaled_then_base_capped,complete_components,component_weighted_sum,component_base_rebuilt
mohamed_amine_ben_hamida__tun,Mohamed Amine Ben Hamida,TUN,Tunesien,DEF,2.5,0.4202,0.646394,1.919087,0.826304,0.969591,0.826304,0.727354,0.45,1.35,True,appearance_scaled_then_base_capped,complete_components,component_weighted_sum,component_base_rebuilt
odildzhon_khamrobekov__uzb,Odildzhon Khamrobekov,UZB,Usbekistan,MID,2.5,0.352792,0.300504,1.248972,1.248972,0.450756,1.248972,0.727315,0.45,1.35,True,raw_for_likely_starter,complete_components,component_weighted_sum,component_base_rebuilt
ken_sema__swe,Ken Sema,SWE,Sverige,MID,2.5,0.352792,0.858154,1.248972,0.555079,1.248972,0.555079,0.72177,0.45,1.35,True,appearance_scaled_then_base_capped,complete_components,component_weighted_sum,component_base_rebuilt
mory_diaw__sen,Mory Diaw,SEN,Senegal,GK,3,0.461538,0.696003,1.968131,0.753232,1.044005,0.753232,0.721756,0.45,1.35,True,appearance_scaled_then_base_capped,complete_components,component_weighted_sum,component_base_rebuilt
riechedly_bazoer__cuw,Riechedly Bazoer,CUW,Curaçao,DEF,2,0.118454,0.592026,0.99706,0.879264,0.888039,0.879264,0.721283,0.45,1.35,True,appearance_scaled_then_base_capped,complete_components,component_weighted_sum,component_base_rebuilt
houssem_aouar__alg,Houssem Aouar,ALG,Algeriet,MID,2.5,0.352792,0.284768,1.248972,1.248972,0.427152,1.248972,0.71866,0.45,1.35,True,raw_for_likely_starter,complete_components,component_weighted_sum,component_base_rebuilt
kenji_gorr__cuw,Kenji Gorre,CUW,Curaçao,FWD,2.5,0.276515,0.656083,1.294488,0.793151,0.984124,0.793151,0.717764,0.45,1.35,True,appearance_scaled_then_base_capped,complete_components,component_weighted_sum,component_base_rebuilt
jackson_porozo__ecu,Jackson Porozo,ECU,Ecuador,DEF,2,0.118454,0.991976,0.99706,0.382301,0.99706,0.382301,0.717622,0.45,1.35,True,appearance_scaled_then_base_capped,complete_components,component_weighted_sum,component_base_rebuilt
nathanael_mbuku__cod,Nathanael Mbuku,COD,Congo DR,MID,2.5,0.352792,0.800272,1.248972,0.613959,1.200408,0.613959,0.716431,0.45,1.35,True,appearance_scaled_then_base_capped,complete_components,component_weighted_sum,component_base_rebuilt
johan_manzambi__sui,Johan Manzambi,SUI,Schweiz,MID,3,0.656091,0.584158,2.095861,1.673395,0.876237,0.876237,0.715594,0.45,1.35,True,appearance_scaled_then_base_capped,complete_components,component_weighted_sum,component_base_rebuilt
ali_jasim__irq,Ali Jasim,IRQ,Irak,MID,3,0.656091,0.583872,2.095861,1.900946,0.875808,0.875808,0.715243,0.45,1.35,True,appearance_scaled_then_base_capped,complete_components,component_weighted_sum,component_base_rebuilt
leverton_pierre__hai,Leverton Pierre,HAI,Haiti,MID,2.5,0.352792,0.712851,1.248972,0.71691,1.069276,0.71691,0.714678,0.45,1.35,True,appearance_scaled_then_base_capped,complete_components,component_weighted_sum,component_base_rebuilt
chadi_riad__mar,Chadi Riad,MAR,Marokko,DEF,2,0.118454,0.9494,0.99706,0.419762,0.99706,0.419762,0.711063,0.45,1.35,True,appearance_scaled_then_base_capped,complete_components,component_weighted_sum,component_base_rebuilt
ronaldo_mart_nez__par,Ronaldo Martinez,PAR,Paraguay,FWD,2,0.075758,1.061507,0.541783,0.282037,0.541783,0.282037,0.710745,0.45,1.35,True,appearance_scaled_then_base_capped,complete_components,component_weighted_sum,component_base_rebuilt
jerome_opoku__gha,Jerome Opoku,GHA,Ghana,DEF,2.5,0.4202,0.622473,1.919087,0.81479,0.93371,0.81479,0.709015,0.45,1.35,True,appearance_scaled_then_base_capped,complete_components,component_weighted_sum,component_base_rebuilt
antoine_mendy__sen,Antoine Mendy,SEN,Senegal,DEF,2.5,0.4202,0.692225,1.919087,0.719658,1.038337,0.719658,0.70457,0.45,1.35,True,appearance_scaled_then_base_capped,complete_components,component_weighted_sum,component_base_rebuilt
karim_hafez__egy,Karim Hafez,EGY,Egypten,DEF,2,0.118454,0.923876,0.99706,0.429163,0.99706,0.429163,0.701255,0.45,1.35,True,appearance_scaled_then_base_capped,complete_components,component_weighted_sum,component_base_rebuilt
mohamed_zeki_amdouni__sui,Mohamed Zeki Amdouni,SUI,Schweiz,FWD,3.5,0.649621,0.570341,2.693383,1.34015,0.855511,0.855511,0.698668,0.45,1.35,True,appearance_scaled_then_base_capped,complete_components,component_weighted_sum,component_base_rebuilt
abduvokhid_nematov__uzb,Abduvokhid Nematov,UZB,Usbekistan,GK,2.5,0.169231,0.799123,0.810423,0.558034,0.810423,0.558034,0.690633,0.45,1.35,True,appearance_scaled_then_base_capped,complete_components,component_weighted_sum,component_base_rebuilt
david_jurasek__cze,David Jurasek,CZE,Tjekkiet,DEF,2,0.118454,0.836537,0.99706,0.506506,0.99706,0.506506,0.688023,0.45,1.35,True,appearance_scaled_then_base_capped,complete_components,component_weighted_sum,component_base_rebuilt
mukhammadkodir_khamraliev__uzb,Mukhammadkodir Khamraliev,UZB,Usbekistan,DEF,2.5,0.4202,0.579452,1.919087,0.820273,0.869178,0.820273,0.687821,0.45,1.35,True,appearance_scaled_then_base_capped,complete_components,component_weighted_sum,component_base_rebuilt
rami_rabia__egy,Rami Rabia,EGY,Egypten,DEF,3,0.71197,0.6663,2.810634,0.698242,0.99945,0.698242,0.680674,0.45,1.35,True,appearance_scaled_then_base_capped,complete_components,component_weighted_sum,component_base_rebuilt
gaston_olveira__par,Gaston Olveira,PAR,Paraguay,GK,3,0.461538,0.687756,1.968131,0.669446,1.031634,0.669446,0.679516,0.45,1.35,True,appearance_scaled_then_base_capped,complete_components,component_weighted_sum,component_base_rebuilt
victor_munoz__esp,Victor Munoz,ESP,Spanien,FWD,3,0.494318,1.125473,2.111102,0.127872,1.688209,0.127872,0.676553,0.45,1.35,True,appearance_scaled_then_base_capped,complete_components,component_weighted_sum,component_base_rebuilt
kojo_peprah_oppong__gha,Kojo Peprah Oppong,GHA,Ghana,DEF,2,0.118454,0.817232,0.99706,0.490126,0.99706,0.490126,0.670034,0.45,1.35,True,appearance_scaled_then_base_capped,complete_components,component_weighted_sum,component_base_rebuilt
alexis_duarte__par,Alexis Duarte,PAR,Paraguay,DEF,2,0.118454,0.906282,0.99706,0.381019,0.99706,0.381019,0.669914,0.45,1.35,True,appearance_scaled_then_base_capped,complete_components,component_weighted_sum,component_base_rebuilt
yuito_suzuki__jpn,Yuito Suzuki,JPN,Japan,FWD,2.5,0.276515,0.774911,1.294488,0.541096,1.162367,0.541096,0.669694,0.45,1.35,True,appearance_scaled_then_base_capped,complete_components,component_weighted_sum,component_base_rebuilt
ahmed_fathi__qat,Ahmed Fathi,QAT,Qatar,MID,2.5,0.352792,0.607202,1.248972,0.743317,0.910803,0.743317,0.668454,0.45,1.35,True,appearance_scaled_then_base_capped,complete_components,component_weighted_sum,component_base_rebuilt
nizar_al_rashdan__jor,Nizar Al-Rashdan,JOR,Jordan,MID,2,0.085025,0.83224,0.5013,0.46535,0.5013,0.46535,0.667139,0.45,1.35,True,appearance_scaled_then_base_capped,complete_components,component_weighted_sum,component_base_rebuilt
jose_hurtado__ecu,Jose Hurtado,ECU,Ecuador,DEF,2.5,0.4202,0.649481,1.919087,0.685388,0.974221,0.685388,0.665639,0.45,1.35,True,appearance_scaled_then_base_capped,complete_components,component_weighted_sum,component_base_rebuilt
david_ospina__col,David Ospina,COL,Colombia,GK,3.5,0.661538,0.809075,2.760247,0.477917,1.213612,0.477917,0.660054,0.45,1.35,True,appearance_scaled_then_base_capped,complete_components,component_weighted_sum,component_base_rebuilt
keisuke_goto__jpn,Keisuke Goto,JPN,Japan,FWD,2.5,0.276515,0.757477,1.294488,0.526117,1.136216,0.526117,0.653365,0.45,1.35,True,appearance_scaled_then_base_capped,complete_components,component_weighted_sum,component_base_rebuilt
michael_boxall__nzl,Michael Boxall,NZL,New Zealand,DEF,2,0.118454,0.71848,0.99706,0.563339,0.99706,0.563339,0.648666,0.45,1.35,True,appearance_scaled_then_base_capped,complete_components,component_weighted_sum,component_base_rebuilt
morten_thorsby__nor,Morten Thorsby,NOR,Norge,MID,2.5,0.352792,0.718644,1.248972,0.56061,1.077966,0.56061,0.647529,0.45,1.35,True,appearance_scaled_then_base_capped,complete_components,component_weighted_sum,component_base_rebuilt
jesse_randall__nzl,Jesse Randall,NZL,New Zealand,FWD,2,0.075758,0.885759,0.541783,0.356106,0.541783,0.356106,0.647415,0.45,1.35,True,appearance_scaled_then_base_capped,complete_components,component_weighted_sum,component_base_rebuilt
lyndon_dykes__sco,Lyndon Dykes,SCO,Skotland,FWD,2.5,0.276515,0.953464,1.294488,0.268514,1.294488,0.268514,0.645236,0.45,1.35,True,appearance_scaled_then_base_capped,complete_components,component_weighted_sum,component_base_rebuilt
roshon_van_eijma__cuw,Roshon van Eijma,CUW,Curaçao,DEF,2.5,0.4202,0.525461,1.919087,1.114167,0.788191,0.788191,0.64369,0.45,1.35,True,appearance_scaled_then_base_capped,complete_components,component_weighted_sum,component_base_rebuilt
kaishu_sano__jpn,Kaishu Sano,JPN,Japan,MID,2.5,0.352792,0.692147,1.248972,0.579523,1.03822,0.579523,0.641466,0.45,1.35,True,appearance_scaled_then_base_capped,complete_components,component_weighted_sum,component_base_rebuilt
blas_riveros__par,Blas Riveros,PAR,Paraguay,DEF,2,0.118454,0.811115,0.99706,0.430587,0.99706,0.430587,0.639878,0.45,1.35,True,appearance_scaled_then_base_capped,complete_components,component_weighted_sum,component_base_rebuilt
steven_moreira__cpv,Steven Moreira,CPV,Kap Verde,DEF,2,0.118454,0.67446,0.99706,0.594105,0.99706,0.594105,0.6383,0.45,1.35,True,appearance_scaled_then_base_capped,complete_components,component_weighted_sum,component_base_rebuilt
karim_boudiaf__qat,Karim Boudiaf,QAT,Qatar,MID,2.5,0.352792,0.600544,1.248972,0.670163,0.900816,0.670163,0.631872,0.45,1.35,True,appearance_scaled_then_base_capped,complete_components,component_weighted_sum,component_base_rebuilt
martin_boyle__aus,Martin Boyle,AUS,Australien,FWD,2.5,0.276515,0.550038,1.294488,0.731016,0.825057,0.731016,0.631478,0.45,1.35,True,appearance_scaled_then_base_capped,complete_components,component_weighted_sum,component_base_rebuilt
gustavo_puerta__col,Gustavo Puerta,COL,Colombia,MID,2.5,0.352792,0.750898,1.248972,0.482817,1.126347,0.482817,0.630262,0.45,1.35,True,appearance_scaled_then_base_capped,complete_components,component_weighted_sum,component_base_rebuilt
ahmed_hasan_maknzi__irq,Ahmed Hasan Maknzi,IRQ,Irak,DEF,2,0.118454,0.518213,0.99706,0.766169,0.77732,0.766169,0.629793,0.45,1.35,True,appearance_scaled_then_base_capped,complete_components,component_weighted_sum,component_base_rebuilt
telmo_arcanjo__cpv,Telmo Arcanjo,CPV,Kap Verde,MID,2.5,0.352792,0.511388,1.248972,0.969202,0.767082,0.767082,0.62645,0.45,1.35,True,appearance_scaled_then_base_capped,complete_components,component_weighted_sum,component_base_rebuilt
adem_arous__tun,Adem Arous,TUN,Tunesien,DEF,2,0.118454,0.793109,0.99706,0.41962,0.99706,0.41962,0.625039,0.45,1.35,True,appearance_scaled_then_base_capped,complete_components,component_weighted_sum,component_base_rebuilt
h_lio_varela__cpv,Helio Varela,CPV,Kap Verde,FWD,2.5,0.276515,0.728681,1.294488,0.49172,1.093022,0.49172,0.622049,0.45,1.35,True,appearance_scaled_then_base_capped,complete_components,component_weighted_sum,component_base_rebuilt
joaqu_n_piquerez__uru,Joaquin Piquerez,URU,Uruguay,MID,2.5,0.352792,0.505698,1.248972,0.942082,0.758547,0.758547,0.61948,0.45,1.35,True,appearance_scaled_then_base_capped,complete_components,component_weighted_sum,component_base_rebuilt
firas_chaouat__tun,Firas Chaouat,TUN,Tunesien,FWD,2.5,0.276515,0.693258,1.294488,0.526672,1.039887,0.526672,0.618294,0.45,1.35,True,appearance_scaled_then_base_capped,complete_components,component_weighted_sum,component_base_rebuilt
ali_al_hamadi__irq,Ali Al-Hamadi,IRQ,Irak,FWD,2.5,0.276515,0.499742,1.294488,0.976969,0.749613,0.749613,0.612184,0.45,1.35,True,appearance_scaled_then_base_capped,complete_components,component_weighted_sum,component_base_rebuilt
maghnes_akliouche__fra,Maghnes Akliouche,FRA,Frankrig,FWD,3.5,0.649621,0.499138,2.693383,1.123525,0.748707,0.748707,0.611444,0.45,1.35,True,appearance_scaled_then_base_capped,complete_components,component_weighted_sum,component_base_rebuilt
borja_iglesias__esp,Borja Iglesias,ESP,Spanien,FWD,3.5,0.649621,0.498602,2.693383,0.933065,0.747903,0.747903,0.610787,0.45,1.35,True,appearance_scaled_then_base_capped,complete_components,component_weighted_sum,component_base_rebuilt
callum_mccowatt__nzl,Callum McCowatt,NZL,New Zealand,MID,2.5,0.352792,0.552293,1.248972,0.681403,0.828439,0.681403,0.610393,0.45,1.35,True,appearance_scaled_then_base_capped,complete_components,component_weighted_sum,component_base_rebuilt
stopira__cpv,Stopira,CPV,Kap Verde,DEF,2.5,0.4202,0.497423,1.919087,0.90718,0.746135,0.746135,0.609343,0.45,1.35,True,appearance_scaled_then_base_capped,complete_components,component_weighted_sum,component_base_rebuilt
jhon_c_rdoba__col,Jhon Cordoba,COL,Colombia,FWD,3,0.494318,0.78011,2.111102,0.394776,1.170165,0.394776,0.60671,0.45,1.35,True,appearance_scaled_then_base_capped,complete_components,component_weighted_sum,component_base_rebuilt
igor_thiago__bra,Igor Thiago,BRA,Brasilien,FWD,4,0.753788,0.493783,3.083937,1.301862,0.740674,0.740674,0.604884,0.45,1.35,True,appearance_scaled_then_base_capped,complete_components,component_weighted_sum,component_base_rebuilt
deveron_fonville__cuw,Deveron Fonville,CUW,Curaçao,DEF,2,0.118454,0.52465,0.99706,0.696518,0.786975,0.696518,0.60199,0.45,1.35,True,appearance_scaled_then_base_capped,complete_components,component_weighted_sum,component_base_rebuilt
bradley_barcola__fra,Bradley Barcola,FRA,Frankrig,MID,4,0.884518,0.490622,2.733685,1.280536,0.735933,0.735933,0.601012,0.45,1.35,True,appearance_scaled_then_base_capped,complete_components,component_weighted_sum,component_base_rebuilt
jo_o_neves__por,João Neves,POR,Portugal,MID,5,0.956853,0.488052,2.935663,1.470348,0.732078,0.732078,0.597864,0.45,1.35,True,appearance_scaled_then_base_capped,complete_components,component_weighted_sum,component_base_rebuilt
cameron_burgess__aus,Cameron Burgess,AUS,Australien,DEF,3,0.71197,0.533591,2.810634,0.666923,0.800387,0.666923,0.593591,0.45,1.35,True,appearance_scaled_then_base_capped,complete_components,component_weighted_sum,component_base_rebuilt
eric_smith__swe,Eric Smith,SWE,Sverige,DEF,2,0.118454,0.708862,0.99706,0.450386,0.99706,0.450386,0.592548,0.45,1.35,True,appearance_scaled_then_base_capped,complete_components,component_weighted_sum,component_base_rebuilt
facundo_pellistri__uru,Facundo Pellistri,URU,Uruguay,FWD,3.5,0.649621,0.482963,2.693383,1.664895,0.724445,0.724445,0.59163,0.45,1.35,True,appearance_scaled_then_base_capped,complete_components,component_weighted_sum,component_base_rebuilt
o_uz_ayd_n__tur,Oguz Aydin,TUR,Tyrkiet,MID,2,0.085025,0.891991,0.5013,0.222721,0.5013,0.222721,0.590819,0.45,1.35,True,appearance_scaled_then_base_capped,complete_components,component_weighted_sum,component_base_rebuilt
edo_kayembe__cod,Edo Kayembe,COD,Congo DR,MID,2.5,0.352792,0.569355,1.248972,0.614851,0.854032,0.614851,0.589828,0.45,1.35,True,appearance_scaled_then_base_capped,complete_components,component_weighted_sum,component_base_rebuilt
max_crocombe__nzl,Max Crocombe,NZL,New Zealand,GK,2.5,0.169231,0.704966,0.810423,0.443649,0.810423,0.443649,0.587373,0.45,1.35,True,appearance_scaled_then_base_capped,complete_components,component_weighted_sum,component_base_rebuilt
nicolas_raskin__bel,Nicolas Raskin,BEL,Belgien,MID,2.5,0.352792,0.47887,1.248972,0.735109,0.718305,0.718305,0.586616,0.45,1.35,True,appearance_scaled_then_base_capped,complete_components,component_weighted_sum,component_base_rebuilt
alireza_jahanbakhsh__irn,Alireza Jahanbakhsh,IRN,Iran,FWD,2.5,0.276515,0.83569,1.294488,0.278685,1.253535,0.278685,0.585038,0.45,1.35,True,appearance_scaled_then_base_capped,complete_components,component_weighted_sum,component_base_rebuilt
xaver_schlager__aut,Xaver Schlager,AUT,Østrig,MID,2.5,0.352792,0.471832,1.248972,1.145664,0.707748,0.707748,0.577994,0.45,1.35,True,appearance_scaled_then_base_capped,complete_components,component_weighted_sum,component_base_rebuilt
brian_gutierrez__mex,Brian Gutierrez,MEX,Mexico,MID,2.5,0.352792,0.470477,1.248972,1.192411,0.705716,0.705716,0.576334,0.45,1.35,True,appearance_scaled_then_base_capped,complete_components,component_weighted_sum,component_base_rebuilt
roderick_miller__pan,Roderick Miller,PAN,Panama,DEF,2,0.118454,0.645171,0.99706,0.46933,0.967757,0.46933,0.566043,0.45,1.35,True,appearance_scaled_then_base_capped,complete_components,component_weighted_sum,component_base_rebuilt
erick_davis__pan,Eric Davis,PAN,Panama,DEF,3,0.71197,0.494192,2.810634,0.650461,0.741288,0.650461,0.564513,0.45,1.35,True,appearance_scaled_then_base_capped,complete_components,component_weighted_sum,component_base_rebuilt
elisha_owusu__gha,Elisha Owusu,GHA,Ghana,MID,2.5,0.352792,0.583339,1.248972,0.537772,0.875009,0.537772,0.562834,0.45,1.35,True,appearance_scaled_then_base_capped,complete_components,component_weighted_sum,component_base_rebuilt
anthony_ralston__sco,Anthony Ralston,SCO,Skotland,DEF,2.5,0.4202,0.742856,1.919087,0.341323,1.114284,0.341323,0.562166,0.45,1.35,True,appearance_scaled_then_base_capped,complete_components,component_weighted_sum,component_base_rebuilt
axel_witsel__bel,Axel Witsel,BEL,Belgien,MID,3,0.656091,0.458855,2.095861,1.126675,0.688283,0.688283,0.562097,0.45,1.35,True,appearance_scaled_then_base_capped,complete_components,component_weighted_sum,component_base_rebuilt
baghdad_bounedjah__alg,Baghdad Bounedjah,ALG,Algeriet,FWD,3,0.494318,0.647025,2.111102,0.457807,0.970538,0.457807,0.561877,0.45,1.35,True,appearance_scaled_then_base_capped,complete_components,component_weighted_sum,component_base_rebuilt
ngel_romero__par,Angel Romero,PAR,Paraguay,FWD,2,0.075758,0.83577,0.541783,0.223602,0.541783,0.223602,0.560294,0.45,1.35,True,appearance_scaled_then_base_capped,complete_components,component_weighted_sum,component_base_rebuilt
shurandy_sambo__cuw,Shurandy Sambo,CUW,Curaçao,DEF,2,0.118454,0.510363,0.99706,0.618462,0.765545,0.618462,0.559008,0.45,1.35,True,appearance_scaled_then_base_capped,complete_components,component_weighted_sum,component_base_rebuilt
joshua_brenet__cuw,Joshua Brenet,CUW,Curaçao,DEF,2.5,0.4202,0.455975,1.919087,1.078527,0.683962,0.683962,0.558569,0.45,1.35,True,appearance_scaled_then_base_capped,complete_components,component_weighted_sum,component_base_rebuilt
relebohile_mofokeng__rsa,Relebohile Mofokeng,RSA,Sydafrika,FWD,2.5,0.276515,0.599821,1.294488,0.497638,0.899732,0.497638,0.553839,0.45,1.35,True,appearance_scaled_then_base_capped,complete_components,component_weighted_sum,component_base_rebuilt
ben_old__nzl,Ben Old,NZL,New Zealand,MID,2,0.085025,0.785459,0.5013,0.265617,0.5013,0.265617,0.55153,0.45,1.35,True,appearance_scaled_then_base_capped,complete_components,component_weighted_sum,component_base_rebuilt
gustaf_nilsson__swe,Gustaf Nilsson,SWE,Sverige,FWD,2,0.075758,0.833255,0.541783,0.205491,0.541783,0.205491,0.550761,0.45,1.35,True,appearance_scaled_then_base_capped,complete_components,component_weighted_sum,component_base_rebuilt
folarin_balogun__usa,Folarin Balogun,USA,USA,FWD,4,0.753788,0.446061,3.083937,1.776788,0.669091,0.669091,0.546425,0.45,1.35,True,appearance_scaled_then_base_capped,complete_components,component_weighted_sum,component_base_rebuilt
jahkeele_rutty__can,Jahkeele Rutty,CAN,Canada,DEF,2,0.118454,0.694325,0.99706,0.356093,0.99706,0.356093,0.542121,0.45,1.35,True,appearance_scaled_then_base_capped,complete_components,component_weighted_sum,component_base_rebuilt
baris_alper_yilmaz__tur,Baris Alper Yilmaz,TUR,Tyrkiet,FWD,3,0.494318,0.442465,2.111102,1.080583,0.663698,0.663698,0.54202,0.45,1.35,True,appearance_scaled_then_base_capped,complete_components,component_weighted_sum,component_base_rebuilt
rocky_bushiri__cod,Rocky Bushiri,COD,Congo DR,DEF,2,0.118454,0.654082,0.99706,0.393554,0.981123,0.393554,0.536844,0.45,1.35,True,appearance_scaled_then_base_capped,complete_components,component_weighted_sum,component_base_rebuilt
romelu_lukaku__bel,Romelu Lukaku,BEL,Belgien,FWD,4.5,0.82197,0.437168,3.339573,1.96844,0.655752,0.655752,0.535531,0.45,1.35,True,appearance_scaled_then_base_capped,complete_components,component_weighted_sum,component_base_rebuilt
weston_mckennie__usa,Weston McKennie,USA,USA,MID,3.5,0.817259,0.437101,2.545882,2.275654,0.655652,0.655652,0.535449,0.45,1.35,True,appearance_scaled_then_base_capped,complete_components,component_weighted_sum,component_base_rebuilt
youssef_en_nesyri__mar,Youssef En-Nesyri,MAR,Marokko,FWD,3.5,0.649621,0.616035,2.693383,0.430172,0.924052,0.430172,0.532397,0.45,1.35,True,appearance_scaled_then_base_capped,complete_components,component_weighted_sum,component_base_rebuilt
rani_khedira__tun,Rani Khedira,TUN,Tunesien,MID,3,0.656091,0.433525,2.095861,1.956037,0.650288,0.650288,0.531068,0.45,1.35,True,appearance_scaled_then_base_capped,complete_components,component_weighted_sum,component_base_rebuilt
alexander_bernhardsson__swe,Alexander Bernhardsson,SWE,Sverige,MID,2,0.085025,0.746044,0.5013,0.268124,0.5013,0.268124,0.53098,0.45,1.35,True,appearance_scaled_then_base_capped,complete_components,component_weighted_sum,component_base_rebuilt
juan_manuel_sanabria__uru,Juan Manuel Sanabria,URU,Uruguay,MID,3,0.656091,0.722128,2.095861,0.297313,1.083192,0.297313,0.530961,0.45,1.35,True,appearance_scaled_then_base_capped,complete_components,component_weighted_sum,component_base_rebuilt
marvin_senaya__gha,Marvin Senaya,GHA,Ghana,DEF,2,0.118454,0.608255,0.99706,0.433436,0.912382,0.433436,0.529587,0.45,1.35,True,appearance_scaled_then_base_capped,complete_components,component_weighted_sum,component_base_rebuilt
lucas_paqueta__bra,Lucas Paqueta,BRA,Brasilien,MID,5.5,0.975888,0.43103,2.988815,1.621219,0.646545,0.646545,0.528012,0.45,1.35,True,appearance_scaled_then_base_capped,complete_components,component_weighted_sum,component_base_rebuilt
paik_seung_ho__kor,Seung-Ho Paik,KOR,Sydkorea,MID,2,0.085025,0.658601,0.5013,0.364517,0.5013,0.364517,0.526263,0.45,1.35,True,appearance_scaled_then_base_capped,complete_components,component_weighted_sum,component_base_rebuilt
deroy_duarte__cpv,Deroy Duarte,CPV,Kap Verde,MID,2.5,0.352792,0.429116,1.248972,0.660885,0.643674,0.643674,0.525667,0.45,1.35,True,appearance_scaled_then_base_capped,complete_components,component_weighted_sum,component_base_rebuilt
ibrahim_sa_deh__jor,Ibrahim Saadeh,JOR,Jordan,MID,2.5,0.352792,0.474231,1.248972,0.578096,0.711346,0.578096,0.52097,0.45,1.35,True,appearance_scaled_then_base_capped,complete_components,component_weighted_sum,component_base_rebuilt
cyle_christopher_larin__can,Cyle Christopher Larin,CAN,Canada,FWD,3,0.494318,0.425144,2.111102,1.895468,0.637716,0.637716,0.520801,0.45,1.35,True,appearance_scaled_then_base_capped,complete_components,component_weighted_sum,component_base_rebuilt
hakan_calhanoglu__tur,Hakan Calhanoglu,TUR,Tyrkiet,MID,4,0.884518,0.423516,2.733685,1.825711,0.635274,0.635274,0.518807,0.45,1.35,True,appearance_scaled_then_base_capped,complete_components,component_weighted_sum,component_base_rebuilt
kwasi_sibo__gha,Kwasi Sibo,GHA,Ghana,MID,2.5,0.352792,0.422542,1.248972,1.194553,0.633813,0.633813,0.517614,0.45,1.35,True,appearance_scaled_then_base_capped,complete_components,component_weighted_sum,component_base_rebuilt
jeremy_antonisse__cuw,Jeremy Antonisse,CUW,Curaçao,FWD,2,0.075758,0.741122,0.541783,0.24388,0.541783,0.24388,0.517363,0.45,1.35,True,appearance_scaled_then_base_capped,complete_components,component_weighted_sum,component_base_rebuilt
mohammed_sulaiman__ksa,Mohammed Sulaiman,KSA,Saudi-Arabien,DEF,2,0.118454,0.581541,0.99706,0.432724,0.872311,0.432724,0.514573,0.45,1.35,True,appearance_scaled_then_base_capped,complete_components,component_weighted_sum,component_base_rebuilt
kobbie_mainoo__eng,Kobbie Mainoo,ENG,England,MID,2.5,0.352792,0.419755,1.248972,1.000783,0.629633,0.629633,0.5142,0.45,1.35,True,appearance_scaled_then_base_capped,complete_components,component_weighted_sum,component_base_rebuilt
giovanni_reyna__usa,Giovanni Reyna,USA,USA,MID,3,0.656091,0.418756,2.095861,1.049727,0.628134,0.628134,0.512976,0.45,1.35,True,appearance_scaled_then_base_capped,complete_components,component_weighted_sum,component_base_rebuilt
memphis_depay__ned,Memphis Depay,NED,Holland,FWD,4,0.753788,0.418148,3.083937,2.938111,0.627222,0.627222,0.512231,0.45,1.35,True,appearance_scaled_then_base_capped,complete_components,component_weighted_sum,component_base_rebuilt
souffian_el_karouani__mar,Souffian El Karouani,MAR,Marokko,DEF,2,0.118454,0.635107,0.99706,0.360936,0.95266,0.360936,0.51173,0.45,1.35,True,appearance_scaled_then_base_capped,complete_components,component_weighted_sum,component_base_rebuilt
amer_jamous__jor,Amer Jamous,JOR,Jordan,MID,2.5,0.352792,0.440589,1.248972,0.597544,0.660883,0.597544,0.511219,0.45,1.35,True,appearance_scaled_then_base_capped,complete_components,component_weighted_sum,component_base_rebuilt
munir_el_kajoui__mar,Munir El Kajoui,MAR,Marokko,GK,3,0.461538,0.552836,1.968131,0.459137,0.829254,0.459137,0.510671,0.45,1.35,True,appearance_scaled_then_base_capped,complete_components,component_weighted_sum,component_base_rebuilt
yeremy_pino__esp,Yeremy Pino,ESP,Spanien,MID,3.5,0.817259,0.749729,2.545882,0.217855,1.124594,0.217855,0.510386,0.45,1.35,True,appearance_scaled_then_base_capped,complete_components,component_weighted_sum,component_base_rebuilt
thalente_mbatha__rsa,Thalente Mbatha,RSA,Sydafrika,MID,3,0.656091,0.416266,2.095861,0.904514,0.624399,0.624399,0.509926,0.45,1.35,True,appearance_scaled_then_base_capped,complete_components,component_weighted_sum,component_base_rebuilt
timothy_weah__usa,Timothy Weah,USA,USA,FWD,3,0.494318,0.411984,2.111102,1.212376,0.617976,0.617976,0.50468,0.45,1.35,True,appearance_scaled_then_base_capped,complete_components,component_weighted_sum,component_base_rebuilt
ilay_camara__sen,Ilay Camara,SEN,Senegal,DEF,2,0.118454,0.609056,0.99706,0.376889,0.913584,0.376889,0.504581,0.45,1.35,True,appearance_scaled_then_base_capped,complete_components,component_weighted_sum,component_base_rebuilt
jawad_el_yamiq__mar,Jawad El Yamiq,MAR,Marokko,DEF,2.5,0.4202,0.61326,1.919087,0.37011,0.91989,0.37011,0.503842,0.45,1.35,True,appearance_scaled_then_base_capped,complete_components,component_weighted_sum,component_base_rebuilt
yuto_nagatomo__jpn,Yuto Nagatomo,JPN,Japan,DEF,2,0.118454,0.707982,0.99706,0.250547,0.99706,0.250547,0.502136,0.45,1.35,True,appearance_scaled_then_base_capped,complete_components,component_weighted_sum,component_base_rebuilt
zakaria_el_ouahdi__mar,Zakaria El Ouahdi,MAR,Marokko,DEF,2,0.118454,0.620806,0.99706,0.345837,0.931209,0.345837,0.49707,0.45,1.35,True,appearance_scaled_then_base_capped,complete_components,component_weighted_sum,component_base_rebuilt
angelo_stiller__ger,Angelo Stiller,GER,Tyskland,MID,2.5,0.352792,0.42874,1.248972,0.576847,0.64311,0.576847,0.495388,0.45,1.35,True,appearance_scaled_then_base_capped,complete_components,component_weighted_sum,component_base_rebuilt
tanner_tessmann__usa,Tanner Tessmann,USA,USA,MID,2.5,0.352792,0.426376,1.248972,0.56739,0.639564,0.56739,0.489832,0.45,1.35,True,appearance_scaled_then_base_capped,complete_components,component_weighted_sum,component_base_rebuilt
ramin_rezaeian__irn,Ramin Rezaeian,IRN,Iran,DEF,2.5,0.4202,0.58643,1.919087,0.36682,0.879645,0.36682,0.487605,0.45,1.35,True,appearance_scaled_then_base_capped,complete_components,component_weighted_sum,component_base_rebuilt
assim_madibo__qat,Assim Madibo,QAT,Qatar,MID,2.5,0.352792,0.408271,1.248972,0.584519,0.612406,0.584519,0.487583,0.45,1.35,True,appearance_scaled_then_base_capped,complete_components,component_weighted_sum,component_base_rebuilt
samed_ba_dar__bih,Samed Bazdar,BIH,Bosnien-Hercegovina,FWD,2,0.075758,0.691977,0.541783,0.237611,0.541783,0.237611,0.487512,0.45,1.35,True,appearance_scaled_then_base_capped,complete_components,component_weighted_sum,component_base_rebuilt
brian_rodr_guez__uru,Brian Rodriguez,URU,Uruguay,FWD,3.5,0.649621,0.577384,2.693383,0.377458,0.866076,0.377458,0.487417,0.45,1.35,True,appearance_scaled_then_base_capped,complete_components,component_weighted_sum,component_base_rebuilt
edin_dzeko__bih,Edin Dzeko,BIH,Bosnien-Hercegovina,FWD,4.5,0.82197,0.39604,3.339573,2.133033,0.59406,0.59406,0.485149,0.45,1.35,True,appearance_scaled_then_base_capped,complete_components,component_weighted_sum,component_base_rebuilt
adalberto_carrasquilla__pan,Adalberto Carrasquilla,PAN,Panama,MID,2.5,0.352792,0.394967,1.248972,1.125681,0.59245,0.59245,0.483835,0.45,1.35,True,appearance_scaled_then_base_capped,complete_components,component_weighted_sum,component_base_rebuilt
lawrence_ati_zigi__gha,Lawrence Ati Zigi,GHA,Ghana,GK,3,0.461538,0.520003,1.968131,0.436925,0.780004,0.436925,0.482618,0.45,1.35,True,appearance_scaled_then_base_capped,complete_components,component_weighted_sum,component_base_rebuilt
youcef_atal__alg,Youcef Atal,ALG,Algeriet,DEF,2.5,0.4202,0.533025,1.919087,0.41233,0.799538,0.41233,0.478712,0.45,1.35,True,appearance_scaled_then_base_capped,complete_components,component_weighted_sum,component_base_rebuilt
rebin_sulaka__irq,Rebin Sulaka,IRQ,Irak,DEF,2,0.118454,0.419536,0.99706,0.53713,0.629304,0.53713,0.472453,0.45,1.35,True,appearance_scaled_then_base_capped,complete_components,component_weighted_sum,component_base_rebuilt
nikola_moro__cro,Nikola Moro,CRO,Kroatien,MID,2.5,0.352792,0.492411,1.248972,0.447667,0.738617,0.447667,0.472276,0.45,1.35,True,appearance_scaled_then_base_capped,complete_components,component_weighted_sum,component_base_rebuilt
darwin_nunez__uru,Darwin Nunez,URU,Uruguay,FWD,6,0.9375,0.384537,3.772733,2.129438,0.576806,0.576806,0.471058,0.45,1.35,True,appearance_scaled_then_base_capped,complete_components,component_weighted_sum,component_base_rebuilt
prince_adu__gha,Prince Adu,GHA,Ghana,FWD,2,0.075758,0.41303,0.541783,0.541783,0.541783,0.541783,0.470969,0.45,1.35,True,raw_for_likely_starter,complete_components,component_weighted_sum,component_base_rebuilt
dominic_hyam__sco,Dominic Hyam,SCO,Skotland,DEF,2,0.118454,0.559364,0.99706,0.359939,0.839046,0.359939,0.469623,0.45,1.35,True,appearance_scaled_then_base_capped,complete_components,component_weighted_sum,component_base_rebuilt
aidan_morris__usa,Aidan Morris,USA,USA,MID,2.5,0.352792,0.383339,1.248972,0.977231,0.575009,0.575009,0.46959,0.45,1.35,True,appearance_scaled_then_base_capped,complete_components,component_weighted_sum,component_base_rebuilt
jeremie_frimpong__ned,Jeremie Frimpong,NED,Holland,DEF,4,0.925187,0.509382,3.462149,0.418425,0.764073,0.418425,0.468452,0.45,1.35,True,appearance_scaled_then_base_capped,complete_components,component_weighted_sum,component_base_rebuilt
daizen_maeda__jpn,Daizen Maeda,JPN,Japan,FWD,2.5,0.276515,0.430689,1.294488,0.499487,0.646033,0.499487,0.461648,0.45,1.35,True,appearance_scaled_then_base_capped,complete_components,component_weighted_sum,component_base_rebuilt
in_beom_hwang__kor,In-beom Hwang,KOR,Sydkorea,MID,2.5,0.352792,0.376844,1.248972,1.223279,0.565266,0.565266,0.461634,0.45,1.35,True,appearance_scaled_then_base_capped,complete_components,component_weighted_sum,component_base_rebuilt
junnosuke_suzuki__jpn,Junnosuke Suzuki,JPN,Japan,DEF,2.5,0.4202,0.567746,1.919087,0.330631,0.851619,0.330631,0.461044,0.45,1.35,True,appearance_scaled_then_base_capped,complete_components,component_weighted_sum,component_base_rebuilt
pascal_gross__ger,Pascal Gross,GER,Tyskland,MID,3,0.656091,0.376289,2.095861,0.971881,0.564434,0.564434,0.460954,0.45,1.35,True,appearance_scaled_then_base_capped,complete_components,component_weighted_sum,component_base_rebuilt
mahmoud_abunada__qat,Mahmoud Abunada,QAT,Qatar,GK,2.5,0.169231,0.475165,0.810423,0.443186,0.712747,0.443186,0.460774,0.45,1.35,True,appearance_scaled_then_base_capped,complete_components,component_weighted_sum,component_base_rebuilt
khulumani_ndamane__rsa,Khulumani Ndamane,RSA,Sydafrika,DEF,2,0.118454,0.510407,0.99706,0.388141,0.76561,0.388141,0.455387,0.45,1.35,True,appearance_scaled_then_base_capped,complete_components,component_weighted_sum,component_base_rebuilt
alex_rufer__nzl,Alex Rufer,NZL,New Zealand,MID,2.5,0.352792,0.369012,1.248972,0.563108,0.553518,0.553518,0.45204,0.45,1.35,True,appearance_scaled_then_base_capped,complete_components,component_weighted_sum,component_base_rebuilt
brandon_thomas_asante__gha,Brandon Thomas-Asante,GHA,Ghana,FWD,2.5,0.276515,0.479441,1.294488,0.416825,0.719162,0.416825,0.451264,0.45,1.35,True,appearance_scaled_then_base_capped,complete_components,component_weighted_sum,component_base_rebuilt
juan_cucho_hernandez__col,Juan 'Cucho' Hernandez,COL,Colombia,FWD,4,0.753788,0.368345,3.083937,2.38124,0.552517,0.552517,0.451223,0.45,1.35,True,appearance_scaled_then_base_capped,complete_components,component_weighted_sum,component_base_rebuilt
kendry_p_ez__ecu,Kendry Paez,ECU,Ecuador,MID,3,0.656091,0.516858,2.095861,0.370369,0.775287,0.370369,0.450938,0.45,1.35,True,appearance_scaled_then_base_capped,complete_components,component_weighted_sum,component_base_rebuilt
ibrahim_sabra__jor,Ibrahim Sabra,JOR,Jordan,FWD,2.5,0.276515,0.413543,1.294488,0.484323,0.620314,0.484323,0.445394,0.45,1.35,True,appearance_scaled_then_base_capped,complete_components,component_weighted_sum,component_base_rebuilt
martin_krug__pan,Martin Krug,PAN,Panama,DEF,2,0.118454,0.490118,0.99706,0.388853,0.735177,0.388853,0.444549,0.45,1.35,True,appearance_scaled_then_base_capped,complete_components,component_weighted_sum,component_base_rebuilt
rayan__bra,Rayan,BRA,Brasilien,FWD,3,0.494318,0.362811,2.111102,1.794436,0.544216,0.544216,0.444443,0.45,1.35,True,appearance_scaled_then_base_capped,complete_components,component_weighted_sum,component_base_rebuilt
nico_gonzalez__arg,Nico Gonzalez,ARG,Argentina,FWD,4,0.753788,0.361929,3.083937,2.336303,0.542894,0.542894,0.443363,0.45,1.35,True,appearance_scaled_then_base_capped,complete_components,component_weighted_sum,component_base_rebuilt
husam_abu_dahab__jor,Husam Abu Dahab,JOR,Jordan,DEF,2,0.118454,0.41515,0.99706,0.473461,0.622725,0.473461,0.44139,0.45,1.35,True,appearance_scaled_then_base_capped,complete_components,component_weighted_sum,component_base_rebuilt
path_ciss__sen,Pathe Ciss,SEN,Senegal,MID,2.5,0.352792,0.427805,1.248972,0.457481,0.641707,0.457481,0.441159,0.45,1.35,True,appearance_scaled_then_base_capped,complete_components,component_weighted_sum,component_base_rebuilt
alexis_guendouz__alg,Alexis Guendouz,ALG,Algeriet,GK,3,0.461538,0.481343,1.968131,0.381817,0.722015,0.381817,0.436557,0.45,1.35,True,appearance_scaled_then_base_capped,complete_components,component_weighted_sum,component_base_rebuilt
mateo_kovacic__cro,Mateo Kovacic,CRO,Kroatien,MID,4,0.884518,0.354806,2.733685,2.550138,0.532209,0.532209,0.434637,0.45,1.35,True,appearance_scaled_then_base_capped,complete_components,component_weighted_sum,component_base_rebuilt
alexander_prass__aut,Alexander Prass,AUT,Østrig,DEF,2.5,0.4202,0.60372,1.919087,0.223711,0.90558,0.223711,0.432716,0.45,1.35,True,appearance_scaled_then_base_capped,complete_components,component_weighted_sum,component_base_rebuilt
jearl_margaritha__cuw,Jearl Margaritha,CUW,Curaçao,FWD,3,0.494318,0.351629,2.111102,0.529283,0.527444,0.527444,0.430746,0.45,1.35,True,appearance_scaled_then_base_capped,complete_components,component_weighted_sum,component_base_rebuilt
paul_okon_engstler__aus,Paul Okon-Engstler,AUS,Australien,MID,2,0.085025,0.596994,0.5013,0.226444,0.5013,0.226444,0.430247,0.45,1.35,True,appearance_scaled_then_base_capped,complete_components,component_weighted_sum,component_base_rebuilt
laros_duarte__cpv,Laros Duarte,CPV,Kap Verde,MID,2.5,0.352792,0.351787,1.248972,0.524568,0.52768,0.524568,0.429539,0.45,1.35,True,appearance_scaled_then_base_capped,complete_components,component_weighted_sum,component_base_rebuilt
mehdi_ghayedi__irn,Mehdi Ghayedi,IRN,Iran,MID,3,0.656091,0.347501,2.095861,0.989546,0.521251,0.521251,0.425689,0.45,1.35,True,appearance_scaled_then_base_capped,complete_components,component_weighted_sum,component_base_rebuilt
manaf_younis__irq,Manaf Younis,IRQ,Irak,DEF,2,0.118454,0.362005,0.99706,0.501379,0.543008,0.501379,0.424723,0.45,1.35,True,appearance_scaled_then_base_capped,complete_components,component_weighted_sum,component_base_rebuilt
tomas_holes__cze,Tomas Holes,CZE,Tjekkiet,DEF,2,0.118454,0.552766,0.99706,0.266357,0.829149,0.266357,0.423882,0.45,1.35,True,appearance_scaled_then_base_capped,complete_components,component_weighted_sum,component_base_rebuilt
jose_luis_rodriguez_francis__pan,Jose Luis Rodriguez Francis,PAN,Panama,MID,2.5,0.352792,0.345742,1.248972,1.103021,0.518613,0.518613,0.423534,0.45,1.35,True,appearance_scaled_then_base_capped,complete_components,component_weighted_sum,component_base_rebuilt
musab_al_juwayr__ksa,Musab Al-Juwayr,KSA,Saudi-Arabien,MID,2.5,0.352792,0.345375,1.248972,0.720122,0.518062,0.518062,0.423084,0.45,1.35,True,appearance_scaled_then_base_capped,complete_components,component_weighted_sum,component_base_rebuilt
jean_philippe_mateta__fra,Jean-Philippe Mateta,FRA,Frankrig,FWD,3.5,0.649621,0.345343,2.693383,1.16662,0.518015,0.518015,0.423045,0.45,1.35,True,appearance_scaled_then_base_capped,complete_components,component_weighted_sum,component_base_rebuilt
ermedin_demirovic__bih,Ermedin Demirovic,BIH,Bosnien-Hercegovina,FWD,3,0.494318,0.3449,2.111102,2.037515,0.51735,0.51735,0.422503,0.45,1.35,True,appearance_scaled_then_base_capped,complete_components,component_weighted_sum,component_base_rebuilt
yoel_barcenas__pan,Yoel Barcenas,PAN,Panama,MID,2,0.085025,0.394967,0.5013,0.451457,0.5013,0.451457,0.420387,0.45,1.35,True,appearance_scaled_then_base_capped,complete_components,component_weighted_sum,component_base_rebuilt
deiver_machado__col,Deiver Machado,COL,Colombia,DEF,3,0.71197,0.475394,2.810634,0.343299,0.713091,0.343299,0.415951,0.45,1.35,True,appearance_scaled_then_base_capped,complete_components,component_weighted_sum,component_base_rebuilt
bara_sapoko_ndiaye__sen,Bara Sapoko Ndiaye,SEN,Senegal,MID,2,0.085025,0.346022,0.5013,0.5013,0.5013,0.5013,0.415897,0.45,1.35,True,raw_for_likely_starter,complete_components,component_weighted_sum,component_base_rebuilt
chemsdine_talbi__mar,Chemsdine Talbi,MAR,Marokko,FWD,2.5,0.276515,0.404488,1.294488,0.424777,0.606732,0.424777,0.413618,0.45,1.35,True,appearance_scaled_then_base_capped,complete_components,component_weighted_sum,component_base_rebuilt
matthew_garbett__nzl,Matthew Garbett,NZL,New Zealand,MID,2.5,0.352792,0.337191,1.248972,0.761338,0.505787,0.505787,0.413059,0.45,1.35,True,appearance_scaled_then_base_capped,complete_components,component_weighted_sum,component_base_rebuilt
marcelo_flores__can,Marcelo Flores,CAN,Canada,MID,2,0.085025,0.47704,0.5013,0.332147,0.5013,0.332147,0.411838,0.45,1.35,True,appearance_scaled_then_base_capped,complete_components,component_weighted_sum,component_base_rebuilt
jovo_lukic__bih,Jovo Lukic,BIH,Bosnien-Hercegovina,FWD,2,0.075758,0.303583,0.541783,0.541783,0.455375,0.541783,0.410773,0.45,1.35,True,raw_for_likely_starter,complete_components,component_weighted_sum,component_base_rebuilt
steve_kapuadi__cod,Steve Kapuadi,COD,Congo DR,DEF,2,0.118454,0.451385,0.99706,0.359654,0.677077,0.359654,0.410106,0.45,1.35,True,appearance_scaled_then_base_capped,complete_components,component_weighted_sum,component_base_rebuilt
mathieu_choiniere__can,Mathieu Choiniere,CAN,Canada,MID,2.5,0.352792,0.606755,1.248972,0.167362,0.910132,0.167362,0.409028,0.45,1.35,True,appearance_scaled_then_base_capped,complete_components,component_weighted_sum,component_base_rebuilt
milo_degenek__aus,Milos Degenek,AUS,Australien,DEF,2.5,0.4202,0.435326,1.919087,0.37477,0.652989,0.37477,0.408076,0.45,1.35,True,appearance_scaled_then_base_capped,complete_components,component_weighted_sum,component_base_rebuilt
mohamed_haj_mahmoud__tun,Mohamed 'Hadj' Mahmoud,TUN,Tunesien,MID,2,0.085025,0.482735,0.5013,0.316535,0.5013,0.316535,0.407945,0.45,1.35,True,appearance_scaled_then_base_capped,complete_components,component_weighted_sum,component_base_rebuilt
kevin_rodr_guez__ecu,Kevin Rodriguez,ECU,Ecuador,FWD,3,0.494318,0.563319,2.111102,0.207793,0.844979,0.207793,0.403332,0.45,1.35,True,appearance_scaled_then_base_capped,complete_components,component_weighted_sum,component_base_rebuilt
kees_smit__ned,Kees Smit,NED,Holland,MID,2,0.085025,0.459587,0.5013,0.332147,0.5013,0.332147,0.402239,0.45,1.35,True,appearance_scaled_then_base_capped,complete_components,component_weighted_sum,component_base_rebuilt
omid_noorafkan__irn,Omid Noorafkan,IRN,Iran,MID,2.5,0.352792,0.546489,1.248972,0.220533,0.819734,0.220533,0.399809,0.45,1.35,True,appearance_scaled_then_base_capped,complete_components,component_weighted_sum,component_base_rebuilt
braian_ojeda__par,Braian Ojeda,PAR,Paraguay,MID,2,0.085025,0.556284,0.5013,0.202955,0.5013,0.202955,0.397286,0.45,1.35,True,appearance_scaled_then_base_capped,complete_components,component_weighted_sum,component_base_rebuilt
ram_n_sosa__par,Ramon Sosa,PAR,Paraguay,MID,3,0.656091,0.45326,2.095861,0.328152,0.67989,0.328152,0.396961,0.45,1.35,True,appearance_scaled_then_base_capped,complete_components,component_weighted_sum,component_base_rebuilt
kaan_ayhan__tur,Kaan Ayhan,TUR,Tyrkiet,MID,2,0.085025,0.644181,0.5013,0.09095,0.5013,0.09095,0.395227,0.45,1.35,True,appearance_scaled_then_base_capped,complete_components,component_weighted_sum,component_base_rebuilt
aimar_sher__irq,Aimar Sher,IRQ,Irak,MID,2.5,0.352792,0.321775,1.248972,1.00453,0.482663,0.482663,0.394174,0.45,1.35,True,appearance_scaled_then_base_capped,complete_components,component_weighted_sum,component_base_rebuilt
nicolas_de_la_cruz__uru,Nicolas de la Cruz,URU,Uruguay,MID,3,0.656091,0.376235,2.095861,0.414681,0.564353,0.414681,0.393536,0.45,1.35,True,appearance_scaled_then_base_capped,complete_components,component_weighted_sum,component_base_rebuilt
luis_suarez_charris__col,Luis Suarez Charris,COL,Colombia,FWD,4.5,0.82197,0.32124,3.339573,2.456017,0.48186,0.48186,0.393519,0.45,1.35,True,appearance_scaled_then_base_capped,complete_components,component_weighted_sum,component_base_rebuilt
brenden_aaronson__usa,Brenden Aaronson,USA,USA,MID,3,0.656091,0.523485,2.095861,0.234138,0.785227,0.234138,0.393279,0.45,1.35,True,appearance_scaled_then_base_capped,complete_components,component_weighted_sum,component_base_rebuilt
sultan_al_brake__qat,Sultan Al-Brake,QAT,Qatar,DEF,2.5,0.4202,0.320531,1.919087,0.724318,0.480797,0.480797,0.39265,0.45,1.35,True,appearance_scaled_then_base_capped,complete_components,component_weighted_sum,component_base_rebuilt
hakim_ziyech__mar,Hakim Ziyech,MAR,Marokko,MID,2.5,0.352792,0.320335,1.248972,1.10534,0.480502,0.480502,0.39241,0.45,1.35,True,appearance_scaled_then_base_capped,complete_components,component_weighted_sum,component_base_rebuilt
moutaz_neffati__tun,Moutaz Neffati,TUN,Tunesien,DEF,2,0.118454,0.419086,0.99706,0.358514,0.628629,0.358514,0.391829,0.45,1.35,True,appearance_scaled_then_base_capped,complete_components,component_weighted_sum,component_base_rebuilt
mattias_svanberg__swe,Mattias Svanberg,SWE,Sverige,MID,2.5,0.352792,0.318202,1.248972,0.590229,0.477303,0.477303,0.389797,0.45,1.35,True,appearance_scaled_then_base_capped,complete_components,component_weighted_sum,component_base_rebuilt
jose_fajardo__pan,Jose Fajardo,PAN,Panama,FWD,3,0.494318,0.317523,2.111102,1.047106,0.476284,0.476284,0.388966,0.45,1.35,True,appearance_scaled_then_base_capped,complete_components,component_weighted_sum,component_base_rebuilt
thabang_matuludi__rsa,Thabang Matuludi,RSA,Sydafrika,DEF,2,0.118454,0.401765,0.99706,0.372046,0.602648,0.372046,0.388391,0.45,1.35,True,appearance_scaled_then_base_capped,complete_components,component_weighted_sum,component_base_rebuilt
mohamed_rabie_hrimat__mar,Mohamed Rabie Hrimat,MAR,Marokko,MID,2,0.085025,0.32927,0.5013,0.457401,0.493905,0.457401,0.386929,0.45,1.35,True,appearance_scaled_then_base_capped,complete_components,component_weighted_sum,component_base_rebuilt
samet_akaydin__tur,Samet Akaydin,TUR,Tyrkiet,DEF,2.5,0.4202,0.48481,1.919087,0.267027,0.727215,0.267027,0.386808,0.45,1.35,True,appearance_scaled_then_base_capped,complete_components,component_weighted_sum,component_base_rebuilt
alexander_n_bel__ger,Alexander Nübel,GER,Tyskland,GK,4.5,0.9,0.453954,3.704694,0.301668,0.680931,0.301668,0.385425,0.45,1.35,True,appearance_scaled_then_base_capped,complete_components,component_weighted_sum,component_base_rebuilt
eliesse_ben_seghir__mar,Eliesse Ben Seghir,MAR,Marokko,MID,3,0.656091,0.415681,2.095861,0.345518,0.623522,0.345518,0.384107,0.45,1.35,True,appearance_scaled_then_base_capped,complete_components,component_weighted_sum,component_base_rebuilt
nathan_patterson__sco,Nathan Patterson,SCO,Skotland,DEF,2,0.118454,0.583176,0.99706,0.135315,0.874764,0.135315,0.381639,0.45,1.35,True,appearance_scaled_then_base_capped,complete_components,component_weighted_sum,component_base_rebuilt
yousef_qashi__jor,Yousef Qashi,JOR,Jordan,MID,2,0.085025,0.280051,0.5013,0.5013,0.420076,0.5013,0.379613,0.45,1.35,True,raw_for_likely_starter,complete_components,component_weighted_sum,component_base_rebuilt
armando_gonzalez__mex,Armando Gonzalez,MEX,Mexico,FWD,2.5,0.276515,0.308989,1.294488,0.584739,0.463484,0.463484,0.378512,0.45,1.35,True,appearance_scaled_then_base_capped,complete_components,component_weighted_sum,component_base_rebuilt
jesus_angulo__mex,Jesus Angulo,MEX,Mexico,DEF,2,0.118454,0.577452,0.99706,0.133748,0.866178,0.133748,0.377785,0.45,1.35,True,appearance_scaled_then_base_capped,complete_components,component_weighted_sum,component_base_rebuilt
dong_gyeong_lee__kor,Dong-gyeong Lee,KOR,Sydkorea,MID,2,0.085025,0.274828,0.5013,0.5013,0.412242,0.5013,0.37674,0.45,1.35,True,raw_for_likely_starter,complete_components,component_weighted_sum,component_base_rebuilt
kristoffer_nordfeldt__swe,Kristoffer Nordfeldt,SWE,Sverige,GK,4,0.803846,0.30736,3.323869,0.710833,0.46104,0.46104,0.376516,0.45,1.35,True,appearance_scaled_then_base_capped,complete_components,component_weighted_sum,component_base_rebuilt
kelvin_pires__cpv,Kelvin Pires,CPV,Kap Verde,DEF,2,0.118454,0.3775,0.99706,0.364212,0.56625,0.364212,0.37152,0.45,1.35,True,appearance_scaled_then_base_capped,complete_components,component_weighted_sum,component_base_rebuilt
ali_majrashi__ksa,Ali Majrashi,KSA,Saudi-Arabien,DEF,2.5,0.4202,0.404903,1.919087,0.329261,0.607355,0.329261,0.370864,0.45,1.35,True,appearance_scaled_then_base_capped,complete_components,component_weighted_sum,component_base_rebuilt
koki_ogawa__jpn,Koki Ogawa,JPN,Japan,FWD,4,0.753788,0.379236,3.083937,0.357737,0.568854,0.357737,0.369561,0.45,1.35,True,appearance_scaled_then_base_capped,complete_components,component_weighted_sum,component_base_rebuilt
jonathan_osorio__can,Jonathan Osorio,CAN,Canada,MID,3,0.656091,0.373675,2.095861,0.3545,0.560512,0.3545,0.365046,0.45,1.35,True,appearance_scaled_then_base_capped,complete_components,component_weighted_sum,component_base_rebuilt
alvaro_montero__col,Alvaro Montero,COL,Colombia,GK,4,0.803846,0.317026,3.323869,0.422606,0.475539,0.422606,0.364537,0.45,1.35,True,appearance_scaled_then_base_capped,complete_components,component_weighted_sum,component_base_rebuilt
cecilio_waterman__pan,Cecilio Waterman,PAN,Panama,FWD,2,0.075758,0.324096,0.541783,0.406105,0.486144,0.406105,0.361,0.45,1.35,True,appearance_scaled_then_base_capped,complete_components,component_weighted_sum,component_base_rebuilt
gustavo_vel_squez__par,Gustavo Velazquez,PAR,Paraguay,DEF,2.5,0.4202,0.447266,1.919087,0.255513,0.670899,0.255513,0.360977,0.45,1.35,True,appearance_scaled_then_base_capped,complete_components,component_weighted_sum,component_base_rebuilt
noah_okafor__sui,Noah Okafor,SUI,Schweiz,MID,3,0.656091,0.510874,2.095861,0.177549,0.766311,0.177549,0.360878,0.45,1.35,True,appearance_scaled_then_base_capped,complete_components,component_weighted_sum,component_base_rebuilt
kevin_casta_o__col,Kevin Castano,COL,Colombia,MID,3,0.656091,0.468662,2.095861,0.227251,0.702993,0.227251,0.360027,0.45,1.35,True,appearance_scaled_then_base_capped,complete_components,component_weighted_sum,component_base_rebuilt
kamaldeen_sulemana__gha,Kamaldeen Sulemana,GHA,Ghana,FWD,3,0.494318,0.292121,2.111102,0.94125,0.438182,0.438182,0.357848,0.45,1.35,True,appearance_scaled_then_base_capped,complete_components,component_weighted_sum,component_base_rebuilt
ricardo_pepi__usa,Ricardo Pepi,USA,USA,FWD,2.5,0.276515,0.290913,1.294488,0.532589,0.436369,0.436369,0.356368,0.45,1.35,True,appearance_scaled_then_base_capped,complete_components,component_weighted_sum,component_base_rebuilt
abdel_rahman_al_talalga__jor,Abdel Rahman Al-Talalga,JOR,Jordan,GK,2.5,0.169231,0.439706,0.810423,0.245674,0.659559,0.245674,0.352392,0.45,1.35,True,appearance_scaled_then_base_capped,complete_components,component_weighted_sum,component_base_rebuilt
ajdin_hrustic__aus,Ajdin Hrustic,AUS,Australien,MID,2,0.085025,0.459805,0.5013,0.216418,0.5013,0.216418,0.350281,0.45,1.35,True,appearance_scaled_then_base_capped,complete_components,component_weighted_sum,component_base_rebuilt
charles_pickel__cod,Charles Pickel,COD,Congo DR,MID,2.5,0.352792,0.401305,1.248972,0.276915,0.601957,0.276915,0.345329,0.45,1.35,True,appearance_scaled_then_base_capped,complete_components,component_weighted_sum,component_base_rebuilt
yunus_akgun__tur,Yunus Akgün,TUR,Tyrkiet,FWD,2.5,0.276515,0.281159,1.294488,0.610628,0.421739,0.421739,0.34442,0.45,1.35,True,appearance_scaled_then_base_capped,complete_components,component_weighted_sum,component_base_rebuilt
mostafa_ziko__egy,Mostafa Ziko,EGY,Egypten,MID,2,0.085025,0.352911,0.5013,0.333007,0.5013,0.333007,0.343954,0.45,1.35,True,appearance_scaled_then_base_capped,complete_components,component_weighted_sum,component_base_rebuilt
jason_geria__aus,Jason Geria,AUS,Australien,DEF,2.5,0.4202,0.345179,1.919087,0.341323,0.517769,0.341323,0.343444,0.45,1.35,True,appearance_scaled_then_base_capped,complete_components,component_weighted_sum,component_base_rebuilt
bongokuhle_hlongwane__rsa,Bongokuhle Hlongwane,RSA,Sydafrika,FWD,2,0.075758,0.280063,0.541783,0.432265,0.420095,0.420095,0.343077,0.45,1.35,True,appearance_scaled_then_base_capped,complete_components,component_weighted_sum,component_base_rebuilt
anis_ben_slimane__tun,Anis Ben Slimane,TUN,Tunesien,MID,2.5,0.352792,0.27851,1.248972,0.964742,0.417765,0.417765,0.341175,0.45,1.35,True,appearance_scaled_then_base_capped,complete_components,component_weighted_sum,component_base_rebuilt
wout_weghorst__ned,Wout Weghorst,NED,Holland,FWD,3,0.494318,0.495819,2.111102,0.15019,0.743729,0.15019,0.340286,0.45,1.35,True,appearance_scaled_then_base_capped,complete_components,component_weighted_sum,component_base_rebuilt
kristijan_jaki__cro,Kristijan Jakic,CRO,Kroatien,DEF,3.5,0.857855,0.33971,3.256408,0.339132,0.509565,0.339132,0.33945,0.45,1.35,True,appearance_scaled_then_base_capped,complete_components,component_weighted_sum,component_base_rebuilt
lewis_ferguson__sco,Lewis Ferguson,SCO,Skotland,MID,2,0.085025,0.278319,0.5013,0.413215,0.417478,0.413215,0.339022,0.45,1.35,True,appearance_scaled_then_base_capped,complete_components,component_weighted_sum,component_base_rebuilt
jin_gyu_kim__kor,Jin-gyu Kim,KOR,Sydkorea,MID,2.5,0.352792,0.272455,1.248972,0.959389,0.408683,0.408683,0.333757,0.45,1.35,True,appearance_scaled_then_base_capped,complete_components,component_weighted_sum,component_base_rebuilt
duke_lacroix__hai,Duke Lacroix,HAI,Haiti,DEF,2.5,0.4202,0.298065,1.919087,0.37477,0.447098,0.37477,0.332582,0.45,1.35,True,appearance_scaled_then_base_capped,complete_components,component_weighted_sum,component_base_rebuilt
assane_diao_diaoune__sen,Assane Diao Diaoune,SEN,Senegal,FWD,2.5,0.276515,0.271069,1.294488,0.559404,0.406604,0.406604,0.33206,0.45,1.35,True,appearance_scaled_then_base_capped,complete_components,component_weighted_sum,component_base_rebuilt
waldemar_anton__ger,Waldemar Anton,GER,Tyskland,DEF,3.5,0.857855,0.417117,3.256408,0.224227,0.625675,0.224227,0.330316,0.45,1.35,True,appearance_scaled_then_base_capped,complete_components,component_weighted_sum,component_base_rebuilt
josue_casimir__hai,Josue Casimir,HAI,Haiti,FWD,2.5,0.276515,0.269494,1.294488,1.22662,0.404241,0.404241,0.33013,0.45,1.35,True,appearance_scaled_then_base_capped,complete_components,component_weighted_sum,component_base_rebuilt
c_sar_yanis__pan,Cesar Yanis,PAN,Panama,MID,2,0.085025,0.43655,0.5013,0.198945,0.5013,0.198945,0.329628,0.45,1.35,True,appearance_scaled_then_base_capped,complete_components,component_weighted_sum,component_base_rebuilt
djibril_sow__sui,Djibril Sow,SUI,Schweiz,MID,3,0.656091,0.39671,2.095861,0.247611,0.595065,0.247611,0.329615,0.45,1.35,True,appearance_scaled_then_base_capped,complete_components,component_weighted_sum,component_base_rebuilt
exequiel_palacios__arg,Exequiel Palacios,ARG,Argentina,MID,3.5,0.817259,0.266048,2.545882,0.963071,0.399072,0.399072,0.325909,0.45,1.35,True,appearance_scaled_then_base_capped,complete_components,component_weighted_sum,component_base_rebuilt
mohamed_al_mannai__qat,Mohamed Al-Mannai,QAT,Qatar,MID,2.5,0.352792,0.264781,1.248972,0.626806,0.397172,0.397172,0.324357,0.45,1.35,True,appearance_scaled_then_base_capped,complete_components,component_weighted_sum,component_base_rebuilt
george_hirst__sco,George Hirst,SCO,Skotland,FWD,2.5,0.276515,0.263585,1.294488,1.013214,0.395378,0.395378,0.322892,0.45,1.35,True,appearance_scaled_then_base_capped,complete_components,component_weighted_sum,component_base_rebuilt
tarek_alaa__egy,Tarek Alaa,EGY,Egypten,DEF,2,0.118454,0.50509,0.99706,0.098709,0.757635,0.098709,0.322219,0.45,1.35,True,appearance_scaled_then_base_capped,complete_components,component_weighted_sum,component_base_rebuilt
lucas_bergvall__swe,Lucas Bergvall,SWE,Sverige,MID,2.5,0.352792,0.262548,1.248972,0.495485,0.393822,0.393822,0.321621,0.45,1.35,True,appearance_scaled_then_base_capped,complete_components,component_weighted_sum,component_base_rebuilt
alexis_saelemaekers__bel,Alexis Saelemaekers,BEL,Belgien,FWD,4,0.753788,0.262502,3.083937,1.302303,0.393753,0.393753,0.321565,0.45,1.35,True,appearance_scaled_then_base_capped,complete_components,component_weighted_sum,component_base_rebuilt
pape_alassane_gueye__sen,Pape Alassane Gueye,SEN,Senegal,MID,3,0.656091,0.2597,2.095861,1.133561,0.38955,0.38955,0.318133,0.45,1.35,True,appearance_scaled_then_base_capped,complete_components,component_weighted_sum,component_base_rebuilt
mohamed_toure__aus,Mohamed Toure,AUS,Australien,FWD,3,0.494318,0.257612,2.111102,1.601421,0.386418,0.386418,0.315575,0.45,1.35,True,appearance_scaled_then_base_capped,complete_components,component_weighted_sum,component_base_rebuilt
jos_luis_rodr_guez_bebanz__uru,Jose Luis Rodriguez Bebanz,URU,Uruguay,DEF,3,0.71197,0.421654,2.810634,0.184297,0.632481,0.184297,0.314843,0.45,1.35,True,appearance_scaled_then_base_capped,complete_components,component_weighted_sum,component_base_rebuilt
patrick_pentz__aut,Patrick Pentz,AUT,Østrig,GK,3,0.461538,0.447118,1.968131,0.151265,0.670677,0.151265,0.313984,0.45,1.35,True,appearance_scaled_then_base_capped,complete_components,component_weighted_sum,component_base_rebuilt
erick_sanchez__mex,Erick Sanchez,MEX,Mexico,MID,3,0.656091,0.340421,2.095861,0.277252,0.510631,0.277252,0.311995,0.45,1.35,True,appearance_scaled_then_base_capped,complete_components,component_weighted_sum,component_base_rebuilt
habib_diarra__sen,Habib Diarra,SEN,Senegal,MID,2.5,0.352792,0.253793,1.248972,1.054668,0.38069,0.38069,0.310896,0.45,1.35,True,appearance_scaled_then_base_capped,complete_components,component_weighted_sum,component_base_rebuilt
yvon_mvogo__sui,Yvon Mvogo,SUI,Schweiz,GK,3,0.461538,0.447853,1.968131,0.142549,0.671779,0.142549,0.310466,0.45,1.35,True,appearance_scaled_then_base_capped,complete_components,component_weighted_sum,component_base_rebuilt
joan_garcia__esp,Joan Garcia,ESP,Spanien,GK,4,0.803846,0.405548,3.323869,0.191835,0.608322,0.191835,0.309377,0.45,1.35,True,appearance_scaled_then_base_capped,complete_components,component_weighted_sum,component_base_rebuilt
marko_farji__irq,Marko Farji,IRQ,Irak,MID,2.5,0.352792,0.252218,1.248972,0.980443,0.378327,0.378327,0.308967,0.45,1.35,True,appearance_scaled_then_base_capped,complete_components,component_weighted_sum,component_base_rebuilt
hjalmar_ekdal__swe,Hjalmar Ekdal,SWE,Sverige,DEF,2,0.118454,0.44303,0.99706,0.144431,0.664545,0.144431,0.308661,0.45,1.35,True,appearance_scaled_then_base_capped,complete_components,component_weighted_sum,component_base_rebuilt
ibrahim_sulemana__gha,Ibrahim Sulemana,GHA,Ghana,MID,2.5,0.352792,0.401693,1.248972,0.193412,0.60254,0.193412,0.307967,0.45,1.35,True,appearance_scaled_then_base_capped,complete_components,component_weighted_sum,component_base_rebuilt
matheus_nunes__por,Matheus Nunes,POR,Portugal,MID,4.5,0.927665,0.250612,2.854163,0.980201,0.375918,0.375918,0.307,0.45,1.35,True,appearance_scaled_then_base_capped,complete_components,component_weighted_sum,component_base_rebuilt
thapelo_morena__rsa,Thapelo Morena,RSA,Sydafrika,FWD,3,0.494318,0.250356,2.111102,1.635802,0.375534,0.375534,0.306686,0.45,1.35,True,appearance_scaled_then_base_capped,complete_components,component_weighted_sum,component_base_rebuilt
dylan_batubinsika__cod,Dylan Batubinsika,COD,Congo DR,DEF,2.5,0.4202,0.356468,1.919087,0.243724,0.534702,0.243724,0.305733,0.45,1.35,True,appearance_scaled_then_base_capped,complete_components,component_weighted_sum,component_base_rebuilt
themba_zwane__rsa,Themba Zwane,RSA,Sydafrika,MID,2.5,0.352792,0.249205,1.248972,1.072153,0.373808,0.373808,0.305276,0.45,1.35,True,appearance_scaled_then_base_capped,complete_components,component_weighted_sum,component_base_rebuilt
ben_waine__nzl,Ben Waine,NZL,New Zealand,FWD,2.5,0.276515,0.407968,1.294488,0.176605,0.611952,0.176605,0.303855,0.45,1.35,True,appearance_scaled_then_base_capped,complete_components,component_weighted_sum,component_base_rebuilt
kristian_thorstvedt__nor,Kristian Thorstvedt,NOR,Norge,MID,2,0.085025,0.376079,0.5013,0.215344,0.5013,0.215344,0.303748,0.45,1.35,True,appearance_scaled_then_base_capped,complete_components,component_weighted_sum,component_base_rebuilt
hugo_cuenca__par,Hugo Cuenca,PAR,Paraguay,MID,2,0.085025,0.399497,0.5013,0.184407,0.5013,0.184407,0.302706,0.45,1.35,True,appearance_scaled_then_base_capped,complete_components,component_weighted_sum,component_base_rebuilt
anthony_valencia__ecu,Anthony Valencia,ECU,Ecuador,FWD,2,0.075758,0.351424,0.541783,0.238075,0.527136,0.238075,0.300417,0.45,1.35,True,appearance_scaled_then_base_capped,complete_components,component_weighted_sum,component_base_rebuilt
d_enis_burni__bih,Dzenis Burnic,BIH,Bosnien-Hercegovina,MID,2.5,0.352792,0.380217,1.248972,0.199836,0.570326,0.199836,0.299045,0.45,1.35,True,appearance_scaled_then_base_capped,complete_components,component_weighted_sum,component_base_rebuilt
jorrel_hato__ned,Jorrel Hato,NED,Holland,DEF,2.5,0.4202,0.429487,1.919087,0.135433,0.644231,0.135433,0.297163,0.45,1.35,True,appearance_scaled_then_base_capped,complete_components,component_weighted_sum,component_base_rebuilt
dominique_simon__hai,Dominique Simon,HAI,Haiti,MID,2,0.085025,0.265437,0.5013,0.333007,0.398155,0.333007,0.295843,0.45,1.35,True,appearance_scaled_then_base_capped,complete_components,component_weighted_sum,component_base_rebuilt
evidence_makgopa__rsa,Evidence Makgopa,RSA,Sydafrika,FWD,2.5,0.276515,0.405199,1.294488,0.161811,0.607799,0.161811,0.295674,0.45,1.35,True,appearance_scaled_then_base_capped,complete_components,component_weighted_sum,component_base_rebuilt
tahith_chong__cuw,Tahith Chong,CUW,Curaçao,MID,2,0.085025,0.241019,0.5013,0.44451,0.361529,0.361529,0.295248,0.45,1.35,True,appearance_scaled_then_base_capped,complete_components,component_weighted_sum,component_base_rebuilt
marc_pubill__esp,Marc Pubill,ESP,Spanien,DEF,3,0.71197,0.384621,2.810634,0.183093,0.576931,0.183093,0.293933,0.45,1.35,True,appearance_scaled_then_base_capped,complete_components,component_weighted_sum,component_base_rebuilt
eberechi_eze__eng,Eberechi Eze,ENG,England,MID,3,0.656091,0.23943,2.095861,0.796727,0.359145,0.359145,0.293302,0.45,1.35,True,appearance_scaled_then_base_capped,complete_components,component_weighted_sum,component_base_rebuilt
mustafa_eskihella__tur,Mustafa Eskihellac,TUR,Tyrkiet,DEF,2,0.118454,0.484948,0.99706,0.05612,0.727422,0.05612,0.291976,0.45,1.35,True,appearance_scaled_then_base_capped,complete_components,component_weighted_sum,component_base_rebuilt
haissem_hassan__egy,Haissem Hassan,EGY,Egypten,MID,2,0.085025,0.357204,0.5013,0.21162,0.5013,0.21162,0.291691,0.45,1.35,True,appearance_scaled_then_base_capped,complete_components,component_weighted_sum,component_base_rebuilt
hossam_abdelmaguid__egy,Hossam Abdelmaguid,EGY,Egypten,DEF,2.5,0.4202,0.361185,1.919087,0.199585,0.541778,0.199585,0.288465,0.45,1.35,True,appearance_scaled_then_base_capped,complete_components,component_weighted_sum,component_base_rebuilt
viktor_johansson__swe,Viktor Johansson,SWE,Sverige,GK,3.5,0.661538,0.341807,2.760247,0.221608,0.51271,0.221608,0.287718,0.45,1.35,True,appearance_scaled_then_base_capped,complete_components,component_weighted_sum,component_base_rebuilt
salih_ozcan__tur,Salih Özcan,TUR,Tyrkiet,MID,2,0.085025,0.337682,0.5013,0.226301,0.5013,0.226301,0.287561,0.45,1.35,True,appearance_scaled_then_base_capped,complete_components,component_weighted_sum,component_base_rebuilt
danilo_dos_santos__bra,Danilo dos Santos,BRA,Brasilien,MID,3,0.656091,0.232856,2.095861,1.541955,0.349284,0.349284,0.285249,0.45,1.35,True,appearance_scaled_then_base_capped,complete_components,component_weighted_sum,component_base_rebuilt
adil_boulbina__alg,Adil Boulbina,ALG,Algeriet,FWD,2.5,0.276515,0.379316,1.294488,0.169578,0.568974,0.169578,0.284934,0.45,1.35,True,appearance_scaled_then_base_capped,complete_components,component_weighted_sum,component_base_rebuilt
agust_n_lvarez__uru,Agustin Alvarez,URU,Uruguay,FWD,3,0.494318,0.411617,2.111102,0.129682,0.617425,0.129682,0.284746,0.45,1.35,True,appearance_scaled_then_base_capped,complete_components,component_weighted_sum,component_base_rebuilt
mohammed_ghorbani__irn,Mohammad Ghorbani,IRN,Iran,MID,2.5,0.352792,0.387911,1.248972,0.158263,0.581867,0.158263,0.284569,0.45,1.35,True,appearance_scaled_then_base_capped,complete_components,component_weighted_sum,component_base_rebuilt
almoez_ali__qat,Almoez Ali,QAT,Qatar,FWD,3,0.494318,0.230876,2.111102,1.361057,0.346314,0.346314,0.282823,0.45,1.35,True,appearance_scaled_then_base_capped,complete_components,component_weighted_sum,component_base_rebuilt
zidane_iqbal__irq,Zidane Iqbal,IRQ,Irak,MID,2.5,0.352792,0.228952,1.248972,0.53795,0.343428,0.343428,0.280466,0.45,1.35,True,appearance_scaled_then_base_capped,complete_components,component_weighted_sum,component_base_rebuilt
hans_vanaken__bel,Hans Vanaken,BEL,Belgien,MID,4,0.884518,0.228734,2.733685,1.178218,0.343101,0.343101,0.280199,0.45,1.35,True,appearance_scaled_then_base_capped,complete_components,component_weighted_sum,component_base_rebuilt
baha_a_faisal__jor,Baha'a Faisal,JOR,Jordan,FWD,2.5,0.276515,0.227867,1.294488,1.030597,0.3418,0.3418,0.279137,0.45,1.35,True,appearance_scaled_then_base_capped,complete_components,component_weighted_sum,component_base_rebuilt
abdullah_al_khaibari__ksa,Abdullah Al-Khaibari,KSA,Saudi-Arabien,MID,2.5,0.352792,0.226131,1.248972,0.632337,0.339197,0.339197,0.27701,0.45,1.35,True,appearance_scaled_then_base_capped,complete_components,component_weighted_sum,component_base_rebuilt
nasser_al_dawsari__ksa,Nasser Al-Dawsari,KSA,Saudi-Arabien,MID,2.5,0.352792,0.224878,1.248972,1.02719,0.337317,0.337317,0.275476,0.45,1.35,True,appearance_scaled_then_base_capped,complete_components,component_weighted_sum,component_base_rebuilt
gabriel_avalos__par,Gabriel Avalos,PAR,Paraguay,FWD,2,0.075758,0.312945,0.541783,0.22693,0.469418,0.22693,0.274238,0.45,1.35,True,appearance_scaled_then_base_capped,complete_components,component_weighted_sum,component_base_rebuilt
eray_c_mert__sui,Eray Cömert,SUI,Schweiz,DEF,2,0.118454,0.43019,0.99706,0.080192,0.645285,0.080192,0.272691,0.45,1.35,True,appearance_scaled_then_base_capped,complete_components,component_weighted_sum,component_base_rebuilt
nkosinathi_sibisi__rsa,Nkosinathi Sibisi,RSA,Sydafrika,DEF,2.5,0.4202,0.300441,1.919087,0.236596,0.450662,0.236596,0.271711,0.45,1.35,True,appearance_scaled_then_base_capped,complete_components,component_weighted_sum,component_base_rebuilt
alex_arce__par,Alex Arce,PAR,Paraguay,FWD,2.5,0.276515,0.384346,1.294488,0.132962,0.576519,0.132962,0.271223,0.45,1.35,True,appearance_scaled_then_base_capped,complete_components,component_weighted_sum,component_base_rebuilt
irfan_can_kahveci__tur,Irfan Can Kahveci,TUR,Tyrkiet,MID,2,0.085025,0.307191,0.5013,0.226946,0.460786,0.226946,0.271081,0.45,1.35,True,appearance_scaled_then_base_capped,complete_components,component_weighted_sum,component_base_rebuilt
lawrence_shankland__sco,Lawrence Shankland,SCO,Skotland,FWD,2.5,0.276515,0.220629,1.294488,0.886354,0.330944,0.330944,0.270271,0.45,1.35,True,appearance_scaled_then_base_capped,complete_components,component_weighted_sum,component_base_rebuilt
petar_musa__cro,Petar Musa,CRO,Kroatien,FWD,2.5,0.276515,0.219483,1.294488,0.540911,0.329225,0.329225,0.268867,0.45,1.35,True,appearance_scaled_then_base_capped,complete_components,component_weighted_sum,component_base_rebuilt
miro_muheim__sui,Miro Muheim,SUI,Schweiz,DEF,2.5,0.4202,0.377781,1.919087,0.133788,0.566671,0.133788,0.267984,0.45,1.35,True,appearance_scaled_then_base_capped,complete_components,component_weighted_sum,component_base_rebuilt
mohanad_ali__irq,Mohanad Ali,IRQ,Irak,FWD,3,0.494318,0.218186,2.111102,1.030519,0.327279,0.327279,0.267278,0.45,1.35,True,appearance_scaled_then_base_capped,complete_components,component_weighted_sum,component_base_rebuilt
ayman_yahya_salem__ksa,Ayman Yahya Salem,KSA,Saudi-Arabien,MID,2.5,0.352792,0.218012,1.248972,0.591834,0.327018,0.327018,0.267065,0.45,1.35,True,appearance_scaled_then_base_capped,complete_components,component_weighted_sum,component_base_rebuilt
aurele_amenda__sui,Aurele Amenda,SUI,Schweiz,DEF,2.5,0.4202,0.375587,1.919087,0.133514,0.563381,0.133514,0.266654,0.45,1.35,True,appearance_scaled_then_base_capped,complete_components,component_weighted_sum,component_base_rebuilt
goncalo_guedes__por,Goncalo Guedes,POR,Portugal,FWD,2.5,0.276515,0.389578,1.294488,0.11299,0.584367,0.11299,0.265114,0.45,1.35,True,appearance_scaled_then_base_capped,complete_components,component_weighted_sum,component_base_rebuilt
mohannad_abu_taha__jor,Mohannad Abu Taha,JOR,Jordan,MID,2.5,0.352792,0.215058,1.248972,1.112477,0.322587,0.322587,0.263446,0.45,1.35,True,appearance_scaled_then_base_capped,complete_components,component_weighted_sum,component_base_rebuilt
mark_flekken__ned,Mark Flekken,NED,Holland,GK,4,0.803846,0.228506,3.323869,0.303422,0.342759,0.303422,0.262218,0.45,1.35,True,appearance_scaled_then_base_capped,complete_components,component_weighted_sum,component_base_rebuilt
elye_wahi__civ,Elye Wahi,CIV,Elfenbenskysten,FWD,2.5,0.276515,0.213056,1.294488,1.16393,0.319584,0.319584,0.260994,0.45,1.35,True,appearance_scaled_then_base_capped,complete_components,component_weighted_sum,component_base_rebuilt
ali_alipour__irn,Ali Alipour,IRN,Iran,FWD,2.5,0.276515,0.405298,1.294488,0.079519,0.607947,0.079519,0.258697,0.45,1.35,True,appearance_scaled_then_base_capped,complete_components,component_weighted_sum,component_base_rebuilt
nando_pijnaker__nzl,Nando Pijnaker,NZL,New Zealand,DEF,2,0.118454,0.334791,0.99706,0.164372,0.502186,0.164372,0.258103,0.45,1.35,True,appearance_scaled_then_base_capped,complete_components,component_weighted_sum,component_base_rebuilt
facundo_torres__uru,Facundo Torres,URU,Uruguay,FWD,3.5,0.649621,0.332559,2.693383,0.166605,0.498838,0.166605,0.25788,0.45,1.35,True,appearance_scaled_then_base_capped,complete_components,component_weighted_sum,component_base_rebuilt
aymen_dahmen__tun,Aymen Dahmen,TUN,Tunesien,GK,3,0.461538,0.368562,1.968131,0.112465,0.552843,0.112465,0.253318,0.45,1.35,True,appearance_scaled_then_base_capped,complete_components,component_weighted_sum,component_base_rebuilt
jun_ho_bae__kor,Jun-ho Bae,KOR,Sydkorea,MID,2.5,0.352792,0.206739,1.248972,0.901223,0.310109,0.310109,0.253255,0.45,1.35,True,appearance_scaled_then_base_capped,complete_components,component_weighted_sum,component_base_rebuilt
michal_sadilek__cze,Michal Sadilek,CZE,Tjekkiet,MID,2.5,0.352792,0.206439,1.248972,0.629303,0.309658,0.309658,0.252888,0.45,1.35,True,appearance_scaled_then_base_capped,complete_components,component_weighted_sum,component_base_rebuilt
german_berterame__mex,German Berterame,MEX,Mexico,FWD,3,0.494318,0.281892,2.111102,0.212317,0.422838,0.212317,0.250583,0.45,1.35,True,appearance_scaled_then_base_capped,complete_components,component_weighted_sum,component_base_rebuilt
lukas_cerv__cze,Lukas Cerv,CZE,Tjekkiet,MID,3,0.656091,0.20339,2.095861,1.825196,0.305085,0.305085,0.249153,0.45,1.35,True,appearance_scaled_then_base_capped,complete_components,component_weighted_sum,component_base_rebuilt
obed_vargas__mex,Obed Vargas,MEX,Mexico,MID,2.5,0.352792,0.362231,1.248972,0.110445,0.543346,0.110445,0.248927,0.45,1.35,True,appearance_scaled_then_base_capped,complete_components,component_weighted_sum,component_base_rebuilt
jos_manuel_l_pez__arg,Jose Manuel Lopez,ARG,Argentina,FWD,2.5,0.276515,0.381413,1.294488,0.085991,0.57212,0.085991,0.248473,0.45,1.35,True,appearance_scaled_then_base_capped,complete_components,component_weighted_sum,component_base_rebuilt
mohau_nkota__rsa,Mohau Nkota,RSA,Sydafrika,FWD,2.5,0.276515,0.269895,1.294488,0.219878,0.404842,0.219878,0.247387,0.45,1.35,True,appearance_scaled_then_base_capped,complete_components,component_weighted_sum,component_base_rebuilt
franck_kessie__civ,Franck Kessie,CIV,Elfenbenskysten,MID,3,0.656091,0.201889,2.095861,2.066818,0.302833,0.302833,0.247314,0.45,1.35,True,appearance_scaled_then_base_capped,complete_components,component_weighted_sum,component_base_rebuilt
mohammad_abu_hasheesh__jor,Mohammad Abu Hasheesh,JOR,Jordan,MID,2.5,0.352792,0.201288,1.248972,0.619133,0.301932,0.301932,0.246578,0.45,1.35,True,appearance_scaled_then_base_capped,complete_components,component_weighted_sum,component_base_rebuilt
rayan_elloumi__tun,Rayan Elloumi,TUN,Tunesien,FWD,2,0.075758,0.404214,0.541783,0.052785,0.541783,0.052785,0.246071,0.45,1.35,True,appearance_scaled_then_base_capped,complete_components,component_weighted_sum,component_base_rebuilt
kevin_lenini__cpv,Kevin Lenini Pina,CPV,Kap Verde,MID,2,0.085025,0.200769,0.5013,0.482537,0.301154,0.301154,0.245942,0.45,1.35,True,appearance_scaled_then_base_capped,complete_components,component_weighted_sum,component_base_rebuilt
guillermo_ochoa__mex,Guillermo Ochoa,MEX,Mexico,GK,3,0.461538,0.364719,1.968131,0.098969,0.547079,0.098969,0.245131,0.45,1.35,True,appearance_scaled_then_base_capped,complete_components,component_weighted_sum,component_base_rebuilt
mojmir_chytil__cze,Mojmir Chytil,CZE,Tjekkiet,FWD,2.5,0.276515,0.20005,1.294488,0.532959,0.300075,0.300075,0.245061,0.45,1.35,True,appearance_scaled_then_base_capped,complete_components,component_weighted_sum,component_base_rebuilt
jacob_widell_zetterstrom__swe,Jacob Widell Zetterström,SWE,Sverige,GK,3.5,0.661538,0.200013,2.760247,0.432965,0.300019,0.300019,0.245016,0.45,1.35,True,appearance_scaled_then_base_capped,complete_components,component_weighted_sum,component_base_rebuilt
franco_mastantuono__arg,Franco Mastantuono,ARG,Argentina,MID,3.5,0.817259,0.305872,2.545882,0.167301,0.458808,0.167301,0.243515,0.45,1.35,True,appearance_scaled_then_base_capped,complete_components,component_weighted_sum,component_base_rebuilt
endrick__bra,Endrick,BRA,Brasilien,FWD,2.5,0.276515,0.373303,1.294488,0.083772,0.559955,0.083772,0.243014,0.45,1.35,True,appearance_scaled_then_base_capped,complete_components,component_weighted_sum,component_base_rebuilt
joaquin_seys__bel,Joaquin Seys,BEL,Belgien,DEF,2.5,0.4202,0.330483,1.919087,0.132143,0.495724,0.132143,0.24123,0.45,1.35,True,appearance_scaled_then_base_capped,complete_components,component_weighted_sum,component_base_rebuilt
gael_kakuta__cod,Gaël Kakuta,COD,Congo DR,MID,2.5,0.352792,0.196796,1.248972,0.585054,0.295194,0.295194,0.241075,0.45,1.35,True,appearance_scaled_then_base_capped,complete_components,component_weighted_sum,component_base_rebuilt
vladimir_darida__cze,Vladimir Darida,CZE,Tjekkiet,MID,2,0.085025,0.195958,0.5013,0.425317,0.293937,0.293937,0.240049,0.45,1.35,True,appearance_scaled_then_base_capped,complete_components,component_weighted_sum,component_base_rebuilt
adam_karabec__cze,Adam Karabec,CZE,Tjekkiet,MID,2.5,0.352792,0.19554,1.248972,0.529386,0.29331,0.29331,0.239536,0.45,1.35,True,appearance_scaled_then_base_capped,complete_components,component_weighted_sum,component_base_rebuilt
nadiem_amiri__ger,Nadiem Amiri,GER,Tyskland,MID,2.5,0.352792,0.371966,1.248972,0.076723,0.557949,0.076723,0.239106,0.45,1.35,True,appearance_scaled_then_base_capped,complete_components,component_weighted_sum,component_base_rebuilt
dayne_st_clair__can,Dayne St. Clair,CAN,Canada,GK,3.5,0.661538,0.337582,2.760247,0.118691,0.506373,0.118691,0.239081,0.45,1.35,True,appearance_scaled_then_base_capped,complete_components,component_weighted_sum,component_base_rebuilt
pape_matar_sarr__sen,Pape Matar Sarr,SEN,Senegal,MID,2.5,0.352792,0.278597,1.248972,0.189487,0.417895,0.189487,0.238497,0.45,1.35,True,appearance_scaled_then_base_capped,complete_components,component_weighted_sum,component_base_rebuilt
luca_jaquez__sui,Luca Jaquez,SUI,Schweiz,DEF,2,0.118454,0.376012,0.99706,0.068227,0.564018,0.068227,0.237509,0.45,1.35,True,appearance_scaled_then_base_capped,complete_components,component_weighted_sum,component_base_rebuilt
aymen_hussein__irq,Aymen Hussein,IRQ,Irak,FWD,3.5,0.649621,0.192294,2.693383,1.533304,0.288441,0.288441,0.23556,0.45,1.35,True,appearance_scaled_then_base_capped,complete_components,component_weighted_sum,component_base_rebuilt
shahriar_moghanlou__irn,Shahriar Moghanlou,IRN,Iran,FWD,2,0.075758,0.257831,0.541783,0.206187,0.386746,0.206187,0.234591,0.45,1.35,True,appearance_scaled_then_base_capped,complete_components,component_weighted_sum,component_base_rebuilt
jordy_alcivar__ecu,Jordy Alcivar,ECU,Ecuador,MID,2,0.085025,0.381743,0.5013,0.050703,0.5013,0.050703,0.232775,0.45,1.35,True,appearance_scaled_then_base_capped,complete_components,component_weighted_sum,component_base_rebuilt
tomas_chory__cze,Tomas Chory,CZE,Tjekkiet,FWD,3,0.494318,0.18936,2.111102,1.022678,0.28404,0.28404,0.231966,0.45,1.35,True,appearance_scaled_then_base_capped,complete_components,component_weighted_sum,component_base_rebuilt
jamie_leweling__ger,Jamie Leweling,GER,Tyskland,MID,3,0.656091,0.302392,2.095861,0.145812,0.453588,0.145812,0.231931,0.45,1.35,True,appearance_scaled_then_base_capped,complete_components,component_weighted_sum,component_base_rebuilt
ibrahim_adel__egy,Ibrahim Adel,EGY,Egypten,MID,3,0.656091,0.289975,2.095861,0.159884,0.434962,0.159884,0.231434,0.45,1.35,True,appearance_scaled_then_base_capped,complete_components,component_weighted_sum,component_base_rebuilt
malick_thiaw__ger,Malick Thiaw,GER,Tyskland,DEF,3,0.71197,0.275891,2.810634,0.172653,0.413836,0.172653,0.229434,0.45,1.35,True,appearance_scaled_then_base_capped,complete_components,component_weighted_sum,component_base_rebuilt
awer_mabil__aus,Awer Mabil,AUS,Australien,FWD,2,0.075758,0.23186,0.541783,0.221976,0.34779,0.221976,0.227412,0.45,1.35,True,appearance_scaled_then_base_capped,complete_components,component_weighted_sum,component_base_rebuilt
nico_paz__arg,Nico Paz,ARG,Argentina,MID,5,0.956853,0.184894,2.935663,1.217042,0.277341,0.277341,0.226495,0.45,1.35,True,appearance_scaled_then_base_capped,complete_components,component_weighted_sum,component_base_rebuilt
gervane_kastaneer__cuw,Gervane Kastaneer,CUW,Curaçao,FWD,2.5,0.276515,0.272481,1.294488,0.166804,0.408722,0.166804,0.224926,0.45,1.35,True,appearance_scaled_then_base_capped,complete_components,component_weighted_sum,component_base_rebuilt
dean_henderson__eng,Dean Henderson,ENG,England,GK,4.5,0.9,0.288547,3.704694,0.146071,0.43282,0.146071,0.224433,0.45,1.35,True,appearance_scaled_then_base_capped,complete_components,component_weighted_sum,component_base_rebuilt
abdullah_al_hamdan__ksa,Abdullah Al-Hamdan,KSA,Saudi-Arabien,FWD,2.5,0.276515,0.18297,1.294488,0.911135,0.274455,0.274455,0.224138,0.45,1.35,True,appearance_scaled_then_base_capped,complete_components,component_weighted_sum,component_base_rebuilt
juan_portilla__col,Juan Portilla,COL,Colombia,MID,2.5,0.352792,0.182109,1.248972,0.47568,0.273164,0.273164,0.223084,0.45,1.35,True,appearance_scaled_then_base_capped,complete_components,component_weighted_sum,component_base_rebuilt
ardon_jashari__sui,Ardon Jashari,SUI,Schweiz,MID,2,0.085025,0.261866,0.5013,0.172519,0.392799,0.172519,0.22166,0.45,1.35,True,appearance_scaled_then_base_capped,complete_components,component_weighted_sum,component_base_rebuilt
mike_penders__bel,Mike Penders,BEL,Belgien,GK,3.5,0.661538,0.353573,2.760247,0.059542,0.53036,0.059542,0.221259,0.45,1.35,True,appearance_scaled_then_base_capped,complete_components,component_weighted_sum,component_base_rebuilt
christ_inao_oulai__civ,Christ Inao Oulaï,CIV,Elfenbenskysten,MID,2,0.085025,0.18488,0.5013,0.264257,0.27732,0.264257,0.2206,0.45,1.35,True,appearance_scaled_then_base_capped,complete_components,component_weighted_sum,component_base_rebuilt
alan_franco__ecu,Alan Franco,ECU,Ecuador,MID,2.5,0.352792,0.33535,1.248972,0.079399,0.503025,0.079399,0.220172,0.45,1.35,True,appearance_scaled_then_base_capped,complete_components,component_weighted_sum,component_base_rebuilt
fiston_mayele__cod,Fiston Mayele,COD,Congo DR,FWD,3,0.494318,0.28851,2.111102,0.136317,0.432765,0.136317,0.220023,0.45,1.35,True,appearance_scaled_then_base_capped,complete_components,component_weighted_sum,component_base_rebuilt
igor_sergeev__uzb,Igor Sergeev,UZB,Usbekistan,FWD,2,0.075758,0.344797,0.541783,0.065246,0.517196,0.065246,0.218999,0.45,1.35,True,appearance_scaled_then_base_capped,complete_components,component_weighted_sum,component_base_rebuilt
zaid_ismail__irq,Zaid Ismail,IRQ,Irak,MID,2.5,0.352792,0.171725,1.248972,0.683366,0.257588,0.257588,0.210363,0.45,1.35,True,appearance_scaled_then_base_capped,complete_components,component_weighted_sum,component_base_rebuilt
hamza_abdelkarim__egy,Hamza Abdelkarim,EGY,Egypten,FWD,2,0.075758,0.352911,0.541783,0.03599,0.529366,0.03599,0.210296,0.45,1.35,True,appearance_scaled_then_base_capped,complete_components,component_weighted_sum,component_base_rebuilt
jens_castrop__kor,Jens Castrop,KOR,Sydkorea,MID,2.5,0.352792,0.171133,1.248972,0.575955,0.256699,0.256699,0.209638,0.45,1.35,True,appearance_scaled_then_base_capped,complete_components,component_weighted_sum,component_base_rebuilt
evann_guessand__civ,Evann Guessand,CIV,Elfenbenskysten,FWD,3,0.494318,0.17099,2.111102,1.135471,0.256485,0.256485,0.209463,0.45,1.35,True,appearance_scaled_then_base_capped,complete_components,component_weighted_sum,component_base_rebuilt
ali_yousif__irq,Ali Yousif,IRQ,Irak,FWD,2,0.075758,0.220838,0.541783,0.190708,0.331257,0.190708,0.207279,0.45,1.35,True,appearance_scaled_then_base_capped,complete_components,component_weighted_sum,component_base_rebuilt
james_trafford__eng,James Trafford,ENG,England,GK,4,0.803846,0.203096,3.323869,0.207504,0.304644,0.207504,0.20508,0.45,1.35,True,appearance_scaled_then_base_capped,complete_components,component_weighted_sum,component_base_rebuilt
kadir_barria__pan,Kadir Barria,PAN,Panama,FWD,2,0.075758,0.298452,0.541783,0.089626,0.447678,0.089626,0.20448,0.45,1.35,True,appearance_scaled_then_base_capped,complete_components,component_weighted_sum,component_base_rebuilt
garry_mendes_rodrigues__cpv,Garry Mendes Rodrigues,CPV,Kap Verde,FWD,2.5,0.276515,0.16677,1.294488,0.623388,0.250155,0.250155,0.204293,0.45,1.35,True,appearance_scaled_then_base_capped,complete_components,component_weighted_sum,component_base_rebuilt
sontje_hansen__cuw,Sontje Hansen,CUW,Curaçao,FWD,2,0.075758,0.166578,0.541783,0.291789,0.249867,0.249867,0.204058,0.45,1.35,True,appearance_scaled_then_base_capped,complete_components,component_weighted_sum,component_base_rebuilt
daniel_jebbison__can,Daniel Jebbison,CAN,Canada,FWD,2.5,0.276515,0.303334,1.294488,0.079519,0.455001,0.079519,0.202617,0.45,1.35,True,appearance_scaled_then_base_capped,complete_components,component_weighted_sum,component_base_rebuilt
jurgen_locadia__cuw,Jürgen Locadia,CUW,Curaçao,FWD,2,0.075758,0.165125,0.541783,0.426074,0.247688,0.247688,0.202278,0.45,1.35,True,appearance_scaled_then_base_capped,complete_components,component_weighted_sum,component_base_rebuilt
amir_hadziahmetovic__bih,Amir Hadziahmetovic,BIH,Bosnien-Hercegovina,MID,2,0.085025,0.314659,0.5013,0.063235,0.471989,0.063235,0.201518,0.45,1.35,True,appearance_scaled_then_base_capped,complete_components,component_weighted_sum,component_base_rebuilt
anthony_mandrea__alg,Anthony Mandrea,ALG,Algeriet,GK,3,0.461538,0.27027,1.968131,0.116963,0.405405,0.116963,0.201282,0.45,1.35,True,appearance_scaled_then_base_capped,complete_components,component_weighted_sum,component_base_rebuilt
nidal_celik__bih,Nidal Celik,BIH,Bosnien-Hercegovina,DEF,2,0.118454,0.309473,0.99706,0.068085,0.464209,0.068085,0.200848,0.45,1.35,True,appearance_scaled_then_base_capped,complete_components,component_weighted_sum,component_base_rebuilt
santiago_mele__uru,Santiago Mele,URU,Uruguay,GK,3.5,0.661538,0.263339,2.760247,0.123817,0.395008,0.123817,0.200554,0.45,1.35,True,appearance_scaled_then_base_capped,complete_components,component_weighted_sum,component_base_rebuilt
ji_sung_eom__kor,Ji-sung Eom,KOR,Sydkorea,MID,2,0.085025,0.339396,0.5013,0.030794,0.5013,0.030794,0.200525,0.45,1.35,True,appearance_scaled_then_base_capped,complete_components,component_weighted_sum,component_base_rebuilt
akmal_mozgovoy__uzb,Akmal Mozgovoy,UZB,Usbekistan,MID,2.5,0.352792,0.259448,1.248972,0.12793,0.389172,0.12793,0.200265,0.45,1.35,True,appearance_scaled_then_base_capped,complete_components,component_weighted_sum,component_base_rebuilt
maximilian_beier__ger,Maximilian Beier,GER,Tyskland,FWD,2.5,0.276515,0.29629,1.294488,0.079519,0.444435,0.079519,0.198743,0.45,1.35,True,appearance_scaled_then_base_capped,complete_components,component_weighted_sum,component_base_rebuilt
alex_kral__cze,Alex Kral,CZE,Tjekkiet,MID,2,0.085025,0.171281,0.5013,0.228521,0.256922,0.228521,0.197039,0.45,1.35,True,appearance_scaled_then_base_capped,complete_components,component_weighted_sum,component_base_rebuilt
lachlan_bayliss__nzl,Lachlan Bayliss,NZL,New Zealand,MID,2,0.085025,0.329124,0.5013,0.033945,0.493686,0.033945,0.196294,0.45,1.35,True,appearance_scaled_then_base_capped,complete_components,component_weighted_sum,component_base_rebuilt
saleem_obaid__jor,Saleem Obaid,JOR,Jordan,DEF,2.5,0.4202,0.179773,1.919087,0.214938,0.269659,0.214938,0.195597,0.45,1.35,True,appearance_scaled_then_base_capped,complete_components,component_weighted_sum,component_base_rebuilt
simon_adingra__civ,Simon Adingra,CIV,Elfenbenskysten,FWD,2.5,0.276515,0.158559,1.294488,1.038179,0.237839,0.237839,0.194235,0.45,1.35,True,appearance_scaled_then_base_capped,complete_components,component_weighted_sum,component_base_rebuilt
ahmed_nadhir_benbouali__alg,Ahmed Nadhir Benbouali,ALG,Algeriet,FWD,2,0.075758,0.318357,0.541783,0.036377,0.477536,0.036377,0.191466,0.45,1.35,True,appearance_scaled_then_base_capped,complete_components,component_weighted_sum,component_base_rebuilt
luis_mejia__pan,Luis Mejia,PAN,Panama,GK,2.5,0.169231,0.25376,0.810423,0.113691,0.38064,0.113691,0.190729,0.45,1.35,True,appearance_scaled_then_base_capped,complete_components,component_weighted_sum,component_base_rebuilt
jaminton_campaz__col,Jaminton Campaz,COL,Colombia,MID,2.5,0.352792,0.283602,1.248972,0.076723,0.425403,0.076723,0.190506,0.45,1.35,True,appearance_scaled_then_base_capped,complete_components,component_weighted_sum,component_base_rebuilt
thelo_aasgaard__nor,Thelo Aasgaard,NOR,Norge,MID,2,0.085025,0.190238,0.5013,0.183619,0.285357,0.183619,0.187259,0.45,1.35,True,appearance_scaled_then_base_capped,complete_components,component_weighted_sum,component_base_rebuilt
carlos_andres_gomez__col,Carlos Andres Gomez,COL,Colombia,MID,2,0.085025,0.190943,0.5013,0.181542,0.286415,0.181542,0.186713,0.45,1.35,True,appearance_scaled_then_base_capped,complete_components,component_weighted_sum,component_base_rebuilt
noa_lang__ned,Noa Lang,NED,Holland,FWD,3,0.494318,0.228747,2.111102,0.134507,0.34312,0.134507,0.186339,0.45,1.35,True,appearance_scaled_then_base_capped,complete_components,component_weighted_sum,component_base_rebuilt
alessandro_schopf__aut,Alessandro Schöpf,AUT,Østrig,MID,2.5,0.352792,0.272814,1.248972,0.076723,0.409221,0.076723,0.184573,0.45,1.35,True,appearance_scaled_then_base_capped,complete_components,component_weighted_sum,component_base_rebuilt
don_deedson_louicius__hai,Don Deedson Louicius,HAI,Haiti,FWD,3,0.494318,0.150489,2.111102,1.813135,0.225734,0.225734,0.184349,0.45,1.35,True,appearance_scaled_then_base_capped,complete_components,component_weighted_sum,component_base_rebuilt
guillermo_martinez__mex,Guillermo Martínez,MEX,Mexico,FWD,2,0.075758,0.179153,0.541783,0.190088,0.26873,0.190088,0.184074,0.45,1.35,True,appearance_scaled_then_base_capped,complete_components,component_weighted_sum,component_base_rebuilt
jean_michael_seri__civ,Jean Michael Seri,CIV,Elfenbenskysten,MID,2.5,0.352792,0.149442,1.248972,0.669806,0.224163,0.224163,0.183066,0.45,1.35,True,appearance_scaled_then_base_capped,complete_components,component_weighted_sum,component_base_rebuilt
yannick_semedo__cpv,Yannick Semedo,CPV,Kap Verde,MID,2,0.085025,0.148204,0.5013,0.24664,0.222306,0.222306,0.18155,0.45,1.35,True,appearance_scaled_then_base_capped,complete_components,component_weighted_sum,component_base_rebuilt
lucas_ramon_romero__par,Lucas Ramon Romero,PAR,Paraguay,MID,2,0.085025,0.168428,0.5013,0.196152,0.252642,0.196152,0.180904,0.45,1.35,True,appearance_scaled_then_base_capped,complete_components,component_weighted_sum,component_base_rebuilt
leopold_querfeld__aut,Leopold Querfeld,AUT,Østrig,DEF,2,0.118454,0.273899,0.99706,0.066233,0.410849,0.066233,0.180449,0.45,1.35,True,appearance_scaled_then_base_capped,complete_components,component_weighted_sum,component_base_rebuilt
ederson_moraes__bra,Ederson Moraes,BRA,Brasilien,GK,5,0.965385,0.232838,3.963655,0.11438,0.349257,0.11438,0.179532,0.45,1.35,True,appearance_scaled_then_base_capped,complete_components,component_weighted_sum,component_base_rebuilt
juan_quintero__col,Juan Quintero,COL,Colombia,MID,2.5,0.352792,0.26083,1.248972,0.079221,0.391245,0.079221,0.179106,0.45,1.35,True,appearance_scaled_then_base_capped,complete_components,component_weighted_sum,component_base_rebuilt
luka_su_i__cro,Luka Sucic,CRO,Kroatien,MID,2,0.085025,0.29446,0.5013,0.035664,0.44169,0.035664,0.178002,0.45,1.35,True,appearance_scaled_then_base_capped,complete_components,component_weighted_sum,component_base_rebuilt
janner_corozo__ecu,Janner Corozo,ECU,Ecuador,FWD,2,0.075758,0.162246,0.541783,0.196977,0.243369,0.196977,0.177875,0.45,1.35,True,appearance_scaled_then_base_capped,complete_components,component_weighted_sum,component_base_rebuilt
jeremy_ar_valo__ecu,Jeremy Arevalo,ECU,Ecuador,FWD,2,0.075758,0.29158,0.541783,0.036841,0.43737,0.036841,0.176948,0.45,1.35,True,appearance_scaled_then_base_capped,complete_components,component_weighted_sum,component_base_rebuilt
jassem_gaber__qat,Jassem Gaber,QAT,Qatar,MID,2.5,0.352792,0.144026,1.248972,1.014344,0.216039,0.216039,0.176432,0.45,1.35,True,appearance_scaled_then_base_capped,complete_components,component_weighted_sum,component_base_rebuilt
abdulaziz_hatim_mohammed__qat,Abdulaziz Hatim Mohammed,QAT,Qatar,MID,2.5,0.352792,0.143797,1.248972,0.261392,0.215696,0.215696,0.176151,0.45,1.35,True,appearance_scaled_then_base_capped,complete_components,component_weighted_sum,component_base_rebuilt
mohammed_muntari__qat,Mohammed Muntari,QAT,Qatar,FWD,2,0.075758,0.283457,0.541783,0.044658,0.425185,0.044658,0.175998,0.45,1.35,True,appearance_scaled_then_base_capped,complete_components,component_weighted_sum,component_base_rebuilt
egil_selvik__nor,Egil Selvik,NOR,Norge,GK,3.5,0.661538,0.23762,2.760247,0.099763,0.35643,0.099763,0.175584,0.45,1.35,True,appearance_scaled_then_base_capped,complete_components,component_weighted_sum,component_base_rebuilt
john_mercado__ecu,John Mercado,ECU,Ecuador,FWD,2,0.075758,0.286109,0.541783,0.03568,0.429164,0.03568,0.173416,0.45,1.35,True,appearance_scaled_then_base_capped,complete_components,component_weighted_sum,component_base_rebuilt
nicolas_fonseca__uru,Nicolas Fonseca,URU,Uruguay,MID,2.5,0.352792,0.248224,1.248972,0.076723,0.372336,0.076723,0.171048,0.45,1.35,True,appearance_scaled_then_base_capped,complete_components,component_weighted_sum,component_base_rebuilt
tomoki_hayakawa__jpn,Tomoki Hayakawa,JPN,Japan,GK,3.5,0.661538,0.211093,2.760247,0.119874,0.31664,0.119874,0.170044,0.45,1.35,True,appearance_scaled_then_base_capped,complete_components,component_weighted_sum,component_base_rebuilt
diego_moreira__bel,Diego Moreira,BEL,Belgien,MID,2,0.085025,0.28048,0.5013,0.032799,0.42072,0.032799,0.169024,0.45,1.35,True,appearance_scaled_then_base_capped,complete_components,component_weighted_sum,component_base_rebuilt
amad_diallo__civ,Amad Diallo,CIV,Elfenbenskysten,FWD,3.5,0.649621,0.136973,2.693383,0.517899,0.20546,0.20546,0.167792,0.45,1.35,True,appearance_scaled_then_base_capped,complete_components,component_weighted_sum,component_base_rebuilt
patrick_beach__aus,Patrick Beach,AUS,Australien,GK,2.5,0.169231,0.229164,0.810423,0.092736,0.343746,0.092736,0.167771,0.45,1.35,True,appearance_scaled_then_base_capped,complete_components,component_weighted_sum,component_base_rebuilt
besfort_zeneli__swe,Besfort Zeneli,SWE,Sverige,MID,2,0.085025,0.277808,0.5013,0.032298,0.416712,0.032298,0.167329,0.45,1.35,True,appearance_scaled_then_base_capped,complete_components,component_weighted_sum,component_base_rebuilt
martin_zlomisli__bih,Martin Zlomislic,BIH,Bosnien-Hercegovina,GK,2.5,0.169231,0.242269,0.810423,0.075485,0.363403,0.075485,0.167216,0.45,1.35,True,appearance_scaled_then_base_capped,complete_components,component_weighted_sum,component_base_rebuilt
ger_nimo_rulli__arg,Geronimo Rulli,ARG,Argentina,GK,4.5,0.9,0.238088,3.704694,0.079916,0.357132,0.079916,0.16691,0.45,1.35,True,appearance_scaled_then_base_capped,complete_components,component_weighted_sum,component_base_rebuilt
ibrahim_sangare__civ,Ibrahim Sangare,CIV,Elfenbenskysten,MID,3,0.656091,0.135157,2.095861,0.517378,0.202736,0.202736,0.165567,0.45,1.35,True,appearance_scaled_then_base_capped,complete_components,component_weighted_sum,component_base_rebuilt
seko_fofana__civ,Seko Fofana,CIV,Elfenbenskysten,MID,2.5,0.352792,0.134368,1.248972,0.983833,0.201552,0.201552,0.164601,0.45,1.35,True,appearance_scaled_then_base_capped,complete_components,component_weighted_sum,component_base_rebuilt
cedric_itten__sui,Cedric Itten,SUI,Schweiz,FWD,2,0.075758,0.271938,0.541783,0.033281,0.407907,0.033281,0.164542,0.45,1.35,True,appearance_scaled_then_base_capped,complete_components,component_weighted_sum,component_base_rebuilt
alisher_odilov__uzb,Alisher Odilov,UZB,Usbekistan,MID,2,0.085025,0.155055,0.5013,0.175956,0.232582,0.175956,0.164461,0.45,1.35,True,appearance_scaled_then_base_capped,complete_components,component_weighted_sum,component_base_rebuilt
callan_elliot__nzl,Callan Elliot,NZL,New Zealand,DEF,2,0.118454,0.246461,0.99706,0.061248,0.369691,0.061248,0.163115,0.45,1.35,True,appearance_scaled_then_base_capped,complete_components,component_weighted_sum,component_base_rebuilt
oumar_diakite__civ,Oumar Diakite,CIV,Elfenbenskysten,FWD,2.5,0.276515,0.132395,1.294488,0.590471,0.198593,0.198593,0.162184,0.45,1.35,True,appearance_scaled_then_base_capped,complete_components,component_weighted_sum,component_base_rebuilt
yassine_titraoui__alg,Yassine Titraoui,ALG,Algeriet,MID,2,0.085025,0.142013,0.5013,0.177675,0.21302,0.177675,0.158061,0.45,1.35,True,appearance_scaled_then_base_capped,complete_components,component_weighted_sum,component_base_rebuilt
mahmoud_saber__egy,Mahmoud Saber,EGY,Egypten,MID,2.5,0.352792,0.207582,1.248972,0.096349,0.311373,0.096349,0.157527,0.45,1.35,True,appearance_scaled_then_base_capped,complete_components,component_weighted_sum,component_base_rebuilt
sebastian_tounekti__tun,Sebastian Tounekti,TUN,Tunesien,MID,2,0.085025,0.2423,0.5013,0.040677,0.36345,0.040677,0.15157,0.45,1.35,True,appearance_scaled_then_base_capped,complete_components,component_weighted_sum,component_base_rebuilt
cristian_roldan__usa,Cristian Roldan,USA,USA,MID,2.5,0.352792,0.190654,1.248972,0.102237,0.285981,0.102237,0.150866,0.45,1.35,True,appearance_scaled_then_base_capped,complete_components,component_weighted_sum,component_base_rebuilt
carlos_rodriguez__mex,Carlos Rodriguez,MEX,Mexico,MID,2.5,0.352792,0.147575,1.248972,0.154159,0.221363,0.154159,0.150538,0.45,1.35,True,appearance_scaled_then_base_capped,complete_components,component_weighted_sum,component_base_rebuilt
keisuke_sako__jpn,Keisuke Osako,JPN,Japan,GK,3.5,0.661538,0.188799,2.760247,0.103706,0.283199,0.103706,0.150507,0.45,1.35,True,appearance_scaled_then_base_capped,complete_components,component_weighted_sum,component_base_rebuilt
mohammed_waad__qat,Mohammed Waad,QAT,Qatar,MID,2.5,0.352792,0.119683,1.248972,0.992754,0.179525,0.179525,0.146612,0.45,1.35,True,appearance_scaled_then_base_capped,complete_components,component_weighted_sum,component_base_rebuilt
alban_lafont__civ,Alban Lafont,CIV,Elfenbenskysten,GK,2.5,0.169231,0.186498,0.810423,0.095977,0.279747,0.095977,0.145764,0.45,1.35,True,appearance_scaled_then_base_capped,complete_components,component_weighted_sum,component_base_rebuilt
robin_risser__fra,Robin Risser,FRA,Frankrig,GK,4,0.803846,0.166694,3.323869,0.119184,0.250041,0.119184,0.145315,0.45,1.35,True,appearance_scaled_then_base_capped,complete_components,component_weighted_sum,component_base_rebuilt
christian_fassnacht__sui,Christian Fassnacht,SUI,Schweiz,FWD,3,0.494318,0.157652,2.111102,0.129682,0.236478,0.129682,0.145065,0.45,1.35,True,appearance_scaled_then_base_capped,complete_components,component_weighted_sum,component_base_rebuilt
brian_cipenga__cod,Brian Cipenga,COD,Congo DR,MID,2,0.085025,0.232273,0.5013,0.033945,0.34841,0.033945,0.143025,0.45,1.35,True,appearance_scaled_then_base_capped,complete_components,component_weighted_sum,component_base_rebuilt
derrick_luckassen__gha,Derrick Luckassen,GHA,Ghana,DEF,2,0.118454,0.206999,0.99706,0.063954,0.310499,0.063954,0.142629,0.45,1.35,True,appearance_scaled_then_base_capped,complete_components,component_weighted_sum,component_base_rebuilt
bamba_dieng__sen,Bamba Dieng,SEN,Senegal,FWD,2,0.075758,0.228957,0.541783,0.033281,0.343436,0.033281,0.140903,0.45,1.35,True,appearance_scaled_then_base_capped,complete_components,component_weighted_sum,component_base_rebuilt
ivan_toney__eng,Ivan Toney,ENG,England,FWD,3.5,0.649621,0.119901,2.693383,0.165451,0.179851,0.165451,0.140398,0.45,1.35,True,appearance_scaled_then_base_capped,complete_components,component_weighted_sum,component_base_rebuilt
amine_adli__mar,Amine Adli,MAR,Marokko,FWD,2.5,0.276515,0.18913,1.294488,0.079519,0.283695,0.079519,0.139805,0.45,1.35,True,appearance_scaled_then_base_capped,complete_components,component_weighted_sum,component_base_rebuilt
mert_gunok__tur,Mert Günok,TUR,Tyrkiet,GK,3.5,0.661538,0.188406,2.760247,0.076104,0.282609,0.076104,0.13787,0.45,1.35,True,appearance_scaled_then_base_capped,complete_components,component_weighted_sum,component_base_rebuilt
godfried_roemeratoe__cuw,Godfried Roemeratoe,CUW,Curaçao,MID,2,0.085025,0.20647,0.5013,0.053926,0.309705,0.053926,0.137825,0.45,1.35,True,appearance_scaled_then_base_capped,complete_components,component_weighted_sum,component_base_rebuilt
gonzalo_valle__ecu,Gonzalo Valle,ECU,Ecuador,GK,3,0.461538,0.144342,1.968131,0.128491,0.216513,0.128491,0.137209,0.45,1.35,True,appearance_scaled_then_base_capped,complete_components,component_weighted_sum,component_base_rebuilt
derrick_etienne__hai,Derrick Etienne Jr.,HAI,Haiti,FWD,2,0.075758,0.179526,0.541783,0.081422,0.269289,0.081422,0.135379,0.45,1.35,True,appearance_scaled_then_base_capped,complete_components,component_weighted_sum,component_base_rebuilt
dominik_kotarski__cro,Dominik Kotarski,CRO,Kroatien,GK,3,0.461538,0.185472,1.968131,0.073946,0.278208,0.073946,0.135285,0.45,1.35,True,appearance_scaled_then_base_capped,complete_components,component_weighted_sum,component_base_rebuilt
nicolas_pepe__civ,Nicolas Pepe,CIV,Elfenbenskysten,FWD,2.5,0.276515,0.110415,1.294488,0.610074,0.165623,0.165623,0.135258,0.45,1.35,True,appearance_scaled_then_base_capped,complete_components,component_weighted_sum,component_base_rebuilt
toni_fruk__cro,Toni Fruk,CRO,Kroatien,MID,3,0.656091,0.129152,2.095861,0.142519,0.193728,0.142519,0.135167,0.45,1.35,True,appearance_scaled_then_base_capped,complete_components,component_weighted_sum,component_base_rebuilt
justin_bijlow__ned,Justin Bijlow,NED,Holland,GK,3.5,0.661538,0.193125,2.760247,0.062697,0.289687,0.062697,0.134432,0.45,1.35,True,appearance_scaled_then_base_capped,complete_components,component_weighted_sum,component_base_rebuilt
payam_niazmand__irn,Payam Niazmand,IRN,Iran,GK,2.5,0.169231,0.212308,0.810423,0.036006,0.318462,0.036006,0.132972,0.45,1.35,True,appearance_scaled_then_base_capped,complete_components,component_weighted_sum,component_base_rebuilt
altay_bayindir__tur,Altay Bayindir,TUR,Tyrkiet,GK,3,0.461538,0.12837,1.968131,0.136645,0.192555,0.136645,0.132094,0.45,1.35,True,appearance_scaled_then_base_capped,complete_components,component_weighted_sum,component_base_rebuilt
luciano_valente__ned,Luciano Valente,NED,Holland,MID,2.5,0.352792,0.168426,1.248972,0.084216,0.252639,0.084216,0.130532,0.45,1.35,True,appearance_scaled_then_base_capped,complete_components,component_weighted_sum,component_base_rebuilt
abolfazl_jalali__irn,Abolfazl Jalali,IRN,Iran,DEF,2,0.118454,0.179383,0.99706,0.061248,0.269074,0.061248,0.126222,0.45,1.35,True,appearance_scaled_then_base_capped,complete_components,component_weighted_sum,component_base_rebuilt
jordy_caicedo__ecu,Jordy Caicedo,ECU,Ecuador,FWD,2.5,0.276515,0.101941,1.294488,0.461023,0.152912,0.152912,0.124878,0.45,1.35,True,appearance_scaled_then_base_capped,complete_components,component_weighted_sum,component_base_rebuilt
khalil_ayari__tun,Khalil Ayari,TUN,Tunesien,MID,2,0.085025,0.101453,0.5013,0.250006,0.152179,0.152179,0.12428,0.45,1.35,True,appearance_scaled_then_base_capped,complete_components,component_weighted_sum,component_base_rebuilt
anis_hadj_moussa__alg,Anis Hadj Moussa,ALG,Algeriet,FWD,2.5,0.276515,0.159294,1.294488,0.079519,0.238941,0.079519,0.123395,0.45,1.35,True,appearance_scaled_then_base_capped,complete_components,component_weighted_sum,component_base_rebuilt
mohammad_khalife__irn,Mohammad Khalife,IRN,Iran,GK,2.5,0.169231,0.198302,0.810423,0.029059,0.297453,0.029059,0.122143,0.45,1.35,True,appearance_scaled_then_base_capped,complete_components,component_weighted_sum,component_base_rebuilt
mehdi_dorval__alg,Mehdi Dorval,ALG,Algeriet,DEF,2,0.118454,0.168451,0.99706,0.062815,0.252676,0.062815,0.120915,0.45,1.35,True,appearance_scaled_then_base_capped,complete_components,component_weighted_sum,component_base_rebuilt
pape_cherif_ndiaye__sen,Pape Cherif Ndiaye,SEN,Senegal,FWD,3,0.494318,0.094227,2.111102,0.717775,0.15,0.15,0.119325,0.45,1.35,True,appearance_scaled_then_base_capped,complete_components,component_weighted_sum,component_base_rebuilt
nishan_velupillay__aus,Nishan Velupillay,AUS,Australien,FWD,2.5,0.276515,0.144974,1.294488,0.085251,0.217461,0.085251,0.118099,0.45,1.35,True,appearance_scaled_then_base_capped,complete_components,component_weighted_sum,component_base_rebuilt
ross_stewart__sco,Ross Stewart,SCO,Skotland,FWD,2,0.075758,0.190216,0.541783,0.029875,0.285324,0.029875,0.118063,0.45,1.35,True,appearance_scaled_then_base_capped,complete_components,component_weighted_sum,component_base_rebuilt
frans_dhia_putros__irq,Frans Dhia Putros,IRQ,Irak,DEF,2,0.118454,0.121103,0.99706,0.11224,0.181654,0.11224,0.117115,0.45,1.35,True,appearance_scaled_then_base_capped,complete_components,component_weighted_sum,component_base_rebuilt
oussama_targhalline__mar,Oussama Targhalline,MAR,Marokko,MID,2.5,0.352792,0.148382,1.248972,0.077436,0.222573,0.077436,0.116456,0.45,1.35,True,appearance_scaled_then_base_capped,complete_components,component_weighted_sum,component_base_rebuilt
mohammad_al_dawoud__jor,Mohammad Al-Dawoud,JOR,Jordan,MID,2,0.085025,0.185558,0.5013,0.030794,0.278337,0.030794,0.115914,0.45,1.35,True,appearance_scaled_then_base_capped,complete_components,component_weighted_sum,component_base_rebuilt
yaimar_medina__ecu,Yaimar Medina,ECU,Ecuador,MID,2,0.085025,0.183177,0.5013,0.032943,0.274765,0.032943,0.115572,0.45,1.35,True,appearance_scaled_then_base_capped,complete_components,component_weighted_sum,component_base_rebuilt
emiliano_martinez_toranza__uru,Emiliano Martinez Toranza,URU,Uruguay,MID,2.5,0.352792,0.137729,1.248972,0.085644,0.206593,0.085644,0.114291,0.45,1.35,True,appearance_scaled_then_base_capped,complete_components,component_weighted_sum,component_base_rebuilt
yehvann_diouf__sen,Yehvann Diouf,SEN,Senegal,GK,3,0.461538,0.084479,1.968131,0.172914,0.15,0.15,0.113963,0.45,1.35,True,appearance_scaled_then_base_capped,complete_components,component_weighted_sum,component_base_rebuilt
jan_kliment__cze,Jan Kliment,CZE,Tjekkiet,FWD,2,0.075758,0.179423,0.541783,0.033281,0.269134,0.033281,0.113659,0.45,1.35,True,appearance_scaled_then_base_capped,complete_components,component_weighted_sum,component_base_rebuilt
mortadha_ben_ouanes__tun,Mortadha Ben Ouanes,TUN,Tunesien,MID,2,0.085025,0.162029,0.5013,0.049987,0.243044,0.049987,0.11161,0.45,1.35,True,appearance_scaled_then_base_capped,complete_components,component_weighted_sum,component_base_rebuilt
brice_samba__fra,Brice Samba,FRA,Frankrig,GK,4.5,0.9,0.080197,3.704694,0.18153,0.15,0.15,0.111608,0.45,1.35,True,appearance_scaled_then_base_capped,complete_components,component_weighted_sum,component_base_rebuilt
matthieu_epolo__cod,Matthieu Epolo,COD,Congo DR,GK,3,0.461538,0.143121,1.968131,0.070572,0.214681,0.070572,0.110474,0.45,1.35,True,appearance_scaled_then_base_capped,complete_components,component_weighted_sum,component_base_rebuilt
carlos_acevedo__mex,Carlos Acevedo,MEX,Mexico,GK,3.5,0.661538,0.118045,2.760247,0.098975,0.177068,0.098975,0.109463,0.45,1.35,True,appearance_scaled_then_base_capped,complete_components,component_weighted_sum,component_base_rebuilt
alexandre_pierre__hai,Alexandre Pierre,HAI,Haiti,GK,2.5,0.169231,0.121466,0.810423,0.091694,0.182199,0.091694,0.108068,0.45,1.35,True,appearance_scaled_then_base_capped,complete_components,component_weighted_sum,component_base_rebuilt
kento_shiogai__jpn,Kento Shiogai,JPN,Japan,FWD,2.5,0.276515,0.124338,1.294488,0.086916,0.186507,0.086916,0.107498,0.45,1.35,True,appearance_scaled_then_base_capped,complete_components,component_weighted_sum,component_base_rebuilt
dostonbek_khamdamov__uzb,Dostonbek Khamdamov,UZB,Usbekistan,MID,2,0.085025,0.155573,0.5013,0.048053,0.23336,0.048053,0.107189,0.45,1.35,True,appearance_scaled_then_base_capped,complete_components,component_weighted_sum,component_base_rebuilt
parfait_guiagon__civ,Parfait Guiagon,CIV,Elfenbenskysten,MID,2,0.085025,0.070085,0.5013,0.207037,0.15,0.15,0.106047,0.45,1.35,True,appearance_scaled_then_base_capped,complete_components,component_weighted_sum,component_base_rebuilt
carlos_miguel_coronel__par,Carlos Miguel Coronel,PAR,Paraguay,GK,2.5,0.169231,0.153854,0.810423,0.042952,0.230781,0.042952,0.103948,0.45,1.35,True,appearance_scaled_then_base_capped,complete_components,component_weighted_sum,component_base_rebuilt
christopher_bonsu_baah__gha,Christopher Bonsu Baah,GHA,Ghana,FWD,2.5,0.276515,0.107176,1.294488,0.097272,0.160764,0.097272,0.102719,0.45,1.35,True,appearance_scaled_then_base_capped,complete_components,component_weighted_sum,component_base_rebuilt
simon_banza__cod,Simon Banza,COD,Congo DR,FWD,2.5,0.276515,0.088301,1.294488,0.116319,0.15,0.116319,0.100909,0.45,1.35,True,appearance_scaled_then_base_capped,complete_components,component_weighted_sum,component_base_rebuilt
jin_seob_park__kor,Jin-seob Park,KOR,Sydkorea,MID,2.5,0.352792,0.080869,1.248972,0.122578,0.15,0.122578,0.099638,0.45,1.35,True,appearance_scaled_then_base_capped,complete_components,component_weighted_sum,component_base_rebuilt
paul_izzo__aus,Paul Izzo,AUS,Australien,GK,2.5,0.169231,0.151253,0.810423,0.031028,0.22688,0.031028,0.097152,0.45,1.35,True,appearance_scaled_then_base_capped,complete_components,component_weighted_sum,component_base_rebuilt
gilson_benchimol_tavares__cpv,Gilson Benchimol Tavares,CPV,Kap Verde,FWD,2.5,0.276515,0.080913,1.294488,0.116504,0.15,0.116504,0.096929,0.45,1.35,True,appearance_scaled_then_base_capped,complete_components,component_weighted_sum,component_base_rebuilt
callum_elder__aus,Callum Elder,AUS,Australien,DEF,2,0.118454,0.128664,0.99706,0.054981,0.192996,0.054981,0.095507,0.45,1.35,True,appearance_scaled_then_base_capped,complete_components,component_weighted_sum,component_base_rebuilt
ahmed_alaaeldin_abdelmotaal__qat,Ahmed Alaaeldin Abdelmotaal,QAT,Qatar,FWD,3,0.494318,0.050011,2.111102,1.280836,0.15,0.15,0.095006,0.45,1.35,True,appearance_scaled_then_base_capped,complete_components,component_weighted_sum,component_base_rebuilt
yassin_fortune__hai,Yassin Fortune,HAI,Haiti,FWD,2,0.075758,0.119472,0.541783,0.062924,0.179208,0.062924,0.094026,0.45,1.35,True,appearance_scaled_then_base_capped,complete_components,component_weighted_sum,component_base_rebuilt
nabil_dunga_emad__egy,Nabil 'Dunga' Emad,EGY,Egypten,MID,2,0.085025,0.044674,0.5013,0.178105,0.15,0.15,0.092071,0.45,1.35,True,appearance_scaled_then_base_capped,complete_components,component_weighted_sum,component_base_rebuilt
yousef_abu_al_jazar__jor,Yousef Abu Al-Jazar,JOR,Jordan,DEF,2,0.118454,0.1149,0.99706,0.061248,0.17235,0.061248,0.090757,0.45,1.35,True,appearance_scaled_then_base_capped,complete_components,component_weighted_sum,component_base_rebuilt
kevin_yakob__irq,Kevin Yakob,IRQ,Irak,MID,2,0.085025,0.112915,0.5013,0.059583,0.169373,0.059583,0.088916,0.45,1.35,True,appearance_scaled_then_base_capped,complete_components,component_weighted_sum,component_base_rebuilt
muhammed_sengezer__tur,Muhammed Sengezer,TUR,Tyrkiet,GK,3,0.461538,0.126031,1.968131,0.042455,0.189047,0.042455,0.088422,0.45,1.35,True,appearance_scaled_then_base_capped,complete_components,component_weighted_sum,component_base_rebuilt
david_hoilett__can,David 'Junior' Hoilett,CAN,Canada,MID,2.5,0.352792,0.036453,1.248972,0.446061,0.15,0.15,0.087549,0.45,1.35,True,appearance_scaled_then_base_capped,complete_components,component_weighted_sum,component_base_rebuilt
matias_galarza_fonda__par,Matias Galarza Fonda,PAR,Paraguay,MID,2.5,0.352792,0.084023,1.248972,0.088142,0.15,0.088142,0.085876,0.45,1.35,True,appearance_scaled_then_base_capped,complete_components,component_weighted_sum,component_base_rebuilt
hyun_jun_yang__kor,Hyun-Jun Yang,KOR,Sydkorea,MID,2.5,0.352792,0.091813,1.248972,0.076723,0.15,0.076723,0.085022,0.45,1.35,True,appearance_scaled_then_base_capped,complete_components,component_weighted_sum,component_base_rebuilt
ermin_mahmic__bih,Ermin Mahmic,BIH,Bosnien-Hercegovina,MID,2,0.085025,0.117958,0.5013,0.033301,0.176937,0.033301,0.079862,0.45,1.35,True,appearance_scaled_then_base_capped,complete_components,component_weighted_sum,component_base_rebuilt
fahad_talib__irq,Fahad Talib,IRQ,Irak,GK,2.5,0.169231,0.067071,0.810423,0.094935,0.15,0.094935,0.07961,0.45,1.35,True,appearance_scaled_then_base_capped,complete_components,component_weighted_sum,component_base_rebuilt
bazoumana_toure__civ,Bazoumana Toure,CIV,Elfenbenskysten,FWD,2,0.075758,0.021822,0.541783,0.205723,0.15,0.15,0.079502,0.45,1.35,True,appearance_scaled_then_base_capped,complete_components,component_weighted_sum,component_base_rebuilt
jacen_russell_rowe__can,Jacen Russell-Rowe,CAN,Canada,FWD,2,0.075758,0.019058,0.541783,0.174686,0.15,0.15,0.077982,0.45,1.35,True,appearance_scaled_then_base_capped,complete_components,component_weighted_sum,component_base_rebuilt
senne_lammens__bel,Senne Lammens,BEL,Belgien,GK,4,0.803846,0.078494,3.323869,0.076924,0.15,0.076924,0.077787,0.45,1.35,True,appearance_scaled_then_base_capped,complete_components,component_weighted_sum,component_base_rebuilt
marvin_keller__sui,Marvin Keller,SUI,Schweiz,GK,3,0.461538,0.105791,1.968131,0.042455,0.158687,0.042455,0.07729,0.45,1.35,True,appearance_scaled_then_base_capped,complete_components,component_weighted_sum,component_base_rebuilt
nuno_da_costa__cpv,Nuno da Costa,CPV,Kap Verde,FWD,2.5,0.276515,0.016839,1.294488,0.511138,0.15,0.15,0.076761,0.45,1.35,True,appearance_scaled_then_base_capped,complete_components,component_weighted_sum,component_base_rebuilt
lukas_hornicek__cze,Lukas Hornicek,CZE,Tjekkiet,GK,2.5,0.169231,0.079936,0.810423,0.072475,0.15,0.072475,0.076579,0.45,1.35,True,appearance_scaled_then_base_capped,complete_components,component_weighted_sum,component_base_rebuilt
marco_pasalic__cro,Marco Pasalic,CRO,Kroatien,FWD,3,0.494318,0.016174,2.111102,0.807346,0.15,0.15,0.076396,0.45,1.35,True,appearance_scaled_then_base_capped,complete_components,component_weighted_sum,component_base_rebuilt
fares_ghedjemis__alg,Fares Ghedjemis,ALG,Algeriet,FWD,2,0.075758,0.106105,0.541783,0.036377,0.159158,0.036377,0.074727,0.45,1.35,True,appearance_scaled_then_base_capped,complete_components,component_weighted_sum,component_base_rebuilt
daniel_nana_agyei__gha,Daniel Nana Agyei,GHA,Ghana,FWD,2,0.075758,0.107559,0.541783,0.033281,0.161338,0.033281,0.074134,0.45,1.35,True,appearance_scaled_then_base_capped,complete_components,component_weighted_sum,component_base_rebuilt
wilguens_paugain__hai,Wilguens Paugain,HAI,Haiti,DEF,2,0.118454,0.081786,0.99706,0.064382,0.15,0.064382,0.073954,0.45,1.35,True,appearance_scaled_then_base_capped,complete_components,component_weighted_sum,component_base_rebuilt
adil_aouchiche__alg,Adil Aouchiche,ALG,Algeriet,MID,2,0.085025,0.106105,0.5013,0.033229,0.159158,0.033229,0.073311,0.45,1.35,True,appearance_scaled_then_base_capped,complete_components,component_weighted_sum,component_base_rebuilt
patrick_yazbek__aus,Patrick Yazbek,AUS,Australien,MID,2,0.085025,0.105985,0.5013,0.031152,0.158977,0.031152,0.07231,0.45,1.35,True,appearance_scaled_then_base_capped,complete_components,component_weighted_sum,component_base_rebuilt
ricardo_velho__por,Ricardo Velho,POR,Portugal,GK,4,0.803846,0.0662,3.323869,0.071701,0.15,0.071701,0.068675,0.45,1.35,True,appearance_scaled_then_base_capped,complete_components,component_weighted_sum,component_base_rebuilt
timothy_fayulu__cod,Timothy Fayulu,COD,Congo DR,GK,2.5,0.169231,0.099875,0.810423,0.029523,0.15,0.029523,0.068216,0.45,1.35,True,appearance_scaled_then_base_capped,complete_components,component_weighted_sum,component_base_rebuilt
matias_fernandez_pardo__bel,Matias Fernandez-Pardo,BEL,Belgien,FWD,2.5,0.276515,0.039443,1.294488,0.085991,0.15,0.085991,0.06039,0.45,1.35,True,appearance_scaled_then_base_capped,complete_components,component_weighted_sum,component_base_rebuilt
el_mehdi_al_harrar__mar,El Mehdi Al Harrar,MAR,Marokko,GK,2.5,0.169231,0.08951,0.810423,0.021418,0.15,0.021418,0.058869,0.45,1.35,True,appearance_scaled_then_base_capped,complete_components,component_weighted_sum,component_base_rebuilt
jens_petter_hauge__nor,Jens Petter Hauge,NOR,Norge,MID,2.5,0.352792,0.042588,1.248972,0.076723,0.15,0.076723,0.057949,0.45,1.35,True,appearance_scaled_then_base_capped,complete_components,component_weighted_sum,component_base_rebuilt
sondre_langas__nor,Sondre Langås,NOR,Norge,DEF,2,0.118454,0.047578,0.99706,0.06723,0.15,0.06723,0.056422,0.45,1.35,True,appearance_scaled_then_base_capped,complete_components,component_weighted_sum,component_base_rebuilt
abdallah_al_fakhouri__jor,Abdallah Al-Fakhouri,JOR,Jordan,GK,2.5,0.169231,0.07857,0.810423,0.029059,0.15,0.029059,0.05629,0.45,1.35,True,appearance_scaled_then_base_capped,complete_components,component_weighted_sum,component_base_rebuilt
moises_ramirez__ecu,Moises Ramirez,ECU,Ecuador,GK,2.5,0.169231,0.061484,0.810423,0.041216,0.15,0.041216,0.052363,0.45,1.35,True,appearance_scaled_then_base_capped,complete_components,component_weighted_sum,component_base_rebuilt
weverton__bra,Weverton,BRA,Brasilien,GK,4,0.803846,0.035987,3.323869,0.071701,0.15,0.071701,0.052058,0.45,1.35,True,appearance_scaled_then_base_capped,complete_components,component_weighted_sum,component_base_rebuilt
el_mehdi_benabid__mar,El Mehdi Benabid,MAR,Marokko,GK,3,0.461538,0.042659,1.968131,0.063543,0.15,0.063543,0.052057,0.45,1.35,True,appearance_scaled_then_base_capped,complete_components,component_weighted_sum,component_base_rebuilt
carl_sainte__hai,Carl Sainte,HAI,Haiti,MID,2,0.085025,0.051398,0.5013,0.048411,0.15,0.048411,0.050054,0.45,1.35,True,appearance_scaled_then_base_capped,complete_components,component_weighted_sum,component_base_rebuilt
peter_gwargis__irq,Peter Gwargis,IRQ,Irak,MID,2,0.085025,0.063433,0.5013,0.030794,0.15,0.030794,0.048746,0.45,1.35,True,appearance_scaled_then_base_capped,complete_components,component_weighted_sum,component_base_rebuilt
hasan_abdulkareem__irq,Hasan Abdulkareem,IRQ,Irak,MID,2,0.085025,0.048461,0.5013,0.036523,0.15,0.036523,0.043089,0.45,1.35,True,appearance_scaled_then_base_capped,complete_components,component_weighted_sum,component_base_rebuilt
michael_woud__nzl,Michael Woud,NZL,New Zealand,GK,2.5,0.169231,0.053126,0.810423,0.029523,0.15,0.029523,0.042504,0.45,1.35,True,appearance_scaled_then_base_capped,complete_components,component_weighted_sum,component_base_rebuilt
patrick_schulte__usa,Patrick Schulte,USA,USA,GK,2.5,0.169231,0.062337,0.810423,0.017598,0.15,0.017598,0.042204,0.45,1.35,True,appearance_scaled_then_base_capped,complete_components,component_weighted_sum,component_base_rebuilt
denzell_garcia__mex,Denzell Garcia,MEX,Mexico,MID,2,0.085025,0.046599,0.5013,0.030794,0.15,0.030794,0.039487,0.45,1.35,True,appearance_scaled_then_base_capped,complete_components,component_weighted_sum,component_base_rebuilt
grady_diangana__cod,Grady Diangana,COD,Congo DR,MID,2.5,0.352792,0.003105,1.248972,0.079934,0.15,0.079934,0.037678,0.45,1.35,True,appearance_scaled_then_base_capped,complete_components,component_weighted_sum,component_base_rebuilt
ricardo_goss__rsa,Ricardo Goss,RSA,Sydafrika,GK,2.5,0.169231,0.01634,0.810423,0.063329,0.15,0.063329,0.037485,0.45,1.35,True,appearance_scaled_then_base_capped,complete_components,component_weighted_sum,component_base_rebuilt
jamshid_iskanderov__uzb,Jamshid Iskanderov,UZB,Usbekistan,MID,2,0.085025,0.038522,0.5013,0.032298,0.15,0.032298,0.035721,0.45,1.35,True,appearance_scaled_then_base_capped,complete_components,component_weighted_sum,component_base_rebuilt
martin_jedlicka__cze,Martin Jedlicka,CZE,Tjekkiet,GK,2.5,0.169231,0.038126,0.810423,0.029059,0.15,0.029059,0.034046,0.45,1.35,True,appearance_scaled_then_base_capped,complete_components,component_weighted_sum,component_base_rebuilt
henrik_falchener__nor,Henrik Falchener,NOR,Norge,DEF,2,0.118454,0.003114,0.99706,0.066945,0.15,0.066945,0.031838,0.45,1.35,True,appearance_scaled_then_base_capped,complete_components,component_weighted_sum,component_base_rebuilt
taha_abdi_ali__swe,Taha Abdi Ali,SWE,Sverige,MID,2,0.085025,0.022793,0.5013,0.030794,0.15,0.030794,0.026394,0.45,1.35,True,appearance_scaled_then_base_capped,complete_components,component_weighted_sum,component_base_rebuilt
cesar_samudio__pan,Cesar Samudio,PAN,Panama,GK,2.5,0.169231,0.001016,0.810423,0.055109,0.15,0.055109,0.025358,0.45,1.35,True,appearance_scaled_then_base_capped,complete_components,component_weighted_sum,component_base_rebuilt
bum_keun_song__kor,Bum-Keun Song,KOR,Sydkorea,GK,2.5,0.169231,0.017567,0.810423,0.029059,0.15,0.029059,0.022739,0.45,1.35,True,appearance_scaled_then_base_capped,complete_components,component_weighted_sum,component_base_rebuilt
owen_goodman__can,Owen Goodman,CAN,Canada,GK,2.5,0.169231,0.007061,0.810423,0.029059,0.15,0.029059,0.01696,0.45,1.35,True,appearance_scaled_then_base_capped,complete_components,component_weighted_sum,component_base_rebuilt
abdulrahman_al_sanbi__ksa,Abdulrahman Al-Sanbi,KSA,Saudi-Arabien,GK,2.5,0.169231,0.002573,0.810423,0.032533,0.15,0.032533,0.016055,0.45,1.35,True,appearance_scaled_then_base_capped,complete_components,component_weighted_sum,component_base_rebuilt
marco_grull__aut,Marco Grüll,AUT,Østrig,FWD,2,0.075758,0.000648,0.541783,0.033745,0.15,0.033745,0.015542,0.45,1.35,True,appearance_scaled_then_base_capped,complete_components,component_weighted_sum,component_base_rebuilt
ivor_pandur__cro,Ivor Pandur,CRO,Kroatien,GK,2.5,0.169231,0.002564,0.810423,0.029059,0.15,0.029059,0.014487,0.45,1.35,True,appearance_scaled_then_base_capped,complete_components,component_weighted_sum,component_base_rebuilt
christoph_baumgartner__aut,Christoph Baumgartner,AUT,Østrig,MID,3.5,0.8263403263403264,0,0,0,0,0,0,0.45,1.35,False,not_applied,out_of_tournament,out_of_tournament_manual,out_of_tournament_zeroed
mohammed_al_rubaie_al_yami__ksa,Mohammed Al-Rubaie Al-Yami,KSA,Saudi-Arabien,GK,2.5,0.179856,0,0,0,0,0,0,0.45,1.35,False,not_applied,no_ev_source,no_ev_source,no_ev_source_zeroed
mohamed_kone__civ,Mohamed Kone,CIV,Elfenbenskysten,GK,3,0.478417,0,0,0,0,0,0,0.45,1.35,False,not_applied,no_ev_source,no_ev_source,no_ev_source_zeroed
rui_silva__por,Rui Silva,POR,Portugal,GK,4,0.809353,0,0,0,0,0,0,0.45,1.35,False,not_applied,no_ev_source,no_ev_source,no_ev_source_zeroed
walter_benitez__arg,Walter Benitez,ARG,Argentina,GK,4,0.809353,0,0,0,0,0,0,0.45,1.35,False,not_applied,no_ev_source,no_ev_source,no_ev_source_zeroed
joseph_anang__gha,Joseph Anang,GHA,Ghana,GK,2.5,0.179856,0,0,0,0,0,0,0.45,1.35,False,not_applied,no_ev_source,no_ev_source,no_ev_source_zeroed
marcio_rosa__cpv,Marcio Rosa,CPV,Kap Verde,GK,2.5,0.179856,0,0,0,0,0,0,0.45,1.35,False,not_applied,no_ev_source,no_ev_source,no_ev_source_zeroed
sabri_ben_hessen__tun,Sabri Ben Hessen,TUN,Tunesien,GK,2.5,0.179856,0,0,0,0,0,0,0.45,1.35,False,not_applied,no_ev_source,no_ev_source,no_ev_source_zeroed
nikolas_polster__aut,Nikolas Polster,AUT,Østrig,GK,2.5,0.179856,0,0,0,0,0,0,0.45,1.35,False,not_applied,no_ev_source,no_ev_source,no_ev_source_zeroed
el_mahdi_soliman__egy,El Mahdi Soliman,EGY,Egypten,GK,2.5,0.179856,0,0,0,0,0,0,0.45,1.35,False,not_applied,no_ev_source,no_ev_source,no_ev_source_zeroed
sander_tangvik__nor,Sander Tangvik,NOR,Norge,GK,3,0.503401,0,0,0,0,0,0,0.45,1.35,False,not_applied,no_ev_source,no_ev_source,no_ev_source_zeroed
sipho_chaine__rsa,Sipho Chaine,RSA,Sydafrika,GK,2.5,0.193878,0,0,0,0,0,0,0.45,1.35,False,not_applied,no_ev_source,no_ev_source,no_ev_source_zeroed
kumel_al_rekabe__irq,Kumel Al-Rekabe,IRQ,Irak,GK,2.5,0.193878,0,0,0,0,0,0,0.45,1.35,False,not_applied,no_ev_source,no_ev_source,no_ev_source_zeroed
osman_hadzikic__bih,Osman Hadzikic,BIH,Bosnien-Hercegovina,GK,2.5,0.193878,0,0,0,0,0,0,0.45,1.35,False,not_applied,no_ev_source,no_ev_source,no_ev_source_zeroed
mohamed_alaa__egy,Mohamed Alaa,EGY,Egypten,GK,2.5,0.193878,0,0,0,0,0,0,0.45,1.35,False,not_applied,no_ev_source,no_ev_source,no_ev_source_zeroed
botirali_ergashev__uzb,Botirali Ergashev,UZB,Usbekistan,GK,2.5,0.193878,0,0,0,0,0,0,0.45,1.35,False,not_applied,no_ev_source,no_ev_source,no_ev_source_zeroed
josue_duverger__hai,Josue Duverger,HAI,Haiti,GK,2.5,0.193878,0,0,0,0,0,0,0.45,1.35,False,not_applied,no_ev_source,no_ev_source,no_ev_source_zeroed
shehab_ellethy__qat,Shehab Ellethy,QAT,Qatar,GK,2.5,0.193878,0,0,0,0,0,0,0.45,1.35,False,not_applied,no_ev_source,no_ev_source,no_ev_source_zeroed
cj_dos_santos__cpv,CJ Dos Santos,CPV,Kap Verde,GK,2.5,0.195946,0,0,0,0,0,0,0.45,1.35,False,not_applied,no_ev_source,no_ev_source,no_ev_source_zeroed
chris_brady__usa,Chris Brady,USA,USA,GK,2.5,0.183099,0,0,0,0,0,0,0.45,1.35,False,not_applied,no_ev_source,no_ev_source,no_ev_source_zeroed
amin_chiakha__alg,Amin Chiakha,ALG,Algeriet,FWD,2.5,0.283465,0,0,0,0,0,0,0.45,1.35,False,not_applied,no_ev_source,no_ev_source,no_ev_source_zeroed
mohammad_abu_shararh_zrayq__jor,Mohammad Abu 'Shararh' Zrayq,JOR,Jordan,MID,2.5,0.367725,0,0,0,0,0,0,0.45,1.35,False,not_applied,no_ev_source,no_ev_source,no_ev_source_zeroed
alan_varela__arg,Alan Varela,ARG,Argentina,MID,2.5,0.367725,0,0,0,0,0,0,0.45,1.35,False,not_applied,no_ev_source,no_ev_source,no_ev_source_zeroed
abdulrahman_al_obood__ksa,Abdulrahman Al-Obood,KSA,Saudi-Arabien,MID,2.5,0.367725,0,0,0,0,0,0,0.45,1.35,False,not_applied,no_ev_source,no_ev_source,no_ev_source_zeroed
ar_jany_martha__cuw,Ar'jany Martha,CUW,Curaçao,FWD,2,0.082677,0,0,0,0,0,0,0.45,1.35,False,not_applied,no_ev_source,no_ev_source,no_ev_source_zeroed
aribim_pepple__can,Aribim Pepple,CAN,Canada,FWD,2,0.082677,0,0,0,0,0,0,0.45,1.35,False,not_applied,no_ev_source,no_ev_source,no_ev_source_zeroed
findlay_curtis__sco,Findlay Curtis,SCO,Skotland,FWD,2,0.082677,0,0,0,0,0,0,0.45,1.35,False,not_applied,no_ev_source,no_ev_source,no_ev_source_zeroed
thapelo_maseko__rsa,Thapelo Maseko,RSA,Sydafrika,FWD,2,0.082677,0,0,0,0,0,0,0.45,1.35,False,not_applied,no_ev_source,no_ev_source,no_ev_source_zeroed
ante_suto__aus,Ante Suto,AUS,Australien,FWD,2,0.082677,0,0,0,0,0,0,0.45,1.35,False,not_applied,no_ev_source,no_ev_source,no_ev_source_zeroed
raul_florucz__aut,Raul Florucz,AUT,Østrig,FWD,2,0.082677,0,0,0,0,0,0,0.45,1.35,False,not_applied,no_ev_source,no_ev_source,no_ev_source_zeroed
jeremy_ngakia__cod,Jeremy Ngakia,COD,Congo DR,DEF,2.5,0.412073,0,0,0,0,0,0,0.45,1.35,False,not_applied,no_ev_source,no_ev_source,no_ev_source_zeroed
denis_visinsky__cze,Denis Visinsky,CZE,Tjekkiet,MID,2,0.092593,0,0,0,0,0,0,0.45,1.35,False,not_applied,no_ev_source,no_ev_source,no_ev_source_zeroed
atakan_karazor__tur,Atakan Karazor,TUR,Tyrkiet,MID,2,0.092593,0,0,0,0,0,0,0.45,1.35,False,not_applied,no_ev_source,no_ev_source,no_ev_source_zeroed
alexander_alex_robertson__aus,Alexander 'Alex' Robertson,AUS,Australien,MID,2,0.092593,0,0,0,0,0,0,0.45,1.35,False,not_applied,no_ev_source,no_ev_source,no_ev_source_zeroed
jayden_adams__rsa,Jayden Adams,RSA,Sydafrika,MID,2,0.092593,0,0,0,0,0,0,0.45,1.35,False,not_applied,no_ev_source,no_ev_source,no_ev_source_zeroed
umarali_rakhmonaliyev__uzb,Umarali Rakhmonaliyev,UZB,Usbekistan,MID,2,0.092593,0,0,0,0,0,0,0.45,1.35,False,not_applied,no_ev_source,no_ev_source,no_ev_source_zeroed
ibrokhim_ibrokhimov__uzb,Ibrokhim Ibrokhimov,UZB,Usbekistan,MID,2,0.092593,0,0,0,0,0,0,0.45,1.35,False,not_applied,no_ev_source,no_ev_source,no_ev_source_zeroed
mohammad_taha__jor,Mohammad Taha,JOR,Jordan,MID,2,0.092593,0,0,0,0,0,0,0.45,1.35,False,not_applied,no_ev_source,no_ev_source,no_ev_source_zeroed
odeh_al_fakhouri__jor,Odeh Al-Fakhouri,JOR,Jordan,MID,2,0.092593,0,0,0,0,0,0,0.45,1.35,False,not_applied,no_ev_source,no_ev_source,no_ev_source_zeroed
ali_azaizeh__jor,Ali Azaizeh,JOR,Jordan,MID,2,0.092593,0,0,0,0,0,0,0.45,1.35,False,not_applied,no_ev_source,no_ev_source,no_ev_source_zeroed
kevin_felida__cuw,Kevin Felida,CUW,Curaçao,MID,2,0.092593,0,0,0,0,0,0,0.45,1.35,False,not_applied,no_ev_source,no_ev_source,no_ev_source_zeroed
tyrese_noslin__cuw,Tyrese Noslin,CUW,Curaçao,MID,2,0.092593,0,0,0,0,0,0,0.45,1.35,False,not_applied,no_ev_source,no_ev_source,no_ev_source_zeroed
woodensky_pierre__hai,Woodensky Pierre,HAI,Haiti,MID,2,0.092593,0,0,0,0,0,0,0.45,1.35,False,not_applied,no_ev_source,no_ev_source,no_ev_source_zeroed
sohaib_nair__alg,Sohaib Nair,ALG,Algeriet,DEF,2,0.114173,0,0,0,0,0,0,0.45,1.35,False,not_applied,no_ev_source,no_ev_source,no_ev_source_zeroed
elliot_stroud__swe,Elliot Stroud,SWE,Sverige,DEF,2,0.114173,0,0,0,0,0,0,0.45,1.35,False,not_applied,no_ev_source,no_ev_source,no_ev_source_zeroed
patric_pfeiffer__gha,Patric Pfeiffer,GHA,Ghana,DEF,2,0.114173,0,0,0,0,0,0,0.45,1.35,False,not_applied,no_ev_source,no_ev_source,no_ev_source_zeroed
mukhammadrasul_abdumazhidov__uzb,Mukhammadrasul Abdumazhidov,UZB,Usbekistan,DEF,2,0.114173,0,0,0,0,0,0,0.45,1.35,False,not_applied,no_ev_source,no_ev_source,no_ev_source_zeroed
tyrick_bodak__cuw,Tyrick Bodak,CUW,Curaçao,GK,2.5,0.202128,0,0,0,0,0,0,0.45,1.35,False,not_applied,no_ev_source,no_ev_source,no_ev_source_zeroed
trevor_doornbusch__cuw,Trevor Doornbusch,CUW,Curaçao,GK,2.5,0.202128,0,0,0,0,0,0,0.45,1.35,False,not_applied,no_ev_source,no_ev_source,no_ev_source_zeroed
juan_espinola__par,Juan Espinola,PAR,Paraguay,GK,2.5,0.202128,0,0,0,0,0,0,0.45,1.35,False,not_applied,no_ev_source,no_ev_source,no_ev_source_zeroed
raed_chikhaoui__tun,Raed Chikhaoui,TUN,Tunesien,DEF,2,0.0,0,0,0,0,0,0,0.45,1.35,False,not_applied,no_ev_source,no_ev_source,no_ev_source_zeroed
moustapha_mbow__sen,Moustapha Mbow,SEN,Senegal,DEF,2,0.0,0,0,0,0,0,0,0.45,1.35,False,not_applied,no_ev_source,no_ev_source,no_ev_source_zeroed
lenny_joseph__hai,Lenny Joseph,HAI,Haiti,FWD,2,0.0,0,0,0,0,0,0,0.45,1.35,False,not_applied,no_ev_source,no_ev_source,no_ev_source_zeroed
aqtay_abdallah__egy,Aqtay Abdallah,EGY,Egypten,FWD,2,0.0,0,0,0,0,0,0,0.45,1.35,False,not_applied,no_ev_source,no_ev_source,no_ev_source_zeroed
ange_yoan_bonny__civ,Ange-Yoan Bonny,CIV,Elfenbenskysten,FWD,2.5,0.0,0,0,0,0,0,0,0.45,1.35,False,not_applied,no_ev_source,no_ev_source,no_ev_source_zeroed
