player_name,team_id,old_start_prob,new_start_prob,conditional_start_prob,availability_prob,availability_risk,appearance_prob,round_specific_rotation_risk,start_signal_context_note,old_start_prob_source,new_start_prob_source
Nico Elvedi,SUI,0.6095,0.6095,0.6408,0.8605,medium_risk,,,,transfermarkt_availability_split_2026_06_04,transfermarkt_availability_split_2026_06_04
Silvan Widmer,SUI,0.632,0.632,0.7229,0.6408,high_risk,,,,transfermarkt_availability_split_2026_06_04,transfermarkt_availability_split_2026_06_04
Ricardo Rodriguez,SUI,0.8884,0.8884,0.9241,0.8895,low_risk,,,,transfermarkt_availability_split_2026_06_04,transfermarkt_availability_split_2026_06_04
Eray Cömert,SUI,0.3067,0.3067,0.3462,0.6742,medium_risk,,,,transfermarkt_availability_split_2026_06_04,transfermarkt_availability_split_2026_06_04
Manuel Akanji,SUI,0.8685,0.8685,0.9302,0.8103,medium_risk,,,,transfermarkt_availability_split_2026_06_04,transfermarkt_availability_split_2026_06_04
Aurele Amenda,SUI,0.2809,0.2809,0.3,0.8182,medium_risk,,,,transfermarkt_availability_split_2026_06_04,transfermarkt_availability_split_2026_06_04
Luca Jaquez,SUI,0.4562,0.4562,0.5,0.75,medium_risk,,,,transfermarkt_availability_split_2026_06_04,transfermarkt_availability_split_2026_06_04
Miro Muheim,SUI,0.3111,0.3111,0.3333,0.8095,medium_risk,,,,transfermarkt_availability_split_2026_06_04,transfermarkt_availability_split_2026_06_04
Stepan Chaloupek,CZE,0.9062,0.9062,0.9062,,unknown,,,,transfermarkt_availability_split_2026_06_04,transfermarkt_availability_split_2026_06_04
Martin Vitik,CZE,0.8269,0.8269,0.8269,,unknown,,,,transfermarkt_availability_split_2026_06_04,transfermarkt_availability_split_2026_06_04
Robin Hranac,CZE,0.6258,0.6258,0.7059,0.6757,medium_risk,,,,transfermarkt_availability_split_2026_06_04,transfermarkt_availability_split_2026_06_04
Ladislav Krejci,CZE,0.7777,0.7777,0.8929,0.6316,high_risk,,,,transfermarkt_availability_split_2026_06_04,transfermarkt_availability_split_2026_06_04
David Jurasek,CZE,0.8754,0.8754,0.8754,,unknown,,,,transfermarkt_availability_split_2026_06_04,transfermarkt_availability_split_2026_06_04
Jaroslav Zeleny,CZE,0.7681,0.7681,0.7681,,unknown,,,,transfermarkt_availability_split_2026_06_04,transfermarkt_availability_split_2026_06_04
Tomas Holes,CZE,0.8873,0.8873,0.8873,,unknown,,,,transfermarkt_availability_split_2026_06_04,transfermarkt_availability_split_2026_06_04
Vladimir Coufal,CZE,0.7537,0.7537,0.8052,0.8173,medium_risk,,,,transfermarkt_availability_split_2026_06_04,transfermarkt_availability_split_2026_06_04
João Cancelo,POR,0.732,0.732,0.8022,0.75,medium_risk,,,,transfermarkt_availability_split_2026_06_04,transfermarkt_availability_split_2026_06_04
Nelson Semedo,POR,0.5609,0.5609,0.6522,0.6,high_risk,,,,transfermarkt_availability_split_2026_06_04,transfermarkt_availability_split_2026_06_04
Diogo Dalot,POR,0.577,0.577,0.6154,0.8219,medium_risk,,,,transfermarkt_availability_split_2026_06_04,transfermarkt_availability_split_2026_06_04
Ruben Dias,POR,0.8077,0.8077,0.8506,0.8559,low_risk,,,,transfermarkt_availability_split_2026_06_04,transfermarkt_availability_split_2026_06_04
Nuno Mendes,POR,0.7657,0.7657,0.8431,0.7375,medium_risk,,,,transfermarkt_availability_split_2026_06_04,transfermarkt_availability_split_2026_06_04
Tomas Araujo,POR,0.536,0.536,0.6667,0.44,high_risk,,,,transfermarkt_availability_split_2026_06_04,transfermarkt_availability_split_2026_06_04
Goncalo Inacio,POR,0.5955,0.5955,0.6452,0.78,medium_risk,,,,transfermarkt_availability_split_2026_06_04,transfermarkt_availability_split_2026_06_04
Renato Veiga,POR,0.5625,0.5625,0.6,0.8214,medium_risk,,,,transfermarkt_availability_split_2026_06_04,transfermarkt_availability_split_2026_06_04
Mustafa Eskihellac,TUR,0.8002,0.8002,0.97,0.5,high_risk,,,,transfermarkt_availability_split_2026_06_04,transfermarkt_availability_split_2026_06_04
Ferdi Kadioglu,TUR,0.8985,0.8985,0.97,0.7895,medium_risk,,,,transfermarkt_availability_split_2026_06_04,transfermarkt_availability_split_2026_06_04
Samet Akaydin,TUR,0.476,0.476,0.5,0.8627,medium_risk,,,,transfermarkt_availability_split_2026_06_04,transfermarkt_availability_split_2026_06_04
Abdulkerim Bardakci,TUR,0.7036,0.7036,0.8182,0.6,high_risk,,,,transfermarkt_availability_split_2026_06_04,transfermarkt_availability_split_2026_06_04
Evren Eren Elmali,TUR,0.6381,0.6381,0.7241,0.6607,medium_risk,,,,transfermarkt_availability_split_2026_06_04,transfermarkt_availability_split_2026_06_04
Mert Müldür,TUR,0.7084,0.7084,0.7681,0.7778,medium_risk,,,,transfermarkt_availability_split_2026_06_04,transfermarkt_availability_split_2026_06_04
Merih Demiral,TUR,0.8407,0.8407,0.9104,0.7812,medium_risk,,,,transfermarkt_availability_split_2026_06_04,transfermarkt_availability_split_2026_06_04
Zeki Celik,TUR,0.7006,0.7006,0.7349,0.8667,low_risk,,,,transfermarkt_availability_split_2026_06_04,transfermarkt_availability_split_2026_06_04
Ozan Kabak,TUR,0.699,0.699,0.7576,0.7789,medium_risk,,,,transfermarkt_availability_split_2026_06_04,transfermarkt_availability_split_2026_06_04
David Alaba,AUT,0.9111,0.9111,0.97,0.8266,medium_risk,,,,transfermarkt_availability_split_2026_06_04,transfermarkt_availability_split_2026_06_04
Kevin Danso,AUT,0.7136,0.7136,0.7941,0.7103,medium_risk,,,,transfermarkt_availability_split_2026_06_04,transfermarkt_availability_split_2026_06_04
Stefan Posch,AUT,0.7042,0.7042,0.7586,0.7952,medium_risk,,,,transfermarkt_availability_split_2026_06_04,transfermarkt_availability_split_2026_06_04
Philipp Lienhart,AUT,0.6814,0.6814,0.7368,0.785,medium_risk,,,,transfermarkt_availability_split_2026_06_04,transfermarkt_availability_split_2026_06_04
Marco Friedl,AUT,0.4745,0.4745,0.5517,0.6,high_risk,,,,transfermarkt_availability_split_2026_06_04,transfermarkt_availability_split_2026_06_04
Maximilian Wöber,AUT,0.6391,0.6391,0.7407,0.6078,high_risk,,,,transfermarkt_availability_split_2026_06_04,transfermarkt_availability_split_2026_06_04
Phillipp Mwene,AUT,0.6568,0.6568,0.7297,0.7143,medium_risk,,,,transfermarkt_availability_split_2026_06_04,transfermarkt_availability_split_2026_06_04
Leopold Querfeld,AUT,0.3116,0.3116,0.3333,0.814,medium_risk,,,,transfermarkt_availability_split_2026_06_04,transfermarkt_availability_split_2026_06_04
Alexander Prass,AUT,0.6185,0.6185,0.7143,0.617,high_risk,,,,transfermarkt_availability_split_2026_06_04,transfermarkt_availability_split_2026_06_04
Martin Erlic,CRO,0.2946,0.2946,0.3243,0.7377,medium_risk,,,,transfermarkt_availability_split_2026_06_04,transfermarkt_availability_split_2026_06_04
Kristijan Jakic,CRO,0.3298,0.3298,0.375,0.6557,medium_risk,,,,transfermarkt_availability_split_2026_06_04,transfermarkt_availability_split_2026_06_04
Josip Sutalo,CRO,0.6646,0.6646,0.6977,0.8644,medium_risk,,,,transfermarkt_availability_split_2026_06_04,transfermarkt_availability_split_2026_06_04
Luka Vuskovic,CRO,0.7259,0.7259,0.7778,0.8095,medium_risk,,,,transfermarkt_availability_split_2026_06_04,transfermarkt_availability_split_2026_06_04
Josip Stanisic,CRO,0.6785,0.6785,0.7381,0.7692,medium_risk,,,,transfermarkt_availability_split_2026_06_04,transfermarkt_availability_split_2026_06_04
Josko Gvardiol,CRO,0.8562,0.8562,0.9216,0.7973,medium_risk,,,,transfermarkt_availability_split_2026_06_04,transfermarkt_availability_split_2026_06_04
Duje Caleta-Car,CRO,0.5612,0.5612,0.642,0.6403,high_risk,,,,transfermarkt_availability_split_2026_06_04,transfermarkt_availability_split_2026_06_04
Marin Pongracic,CRO,0.4152,0.4152,0.4828,0.6,high_risk,,,,transfermarkt_availability_split_2026_06_04,transfermarkt_availability_split_2026_06_04
Antonio Rüdiger,GER,0.7723,0.7723,0.8559,0.7212,medium_risk,,,,transfermarkt_availability_split_2026_06_04,transfermarkt_availability_split_2026_06_04
Jonathan Tah,GER,0.5671,0.5671,0.6395,0.6763,medium_risk,,,,transfermarkt_availability_split_2026_06_04,transfermarkt_availability_split_2026_06_04
Waldemar Anton,GER,0.4632,0.4632,0.5,0.7895,medium_risk,,,,transfermarkt_availability_split_2026_06_04,transfermarkt_availability_split_2026_06_04
Nico Schlotterbeck,GER,0.6026,0.6026,0.6522,0.7826,medium_risk,,,,transfermarkt_availability_split_2026_06_04,transfermarkt_availability_split_2026_06_04
Malick Thiaw,GER,0.3308,0.3308,0.3846,0.6,high_risk,,,,transfermarkt_availability_split_2026_06_04,transfermarkt_availability_split_2026_06_04
David Raum,GER,0.6701,0.6701,0.7059,0.8551,low_risk,,,,transfermarkt_availability_split_2026_06_04,transfermarkt_availability_split_2026_06_04
Malo Gusto,FRA,0.6615,0.6615,0.7692,0.6,high_risk,,,,transfermarkt_availability_split_2026_06_04,transfermarkt_availability_split_2026_06_04
Nathaniel Brown,GER,0.4611,0.4611,0.5,0.7778,medium_risk,,,,transfermarkt_availability_split_2026_06_04,transfermarkt_availability_split_2026_06_04
Maxence Lacroix,FRA,0.873,0.873,0.97,0.7143,unknown,,,,transfermarkt_availability_split_2026_06_04,transfermarkt_availability_split_2026_06_04
Jules Kounde,FRA,0.7661,0.7661,0.8182,0.8182,medium_risk,,,,transfermarkt_availability_split_2026_06_04,transfermarkt_availability_split_2026_06_04
William Saliba,FRA,0.6775,0.6775,0.7436,0.746,medium_risk,,,,transfermarkt_availability_split_2026_06_04,transfermarkt_availability_split_2026_06_04
Theo Hernandez,FRA,0.703,0.703,0.7241,0.9167,low_risk,,,,transfermarkt_availability_split_2026_06_04,transfermarkt_availability_split_2026_06_04
Dayot Upamecano,FRA,0.6745,0.6745,0.7647,0.6629,medium_risk,,,,transfermarkt_availability_split_2026_06_04,transfermarkt_availability_split_2026_06_04
Ibrahima Konate,FRA,0.5889,0.5889,0.6279,0.8226,medium_risk,,,,transfermarkt_availability_split_2026_06_04,transfermarkt_availability_split_2026_06_04
Lucas Hernandez,FRA,0.6898,0.6898,0.7333,0.8305,medium_risk,,,,transfermarkt_availability_split_2026_06_04,transfermarkt_availability_split_2026_06_04
Lucas Digne,FRA,0.4613,0.4613,0.5243,0.6568,medium_risk,,,,transfermarkt_availability_split_2026_06_04,transfermarkt_availability_split_2026_06_04
Stefan de Vrij,NED,0.6634,0.6634,0.7328,0.7294,medium_risk,,,,transfermarkt_availability_split_2026_06_04,transfermarkt_availability_split_2026_06_04
Nathan Ake,NED,0.6366,0.6366,0.6867,0.7913,medium_risk,,,,transfermarkt_availability_split_2026_06_04,transfermarkt_availability_split_2026_06_04
Virgil van Dijk,NED,0.8829,0.8829,0.9304,0.8542,low_risk,,,,transfermarkt_availability_split_2026_06_04,transfermarkt_availability_split_2026_06_04
Jurrien Timber,NED,0.6497,0.6497,0.7381,0.6579,medium_risk,,,,transfermarkt_availability_split_2026_06_04,transfermarkt_availability_split_2026_06_04
Denzel Dumfries,NED,0.8258,0.8258,0.8554,0.901,low_risk,,,,transfermarkt_availability_split_2026_06_04,transfermarkt_availability_split_2026_06_04
Jeremie Frimpong,NED,0.4459,0.4459,0.5,0.6909,medium_risk,,,,transfermarkt_availability_split_2026_06_04,transfermarkt_availability_split_2026_06_04
Jorrel Hato,NED,0.5733,0.5733,0.6667,0.6,high_risk,,,,transfermarkt_availability_split_2026_06_04,transfermarkt_availability_split_2026_06_04
Micky van de Ven,NED,0.7361,0.7361,0.8261,0.6889,medium_risk,,,,transfermarkt_availability_split_2026_06_04,transfermarkt_availability_split_2026_06_04
Jan Paul van Hecke,NED,0.6122,0.6122,0.6667,0.7667,medium_risk,,,,transfermarkt_availability_split_2026_06_04,transfermarkt_availability_split_2026_06_04
Pau Cubarsi,ESP,0.6024,0.6024,0.6842,0.6585,medium_risk,,,,transfermarkt_availability_split_2026_06_04,transfermarkt_availability_split_2026_06_04
Eric Garcia,ESP,0.5243,0.5243,0.5588,0.8235,medium_risk,,,,transfermarkt_availability_split_2026_06_04,transfermarkt_availability_split_2026_06_04
Pedro Porro,ESP,0.5375,0.5375,0.625,0.6,high_risk,,,,transfermarkt_availability_split_2026_06_04,transfermarkt_availability_split_2026_06_04
Marc Cucurella,ESP,0.6634,0.6634,0.7714,0.6,high_risk,,,,transfermarkt_availability_split_2026_06_04,transfermarkt_availability_split_2026_06_04
Alejandro 'Alex' Grimaldo,ESP,0.3837,0.3837,0.4,0.8837,medium_risk,,,,transfermarkt_availability_split_2026_06_04,transfermarkt_availability_split_2026_06_04
Aymeric Laporte,ESP,0.822,0.822,0.902,0.7468,medium_risk,,,,transfermarkt_availability_split_2026_06_04,transfermarkt_availability_split_2026_06_04
Eric Smith,SWE,0.0438,0.0438,0.05,0.6429,unknown,,,,transfermarkt_availability_split_2026_06_04,transfermarkt_availability_split_2026_06_04
Carl Starfelt,SWE,0.4553,0.4553,0.5294,0.6,high_risk,,,,transfermarkt_availability_split_2026_06_04,transfermarkt_availability_split_2026_06_04
Victor Lindelöf,SWE,0.7669,0.7669,0.8588,0.694,medium_risk,,,,transfermarkt_availability_split_2026_06_04,transfermarkt_availability_split_2026_06_04
Gabriel Gudmundsson,SWE,0.6853,0.6853,0.7778,0.6604,medium_risk,,,,transfermarkt_availability_split_2026_06_04,transfermarkt_availability_split_2026_06_04
Emil Holm,SWE,0.7883,0.7883,0.9167,0.6,high_risk,,,,transfermarkt_availability_split_2026_06_04,transfermarkt_availability_split_2026_06_04
Hjalmar Ekdal,SWE,0.4505,0.4505,0.5238,0.6,high_risk,,,,transfermarkt_availability_split_2026_06_04,transfermarkt_availability_split_2026_06_04
Daniel Svensson,SWE,0.6394,0.6394,0.6875,0.8,medium_risk,,,,transfermarkt_availability_split_2026_06_04,transfermarkt_availability_split_2026_06_04
Isak Hien,SWE,0.8197,0.8197,0.9,0.7451,medium_risk,,,,transfermarkt_availability_split_2026_06_04,transfermarkt_availability_split_2026_06_04
Gustaf Lagerbielke,SWE,0.5292,0.5292,0.6154,0.6,high_risk,,,,transfermarkt_availability_split_2026_06_04,transfermarkt_availability_split_2026_06_04
Achref Abada,ALG,0.4613,0.4613,0.5556,0.5152,high_risk,,,,transfermarkt_availability_split_2026_06_04,transfermarkt_availability_split_2026_06_04
Sohaib Nair,ALG,0.0386,0.0386,0.05,0.35,high_risk,,,,transfermarkt_availability_split_2026_06_04,transfermarkt_availability_split_2026_06_04
Elliot Stroud,SWE,0.0446,0.0446,0.05,0.6923,unknown,,,,transfermarkt_availability_split_2026_06_04,transfermarkt_availability_split_2026_06_04
Youcef Atal,ALG,0.7066,0.7066,0.8158,0.6176,high_risk,,,,transfermarkt_availability_split_2026_06_04,transfermarkt_availability_split_2026_06_04
Rafik Belghali,ALG,0.8614,0.8614,0.97,0.68,medium_risk,,,,transfermarkt_availability_split_2026_06_04,transfermarkt_availability_split_2026_06_04
Zineddine Belaid,ALG,0.4472,0.4472,0.52,0.6,high_risk,,,,transfermarkt_availability_split_2026_06_04,transfermarkt_availability_split_2026_06_04
Mehdi Dorval,ALG,0.1241,0.1241,0.1429,0.625,high_risk,,,,transfermarkt_availability_split_2026_06_04,transfermarkt_availability_split_2026_06_04
Rayan Ait-Nouri,ALG,0.775,0.775,0.9,0.6032,high_risk,,,,transfermarkt_availability_split_2026_06_04,transfermarkt_availability_split_2026_06_04
Ramy Bensebaini,ALG,0.7952,0.7952,0.8947,0.6821,medium_risk,,,,transfermarkt_availability_split_2026_06_04,transfermarkt_availability_split_2026_06_04
Aissa Mandi,ALG,0.8309,0.8309,0.8992,0.7829,medium_risk,,,,transfermarkt_availability_split_2026_06_04,transfermarkt_availability_split_2026_06_04
Nicolas Otamendi,ARG,0.7821,0.7821,0.8904,0.6525,medium_risk,,,,transfermarkt_availability_split_2026_06_04,transfermarkt_availability_split_2026_06_04
Nicolas Tagliafico,ARG,0.7459,0.7459,0.7872,0.85,low_risk,,,,transfermarkt_availability_split_2026_06_04,transfermarkt_availability_split_2026_06_04
Leonardo Balerdi,ARG,0.5864,0.5864,0.6818,0.6,high_risk,,,,transfermarkt_availability_split_2026_06_04,transfermarkt_availability_split_2026_06_04
Cristian Romero,ARG,0.8499,0.8499,0.9259,0.7654,medium_risk,,,,transfermarkt_availability_split_2026_06_04,transfermarkt_availability_split_2026_06_04
Julio Soler,ARG,0.7502,0.7502,0.8696,0.6078,high_risk,,,,transfermarkt_availability_split_2026_06_04,transfermarkt_availability_split_2026_06_04
Nahuel Molina,ARG,0.891,0.891,0.9355,0.8642,low_risk,,,,transfermarkt_availability_split_2026_06_04,transfermarkt_availability_split_2026_06_04
Gonzalo Montiel,ARG,0.5485,0.5485,0.6129,0.7,medium_risk,,,,transfermarkt_availability_split_2026_06_04,transfermarkt_availability_split_2026_06_04
Lucas Herrington,AUS,0.8795,0.8795,0.97,0.7333,medium_risk,,,,transfermarkt_availability_split_2026_06_04,transfermarkt_availability_split_2026_06_04
Jacob Italiano,AUS,0.7116,0.7116,0.8,0.6842,medium_risk,,,,transfermarkt_availability_split_2026_06_04,transfermarkt_availability_split_2026_06_04
Kye Rowles,AUS,0.6668,0.6668,0.7179,0.7966,medium_risk,,,,transfermarkt_availability_split_2026_06_04,transfermarkt_availability_split_2026_06_04
Alessandro Circati,AUS,0.6894,0.6894,0.7826,0.6596,medium_risk,,,,transfermarkt_availability_split_2026_06_04,transfermarkt_availability_split_2026_06_04
Cameron Burgess,AUS,0.7355,0.7355,0.7667,0.8837,low_risk,,,,transfermarkt_availability_split_2026_06_04,transfermarkt_availability_split_2026_06_04
Jordan Bos,AUS,0.8285,0.8285,0.9412,0.6579,medium_risk,,,,transfermarkt_availability_split_2026_06_04,transfermarkt_availability_split_2026_06_04
Callum Elder,AUS,0.2207,0.2207,0.2857,0.35,high_risk,,,,transfermarkt_availability_split_2026_06_04,transfermarkt_availability_split_2026_06_04
Aziz Behich,AUS,0.7021,0.7021,0.8,0.6503,high_risk,,,,transfermarkt_availability_split_2026_06_04,transfermarkt_availability_split_2026_06_04
Milos Degenek,AUS,0.6269,0.6269,0.6901,0.7383,medium_risk,,,,transfermarkt_availability_split_2026_06_04,transfermarkt_availability_split_2026_06_04
Marquinhos,BRA,0.7639,0.7639,0.8125,0.8293,medium_risk,,,,transfermarkt_availability_split_2026_06_04,transfermarkt_availability_split_2026_06_04
Douglas Santos,BRA,0.43,0.43,0.5,0.6,high_risk,,,,transfermarkt_availability_split_2026_06_04,transfermarkt_availability_split_2026_06_04
Alex Sandro,BRA,0.5519,0.5519,0.6418,0.6,high_risk,,,,transfermarkt_availability_split_2026_06_04,transfermarkt_availability_split_2026_06_04
Danilo Luiz da Silva,BRA,0.6378,0.6378,0.7416,0.6,high_risk,,,,transfermarkt_availability_split_2026_06_04,transfermarkt_availability_split_2026_06_04
Eder Militão,BRA,0.6505,0.6505,0.7042,0.7822,medium_risk,,,,transfermarkt_availability_split_2026_06_04,transfermarkt_availability_split_2026_06_04
Jason Geria,AUS,0.5529,0.5529,0.6429,0.6,high_risk,,,,transfermarkt_availability_split_2026_06_04,transfermarkt_availability_split_2026_06_04
Kai Trewin,AUS,0.4417,0.4417,0.5,0.6667,medium_risk,,,,transfermarkt_availability_split_2026_06_04,transfermarkt_availability_split_2026_06_04
Gabriel Magalhaes,BRA,0.5221,0.5221,0.6071,0.6,high_risk,,,,transfermarkt_availability_split_2026_06_04,transfermarkt_availability_split_2026_06_04
Roger Ibanez,BRA,0.3862,0.3862,0.5,0.35,high_risk,,,,transfermarkt_availability_split_2026_06_04,transfermarkt_availability_split_2026_06_04
Bremer,BRA,0.4009,0.4009,0.4483,0.6981,medium_risk,,,,transfermarkt_availability_split_2026_06_04,transfermarkt_availability_split_2026_06_04
Leo Pereira,BRA,0.873,0.873,0.97,0.7143,unknown,,,,transfermarkt_availability_split_2026_06_04,transfermarkt_availability_split_2026_06_04
Clement Akpa,CIV,0.3215,0.3215,0.375,0.5926,high_risk,,,,transfermarkt_availability_split_2026_06_04,transfermarkt_availability_split_2026_06_04
Wilfried Stephane Singo,CIV,0.7381,0.7381,0.8462,0.6351,high_risk,,,,transfermarkt_availability_split_2026_06_04,transfermarkt_availability_split_2026_06_04
Ousmane Diomande,CIV,0.4417,0.4417,0.5,0.6667,medium_risk,,,,transfermarkt_availability_split_2026_06_04,transfermarkt_availability_split_2026_06_04
Wesley Franca,BRA,0.6273,0.6273,0.7143,0.6522,medium_risk,,,,transfermarkt_availability_split_2026_06_04,transfermarkt_availability_split_2026_06_04
Emmanuel Agbadou,CIV,0.43,0.43,0.5,0.6,high_risk,,,,transfermarkt_availability_split_2026_06_04,transfermarkt_availability_split_2026_06_04
Ghislain Konan,CIV,0.755,0.755,0.871,0.6195,high_risk,,,,transfermarkt_availability_split_2026_06_04,transfermarkt_availability_split_2026_06_04
Guela Doue,CIV,0.7506,0.7506,0.8,0.8235,medium_risk,,,,transfermarkt_availability_split_2026_06_04,transfermarkt_availability_split_2026_06_04
Odilon Kossounou,CIV,0.6317,0.6317,0.7174,0.6585,medium_risk,,,,transfermarkt_availability_split_2026_06_04,transfermarkt_availability_split_2026_06_04
Evan N'Dicka,CIV,0.7801,0.7801,0.8438,0.7843,medium_risk,,,,transfermarkt_availability_split_2026_06_04,transfermarkt_availability_split_2026_06_04
John Stones,ENG,0.7454,0.7454,0.8302,0.7081,medium_risk,,,,transfermarkt_availability_split_2026_06_04,transfermarkt_availability_split_2026_06_04
Reece James,ENG,0.5931,0.5931,0.6897,0.6,high_risk,,,,transfermarkt_availability_split_2026_06_04,transfermarkt_availability_split_2026_06_04
Ezri Konsa,ENG,0.629,0.629,0.68,0.7857,medium_risk,,,,transfermarkt_availability_split_2026_06_04,transfermarkt_availability_split_2026_06_04
Marc Guehi,ENG,0.6708,0.6708,0.75,0.6984,medium_risk,,,,transfermarkt_availability_split_2026_06_04,transfermarkt_availability_split_2026_06_04
Valentino Livramento,ENG,0.4796,0.4796,0.5455,0.6552,medium_risk,,,,transfermarkt_availability_split_2026_06_04,transfermarkt_availability_split_2026_06_04
Dan Burn,ENG,0.462,0.462,0.5,0.7826,medium_risk,,,,transfermarkt_availability_split_2026_06_04,transfermarkt_availability_split_2026_06_04
Djed Spence,ENG,0.5214,0.5214,0.5714,0.75,medium_risk,,,,transfermarkt_availability_split_2026_06_04,transfermarkt_availability_split_2026_06_04
Jarell Quansah,ENG,0.4327,0.4327,0.5,0.6154,high_risk,,,,transfermarkt_availability_split_2026_06_04,transfermarkt_availability_split_2026_06_04
Jerome Opoku,GHA,0.3969,0.3969,0.4615,0.6,high_risk,,,,transfermarkt_availability_split_2026_06_04,transfermarkt_availability_split_2026_06_04
Nico O'Reilly,ENG,0.5417,0.5417,0.6,0.7222,medium_risk,,,,transfermarkt_availability_split_2026_06_04,transfermarkt_availability_split_2026_06_04
Alexander Djiku,GHA,0.8325,0.8325,0.9535,0.6375,high_risk,,,,transfermarkt_availability_split_2026_06_04,transfermarkt_availability_split_2026_06_04
Derrick Köhn,GHA,0.6728,0.6728,0.75,0.7059,medium_risk,,,,transfermarkt_availability_split_2026_06_04,transfermarkt_availability_split_2026_06_04
Patric Pfeiffer,GHA,0.0438,0.0438,0.05,0.6429,unknown,,,,transfermarkt_availability_split_2026_06_04,transfermarkt_availability_split_2026_06_04
Kojo Peprah Oppong,GHA,0.6728,0.6728,0.75,0.7059,medium_risk,,,,transfermarkt_availability_split_2026_06_04,transfermarkt_availability_split_2026_06_04
Caleb Yirenkyi,GHA,0.8892,0.8892,0.97,0.7619,medium_risk,,,,transfermarkt_availability_split_2026_06_04,transfermarkt_availability_split_2026_06_04
Derrick Luckassen,GHA,0.4417,0.4417,0.5,0.6667,medium_risk,,,,transfermarkt_availability_split_2026_06_04,transfermarkt_availability_split_2026_06_04
Gideon Mensah,GHA,0.6819,0.6819,0.75,0.7407,medium_risk,,,,transfermarkt_availability_split_2026_06_04,transfermarkt_availability_split_2026_06_04
Marvin Senaya,GHA,0.0438,0.0438,0.05,0.6429,unknown,,,,transfermarkt_availability_split_2026_06_04,transfermarkt_availability_split_2026_06_04
Yuto Nagatomo,JPN,0.7557,0.7557,0.8547,0.6691,medium_risk,,,,transfermarkt_availability_split_2026_06_04,transfermarkt_availability_split_2026_06_04
Ko Itakura,JPN,0.6414,0.6414,0.7241,0.6735,medium_risk,,,,transfermarkt_availability_split_2026_06_04,transfermarkt_availability_split_2026_06_04
Takehiro Tomiyasu,JPN,0.7391,0.7391,0.8571,0.6064,high_risk,,,,transfermarkt_availability_split_2026_06_04,transfermarkt_availability_split_2026_06_04
Yukinari Sugawara,JPN,0.4631,0.4631,0.5385,0.6,high_risk,,,,transfermarkt_availability_split_2026_06_04,transfermarkt_availability_split_2026_06_04
Junnosuke Suzuki,JPN,0.7446,0.7446,0.8571,0.625,high_risk,,,,transfermarkt_availability_split_2026_06_04,transfermarkt_availability_split_2026_06_04
Ayumu Seko,JPN,0.559,0.559,0.65,0.6,high_risk,,,,transfermarkt_availability_split_2026_06_04,transfermarkt_availability_split_2026_06_04
Tsuyoshi Watanabe,JPN,0.516,0.516,0.6,0.6,high_risk,,,,transfermarkt_availability_split_2026_06_04,transfermarkt_availability_split_2026_06_04
Shogo Taniguchi,JPN,0.5529,0.5529,0.6429,0.6,high_risk,,,,transfermarkt_availability_split_2026_06_04,transfermarkt_availability_split_2026_06_04
Min-jae Kim,KOR,0.8652,0.8652,0.9634,0.7087,medium_risk,,,,transfermarkt_availability_split_2026_06_04,transfermarkt_availability_split_2026_06_04
Hiroki Ito,JPN,0.7462,0.7462,0.7917,0.8358,medium_risk,,,,transfermarkt_availability_split_2026_06_04,transfermarkt_availability_split_2026_06_04
Han-beom Lee,KOR,0.4988,0.4988,0.5556,0.7083,medium_risk,,,,transfermarkt_availability_split_2026_06_04,transfermarkt_availability_split_2026_06_04
Moon-Hwan Kim,KOR,0.54,0.54,0.6279,0.6,high_risk,,,,transfermarkt_availability_split_2026_06_04,transfermarkt_availability_split_2026_06_04
Yu-Min Cho,KOR,0.4056,0.4056,0.4688,0.6154,high_risk,,,,transfermarkt_availability_split_2026_06_04,transfermarkt_availability_split_2026_06_04
Tae-Seok Lee,KOR,0.775,0.775,0.8333,0.8,medium_risk,,,,transfermarkt_availability_split_2026_06_04,transfermarkt_availability_split_2026_06_04
Tae-Hyeon Kim,KOR,0.2725,0.2725,0.3333,0.4783,high_risk,,,,transfermarkt_availability_split_2026_06_04,transfermarkt_availability_split_2026_06_04
Young-woo Seol,KOR,0.8234,0.8234,0.8788,0.82,medium_risk,,,,transfermarkt_availability_split_2026_06_04,transfermarkt_availability_split_2026_06_04
Gi-hyuk Lee,KOR,0.1931,0.1931,0.25,0.35,high_risk,,,,transfermarkt_availability_split_2026_06_04,transfermarkt_availability_split_2026_06_04
Jesus Angulo,MEX,0.6071,0.6071,0.7059,0.6,high_risk,,,,transfermarkt_availability_split_2026_06_04,transfermarkt_availability_split_2026_06_04
Everardo Lopez,MEX,0.5178,0.5178,0.5882,0.6579,medium_risk,,,,transfermarkt_availability_split_2026_06_04,transfermarkt_availability_split_2026_06_04
Cesar Montes,MEX,0.6417,0.6417,0.7442,0.6065,high_risk,,,,transfermarkt_availability_split_2026_06_04,transfermarkt_availability_split_2026_06_04
Jesus Gallardo,MEX,0.7889,0.7889,0.8425,0.8182,medium_risk,,,,transfermarkt_availability_split_2026_06_04,transfermarkt_availability_split_2026_06_04
Israel Reyes,MEX,0.5345,0.5345,0.619,0.6098,high_risk,,,,transfermarkt_availability_split_2026_06_04,transfermarkt_availability_split_2026_06_04
Richard Ledezma,MEX,0.5759,0.5759,0.6667,0.6111,high_risk,,,,transfermarkt_availability_split_2026_06_04,transfermarkt_availability_split_2026_06_04
Jorge Sanchez,MEX,0.6366,0.6366,0.726,0.648,high_risk,,,,transfermarkt_availability_split_2026_06_04,transfermarkt_availability_split_2026_06_04
Johan Vasquez,MEX,0.6207,0.6207,0.7059,0.6552,medium_risk,,,,transfermarkt_availability_split_2026_06_04,transfermarkt_availability_split_2026_06_04
Liberato Cacace,NZL,0.8273,0.8273,0.9167,0.7213,medium_risk,,,,transfermarkt_availability_split_2026_06_04,transfermarkt_availability_split_2026_06_04
Francis de Vries,NZL,0.6054,0.6054,0.6923,0.6415,high_risk,,,,transfermarkt_availability_split_2026_06_04,transfermarkt_availability_split_2026_06_04
Finn Surman,NZL,0.6455,0.6455,0.7143,0.725,medium_risk,,,,transfermarkt_availability_split_2026_06_04,transfermarkt_availability_split_2026_06_04
Michael Boxall,NZL,0.6833,0.6833,0.7612,0.7075,medium_risk,,,,transfermarkt_availability_split_2026_06_04,transfermarkt_availability_split_2026_06_04
Tim Payne,NZL,0.7626,0.7626,0.8868,0.6,high_risk,,,,transfermarkt_availability_split_2026_06_04,transfermarkt_availability_split_2026_06_04
Callan Elliot,NZL,0.618,0.618,0.8,0.35,high_risk,,,,transfermarkt_availability_split_2026_06_04,transfermarkt_availability_split_2026_06_04
Tyler Bindon,NZL,0.8205,0.8205,0.8636,0.8571,low_risk,,,,transfermarkt_availability_split_2026_06_04,transfermarkt_availability_split_2026_06_04
Tommy Smith,NZL,0.0438,0.0438,0.05,0.6429,unknown,,,,transfermarkt_availability_split_2026_06_04,transfermarkt_availability_split_2026_06_04
Nando Pijnaker,NZL,0.6188,0.6188,0.6875,0.7143,medium_risk,,,,transfermarkt_availability_split_2026_06_04,transfermarkt_availability_split_2026_06_04
Omar Alderete,PAR,0.6182,0.6182,0.7083,0.6364,high_risk,,,,transfermarkt_availability_split_2026_06_04,transfermarkt_availability_split_2026_06_04
Gustavo Gomez,PAR,0.7834,0.7834,0.8396,0.8085,medium_risk,,,,transfermarkt_availability_split_2026_06_04,transfermarkt_availability_split_2026_06_04
Alexis Duarte,PAR,0.1104,0.1104,0.1429,0.35,high_risk,,,,transfermarkt_availability_split_2026_06_04,transfermarkt_availability_split_2026_06_04
Gustavo Velazquez,PAR,0.3942,0.3942,0.4583,0.6,high_risk,,,,transfermarkt_availability_split_2026_06_04,transfermarkt_availability_split_2026_06_04
Gonzalo Agustin Sandez,PAR,0.3533,0.3533,0.4,0.6667,medium_risk,,,,transfermarkt_availability_split_2026_06_04,transfermarkt_availability_split_2026_06_04
Juan Jose Caceres,PAR,0.7023,0.7023,0.8,0.6512,high_risk,,,,transfermarkt_availability_split_2026_06_04,transfermarkt_availability_split_2026_06_04
Alan Benitez,PAR,0.5733,0.5733,0.6667,0.6,high_risk,,,,transfermarkt_availability_split_2026_06_04,transfermarkt_availability_split_2026_06_04
Junior Alonso,PAR,0.6931,0.6931,0.7692,0.7174,medium_risk,,,,transfermarkt_availability_split_2026_06_04,transfermarkt_availability_split_2026_06_04
Blas Riveros,PAR,0.5235,0.5235,0.6087,0.6,high_risk,,,,transfermarkt_availability_split_2026_06_04,transfermarkt_availability_split_2026_06_04
Thabang Matuludi,RSA,0.1162,0.1162,0.125,0.8,medium_risk,,,,transfermarkt_availability_split_2026_06_04,transfermarkt_availability_split_2026_06_04
Aubrey Modiba,RSA,0.6318,0.6318,0.7347,0.6,high_risk,,,,transfermarkt_availability_split_2026_06_04,transfermarkt_availability_split_2026_06_04
Ime Okon,RSA,0.8795,0.8795,0.97,0.7333,medium_risk,,,,transfermarkt_availability_split_2026_06_04,transfermarkt_availability_split_2026_06_04
Khulumani Ndamane,RSA,0.225,0.225,0.25,0.7143,medium_risk,,,,transfermarkt_availability_split_2026_06_04,transfermarkt_availability_split_2026_06_04
Khuliso Mudau,RSA,0.8279,0.8279,0.9412,0.6562,medium_risk,,,,transfermarkt_availability_split_2026_06_04,transfermarkt_availability_split_2026_06_04
Samukele Kabini,RSA,0.3475,0.3475,0.3846,0.7241,medium_risk,,,,transfermarkt_availability_split_2026_06_04,transfermarkt_availability_split_2026_06_04
Mbekezeli Mbokazi,RSA,0.6885,0.6885,0.7692,0.7,medium_risk,,,,transfermarkt_availability_split_2026_06_04,transfermarkt_availability_split_2026_06_04
Nkosinathi Sibisi,RSA,0.3857,0.3857,0.4286,0.7143,medium_risk,,,,transfermarkt_availability_split_2026_06_04,transfermarkt_availability_split_2026_06_04
Mathias Olivera,URU,0.8379,0.8379,0.9211,0.7419,medium_risk,,,,transfermarkt_availability_split_2026_06_04,transfermarkt_availability_split_2026_06_04
Jose Maria Gimenez,URU,0.8283,0.8283,0.9099,0.7438,medium_risk,,,,transfermarkt_availability_split_2026_06_04,transfermarkt_availability_split_2026_06_04
Martin Caceres,URU,0.7601,0.7601,0.8298,0.7602,medium_risk,,,,transfermarkt_availability_split_2026_06_04,transfermarkt_availability_split_2026_06_04
Guillermo Varela,URU,0.5733,0.5733,0.6667,0.6,high_risk,,,,transfermarkt_availability_split_2026_06_04,transfermarkt_availability_split_2026_06_04
Ronald Araujo,URU,0.6275,0.6275,0.7209,0.6296,high_risk,,,,transfermarkt_availability_split_2026_06_04,transfermarkt_availability_split_2026_06_04
Jose Luis Rodriguez Bebanz,URU,0.1955,0.1955,0.2273,0.6,high_risk,,,,transfermarkt_availability_split_2026_06_04,transfermarkt_availability_split_2026_06_04
Santiago Bueno,URU,0.3621,0.3621,0.4211,0.6,high_risk,,,,transfermarkt_availability_split_2026_06_04,transfermarkt_availability_split_2026_06_04
Matias Viña,URU,0.7228,0.7228,0.8,0.7241,medium_risk,,,,transfermarkt_availability_split_2026_06_04,transfermarkt_availability_split_2026_06_04
Mark McKenzie,USA,0.3942,0.3942,0.4583,0.6,high_risk,,,,transfermarkt_availability_split_2026_06_04,transfermarkt_availability_split_2026_06_04
Miles Robinson,USA,0.5132,0.5132,0.5902,0.6273,high_risk,,,,transfermarkt_availability_split_2026_06_04,transfermarkt_availability_split_2026_06_04
Max Arfsten,USA,0.8217,0.8217,0.8667,0.8519,low_risk,,,,transfermarkt_availability_split_2026_06_04,transfermarkt_availability_split_2026_06_04
Alex Freeman,USA,0.8632,0.8632,0.9167,0.8333,medium_risk,,,,transfermarkt_availability_split_2026_06_04,transfermarkt_availability_split_2026_06_04
Antonee Robinson,USA,0.7562,0.7562,0.8793,0.6,high_risk,,,,transfermarkt_availability_split_2026_06_04,transfermarkt_availability_split_2026_06_04
Chris Richards,USA,0.6712,0.6712,0.7805,0.6,high_risk,,,,transfermarkt_availability_split_2026_06_04,transfermarkt_availability_split_2026_06_04
Tim Ream,USA,0.5761,0.5761,0.6699,0.6,high_risk,,,,transfermarkt_availability_split_2026_06_04,transfermarkt_availability_split_2026_06_04
Deiver Machado,COL,0.5106,0.5106,0.5938,0.6,high_risk,,,,transfermarkt_availability_split_2026_06_04,transfermarkt_availability_split_2026_06_04
Davinson Sanchez,COL,0.7666,0.7666,0.8125,0.8387,medium_risk,,,,transfermarkt_availability_split_2026_06_04,transfermarkt_availability_split_2026_06_04
Yerry Mina,COL,0.6156,0.6156,0.6962,0.6692,medium_risk,,,,transfermarkt_availability_split_2026_06_04,transfermarkt_availability_split_2026_06_04
Johan Mojica,COL,0.645,0.645,0.75,0.6,high_risk,,,,transfermarkt_availability_split_2026_06_04,transfermarkt_availability_split_2026_06_04
Santiago Arias,COL,0.6674,0.6674,0.7476,0.6937,medium_risk,,,,transfermarkt_availability_split_2026_06_04,transfermarkt_availability_split_2026_06_04
Jhon Lucumi,COL,0.5164,0.5164,0.5862,0.66,medium_risk,,,,transfermarkt_availability_split_2026_06_04,transfermarkt_availability_split_2026_06_04
Daniel Muñoz,COL,0.7378,0.7378,0.8,0.7778,medium_risk,,,,transfermarkt_availability_split_2026_06_04,transfermarkt_availability_split_2026_06_04
Willer Ditta,COL,0.3311,0.3311,0.4286,0.35,high_risk,,,,transfermarkt_availability_split_2026_06_04,transfermarkt_availability_split_2026_06_04
Joel Ordonez,ECU,0.4914,0.4914,0.5333,0.7755,medium_risk,,,,transfermarkt_availability_split_2026_06_04,transfermarkt_availability_split_2026_06_04
Angelo Preciado,ECU,0.7096,0.7096,0.7963,0.6889,medium_risk,,,,transfermarkt_availability_split_2026_06_04,transfermarkt_availability_split_2026_06_04
Felix 'Feliz' Torres,ECU,0.6165,0.6165,0.6462,0.869,medium_risk,,,,transfermarkt_availability_split_2026_06_04,transfermarkt_availability_split_2026_06_04
Jackson Porozo,ECU,0.3225,0.3225,0.375,0.6,high_risk,,,,transfermarkt_availability_split_2026_06_04,transfermarkt_availability_split_2026_06_04
Piero Hincapie,ECU,0.8766,0.8766,0.9444,0.7949,medium_risk,,,,transfermarkt_availability_split_2026_06_04,transfermarkt_availability_split_2026_06_04
Willian Pacho,ECU,0.7838,0.7838,0.8095,0.9091,low_risk,,,,transfermarkt_availability_split_2026_06_04,transfermarkt_availability_split_2026_06_04
Pervis Estupinan,ECU,0.8713,0.8713,0.97,0.7093,medium_risk,,,,transfermarkt_availability_split_2026_06_04,transfermarkt_availability_split_2026_06_04
Dennis Hadzikadunic,BIH,0.6747,0.6747,0.7714,0.6418,high_risk,,,,transfermarkt_availability_split_2026_06_04,transfermarkt_availability_split_2026_06_04
Amar Dedic,BIH,0.8054,0.8054,0.8929,0.72,medium_risk,,,,transfermarkt_availability_split_2026_06_04,transfermarkt_availability_split_2026_06_04
Sead Kolasinac,BIH,0.8213,0.8213,0.9157,0.7054,medium_risk,,,,transfermarkt_availability_split_2026_06_04,transfermarkt_availability_split_2026_06_04
Tarik Muharemovic,BIH,0.7755,0.7755,0.8235,0.8333,medium_risk,,,,transfermarkt_availability_split_2026_06_04,transfermarkt_availability_split_2026_06_04
Stjepan Radeljic,BIH,0.3715,0.3715,0.4444,0.5312,high_risk,,,,transfermarkt_availability_split_2026_06_04,transfermarkt_availability_split_2026_06_04
Nikola Katic,BIH,0.7847,0.7847,0.8571,0.7586,medium_risk,,,,transfermarkt_availability_split_2026_06_04,transfermarkt_availability_split_2026_06_04
Nihad Mujakic,BIH,0.4396,0.4396,0.4737,0.7941,medium_risk,,,,transfermarkt_availability_split_2026_06_04,transfermarkt_availability_split_2026_06_04
Nidal Celik,BIH,0.6128,0.6128,0.6667,0.7692,medium_risk,,,,transfermarkt_availability_split_2026_06_04,transfermarkt_availability_split_2026_06_04
Hossein Abarghouei,IRN,0.7913,0.7913,0.97,0.4737,high_risk,,,,transfermarkt_availability_split_2026_06_04,transfermarkt_availability_split_2026_06_04
Danial Esmaeilifar,IRN,0.3862,0.3862,0.5,0.35,high_risk,,,,transfermarkt_availability_split_2026_06_04,transfermarkt_availability_split_2026_06_04
Hossein Kanaani,IRN,0.7369,0.7369,0.8065,0.7537,medium_risk,,,,transfermarkt_availability_split_2026_06_04,transfermarkt_availability_split_2026_06_04
Shojae Khalilzadeh,IRN,0.7167,0.7167,0.8333,0.6,high_risk,,,,transfermarkt_availability_split_2026_06_04,transfermarkt_availability_split_2026_06_04
Abolfazl Jalali,IRN,0.3762,0.3762,0.4375,0.6,high_risk,,,,transfermarkt_availability_split_2026_06_04,transfermarkt_availability_split_2026_06_04
Milad Mohammadi,IRN,0.6793,0.6793,0.7245,0.8217,medium_risk,,,,transfermarkt_availability_split_2026_06_04,transfermarkt_availability_split_2026_06_04
Ramin Rezaeian,IRN,0.7,0.7,0.7901,0.6742,medium_risk,,,,transfermarkt_availability_split_2026_06_04,transfermarkt_availability_split_2026_06_04
Ehsan Hajsafi,IRN,0.7469,0.7469,0.8322,0.7072,medium_risk,,,,transfermarkt_availability_split_2026_06_04,transfermarkt_availability_split_2026_06_04
Thomas Meunier,BEL,0.7556,0.7556,0.8764,0.6062,high_risk,,,,transfermarkt_availability_split_2026_06_04,transfermarkt_availability_split_2026_06_04
Brandon Mechele,BEL,0.1771,0.1771,0.2059,0.6,high_risk,,,,transfermarkt_availability_split_2026_06_04,transfermarkt_availability_split_2026_06_04
Koni de Winter,BEL,0.4627,0.4627,0.5333,0.6216,high_risk,,,,transfermarkt_availability_split_2026_06_04,transfermarkt_availability_split_2026_06_04
Maxim De Cuyper,BEL,0.7162,0.7162,0.7619,0.8286,medium_risk,,,,transfermarkt_availability_split_2026_06_04,transfermarkt_availability_split_2026_06_04
Timothy Castagne,BEL,0.7767,0.7767,0.8194,0.8511,low_risk,,,,transfermarkt_availability_split_2026_06_04,transfermarkt_availability_split_2026_06_04
Joaquin Seys,BEL,0.4562,0.4562,0.5,0.75,medium_risk,,,,transfermarkt_availability_split_2026_06_04,transfermarkt_availability_split_2026_06_04
Nathan Ngoy,BEL,0.8655,0.8655,0.97,0.6923,unknown,,,,transfermarkt_availability_split_2026_06_04,transfermarkt_availability_split_2026_06_04
Zeno Debast,BEL,0.6566,0.6566,0.6842,0.8846,medium_risk,,,,transfermarkt_availability_split_2026_06_04,transfermarkt_availability_split_2026_06_04
Arthur Theate,BEL,0.6402,0.6402,0.6739,0.8571,medium_risk,,,,transfermarkt_availability_split_2026_06_04,transfermarkt_availability_split_2026_06_04
Rebin Sulaka,IRQ,0.6381,0.6381,0.7419,0.6,high_risk,,,,transfermarkt_availability_split_2026_06_04,transfermarkt_availability_split_2026_06_04
Hussein Ali,IRQ,0.8097,0.8097,0.9167,0.6667,medium_risk,,,,transfermarkt_availability_split_2026_06_04,transfermarkt_availability_split_2026_06_04
Akam Hashem,IRQ,0.5017,0.5017,0.5833,0.6,high_risk,,,,transfermarkt_availability_split_2026_06_04,transfermarkt_availability_split_2026_06_04
Manaf Younis,IRQ,0.5373,0.5373,0.5897,0.746,medium_risk,,,,transfermarkt_availability_split_2026_06_04,transfermarkt_availability_split_2026_06_04
Ahmed Hasan Maknzi,IRQ,0.4481,0.4481,0.5556,0.4474,high_risk,,,,transfermarkt_availability_split_2026_06_04,transfermarkt_availability_split_2026_06_04
Merchas Doski,IRQ,0.8342,0.8342,0.97,0.6,high_risk,,,,transfermarkt_availability_split_2026_06_04,transfermarkt_availability_split_2026_06_04
Zaid Tahseen,IRQ,0.676,0.676,0.7297,0.7895,medium_risk,,,,transfermarkt_availability_split_2026_06_04,transfermarkt_availability_split_2026_06_04
Frans Dhia Putros,IRQ,0.4806,0.4806,0.5588,0.6,high_risk,,,,transfermarkt_availability_split_2026_06_04,transfermarkt_availability_split_2026_06_04
Roderick Miller,PAN,0.4997,0.4997,0.5811,0.6,high_risk,,,,transfermarkt_availability_split_2026_06_04,transfermarkt_availability_split_2026_06_04
Eric Davis,PAN,0.633,0.633,0.736,0.6,high_risk,,,,transfermarkt_availability_split_2026_06_04,transfermarkt_availability_split_2026_06_04
Fidel Escobar,PAN,0.7661,0.7661,0.8857,0.6141,high_risk,,,,transfermarkt_availability_split_2026_06_04,transfermarkt_availability_split_2026_06_04
Michael Amir Murillo,PAN,0.7665,0.7665,0.8824,0.625,high_risk,,,,transfermarkt_availability_split_2026_06_04,transfermarkt_availability_split_2026_06_04
Cesar Blackman,PAN,0.443,0.443,0.5085,0.6321,high_risk,,,,transfermarkt_availability_split_2026_06_04,transfermarkt_availability_split_2026_06_04
Jose Cordoba,PAN,0.7297,0.7297,0.8485,0.6,high_risk,,,,transfermarkt_availability_split_2026_06_04,transfermarkt_availability_split_2026_06_04
Jiovany Ramos,PAN,0.3884,0.3884,0.4516,0.6,high_risk,,,,transfermarkt_availability_split_2026_06_04,transfermarkt_availability_split_2026_06_04
Hossam Abdelmaguid,EGY,0.6055,0.6055,0.6786,0.6923,medium_risk,,,,transfermarkt_availability_split_2026_06_04,transfermarkt_availability_split_2026_06_04
Yasser Ibrahim,EGY,0.5221,0.5221,0.6071,0.6,high_risk,,,,transfermarkt_availability_split_2026_06_04,transfermarkt_availability_split_2026_06_04
Mohamed Hany,EGY,0.6987,0.6987,0.8125,0.6,high_risk,,,,transfermarkt_availability_split_2026_06_04,transfermarkt_availability_split_2026_06_04
Martin Krug,PAN,0.4938,0.4938,0.625,0.4,high_risk,,,,transfermarkt_availability_split_2026_06_04,transfermarkt_availability_split_2026_06_04
Andres Andrade,PAN,0.7829,0.7829,0.9032,0.6195,high_risk,,,,transfermarkt_availability_split_2026_06_04,transfermarkt_availability_split_2026_06_04
Mohamed Abdelmonem,EGY,0.8455,0.8455,0.9074,0.8052,medium_risk,,,,transfermarkt_availability_split_2026_06_04,transfermarkt_availability_split_2026_06_04
Karim Hafez,EGY,0.3621,0.3621,0.4211,0.6,high_risk,,,,transfermarkt_availability_split_2026_06_04,transfermarkt_availability_split_2026_06_04
Rami Rabia,EGY,0.7193,0.7193,0.8364,0.6,high_risk,,,,transfermarkt_availability_split_2026_06_04,transfermarkt_availability_split_2026_06_04
Tarek Alaa,EGY,0.2325,0.2325,0.25,0.8,medium_risk,,,,transfermarkt_availability_split_2026_06_04,transfermarkt_availability_split_2026_06_04
Ahmed Fatouh,EGY,0.6536,0.6536,0.76,0.6,high_risk,,,,transfermarkt_availability_split_2026_06_04,transfermarkt_availability_split_2026_06_04
Abdelhamid Ait Boudlal,MAR,0.8488,0.8488,0.97,0.6429,unknown,,,,transfermarkt_availability_split_2026_06_04,transfermarkt_availability_split_2026_06_04
Zakaria El Ouahdi,MAR,0.1545,0.1545,0.2,0.35,high_risk,,,,transfermarkt_availability_split_2026_06_04,transfermarkt_availability_split_2026_06_04
Issa Diop,MAR,0.8568,0.8568,0.97,0.6667,medium_risk,,,,transfermarkt_availability_split_2026_06_04,transfermarkt_availability_split_2026_06_04
Noussair Mazraoui,MAR,0.7704,0.7704,0.8958,0.6,high_risk,,,,transfermarkt_availability_split_2026_06_04,transfermarkt_availability_split_2026_06_04
Achraf Hakimi,MAR,0.8167,0.8167,0.9231,0.6707,medium_risk,,,,transfermarkt_availability_split_2026_06_04,transfermarkt_availability_split_2026_06_04
Nayef Aguerd,MAR,0.7453,0.7453,0.8667,0.6,high_risk,,,,transfermarkt_availability_split_2026_06_04,transfermarkt_availability_split_2026_06_04
Jawad El Yamiq,MAR,0.5826,0.5826,0.6774,0.6,high_risk,,,,transfermarkt_availability_split_2026_06_04,transfermarkt_availability_split_2026_06_04
Souffian El Karouani,MAR,0.309,0.309,0.4,0.35,high_risk,,,,transfermarkt_availability_split_2026_06_04,transfermarkt_availability_split_2026_06_04
Anass Salah-Eddine,MAR,0.4835,0.4835,0.5556,0.6296,high_risk,,,,transfermarkt_availability_split_2026_06_04,transfermarkt_availability_split_2026_06_04
Chadi Riad,MAR,0.691,0.691,0.7838,0.6618,medium_risk,,,,transfermarkt_availability_split_2026_06_04,transfermarkt_availability_split_2026_06_04
Abdoulaye Seck,SEN,0.3202,0.3202,0.3673,0.6333,high_risk,,,,transfermarkt_availability_split_2026_06_04,transfermarkt_availability_split_2026_06_04
Mamadou Sarr,SEN,0.4682,0.4682,0.5,0.8182,medium_risk,,,,transfermarkt_availability_split_2026_06_04,transfermarkt_availability_split_2026_06_04
El Hadji Malick Diouf,SEN,0.7414,0.7414,0.8182,0.7317,medium_risk,,,,transfermarkt_availability_split_2026_06_04,transfermarkt_availability_split_2026_06_04
Ilay Camara,SEN,0.3106,0.3106,0.4,0.3611,high_risk,,,,transfermarkt_availability_split_2026_06_04,transfermarkt_availability_split_2026_06_04
Antoine Mendy,SEN,0.2118,0.2118,0.2353,0.7143,medium_risk,,,,transfermarkt_availability_split_2026_06_04,transfermarkt_availability_split_2026_06_04
Kalidou Koulibaly,SEN,0.8707,0.8707,0.9358,0.8014,medium_risk,,,,transfermarkt_availability_split_2026_06_04,transfermarkt_availability_split_2026_06_04
Moussa Niakhate,SEN,0.6809,0.6809,0.7838,0.625,high_risk,,,,transfermarkt_availability_split_2026_06_04,transfermarkt_availability_split_2026_06_04
Ismail Jakobs,SEN,0.6515,0.6515,0.7576,0.6,high_risk,,,,transfermarkt_availability_split_2026_06_04,transfermarkt_availability_split_2026_06_04
Raed Chikhaoui,TUN,0.045,0.045,0.05,0.7143,unknown,,,,transfermarkt_availability_split_2026_06_04,transfermarkt_availability_split_2026_06_04
Mohamed Amine Ben Hamida,TUN,0.5912,0.5912,0.6875,0.6,high_risk,,,,transfermarkt_availability_split_2026_06_04,transfermarkt_availability_split_2026_06_04
Adem Arous,TUN,0.1513,0.1513,0.1667,0.7368,medium_risk,,,,transfermarkt_availability_split_2026_06_04,transfermarkt_availability_split_2026_06_04
Moustapha Mbow,SEN,0.0396,0.0396,0.05,0.4074,high_risk,,,,transfermarkt_availability_split_2026_06_04,transfermarkt_availability_split_2026_06_04
Omar Rekik,TUN,0.4013,0.4013,0.4667,0.6,high_risk,,,,transfermarkt_availability_split_2026_06_04,transfermarkt_availability_split_2026_06_04
Dylan Bronn,TUN,0.6829,0.6829,0.7941,0.6,high_risk,,,,transfermarkt_availability_split_2026_06_04,transfermarkt_availability_split_2026_06_04
Yan Valery,TUN,0.5733,0.5733,0.6667,0.6,high_risk,,,,transfermarkt_availability_split_2026_06_04,transfermarkt_availability_split_2026_06_04
Ali Abdi,TUN,0.6291,0.6291,0.7258,0.6195,high_risk,,,,transfermarkt_availability_split_2026_06_04,transfermarkt_availability_split_2026_06_04
Montassar Talbi,TUN,0.8218,0.8218,0.8732,0.8316,medium_risk,,,,transfermarkt_availability_split_2026_06_04,transfermarkt_availability_split_2026_06_04
Abdulelah Al-Amri,KSA,0.6689,0.6689,0.7778,0.6,high_risk,,,,transfermarkt_availability_split_2026_06_04,transfermarkt_availability_split_2026_06_04
Saud Abdulhamid,KSA,0.586,0.586,0.6491,0.7222,medium_risk,,,,transfermarkt_availability_split_2026_06_04,transfermarkt_availability_split_2026_06_04
Moutaz Neffati,TUN,0.33,0.33,0.4,0.5,high_risk,,,,transfermarkt_availability_split_2026_06_04,transfermarkt_availability_split_2026_06_04
Ali Majrashi,KSA,0.7167,0.7167,0.8333,0.6,high_risk,,,,transfermarkt_availability_split_2026_06_04,transfermarkt_availability_split_2026_06_04
Nawaf Al-Boushal,KSA,0.7414,0.7414,0.8621,0.6,high_risk,,,,transfermarkt_availability_split_2026_06_04,transfermarkt_availability_split_2026_06_04
Mohammed Sulaiman,KSA,0.2808,0.2808,0.3077,0.75,medium_risk,,,,transfermarkt_availability_split_2026_06_04,transfermarkt_availability_split_2026_06_04
Boualem Khoukhi,QAT,0.8339,0.8339,0.9455,0.6629,medium_risk,,,,transfermarkt_availability_split_2026_06_04,transfermarkt_availability_split_2026_06_04
Pedro 'Ro-Ro' Miguel Correia,QAT,0.8455,0.8455,0.949,0.6883,medium_risk,,,,transfermarkt_availability_split_2026_06_04,transfermarkt_availability_split_2026_06_04
Sultan Al-Brake,QAT,0.2426,0.2426,0.2821,0.6,high_risk,,,,transfermarkt_availability_split_2026_06_04,transfermarkt_availability_split_2026_06_04
Tarek Salman,QAT,0.7434,0.7434,0.7822,0.8583,low_risk,,,,transfermarkt_availability_split_2026_06_04,transfermarkt_availability_split_2026_06_04
Lucas Mendes,QAT,0.8649,0.8649,0.9545,0.7317,medium_risk,,,,transfermarkt_availability_split_2026_06_04,transfermarkt_availability_split_2026_06_04
Homam Al-Amin,QAT,0.7957,0.7957,0.8507,0.8152,medium_risk,,,,transfermarkt_availability_split_2026_06_04,transfermarkt_availability_split_2026_06_04
Ayoub Al-Oui,QAT,0.794,0.794,0.8571,0.7895,medium_risk,,,,transfermarkt_availability_split_2026_06_04,transfermarkt_availability_split_2026_06_04
John Souttar,SCO,0.516,0.516,0.6,0.6,high_risk,,,,transfermarkt_availability_split_2026_06_04,transfermarkt_availability_split_2026_06_04
Aaron Hickey,SCO,0.774,0.774,0.9,0.6,high_risk,,,,transfermarkt_availability_split_2026_06_04,transfermarkt_availability_split_2026_06_04
Andy Robertson,SCO,0.8728,0.8728,0.9368,0.8047,medium_risk,,,,transfermarkt_availability_split_2026_06_04,transfermarkt_availability_split_2026_06_04
Grant Hanley,SCO,0.6836,0.6836,0.7949,0.6,high_risk,,,,transfermarkt_availability_split_2026_06_04,transfermarkt_availability_split_2026_06_04
Anthony Ralston,SCO,0.6311,0.6311,0.72,0.6471,high_risk,,,,transfermarkt_availability_split_2026_06_04,transfermarkt_availability_split_2026_06_04
Kieran Tierney,SCO,0.8139,0.8139,0.9464,0.6,high_risk,,,,transfermarkt_availability_split_2026_06_04,transfermarkt_availability_split_2026_06_04
Nathan Patterson,SCO,0.7525,0.7525,0.875,0.6,high_risk,,,,transfermarkt_availability_split_2026_06_04,transfermarkt_availability_split_2026_06_04
Jack Hendry,SCO,0.5532,0.5532,0.6271,0.6634,medium_risk,,,,transfermarkt_availability_split_2026_06_04,transfermarkt_availability_split_2026_06_04
Scott McKenna,SCO,0.6233,0.6233,0.6897,0.7253,medium_risk,,,,transfermarkt_availability_split_2026_06_04,transfermarkt_availability_split_2026_06_04
Dominic Hyam,SCO,0.1931,0.1931,0.25,0.35,high_risk,,,,transfermarkt_availability_split_2026_06_04,transfermarkt_availability_split_2026_06_04
Ralph Priso,CAN,0.873,0.873,0.97,0.7143,unknown,,,,transfermarkt_availability_split_2026_06_04,transfermarkt_availability_split_2026_06_04
Alphonso Davies,CAN,0.8616,0.8616,0.97,0.6809,medium_risk,,,,transfermarkt_availability_split_2026_06_04,transfermarkt_availability_split_2026_06_04
Richie Laryea,CAN,0.8983,0.8983,0.9286,0.907,low_risk,,,,transfermarkt_availability_split_2026_06_04,transfermarkt_availability_split_2026_06_04
Derek Cornelius,CAN,0.5919,0.5919,0.6562,0.72,medium_risk,,,,transfermarkt_availability_split_2026_06_04,transfermarkt_availability_split_2026_06_04
Joel Waterman,CAN,0.2867,0.2867,0.3333,0.6,high_risk,,,,transfermarkt_availability_split_2026_06_04,transfermarkt_availability_split_2026_06_04
Alistair Johnston,CAN,0.8759,0.8759,0.97,0.7229,medium_risk,,,,transfermarkt_availability_split_2026_06_04,transfermarkt_availability_split_2026_06_04
Kamal Miller,CAN,0.6332,0.6332,0.6765,0.8172,medium_risk,,,,transfermarkt_availability_split_2026_06_04,transfermarkt_availability_split_2026_06_04
Luc De Fougerolles,CAN,0.3375,0.3375,0.381,0.6744,medium_risk,,,,transfermarkt_availability_split_2026_06_04,transfermarkt_availability_split_2026_06_04
Abdukodir Khusanov,UZB,0.8604,0.8604,0.9643,0.6923,medium_risk,,,,transfermarkt_availability_split_2026_06_04,transfermarkt_availability_split_2026_06_04
Umar Eshmurodov,UZB,0.7074,0.7074,0.78,0.7342,medium_risk,,,,transfermarkt_availability_split_2026_06_04,transfermarkt_availability_split_2026_06_04
Rustam Ashurmatov,UZB,0.6628,0.6628,0.7619,0.6283,high_risk,,,,transfermarkt_availability_split_2026_06_04,transfermarkt_availability_split_2026_06_04
Farrukh Sayfiev,UZB,0.6101,0.6101,0.7,0.6331,high_risk,,,,transfermarkt_availability_split_2026_06_04,transfermarkt_availability_split_2026_06_04
Khozhiakbar Alizhonov,UZB,0.7733,0.7733,0.871,0.6796,medium_risk,,,,transfermarkt_availability_split_2026_06_04,transfermarkt_availability_split_2026_06_04
Sherzod Nasrullaev,UZB,0.8135,0.8135,0.881,0.7812,medium_risk,,,,transfermarkt_availability_split_2026_06_04,transfermarkt_availability_split_2026_06_04
Dilshod Komilov,UZB,0.2795,0.2795,0.3333,0.5385,high_risk,,,,transfermarkt_availability_split_2026_06_04,transfermarkt_availability_split_2026_06_04
Jakhongir Urozov,UZB,0.4417,0.4417,0.5,0.6667,medium_risk,,,,transfermarkt_availability_split_2026_06_04,transfermarkt_availability_split_2026_06_04
Mukhammadkodir Khamraliev,UZB,0.3092,0.3092,0.35,0.6667,medium_risk,,,,transfermarkt_availability_split_2026_06_04,transfermarkt_availability_split_2026_06_04
Mukhammadrasul Abdumazhidov,UZB,0.045,0.045,0.05,0.7143,unknown,,,,transfermarkt_availability_split_2026_06_04,transfermarkt_availability_split_2026_06_04
Husam Abu Dahab,JOR,0.4523,0.4523,0.5,0.7273,medium_risk,,,,transfermarkt_availability_split_2026_06_04,transfermarkt_availability_split_2026_06_04
Ahmad Assaf,JOR,0.5422,0.5422,0.6667,0.4667,high_risk,,,,transfermarkt_availability_split_2026_06_04,transfermarkt_availability_split_2026_06_04
Yazan Al-Arab,JOR,0.7457,0.7457,0.8125,0.7652,medium_risk,,,,transfermarkt_availability_split_2026_06_04,transfermarkt_availability_split_2026_06_04
Abdallah Nasib,JOR,0.8045,0.8045,0.9355,0.6,high_risk,,,,transfermarkt_availability_split_2026_06_04,transfermarkt_availability_split_2026_06_04
Yousef Abu Al-Jazar,JOR,0.3784,0.3784,0.44,0.6,high_risk,,,,transfermarkt_availability_split_2026_06_04,transfermarkt_availability_split_2026_06_04
Mohammad Abualnadi,JOR,0.6453,0.6453,0.7333,0.6571,medium_risk,,,,transfermarkt_availability_split_2026_06_04,transfermarkt_availability_split_2026_06_04
Saleem Obaid,JOR,0.4778,0.4778,0.5556,0.6,high_risk,,,,transfermarkt_availability_split_2026_06_04,transfermarkt_availability_split_2026_06_04
Diney Borges,CPV,0.4927,0.4927,0.5532,0.6875,medium_risk,,,,transfermarkt_availability_split_2026_06_04,transfermarkt_availability_split_2026_06_04
Roberto Lopes,CPV,0.8194,0.8194,0.898,0.75,medium_risk,,,,transfermarkt_availability_split_2026_06_04,transfermarkt_availability_split_2026_06_04
Wagner Pina,CPV,0.5432,0.5432,0.5882,0.7812,medium_risk,,,,transfermarkt_availability_split_2026_06_04,transfermarkt_availability_split_2026_06_04
Steven Moreira,CPV,0.8138,0.8138,0.9444,0.6047,high_risk,,,,transfermarkt_availability_split_2026_06_04,transfermarkt_availability_split_2026_06_04
Sidny Lopes Cabral,CPV,0.5278,0.5278,0.6667,0.4048,high_risk,,,,transfermarkt_availability_split_2026_06_04,transfermarkt_availability_split_2026_06_04
Logan Costa,CPV,0.8139,0.8139,0.8667,0.8261,medium_risk,,,,transfermarkt_availability_split_2026_06_04,transfermarkt_availability_split_2026_06_04
Stopira,CPV,0.654,0.654,0.7568,0.6119,high_risk,,,,transfermarkt_availability_split_2026_06_04,transfermarkt_availability_split_2026_06_04
Kelvin Pires,CPV,0.1811,0.1811,0.2105,0.6,high_risk,,,,transfermarkt_availability_split_2026_06_04,transfermarkt_availability_split_2026_06_04
Henrik Falchener,NOR,0.0446,0.0446,0.05,0.6923,unknown,,,,transfermarkt_availability_split_2026_06_04,transfermarkt_availability_split_2026_06_04
Julian Ryerson,NOR,0.7228,0.7228,0.75,0.8966,low_risk,,,,transfermarkt_availability_split_2026_06_04,transfermarkt_availability_split_2026_06_04
Kristoffer Ajer,NOR,0.8028,0.8028,0.8947,0.7065,medium_risk,,,,transfermarkt_availability_split_2026_06_04,transfermarkt_availability_split_2026_06_04
Leo Østigård,NOR,0.7689,0.7689,0.85,0.7273,medium_risk,,,,transfermarkt_availability_split_2026_06_04,transfermarkt_availability_split_2026_06_04
Fredrik Andre Bjørkan,NOR,0.4313,0.4313,0.5,0.6071,high_risk,,,,transfermarkt_availability_split_2026_06_04,transfermarkt_availability_split_2026_06_04
Marcus Holmgren Pedersen,NOR,0.6292,0.6292,0.6667,0.8393,medium_risk,,,,transfermarkt_availability_split_2026_06_04,transfermarkt_availability_split_2026_06_04
Torbjørn Heggem,NOR,0.7262,0.7262,0.7692,0.84,medium_risk,,,,transfermarkt_availability_split_2026_06_04,transfermarkt_availability_split_2026_06_04
Sondre Langås,NOR,0.1054,0.1054,0.125,0.5517,high_risk,,,,transfermarkt_availability_split_2026_06_04,transfermarkt_availability_split_2026_06_04
David Møller Wolfe,NOR,0.8444,0.8444,0.9,0.8235,medium_risk,,,,transfermarkt_availability_split_2026_06_04,transfermarkt_availability_split_2026_06_04
Roshon van Eijma,CUW,0.5747,0.5747,0.6552,0.6491,high_risk,,,,transfermarkt_availability_split_2026_06_04,transfermarkt_availability_split_2026_06_04
Shurandy Sambo,CUW,0.7259,0.7259,0.7778,0.8095,medium_risk,,,,transfermarkt_availability_split_2026_06_04,transfermarkt_availability_split_2026_06_04
Armando Obispo,CUW,0.8628,0.8628,0.97,0.6842,medium_risk,,,,transfermarkt_availability_split_2026_06_04,transfermarkt_availability_split_2026_06_04
Deveron Fonville,CUW,0.4344,0.4344,0.5,0.625,high_risk,,,,transfermarkt_availability_split_2026_06_04,transfermarkt_availability_split_2026_06_04
Livano Comenencia,CUW,0.9215,0.9215,0.97,0.8571,low_risk,,,,transfermarkt_availability_split_2026_06_04,transfermarkt_availability_split_2026_06_04
Jurien Gaari,CUW,0.8262,0.8262,0.8958,0.7778,medium_risk,,,,transfermarkt_availability_split_2026_06_04,transfermarkt_availability_split_2026_06_04
Sherel Floranus,CUW,0.8872,0.8872,0.97,0.7561,medium_risk,,,,transfermarkt_availability_split_2026_06_04,transfermarkt_availability_split_2026_06_04
Riechedly Bazoer,CUW,0.5143,0.5143,0.5714,0.7143,medium_risk,,,,transfermarkt_availability_split_2026_06_04,transfermarkt_availability_split_2026_06_04
Joshua Brenet,CUW,0.7129,0.7129,0.7647,0.8065,medium_risk,,,,transfermarkt_availability_split_2026_06_04,transfermarkt_availability_split_2026_06_04
Wilguens Paugain,HAI,0.2778,0.2778,0.3333,0.5238,high_risk,,,,transfermarkt_availability_split_2026_06_04,transfermarkt_availability_split_2026_06_04
Hannes Delcroix,HAI,0.7341,0.7341,0.8,0.7647,medium_risk,,,,transfermarkt_availability_split_2026_06_04,transfermarkt_availability_split_2026_06_04
Jean-Kevin Duverne,HAI,0.8502,0.8502,0.97,0.6471,high_risk,,,,transfermarkt_availability_split_2026_06_04,transfermarkt_availability_split_2026_06_04
Ricardo Ade,HAI,0.7464,0.7464,0.8679,0.6,high_risk,,,,transfermarkt_availability_split_2026_06_04,transfermarkt_availability_split_2026_06_04
Carlens Arcus,HAI,0.772,0.772,0.8393,0.7711,medium_risk,,,,transfermarkt_availability_split_2026_06_04,transfermarkt_availability_split_2026_06_04
Martin Experience,HAI,0.5324,0.5324,0.619,0.6,high_risk,,,,transfermarkt_availability_split_2026_06_04,transfermarkt_availability_split_2026_06_04
Duke Lacroix,HAI,0.5318,0.5318,0.5909,0.7143,medium_risk,,,,transfermarkt_availability_split_2026_06_04,transfermarkt_availability_split_2026_06_04
Dylan Batubinsika,COD,0.4142,0.4142,0.4667,0.6786,medium_risk,,,,transfermarkt_availability_split_2026_06_04,transfermarkt_availability_split_2026_06_04
Rocky Bushiri,COD,0.1959,0.1959,0.2188,0.7018,medium_risk,,,,transfermarkt_availability_split_2026_06_04,transfermarkt_availability_split_2026_06_04
Jeremy Ngakia,COD,0.0446,0.0446,0.05,0.6923,unknown,,,,transfermarkt_availability_split_2026_06_04,transfermarkt_availability_split_2026_06_04
Aaron Wan-Bissaka,COD,0.7988,0.7988,0.8462,0.84,medium_risk,,,,transfermarkt_availability_split_2026_06_04,transfermarkt_availability_split_2026_06_04
Axel Tuanzebe,COD,0.6757,0.6757,0.7857,0.6,high_risk,,,,transfermarkt_availability_split_2026_06_04,transfermarkt_availability_split_2026_06_04
Arthur Masuaku,COD,0.6914,0.6914,0.8039,0.6,high_risk,,,,transfermarkt_availability_split_2026_06_04,transfermarkt_availability_split_2026_06_04
Chancel Mbemba,COD,0.8316,0.8316,0.9204,0.7246,medium_risk,,,,transfermarkt_availability_split_2026_06_04,transfermarkt_availability_split_2026_06_04
Steve Kapuadi,COD,0.1819,0.1819,0.2,0.7419,medium_risk,,,,transfermarkt_availability_split_2026_06_04,transfermarkt_availability_split_2026_06_04
Joris Kayembe,COD,0.6001,0.6001,0.6471,0.7925,medium_risk,,,,transfermarkt_availability_split_2026_06_04,transfermarkt_availability_split_2026_06_04
Timothy Fayulu,COD,0.3484,0.1779,0.2069,0.6,high_risk,,,,transfermarkt_availability_split_2026_06_04+gk_hierarchy_normalized,transfermarkt_availability_split_2026_06_04
Matthieu Epolo,COD,0.42,0.2074,0.2222,0.8095,medium_risk,,,,transfermarkt_availability_split_2026_06_04+gk_hierarchy_normalized,transfermarkt_availability_split_2026_06_04
Johny Placide,HAI,0.4375,0.7982,0.9231,0.6134,high_risk,,,,transfermarkt_availability_split_2026_06_04+gk_hierarchy_normalized,transfermarkt_availability_split_2026_06_04
Alexandre Pierre,HAI,0.4344,0.3095,0.3333,0.7955,medium_risk,,,,transfermarkt_availability_split_2026_06_04+gk_hierarchy_normalized,transfermarkt_availability_split_2026_06_04
Josue Duverger,HAI,0.1281,0.0664,0.0769,0.6104,high_risk,,,,transfermarkt_availability_split_2026_06_04+gk_hierarchy_normalized,transfermarkt_availability_split_2026_06_04
Eloy Room,CUW,0.7886,0.9043,0.97,0.8065,medium_risk,,,,transfermarkt_availability_split_2026_06_04+gk_hierarchy_normalized,transfermarkt_availability_split_2026_06_04
Tyrick Bodak,CUW,0.0964,0.0892,0.1034,0.6066,high_risk,,,,transfermarkt_availability_split_2026_06_04+gk_hierarchy_normalized,transfermarkt_availability_split_2026_06_04
Trevor Doornbusch,CUW,0.1151,0.0814,0.087,0.8158,medium_risk,,,,transfermarkt_availability_split_2026_06_04+gk_hierarchy_normalized,transfermarkt_availability_split_2026_06_04
Egil Selvik,NOR,0.2446,0.1538,0.1613,0.8667,medium_risk,,,,transfermarkt_availability_split_2026_06_04+gk_hierarchy_normalized,transfermarkt_availability_split_2026_06_04
Sander Tangvik,NOR,0.0777,0.0434,0.05,0.625,high_risk,,,,transfermarkt_availability_split_2026_06_04+gk_hierarchy_normalized,transfermarkt_availability_split_2026_06_04
Ørjan Nyland,NOR,0.6777,0.6193,0.6667,0.7971,medium_risk,,,,transfermarkt_availability_split_2026_06_04+gk_hierarchy_normalized,transfermarkt_availability_split_2026_06_04
Marcio Rosa,CPV,0.1335,0.1599,0.1754,0.7471,medium_risk,,,,transfermarkt_availability_split_2026_06_04+gk_hierarchy_normalized,transfermarkt_availability_split_2026_06_04
Vozinha,CPV,0.8262,0.8342,0.875,0.8667,low_risk,,,,transfermarkt_availability_split_2026_06_04+gk_hierarchy_normalized,transfermarkt_availability_split_2026_06_04
Abdallah Al-Fakhouri,JOR,0.1543,0.3942,0.4583,0.6,high_risk,,,,transfermarkt_availability_split_2026_06_04+gk_hierarchy_normalized,transfermarkt_availability_split_2026_06_04
Yazeed Abulaila,JOR,0.4054,0.6988,0.7927,0.6618,medium_risk,,,,transfermarkt_availability_split_2026_06_04+gk_hierarchy_normalized,transfermarkt_availability_split_2026_06_04
Abdel Rahman Al-Talalga,JOR,0.4403,0.7262,0.7692,0.84,medium_risk,,,,transfermarkt_availability_split_2026_06_04+gk_hierarchy_normalized,transfermarkt_availability_split_2026_06_04
Utkir Yusupov,UZB,0.6033,0.6701,0.7586,0.6667,medium_risk,,,,transfermarkt_availability_split_2026_06_04+gk_hierarchy_normalized,transfermarkt_availability_split_2026_06_04
Abduvokhid Nematov,UZB,0.2889,0.3347,0.3571,0.8205,medium_risk,,,,transfermarkt_availability_split_2026_06_04+gk_hierarchy_normalized,transfermarkt_availability_split_2026_06_04
Botirali Ergashev,UZB,0.1079,0.0717,0.0833,0.6,high_risk,,,,transfermarkt_availability_split_2026_06_04+gk_hierarchy_normalized,transfermarkt_availability_split_2026_06_04
Owen Goodman,CAN,0.0766,0.0449,0.05,0.7059,medium_risk,,,,transfermarkt_availability_split_2026_06_04+gk_hierarchy_normalized,transfermarkt_availability_split_2026_06_04
Dayne St. Clair,CAN,0.24,0.2689,0.2836,0.8523,medium_risk,,,,transfermarkt_availability_split_2026_06_04+gk_hierarchy_normalized,transfermarkt_availability_split_2026_06_04
Maxime Crepeau,CAN,0.6834,0.4522,0.4842,0.811,medium_risk,,,,transfermarkt_availability_split_2026_06_04+gk_hierarchy_normalized,transfermarkt_availability_split_2026_06_04
Angus Gunn,SCO,0.4484,0.7773,0.875,0.6809,medium_risk,,,,transfermarkt_availability_split_2026_06_04+gk_hierarchy_normalized,transfermarkt_availability_split_2026_06_04
Craig Gordon,SCO,0.3209,0.583,0.6759,0.6073,high_risk,,,,transfermarkt_availability_split_2026_06_04+gk_hierarchy_normalized,transfermarkt_availability_split_2026_06_04
Liam Kelly,SCO,0.2307,0.45,0.5,0.7143,unknown,,,,transfermarkt_availability_split_2026_06_04+gk_hierarchy_normalized,transfermarkt_availability_split_2026_06_04
Mahmoud Abunada,QAT,0.1495,0.215,0.25,0.6,high_risk,,,,transfermarkt_availability_split_2026_06_04+gk_hierarchy_normalized,transfermarkt_availability_split_2026_06_04
Shehab Ellethy,QAT,0.0925,0.0614,0.0714,0.6,high_risk,,,,transfermarkt_availability_split_2026_06_04+gk_hierarchy_normalized,transfermarkt_availability_split_2026_06_04
Meshaal Barsham,QAT,0.758,0.611,0.7051,0.6187,high_risk,,,,transfermarkt_availability_split_2026_06_04+gk_hierarchy_normalized,transfermarkt_availability_split_2026_06_04
Mohammed Al-Rubaie Al-Yami,KSA,0.1659,0.1312,0.1515,0.6167,high_risk,,,,transfermarkt_availability_split_2026_06_04+gk_hierarchy_normalized,transfermarkt_availability_split_2026_06_04
Abdulrahman Al-Sanbi,KSA,0.1473,0.1409,0.1579,0.6923,medium_risk,,,,transfermarkt_availability_split_2026_06_04+gk_hierarchy_normalized,transfermarkt_availability_split_2026_06_04
Nawaf Al-Aqidi,KSA,0.6868,0.4863,0.5532,0.6548,medium_risk,,,,transfermarkt_availability_split_2026_06_04+gk_hierarchy_normalized,transfermarkt_availability_split_2026_06_04
Aymen Dahmen,TUN,0.3473,0.5017,0.5634,0.687,medium_risk,,,,transfermarkt_availability_split_2026_06_04+gk_hierarchy_normalized,transfermarkt_availability_split_2026_06_04
Abdelmouhib Chamakh,TUN,0.3527,0.45,0.5,0.7143,unknown,,,,transfermarkt_availability_split_2026_06_04+gk_hierarchy_normalized,transfermarkt_availability_split_2026_06_04
Mory Diaw,SEN,0.0859,0.0883,0.1,0.6667,medium_risk,,,,transfermarkt_availability_split_2026_06_04+gk_hierarchy_normalized,transfermarkt_availability_split_2026_06_04
Sabri Ben Hessen,TUN,0.0817,0.1131,0.1429,0.4054,high_risk,,,,transfermarkt_availability_split_2026_06_04+gk_hierarchy_normalized,transfermarkt_availability_split_2026_06_04
Edouard Mendy,SEN,0.848,0.7597,0.8551,0.6814,medium_risk,,,,transfermarkt_availability_split_2026_06_04+gk_hierarchy_normalized,transfermarkt_availability_split_2026_06_04
Yehvann Diouf,SEN,0.0661,0.0953,0.1053,0.7297,medium_risk,,,,transfermarkt_availability_split_2026_06_04+gk_hierarchy_normalized,transfermarkt_availability_split_2026_06_04
El Mehdi Al Harrar,MAR,0.1758,0.3112,0.35,0.6829,medium_risk,,,,transfermarkt_availability_split_2026_06_04+gk_hierarchy_normalized,transfermarkt_availability_split_2026_06_04
Munir El Kajoui,MAR,0.2166,0.3552,0.3967,0.7011,medium_risk,,,,transfermarkt_availability_split_2026_06_04+gk_hierarchy_normalized,transfermarkt_availability_split_2026_06_04
Yassine 'Bono' Bounou,MAR,0.4858,0.5853,0.6667,0.6512,medium_risk,,,,transfermarkt_availability_split_2026_06_04+gk_hierarchy_normalized,transfermarkt_availability_split_2026_06_04
El Mahdi Soliman,EGY,0.0585,0.0386,0.05,0.35,high_risk,,,,transfermarkt_availability_split_2026_06_04+gk_hierarchy_normalized,transfermarkt_availability_split_2026_06_04
El Mehdi Benabid,MAR,0.1218,0.2064,0.24,0.6,high_risk,,,,transfermarkt_availability_split_2026_06_04+gk_hierarchy_normalized,transfermarkt_availability_split_2026_06_04
Mohamed Alaa,EGY,0.0708,0.0442,0.05,0.6667,medium_risk,,,,transfermarkt_availability_split_2026_06_04+gk_hierarchy_normalized,transfermarkt_availability_split_2026_06_04
Mohamed El-Shennawy,EGY,0.8553,0.7849,0.8902,0.6618,medium_risk,,,,transfermarkt_availability_split_2026_06_04+gk_hierarchy_normalized,transfermarkt_availability_split_2026_06_04
Luis Mejia,PAN,0.2298,0.3979,0.4627,0.6,high_risk,,,,transfermarkt_availability_split_2026_06_04+gk_hierarchy_normalized,transfermarkt_availability_split_2026_06_04
Cesar Samudio,PAN,0.1175,0.0443,0.05,0.6753,medium_risk,,,,transfermarkt_availability_split_2026_06_04+gk_hierarchy_normalized,transfermarkt_availability_split_2026_06_04
Orlando Mosquera,PAN,0.6527,0.4613,0.5169,0.6929,medium_risk,,,,transfermarkt_availability_split_2026_06_04+gk_hierarchy_normalized,transfermarkt_availability_split_2026_06_04
Fahad Talib,IRQ,0.3071,0.2031,0.2361,0.6,high_risk,,,,transfermarkt_availability_split_2026_06_04+gk_hierarchy_normalized,transfermarkt_availability_split_2026_06_04
Kumel Al-Rekabe,IRQ,0.262,0.2003,0.25,0.4324,high_risk,,,,transfermarkt_availability_split_2026_06_04+gk_hierarchy_normalized,transfermarkt_availability_split_2026_06_04
Ahmed Basil Fadhil,IRQ,0.4309,0.2355,0.2653,0.6786,medium_risk,,,,transfermarkt_availability_split_2026_06_04+gk_hierarchy_normalized,transfermarkt_availability_split_2026_06_04
Mike Penders,BEL,0.2516,0.6044,0.6667,0.7333,medium_risk,,,,transfermarkt_availability_split_2026_06_04+gk_hierarchy_normalized,transfermarkt_availability_split_2026_06_04
Senne Lammens,BEL,0.104,0.2208,0.25,0.6667,medium_risk,,,,transfermarkt_availability_split_2026_06_04+gk_hierarchy_normalized,transfermarkt_availability_split_2026_06_04
Thibaut Courtois,BEL,0.4432,0.8277,0.8929,0.7914,medium_risk,,,,transfermarkt_availability_split_2026_06_04+gk_hierarchy_normalized,transfermarkt_availability_split_2026_06_04
Alireza Beiranvand,IRN,0.6657,0.7037,0.7368,0.8714,low_risk,,,,transfermarkt_availability_split_2026_06_04+gk_hierarchy_normalized,transfermarkt_availability_split_2026_06_04
Nikola Vasilj,BIH,0.6617,0.4836,0.5,0.9062,medium_risk,,,,transfermarkt_availability_split_2026_06_04+gk_hierarchy_normalized,transfermarkt_availability_split_2026_06_04
Mohammad Khalife,IRN,0.2223,0.4355,0.5,0.6316,high_risk,,,,transfermarkt_availability_split_2026_06_04+gk_hierarchy_normalized,transfermarkt_availability_split_2026_06_04
Payam Niazmand,IRN,0.1121,0.1498,0.1571,0.8667,medium_risk,,,,transfermarkt_availability_split_2026_06_04+gk_hierarchy_normalized,transfermarkt_availability_split_2026_06_04
Martin Zlomislic,BIH,0.2273,0.1855,0.2,0.7931,medium_risk,,,,transfermarkt_availability_split_2026_06_04+gk_hierarchy_normalized,transfermarkt_availability_split_2026_06_04
Osman Hadzikic,BIH,0.111,0.0478,0.05,0.875,medium_risk,,,,transfermarkt_availability_split_2026_06_04+gk_hierarchy_normalized,transfermarkt_availability_split_2026_06_04
Hernan Galindez,ECU,0.3955,0.4884,0.5075,0.8929,medium_risk,,,,transfermarkt_availability_split_2026_06_04+gk_hierarchy_normalized,transfermarkt_availability_split_2026_06_04
Moises Ramirez,ECU,0.1035,0.128,0.1373,0.8082,medium_risk,,,,transfermarkt_availability_split_2026_06_04+gk_hierarchy_normalized,transfermarkt_availability_split_2026_06_04
David Cabezas,ECU,0.4287,0.8427,0.9,0.8182,medium_risk,,,,transfermarkt_availability_split_2026_06_04+gk_hierarchy_normalized,transfermarkt_availability_split_2026_06_04
Gonzalo Valle,ECU,0.0722,0.1985,0.2308,0.6,high_risk,,,,transfermarkt_availability_split_2026_06_04+gk_hierarchy_normalized,transfermarkt_availability_split_2026_06_04
Alvaro Montero,COL,0.1021,0.2008,0.2222,0.7245,medium_risk,,,,transfermarkt_availability_split_2026_06_04+gk_hierarchy_normalized,transfermarkt_availability_split_2026_06_04
David Ospina,COL,0.6871,0.7171,0.7849,0.7531,medium_risk,,,,transfermarkt_availability_split_2026_06_04+gk_hierarchy_normalized,transfermarkt_availability_split_2026_06_04
Camilo Vargas,COL,0.2108,0.2844,0.3077,0.7841,medium_risk,,,,transfermarkt_availability_split_2026_06_04+gk_hierarchy_normalized,transfermarkt_availability_split_2026_06_04
Chris Brady,USA,0.0262,0.0425,0.05,0.5714,high_risk,,,,transfermarkt_availability_split_2026_06_04+gk_hierarchy_normalized,transfermarkt_availability_split_2026_06_04
Patrick Schulte,USA,0.0576,0.2263,0.2632,0.6,high_risk,,,,transfermarkt_availability_split_2026_06_04+gk_hierarchy_normalized,transfermarkt_availability_split_2026_06_04
Matt Freese,USA,0.3173,0.6552,0.7619,0.6,high_risk,,,,transfermarkt_availability_split_2026_06_04+gk_hierarchy_normalized,transfermarkt_availability_split_2026_06_04
Matt Turner,USA,0.5989,0.6763,0.7465,0.7315,medium_risk,,,,transfermarkt_availability_split_2026_06_04+gk_hierarchy_normalized,transfermarkt_availability_split_2026_06_04
Sergio Rochet,URU,0.4263,0.6299,0.6727,0.8182,medium_risk,,,,transfermarkt_availability_split_2026_06_04+gk_hierarchy_normalized,transfermarkt_availability_split_2026_06_04
Juan Espinola,PAR,0.0434,0.043,0.05,0.6,high_risk,,,,transfermarkt_availability_split_2026_06_04+gk_hierarchy_normalized,transfermarkt_availability_split_2026_06_04
Fernando Muslera,URU,0.4844,0.8133,0.8854,0.7674,medium_risk,,,,transfermarkt_availability_split_2026_06_04+gk_hierarchy_normalized,transfermarkt_availability_split_2026_06_04
Ricardo Goss,RSA,0.1056,0.086,0.1,0.6,high_risk,,,,transfermarkt_availability_split_2026_06_04+gk_hierarchy_normalized,transfermarkt_availability_split_2026_06_04
Ronwen Williams,RSA,0.7261,0.6946,0.8077,0.6,high_risk,,,,transfermarkt_availability_split_2026_06_04+gk_hierarchy_normalized,transfermarkt_availability_split_2026_06_04
Sipho Chaine,RSA,0.1683,0.1051,0.1176,0.6944,medium_risk,,,,transfermarkt_availability_split_2026_06_04+gk_hierarchy_normalized,transfermarkt_availability_split_2026_06_04
Santiago Mele,URU,0.0893,0.2221,0.2353,0.84,medium_risk,,,,transfermarkt_availability_split_2026_06_04+gk_hierarchy_normalized,transfermarkt_availability_split_2026_06_04
Orlando Gill,PAR,0.3157,0.4682,0.5,0.8182,medium_risk,,,,transfermarkt_availability_split_2026_06_04+gk_hierarchy_normalized,transfermarkt_availability_split_2026_06_04
Carlos Miguel Coronel,PAR,0.2412,0.3554,0.3913,0.7381,medium_risk,,,,transfermarkt_availability_split_2026_06_04+gk_hierarchy_normalized,transfermarkt_availability_split_2026_06_04
Roberto 'Gatito' Fernandez,PAR,0.1313,0.4081,0.4746,0.6,high_risk,,,,transfermarkt_availability_split_2026_06_04+gk_hierarchy_normalized,transfermarkt_availability_split_2026_06_04
Michael Woud,NZL,0.183,0.2867,0.3333,0.6,high_risk,,,,transfermarkt_availability_split_2026_06_04+gk_hierarchy_normalized,transfermarkt_availability_split_2026_06_04
Gaston Olveira,PAR,0.2683,0.45,0.5,0.7143,unknown,,,,transfermarkt_availability_split_2026_06_04+gk_hierarchy_normalized,transfermarkt_availability_split_2026_06_04
Alex Paulsen,NZL,0.3948,0.2446,0.2692,0.7391,medium_risk,,,,transfermarkt_availability_split_2026_06_04+gk_hierarchy_normalized,transfermarkt_availability_split_2026_06_04
Max Crocombe,NZL,0.4221,0.44,0.5116,0.6,high_risk,,,,transfermarkt_availability_split_2026_06_04+gk_hierarchy_normalized,transfermarkt_availability_split_2026_06_04
Raul Rangel,MEX,0.2951,0.3433,0.3548,0.907,medium_risk,,,,transfermarkt_availability_split_2026_06_04+gk_hierarchy_normalized,transfermarkt_availability_split_2026_06_04
Carlos Acevedo,MEX,0.2278,0.2064,0.24,0.6,high_risk,,,,transfermarkt_availability_split_2026_06_04+gk_hierarchy_normalized,transfermarkt_availability_split_2026_06_04
Guillermo Ochoa,MEX,0.4772,0.5126,0.5961,0.6,high_risk,,,,transfermarkt_availability_split_2026_06_04+gk_hierarchy_normalized,transfermarkt_availability_split_2026_06_04
Hyeon-Woo Jo,KOR,0.3858,0.4144,0.4486,0.7823,medium_risk,,,,transfermarkt_availability_split_2026_06_04+gk_hierarchy_normalized,transfermarkt_availability_split_2026_06_04
Seung-Gyu Kim,KOR,0.5092,0.5903,0.6357,0.7957,medium_risk,,,,transfermarkt_availability_split_2026_06_04+gk_hierarchy_normalized,transfermarkt_availability_split_2026_06_04
Bum-Keun Song,KOR,0.105,0.1593,0.1852,0.6,high_risk,,,,transfermarkt_availability_split_2026_06_04+gk_hierarchy_normalized,transfermarkt_availability_split_2026_06_04
Tomoki Hayakawa,JPN,0.1035,0.2561,0.2727,0.8261,medium_risk,,,,transfermarkt_availability_split_2026_06_04+gk_hierarchy_normalized,transfermarkt_availability_split_2026_06_04
Zion Suzuki,JPN,0.6949,0.7731,0.8333,0.7937,medium_risk,,,,transfermarkt_availability_split_2026_06_04+gk_hierarchy_normalized,transfermarkt_availability_split_2026_06_04
Keisuke Osako,JPN,0.2016,0.3581,0.4107,0.6337,high_risk,,,,transfermarkt_availability_split_2026_06_04+gk_hierarchy_normalized,transfermarkt_availability_split_2026_06_04
Dean Henderson,ENG,0.1011,0.08,0.093,0.6,high_risk,,,,transfermarkt_availability_split_2026_06_04+gk_hierarchy_normalized,transfermarkt_availability_split_2026_06_04
Joseph Anang,GHA,0.1071,0.0924,0.1,0.7826,medium_risk,,,,transfermarkt_availability_split_2026_06_04+gk_hierarchy_normalized,transfermarkt_availability_split_2026_06_04
Lawrence Ati Zigi,GHA,0.1969,0.3471,0.3714,0.8125,medium_risk,,,,transfermarkt_availability_split_2026_06_04+gk_hierarchy_normalized,transfermarkt_availability_split_2026_06_04
Benjamin Asare,GHA,0.696,0.7262,0.7692,0.84,medium_risk,,,,transfermarkt_availability_split_2026_06_04+gk_hierarchy_normalized,transfermarkt_availability_split_2026_06_04
Jordan Pickford,ENG,0.78,0.7459,0.7727,0.9008,low_risk,,,,transfermarkt_availability_split_2026_06_04+gk_hierarchy_normalized,transfermarkt_availability_split_2026_06_04
James Trafford,ENG,0.1189,0.2332,0.2632,0.675,medium_risk,,,,transfermarkt_availability_split_2026_06_04+gk_hierarchy_normalized,transfermarkt_availability_split_2026_06_04
Yahia Fofana,CIV,0.7892,0.8229,0.8462,0.9216,low_risk,,,,transfermarkt_availability_split_2026_06_04+gk_hierarchy_normalized,transfermarkt_availability_split_2026_06_04
Mohamed Kone,CIV,0.0721,0.1441,0.1622,0.6818,medium_risk,,,,transfermarkt_availability_split_2026_06_04+gk_hierarchy_normalized,transfermarkt_availability_split_2026_06_04
Alban Lafont,CIV,0.1387,0.2905,0.3077,0.84,medium_risk,,,,transfermarkt_availability_split_2026_06_04+gk_hierarchy_normalized,transfermarkt_availability_split_2026_06_04
Mathew Ryan,AUS,0.6917,0.763,0.8197,0.8025,medium_risk,,,,transfermarkt_availability_split_2026_06_04+gk_hierarchy_normalized,transfermarkt_availability_split_2026_06_04
Ederson Moraes,BRA,0.189,0.3966,0.4302,0.7769,medium_risk,,,,transfermarkt_availability_split_2026_06_04+gk_hierarchy_normalized,transfermarkt_availability_split_2026_06_04
Weverton,BRA,0.0498,0.1564,0.1818,0.6,high_risk,,,,transfermarkt_availability_split_2026_06_04+gk_hierarchy_normalized,transfermarkt_availability_split_2026_06_04
Alisson Becker,BRA,0.5323,0.6934,0.7476,0.7929,medium_risk,,,,transfermarkt_availability_split_2026_06_04+gk_hierarchy_normalized,transfermarkt_availability_split_2026_06_04
Paul Izzo,AUS,0.1789,0.199,0.2105,0.8438,medium_risk,,,,transfermarkt_availability_split_2026_06_04+gk_hierarchy_normalized,transfermarkt_availability_split_2026_06_04
Patrick Beach,AUS,0.1294,0.2281,0.25,0.75,medium_risk,,,,transfermarkt_availability_split_2026_06_04+gk_hierarchy_normalized,transfermarkt_availability_split_2026_06_04
Walter Benitez,ARG,0.0449,0.0433,0.05,0.617,high_risk,,,,transfermarkt_availability_split_2026_06_04+gk_hierarchy_normalized,transfermarkt_availability_split_2026_06_04
Emiliano Martinez,ARG,0.5709,0.7354,0.8551,0.6,high_risk,,,,transfermarkt_availability_split_2026_06_04+gk_hierarchy_normalized,transfermarkt_availability_split_2026_06_04
Geronimo Rulli,ARG,0.0498,0.0987,0.1148,0.6,high_risk,,,,transfermarkt_availability_split_2026_06_04+gk_hierarchy_normalized,transfermarkt_availability_split_2026_06_04
Luca Zidane,ALG,0.399,0.5802,0.6667,0.6296,high_risk,,,,transfermarkt_availability_split_2026_06_04+gk_hierarchy_normalized,transfermarkt_availability_split_2026_06_04
Alexis Guendouz,ALG,0.2887,0.5733,0.6667,0.6,high_risk,,,,transfermarkt_availability_split_2026_06_04+gk_hierarchy_normalized,transfermarkt_availability_split_2026_06_04
David Raya,ESP,0.1036,0.2257,0.2308,0.9375,medium_risk,,,,transfermarkt_availability_split_2026_06_04+gk_hierarchy_normalized,transfermarkt_availability_split_2026_06_04
Anthony Mandrea,ALG,0.3123,0.5826,0.6774,0.6,high_risk,,,,transfermarkt_availability_split_2026_06_04+gk_hierarchy_normalized,transfermarkt_availability_split_2026_06_04
Viktor Johansson,SWE,0.1781,0.3782,0.4074,0.7955,medium_risk,,,,transfermarkt_availability_split_2026_06_04+gk_hierarchy_normalized,transfermarkt_availability_split_2026_06_04
Jacob Widell Zetterström,SWE,0.0728,0.1433,0.1667,0.6,high_risk,,,,transfermarkt_availability_split_2026_06_04+gk_hierarchy_normalized,transfermarkt_availability_split_2026_06_04
Kristoffer Nordfeldt,SWE,0.0841,0.152,0.1716,0.673,medium_risk,,,,transfermarkt_availability_split_2026_06_04+gk_hierarchy_normalized,transfermarkt_availability_split_2026_06_04
Unai Simon,ESP,0.4502,0.8011,0.8507,0.8333,medium_risk,,,,transfermarkt_availability_split_2026_06_04+gk_hierarchy_normalized,transfermarkt_availability_split_2026_06_04
Joan Garcia,ESP,0.4463,0.15,0.2,0.9,low_risk,0.25,low,"Manuel kontekstjustering: Joan Garcia vurderes ikke som sandsynlig Spanien-starter trods modelens høje start_prob. Nedjusteret for at undgå, at han vælges som value-GK på fejlagtig starterantagelse.",transfermarkt_availability_split_2026_06_04+gk_hierarchy_normalized,transfermarkt_availability_split_2026_06_04+context_override
Bart Verbruggen,NED,0.6074,0.7931,0.8286,0.8776,low_risk,,,,transfermarkt_availability_split_2026_06_04+gk_hierarchy_normalized,transfermarkt_availability_split_2026_06_04
Justin Bijlow,NED,0.1294,0.417,0.4848,0.6,high_risk,,,,transfermarkt_availability_split_2026_06_04+gk_hierarchy_normalized,transfermarkt_availability_split_2026_06_04
Mark Flekken,NED,0.1367,0.2478,0.26,0.8657,medium_risk,,,,transfermarkt_availability_split_2026_06_04+gk_hierarchy_normalized,transfermarkt_availability_split_2026_06_04
Brice Samba,FRA,0.0885,0.1023,0.1053,0.92,medium_risk,,,,transfermarkt_availability_split_2026_06_04+gk_hierarchy_normalized,transfermarkt_availability_split_2026_06_04
Mike Maignan,FRA,0.886,0.82,0.95,0.9,low_risk,0.95,medium,"Existing raw country start-security row is 0.98 and previous canonical start_prob was 0.82; noted bench games are rotation after qualification/friendly, not loss of starting role.",transfermarkt_availability_split_2026_06_04+gk_hierarchy_normalized,transfermarkt_availability_split_2026_06_04+context_override
Oliver Baumann,GER,0.1434,0.342,0.3878,0.6628,medium_risk,,,,transfermarkt_availability_split_2026_06_04+gk_hierarchy_normalized,transfermarkt_availability_split_2026_06_04
Manuel Neuer,GER,0.5761,0.8454,0.8988,0.8302,medium_risk,,,,transfermarkt_availability_split_2026_06_04+gk_hierarchy_normalized,transfermarkt_availability_split_2026_06_04
Alexander Nübel,GER,0.0502,0.143,0.1579,0.7297,medium_risk,,,,transfermarkt_availability_split_2026_06_04+gk_hierarchy_normalized,transfermarkt_availability_split_2026_06_04
Dominik Livakovic,CRO,0.7817,0.6372,0.6609,0.8978,medium_risk,,,,transfermarkt_availability_split_2026_06_04+gk_hierarchy_normalized,transfermarkt_availability_split_2026_06_04
Dominik Kotarski,CRO,0.1001,0.1323,0.1538,0.6,high_risk,,,,transfermarkt_availability_split_2026_06_04+gk_hierarchy_normalized,transfermarkt_availability_split_2026_06_04
Ivor Pandur,CRO,0.1182,0.0456,0.05,0.75,medium_risk,,,,transfermarkt_availability_split_2026_06_04+gk_hierarchy_normalized,transfermarkt_availability_split_2026_06_04
Patrick Pentz,AUT,0.1599,0.3832,0.4048,0.8475,medium_risk,,,,transfermarkt_availability_split_2026_06_04+gk_hierarchy_normalized,transfermarkt_availability_split_2026_06_04
Alexander Schlager,AUT,0.789,0.9,0.95,0.95,low_risk,0.98,low,"Seneste kamp vægtes højest: startede og spillede 90 minutter mod Tunesien 1. juni 2026. Bænken mod Sydkorea vurderes som rotation i en tæt serie af tre testkampe, ikke som tab af førsterollen.",transfermarkt_availability_split_2026_06_04+gk_hierarchy_normalized,transfermarkt_availability_split_2026_06_04+context_override
Nikolas Polster,AUT,0.0511,0.0433,0.05,0.619,high_risk,,,,transfermarkt_availability_split_2026_06_04+gk_hierarchy_normalized,transfermarkt_availability_split_2026_06_04
Mert Günok,TUR,0.2754,0.4209,0.4894,0.6,high_risk,,,,transfermarkt_availability_split_2026_06_04+gk_hierarchy_normalized,transfermarkt_availability_split_2026_06_04
Altay Bayindir,TUR,0.1547,0.2022,0.2167,0.8095,medium_risk,,,,transfermarkt_availability_split_2026_06_04+gk_hierarchy_normalized,transfermarkt_availability_split_2026_06_04
Muhammed Sengezer,TUR,0.1406,0.344,0.4,0.6,high_risk,,,,transfermarkt_availability_split_2026_06_04+gk_hierarchy_normalized,transfermarkt_availability_split_2026_06_04
Ugurcan Cakir,TUR,0.4293,0.4753,0.4935,0.8947,medium_risk,,,,transfermarkt_availability_split_2026_06_04+gk_hierarchy_normalized,transfermarkt_availability_split_2026_06_04
Ricardo Velho,POR,0.0495,0.2,0.25,0.4286,high_risk,,,,transfermarkt_availability_split_2026_06_04+gk_hierarchy_normalized,transfermarkt_availability_split_2026_06_04
Jose Sa,POR,0.2869,0.66,0.7674,0.6,high_risk,,,,transfermarkt_availability_split_2026_06_04+gk_hierarchy_normalized,transfermarkt_availability_split_2026_06_04
Diogo Costa,POR,0.6165,0.7534,0.7925,0.8592,low_risk,,,,transfermarkt_availability_split_2026_06_04+gk_hierarchy_normalized,transfermarkt_availability_split_2026_06_04
Rui Silva,POR,0.0471,0.0441,0.0513,0.6,high_risk,,,,transfermarkt_availability_split_2026_06_04+gk_hierarchy_normalized,transfermarkt_availability_split_2026_06_04
Lukas Hornicek,CZE,0.1195,0.4583,0.4583,,unknown,,,,transfermarkt_availability_split_2026_06_04+gk_hierarchy_normalized,transfermarkt_availability_split_2026_06_04
Martin Jedlicka,CZE,0.2815,0.6393,0.6393,,unknown,,,,transfermarkt_availability_split_2026_06_04+gk_hierarchy_normalized,transfermarkt_availability_split_2026_06_04
Matej Kovar,CZE,0.599,0.7006,0.7561,0.7903,medium_risk,,,,transfermarkt_availability_split_2026_06_04+gk_hierarchy_normalized,transfermarkt_availability_split_2026_06_04
Marvin Keller,SUI,0.1379,0.2314,0.2667,0.6216,high_risk,,,,transfermarkt_availability_split_2026_06_04+gk_hierarchy_normalized,transfermarkt_availability_split_2026_06_04
Gregor Kobel,SUI,0.399,0.43,0.5,0.6,high_risk,,,,transfermarkt_availability_split_2026_06_04+gk_hierarchy_normalized,transfermarkt_availability_split_2026_06_04
Yvon Mvogo,SUI,0.2155,0.2232,0.2449,0.7465,medium_risk,,,,transfermarkt_availability_split_2026_06_04+gk_hierarchy_normalized,transfermarkt_availability_split_2026_06_04
Denis Zakaria,SUI,0.645,0.645,0.7286,0.6724,medium_risk,,,,transfermarkt_availability_split_2026_06_04,transfermarkt_availability_split_2026_06_04
Djibril Sow,SUI,0.6478,0.6478,0.7258,0.6931,medium_risk,,,,transfermarkt_availability_split_2026_06_04,transfermarkt_availability_split_2026_06_04
Granit Xhaka,SUI,0.9256,0.9256,0.97,0.8693,low_risk,,,,transfermarkt_availability_split_2026_06_04,transfermarkt_availability_split_2026_06_04
Noah Okafor,SUI,0.6741,0.6741,0.7838,0.6,high_risk,,,,transfermarkt_availability_split_2026_06_04,transfermarkt_availability_split_2026_06_04
Remo Freuler,SUI,0.8331,0.8331,0.8602,0.9099,low_risk,,,,transfermarkt_availability_split_2026_06_04,transfermarkt_availability_split_2026_06_04
Michel Aebischer,SUI,0.5181,0.5181,0.5897,0.6528,high_risk,,,,transfermarkt_availability_split_2026_06_04,transfermarkt_availability_split_2026_06_04
Johan Manzambi,SUI,0.873,0.873,0.97,0.7143,unknown,,,,transfermarkt_availability_split_2026_06_04,transfermarkt_availability_split_2026_06_04
Ardon Jashari,SUI,0.4858,0.4858,0.5333,0.7451,medium_risk,,,,transfermarkt_availability_split_2026_06_04,transfermarkt_availability_split_2026_06_04
Fabian Rieder,SUI,0.7887,0.7887,0.8387,0.8298,medium_risk,,,,transfermarkt_availability_split_2026_06_04,transfermarkt_availability_split_2026_06_04
Michal Sadilek,CZE,0.9142,0.9142,0.9142,,unknown,,,,transfermarkt_availability_split_2026_06_04,transfermarkt_availability_split_2026_06_04
Alex Kral,CZE,0.8435,0.8435,0.8435,,unknown,,,,transfermarkt_availability_split_2026_06_04,transfermarkt_availability_split_2026_06_04
Tomas Soucek,CZE,0.9219,0.9219,0.9394,0.9469,low_risk,,,,transfermarkt_availability_split_2026_06_04,transfermarkt_availability_split_2026_06_04
Pavel Sulc,CZE,0.8202,0.8202,0.8696,0.8378,medium_risk,,,,transfermarkt_availability_split_2026_06_04,transfermarkt_availability_split_2026_06_04
Adam Karabec,CZE,0.8622,0.8622,0.8622,,unknown,,,,transfermarkt_availability_split_2026_06_04,transfermarkt_availability_split_2026_06_04
Lukas Cerv,CZE,0.6261,0.6261,0.6522,0.8857,medium_risk,,,,transfermarkt_availability_split_2026_06_04,transfermarkt_availability_split_2026_06_04
Denis Visinsky,CZE,0.3448,0.3448,0.3448,,unknown,,,,transfermarkt_availability_split_2026_06_04,transfermarkt_availability_split_2026_06_04
Vladimir Darida,CZE,0.8662,0.8662,0.8662,,unknown,,,,transfermarkt_availability_split_2026_06_04,transfermarkt_availability_split_2026_06_04
Lukas Provod,CZE,0.8932,0.8932,0.95,0.8293,medium_risk,,,,transfermarkt_availability_split_2026_06_04,transfermarkt_availability_split_2026_06_04
Ruben Neves,POR,0.7206,0.7206,0.781,0.7793,medium_risk,,,,transfermarkt_availability_split_2026_06_04,transfermarkt_availability_split_2026_06_04
Bernardo Silva,POR,0.8322,0.8322,0.878,0.8506,low_risk,,,,transfermarkt_availability_split_2026_06_04,transfermarkt_availability_split_2026_06_04
Bruno Fernandes,POR,0.8419,0.8419,0.87,0.9076,low_risk,,,,transfermarkt_availability_split_2026_06_04,transfermarkt_availability_split_2026_06_04
Matheus Nunes,POR,0.5106,0.5106,0.5938,0.6,high_risk,,,,transfermarkt_availability_split_2026_06_04,transfermarkt_availability_split_2026_06_04
João Neves,POR,0.6325,0.6325,0.6667,0.8537,medium_risk,,,,transfermarkt_availability_split_2026_06_04,transfermarkt_availability_split_2026_06_04
Ismail Yüksek,TUR,0.7936,0.7936,0.8378,0.8491,medium_risk,,,,transfermarkt_availability_split_2026_06_04,transfermarkt_availability_split_2026_06_04
Arda Güler,TUR,0.8467,0.8467,0.9091,0.8039,medium_risk,,,,transfermarkt_availability_split_2026_06_04,transfermarkt_availability_split_2026_06_04
Kenan Yildiz,TUR,0.8953,0.8953,0.9333,0.8837,low_risk,,,,transfermarkt_availability_split_2026_06_04,transfermarkt_availability_split_2026_06_04
Samu Costa,POR,0.65,0.65,0.8,0.4643,high_risk,,,,transfermarkt_availability_split_2026_06_04,transfermarkt_availability_split_2026_06_04
Vitinha,POR,0.7497,0.7497,0.7755,0.9048,low_risk,,,,transfermarkt_availability_split_2026_06_04,transfermarkt_availability_split_2026_06_04
Irfan Can Kahveci,TUR,0.6858,0.6858,0.791,0.6198,high_risk,,,,transfermarkt_availability_split_2026_06_04,transfermarkt_availability_split_2026_06_04
Kerem Akturkoglu,TUR,0.8753,0.8753,0.9107,0.8889,low_risk,,,,transfermarkt_availability_split_2026_06_04,transfermarkt_availability_split_2026_06_04
Orkun Kökcü,TUR,0.7587,0.7587,0.8136,0.8072,medium_risk,,,,transfermarkt_availability_split_2026_06_04,transfermarkt_availability_split_2026_06_04
Atakan Karazor,TUR,0.2144,0.2144,0.25,0.5926,high_risk,,,,transfermarkt_availability_split_2026_06_04,transfermarkt_availability_split_2026_06_04
Kaan Ayhan,TUR,0.7528,0.7528,0.82,0.766,medium_risk,,,,transfermarkt_availability_split_2026_06_04,transfermarkt_availability_split_2026_06_04
Hakan Calhanoglu,TUR,0.8632,0.8632,0.9304,0.7935,medium_risk,,,,transfermarkt_availability_split_2026_06_04,transfermarkt_availability_split_2026_06_04
Alessandro Schöpf,AUT,0.5672,0.5672,0.6596,0.6,high_risk,,,,transfermarkt_availability_split_2026_06_04,transfermarkt_availability_split_2026_06_04
Salih Özcan,TUR,0.7323,0.7323,0.7895,0.7931,medium_risk,,,,transfermarkt_availability_split_2026_06_04,transfermarkt_availability_split_2026_06_04
Xaver Schlager,AUT,0.839,0.839,0.8904,0.8351,medium_risk,,,,transfermarkt_availability_split_2026_06_04,transfermarkt_availability_split_2026_06_04
Romano Schmid,AUT,0.8195,0.8195,0.8667,0.8444,medium_risk,,,,transfermarkt_availability_split_2026_06_04,transfermarkt_availability_split_2026_06_04
Marcel Sabitzer,AUT,0.8181,0.8181,0.8796,0.8,medium_risk,,,,transfermarkt_availability_split_2026_06_04,transfermarkt_availability_split_2026_06_04
Florian Grillitsch,AUT,0.7044,0.7044,0.7727,0.7475,medium_risk,,,,transfermarkt_availability_split_2026_06_04,transfermarkt_availability_split_2026_06_04
Konrad Laimer,AUT,0.8698,0.8698,0.908,0.8796,low_risk,,,,transfermarkt_availability_split_2026_06_04,transfermarkt_availability_split_2026_06_04
Patrick Wimmer,AUT,0.5787,0.5787,0.6477,0.8085,medium_risk,0.8085,medium,Existing raw country start-security row is 0.5787 with base_start_score 0.6477; canonical availability split over-promoted him to secure starter.,transfermarkt_availability_split_2026_06_04+context_override,transfermarkt_availability_split_2026_06_04+context_override
Christoph Baumgartner,AUT,0.0,0.8952,0.9333,0.8831,low_risk,,,,manual_out_baumgartner_2026_06_04,transfermarkt_availability_split_2026_06_04
Nicolas Seiwald,AUT,0.947,0.947,0.97,0.9322,low_risk,,,,transfermarkt_availability_split_2026_06_04,transfermarkt_availability_split_2026_06_04
Martin Baturina,CRO,0.5703,0.5703,0.625,0.75,medium_risk,,,,transfermarkt_availability_split_2026_06_04,transfermarkt_availability_split_2026_06_04
Toni Fruk,CRO,0.4583,0.4583,0.5,0.7619,medium_risk,,,,transfermarkt_availability_split_2026_06_04,transfermarkt_availability_split_2026_06_04
Luka Sucic,CRO,0.597,0.597,0.6774,0.661,medium_risk,,,,transfermarkt_availability_split_2026_06_04,transfermarkt_availability_split_2026_06_04
Petar Sucic,CRO,0.8125,0.8125,0.8667,0.8214,medium_risk,,,,transfermarkt_availability_split_2026_06_04,transfermarkt_availability_split_2026_06_04
Mateo Kovacic,CRO,0.839,0.839,0.8992,0.8089,medium_risk,,,,transfermarkt_availability_split_2026_06_04,transfermarkt_availability_split_2026_06_04
Nikola Moro,CRO,0.1638,0.1638,0.1905,0.6,high_risk,,,,transfermarkt_availability_split_2026_06_04,transfermarkt_availability_split_2026_06_04
Nikola Vlasic,CRO,0.732,0.732,0.8116,0.7196,medium_risk,,,,transfermarkt_availability_split_2026_06_04,transfermarkt_availability_split_2026_06_04
Mario Pasalic,CRO,0.7032,0.7032,0.7717,0.7463,medium_risk,,,,transfermarkt_availability_split_2026_06_04,transfermarkt_availability_split_2026_06_04
Luka Modric,CRO,0.9158,0.9158,0.9659,0.8519,low_risk,,,,transfermarkt_availability_split_2026_06_04,transfermarkt_availability_split_2026_06_04
Nadiem Amiri,GER,0.6071,0.6071,0.7059,0.6,high_risk,,,,transfermarkt_availability_split_2026_06_04,transfermarkt_availability_split_2026_06_04
Leon Goretzka,GER,0.7892,0.7892,0.9176,0.6,high_risk,,,,transfermarkt_availability_split_2026_06_04,transfermarkt_availability_split_2026_06_04
Pascal Gross,GER,0.5821,0.5821,0.6207,0.8222,medium_risk,,,,transfermarkt_availability_split_2026_06_04,transfermarkt_availability_split_2026_06_04
Joshua Kimmich,GER,0.9287,0.9287,0.9504,0.9348,low_risk,,,,transfermarkt_availability_split_2026_06_04,transfermarkt_availability_split_2026_06_04
Jamie Leweling,GER,0.525,0.525,0.6,0.6429,high_risk,,,,transfermarkt_availability_split_2026_06_04,transfermarkt_availability_split_2026_06_04
Aleksandar Pavlovic,GER,0.7126,0.7126,0.8125,0.6486,high_risk,,,,transfermarkt_availability_split_2026_06_04,transfermarkt_availability_split_2026_06_04
Bradley Barcola,FRA,0.7583,0.7583,0.8333,0.7429,medium_risk,,,,transfermarkt_availability_split_2026_06_04,transfermarkt_availability_split_2026_06_04
Jamal Musiala,GER,0.8355,0.8355,0.9048,0.7812,medium_risk,,,,transfermarkt_availability_split_2026_06_04,transfermarkt_availability_split_2026_06_04
Angelo Stiller,GER,0.5153,0.5153,0.5833,0.6667,medium_risk,,,,transfermarkt_availability_split_2026_06_04,transfermarkt_availability_split_2026_06_04
Lennart Karl,GER,0.873,0.873,0.97,0.7143,unknown,,,,transfermarkt_availability_split_2026_06_04,transfermarkt_availability_split_2026_06_04
Felix Nmecha,GER,0.43,0.43,0.5,0.6,high_risk,,,,transfermarkt_availability_split_2026_06_04,transfermarkt_availability_split_2026_06_04
Florian Wirtz,GER,0.8582,0.8582,0.9091,0.84,medium_risk,,,,transfermarkt_availability_split_2026_06_04,transfermarkt_availability_split_2026_06_04
Manu Koné,FRA,0.38,0.38,0.55,0.45,high_risk,0.45,low,"Latest France context supplied for audit: missed last three national matches, two with muscle injury; injury absence must not be treated as rotation.",transfermarkt_availability_split_2026_06_04+context_override,transfermarkt_availability_split_2026_06_04+context_override
Aurelien Tchouameni,FRA,0.8272,0.8272,0.88,0.8286,medium_risk,,,,transfermarkt_availability_split_2026_06_04,transfermarkt_availability_split_2026_06_04
Warren Zaire-Emery,FRA,0.3875,0.3875,0.4167,0.8,medium_risk,,,,transfermarkt_availability_split_2026_06_04,transfermarkt_availability_split_2026_06_04
Kees Smit,NED,0.45,0.45,0.5,0.7143,unknown,,,,transfermarkt_availability_split_2026_06_04,transfermarkt_availability_split_2026_06_04
Adrien Rabiot,FRA,0.6584,0.6584,0.75,0.6512,high_risk,,,,transfermarkt_availability_split_2026_06_04,transfermarkt_availability_split_2026_06_04
Quinten Timber,NED,0.6143,0.6143,0.7143,0.6,high_risk,,,,transfermarkt_availability_split_2026_06_04,transfermarkt_availability_split_2026_06_04
Ryan Gravenberch,NED,0.5323,0.5323,0.5918,0.7125,medium_risk,,,,transfermarkt_availability_split_2026_06_04,transfermarkt_availability_split_2026_06_04
Teun Koopmeiners,NED,0.5958,0.5958,0.6735,0.6706,medium_risk,,,,transfermarkt_availability_split_2026_06_04,transfermarkt_availability_split_2026_06_04
Tijjani Reijnders,NED,0.884,0.884,0.9118,0.913,low_risk,,,,transfermarkt_availability_split_2026_06_04,transfermarkt_availability_split_2026_06_04
Luciano Valente,NED,0.4562,0.4562,0.5,0.75,medium_risk,,,,transfermarkt_availability_split_2026_06_04,transfermarkt_availability_split_2026_06_04
Martin Zubimendi,ESP,0.5578,0.5578,0.6486,0.6,high_risk,,,,transfermarkt_availability_split_2026_06_04,transfermarkt_availability_split_2026_06_04
Alex Baena,ESP,0.5347,0.5347,0.5769,0.7907,medium_risk,,,,transfermarkt_availability_split_2026_06_04,transfermarkt_availability_split_2026_06_04
Pedri,ESP,0.8417,0.8417,0.97,0.622,high_risk,,,,transfermarkt_availability_split_2026_06_04,transfermarkt_availability_split_2026_06_04
N'Golo Kante,FRA,0.7285,0.7285,0.8415,0.6164,high_risk,,,,transfermarkt_availability_split_2026_06_04,transfermarkt_availability_split_2026_06_04
Yeremy Pino,ESP,0.6143,0.6143,0.7143,0.6,high_risk,,,,transfermarkt_availability_split_2026_06_04,transfermarkt_availability_split_2026_06_04
Dani Olmo,ESP,0.739,0.739,0.8065,0.7609,medium_risk,,,,transfermarkt_availability_split_2026_06_04,transfermarkt_availability_split_2026_06_04
Mikel Merino,ESP,0.74,0.74,0.8605,0.6,high_risk,,,,transfermarkt_availability_split_2026_06_04,transfermarkt_availability_split_2026_06_04
Rodri Hernandez,ESP,0.7254,0.7254,0.7738,0.8214,medium_risk,,,,transfermarkt_availability_split_2026_06_04,transfermarkt_availability_split_2026_06_04
Marcos Llorente,ESP,0.5733,0.5733,0.6667,0.6,high_risk,,,,transfermarkt_availability_split_2026_06_04,transfermarkt_availability_split_2026_06_04
Fabian Ruiz,ESP,0.6746,0.6746,0.7679,0.6531,medium_risk,,,,transfermarkt_availability_split_2026_06_04,transfermarkt_availability_split_2026_06_04
Jesper Karlström,SWE,0.5447,0.5447,0.6333,0.6,high_risk,,,,transfermarkt_availability_split_2026_06_04,transfermarkt_availability_split_2026_06_04
Mattias Svanberg,SWE,0.7177,0.7177,0.8113,0.6703,medium_risk,,,,transfermarkt_availability_split_2026_06_04,transfermarkt_availability_split_2026_06_04
Ken Sema,SWE,0.3948,0.3948,0.459,0.6,high_risk,,,,transfermarkt_availability_split_2026_06_04,transfermarkt_availability_split_2026_06_04
Alexander Bernhardsson,SWE,0.6928,0.6928,0.8889,0.3696,high_risk,,,,transfermarkt_availability_split_2026_06_04,transfermarkt_availability_split_2026_06_04
Taha Abdi Ali,SWE,0.2575,0.2575,0.3333,0.35,high_risk,,,,transfermarkt_availability_split_2026_06_04,transfermarkt_availability_split_2026_06_04
Yasin Ayari,SWE,0.871,0.871,0.9062,0.8889,low_risk,,,,transfermarkt_availability_split_2026_06_04,transfermarkt_availability_split_2026_06_04
Lucas Bergvall,SWE,0.631,0.631,0.7143,0.6667,medium_risk,,,,transfermarkt_availability_split_2026_06_04,transfermarkt_availability_split_2026_06_04
Besfort Zeneli,SWE,0.5818,0.5818,0.6667,0.6364,high_risk,,,,transfermarkt_availability_split_2026_06_04,transfermarkt_availability_split_2026_06_04
Ibrahim Maza,ALG,0.7371,0.7371,0.8571,0.6,high_risk,,,,transfermarkt_availability_split_2026_06_04,transfermarkt_availability_split_2026_06_04
Ramiz Zerrouki,ALG,0.7823,0.7823,0.902,0.6211,high_risk,,,,transfermarkt_availability_split_2026_06_04,transfermarkt_availability_split_2026_06_04
Yassine Titraoui,ALG,0.515,0.515,0.6667,0.35,high_risk,,,,transfermarkt_availability_split_2026_06_04,transfermarkt_availability_split_2026_06_04
Himad Abdelli,ALG,0.6008,0.6008,0.7778,0.35,high_risk,,,,transfermarkt_availability_split_2026_06_04,transfermarkt_availability_split_2026_06_04
Fares Chaibi,ALG,0.7047,0.7047,0.8148,0.614,high_risk,,,,transfermarkt_availability_split_2026_06_04,transfermarkt_availability_split_2026_06_04
Hicham Boudaoui,ALG,0.5192,0.5192,0.6038,0.6,high_risk,,,,transfermarkt_availability_split_2026_06_04,transfermarkt_availability_split_2026_06_04
Adil Aouchiche,ALG,0.45,0.45,0.5,0.7143,unknown,,,,transfermarkt_availability_split_2026_06_04,transfermarkt_availability_split_2026_06_04
Houssem Aouar,ALG,0.6789,0.6789,0.7895,0.6,high_risk,,,,transfermarkt_availability_split_2026_06_04,transfermarkt_availability_split_2026_06_04
Ismael Bennacer,ALG,0.7025,0.7025,0.8169,0.6,high_risk,,,,transfermarkt_availability_split_2026_06_04,transfermarkt_availability_split_2026_06_04
Rodrigo de Paul,ARG,0.9318,0.9318,0.9545,0.932,low_risk,,,,transfermarkt_availability_split_2026_06_04,transfermarkt_availability_split_2026_06_04
Leandro Paredes,ARG,0.7571,0.7571,0.7938,0.8678,low_risk,,,,transfermarkt_availability_split_2026_06_04,transfermarkt_availability_split_2026_06_04
Giovani Lo Celso,ARG,0.7765,0.7765,0.8553,0.7368,medium_risk,,,,transfermarkt_availability_split_2026_06_04,transfermarkt_availability_split_2026_06_04
Exequiel Palacios,ARG,0.5437,0.5437,0.6094,0.6923,medium_risk,,,,transfermarkt_availability_split_2026_06_04,transfermarkt_availability_split_2026_06_04
Nico Paz,ARG,0.4357,0.4357,0.4615,0.84,medium_risk,,,,transfermarkt_availability_split_2026_06_04,transfermarkt_availability_split_2026_06_04
Alan Varela,ARG,0.0413,0.0413,0.05,0.5,high_risk,,,,transfermarkt_availability_split_2026_06_04,transfermarkt_availability_split_2026_06_04
Franco Mastantuono,ARG,0.5967,0.5967,0.6667,0.7,medium_risk,,,,transfermarkt_availability_split_2026_06_04,transfermarkt_availability_split_2026_06_04
Paul Okon-Engstler,AUS,0.873,0.873,0.97,0.7143,unknown,,,,transfermarkt_availability_split_2026_06_04,transfermarkt_availability_split_2026_06_04
Enzo Fernandez,ARG,0.9015,0.9015,0.9524,0.8475,medium_risk,,,,transfermarkt_availability_split_2026_06_04,transfermarkt_availability_split_2026_06_04
Thiago Almada,ARG,0.6347,0.6347,0.7059,0.7119,medium_risk,,,,transfermarkt_availability_split_2026_06_04,transfermarkt_availability_split_2026_06_04
Connor Metcalfe,AUS,0.7886,0.7886,0.9091,0.6212,high_risk,,,,transfermarkt_availability_split_2026_06_04,transfermarkt_availability_split_2026_06_04
Riley McGree,AUS,0.6307,0.6307,0.7333,0.6,high_risk,,,,transfermarkt_availability_split_2026_06_04,transfermarkt_availability_split_2026_06_04
Alexis Mac Allister,ARG,0.7538,0.7538,0.8305,0.7363,medium_risk,,,,transfermarkt_availability_split_2026_06_04,transfermarkt_availability_split_2026_06_04
Aiden O'Neill,AUS,0.8854,0.8854,0.9259,0.875,low_risk,,,,transfermarkt_availability_split_2026_06_04,transfermarkt_availability_split_2026_06_04
Patrick Yazbek,AUS,0.3071,0.3071,0.3571,0.6,high_risk,,,,transfermarkt_availability_split_2026_06_04,transfermarkt_availability_split_2026_06_04
Casemiro,BRA,0.7578,0.7578,0.8812,0.6,high_risk,,,,transfermarkt_availability_split_2026_06_04,transfermarkt_availability_split_2026_06_04
Ajdin Hrustic,AUS,0.645,0.645,0.75,0.6,high_risk,,,,transfermarkt_availability_split_2026_06_04,transfermarkt_availability_split_2026_06_04
Bruno Guimaraes,BRA,0.7749,0.7749,0.8462,0.7595,medium_risk,,,,transfermarkt_availability_split_2026_06_04,transfermarkt_availability_split_2026_06_04
Lucas Paqueta,BRA,0.7869,0.7869,0.8615,0.7526,medium_risk,,,,transfermarkt_availability_split_2026_06_04,transfermarkt_availability_split_2026_06_04
Danilo dos Santos,BRA,0.515,0.515,0.6667,0.35,high_risk,,,,transfermarkt_availability_split_2026_06_04,transfermarkt_availability_split_2026_06_04
Christ Inao Oulaï,CIV,0.8296,0.8296,0.8889,0.8095,medium_risk,,,,transfermarkt_availability_split_2026_06_04,transfermarkt_availability_split_2026_06_04
Parfait Guiagon,CIV,0.423,0.423,0.5,0.56,high_risk,,,,transfermarkt_availability_split_2026_06_04,transfermarkt_availability_split_2026_06_04
Ibrahim Sangare,CIV,0.7036,0.7036,0.8182,0.6,high_risk,,,,transfermarkt_availability_split_2026_06_04,transfermarkt_availability_split_2026_06_04
Jean Michael Seri,CIV,0.6665,0.6665,0.775,0.6,high_risk,,,,transfermarkt_availability_split_2026_06_04,transfermarkt_availability_split_2026_06_04
Franck Kessie,CIV,0.8479,0.8479,0.9333,0.7386,medium_risk,,,,transfermarkt_availability_split_2026_06_04,transfermarkt_availability_split_2026_06_04
Declan Rice,ENG,0.8465,0.8465,0.8706,0.9208,low_risk,,,,transfermarkt_availability_split_2026_06_04,transfermarkt_availability_split_2026_06_04
Seko Fofana,CIV,0.7016,0.7016,0.8158,0.6,high_risk,,,,transfermarkt_availability_split_2026_06_04,transfermarkt_availability_split_2026_06_04
Jordan Henderson,ENG,0.7192,0.7192,0.8,0.7113,medium_risk,,,,transfermarkt_availability_split_2026_06_04,transfermarkt_availability_split_2026_06_04
Elliot Anderson,ENG,0.8807,0.8807,0.97,0.7368,medium_risk,,,,transfermarkt_availability_split_2026_06_04,transfermarkt_availability_split_2026_06_04
Jude Bellingham,ENG,0.7202,0.7202,0.7857,0.7619,medium_risk,,,,transfermarkt_availability_split_2026_06_04,transfermarkt_availability_split_2026_06_04
Eberechi Eze,ENG,0.5007,0.5007,0.5789,0.6136,high_risk,,,,transfermarkt_availability_split_2026_06_04,transfermarkt_availability_split_2026_06_04
Kobbie Mainoo,ENG,0.7371,0.7371,0.8571,0.6,high_risk,,,,transfermarkt_availability_split_2026_06_04,transfermarkt_availability_split_2026_06_04
Elisha Owusu,GHA,0.5235,0.5235,0.6087,0.6,high_risk,,,,transfermarkt_availability_split_2026_06_04,transfermarkt_availability_split_2026_06_04
Morgan Rogers,ENG,0.8928,0.8928,0.97,0.7727,medium_risk,,,,transfermarkt_availability_split_2026_06_04,transfermarkt_availability_split_2026_06_04
Ibrahim Sulemana,GHA,0.6239,0.6239,0.7273,0.5938,high_risk,,,,transfermarkt_availability_split_2026_06_04,transfermarkt_availability_split_2026_06_04
Kwasi Sibo,GHA,0.8851,0.8851,0.97,0.75,medium_risk,,,,transfermarkt_availability_split_2026_06_04,transfermarkt_availability_split_2026_06_04
Thomas Partey,GHA,0.778,0.778,0.9,0.6126,high_risk,,,,transfermarkt_availability_split_2026_06_04,transfermarkt_availability_split_2026_06_04
Wataru Endo,JPN,0.6471,0.6471,0.7184,0.7161,medium_risk,,,,transfermarkt_availability_split_2026_06_04,transfermarkt_availability_split_2026_06_04
Daichi Kamada,JPN,0.7254,0.7254,0.8276,0.6471,high_risk,,,,transfermarkt_availability_split_2026_06_04,transfermarkt_availability_split_2026_06_04
Takefusa Kubo,JPN,0.7208,0.7208,0.7969,0.7273,medium_risk,,,,transfermarkt_availability_split_2026_06_04,transfermarkt_availability_split_2026_06_04
Junya Ito,JPN,0.7491,0.7491,0.8375,0.6984,medium_risk,,,,transfermarkt_availability_split_2026_06_04,transfermarkt_availability_split_2026_06_04
Ritsu Doan,JPN,0.8106,0.8106,0.9041,0.7043,medium_risk,,,,transfermarkt_availability_split_2026_06_04,transfermarkt_availability_split_2026_06_04
Kaishu Sano,JPN,0.5733,0.5733,0.6667,0.6,high_risk,,,,transfermarkt_availability_split_2026_06_04,transfermarkt_availability_split_2026_06_04
Keito Nakamura,JPN,0.6696,0.6696,0.7273,0.7736,medium_risk,,,,transfermarkt_availability_split_2026_06_04,transfermarkt_availability_split_2026_06_04
Hyun-Jun Yang,KOR,0.4047,0.4047,0.4706,0.6,high_risk,,,,transfermarkt_availability_split_2026_06_04,transfermarkt_availability_split_2026_06_04
Ao Tanaka,JPN,0.6829,0.6829,0.78,0.6444,high_risk,,,,transfermarkt_availability_split_2026_06_04,transfermarkt_availability_split_2026_06_04
Jens Castrop,KOR,0.5417,0.5417,0.6,0.7222,medium_risk,,,,transfermarkt_availability_split_2026_06_04,transfermarkt_availability_split_2026_06_04
In-beom Hwang,KOR,0.897,0.897,0.97,0.785,medium_risk,,,,transfermarkt_availability_split_2026_06_04,transfermarkt_availability_split_2026_06_04
Kang-In Lee,KOR,0.7678,0.7678,0.8679,0.6703,medium_risk,,,,transfermarkt_availability_split_2026_06_04,transfermarkt_availability_split_2026_06_04
Seung-Ho Paik,KOR,0.5235,0.5235,0.6087,0.6,high_risk,,,,transfermarkt_availability_split_2026_06_04,transfermarkt_availability_split_2026_06_04
Ji-sung Eom,KOR,0.6689,0.6689,0.7778,0.6,high_risk,,,,transfermarkt_availability_split_2026_06_04,transfermarkt_availability_split_2026_06_04
Dong-gyeong Lee,KOR,0.4607,0.4607,0.5357,0.6,high_risk,,,,transfermarkt_availability_split_2026_06_04,transfermarkt_availability_split_2026_06_04
Jun-ho Bae,KOR,0.6032,0.6032,0.7143,0.5556,high_risk,,,,transfermarkt_availability_split_2026_06_04,transfermarkt_availability_split_2026_06_04
Jin-gyu Kim,KOR,0.7167,0.7167,0.8333,0.6,high_risk,,,,transfermarkt_availability_split_2026_06_04,transfermarkt_availability_split_2026_06_04
Jin-seob Park,KOR,0.2925,0.2925,0.3333,0.65,high_risk,,,,transfermarkt_availability_split_2026_06_04,transfermarkt_availability_split_2026_06_04
Jae-Sung Lee,KOR,0.7731,0.7731,0.8416,0.7676,medium_risk,,,,transfermarkt_availability_split_2026_06_04,transfermarkt_availability_split_2026_06_04
Hee-Chan Hwang,KOR,0.7563,0.7563,0.8676,0.6333,high_risk,,,,transfermarkt_availability_split_2026_06_04,transfermarkt_availability_split_2026_06_04
Brian Gutierrez,MEX,0.7685,0.7685,0.8333,0.7778,medium_risk,,,,transfermarkt_availability_split_2026_06_04,transfermarkt_availability_split_2026_06_04
Denzell Garcia,MEX,0.2575,0.2575,0.3333,0.35,high_risk,,,,transfermarkt_availability_split_2026_06_04,transfermarkt_availability_split_2026_06_04
Erik Lira,MEX,0.5644,0.5644,0.6562,0.6,high_risk,,,,transfermarkt_availability_split_2026_06_04,transfermarkt_availability_split_2026_06_04
Alvaro Fidalgo,MEX,0.8639,0.8639,0.97,0.6875,medium_risk,,,,transfermarkt_availability_split_2026_06_04,transfermarkt_availability_split_2026_06_04
Obed Vargas,MEX,0.6873,0.6873,0.8182,0.5429,high_risk,,,,transfermarkt_availability_split_2026_06_04,transfermarkt_availability_split_2026_06_04
Erick Sanchez,MEX,0.6576,0.6576,0.7647,0.6,high_risk,,,,transfermarkt_availability_split_2026_06_04,transfermarkt_availability_split_2026_06_04
Roberto Alvarado,MEX,0.6394,0.6394,0.7246,0.6638,medium_risk,,,,transfermarkt_availability_split_2026_06_04,transfermarkt_availability_split_2026_06_04
Callum McCowatt,NZL,0.7572,0.7572,0.8387,0.7222,medium_risk,,,,transfermarkt_availability_split_2026_06_04,transfermarkt_availability_split_2026_06_04
Orbelin Pineda,MEX,0.5947,0.5947,0.6804,0.6402,high_risk,,,,transfermarkt_availability_split_2026_06_04,transfermarkt_availability_split_2026_06_04
Elijah Just,NZL,0.8857,0.8857,0.9394,0.8367,medium_risk,,,,transfermarkt_availability_split_2026_06_04,transfermarkt_availability_split_2026_06_04
Joe Bell,NZL,0.8244,0.8244,0.9333,0.6667,medium_risk,,,,transfermarkt_availability_split_2026_06_04,transfermarkt_availability_split_2026_06_04
Ryan Thomas,NZL,0.8342,0.8342,0.97,0.6,high_risk,,,,transfermarkt_availability_split_2026_06_04,transfermarkt_availability_split_2026_06_04
Sarpreet Singh,NZL,0.8456,0.8456,0.9677,0.6393,high_risk,,,,transfermarkt_availability_split_2026_06_04,transfermarkt_availability_split_2026_06_04
Marko Stamenic,NZL,0.8985,0.8985,0.97,0.7895,medium_risk,,,,transfermarkt_availability_split_2026_06_04,transfermarkt_availability_split_2026_06_04
Matthew Garbett,NZL,0.8803,0.8803,0.97,0.7358,medium_risk,,,,transfermarkt_availability_split_2026_06_04,transfermarkt_availability_split_2026_06_04
Alex Rufer,NZL,0.5288,0.5288,0.5957,0.679,medium_risk,,,,transfermarkt_availability_split_2026_06_04,transfermarkt_availability_split_2026_06_04
Ben Old,NZL,0.8147,0.8147,0.9474,0.6,high_risk,,,,transfermarkt_availability_split_2026_06_04,transfermarkt_availability_split_2026_06_04
Lachlan Bayliss,NZL,0.8655,0.8655,0.97,0.6923,unknown,,,,transfermarkt_availability_split_2026_06_04,transfermarkt_availability_split_2026_06_04
Miguel Almiron,PAR,0.8699,0.8699,0.9605,0.7304,medium_risk,,,,transfermarkt_availability_split_2026_06_04,transfermarkt_availability_split_2026_06_04
Andres Cubas,PAR,0.7229,0.7229,0.8378,0.6081,high_risk,,,,transfermarkt_availability_split_2026_06_04,transfermarkt_availability_split_2026_06_04
Lucas Ramon Romero,PAR,0.2647,0.2647,0.2857,0.7895,medium_risk,,,,transfermarkt_availability_split_2026_06_04,transfermarkt_availability_split_2026_06_04
Damian Bobadilla,PAR,0.6848,0.6848,0.7273,0.8333,medium_risk,,,,transfermarkt_availability_split_2026_06_04,transfermarkt_availability_split_2026_06_04
Matias Galarza Fonda,PAR,0.387,0.387,0.45,0.6,high_risk,,,,transfermarkt_availability_split_2026_06_04,transfermarkt_availability_split_2026_06_04
Ramon Sosa,PAR,0.8064,0.8064,0.8636,0.8108,medium_risk,,,,transfermarkt_availability_split_2026_06_04,transfermarkt_availability_split_2026_06_04
Hugo Cuenca,PAR,0.3974,0.3974,0.5,0.4138,high_risk,,,,transfermarkt_availability_split_2026_06_04,transfermarkt_availability_split_2026_06_04
Diego Gomez,PAR,0.7703,0.7703,0.8696,0.6739,medium_risk,,,,transfermarkt_availability_split_2026_06_04,transfermarkt_availability_split_2026_06_04
Braian Ojeda,PAR,0.5324,0.5324,0.619,0.6,high_risk,,,,transfermarkt_availability_split_2026_06_04,transfermarkt_availability_split_2026_06_04
Sphephelo Yaya Sithole,RSA,0.8032,0.8032,0.8636,0.8,medium_risk,,,,transfermarkt_availability_split_2026_06_04,transfermarkt_availability_split_2026_06_04
Teboho Mokoena,RSA,0.7948,0.7948,0.8793,0.7253,medium_risk,,,,transfermarkt_availability_split_2026_06_04,transfermarkt_availability_split_2026_06_04
Themba Zwane,RSA,0.688,0.688,0.8,0.6,high_risk,,,,transfermarkt_availability_split_2026_06_04,transfermarkt_availability_split_2026_06_04
Joaquin Piquerez,URU,0.7167,0.7167,0.8333,0.6,high_risk,,,,transfermarkt_availability_split_2026_06_04,transfermarkt_availability_split_2026_06_04
Jayden Adams,RSA,0.0717,0.0717,0.0833,0.6,high_risk,,,,transfermarkt_availability_split_2026_06_04,transfermarkt_availability_split_2026_06_04
Thalente Mbatha,RSA,0.5547,0.5547,0.6364,0.6333,high_risk,,,,transfermarkt_availability_split_2026_06_04,transfermarkt_availability_split_2026_06_04
Federico Valverde,URU,0.88,0.88,0.9506,0.7876,medium_risk,,,,transfermarkt_availability_split_2026_06_04,transfermarkt_availability_split_2026_06_04
Juan Manuel Sanabria,URU,0.5812,0.5812,0.625,0.8,medium_risk,,,,transfermarkt_availability_split_2026_06_04,transfermarkt_availability_split_2026_06_04
Nicolas de la Cruz,URU,0.731,0.731,0.85,0.6,high_risk,,,,transfermarkt_availability_split_2026_06_04,transfermarkt_availability_split_2026_06_04
Nicolas Fonseca,URU,0.344,0.344,0.4,0.6,high_risk,,,,transfermarkt_availability_split_2026_06_04,transfermarkt_availability_split_2026_06_04
Maxi Araujo,URU,0.8851,0.8851,0.97,0.75,medium_risk,,,,transfermarkt_availability_split_2026_06_04,transfermarkt_availability_split_2026_06_04
Cristian Roldan,USA,0.4722,0.4722,0.549,0.6,high_risk,,,,transfermarkt_availability_split_2026_06_04,transfermarkt_availability_split_2026_06_04
Tanner Tessmann,USA,0.8063,0.8063,0.9375,0.6,high_risk,,,,transfermarkt_availability_split_2026_06_04,transfermarkt_availability_split_2026_06_04
Brenden Aaronson,USA,0.6836,0.6836,0.7949,0.6,high_risk,,,,transfermarkt_availability_split_2026_06_04,transfermarkt_availability_split_2026_06_04
Manuel Ugarte,URU,0.7396,0.7396,0.814,0.7391,medium_risk,,,,transfermarkt_availability_split_2026_06_04,transfermarkt_availability_split_2026_06_04
Emiliano Martinez Toranza,URU,0.3949,0.3949,0.4545,0.625,high_risk,,,,transfermarkt_availability_split_2026_06_04,transfermarkt_availability_split_2026_06_04
Aidan Morris,USA,0.7453,0.7453,0.8667,0.6,high_risk,,,,transfermarkt_availability_split_2026_06_04,transfermarkt_availability_split_2026_06_04
Sebastian Berhalter,USA,0.6894,0.6894,0.75,0.7692,medium_risk,,,,transfermarkt_availability_split_2026_06_04,transfermarkt_availability_split_2026_06_04
Jefferson Lerma,COL,0.8225,0.8225,0.9231,0.6887,medium_risk,,,,transfermarkt_availability_split_2026_06_04,transfermarkt_availability_split_2026_06_04
James Rodriguez,COL,0.8875,0.8875,0.97,0.7569,medium_risk,,,,transfermarkt_availability_split_2026_06_04,transfermarkt_availability_split_2026_06_04
Juan Quintero,COL,0.0446,0.0446,0.05,0.6923,unknown,,,,transfermarkt_availability_split_2026_06_04,transfermarkt_availability_split_2026_06_04
Weston McKennie,USA,0.8215,0.8215,0.9552,0.6,high_risk,,,,transfermarkt_availability_split_2026_06_04,transfermarkt_availability_split_2026_06_04
Malik Tillman,USA,0.6757,0.6757,0.7857,0.6,high_risk,,,,transfermarkt_availability_split_2026_06_04,transfermarkt_availability_split_2026_06_04
Tyler Adams,USA,0.8298,0.8298,0.9649,0.6,high_risk,,,,transfermarkt_availability_split_2026_06_04,transfermarkt_availability_split_2026_06_04
Giovanni Reyna,USA,0.7955,0.7955,0.925,0.6,high_risk,,,,transfermarkt_availability_split_2026_06_04,transfermarkt_availability_split_2026_06_04
Carlos Andres Gomez,COL,0.4417,0.4417,0.5556,0.4146,high_risk,,,,transfermarkt_availability_split_2026_06_04,transfermarkt_availability_split_2026_06_04
Richard Rios,COL,0.8685,0.8685,0.9091,0.8723,low_risk,,,,transfermarkt_availability_split_2026_06_04,transfermarkt_availability_split_2026_06_04
Jhon Arias,COL,0.8946,0.8946,0.97,0.7778,medium_risk,,,,transfermarkt_availability_split_2026_06_04,transfermarkt_availability_split_2026_06_04
Kevin Castano,COL,0.6173,0.6173,0.6571,0.8269,medium_risk,,,,transfermarkt_availability_split_2026_06_04,transfermarkt_availability_split_2026_06_04
Juan Portilla,COL,0.43,0.43,0.5,0.6,high_risk,,,,transfermarkt_availability_split_2026_06_04,transfermarkt_availability_split_2026_06_04
Jaminton Campaz,COL,0.4631,0.4631,0.5385,0.6,high_risk,,,,transfermarkt_availability_split_2026_06_04,transfermarkt_availability_split_2026_06_04
Jorge Carrascal,COL,0.5975,0.5975,0.6667,0.7037,medium_risk,,,,transfermarkt_availability_split_2026_06_04,transfermarkt_availability_split_2026_06_04
Gustavo Puerta,COL,0.3363,0.3363,0.4286,0.3846,high_risk,,,,transfermarkt_availability_split_2026_06_04,transfermarkt_availability_split_2026_06_04
Alan Franco,ECU,0.45,0.45,0.5,0.7143,unknown,,,,transfermarkt_availability_split_2026_06_04,transfermarkt_availability_split_2026_06_04
Gonzalo Plata,ECU,0.7964,0.7964,0.9211,0.6133,high_risk,,,,transfermarkt_availability_split_2026_06_04,transfermarkt_availability_split_2026_06_04
Jordy Alcivar,ECU,0.309,0.309,0.4,0.35,high_risk,,,,transfermarkt_availability_split_2026_06_04,transfermarkt_availability_split_2026_06_04
Alan Minda,ECU,0.6476,0.6476,0.7143,0.7333,medium_risk,,,,transfermarkt_availability_split_2026_06_04,transfermarkt_availability_split_2026_06_04
Pedro Vite,ECU,0.7525,0.7525,0.875,0.6,high_risk,,,,transfermarkt_availability_split_2026_06_04,transfermarkt_availability_split_2026_06_04
Yaimar Medina,ECU,0.1614,0.1614,0.1818,0.6786,medium_risk,,,,transfermarkt_availability_split_2026_06_04,transfermarkt_availability_split_2026_06_04
Benjamin Tahirovic,BIH,0.8591,0.8591,0.9167,0.8205,medium_risk,,,,transfermarkt_availability_split_2026_06_04,transfermarkt_availability_split_2026_06_04
Armin Gigovic,BIH,0.8312,0.8312,0.875,0.8571,low_risk,,,,transfermarkt_availability_split_2026_06_04,transfermarkt_availability_split_2026_06_04
Ivan Sunjic,BIH,0.8426,0.8426,0.9167,0.7692,medium_risk,,,,transfermarkt_availability_split_2026_06_04,transfermarkt_availability_split_2026_06_04
Amar Memic,BIH,0.8296,0.8296,0.8889,0.8095,medium_risk,,,,transfermarkt_availability_split_2026_06_04,transfermarkt_availability_split_2026_06_04
Amir Hadziahmetovic,BIH,0.7679,0.7679,0.8929,0.6,high_risk,,,,transfermarkt_availability_split_2026_06_04,transfermarkt_availability_split_2026_06_04
Ivan Basic,BIH,0.4913,0.4913,0.5385,0.75,medium_risk,,,,transfermarkt_availability_split_2026_06_04,transfermarkt_availability_split_2026_06_04
Ermin Mahmic,BIH,0.4375,0.4375,0.4375,,unknown,,,,transfermarkt_availability_split_2026_06_04,transfermarkt_availability_split_2026_06_04
Mehdi Ghayedi,IRN,0.7519,0.7519,0.8571,0.6494,high_risk,,,,transfermarkt_availability_split_2026_06_04,transfermarkt_availability_split_2026_06_04
Esmir Bajraktarevic,BIH,0.8519,0.8519,0.97,0.6522,medium_risk,,,,transfermarkt_availability_split_2026_06_04,transfermarkt_availability_split_2026_06_04
Kerim Alajbegovic,BIH,0.873,0.873,0.97,0.7143,unknown,,,,transfermarkt_availability_split_2026_06_04,transfermarkt_availability_split_2026_06_04
Dzenis Burnic,BIH,0.8428,0.8428,0.9091,0.7917,medium_risk,,,,transfermarkt_availability_split_2026_06_04,transfermarkt_availability_split_2026_06_04
Kendry Paez,ECU,0.6298,0.6298,0.6538,0.8947,medium_risk,,,,transfermarkt_availability_split_2026_06_04,transfermarkt_availability_split_2026_06_04
Moises Caicedo,ECU,0.9079,0.9079,0.97,0.8171,medium_risk,,,,transfermarkt_availability_split_2026_06_04,transfermarkt_availability_split_2026_06_04
John Yeboah,ECU,0.6657,0.6657,0.7143,0.8056,medium_risk,,,,transfermarkt_availability_split_2026_06_04,transfermarkt_availability_split_2026_06_04
Omid Noorafkan,IRN,0.7415,0.7415,0.8596,0.6075,high_risk,,,,transfermarkt_availability_split_2026_06_04,transfermarkt_availability_split_2026_06_04
Mohammad Ghorbani,IRN,0.6168,0.6168,0.7143,0.6102,high_risk,,,,transfermarkt_availability_split_2026_06_04,transfermarkt_availability_split_2026_06_04
Saeid Ezatolahi,IRN,0.8138,0.8138,0.8977,0.7328,medium_risk,,,,transfermarkt_availability_split_2026_06_04,transfermarkt_availability_split_2026_06_04
Saman Ghoddos,IRN,0.8236,0.8236,0.9118,0.7238,medium_risk,,,,transfermarkt_availability_split_2026_06_04,transfermarkt_availability_split_2026_06_04
Hans Vanaken,BEL,0.4318,0.4318,0.4909,0.6562,medium_risk,,,,transfermarkt_availability_split_2026_06_04,transfermarkt_availability_split_2026_06_04
Youri Tielemans,BEL,0.7474,0.7474,0.8,0.812,medium_risk,,,,transfermarkt_availability_split_2026_06_04,transfermarkt_availability_split_2026_06_04
Kevin De Bruyne,BEL,0.8443,0.8443,0.9449,0.6959,medium_risk,,,,transfermarkt_availability_split_2026_06_04,transfermarkt_availability_split_2026_06_04
Axel Witsel,BEL,0.8263,0.8263,0.9209,0.7067,medium_risk,,,,transfermarkt_availability_split_2026_06_04,transfermarkt_availability_split_2026_06_04
Nicolas Raskin,BEL,0.8538,0.8538,0.9091,0.8261,medium_risk,,,,transfermarkt_availability_split_2026_06_04,transfermarkt_availability_split_2026_06_04
Amir Al Ammari,IRQ,0.8671,0.8671,0.97,0.697,medium_risk,,,,transfermarkt_availability_split_2026_06_04,transfermarkt_availability_split_2026_06_04
Ali Jasim,IRQ,0.9352,0.9352,0.97,0.8974,low_risk,,,,transfermarkt_availability_split_2026_06_04,transfermarkt_availability_split_2026_06_04
Amadou Onana,BEL,0.8044,0.8044,0.9259,0.625,high_risk,,,,transfermarkt_availability_split_2026_06_04,transfermarkt_availability_split_2026_06_04
Zidane Iqbal,IRQ,0.5733,0.5733,0.6667,0.6,high_risk,,,,transfermarkt_availability_split_2026_06_04,transfermarkt_availability_split_2026_06_04
Diego Moreira,BEL,0.5812,0.5812,0.625,0.8,medium_risk,,,,transfermarkt_availability_split_2026_06_04,transfermarkt_availability_split_2026_06_04
Ibrahim Bayesh,IRQ,0.8054,0.8054,0.9118,0.6667,medium_risk,,,,transfermarkt_availability_split_2026_06_04,transfermarkt_availability_split_2026_06_04
Marko Farji,IRQ,0.5092,0.5092,0.625,0.4706,high_risk,,,,transfermarkt_availability_split_2026_06_04,transfermarkt_availability_split_2026_06_04
Zaid Ismail,IRQ,0.6844,0.6844,0.75,0.75,medium_risk,,,,transfermarkt_availability_split_2026_06_04,transfermarkt_availability_split_2026_06_04
Hasan Abdulkareem,IRQ,0.3168,0.3168,0.3684,0.6,high_risk,,,,transfermarkt_availability_split_2026_06_04,transfermarkt_availability_split_2026_06_04
Aimar Sher,IRQ,0.6783,0.6783,0.8,0.5652,high_risk,,,,transfermarkt_availability_split_2026_06_04,transfermarkt_availability_split_2026_06_04
Peter Gwargis,IRQ,0.2625,0.2625,0.3333,0.3929,high_risk,,,,transfermarkt_availability_split_2026_06_04,transfermarkt_availability_split_2026_06_04
Kevin Yakob,IRQ,0.515,0.515,0.6667,0.35,high_risk,,,,transfermarkt_availability_split_2026_06_04,transfermarkt_availability_split_2026_06_04
Youssef Amyn,IRQ,0.7231,0.7231,0.8125,0.6857,medium_risk,,,,transfermarkt_availability_split_2026_06_04,transfermarkt_availability_split_2026_06_04
Cesar Yanis,PAN,0.4369,0.4369,0.4884,0.6986,medium_risk,,,,transfermarkt_availability_split_2026_06_04,transfermarkt_availability_split_2026_06_04
Adalberto Carrasquilla,PAN,0.8342,0.8342,0.97,0.6,high_risk,,,,transfermarkt_availability_split_2026_06_04,transfermarkt_availability_split_2026_06_04
Anibal Godoy,PAN,0.8093,0.8093,0.9225,0.6494,high_risk,,,,transfermarkt_availability_split_2026_06_04,transfermarkt_availability_split_2026_06_04
Yoel Barcenas,PAN,0.8342,0.8342,0.97,0.6,high_risk,,,,transfermarkt_availability_split_2026_06_04,transfermarkt_availability_split_2026_06_04
Jose Luis Rodriguez Francis,PAN,0.7578,0.7578,0.873,0.6228,high_risk,,,,transfermarkt_availability_split_2026_06_04,transfermarkt_availability_split_2026_06_04
Carlos Harvey,PAN,0.6757,0.6757,0.7857,0.6,high_risk,,,,transfermarkt_availability_split_2026_06_04,transfermarkt_availability_split_2026_06_04
Marwan Ateya,EGY,0.8011,0.8011,0.8649,0.7895,medium_risk,,,,transfermarkt_availability_split_2026_06_04,transfermarkt_availability_split_2026_06_04
Mohanad Lasheen,EGY,0.4745,0.4745,0.5517,0.6,high_risk,,,,transfermarkt_availability_split_2026_06_04,transfermarkt_availability_split_2026_06_04
Hamdy Fathy,EGY,0.865,0.865,0.9333,0.7907,medium_risk,,,,transfermarkt_availability_split_2026_06_04,transfermarkt_availability_split_2026_06_04
Mahmoud Saber,EGY,0.4889,0.4889,0.5294,0.7812,medium_risk,,,,transfermarkt_availability_split_2026_06_04,transfermarkt_availability_split_2026_06_04
Ibrahim Adel,EGY,0.6285,0.6285,0.7308,0.6,high_risk,,,,transfermarkt_availability_split_2026_06_04,transfermarkt_availability_split_2026_06_04
Ahmed Zizo,EGY,0.7866,0.7866,0.8393,0.8205,medium_risk,,,,transfermarkt_availability_split_2026_06_04,transfermarkt_availability_split_2026_06_04
Mahmoud Trezeguet,EGY,0.8438,0.8438,0.9535,0.6714,medium_risk,,,,transfermarkt_availability_split_2026_06_04,transfermarkt_availability_split_2026_06_04
Haissem Hassan,EGY,0.873,0.873,0.97,0.7143,unknown,,,,transfermarkt_availability_split_2026_06_04,transfermarkt_availability_split_2026_06_04
Emam Ashour,EGY,0.6622,0.6622,0.7692,0.6026,high_risk,,,,transfermarkt_availability_split_2026_06_04,transfermarkt_availability_split_2026_06_04
Mohamed Rabie Hrimat,MAR,0.8342,0.8342,0.97,0.6,high_risk,,,,transfermarkt_availability_split_2026_06_04,transfermarkt_availability_split_2026_06_04
Mostafa Ziko,EGY,0.8655,0.8655,0.97,0.6923,unknown,,,,transfermarkt_availability_split_2026_06_04,transfermarkt_availability_split_2026_06_04
Hakim Ziyech,MAR,0.8184,0.8184,0.9516,0.6,high_risk,,,,transfermarkt_availability_split_2026_06_04,transfermarkt_availability_split_2026_06_04
Sofyan Amrabat,MAR,0.6942,0.6942,0.8072,0.6,high_risk,,,,transfermarkt_availability_split_2026_06_04,transfermarkt_availability_split_2026_06_04
Oussama Targhalline,MAR,0.1518,0.1518,0.1765,0.6,high_risk,,,,transfermarkt_availability_split_2026_06_04,transfermarkt_availability_split_2026_06_04
Pape Matar Sarr,SEN,0.5274,0.5274,0.5818,0.7326,medium_risk,,,,transfermarkt_availability_split_2026_06_04,transfermarkt_availability_split_2026_06_04
Eliesse Ben Seghir,MAR,0.6689,0.6689,0.7778,0.6,high_risk,,,,transfermarkt_availability_split_2026_06_04,transfermarkt_availability_split_2026_06_04
Bilal El Khannouss,MAR,0.5995,0.5995,0.6667,0.7121,medium_risk,,,,transfermarkt_availability_split_2026_06_04,transfermarkt_availability_split_2026_06_04
Azzedine Ounahi,MAR,0.8135,0.8135,0.9057,0.7093,medium_risk,,,,transfermarkt_availability_split_2026_06_04,transfermarkt_availability_split_2026_06_04
Neil El Aynaoui,MAR,0.8671,0.8671,0.97,0.697,medium_risk,,,,transfermarkt_availability_split_2026_06_04,transfermarkt_availability_split_2026_06_04
Ismael Saibari,MAR,0.6814,0.6814,0.7857,0.6207,high_risk,,,,transfermarkt_availability_split_2026_06_04,transfermarkt_availability_split_2026_06_04
Lamine Camara,SEN,0.7731,0.7731,0.8966,0.6066,high_risk,,,,transfermarkt_availability_split_2026_06_04,transfermarkt_availability_split_2026_06_04
Ibrahim Mbaye,SEN,0.8137,0.8137,0.875,0.8,medium_risk,,,,transfermarkt_availability_split_2026_06_04,transfermarkt_availability_split_2026_06_04
Habib Diarra,SEN,0.718,0.718,0.8333,0.6047,high_risk,,,,transfermarkt_availability_split_2026_06_04,transfermarkt_availability_split_2026_06_04
Pathe Ciss,SEN,0.4717,0.4717,0.5294,0.6885,medium_risk,,,,transfermarkt_availability_split_2026_06_04,transfermarkt_availability_split_2026_06_04
Pape Alassane Gueye,SEN,0.7287,0.7287,0.8372,0.6296,high_risk,,,,transfermarkt_availability_split_2026_06_04,transfermarkt_availability_split_2026_06_04
Iliman Ndiaye,SEN,0.7625,0.7625,0.8649,0.6618,medium_risk,,,,transfermarkt_availability_split_2026_06_04,transfermarkt_availability_split_2026_06_04
Ismaila Sarr,SEN,0.6015,0.6015,0.6526,0.768,medium_risk,0.768,medium,Existing raw country start-security row is 0.6015 with base_start_score 0.6526; canonical availability split over-promoted him to probable starter.,transfermarkt_availability_split_2026_06_04+context_override,transfermarkt_availability_split_2026_06_04+context_override
Idrissa Gana Gueye,SEN,0.8656,0.8656,0.9242,0.8187,medium_risk,,,,transfermarkt_availability_split_2026_06_04,transfermarkt_availability_split_2026_06_04
Mortadha Ben Ouanes,TUN,0.4487,0.4487,0.5217,0.6,high_risk,,,,transfermarkt_availability_split_2026_06_04,transfermarkt_availability_split_2026_06_04
Khalil Ayari,TUN,0.3862,0.3862,0.5,0.35,high_risk,,,,transfermarkt_availability_split_2026_06_04,transfermarkt_availability_split_2026_06_04
Anis Ben Slimane,TUN,0.6665,0.6665,0.775,0.6,high_risk,,,,transfermarkt_availability_split_2026_06_04,transfermarkt_availability_split_2026_06_04
Ismael Gharbi,TUN,0.8814,0.8814,0.97,0.7391,medium_risk,,,,transfermarkt_availability_split_2026_06_04,transfermarkt_availability_split_2026_06_04
Hannibal Mejbri,TUN,0.7134,0.7134,0.8182,0.6341,high_risk,,,,transfermarkt_availability_split_2026_06_04,transfermarkt_availability_split_2026_06_04
Rani Khedira,TUN,0.873,0.873,0.97,0.7143,unknown,,,,transfermarkt_availability_split_2026_06_04,transfermarkt_availability_split_2026_06_04
Ellyes Skhiri,TUN,0.8676,0.8676,0.97,0.6984,medium_risk,,,,transfermarkt_availability_split_2026_06_04,transfermarkt_availability_split_2026_06_04
Sebastian Tounekti,TUN,0.3511,0.3511,0.4545,0.35,high_risk,,,,transfermarkt_availability_split_2026_06_04,transfermarkt_availability_split_2026_06_04
Elias Saad,TUN,0.5733,0.5733,0.6667,0.6,high_risk,,,,transfermarkt_availability_split_2026_06_04,transfermarkt_availability_split_2026_06_04
Nasser Al-Dawsari,KSA,0.6741,0.6741,0.7838,0.6,high_risk,,,,transfermarkt_availability_split_2026_06_04,transfermarkt_availability_split_2026_06_04
Elias Achouri,TUN,0.8269,0.8269,0.9615,0.6,high_risk,,,,transfermarkt_availability_split_2026_06_04,transfermarkt_availability_split_2026_06_04
Ayman Yahya Salem,KSA,0.6615,0.6615,0.7692,0.6,high_risk,,,,transfermarkt_availability_split_2026_06_04,transfermarkt_availability_split_2026_06_04
Saleh Al-Shamat,KSA,0.7644,0.7644,0.8889,0.6,high_risk,,,,transfermarkt_availability_split_2026_06_04,transfermarkt_availability_split_2026_06_04
Musab Al-Juwayr,KSA,0.8952,0.8952,0.97,0.7797,medium_risk,,,,transfermarkt_availability_split_2026_06_04,transfermarkt_availability_split_2026_06_04
Ziyad Al-Johani,KSA,0.6287,0.6287,0.7273,0.6129,high_risk,,,,transfermarkt_availability_split_2026_06_04,transfermarkt_availability_split_2026_06_04
Salem Al-Dawsari,KSA,0.8245,0.8245,0.9588,0.6,high_risk,,,,transfermarkt_availability_split_2026_06_04,transfermarkt_availability_split_2026_06_04
Mohamed Kanno,KSA,0.7666,0.7666,0.8806,0.6303,high_risk,,,,transfermarkt_availability_split_2026_06_04,transfermarkt_availability_split_2026_06_04
Abdullah Al-Khaibari,KSA,0.5513,0.5513,0.641,0.6,high_risk,,,,transfermarkt_availability_split_2026_06_04,transfermarkt_availability_split_2026_06_04
Ahmed Fathi,QAT,0.7167,0.7167,0.8333,0.6,high_risk,,,,transfermarkt_availability_split_2026_06_04,transfermarkt_availability_split_2026_06_04
Assim Madibo,QAT,0.5778,0.5778,0.6719,0.6,high_risk,,,,transfermarkt_availability_split_2026_06_04,transfermarkt_availability_split_2026_06_04
Karim Boudiaf,QAT,0.811,0.811,0.9278,0.6402,high_risk,,,,transfermarkt_availability_split_2026_06_04,transfermarkt_availability_split_2026_06_04
Mohamed Al-Mannai,QAT,0.8985,0.8985,0.97,0.7895,medium_risk,,,,transfermarkt_availability_split_2026_06_04,transfermarkt_availability_split_2026_06_04
Jassem Gaber,QAT,0.6033,0.6033,0.6957,0.6207,high_risk,,,,transfermarkt_availability_split_2026_06_04,transfermarkt_availability_split_2026_06_04
Mohammed Waad,QAT,0.5512,0.5512,0.6333,0.6296,high_risk,,,,transfermarkt_availability_split_2026_06_04,transfermarkt_availability_split_2026_06_04
Ben Doak,SCO,0.8529,0.8529,0.97,0.6552,medium_risk,,,,transfermarkt_availability_split_2026_06_04,transfermarkt_availability_split_2026_06_04
Lewis Ferguson,SCO,0.4956,0.4956,0.5714,0.6207,high_risk,,,,transfermarkt_availability_split_2026_06_04,transfermarkt_availability_split_2026_06_04
Scott McTominay,SCO,0.8738,0.8738,0.9403,0.7979,medium_risk,,,,transfermarkt_availability_split_2026_06_04,transfermarkt_availability_split_2026_06_04
Ryan Christie,SCO,0.8264,0.8264,0.8871,0.8046,medium_risk,,,,transfermarkt_availability_split_2026_06_04,transfermarkt_availability_split_2026_06_04
John McGinn,SCO,0.867,0.867,0.9059,0.8774,low_risk,,,,transfermarkt_availability_split_2026_06_04,transfermarkt_availability_split_2026_06_04
Kenny McLean,SCO,0.6629,0.6629,0.7708,0.6,high_risk,,,,transfermarkt_availability_split_2026_06_04,transfermarkt_availability_split_2026_06_04
Marcelo Flores,CAN,0.8655,0.8655,0.97,0.6923,unknown,,,,transfermarkt_availability_split_2026_06_04,transfermarkt_availability_split_2026_06_04
Tajon Buchanan,CAN,0.9066,0.9066,0.97,0.8133,medium_risk,,,,transfermarkt_availability_split_2026_06_04,transfermarkt_availability_split_2026_06_04
Ismael Kone,CAN,0.7892,0.7892,0.8649,0.75,medium_risk,,,,transfermarkt_availability_split_2026_06_04,transfermarkt_availability_split_2026_06_04
Liam Millar,CAN,0.4691,0.4691,0.5455,0.6,high_risk,,,,transfermarkt_availability_split_2026_06_04,transfermarkt_availability_split_2026_06_04
Mathieu Choiniere,CAN,0.4739,0.4739,0.5455,0.625,high_risk,,,,transfermarkt_availability_split_2026_06_04,transfermarkt_availability_split_2026_06_04
Ali Ahmed,CAN,0.717,0.717,0.7857,0.75,medium_risk,,,,transfermarkt_availability_split_2026_06_04,transfermarkt_availability_split_2026_06_04
Nathan Saliba,CAN,0.5648,0.5648,0.6364,0.6786,medium_risk,,,,transfermarkt_availability_split_2026_06_04,transfermarkt_availability_split_2026_06_04
Niko Sigur,CAN,0.7463,0.7463,0.7895,0.8438,medium_risk,,,,transfermarkt_availability_split_2026_06_04,transfermarkt_availability_split_2026_06_04
Billy Gilmour,SCO,0.7931,0.7931,0.82,0.9062,low_risk,,,,transfermarkt_availability_split_2026_06_04,transfermarkt_availability_split_2026_06_04
Jonathan Osorio,CAN,0.7211,0.7211,0.8077,0.6935,medium_risk,,,,transfermarkt_availability_split_2026_06_04,transfermarkt_availability_split_2026_06_04
Odildzhon Khamrobekov,UZB,0.8583,0.8583,0.9125,0.8302,medium_risk,,,,transfermarkt_availability_split_2026_06_04,transfermarkt_availability_split_2026_06_04
Akmal Mozgovoy,UZB,0.5432,0.5432,0.6316,0.6,high_risk,,,,transfermarkt_availability_split_2026_06_04,transfermarkt_availability_split_2026_06_04
Jamshid Iskanderov,UZB,0.3837,0.3837,0.4462,0.6,high_risk,,,,transfermarkt_availability_split_2026_06_04,transfermarkt_availability_split_2026_06_04
Oston Urunov,UZB,0.7918,0.7918,0.913,0.6207,high_risk,,,,transfermarkt_availability_split_2026_06_04,transfermarkt_availability_split_2026_06_04
Aziz Ganiev,UZB,0.6876,0.6876,0.7966,0.6091,high_risk,,,,transfermarkt_availability_split_2026_06_04,transfermarkt_availability_split_2026_06_04
Alisher Odilov,UZB,0.6307,0.6307,0.75,0.5455,high_risk,,,,transfermarkt_availability_split_2026_06_04,transfermarkt_availability_split_2026_06_04
Otabek Shukurov,UZB,0.8579,0.8579,0.9231,0.7984,medium_risk,,,,transfermarkt_availability_split_2026_06_04,transfermarkt_availability_split_2026_06_04
Ibrokhim Ibrokhimov,UZB,0.045,0.045,0.05,0.7143,unknown,,,,transfermarkt_availability_split_2026_06_04,transfermarkt_availability_split_2026_06_04
Dostonbek Khamdamov,UZB,0.6318,0.6318,0.7347,0.6,high_risk,,,,transfermarkt_availability_split_2026_06_04,transfermarkt_availability_split_2026_06_04
Mohammad Al-Dawoud,JOR,0.6645,0.6645,0.7727,0.6,high_risk,,,,transfermarkt_availability_split_2026_06_04,transfermarkt_availability_split_2026_06_04
Yousef Qashi,JOR,0.045,0.045,0.05,0.7143,unknown,,,,transfermarkt_availability_split_2026_06_04,transfermarkt_availability_split_2026_06_04
Nathanael Mbuku,COD,0.8471,0.8471,0.9412,0.7143,medium_risk,,,,transfermarkt_availability_split_2026_06_04,transfermarkt_availability_split_2026_06_04
Telmo Arcanjo,CPV,0.7304,0.7304,0.8286,0.6615,medium_risk,,,,transfermarkt_availability_split_2026_06_04,transfermarkt_availability_split_2026_06_04
Laros Duarte,CPV,0.652,0.652,0.7222,0.7222,medium_risk,,,,transfermarkt_availability_split_2026_06_04,transfermarkt_availability_split_2026_06_04
Deroy Duarte,CPV,0.7054,0.7054,0.75,0.8302,medium_risk,,,,transfermarkt_availability_split_2026_06_04,transfermarkt_availability_split_2026_06_04
Jamiro Monteiro,CPV,0.7679,0.7679,0.8627,0.686,medium_risk,,,,transfermarkt_availability_split_2026_06_04,transfermarkt_availability_split_2026_06_04
Yannick Semedo,CPV,0.5733,0.5733,0.6667,0.6,high_risk,,,,transfermarkt_availability_split_2026_06_04,transfermarkt_availability_split_2026_06_04
Mohammad Abu Hasheesh,JOR,0.7021,0.7021,0.7255,0.9077,low_risk,,,,transfermarkt_availability_split_2026_06_04,transfermarkt_availability_split_2026_06_04
Nizar Al-Rashdan,JOR,0.8165,0.8165,0.8936,0.7534,medium_risk,,,,transfermarkt_availability_split_2026_06_04,transfermarkt_availability_split_2026_06_04
Noor Al-Rawabdeh,JOR,0.7836,0.7836,0.8841,0.6754,medium_risk,,,,transfermarkt_availability_split_2026_06_04,transfermarkt_availability_split_2026_06_04
Ibrahim Saadeh,JOR,0.6552,0.6552,0.7045,0.8,medium_risk,,,,transfermarkt_availability_split_2026_06_04,transfermarkt_availability_split_2026_06_04
Amer Jamous,JOR,0.6012,0.6012,0.6429,0.8148,medium_risk,,,,transfermarkt_availability_split_2026_06_04,transfermarkt_availability_split_2026_06_04
Mahmoud Al-Mardi,JOR,0.731,0.731,0.85,0.6,high_risk,,,,transfermarkt_availability_split_2026_06_04,transfermarkt_availability_split_2026_06_04
Mohannad Abu Taha,JOR,0.7598,0.7598,0.8462,0.7083,medium_risk,,,,transfermarkt_availability_split_2026_06_04,transfermarkt_availability_split_2026_06_04
Mousa Tamari,JOR,0.8322,0.8322,0.9452,0.6585,medium_risk,,,,transfermarkt_availability_split_2026_06_04,transfermarkt_availability_split_2026_06_04
Ali Azaizeh,JOR,0.0413,0.0413,0.05,0.5,high_risk,,,,transfermarkt_availability_split_2026_06_04,transfermarkt_availability_split_2026_06_04
Morten Thorsby,NOR,0.5467,0.5467,0.6304,0.6207,high_risk,,,,transfermarkt_availability_split_2026_06_04,transfermarkt_availability_split_2026_06_04
Patrick Berg,NOR,0.698,0.698,0.7442,0.8226,medium_risk,,,,transfermarkt_availability_split_2026_06_04,transfermarkt_availability_split_2026_06_04
Martin Ødegaard,NOR,0.8375,0.8375,0.9011,0.7984,medium_risk,,,,transfermarkt_availability_split_2026_06_04,transfermarkt_availability_split_2026_06_04
Jens Petter Hauge,NOR,0.2457,0.2457,0.2857,0.6,high_risk,,,,transfermarkt_availability_split_2026_06_04,transfermarkt_availability_split_2026_06_04
Andreas Schjelderup,NOR,0.3333,0.3333,0.4545,0.7857,medium_risk,0.7333,medium,"Transfermarkt usage supplied for audit: squad 15, starts 5, substitutions on 6, unused bench 4; appearance is high but start rate is not.",transfermarkt_availability_split_2026_06_04+context_override,transfermarkt_availability_split_2026_06_04+context_override
Sander Berge,NOR,0.8794,0.8794,0.9552,0.7732,medium_risk,,,,transfermarkt_availability_split_2026_06_04,transfermarkt_availability_split_2026_06_04
Kristian Thorstvedt,NOR,0.6884,0.6884,0.7917,0.6275,high_risk,,,,transfermarkt_availability_split_2026_06_04,transfermarkt_availability_split_2026_06_04
Oscar Bobb,NOR,0.9101,0.9101,0.97,0.8235,medium_risk,,,,transfermarkt_availability_split_2026_06_04,transfermarkt_availability_split_2026_06_04
Fredrik Aursnes,NOR,0.7078,0.7078,0.7778,0.7429,medium_risk,,,,transfermarkt_availability_split_2026_06_04,transfermarkt_availability_split_2026_06_04
Antonio Nusa,NOR,0.8157,0.8157,0.8889,0.7647,medium_risk,,,,transfermarkt_availability_split_2026_06_04,transfermarkt_availability_split_2026_06_04
Thelo Aasgaard,NOR,0.4417,0.4417,0.5,0.6667,medium_risk,,,,transfermarkt_availability_split_2026_06_04,transfermarkt_availability_split_2026_06_04
Juninho Bacuna,CUW,0.9144,0.9144,0.97,0.8364,medium_risk,,,,transfermarkt_availability_split_2026_06_04,transfermarkt_availability_split_2026_06_04
Tahith Chong,CUW,0.8985,0.8985,0.97,0.7895,medium_risk,,,,transfermarkt_availability_split_2026_06_04,transfermarkt_availability_split_2026_06_04
Leandro Bacuna,CUW,0.9141,0.9141,0.97,0.8353,medium_risk,,,,transfermarkt_availability_split_2026_06_04,transfermarkt_availability_split_2026_06_04
Kevin Felida,CUW,0.1873,0.1873,0.2083,0.7111,medium_risk,,,,transfermarkt_availability_split_2026_06_04,transfermarkt_availability_split_2026_06_04
Tyrese Noslin,CUW,0.0453,0.0453,0.05,0.7333,medium_risk,,,,transfermarkt_availability_split_2026_06_04,transfermarkt_availability_split_2026_06_04
Godfried Roemeratoe,CUW,0.6387,0.6387,0.7,0.75,medium_risk,,,,transfermarkt_availability_split_2026_06_04,transfermarkt_availability_split_2026_06_04
Woodensky Pierre,HAI,0.0446,0.0446,0.05,0.6923,unknown,,,,transfermarkt_availability_split_2026_06_04,transfermarkt_availability_split_2026_06_04
Jean-Ricner Bellegarde,HAI,0.9021,0.9021,0.97,0.8,medium_risk,,,,transfermarkt_availability_split_2026_06_04,transfermarkt_availability_split_2026_06_04
Brian Cipenga,COD,0.6555,0.6555,0.7,0.8182,medium_risk,,,,transfermarkt_availability_split_2026_06_04,transfermarkt_availability_split_2026_06_04
Samuel Moutoussamy,COD,0.8421,0.8421,0.9298,0.7303,medium_risk,,,,transfermarkt_availability_split_2026_06_04,transfermarkt_availability_split_2026_06_04
Gaël Kakuta,COD,0.6395,0.6395,0.7436,0.6,high_risk,,,,transfermarkt_availability_split_2026_06_04,transfermarkt_availability_split_2026_06_04
Theo Bongonda,COD,0.7669,0.7669,0.8611,0.6875,medium_risk,,,,transfermarkt_availability_split_2026_06_04,transfermarkt_availability_split_2026_06_04
Grady Diangana,COD,0.2919,0.2919,0.3333,0.6452,high_risk,,,,transfermarkt_availability_split_2026_06_04,transfermarkt_availability_split_2026_06_04
Noah Sadiki,COD,0.8171,0.8171,0.9,0.7368,medium_risk,,,,transfermarkt_availability_split_2026_06_04,transfermarkt_availability_split_2026_06_04
Ngal'ayel Mukau,COD,0.724,0.724,0.8333,0.625,high_risk,,,,transfermarkt_availability_split_2026_06_04,transfermarkt_availability_split_2026_06_04
Charles Pickel,COD,0.7895,0.7895,0.8438,0.8163,medium_risk,,,,transfermarkt_availability_split_2026_06_04,transfermarkt_availability_split_2026_06_04
Meschack Elia,COD,0.8113,0.8113,0.9434,0.6,high_risk,,,,transfermarkt_availability_split_2026_06_04,transfermarkt_availability_split_2026_06_04
Edo Kayembe,COD,0.688,0.688,0.8,0.6,high_risk,,,,transfermarkt_availability_split_2026_06_04,transfermarkt_availability_split_2026_06_04
Danley Jean Jacques,HAI,0.8896,0.8896,0.97,0.7632,medium_risk,,,,transfermarkt_availability_split_2026_06_04,transfermarkt_availability_split_2026_06_04
Leverton Pierre,HAI,0.7773,0.7773,0.875,0.6809,medium_risk,,,,transfermarkt_availability_split_2026_06_04,transfermarkt_availability_split_2026_06_04
Carl Sainte,HAI,0.4207,0.4207,0.4667,0.7188,medium_risk,,,,transfermarkt_availability_split_2026_06_04,transfermarkt_availability_split_2026_06_04
Duckens Nazon,HAI,0.8543,0.8543,0.9322,0.7614,medium_risk,,,,transfermarkt_availability_split_2026_06_04,transfermarkt_availability_split_2026_06_04
Derrick Etienne Jr.,HAI,0.6987,0.6987,0.8125,0.6,high_risk,,,,transfermarkt_availability_split_2026_06_04,transfermarkt_availability_split_2026_06_04
Yoane Wissa,COD,0.8342,0.8342,0.97,0.6,high_risk,,,,transfermarkt_availability_split_2026_06_04,transfermarkt_availability_split_2026_06_04
Simon Banza,COD,0.4264,0.4264,0.4815,0.6731,medium_risk,,,,transfermarkt_availability_split_2026_06_04,transfermarkt_availability_split_2026_06_04
Cedric Bakambu,COD,0.7818,0.7818,0.9091,0.6,high_risk,,,,transfermarkt_availability_split_2026_06_04,transfermarkt_availability_split_2026_06_04
Fiston Mayele,COD,0.6741,0.6741,0.7838,0.6,high_risk,,,,transfermarkt_availability_split_2026_06_04,transfermarkt_availability_split_2026_06_04
Wilson Isidor,HAI,0.8655,0.8655,0.97,0.6923,unknown,,,,transfermarkt_availability_split_2026_06_04,transfermarkt_availability_split_2026_06_04
Don Deedson Louicius,HAI,0.6357,0.6357,0.7391,0.6,high_risk,,,,transfermarkt_availability_split_2026_06_04,transfermarkt_availability_split_2026_06_04
Ruben Providence,HAI,0.8296,0.8296,0.8889,0.8095,medium_risk,,,,transfermarkt_availability_split_2026_06_04,transfermarkt_availability_split_2026_06_04
Frantzdy Pierrot,HAI,0.8145,0.8145,0.9091,0.7027,medium_risk,,,,transfermarkt_availability_split_2026_06_04,transfermarkt_availability_split_2026_06_04
Josue Casimir,HAI,0.8757,0.8757,0.97,0.7222,medium_risk,,,,transfermarkt_availability_split_2026_06_04,transfermarkt_availability_split_2026_06_04
Yassin Fortune,HAI,0.5684,0.5684,0.6667,0.5789,high_risk,,,,transfermarkt_availability_split_2026_06_04,transfermarkt_availability_split_2026_06_04
Jürgen Locadia,CUW,0.7207,0.7207,0.8889,0.4595,high_risk,,,,transfermarkt_availability_split_2026_06_04,transfermarkt_availability_split_2026_06_04
Ar'jany Martha,CUW,0.1336,0.1336,0.1429,0.8148,medium_risk,,,,transfermarkt_availability_split_2026_06_04,transfermarkt_availability_split_2026_06_04
Sontje Hansen,CUW,0.6148,0.6148,0.6667,0.7778,medium_risk,,,,transfermarkt_availability_split_2026_06_04,transfermarkt_availability_split_2026_06_04
Brandley Kuwas,CUW,0.6808,0.6808,0.7917,0.6,high_risk,,,,transfermarkt_availability_split_2026_06_04,transfermarkt_availability_split_2026_06_04
Gervane Kastaneer,CUW,0.5432,0.5432,0.6316,0.6,high_risk,,,,transfermarkt_availability_split_2026_06_04,transfermarkt_availability_split_2026_06_04
Jeremy Antonisse,CUW,0.7223,0.7223,0.9091,0.413,high_risk,,,,transfermarkt_availability_split_2026_06_04,transfermarkt_availability_split_2026_06_04
Jearl Margaritha,CUW,0.6291,0.6291,0.7143,0.6591,medium_risk,,,,transfermarkt_availability_split_2026_06_04,transfermarkt_availability_split_2026_06_04
Kenji Gorre,CUW,0.6469,0.6469,0.7188,0.7143,medium_risk,,,,transfermarkt_availability_split_2026_06_04,transfermarkt_availability_split_2026_06_04
Jørgen Strand Larsen,NOR,0.7453,0.7453,0.8182,0.7455,medium_risk,,,,transfermarkt_availability_split_2026_06_04,transfermarkt_availability_split_2026_06_04
Erling Haaland,NOR,0.8883,0.8883,0.97,0.7595,medium_risk,,,,transfermarkt_availability_split_2026_06_04,transfermarkt_availability_split_2026_06_04
Gilson Benchimol Tavares,CPV,0.5415,0.5415,0.6296,0.6,high_risk,,,,transfermarkt_availability_split_2026_06_04,transfermarkt_availability_split_2026_06_04
Alexander Sørloth,NOR,0.8078,0.8078,0.8871,0.7447,medium_risk,,,,transfermarkt_availability_split_2026_06_04,transfermarkt_availability_split_2026_06_04
Garry Mendes Rodrigues,CPV,0.7496,0.7496,0.8475,0.67,medium_risk,,,,transfermarkt_availability_split_2026_06_04,transfermarkt_availability_split_2026_06_04
Ryan Mendes Da Graça,CPV,0.8829,0.8829,0.97,0.7436,medium_risk,,,,transfermarkt_availability_split_2026_06_04,transfermarkt_availability_split_2026_06_04
Ibrahim Sabra,JOR,0.3742,0.3742,0.4444,0.5484,high_risk,,,,transfermarkt_availability_split_2026_06_04,transfermarkt_availability_split_2026_06_04
Dailon Livramento,CPV,0.8309,0.8309,0.8824,0.8333,medium_risk,,,,transfermarkt_availability_split_2026_06_04,transfermarkt_availability_split_2026_06_04
Jovane Cabral,CPV,0.7525,0.7525,0.875,0.6,high_risk,,,,transfermarkt_availability_split_2026_06_04,transfermarkt_availability_split_2026_06_04
Nuno da Costa,CPV,0.3862,0.3862,0.5,0.35,high_risk,,,,transfermarkt_availability_split_2026_06_04,transfermarkt_availability_split_2026_06_04
Helio Varela,CPV,0.7167,0.7167,0.8333,0.6,high_risk,,,,transfermarkt_availability_split_2026_06_04,transfermarkt_availability_split_2026_06_04
Willy Semedo,CPV,0.771,0.771,0.8966,0.6,high_risk,,,,transfermarkt_availability_split_2026_06_04,transfermarkt_availability_split_2026_06_04
Baha'a Faisal,JOR,0.7502,0.7502,0.8723,0.6,high_risk,,,,transfermarkt_availability_split_2026_06_04,transfermarkt_availability_split_2026_06_04
Igor Sergeev,UZB,0.7642,0.7642,0.8556,0.695,medium_risk,,,,transfermarkt_availability_split_2026_06_04,transfermarkt_availability_split_2026_06_04
Aribim Pepple,CAN,0.045,0.045,0.05,0.7143,unknown,,,,transfermarkt_availability_split_2026_06_04,transfermarkt_availability_split_2026_06_04
Eldor Shomurodov,UZB,0.8976,0.8976,0.9583,0.8189,medium_risk,,,,transfermarkt_availability_split_2026_06_04,transfermarkt_availability_split_2026_06_04
Findlay Curtis,SCO,0.0446,0.0446,0.05,0.6923,unknown,,,,transfermarkt_availability_split_2026_06_04,transfermarkt_availability_split_2026_06_04
Cyle Christopher Larin,CAN,0.793,0.793,0.8831,0.7083,medium_risk,,,,transfermarkt_availability_split_2026_06_04,transfermarkt_availability_split_2026_06_04
Tani Oluwaseyi,CAN,0.6748,0.6748,0.7083,0.8649,low_risk,,,,transfermarkt_availability_split_2026_06_04,transfermarkt_availability_split_2026_06_04
Jonathan David,CAN,0.9,0.9,0.97,0.7938,medium_risk,,,,transfermarkt_availability_split_2026_06_04,transfermarkt_availability_split_2026_06_04
Che Adams,SCO,0.8708,0.8708,0.95,0.7619,medium_risk,,,,transfermarkt_availability_split_2026_06_04,transfermarkt_availability_split_2026_06_04
Jacen Russell-Rowe,CAN,0.215,0.215,0.25,0.6,high_risk,,,,transfermarkt_availability_split_2026_06_04,transfermarkt_availability_split_2026_06_04
Daniel Jebbison,CAN,0.3358,0.3358,0.4,0.5417,high_risk,,,,transfermarkt_availability_split_2026_06_04,transfermarkt_availability_split_2026_06_04
George Hirst,SCO,0.465,0.465,0.5,0.8,medium_risk,,,,transfermarkt_availability_split_2026_06_04,transfermarkt_availability_split_2026_06_04
Lyndon Dykes,SCO,0.8595,0.8595,0.9535,0.7183,medium_risk,,,,transfermarkt_availability_split_2026_06_04,transfermarkt_availability_split_2026_06_04
Ross Stewart,SCO,0.4562,0.4562,0.5,0.75,medium_risk,,,,transfermarkt_availability_split_2026_06_04,transfermarkt_availability_split_2026_06_04
Lawrence Shankland,SCO,0.4979,0.4979,0.5789,0.6,high_risk,,,,transfermarkt_availability_split_2026_06_04,transfermarkt_availability_split_2026_06_04
Mohammed Muntari,QAT,0.66,0.66,0.7674,0.6,high_risk,,,,transfermarkt_availability_split_2026_06_04,transfermarkt_availability_split_2026_06_04
Edmilson Junior,QAT,0.8529,0.8529,0.97,0.6552,medium_risk,,,,transfermarkt_availability_split_2026_06_04,transfermarkt_availability_split_2026_06_04
Akram Afif,QAT,0.8984,0.8984,0.97,0.7891,medium_risk,,,,transfermarkt_availability_split_2026_06_04,transfermarkt_availability_split_2026_06_04
Ahmed Alaaeldin Abdelmotaal,QAT,0.4247,0.4247,0.4938,0.6,high_risk,,,,transfermarkt_availability_split_2026_06_04,transfermarkt_availability_split_2026_06_04
Almoez Ali,QAT,0.8237,0.8237,0.9113,0.7253,medium_risk,,,,transfermarkt_availability_split_2026_06_04,transfermarkt_availability_split_2026_06_04
Abdullah Al-Hamdan,KSA,0.5972,0.5972,0.6944,0.6,high_risk,,,,transfermarkt_availability_split_2026_06_04,transfermarkt_availability_split_2026_06_04
Firas Al-Buraikan,KSA,0.8388,0.8388,0.9153,0.7614,medium_risk,,,,transfermarkt_availability_split_2026_06_04,transfermarkt_availability_split_2026_06_04
Hazem Mastouri,TUN,0.849,0.849,0.9333,0.7419,medium_risk,,,,transfermarkt_availability_split_2026_06_04,transfermarkt_availability_split_2026_06_04
Firas Chaouat,TUN,0.5292,0.5292,0.6154,0.6,high_risk,,,,transfermarkt_availability_split_2026_06_04,transfermarkt_availability_split_2026_06_04
Rayan Elloumi,TUN,0.8655,0.8655,0.97,0.6923,unknown,,,,transfermarkt_availability_split_2026_06_04,transfermarkt_availability_split_2026_06_04
Krepin Diatta,SEN,0.873,0.873,0.97,0.7143,medium_risk,,,,transfermarkt_availability_split_2026_06_04,transfermarkt_availability_split_2026_06_04
Pape Cherif Ndiaye,SEN,0.4289,0.4289,0.4737,0.7297,medium_risk,,,,transfermarkt_availability_split_2026_06_04,transfermarkt_availability_split_2026_06_04
Assane Diao Diaoune,SEN,0.7493,0.7493,0.97,0.35,high_risk,,,,transfermarkt_availability_split_2026_06_04,transfermarkt_availability_split_2026_06_04
Sadio Mane,SEN,0.9164,0.9164,0.97,0.8421,medium_risk,,,,transfermarkt_availability_split_2026_06_04,transfermarkt_availability_split_2026_06_04
Abde Ezzalzouli,MAR,0.7489,0.7489,0.8372,0.6986,medium_risk,,,,transfermarkt_availability_split_2026_06_04,transfermarkt_availability_split_2026_06_04
Amine Adli,MAR,0.5864,0.5864,0.6818,0.6,high_risk,,,,transfermarkt_availability_split_2026_06_04,transfermarkt_availability_split_2026_06_04
Nicolas Jackson,SEN,0.6272,0.6272,0.7143,0.6515,high_risk,,,,transfermarkt_availability_split_2026_06_04,transfermarkt_availability_split_2026_06_04
Bamba Dieng,SEN,0.673,0.673,0.7826,0.6,high_risk,,,,transfermarkt_availability_split_2026_06_04,transfermarkt_availability_split_2026_06_04
Chemsdine Talbi,MAR,0.0792,0.0792,0.0909,0.6333,high_risk,,,,transfermarkt_availability_split_2026_06_04,transfermarkt_availability_split_2026_06_04
Ayoub El Kaabi,MAR,0.7445,0.7445,0.8657,0.6,high_risk,,,,transfermarkt_availability_split_2026_06_04,transfermarkt_availability_split_2026_06_04
Youssef En-Nesyri,MAR,0.7808,0.7808,0.8854,0.6624,medium_risk,,,,transfermarkt_availability_split_2026_06_04,transfermarkt_availability_split_2026_06_04
Brahim Diaz,MAR,0.8254,0.8254,0.9583,0.6038,high_risk,,,,transfermarkt_availability_split_2026_06_04,transfermarkt_availability_split_2026_06_04
Aqtay Abdallah,EGY,0.0446,0.0446,0.05,0.6923,unknown,,,,transfermarkt_availability_split_2026_06_04,transfermarkt_availability_split_2026_06_04
Hamza Abdelkarim,EGY,0.8655,0.8655,0.97,0.6923,unknown,,,,transfermarkt_availability_split_2026_06_04,transfermarkt_availability_split_2026_06_04
Omar Marmoush,EGY,0.8626,0.8626,0.97,0.6835,medium_risk,,,,transfermarkt_availability_split_2026_06_04,transfermarkt_availability_split_2026_06_04
Mohamed Salah,EGY,0.8489,0.8489,0.9569,0.6776,medium_risk,,,,transfermarkt_availability_split_2026_06_04,transfermarkt_availability_split_2026_06_04
Cecilio Waterman,PAN,0.7242,0.7242,0.8421,0.6,high_risk,,,,transfermarkt_availability_split_2026_06_04,transfermarkt_availability_split_2026_06_04
Ismael Diaz,PAN,0.6337,0.6337,0.7368,0.6,high_risk,,,,transfermarkt_availability_split_2026_06_04,transfermarkt_availability_split_2026_06_04
Jose Fajardo,PAN,0.714,0.714,0.8302,0.6,high_risk,,,,transfermarkt_availability_split_2026_06_04,transfermarkt_availability_split_2026_06_04
Kadir Barria,PAN,0.6844,0.6844,0.75,0.75,medium_risk,,,,transfermarkt_availability_split_2026_06_04,transfermarkt_availability_split_2026_06_04
Ali Yousif,IRQ,0.0386,0.0386,0.05,0.35,high_risk,,,,transfermarkt_availability_split_2026_06_04,transfermarkt_availability_split_2026_06_04
Aymen Hussein,IRQ,0.7292,0.7292,0.8358,0.6356,high_risk,,,,transfermarkt_availability_split_2026_06_04,transfermarkt_availability_split_2026_06_04
Mohanad Ali,IRQ,0.7856,0.7856,0.8689,0.7263,medium_risk,,,,transfermarkt_availability_split_2026_06_04,transfermarkt_availability_split_2026_06_04
Ali Al-Hamadi,IRQ,0.5375,0.5375,0.625,0.6,high_risk,,,,transfermarkt_availability_split_2026_06_04,transfermarkt_availability_split_2026_06_04
Alexis Saelemaekers,BEL,0.5565,0.5565,0.6471,0.6,high_risk,,,,transfermarkt_availability_split_2026_06_04,transfermarkt_availability_split_2026_06_04
Charles De Ketelaere,BEL,0.6079,0.6079,0.6739,0.72,medium_risk,,,,transfermarkt_availability_split_2026_06_04,transfermarkt_availability_split_2026_06_04
Romelu Lukaku,BEL,0.7965,0.7965,0.8769,0.738,medium_risk,,,,transfermarkt_availability_split_2026_06_04,transfermarkt_availability_split_2026_06_04
Leandro Trossard,BEL,0.6774,0.6774,0.7636,0.6774,medium_risk,,,,transfermarkt_availability_split_2026_06_04,transfermarkt_availability_split_2026_06_04
Jeremy Doku,BEL,0.7134,0.7134,0.7959,0.7037,medium_risk,,,,transfermarkt_availability_split_2026_06_04,transfermarkt_availability_split_2026_06_04
Dodi Lukebakio,BEL,0.5114,0.5114,0.5946,0.6,high_risk,,,,transfermarkt_availability_split_2026_06_04,transfermarkt_availability_split_2026_06_04
Mohammad Mohebi,IRN,0.8342,0.8342,0.97,0.6,high_risk,,,,transfermarkt_availability_split_2026_06_04,transfermarkt_availability_split_2026_06_04
Ali Alipour,IRN,0.6615,0.6615,0.7692,0.6,high_risk,,,,transfermarkt_availability_split_2026_06_04,transfermarkt_availability_split_2026_06_04
Amirhossein Hosseinzadeh,IRN,0.5235,0.5235,0.6087,0.6,high_risk,,,,transfermarkt_availability_split_2026_06_04,transfermarkt_availability_split_2026_06_04
Mehdi Taremi,IRN,0.9079,0.9079,0.9505,0.872,low_risk,,,,transfermarkt_availability_split_2026_06_04,transfermarkt_availability_split_2026_06_04
Alireza Jahanbakhsh,IRN,0.825,0.825,0.913,0.7246,medium_risk,,,,transfermarkt_availability_split_2026_06_04,transfermarkt_availability_split_2026_06_04
Enner Valencia,ECU,0.8568,0.8568,0.97,0.6667,medium_risk,,,,transfermarkt_availability_split_2026_06_04,transfermarkt_availability_split_2026_06_04
Jeremy Arevalo,ECU,0.0446,0.0446,0.05,0.6923,unknown,,,,transfermarkt_availability_split_2026_06_04,transfermarkt_availability_split_2026_06_04
Kevin Rodriguez,ECU,0.6968,0.6968,0.7778,0.7027,medium_risk,,,,transfermarkt_availability_split_2026_06_04,transfermarkt_availability_split_2026_06_04
Anthony Valencia,ECU,0.6757,0.6757,0.7857,0.6,high_risk,,,,transfermarkt_availability_split_2026_06_04,transfermarkt_availability_split_2026_06_04
Edin Dzeko,BIH,0.9046,0.9046,0.9533,0.8541,low_risk,,,,transfermarkt_availability_split_2026_06_04,transfermarkt_availability_split_2026_06_04
Ermedin Demirovic,BIH,0.8187,0.8187,0.8909,0.7683,medium_risk,,,,transfermarkt_availability_split_2026_06_04,transfermarkt_availability_split_2026_06_04
Haris Tabakovic,BIH,0.5459,0.5459,0.6154,0.6774,medium_risk,,,,transfermarkt_availability_split_2026_06_04,transfermarkt_availability_split_2026_06_04
Shahriar Moghanlou,IRN,0.6143,0.6143,0.7143,0.6,high_risk,,,,transfermarkt_availability_split_2026_06_04,transfermarkt_availability_split_2026_06_04
Jovo Lukic,BIH,0.7493,0.7493,0.97,0.35,high_risk,,,,transfermarkt_availability_split_2026_06_04,transfermarkt_availability_split_2026_06_04
Samed Bazdar,BIH,0.5293,0.5293,0.5714,0.7895,medium_risk,,,,transfermarkt_availability_split_2026_06_04,transfermarkt_availability_split_2026_06_04
Jordy Caicedo,ECU,0.3344,0.3344,0.3889,0.6,high_risk,,,,transfermarkt_availability_split_2026_06_04,transfermarkt_availability_split_2026_06_04
John Mercado,ECU,0.0987,0.0987,0.1111,0.68,medium_risk,,,,transfermarkt_availability_split_2026_06_04,transfermarkt_availability_split_2026_06_04
Janner Corozo,ECU,0.2867,0.2867,0.3333,0.6,high_risk,,,,transfermarkt_availability_split_2026_06_04,transfermarkt_availability_split_2026_06_04
Luis Diaz,COL,0.9001,0.9001,0.96,0.8218,medium_risk,,,,transfermarkt_availability_split_2026_06_04,transfermarkt_availability_split_2026_06_04
Luis Suarez Charris,COL,0.6143,0.6143,0.7143,0.6,high_risk,,,,transfermarkt_availability_split_2026_06_04,transfermarkt_availability_split_2026_06_04
Christian Pulisic,USA,0.817,0.817,0.95,0.6,high_risk,,,,transfermarkt_availability_split_2026_06_04,transfermarkt_availability_split_2026_06_04
Patrick Agyemang,USA,0.7929,0.7929,0.8571,0.7857,medium_risk,,,,transfermarkt_availability_split_2026_06_04,transfermarkt_availability_split_2026_06_04
Jhon Cordoba,COL,0.6658,0.6658,0.7742,0.6,high_risk,,,,transfermarkt_availability_split_2026_06_04,transfermarkt_availability_split_2026_06_04
Timothy Weah,USA,0.7859,0.7859,0.9138,0.6,high_risk,,,,transfermarkt_availability_split_2026_06_04,transfermarkt_availability_split_2026_06_04
Darwin Nunez,URU,0.7427,0.7427,0.8636,0.6,high_risk,,,,transfermarkt_availability_split_2026_06_04,transfermarkt_availability_split_2026_06_04
Folarin Balogun,USA,0.8342,0.8342,0.97,0.6,high_risk,,,,transfermarkt_availability_split_2026_06_04,transfermarkt_availability_split_2026_06_04
Ricardo Pepi,USA,0.6143,0.6143,0.7143,0.6,high_risk,,,,transfermarkt_availability_split_2026_06_04,transfermarkt_availability_split_2026_06_04
Federico Vinas,URU,0.7883,0.7883,0.9167,0.6,high_risk,,,,transfermarkt_availability_split_2026_06_04,transfermarkt_availability_split_2026_06_04
Facundo Torres,URU,0.4573,0.4573,0.525,0.6316,high_risk,,,,transfermarkt_availability_split_2026_06_04,transfermarkt_availability_split_2026_06_04
Agustin Alvarez,URU,0.602,0.602,0.7,0.6,high_risk,,,,transfermarkt_availability_split_2026_06_04,transfermarkt_availability_split_2026_06_04
Facundo Pellistri,URU,0.8814,0.8814,0.9512,0.7903,medium_risk,,,,transfermarkt_availability_split_2026_06_04,transfermarkt_availability_split_2026_06_04
Bongokuhle Hlongwane,RSA,0.8094,0.8094,0.9412,0.6,high_risk,,,,transfermarkt_availability_split_2026_06_04,transfermarkt_availability_split_2026_06_04
Relebohile Mofokeng,RSA,0.4693,0.4693,0.5333,0.6571,medium_risk,,,,transfermarkt_availability_split_2026_06_04,transfermarkt_availability_split_2026_06_04
Thapelo Maseko,RSA,0.2575,0.2575,0.3333,0.35,high_risk,,,,transfermarkt_availability_split_2026_06_04,transfermarkt_availability_split_2026_06_04
Brian Rodriguez,URU,0.583,0.583,0.66,0.6667,medium_risk,,,,transfermarkt_availability_split_2026_06_04,transfermarkt_availability_split_2026_06_04
Rodrigo Aguirre,URU,0.8234,0.8234,0.9091,0.7308,medium_risk,,,,transfermarkt_availability_split_2026_06_04,transfermarkt_availability_split_2026_06_04
Evidence Makgopa,RSA,0.7167,0.7167,0.8333,0.6,high_risk,,,,transfermarkt_availability_split_2026_06_04,transfermarkt_availability_split_2026_06_04
Mohau Nkota,RSA,0.6085,0.6085,0.7143,0.5769,high_risk,,,,transfermarkt_availability_split_2026_06_04,transfermarkt_availability_split_2026_06_04
Tshepang Moremi,RSA,0.649,0.649,0.75,0.6154,high_risk,,,,transfermarkt_availability_split_2026_06_04,transfermarkt_availability_split_2026_06_04
Oswin Appollis,RSA,0.6643,0.6643,0.7143,0.8,medium_risk,,,,transfermarkt_availability_split_2026_06_04,transfermarkt_availability_split_2026_06_04
Thapelo Morena,RSA,0.7525,0.7525,0.875,0.6,high_risk,,,,transfermarkt_availability_split_2026_06_04,transfermarkt_availability_split_2026_06_04
Julio Enciso,PAR,0.807,0.807,0.8974,0.7121,medium_risk,,,,transfermarkt_availability_split_2026_06_04,transfermarkt_availability_split_2026_06_04
Lyle Foster,RSA,0.7768,0.7768,0.9032,0.6,high_risk,,,,transfermarkt_availability_split_2026_06_04,transfermarkt_availability_split_2026_06_04
Antonio Sanabria,PAR,0.6911,0.6911,0.8036,0.6,high_risk,,,,transfermarkt_availability_split_2026_06_04,transfermarkt_availability_split_2026_06_04
Alex Arce,PAR,0.601,0.601,0.6667,0.7188,medium_risk,,,,transfermarkt_availability_split_2026_06_04,transfermarkt_availability_split_2026_06_04
Ronaldo Martinez,PAR,0.5337,0.5337,0.6,0.6842,medium_risk,,,,transfermarkt_availability_split_2026_06_04,transfermarkt_availability_split_2026_06_04
Gabriel Avalos,PAR,0.7781,0.7781,0.9048,0.6,high_risk,,,,transfermarkt_availability_split_2026_06_04,transfermarkt_availability_split_2026_06_04
Angel Romero,PAR,0.6098,0.6098,0.7091,0.6,high_risk,,,,transfermarkt_availability_split_2026_06_04,transfermarkt_availability_split_2026_06_04
Kosta Barbarouses,NZL,0.8303,0.8303,0.9655,0.6,high_risk,,,,transfermarkt_availability_split_2026_06_04,transfermarkt_availability_split_2026_06_04
Jesse Randall,NZL,0.5613,0.5613,0.6667,0.5484,high_risk,,,,transfermarkt_availability_split_2026_06_04,transfermarkt_availability_split_2026_06_04
Chris Wood,NZL,0.8404,0.8404,0.9333,0.7155,medium_risk,,,,transfermarkt_availability_split_2026_06_04,transfermarkt_availability_split_2026_06_04
Ben Waine,NZL,0.6886,0.6886,0.7619,0.725,medium_risk,,,,transfermarkt_availability_split_2026_06_04,transfermarkt_availability_split_2026_06_04
Alexis Vega,MEX,0.6639,0.6639,0.7719,0.6,high_risk,,,,transfermarkt_availability_split_2026_06_04,transfermarkt_availability_split_2026_06_04
Julian Quinones,MEX,0.6223,0.6223,0.7222,0.6047,high_risk,,,,transfermarkt_availability_split_2026_06_04,transfermarkt_availability_split_2026_06_04
Armando Gonzalez,MEX,0.6148,0.6148,0.6667,0.7778,medium_risk,,,,transfermarkt_availability_split_2026_06_04,transfermarkt_availability_split_2026_06_04
Guillermo Martínez,MEX,0.438,0.438,0.5556,0.3953,high_risk,,,,transfermarkt_availability_split_2026_06_04,transfermarkt_availability_split_2026_06_04
German Berterame,MEX,0.5779,0.5779,0.7143,0.4545,high_risk,,,,transfermarkt_availability_split_2026_06_04,transfermarkt_availability_split_2026_06_04
Raul Jimenez,MEX,0.7012,0.7012,0.8154,0.6,high_risk,,,,transfermarkt_availability_split_2026_06_04,transfermarkt_availability_split_2026_06_04
Heung-Min Son,KOR,0.8464,0.8464,0.9485,0.6923,medium_risk,,,,transfermarkt_availability_split_2026_06_04,transfermarkt_availability_split_2026_06_04
Gue-sung Cho,KOR,0.8209,0.8209,0.9048,0.7353,medium_risk,,,,transfermarkt_availability_split_2026_06_04,transfermarkt_availability_split_2026_06_04
Yuito Suzuki,JPN,0.6857,0.6857,0.8571,0.4286,high_risk,,,,transfermarkt_availability_split_2026_06_04,transfermarkt_availability_split_2026_06_04
Hyeon-Gyu Oh,KOR,0.5007,0.5007,0.5789,0.6136,high_risk,,,,transfermarkt_availability_split_2026_06_04,transfermarkt_availability_split_2026_06_04
Koki Ogawa,JPN,0.6143,0.6143,0.7143,0.6,high_risk,,,,transfermarkt_availability_split_2026_06_04,transfermarkt_availability_split_2026_06_04
Ayase Ueda,JPN,0.7167,0.7167,0.8333,0.6,high_risk,,,,transfermarkt_availability_split_2026_06_04,transfermarkt_availability_split_2026_06_04
Daizen Maeda,JPN,0.5912,0.5912,0.6875,0.6,high_risk,,,,transfermarkt_availability_split_2026_06_04,transfermarkt_availability_split_2026_06_04
Keisuke Goto,JPN,0.6844,0.6844,0.75,0.75,medium_risk,,,,transfermarkt_availability_split_2026_06_04,transfermarkt_availability_split_2026_06_04
Prince Adu,GHA,0.8639,0.8639,0.97,0.6875,medium_risk,,,,transfermarkt_availability_split_2026_06_04,transfermarkt_availability_split_2026_06_04
Kento Shiogai,JPN,0.45,0.45,0.5,0.7143,unknown,,,,transfermarkt_availability_split_2026_06_04,transfermarkt_availability_split_2026_06_04
Iñaki Williams,GHA,0.8226,0.8226,0.9565,0.6,high_risk,,,,transfermarkt_availability_split_2026_06_04,transfermarkt_availability_split_2026_06_04
Daniel Nana Agyei,GHA,0.242,0.242,0.275,0.6575,medium_risk,,,,transfermarkt_availability_split_2026_06_04,transfermarkt_availability_split_2026_06_04
Jordan Ayew,GHA,0.8417,0.8417,0.9355,0.7135,medium_risk,,,,transfermarkt_availability_split_2026_06_04,transfermarkt_availability_split_2026_06_04
Christopher Bonsu Baah,GHA,0.3911,0.3911,0.4286,0.75,medium_risk,,,,transfermarkt_availability_split_2026_06_04,transfermarkt_availability_split_2026_06_04
Brandon Thomas-Asante,GHA,0.3589,0.3589,0.4286,0.5357,high_risk,,,,transfermarkt_availability_split_2026_06_04,transfermarkt_availability_split_2026_06_04
Kamaldeen Sulemana,GHA,0.6808,0.6808,0.7917,0.6,high_risk,,,,transfermarkt_availability_split_2026_06_04,transfermarkt_availability_split_2026_06_04
Issahaku Abdul Fatawu,GHA,0.5565,0.5565,0.6471,0.6,high_risk,,,,transfermarkt_availability_split_2026_06_04,transfermarkt_availability_split_2026_06_04
Antoine Semenyo,GHA,0.8635,0.8635,0.9688,0.6897,medium_risk,,,,transfermarkt_availability_split_2026_06_04,transfermarkt_availability_split_2026_06_04
Noni Madueke,ENG,0.7302,0.7302,0.8571,0.5769,high_risk,,,,transfermarkt_availability_split_2026_06_04,transfermarkt_availability_split_2026_06_04
Bukayo Saka,ENG,0.8152,0.8152,0.92,0.6744,medium_risk,,,,transfermarkt_availability_split_2026_06_04,transfermarkt_availability_split_2026_06_04
Ollie Watkins,ENG,0.5529,0.5529,0.6429,0.6,high_risk,,,,transfermarkt_availability_split_2026_06_04,transfermarkt_availability_split_2026_06_04
Anthony Gordon,ENG,0.6409,0.6409,0.6957,0.775,medium_risk,,,,transfermarkt_availability_split_2026_06_04,transfermarkt_availability_split_2026_06_04
Harry Kane,ENG,0.8702,0.8702,0.9106,0.8733,low_risk,,,,transfermarkt_availability_split_2026_06_04,transfermarkt_availability_split_2026_06_04
Marcus Rashford,ENG,0.7499,0.7499,0.859,0.637,high_risk,,,,transfermarkt_availability_split_2026_06_04,transfermarkt_availability_split_2026_06_04
Ivan Toney,ENG,0.344,0.344,0.4,0.6,high_risk,,,,transfermarkt_availability_split_2026_06_04,transfermarkt_availability_split_2026_06_04
Oumar Diakite,CIV,0.6966,0.6966,0.8077,0.6071,high_risk,,,,transfermarkt_availability_split_2026_06_04,transfermarkt_availability_split_2026_06_04
Amad Diallo,CIV,0.7082,0.7082,0.8235,0.6,high_risk,,,,transfermarkt_availability_split_2026_06_04,transfermarkt_availability_split_2026_06_04
Simon Adingra,CIV,0.7629,0.7629,0.8636,0.6667,medium_risk,,,,transfermarkt_availability_split_2026_06_04,transfermarkt_availability_split_2026_06_04
Nicolas Pepe,CIV,0.6409,0.6409,0.7313,0.6466,high_risk,,,,transfermarkt_availability_split_2026_06_04,transfermarkt_availability_split_2026_06_04
Bazoumana Toure,CIV,0.4164,0.4164,0.4545,0.76,medium_risk,,,,transfermarkt_availability_split_2026_06_04,transfermarkt_availability_split_2026_06_04
Igor Thiago,BRA,0.873,0.873,0.97,0.7143,unknown,,,,transfermarkt_availability_split_2026_06_04,transfermarkt_availability_split_2026_06_04
Endrick,BRA,0.7077,0.7077,0.8125,0.6316,high_risk,,,,transfermarkt_availability_split_2026_06_04,transfermarkt_availability_split_2026_06_04
Yan Diomande,CIV,0.8814,0.8814,0.97,0.7391,medium_risk,,,,transfermarkt_availability_split_2026_06_04,transfermarkt_availability_split_2026_06_04
Evann Guessand,CIV,0.7944,0.7944,0.8333,0.8667,low_risk,,,,transfermarkt_availability_split_2026_06_04,transfermarkt_availability_split_2026_06_04
Elye Wahi,CIV,0.45,0.45,0.5,0.7143,unknown,,,,transfermarkt_availability_split_2026_06_04,transfermarkt_availability_split_2026_06_04
Luiz Henrique,BRA,0.8148,0.8148,0.9091,0.7037,medium_risk,,,,transfermarkt_availability_split_2026_06_04,transfermarkt_availability_split_2026_06_04
Rayan,BRA,0.6933,0.6933,0.8,0.619,high_risk,,,,transfermarkt_availability_split_2026_06_04,transfermarkt_availability_split_2026_06_04
Gabriel Martinelli,BRA,0.6448,0.6448,0.7333,0.6552,medium_risk,,,,transfermarkt_availability_split_2026_06_04,transfermarkt_availability_split_2026_06_04
Raphinha,BRA,0.8812,0.8812,0.97,0.7385,medium_risk,,,,transfermarkt_availability_split_2026_06_04,transfermarkt_availability_split_2026_06_04
Neymar Jr.,BRA,0.8919,0.8919,0.97,0.7701,medium_risk,,,,transfermarkt_availability_split_2026_06_04,transfermarkt_availability_split_2026_06_04
Vinicius Junior,BRA,0.7444,0.7444,0.8103,0.7674,medium_risk,,,,transfermarkt_availability_split_2026_06_04,transfermarkt_availability_split_2026_06_04
Matheus Cunha,BRA,0.6946,0.6946,0.8077,0.6,high_risk,,,,transfermarkt_availability_split_2026_06_04,transfermarkt_availability_split_2026_06_04
Nestory Irankunda,AUS,0.5879,0.5879,0.7273,0.4524,high_risk,,,,transfermarkt_availability_split_2026_06_04,transfermarkt_availability_split_2026_06_04
Awer Mabil,AUS,0.7036,0.7036,0.8182,0.6,high_risk,,,,transfermarkt_availability_split_2026_06_04,transfermarkt_availability_split_2026_06_04
Mohamed Toure,AUS,0.6883,0.6883,0.875,0.3902,high_risk,,,,transfermarkt_availability_split_2026_06_04,transfermarkt_availability_split_2026_06_04
Martin Boyle,AUS,0.7263,0.7263,0.8333,0.6329,high_risk,,,,transfermarkt_availability_split_2026_06_04,transfermarkt_availability_split_2026_06_04
Jose Manuel Lopez,ARG,0.3671,0.3671,0.4,0.7647,medium_risk,,,,transfermarkt_availability_split_2026_06_04,transfermarkt_availability_split_2026_06_04
Deni Juric,AUS,0.8568,0.8568,0.97,0.6667,medium_risk,,,,transfermarkt_availability_split_2026_06_04,transfermarkt_availability_split_2026_06_04
Nishan Velupillay,AUS,0.5403,0.5403,0.6667,0.4583,high_risk,,,,transfermarkt_availability_split_2026_06_04,transfermarkt_availability_split_2026_06_04
Ante Suto,AUS,0.0442,0.0442,0.05,0.6667,medium_risk,,,,transfermarkt_availability_split_2026_06_04,transfermarkt_availability_split_2026_06_04
Giuliano Simeone,ARG,0.7893,0.7893,0.8889,0.68,medium_risk,,,,transfermarkt_availability_split_2026_06_04,transfermarkt_availability_split_2026_06_04
Julian Alvarez,ARG,0.7993,0.7993,0.8475,0.8375,medium_risk,,,,transfermarkt_availability_split_2026_06_04,transfermarkt_availability_split_2026_06_04
Nico Gonzalez,ARG,0.6713,0.6713,0.8182,0.4872,high_risk,,,,transfermarkt_availability_split_2026_06_04,transfermarkt_availability_split_2026_06_04
Lautaro Martinez,ARG,0.8498,0.8498,0.9059,0.823,medium_risk,,,,transfermarkt_availability_split_2026_06_04,transfermarkt_availability_split_2026_06_04
Lionel Messi,ARG,0.8949,0.8949,0.9671,0.7865,medium_risk,,,,transfermarkt_availability_split_2026_06_04,transfermarkt_availability_split_2026_06_04
Riyad Mahrez,ALG,0.858,0.858,0.9487,0.7267,medium_risk,,,,transfermarkt_availability_split_2026_06_04,transfermarkt_availability_split_2026_06_04
Baghdad Bounedjah,ALG,0.7665,0.7665,0.8913,0.6,high_risk,,,,transfermarkt_availability_split_2026_06_04,transfermarkt_availability_split_2026_06_04
Amine Gouiri,ALG,0.817,0.817,0.95,0.6,high_risk,,,,transfermarkt_availability_split_2026_06_04,transfermarkt_availability_split_2026_06_04
Anis Hadj Moussa,ALG,0.4409,0.4409,0.5455,0.4524,high_risk,,,,transfermarkt_availability_split_2026_06_04,transfermarkt_availability_split_2026_06_04
Amin Chiakha,ALG,0.1293,0.1293,0.1667,0.359,high_risk,,,,transfermarkt_availability_split_2026_06_04,transfermarkt_availability_split_2026_06_04
Mohamed Amoura,ALG,0.72,0.72,0.8372,0.6,high_risk,,,,transfermarkt_availability_split_2026_06_04,transfermarkt_availability_split_2026_06_04
Adil Boulbina,ALG,0.5847,0.5847,0.7,0.5294,high_risk,,,,transfermarkt_availability_split_2026_06_04,transfermarkt_availability_split_2026_06_04
Ahmed Nadhir Benbouali,ALG,0.8342,0.8342,0.97,0.6,high_risk,,,,transfermarkt_availability_split_2026_06_04,transfermarkt_availability_split_2026_06_04
Fares Ghedjemis,ALG,0.45,0.45,0.5,0.7143,unknown,,,,transfermarkt_availability_split_2026_06_04,transfermarkt_availability_split_2026_06_04
Anthony Elanga,SWE,0.6961,0.6961,0.7778,0.7,medium_risk,,,,transfermarkt_availability_split_2026_06_04,transfermarkt_availability_split_2026_06_04
Benjamin Nygren,SWE,0.6555,0.6555,0.7,0.8182,medium_risk,,,,transfermarkt_availability_split_2026_06_04,transfermarkt_availability_split_2026_06_04
Alexander Isak,SWE,0.8206,0.8206,0.9211,0.6885,medium_risk,,,,transfermarkt_availability_split_2026_06_04,transfermarkt_availability_split_2026_06_04
Viktor Gyökeres,SWE,0.818,0.818,0.9512,0.6,high_risk,,,,transfermarkt_availability_split_2026_06_04,transfermarkt_availability_split_2026_06_04
Borja Iglesias,ESP,0.4414,0.4414,0.5714,0.35,high_risk,,,,transfermarkt_availability_split_2026_06_04,transfermarkt_availability_split_2026_06_04
Gustaf Nilsson,SWE,0.6789,0.6789,0.7895,0.6,high_risk,,,,transfermarkt_availability_split_2026_06_04,transfermarkt_availability_split_2026_06_04
Mikel Oyarzabal,ESP,0.8478,0.8478,0.9432,0.7111,medium_risk,,,,transfermarkt_availability_split_2026_06_04,transfermarkt_availability_split_2026_06_04
Ferran Torres,ESP,0.8416,0.8416,0.9153,0.7701,medium_risk,,,,transfermarkt_availability_split_2026_06_04,transfermarkt_availability_split_2026_06_04
Victor Munoz,ESP,0.873,0.873,0.97,0.7143,unknown,,,,transfermarkt_availability_split_2026_06_04,transfermarkt_availability_split_2026_06_04
Nico Williams,ESP,0.8158,0.8158,0.9091,0.7069,medium_risk,,,,transfermarkt_availability_split_2026_06_04,transfermarkt_availability_split_2026_06_04
Lamine Yamal,ESP,0.8685,0.8685,0.9615,0.7234,medium_risk,,,,transfermarkt_availability_split_2026_06_04,transfermarkt_availability_split_2026_06_04
Brian Brobbey,NED,0.43,0.43,0.5,0.6,high_risk,,,,transfermarkt_availability_split_2026_06_04,transfermarkt_availability_split_2026_06_04
Wout Weghorst,NED,0.7055,0.7055,0.7937,0.6827,medium_risk,,,,transfermarkt_availability_split_2026_06_04,transfermarkt_availability_split_2026_06_04
Noa Lang,NED,0.4448,0.4448,0.5172,0.6,high_risk,,,,transfermarkt_availability_split_2026_06_04,transfermarkt_availability_split_2026_06_04
Cody Gakpo,NED,0.8713,0.8713,0.9245,0.8356,medium_risk,,,,transfermarkt_availability_split_2026_06_04,transfermarkt_availability_split_2026_06_04
Donyell Malen,NED,0.7099,0.7099,0.7705,0.7753,medium_risk,,,,transfermarkt_availability_split_2026_06_04,transfermarkt_availability_split_2026_06_04
Memphis Depay,NED,0.8226,0.8226,0.877,0.8228,medium_risk,,,,transfermarkt_availability_split_2026_06_04,transfermarkt_availability_split_2026_06_04
Kylian Mbappe,FRA,0.902,0.902,0.951,0.8527,low_risk,,,,transfermarkt_availability_split_2026_06_04,transfermarkt_availability_split_2026_06_04
Ousmane Dembele,FRA,0.698,0.698,0.8116,0.6,high_risk,,,,transfermarkt_availability_split_2026_06_04,transfermarkt_availability_split_2026_06_04
Jean-Philippe Mateta,FRA,0.5843,0.5843,0.6667,0.6471,high_risk,,,,transfermarkt_availability_split_2026_06_04,transfermarkt_availability_split_2026_06_04
Desire Doue,FRA,0.7192,0.7192,0.8333,0.6087,high_risk,,,,transfermarkt_availability_split_2026_06_04,transfermarkt_availability_split_2026_06_04
Maghnes Akliouche,FRA,0.7685,0.7685,0.8333,0.7778,medium_risk,,,,transfermarkt_availability_split_2026_06_04,transfermarkt_availability_split_2026_06_04
Deniz Undav,GER,0.3287,0.3287,0.3684,0.6923,medium_risk,,,,transfermarkt_availability_split_2026_06_04,transfermarkt_availability_split_2026_06_04
Rayan Cherki,FRA,0.6933,0.6933,0.8,0.619,high_risk,,,,transfermarkt_availability_split_2026_06_04,transfermarkt_availability_split_2026_06_04
Marcus Thuram,FRA,0.6205,0.6205,0.7143,0.625,high_risk,,,,transfermarkt_availability_split_2026_06_04,transfermarkt_availability_split_2026_06_04
Maximilian Beier,GER,0.5178,0.5178,0.5882,0.6579,medium_risk,,,,transfermarkt_availability_split_2026_06_04,transfermarkt_availability_split_2026_06_04
Nick Woltemade,GER,0.9083,0.9083,0.97,0.8182,medium_risk,,,,transfermarkt_availability_split_2026_06_04,transfermarkt_availability_split_2026_06_04
Michael Olise,FRA,0.7944,0.7944,0.8333,0.8667,low_risk,,,,transfermarkt_availability_split_2026_06_04,transfermarkt_availability_split_2026_06_04
Kai Havertz,GER,0.8043,0.8043,0.8714,0.78,medium_risk,,,,transfermarkt_availability_split_2026_06_04,transfermarkt_availability_split_2026_06_04
Leroy Sane,GER,0.8215,0.8215,0.9053,0.7357,medium_risk,,,,transfermarkt_availability_split_2026_06_04,transfermarkt_availability_split_2026_06_04
Ivan Perisic,CRO,0.9251,0.9251,0.97,0.8678,low_risk,,,,transfermarkt_availability_split_2026_06_04,transfermarkt_availability_split_2026_06_04
Andrej Kramaric,CRO,0.8826,0.8826,0.9462,0.808,medium_risk,,,,transfermarkt_availability_split_2026_06_04,transfermarkt_availability_split_2026_06_04
Petar Musa,CRO,0.6107,0.6107,0.7778,0.3864,high_risk,,,,transfermarkt_availability_split_2026_06_04,transfermarkt_availability_split_2026_06_04
Ante Budimir,CRO,0.5553,0.5553,0.617,0.7143,medium_risk,,,,transfermarkt_availability_split_2026_06_04,transfermarkt_availability_split_2026_06_04
Marco Pasalic,CRO,0.2228,0.2228,0.25,0.6897,medium_risk,,,,transfermarkt_availability_split_2026_06_04,transfermarkt_availability_split_2026_06_04
Igor Matanovic,CRO,0.6651,0.6651,0.7778,0.5862,high_risk,,,,transfermarkt_availability_split_2026_06_04,transfermarkt_availability_split_2026_06_04
Marco Grüll,AUT,0.1955,0.1955,0.2273,0.6,high_risk,,,,transfermarkt_availability_split_2026_06_04,transfermarkt_availability_split_2026_06_04
Raul Florucz,AUT,0.1714,0.1714,0.2,0.5909,high_risk,,,,transfermarkt_availability_split_2026_06_04,transfermarkt_availability_split_2026_06_04
Michael Gregoritsch,AUT,0.7668,0.7668,0.8194,0.8163,medium_risk,,,,transfermarkt_availability_split_2026_06_04,transfermarkt_availability_split_2026_06_04
Marko Arnautovic,AUT,0.8911,0.8911,0.9618,0.7898,medium_risk,,,,transfermarkt_availability_split_2026_06_04,transfermarkt_availability_split_2026_06_04
Yunus Akgün,TUR,0.6183,0.6183,0.7,0.6667,medium_risk,,,,transfermarkt_availability_split_2026_06_04,transfermarkt_availability_split_2026_06_04
Baris Alper Yilmaz,TUR,0.8921,0.8921,0.97,0.7705,medium_risk,,,,transfermarkt_availability_split_2026_06_04,transfermarkt_availability_split_2026_06_04
Deniz Gül,TUR,0.5475,0.5475,0.6,0.75,medium_risk,,,,transfermarkt_availability_split_2026_06_04,transfermarkt_availability_split_2026_06_04
Francisco Conceicao,POR,0.585,0.585,0.6364,0.7692,medium_risk,,,,transfermarkt_availability_split_2026_06_04,transfermarkt_availability_split_2026_06_04
Goncalo Ramos,POR,0.6042,0.6042,0.6667,0.7321,medium_risk,,,,transfermarkt_availability_split_2026_06_04,transfermarkt_availability_split_2026_06_04
Rafael Leão,POR,0.8615,0.8615,0.9149,0.8333,medium_risk,,,,transfermarkt_availability_split_2026_06_04,transfermarkt_availability_split_2026_06_04
João Felix,POR,0.7051,0.7051,0.7612,0.7895,medium_risk,,,,transfermarkt_availability_split_2026_06_04,transfermarkt_availability_split_2026_06_04
Pedro Neto,POR,0.6389,0.6389,0.7429,0.6,high_risk,,,,transfermarkt_availability_split_2026_06_04,transfermarkt_availability_split_2026_06_04
Francisco Trincao,POR,0.5447,0.5447,0.6333,0.6,high_risk,,,,transfermarkt_availability_split_2026_06_04,transfermarkt_availability_split_2026_06_04
Goncalo Guedes,POR,0.6911,0.6911,0.8036,0.6,high_risk,,,,transfermarkt_availability_split_2026_06_04,transfermarkt_availability_split_2026_06_04
Cristiano Ronaldo,POR,0.908,0.908,0.97,0.8173,medium_risk,,,,transfermarkt_availability_split_2026_06_04,transfermarkt_availability_split_2026_06_04
Mojmir Chytil,CZE,0.878,0.878,0.878,,unknown,,,,transfermarkt_availability_split_2026_06_04,transfermarkt_availability_split_2026_06_04
Tomas Chory,CZE,0.7948,0.7948,0.84,0.8462,medium_risk,,,,transfermarkt_availability_split_2026_06_04,transfermarkt_availability_split_2026_06_04
Patrik Schick,CZE,0.7906,0.7906,0.9194,0.6,high_risk,,,,transfermarkt_availability_split_2026_06_04,transfermarkt_availability_split_2026_06_04
Jan Kliment,CZE,0.7694,0.7694,0.7694,,unknown,,,,transfermarkt_availability_split_2026_06_04,transfermarkt_availability_split_2026_06_04
Dan Ndoye,SUI,0.8479,0.8479,0.925,0.7619,medium_risk,,,,transfermarkt_availability_split_2026_06_04,transfermarkt_availability_split_2026_06_04
Mohamed Zeki Amdouni,SUI,0.8564,0.8564,0.931,0.7708,medium_risk,,,,transfermarkt_availability_split_2026_06_04,transfermarkt_availability_split_2026_06_04
Christian Fassnacht,SUI,0.3606,0.3606,0.4194,0.6,high_risk,,,,transfermarkt_availability_split_2026_06_04,transfermarkt_availability_split_2026_06_04
Ruben Vargas,SUI,0.8607,0.8607,0.918,0.8214,medium_risk,,,,transfermarkt_availability_split_2026_06_04,transfermarkt_availability_split_2026_06_04
Cedric Itten,SUI,0.4979,0.4979,0.5789,0.6,high_risk,,,,transfermarkt_availability_split_2026_06_04,transfermarkt_availability_split_2026_06_04
Breel Embolo,SUI,0.8813,0.8813,0.9583,0.7704,medium_risk,,,,transfermarkt_availability_split_2026_06_04,transfermarkt_availability_split_2026_06_04
Hugo Ekitike,FRA,0.8946,0.8946,0.97,0.7778,medium_risk,,,,transfermarkt_availability_split_2026_06_04,transfermarkt_availability_split_2026_06_04
Serge Gnabry,GER,0.8408,0.8408,0.9589,0.648,high_risk,,,,transfermarkt_availability_split_2026_06_04,transfermarkt_availability_split_2026_06_04
Bento Krepski,BRA,0.2288,0.5555,0.5555,,unknown,,,,transfermarkt_availability_split_2026_06_04+gk_hierarchy_normalized,transfermarkt_availability_split_2026_06_04
Cole Palmer,ENG,0.6576,0.6576,0.7647,0.6,high_risk,,,,transfermarkt_availability_split_2026_06_04,transfermarkt_availability_split_2026_06_04
Fermin Lopez,ESP,0.365,0.365,0.4118,0.6757,medium_risk,,,,transfermarkt_availability_split_2026_06_04,transfermarkt_availability_split_2026_06_04
Anton Stach,GER,0.3311,0.3311,0.4286,0.35,high_risk,,,,transfermarkt_availability_split_2026_06_04,transfermarkt_availability_split_2026_06_04
João Palhinha,POR,0.7039,0.7039,0.7039,,unknown,,,,transfermarkt_availability_split_2026_06_04,transfermarkt_availability_split_2026_06_04
Matz Sels,BEL,0.0902,0.1414,0.1644,0.6,high_risk,,,,transfermarkt_availability_split_2026_06_04+gk_hierarchy_normalized,transfermarkt_availability_split_2026_06_04
Randal Kolo Muani,FRA,0.7014,0.7014,0.75,0.8148,medium_risk,,,,transfermarkt_availability_split_2026_06_04,transfermarkt_availability_split_2026_06_04
Robin Le Normand,ESP,0.8747,0.8747,0.9643,0.7347,medium_risk,,,,transfermarkt_availability_split_2026_06_04,transfermarkt_availability_split_2026_06_04
Dean Donny Huijsen,ESP,0.7729,0.7729,0.875,0.6667,medium_risk,,,,transfermarkt_availability_split_2026_06_04,transfermarkt_availability_split_2026_06_04
João Pedro,BRA,0.5485,0.5485,0.5485,,unknown,,,,transfermarkt_availability_split_2026_06_04,transfermarkt_availability_split_2026_06_04
Lois Openda,BEL,0.8866,0.8866,0.8866,,unknown,,,,transfermarkt_availability_split_2026_06_04,transfermarkt_availability_split_2026_06_04
Rafael Santos Borre,COL,0.6181,0.6181,0.7188,0.6,high_risk,,,,transfermarkt_availability_split_2026_06_04,transfermarkt_availability_split_2026_06_04
Robin Olsen,SWE,0.4334,0.699,0.75,0.8056,medium_risk,,,,transfermarkt_availability_split_2026_06_04+gk_hierarchy_normalized,transfermarkt_availability_split_2026_06_04
Takumi Minamino,JPN,0.7913,0.7913,0.9167,0.6093,high_risk,,,,transfermarkt_availability_split_2026_06_04,transfermarkt_availability_split_2026_06_04
Daniel Vivian,ESP,0.3605,0.3605,0.4,0.7179,medium_risk,,,,transfermarkt_availability_split_2026_06_04,transfermarkt_availability_split_2026_06_04
Johan Carbonero,COL,0.3074,0.3074,0.3333,0.7778,medium_risk,,,,transfermarkt_availability_split_2026_06_04,transfermarkt_availability_split_2026_06_04
Juan Cabal,COL,0.3862,0.3862,0.5,0.35,high_risk,,,,transfermarkt_availability_split_2026_06_04,transfermarkt_availability_split_2026_06_04
Samuel Aghehowa,ESP,0.451,0.451,0.5,0.72,medium_risk,,,,transfermarkt_availability_split_2026_06_04,transfermarkt_availability_split_2026_06_04
