TRANSFERMARKT NATIONAL USAGE BATCH
================================================================================
Player pool: 1292
Cache rows: 23
Manual URL rows: 28
Manual URL matched: 23
Manual-only: False
Refresh: True
Max this run: 2000
Selected for run: 1292

[1/1292] Ederson Moraes | BRA | GK | 5.0 mio.
  OK: caps=32 caps_link=True source=ceapi_performance_game latest=2026-05-31 recent20_start=0.3 usage=0.343
  National URL: https://www.transfermarkt.de/ederson/nationalmannschaft/spieler/238223/verein_id/3439
[2/1292] Bento Krepski | BRA | GK | 5.0 mio.
  OK: caps=7 caps_link=True source=ceapi_performance_game latest=2026-04-01 recent20_start=0.2 usage=0.213
  National URL: https://www.transfermarkt.de/bento/nationalmannschaft/spieler/691906/verein_id/3439
[3/1292] Luis Suarez Charris | COL | FWD | 4.5 mio.
  OK: caps=11 caps_link=True source=ceapi_performance_game latest=2026-06-01 recent20_start=0.25 usage=0.3065
  National URL: https://www.transfermarkt.de/luis-suarez/nationalmannschaft/spieler/424784/verein_id/3816
[4/1292] Pablo Gavi | ESP | MID | 4.0 mio.
  OK: caps=29 caps_link=True source=ceapi_performance_game latest=2026-06-04 recent20_start=0.05 usage=0.1685
  National URL: https://www.transfermarkt.de/gavi/nationalmannschaft/spieler/646740/verein_id/3375
[5/1292] Juan 'Cucho' Hernandez | COL | FWD | 4.0 mio.
  OK: caps=8 caps_link=True source=ceapi_performance_game latest=2026-06-01 recent20_start=0.15 usage=0.1645
  National URL: https://www.transfermarkt.de/cucho-hernandez/nationalmannschaft/spieler/459463/verein_id/3816
[6/1292] Marc Pubill | ESP | DEF | 3.0 mio.
  OK: caps=1 caps_link=True source=ceapi_performance_game latest=2026-06-04 recent20_start=0.0 usage=0.004
  National URL: https://www.transfermarkt.de/marc-pubill/nationalmannschaft/spieler/844637/verein_id/3375
[7/1292] Mostafa Oufa Shobeir | EGY | GK | 2.5 mio.
  OK: caps=9 caps_link=True source=ceapi_performance_game latest=2026-05-28 recent20_start=0.25 usage=0.2985
  National URL: https://www.transfermarkt.de/oufa-shobeir/nationalmannschaft/spieler/661455/verein_id/3672
[8/1292] Mohammad Abu 'Shararh' Zrayq | JOR | MID | 2.5 mio.
  OK: caps=33 caps_link=True source=ceapi_performance_game latest=2026-05-31 recent20_start=0.15 usage=0.2645
  National URL: https://www.transfermarkt.de/shararh/nationalmannschaft/spieler/677986/verein_id/15737
[9/1292] Matias Fernandez-Pardo | BEL | FWD | 2.5 mio.
  OK: caps=1 caps_link=True source=ceapi_performance_game latest=2026-06-02 recent20_start=0.0 usage=0.004
  National URL: https://www.transfermarkt.de/matias-fernandez-pardo/nationalmannschaft/spieler/724129/verein_id/3382
[10/1292] Lionel Mpasi Nzau | COD | GK | 2.5 mio.
  OK: caps=27 caps_link=True source=ceapi_performance_game latest=2026-06-03 recent20_start=0.5 usage=0.583
  National URL: https://www.transfermarkt.de/lionel-mpasi-nzau/nationalmannschaft/spieler/164915/verein_id/3854
[11/1292] Joao Paulo | CPV | DEF | 2.5 mio.
  OK: caps=40 caps_link=True source=ceapi_performance_game latest=2026-05-31 recent20_start=0.55 usage=0.5875
  National URL: https://www.transfermarkt.de/joao-paulo/nationalmannschaft/spieler/623965/verein_id/4311
[12/1292] Carlos Rodriguez | MEX | MID | 2.5 mio.
  OK: caps=68 caps_link=True source=ceapi_performance_game latest=2026-04-01 recent20_start=0.1 usage=0.28
  National URL: https://www.transfermarkt.de/carlos-rodriguez/nationalmannschaft/spieler/534620/verein_id/6303
[13/1292] CJ Dos Santos | CPV | GK | 2.5 mio.
  OK: caps=1 caps_link=True source=ceapi_performance_game latest=2026-05-31 recent20_start=0.0 usage=0.004
  National URL: https://www.transfermarkt.de/cj-dos-santos/nationalmannschaft/spieler/532096/verein_id/4311
[14/1292] Ange-Yoan Bonny | CIV | FWD | 2.5 mio.
  OK: caps=1 caps_link=True source=ceapi_performance_game latest=2026-06-04 recent20_start=0.0 usage=0.004
  National URL: https://www.transfermarkt.de/ange-yoan-bonny/nationalmannschaft/spieler/827734/verein_id/3591
[15/1292] Abdulaziz Hatim Mohammed | QAT | MID | 2.5 mio.
  OK: caps=121 caps_link=True source=ceapi_performance_game latest=2026-05-28 recent20_start=0.3 usage=0.44
  National URL: https://www.transfermarkt.de/abdulaziz-hatim/nationalmannschaft/spieler/113915/verein_id/14162
[16/1292] Umarali Rakhmonaliyev | UZB | MID | 2.0 mio.
  OK: caps=1 caps_link=True source=ceapi_performance_game latest=2026-06-02 recent20_start=0.0 usage=0.004
  National URL: https://www.transfermarkt.de/umarali-rakhmonaliev/nationalmannschaft/spieler/837432/verein_id/3563
[17/1292] Oguz Aydin | TUR | MID | 2.0 mio.
  OK: caps=None caps_link=False source=ceapi_performance_game latest=2026-06-01 recent20_start=0.3 usage=0.24
  National URL: https://www.transfermarkt.de/oguz-aydin/nationalmannschaft/spieler/563749/verein_id/3381
[18/1292] Nabil 'Dunga' Emad | EGY | MID | 2.0 mio.
  OK: caps=12 caps_link=True source=ceapi_performance_game latest=2026-05-28 recent20_start=0.05 usage=0.0755
  National URL: https://www.transfermarkt.de/nabil-dunga/nationalmannschaft/spieler/479683/verein_id/3672
[19/1292] Lenny Joseph | HAI | FWD | 2.0 mio.
  OK: caps=1 caps_link=True source=ceapi_performance_game latest=2026-06-03 recent20_start=0.0 usage=0.004
  National URL: https://www.transfermarkt.de/lenny-joseph/nationalmannschaft/spieler/815359/verein_id/14161
[20/1292] Kevin Lenini Pina | CPV | MID | 2.0 mio.
  OK: caps=31 caps_link=True source=ceapi_performance_game latest=2026-05-31 recent20_start=0.8 usage=0.764
  National URL: https://www.transfermarkt.de/kevin-lenini/nationalmannschaft/spieler/544586/verein_id/4311
[21/1292] Dominique Simon | HAI | MID | 2.0 mio.
  OK: caps=1 caps_link=True source=ceapi_performance_game latest=2026-06-03 recent20_start=1.0 usage=0.804
  National URL: https://www.transfermarkt.de/dominique-simon/nationalmannschaft/spieler/988188/verein_id/14161
[22/1292] Bara Sapoko Ndiaye | SEN | MID | 2.0 mio.
  OK: caps=1 caps_link=True source=ceapi_performance_game latest=2026-05-31 recent20_start=1.0 usage=0.804
  National URL: https://www.transfermarkt.de/bara-sapoko-ndiaye/nationalmannschaft/spieler/1497653/verein_id/3499
[23/1292] Alexander 'Alex' Robertson | AUS | MID | 2.0 mio.
  OK: caps=3 caps_link=True source=ceapi_performance_game latest=2026-03-31 recent20_start=0.0 usage=0.012
  National URL: https://www.transfermarkt.de/alex-robertson/nationalmannschaft/spieler/609887/verein_id/3433
[24/1292] Vinicius Junior | BRA | FWD | 7.5 mio.
  OK: caps=48 caps_link=True source=ceapi_performance_game latest=2026-05-31 recent20_start=0.75 usage=0.8045
  National URL: https://www.transfermarkt.de/vinicius-junior/nationalmannschaft/spieler/371998/verein_id/3439
[25/1292] Mikel Oyarzabal | ESP | FWD | 7.5 mio.
  OK: caps=52 caps_link=True source=ceapi_performance_game latest=2026-06-04 recent20_start=0.65 usage=0.7325
  National URL: https://www.transfermarkt.de/mikel-oyarzabal/nationalmannschaft/spieler/351478/verein_id/3375
[26/1292] Mike Maignan | FRA | GK | 5.0 mio.
  OK: caps=39 caps_link=True source=ceapi_performance_game latest=2026-06-04 recent20_start=0.9 usage=0.851
  National URL: https://www.transfermarkt.de/mike-maignan/nationalmannschaft/spieler/182906/verein_id/3377
[27/1292] Nico Williams | ESP | FWD | 4.5 mio.
  OK: caps=30 caps_link=True source=ceapi_performance_game latest=2026-06-04 recent20_start=0.45 usage=0.4175
  National URL: https://www.transfermarkt.de/nico-williams/nationalmannschaft/spieler/709187/verein_id/3375
[28/1292] Casemiro | BRA | MID | 4.5 mio.
  OK: caps=85 caps_link=True source=ceapi_performance_game latest=2026-05-31 recent20_start=0.5 usage=0.7
  National URL: https://www.transfermarkt.de/casemiro/nationalmannschaft/spieler/16306/verein_id/3439
[29/1292] Renato Veiga | POR | DEF | 3.5 mio.
  OK: caps=11 caps_link=True source=ceapi_performance_game latest=2026-03-31 recent20_start=0.389 usage=0.333
  National URL: https://www.transfermarkt.de/renato-veiga/nationalmannschaft/spieler/805714/verein_id/3300
[30/1292] Martin Zubimendi | ESP | MID | 3.5 mio.
  OK: caps=25 caps_link=True source=ceapi_performance_game latest=2026-06-04 recent20_start=0.65 usage=0.5825
  National URL: https://www.transfermarkt.de/martin-zubimendi/nationalmannschaft/spieler/423440/verein_id/3375
[31/1292] Manu Koné | FRA | MID | 3.5 mio.
  FEJL: HTTPSConnectionPool(host='www.transfermarkt.com', port=443): Read timed out. (read timeout=30)
[32/1292] Lucas Digne | FRA | DEF | 3.5 mio.
  FEJL: 500 Server Error: Internal Server Error for url: https://www.transfermarkt.com/schnellsuche/ergebnis/schnellsuche?query=Lucas+Digne
[33/1292] Gonzalo Montiel | ARG | DEF | 3.5 mio.
  FEJL: 500 Server Error: Internal Server Error for url: https://www.transfermarkt.com/schnellsuche/ergebnis/schnellsuche?query=Gonzalo+Montiel
[34/1292] Alex Baena | ESP | MID | 3.5 mio.
  FEJL: 500 Server Error: Internal Server Error for url: https://www.transfermarkt.com/schnellsuche/ergebnis/schnellsuche?query=Alex+Baena
[35/1292] Kylian Mbappe | FRA | FWD | 10.0 mio.
  FEJL: 500 Server Error: Internal Server Error for url: https://www.transfermarkt.com/schnellsuche/ergebnis/schnellsuche?query=Kylian+Mbappe
[36/1292] Harry Kane | ENG | FWD | 9.5 mio.
  OK: caps=112 caps_link=True source=ceapi_performance_game latest=2026-03-31 recent20_start=0.75 usage=0.7875
  National URL: https://www.transfermarkt.de/harry-kane/nationalmannschaft/spieler/132098/verein_id/3299
[37/1292] Lamine Yamal | ESP | FWD | 9.0 mio.
  OK: caps=25 caps_link=True source=ceapi_performance_game latest=2026-06-04 recent20_start=0.55 usage=0.5025
  National URL: https://www.transfermarkt.de/lamine-yamal/nationalmannschaft/spieler/937958/verein_id/3375
[38/1292] Erling Haaland | NOR | FWD | 8.5 mio.
  OK: caps=49 caps_link=True source=ceapi_performance_game latest=2026-06-01 recent20_start=0.85 usage=0.8385
  National URL: https://www.transfermarkt.de/erling-haaland/nationalmannschaft/spieler/418560/verein_id/3440
[39/1292] Lionel Messi | ARG | FWD | 8.0 mio.
  OK: caps=198 caps_link=True source=ceapi_performance_game latest=2026-03-31 recent20_start=0.55 usage=0.6275
  National URL: https://www.transfermarkt.de/lionel-messi/nationalmannschaft/spieler/28003/verein_id/3437
[40/1292] Lautaro Martinez | ARG | FWD | 8.0 mio.
  OK: caps=75 caps_link=True source=ceapi_performance_game latest=2026-03-31 recent20_start=0.4 usage=0.495
  National URL: https://www.transfermarkt.de/lautaro-martinez/nationalmannschaft/spieler/406625/verein_id/3437
[41/1292] Florian Wirtz | GER | MID | 7.5 mio.
  OK: caps=40 caps_link=True source=ceapi_performance_game latest=2026-05-31 recent20_start=0.85 usage=0.8775
  National URL: https://www.transfermarkt.de/florian-wirtz/nationalmannschaft/spieler/598577/verein_id/3262
[42/1292] Michael Olise | FRA | FWD | 7.0 mio.
  OK: caps=16 caps_link=True source=ceapi_performance_game latest=2026-06-04 recent20_start=0.632 usage=0.5866
  National URL: https://www.transfermarkt.de/michael-olise/nationalmannschaft/spieler/566723/verein_id/3377
[43/1292] Kevin De Bruyne | BEL | MID | 7.0 mio.
  OK: caps=118 caps_link=True source=ceapi_performance_game latest=2026-06-02 recent20_start=0.7 usage=0.785
  National URL: https://www.transfermarkt.de/kevin-de-bruyne/nationalmannschaft/spieler/88755/verein_id/3382
[44/1292] Cristiano Ronaldo | POR | FWD | 7.0 mio.
  OK: caps=226 caps_link=True source=ceapi_performance_game latest=2026-03-31 recent20_start=0.75 usage=0.7875
  National URL: https://www.transfermarkt.de/cristiano-ronaldo/nationalmannschaft/spieler/8198/verein_id/3300
[45/1292] Bruno Fernandes | POR | MID | 7.0 mio.
  OK: caps=87 caps_link=True source=ceapi_performance_game latest=2026-03-31 recent20_start=0.9 usage=0.92
  National URL: https://www.transfermarkt.de/bruno-fernandes/nationalmannschaft/spieler/240306/verein_id/3300
[46/1292] Raphinha | BRA | FWD | 6.5 mio.
  OK: caps=38 caps_link=True source=ceapi_performance_game latest=2026-05-31 recent20_start=0.55 usage=0.5545
  National URL: https://www.transfermarkt.de/raphinha/nationalmannschaft/spieler/411295/verein_id/3439
[47/1292] Jeremy Doku | BEL | FWD | 6.5 mio.
  OK: caps=42 caps_link=True source=ceapi_performance_game latest=2026-06-02 recent20_start=0.8 usage=0.833
  National URL: https://www.transfermarkt.de/jeremy-doku/nationalmannschaft/spieler/486049/verein_id/3382
[48/1292] Jamal Musiala | GER | MID | 6.5 mio.
  OK: caps=41 caps_link=True source=ceapi_performance_game latest=2026-05-31 recent20_start=0.35 usage=0.3815
  National URL: https://www.transfermarkt.de/jamal-musiala/nationalmannschaft/spieler/580195/verein_id/3262
[49/1292] Cody Gakpo | NED | FWD | 6.5 mio.
  OK: caps=49 caps_link=True source=ceapi_performance_game latest=2026-06-03 recent20_start=0.95 usage=0.9685
  National URL: https://www.transfermarkt.de/cody-gakpo/nationalmannschaft/spieler/434675/verein_id/3379
[50/1292] Bukayo Saka | ENG | FWD | 6.5 mio.
  OK: caps=48 caps_link=True source=ceapi_performance_game latest=2026-03-31 recent20_start=0.45 usage=0.5395
  National URL: https://www.transfermarkt.de/bukayo-saka/nationalmannschaft/spieler/433177/verein_id/3299
[51/1292] Viktor Gyökeres | SWE | FWD | 6.0 mio.
  OK: caps=33 caps_link=True source=ceapi_performance_game latest=2026-06-04 recent20_start=0.65 usage=0.6645
  National URL: https://www.transfermarkt.de/viktor-gyokeres/nationalmannschaft/spieler/325443/verein_id/3557
[52/1292] Tijjani Reijnders | NED | MID | 6.0 mio.
  OK: caps=31 caps_link=True source=ceapi_performance_game latest=2026-06-03 recent20_start=0.75 usage=0.6865
  National URL: https://www.transfermarkt.de/tijjani-reijnders/nationalmannschaft/spieler/460939/verein_id/3379
[53/1292] Serge Gnabry | GER | FWD | 6.0 mio.
  OK: caps=59 caps_link=True source=ceapi_performance_game latest=2026-03-30 recent20_start=0.55 usage=0.7025
  National URL: https://www.transfermarkt.de/serge-gnabry/nationalmannschaft/spieler/159471/verein_id/3262
[54/1292] Pedri | ESP | MID | 6.0 mio.
  OK: caps=40 caps_link=True source=ceapi_performance_game latest=2026-06-04 recent20_start=0.55 usage=0.5875
  National URL: https://www.transfermarkt.de/pedri/nationalmannschaft/spieler/683840/verein_id/3375
[55/1292] Nick Woltemade | GER | FWD | 6.0 mio.
  OK: caps=11 caps_link=True source=ceapi_performance_game latest=2026-05-31 recent20_start=0.818 usage=0.6939
  National URL: https://www.transfermarkt.de/nick-woltemade/nationalmannschaft/spieler/455661/verein_id/3262
[56/1292] Julian Alvarez | ARG | FWD | 6.0 mio.
  OK: caps=51 caps_link=True source=ceapi_performance_game latest=2026-03-31 recent20_start=0.8 usage=0.79
  National URL: https://www.transfermarkt.de/julian-alvarez/nationalmannschaft/spieler/576024/verein_id/3437
[57/1292] Jude Bellingham | ENG | MID | 6.0 mio.
  OK: caps=46 caps_link=True source=ceapi_performance_game latest=2026-03-31 recent20_start=0.5 usage=0.509
  National URL: https://www.transfermarkt.de/jude-bellingham/nationalmannschaft/spieler/581678/verein_id/3299
[58/1292] Hugo Ekitike | FRA | FWD | 6.0 mio.
  OK: caps=8 caps_link=True source=ceapi_performance_game latest=2026-03-29 recent20_start=0.375 usage=0.332
  National URL: https://www.transfermarkt.de/hugo-ekitike/nationalmannschaft/spieler/709726/verein_id/3377
[59/1292] Heung-Min Son | KOR | FWD | 6.0 mio.
  OK: caps=145 caps_link=True source=ceapi_performance_game latest=2026-06-04 recent20_start=0.55 usage=0.6775
  National URL: https://www.transfermarkt.de/heung-min-son/nationalmannschaft/spieler/91845/verein_id/3589
[60/1292] Darwin Nunez | URU | FWD | 6.0 mio.
  OK: caps=38 caps_link=True source=ceapi_performance_game latest=2026-03-31 recent20_start=0.35 usage=0.3695
  National URL: https://www.transfermarkt.de/darwin-nunez/nationalmannschaft/spieler/546543/verein_id/3449
[61/1292] Charles De Ketelaere | BEL | FWD | 6.0 mio.
  OK: caps=29 caps_link=True source=ceapi_performance_game latest=2026-06-02 recent20_start=0.45 usage=0.5135
  National URL: https://www.transfermarkt.de/charles-de-ketelaere/nationalmannschaft/spieler/435772/verein_id/3382
[62/1292] Vitinha | POR | MID | 5.5 mio.
  OK: caps=37 caps_link=True source=ceapi_performance_game latest=2026-03-31 recent20_start=0.75 usage=0.7605
  National URL: https://www.transfermarkt.de/vitinha/nationalmannschaft/spieler/487469/verein_id/3300
[63/1292] Thiago Almada | ARG | MID | 5.5 mio.
  OK: caps=14 caps_link=True source=ceapi_performance_game latest=2026-03-31 recent20_start=0.45 usage=0.4535
  National URL: https://www.transfermarkt.de/thiago-almada/nationalmannschaft/spieler/576028/verein_id/3437
[64/1292] Rafael Leão | POR | FWD | 5.5 mio.
  OK: caps=43 caps_link=True source=ceapi_performance_game latest=2026-03-31 recent20_start=0.5 usage=0.472
  National URL: https://www.transfermarkt.de/rafael-leao/nationalmannschaft/spieler/357164/verein_id/3300
[65/1292] Ousmane Dembele | FRA | FWD | 5.5 mio.
  OK: caps=58 caps_link=True source=ceapi_performance_game latest=2026-06-04 recent20_start=0.4 usage=0.445
  National URL: https://www.transfermarkt.de/ousmane-dembele/nationalmannschaft/spieler/288230/verein_id/3377
[66/1292] Neymar Jr. | BRA | FWD | 5.5 mio.
  FEJL: Ingen Transfermarkt-profil fundet
[67/1292] Morgan Rogers | ENG | MID | 5.5 mio.
  OK: caps=13 caps_link=True source=ceapi_performance_game latest=2026-03-31 recent20_start=0.5 usage=0.477
  National URL: https://www.transfermarkt.de/morgan-rogers/nationalmannschaft/spieler/503743/verein_id/3299
[68/1292] Marcus Rashford | ENG | FWD | 5.5 mio.
  OK: caps=70 caps_link=True source=ceapi_performance_game latest=2026-03-31 recent20_start=0.25 usage=0.4125
  National URL: https://www.transfermarkt.de/marcus-rashford/nationalmannschaft/spieler/258923/verein_id/3299
[69/1292] Luis Diaz | COL | FWD | 5.5 mio.
  OK: caps=73 caps_link=True source=ceapi_performance_game latest=2026-06-01 recent20_start=0.95 usage=0.9725
  National URL: https://www.transfermarkt.de/luis-diaz/nationalmannschaft/spieler/480692/verein_id/3816
[70/1292] Lucas Paqueta | BRA | MID | 5.5 mio.
  OK: caps=62 caps_link=True source=ceapi_performance_game latest=2026-05-31 recent20_start=0.3 usage=0.415
  National URL: https://www.transfermarkt.de/lucas-paqueta/nationalmannschaft/spieler/444523/verein_id/3439
[71/1292] Leroy Sane | GER | FWD | 5.5 mio.
  OK: caps=75 caps_link=True source=ceapi_performance_game latest=2026-05-31 recent20_start=0.4 usage=0.495
  National URL: https://www.transfermarkt.de/leroy-sane/nationalmannschaft/spieler/192565/verein_id/3262
[72/1292] Leandro Trossard | BEL | FWD | 5.5 mio.
  OK: caps=50 caps_link=True source=ceapi_performance_game latest=2026-06-02 recent20_start=0.55 usage=0.6275
  National URL: https://www.transfermarkt.de/leandro-trossard/nationalmannschaft/spieler/144028/verein_id/3382
[73/1292] Kai Havertz | GER | FWD | 5.5 mio.
  OK: caps=57 caps_link=True source=ceapi_performance_game latest=2026-05-31 recent20_start=0.3 usage=0.415
  National URL: https://www.transfermarkt.de/kai-havertz/nationalmannschaft/spieler/309400/verein_id/3262
[74/1292] Francisco Conceicao | POR | FWD | 5.5 mio.
  OK: caps=15 caps_link=True source=ceapi_performance_game latest=2026-03-31 recent20_start=0.2 usage=0.22
  National URL: https://www.transfermarkt.de/francisco-conceicao/nationalmannschaft/spieler/487474/verein_id/3300
[75/1292] Federico Valverde | URU | MID | 5.5 mio.
  OK: caps=73 caps_link=True source=ceapi_performance_game latest=2026-03-31 recent20_start=0.55 usage=0.6025
  National URL: https://www.transfermarkt.de/federico-valverde/nationalmannschaft/spieler/369081/verein_id/3449
[76/1292] Bernardo Silva | POR | MID | 5.5 mio.
  OK: caps=107 caps_link=True source=ceapi_performance_game latest=2026-03-31 recent20_start=0.7 usage=0.76
  National URL: https://www.transfermarkt.de/bernardo-silva/nationalmannschaft/spieler/241641/verein_id/3300
[77/1292] Ayase Ueda | JPN | FWD | 5.5 mio.
  OK: caps=39 caps_link=True source=ceapi_performance_game latest=2026-05-31 recent20_start=0.4 usage=0.501
  National URL: https://www.transfermarkt.de/ayase-ueda/nationalmannschaft/spieler/589128/verein_id/3435
[78/1292] Andrej Kramaric | CRO | FWD | 5.5 mio.
  OK: caps=115 caps_link=True source=ceapi_performance_game latest=2026-06-02 recent20_start=0.7 usage=0.735
  National URL: https://www.transfermarkt.de/andrej-kramaric/nationalmannschaft/spieler/46580/verein_id/3556
[79/1292] Virgil van Dijk | NED | DEF | 5.0 mio.
  OK: caps=91 caps_link=True source=ceapi_performance_game latest=2026-06-03 recent20_start=0.9 usage=0.945
  National URL: https://www.transfermarkt.de/virgil-van-dijk/nationalmannschaft/spieler/139208/verein_id/3379
[80/1292] Unai Simon | ESP | GK | 5.0 mio.
  OK: caps=57 caps_link=True source=ceapi_performance_game latest=2026-06-04 recent20_start=0.55 usage=0.6775
  National URL: https://www.transfermarkt.de/unai-simon/nationalmannschaft/spieler/262396/verein_id/3375
[81/1292] Sadio Mane | SEN | FWD | 5.0 mio.
  OK: caps=125 caps_link=True source=ceapi_performance_game latest=2026-05-31 recent20_start=0.7 usage=0.785
  National URL: https://www.transfermarkt.de/sadio-mane/nationalmannschaft/spieler/200512/verein_id/3499
[82/1292] Rodri Hernandez | ESP | MID | 5.0 mio.
  OK: caps=61 caps_link=True source=ceapi_performance_game latest=2026-06-04 recent20_start=0.1 usage=0.28
  National URL: https://www.transfermarkt.de/rodri/nationalmannschaft/spieler/357565/verein_id/3375
[83/1292] Pedro Neto | POR | FWD | 5.0 mio.
  OK: caps=23 caps_link=True source=ceapi_performance_game latest=2026-03-31 recent20_start=0.6 usage=0.597
  National URL: https://www.transfermarkt.de/pedro-neto/nationalmannschaft/spieler/487465/verein_id/3300
[84/1292] Omar Marmoush | EGY | FWD | 5.0 mio.
  OK: caps=49 caps_link=True source=ceapi_performance_game latest=2026-05-28 recent20_start=0.55 usage=0.6985
  National URL: https://www.transfermarkt.de/omar-marmoush/nationalmannschaft/spieler/445939/verein_id/3672
[85/1292] Oliver Baumann | GER | GK | 5.0 mio.
  OK: caps=12 caps_link=True source=ceapi_performance_game latest=2026-05-31 recent20_start=0.6 usage=0.578
  National URL: https://www.transfermarkt.de/oliver-baumann/nationalmannschaft/spieler/55089/verein_id/3262
[86/1292] Nico Paz | ARG | MID | 5.0 mio.
  OK: caps=8 caps_link=True source=ceapi_performance_game latest=2026-03-31 recent20_start=0.188 usage=0.2104
  National URL: https://www.transfermarkt.de/nico-paz/nationalmannschaft/spieler/948294/verein_id/3437
[87/1292] Mohamed Salah | EGY | FWD | 5.0 mio.
  OK: caps=113 caps_link=True source=ceapi_performance_game latest=2026-05-28 recent20_start=0.5 usage=0.625
  National URL: https://www.transfermarkt.de/mohamed-salah/nationalmannschaft/spieler/148455/verein_id/3672
[88/1292] Maxi Araujo | URU | MID | 5.0 mio.
  OK: caps=28 caps_link=True source=ceapi_performance_game latest=2026-03-31 recent20_start=0.7 usage=0.622
  National URL: https://www.transfermarkt.de/maxi-araujo/nationalmannschaft/spieler/572675/verein_id/3449
[89/1292] Marquinhos | BRA | DEF | 5.0 mio.
  OK: caps=104 caps_link=True source=ceapi_performance_game latest=2026-05-31 recent20_start=0.75 usage=0.7375
  National URL: https://www.transfermarkt.de/marquinhos/nationalmannschaft/spieler/181767/verein_id/3439
[90/1292] Marcus Thuram | FRA | FWD | 5.0 mio.
  OK: caps=34 caps_link=True source=ceapi_performance_game latest=2026-06-04 recent20_start=0.3 usage=0.401
  National URL: https://www.transfermarkt.de/marcus-thuram/nationalmannschaft/spieler/318528/verein_id/3377
[91/1292] Manuel Neuer | GER | GK | 5.0 mio.
  OK: caps=124 caps_link=True source=ceapi_performance_game latest=2026-05-31 recent20_start=0.05 usage=0.2275
  National URL: https://www.transfermarkt.de/manuel-neuer/nationalmannschaft/spieler/17259/verein_id/3262
[92/1292] Lennart Karl | GER | MID | 5.0 mio.
  OK: caps=3 caps_link=True source=ceapi_performance_game latest=2026-05-31 recent20_start=0.333 usage=0.2784
  National URL: https://www.transfermarkt.de/lennart-karl/nationalmannschaft/spieler/1075147/verein_id/3262
[93/1292] Kang-In Lee | KOR | MID | 5.0 mio.
  OK: caps=47 caps_link=True source=ceapi_performance_game latest=2026-06-04 recent20_start=0.5 usage=0.588
  National URL: https://www.transfermarkt.de/kang-in-lee/nationalmannschaft/spieler/557149/verein_id/3589
[94/1292] João Neves | POR | MID | 5.0 mio.
  OK: caps=21 caps_link=True source=ceapi_performance_game latest=2026-03-31 recent20_start=0.45 usage=0.4815
  National URL: https://www.transfermarkt.de/joao-neves/nationalmannschaft/spieler/670681/verein_id/3300
[95/1292] João Cancelo | POR | DEF | 5.0 mio.
  OK: caps=66 caps_link=True source=ceapi_performance_game latest=2026-03-31 recent20_start=0.45 usage=0.5725
  National URL: https://www.transfermarkt.de/joao-cancelo/nationalmannschaft/spieler/182712/verein_id/3300
[96/1292] Joshua Kimmich | GER | MID | 5.0 mio.
  OK: caps=109 caps_link=True source=ceapi_performance_game latest=2026-05-31 recent20_start=0.95 usage=0.9475
  National URL: https://www.transfermarkt.de/joshua-kimmich/nationalmannschaft/spieler/161056/verein_id/3262
[97/1292] Jordan Pickford | ENG | GK | 5.0 mio.
  OK: caps=82 caps_link=True source=ceapi_performance_game latest=2026-03-31 recent20_start=0.8 usage=0.815
  National URL: https://www.transfermarkt.de/jordan-pickford/nationalmannschaft/spieler/130164/verein_id/3299
[98/1292] Goncalo Ramos | POR | FWD | 5.0 mio.
  OK: caps=24 caps_link=True source=ceapi_performance_game latest=2026-03-31 recent20_start=0.15 usage=0.2535
  National URL: https://www.transfermarkt.de/goncalo-ramos/nationalmannschaft/spieler/550550/verein_id/3300
[99/1292] Ferran Torres | ESP | FWD | 5.0 mio.
  OK: caps=56 caps_link=True source=ceapi_performance_game latest=2026-06-04 recent20_start=0.2 usage=0.41
  National URL: https://www.transfermarkt.de/ferran-torres/nationalmannschaft/spieler/398184/verein_id/3375
[100/1292] Fermin Lopez | ESP | MID | 5.0 mio.
  OK: caps=7 caps_link=True source=ceapi_performance_game latest=2026-03-31 recent20_start=0.05 usage=0.0805
  National URL: https://www.transfermarkt.de/fermin-lopez/nationalmannschaft/spieler/636703/verein_id/3375
[101/1292] Enzo Fernandez | ARG | MID | 5.0 mio.
  OK: caps=40 caps_link=True source=ceapi_performance_game latest=2026-03-31 recent20_start=0.7 usage=0.645
  National URL: https://www.transfermarkt.de/enzo-fernandez/nationalmannschaft/spieler/648195/verein_id/3437
[102/1292] Emiliano Martinez | ARG | GK | 5.0 mio.
  OK: caps=59 caps_link=True source=ceapi_performance_game latest=2026-03-31 recent20_start=0.8 usage=0.84
  National URL: https://www.transfermarkt.de/emiliano-martinez/nationalmannschaft/spieler/111873/verein_id/3437
[103/1292] Diogo Costa | POR | GK | 5.0 mio.
  OK: caps=42 caps_link=True source=ceapi_performance_game latest=2026-03-31 recent20_start=0.85 usage=0.8355
  National URL: https://www.transfermarkt.de/diogo-costa/nationalmannschaft/spieler/357153/verein_id/3300
[104/1292] Denzel Dumfries | NED | DEF | 5.0 mio.
  OK: caps=71 caps_link=True source=ceapi_performance_game latest=2026-06-03 recent20_start=0.7 usage=0.76
  National URL: https://www.transfermarkt.de/denzel-dumfries/nationalmannschaft/spieler/321528/verein_id/3379
[105/1292] David Raya | ESP | GK | 5.0 mio.
  OK: caps=12 caps_link=True source=ceapi_performance_game latest=2026-06-04 recent20_start=0.3 usage=0.238
  National URL: https://www.transfermarkt.de/david-raya/nationalmannschaft/spieler/262749/verein_id/3375
[106/1292] Dani Olmo | ESP | MID | 5.0 mio.
  OK: caps=49 caps_link=True source=ceapi_performance_game latest=2026-06-04 recent20_start=0.3 usage=0.436
  National URL: https://www.transfermarkt.de/dani-olmo/nationalmannschaft/spieler/293385/verein_id/3375
[107/1292] Cole Palmer | ENG | MID | 5.0 mio.
  OK: caps=14 caps_link=True source=ceapi_performance_game latest=2026-03-31 recent20_start=0.2 usage=0.216
  National URL: https://www.transfermarkt.de/cole-palmer/nationalmannschaft/spieler/568177/verein_id/3299
[108/1292] Breel Embolo | SUI | FWD | 5.0 mio.
  OK: caps=86 caps_link=True source=ceapi_performance_game latest=2026-05-31 recent20_start=0.95 usage=0.9725
  National URL: https://www.transfermarkt.de/breel-embolo/nationalmannschaft/spieler/237662/verein_id/3384
[109/1292] Alisson Becker | BRA | GK | 5.0 mio.
  OK: caps=77 caps_link=True source=ceapi_performance_game latest=2026-05-31 recent20_start=0.45 usage=0.5475
  National URL: https://www.transfermarkt.de/alisson/nationalmannschaft/spieler/105470/verein_id/3439
[110/1292] Alexander Isak | SWE | FWD | 5.0 mio.
  OK: caps=58 caps_link=True source=ceapi_performance_game latest=2026-06-04 recent20_start=0.45 usage=0.5225
  National URL: https://www.transfermarkt.de/alexander-isak/nationalmannschaft/spieler/349066/verein_id/3557
[111/1292] William Saliba | FRA | DEF | 4.5 mio.
  OK: caps=31 caps_link=True source=ceapi_performance_game latest=2026-06-04 recent20_start=0.55 usage=0.5015
  National URL: https://www.transfermarkt.de/william-saliba/nationalmannschaft/spieler/495666/verein_id/3377
[112/1292] Thibaut Courtois | BEL | GK | 4.5 mio.
  OK: caps=108 caps_link=True source=ceapi_performance_game latest=2026-06-02 recent20_start=0.3 usage=0.49
  National URL: https://www.transfermarkt.de/thibaut-courtois/nationalmannschaft/spieler/108390/verein_id/3382
[113/1292] Theo Hernandez | FRA | DEF | 4.5 mio.
  OK: caps=43 caps_link=True source=ceapi_performance_game latest=2026-06-04 recent20_start=0.55 usage=0.5995
  National URL: https://www.transfermarkt.de/theo-hernandez/nationalmannschaft/spieler/339808/verein_id/3377
[114/1292] Scott McTominay | SCO | MID | 4.5 mio.
  OK: caps=69 caps_link=True source=ceapi_performance_game latest=2026-05-30 recent20_start=0.9 usage=0.895
  National URL: https://www.transfermarkt.de/scott-mctominay/nationalmannschaft/spieler/315969/verein_id/3380
[115/1292] Ronald Araujo | URU | DEF | 4.5 mio.
  OK: caps=27 caps_link=True source=ceapi_performance_game latest=2026-03-31 recent20_start=0.35 usage=0.4505
  National URL: https://www.transfermarkt.de/ronald-araujo/nationalmannschaft/spieler/480267/verein_id/3449
[116/1292] Romelu Lukaku | BEL | FWD | 4.5 mio.
  OK: caps=125 caps_link=True source=ceapi_performance_game latest=2026-06-02 recent20_start=0.3 usage=0.39
  National URL: https://www.transfermarkt.de/romelu-lukaku/nationalmannschaft/spieler/96341/verein_id/3382
[117/1292] Rodrigo de Paul | ARG | MID | 4.5 mio.
  OK: caps=85 caps_link=True source=ceapi_performance_game latest=2026-03-31 recent20_start=0.75 usage=0.7625
  National URL: https://www.transfermarkt.de/rodrigo-de-paul/nationalmannschaft/spieler/255901/verein_id/3437
[118/1292] Robin Le Normand | ESP | DEF | 4.5 mio.
  OK: caps=27 caps_link=True source=ceapi_performance_game latest=2025-10-14 recent20_start=0.7 usage=0.693
  National URL: https://www.transfermarkt.de/robin-le-normand/nationalmannschaft/spieler/351809/verein_id/3375
[119/1292] Raul Jimenez | MEX | FWD | 4.5 mio.
  OK: caps=126 caps_link=True source=ceapi_performance_game latest=2026-06-05 recent20_start=0.65 usage=0.6825
  National URL: https://www.transfermarkt.de/raul-jimenez/nationalmannschaft/spieler/206040/verein_id/6303
[120/1292] Randal Kolo Muani | FRA | FWD | 4.5 mio.
  OK: caps=32 caps_link=True source=ceapi_performance_game latest=2026-03-29 recent20_start=0.45 usage=0.4005
  National URL: https://www.transfermarkt.de/randal-kolo-muani/nationalmannschaft/spieler/487969/verein_id/3377
[121/1292] Pedro Porro | ESP | DEF | 4.5 mio.
  OK: caps=17 caps_link=True source=ceapi_performance_game latest=2026-06-04 recent20_start=0.6 usage=0.573
  National URL: https://www.transfermarkt.de/pedro-porro/nationalmannschaft/spieler/553875/verein_id/3375
[122/1292] Patrik Schick | CZE | FWD | 4.5 mio.
  OK: caps=53 caps_link=True source=ceapi_performance_game latest=2026-06-05 recent20_start=0.5 usage=0.6
  National URL: https://www.transfermarkt.de/patrik-schick/nationalmannschaft/spieler/242086/verein_id/3445
[123/1292] Nuno Mendes | POR | DEF | 4.5 mio.
  OK: caps=43 caps_link=True source=ceapi_performance_game latest=2026-03-31 recent20_start=0.85 usage=0.8145
  National URL: https://www.transfermarkt.de/nuno-mendes/nationalmannschaft/spieler/616341/verein_id/3300
[124/1292] Nicolas Otamendi | ARG | DEF | 4.5 mio.
  OK: caps=130 caps_link=True source=ceapi_performance_game latest=2026-03-31 recent20_start=0.65 usage=0.6825
  National URL: https://www.transfermarkt.de/nicolas-otamendi/nationalmannschaft/spieler/54781/verein_id/3437
[125/1292] Nicolas Jackson | SEN | FWD | 4.5 mio.
  OK: caps=32 caps_link=True source=ceapi_performance_game latest=2026-05-31 recent20_start=0.55 usage=0.6055
  National URL: https://www.transfermarkt.de/nicolas-jackson/nationalmannschaft/spieler/776890/verein_id/3499
[126/1292] Mikel Merino | ESP | MID | 4.5 mio.
  OK: caps=42 caps_link=True source=ceapi_performance_game latest=2026-06-04 recent20_start=0.45 usage=0.5655
  National URL: https://www.transfermarkt.de/mikel-merino/nationalmannschaft/spieler/338424/verein_id/3375
[127/1292] Matz Sels | BEL | GK | 4.5 mio.
  OK: caps=13 caps_link=True source=ceapi_performance_game latest=2026-04-01 recent20_start=0.25 usage=0.2895
  National URL: https://www.transfermarkt.de/matz-sels/nationalmannschaft/spieler/127202/verein_id/3382
[128/1292] Matheus Nunes | POR | MID | 4.5 mio.
  OK: caps=19 caps_link=True source=ceapi_performance_game latest=2026-03-31 recent20_start=0.05 usage=0.1285
  National URL: https://www.transfermarkt.de/matheus-nunes/nationalmannschaft/spieler/601883/verein_id/3300
[129/1292] Matheus Cunha | BRA | FWD | 4.5 mio.
  OK: caps=22 caps_link=True source=ceapi_performance_game latest=2026-05-31 recent20_start=0.4 usage=0.483
  National URL: https://www.transfermarkt.de/matheus-cunha/nationalmannschaft/spieler/517894/verein_id/3439
[130/1292] Martin Ødegaard | NOR | MID | 4.5 mio.
  OK: caps=67 caps_link=True source=ceapi_performance_game latest=2026-06-01 recent20_start=0.45 usage=0.5225
  National URL: https://www.transfermarkt.de/martin-odegaard/nationalmannschaft/spieler/316264/verein_id/3440
[131/1292] Marko Arnautovic | AUT | FWD | 4.5 mio.
  OK: caps=133 caps_link=True source=ceapi_performance_game latest=2026-06-01 recent20_start=0.6 usage=0.705
  National URL: https://www.transfermarkt.de/marko-arnautovic/nationalmannschaft/spieler/41384/verein_id/3383
[132/1292] Marcel Sabitzer | AUT | MID | 4.5 mio.
  OK: caps=98 caps_link=True source=ceapi_performance_game latest=2026-06-01 recent20_start=0.85 usage=0.9175
  National URL: https://www.transfermarkt.de/marcel-sabitzer/nationalmannschaft/spieler/106987/verein_id/3383
[133/1292] Marc Guehi | ENG | DEF | 4.5 mio.
  OK: caps=27 caps_link=True source=ceapi_performance_game latest=2026-03-31 recent20_start=0.55 usage=0.5105
  National URL: https://www.transfermarkt.de/marc-guehi/nationalmannschaft/spieler/392757/verein_id/3299
[134/1292] Marc Cucurella | ESP | DEF | 4.5 mio.
  OK: caps=23 caps_link=True source=ceapi_performance_game latest=2026-06-04 recent20_start=0.65 usage=0.5995
  National URL: https://www.transfermarkt.de/marc-cucurella/nationalmannschaft/spieler/284857/verein_id/3375
[135/1292] Leon Goretzka | GER | MID | 4.5 mio.
  OK: caps=69 caps_link=True source=ceapi_performance_game latest=2026-05-31 recent20_start=0.5 usage=0.65
  National URL: https://www.transfermarkt.de/leon-goretzka/nationalmannschaft/spieler/153084/verein_id/3262
[136/1292] Kerem Akturkoglu | TUR | MID | 4.5 mio.
  OK: caps=51 caps_link=True source=ceapi_performance_game latest=2026-06-01 recent20_start=0.8 usage=0.84
  National URL: https://www.transfermarkt.de/kerem-akturkoglu/nationalmannschaft/spieler/382528/verein_id/3381
[137/1292] João Palhinha | POR | MID | 4.5 mio.
  OK: caps=37 caps_link=True source=ceapi_performance_game latest=2025-11-16 recent20_start=0.3 usage=0.313
  National URL: https://www.transfermarkt.de/joao-palhinha/nationalmannschaft/spieler/257455/verein_id/3300
[138/1292] João Felix | POR | FWD | 4.5 mio.
  OK: caps=52 caps_link=True source=ceapi_performance_game latest=2026-03-31 recent20_start=0.2 usage=0.385
  National URL: https://www.transfermarkt.de/joao-felix/nationalmannschaft/spieler/462250/verein_id/3300
[139/1292] Jose Sa | POR | GK | 4.5 mio.
  OK: caps=16 caps_link=True source=ceapi_performance_game latest=2062-06-06 recent20_start=0.55 usage=0.5915
  National URL: https://www.transfermarkt.de/jose-santamaria/nationalmannschaft/spieler/137457/verein_id/3375
[140/1292] Jose Maria Gimenez | URU | DEF | 4.5 mio.
  OK: caps=99 caps_link=True source=ceapi_performance_game latest=2026-03-31 recent20_start=0.55 usage=0.6275
  National URL: https://www.transfermarkt.de/jose-maria-gimenez/nationalmannschaft/spieler/250845/verein_id/3449
[141/1292] Jonathan Tah | GER | DEF | 4.5 mio.
  OK: caps=46 caps_link=True source=ceapi_performance_game latest=2026-05-31 recent20_start=0.85 usage=0.8765
  National URL: https://www.transfermarkt.de/jonathan-tah/nationalmannschaft/spieler/196357/verein_id/3262
[142/1292] Jonathan David | CAN | FWD | 4.5 mio.
  OK: caps=76 caps_link=True source=ceapi_performance_game latest=2026-06-02 recent20_start=0.9 usage=0.92
  National URL: https://www.transfermarkt.de/jonathan-david/nationalmannschaft/spieler/533738/verein_id/3510
[143/1292] Ivan Perisic | CRO | FWD | 4.5 mio.
  OK: caps=153 caps_link=True source=ceapi_performance_game latest=2026-06-02 recent20_start=0.7 usage=0.785
  National URL: https://www.transfermarkt.de/ivan-perisic/nationalmannschaft/spieler/42460/verein_id/3556
[144/1292] Geronimo Rulli | ARG | GK | 4.5 mio.
  OK: caps=7 caps_link=True source=ceapi_performance_game latest=2026-03-31 recent20_start=0.15 usage=0.1355
  National URL: https://www.transfermarkt.de/geronimo-rulli/nationalmannschaft/spieler/229604/verein_id/3437
[145/1292] Gabriel Magalhaes | BRA | DEF | 4.5 mio.
  OK: caps=17 caps_link=True source=ceapi_performance_game latest=2026-05-31 recent20_start=0.5 usage=0.418
  National URL: https://www.transfermarkt.de/gabriel/nationalmannschaft/spieler/435338/verein_id/3439
[146/1292] Fabian Ruiz | ESP | MID | 4.5 mio.
  OK: caps=41 caps_link=True source=ceapi_performance_game latest=2026-06-04 recent20_start=0.5 usage=0.489
  National URL: https://www.transfermarkt.de/fabian-ruiz/nationalmannschaft/spieler/350219/verein_id/3375
[147/1292] Ezri Konsa | ENG | DEF | 4.5 mio.
  OK: caps=18 caps_link=True source=ceapi_performance_game latest=2026-03-31 recent20_start=0.5 usage=0.497
  National URL: https://www.transfermarkt.de/ezri-konsa/nationalmannschaft/spieler/413403/verein_id/3299
[148/1292] Edin Dzeko | BIH | FWD | 4.5 mio.
  OK: caps=148 caps_link=True source=ceapi_performance_game latest=2026-05-29 recent20_start=0.65 usage=0.7325
  National URL: https://www.transfermarkt.de/edin-dzeko/nationalmannschaft/spieler/28396/verein_id/3446
[149/1292] Donyell Malen | NED | FWD | 4.5 mio.
  OK: caps=52 caps_link=True source=ceapi_performance_game latest=2026-06-03 recent20_start=0.45 usage=0.6225
  National URL: https://www.transfermarkt.de/donyell-malen/nationalmannschaft/spieler/326029/verein_id/3379
[150/1292] Declan Rice | ENG | MID | 4.5 mio.
  OK: caps=72 caps_link=True source=ceapi_performance_game latest=2026-03-31 recent20_start=0.75 usage=0.7875
  National URL: https://www.transfermarkt.de/declan-rice/nationalmannschaft/spieler/357662/verein_id/3299
[151/1292] Dean Henderson | ENG | GK | 4.5 mio.
  OK: caps=4 caps_link=True source=ceapi_performance_game latest=2026-03-31 recent20_start=0.15 usage=0.1485
  National URL: https://www.transfermarkt.de/dean-henderson/nationalmannschaft/spieler/258919/verein_id/3299
[152/1292] David Raum | GER | DEF | 4.5 mio.
  OK: caps=36 caps_link=True source=ceapi_performance_game latest=2026-05-31 recent20_start=0.55 usage=0.6215
  National URL: https://www.transfermarkt.de/david-raum/nationalmannschaft/spieler/318204/verein_id/3262
[153/1292] Bruno Guimaraes | BRA | MID | 4.5 mio.
  OK: caps=42 caps_link=True source=ceapi_performance_game latest=2026-05-31 recent20_start=0.8 usage=0.808
  National URL: https://www.transfermarkt.de/bruno-guimaraes/nationalmannschaft/spieler/520624/verein_id/3439
[154/1292] Brice Samba | FRA | GK | 4.5 mio.
  OK: caps=4 caps_link=True source=ceapi_performance_game latest=2026-06-04 recent20_start=0.05 usage=0.0685
  National URL: https://www.transfermarkt.de/brice-samba/nationalmannschaft/spieler/191056/verein_id/3377
[155/1292] Brahim Diaz | MAR | FWD | 4.5 mio.
  OK: caps=25 caps_link=True source=ceapi_performance_game latest=2026-06-02 recent20_start=0.55 usage=0.5775
  National URL: https://www.transfermarkt.de/brahim-diaz/nationalmannschaft/spieler/314678/verein_id/3575
[156/1292] Bart Verbruggen | NED | GK | 4.5 mio.
  OK: caps=28 caps_link=True source=ceapi_performance_game latest=2026-06-03 recent20_start=0.8 usage=0.752
  National URL: https://www.transfermarkt.de/bart-verbruggen/nationalmannschaft/spieler/565093/verein_id/3379
[157/1292] Aymeric Laporte | ESP | DEF | 4.5 mio.
  OK: caps=45 caps_link=True source=ceapi_performance_game latest=2026-06-04 recent20_start=0.5 usage=0.58
  National URL: https://www.transfermarkt.de/aymeric-laporte/nationalmannschaft/spieler/176553/verein_id/3375
[158/1292] Arda Güler | TUR | MID | 4.5 mio.
  OK: caps=29 caps_link=True source=ceapi_performance_game latest=2026-06-01 recent20_start=0.85 usage=0.7835
  National URL: https://www.transfermarkt.de/arda-guler/nationalmannschaft/spieler/861410/verein_id/3381
[159/1292] Antonio Rüdiger | GER | DEF | 4.5 mio.
  OK: caps=82 caps_link=True source=ceapi_performance_game latest=2026-05-31 recent20_start=0.4 usage=0.47
  National URL: https://www.transfermarkt.de/antonio-rudiger/nationalmannschaft/spieler/86202/verein_id/3262
[160/1292] Anton Stach | GER | MID | 4.5 mio.
  OK: caps=3 caps_link=True source=ceapi_performance_game latest=2026-03-30 recent20_start=0.0 usage=0.012
  National URL: https://www.transfermarkt.de/anton-stach/nationalmannschaft/spieler/344069/verein_id/3262
[161/1292] Alexis Mac Allister | ARG | MID | 4.5 mio.
  OK: caps=44 caps_link=True source=ceapi_performance_game latest=2026-03-31 recent20_start=0.65 usage=0.6585
  National URL: https://www.transfermarkt.de/alexis-mac-allister/nationalmannschaft/spieler/534033/verein_id/3437
[162/1292] Alexander Sørloth | NOR | FWD | 4.5 mio.
  OK: caps=71 caps_link=True source=ceapi_performance_game latest=2026-06-01 recent20_start=0.85 usage=0.8675
  National URL: https://www.transfermarkt.de/alexander-sorloth/nationalmannschaft/spieler/238407/verein_id/3440
[163/1292] Alexander Nübel | GER | GK | 4.5 mio.
  OK: caps=3 caps_link=True source=ceapi_performance_game latest=2026-05-31 recent20_start=0.15 usage=0.1195
  National URL: https://www.transfermarkt.de/alexander-nubel/nationalmannschaft/spieler/195778/verein_id/3262
[164/1292] Ørjan Nyland | NOR | GK | 4.0 mio.
  OK: caps=70 caps_link=True source=ceapi_performance_game latest=2026-06-01 recent20_start=0.85 usage=0.8925
  National URL: https://www.transfermarkt.de/orjan-nyland/nationalmannschaft/spieler/73517/verein_id/3440
[165/1292] Zion Suzuki | JPN | GK | 4.0 mio.
  OK: caps=24 caps_link=True source=ceapi_performance_game latest=2026-05-31 recent20_start=0.6 usage=0.576
  National URL: https://www.transfermarkt.de/zion-suzuki/nationalmannschaft/spieler/432298/verein_id/3435
[166/1292] Weverton | BRA | GK | 4.0 mio.
  OK: caps=10 caps_link=True source=ceapi_performance_game latest=2026-05-31 recent20_start=0.0 usage=0.04
  National URL: https://www.transfermarkt.de/weverton/nationalmannschaft/spieler/69400/verein_id/3439
[167/1292] Walter Benitez | ARG | GK | 4.0 mio.
  OK: caps=1 caps_link=True source=ceapi_performance_game latest=2025-11-14 recent20_start=0.0 usage=0.004
  National URL: https://www.transfermarkt.de/walter-benitez/nationalmannschaft/spieler/296802/verein_id/3437
[168/1292] Ugurcan Cakir | TUR | GK | 4.0 mio.
  OK: caps=38 caps_link=True source=ceapi_performance_game latest=2026-06-01 recent20_start=0.55 usage=0.6295
  National URL: https://www.transfermarkt.de/ugurcan-cakir/nationalmannschaft/spieler/292199/verein_id/3381
[169/1292] Takumi Minamino | JPN | MID | 4.0 mio.
  OK: caps=73 caps_link=True source=ceapi_performance_game latest=2025-11-18 recent20_start=0.65 usage=0.6825
  National URL: https://www.transfermarkt.de/takumi-minamino/nationalmannschaft/spieler/165793/verein_id/3435
[170/1292] Takefusa Kubo | JPN | MID | 4.0 mio.
  OK: caps=49 caps_link=True source=ceapi_performance_game latest=2026-05-31 recent20_start=0.5 usage=0.596
  National URL: https://www.transfermarkt.de/takefusa-kubo/nationalmannschaft/spieler/405398/verein_id/3435
[171/1292] Sergio Rochet | URU | GK | 4.0 mio.
  OK: caps=35 caps_link=True source=ceapi_performance_game latest=2026-03-31 recent20_start=0.55 usage=0.4925
  National URL: https://www.transfermarkt.de/sergio-rochet/nationalmannschaft/spieler/264014/verein_id/3449
[172/1292] Senne Lammens | BEL | GK | 4.0 mio.
  OK: caps=2 caps_link=True source=ceapi_performance_game latest=2026-06-02 recent20_start=0.154 usage=0.1427
  National URL: https://www.transfermarkt.de/senne-lammens/nationalmannschaft/spieler/503883/verein_id/3382
[173/1292] Rui Silva | POR | GK | 4.0 mio.
  OK: caps=2 caps_link=True source=ceapi_performance_game latest=2026-03-31 recent20_start=0.05 usage=0.0605
  National URL: https://www.transfermarkt.de/rui-silva/nationalmannschaft/spieler/234811/verein_id/3300
[174/1292] Ruben Neves | POR | MID | 4.0 mio.
  OK: caps=65 caps_link=True source=ceapi_performance_game latest=2026-03-31 recent20_start=0.4 usage=0.595
  National URL: https://www.transfermarkt.de/ruben-neves/nationalmannschaft/spieler/225161/verein_id/3300
[175/1292] Ruben Dias | POR | DEF | 4.0 mio.
  OK: caps=74 caps_link=True source=ceapi_performance_game latest=2026-03-31 recent20_start=0.8 usage=0.84
  National URL: https://www.transfermarkt.de/ruben-dias/nationalmannschaft/spieler/258004/verein_id/3300
[176/1292] Robin Risser | FRA | GK | 4.0 mio.
  OK: caps=0 caps_link=True source=ceapi_performance_game latest=2026-06-04 recent20_start=0.0 usage=0.0
  National URL: https://www.transfermarkt.de/robin-risser/nationalmannschaft/spieler/743515/verein_id/3377
[177/1292] Robin Olsen | SWE | GK | 4.0 mio.
  OK: caps=79 caps_link=True source=ceapi_performance_game latest=2025-09-08 recent20_start=0.55 usage=0.6025
  National URL: https://www.transfermarkt.de/robin-olsen/nationalmannschaft/spieler/75458/verein_id/3557
[178/1292] Riyad Mahrez | ALG | FWD | 4.0 mio.
  OK: caps=114 caps_link=True source=ceapi_performance_game latest=2026-06-03 recent20_start=0.55 usage=0.6525
  National URL: https://www.transfermarkt.de/riyad-mahrez/nationalmannschaft/spieler/171424/verein_id/3614
[179/1292] Ritsu Doan | JPN | MID | 4.0 mio.
  OK: caps=65 caps_link=True source=ceapi_performance_game latest=2026-05-31 recent20_start=0.5 usage=0.625
  National URL: https://www.transfermarkt.de/ritsu-doan/nationalmannschaft/spieler/358504/verein_id/3435
[180/1292] Ricardo Velho | POR | GK | 4.0 mio.
  OK: caps=1 caps_link=True source=ceapi_performance_game latest=2026-03-31 recent20_start=0.0 usage=0.004
  National URL: https://www.transfermarkt.de/ricardo-velho/nationalmannschaft/spieler/527026/verein_id/3300
[181/1292] Rayan Cherki | FRA | FWD | 4.0 mio.
  OK: caps=6 caps_link=True source=ceapi_performance_game latest=2026-06-04 recent20_start=0.364 usage=0.3242
  National URL: https://www.transfermarkt.de/rayan-cherki/nationalmannschaft/spieler/607223/verein_id/3377
[182/1292] Raul Rangel | MEX | GK | 4.0 mio.
  OK: caps=14 caps_link=True source=ceapi_performance_game latest=2026-06-05 recent20_start=0.55 usage=0.5835
  National URL: https://www.transfermarkt.de/raul-rangel/nationalmannschaft/spieler/802855/verein_id/6303
[183/1292] Rafael Santos Borre | COL | FWD | 4.0 mio.
  OK: caps=44 caps_link=True source=ceapi_performance_game latest=2026-03-29 recent20_start=0.0 usage=0.176
  National URL: https://www.transfermarkt.de/rafael-borre/nationalmannschaft/spieler/323831/verein_id/3816
[184/1292] Pavel Sulc | CZE | MID | 4.0 mio.
  OK: caps=21 caps_link=True source=ceapi_performance_game latest=2026-06-05 recent20_start=0.75 usage=0.6465
  National URL: https://www.transfermarkt.de/pavel-sulc/nationalmannschaft/spieler/500053/verein_id/3445
[185/1292] Pau Cubarsi | ESP | DEF | 4.0 mio.
  OK: caps=11 caps_link=True source=ceapi_performance_game latest=2026-06-04 recent20_start=0.3 usage=0.309
  National URL: https://www.transfermarkt.de/pau-cubarsi/nationalmannschaft/spieler/962110/verein_id/3375
[186/1292] Ollie Watkins | ENG | FWD | 4.0 mio.
  OK: caps=20 caps_link=True source=ceapi_performance_game latest=2026-03-31 recent20_start=0.1 usage=0.16
  National URL: https://www.transfermarkt.de/ollie-watkins/nationalmannschaft/spieler/324358/verein_id/3299
[187/1292] Nicolas Tagliafico | ARG | DEF | 4.0 mio.
  OK: caps=75 caps_link=True source=ceapi_performance_game latest=2026-03-31 recent20_start=0.7 usage=0.735
  National URL: https://www.transfermarkt.de/nicolas-tagliafico/nationalmannschaft/spieler/131225/verein_id/3437
[188/1292] Nico Schlotterbeck | GER | DEF | 4.0 mio.
  OK: caps=26 caps_link=True source=ceapi_performance_game latest=2026-05-31 recent20_start=0.55 usage=0.5565
  National URL: https://www.transfermarkt.de/nico-schlotterbeck/nationalmannschaft/spieler/388198/verein_id/3262
[189/1292] Nico O'Reilly | ENG | DEF | 4.0 mio.
  OK: caps=3 caps_link=True source=ceapi_performance_game latest=2026-03-31 recent20_start=0.5 usage=0.412
  National URL: https://www.transfermarkt.de/nico-oreilly/nationalmannschaft/spieler/743413/verein_id/3299
[190/1292] Nico Gonzalez | ARG | FWD | 4.0 mio.
  OK: caps=11 caps_link=True source=ceapi_performance_game latest=2024-09-10 recent20_start=0.2 usage=0.204
  National URL: https://www.transfermarkt.de/nico-gonzalez/nationalmannschaft/spieler/466805/verein_id/9567
[191/1292] Nelson Semedo | POR | DEF | 4.0 mio.
  OK: caps=48 caps_link=True source=ceapi_performance_game latest=2026-03-31 recent20_start=0.25 usage=0.4045
  National URL: https://www.transfermarkt.de/nelson-semedo/nationalmannschaft/spieler/231572/verein_id/3300
[192/1292] Nahuel Molina | ARG | DEF | 4.0 mio.
  OK: caps=58 caps_link=True source=ceapi_performance_game latest=2026-03-31 recent20_start=0.6 usage=0.68
  National URL: https://www.transfermarkt.de/nahuel-molina/nationalmannschaft/spieler/424042/verein_id/3437
[193/1292] Micky van de Ven | NED | DEF | 4.0 mio.
  OK: caps=20 caps_link=True source=ceapi_performance_game latest=2026-06-03 recent20_start=0.45 usage=0.5025
  National URL: https://www.transfermarkt.de/micky-van-de-ven/nationalmannschaft/spieler/557459/verein_id/3379
[194/1292] Memphis Depay | NED | FWD | 4.0 mio.
  OK: caps=109 caps_link=True source=ceapi_performance_game latest=2026-06-03 recent20_start=0.5 usage=0.625
  National URL: https://www.transfermarkt.de/memphis-depay/nationalmannschaft/spieler/167850/verein_id/3379
[195/1292] Maxim De Cuyper | BEL | DEF | 4.0 mio.
  OK: caps=18 caps_link=True source=ceapi_performance_game latest=2026-06-02 recent20_start=0.65 usage=0.6295
  National URL: https://www.transfermarkt.de/maxim-de-cuyper/nationalmannschaft/spieler/429915/verein_id/3382
[196/1292] Matias Viña | URU | DEF | 4.0 mio.
  OK: caps=43 caps_link=True source=ceapi_performance_game latest=2026-03-31 recent20_start=0.15 usage=0.3045
  National URL: https://www.transfermarkt.de/matias-vina/nationalmannschaft/spieler/439072/verein_id/3449
[197/1292] Mathias Olivera | URU | DEF | 4.0 mio.
  OK: caps=35 caps_link=True source=ceapi_performance_game latest=2026-03-31 recent20_start=0.6 usage=0.645
  National URL: https://www.transfermarkt.de/mathias-olivera/nationalmannschaft/spieler/376514/verein_id/3449
[198/1292] Mateo Kovacic | CRO | MID | 4.0 mio.
  OK: caps=112 caps_link=True source=ceapi_performance_game latest=2026-06-02 recent20_start=0.45 usage=0.4975
  National URL: https://www.transfermarkt.de/mateo-kovacic/nationalmannschaft/spieler/51471/verein_id/3556
[199/1292] Mark Flekken | NED | GK | 4.0 mio.
  OK: caps=11 caps_link=True source=ceapi_performance_game latest=2026-06-03 recent20_start=0.2 usage=0.204
  National URL: https://www.transfermarkt.de/mark-flekken/nationalmannschaft/spieler/125714/verein_id/3379
[200/1292] Malo Gusto | FRA | DEF | 4.0 mio.
  OK: caps=10 caps_link=True source=ceapi_performance_game latest=2026-06-04 recent20_start=0.2 usage=0.25
  National URL: https://www.transfermarkt.de/malo-gusto/nationalmannschaft/spieler/620322/verein_id/3377
[201/1292] Malik Tillman | USA | MID | 4.0 mio.
  OK: caps=29 caps_link=True source=ceapi_performance_game latest=2026-05-31 recent20_start=0.5 usage=0.491
  National URL: https://www.transfermarkt.de/malik-tillman/nationalmannschaft/spieler/467437/verein_id/3505
[202/1292] Luka Modric | CRO | MID | 4.0 mio.
  OK: caps=197 caps_link=True source=ceapi_performance_game latest=2026-06-02 recent20_start=0.75 usage=0.7625
  National URL: https://www.transfermarkt.de/luka-modric/nationalmannschaft/spieler/27992/verein_id/3556
[203/1292] Lois Openda | BEL | FWD | 4.0 mio.
  OK: caps=33 caps_link=True source=ceapi_performance_game latest=2026-04-01 recent20_start=0.45 usage=0.4295
  National URL: https://www.transfermarkt.de/lois-openda/nationalmannschaft/spieler/368887/verein_id/3382
[204/1292] Leonardo Balerdi | ARG | DEF | 4.0 mio.
  OK: caps=11 caps_link=True source=ceapi_performance_game latest=2026-03-31 recent20_start=0.2 usage=0.229
  National URL: https://www.transfermarkt.de/leonardo-balerdi/nationalmannschaft/spieler/575998/verein_id/3437
[205/1292] Leandro Paredes | ARG | MID | 4.0 mio.
  OK: caps=77 caps_link=True source=ceapi_performance_game latest=2026-03-31 recent20_start=0.4 usage=0.545
  National URL: https://www.transfermarkt.de/leandro-paredes/nationalmannschaft/spieler/166237/verein_id/3437
[206/1292] Kristoffer Nordfeldt | SWE | GK | 4.0 mio.
  OK: caps=21 caps_link=True source=ceapi_performance_game latest=2026-06-04 recent20_start=0.15 usage=0.2415
  National URL: https://www.transfermarkt.de/kristoffer-nordfeldt/nationalmannschaft/spieler/75890/verein_id/3557
[207/1292] Koki Ogawa | JPN | FWD | 4.0 mio.
  OK: caps=15 caps_link=True source=ceapi_performance_game latest=2026-05-31 recent20_start=0.25 usage=0.2725
  National URL: https://www.transfermarkt.de/koki-ogawa/nationalmannschaft/spieler/351567/verein_id/3435
[208/1292] Kenan Yildiz | TUR | MID | 4.0 mio.
  FEJL: Ingen kampoversigtstabel fundet
[209/1292] Juan Musso | ARG | GK | 4.0 mio.
  OK: caps=3 caps_link=True source=ceapi_performance_game latest=2026-03-31 recent20_start=0.0 usage=0.012
  National URL: https://www.transfermarkt.de/juan-musso/nationalmannschaft/spieler/242359/verein_id/3437
[210/1292] João Pedro | BRA | FWD | 4.0 mio.
  OK: caps=8 caps_link=True source=ceapi_performance_game latest=2026-04-01 recent20_start=0.15 usage=0.1645
  National URL: https://www.transfermarkt.de/joao-pedro/nationalmannschaft/spieler/626724/verein_id/3439
[211/1292] Jonas Urbig | GER | GK | 4.0 mio.
  OK: caps=0 caps_link=True source=ceapi_performance_game latest=2026-05-31 recent20_start=0.0 usage=0.0
  National URL: https://www.transfermarkt.de/jonas-urbig/nationalmannschaft/spieler/607720/verein_id/3262
[212/1292] John Stones | ENG | DEF | 4.0 mio.
  OK: caps=87 caps_link=True source=ceapi_performance_game latest=2026-03-31 recent20_start=0.45 usage=0.5475
  National URL: https://www.transfermarkt.de/john-stones/nationalmannschaft/spieler/186590/verein_id/3299
[213/1292] Joan Garcia | ESP | GK | 4.0 mio.
  OK: caps=2 caps_link=True source=ceapi_performance_game latest=2026-06-04 recent20_start=0.5 usage=0.408
  National URL: https://www.transfermarkt.de/joan-garcia/nationalmannschaft/spieler/561613/verein_id/3375
[214/1292] Jeremie Frimpong | NED | DEF | 4.0 mio.
  OK: caps=15 caps_link=True source=ceapi_performance_game latest=2026-03-31 recent20_start=0.25 usage=0.2475
  National URL: https://www.transfermarkt.de/jeremie-frimpong/nationalmannschaft/spieler/484547/verein_id/3379
[215/1292] James Trafford | ENG | GK | 4.0 mio.
  OK: caps=1 caps_link=True source=ceapi_performance_game latest=2026-03-31 recent20_start=0.059 usage=0.0615
  National URL: https://www.transfermarkt.de/james-trafford/nationalmannschaft/spieler/566799/verein_id/3299
[216/1292] James Rodriguez | COL | MID | 4.0 mio.
  OK: caps=125 caps_link=True source=ceapi_performance_game latest=2026-06-01 recent20_start=0.8 usage=0.84
  National URL: https://www.transfermarkt.de/james-rodriguez/nationalmannschaft/spieler/88103/verein_id/3816
[217/1292] Jae-Sung Lee | KOR | MID | 4.0 mio.
  OK: caps=105 caps_link=True source=ceapi_performance_game latest=2026-06-04 recent20_start=0.55 usage=0.6275
  National URL: https://www.transfermarkt.de/jae-sung-lee/nationalmannschaft/spieler/314398/verein_id/3589
[218/1292] Igor Thiago | BRA | FWD | 4.0 mio.
  OK: caps=3 caps_link=True source=ceapi_performance_game latest=2026-05-31 recent20_start=0.0 usage=0.012
  National URL: https://www.transfermarkt.de/igor-thiago/nationalmannschaft/spieler/739443/verein_id/3439
[219/1292] Ibrahim Mbaye | SEN | MID | 4.0 mio.
  OK: caps=10 caps_link=True source=ceapi_performance_game latest=2026-05-31 recent20_start=0.167 usage=0.1569
  National URL: https://www.transfermarkt.de/ibrahim-mbaye/nationalmannschaft/spieler/1185888/verein_id/3499
[220/1292] Hans Vanaken | BEL | MID | 4.0 mio.
  OK: caps=33 caps_link=True source=ceapi_performance_game latest=2026-06-02 recent20_start=0.3 usage=0.397
  National URL: https://www.transfermarkt.de/hans-vanaken/nationalmannschaft/spieler/137576/verein_id/3382
[221/1292] Hakan Calhanoglu | TUR | MID | 4.0 mio.
  OK: caps=105 caps_link=True source=ceapi_performance_game latest=2026-06-01 recent20_start=0.7 usage=0.76
  National URL: https://www.transfermarkt.de/hakan-calhanoglu/nationalmannschaft/spieler/126414/verein_id/3381
[222/1292] Gregor Kobel | SUI | GK | 4.0 mio.
  OK: caps=20 caps_link=True source=ceapi_performance_game latest=2026-05-31 recent20_start=0.75 usage=0.6925
  National URL: https://www.transfermarkt.de/gregor-kobel/nationalmannschaft/spieler/257814/verein_id/3384
[223/1292] Granit Xhaka | SUI | MID | 4.0 mio.
  OK: caps=145 caps_link=True source=ceapi_performance_game latest=2026-05-31 recent20_start=0.8 usage=0.865
  National URL: https://www.transfermarkt.de/granit-xhaka/nationalmannschaft/spieler/111455/verein_id/3384
[224/1292] Goncalo Inacio | POR | DEF | 4.0 mio.
  OK: caps=20 caps_link=True source=ceapi_performance_game latest=2026-03-31 recent20_start=0.4 usage=0.45
  National URL: https://www.transfermarkt.de/goncalo-inacio/nationalmannschaft/spieler/549006/verein_id/3300
[225/1292] Giuliano Simeone | ARG | FWD | 4.0 mio.
  OK: caps=11 caps_link=True source=ceapi_performance_game latest=2026-03-31 recent20_start=0.235 usage=0.2482
  National URL: https://www.transfermarkt.de/giuliano-simeone/nationalmannschaft/spieler/742201/verein_id/3437
[226/1292] Giovani Lo Celso | ARG | MID | 4.0 mio.
  OK: caps=65 caps_link=True source=ceapi_performance_game latest=2026-03-31 recent20_start=0.2 usage=0.385
  National URL: https://www.transfermarkt.de/giovani-lo-celso/nationalmannschaft/spieler/348795/verein_id/3437
[227/1292] Giorgian De Arrascaeta | URU | MID | 4.0 mio.
  OK: caps=59 caps_link=True source=ceapi_performance_game latest=2026-03-31 recent20_start=0.45 usage=0.5975
  National URL: https://www.transfermarkt.de/giorgian-de-arrascaeta/nationalmannschaft/spieler/248410/verein_id/3449
[228/1292] Gabriel Martinelli | BRA | FWD | 4.0 mio.
  OK: caps=22 caps_link=True source=ceapi_performance_game latest=2026-05-31 recent20_start=0.2 usage=0.298
  National URL: https://www.transfermarkt.de/gabriel-martinelli/nationalmannschaft/spieler/655488/verein_id/3439
[229/1292] Francisco Trincao | POR | FWD | 4.0 mio.
  OK: caps=17 caps_link=True source=ceapi_performance_game latest=2026-03-31 recent20_start=0.1 usage=0.173
  National URL: https://www.transfermarkt.de/francisco-trincao/nationalmannschaft/spieler/412669/verein_id/3300
[230/1292] Folarin Balogun | USA | FWD | 4.0 mio.
  OK: caps=26 caps_link=True source=ceapi_performance_game latest=2026-05-31 recent20_start=0.2 usage=0.314
  National URL: https://www.transfermarkt.de/folarin-balogun/nationalmannschaft/spieler/503770/verein_id/3505
[231/1292] Finn Dahmen | GER | GK | 4.0 mio.
  OK: caps=0 caps_link=True source=ceapi_performance_game latest=2026-03-30 recent20_start=0.0 usage=0.0
  National URL: https://www.transfermarkt.de/finn-dahmen/nationalmannschaft/spieler/251299/verein_id/3262
[232/1292] Fernando Muslera | URU | GK | 4.0 mio.
  OK: caps=134 caps_link=True source=ceapi_performance_game latest=2026-03-31 recent20_start=0.05 usage=0.2525
  National URL: https://www.transfermarkt.de/fernando-muslera/nationalmannschaft/spieler/58088/verein_id/3449
[233/1292] Federico Vinas | URU | FWD | 4.0 mio.
  OK: caps=11 caps_link=True source=ceapi_performance_game latest=2026-03-31 recent20_start=0.2 usage=0.229
  National URL: https://www.transfermarkt.de/federico-vinas/nationalmannschaft/spieler/578419/verein_id/3449
[234/1292] Enner Valencia | ECU | FWD | 4.0 mio.
  OK: caps=105 caps_link=True source=ceapi_performance_game latest=2026-05-31 recent20_start=0.8 usage=0.815
  National URL: https://www.transfermarkt.de/enner-valencia/nationalmannschaft/spieler/139503/verein_id/5750
[235/1292] Elliot Anderson | ENG | MID | 4.0 mio.
  OK: caps=7 caps_link=True source=ceapi_performance_game latest=2026-03-31 recent20_start=0.75 usage=0.628
  National URL: https://www.transfermarkt.de/elliot-anderson/nationalmannschaft/spieler/567576/verein_id/3299
[236/1292] Dominik Livakovic | CRO | GK | 4.0 mio.
  OK: caps=74 caps_link=True source=ceapi_performance_game latest=2026-06-02 recent20_start=0.9 usage=0.92
  National URL: https://www.transfermarkt.de/dominik-livakovic/nationalmannschaft/spieler/205927/verein_id/3556
[237/1292] Diogo Dalot | POR | DEF | 4.0 mio.
  OK: caps=33 caps_link=True source=ceapi_performance_game latest=2026-03-31 recent20_start=0.4 usage=0.427
  National URL: https://www.transfermarkt.de/diogo-dalot/nationalmannschaft/spieler/357147/verein_id/3300
[238/1292] Desire Doue | FRA | FWD | 4.0 mio.
  OK: caps=6 caps_link=True source=ceapi_performance_game latest=2026-06-04 recent20_start=0.231 usage=0.2011
  National URL: https://www.transfermarkt.de/desire-doue/nationalmannschaft/spieler/914562/verein_id/3377
[239/1292] Dean Donny Huijsen | ESP | DEF | 4.0 mio.
  OK: caps=7 caps_link=True source=ceapi_performance_game latest=2026-03-31 recent20_start=0.462 usage=0.3821
  National URL: https://www.transfermarkt.de/dean-huijsen/nationalmannschaft/spieler/890290/verein_id/3375
[240/1292] Dayot Upamecano | FRA | DEF | 4.0 mio.
  OK: caps=37 caps_link=True source=ceapi_performance_game latest=2026-06-04 recent20_start=0.55 usage=0.6255
  National URL: https://www.transfermarkt.de/dayot-upamecano/nationalmannschaft/spieler/344695/verein_id/3377
[241/1292] Daniel Muñoz | COL | DEF | 4.0 mio.
  OK: caps=45 caps_link=True source=ceapi_performance_game latest=2026-06-01 recent20_start=0.6 usage=0.635
  National URL: https://www.transfermarkt.de/daniel-munoz/nationalmannschaft/spieler/493003/verein_id/3816
[242/1292] Dan Ndoye | SUI | FWD | 4.0 mio.
  OK: caps=30 caps_link=True source=ceapi_performance_game latest=2026-05-31 recent20_start=0.75 usage=0.7575
  National URL: https://www.transfermarkt.de/dan-ndoye/nationalmannschaft/spieler/365108/verein_id/3384
[243/1292] Cristian Romero | ARG | DEF | 4.0 mio.
  OK: caps=49 caps_link=True source=ceapi_performance_game latest=2026-03-31 recent20_start=0.75 usage=0.7835
  National URL: https://www.transfermarkt.de/cristian-romero/nationalmannschaft/spieler/355915/verein_id/3437
[244/1292] Christian Pulisic | USA | FWD | 4.0 mio.
  OK: caps=85 caps_link=True source=ceapi_performance_game latest=2026-05-31 recent20_start=0.4 usage=0.57
  National URL: https://www.transfermarkt.de/christian-pulisic/nationalmannschaft/spieler/315779/verein_id/3505
[245/1292] Camilo Vargas | COL | GK | 4.0 mio.
  OK: caps=41 caps_link=True source=ceapi_performance_game latest=2026-06-01 recent20_start=0.65 usage=0.6215
  National URL: https://www.transfermarkt.de/camilo-vargas/nationalmannschaft/spieler/74113/verein_id/3816
[246/1292] Bradley Barcola | FRA | MID | 4.0 mio.
  OK: caps=19 caps_link=True source=ceapi_performance_game latest=2026-06-04 recent20_start=0.35 usage=0.3435
  National URL: https://www.transfermarkt.de/bradley-barcola/nationalmannschaft/spieler/708265/verein_id/3377
[247/1292] Antonio Sanabria | PAR | FWD | 4.0 mio.
  OK: caps=47 caps_link=True source=ceapi_performance_game latest=2026-03-31 recent20_start=0.45 usage=0.6105
  National URL: https://www.transfermarkt.de/antonio-sanabria/nationalmannschaft/spieler/234523/verein_id/3581
[248/1292] Antoine Semenyo | GHA | FWD | 4.0 mio.
  OK: caps=34 caps_link=True source=ceapi_performance_game latest=2026-06-02 recent20_start=0.65 usage=0.6685
  National URL: https://www.transfermarkt.de/antoine-semenyo/nationalmannschaft/spieler/583255/verein_id/3441
[249/1292] Anthony Gordon | ENG | FWD | 4.0 mio.
  OK: caps=17 caps_link=True source=ceapi_performance_game latest=2026-03-31 recent20_start=0.5 usage=0.468
  National URL: https://www.transfermarkt.de/anthony-gordon/nationalmannschaft/spieler/503733/verein_id/3299
[250/1292] Alvaro Montero | COL | GK | 4.0 mio.
  OK: caps=11 caps_link=True source=ceapi_performance_game latest=2026-06-01 recent20_start=0.15 usage=0.2015
  National URL: https://www.transfermarkt.de/alvaro-montero/nationalmannschaft/spieler/292985/verein_id/3816
[251/1292] Alphonso Davies | CAN | DEF | 4.0 mio.
  OK: caps=58 caps_link=True source=ceapi_performance_game latest=2026-06-02 recent20_start=0.1 usage=0.255
  National URL: https://www.transfermarkt.de/alphonso-davies/nationalmannschaft/spieler/424204/verein_id/3510
[252/1292] Alexis Saelemaekers | BEL | FWD | 4.0 mio.
  OK: caps=24 caps_link=True source=ceapi_performance_game latest=2026-06-02 recent20_start=0.25 usage=0.3335
  National URL: https://www.transfermarkt.de/alexis-saelemaekers/nationalmannschaft/spieler/381950/verein_id/3382
[253/1292] Alejandro 'Alex' Grimaldo | ESP | DEF | 4.0 mio.
  FEJL: 500 Server Error: Internal Server Error for url: https://www.transfermarkt.com/schnellsuche/ergebnis/schnellsuche?query=Alejandro+%27Alex%27+Grimaldo
[254/1292] Adrien Rabiot | FRA | MID | 4.0 mio.
  OK: caps=58 caps_link=True source=ceapi_performance_game latest=2026-06-04 recent20_start=0.4 usage=0.52
  National URL: https://www.transfermarkt.de/adrien-rabiot/nationalmannschaft/spieler/182913/verein_id/3377
[255/1292] Achraf Hakimi | MAR | DEF | 4.0 mio.
  OK: caps=95 caps_link=True source=ceapi_performance_game latest=2026-06-02 recent20_start=0.35 usage=0.5425
  National URL: https://www.transfermarkt.de/achraf-hakimi/nationalmannschaft/spieler/398073/verein_id/3575
[256/1292] Zeno Debast | BEL | DEF | 3.5 mio.
  OK: caps=26 caps_link=True source=ceapi_performance_game latest=2026-06-02 recent20_start=0.7 usage=0.639
  National URL: https://www.transfermarkt.de/zeno-debast/nationalmannschaft/spieler/548193/verein_id/3382
[257/1292] Yukinari Sugawara | JPN | DEF | 3.5 mio.
  OK: caps=21 caps_link=True source=ceapi_performance_game latest=2026-05-31 recent20_start=0.15 usage=0.2165
  National URL: https://www.transfermarkt.de/yukinari-sugawara/nationalmannschaft/spieler/405385/verein_id/3435
[258/1292] Youssef En-Nesyri | MAR | FWD | 3.5 mio.
  OK: caps=92 caps_link=True source=ceapi_performance_game latest=2026-01-18 recent20_start=0.05 usage=0.2275
  National URL: https://www.transfermarkt.de/youssef-en-nesyri/nationalmannschaft/spieler/433049/verein_id/3575
[259/1292] Youri Tielemans | BEL | MID | 3.5 mio.
  OK: caps=84 caps_link=True source=ceapi_performance_game latest=2026-06-02 recent20_start=0.55 usage=0.6525
  National URL: https://www.transfermarkt.de/youri-tielemans/nationalmannschaft/spieler/249565/verein_id/3382
[260/1292] Yoane Wissa | COD | FWD | 3.5 mio.
  OK: caps=37 caps_link=True source=ceapi_performance_game latest=2026-06-03 recent20_start=0.3 usage=0.363
  National URL: https://www.transfermarkt.de/yoane-wissa/nationalmannschaft/spieler/388165/verein_id/3854
[261/1292] Yeremy Pino | ESP | MID | 3.5 mio.
  OK: caps=22 caps_link=True source=ceapi_performance_game latest=2026-06-04 recent20_start=0.15 usage=0.2205
  National URL: https://www.transfermarkt.de/yeremy-pino/nationalmannschaft/spieler/568157/verein_id/3375
[262/1292] Yassine 'Bono' Bounou | MAR | GK | 3.5 mio.
  FEJL: 500 Server Error: Internal Server Error for url: https://www.transfermarkt.com/schnellsuche/ergebnis/schnellsuche?query=Yassine+%27Bono%27+Bounou
[263/1292] Yasin Ayari | SWE | MID | 3.5 mio.
  OK: caps=21 caps_link=True source=ceapi_performance_game latest=2026-06-04 recent20_start=0.9 usage=0.804
  National URL: https://www.transfermarkt.de/yasin-ayari/nationalmannschaft/spieler/667287/verein_id/3557
[264/1292] Willy Semedo | CPV | FWD | 3.5 mio.
  OK: caps=36 caps_link=True source=ceapi_performance_game latest=2026-05-31 recent20_start=0.35 usage=0.4615
  National URL: https://www.transfermarkt.de/willy-semedo/nationalmannschaft/spieler/531450/verein_id/4311
[265/1292] Weston McKennie | USA | MID | 3.5 mio.
  OK: caps=65 caps_link=True source=ceapi_performance_game latest=2026-05-31 recent20_start=0.3 usage=0.465
  National URL: https://www.transfermarkt.de/weston-mckennie/nationalmannschaft/spieler/332697/verein_id/3505
[266/1292] Wesley Franca | BRA | DEF | 3.5 mio.
  FEJL: Ingen Transfermarkt-profil fundet
[267/1292] Waldemar Anton | GER | DEF | 3.5 mio.
  OK: caps=12 caps_link=True source=ceapi_performance_game latest=2026-05-31 recent20_start=0.15 usage=0.1805
  National URL: https://www.transfermarkt.de/waldemar-anton/nationalmannschaft/spieler/193004/verein_id/3262
[268/1292] Viktor Johansson | SWE | GK | 3.5 mio.
  OK: caps=12 caps_link=True source=ceapi_performance_game latest=2026-06-04 recent20_start=0.55 usage=0.4255
  National URL: https://www.transfermarkt.de/viktor-johansson/nationalmannschaft/spieler/273742/verein_id/3557
[269/1292] Trent Alexander-Arnold | ENG | DEF | 3.5 mio.
  OK: caps=34 caps_link=True source=ceapi_performance_game latest=2025-06-10 recent20_start=0.35 usage=0.4285
  National URL: https://www.transfermarkt.de/trent-alexander-arnold/nationalmannschaft/spieler/314353/verein_id/3299
[270/1292] Tomoki Hayakawa | JPN | GK | 3.5 mio.
  OK: caps=4 caps_link=True source=ceapi_performance_game latest=2026-05-31 recent20_start=0.25 usage=0.2035
  National URL: https://www.transfermarkt.de/tomoki-hayakawa/nationalmannschaft/spieler/683271/verein_id/3435
[271/1292] Tomas Soucek | CZE | MID | 3.5 mio.
  OK: caps=90 caps_link=True source=ceapi_performance_game latest=2026-06-05 recent20_start=0.85 usage=0.8675
  National URL: https://www.transfermarkt.de/tomas-soucek/nationalmannschaft/spieler/283628/verein_id/3445
[272/1292] Tomas Araujo | POR | DEF | 3.5 mio.
  OK: caps=3 caps_link=True source=ceapi_performance_game latest=2026-03-31 recent20_start=0.143 usage=0.1156
  National URL: https://www.transfermarkt.de/tomas-araujo/nationalmannschaft/spieler/504087/verein_id/3300
[273/1292] Timothy Castagne | BEL | DEF | 3.5 mio.
  OK: caps=62 caps_link=True source=ceapi_performance_game latest=2026-06-02 recent20_start=0.6 usage=0.655
  National URL: https://www.transfermarkt.de/timothy-castagne/nationalmannschaft/spieler/262226/verein_id/3382
[274/1292] Thomas Meunier | BEL | DEF | 3.5 mio.
  OK: caps=79 caps_link=True source=ceapi_performance_game latest=2026-06-02 recent20_start=0.4 usage=0.545
  National URL: https://www.transfermarkt.de/thomas-meunier/nationalmannschaft/spieler/100986/verein_id/3382
[275/1292] Teun Koopmeiners | NED | MID | 3.5 mio.
  OK: caps=28 caps_link=True source=ceapi_performance_game latest=2026-06-03 recent20_start=0.1 usage=0.192
  National URL: https://www.transfermarkt.de/teun-koopmeiners/nationalmannschaft/spieler/360518/verein_id/3379
[276/1292] Teboho Mokoena | RSA | MID | 3.5 mio.
  OK: caps=51 caps_link=True source=ceapi_performance_game latest=2026-05-29 recent20_start=0.55 usage=0.7275
  National URL: https://www.transfermarkt.de/teboho-mokoena/nationalmannschaft/spieler/436372/verein_id/3806
[277/1292] Tajon Buchanan | CAN | MID | 3.5 mio.
  OK: caps=59 caps_link=True source=ceapi_performance_game latest=2026-06-02 recent20_start=0.65 usage=0.7575
  National URL: https://www.transfermarkt.de/tajon-buchanan/nationalmannschaft/spieler/638793/verein_id/3510
[278/1292] Santiago Mele | URU | GK | 3.5 mio.
  OK: caps=8 caps_link=True source=ceapi_performance_game latest=2026-03-31 recent20_start=0.2 usage=0.242
  National URL: https://www.transfermarkt.de/santiago-mele/nationalmannschaft/spieler/320739/verein_id/3449
[279/1292] Santiago Bueno | URU | DEF | 3.5 mio.
  OK: caps=8 caps_link=True source=ceapi_performance_game latest=2026-03-31 recent20_start=0.2 usage=0.167
  National URL: https://www.transfermarkt.de/santiago-bueno/nationalmannschaft/spieler/438001/verein_id/3449
[280/1292] Santiago Arias | COL | DEF | 3.5 mio.
  OK: caps=67 caps_link=True source=ceapi_performance_game latest=2026-06-01 recent20_start=0.35 usage=0.4925
  National URL: https://www.transfermarkt.de/santiago-arias/nationalmannschaft/spieler/120443/verein_id/3816
[281/1292] Ryan Gravenberch | NED | MID | 3.5 mio.
  OK: caps=26 caps_link=True source=ceapi_performance_game latest=2026-06-03 recent20_start=0.65 usage=0.6365
  National URL: https://www.transfermarkt.de/ryan-gravenberch/nationalmannschaft/spieler/478573/verein_id/3379
[282/1292] Ruben Vargas | SUI | FWD | 3.5 mio.
  OK: caps=61 caps_link=True source=ceapi_performance_game latest=2026-05-31 recent20_start=0.7 usage=0.81
  National URL: https://www.transfermarkt.de/ruben-vargas/nationalmannschaft/spieler/345886/verein_id/3384
[283/1292] Robin Roefs | NED | GK | 3.5 mio.
  OK: caps=1 caps_link=True source=ceapi_performance_game latest=2026-06-03 recent20_start=0.0 usage=0.004
  National URL: https://www.transfermarkt.de/robin-roefs/nationalmannschaft/spieler/646991/verein_id/3379
[284/1292] Robin Koch | GER | DEF | 3.5 mio.
  OK: caps=15 caps_link=True source=ceapi_performance_game latest=2025-10-13 recent20_start=0.2 usage=0.27
  National URL: https://www.transfermarkt.de/robin-koch/nationalmannschaft/spieler/328784/verein_id/3262
[285/1292] Richard Rios | COL | MID | 3.5 mio.
  OK: caps=31 caps_link=True source=ceapi_performance_game latest=2026-06-01 recent20_start=0.8 usage=0.764
  National URL: https://www.transfermarkt.de/richard-rios/nationalmannschaft/spieler/735573/verein_id/3816
[286/1292] Remo Freuler | SUI | MID | 3.5 mio.
  OK: caps=87 caps_link=True source=ceapi_performance_game latest=2026-05-31 recent20_start=0.75 usage=0.7875
  National URL: https://www.transfermarkt.de/remo-freuler/nationalmannschaft/spieler/148252/verein_id/3384
[287/1292] Reece James | ENG | DEF | 3.5 mio.
  OK: caps=22 caps_link=True source=ceapi_performance_game latest=2026-03-31 recent20_start=0.25 usage=0.3255
  National URL: https://www.transfermarkt.de/reece-james/nationalmannschaft/spieler/472423/verein_id/3299
[288/1292] Piero Hincapie | ECU | DEF | 3.5 mio.
  OK: caps=51 caps_link=True source=ceapi_performance_game latest=2026-05-31 recent20_start=0.75 usage=0.7625
  National URL: https://www.transfermarkt.de/piero-hincapie/nationalmannschaft/spieler/659813/verein_id/5750
[289/1292] Pervis Estupinan | ECU | DEF | 3.5 mio.
  OK: caps=53 caps_link=True source=ceapi_performance_game latest=2026-05-31 recent20_start=0.7 usage=0.71
  National URL: https://www.transfermarkt.de/pervis-estupinan/nationalmannschaft/spieler/349599/verein_id/5750
[290/1292] Oswin Appollis | RSA | FWD | 3.5 mio.
  OK: caps=26 caps_link=True source=ceapi_performance_game latest=2026-05-29 recent20_start=0.55 usage=0.6065
  National URL: https://www.transfermarkt.de/oswin-appollis/nationalmannschaft/spieler/673381/verein_id/3806
[291/1292] Omar Alderete | PAR | DEF | 3.5 mio.
  OK: caps=35 caps_link=True source=ceapi_performance_game latest=2026-03-31 recent20_start=0.85 usage=0.8075
  National URL: https://www.transfermarkt.de/omar-alderete/nationalmannschaft/spieler/353032/verein_id/3581
[292/1292] Noussair Mazraoui | MAR | DEF | 3.5 mio.
  OK: caps=44 caps_link=True source=ceapi_performance_game latest=2026-06-02 recent20_start=0.55 usage=0.6785
  National URL: https://www.transfermarkt.de/noussair-mazraoui/nationalmannschaft/spieler/340456/verein_id/3575
[293/1292] Noni Madueke | ENG | FWD | 3.5 mio.
  OK: caps=10 caps_link=True source=ceapi_performance_game latest=2026-03-31 recent20_start=0.333 usage=0.3232
  National URL: https://www.transfermarkt.de/noni-madueke/nationalmannschaft/spieler/503987/verein_id/3299
[294/1292] Noel Törnqvist | SWE | GK | 3.5 mio.
  OK: caps=0 caps_link=True source=ceapi_performance_game latest=2026-03-31 recent20_start=0.0 usage=0.0
  National URL: https://www.transfermarkt.de/noel-tornqvist/nationalmannschaft/spieler/730531/verein_id/3557
[295/1292] Nestory Irankunda | AUS | FWD | 3.5 mio.
  OK: caps=14 caps_link=True source=ceapi_performance_game latest=2026-05-31 recent20_start=0.25 usage=0.2685
  National URL: https://www.transfermarkt.de/nestory-irankunda/nationalmannschaft/spieler/956920/verein_id/3433
[296/1292] Nathan Ake | NED | DEF | 3.5 mio.
  OK: caps=59 caps_link=True source=ceapi_performance_game latest=2026-06-03 recent20_start=0.35 usage=0.4675
  National URL: https://www.transfermarkt.de/nathan-ake/nationalmannschaft/spieler/177476/verein_id/3379
[297/1292] Mohamed Zeki Amdouni | SUI | FWD | 3.5 mio.
  OK: caps=28 caps_link=True source=ceapi_performance_game latest=2026-05-31 recent20_start=0.25 usage=0.2495
  National URL: https://www.transfermarkt.de/zeki-amdouni/nationalmannschaft/spieler/548729/verein_id/3384
[298/1292] Mohamed Amoura | ALG | FWD | 3.5 mio.
  OK: caps=45 caps_link=True source=ceapi_performance_game latest=2026-06-03 recent20_start=0.55 usage=0.6325
  National URL: https://www.transfermarkt.de/mohamed-amoura/nationalmannschaft/spieler/746910/verein_id/3614
[299/1292] Min-jae Kim | KOR | DEF | 3.5 mio.
  OK: caps=79 caps_link=True source=ceapi_performance_game latest=2026-06-04 recent20_start=0.6 usage=0.755
  National URL: https://www.transfermarkt.de/min-jae-kim/nationalmannschaft/spieler/503482/verein_id/3589
[300/1292] Mike Penders | BEL | GK | 3.5 mio.
  OK: caps=0 caps_link=True source=ceapi_performance_game latest=2026-06-02 recent20_start=0.0 usage=0.0
  National URL: https://www.transfermarkt.de/mike-penders/nationalmannschaft/spieler/834397/verein_id/3382
[301/1292] Miguel Almiron | PAR | MID | 3.5 mio.
  OK: caps=75 caps_link=True source=ceapi_performance_game latest=2026-03-31 recent20_start=0.95 usage=0.9475
  National URL: https://www.transfermarkt.de/miguel-almiron/nationalmannschaft/spieler/272999/verein_id/3581
[302/1292] Michael Gregoritsch | AUT | FWD | 3.5 mio.
  OK: caps=75 caps_link=True source=ceapi_performance_game latest=2026-06-01 recent20_start=0.5 usage=0.625
  National URL: https://www.transfermarkt.de/michael-gregoritsch/nationalmannschaft/spieler/120205/verein_id/3383
[303/1292] Mert Günok | TUR | GK | 3.5 mio.
  OK: caps=37 caps_link=True source=ceapi_performance_game latest=2026-06-01 recent20_start=0.25 usage=0.2855
  National URL: https://www.transfermarkt.de/mert-gunok/nationalmannschaft/spieler/51894/verein_id/3381
[304/1292] Melker Ellborg | SWE | GK | 3.5 mio.
  OK: caps=0 caps_link=True source=ceapi_performance_game latest=2026-03-31 recent20_start=0.0 usage=0.0
  National URL: https://www.transfermarkt.de/melker-ellborg/nationalmannschaft/spieler/605426/verein_id/3557
[305/1292] Mehdi Taremi | IRN | FWD | 3.5 mio.
  OK: caps=104 caps_link=True source=ceapi_performance_game latest=2026-06-04 recent20_start=0.75 usage=0.8125
  National URL: https://www.transfermarkt.de/mehdi-taremi/nationalmannschaft/spieler/307058/verein_id/3582
[306/1292] Matt Freese | USA | GK | 3.5 mio.
  OK: caps=14 caps_link=True source=ceapi_performance_game latest=2026-05-31 recent20_start=0.7 usage=0.641
  National URL: https://www.transfermarkt.de/matt-freese/nationalmannschaft/spieler/500309/verein_id/3505
[307/1292] Mario Pasalic | CRO | MID | 3.5 mio.
  OK: caps=84 caps_link=True source=ceapi_performance_game latest=2026-06-02 recent20_start=0.55 usage=0.6775
  National URL: https://www.transfermarkt.de/mario-pasalic/nationalmannschaft/spieler/205938/verein_id/3556
[308/1292] Marcos Llorente | ESP | MID | 3.5 mio.
  OK: caps=23 caps_link=True source=ceapi_performance_game latest=2026-06-04 recent20_start=0.1 usage=0.197
  National URL: https://www.transfermarkt.de/marcos-llorente/nationalmannschaft/spieler/282411/verein_id/3375
[309/1292] Manuel Ugarte | URU | MID | 3.5 mio.
  OK: caps=35 caps_link=True source=ceapi_performance_game latest=2026-03-31 recent20_start=0.65 usage=0.6475
  National URL: https://www.transfermarkt.de/manuel-ugarte/nationalmannschaft/spieler/476701/verein_id/3449
[310/1292] Manuel Akanji | SUI | DEF | 3.5 mio.
  OK: caps=80 caps_link=True source=ceapi_performance_game latest=2026-05-31 recent20_start=0.8 usage=0.89
  National URL: https://www.transfermarkt.de/manuel-akanji/nationalmannschaft/spieler/284730/verein_id/3384
[311/1292] Maghnes Akliouche | FRA | FWD | 3.5 mio.
  OK: caps=8 caps_link=True source=ceapi_performance_game latest=2026-06-04 recent20_start=0.222 usage=0.2096
  National URL: https://www.transfermarkt.de/maghnes-akliouche/nationalmannschaft/spieler/745200/verein_id/3377
[312/1292] Maarten Vandevoordt | BEL | GK | 3.5 mio.
  OK: caps=0 caps_link=True source=ceapi_performance_game latest=2026-04-01 recent20_start=0.0 usage=0.0
  National URL: https://www.transfermarkt.de/maarten-vandevoordt/nationalmannschaft/spieler/486046/verein_id/3382
[313/1292] Lyle Foster | RSA | FWD | 3.5 mio.
  OK: caps=27 caps_link=True source=ceapi_performance_game latest=2026-05-29 recent20_start=0.6 usage=0.663
  National URL: https://www.transfermarkt.de/lyle-foster/nationalmannschaft/spieler/467623/verein_id/3806
[314/1292] Lewis Hall | ENG | DEF | 3.5 mio.
  OK: caps=4 caps_link=True source=ceapi_performance_game latest=2026-03-31 recent20_start=0.071 usage=0.0551
  National URL: https://www.transfermarkt.de/lewis-hall/nationalmannschaft/spieler/670858/verein_id/3299
[315/1292] Kristijan Jakic | CRO | DEF | 3.5 mio.
  OK: caps=17 caps_link=True source=ceapi_performance_game latest=2026-06-02 recent20_start=0.3 usage=0.333
  National URL: https://www.transfermarkt.de/kristijan-jakic/nationalmannschaft/spieler/374954/verein_id/3556
[316/1292] Kevin Schade | GER | MID | 3.5 mio.
  OK: caps=5 caps_link=True source=ceapi_performance_game latest=2026-03-30 recent20_start=0.0 usage=0.02
  National URL: https://www.transfermarkt.de/kevin-schade/nationalmannschaft/spieler/473050/verein_id/3262
[317/1292] Kerim Alajbegovic | BIH | MID | 3.5 mio.
  OK: caps=9 caps_link=True source=ceapi_performance_game latest=2026-05-29 recent20_start=0.444 usage=0.3912
  National URL: https://www.transfermarkt.de/kerim-alajbegovic/nationalmannschaft/spieler/929994/verein_id/3446
[318/1292] Keisuke Osako | JPN | GK | 3.5 mio.
  OK: caps=11 caps_link=True source=ceapi_performance_game latest=2026-05-31 recent20_start=0.15 usage=0.1765
  National URL: https://www.transfermarkt.de/keisuke-osako/nationalmannschaft/spieler/415521/verein_id/3435
[319/1292] Kaoru Mitoma | JPN | MID | 3.5 mio.
  OK: caps=31 caps_link=True source=ceapi_performance_game latest=2026-03-31 recent20_start=0.35 usage=0.3665
  National URL: https://www.transfermarkt.de/kaoru-mitoma/nationalmannschaft/spieler/504849/verein_id/3435
[320/1292] Justin Bijlow | NED | GK | 3.5 mio.
  OK: caps=8 caps_link=True source=ceapi_performance_game latest=2026-03-31 recent20_start=0.0 usage=0.032
  National URL: https://www.transfermarkt.de/justin-bijlow/nationalmannschaft/spieler/315121/verein_id/3379
[321/1292] Junya Ito | JPN | MID | 3.5 mio.
  OK: caps=69 caps_link=True source=ceapi_performance_game latest=2026-05-31 recent20_start=0.25 usage=0.4375
  National URL: https://www.transfermarkt.de/junya-ito/nationalmannschaft/spieler/348791/verein_id/3435
[322/1292] Julio Enciso | PAR | FWD | 3.5 mio.
  OK: caps=31 caps_link=True source=ceapi_performance_game latest=2026-03-31 recent20_start=0.7 usage=0.634
  National URL: https://www.transfermarkt.de/julio-enciso/nationalmannschaft/spieler/660867/verein_id/3581
[323/1292] Julian Ryerson | NOR | DEF | 3.5 mio.
  OK: caps=42 caps_link=True source=ceapi_performance_game latest=2026-06-01 recent20_start=0.9 usage=0.863
  National URL: https://www.transfermarkt.de/julian-ryerson/nationalmannschaft/spieler/370789/verein_id/3440
[324/1292] Jules Kounde | FRA | DEF | 3.5 mio.
  OK: caps=47 caps_link=True source=ceapi_performance_game latest=2026-06-04 recent20_start=0.65 usage=0.6705
  National URL: https://www.transfermarkt.de/jules-kounde/nationalmannschaft/spieler/411975/verein_id/3377
[325/1292] Josko Gvardiol | CRO | DEF | 3.5 mio.
  OK: caps=47 caps_link=True source=ceapi_performance_game latest=2026-06-02 recent20_start=0.7 usage=0.698
  National URL: https://www.transfermarkt.de/josko-gvardiol/nationalmannschaft/spieler/475959/verein_id/3556
[326/1292] Josip Stanisic | CRO | DEF | 3.5 mio.
  OK: caps=30 caps_link=True source=ceapi_performance_game latest=2026-06-02 recent20_start=0.45 usage=0.4925
  National URL: https://www.transfermarkt.de/josip-stanisic/nationalmannschaft/spieler/483046/verein_id/3556
[327/1292] Jordan Henderson | ENG | MID | 3.5 mio.
  OK: caps=88 caps_link=True source=ceapi_performance_game latest=2026-03-31 recent20_start=0.1 usage=0.305
  National URL: https://www.transfermarkt.de/jordan-henderson/nationalmannschaft/spieler/61651/verein_id/3299
[328/1292] John McGinn | SCO | MID | 3.5 mio.
  OK: caps=85 caps_link=True source=ceapi_performance_game latest=2026-05-30 recent20_start=0.75 usage=0.8125
  National URL: https://www.transfermarkt.de/john-mcginn/nationalmannschaft/spieler/193116/verein_id/3380
[329/1292] Johan Mojica | COL | DEF | 3.5 mio.
  OK: caps=44 caps_link=True source=ceapi_performance_game latest=2026-06-01 recent20_start=0.7 usage=0.711
  National URL: https://www.transfermarkt.de/johan-mojica/nationalmannschaft/spieler/262939/verein_id/3816
[330/1292] Johan Carbonero | COL | FWD | 3.5 mio.
  OK: caps=2 caps_link=True source=ceapi_performance_game latest=2026-03-29 recent20_start=0.0 usage=0.008
  National URL: https://www.transfermarkt.de/johan-carbonero/nationalmannschaft/spieler/572042/verein_id/3816
[331/1292] Jhon Lucumi | COL | DEF | 3.5 mio.
  OK: caps=36 caps_link=True source=ceapi_performance_game latest=2026-06-01 recent20_start=0.7 usage=0.679
  National URL: https://www.transfermarkt.de/jhon-lucumi/nationalmannschaft/spieler/413565/verein_id/3816
[332/1292] Jean-Philippe Mateta | FRA | FWD | 3.5 mio.
  OK: caps=4 caps_link=True source=ceapi_performance_game latest=2026-06-04 recent20_start=0.286 usage=0.2448
  National URL: https://www.transfermarkt.de/jean-philippe-mateta/nationalmannschaft/spieler/420002/verein_id/3377
[333/1292] Jacob Widell Zetterström | SWE | GK | 3.5 mio.
  OK: caps=3 caps_link=True source=ceapi_performance_game latest=2026-06-04 recent20_start=0.1 usage=0.117
  National URL: https://www.transfermarkt.de/jacob-widell-zetterstrom/nationalmannschaft/spieler/549440/verein_id/3557
[334/1292] Ivan Toney | ENG | FWD | 3.5 mio.
  OK: caps=7 caps_link=True source=ceapi_performance_game latest=2026-03-31 recent20_start=0.0 usage=0.028
  National URL: https://www.transfermarkt.de/ivan-toney/nationalmannschaft/spieler/251664/verein_id/3299
[335/1292] Ismaila Sarr | SEN | MID | 3.5 mio.
  OK: caps=82 caps_link=True source=ceapi_performance_game latest=2026-05-31 recent20_start=0.4 usage=0.545
  National URL: https://www.transfermarkt.de/ismaila-sarr/nationalmannschaft/spieler/410225/verein_id/3499
[336/1292] Ismael Saibari | MAR | MID | 3.5 mio.
  OK: caps=29 caps_link=True source=ceapi_performance_game latest=2026-06-02 recent20_start=0.6 usage=0.671
  National URL: https://www.transfermarkt.de/ismael-saibari/nationalmannschaft/spieler/702869/verein_id/3575
[337/1292] Hyeon-Woo Jo | KOR | GK | 3.5 mio.
  OK: caps=48 caps_link=True source=ceapi_performance_game latest=2026-06-04 recent20_start=0.6 usage=0.622
  National URL: https://www.transfermarkt.de/hyeon-woo-jo/nationalmannschaft/spieler/260171/verein_id/3589
[338/1292] Hyeon-Gyu Oh | KOR | FWD | 3.5 mio.
  OK: caps=27 caps_link=True source=ceapi_performance_game latest=2026-06-04 recent20_start=0.2 usage=0.293
  National URL: https://www.transfermarkt.de/hyeon-gyu-oh/nationalmannschaft/spieler/639246/verein_id/3589
[339/1292] Hernan Galindez | ECU | GK | 3.5 mio.
  OK: caps=34 caps_link=True source=ceapi_performance_game latest=2026-05-31 recent20_start=0.75 usage=0.7235
  National URL: https://www.transfermarkt.de/hernan-galindez/nationalmannschaft/spieler/77127/verein_id/5750
[340/1292] Hazem Mastouri | TUN | FWD | 3.5 mio.
  OK: caps=18 caps_link=True source=ceapi_performance_game latest=2026-06-01 recent20_start=0.5 usage=0.472
  National URL: https://www.transfermarkt.de/hazem-mastouri/nationalmannschaft/spieler/953150/verein_id/3670
[341/1292] Gonzalo Plata | ECU | MID | 3.5 mio.
  OK: caps=49 caps_link=True source=ceapi_performance_game latest=2026-05-31 recent20_start=0.5 usage=0.571
  National URL: https://www.transfermarkt.de/gonzalo-plata/nationalmannschaft/spieler/592735/verein_id/5750
[342/1292] Franco Mastantuono | ARG | MID | 3.5 mio.
  OK: caps=4 caps_link=True source=ceapi_performance_game latest=2026-03-31 recent20_start=0.1 usage=0.096
  National URL: https://www.transfermarkt.de/franco-mastantuono/nationalmannschaft/spieler/1057316/verein_id/3437
[343/1292] Firas Al-Buraikan | KSA | FWD | 3.5 mio.
  OK: caps=70 caps_link=True source=ceapi_performance_game latest=2026-05-31 recent20_start=0.85 usage=0.8675
  National URL: https://www.transfermarkt.de/firas-al-buraikan/nationalmannschaft/spieler/631922/verein_id/3807
[344/1292] Ferdi Kadioglu | TUR | DEF | 3.5 mio.
  OK: caps=30 caps_link=True source=ceapi_performance_game latest=2026-06-01 recent20_start=0.4 usage=0.465
  National URL: https://www.transfermarkt.de/ferdi-kadioglu/nationalmannschaft/spieler/369316/verein_id/3381
[345/1292] Facundo Torres | URU | FWD | 3.5 mio.
  OK: caps=22 caps_link=True source=ceapi_performance_game latest=2026-03-31 recent20_start=0.1 usage=0.193
  National URL: https://www.transfermarkt.de/facundo-torres/nationalmannschaft/spieler/465822/verein_id/3449
[346/1292] Facundo Pellistri | URU | FWD | 3.5 mio.
  OK: caps=39 caps_link=True source=ceapi_performance_game latest=2026-03-31 recent20_start=0.5 usage=0.506
  National URL: https://www.transfermarkt.de/facundo-pellistri/nationalmannschaft/spieler/676318/verein_id/3449
[347/1292] Exequiel Palacios | ARG | MID | 3.5 mio.
  OK: caps=38 caps_link=True source=ceapi_performance_game latest=2026-03-31 recent20_start=0.05 usage=0.2045
  National URL: https://www.transfermarkt.de/exequiel-palacios/nationalmannschaft/spieler/401578/verein_id/3437
[348/1292] Elias Achouri | TUN | MID | 3.5 mio.
  OK: caps=29 caps_link=True source=ceapi_performance_game latest=2026-06-01 recent20_start=0.4 usage=0.461
  National URL: https://www.transfermarkt.de/elias-achouri/nationalmannschaft/spieler/645589/verein_id/3670
[349/1292] El Hadji Malick Diouf | SEN | DEF | 3.5 mio.
  OK: caps=19 caps_link=True source=ceapi_performance_game latest=2026-05-31 recent20_start=0.5 usage=0.476
  National URL: https://www.transfermarkt.de/el-hadji-malick-diouf/nationalmannschaft/spieler/1111589/verein_id/3499
[350/1292] Egil Selvik | NOR | GK | 3.5 mio.
  OK: caps=6 caps_link=True source=ceapi_performance_game latest=2026-06-01 recent20_start=0.15 usage=0.1315
  National URL: https://www.transfermarkt.de/egil-selvik/nationalmannschaft/spieler/380744/verein_id/3440
[351/1292] Edouard Mendy | SEN | GK | 3.5 mio.
  OK: caps=56 caps_link=True source=ceapi_performance_game latest=2026-05-31 recent20_start=0.6 usage=0.705
  National URL: https://www.transfermarkt.de/edouard-mendy/nationalmannschaft/spieler/442531/verein_id/3499
[352/1292] Duckens Nazon | HAI | FWD | 3.5 mio.
  OK: caps=77 caps_link=True source=ceapi_performance_game latest=2026-06-03 recent20_start=0.7 usage=0.71
  National URL: https://www.transfermarkt.de/duckens-nazon/nationalmannschaft/spieler/345763/verein_id/14161
[353/1292] Dodi Lukebakio | BEL | FWD | 3.5 mio.
  OK: caps=29 caps_link=True source=ceapi_performance_game latest=2026-06-02 recent20_start=0.2 usage=0.251
  National URL: https://www.transfermarkt.de/dodi-lukebakio/nationalmannschaft/spieler/303259/verein_id/3382
[354/1292] Deniz Undav | GER | FWD | 3.5 mio.
  OK: caps=8 caps_link=True source=ceapi_performance_game latest=2026-05-31 recent20_start=0.15 usage=0.1395
  National URL: https://www.transfermarkt.de/deniz-undav/nationalmannschaft/spieler/339314/verein_id/3262
[355/1292] Dayne St. Clair | CAN | GK | 3.5 mio.
  OK: caps=20 caps_link=True source=ceapi_performance_game latest=2026-06-02 recent20_start=0.6 usage=0.51
  National URL: https://www.transfermarkt.de/dayne-st-clair/nationalmannschaft/spieler/439750/verein_id/3510
[356/1292] Davinson Sanchez | COL | DEF | 3.5 mio.
  OK: caps=78 caps_link=True source=ceapi_performance_game latest=2026-06-01 recent20_start=0.7 usage=0.785
  National URL: https://www.transfermarkt.de/davinson-sanchez/nationalmannschaft/spieler/341429/verein_id/3816
[357/1292] David Ospina | COL | GK | 3.5 mio.
  OK: caps=131 caps_link=True source=ceapi_performance_game latest=2026-06-01 recent20_start=0.05 usage=0.2525
  National URL: https://www.transfermarkt.de/david-ospina/nationalmannschaft/spieler/73396/verein_id/3816
[358/1292] Daniel Vivian | ESP | DEF | 3.5 mio.
  OK: caps=10 caps_link=True source=ceapi_performance_game latest=2025-11-18 recent20_start=0.2 usage=0.15
  National URL: https://www.transfermarkt.de/dani-vivian/nationalmannschaft/spieler/524000/verein_id/3375
[359/1292] Dan Burn | ENG | DEF | 3.5 mio.
  OK: caps=6 caps_link=True source=ceapi_performance_game latest=2026-03-31 recent20_start=0.333 usage=0.2822
  National URL: https://www.transfermarkt.de/dan-burn/nationalmannschaft/spieler/134270/verein_id/3299
[360/1292] Daichi Kamada | JPN | MID | 3.5 mio.
  OK: caps=49 caps_link=True source=ceapi_performance_game latest=2026-05-31 recent20_start=0.45 usage=0.5435
  National URL: https://www.transfermarkt.de/daichi-kamada/nationalmannschaft/spieler/356141/verein_id/3435
[361/1292] Christoph Baumgartner | AUT | MID | 3.5 mio.
  OK: caps=58 caps_link=True source=ceapi_performance_game latest=2026-06-01 recent20_start=0.8 usage=0.84
  National URL: https://www.transfermarkt.de/christoph-baumgartner/nationalmannschaft/spieler/324278/verein_id/3383
[362/1292] Chris Wood | NZL | FWD | 3.5 mio.
  OK: caps=89 caps_link=True source=ceapi_performance_game latest=2026-06-03 recent20_start=0.55 usage=0.6025
  National URL: https://www.transfermarkt.de/chris-wood/nationalmannschaft/spieler/108725/verein_id/9171
[363/1292] Cedric Bakambu | COD | FWD | 3.5 mio.
  OK: caps=68 caps_link=True source=ceapi_performance_game latest=2026-06-03 recent20_start=0.55 usage=0.7025
  National URL: https://www.transfermarkt.de/cedric-bakambu/nationalmannschaft/spieler/127048/verein_id/3854
[364/1292] Carlos Acevedo | MEX | GK | 3.5 mio.
  OK: caps=7 caps_link=True source=ceapi_performance_game latest=2026-06-05 recent20_start=0.0 usage=0.028
  National URL: https://www.transfermarkt.de/carlos-acevedo/nationalmannschaft/spieler/356042/verein_id/6303
[365/1292] Brian Rodriguez | URU | FWD | 3.5 mio.
  OK: caps=33 caps_link=True source=ceapi_performance_game latest=2026-03-31 recent20_start=0.25 usage=0.3445
  National URL: https://www.transfermarkt.de/brian-rodriguez/nationalmannschaft/spieler/465818/verein_id/3449
[366/1292] Borja Iglesias | ESP | FWD | 3.5 mio.
  OK: caps=7 caps_link=True source=ceapi_performance_game latest=2026-06-04 recent20_start=0.05 usage=0.0805
  National URL: https://www.transfermarkt.de/borja-iglesias/nationalmannschaft/spieler/278359/verein_id/3375
[367/1292] Ayoub El Kaabi | MAR | FWD | 3.5 mio.
  OK: caps=70 caps_link=True source=ceapi_performance_game latest=2026-06-02 recent20_start=0.4 usage=0.595
  National URL: https://www.transfermarkt.de/ayoub-el-kaabi/nationalmannschaft/spieler/521127/verein_id/3575
[368/1292] Aymen Hussein | IRQ | FWD | 3.5 mio.
  OK: caps=90 caps_link=True source=ceapi_performance_game latest=2026-06-04 recent20_start=0.55 usage=0.5775
  National URL: https://www.transfermarkt.de/aymen-hussein/nationalmannschaft/spieler/401054/verein_id/3560
[369/1292] Aurelien Tchouameni | FRA | MID | 3.5 mio.
  OK: caps=45 caps_link=True source=ceapi_performance_game latest=2026-06-04 recent20_start=0.5 usage=0.58
  National URL: https://www.transfermarkt.de/aurelien-tchouameni/nationalmannschaft/spieler/413112/verein_id/3377
[370/1292] Antonio Nusa | NOR | MID | 3.5 mio.
  OK: caps=23 caps_link=True source=ceapi_performance_game latest=2026-06-01 recent20_start=0.7 usage=0.652
  National URL: https://www.transfermarkt.de/antonio-nusa/nationalmannschaft/spieler/894914/verein_id/3440
[371/1292] Anthony Elanga | SWE | FWD | 3.5 mio.
  OK: caps=30 caps_link=True source=ceapi_performance_game latest=2026-06-04 recent20_start=0.45 usage=0.5175
  National URL: https://www.transfermarkt.de/anthony-elanga/nationalmannschaft/spieler/583189/verein_id/3557
[372/1292] Ante Budimir | CRO | FWD | 3.5 mio.
  OK: caps=37 caps_link=True source=ceapi_performance_game latest=2026-06-02 recent20_start=0.35 usage=0.4405
  National URL: https://www.transfermarkt.de/ante-budimir/nationalmannschaft/spieler/46413/verein_id/3556
[373/1292] Angus Gunn | SCO | GK | 3.5 mio.
  OK: caps=21 caps_link=True source=ceapi_performance_game latest=2026-05-30 recent20_start=0.45 usage=0.4565
  National URL: https://www.transfermarkt.de/angus-gunn/nationalmannschaft/spieler/201574/verein_id/3380
[374/1292] Andreas Schjelderup | NOR | MID | 3.5 mio.
  OK: caps=11 caps_link=True source=ceapi_performance_game latest=2026-06-01 recent20_start=0.25 usage=0.2565
  National URL: https://www.transfermarkt.de/andreas-schjelderup/nationalmannschaft/spieler/670103/verein_id/3440
[375/1292] Amad Diallo | CIV | FWD | 3.5 mio.
  OK: caps=19 caps_link=True source=ceapi_performance_game latest=2026-06-04 recent20_start=0.4 usage=0.421
  National URL: https://www.transfermarkt.de/amad-diallo/nationalmannschaft/spieler/536835/verein_id/3591
[376/1292] Alexander Schlager | AUT | GK | 3.5 mio.
  OK: caps=26 caps_link=True source=ceapi_performance_game latest=2026-06-01 recent20_start=0.55 usage=0.5815
  National URL: https://www.transfermarkt.de/alexander-schlager/nationalmannschaft/spieler/186374/verein_id/3383
[377/1292] Aleksandar Pavlovic | GER | MID | 3.5 mio.
  OK: caps=10 caps_link=True source=ceapi_performance_game latest=2026-05-31 recent20_start=0.35 usage=0.3575
  National URL: https://www.transfermarkt.de/aleksandar-pavlovic/nationalmannschaft/spieler/792380/verein_id/3262
[378/1292] Akram Afif | QAT | FWD | 3.5 mio.
  OK: caps=127 caps_link=True source=ceapi_performance_game latest=2026-05-28 recent20_start=0.95 usage=0.9475
  National URL: https://www.transfermarkt.de/akram-afif/nationalmannschaft/spieler/336646/verein_id/14162
[379/1292] Yvon Mvogo | SUI | GK | 3.0 mio.
  OK: caps=13 caps_link=True source=ceapi_performance_game latest=2026-05-31 recent20_start=0.2 usage=0.212
  National URL: https://www.transfermarkt.de/yvon-mvogo/nationalmannschaft/spieler/147051/verein_id/3384
[380/1292] Young-woo Seol | KOR | DEF | 3.0 mio.
  OK: caps=34 caps_link=True source=ceapi_performance_game latest=2026-06-04 recent20_start=0.65 usage=0.6435
  National URL: https://www.transfermarkt.de/young-woo-seol/nationalmannschaft/spieler/639414/verein_id/3589
[381/1292] Yerry Mina | COL | DEF | 3.0 mio.
  OK: caps=53 caps_link=True source=ceapi_performance_game latest=2026-06-01 recent20_start=0.15 usage=0.3325
  National URL: https://www.transfermarkt.de/yerry-mina/nationalmannschaft/spieler/289446/verein_id/3816
[382/1292] Yehvann Diouf | SEN | GK | 3.0 mio.
  OK: caps=2 caps_link=True source=ceapi_performance_game latest=2026-05-31 recent20_start=0.05 usage=0.0605
  National URL: https://www.transfermarkt.de/yehvann-diouf/nationalmannschaft/spieler/448632/verein_id/3499
[383/1292] Yan Diomande | CIV | FWD | 3.0 mio.
  OK: caps=10 caps_link=True source=ceapi_performance_game latest=2026-06-04 recent20_start=0.667 usage=0.5569
  National URL: https://www.transfermarkt.de/yan-diomande/nationalmannschaft/spieler/1390649/verein_id/3591
[384/1292] Yahia Fofana | CIV | GK | 3.0 mio.
  OK: caps=34 caps_link=True source=ceapi_performance_game latest=2026-06-04 recent20_start=0.7 usage=0.696
  National URL: https://www.transfermarkt.de/yahia-fofana/nationalmannschaft/spieler/418651/verein_id/3591
[385/1292] Wout Weghorst | NED | FWD | 3.0 mio.
  OK: caps=52 caps_link=True source=ceapi_performance_game latest=2026-06-03 recent20_start=0.1 usage=0.28
  National URL: https://www.transfermarkt.de/wout-weghorst/nationalmannschaft/spieler/228645/verein_id/3379
[386/1292] Wilson Isidor | HAI | FWD | 3.0 mio.
  OK: caps=3 caps_link=True source=ceapi_performance_game latest=2026-06-03 recent20_start=0.667 usage=0.5456
  National URL: https://www.transfermarkt.de/wilson-isidor/nationalmannschaft/spieler/494237/verein_id/14161
[387/1292] Willian Pacho | ECU | DEF | 3.0 mio.
  OK: caps=34 caps_link=True source=ceapi_performance_game latest=2026-05-31 recent20_start=0.95 usage=0.8835
  National URL: https://www.transfermarkt.de/willian-pacho/nationalmannschaft/spieler/661171/verein_id/5750
[388/1292] Warren Zaire-Emery | FRA | MID | 3.0 mio.
  OK: caps=11 caps_link=True source=ceapi_performance_game latest=2026-06-04 recent20_start=0.15 usage=0.1765
  National URL: https://www.transfermarkt.de/warren-zaire-emery/nationalmannschaft/spieler/810092/verein_id/3377
[389/1292] Vladimir Coufal | CZE | DEF | 3.0 mio.
  OK: caps=62 caps_link=True source=ceapi_performance_game latest=2026-06-05 recent20_start=0.85 usage=0.8425
  National URL: https://www.transfermarkt.de/vladimir-coufal/nationalmannschaft/spieler/157672/verein_id/3445
[390/1292] Victor Munoz | ESP | FWD | 3.0 mio.
  OK: caps=2 caps_link=True source=ceapi_performance_game latest=2026-06-04 recent20_start=0.0 usage=0.008
  National URL: https://www.transfermarkt.de/victor-munoz/nationalmannschaft/spieler/935231/verein_id/3375
[391/1292] Victor Lindelöf | SWE | DEF | 3.0 mio.
  OK: caps=76 caps_link=True source=ceapi_performance_game latest=2026-06-04 recent20_start=0.3 usage=0.465
  National URL: https://www.transfermarkt.de/victor-lindelof/nationalmannschaft/spieler/184573/verein_id/3557
[392/1292] Valentino Livramento | ENG | DEF | 3.0 mio.
  OK: caps=5 caps_link=True source=ceapi_performance_game latest=2026-03-31 recent20_start=0.167 usage=0.1619
  National URL: https://www.transfermarkt.de/tino-livramento/nationalmannschaft/spieler/503981/verein_id/3299
[393/1292] Tyler Adams | USA | MID | 3.0 mio.
  OK: caps=53 caps_link=True source=ceapi_performance_game latest=2026-05-31 recent20_start=0.45 usage=0.5475
  National URL: https://www.transfermarkt.de/tyler-adams/nationalmannschaft/spieler/332705/verein_id/3505
[394/1292] Tsuyoshi Watanabe | JPN | DEF | 3.0 mio.
  OK: caps=11 caps_link=True source=ceapi_performance_game latest=2026-05-31 recent20_start=0.35 usage=0.3865
  National URL: https://www.transfermarkt.de/tsuyoshi-watanabe/nationalmannschaft/spieler/598791/verein_id/3435
[395/1292] Toni Fruk | CRO | MID | 3.0 mio.
  OK: caps=7 caps_link=True source=ceapi_performance_game latest=2026-06-02 recent20_start=0.154 usage=0.1627
  National URL: https://www.transfermarkt.de/toni-fruk/nationalmannschaft/spieler/432758/verein_id/3556
[396/1292] Tomas Chory | CZE | FWD | 3.0 mio.
  OK: caps=22 caps_link=True source=ceapi_performance_game latest=2026-06-05 recent20_start=0.45 usage=0.4355
  National URL: https://www.transfermarkt.de/tomas-chory/nationalmannschaft/spieler/198614/verein_id/3445
[397/1292] Timothy Weah | USA | FWD | 3.0 mio.
  OK: caps=50 caps_link=True source=ceapi_performance_game latest=2026-05-31 recent20_start=0.35 usage=0.5175
  National URL: https://www.transfermarkt.de/timothy-weah/nationalmannschaft/spieler/370846/verein_id/3505
[398/1292] Thomas Partey | GHA | MID | 3.0 mio.
  OK: caps=57 caps_link=True source=ceapi_performance_game latest=2026-06-02 recent20_start=0.5 usage=0.625
  National URL: https://www.transfermarkt.de/thomas-partey/nationalmannschaft/spieler/230784/verein_id/3441
[399/1292] Theo Bongonda | COD | MID | 3.0 mio.
  OK: caps=37 caps_link=True source=ceapi_performance_game latest=2026-06-03 recent20_start=0.4 usage=0.518
  National URL: https://www.transfermarkt.de/theo-bongonda/nationalmannschaft/spieler/280701/verein_id/3854
[400/1292] Thapelo Morena | RSA | FWD | 3.0 mio.
  OK: caps=33 caps_link=True source=ceapi_performance_game latest=2026-03-31 recent20_start=0.15 usage=0.2395
  National URL: https://www.transfermarkt.de/thapelo-morena/nationalmannschaft/spieler/297509/verein_id/3806
[401/1292] Thalente Mbatha | RSA | MID | 3.0 mio.
  OK: caps=15 caps_link=True source=ceapi_performance_game latest=2026-05-29 recent20_start=0.3 usage=0.3
  National URL: https://www.transfermarkt.de/thalente-mbatha/nationalmannschaft/spieler/735697/verein_id/3806
[402/1292] Tarik Muharemovic | BIH | DEF | 3.0 mio.
  OK: caps=13 caps_link=True source=ceapi_performance_game latest=2026-05-29 recent20_start=0.45 usage=0.4745
  National URL: https://www.transfermarkt.de/tarik-muharemovic/nationalmannschaft/spieler/679423/verein_id/3446
[403/1292] Stefan de Vrij | NED | DEF | 3.0 mio.
  OK: caps=79 caps_link=True source=ceapi_performance_game latest=2026-03-31 recent20_start=0.4 usage=0.495
  National URL: https://www.transfermarkt.de/stefan-de-vrij/nationalmannschaft/spieler/111196/verein_id/3379
[404/1292] Stefan Posch | AUT | DEF | 3.0 mio.
  OK: caps=52 caps_link=True source=ceapi_performance_game latest=2026-06-01 recent20_start=0.65 usage=0.7075
  National URL: https://www.transfermarkt.de/stefan-posch/nationalmannschaft/spieler/223974/verein_id/3383
[405/1292] Sphephelo Yaya Sithole | RSA | MID | 3.0 mio.
  FEJL: Ingen Transfermarkt-profil fundet
[406/1292] Silvan Widmer | SUI | DEF | 3.0 mio.
  OK: caps=59 caps_link=True source=ceapi_performance_game latest=2026-05-31 recent20_start=0.5 usage=0.65
  National URL: https://www.transfermarkt.de/silvan-widmer/nationalmannschaft/spieler/168989/verein_id/3384
[407/1292] Sidny Lopes Cabral | CPV | DEF | 3.0 mio.
  OK: caps=9 caps_link=True source=ceapi_performance_game latest=2026-05-31 recent20_start=0.25 usage=0.2735
  National URL: https://www.transfermarkt.de/sidny-lopes-cabral/nationalmannschaft/spieler/611855/verein_id/4311
[408/1292] Shogo Taniguchi | JPN | DEF | 3.0 mio.
  OK: caps=38 caps_link=True source=ceapi_performance_game latest=2026-05-31 recent20_start=0.3 usage=0.417
  National URL: https://www.transfermarkt.de/shogo-taniguchi/nationalmannschaft/spieler/307870/verein_id/3435
[409/1292] Seung-Gyu Kim | KOR | GK | 3.0 mio.
  OK: caps=86 caps_link=True source=ceapi_performance_game latest=2026-06-04 recent20_start=0.25 usage=0.4625
  National URL: https://www.transfermarkt.de/seung-gyu-kim/nationalmannschaft/spieler/92076/verein_id/3589
[410/1292] Sergino Dest | USA | DEF | 3.0 mio.
  OK: caps=38 caps_link=True source=ceapi_performance_game latest=2026-05-31 recent20_start=0.2 usage=0.362
  National URL: https://www.transfermarkt.de/sergino-dest/nationalmannschaft/spieler/361104/verein_id/3505
[411/1292] Sebastian Berhalter | USA | MID | 3.0 mio.
  OK: caps=12 caps_link=True source=ceapi_performance_game latest=2026-05-31 recent20_start=0.588 usage=0.4964
  National URL: https://www.transfermarkt.de/sebastian-berhalter/nationalmannschaft/spieler/734761/verein_id/3505
[412/1292] Saud Abdulhamid | KSA | DEF | 3.0 mio.
  OK: caps=50 caps_link=True source=ceapi_performance_game latest=2026-05-31 recent20_start=0.4 usage=0.47
  National URL: https://www.transfermarkt.de/saud-abdulhamid/nationalmannschaft/spieler/631927/verein_id/3807
[413/1292] Sander Tangvik | NOR | GK | 3.0 mio.
  OK: caps=0 caps_link=True source=ceapi_performance_game latest=2026-06-01 recent20_start=0.0 usage=0.0
  National URL: https://www.transfermarkt.de/sander-tangvik/nationalmannschaft/spieler/549378/verein_id/3440
[414/1292] Sander Berge | NOR | MID | 3.0 mio.
  OK: caps=65 caps_link=True source=ceapi_performance_game latest=2026-06-01 recent20_start=0.9 usage=0.92
  National URL: https://www.transfermarkt.de/sander-berge/nationalmannschaft/spieler/333014/verein_id/3440
[415/1292] Samuel Moutoussamy | COD | MID | 3.0 mio.
  OK: caps=57 caps_link=True source=ceapi_performance_game latest=2026-06-03 recent20_start=0.65 usage=0.7325
  National URL: https://www.transfermarkt.de/samuel-moutoussamy/nationalmannschaft/spieler/353403/verein_id/3854
[416/1292] Samuel Aghehowa | ESP | FWD | 3.0 mio.
  OK: caps=4 caps_link=True source=ceapi_performance_game latest=2025-11-18 recent20_start=0.083 usage=0.0867
  National URL: https://www.transfermarkt.de/samu-aghehowa/nationalmannschaft/spieler/991268/verein_id/3375
[417/1292] Salem Al-Dawsari | KSA | MID | 3.0 mio.
  OK: caps=105 caps_link=True source=ceapi_performance_game latest=2026-05-31 recent20_start=0.55 usage=0.6775
  National URL: https://www.transfermarkt.de/salem-al-dawsari/nationalmannschaft/spieler/195332/verein_id/3807
[418/1292] Ryan Mendes Da Graça | CPV | FWD | 3.0 mio.
  FEJL: Ingen Transfermarkt-profil fundet
[419/1292] Roony Bardghji | SWE | MID | 3.0 mio.
  OK: caps=3 caps_link=True source=ceapi_performance_game latest=2026-03-26 recent20_start=0.2 usage=0.172
  National URL: https://www.transfermarkt.de/roony-bardghji/nationalmannschaft/spieler/792331/verein_id/3557
[420/1292] Ronwen Williams | RSA | GK | 3.0 mio.
  OK: caps=62 caps_link=True source=ceapi_performance_game latest=2026-05-29 recent20_start=0.6 usage=0.755
  National URL: https://www.transfermarkt.de/ronwen-williams/nationalmannschaft/spieler/175577/verein_id/3806
[421/1292] Romano Schmid | AUT | MID | 3.0 mio.
  OK: caps=34 caps_link=True source=ceapi_performance_game latest=2026-06-01 recent20_start=0.8 usage=0.726
  National URL: https://www.transfermarkt.de/romano-schmid/nationalmannschaft/spieler/346853/verein_id/3383
[422/1292] Rodrigo Bentancur | URU | MID | 3.0 mio.
  OK: caps=73 caps_link=True source=ceapi_performance_game latest=2026-03-31 recent20_start=0.5 usage=0.6
  National URL: https://www.transfermarkt.de/rodrigo-bentancur/nationalmannschaft/spieler/354362/verein_id/3449
[423/1292] Rodrigo Aguirre | URU | FWD | 3.0 mio.
  OK: caps=10 caps_link=True source=ceapi_performance_game latest=2026-03-31 recent20_start=0.5 usage=0.44
  National URL: https://www.transfermarkt.de/rodrigo-aguirre/nationalmannschaft/spieler/189410/verein_id/3449
[424/1292] Roberto 'Gatito' Fernandez | PAR | GK | 3.0 mio.
  FEJL: 500 Server Error: Internal Server Error for url: https://www.transfermarkt.com/schnellsuche/ergebnis/schnellsuche?query=Roberto+%27Gatito%27+Fernandez
[425/1292] Richie Laryea | CAN | DEF | 3.0 mio.
  OK: caps=75 caps_link=True source=ceapi_performance_game latest=2026-06-02 recent20_start=0.8 usage=0.89
  National URL: https://www.transfermarkt.de/richie-laryea/nationalmannschaft/spieler/417348/verein_id/3510
[426/1292] Ricardo Rodriguez | SUI | DEF | 3.0 mio.
  OK: caps=137 caps_link=True source=ceapi_performance_game latest=2026-05-31 recent20_start=0.85 usage=0.8675
  National URL: https://www.transfermarkt.de/ricardo-rodriguez/nationalmannschaft/spieler/86784/verein_id/3384
[427/1292] Rayan Ait-Nouri | ALG | DEF | 3.0 mio.
  OK: caps=28 caps_link=True source=ceapi_performance_game latest=2026-06-03 recent20_start=0.5 usage=0.587
  National URL: https://www.transfermarkt.de/rayan-ait-nouri/nationalmannschaft/spieler/578391/verein_id/3614
[428/1292] Rayan | BRA | FWD | 3.0 mio.
  OK: caps=6 caps_link=True source=ceapi_performance_game latest=2026-06-04 recent20_start=0.364 usage=0.3242
  National URL: https://www.transfermarkt.de/rayan-cherki/nationalmannschaft/spieler/607223/verein_id/3377
[429/1292] Rani Khedira | TUN | MID | 3.0 mio.
  OK: caps=3 caps_link=True source=ceapi_performance_game latest=2026-06-01 recent20_start=1.0 usage=0.812
  National URL: https://www.transfermarkt.de/rani-khedira/nationalmannschaft/spieler/124410/verein_id/3670
[430/1292] Ramy Bensebaini | ALG | DEF | 3.0 mio.
  OK: caps=81 caps_link=True source=ceapi_performance_game latest=2026-06-03 recent20_start=0.45 usage=0.5975
  National URL: https://www.transfermarkt.de/ramy-bensebaini/nationalmannschaft/spieler/284732/verein_id/3614
[431/1292] Ramon Sosa | PAR | MID | 3.0 mio.
  OK: caps=28 caps_link=True source=ceapi_performance_game latest=2026-03-31 recent20_start=0.3 usage=0.352
  National URL: https://www.transfermarkt.de/ramon-sosa/nationalmannschaft/spieler/745191/verein_id/3581
[432/1292] Rami Rabia | EGY | DEF | 3.0 mio.
  OK: caps=44 caps_link=True source=ceapi_performance_game latest=2026-05-28 recent20_start=0.55 usage=0.6035
  National URL: https://www.transfermarkt.de/ramy-rabia/nationalmannschaft/spieler/172623/verein_id/3672
[433/1292] Quinten Timber | NED | MID | 3.0 mio.
  OK: caps=11 caps_link=True source=ceapi_performance_game latest=2026-06-03 recent20_start=0.2 usage=0.204
  National URL: https://www.transfermarkt.de/quinten-timber/nationalmannschaft/spieler/420213/verein_id/3379
[434/1292] Promise David | CAN | FWD | 3.0 mio.
  OK: caps=9 caps_link=True source=ceapi_performance_game latest=2026-06-02 recent20_start=0.111 usage=0.097
  National URL: https://www.transfermarkt.de/promise-david/nationalmannschaft/spieler/888785/verein_id/3510
[435/1292] Pierre Kalulu | FRA | DEF | 3.0 mio.
  OK: caps=3 caps_link=True source=ceapi_performance_game latest=2026-03-29 recent20_start=0.2 usage=0.172
  National URL: https://www.transfermarkt.de/pierre-kalulu/nationalmannschaft/spieler/585949/verein_id/3377
[436/1292] Philipp Lienhart | AUT | DEF | 3.0 mio.
  OK: caps=41 caps_link=True source=ceapi_performance_game latest=2026-06-01 recent20_start=0.85 usage=0.8315
  National URL: https://www.transfermarkt.de/philipp-lienhart/nationalmannschaft/spieler/225657/verein_id/3383
[437/1292] Petar Sucic | CRO | MID | 3.0 mio.
  OK: caps=16 caps_link=True source=ceapi_performance_game latest=2026-06-02 recent20_start=0.684 usage=0.6402
  National URL: https://www.transfermarkt.de/petar-sucic/nationalmannschaft/spieler/668207/verein_id/3556
[438/1292] Pedro 'Pote' Goncalves | POR | MID | 3.0 mio.
  FEJL: 500 Server Error: Internal Server Error for url: https://www.transfermarkt.com/schnellsuche/ergebnis/schnellsuche?query=Pedro+%27Pote%27+Goncalves
[439/1292] Patrick Wimmer | AUT | MID | 3.0 mio.
  OK: caps=30 caps_link=True source=ceapi_performance_game latest=2026-06-01 recent20_start=0.45 usage=0.4425
  National URL: https://www.transfermarkt.de/patrick-wimmer/nationalmannschaft/spieler/533295/verein_id/3383
[440/1292] Patrick Pentz | AUT | GK | 3.0 mio.
  OK: caps=18 caps_link=True source=ceapi_performance_game latest=2026-06-01 recent20_start=0.45 usage=0.3945
  National URL: https://www.transfermarkt.de/patrick-pentz/nationalmannschaft/spieler/223972/verein_id/3383
[441/1292] Patrick Agyemang | USA | FWD | 3.0 mio.
  OK: caps=14 caps_link=True source=ceapi_performance_game latest=2026-03-31 recent20_start=0.45 usage=0.3535
  National URL: https://www.transfermarkt.de/patrick-agyemang/nationalmannschaft/spieler/1089574/verein_id/3505
[442/1292] Pascal Loretz | SUI | GK | 3.0 mio.
  OK: caps=0 caps_link=True source=ceapi_performance_game latest=2025-09-08 recent20_start=0.0 usage=0.0
  National URL: https://www.transfermarkt.de/pascal-loretz/nationalmannschaft/spieler/583038/verein_id/3384
[443/1292] Pascal Gross | GER | MID | 3.0 mio.
  OK: caps=18 caps_link=True source=ceapi_performance_game latest=2026-05-31 recent20_start=0.4 usage=0.367
  National URL: https://www.transfermarkt.de/pascal-gross/nationalmannschaft/spieler/82873/verein_id/3262
[444/1292] Pape Cherif Ndiaye | SEN | FWD | 3.0 mio.
  OK: caps=18 caps_link=True source=ceapi_performance_game latest=2026-05-31 recent20_start=0.05 usage=0.1245
  National URL: https://www.transfermarkt.de/cherif-ndiaye/nationalmannschaft/spieler/480705/verein_id/3499
[445/1292] Pape Alassane Gueye | SEN | MID | 3.0 mio.
  OK: caps=41 caps_link=True source=ceapi_performance_game latest=2026-05-31 recent20_start=0.6 usage=0.669
  National URL: https://www.transfermarkt.de/pape-gueye/nationalmannschaft/spieler/485963/verein_id/3499
[446/1292] Oscar Bobb | NOR | MID | 3.0 mio.
  OK: caps=19 caps_link=True source=ceapi_performance_game latest=2026-06-01 recent20_start=0.35 usage=0.4185
  National URL: https://www.transfermarkt.de/oscar-bobb/nationalmannschaft/spieler/661207/verein_id/3440
[447/1292] Orlando Gill | PAR | GK | 3.0 mio.
  OK: caps=5 caps_link=True source=ceapi_performance_game latest=2026-03-31 recent20_start=0.5 usage=0.42
  National URL: https://www.transfermarkt.de/orlando-gill/nationalmannschaft/spieler/643259/verein_id/3581
[448/1292] Orkun Kökcü | TUR | MID | 3.0 mio.
  OK: caps=49 caps_link=True source=ceapi_performance_game latest=2026-06-01 recent20_start=0.55 usage=0.5985
  National URL: https://www.transfermarkt.de/orkun-kokcu/nationalmannschaft/spieler/454567/verein_id/3381
[449/1292] Orbelin Pineda | MEX | MID | 3.0 mio.
  OK: caps=92 caps_link=True source=ceapi_performance_game latest=2026-06-05 recent20_start=0.3 usage=0.44
  National URL: https://www.transfermarkt.de/orbelin-pineda/nationalmannschaft/spieler/334042/verein_id/6303
[450/1292] Noah Okafor | SUI | MID | 3.0 mio.
  OK: caps=24 caps_link=True source=ceapi_performance_game latest=2026-05-31 recent20_start=0.05 usage=0.1235
  National URL: https://www.transfermarkt.de/noah-okafor/nationalmannschaft/spieler/346890/verein_id/3384
[451/1292] Noa Lang | NED | FWD | 3.0 mio.
  OK: caps=15 caps_link=True source=ceapi_performance_game latest=2026-06-03 recent20_start=0.05 usage=0.0875
  National URL: https://www.transfermarkt.de/noa-lang/nationalmannschaft/spieler/339332/verein_id/3379
[452/1292] Nikola Vlasic | CRO | MID | 3.0 mio.
  OK: caps=62 caps_link=True source=ceapi_performance_game latest=2026-06-02 recent20_start=0.1 usage=0.305
  National URL: https://www.transfermarkt.de/nikola-vlasic/nationalmannschaft/spieler/293200/verein_id/3556
[453/1292] Nikola Vasilj | BIH | GK | 3.0 mio.
  OK: caps=25 caps_link=True source=ceapi_performance_game latest=2026-05-29 recent20_start=0.8 usage=0.74
  National URL: https://www.transfermarkt.de/nikola-vasilj/nationalmannschaft/spieler/248454/verein_id/3446
[454/1292] Nikola Katic | BIH | DEF | 3.0 mio.
  OK: caps=16 caps_link=True source=ceapi_performance_game latest=2026-05-29 recent20_start=0.6 usage=0.544
  National URL: https://www.transfermarkt.de/nikola-katic/nationalmannschaft/spieler/422051/verein_id/3446
[455/1292] Nicolas de la Cruz | URU | MID | 3.0 mio.
  OK: caps=34 caps_link=True source=ceapi_performance_game latest=2026-03-31 recent20_start=0.0 usage=0.136
  National URL: https://www.transfermarkt.de/nicolas-de-la-cruz/nationalmannschaft/spieler/397458/verein_id/3449
[456/1292] Nico Elvedi | SUI | DEF | 3.0 mio.
  OK: caps=66 caps_link=True source=ceapi_performance_game latest=2026-05-31 recent20_start=0.65 usage=0.8075
  National URL: https://www.transfermarkt.de/nico-elvedi/nationalmannschaft/spieler/192635/verein_id/3384
[457/1292] Neil El Aynaoui | MAR | MID | 3.0 mio.
  OK: caps=15 caps_link=True source=ceapi_performance_game latest=2026-06-02 recent20_start=0.6 usage=0.59
  National URL: https://www.transfermarkt.de/neil-el-aynaoui/nationalmannschaft/spieler/901019/verein_id/3575
[458/1292] Nayef Aguerd | MAR | DEF | 3.0 mio.
  OK: caps=64 caps_link=True source=ceapi_performance_game latest=2026-06-02 recent20_start=0.4 usage=0.57
  National URL: https://www.transfermarkt.de/nayef-aguerd/nationalmannschaft/spieler/361914/verein_id/3575
[459/1292] Nathan Saliba | CAN | MID | 3.0 mio.
  OK: caps=14 caps_link=True source=ceapi_performance_game latest=2026-06-02 recent20_start=0.35 usage=0.3485
  National URL: https://www.transfermarkt.de/nathan-dylan-saliba/nationalmannschaft/spieler/842420/verein_id/3510
[460/1292] N'Golo Kante | FRA | MID | 3.0 mio.
  OK: caps=68 caps_link=True source=ceapi_performance_game latest=2026-06-04 recent20_start=0.3 usage=0.415
  National URL: https://www.transfermarkt.de/ngolo-kante/nationalmannschaft/spieler/225083/verein_id/3377
[461/1292] Munir El Kajoui | MAR | GK | 3.0 mio.
  OK: caps=52 caps_link=True source=ceapi_performance_game latest=2026-06-02 recent20_start=0.1 usage=0.305
  National URL: https://www.transfermarkt.de/munir-el-kajoui/nationalmannschaft/spieler/97925/verein_id/3575
[462/1292] Muhammed Sengezer | TUR | GK | 3.0 mio.
  OK: caps=1 caps_link=True source=ceapi_performance_game latest=2026-06-01 recent20_start=0.0 usage=0.004
  National URL: https://www.transfermarkt.de/muhammed-sengezer/nationalmannschaft/spieler/330871/verein_id/3381
[463/1292] Moussa Niakhate | SEN | DEF | 3.0 mio.
  OK: caps=30 caps_link=True source=ceapi_performance_game latest=2026-05-31 recent20_start=0.55 usage=0.5975
  National URL: https://www.transfermarkt.de/moussa-niakhate/nationalmannschaft/spieler/291200/verein_id/3499
[464/1292] Mousa Tamari | JOR | MID | 3.0 mio.
  OK: caps=76 caps_link=True source=ceapi_performance_game latest=2026-05-31 recent20_start=0.55 usage=0.5775
  National URL: https://www.transfermarkt.de/mousa-tamari/nationalmannschaft/spieler/551505/verein_id/15737
[465/1292] Mory Diaw | SEN | GK | 3.0 mio.
  OK: caps=5 caps_link=True source=ceapi_performance_game latest=2026-05-31 recent20_start=0.15 usage=0.1525
  National URL: https://www.transfermarkt.de/mory-diaw/nationalmannschaft/spieler/164904/verein_id/3499
[466/1292] Montassar Talbi | TUN | DEF | 3.0 mio.
  OK: caps=63 caps_link=True source=ceapi_performance_game latest=2026-06-01 recent20_start=0.65 usage=0.7075
  National URL: https://www.transfermarkt.de/montassar-talbi/nationalmannschaft/spieler/496706/verein_id/3670
[467/1292] Moises Caicedo | ECU | MID | 3.0 mio.
  OK: caps=60 caps_link=True source=ceapi_performance_game latest=2026-05-31 recent20_start=0.75 usage=0.7625
  National URL: https://www.transfermarkt.de/moises-caicedo/nationalmannschaft/spieler/687626/verein_id/5750
[468/1292] Mohanad Ali | IRQ | FWD | 3.0 mio.
  OK: caps=69 caps_link=True source=ceapi_performance_game latest=2026-06-04 recent20_start=0.45 usage=0.5975
  National URL: https://www.transfermarkt.de/mohanad-ali/nationalmannschaft/spieler/589646/verein_id/3560
[469/1292] Mohammad Mohebi | IRN | FWD | 3.0 mio.
  OK: caps=35 caps_link=True source=ceapi_performance_game latest=2026-06-04 recent20_start=0.65 usage=0.6975
  National URL: https://www.transfermarkt.de/mohammad-mohebi/nationalmannschaft/spieler/603149/verein_id/3582
[470/1292] Mohamed Toure | AUS | FWD | 3.0 mio.
  OK: caps=9 caps_link=True source=ceapi_performance_game latest=2026-05-31 recent20_start=0.25 usage=0.2985
  National URL: https://www.transfermarkt.de/mohamed-toure/nationalmannschaft/spieler/742770/verein_id/3433
[471/1292] Mohamed Kone | CIV | GK | 3.0 mio.
  OK: caps=0 caps_link=True source=ceapi_performance_game latest=2026-06-04 recent20_start=0.0 usage=0.0
  National URL: https://www.transfermarkt.de/mohamed-kone/nationalmannschaft/spieler/911985/verein_id/3591
[472/1292] Mohamed Kanno | KSA | MID | 3.0 mio.
  OK: caps=73 caps_link=True source=ceapi_performance_game latest=2026-05-31 recent20_start=0.55 usage=0.7025
  National URL: https://www.transfermarkt.de/mohamed-kanno/nationalmannschaft/spieler/308120/verein_id/3807
[473/1292] Mohamed El-Shennawy | EGY | GK | 3.0 mio.
  FEJL: Ingen Transfermarkt-profil fundet
[474/1292] Meschack Elia | COD | MID | 3.0 mio.
  OK: caps=65 caps_link=True source=ceapi_performance_game latest=2026-06-03 recent20_start=0.4 usage=0.545
  National URL: https://www.transfermarkt.de/meschack-elia/nationalmannschaft/spieler/423678/verein_id/3854
[475/1292] Mert Müldür | TUR | DEF | 3.0 mio.
  OK: caps=44 caps_link=True source=ceapi_performance_game latest=2026-06-01 recent20_start=0.65 usage=0.6835
  National URL: https://www.transfermarkt.de/mert-muldur/nationalmannschaft/spieler/353922/verein_id/3381
[476/1292] Merih Demiral | TUR | DEF | 3.0 mio.
  OK: caps=62 caps_link=True source=ceapi_performance_game latest=2026-06-01 recent20_start=0.65 usage=0.7325
  National URL: https://www.transfermarkt.de/merih-demiral/nationalmannschaft/spieler/340879/verein_id/3381
[477/1292] Mehdi Ghayedi | IRN | MID | 3.0 mio.
  OK: caps=28 caps_link=True source=ceapi_performance_game latest=2026-06-04 recent20_start=0.25 usage=0.2745
  National URL: https://www.transfermarkt.de/mehdi-ghayedi/nationalmannschaft/spieler/478192/verein_id/3582
[478/1292] Maxime Crepeau | CAN | GK | 3.0 mio.
  OK: caps=31 caps_link=True source=ceapi_performance_game latest=2026-06-02 recent20_start=0.35 usage=0.4415
  National URL: https://www.transfermarkt.de/maxime-crepeau/nationalmannschaft/spieler/189014/verein_id/3510
[479/1292] Maxence Lacroix | FRA | DEF | 3.0 mio.
  OK: caps=3 caps_link=True source=ceapi_performance_game latest=2026-06-04 recent20_start=0.333 usage=0.2784
  National URL: https://www.transfermarkt.de/maxence-lacroix/nationalmannschaft/spieler/434224/verein_id/3377
[480/1292] Max Arfsten | USA | DEF | 3.0 mio.
  OK: caps=19 caps_link=True source=ceapi_performance_game latest=2026-05-31 recent20_start=0.6 usage=0.531
  National URL: https://www.transfermarkt.de/max-arfsten/nationalmannschaft/spieler/993063/verein_id/3505
[481/1292] Matthieu Epolo | COD | GK | 3.0 mio.
  OK: caps=1 caps_link=True source=ceapi_performance_game latest=2026-06-03 recent20_start=0.0 usage=0.004
  National URL: https://www.transfermarkt.de/matthieu-epolo/nationalmannschaft/spieler/680218/verein_id/3854
[482/1292] Matt Turner | USA | GK | 3.0 mio.
  OK: caps=54 caps_link=True source=ceapi_performance_game latest=2026-05-31 recent20_start=0.25 usage=0.3875
  National URL: https://www.transfermarkt.de/matt-turner/nationalmannschaft/spieler/425306/verein_id/3505
[483/1292] Mathew Ryan | AUS | GK | 3.0 mio.
  OK: caps=104 caps_link=True source=ceapi_performance_game latest=2026-05-31 recent20_start=0.55 usage=0.6275
  National URL: https://www.transfermarkt.de/mathew-ryan/nationalmannschaft/spieler/128969/verein_id/3433
[484/1292] Matej Kovar | CZE | GK | 3.0 mio.
  OK: caps=20 caps_link=True source=ceapi_performance_game latest=2026-06-05 recent20_start=0.85 usage=0.7225
  National URL: https://www.transfermarkt.de/matej-kovar/nationalmannschaft/spieler/550829/verein_id/3445
[485/1292] Marwan Ateya | EGY | MID | 3.0 mio.
  OK: caps=34 caps_link=True source=ceapi_performance_game latest=2026-05-28 recent20_start=0.65 usage=0.6935
  National URL: https://www.transfermarkt.de/marwan-ateya/nationalmannschaft/spieler/734542/verein_id/3672
[486/1292] Marvin Keller | SUI | GK | 3.0 mio.
  OK: caps=1 caps_link=True source=ceapi_performance_game latest=2026-05-31 recent20_start=0.0 usage=0.004
  National URL: https://www.transfermarkt.de/marvin-keller/nationalmannschaft/spieler/500763/verein_id/3384
[487/1292] Martin Erlic | CRO | DEF | 3.0 mio.
  OK: caps=12 caps_link=True source=ceapi_performance_game latest=2026-06-02 recent20_start=0.15 usage=0.1805
  National URL: https://www.transfermarkt.de/martin-erlic/nationalmannschaft/spieler/357003/verein_id/3556
[488/1292] Martin Caceres | URU | DEF | 3.0 mio.
  OK: caps=116 caps_link=True source=ceapi_performance_game latest=2022-12-02 recent20_start=0.25 usage=0.4125
  National URL: https://www.transfermarkt.de/martin-caceres/nationalmannschaft/spieler/54935/verein_id/3449
[489/1292] Martin Baturina | CRO | MID | 3.0 mio.
  OK: caps=18 caps_link=True source=ceapi_performance_game latest=2026-06-02 recent20_start=0.45 usage=0.4195
  National URL: https://www.transfermarkt.de/martin-baturina/nationalmannschaft/spieler/580451/verein_id/3556
[490/1292] Martial Godo | CIV | FWD | 3.0 mio.
  OK: caps=1 caps_link=True source=ceapi_performance_game latest=2026-03-31 recent20_start=0.5 usage=0.404
  National URL: https://www.transfermarkt.de/martial-godo/nationalmannschaft/spieler/992686/verein_id/3591
[491/1292] Marco Pasalic | CRO | FWD | 3.0 mio.
  OK: caps=14 caps_link=True source=ceapi_performance_game latest=2026-06-02 recent20_start=0.15 usage=0.2135
  National URL: https://www.transfermarkt.de/marco-pasalic/nationalmannschaft/spieler/395928/verein_id/3556
[492/1292] Malick Thiaw | GER | DEF | 3.0 mio.
  OK: caps=5 caps_link=True source=ceapi_performance_game latest=2026-05-31 recent20_start=0.0 usage=0.02
  National URL: https://www.transfermarkt.de/malick-thiaw/nationalmannschaft/spieler/521964/verein_id/3262
[493/1292] Mahmoud Trezeguet | EGY | MID | 3.0 mio.
  FEJL: Ingen Transfermarkt-profil fundet
[494/1292] Lukas Provod | CZE | MID | 3.0 mio.
  OK: caps=38 caps_link=True source=ceapi_performance_game latest=2026-06-05 recent20_start=0.65 usage=0.6345
  National URL: https://www.transfermarkt.de/lukas-provod/nationalmannschaft/spieler/292779/verein_id/3445
[495/1292] Lukas Cerv | CZE | MID | 3.0 mio.
  OK: caps=17 caps_link=True source=ceapi_performance_game latest=2026-06-05 recent20_start=0.65 usage=0.5505
  National URL: https://www.transfermarkt.de/lukas-cerv/nationalmannschaft/spieler/611049/verein_id/3445
[496/1292] Luiz Henrique | BRA | FWD | 3.0 mio.
  OK: caps=14 caps_link=True source=ceapi_performance_game latest=2026-05-31 recent20_start=0.263 usage=0.3007
  National URL: https://www.transfermarkt.de/luiz-henrique/nationalmannschaft/spieler/800175/verein_id/3439
[497/1292] Lucas Hernandez | FRA | DEF | 3.0 mio.
  OK: caps=42 caps_link=True source=ceapi_performance_game latest=2026-06-04 recent20_start=0.15 usage=0.3255
  National URL: https://www.transfermarkt.de/lucas-hernandez/nationalmannschaft/spieler/281963/verein_id/3377
[498/1292] Luca Zidane | ALG | GK | 3.0 mio.
  OK: caps=7 caps_link=True source=ceapi_performance_game latest=2026-06-03 recent20_start=0.438 usage=0.4189
  National URL: https://www.transfermarkt.de/luca-zidane/nationalmannschaft/spieler/283489/verein_id/3614
[499/1292] Liam Millar | CAN | MID | 3.0 mio.
  OK: caps=40 caps_link=True source=ceapi_performance_game latest=2026-06-02 recent20_start=0.1 usage=0.265
  National URL: https://www.transfermarkt.de/liam-millar/nationalmannschaft/spieler/487417/verein_id/3510
[500/1292] Liam Kelly | SCO | GK | 3.0 mio.
  OK: caps=1 caps_link=True source=ceapi_performance_game latest=2014-11-17 recent20_start=0.5 usage=0.404
  National URL: https://www.transfermarkt.de/liam-kelly/nationalmannschaft/spieler/252986/verein_id/21103
[501/1292] Leo Pereira | BRA | DEF | 3.0 mio.
  OK: caps=3 caps_link=True source=ceapi_performance_game latest=2026-05-31 recent20_start=1.0 usage=0.812
  National URL: https://www.transfermarkt.de/leo-pereira/nationalmannschaft/spieler/288431/verein_id/3439
[502/1292] Lawrence Ati Zigi | GHA | GK | 3.0 mio.
  OK: caps=29 caps_link=True source=ceapi_performance_game latest=2026-06-02 recent20_start=0.35 usage=0.3585
  National URL: https://www.transfermarkt.de/lawrence-ati-zigi/nationalmannschaft/spieler/254285/verein_id/3441
[503/1292] Lamine Camara | SEN | MID | 3.0 mio.
  OK: caps=32 caps_link=True source=ceapi_performance_game latest=2026-05-31 recent20_start=0.25 usage=0.3655
  National URL: https://www.transfermarkt.de/lamine-camara/nationalmannschaft/spieler/918969/verein_id/3499
[504/1292] Ladislav Krejci | CZE | DEF | 3.0 mio.
  OK: caps=27 caps_link=True source=ceapi_performance_game latest=2026-06-05 recent20_start=0.7 usage=0.668
  National URL: https://www.transfermarkt.de/ladislav-krejci/nationalmannschaft/spieler/345911/verein_id/3445
[505/1292] Kristoffer Ajer | NOR | DEF | 3.0 mio.
  OK: caps=51 caps_link=True source=ceapi_performance_game latest=2026-06-01 recent20_start=0.75 usage=0.8375
  National URL: https://www.transfermarkt.de/kristoffer-ajer/nationalmannschaft/spieler/328658/verein_id/3440
[506/1292] Konrad Laimer | AUT | MID | 3.0 mio.
  OK: caps=57 caps_link=True source=ceapi_performance_game latest=2026-06-01 recent20_start=0.9 usage=0.92
  National URL: https://www.transfermarkt.de/konrad-laimer/nationalmannschaft/spieler/223967/verein_id/3383
[507/1292] Koni de Winter | BEL | DEF | 3.0 mio.
  OK: caps=8 caps_link=True source=ceapi_performance_game latest=2026-06-02 recent20_start=0.2 usage=0.217
  National URL: https://www.transfermarkt.de/koni-de-winter/nationalmannschaft/spieler/490384/verein_id/3382
[508/1292] Khuliso Mudau | RSA | DEF | 3.0 mio.
  OK: caps=32 caps_link=True source=ceapi_performance_game latest=2026-05-29 recent20_start=0.5 usage=0.628
  National URL: https://www.transfermarkt.de/khuliso-mudau/nationalmannschaft/spieler/450806/verein_id/3806
[509/1292] Kevin Rodriguez | ECU | FWD | 3.0 mio.
  OK: caps=31 caps_link=True source=ceapi_performance_game latest=2026-05-31 recent20_start=0.15 usage=0.2565
  National URL: https://www.transfermarkt.de/kevin-rodriguez/nationalmannschaft/spieler/684159/verein_id/5750
[510/1292] Kevin Castano | COL | MID | 3.0 mio.
  OK: caps=25 caps_link=True source=ceapi_performance_game latest=2026-06-01 recent20_start=0.25 usage=0.3125
  National URL: https://www.transfermarkt.de/kevin-castano/nationalmannschaft/spieler/857948/verein_id/3816
[511/1292] Kendry Paez | ECU | MID | 3.0 mio.
  OK: caps=25 caps_link=True source=ceapi_performance_game latest=2026-05-31 recent20_start=0.3 usage=0.34
  National URL: https://www.transfermarkt.de/kendry-paez/nationalmannschaft/spieler/1052439/verein_id/5750
[512/1292] Keito Nakamura | JPN | MID | 3.0 mio.
  OK: caps=25 caps_link=True source=ceapi_performance_game latest=2026-05-31 recent20_start=0.35 usage=0.4175
  National URL: https://www.transfermarkt.de/keito-nakamura/nationalmannschaft/spieler/405397/verein_id/3435
[513/1292] Kamaldeen Sulemana | GHA | FWD | 3.0 mio.
  OK: caps=28 caps_link=True source=ceapi_performance_game latest=2026-06-02 recent20_start=0.15 usage=0.2695
  National URL: https://www.transfermarkt.de/kamaldeen-sulemana/nationalmannschaft/spieler/746695/verein_id/3441
[514/1292] Jørgen Strand Larsen | NOR | FWD | 3.0 mio.
  OK: caps=27 caps_link=True source=ceapi_performance_game latest=2026-06-01 recent20_start=0.15 usage=0.2655
  National URL: https://www.transfermarkt.de/jorgen-strand-larsen/nationalmannschaft/spieler/429983/verein_id/3440
[515/1292] Junior Alonso | PAR | DEF | 3.0 mio.
  OK: caps=70 caps_link=True source=ceapi_performance_game latest=2026-03-31 recent20_start=0.75 usage=0.8125
  National URL: https://www.transfermarkt.de/junior-alonso/nationalmannschaft/spieler/273000/verein_id/3581
[516/1292] Juninho Bacuna | CUW | MID | 3.0 mio.
  OK: caps=48 caps_link=True source=ceapi_performance_game latest=2026-05-30 recent20_start=0.95 usage=0.9395
  National URL: https://www.transfermarkt.de/juninho-bacuna/nationalmannschaft/spieler/348863/verein_id/32364
[517/1292] Julio Soler | ARG | DEF | 3.0 mio.
  OK: caps=18 caps_link=True source=ceapi_performance_game latest=2025-10-19 recent20_start=0.7 usage=0.657
  National URL: https://www.transfermarkt.de/julio-soler/nationalmannschaft/spieler/1009658/verein_id/11940
[518/1292] Julian Quinones | MEX | FWD | 3.0 mio.
  OK: caps=22 caps_link=True source=ceapi_performance_game latest=2026-06-05 recent20_start=0.2 usage=0.248
  National URL: https://www.transfermarkt.de/julian-quinones/nationalmannschaft/spieler/416090/verein_id/6303
[519/1292] Juan Manuel Sanabria | URU | MID | 3.0 mio.
  OK: caps=5 caps_link=True source=ceapi_performance_game latest=2026-03-31 recent20_start=0.375 usage=0.32
  National URL: https://www.transfermarkt.de/juan-manuel-sanabria/nationalmannschaft/spieler/446106/verein_id/3449
[520/1292] Juan Jose Caceres | PAR | DEF | 3.0 mio.
  FEJL: HTTPSConnectionPool(host='www.transfermarkt.com', port=443): Read timed out. (read timeout=30)
[521/1292] Juan Cabal | COL | DEF | 3.0 mio.
  OK: caps=3 caps_link=True source=ceapi_performance_game latest=2026-03-29 recent20_start=0.05 usage=0.0645
  National URL: https://www.transfermarkt.de/juan-cabal/nationalmannschaft/spieler/686965/verein_id/3816
[522/1292] Josip Sutalo | CRO | DEF | 3.0 mio.
  OK: caps=32 caps_link=True source=ceapi_performance_game latest=2026-06-02 recent20_start=0.75 usage=0.6905
  National URL: https://www.transfermarkt.de/josip-sutalo/nationalmannschaft/spieler/371001/verein_id/3556
[523/1292] Jose Luis Rodriguez Bebanz | URU | DEF | 3.0 mio.
  OK: caps=5 caps_link=True source=ceapi_performance_game latest=2026-03-31 recent20_start=0.1 usage=0.125
  National URL: https://www.transfermarkt.de/jose-luis-rodriguez/nationalmannschaft/spieler/430339/verein_id/3449
[524/1292] Jose Fajardo | PAN | FWD | 3.0 mio.
  OK: caps=67 caps_link=True source=ceapi_performance_game latest=2026-06-04 recent20_start=0.25 usage=0.4125
  National URL: https://www.transfermarkt.de/jose-fajardo/nationalmannschaft/spieler/546803/verein_id/3577
[525/1292] Jordan Bos | AUS | DEF | 3.0 mio.
  OK: caps=26 caps_link=True source=ceapi_performance_game latest=2026-05-31 recent20_start=0.3 usage=0.369
  National URL: https://www.transfermarkt.de/jordan-bos/nationalmannschaft/spieler/855731/verein_id/3433
[526/1292] Jordan Ayew | GHA | FWD | 3.0 mio.
  OK: caps=118 caps_link=True source=ceapi_performance_game latest=2026-06-02 recent20_start=0.7 usage=0.76
  National URL: https://www.transfermarkt.de/jordan-ayew/nationalmannschaft/spieler/108354/verein_id/3441
[527/1292] Jonathan Osorio | CAN | MID | 3.0 mio.
  OK: caps=91 caps_link=True source=ceapi_performance_game latest=2026-06-02 recent20_start=0.15 usage=0.3075
  National URL: https://www.transfermarkt.de/jonathan-osorio/nationalmannschaft/spieler/260807/verein_id/3510
[528/1292] John Yeboah | ECU | MID | 3.0 mio.
  OK: caps=22 caps_link=True source=ceapi_performance_game latest=2026-05-31 recent20_start=0.5 usage=0.563
  National URL: https://www.transfermarkt.de/john-yeboah/nationalmannschaft/spieler/439914/verein_id/5750
[529/1292] Johan Vasquez | MEX | DEF | 3.0 mio.
  OK: caps=46 caps_link=True source=ceapi_performance_game latest=2026-06-05 recent20_start=0.7 usage=0.694
  National URL: https://www.transfermarkt.de/johan-vasquez/nationalmannschaft/spieler/532937/verein_id/6303
[530/1292] Johan Manzambi | SUI | MID | 3.0 mio.
  OK: caps=11 caps_link=True source=ceapi_performance_game latest=2026-05-31 recent20_start=0.273 usage=0.2692
  National URL: https://www.transfermarkt.de/johan-manzambi/nationalmannschaft/spieler/927353/verein_id/3384
[531/1292] Jhon Cordoba | COL | FWD | 3.0 mio.
  OK: caps=21 caps_link=True source=ceapi_performance_game latest=2026-06-01 recent20_start=0.4 usage=0.354
  National URL: https://www.transfermarkt.de/jhon-cordoba/nationalmannschaft/spieler/185245/verein_id/3816
[532/1292] Jhon Arias | COL | MID | 3.0 mio.
  OK: caps=37 caps_link=True source=ceapi_performance_game latest=2026-06-01 recent20_start=0.7 usage=0.633
  National URL: https://www.transfermarkt.de/jhon-arias/nationalmannschaft/spieler/588989/verein_id/3816
[533/1292] Jesus Gallardo | MEX | DEF | 3.0 mio.
  OK: caps=122 caps_link=True source=ceapi_performance_game latest=2026-06-05 recent20_start=0.65 usage=0.7325
  National URL: https://www.transfermarkt.de/jesus-gallardo/nationalmannschaft/spieler/344854/verein_id/6303
[534/1292] Jesper Karlström | SWE | MID | 3.0 mio.
  OK: caps=25 caps_link=True source=ceapi_performance_game latest=2026-06-04 recent20_start=0.4 usage=0.445
  National URL: https://www.transfermarkt.de/jesper-karlstrom/nationalmannschaft/spieler/222855/verein_id/3557
[535/1292] Jefferson Lerma | COL | MID | 3.0 mio.
  OK: caps=64 caps_link=True source=ceapi_performance_game latest=2026-06-01 recent20_start=0.7 usage=0.76
  National URL: https://www.transfermarkt.de/jefferson-lerma/nationalmannschaft/spieler/262980/verein_id/3816
[536/1292] Jearl Margaritha | CUW | FWD | 3.0 mio.
  OK: caps=21 caps_link=True source=ceapi_performance_game latest=2026-05-30 recent20_start=0.7 usage=0.569
  National URL: https://www.transfermarkt.de/jearl-margaritha/nationalmannschaft/spieler/538958/verein_id/32364
[537/1292] Jean-Ricner Bellegarde | HAI | MID | 3.0 mio.
  OK: caps=9 caps_link=True source=ceapi_performance_game latest=2026-06-03 recent20_start=0.889 usage=0.7472
  National URL: https://www.transfermarkt.de/jean-ricner-bellegarde/nationalmannschaft/spieler/450050/verein_id/14161
[538/1292] Jarrod Bowen | ENG | FWD | 3.0 mio.
  OK: caps=22 caps_link=True source=ceapi_performance_game latest=2026-03-31 recent20_start=0.1 usage=0.168
  National URL: https://www.transfermarkt.de/jarrod-bowen/nationalmannschaft/spieler/314875/verein_id/3299
[539/1292] Jan Paul van Hecke | NED | DEF | 3.0 mio.
  OK: caps=11 caps_link=True source=ceapi_performance_game latest=2026-06-03 recent20_start=0.368 usage=0.3214
  National URL: https://www.transfermarkt.de/jan-paul-van-hecke/nationalmannschaft/spieler/576314/verein_id/3379
[540/1292] Jamie Leweling | GER | MID | 3.0 mio.
  OK: caps=4 caps_link=True source=ceapi_performance_game latest=2026-05-31 recent20_start=0.118 usage=0.1059
  National URL: https://www.transfermarkt.de/jamie-leweling/nationalmannschaft/spieler/518505/verein_id/3262
[541/1292] Iñaki Williams | GHA | FWD | 3.0 mio.
  OK: caps=26 caps_link=True source=ceapi_performance_game latest=2026-06-02 recent20_start=0.2 usage=0.239
  National URL: https://www.transfermarkt.de/inaki-williams/nationalmannschaft/spieler/255508/verein_id/3441
[542/1292] Ivan Sunjic | BIH | MID | 3.0 mio.
  OK: caps=11 caps_link=True source=ceapi_performance_game latest=2026-05-29 recent20_start=0.733 usage=0.5972
  National URL: https://www.transfermarkt.de/ivan-sunjic/nationalmannschaft/spieler/226097/verein_id/3446
[543/1292] Israel Reyes | MEX | DEF | 3.0 mio.
  OK: caps=34 caps_link=True source=ceapi_performance_game latest=2026-06-05 recent20_start=0.45 usage=0.5335
  National URL: https://www.transfermarkt.de/israel-reyes/nationalmannschaft/spieler/687558/verein_id/6303
[544/1292] Ismael Kone | CAN | MID | 3.0 mio.
  OK: caps=39 caps_link=True source=ceapi_performance_game latest=2026-06-02 recent20_start=0.65 usage=0.7135
  National URL: https://www.transfermarkt.de/ismael-kone/nationalmannschaft/spieler/921655/verein_id/3510
[545/1292] Iliman Ndiaye | SEN | MID | 3.0 mio.
  OK: caps=39 caps_link=True source=ceapi_performance_game latest=2026-05-31 recent20_start=0.6 usage=0.661
  National URL: https://www.transfermarkt.de/iliman-ndiaye/nationalmannschaft/spieler/623570/verein_id/3499
[546/1292] Idrissa Gana Gueye | SEN | MID | 3.0 mio.
  OK: caps=130 caps_link=True source=ceapi_performance_game latest=2026-05-31 recent20_start=0.6 usage=0.73
  National URL: https://www.transfermarkt.de/idrissa-gueye/nationalmannschaft/spieler/126665/verein_id/3499
[547/1292] Ibrahima Konate | FRA | DEF | 3.0 mio.
  OK: caps=28 caps_link=True source=ceapi_performance_game latest=2026-06-04 recent20_start=0.6 usage=0.567
  National URL: https://www.transfermarkt.de/ibrahima-konate/nationalmannschaft/spieler/357119/verein_id/3377
[548/1292] Ibrahim Sangare | CIV | MID | 3.0 mio.
  OK: caps=54 caps_link=True source=ceapi_performance_game latest=2026-06-04 recent20_start=0.55 usage=0.6275
  National URL: https://www.transfermarkt.de/ibrahim-sangare/nationalmannschaft/spieler/375885/verein_id/3591
[549/1292] Ibrahim Maza | ALG | MID | 3.0 mio.
  OK: caps=16 caps_link=True source=ceapi_performance_game latest=2026-06-03 recent20_start=0.35 usage=0.3815
  National URL: https://www.transfermarkt.de/ibrahim-maza/nationalmannschaft/spieler/905011/verein_id/3614
[550/1292] Ibrahim Adel | EGY | MID | 3.0 mio.
  OK: caps=23 caps_link=True source=ceapi_performance_game latest=2026-05-28 recent20_start=0.2 usage=0.252
  National URL: https://www.transfermarkt.de/ibrahim-adel/nationalmannschaft/spieler/677278/verein_id/3672
[551/1292] Hussein Ali | IRQ | DEF | 3.0 mio.
  OK: caps=26 caps_link=True source=ceapi_performance_game latest=2026-06-04 recent20_start=0.4 usage=0.449
  National URL: https://www.transfermarkt.de/hussein-ali/nationalmannschaft/spieler/585325/verein_id/3560
[552/1292] Hee-Chan Hwang | KOR | MID | 3.0 mio.
  OK: caps=79 caps_link=True source=ceapi_performance_game latest=2026-06-04 recent20_start=0.3 usage=0.44
  National URL: https://www.transfermarkt.de/hee-chan-hwang/nationalmannschaft/spieler/292246/verein_id/3589
[553/1292] Haris Tabakovic | BIH | FWD | 3.0 mio.
  OK: caps=10 caps_link=True source=ceapi_performance_game latest=2026-05-29 recent20_start=0.1 usage=0.145
  National URL: https://www.transfermarkt.de/haris-tabakovic/nationalmannschaft/spieler/203123/verein_id/3446
[554/1292] Hannibal Mejbri | TUN | MID | 3.0 mio.
  OK: caps=45 caps_link=True source=ceapi_performance_game latest=2026-06-01 recent20_start=0.6 usage=0.66
  National URL: https://www.transfermarkt.de/hannibal/nationalmannschaft/spieler/607224/verein_id/3670
[555/1292] Gustavo Gomez | PAR | DEF | 3.0 mio.
  OK: caps=88 caps_link=True source=ceapi_performance_game latest=2026-03-31 recent20_start=0.7 usage=0.81
  National URL: https://www.transfermarkt.de/gustavo-gomez/nationalmannschaft/spieler/215390/verein_id/3581
[556/1292] Gustaf Lagerbielke | SWE | DEF | 3.0 mio.
  OK: caps=11 caps_link=True source=ceapi_performance_game latest=2026-06-04 recent20_start=0.35 usage=0.4115
  National URL: https://www.transfermarkt.de/gustaf-lagerbielke/nationalmannschaft/spieler/485395/verein_id/3557
[557/1292] Guillermo Varela | URU | DEF | 3.0 mio.
  OK: caps=27 caps_link=True source=ceapi_performance_game latest=2026-03-31 recent20_start=0.45 usage=0.4805
  National URL: https://www.transfermarkt.de/guillermo-varela/nationalmannschaft/spieler/188862/verein_id/3449
[558/1292] Guillermo Ochoa | MEX | GK | 3.0 mio.
  OK: caps=153 caps_link=True source=ceapi_performance_game latest=2026-06-05 recent20_start=0.0 usage=0.2
  National URL: https://www.transfermarkt.de/guillermo-ochoa/nationalmannschaft/spieler/29559/verein_id/6303
[559/1292] Guela Doue | CIV | DEF | 3.0 mio.
  OK: caps=20 caps_link=True source=ceapi_performance_game latest=2026-06-04 recent20_start=0.5 usage=0.53
  National URL: https://www.transfermarkt.de/guela-doue/nationalmannschaft/spieler/711980/verein_id/3591
[560/1292] Gonzalo Valle | ECU | GK | 3.0 mio.
  OK: caps=3 caps_link=True source=ceapi_performance_game latest=2026-05-31 recent20_start=0.167 usage=0.1539
  National URL: https://www.transfermarkt.de/gonzalo-valle/nationalmannschaft/spieler/351941/verein_id/5750
[561/1292] Giovanni Reyna | USA | MID | 3.0 mio.
  OK: caps=37 caps_link=True source=ceapi_performance_game latest=2026-05-31 recent20_start=0.1 usage=0.253
  National URL: https://www.transfermarkt.de/giovanni-reyna/nationalmannschaft/spieler/504215/verein_id/3505
[562/1292] Gideon Mensah | GHA | DEF | 3.0 mio.
  OK: caps=40 caps_link=True source=ceapi_performance_game latest=2026-06-02 recent20_start=0.6 usage=0.615
  National URL: https://www.transfermarkt.de/gideon-mensah/nationalmannschaft/spieler/397171/verein_id/3441
[563/1292] German Berterame | MEX | FWD | 3.0 mio.
  OK: caps=9 caps_link=True source=ceapi_performance_game latest=2026-04-01 recent20_start=0.15 usage=0.1935
  National URL: https://www.transfermarkt.de/german-berterame/nationalmannschaft/spieler/401572/verein_id/6303
[564/1292] Gaston Olveira | PAR | GK | 3.0 mio.
  OK: caps=1 caps_link=True source=ceapi_performance_game latest=2026-03-31 recent20_start=0.5 usage=0.404
  National URL: https://www.transfermarkt.de/gaston-olveira/nationalmannschaft/spieler/301722/verein_id/3581
[565/1292] Gabriel Gudmundsson | SWE | DEF | 3.0 mio.
  OK: caps=24 caps_link=True source=ceapi_performance_game latest=2026-06-04 recent20_start=0.75 usage=0.6835
  National URL: https://www.transfermarkt.de/gabriel-gudmundsson/nationalmannschaft/spieler/362108/verein_id/3557
[566/1292] Frenkie de Jong | NED | MID | 3.0 mio.
  OK: caps=65 caps_link=True source=ceapi_performance_game latest=2026-06-03 recent20_start=0.55 usage=0.6775
  National URL: https://www.transfermarkt.de/frenkie-de-jong/nationalmannschaft/spieler/326330/verein_id/3379
[567/1292] Fredrik Aursnes | NOR | MID | 3.0 mio.
  OK: caps=21 caps_link=True source=ceapi_performance_game latest=2026-06-01 recent20_start=0.05 usage=0.1365
  National URL: https://www.transfermarkt.de/fredrik-aursnes/nationalmannschaft/spieler/223367/verein_id/3440
[568/1292] Frantzdy Pierrot | HAI | FWD | 3.0 mio.
  OK: caps=50 caps_link=True source=ceapi_performance_game latest=2026-06-03 recent20_start=0.8 usage=0.84
  National URL: https://www.transfermarkt.de/frantzdy-pierrot/nationalmannschaft/spieler/492955/verein_id/14161
[569/1292] Franck Kessie | CIV | MID | 3.0 mio.
  OK: caps=100 caps_link=True source=ceapi_performance_game latest=2026-06-04 recent20_start=0.8 usage=0.84
  National URL: https://www.transfermarkt.de/franck-kessie/nationalmannschaft/spieler/294808/verein_id/3591
[570/1292] Fiston Mayele | COD | FWD | 3.0 mio.
  OK: caps=36 caps_link=True source=ceapi_performance_game latest=2026-06-03 recent20_start=0.15 usage=0.2765
  National URL: https://www.transfermarkt.de/fiston-mayele/nationalmannschaft/spieler/727157/verein_id/3854
[571/1292] Ferjani Sassi | TUN | MID | 3.0 mio.
  OK: caps=101 caps_link=True source=ceapi_performance_game latest=2026-01-03 recent20_start=0.6 usage=0.705
  National URL: https://www.transfermarkt.de/ferjani-sassi/nationalmannschaft/spieler/191903/verein_id/3670
[572/1292] Felix Nmecha | GER | MID | 3.0 mio.
  OK: caps=7 caps_link=True source=ceapi_performance_game latest=2026-05-31 recent20_start=0.1 usage=0.108
  National URL: https://www.transfermarkt.de/felix-nmecha/nationalmannschaft/spieler/406640/verein_id/3262
[573/1292] Felix 'Feliz' Torres | ECU | DEF | 3.0 mio.
  FEJL: 500 Server Error: Internal Server Error for url: https://www.transfermarkt.com/schnellsuche/ergebnis/schnellsuche?query=Felix+%27Feliz%27+Torres
[574/1292] Fabian Rieder | SUI | MID | 3.0 mio.
  OK: caps=27 caps_link=True source=ceapi_performance_game latest=2026-05-31 recent20_start=0.55 usage=0.5605
  National URL: https://www.transfermarkt.de/fabian-rieder/nationalmannschaft/spieler/507341/verein_id/3384
[575/1292] Evann Guessand | CIV | FWD | 3.0 mio.
  OK: caps=21 caps_link=True source=ceapi_performance_game latest=2026-06-04 recent20_start=0.5 usage=0.459
  National URL: https://www.transfermarkt.de/evann-guessand/nationalmannschaft/spieler/500689/verein_id/3591
[576/1292] Esmir Bajraktarevic | BIH | MID | 3.0 mio.
  OK: caps=15 caps_link=True source=ceapi_performance_game latest=2026-05-29 recent20_start=0.368 usage=0.4124
  National URL: https://www.transfermarkt.de/esmir-bajraktarevic/nationalmannschaft/spieler/925862/verein_id/3446
[577/1292] Ermedin Demirovic | BIH | FWD | 3.0 mio.
  OK: caps=39 caps_link=True source=ceapi_performance_game latest=2026-05-29 recent20_start=0.65 usage=0.6135
  National URL: https://www.transfermarkt.de/ermedin-demirovic/nationalmannschaft/spieler/335457/verein_id/3446
[578/1292] Erick Sanchez | MEX | MID | 3.0 mio.
  OK: caps=38 caps_link=True source=ceapi_performance_game latest=2026-04-01 recent20_start=0.15 usage=0.3095
  National URL: https://www.transfermarkt.de/erick-sanchez/nationalmannschaft/spieler/370875/verein_id/6303
[579/1292] Eric Garcia | ESP | DEF | 3.0 mio.
  OK: caps=20 caps_link=True source=ceapi_performance_game latest=2026-06-04 recent20_start=0.0 usage=0.08
  National URL: https://www.transfermarkt.de/eric-garcia/nationalmannschaft/spieler/466794/verein_id/3375
[580/1292] Eric Davis | PAN | DEF | 3.0 mio.
  OK: caps=106 caps_link=True source=ceapi_performance_game latest=2026-06-04 recent20_start=0.3 usage=0.49
  National URL: https://www.transfermarkt.de/eric-davis/nationalmannschaft/spieler/121791/verein_id/3577
[581/1292] Elijah Just | NZL | MID | 3.0 mio.
  OK: caps=43 caps_link=True source=ceapi_performance_game latest=2026-06-03 recent20_start=0.7 usage=0.757
  National URL: https://www.transfermarkt.de/elijah-just/nationalmannschaft/spieler/485672/verein_id/9171
[582/1292] Eliesse Ben Seghir | MAR | MID | 3.0 mio.
  OK: caps=20 caps_link=True source=ceapi_performance_game latest=2026-01-14 recent20_start=0.15 usage=0.1625
  National URL: https://www.transfermarkt.de/eliesse-ben-seghir/nationalmannschaft/spieler/810895/verein_id/3575
[583/1292] Eldor Shomurodov | UZB | FWD | 3.0 mio.
  OK: caps=91 caps_link=True source=ceapi_performance_game latest=2026-06-02 recent20_start=0.85 usage=0.8925
  National URL: https://www.transfermarkt.de/eldor-shomurodov/nationalmannschaft/spieler/358166/verein_id/3563
[584/1292] El Mehdi Benabid | MAR | GK | 3.0 mio.
  OK: caps=5 caps_link=True source=ceapi_performance_game latest=2026-03-31 recent20_start=0.25 usage=0.1825
  National URL: https://www.transfermarkt.de/el-mehdi-benabid/nationalmannschaft/spieler/544414/verein_id/3575
[585/1292] Eduardo Camavinga | FRA | MID | 3.0 mio.
  OK: caps=29 caps_link=True source=ceapi_performance_game latest=2026-03-29 recent20_start=0.2 usage=0.251
  National URL: https://www.transfermarkt.de/eduardo-camavinga/nationalmannschaft/spieler/640428/verein_id/3377
[586/1292] Edson Alvarez | MEX | MID | 3.0 mio.
  OK: caps=99 caps_link=True source=ceapi_performance_game latest=2026-06-05 recent20_start=0.5 usage=0.55
  National URL: https://www.transfermarkt.de/edson-alvarez/nationalmannschaft/spieler/401356/verein_id/6303
[587/1292] Eder Militão | BRA | DEF | 3.0 mio.
  OK: caps=38 caps_link=True source=ceapi_performance_game latest=2025-11-18 recent20_start=0.35 usage=0.4195
  National URL: https://www.transfermarkt.de/eder-militao/nationalmannschaft/spieler/401530/verein_id/3439
[588/1292] Eberechi Eze | ENG | MID | 3.0 mio.
  OK: caps=16 caps_link=True source=ceapi_performance_game latest=2026-03-31 recent20_start=0.15 usage=0.2215
  National URL: https://www.transfermarkt.de/eberechi-eze/nationalmannschaft/spieler/479999/verein_id/3299
[589/1292] Duje Caleta-Car | CRO | DEF | 3.0 mio.
  OK: caps=38 caps_link=True source=ceapi_performance_game latest=2026-06-02 recent20_start=0.65 usage=0.6595
  National URL: https://www.transfermarkt.de/duje-caleta-car/nationalmannschaft/spieler/238266/verein_id/3556
[590/1292] Don Deedson Louicius | HAI | FWD | 3.0 mio.
  OK: caps=31 caps_link=True source=ceapi_performance_game latest=2026-06-03 recent20_start=0.65 usage=0.5815
  National URL: https://www.transfermarkt.de/louicius-deedson/nationalmannschaft/spieler/646108/verein_id/14161
[591/1292] Dominik Kotarski | CRO | GK | 3.0 mio.
  OK: caps=4 caps_link=True source=ceapi_performance_game latest=2026-06-02 recent20_start=0.1 usage=0.096
  National URL: https://www.transfermarkt.de/dominik-kotarski/nationalmannschaft/spieler/370997/verein_id/3556
[592/1292] Djibril Sow | SUI | MID | 3.0 mio.
  OK: caps=51 caps_link=True source=ceapi_performance_game latest=2026-05-31 recent20_start=0.15 usage=0.3325
  National URL: https://www.transfermarkt.de/djibril-sow/nationalmannschaft/spieler/212723/verein_id/3384
[593/1292] Diney Borges | CPV | DEF | 3.0 mio.
  OK: caps=31 caps_link=True source=ceapi_performance_game latest=2026-05-31 recent20_start=0.55 usage=0.6515
  National URL: https://www.transfermarkt.de/diney-borges/nationalmannschaft/spieler/349570/verein_id/4311
[594/1292] Diego Gomez | PAR | MID | 3.0 mio.
  OK: caps=23 caps_link=True source=ceapi_performance_game latest=2026-03-31 recent20_start=0.8 usage=0.782
  National URL: https://www.transfermarkt.de/diego-gomez/nationalmannschaft/spieler/996897/verein_id/3581
[595/1292] Denis Zakaria | SUI | MID | 3.0 mio.
  OK: caps=64 caps_link=True source=ceapi_performance_game latest=2026-05-31 recent20_start=0.2 usage=0.36
  National URL: https://www.transfermarkt.de/denis-zakaria/nationalmannschaft/spieler/334526/verein_id/3384
[596/1292] Deiver Machado | COL | DEF | 3.0 mio.
  OK: caps=15 caps_link=True source=ceapi_performance_game latest=2026-06-01 recent20_start=0.05 usage=0.1125
  National URL: https://www.transfermarkt.de/deiver-machado/nationalmannschaft/spieler/332560/verein_id/3816
[597/1292] David Møller Wolfe | NOR | DEF | 3.0 mio.
  OK: caps=21 caps_link=True source=ceapi_performance_game latest=2026-06-01 recent20_start=0.8 usage=0.749
  National URL: https://www.transfermarkt.de/david-moller-wolfe/nationalmannschaft/spieler/661427/verein_id/3440
[598/1292] David Alaba | AUT | DEF | 3.0 mio.
  OK: caps=113 caps_link=True source=ceapi_performance_game latest=2026-06-01 recent20_start=0.3 usage=0.49
  National URL: https://www.transfermarkt.de/david-alaba/nationalmannschaft/spieler/59016/verein_id/3383
[599/1292] Danley Jean Jacques | HAI | MID | 3.0 mio.
  OK: caps=29 caps_link=True source=ceapi_performance_game latest=2026-06-03 recent20_start=0.9 usage=0.811
  National URL: https://www.transfermarkt.de/danley-jean-jacques/nationalmannschaft/spieler/628834/verein_id/14161
[600/1292] Danilo dos Santos | BRA | MID | 3.0 mio.
  FEJL: Ingen kampoversigtstabel fundet
[601/1292] Daniel Svensson | SWE | DEF | 3.0 mio.
  OK: caps=13 caps_link=True source=ceapi_performance_game latest=2026-06-04 recent20_start=0.45 usage=0.4995
  National URL: https://www.transfermarkt.de/daniel-svensson/nationalmannschaft/spieler/579287/verein_id/3557
[602/1292] Dailon Livramento | CPV | FWD | 3.0 mio.
  OK: caps=20 caps_link=True source=ceapi_performance_game latest=2026-05-31 recent20_start=0.55 usage=0.5575
  National URL: https://www.transfermarkt.de/dailon-livramento/nationalmannschaft/spieler/676411/verein_id/4311
[603/1292] Cyle Christopher Larin | CAN | FWD | 3.0 mio.
  OK: caps=89 caps_link=True source=ceapi_performance_game latest=2026-06-02 recent20_start=0.3 usage=0.44
  National URL: https://www.transfermarkt.de/cyle-larin/nationalmannschaft/spieler/343463/verein_id/3510
[604/1292] Crysencio Summerville | NED | MID | 3.0 mio.
  OK: caps=1 caps_link=True source=ceapi_performance_game latest=2026-06-03 recent20_start=1.0 usage=0.804
  National URL: https://www.transfermarkt.de/crysencio-summerville/nationalmannschaft/spieler/474701/verein_id/3379
[605/1292] Connor Metcalfe | AUS | MID | 3.0 mio.
  OK: caps=35 caps_link=True source=ceapi_performance_game latest=2026-05-31 recent20_start=0.6 usage=0.72
  National URL: https://www.transfermarkt.de/connor-metcalfe/nationalmannschaft/spieler/522223/verein_id/3433
[606/1292] Christian Fassnacht | SUI | FWD | 3.0 mio.
  OK: caps=22 caps_link=True source=ceapi_performance_game latest=2026-05-31 recent20_start=0.0 usage=0.088
  National URL: https://www.transfermarkt.de/christian-fassnacht/nationalmannschaft/spieler/250490/verein_id/3384
[607/1292] Chris Richards | USA | DEF | 3.0 mio.
  OK: caps=36 caps_link=True source=ceapi_performance_game latest=2026-05-31 recent20_start=0.6 usage=0.599
  National URL: https://www.transfermarkt.de/chris-richards/nationalmannschaft/spieler/578539/verein_id/3505
[608/1292] Che Adams | SCO | FWD | 3.0 mio.
  OK: caps=46 caps_link=True source=ceapi_performance_game latest=2026-05-30 recent20_start=0.55 usage=0.6615
  National URL: https://www.transfermarkt.de/che-adams/nationalmannschaft/spieler/346779/verein_id/3380
[609/1292] Cesar Montes | MEX | DEF | 3.0 mio.
  OK: caps=68 caps_link=True source=ceapi_performance_game latest=2026-06-05 recent20_start=0.6 usage=0.63
  National URL: https://www.transfermarkt.de/cesar-montes/nationalmannschaft/spieler/387687/verein_id/6303
[610/1292] Cameron Burgess | AUS | DEF | 3.0 mio.
  OK: caps=26 caps_link=True source=ceapi_performance_game latest=2026-05-31 recent20_start=0.7 usage=0.639
  National URL: https://www.transfermarkt.de/cameron-burgess/nationalmannschaft/spieler/255788/verein_id/3433
[611/1292] Caleb Yirenkyi | GHA | DEF | 3.0 mio.
  OK: caps=11 caps_link=True source=ceapi_performance_game latest=2026-06-02 recent20_start=0.667 usage=0.5859
  National URL: https://www.transfermarkt.de/caleb-yirenkyi/nationalmannschaft/spieler/1240763/verein_id/3441
[612/1292] Brenden Aaronson | USA | MID | 3.0 mio.
  OK: caps=57 caps_link=True source=ceapi_performance_game latest=2026-05-31 recent20_start=0.15 usage=0.3075
  National URL: https://www.transfermarkt.de/brenden-aaronson/nationalmannschaft/spieler/393323/verein_id/3505
[613/1292] Bremer | BRA | DEF | 3.0 mio.
  OK: caps=7 caps_link=True source=ceapi_performance_game latest=2026-05-31 recent20_start=0.1 usage=0.133
  National URL: https://www.transfermarkt.de/bremer/nationalmannschaft/spieler/516716/verein_id/3439
[614/1292] Billy Gilmour | SCO | MID | 3.0 mio.
  OK: caps=46 caps_link=True source=ceapi_performance_game latest=2026-05-30 recent20_start=0.75 usage=0.7215
  National URL: https://www.transfermarkt.de/billy-gilmour/nationalmannschaft/spieler/423744/verein_id/3380
[615/1292] Bilal El Khannouss | MAR | MID | 3.0 mio.
  OK: caps=36 caps_link=True source=ceapi_performance_game latest=2026-06-02 recent20_start=0.3 usage=0.459
  National URL: https://www.transfermarkt.de/bilal-el-khannouss/nationalmannschaft/spieler/654982/verein_id/3575
[616/1292] Benjamin Tahirovic | BIH | MID | 3.0 mio.
  OK: caps=27 caps_link=True source=ceapi_performance_game latest=2026-05-29 recent20_start=0.8 usage=0.748
  National URL: https://www.transfermarkt.de/benjamin-tahirovic/nationalmannschaft/spieler/787907/verein_id/3446
[617/1292] Benjamin Nygren | SWE | FWD | 3.0 mio.
  OK: caps=11 caps_link=True source=ceapi_performance_game latest=2026-06-04 recent20_start=0.5 usage=0.419
  National URL: https://www.transfermarkt.de/benjamin-nygren/nationalmannschaft/spieler/475949/verein_id/3557
[618/1292] Benjamin Asare | GHA | GK | 3.0 mio.
  OK: caps=11 caps_link=True source=ceapi_performance_game latest=2026-06-02 recent20_start=0.714 usage=0.6117
  National URL: https://www.transfermarkt.de/benjamin-asare/nationalmannschaft/spieler/837368/verein_id/3441
[619/1292] Ben Doak | SCO | MID | 3.0 mio.
  OK: caps=13 caps_link=True source=ceapi_performance_game latest=2026-05-30 recent20_start=0.526 usage=0.4913
  National URL: https://www.transfermarkt.de/ben-gannon-doak/nationalmannschaft/spieler/719673/verein_id/3380
[620/1292] Bechir Ben Said | TUN | GK | 3.0 mio.
  OK: caps=22 caps_link=True source=ceapi_performance_game latest=2026-01-03 recent20_start=0.0 usage=0.088
  National URL: https://www.transfermarkt.de/bechir-ben-said/nationalmannschaft/spieler/348144/verein_id/3670
[621/1292] Baris Alper Yilmaz | TUR | FWD | 3.0 mio.
  OK: caps=34 caps_link=True source=ceapi_performance_game latest=2026-06-01 recent20_start=0.35 usage=0.3785
  National URL: https://www.transfermarkt.de/baris-alper-yilmaz/nationalmannschaft/spieler/541537/verein_id/3381
[622/1292] Baghdad Bounedjah | ALG | FWD | 3.0 mio.
  OK: caps=86 caps_link=True source=ceapi_performance_game latest=2026-01-10 recent20_start=0.25 usage=0.4125
  National URL: https://www.transfermarkt.de/baghdad-bounedjah/nationalmannschaft/spieler/209992/verein_id/3614
[623/1292] Azzedine Ounahi | MAR | MID | 3.0 mio.
  OK: caps=48 caps_link=True source=ceapi_performance_game latest=2026-06-02 recent20_start=0.3 usage=0.432
  National URL: https://www.transfermarkt.de/azzedine-ounahi/nationalmannschaft/spieler/593482/verein_id/3575
[624/1292] Aymen Dahmen | TUN | GK | 3.0 mio.
  OK: caps=37 caps_link=True source=ceapi_performance_game latest=2026-06-01 recent20_start=0.75 usage=0.7355
  National URL: https://www.transfermarkt.de/aymen-dahmen/nationalmannschaft/spieler/569433/verein_id/3670
[625/1292] Axel Witsel | BEL | MID | 3.0 mio.
  OK: caps=137 caps_link=True source=ceapi_performance_game latest=2026-06-02 recent20_start=0.05 usage=0.2525
  National URL: https://www.transfermarkt.de/axel-witsel/nationalmannschaft/spieler/35047/verein_id/3382
[626/1292] Axel Tuanzebe | COD | DEF | 3.0 mio.
  OK: caps=12 caps_link=True source=ceapi_performance_game latest=2026-06-03 recent20_start=0.45 usage=0.4705
  National URL: https://www.transfermarkt.de/axel-tuanzebe/nationalmannschaft/spieler/342046/verein_id/3854
[627/1292] Aubrey Modiba | RSA | DEF | 3.0 mio.
  OK: caps=41 caps_link=True source=ceapi_performance_game latest=2026-05-29 recent20_start=0.4 usage=0.559
  National URL: https://www.transfermarkt.de/aubrey-modiba/nationalmannschaft/spieler/353432/verein_id/3806
[628/1292] Arthur Theate | BEL | DEF | 3.0 mio.
  OK: caps=33 caps_link=True source=ceapi_performance_game latest=2026-06-02 recent20_start=0.65 usage=0.6645
  National URL: https://www.transfermarkt.de/arthur-theate/nationalmannschaft/spieler/368891/verein_id/3382
[629/1292] Armin Gigovic | BIH | MID | 3.0 mio.
  OK: caps=19 caps_link=True source=ceapi_performance_game latest=2026-05-29 recent20_start=0.65 usage=0.5335
  National URL: https://www.transfermarkt.de/armin-gigovic/nationalmannschaft/spieler/651269/verein_id/3446
[630/1292] Anthony Mandrea | ALG | GK | 3.0 mio.
  OK: caps=21 caps_link=True source=ceapi_performance_game latest=2026-03-31 recent20_start=0.05 usage=0.1365
  National URL: https://www.transfermarkt.de/anthony-mandrea/nationalmannschaft/spieler/290559/verein_id/3614
[631/1292] Angelo Preciado | ECU | DEF | 3.0 mio.
  OK: caps=55 caps_link=True source=ceapi_performance_game latest=2026-05-31 recent20_start=0.4 usage=0.52
  National URL: https://www.transfermarkt.de/angelo-preciado/nationalmannschaft/spieler/450241/verein_id/5750
[632/1292] Andy Robertson | SCO | DEF | 3.0 mio.
  FEJL: Ingen kampoversigtstabel fundet
[633/1292] Amirhossein Hosseinzadeh | IRN | FWD | 3.0 mio.
  OK: caps=18 caps_link=True source=ceapi_performance_game latest=2026-06-04 recent20_start=0.5 usage=0.522
  National URL: https://www.transfermarkt.de/amirhossein-hosseinzadeh/nationalmannschaft/spieler/542380/verein_id/3582
[634/1292] Amir Al Ammari | IRQ | MID | 3.0 mio.
  FEJL: Ingen Transfermarkt-profil fundet
[635/1292] Amine Gouiri | ALG | FWD | 3.0 mio.
  OK: caps=22 caps_link=True source=ceapi_performance_game latest=2026-06-03 recent20_start=0.25 usage=0.3005
  National URL: https://www.transfermarkt.de/amine-gouiri/nationalmannschaft/spieler/418659/verein_id/3614
[636/1292] Amar Memic | BIH | MID | 3.0 mio.
  OK: caps=12 caps_link=True source=ceapi_performance_game latest=2026-05-29 recent20_start=0.615 usage=0.5863
  National URL: https://www.transfermarkt.de/amar-memic/nationalmannschaft/spieler/638990/verein_id/3446
[637/1292] Amar Dedic | BIH | DEF | 3.0 mio.
  OK: caps=27 caps_link=True source=ceapi_performance_game latest=2026-05-29 recent20_start=0.65 usage=0.6655
  National URL: https://www.transfermarkt.de/amar-dedic/nationalmannschaft/spieler/519184/verein_id/3446
[638/1292] Amadou Onana | BEL | MID | 3.0 mio.
  OK: caps=28 caps_link=True source=ceapi_performance_game latest=2026-06-02 recent20_start=0.45 usage=0.4845
  National URL: https://www.transfermarkt.de/amadou-onana/nationalmannschaft/spieler/485706/verein_id/3382
[639/1292] Altay Bayindir | TUR | GK | 3.0 mio.
  OK: caps=12 caps_link=True source=ceapi_performance_game latest=2026-06-01 recent20_start=0.1 usage=0.153
  National URL: https://www.transfermarkt.de/altay-bayindir/nationalmannschaft/spieler/336077/verein_id/3381
[640/1292] Almoez Ali | QAT | FWD | 3.0 mio.
  OK: caps=119 caps_link=True source=ceapi_performance_game latest=2026-05-28 recent20_start=0.5 usage=0.5
  National URL: https://www.transfermarkt.de/almoez-ali/nationalmannschaft/spieler/345095/verein_id/14162
[641/1292] Alistair Johnston | CAN | DEF | 3.0 mio.
  OK: caps=57 caps_link=True source=ceapi_performance_game latest=2026-06-02 recent20_start=0.35 usage=0.4175
  National URL: https://www.transfermarkt.de/alistair-johnston/nationalmannschaft/spieler/637446/verein_id/3510
[642/1292] Alireza Beiranvand | IRN | GK | 3.0 mio.
  OK: caps=86 caps_link=True source=ceapi_performance_game latest=2026-06-04 recent20_start=0.65 usage=0.7075
  National URL: https://www.transfermarkt.de/alireza-beiranvand/nationalmannschaft/spieler/229081/verein_id/3582
[643/1292] Ali Jasim | IRQ | MID | 3.0 mio.
  OK: caps=36 caps_link=True source=ceapi_performance_game latest=2026-06-04 recent20_start=0.55 usage=0.5715
  National URL: https://www.transfermarkt.de/ali-jasim/nationalmannschaft/spieler/877672/verein_id/3560
[644/1292] Ali Ahmed | CAN | MID | 3.0 mio.
  OK: caps=24 caps_link=True source=ceapi_performance_game latest=2026-06-02 recent20_start=0.6 usage=0.576
  National URL: https://www.transfermarkt.de/ali-ahmed/nationalmannschaft/spieler/995642/verein_id/3510
[645/1292] Ali Abdi | TUN | DEF | 3.0 mio.
  OK: caps=46 caps_link=True source=ceapi_performance_game latest=2026-06-01 recent20_start=0.55 usage=0.6365
  National URL: https://www.transfermarkt.de/ali-abdi/nationalmannschaft/spieler/211474/verein_id/3670
[646/1292] Alexis Guendouz | ALG | GK | 3.0 mio.
  OK: caps=14 caps_link=True source=ceapi_performance_game latest=2025-11-18 recent20_start=0.45 usage=0.4035
  National URL: https://www.transfermarkt.de/alexis-guendouz/nationalmannschaft/spieler/478872/verein_id/3614
[647/1292] Alexander Djiku | GHA | DEF | 3.0 mio.
  OK: caps=38 caps_link=True source=ceapi_performance_game latest=2026-05-23 recent20_start=0.5 usage=0.552
  National URL: https://www.transfermarkt.de/alexander-djiku/nationalmannschaft/spieler/250844/verein_id/3441
[648/1292] Alan Minda | ECU | MID | 3.0 mio.
  OK: caps=19 caps_link=True source=ceapi_performance_game latest=2026-05-31 recent20_start=0.3 usage=0.291
  National URL: https://www.transfermarkt.de/alan-minda/nationalmannschaft/spieler/897051/verein_id/5750
[649/1292] Aissa Mandi | ALG | DEF | 3.0 mio.
  OK: caps=117 caps_link=True source=ceapi_performance_game latest=2026-06-03 recent20_start=0.55 usage=0.6525
  National URL: https://www.transfermarkt.de/aissa-mandi/nationalmannschaft/spieler/80293/verein_id/3614
[650/1292] Ahmed Zizo | EGY | MID | 3.0 mio.
  FEJL: Ingen Transfermarkt-profil fundet
[651/1292] Ahmed Alaaeldin Abdelmotaal | QAT | FWD | 3.0 mio.
  FEJL: Ingen Transfermarkt-profil fundet
[652/1292] Agustin Alvarez | URU | FWD | 3.0 mio.
  OK: caps=6 caps_link=True source=ceapi_performance_game latest=2026-03-31 recent20_start=0.0 usage=0.024
  National URL: https://www.transfermarkt.de/agustin-alvarez/nationalmannschaft/spieler/812625/verein_id/3449
[653/1292] Abdulkerim Bardakci | TUR | DEF | 3.0 mio.
  OK: caps=26 caps_link=True source=ceapi_performance_game latest=2026-06-01 recent20_start=0.75 usage=0.6915
  National URL: https://www.transfermarkt.de/abdulkerim-bardakci/nationalmannschaft/spieler/199316/verein_id/3381
[654/1292] Abdukodir Khusanov | UZB | DEF | 3.0 mio.
  OK: caps=26 caps_link=True source=ceapi_performance_game latest=2026-06-02 recent20_start=0.6 usage=0.534
  National URL: https://www.transfermarkt.de/abdukodir-khusanov/nationalmannschaft/spieler/763079/verein_id/3563
[655/1292] Abdoulaye Seck | SEN | DEF | 3.0 mio.
  OK: caps=22 caps_link=True source=ceapi_performance_game latest=2026-05-31 recent20_start=0.3 usage=0.353
  National URL: https://www.transfermarkt.de/abdoulaye-seck/nationalmannschaft/spieler/265383/verein_id/3499
[656/1292] Abde Ezzalzouli | MAR | FWD | 3.0 mio.
  OK: caps=36 caps_link=True source=ceapi_performance_game latest=2026-06-02 recent20_start=0.45 usage=0.5665
  National URL: https://www.transfermarkt.de/abde-ezzalzouli/nationalmannschaft/spieler/724520/verein_id/3575
[657/1292] Aaron Wan-Bissaka | COD | DEF | 3.0 mio.
  OK: caps=11 caps_link=True source=ceapi_performance_game latest=2026-06-03 recent20_start=0.714 usage=0.5867
  National URL: https://www.transfermarkt.de/aaron-wan-bissaka/nationalmannschaft/spieler/477758/verein_id/3854
[658/1292] Ziyad Al-Johani | KSA | MID | 2.5 mio.
  OK: caps=11 caps_link=True source=ceapi_performance_game latest=2026-05-31 recent20_start=0.35 usage=0.2615
  National URL: https://www.transfermarkt.de/ziyad-al-johani/nationalmannschaft/spieler/901079/verein_id/3807
[659/1292] Zineddine Belaid | ALG | DEF | 2.5 mio.
  OK: caps=16 caps_link=True source=ceapi_performance_game latest=2026-06-03 recent20_start=0.3 usage=0.329
  National URL: https://www.transfermarkt.de/zineddine-belaid/nationalmannschaft/spieler/625142/verein_id/3614
[660/1292] Zidane Iqbal | IRQ | MID | 2.5 mio.
  OK: caps=24 caps_link=True source=ceapi_performance_game latest=2026-06-04 recent20_start=0.2 usage=0.256
  National URL: https://www.transfermarkt.de/zidane-iqbal/nationalmannschaft/spieler/686845/verein_id/3560
[661/1292] Zeki Celik | TUR | DEF | 2.5 mio.
  OK: caps=60 caps_link=True source=ceapi_performance_game latest=2026-06-01 recent20_start=0.4 usage=0.545
  National URL: https://www.transfermarkt.de/zeki-celik/nationalmannschaft/spieler/251075/verein_id/3381
[662/1292] Zaid Tahseen | IRQ | DEF | 2.5 mio.
  OK: caps=26 caps_link=True source=ceapi_performance_game latest=2026-06-04 recent20_start=0.6 usage=0.559
  National URL: https://www.transfermarkt.de/zaid-tahseen/nationalmannschaft/spieler/931147/verein_id/3560
[663/1292] Zaid Ismail | IRQ | MID | 2.5 mio.
  OK: caps=6 caps_link=True source=ceapi_performance_game latest=2026-06-04 recent20_start=0.571 usage=0.4808
  National URL: https://www.transfermarkt.de/zaid-ismail/nationalmannschaft/spieler/1132850/verein_id/3560
[664/1292] Yunus Akgün | TUR | FWD | 2.5 mio.
  OK: caps=18 caps_link=True source=ceapi_performance_game latest=2026-06-01 recent20_start=0.35 usage=0.3645
  National URL: https://www.transfermarkt.de/yunus-akgun/nationalmannschaft/spieler/396908/verein_id/3381
[665/1292] Yuito Suzuki | JPN | FWD | 2.5 mio.
  OK: caps=6 caps_link=True source=ceapi_performance_game latest=2026-05-31 recent20_start=0.15 usage=0.1565
  National URL: https://www.transfermarkt.de/yuito-suzuki/nationalmannschaft/spieler/668606/verein_id/3435
[666/1292] Yu-Min Cho | KOR | DEF | 2.5 mio.
  OK: caps=19 caps_link=True source=ceapi_performance_game latest=2026-05-31 recent20_start=0.55 usage=0.4785
  National URL: https://www.transfermarkt.de/yu-min-cho/nationalmannschaft/spieler/561212/verein_id/3589
[667/1292] Youssef Amyn | IRQ | MID | 2.5 mio.
  OK: caps=26 caps_link=True source=ceapi_performance_game latest=2026-06-04 recent20_start=0.3 usage=0.319
  National URL: https://www.transfermarkt.de/youssef-amyn/nationalmannschaft/spieler/684307/verein_id/3560
[668/1292] Youcef Atal | ALG | DEF | 2.5 mio.
  OK: caps=54 caps_link=True source=ceapi_performance_game latest=2026-01-10 recent20_start=0.2 usage=0.36
  National URL: https://www.transfermarkt.de/youcef-atal/nationalmannschaft/spieler/416108/verein_id/3614
[669/1292] Yazeed Abulaila | JOR | GK | 2.5 mio.
  OK: caps=63 caps_link=True source=ceapi_performance_game latest=2026-05-31 recent20_start=0.9 usage=0.92
  National URL: https://www.transfermarkt.de/yazeed-abulaila/nationalmannschaft/spieler/261850/verein_id/15737
[670/1292] Yazan Al-Arab | JOR | DEF | 2.5 mio.
  OK: caps=69 caps_link=True source=ceapi_performance_game latest=2026-05-31 recent20_start=0.6 usage=0.63
  National URL: https://www.transfermarkt.de/yazan-al-arab/nationalmannschaft/spieler/539961/verein_id/15737
[671/1292] Yasser Ibrahim | EGY | DEF | 2.5 mio.
  FEJL: Ingen kampoversigtstabel fundet
[672/1292] Yan Valery | TUN | DEF | 2.5 mio.
  OK: caps=22 caps_link=True source=ceapi_performance_game latest=2026-06-01 recent20_start=0.65 usage=0.5955
  National URL: https://www.transfermarkt.de/yan-valery/nationalmannschaft/spieler/406008/verein_id/3670
[673/1292] Xaver Schlager | AUT | MID | 2.5 mio.
  OK: caps=51 caps_link=True source=ceapi_performance_game latest=2026-06-01 recent20_start=0.3 usage=0.515
  National URL: https://www.transfermarkt.de/xaver-schlager/nationalmannschaft/spieler/223979/verein_id/3383
[674/1292] Willer Ditta | COL | DEF | 2.5 mio.
  OK: caps=4 caps_link=True source=ceapi_performance_game latest=2026-06-01 recent20_start=0.15 usage=0.1485
  National URL: https://www.transfermarkt.de/willer-ditta/nationalmannschaft/spieler/609255/verein_id/3816
[675/1292] Wilfried Stephane Singo | CIV | DEF | 2.5 mio.
  OK: caps=33 caps_link=True source=ceapi_performance_game latest=2026-06-04 recent20_start=0.3 usage=0.347
  National URL: https://www.transfermarkt.de/wilfried-singo/nationalmannschaft/spieler/648779/verein_id/3591
[676/1292] Wataru Endo | JPN | MID | 2.5 mio.
  OK: caps=73 caps_link=True source=ceapi_performance_game latest=2026-05-31 recent20_start=0.45 usage=0.5225
  National URL: https://www.transfermarkt.de/wataru-endo/nationalmannschaft/spieler/146310/verein_id/3435
[677/1292] Wagner Pina | CPV | DEF | 2.5 mio.
  OK: caps=13 caps_link=True source=ceapi_performance_game latest=2026-05-31 recent20_start=0.4 usage=0.372
  National URL: https://www.transfermarkt.de/wagner-pina/nationalmannschaft/spieler/1072017/verein_id/4311
[678/1292] Vozinha | CPV | GK | 2.5 mio.
  OK: caps=88 caps_link=True source=ceapi_performance_game latest=2026-05-31 recent20_start=0.6 usage=0.73
  National URL: https://www.transfermarkt.de/vozinha/nationalmannschaft/spieler/242277/verein_id/4311
[679/1292] Utkir Yusupov | UZB | GK | 2.5 mio.
  OK: caps=44 caps_link=True source=ceapi_performance_game latest=2026-06-02 recent20_start=0.6 usage=0.581
  National URL: https://www.transfermarkt.de/utkir-yusupov/nationalmannschaft/spieler/311958/verein_id/3563
[680/1292] Umar Eshmurodov | UZB | DEF | 2.5 mio.
  OK: caps=39 caps_link=True source=ceapi_performance_game latest=2026-06-02 recent20_start=0.3 usage=0.371
  National URL: https://www.transfermarkt.de/umar-eshmurodov/nationalmannschaft/spieler/493725/verein_id/3563
[681/1292] Tyrick Bodak | CUW | GK | 2.5 mio.
  OK: caps=4 caps_link=True source=ceapi_performance_game latest=2026-05-30 recent20_start=0.0 usage=0.016
  National URL: https://www.transfermarkt.de/tyrick-bodak/nationalmannschaft/spieler/663961/verein_id/32364
[682/1292] Tyler Bindon | NZL | DEF | 2.5 mio.
  OK: caps=24 caps_link=True source=ceapi_performance_game latest=2026-06-03 recent20_start=0.7 usage=0.656
  National URL: https://www.transfermarkt.de/tyler-bindon/nationalmannschaft/spieler/1007720/verein_id/9171
[683/1292] Tshepang Moremi | RSA | FWD | 2.5 mio.
  OK: caps=10 caps_link=True source=ceapi_performance_game latest=2026-05-29 recent20_start=0.389 usage=0.404
  National URL: https://www.transfermarkt.de/tshepang-moremi/nationalmannschaft/spieler/844485/verein_id/3806
[684/1292] Trevor Doornbusch | CUW | GK | 2.5 mio.
  OK: caps=7 caps_link=True source=ceapi_performance_game latest=2026-05-30 recent20_start=0.0 usage=0.028
  National URL: https://www.transfermarkt.de/trevor-doornbusch/nationalmannschaft/spieler/390814/verein_id/32364
[685/1292] Torbjørn Heggem | NOR | DEF | 2.5 mio.
  OK: caps=14 caps_link=True source=ceapi_performance_game latest=2026-06-01 recent20_start=0.588 usage=0.5544
  National URL: https://www.transfermarkt.de/torbjorn-heggem/nationalmannschaft/spieler/464469/verein_id/3440
[686/1292] Timothy Fayulu | COD | GK | 2.5 mio.
  OK: caps=3 caps_link=True source=ceapi_performance_game latest=2026-06-03 recent20_start=0.1 usage=0.092
  National URL: https://www.transfermarkt.de/timothy-fayulu/nationalmannschaft/spieler/541420/verein_id/3854
[687/1292] Tim Ream | USA | DEF | 2.5 mio.
  OK: caps=81 caps_link=True source=ceapi_performance_game latest=2026-05-31 recent20_start=0.7 usage=0.76
  National URL: https://www.transfermarkt.de/tim-ream/nationalmannschaft/spieler/145466/verein_id/3505
[688/1292] Tim Payne | NZL | DEF | 2.5 mio.
  OK: caps=51 caps_link=True source=ceapi_performance_game latest=2026-06-03 recent20_start=0.6 usage=0.705
  National URL: https://www.transfermarkt.de/tim-payne/nationalmannschaft/spieler/149901/verein_id/9171
[689/1292] Themba Zwane | RSA | MID | 2.5 mio.
  OK: caps=54 caps_link=True source=ceapi_performance_game latest=2026-05-29 recent20_start=0.1 usage=0.305
  National URL: https://www.transfermarkt.de/themba-zwane/nationalmannschaft/spieler/176578/verein_id/3806
[690/1292] Telmo Arcanjo | CPV | MID | 2.5 mio.
  OK: caps=15 caps_link=True source=ceapi_performance_game latest=2026-05-31 recent20_start=0.35 usage=0.3775
  National URL: https://www.transfermarkt.de/telmo-arcanjo/nationalmannschaft/spieler/791528/verein_id/4311
[691/1292] Tarek Salman | QAT | DEF | 2.5 mio.
  OK: caps=93 caps_link=True source=ceapi_performance_game latest=2025-12-07 recent20_start=0.55 usage=0.6025
  National URL: https://www.transfermarkt.de/tarek-salman/nationalmannschaft/spieler/311730/verein_id/14162
[692/1292] Tanner Tessmann | USA | MID | 2.5 mio.
  OK: caps=14 caps_link=True source=ceapi_performance_game latest=2026-03-31 recent20_start=0.2 usage=0.241
  National URL: https://www.transfermarkt.de/tanner-tessmann/nationalmannschaft/spieler/670096/verein_id/3505
[693/1292] Tani Oluwaseyi | CAN | FWD | 2.5 mio.
  OK: caps=23 caps_link=True source=ceapi_performance_game latest=2026-06-02 recent20_start=0.55 usage=0.5445
  National URL: https://www.transfermarkt.de/tani-oluwaseyi/nationalmannschaft/spieler/972465/verein_id/3510
[694/1292] Tae-Seok Lee | KOR | DEF | 2.5 mio.
  OK: caps=15 caps_link=True source=ceapi_performance_game latest=2026-06-04 recent20_start=0.579 usage=0.5034
  National URL: https://www.transfermarkt.de/tae-seok-lee/nationalmannschaft/spieler/639027/verein_id/3589
[695/1292] Sultan Al-Brake | QAT | DEF | 2.5 mio.
  OK: caps=17 caps_link=True source=ceapi_performance_game latest=2026-05-28 recent20_start=0.25 usage=0.3055
  National URL: https://www.transfermarkt.de/sultan-al-brake/nationalmannschaft/spieler/336665/verein_id/14162
[696/1292] Stopira | CPV | DEF | 2.5 mio.
  OK: caps=58 caps_link=True source=ceapi_performance_game latest=2026-05-31 recent20_start=0.05 usage=0.2525
  National URL: https://www.transfermarkt.de/stopira/nationalmannschaft/spieler/80486/verein_id/4311
[697/1292] Stjepan Radeljic | BIH | DEF | 2.5 mio.
  OK: caps=5 caps_link=True source=ceapi_performance_game latest=2026-05-29 recent20_start=0.2 usage=0.18
  National URL: https://www.transfermarkt.de/stjepan-radeljic/nationalmannschaft/spieler/384568/verein_id/3446
[698/1292] Sofyan Amrabat | MAR | MID | 2.5 mio.
  OK: caps=74 caps_link=True source=ceapi_performance_game latest=2026-06-02 recent20_start=0.25 usage=0.3875
  National URL: https://www.transfermarkt.de/sofyan-amrabat/nationalmannschaft/spieler/287579/verein_id/3575
[699/1292] Sipho Chaine | RSA | GK | 2.5 mio.
  OK: caps=4 caps_link=True source=ceapi_performance_game latest=2026-05-29 recent20_start=0.05 usage=0.0435
  National URL: https://www.transfermarkt.de/sipho-chaine/nationalmannschaft/spieler/453370/verein_id/3806
[700/1292] Simon Banza | COD | FWD | 2.5 mio.
  OK: caps=15 caps_link=True source=ceapi_performance_game latest=2026-06-03 recent20_start=0.05 usage=0.0875
  National URL: https://www.transfermarkt.de/simon-banza/nationalmannschaft/spieler/344869/verein_id/3854
[701/1292] Simon Adingra | CIV | FWD | 2.5 mio.
  OK: caps=29 caps_link=True source=ceapi_performance_game latest=2026-06-04 recent20_start=0.35 usage=0.3585
  National URL: https://www.transfermarkt.de/simon-adingra/nationalmannschaft/spieler/658536/verein_id/3591
[702/1292] Shojae Khalilzadeh | IRN | DEF | 2.5 mio.
  FEJL: Ingen Transfermarkt-profil fundet
[703/1292] Sherzod Nasrullaev | UZB | DEF | 2.5 mio.
  OK: caps=38 caps_link=True source=ceapi_performance_game latest=2026-06-02 recent20_start=0.75 usage=0.7645
  National URL: https://www.transfermarkt.de/sherzod-nasrullaev/nationalmannschaft/spieler/608537/verein_id/3563
[704/1292] Sherel Floranus | CUW | DEF | 2.5 mio.
  OK: caps=26 caps_link=True source=ceapi_performance_game latest=2026-05-30 recent20_start=0.9 usage=0.824
  National URL: https://www.transfermarkt.de/sherel-floranus/nationalmannschaft/spieler/315211/verein_id/32364
[705/1292] Shehab Ellethy | QAT | GK | 2.5 mio.
  OK: caps=1 caps_link=True source=ceapi_performance_game latest=2026-05-28 recent20_start=0.0 usage=0.004
  National URL: https://www.transfermarkt.de/shehab-ellethy/nationalmannschaft/spieler/589101/verein_id/14162
[706/1292] Seko Fofana | CIV | MID | 2.5 mio.
  OK: caps=32 caps_link=True source=ceapi_performance_game latest=2026-06-04 recent20_start=0.25 usage=0.3405
  National URL: https://www.transfermarkt.de/seko-fofana/nationalmannschaft/spieler/182893/verein_id/3591
[707/1292] Sead Kolasinac | BIH | DEF | 2.5 mio.
  OK: caps=64 caps_link=True source=ceapi_performance_game latest=2026-05-29 recent20_start=0.3 usage=0.415
  National URL: https://www.transfermarkt.de/sead-kolasinac/nationalmannschaft/spieler/94005/verein_id/3446
[708/1292] Scott McKenna | SCO | DEF | 2.5 mio.
  OK: caps=50 caps_link=True source=ceapi_performance_game latest=2026-05-30 recent20_start=0.45 usage=0.5975
  National URL: https://www.transfermarkt.de/scott-mckenna/nationalmannschaft/spieler/255906/verein_id/3380
[709/1292] Sarpreet Singh | NZL | MID | 2.5 mio.
  OK: caps=27 caps_link=True source=ceapi_performance_game latest=2026-06-03 recent20_start=0.6 usage=0.638
  National URL: https://www.transfermarkt.de/sarpreet-singh/nationalmannschaft/spieler/350357/verein_id/9171
[710/1292] Samu Costa | POR | MID | 2.5 mio.
  OK: caps=4 caps_link=True source=ceapi_performance_game latest=2026-03-31 recent20_start=0.125 usage=0.1348
  National URL: https://www.transfermarkt.de/samu-costa/nationalmannschaft/spieler/657430/verein_id/3300
[711/1292] Samet Akaydin | TUR | DEF | 2.5 mio.
  OK: caps=19 caps_link=True source=ceapi_performance_game latest=2026-06-01 recent20_start=0.25 usage=0.2635
  National URL: https://www.transfermarkt.de/samet-akaydin/nationalmannschaft/spieler/295024/verein_id/3381
[712/1292] Saman Ghoddos | IRN | MID | 2.5 mio.
  OK: caps=66 caps_link=True source=ceapi_performance_game latest=2026-06-04 recent20_start=0.65 usage=0.7825
  National URL: https://www.transfermarkt.de/saman-ghoddos/nationalmannschaft/spieler/204294/verein_id/3582
[713/1292] Saleh Al-Shamat | KSA | MID | 2.5 mio.
  FEJL: Ingen Transfermarkt-profil fundet
[714/1292] Saleem Obaid | JOR | DEF | 2.5 mio.
  OK: caps=10 caps_link=True source=ceapi_performance_game latest=2026-05-31 recent20_start=0.25 usage=0.2275
  National URL: https://www.transfermarkt.de/saleem-obaid/nationalmannschaft/spieler/658807/verein_id/15737
[715/1292] Saeid Ezatolahi | IRN | MID | 2.5 mio.
  FEJL: Ingen Transfermarkt-profil fundet
[716/1292] Sabri Ben Hessen | TUN | GK | 2.5 mio.
  OK: caps=1 caps_link=True source=ceapi_performance_game latest=2026-06-01 recent20_start=0.062 usage=0.0631
  National URL: https://www.transfermarkt.de/sabri-ben-hessen/nationalmannschaft/spieler/295381/verein_id/3670
[717/1292] Ryan Thomas | NZL | MID | 2.5 mio.
  OK: caps=25 caps_link=True source=ceapi_performance_game latest=2026-06-03 recent20_start=0.25 usage=0.3625
  National URL: https://www.transfermarkt.de/ryan-thomas/nationalmannschaft/spieler/203357/verein_id/9171
[718/1292] Ryan Christie | SCO | MID | 2.5 mio.
  OK: caps=67 caps_link=True source=ceapi_performance_game latest=2026-05-30 recent20_start=0.6 usage=0.68
  National URL: https://www.transfermarkt.de/ryan-christie/nationalmannschaft/spieler/188077/verein_id/3380
[719/1292] Rustam Ashurmatov | UZB | DEF | 2.5 mio.
  OK: caps=50 caps_link=True source=ceapi_performance_game latest=2026-06-02 recent20_start=0.5 usage=0.6
  National URL: https://www.transfermarkt.de/rustam-ashurmatov/nationalmannschaft/spieler/288883/verein_id/3563
[720/1292] Ruben Providence | HAI | FWD | 2.5 mio.
  OK: caps=14 caps_link=True source=ceapi_performance_game latest=2026-06-03 recent20_start=0.533 usage=0.5242
  National URL: https://www.transfermarkt.de/ruben-providence/nationalmannschaft/spieler/536520/verein_id/14161
[721/1292] Roshon van Eijma | CUW | DEF | 2.5 mio.
  OK: caps=26 caps_link=True source=ceapi_performance_game latest=2026-05-30 recent20_start=0.75 usage=0.6665
  National URL: https://www.transfermarkt.de/roshon-van-eijma/nationalmannschaft/spieler/401029/verein_id/32364
[722/1292] Roger Ibanez | BRA | DEF | 2.5 mio.
  OK: caps=6 caps_link=True source=ceapi_performance_game latest=2026-05-31 recent20_start=0.05 usage=0.0765
  National URL: https://www.transfermarkt.de/roger-ibanez/nationalmannschaft/spieler/524481/verein_id/3439
[723/1292] Robin Hranac | CZE | DEF | 2.5 mio.
  OK: caps=14 caps_link=True source=ceapi_performance_game latest=2026-06-05 recent20_start=0.35 usage=0.3985
  National URL: https://www.transfermarkt.de/robin-hranac/nationalmannschaft/spieler/620217/verein_id/3445
[724/1292] Roberto Alvarado | MEX | MID | 2.5 mio.
  OK: caps=68 caps_link=True source=ceapi_performance_game latest=2026-06-05 recent20_start=0.65 usage=0.7075
  National URL: https://www.transfermarkt.de/roberto-alvarado/nationalmannschaft/spieler/353583/verein_id/6303
[725/1292] Riley McGree | AUS | MID | 2.5 mio.
  OK: caps=35 caps_link=True source=ceapi_performance_game latest=2026-03-31 recent20_start=0.25 usage=0.3275
  National URL: https://www.transfermarkt.de/riley-mcgree/nationalmannschaft/spieler/428061/verein_id/3433
[726/1292] Ricardo Pepi | USA | FWD | 2.5 mio.
  OK: caps=36 caps_link=True source=ceapi_performance_game latest=2026-05-31 recent20_start=0.05 usage=0.1965
  National URL: https://www.transfermarkt.de/ricardo-pepi/nationalmannschaft/spieler/627207/verein_id/3505
[727/1292] Ricardo Goss | RSA | GK | 2.5 mio.
  OK: caps=5 caps_link=True source=ceapi_performance_game latest=2026-05-29 recent20_start=0.1 usage=0.1
  National URL: https://www.transfermarkt.de/ricardo-goss/nationalmannschaft/spieler/258304/verein_id/3806
[728/1292] Ricardo Ade | HAI | DEF | 2.5 mio.
  OK: caps=58 caps_link=True source=ceapi_performance_game latest=2026-06-03 recent20_start=0.95 usage=0.9725
  National URL: https://www.transfermarkt.de/ricardo-ade/nationalmannschaft/spieler/278145/verein_id/14161
[729/1292] Relebohile Mofokeng | RSA | FWD | 2.5 mio.
  OK: caps=13 caps_link=True source=ceapi_performance_game latest=2026-05-29 recent20_start=0.2 usage=0.212
  National URL: https://www.transfermarkt.de/relebohile-mofokeng/nationalmannschaft/spieler/1125037/verein_id/3806
[730/1292] Ramiz Zerrouki | ALG | MID | 2.5 mio.
  OK: caps=52 caps_link=True source=ceapi_performance_game latest=2026-06-03 recent20_start=0.35 usage=0.4925
  National URL: https://www.transfermarkt.de/ramiz-zerrouki/nationalmannschaft/spieler/416660/verein_id/3614
[731/1292] Ramin Rezaeian | IRN | DEF | 2.5 mio.
  OK: caps=74 caps_link=True source=ceapi_performance_game latest=2026-06-04 recent20_start=0.15 usage=0.3325
  National URL: https://www.transfermarkt.de/ramin-rezaeian/nationalmannschaft/spieler/188312/verein_id/3582
[732/1292] Rafik Belghali | ALG | DEF | 2.5 mio.
  OK: caps=12 caps_link=True source=ceapi_performance_game latest=2026-06-03 recent20_start=0.5 usage=0.448
  National URL: https://www.transfermarkt.de/rafik-belghali/nationalmannschaft/spieler/864306/verein_id/3614
[733/1292] Phillipp Mwene | AUT | DEF | 2.5 mio.
  OK: caps=30 caps_link=True source=ceapi_performance_game latest=2026-06-01 recent20_start=0.7 usage=0.655
  National URL: https://www.transfermarkt.de/phillipp-mwene/nationalmannschaft/spieler/127573/verein_id/3383
[734/1292] Petar Musa | CRO | FWD | 2.5 mio.
  OK: caps=11 caps_link=True source=ceapi_performance_game latest=2026-06-02 recent20_start=0.1 usage=0.149
  National URL: https://www.transfermarkt.de/petar-musa/nationalmannschaft/spieler/387110/verein_id/3556
[735/1292] Pedro Vite | ECU | MID | 2.5 mio.
  OK: caps=16 caps_link=True source=ceapi_performance_game latest=2026-05-31 recent20_start=0.7 usage=0.674
  National URL: https://www.transfermarkt.de/pedro-vite/nationalmannschaft/spieler/659806/verein_id/5750
[736/1292] Pedro 'Ro-Ro' Miguel Correia | QAT | DEF | 2.5 mio.
  FEJL: 500 Server Error: Internal Server Error for url: https://www.transfermarkt.com/schnellsuche/ergebnis/schnellsuche?query=Pedro+%27Ro-Ro%27+Miguel+Correia
[737/1292] Payam Niazmand | IRN | GK | 2.5 mio.
  OK: caps=13 caps_link=True source=ceapi_performance_game latest=2026-06-04 recent20_start=0.25 usage=0.2645
  National URL: https://www.transfermarkt.de/payam-niazmand/nationalmannschaft/spieler/343044/verein_id/3582
[738/1292] Paul Izzo | AUS | GK | 2.5 mio.
  OK: caps=4 caps_link=True source=ceapi_performance_game latest=2026-05-31 recent20_start=0.2 usage=0.226
  National URL: https://www.transfermarkt.de/paul-izzo/nationalmannschaft/spieler/181921/verein_id/3433
[739/1292] Patrick Schulte | USA | GK | 2.5 mio.
  OK: caps=3 caps_link=True source=ceapi_performance_game latest=2026-03-31 recent20_start=0.05 usage=0.0395
  National URL: https://www.transfermarkt.de/patrick-schulte/nationalmannschaft/spieler/649397/verein_id/3505
[740/1292] Patrick Berg | NOR | MID | 2.5 mio.
  OK: caps=42 caps_link=True source=ceapi_performance_game latest=2026-06-01 recent20_start=0.4 usage=0.513
  National URL: https://www.transfermarkt.de/patrick-berg/nationalmannschaft/spieler/308439/verein_id/3440
[741/1292] Patrick Beach | AUS | GK | 2.5 mio.
  OK: caps=1 caps_link=True source=ceapi_performance_game latest=2026-05-31 recent20_start=0.2 usage=0.164
  National URL: https://www.transfermarkt.de/patrick-beach/nationalmannschaft/spieler/983578/verein_id/3433
[742/1292] Pathe Ciss | SEN | MID | 2.5 mio.
  OK: caps=29 caps_link=True source=ceapi_performance_game latest=2026-05-31 recent20_start=0.1 usage=0.196
  National URL: https://www.transfermarkt.de/pathe-ciss/nationalmannschaft/spieler/525578/verein_id/3499
[743/1292] Pape Matar Sarr | SEN | MID | 2.5 mio.
  OK: caps=39 caps_link=True source=ceapi_performance_game latest=2026-05-31 recent20_start=0.2 usage=0.291
  National URL: https://www.transfermarkt.de/pape-matar-sarr/nationalmannschaft/spieler/568693/verein_id/3499
[744/1292] Ozan Kabak | TUR | DEF | 2.5 mio.
  OK: caps=29 caps_link=True source=ceapi_performance_game latest=2026-06-01 recent20_start=0.1 usage=0.221
  National URL: https://www.transfermarkt.de/ozan-kabak/nationalmannschaft/spieler/361260/verein_id/3381
[745/1292] Owen Goodman | CAN | GK | 2.5 mio.
  OK: caps=0 caps_link=True source=ceapi_performance_game latest=2026-06-02 recent20_start=0.0 usage=0.0
  National URL: https://www.transfermarkt.de/owen-goodman/nationalmannschaft/spieler/814848/verein_id/3510
[746/1292] Oussama Targhalline | MAR | MID | 2.5 mio.
  OK: caps=11 caps_link=True source=ceapi_performance_game latest=2026-05-26 recent20_start=0.0 usage=0.044
  National URL: https://www.transfermarkt.de/oussama-targhalline/nationalmannschaft/spieler/667965/verein_id/3575
[747/1292] Ousmane Diomande | CIV | DEF | 2.5 mio.
  OK: caps=14 caps_link=True source=ceapi_performance_game latest=2026-06-04 recent20_start=0.25 usage=0.2685
  National URL: https://www.transfermarkt.de/ousmane-diomande/nationalmannschaft/spieler/974982/verein_id/3591
[748/1292] Oumar Diakite | CIV | FWD | 2.5 mio.
  OK: caps=29 caps_link=True source=ceapi_performance_game latest=2026-06-04 recent20_start=0.2 usage=0.301
  National URL: https://www.transfermarkt.de/oumar-diakite/nationalmannschaft/spieler/847279/verein_id/3591
[749/1292] Otabek Shukurov | UZB | MID | 2.5 mio.
  OK: caps=88 caps_link=True source=ceapi_performance_game latest=2026-06-02 recent20_start=0.75 usage=0.8125
  National URL: https://www.transfermarkt.de/otabek-shukurov/nationalmannschaft/spieler/294525/verein_id/3563
[750/1292] Oston Urunov | UZB | MID | 2.5 mio.
  OK: caps=42 caps_link=True source=ceapi_performance_game latest=2026-06-02 recent20_start=0.4 usage=0.538
  National URL: https://www.transfermarkt.de/oston-urunov/nationalmannschaft/spieler/492556/verein_id/3563
[751/1292] Osman Hadzikic | BIH | GK | 2.5 mio.
  OK: caps=0 caps_link=True source=ceapi_performance_game latest=2026-05-29 recent20_start=0.0 usage=0.0
  National URL: https://www.transfermarkt.de/osman-hadzikic/nationalmannschaft/spieler/188881/verein_id/3446
[752/1292] Orlando Mosquera | PAN | GK | 2.5 mio.
  OK: caps=47 caps_link=True source=ceapi_performance_game latest=2026-06-04 recent20_start=0.7 usage=0.723
  National URL: https://www.transfermarkt.de/orlando-mosquera/nationalmannschaft/spieler/402979/verein_id/3577
[753/1292] Omid Noorafkan | IRN | MID | 2.5 mio.
  OK: caps=41 caps_link=True source=ceapi_performance_game latest=2026-05-29 recent20_start=0.4 usage=0.484
  National URL: https://www.transfermarkt.de/omid-noorafkan/nationalmannschaft/spieler/332274/verein_id/3582
[754/1292] Odilon Kossounou | CIV | DEF | 2.5 mio.
  OK: caps=35 caps_link=True source=ceapi_performance_game latest=2026-06-04 recent20_start=0.4 usage=0.485
  National URL: https://www.transfermarkt.de/odilon-kossounou/nationalmannschaft/spieler/644771/verein_id/3591
[755/1292] Odildzhon Khamrobekov | UZB | MID | 2.5 mio.
  OK: caps=74 caps_link=True source=ceapi_performance_game latest=2026-06-02 recent20_start=0.85 usage=0.8425
  National URL: https://www.transfermarkt.de/odildzhon-khamrobekov/nationalmannschaft/spieler/288915/verein_id/3563
[756/1292] Obed Vargas | MEX | MID | 2.5 mio.
  OK: caps=6 caps_link=True source=ceapi_performance_game latest=2026-06-05 recent20_start=0.1 usage=0.129
  National URL: https://www.transfermarkt.de/obed-vargas/nationalmannschaft/spieler/889435/verein_id/6303
[757/1292] Nuno da Costa | CPV | FWD | 2.5 mio.
  OK: caps=8 caps_link=True source=ceapi_performance_game latest=2026-05-31 recent20_start=0.1 usage=0.137
  National URL: https://www.transfermarkt.de/nuno-da-costa/nationalmannschaft/spieler/306166/verein_id/4311
[758/1292] Noor Al-Rawabdeh | JOR | MID | 2.5 mio.
  OK: caps=57 caps_link=True source=ceapi_performance_game latest=2026-05-31 recent20_start=0.25 usage=0.4375
  National URL: https://www.transfermarkt.de/noor-al-rawabdeh/nationalmannschaft/spieler/561485/verein_id/15737
[759/1292] Noah Sadiki | COD | MID | 2.5 mio.
  OK: caps=19 caps_link=True source=ceapi_performance_game latest=2026-06-03 recent20_start=0.5 usage=0.501
  National URL: https://www.transfermarkt.de/noah-sadiki/nationalmannschaft/spieler/727089/verein_id/3854
[760/1292] Nkosinathi Sibisi | RSA | DEF | 2.5 mio.
  OK: caps=20 caps_link=True source=ceapi_performance_game latest=2026-05-29 recent20_start=0.3 usage=0.345
  National URL: https://www.transfermarkt.de/nkosinathi-sibisi/nationalmannschaft/spieler/399068/verein_id/3806
[761/1292] Nishan Velupillay | AUS | FWD | 2.5 mio.
  OK: caps=7 caps_link=True source=ceapi_performance_game latest=2026-05-31 recent20_start=0.118 usage=0.0929
  National URL: https://www.transfermarkt.de/nishan-velupillay/nationalmannschaft/spieler/888140/verein_id/3433
[762/1292] Nikolas Polster | AUT | GK | 2.5 mio.
  OK: caps=0 caps_link=True source=ceapi_performance_game latest=2025-11-18 recent20_start=0.0 usage=0.0
  National URL: https://www.transfermarkt.de/nikolas-polster/nationalmannschaft/spieler/488063/verein_id/3383
[763/1292] Nikola Moro | CRO | MID | 2.5 mio.
  OK: caps=10 caps_link=True source=ceapi_performance_game latest=2026-06-02 recent20_start=0.15 usage=0.1975
  National URL: https://www.transfermarkt.de/nikola-moro/nationalmannschaft/spieler/316934/verein_id/3556
[764/1292] Niko Sigur | CAN | MID | 2.5 mio.
  OK: caps=18 caps_link=True source=ceapi_performance_game latest=2026-06-02 recent20_start=0.7 usage=0.657
  National URL: https://www.transfermarkt.de/niko-sigur/nationalmannschaft/spieler/1045375/verein_id/3510
[765/1292] Nihad Mujakic | BIH | DEF | 2.5 mio.
  OK: caps=11 caps_link=True source=ceapi_performance_game latest=2026-05-29 recent20_start=0.3 usage=0.309
  National URL: https://www.transfermarkt.de/nihad-mujakic/nationalmannschaft/spieler/380919/verein_id/3446
[766/1292] Nicolas Seiwald | AUT | MID | 2.5 mio.
  OK: caps=47 caps_link=True source=ceapi_performance_game latest=2026-06-01 recent20_start=0.95 usage=0.9355
  National URL: https://www.transfermarkt.de/nicolas-seiwald/nationalmannschaft/spieler/404950/verein_id/3383
[767/1292] Nicolas Raskin | BEL | MID | 2.5 mio.
  OK: caps=12 caps_link=True source=ceapi_performance_game latest=2026-06-02 recent20_start=0.692 usage=0.6036
  National URL: https://www.transfermarkt.de/nicolas-raskin/nationalmannschaft/spieler/422763/verein_id/3382
[768/1292] Nicolas Pepe | CIV | FWD | 2.5 mio.
  OK: caps=53 caps_link=True source=ceapi_performance_game latest=2026-06-04 recent20_start=0.3 usage=0.39
  National URL: https://www.transfermarkt.de/nicolas-pepe/nationalmannschaft/spieler/343052/verein_id/3591
[769/1292] Nicolas Fonseca | URU | MID | 2.5 mio.
  OK: caps=6 caps_link=True source=ceapi_performance_game latest=2026-03-31 recent20_start=0.1 usage=0.104
  National URL: https://www.transfermarkt.de/nicolas-fonseca/nationalmannschaft/spieler/462070/verein_id/3449
[770/1292] Ngal'ayel Mukau | COD | MID | 2.5 mio.
  OK: caps=13 caps_link=True source=ceapi_performance_game latest=2026-06-03 recent20_start=0.35 usage=0.3945
  National URL: https://www.transfermarkt.de/ngalayel-mukau/nationalmannschaft/spieler/1016015/verein_id/3854
[771/1292] Nawaf Al-Boushal | KSA | DEF | 2.5 mio.
  OK: caps=25 caps_link=True source=ceapi_performance_game latest=2026-05-31 recent20_start=0.7 usage=0.685
  National URL: https://www.transfermarkt.de/nawaf-boushal/nationalmannschaft/spieler/821377/verein_id/3807
[772/1292] Nawaf Al-Aqidi | KSA | GK | 2.5 mio.
  OK: caps=22 caps_link=True source=ceapi_performance_game latest=2026-05-31 recent20_start=0.7 usage=0.623
  National URL: https://www.transfermarkt.de/nawaf-al-aqidi/nationalmannschaft/spieler/886183/verein_id/3807
[773/1292] Nathaniel Brown | GER | DEF | 2.5 mio.
  OK: caps=4 caps_link=True source=ceapi_performance_game latest=2026-05-31 recent20_start=0.286 usage=0.2448
  National URL: https://www.transfermarkt.de/nathaniel-brown/nationalmannschaft/spieler/691892/verein_id/3262
[774/1292] Nathanael Mbuku | COD | MID | 2.5 mio.
  OK: caps=18 caps_link=True source=ceapi_performance_game latest=2026-06-03 recent20_start=0.4 usage=0.417
  National URL: https://www.transfermarkt.de/nathanael-mbuku/nationalmannschaft/spieler/557614/verein_id/3854
[775/1292] Nasser Al-Dawsari | KSA | MID | 2.5 mio.
  OK: caps=43 caps_link=True source=ceapi_performance_game latest=2026-05-31 recent20_start=0.35 usage=0.4645
  National URL: https://www.transfermarkt.de/nasser-al-dawsari/nationalmannschaft/spieler/509911/verein_id/3807
[776/1292] Nadiem Amiri | GER | MID | 2.5 mio.
  OK: caps=10 caps_link=True source=ceapi_performance_game latest=2026-05-31 recent20_start=0.05 usage=0.0675
  National URL: https://www.transfermarkt.de/nadiem-amiri/nationalmannschaft/spieler/232454/verein_id/3262
[777/1292] Musab Al-Juwayr | KSA | MID | 2.5 mio.
  OK: caps=34 caps_link=True source=ceapi_performance_game latest=2026-05-31 recent20_start=0.55 usage=0.5885
  National URL: https://www.transfermarkt.de/musab-al-juwayr/nationalmannschaft/spieler/901181/verein_id/3807
[778/1292] Mukhammadkodir Khamraliev | UZB | DEF | 2.5 mio.
  OK: caps=7 caps_link=True source=ceapi_performance_game latest=2026-03-30 recent20_start=0.25 usage=0.2905
  National URL: https://www.transfermarkt.de/mukhammadkodir-khamraliev/nationalmannschaft/spieler/883732/verein_id/3563
[779/1292] Morten Thorsby | NOR | MID | 2.5 mio.
  OK: caps=31 caps_link=True source=ceapi_performance_game latest=2026-06-01 recent20_start=0.35 usage=0.3665
  National URL: https://www.transfermarkt.de/morten-thorsby/nationalmannschaft/spieler/226524/verein_id/3440
[780/1292] Moon-Hwan Kim | KOR | DEF | 2.5 mio.
  OK: caps=35 caps_link=True source=ceapi_performance_game latest=2026-06-04 recent20_start=0.35 usage=0.4575
  National URL: https://www.transfermarkt.de/moon-hwan-kim/nationalmannschaft/spieler/524592/verein_id/3589
[781/1292] Mojmir Chytil | CZE | FWD | 2.5 mio.
  OK: caps=22 caps_link=True source=ceapi_performance_game latest=2026-06-05 recent20_start=0.05 usage=0.1405
  National URL: https://www.transfermarkt.de/mojmir-chytil/nationalmannschaft/spieler/405855/verein_id/3445
[782/1292] Moises Ramirez | ECU | GK | 2.5 mio.
  OK: caps=7 caps_link=True source=ceapi_performance_game latest=2026-05-31 recent20_start=0.05 usage=0.0805
  National URL: https://www.transfermarkt.de/moises-ramirez/nationalmannschaft/spieler/450233/verein_id/5750
[783/1292] Mohau Nkota | RSA | FWD | 2.5 mio.
  OK: caps=9 caps_link=True source=ceapi_performance_game latest=2026-01-04 recent20_start=0.333 usage=0.3191
  National URL: https://www.transfermarkt.de/mohau-nkota/nationalmannschaft/spieler/1236525/verein_id/3806
[784/1292] Mohannad Abu Taha | JOR | MID | 2.5 mio.
  OK: caps=24 caps_link=True source=ceapi_performance_game latest=2026-05-31 recent20_start=0.75 usage=0.6835
  National URL: https://www.transfermarkt.de/mohannad-abu-taha/nationalmannschaft/spieler/883111/verein_id/15737
[785/1292] Mohanad Lasheen | EGY | MID | 2.5 mio.
  OK: caps=22 caps_link=True source=ceapi_performance_game latest=2026-05-28 recent20_start=0.25 usage=0.3255
  National URL: https://www.transfermarkt.de/mohanad-lasheen/nationalmannschaft/spieler/479682/verein_id/3672
[786/1292] Mohammed Waad | QAT | MID | 2.5 mio.
  OK: caps=50 caps_link=True source=ceapi_performance_game latest=2025-12-07 recent20_start=0.2 usage=0.36
  National URL: https://www.transfermarkt.de/mohammed-waad/nationalmannschaft/spieler/481935/verein_id/14162
[787/1292] Mohammed Al-Rubaie Al-Yami | KSA | GK | 2.5 mio.
  OK: caps=6 caps_link=True source=ceapi_performance_game latest=2026-03-31 recent20_start=0.0 usage=0.024
  National URL: https://www.transfermarkt.de/mohammed-al-yami/nationalmannschaft/spieler/509914/verein_id/3807
[788/1292] Mohammad Khalife | IRN | GK | 2.5 mio.
  OK: caps=0 caps_link=True source=ceapi_performance_game latest=2026-05-29 recent20_start=0.0 usage=0.0
  National URL: https://www.transfermarkt.de/mohammad-khalifeh/nationalmannschaft/spieler/1030744/verein_id/3582
[789/1292] Mohammad Ghorbani | IRN | MID | 2.5 mio.
  OK: caps=16 caps_link=True source=ceapi_performance_game latest=2026-06-04 recent20_start=0.25 usage=0.3265
  National URL: https://www.transfermarkt.de/mohammad-ghorbani/nationalmannschaft/spieler/856087/verein_id/3582
[790/1292] Mohammad Abualnadi | JOR | DEF | 2.5 mio.
  OK: caps=13 caps_link=True source=ceapi_performance_game latest=2026-05-31 recent20_start=0.5 usage=0.402
  National URL: https://www.transfermarkt.de/mohammad-abualnadi/nationalmannschaft/spieler/658052/verein_id/15737
[791/1292] Mohammad Abu Hasheesh | JOR | MID | 2.5 mio.
  OK: caps=46 caps_link=True source=ceapi_performance_game latest=2026-05-31 recent20_start=0.25 usage=0.3965
  National URL: https://www.transfermarkt.de/mohammad-abu-hasheesh/nationalmannschaft/spieler/895249/verein_id/15737
[792/1292] Mohamed Hany | EGY | DEF | 2.5 mio.
  OK: caps=41 caps_link=True source=ceapi_performance_game latest=2026-05-28 recent20_start=0.8 usage=0.829
  National URL: https://www.transfermarkt.de/mohamed-hany/nationalmannschaft/spieler/343974/verein_id/3672
[793/1292] Mohamed Amine Ben Hamida | TUN | DEF | 2.5 mio.
  OK: caps=12 caps_link=True source=ceapi_performance_game latest=2026-06-01 recent20_start=0.05 usage=0.1005
  National URL: https://www.transfermarkt.de/mohamed-amine-ben-hamida/nationalmannschaft/spieler/454495/verein_id/3670
[794/1292] Mohamed Alaa | EGY | GK | 2.5 mio.
  OK: caps=0 caps_link=True source=ceapi_performance_game latest=2026-05-28 recent20_start=0.0 usage=0.0
  National URL: https://www.transfermarkt.de/mohamed-alaa/nationalmannschaft/spieler/1307898/verein_id/3672
[795/1292] Mohamed Al-Mannai | QAT | MID | 2.5 mio.
  OK: caps=10 caps_link=True source=ceapi_performance_game latest=2026-05-28 recent20_start=0.5 usage=0.44
  National URL: https://www.transfermarkt.de/mohamed-al-mannai/nationalmannschaft/spieler/822935/verein_id/14162
[796/1292] Mohamed Abdelmonem | EGY | DEF | 2.5 mio.
  OK: caps=35 caps_link=True source=ceapi_performance_game latest=2026-05-28 recent20_start=0.05 usage=0.1925
  National URL: https://www.transfermarkt.de/mohamed-abdelmonem/nationalmannschaft/spieler/566025/verein_id/3672
[797/1292] Miro Muheim | SUI | DEF | 2.5 mio.
  OK: caps=9 caps_link=True source=ceapi_performance_game latest=2026-05-31 recent20_start=0.133 usage=0.1091
  National URL: https://www.transfermarkt.de/miro-muheim/nationalmannschaft/spieler/298603/verein_id/3384
[798/1292] Milos Degenek | AUS | DEF | 2.5 mio.
  OK: caps=56 caps_link=True source=ceapi_performance_game latest=2026-05-31 recent20_start=0.4 usage=0.57
  National URL: https://www.transfermarkt.de/milos-degenek/nationalmannschaft/spieler/187353/verein_id/3433
[799/1292] Milad Mohammadi | IRN | DEF | 2.5 mio.
  OK: caps=75 caps_link=True source=ceapi_performance_game latest=2026-06-04 recent20_start=0.6 usage=0.655
  National URL: https://www.transfermarkt.de/milad-mohammadi/nationalmannschaft/spieler/333355/verein_id/3582
[800/1292] Michel Aebischer | SUI | MID | 2.5 mio.
  OK: caps=39 caps_link=True source=ceapi_performance_game latest=2026-05-31 recent20_start=0.5 usage=0.556
  National URL: https://www.transfermarkt.de/michel-aebischer/nationalmannschaft/spieler/237658/verein_id/3384
[801/1292] Michal Sadilek | CZE | MID | 2.5 mio.
  OK: caps=35 caps_link=True source=ceapi_performance_game latest=2026-06-05 recent20_start=0.2 usage=0.325
  National URL: https://www.transfermarkt.de/michal-sadilek/nationalmannschaft/spieler/321204/verein_id/3445
[802/1292] Michael Woud | NZL | GK | 2.5 mio.
  OK: caps=6 caps_link=True source=ceapi_performance_game latest=2026-06-03 recent20_start=0.0 usage=0.024
  National URL: https://www.transfermarkt.de/michael-woud/nationalmannschaft/spieler/350347/verein_id/9171
[803/1292] Michael Amir Murillo | PAN | DEF | 2.5 mio.
  OK: caps=93 caps_link=True source=ceapi_performance_game latest=2026-06-04 recent20_start=0.5 usage=0.575
  National URL: https://www.transfermarkt.de/amir-murillo/nationalmannschaft/spieler/354482/verein_id/3577
[804/1292] Meshaal Barsham | QAT | GK | 2.5 mio.
  OK: caps=54 caps_link=True source=ceapi_performance_game latest=2026-05-28 recent20_start=0.65 usage=0.6575
  National URL: https://www.transfermarkt.de/meshaal-barsham/nationalmannschaft/spieler/560423/verein_id/14162
[805/1292] Merchas Doski | IRQ | DEF | 2.5 mio.
  OK: caps=31 caps_link=True source=ceapi_performance_game latest=2026-06-04 recent20_start=0.5 usage=0.524
  National URL: https://www.transfermarkt.de/merchas-doski/nationalmannschaft/spieler/530527/verein_id/3560
[806/1292] Mbekezeli Mbokazi | RSA | DEF | 2.5 mio.
  OK: caps=10 caps_link=True source=ceapi_performance_game latest=2026-05-29 recent20_start=0.556 usage=0.5208
  National URL: https://www.transfermarkt.de/mbekezeli-mbokazi/nationalmannschaft/spieler/1378320/verein_id/3806
[807/1292] Maximilian Wöber | AUT | DEF | 2.5 mio.
  OK: caps=31 caps_link=True source=ceapi_performance_game latest=2025-06-10 recent20_start=0.4 usage=0.419
  National URL: https://www.transfermarkt.de/maximilian-wober/nationalmannschaft/spieler/263361/verein_id/3383
[808/1292] Maximilian Beier | GER | FWD | 2.5 mio.
  OK: caps=8 caps_link=True source=ceapi_performance_game latest=2026-05-31 recent20_start=0.0 usage=0.032
  National URL: https://www.transfermarkt.de/maximilian-beier/nationalmannschaft/spieler/578392/verein_id/3262
[809/1292] Max Crocombe | NZL | GK | 2.5 mio.
  OK: caps=23 caps_link=True source=ceapi_performance_game latest=2026-06-03 recent20_start=0.7 usage=0.627
  National URL: https://www.transfermarkt.de/max-crocombe/nationalmannschaft/spieler/207843/verein_id/9171
[810/1292] Mattias Svanberg | SWE | MID | 2.5 mio.
  OK: caps=40 caps_link=True source=ceapi_performance_game latest=2026-06-04 recent20_start=0.2 usage=0.345
  National URL: https://www.transfermarkt.de/mattias-svanberg/nationalmannschaft/spieler/342405/verein_id/3557
[811/1292] Matthew Garbett | NZL | MID | 2.5 mio.
  OK: caps=37 caps_link=True source=ceapi_performance_game latest=2026-06-03 recent20_start=0.6 usage=0.578
  National URL: https://www.transfermarkt.de/matthew-garbett/nationalmannschaft/spieler/617019/verein_id/9171
[812/1292] Matias Galarza Fonda | PAR | MID | 2.5 mio.
  OK: caps=14 caps_link=True source=ceapi_performance_game latest=2026-03-31 recent20_start=0.2 usage=0.216
  National URL: https://www.transfermarkt.de/matias-galarza/nationalmannschaft/spieler/661269/verein_id/3581
[813/1292] Mathieu Choiniere | CAN | MID | 2.5 mio.
  OK: caps=24 caps_link=True source=ceapi_performance_game latest=2026-06-02 recent20_start=0.35 usage=0.3385
  National URL: https://www.transfermarkt.de/mathieu-choiniere/nationalmannschaft/spieler/589006/verein_id/3510
[814/1292] Martin Zlomislic | BIH | GK | 2.5 mio.
  OK: caps=3 caps_link=True source=ceapi_performance_game latest=2026-05-29 recent20_start=0.176 usage=0.1588
  National URL: https://www.transfermarkt.de/martin-zlomislic/nationalmannschaft/spieler/495320/verein_id/3446
[815/1292] Martin Vitik | CZE | DEF | 2.5 mio.
  OK: caps=9 caps_link=True source=ceapi_performance_game latest=2026-03-31 recent20_start=0.35 usage=0.3285
  National URL: https://www.transfermarkt.de/martin-vitik/nationalmannschaft/spieler/652054/verein_id/3445
[816/1292] Martin Jedlicka | CZE | GK | 2.5 mio.
  OK: caps=1 caps_link=True source=ceapi_performance_game latest=2026-03-31 recent20_start=0.062 usage=0.0631
  National URL: https://www.transfermarkt.de/martin-jedlicka/nationalmannschaft/spieler/293357/verein_id/3445
[817/1292] Martin Boyle | AUS | FWD | 2.5 mio.
  OK: caps=41 caps_link=True source=ceapi_performance_game latest=2026-05-31 recent20_start=0.45 usage=0.5115
  National URL: https://www.transfermarkt.de/martin-boyle/nationalmannschaft/spieler/140554/verein_id/3433
[818/1292] Marko Stamenic | NZL | MID | 2.5 mio.
  OK: caps=38 caps_link=True source=ceapi_performance_game latest=2026-06-03 recent20_start=0.85 usage=0.8195
  National URL: https://www.transfermarkt.de/marko-stamenic/nationalmannschaft/spieler/617018/verein_id/9171
[819/1292] Marko Farji | IRQ | MID | 2.5 mio.
  OK: caps=11 caps_link=True source=ceapi_performance_game latest=2026-06-04 recent20_start=0.35 usage=0.3365
  National URL: https://www.transfermarkt.de/marko-farji/nationalmannschaft/spieler/663153/verein_id/3560
[820/1292] Marin Pongracic | CRO | DEF | 2.5 mio.
  OK: caps=19 caps_link=True source=ceapi_performance_game latest=2026-06-02 recent20_start=0.3 usage=0.316
  National URL: https://www.transfermarkt.de/marin-pongracic/nationalmannschaft/spieler/282144/verein_id/3556
[821/1292] Marcio Rosa | CPV | GK | 2.5 mio.
  OK: caps=9 caps_link=True source=ceapi_performance_game latest=2026-05-31 recent20_start=0.05 usage=0.0885
  National URL: https://www.transfermarkt.de/marcio-rosa/nationalmannschaft/spieler/398048/verein_id/4311
[822/1292] Mamadou Sarr | SEN | DEF | 2.5 mio.
  OK: caps=7 caps_link=True source=ceapi_performance_game latest=2026-05-31 recent20_start=0.5 usage=0.428
  National URL: https://www.transfermarkt.de/mamadou-sarr/nationalmannschaft/spieler/910905/verein_id/3499
[823/1292] Mahmoud Saber | EGY | MID | 2.5 mio.
  OK: caps=15 caps_link=True source=ceapi_performance_game latest=2026-05-28 recent20_start=0.15 usage=0.1675
  National URL: https://www.transfermarkt.de/mahmoud-saber/nationalmannschaft/spieler/729390/verein_id/3672
[824/1292] Mahmoud Abunada | QAT | GK | 2.5 mio.
  OK: caps=5 caps_link=True source=ceapi_performance_game latest=2026-05-28 recent20_start=0.2 usage=0.23
  National URL: https://www.transfermarkt.de/mahmoud-abunada/nationalmannschaft/spieler/669629/verein_id/14162
[825/1292] Lyndon Dykes | SCO | FWD | 2.5 mio.
  OK: caps=51 caps_link=True source=ceapi_performance_game latest=2026-05-30 recent20_start=0.35 usage=0.4675
  National URL: https://www.transfermarkt.de/lyndon-dykes/nationalmannschaft/spieler/347138/verein_id/3380
[826/1292] Lukas Hornicek | CZE | GK | 2.5 mio.
  OK: caps=1 caps_link=True source=ceapi_performance_game latest=2026-06-05 recent20_start=0.167 usage=0.1376
  National URL: https://www.transfermarkt.de/lukas-hornicek/nationalmannschaft/spieler/629773/verein_id/3445
[827/1292] Luis Mejia | PAN | GK | 2.5 mio.
  OK: caps=56 caps_link=True source=ceapi_performance_game latest=2026-06-04 recent20_start=0.15 usage=0.3075
  National URL: https://www.transfermarkt.de/luis-mejia/nationalmannschaft/spieler/76715/verein_id/3577
[828/1292] Luciano Valente | NED | MID | 2.5 mio.
  OK: caps=2 caps_link=True source=ceapi_performance_game latest=2026-03-31 recent20_start=0.0 usage=0.008
  National URL: https://www.transfermarkt.de/luciano-valente/nationalmannschaft/spieler/601495/verein_id/3379
[829/1292] Lucas Mendes | QAT | DEF | 2.5 mio.
  OK: caps=26 caps_link=True source=ceapi_performance_game latest=2026-05-28 recent20_start=0.5 usage=0.429
  National URL: https://www.transfermarkt.de/lucas-mendes/nationalmannschaft/spieler/83983/verein_id/14162
[830/1292] Lucas Bergvall | SWE | MID | 2.5 mio.
  OK: caps=10 caps_link=True source=ceapi_performance_game latest=2026-06-04 recent20_start=0.15 usage=0.1975
  National URL: https://www.transfermarkt.de/lucas-bergvall/nationalmannschaft/spieler/866246/verein_id/3557
[831/1292] Logan Costa | CPV | DEF | 2.5 mio.
  OK: caps=27 caps_link=True source=ceapi_performance_game latest=2026-05-31 recent20_start=0.45 usage=0.3555
  National URL: https://www.transfermarkt.de/logan-costa/nationalmannschaft/spieler/484988/verein_id/4311
[832/1292] Livano Comenencia | CUW | DEF | 2.5 mio.
  OK: caps=18 caps_link=True source=ceapi_performance_game latest=2026-05-30 recent20_start=0.889 usage=0.786
  National URL: https://www.transfermarkt.de/livano-comenencia/nationalmannschaft/spieler/626764/verein_id/32364
[833/1292] Liberato Cacace | NZL | DEF | 2.5 mio.
  OK: caps=36 caps_link=True source=ceapi_performance_game latest=2026-06-03 recent20_start=0.55 usage=0.4965
  National URL: https://www.transfermarkt.de/liberato-cacace/nationalmannschaft/spieler/469211/verein_id/9171
[834/1292] Leverton Pierre | HAI | MID | 2.5 mio.
  OK: caps=33 caps_link=True source=ceapi_performance_game latest=2026-06-03 recent20_start=0.6 usage=0.612
  National URL: https://www.transfermarkt.de/leverton-pierre/nationalmannschaft/spieler/552467/verein_id/14161
[835/1292] Leo Østigård | NOR | DEF | 2.5 mio.
  OK: caps=37 caps_link=True source=ceapi_performance_game latest=2026-06-01 recent20_start=0.45 usage=0.4455
  National URL: https://www.transfermarkt.de/leo-ostigard/nationalmannschaft/spieler/367284/verein_id/3440
[836/1292] Leandro Bacuna | CUW | MID | 2.5 mio.
  OK: caps=69 caps_link=True source=ceapi_performance_game latest=2026-05-30 recent20_start=0.95 usage=0.9475
  National URL: https://www.transfermarkt.de/leandro-bacuna/nationalmannschaft/spieler/126014/verein_id/32364
[837/1292] Lawrence Shankland | SCO | FWD | 2.5 mio.
  OK: caps=19 caps_link=True source=ceapi_performance_game latest=2026-05-30 recent20_start=0.05 usage=0.1285
  National URL: https://www.transfermarkt.de/lawrence-shankland/nationalmannschaft/spieler/225744/verein_id/3380
[838/1292] Laros Duarte | CPV | MID | 2.5 mio.
  OK: caps=17 caps_link=True source=ceapi_performance_game latest=2026-05-31 recent20_start=0.3 usage=0.283
  National URL: https://www.transfermarkt.de/laros-duarte/nationalmannschaft/spieler/258513/verein_id/4311
[839/1292] Kye Rowles | AUS | DEF | 2.5 mio.
  OK: caps=29 caps_link=True source=ceapi_performance_game latest=2026-05-31 recent20_start=0.35 usage=0.4085
  National URL: https://www.transfermarkt.de/kye-rowles/nationalmannschaft/spieler/399990/verein_id/3433
[840/1292] Kwasi Sibo | GHA | MID | 2.5 mio.
  OK: caps=8 caps_link=True source=ceapi_performance_game latest=2026-06-02 recent20_start=0.778 usage=0.6544
  National URL: https://www.transfermarkt.de/kwasi-sibo/nationalmannschaft/spieler/538006/verein_id/3441
[841/1292] Kumel Al-Rekabe | IRQ | GK | 2.5 mio.
  OK: caps=1 caps_link=True source=ceapi_performance_game latest=2026-05-29 recent20_start=0.0 usage=0.004
  National URL: https://www.transfermarkt.de/kumel-al-rekabe/nationalmannschaft/spieler/716687/verein_id/3560
[842/1292] Krepin Diatta | SEN | FWD | 2.5 mio.
  OK: caps=60 caps_link=True source=ceapi_performance_game latest=2026-05-31 recent20_start=0.65 usage=0.7825
  National URL: https://www.transfermarkt.de/krepin-diatta/nationalmannschaft/spieler/490426/verein_id/3499
[843/1292] Kosta Barbarouses | NZL | FWD | 2.5 mio.
  OK: caps=75 caps_link=True source=ceapi_performance_game latest=2026-06-03 recent20_start=0.25 usage=0.3875
  National URL: https://www.transfermarkt.de/kosta-barbarouses/nationalmannschaft/spieler/50200/verein_id/9171
[844/1292] Kobbie Mainoo | ENG | MID | 2.5 mio.
  OK: caps=12 caps_link=True source=ceapi_performance_game latest=2026-03-31 recent20_start=0.2 usage=0.183
  National URL: https://www.transfermarkt.de/kobbie-mainoo/nationalmannschaft/spieler/820374/verein_id/3299
[845/1292] Kieran Tierney | SCO | DEF | 2.5 mio.
  OK: caps=55 caps_link=True source=ceapi_performance_game latest=2026-05-30 recent20_start=0.1 usage=0.28
  National URL: https://www.transfermarkt.de/kieran-tierney/nationalmannschaft/spieler/300716/verein_id/3380
[846/1292] Khozhiakbar Alizhonov | UZB | DEF | 2.5 mio.
  OK: caps=52 caps_link=True source=ceapi_performance_game latest=2026-06-02 recent20_start=0.7 usage=0.735
  National URL: https://www.transfermarkt.de/khozhiakbar-alizhonov/nationalmannschaft/spieler/492558/verein_id/3563
[847/1292] Kevin Danso | AUT | DEF | 2.5 mio.
  OK: caps=32 caps_link=True source=ceapi_performance_game latest=2026-06-01 recent20_start=0.3 usage=0.393
  National URL: https://www.transfermarkt.de/kevin-danso/nationalmannschaft/spieler/263236/verein_id/3383
[848/1292] Kento Shiogai | JPN | FWD | 2.5 mio.
  OK: caps=2 caps_link=True source=ceapi_performance_game latest=2026-05-31 recent20_start=0.0 usage=0.008
  National URL: https://www.transfermarkt.de/kento-shiogai/nationalmannschaft/spieler/1144627/verein_id/3435
[849/1292] Kenny McLean | SCO | MID | 2.5 mio.
  OK: caps=56 caps_link=True source=ceapi_performance_game latest=2026-05-30 recent20_start=0.6 usage=0.63
  National URL: https://www.transfermarkt.de/kenny-mclean/nationalmannschaft/spieler/126600/verein_id/3380
[850/1292] Kenji Gorre | CUW | FWD | 2.5 mio.
  OK: caps=36 caps_link=True source=ceapi_performance_game latest=2026-05-30 recent20_start=0.65 usage=0.6265
  National URL: https://www.transfermarkt.de/kenji-gorre/nationalmannschaft/spieler/374889/verein_id/32364
[851/1292] Ken Sema | SWE | MID | 2.5 mio.
  OK: caps=33 caps_link=True source=ceapi_performance_game latest=2026-06-04 recent20_start=0.5 usage=0.457
  National URL: https://www.transfermarkt.de/ken-sema/nationalmannschaft/spieler/252345/verein_id/3557
[852/1292] Keisuke Goto | JPN | FWD | 2.5 mio.
  OK: caps=4 caps_link=True source=ceapi_performance_game latest=2026-05-31 recent20_start=0.2 usage=0.176
  National URL: https://www.transfermarkt.de/keisuke-goto/nationalmannschaft/spieler/916623/verein_id/3435
[853/1292] Karim Boudiaf | QAT | MID | 2.5 mio.
  OK: caps=121 caps_link=True source=ceapi_performance_game latest=2026-05-28 recent20_start=0.2 usage=0.385
  National URL: https://www.transfermarkt.de/karim-boudiaf/nationalmannschaft/spieler/222385/verein_id/14162
[854/1292] Kamal Miller | CAN | DEF | 2.5 mio.
  OK: caps=53 caps_link=True source=ceapi_performance_game latest=2026-03-31 recent20_start=0.3 usage=0.465
  National URL: https://www.transfermarkt.de/kamal-miller/nationalmannschaft/spieler/487504/verein_id/3510
[855/1292] Kalidou Koulibaly | SEN | DEF | 2.5 mio.
  OK: caps=102 caps_link=True source=ceapi_performance_game latest=2026-05-31 recent20_start=0.55 usage=0.6275
  National URL: https://www.transfermarkt.de/kalidou-koulibaly/nationalmannschaft/spieler/93128/verein_id/3499
[856/1292] Kaishu Sano | JPN | MID | 2.5 mio.
  OK: caps=13 caps_link=True source=ceapi_performance_game latest=2026-05-31 recent20_start=0.35 usage=0.3695
  National URL: https://www.transfermarkt.de/kaishu-sano/nationalmannschaft/spieler/643574/verein_id/3435
[857/1292] Jurrien Timber | NED | DEF | 2.5 mio.
  OK: caps=23 caps_link=True source=ceapi_performance_game latest=2026-06-03 recent20_start=0.25 usage=0.3295
  National URL: https://www.transfermarkt.de/jurrien-timber/nationalmannschaft/spieler/420243/verein_id/3379
[858/1292] Jurien Gaari | CUW | DEF | 2.5 mio.
  OK: caps=58 caps_link=True source=ceapi_performance_game latest=2026-05-30 recent20_start=0.85 usage=0.8425
  National URL: https://www.transfermarkt.de/jurien-gaari/nationalmannschaft/spieler/328455/verein_id/32364
[859/1292] Junnosuke Suzuki | JPN | DEF | 2.5 mio.
  OK: caps=6 caps_link=True source=ceapi_performance_game latest=2026-05-31 recent20_start=0.308 usage=0.2684
  National URL: https://www.transfermarkt.de/junnosuke-suzuki/nationalmannschaft/spieler/848856/verein_id/3435
[860/1292] Jun-ho Bae | KOR | MID | 2.5 mio.
  OK: caps=13 caps_link=True source=ceapi_performance_game latest=2026-06-04 recent20_start=0.25 usage=0.2645
  National URL: https://www.transfermarkt.de/jun-ho-bae/nationalmannschaft/spieler/912081/verein_id/3589
[861/1292] Juan Quintero | COL | MID | 2.5 mio.
  OK: caps=0 caps_link=True source=ceapi_performance_game latest=2017-01-26 recent20_start=0.0 usage=0.0
  National URL: https://www.transfermarkt.de/juan-quintero/nationalmannschaft/spieler/323838/verein_id/3816
[862/1292] Juan Portilla | COL | MID | 2.5 mio.
  OK: caps=9 caps_link=True source=ceapi_performance_game latest=2026-06-01 recent20_start=0.2 usage=0.196
  National URL: https://www.transfermarkt.de/juan-portilla/nationalmannschaft/spieler/585747/verein_id/3816
[863/1292] Juan Espinola | PAR | GK | 2.5 mio.
  OK: caps=1 caps_link=True source=ceapi_performance_game latest=2025-10-14 recent20_start=0.0 usage=0.004
  National URL: https://www.transfermarkt.de/juan-espinola/nationalmannschaft/spieler/532557/verein_id/3581
[864/1292] Jovane Cabral | CPV | FWD | 2.5 mio.
  OK: caps=27 caps_link=True source=ceapi_performance_game latest=2026-05-31 recent20_start=0.5 usage=0.483
  National URL: https://www.transfermarkt.de/jovane-cabral/nationalmannschaft/spieler/448466/verein_id/4311
[865/1292] Josue Duverger | HAI | GK | 2.5 mio.
  OK: caps=6 caps_link=True source=ceapi_performance_game latest=2026-06-03 recent20_start=0.05 usage=0.0765
  National URL: https://www.transfermarkt.de/josue-duverger/nationalmannschaft/spieler/490369/verein_id/14161
[866/1292] Josue Casimir | HAI | FWD | 2.5 mio.
  OK: caps=6 caps_link=True source=ceapi_performance_game latest=2026-06-03 recent20_start=0.857 usage=0.7096
  National URL: https://www.transfermarkt.de/josue-casimir/nationalmannschaft/spieler/763182/verein_id/14161
[867/1292] Joshua Brenet | CUW | DEF | 2.5 mio.
  OK: caps=16 caps_link=True source=ceapi_performance_game latest=2026-05-30 recent20_start=0.55 usage=0.4415
  National URL: https://www.transfermarkt.de/joshua-brenet/nationalmannschaft/spieler/207006/verein_id/32364
[868/1292] Joseph Anang | GHA | GK | 2.5 mio.
  OK: caps=1 caps_link=True source=ceapi_performance_game latest=2026-06-02 recent20_start=0.083 usage=0.0747
  National URL: https://www.transfermarkt.de/joseph-anang/nationalmannschaft/spieler/576099/verein_id/3441
[869/1292] Jose Manuel Lopez | ARG | FWD | 2.5 mio.
  OK: caps=3 caps_link=True source=ceapi_performance_game latest=2026-03-31 recent20_start=0.143 usage=0.1264
  National URL: https://www.transfermarkt.de/jose-manuel-lopez/nationalmannschaft/spieler/844797/verein_id/3437
[870/1292] Jose Luis Rodriguez Francis | PAN | MID | 2.5 mio.
  OK: caps=69 caps_link=True source=ceapi_performance_game latest=2026-06-04 recent20_start=0.55 usage=0.6025
  National URL: https://www.transfermarkt.de/jose-luis-rodriguez/nationalmannschaft/spieler/425028/verein_id/3577
[871/1292] Jose Hurtado | ECU | DEF | 2.5 mio.
  FEJL: Ingen kampoversigtstabel fundet
[872/1292] Jose Cordoba | PAN | DEF | 2.5 mio.
  OK: caps=32 caps_link=True source=ceapi_performance_game latest=2026-06-04 recent20_start=0.4 usage=0.448
  National URL: https://www.transfermarkt.de/jose-cordoba/nationalmannschaft/spieler/698415/verein_id/3577
[873/1292] Jorrel Hato | NED | DEF | 2.5 mio.
  OK: caps=8 caps_link=True source=ceapi_performance_game latest=2026-06-03 recent20_start=0.15 usage=0.1145
  National URL: https://www.transfermarkt.de/jorrel-hato/nationalmannschaft/spieler/904802/verein_id/3379
[874/1292] Joris Kayembe | COD | DEF | 2.5 mio.
  OK: caps=25 caps_link=True source=ceapi_performance_game latest=2026-06-03 recent20_start=0.25 usage=0.3125
  National URL: https://www.transfermarkt.de/joris-kayembe/nationalmannschaft/spieler/129586/verein_id/3854
[875/1292] Jorge Sanchez | MEX | DEF | 2.5 mio.
  OK: caps=59 caps_link=True source=ceapi_performance_game latest=2026-06-05 recent20_start=0.45 usage=0.5475
  National URL: https://www.transfermarkt.de/jorge-sanchez/nationalmannschaft/spieler/356044/verein_id/6303
[876/1292] Jorge Gutierrez | PAN | DEF | 2.5 mio.
  FEJL: Ingen kampoversigtstabel fundet
[877/1292] Jorge Carrascal | COL | MID | 2.5 mio.
  OK: caps=23 caps_link=True source=ceapi_performance_game latest=2026-06-01 recent20_start=0.05 usage=0.1445
  National URL: https://www.transfermarkt.de/jorge-carrascal/nationalmannschaft/spieler/354145/verein_id/3816
[878/1292] Jordy Caicedo | ECU | FWD | 2.5 mio.
  OK: caps=19 caps_link=True source=ceapi_performance_game latest=2026-05-31 recent20_start=0.05 usage=0.1285
  National URL: https://www.transfermarkt.de/jordy-caicedo/nationalmannschaft/spieler/360412/verein_id/5750
[879/1292] Johny Placide | HAI | GK | 2.5 mio.
  OK: caps=80 caps_link=True source=ceapi_performance_game latest=2026-06-03 recent20_start=0.65 usage=0.7075
  National URL: https://www.transfermarkt.de/johny-placide/nationalmannschaft/spieler/51035/verein_id/14161
[880/1292] John Souttar | SCO | DEF | 2.5 mio.
  OK: caps=23 caps_link=True source=ceapi_performance_game latest=2026-05-30 recent20_start=0.65 usage=0.5995
  National URL: https://www.transfermarkt.de/john-souttar/nationalmannschaft/spieler/235767/verein_id/3380
[881/1292] Joel Waterman | CAN | DEF | 2.5 mio.
  OK: caps=17 caps_link=True source=ceapi_performance_game latest=2026-06-02 recent20_start=0.4 usage=0.388
  National URL: https://www.transfermarkt.de/joel-waterman/nationalmannschaft/spieler/441738/verein_id/3510
[882/1292] Joel Ordonez | ECU | DEF | 2.5 mio.
  OK: caps=16 caps_link=True source=ceapi_performance_game latest=2026-05-31 recent20_start=0.7 usage=0.674
  National URL: https://www.transfermarkt.de/joel-ordonez/nationalmannschaft/spieler/893661/verein_id/5750
[883/1292] Joe Bell | NZL | MID | 2.5 mio.
  OK: caps=31 caps_link=True source=ceapi_performance_game latest=2026-06-03 recent20_start=0.55 usage=0.5515
  National URL: https://www.transfermarkt.de/joe-bell/nationalmannschaft/spieler/345700/verein_id/9171
[884/1292] Joaquin Seys | BEL | DEF | 2.5 mio.
  OK: caps=5 caps_link=True source=ceapi_performance_game latest=2026-06-02 recent20_start=0.143 usage=0.1344
  National URL: https://www.transfermarkt.de/joaquin-seys/nationalmannschaft/spieler/981196/verein_id/3382
[885/1292] Joaquin Piquerez | URU | MID | 2.5 mio.
  FEJL: HTTPSConnectionPool(host='www.transfermarkt.de', port=443): Read timed out. (read timeout=30)
[886/1292] Jin-seob Park | KOR | MID | 2.5 mio.
  FEJL: HTTPSConnectionPool(host='www.transfermarkt.com', port=443): Max retries exceeded with url: /schnellsuche/ergebnis/schnellsuche?query=Jin-seob+Park (Caused by NameResolutionError("HTTPSConnection(host='www.transfermarkt.com', port=443): Failed to resolve 'www.transfermarkt.com' ([Errno 11001] getaddrinfo failed)"))
[887/1292] Jin-gyu Kim | KOR | MID | 2.5 mio.
  FEJL: HTTPSConnectionPool(host='www.transfermarkt.com', port=443): Max retries exceeded with url: /schnellsuche/ergebnis/schnellsuche?query=Jin-gyu+Kim (Caused by NameResolutionError("HTTPSConnection(host='www.transfermarkt.com', port=443): Failed to resolve 'www.transfermarkt.com' ([Errno 11001] getaddrinfo failed)"))
[888/1292] Jerome Opoku | GHA | DEF | 2.5 mio.
  FEJL: HTTPSConnectionPool(host='www.transfermarkt.com', port=443): Max retries exceeded with url: /schnellsuche/ergebnis/schnellsuche?query=Jerome+Opoku (Caused by NameResolutionError("HTTPSConnection(host='www.transfermarkt.com', port=443): Failed to resolve 'www.transfermarkt.com' ([Errno 11001] getaddrinfo failed)"))
[889/1292] Jeremy Ngakia | COD | DEF | 2.5 mio.
  FEJL: HTTPSConnectionPool(host='www.transfermarkt.com', port=443): Max retries exceeded with url: /schnellsuche/ergebnis/schnellsuche?query=Jeremy+Ngakia (Caused by NameResolutionError("HTTPSConnection(host='www.transfermarkt.com', port=443): Failed to resolve 'www.transfermarkt.com' ([Errno 11001] getaddrinfo failed)"))
[890/1292] Jens Petter Hauge | NOR | MID | 2.5 mio.
  FEJL: HTTPSConnectionPool(host='www.transfermarkt.com', port=443): Max retries exceeded with url: /schnellsuche/ergebnis/schnellsuche?query=Jens+Petter+Hauge (Caused by NameResolutionError("HTTPSConnection(host='www.transfermarkt.com', port=443): Failed to resolve 'www.transfermarkt.com' ([Errno 11001] getaddrinfo failed)"))
[891/1292] Jens Castrop | KOR | MID | 2.5 mio.
  FEJL: HTTPSConnectionPool(host='www.transfermarkt.com', port=443): Max retries exceeded with url: /schnellsuche/ergebnis/schnellsuche?query=Jens+Castrop (Caused by NameResolutionError("HTTPSConnection(host='www.transfermarkt.com', port=443): Failed to resolve 'www.transfermarkt.com' ([Errno 11001] getaddrinfo failed)"))
[892/1292] Jean-Kevin Duverne | HAI | DEF | 2.5 mio.
  FEJL: HTTPSConnectionPool(host='www.transfermarkt.com', port=443): Max retries exceeded with url: /schnellsuche/ergebnis/schnellsuche?query=Jean-Kevin+Duverne (Caused by NameResolutionError("HTTPSConnection(host='www.transfermarkt.com', port=443): Failed to resolve 'www.transfermarkt.com' ([Errno 11001] getaddrinfo failed)"))
[893/1292] Jean Michael Seri | CIV | MID | 2.5 mio.
  FEJL: HTTPSConnectionPool(host='www.transfermarkt.com', port=443): Max retries exceeded with url: /schnellsuche/ergebnis/schnellsuche?query=Jean+Michael+Seri (Caused by NameResolutionError("HTTPSConnection(host='www.transfermarkt.com', port=443): Failed to resolve 'www.transfermarkt.com' ([Errno 11001] getaddrinfo failed)"))
[894/1292] Jawad El Yamiq | MAR | DEF | 2.5 mio.
  FEJL: HTTPSConnectionPool(host='www.transfermarkt.com', port=443): Max retries exceeded with url: /schnellsuche/ergebnis/schnellsuche?query=Jawad+El+Yamiq (Caused by NameResolutionError("HTTPSConnection(host='www.transfermarkt.com', port=443): Failed to resolve 'www.transfermarkt.com' ([Errno 11001] getaddrinfo failed)"))
[895/1292] Jassem Gaber | QAT | MID | 2.5 mio.
  FEJL: HTTPSConnectionPool(host='www.transfermarkt.com', port=443): Max retries exceeded with url: /schnellsuche/ergebnis/schnellsuche?query=Jassem+Gaber (Caused by NameResolutionError("HTTPSConnection(host='www.transfermarkt.com', port=443): Failed to resolve 'www.transfermarkt.com' ([Errno 11001] getaddrinfo failed)"))
[896/1292] Jason Geria | AUS | DEF | 2.5 mio.
  FEJL: HTTPSConnectionPool(host='www.transfermarkt.com', port=443): Max retries exceeded with url: /schnellsuche/ergebnis/schnellsuche?query=Jason+Geria (Caused by NameResolutionError("HTTPSConnection(host='www.transfermarkt.com', port=443): Failed to resolve 'www.transfermarkt.com' ([Errno 11001] getaddrinfo failed)"))
[897/1292] Jaroslav Zeleny | CZE | DEF | 2.5 mio.
  FEJL: HTTPSConnectionPool(host='www.transfermarkt.com', port=443): Max retries exceeded with url: /schnellsuche/ergebnis/schnellsuche?query=Jaroslav+Zeleny (Caused by NameResolutionError("HTTPSConnection(host='www.transfermarkt.com', port=443): Failed to resolve 'www.transfermarkt.com' ([Errno 11001] getaddrinfo failed)"))
[898/1292] Jarell Quansah | ENG | DEF | 2.5 mio.
  FEJL: HTTPSConnectionPool(host='www.transfermarkt.com', port=443): Max retries exceeded with url: /schnellsuche/ergebnis/schnellsuche?query=Jarell+Quansah (Caused by NameResolutionError("HTTPSConnection(host='www.transfermarkt.com', port=443): Failed to resolve 'www.transfermarkt.com' ([Errno 11001] getaddrinfo failed)"))
[899/1292] Jamiro Monteiro | CPV | MID | 2.5 mio.
  FEJL: HTTPSConnectionPool(host='www.transfermarkt.com', port=443): Max retries exceeded with url: /schnellsuche/ergebnis/schnellsuche?query=Jamiro+Monteiro (Caused by NameResolutionError("HTTPSConnection(host='www.transfermarkt.com', port=443): Failed to resolve 'www.transfermarkt.com' ([Errno 11001] getaddrinfo failed)"))
[900/1292] Jaminton Campaz | COL | MID | 2.5 mio.
  FEJL: HTTPSConnectionPool(host='www.transfermarkt.com', port=443): Max retries exceeded with url: /schnellsuche/ergebnis/schnellsuche?query=Jaminton+Campaz (Caused by NameResolutionError("HTTPSConnection(host='www.transfermarkt.com', port=443): Failed to resolve 'www.transfermarkt.com' ([Errno 11001] getaddrinfo failed)"))
[901/1292] Jakhongir Urozov | UZB | DEF | 2.5 mio.
  FEJL: HTTPSConnectionPool(host='www.transfermarkt.com', port=443): Max retries exceeded with url: /schnellsuche/ergebnis/schnellsuche?query=Jakhongir+Urozov (Caused by NameResolutionError("HTTPSConnection(host='www.transfermarkt.com', port=443): Failed to resolve 'www.transfermarkt.com' ([Errno 11001] getaddrinfo failed)"))
[902/1292] Ivor Pandur | CRO | GK | 2.5 mio.
  FEJL: HTTPSConnectionPool(host='www.transfermarkt.com', port=443): Max retries exceeded with url: /schnellsuche/ergebnis/schnellsuche?query=Ivor+Pandur (Caused by NameResolutionError("HTTPSConnection(host='www.transfermarkt.com', port=443): Failed to resolve 'www.transfermarkt.com' ([Errno 11001] getaddrinfo failed)"))
[903/1292] Ivan Basic | BIH | MID | 2.5 mio.
  FEJL: HTTPSConnectionPool(host='www.transfermarkt.com', port=443): Max retries exceeded with url: /schnellsuche/ergebnis/schnellsuche?query=Ivan+Basic (Caused by NameResolutionError("HTTPSConnection(host='www.transfermarkt.com', port=443): Failed to resolve 'www.transfermarkt.com' ([Errno 11001] getaddrinfo failed)"))
[904/1292] Issahaku Abdul Fatawu | GHA | FWD | 2.5 mio.
  FEJL: HTTPSConnectionPool(host='www.transfermarkt.com', port=443): Max retries exceeded with url: /schnellsuche/ergebnis/schnellsuche?query=Issahaku+Abdul+Fatawu (Caused by NameResolutionError("HTTPSConnection(host='www.transfermarkt.com', port=443): Failed to resolve 'www.transfermarkt.com' ([Errno 11001] getaddrinfo failed)"))
[905/1292] Issa Diop | MAR | DEF | 2.5 mio.
  FEJL: HTTPSConnectionPool(host='www.transfermarkt.com', port=443): Max retries exceeded with url: /schnellsuche/ergebnis/schnellsuche?query=Issa+Diop (Caused by NameResolutionError("HTTPSConnection(host='www.transfermarkt.com', port=443): Failed to resolve 'www.transfermarkt.com' ([Errno 11001] getaddrinfo failed)"))
[906/1292] Ismail Yüksek | TUR | MID | 2.5 mio.
  FEJL: HTTPSConnectionPool(host='www.transfermarkt.com', port=443): Max retries exceeded with url: /schnellsuche/ergebnis/schnellsuche?query=Ismail+Y%C3%BCksek (Caused by NameResolutionError("HTTPSConnection(host='www.transfermarkt.com', port=443): Failed to resolve 'www.transfermarkt.com' ([Errno 11001] getaddrinfo failed)"))
[907/1292] Ismail Jakobs | SEN | DEF | 2.5 mio.
  FEJL: HTTPSConnectionPool(host='www.transfermarkt.com', port=443): Max retries exceeded with url: /schnellsuche/ergebnis/schnellsuche?query=Ismail+Jakobs (Caused by NameResolutionError("HTTPSConnection(host='www.transfermarkt.com', port=443): Failed to resolve 'www.transfermarkt.com' ([Errno 11001] getaddrinfo failed)"))
[908/1292] Ismael Gharbi | TUN | MID | 2.5 mio.
  FEJL: HTTPSConnectionPool(host='www.transfermarkt.com', port=443): Max retries exceeded with url: /schnellsuche/ergebnis/schnellsuche?query=Ismael+Gharbi (Caused by NameResolutionError("HTTPSConnection(host='www.transfermarkt.com', port=443): Failed to resolve 'www.transfermarkt.com' ([Errno 11001] getaddrinfo failed)"))
[909/1292] Ismael Diaz | PAN | FWD | 2.5 mio.
  FEJL: HTTPSConnectionPool(host='www.transfermarkt.com', port=443): Max retries exceeded with url: /schnellsuche/ergebnis/schnellsuche?query=Ismael+Diaz (Caused by NameResolutionError("HTTPSConnection(host='www.transfermarkt.com', port=443): Failed to resolve 'www.transfermarkt.com' ([Errno 11001] getaddrinfo failed)"))
[910/1292] Ismael Bennacer | ALG | MID | 2.5 mio.
  FEJL: HTTPSConnectionPool(host='www.transfermarkt.com', port=443): Max retries exceeded with url: /schnellsuche/ergebnis/schnellsuche?query=Ismael+Bennacer (Caused by NameResolutionError("HTTPSConnection(host='www.transfermarkt.com', port=443): Failed to resolve 'www.transfermarkt.com' ([Errno 11001] getaddrinfo failed)"))
[911/1292] Isak Hien | SWE | DEF | 2.5 mio.
  FEJL: HTTPSConnectionPool(host='www.transfermarkt.com', port=443): Max retries exceeded with url: /schnellsuche/ergebnis/schnellsuche?query=Isak+Hien (Caused by NameResolutionError("HTTPSConnection(host='www.transfermarkt.com', port=443): Failed to resolve 'www.transfermarkt.com' ([Errno 11001] getaddrinfo failed)"))
[912/1292] In-beom Hwang | KOR | MID | 2.5 mio.
  FEJL: HTTPSConnectionPool(host='www.transfermarkt.com', port=443): Max retries exceeded with url: /schnellsuche/ergebnis/schnellsuche?query=In-beom+Hwang (Caused by NameResolutionError("HTTPSConnection(host='www.transfermarkt.com', port=443): Failed to resolve 'www.transfermarkt.com' ([Errno 11001] getaddrinfo failed)"))
[913/1292] Igor Matanovic | CRO | FWD | 2.5 mio.
  FEJL: HTTPSConnectionPool(host='www.transfermarkt.com', port=443): Max retries exceeded with url: /schnellsuche/ergebnis/schnellsuche?query=Igor+Matanovic (Caused by NameResolutionError("HTTPSConnection(host='www.transfermarkt.com', port=443): Failed to resolve 'www.transfermarkt.com' ([Errno 11001] getaddrinfo failed)"))
[914/1292] Ibrahim Sulemana | GHA | MID | 2.5 mio.
  FEJL: HTTPSConnectionPool(host='www.transfermarkt.com', port=443): Max retries exceeded with url: /schnellsuche/ergebnis/schnellsuche?query=Ibrahim+Sulemana (Caused by NameResolutionError("HTTPSConnection(host='www.transfermarkt.com', port=443): Failed to resolve 'www.transfermarkt.com' ([Errno 11001] getaddrinfo failed)"))
[915/1292] Ibrahim Sabra | JOR | FWD | 2.5 mio.
  FEJL: HTTPSConnectionPool(host='www.transfermarkt.com', port=443): Max retries exceeded with url: /schnellsuche/ergebnis/schnellsuche?query=Ibrahim+Sabra (Caused by NameResolutionError("HTTPSConnection(host='www.transfermarkt.com', port=443): Failed to resolve 'www.transfermarkt.com' ([Errno 11001] getaddrinfo failed)"))
[916/1292] Ibrahim Saadeh | JOR | MID | 2.5 mio.
  FEJL: HTTPSConnectionPool(host='www.transfermarkt.com', port=443): Max retries exceeded with url: /schnellsuche/ergebnis/schnellsuche?query=Ibrahim+Saadeh (Caused by NameResolutionError("HTTPSConnection(host='www.transfermarkt.com', port=443): Failed to resolve 'www.transfermarkt.com' ([Errno 11001] getaddrinfo failed)"))
[917/1292] Ibrahim Bayesh | IRQ | MID | 2.5 mio.
  FEJL: HTTPSConnectionPool(host='www.transfermarkt.com', port=443): Max retries exceeded with url: /schnellsuche/ergebnis/schnellsuche?query=Ibrahim+Bayesh (Caused by NameResolutionError("HTTPSConnection(host='www.transfermarkt.com', port=443): Failed to resolve 'www.transfermarkt.com' ([Errno 11001] getaddrinfo failed)"))
[918/1292] Hyun-Jun Yang | KOR | MID | 2.5 mio.
  FEJL: HTTPSConnectionPool(host='www.transfermarkt.com', port=443): Max retries exceeded with url: /schnellsuche/ergebnis/schnellsuche?query=Hyun-Jun+Yang (Caused by NameResolutionError("HTTPSConnection(host='www.transfermarkt.com', port=443): Failed to resolve 'www.transfermarkt.com' ([Errno 11001] getaddrinfo failed)"))
[919/1292] Houssem Aouar | ALG | MID | 2.5 mio.
  FEJL: HTTPSConnectionPool(host='www.transfermarkt.com', port=443): Max retries exceeded with url: /schnellsuche/ergebnis/schnellsuche?query=Houssem+Aouar (Caused by NameResolutionError("HTTPSConnection(host='www.transfermarkt.com', port=443): Failed to resolve 'www.transfermarkt.com' ([Errno 11001] getaddrinfo failed)"))
[920/1292] Hossein Kanaani | IRN | DEF | 2.5 mio.
  FEJL: HTTPSConnectionPool(host='www.transfermarkt.com', port=443): Max retries exceeded with url: /schnellsuche/ergebnis/schnellsuche?query=Hossein+Kanaani (Caused by NameResolutionError("HTTPSConnection(host='www.transfermarkt.com', port=443): Failed to resolve 'www.transfermarkt.com' ([Errno 11001] getaddrinfo failed)"))
[921/1292] Hossam Abdelmaguid | EGY | DEF | 2.5 mio.
  FEJL: HTTPSConnectionPool(host='www.transfermarkt.com', port=443): Max retries exceeded with url: /schnellsuche/ergebnis/schnellsuche?query=Hossam+Abdelmaguid (Caused by NameResolutionError("HTTPSConnection(host='www.transfermarkt.com', port=443): Failed to resolve 'www.transfermarkt.com' ([Errno 11001] getaddrinfo failed)"))
[922/1292] Homam Al-Amin | QAT | DEF | 2.5 mio.
  FEJL: HTTPSConnectionPool(host='www.transfermarkt.com', port=443): Max retries exceeded with url: /schnellsuche/ergebnis/schnellsuche?query=Homam+Al-Amin (Caused by NameResolutionError("HTTPSConnection(host='www.transfermarkt.com', port=443): Failed to resolve 'www.transfermarkt.com' ([Errno 11001] getaddrinfo failed)"))
[923/1292] Hiroki Ito | JPN | DEF | 2.5 mio.
  FEJL: HTTPSConnectionPool(host='www.transfermarkt.com', port=443): Max retries exceeded with url: /schnellsuche/ergebnis/schnellsuche?query=Hiroki+Ito (Caused by NameResolutionError("HTTPSConnection(host='www.transfermarkt.com', port=443): Failed to resolve 'www.transfermarkt.com' ([Errno 11001] getaddrinfo failed)"))
[924/1292] Himad Abdelli | ALG | MID | 2.5 mio.
  FEJL: HTTPSConnectionPool(host='www.transfermarkt.com', port=443): Max retries exceeded with url: /schnellsuche/ergebnis/schnellsuche?query=Himad+Abdelli (Caused by NameResolutionError("HTTPSConnection(host='www.transfermarkt.com', port=443): Failed to resolve 'www.transfermarkt.com' ([Errno 11001] getaddrinfo failed)"))
[925/1292] Hicham Boudaoui | ALG | MID | 2.5 mio.
  FEJL: HTTPSConnectionPool(host='www.transfermarkt.com', port=443): Max retries exceeded with url: /schnellsuche/ergebnis/schnellsuche?query=Hicham+Boudaoui (Caused by NameResolutionError("HTTPSConnection(host='www.transfermarkt.com', port=443): Failed to resolve 'www.transfermarkt.com' ([Errno 11001] getaddrinfo failed)"))
[926/1292] Helio Varela | CPV | FWD | 2.5 mio.
  FEJL: HTTPSConnectionPool(host='www.transfermarkt.com', port=443): Max retries exceeded with url: /schnellsuche/ergebnis/schnellsuche?query=Helio+Varela (Caused by NameResolutionError("HTTPSConnection(host='www.transfermarkt.com', port=443): Failed to resolve 'www.transfermarkt.com' ([Errno 11001] getaddrinfo failed)"))
[927/1292] Hannes Delcroix | HAI | DEF | 2.5 mio.
  FEJL: HTTPSConnectionPool(host='www.transfermarkt.com', port=443): Max retries exceeded with url: /schnellsuche/ergebnis/schnellsuche?query=Hannes+Delcroix (Caused by NameResolutionError("HTTPSConnection(host='www.transfermarkt.com', port=443): Failed to resolve 'www.transfermarkt.com' ([Errno 11001] getaddrinfo failed)"))
[928/1292] Hamdy Fathy | EGY | MID | 2.5 mio.
  FEJL: HTTPSConnectionPool(host='www.transfermarkt.com', port=443): Max retries exceeded with url: /schnellsuche/ergebnis/schnellsuche?query=Hamdy+Fathy (Caused by NameResolutionError("HTTPSConnection(host='www.transfermarkt.com', port=443): Failed to resolve 'www.transfermarkt.com' ([Errno 11001] getaddrinfo failed)"))
[929/1292] Hakim Ziyech | MAR | MID | 2.5 mio.
  FEJL: HTTPSConnectionPool(host='www.transfermarkt.com', port=443): Max retries exceeded with url: /schnellsuche/ergebnis/schnellsuche?query=Hakim+Ziyech (Caused by NameResolutionError("HTTPSConnection(host='www.transfermarkt.com', port=443): Failed to resolve 'www.transfermarkt.com' ([Errno 11001] getaddrinfo failed)"))
[930/1292] Habib Diarra | SEN | MID | 2.5 mio.
  FEJL: HTTPSConnectionPool(host='www.transfermarkt.com', port=443): Max retries exceeded with url: /schnellsuche/ergebnis/schnellsuche?query=Habib+Diarra (Caused by NameResolutionError("HTTPSConnection(host='www.transfermarkt.com', port=443): Failed to resolve 'www.transfermarkt.com' ([Errno 11001] getaddrinfo failed)"))
[931/1292] Gustavo Velazquez | PAR | DEF | 2.5 mio.
  FEJL: HTTPSConnectionPool(host='www.transfermarkt.com', port=443): Max retries exceeded with url: /schnellsuche/ergebnis/schnellsuche?query=Gustavo+Velazquez (Caused by NameResolutionError("HTTPSConnection(host='www.transfermarkt.com', port=443): Failed to resolve 'www.transfermarkt.com' ([Errno 11001] getaddrinfo failed)"))
[932/1292] Gustavo Puerta | COL | MID | 2.5 mio.
  FEJL: HTTPSConnectionPool(host='www.transfermarkt.com', port=443): Max retries exceeded with url: /schnellsuche/ergebnis/schnellsuche?query=Gustavo+Puerta (Caused by NameResolutionError("HTTPSConnection(host='www.transfermarkt.com', port=443): Failed to resolve 'www.transfermarkt.com' ([Errno 11001] getaddrinfo failed)"))
[933/1292] Gue-sung Cho | KOR | FWD | 2.5 mio.
  FEJL: HTTPSConnectionPool(host='www.transfermarkt.com', port=443): Max retries exceeded with url: /schnellsuche/ergebnis/schnellsuche?query=Gue-sung+Cho (Caused by NameResolutionError("HTTPSConnection(host='www.transfermarkt.com', port=443): Failed to resolve 'www.transfermarkt.com' ([Errno 11001] getaddrinfo failed)"))
[934/1292] Grant Hanley | SCO | DEF | 2.5 mio.
  FEJL: HTTPSConnectionPool(host='www.transfermarkt.com', port=443): Max retries exceeded with url: /schnellsuche/ergebnis/schnellsuche?query=Grant+Hanley (Caused by NameResolutionError("HTTPSConnection(host='www.transfermarkt.com', port=443): Failed to resolve 'www.transfermarkt.com' ([Errno 11001] getaddrinfo failed)"))
[935/1292] Grady Diangana | COD | MID | 2.5 mio.
  FEJL: HTTPSConnectionPool(host='www.transfermarkt.com', port=443): Max retries exceeded with url: /schnellsuche/ergebnis/schnellsuche?query=Grady+Diangana (Caused by NameResolutionError("HTTPSConnection(host='www.transfermarkt.com', port=443): Failed to resolve 'www.transfermarkt.com' ([Errno 11001] getaddrinfo failed)"))
[936/1292] Goncalo Guedes | POR | FWD | 2.5 mio.
  FEJL: HTTPSConnectionPool(host='www.transfermarkt.com', port=443): Max retries exceeded with url: /schnellsuche/ergebnis/schnellsuche?query=Goncalo+Guedes (Caused by NameResolutionError("HTTPSConnection(host='www.transfermarkt.com', port=443): Failed to resolve 'www.transfermarkt.com' ([Errno 11001] getaddrinfo failed)"))
[937/1292] Gilson Benchimol Tavares | CPV | FWD | 2.5 mio.
  FEJL: HTTPSConnectionPool(host='www.transfermarkt.com', port=443): Max retries exceeded with url: /schnellsuche/ergebnis/schnellsuche?query=Gilson+Benchimol+Tavares (Caused by NameResolutionError("HTTPSConnection(host='www.transfermarkt.com', port=443): Failed to resolve 'www.transfermarkt.com' ([Errno 11001] getaddrinfo failed)"))
[938/1292] Ghislain Konan | CIV | DEF | 2.5 mio.
  FEJL: HTTPSConnectionPool(host='www.transfermarkt.com', port=443): Max retries exceeded with url: /schnellsuche/ergebnis/schnellsuche?query=Ghislain+Konan (Caused by NameResolutionError("HTTPSConnection(host='www.transfermarkt.com', port=443): Failed to resolve 'www.transfermarkt.com' ([Errno 11001] getaddrinfo failed)"))
[939/1292] Gervane Kastaneer | CUW | FWD | 2.5 mio.
  FEJL: HTTPSConnectionPool(host='www.transfermarkt.com', port=443): Max retries exceeded with url: /schnellsuche/ergebnis/schnellsuche?query=Gervane+Kastaneer (Caused by NameResolutionError("HTTPSConnection(host='www.transfermarkt.com', port=443): Failed to resolve 'www.transfermarkt.com' ([Errno 11001] getaddrinfo failed)"))
[940/1292] George Hirst | SCO | FWD | 2.5 mio.
  FEJL: HTTPSConnectionPool(host='www.transfermarkt.com', port=443): Max retries exceeded with url: /schnellsuche/ergebnis/schnellsuche?query=George+Hirst (Caused by NameResolutionError("HTTPSConnection(host='www.transfermarkt.com', port=443): Failed to resolve 'www.transfermarkt.com' ([Errno 11001] getaddrinfo failed)"))
[941/1292] Gaël Kakuta | COD | MID | 2.5 mio.
  FEJL: HTTPSConnectionPool(host='www.transfermarkt.com', port=443): Max retries exceeded with url: /schnellsuche/ergebnis/schnellsuche?query=Ga%C3%ABl+Kakuta (Caused by NameResolutionError("HTTPSConnection(host='www.transfermarkt.com', port=443): Failed to resolve 'www.transfermarkt.com' ([Errno 11001] getaddrinfo failed)"))
[942/1292] Garry Mendes Rodrigues | CPV | FWD | 2.5 mio.
  FEJL: HTTPSConnectionPool(host='www.transfermarkt.com', port=443): Max retries exceeded with url: /schnellsuche/ergebnis/schnellsuche?query=Garry+Mendes+Rodrigues (Caused by NameResolutionError("HTTPSConnection(host='www.transfermarkt.com', port=443): Failed to resolve 'www.transfermarkt.com' ([Errno 11001] getaddrinfo failed)"))
[943/1292] Fredrik Andre Bjørkan | NOR | DEF | 2.5 mio.
  FEJL: HTTPSConnectionPool(host='www.transfermarkt.com', port=443): Max retries exceeded with url: /schnellsuche/ergebnis/schnellsuche?query=Fredrik+Andre+Bj%C3%B8rkan (Caused by NameResolutionError("HTTPSConnection(host='www.transfermarkt.com', port=443): Failed to resolve 'www.transfermarkt.com' ([Errno 11001] getaddrinfo failed)"))
[944/1292] Francis de Vries | NZL | DEF | 2.5 mio.
  FEJL: HTTPSConnectionPool(host='www.transfermarkt.com', port=443): Max retries exceeded with url: /schnellsuche/ergebnis/schnellsuche?query=Francis+de+Vries (Caused by NameResolutionError("HTTPSConnection(host='www.transfermarkt.com', port=443): Failed to resolve 'www.transfermarkt.com' ([Errno 11001] getaddrinfo failed)"))
[945/1292] Florian Grillitsch | AUT | MID | 2.5 mio.
  FEJL: HTTPSConnectionPool(host='www.transfermarkt.com', port=443): Max retries exceeded with url: /schnellsuche/ergebnis/schnellsuche?query=Florian+Grillitsch (Caused by NameResolutionError("HTTPSConnection(host='www.transfermarkt.com', port=443): Failed to resolve 'www.transfermarkt.com' ([Errno 11001] getaddrinfo failed)"))
[946/1292] Firas Chaouat | TUN | FWD | 2.5 mio.
  FEJL: HTTPSConnectionPool(host='www.transfermarkt.com', port=443): Max retries exceeded with url: /schnellsuche/ergebnis/schnellsuche?query=Firas+Chaouat (Caused by NameResolutionError("HTTPSConnection(host='www.transfermarkt.com', port=443): Failed to resolve 'www.transfermarkt.com' ([Errno 11001] getaddrinfo failed)"))
[947/1292] Fidel Escobar | PAN | DEF | 2.5 mio.
  FEJL: HTTPSConnectionPool(host='www.transfermarkt.com', port=443): Max retries exceeded with url: /schnellsuche/ergebnis/schnellsuche?query=Fidel+Escobar (Caused by NameResolutionError("HTTPSConnection(host='www.transfermarkt.com', port=443): Failed to resolve 'www.transfermarkt.com' ([Errno 11001] getaddrinfo failed)"))
[948/1292] Farrukh Sayfiev | UZB | DEF | 2.5 mio.
  FEJL: HTTPSConnectionPool(host='www.transfermarkt.com', port=443): Max retries exceeded with url: /schnellsuche/ergebnis/schnellsuche?query=Farrukh+Sayfiev (Caused by NameResolutionError("HTTPSConnection(host='www.transfermarkt.com', port=443): Failed to resolve 'www.transfermarkt.com' ([Errno 11001] getaddrinfo failed)"))
[949/1292] Fares Chaibi | ALG | MID | 2.5 mio.
  FEJL: HTTPSConnectionPool(host='www.transfermarkt.com', port=443): Max retries exceeded with url: /schnellsuche/ergebnis/schnellsuche?query=Fares+Chaibi (Caused by NameResolutionError("HTTPSConnection(host='www.transfermarkt.com', port=443): Failed to resolve 'www.transfermarkt.com' ([Errno 11001] getaddrinfo failed)"))
[950/1292] Fahad Talib | IRQ | GK | 2.5 mio.
  FEJL: HTTPSConnectionPool(host='www.transfermarkt.com', port=443): Max retries exceeded with url: /schnellsuche/ergebnis/schnellsuche?query=Fahad+Talib (Caused by NameResolutionError("HTTPSConnection(host='www.transfermarkt.com', port=443): Failed to resolve 'www.transfermarkt.com' ([Errno 11001] getaddrinfo failed)"))
[951/1292] Evidence Makgopa | RSA | FWD | 2.5 mio.
  FEJL: HTTPSConnectionPool(host='www.transfermarkt.com', port=443): Max retries exceeded with url: /schnellsuche/ergebnis/schnellsuche?query=Evidence+Makgopa (Caused by NameResolutionError("HTTPSConnection(host='www.transfermarkt.com', port=443): Failed to resolve 'www.transfermarkt.com' ([Errno 11001] getaddrinfo failed)"))
[952/1292] Everardo Lopez | MEX | DEF | 2.5 mio.
  FEJL: HTTPSConnectionPool(host='www.transfermarkt.com', port=443): Max retries exceeded with url: /schnellsuche/ergebnis/schnellsuche?query=Everardo+Lopez (Caused by NameResolutionError("HTTPSConnection(host='www.transfermarkt.com', port=443): Failed to resolve 'www.transfermarkt.com' ([Errno 11001] getaddrinfo failed)"))
[953/1292] Evan N'Dicka | CIV | DEF | 2.5 mio.
  FEJL: HTTPSConnectionPool(host='www.transfermarkt.com', port=443): Max retries exceeded with url: /schnellsuche/ergebnis/schnellsuche?query=Evan+N%27Dicka (Caused by NameResolutionError("HTTPSConnection(host='www.transfermarkt.com', port=443): Failed to resolve 'www.transfermarkt.com' ([Errno 11001] getaddrinfo failed)"))
[954/1292] Erik Lira | MEX | MID | 2.5 mio.
  FEJL: HTTPSConnectionPool(host='www.transfermarkt.com', port=443): Max retries exceeded with url: /schnellsuche/ergebnis/schnellsuche?query=Erik+Lira (Caused by NameResolutionError("HTTPSConnection(host='www.transfermarkt.com', port=443): Failed to resolve 'www.transfermarkt.com' ([Errno 11001] getaddrinfo failed)"))
[955/1292] Endrick | BRA | FWD | 2.5 mio.
  FEJL: HTTPSConnectionPool(host='www.transfermarkt.com', port=443): Max retries exceeded with url: /schnellsuche/ergebnis/schnellsuche?query=Endrick (Caused by NameResolutionError("HTTPSConnection(host='www.transfermarkt.com', port=443): Failed to resolve 'www.transfermarkt.com' ([Errno 11001] getaddrinfo failed)"))
[956/1292] Emmanuel Agbadou | CIV | DEF | 2.5 mio.
  FEJL: HTTPSConnectionPool(host='www.transfermarkt.com', port=443): Max retries exceeded with url: /schnellsuche/ergebnis/schnellsuche?query=Emmanuel+Agbadou (Caused by NameResolutionError("HTTPSConnection(host='www.transfermarkt.com', port=443): Failed to resolve 'www.transfermarkt.com' ([Errno 11001] getaddrinfo failed)"))
[957/1292] Emiliano Martinez Toranza | URU | MID | 2.5 mio.
  FEJL: HTTPSConnectionPool(host='www.transfermarkt.com', port=443): Max retries exceeded with url: /schnellsuche/ergebnis/schnellsuche?query=Emiliano+Martinez+Toranza (Caused by NameResolutionError("HTTPSConnection(host='www.transfermarkt.com', port=443): Failed to resolve 'www.transfermarkt.com' ([Errno 11001] getaddrinfo failed)"))
[958/1292] Emil Holm | SWE | DEF | 2.5 mio.
  FEJL: HTTPSConnectionPool(host='www.transfermarkt.com', port=443): Max retries exceeded with url: /schnellsuche/ergebnis/schnellsuche?query=Emil+Holm (Caused by NameResolutionError("HTTPSConnection(host='www.transfermarkt.com', port=443): Failed to resolve 'www.transfermarkt.com' ([Errno 11001] getaddrinfo failed)"))
[959/1292] Emam Ashour | EGY | MID | 2.5 mio.
  FEJL: HTTPSConnectionPool(host='www.transfermarkt.com', port=443): Max retries exceeded with url: /schnellsuche/ergebnis/schnellsuche?query=Emam+Ashour (Caused by NameResolutionError("HTTPSConnection(host='www.transfermarkt.com', port=443): Failed to resolve 'www.transfermarkt.com' ([Errno 11001] getaddrinfo failed)"))
[960/1292] Elye Wahi | CIV | FWD | 2.5 mio.
  FEJL: HTTPSConnectionPool(host='www.transfermarkt.com', port=443): Max retries exceeded with url: /schnellsuche/ergebnis/schnellsuche?query=Elye+Wahi (Caused by NameResolutionError("HTTPSConnection(host='www.transfermarkt.com', port=443): Failed to resolve 'www.transfermarkt.com' ([Errno 11001] getaddrinfo failed)"))
[961/1292] Eloy Room | CUW | GK | 2.5 mio.
  FEJL: HTTPSConnectionPool(host='www.transfermarkt.com', port=443): Max retries exceeded with url: /schnellsuche/ergebnis/schnellsuche?query=Eloy+Room (Caused by NameResolutionError("HTTPSConnection(host='www.transfermarkt.com', port=443): Failed to resolve 'www.transfermarkt.com' ([Errno 11001] getaddrinfo failed)"))
[962/1292] Ellyes Skhiri | TUN | MID | 2.5 mio.
  FEJL: HTTPSConnectionPool(host='www.transfermarkt.com', port=443): Max retries exceeded with url: /schnellsuche/ergebnis/schnellsuche?query=Ellyes+Skhiri (Caused by NameResolutionError("HTTPSConnection(host='www.transfermarkt.com', port=443): Failed to resolve 'www.transfermarkt.com' ([Errno 11001] getaddrinfo failed)"))
[963/1292] Elisha Owusu | GHA | MID | 2.5 mio.
  FEJL: HTTPSConnectionPool(host='www.transfermarkt.com', port=443): Max retries exceeded with url: /schnellsuche/ergebnis/schnellsuche?query=Elisha+Owusu (Caused by NameResolutionError("HTTPSConnection(host='www.transfermarkt.com', port=443): Failed to resolve 'www.transfermarkt.com' ([Errno 11001] getaddrinfo failed)"))
[964/1292] Elias Saad | TUN | MID | 2.5 mio.
  FEJL: HTTPSConnectionPool(host='www.transfermarkt.com', port=443): Max retries exceeded with url: /schnellsuche/ergebnis/schnellsuche?query=Elias+Saad (Caused by NameResolutionError("HTTPSConnection(host='www.transfermarkt.com', port=443): Failed to resolve 'www.transfermarkt.com' ([Errno 11001] getaddrinfo failed)"))
[965/1292] El Mehdi Al Harrar | MAR | GK | 2.5 mio.
  FEJL: HTTPSConnectionPool(host='www.transfermarkt.com', port=443): Max retries exceeded with url: /schnellsuche/ergebnis/schnellsuche?query=El+Mehdi+Al+Harrar (Caused by NameResolutionError("HTTPSConnection(host='www.transfermarkt.com', port=443): Failed to resolve 'www.transfermarkt.com' ([Errno 11001] getaddrinfo failed)"))
[966/1292] El Mahdi Soliman | EGY | GK | 2.5 mio.
  FEJL: HTTPSConnectionPool(host='www.transfermarkt.com', port=443): Max retries exceeded with url: /schnellsuche/ergebnis/schnellsuche?query=El+Mahdi+Soliman (Caused by NameResolutionError("HTTPSConnection(host='www.transfermarkt.com', port=443): Failed to resolve 'www.transfermarkt.com' ([Errno 11001] getaddrinfo failed)"))
[967/1292] Edo Kayembe | COD | MID | 2.5 mio.
  FEJL: HTTPSConnectionPool(host='www.transfermarkt.com', port=443): Max retries exceeded with url: /schnellsuche/ergebnis/schnellsuche?query=Edo+Kayembe (Caused by NameResolutionError("HTTPSConnection(host='www.transfermarkt.com', port=443): Failed to resolve 'www.transfermarkt.com' ([Errno 11001] getaddrinfo failed)"))
[968/1292] Edmilson Junior | QAT | FWD | 2.5 mio.
  FEJL: HTTPSConnectionPool(host='www.transfermarkt.com', port=443): Max retries exceeded with url: /schnellsuche/ergebnis/schnellsuche?query=Edmilson+Junior (Caused by NameResolutionError("HTTPSConnection(host='www.transfermarkt.com', port=443): Failed to resolve 'www.transfermarkt.com' ([Errno 11001] getaddrinfo failed)"))
[969/1292] Dzenis Burnic | BIH | MID | 2.5 mio.
  FEJL: HTTPSConnectionPool(host='www.transfermarkt.com', port=443): Max retries exceeded with url: /schnellsuche/ergebnis/schnellsuche?query=Dzenis+Burnic (Caused by NameResolutionError("HTTPSConnection(host='www.transfermarkt.com', port=443): Failed to resolve 'www.transfermarkt.com' ([Errno 11001] getaddrinfo failed)"))
[970/1292] Dylan Bronn | TUN | DEF | 2.5 mio.
  FEJL: HTTPSConnectionPool(host='www.transfermarkt.com', port=443): Max retries exceeded with url: /schnellsuche/ergebnis/schnellsuche?query=Dylan+Bronn (Caused by NameResolutionError("HTTPSConnection(host='www.transfermarkt.com', port=443): Failed to resolve 'www.transfermarkt.com' ([Errno 11001] getaddrinfo failed)"))
[971/1292] Dylan Batubinsika | COD | DEF | 2.5 mio.
  FEJL: HTTPSConnectionPool(host='www.transfermarkt.com', port=443): Max retries exceeded with url: /schnellsuche/ergebnis/schnellsuche?query=Dylan+Batubinsika (Caused by NameResolutionError("HTTPSConnection(host='www.transfermarkt.com', port=443): Failed to resolve 'www.transfermarkt.com' ([Errno 11001] getaddrinfo failed)"))
[972/1292] Duke Lacroix | HAI | DEF | 2.5 mio.
  FEJL: HTTPSConnectionPool(host='www.transfermarkt.com', port=443): Max retries exceeded with url: /schnellsuche/ergebnis/schnellsuche?query=Duke+Lacroix (Caused by NameResolutionError("HTTPSConnection(host='www.transfermarkt.com', port=443): Failed to resolve 'www.transfermarkt.com' ([Errno 11001] getaddrinfo failed)"))
[973/1292] Douglas Santos | BRA | DEF | 2.5 mio.
  FEJL: HTTPSConnectionPool(host='www.transfermarkt.com', port=443): Max retries exceeded with url: /schnellsuche/ergebnis/schnellsuche?query=Douglas+Santos (Caused by NameResolutionError("HTTPSConnection(host='www.transfermarkt.com', port=443): Failed to resolve 'www.transfermarkt.com' ([Errno 11001] getaddrinfo failed)"))
[974/1292] Djed Spence | ENG | DEF | 2.5 mio.
  FEJL: HTTPSConnectionPool(host='www.transfermarkt.com', port=443): Max retries exceeded with url: /schnellsuche/ergebnis/schnellsuche?query=Djed+Spence (Caused by NameResolutionError("HTTPSConnection(host='www.transfermarkt.com', port=443): Failed to resolve 'www.transfermarkt.com' ([Errno 11001] getaddrinfo failed)"))
[975/1292] Deroy Duarte | CPV | MID | 2.5 mio.
  FEJL: HTTPSConnectionPool(host='www.transfermarkt.com', port=443): Max retries exceeded with url: /schnellsuche/ergebnis/schnellsuche?query=Deroy+Duarte (Caused by NameResolutionError("HTTPSConnection(host='www.transfermarkt.com', port=443): Failed to resolve 'www.transfermarkt.com' ([Errno 11001] getaddrinfo failed)"))
[976/1292] Derek Cornelius | CAN | DEF | 2.5 mio.
  FEJL: HTTPSConnectionPool(host='www.transfermarkt.com', port=443): Max retries exceeded with url: /schnellsuche/ergebnis/schnellsuche?query=Derek+Cornelius (Caused by NameResolutionError("HTTPSConnection(host='www.transfermarkt.com', port=443): Failed to resolve 'www.transfermarkt.com' ([Errno 11001] getaddrinfo failed)"))
[977/1292] Dennis Hadzikadunic | BIH | DEF | 2.5 mio.
  FEJL: HTTPSConnectionPool(host='www.transfermarkt.com', port=443): Max retries exceeded with url: /schnellsuche/ergebnis/schnellsuche?query=Dennis+Hadzikadunic (Caused by NameResolutionError("HTTPSConnection(host='www.transfermarkt.com', port=443): Failed to resolve 'www.transfermarkt.com' ([Errno 11001] getaddrinfo failed)"))
[978/1292] Deniz Gül | TUR | FWD | 2.5 mio.
  FEJL: HTTPSConnectionPool(host='www.transfermarkt.com', port=443): Max retries exceeded with url: /schnellsuche/ergebnis/schnellsuche?query=Deniz+G%C3%BCl (Caused by NameResolutionError("HTTPSConnection(host='www.transfermarkt.com', port=443): Failed to resolve 'www.transfermarkt.com' ([Errno 11001] getaddrinfo failed)"))
[979/1292] Deni Juric | AUS | FWD | 2.5 mio.
  FEJL: HTTPSConnectionPool(host='www.transfermarkt.com', port=443): Max retries exceeded with url: /schnellsuche/ergebnis/schnellsuche?query=Deni+Juric (Caused by NameResolutionError("HTTPSConnection(host='www.transfermarkt.com', port=443): Failed to resolve 'www.transfermarkt.com' ([Errno 11001] getaddrinfo failed)"))
[980/1292] David Cabezas | ECU | GK | 2.5 mio.
  FEJL: HTTPSConnectionPool(host='www.transfermarkt.com', port=443): Max retries exceeded with url: /schnellsuche/ergebnis/schnellsuche?query=David+Cabezas (Caused by NameResolutionError("HTTPSConnection(host='www.transfermarkt.com', port=443): Failed to resolve 'www.transfermarkt.com' ([Errno 11001] getaddrinfo failed)"))
[981/1292] David 'Junior' Hoilett | CAN | MID | 2.5 mio.
  FEJL: HTTPSConnectionPool(host='www.transfermarkt.com', port=443): Max retries exceeded with url: /schnellsuche/ergebnis/schnellsuche?query=David+%27Junior%27+Hoilett (Caused by NameResolutionError("HTTPSConnection(host='www.transfermarkt.com', port=443): Failed to resolve 'www.transfermarkt.com' ([Errno 11001] getaddrinfo failed)"))
[982/1292] Danilo Luiz da Silva | BRA | DEF | 2.5 mio.
  FEJL: HTTPSConnectionPool(host='www.transfermarkt.com', port=443): Max retries exceeded with url: /schnellsuche/ergebnis/schnellsuche?query=Danilo+Luiz+da+Silva (Caused by NameResolutionError("HTTPSConnection(host='www.transfermarkt.com', port=443): Failed to resolve 'www.transfermarkt.com' ([Errno 11001] getaddrinfo failed)"))
[983/1292] Daniel Jebbison | CAN | FWD | 2.5 mio.
  FEJL: HTTPSConnectionPool(host='www.transfermarkt.com', port=443): Max retries exceeded with url: /schnellsuche/ergebnis/schnellsuche?query=Daniel+Jebbison (Caused by NameResolutionError("HTTPSConnection(host='www.transfermarkt.com', port=443): Failed to resolve 'www.transfermarkt.com' ([Errno 11001] getaddrinfo failed)"))
[984/1292] Danial Esmaeilifar | IRN | DEF | 2.5 mio.
  FEJL: HTTPSConnectionPool(host='www.transfermarkt.com', port=443): Max retries exceeded with url: /schnellsuche/ergebnis/schnellsuche?query=Danial+Esmaeilifar (Caused by NameResolutionError("HTTPSConnection(host='www.transfermarkt.com', port=443): Failed to resolve 'www.transfermarkt.com' ([Errno 11001] getaddrinfo failed)"))
[985/1292] Damian Bobadilla | PAR | MID | 2.5 mio.
  FEJL: HTTPSConnectionPool(host='www.transfermarkt.com', port=443): Max retries exceeded with url: /schnellsuche/ergebnis/schnellsuche?query=Damian+Bobadilla (Caused by NameResolutionError("HTTPSConnection(host='www.transfermarkt.com', port=443): Failed to resolve 'www.transfermarkt.com' ([Errno 11001] getaddrinfo failed)"))
[986/1292] Daizen Maeda | JPN | FWD | 2.5 mio.
  FEJL: HTTPSConnectionPool(host='www.transfermarkt.com', port=443): Max retries exceeded with url: /schnellsuche/ergebnis/schnellsuche?query=Daizen+Maeda (Caused by NameResolutionError("HTTPSConnection(host='www.transfermarkt.com', port=443): Failed to resolve 'www.transfermarkt.com' ([Errno 11001] getaddrinfo failed)"))
[987/1292] Cristian Roldan | USA | MID | 2.5 mio.
  FEJL: HTTPSConnectionPool(host='www.transfermarkt.com', port=443): Max retries exceeded with url: /schnellsuche/ergebnis/schnellsuche?query=Cristian+Roldan (Caused by NameResolutionError("HTTPSConnection(host='www.transfermarkt.com', port=443): Failed to resolve 'www.transfermarkt.com' ([Errno 11001] getaddrinfo failed)"))
[988/1292] Cristian Martinez | PAN | MID | 2.5 mio.
  FEJL: HTTPSConnectionPool(host='www.transfermarkt.com', port=443): Max retries exceeded with url: /schnellsuche/ergebnis/schnellsuche?query=Cristian+Martinez (Caused by NameResolutionError("HTTPSConnection(host='www.transfermarkt.com', port=443): Failed to resolve 'www.transfermarkt.com' ([Errno 11001] getaddrinfo failed)"))
[989/1292] Craig Gordon | SCO | GK | 2.5 mio.
  FEJL: HTTPSConnectionPool(host='www.transfermarkt.com', port=443): Max retries exceeded with url: /schnellsuche/ergebnis/schnellsuche?query=Craig+Gordon (Caused by NameResolutionError("HTTPSConnection(host='www.transfermarkt.com', port=443): Failed to resolve 'www.transfermarkt.com' ([Errno 11001] getaddrinfo failed)"))
[990/1292] Christopher Bonsu Baah | GHA | FWD | 2.5 mio.
  FEJL: HTTPSConnectionPool(host='www.transfermarkt.com', port=443): Max retries exceeded with url: /schnellsuche/ergebnis/schnellsuche?query=Christopher+Bonsu+Baah (Caused by NameResolutionError("HTTPSConnection(host='www.transfermarkt.com', port=443): Failed to resolve 'www.transfermarkt.com' ([Errno 11001] getaddrinfo failed)"))
[991/1292] Chris Brady | USA | GK | 2.5 mio.
  FEJL: HTTPSConnectionPool(host='www.transfermarkt.com', port=443): Max retries exceeded with url: /schnellsuche/ergebnis/schnellsuche?query=Chris+Brady (Caused by NameResolutionError("HTTPSConnection(host='www.transfermarkt.com', port=443): Failed to resolve 'www.transfermarkt.com' ([Errno 11001] getaddrinfo failed)"))
[992/1292] Chemsdine Talbi | MAR | FWD | 2.5 mio.
  FEJL: HTTPSConnectionPool(host='www.transfermarkt.com', port=443): Max retries exceeded with url: /schnellsuche/ergebnis/schnellsuche?query=Chemsdine+Talbi (Caused by NameResolutionError("HTTPSConnection(host='www.transfermarkt.com', port=443): Failed to resolve 'www.transfermarkt.com' ([Errno 11001] getaddrinfo failed)"))
[993/1292] Charles Pickel | COD | MID | 2.5 mio.
  FEJL: HTTPSConnectionPool(host='www.transfermarkt.com', port=443): Max retries exceeded with url: /schnellsuche/ergebnis/schnellsuche?query=Charles+Pickel (Caused by NameResolutionError("HTTPSConnection(host='www.transfermarkt.com', port=443): Failed to resolve 'www.transfermarkt.com' ([Errno 11001] getaddrinfo failed)"))
[994/1292] Chancel Mbemba | COD | DEF | 2.5 mio.
  FEJL: HTTPSConnectionPool(host='www.transfermarkt.com', port=443): Max retries exceeded with url: /schnellsuche/ergebnis/schnellsuche?query=Chancel+Mbemba (Caused by NameResolutionError("HTTPSConnection(host='www.transfermarkt.com', port=443): Failed to resolve 'www.transfermarkt.com' ([Errno 11001] getaddrinfo failed)"))
[995/1292] Cesar Samudio | PAN | GK | 2.5 mio.
  FEJL: HTTPSConnectionPool(host='www.transfermarkt.com', port=443): Max retries exceeded with url: /schnellsuche/ergebnis/schnellsuche?query=Cesar+Samudio (Caused by NameResolutionError("HTTPSConnection(host='www.transfermarkt.com', port=443): Failed to resolve 'www.transfermarkt.com' ([Errno 11001] getaddrinfo failed)"))
[996/1292] Cesar Blackman | PAN | DEF | 2.5 mio.
  FEJL: HTTPSConnectionPool(host='www.transfermarkt.com', port=443): Max retries exceeded with url: /schnellsuche/ergebnis/schnellsuche?query=Cesar+Blackman (Caused by NameResolutionError("HTTPSConnection(host='www.transfermarkt.com', port=443): Failed to resolve 'www.transfermarkt.com' ([Errno 11001] getaddrinfo failed)"))
[997/1292] Carlos Miguel Coronel | PAR | GK | 2.5 mio.
  FEJL: HTTPSConnectionPool(host='www.transfermarkt.com', port=443): Max retries exceeded with url: /schnellsuche/ergebnis/schnellsuche?query=Carlos+Miguel+Coronel (Caused by NameResolutionError("HTTPSConnection(host='www.transfermarkt.com', port=443): Failed to resolve 'www.transfermarkt.com' ([Errno 11001] getaddrinfo failed)"))
[998/1292] Carlos Harvey | PAN | MID | 2.5 mio.
  FEJL: HTTPSConnectionPool(host='www.transfermarkt.com', port=443): Max retries exceeded with url: /schnellsuche/ergebnis/schnellsuche?query=Carlos+Harvey (Caused by NameResolutionError("HTTPSConnection(host='www.transfermarkt.com', port=443): Failed to resolve 'www.transfermarkt.com' ([Errno 11001] getaddrinfo failed)"))
[999/1292] Carl Starfelt | SWE | DEF | 2.5 mio.
  FEJL: HTTPSConnectionPool(host='www.transfermarkt.com', port=443): Max retries exceeded with url: /schnellsuche/ergebnis/schnellsuche?query=Carl+Starfelt (Caused by NameResolutionError("HTTPSConnection(host='www.transfermarkt.com', port=443): Failed to resolve 'www.transfermarkt.com' ([Errno 11001] getaddrinfo failed)"))
[1000/1292] Callum McCowatt | NZL | MID | 2.5 mio.
  FEJL: HTTPSConnectionPool(host='www.transfermarkt.com', port=443): Max retries exceeded with url: /schnellsuche/ergebnis/schnellsuche?query=Callum+McCowatt (Caused by NameResolutionError("HTTPSConnection(host='www.transfermarkt.com', port=443): Failed to resolve 'www.transfermarkt.com' ([Errno 11001] getaddrinfo failed)"))
[1001/1292] Bum-Keun Song | KOR | GK | 2.5 mio.
  FEJL: HTTPSConnectionPool(host='www.transfermarkt.com', port=443): Max retries exceeded with url: /schnellsuche/ergebnis/schnellsuche?query=Bum-Keun+Song (Caused by NameResolutionError("HTTPSConnection(host='www.transfermarkt.com', port=443): Failed to resolve 'www.transfermarkt.com' ([Errno 11001] getaddrinfo failed)"))
[1002/1292] Brian Gutierrez | MEX | MID | 2.5 mio.
  FEJL: HTTPSConnectionPool(host='www.transfermarkt.com', port=443): Max retries exceeded with url: /schnellsuche/ergebnis/schnellsuche?query=Brian+Gutierrez (Caused by NameResolutionError("HTTPSConnection(host='www.transfermarkt.com', port=443): Failed to resolve 'www.transfermarkt.com' ([Errno 11001] getaddrinfo failed)"))
[1003/1292] Brian Brobbey | NED | FWD | 2.5 mio.
  FEJL: HTTPSConnectionPool(host='www.transfermarkt.com', port=443): Max retries exceeded with url: /schnellsuche/ergebnis/schnellsuche?query=Brian+Brobbey (Caused by NameResolutionError("HTTPSConnection(host='www.transfermarkt.com', port=443): Failed to resolve 'www.transfermarkt.com' ([Errno 11001] getaddrinfo failed)"))
[1004/1292] Brandon Thomas-Asante | GHA | FWD | 2.5 mio.
  FEJL: HTTPSConnectionPool(host='www.transfermarkt.com', port=443): Max retries exceeded with url: /schnellsuche/ergebnis/schnellsuche?query=Brandon+Thomas-Asante (Caused by NameResolutionError("HTTPSConnection(host='www.transfermarkt.com', port=443): Failed to resolve 'www.transfermarkt.com' ([Errno 11001] getaddrinfo failed)"))
[1005/1292] Brandon Mechele | BEL | DEF | 2.5 mio.
  FEJL: HTTPSConnectionPool(host='www.transfermarkt.com', port=443): Max retries exceeded with url: /schnellsuche/ergebnis/schnellsuche?query=Brandon+Mechele (Caused by NameResolutionError("HTTPSConnection(host='www.transfermarkt.com', port=443): Failed to resolve 'www.transfermarkt.com' ([Errno 11001] getaddrinfo failed)"))
[1006/1292] Boualem Khoukhi | QAT | DEF | 2.5 mio.
  FEJL: HTTPSConnectionPool(host='www.transfermarkt.com', port=443): Max retries exceeded with url: /schnellsuche/ergebnis/schnellsuche?query=Boualem+Khoukhi (Caused by NameResolutionError("HTTPSConnection(host='www.transfermarkt.com', port=443): Failed to resolve 'www.transfermarkt.com' ([Errno 11001] getaddrinfo failed)"))
[1007/1292] Botirali Ergashev | UZB | GK | 2.5 mio.
  FEJL: HTTPSConnectionPool(host='www.transfermarkt.com', port=443): Max retries exceeded with url: /schnellsuche/ergebnis/schnellsuche?query=Botirali+Ergashev (Caused by NameResolutionError("HTTPSConnection(host='www.transfermarkt.com', port=443): Failed to resolve 'www.transfermarkt.com' ([Errno 11001] getaddrinfo failed)"))
[1008/1292] Ben Waine | NZL | FWD | 2.5 mio.
  FEJL: HTTPSConnectionPool(host='www.transfermarkt.com', port=443): Max retries exceeded with url: /schnellsuche/ergebnis/schnellsuche?query=Ben+Waine (Caused by NameResolutionError("HTTPSConnection(host='www.transfermarkt.com', port=443): Failed to resolve 'www.transfermarkt.com' ([Errno 11001] getaddrinfo failed)"))
[1009/1292] Baha'a Faisal | JOR | FWD | 2.5 mio.
  FEJL: HTTPSConnectionPool(host='www.transfermarkt.com', port=443): Max retries exceeded with url: /schnellsuche/ergebnis/schnellsuche?query=Baha%27a+Faisal (Caused by NameResolutionError("HTTPSConnection(host='www.transfermarkt.com', port=443): Failed to resolve 'www.transfermarkt.com' ([Errno 11001] getaddrinfo failed)"))
[1010/1292] Aziz Ganiev | UZB | MID | 2.5 mio.
  FEJL: HTTPSConnectionPool(host='www.transfermarkt.com', port=443): Max retries exceeded with url: /schnellsuche/ergebnis/schnellsuche?query=Aziz+Ganiev (Caused by NameResolutionError("HTTPSConnection(host='www.transfermarkt.com', port=443): Failed to resolve 'www.transfermarkt.com' ([Errno 11001] getaddrinfo failed)"))
[1011/1292] Aziz Behich | AUS | DEF | 2.5 mio.
  FEJL: HTTPSConnectionPool(host='www.transfermarkt.com', port=443): Max retries exceeded with url: /schnellsuche/ergebnis/schnellsuche?query=Aziz+Behich (Caused by NameResolutionError("HTTPSConnection(host='www.transfermarkt.com', port=443): Failed to resolve 'www.transfermarkt.com' ([Errno 11001] getaddrinfo failed)"))
[1012/1292] Ayumu Seko | JPN | DEF | 2.5 mio.
  FEJL: HTTPSConnectionPool(host='www.transfermarkt.com', port=443): Max retries exceeded with url: /schnellsuche/ergebnis/schnellsuche?query=Ayumu+Seko (Caused by NameResolutionError("HTTPSConnection(host='www.transfermarkt.com', port=443): Failed to resolve 'www.transfermarkt.com' ([Errno 11001] getaddrinfo failed)"))
[1013/1292] Ayoub Al-Oui | QAT | DEF | 2.5 mio.
  FEJL: HTTPSConnectionPool(host='www.transfermarkt.com', port=443): Max retries exceeded with url: /schnellsuche/ergebnis/schnellsuche?query=Ayoub+Al-Oui (Caused by NameResolutionError("HTTPSConnection(host='www.transfermarkt.com', port=443): Failed to resolve 'www.transfermarkt.com' ([Errno 11001] getaddrinfo failed)"))
[1014/1292] Ayman Yahya Salem | KSA | MID | 2.5 mio.
  FEJL: HTTPSConnectionPool(host='www.transfermarkt.com', port=443): Max retries exceeded with url: /schnellsuche/ergebnis/schnellsuche?query=Ayman+Yahya+Salem (Caused by NameResolutionError("HTTPSConnection(host='www.transfermarkt.com', port=443): Failed to resolve 'www.transfermarkt.com' ([Errno 11001] getaddrinfo failed)"))
[1015/1292] Aurele Amenda | SUI | DEF | 2.5 mio.
  FEJL: HTTPSConnectionPool(host='www.transfermarkt.com', port=443): Max retries exceeded with url: /schnellsuche/ergebnis/schnellsuche?query=Aurele+Amenda (Caused by NameResolutionError("HTTPSConnection(host='www.transfermarkt.com', port=443): Failed to resolve 'www.transfermarkt.com' ([Errno 11001] getaddrinfo failed)"))
[1016/1292] Assim Madibo | QAT | MID | 2.5 mio.
  FEJL: HTTPSConnectionPool(host='www.transfermarkt.com', port=443): Max retries exceeded with url: /schnellsuche/ergebnis/schnellsuche?query=Assim+Madibo (Caused by NameResolutionError("HTTPSConnection(host='www.transfermarkt.com', port=443): Failed to resolve 'www.transfermarkt.com' ([Errno 11001] getaddrinfo failed)"))
[1017/1292] Assane Diao Diaoune | SEN | FWD | 2.5 mio.
  FEJL: HTTPSConnectionPool(host='www.transfermarkt.com', port=443): Max retries exceeded with url: /schnellsuche/ergebnis/schnellsuche?query=Assane+Diao+Diaoune (Caused by NameResolutionError("HTTPSConnection(host='www.transfermarkt.com', port=443): Failed to resolve 'www.transfermarkt.com' ([Errno 11001] getaddrinfo failed)"))
[1018/1292] Arthur Masuaku | COD | DEF | 2.5 mio.
  FEJL: HTTPSConnectionPool(host='www.transfermarkt.com', port=443): Max retries exceeded with url: /schnellsuche/ergebnis/schnellsuche?query=Arthur+Masuaku (Caused by NameResolutionError("HTTPSConnection(host='www.transfermarkt.com', port=443): Failed to resolve 'www.transfermarkt.com' ([Errno 11001] getaddrinfo failed)"))
[1019/1292] Armando Gonzalez | MEX | FWD | 2.5 mio.
  FEJL: HTTPSConnectionPool(host='www.transfermarkt.com', port=443): Max retries exceeded with url: /schnellsuche/ergebnis/schnellsuche?query=Armando+Gonzalez (Caused by NameResolutionError("HTTPSConnection(host='www.transfermarkt.com', port=443): Failed to resolve 'www.transfermarkt.com' ([Errno 11001] getaddrinfo failed)"))
[1020/1292] Ao Tanaka | JPN | MID | 2.5 mio.
  FEJL: HTTPSConnectionPool(host='www.transfermarkt.com', port=443): Max retries exceeded with url: /schnellsuche/ergebnis/schnellsuche?query=Ao+Tanaka (Caused by NameResolutionError("HTTPSConnection(host='www.transfermarkt.com', port=443): Failed to resolve 'www.transfermarkt.com' ([Errno 11001] getaddrinfo failed)"))
[1021/1292] Antoine Mendy | SEN | DEF | 2.5 mio.
  FEJL: HTTPSConnectionPool(host='www.transfermarkt.com', port=443): Max retries exceeded with url: /schnellsuche/ergebnis/schnellsuche?query=Antoine+Mendy (Caused by NameResolutionError("HTTPSConnection(host='www.transfermarkt.com', port=443): Failed to resolve 'www.transfermarkt.com' ([Errno 11001] getaddrinfo failed)"))
[1022/1292] Anthony Ralston | SCO | DEF | 2.5 mio.
  FEJL: HTTPSConnectionPool(host='www.transfermarkt.com', port=443): Max retries exceeded with url: /schnellsuche/ergebnis/schnellsuche?query=Anthony+Ralston (Caused by NameResolutionError("HTTPSConnection(host='www.transfermarkt.com', port=443): Failed to resolve 'www.transfermarkt.com' ([Errno 11001] getaddrinfo failed)"))
[1023/1292] Anis Hadj Moussa | ALG | FWD | 2.5 mio.
  FEJL: HTTPSConnectionPool(host='www.transfermarkt.com', port=443): Max retries exceeded with url: /schnellsuche/ergebnis/schnellsuche?query=Anis+Hadj+Moussa (Caused by NameResolutionError("HTTPSConnection(host='www.transfermarkt.com', port=443): Failed to resolve 'www.transfermarkt.com' ([Errno 11001] getaddrinfo failed)"))
[1024/1292] Anis Ben Slimane | TUN | MID | 2.5 mio.
  FEJL: HTTPSConnectionPool(host='www.transfermarkt.com', port=443): Max retries exceeded with url: /schnellsuche/ergebnis/schnellsuche?query=Anis+Ben+Slimane (Caused by NameResolutionError("HTTPSConnection(host='www.transfermarkt.com', port=443): Failed to resolve 'www.transfermarkt.com' ([Errno 11001] getaddrinfo failed)"))
[1025/1292] Anibal Godoy | PAN | MID | 2.5 mio.
  FEJL: HTTPSConnectionPool(host='www.transfermarkt.com', port=443): Max retries exceeded with url: /schnellsuche/ergebnis/schnellsuche?query=Anibal+Godoy (Caused by NameResolutionError("HTTPSConnection(host='www.transfermarkt.com', port=443): Failed to resolve 'www.transfermarkt.com' ([Errno 11001] getaddrinfo failed)"))
[1026/1292] Angelo Stiller | GER | MID | 2.5 mio.
  FEJL: HTTPSConnectionPool(host='www.transfermarkt.com', port=443): Max retries exceeded with url: /schnellsuche/ergebnis/schnellsuche?query=Angelo+Stiller (Caused by NameResolutionError("HTTPSConnection(host='www.transfermarkt.com', port=443): Failed to resolve 'www.transfermarkt.com' ([Errno 11001] getaddrinfo failed)"))
[1027/1292] Andres Cubas | PAR | MID | 2.5 mio.
  FEJL: HTTPSConnectionPool(host='www.transfermarkt.com', port=443): Max retries exceeded with url: /schnellsuche/ergebnis/schnellsuche?query=Andres+Cubas (Caused by NameResolutionError("HTTPSConnection(host='www.transfermarkt.com', port=443): Failed to resolve 'www.transfermarkt.com' ([Errno 11001] getaddrinfo failed)"))
[1028/1292] Andres Andrade | PAN | DEF | 2.5 mio.
  FEJL: HTTPSConnectionPool(host='www.transfermarkt.com', port=443): Max retries exceeded with url: /schnellsuche/ergebnis/schnellsuche?query=Andres+Andrade (Caused by NameResolutionError("HTTPSConnection(host='www.transfermarkt.com', port=443): Failed to resolve 'www.transfermarkt.com' ([Errno 11001] getaddrinfo failed)"))
[1029/1292] Anass Salah-Eddine | MAR | DEF | 2.5 mio.
  FEJL: HTTPSConnectionPool(host='www.transfermarkt.com', port=443): Max retries exceeded with url: /schnellsuche/ergebnis/schnellsuche?query=Anass+Salah-Eddine (Caused by NameResolutionError("HTTPSConnection(host='www.transfermarkt.com', port=443): Failed to resolve 'www.transfermarkt.com' ([Errno 11001] getaddrinfo failed)"))
[1030/1292] Amine Adli | MAR | FWD | 2.5 mio.
  FEJL: HTTPSConnectionPool(host='www.transfermarkt.com', port=443): Max retries exceeded with url: /schnellsuche/ergebnis/schnellsuche?query=Amine+Adli (Caused by NameResolutionError("HTTPSConnection(host='www.transfermarkt.com', port=443): Failed to resolve 'www.transfermarkt.com' ([Errno 11001] getaddrinfo failed)"))
[1031/1292] Amin Chiakha | ALG | FWD | 2.5 mio.
  FEJL: HTTPSConnectionPool(host='www.transfermarkt.com', port=443): Max retries exceeded with url: /schnellsuche/ergebnis/schnellsuche?query=Amin+Chiakha (Caused by NameResolutionError("HTTPSConnection(host='www.transfermarkt.com', port=443): Failed to resolve 'www.transfermarkt.com' ([Errno 11001] getaddrinfo failed)"))
[1032/1292] Amer Jamous | JOR | MID | 2.5 mio.
  FEJL: HTTPSConnectionPool(host='www.transfermarkt.com', port=443): Max retries exceeded with url: /schnellsuche/ergebnis/schnellsuche?query=Amer+Jamous (Caused by NameResolutionError("HTTPSConnection(host='www.transfermarkt.com', port=443): Failed to resolve 'www.transfermarkt.com' ([Errno 11001] getaddrinfo failed)"))
[1033/1292] Alvaro Fidalgo | MEX | MID | 2.5 mio.
  FEJL: HTTPSConnectionPool(host='www.transfermarkt.com', port=443): Max retries exceeded with url: /schnellsuche/ergebnis/schnellsuche?query=Alvaro+Fidalgo (Caused by NameResolutionError("HTTPSConnection(host='www.transfermarkt.com', port=443): Failed to resolve 'www.transfermarkt.com' ([Errno 11001] getaddrinfo failed)"))
[1034/1292] Alireza Jahanbakhsh | IRN | FWD | 2.5 mio.
  FEJL: HTTPSConnectionPool(host='www.transfermarkt.com', port=443): Max retries exceeded with url: /schnellsuche/ergebnis/schnellsuche?query=Alireza+Jahanbakhsh (Caused by NameResolutionError("HTTPSConnection(host='www.transfermarkt.com', port=443): Failed to resolve 'www.transfermarkt.com' ([Errno 11001] getaddrinfo failed)"))
[1035/1292] Ali Nemati | IRN | DEF | 2.5 mio.
  FEJL: HTTPSConnectionPool(host='www.transfermarkt.com', port=443): Max retries exceeded with url: /schnellsuche/ergebnis/schnellsuche?query=Ali+Nemati (Caused by NameResolutionError("HTTPSConnection(host='www.transfermarkt.com', port=443): Failed to resolve 'www.transfermarkt.com' ([Errno 11001] getaddrinfo failed)"))
[1036/1292] Ali Majrashi | KSA | DEF | 2.5 mio.
  FEJL: HTTPSConnectionPool(host='www.transfermarkt.com', port=443): Max retries exceeded with url: /schnellsuche/ergebnis/schnellsuche?query=Ali+Majrashi (Caused by NameResolutionError("HTTPSConnection(host='www.transfermarkt.com', port=443): Failed to resolve 'www.transfermarkt.com' ([Errno 11001] getaddrinfo failed)"))
[1037/1292] Ali Alipour | IRN | FWD | 2.5 mio.
  FEJL: HTTPSConnectionPool(host='www.transfermarkt.com', port=443): Max retries exceeded with url: /schnellsuche/ergebnis/schnellsuche?query=Ali+Alipour (Caused by NameResolutionError("HTTPSConnection(host='www.transfermarkt.com', port=443): Failed to resolve 'www.transfermarkt.com' ([Errno 11001] getaddrinfo failed)"))
[1038/1292] Ali Al-Hamadi | IRQ | FWD | 2.5 mio.
  FEJL: HTTPSConnectionPool(host='www.transfermarkt.com', port=443): Max retries exceeded with url: /schnellsuche/ergebnis/schnellsuche?query=Ali+Al-Hamadi (Caused by NameResolutionError("HTTPSConnection(host='www.transfermarkt.com', port=443): Failed to resolve 'www.transfermarkt.com' ([Errno 11001] getaddrinfo failed)"))
[1039/1292] Alexis Vega | MEX | FWD | 2.5 mio.
  FEJL: HTTPSConnectionPool(host='www.transfermarkt.com', port=443): Max retries exceeded with url: /schnellsuche/ergebnis/schnellsuche?query=Alexis+Vega (Caused by NameResolutionError("HTTPSConnection(host='www.transfermarkt.com', port=443): Failed to resolve 'www.transfermarkt.com' ([Errno 11001] getaddrinfo failed)"))
[1040/1292] Alexandre Pierre | HAI | GK | 2.5 mio.
  FEJL: HTTPSConnectionPool(host='www.transfermarkt.com', port=443): Max retries exceeded with url: /schnellsuche/ergebnis/schnellsuche?query=Alexandre+Pierre (Caused by NameResolutionError("HTTPSConnection(host='www.transfermarkt.com', port=443): Failed to resolve 'www.transfermarkt.com' ([Errno 11001] getaddrinfo failed)"))
[1041/1292] Alexander Prass | AUT | DEF | 2.5 mio.
  FEJL: HTTPSConnectionPool(host='www.transfermarkt.com', port=443): Max retries exceeded with url: /schnellsuche/ergebnis/schnellsuche?query=Alexander+Prass (Caused by NameResolutionError("HTTPSConnection(host='www.transfermarkt.com', port=443): Failed to resolve 'www.transfermarkt.com' ([Errno 11001] getaddrinfo failed)"))
[1042/1292] Alex Sandro | BRA | DEF | 2.5 mio.
  FEJL: HTTPSConnectionPool(host='www.transfermarkt.com', port=443): Max retries exceeded with url: /schnellsuche/ergebnis/schnellsuche?query=Alex+Sandro (Caused by NameResolutionError("HTTPSConnection(host='www.transfermarkt.com', port=443): Failed to resolve 'www.transfermarkt.com' ([Errno 11001] getaddrinfo failed)"))
[1043/1292] Alex Rufer | NZL | MID | 2.5 mio.
  FEJL: HTTPSConnectionPool(host='www.transfermarkt.com', port=443): Max retries exceeded with url: /schnellsuche/ergebnis/schnellsuche?query=Alex+Rufer (Caused by NameResolutionError("HTTPSConnection(host='www.transfermarkt.com', port=443): Failed to resolve 'www.transfermarkt.com' ([Errno 11001] getaddrinfo failed)"))
[1044/1292] Alex Paulsen | NZL | GK | 2.5 mio.
  FEJL: HTTPSConnectionPool(host='www.transfermarkt.com', port=443): Max retries exceeded with url: /schnellsuche/ergebnis/schnellsuche?query=Alex+Paulsen (Caused by NameResolutionError("HTTPSConnection(host='www.transfermarkt.com', port=443): Failed to resolve 'www.transfermarkt.com' ([Errno 11001] getaddrinfo failed)"))
[1045/1292] Alex Freeman | USA | DEF | 2.5 mio.
  FEJL: HTTPSConnectionPool(host='www.transfermarkt.com', port=443): Max retries exceeded with url: /schnellsuche/ergebnis/schnellsuche?query=Alex+Freeman (Caused by NameResolutionError("HTTPSConnection(host='www.transfermarkt.com', port=443): Failed to resolve 'www.transfermarkt.com' ([Errno 11001] getaddrinfo failed)"))
[1046/1292] Alex Arce | PAR | FWD | 2.5 mio.
  FEJL: HTTPSConnectionPool(host='www.transfermarkt.com', port=443): Max retries exceeded with url: /schnellsuche/ergebnis/schnellsuche?query=Alex+Arce (Caused by NameResolutionError("HTTPSConnection(host='www.transfermarkt.com', port=443): Failed to resolve 'www.transfermarkt.com' ([Errno 11001] getaddrinfo failed)"))
[1047/1292] Alessandro Schöpf | AUT | MID | 2.5 mio.
  FEJL: HTTPSConnectionPool(host='www.transfermarkt.com', port=443): Max retries exceeded with url: /schnellsuche/ergebnis/schnellsuche?query=Alessandro+Sch%C3%B6pf (Caused by NameResolutionError("HTTPSConnection(host='www.transfermarkt.com', port=443): Failed to resolve 'www.transfermarkt.com' ([Errno 11001] getaddrinfo failed)"))
[1048/1292] Alessandro Circati | AUS | DEF | 2.5 mio.
  FEJL: HTTPSConnectionPool(host='www.transfermarkt.com', port=443): Max retries exceeded with url: /schnellsuche/ergebnis/schnellsuche?query=Alessandro+Circati (Caused by NameResolutionError("HTTPSConnection(host='www.transfermarkt.com', port=443): Failed to resolve 'www.transfermarkt.com' ([Errno 11001] getaddrinfo failed)"))
[1049/1292] Alban Lafont | CIV | GK | 2.5 mio.
  FEJL: HTTPSConnectionPool(host='www.transfermarkt.com', port=443): Max retries exceeded with url: /schnellsuche/ergebnis/schnellsuche?query=Alban+Lafont (Caused by NameResolutionError("HTTPSConnection(host='www.transfermarkt.com', port=443): Failed to resolve 'www.transfermarkt.com' ([Errno 11001] getaddrinfo failed)"))
[1050/1292] Alan Varela | ARG | MID | 2.5 mio.
  FEJL: HTTPSConnectionPool(host='www.transfermarkt.com', port=443): Max retries exceeded with url: /schnellsuche/ergebnis/schnellsuche?query=Alan+Varela (Caused by NameResolutionError("HTTPSConnection(host='www.transfermarkt.com', port=443): Failed to resolve 'www.transfermarkt.com' ([Errno 11001] getaddrinfo failed)"))
[1051/1292] Alan Franco | ECU | MID | 2.5 mio.
  FEJL: HTTPSConnectionPool(host='www.transfermarkt.com', port=443): Max retries exceeded with url: /schnellsuche/ergebnis/schnellsuche?query=Alan+Franco (Caused by NameResolutionError("HTTPSConnection(host='www.transfermarkt.com', port=443): Failed to resolve 'www.transfermarkt.com' ([Errno 11001] getaddrinfo failed)"))
[1052/1292] Alan Benitez | PAR | DEF | 2.5 mio.
  FEJL: HTTPSConnectionPool(host='www.transfermarkt.com', port=443): Max retries exceeded with url: /schnellsuche/ergebnis/schnellsuche?query=Alan+Benitez (Caused by NameResolutionError("HTTPSConnection(host='www.transfermarkt.com', port=443): Failed to resolve 'www.transfermarkt.com' ([Errno 11001] getaddrinfo failed)"))
[1053/1292] Akmal Mozgovoy | UZB | MID | 2.5 mio.
  FEJL: HTTPSConnectionPool(host='www.transfermarkt.com', port=443): Max retries exceeded with url: /schnellsuche/ergebnis/schnellsuche?query=Akmal+Mozgovoy (Caused by NameResolutionError("HTTPSConnection(host='www.transfermarkt.com', port=443): Failed to resolve 'www.transfermarkt.com' ([Errno 11001] getaddrinfo failed)"))
[1054/1292] Aimar Sher | IRQ | MID | 2.5 mio.
  FEJL: HTTPSConnectionPool(host='www.transfermarkt.com', port=443): Max retries exceeded with url: /schnellsuche/ergebnis/schnellsuche?query=Aimar+Sher (Caused by NameResolutionError("HTTPSConnection(host='www.transfermarkt.com', port=443): Failed to resolve 'www.transfermarkt.com' ([Errno 11001] getaddrinfo failed)"))
[1055/1292] Aiden O'Neill | AUS | MID | 2.5 mio.
  FEJL: HTTPSConnectionPool(host='www.transfermarkt.com', port=443): Max retries exceeded with url: /schnellsuche/ergebnis/schnellsuche?query=Aiden+O%27Neill (Caused by NameResolutionError("HTTPSConnection(host='www.transfermarkt.com', port=443): Failed to resolve 'www.transfermarkt.com' ([Errno 11001] getaddrinfo failed)"))
[1056/1292] Aidan Morris | USA | MID | 2.5 mio.
  FEJL: HTTPSConnectionPool(host='www.transfermarkt.com', port=443): Max retries exceeded with url: /schnellsuche/ergebnis/schnellsuche?query=Aidan+Morris (Caused by NameResolutionError("HTTPSConnection(host='www.transfermarkt.com', port=443): Failed to resolve 'www.transfermarkt.com' ([Errno 11001] getaddrinfo failed)"))
[1057/1292] Ahmed Fatouh | EGY | DEF | 2.5 mio.
  FEJL: HTTPSConnectionPool(host='www.transfermarkt.com', port=443): Max retries exceeded with url: /schnellsuche/ergebnis/schnellsuche?query=Ahmed+Fatouh (Caused by NameResolutionError("HTTPSConnection(host='www.transfermarkt.com', port=443): Failed to resolve 'www.transfermarkt.com' ([Errno 11001] getaddrinfo failed)"))
[1058/1292] Ahmed Fathi | QAT | MID | 2.5 mio.
  FEJL: HTTPSConnectionPool(host='www.transfermarkt.com', port=443): Max retries exceeded with url: /schnellsuche/ergebnis/schnellsuche?query=Ahmed+Fathi (Caused by NameResolutionError("HTTPSConnection(host='www.transfermarkt.com', port=443): Failed to resolve 'www.transfermarkt.com' ([Errno 11001] getaddrinfo failed)"))
[1059/1292] Ahmed Basil Fadhil | IRQ | GK | 2.5 mio.
  FEJL: HTTPSConnectionPool(host='www.transfermarkt.com', port=443): Max retries exceeded with url: /schnellsuche/ergebnis/schnellsuche?query=Ahmed+Basil+Fadhil (Caused by NameResolutionError("HTTPSConnection(host='www.transfermarkt.com', port=443): Failed to resolve 'www.transfermarkt.com' ([Errno 11001] getaddrinfo failed)"))
[1060/1292] Ahmad Assaf | JOR | DEF | 2.5 mio.
  FEJL: HTTPSConnectionPool(host='www.transfermarkt.com', port=443): Max retries exceeded with url: /schnellsuche/ergebnis/schnellsuche?query=Ahmad+Assaf (Caused by NameResolutionError("HTTPSConnection(host='www.transfermarkt.com', port=443): Failed to resolve 'www.transfermarkt.com' ([Errno 11001] getaddrinfo failed)"))
[1061/1292] Adil Boulbina | ALG | FWD | 2.5 mio.
  FEJL: HTTPSConnectionPool(host='www.transfermarkt.com', port=443): Max retries exceeded with url: /schnellsuche/ergebnis/schnellsuche?query=Adil+Boulbina (Caused by NameResolutionError("HTTPSConnection(host='www.transfermarkt.com', port=443): Failed to resolve 'www.transfermarkt.com' ([Errno 11001] getaddrinfo failed)"))
[1062/1292] Adam Karabec | CZE | MID | 2.5 mio.
  FEJL: HTTPSConnectionPool(host='www.transfermarkt.com', port=443): Max retries exceeded with url: /schnellsuche/ergebnis/schnellsuche?query=Adam+Karabec (Caused by NameResolutionError("HTTPSConnection(host='www.transfermarkt.com', port=443): Failed to resolve 'www.transfermarkt.com' ([Errno 11001] getaddrinfo failed)"))
[1063/1292] Adalberto Carrasquilla | PAN | MID | 2.5 mio.
  FEJL: HTTPSConnectionPool(host='www.transfermarkt.com', port=443): Max retries exceeded with url: /schnellsuche/ergebnis/schnellsuche?query=Adalberto+Carrasquilla (Caused by NameResolutionError("HTTPSConnection(host='www.transfermarkt.com', port=443): Failed to resolve 'www.transfermarkt.com' ([Errno 11001] getaddrinfo failed)"))
[1064/1292] Abduvokhid Nematov | UZB | GK | 2.5 mio.
  FEJL: HTTPSConnectionPool(host='www.transfermarkt.com', port=443): Max retries exceeded with url: /schnellsuche/ergebnis/schnellsuche?query=Abduvokhid+Nematov (Caused by NameResolutionError("HTTPSConnection(host='www.transfermarkt.com', port=443): Failed to resolve 'www.transfermarkt.com' ([Errno 11001] getaddrinfo failed)"))
[1065/1292] Abdulrahman Al-Sanbi | KSA | GK | 2.5 mio.
  FEJL: HTTPSConnectionPool(host='www.transfermarkt.com', port=443): Max retries exceeded with url: /schnellsuche/ergebnis/schnellsuche?query=Abdulrahman+Al-Sanbi (Caused by NameResolutionError("HTTPSConnection(host='www.transfermarkt.com', port=443): Failed to resolve 'www.transfermarkt.com' ([Errno 11001] getaddrinfo failed)"))
[1066/1292] Abdulrahman Al-Obood | KSA | MID | 2.5 mio.
  FEJL: HTTPSConnectionPool(host='www.transfermarkt.com', port=443): Max retries exceeded with url: /schnellsuche/ergebnis/schnellsuche?query=Abdulrahman+Al-Obood (Caused by NameResolutionError("HTTPSConnection(host='www.transfermarkt.com', port=443): Failed to resolve 'www.transfermarkt.com' ([Errno 11001] getaddrinfo failed)"))
[1067/1292] Abdullah Al-Khaibari | KSA | MID | 2.5 mio.
  FEJL: HTTPSConnectionPool(host='www.transfermarkt.com', port=443): Max retries exceeded with url: /schnellsuche/ergebnis/schnellsuche?query=Abdullah+Al-Khaibari (Caused by NameResolutionError("HTTPSConnection(host='www.transfermarkt.com', port=443): Failed to resolve 'www.transfermarkt.com' ([Errno 11001] getaddrinfo failed)"))
[1068/1292] Abdullah Al-Hamdan | KSA | FWD | 2.5 mio.
  FEJL: HTTPSConnectionPool(host='www.transfermarkt.com', port=443): Max retries exceeded with url: /schnellsuche/ergebnis/schnellsuche?query=Abdullah+Al-Hamdan (Caused by NameResolutionError("HTTPSConnection(host='www.transfermarkt.com', port=443): Failed to resolve 'www.transfermarkt.com' ([Errno 11001] getaddrinfo failed)"))
[1069/1292] Abdulelah Al-Amri | KSA | DEF | 2.5 mio.
  FEJL: HTTPSConnectionPool(host='www.transfermarkt.com', port=443): Max retries exceeded with url: /schnellsuche/ergebnis/schnellsuche?query=Abdulelah+Al-Amri (Caused by NameResolutionError("HTTPSConnection(host='www.transfermarkt.com', port=443): Failed to resolve 'www.transfermarkt.com' ([Errno 11001] getaddrinfo failed)"))
[1070/1292] Abdelmouhib Chamakh | TUN | GK | 2.5 mio.
  FEJL: HTTPSConnectionPool(host='www.transfermarkt.com', port=443): Max retries exceeded with url: /schnellsuche/ergebnis/schnellsuche?query=Abdelmouhib+Chamakh (Caused by NewConnectionError("HTTPSConnection(host='www.transfermarkt.com', port=443): Failed to establish a new connection: [WinError 10061] Der kunne ikke oprettes forbindelse, fordi destinationscomputeren aktivt nægtede det"))
[1071/1292] Abdelhamid Ait Boudlal | MAR | DEF | 2.5 mio.
  FEJL: HTTPSConnectionPool(host='www.transfermarkt.com', port=443): Max retries exceeded with url: /schnellsuche/ergebnis/schnellsuche?query=Abdelhamid+Ait+Boudlal (Caused by NewConnectionError("HTTPSConnection(host='www.transfermarkt.com', port=443): Failed to establish a new connection: [WinError 10061] Der kunne ikke oprettes forbindelse, fordi destinationscomputeren aktivt nægtede det"))
[1072/1292] Abdel Rahman Al-Talalga | JOR | GK | 2.5 mio.
  FEJL: HTTPSConnectionPool(host='www.transfermarkt.com', port=443): Max retries exceeded with url: /schnellsuche/ergebnis/schnellsuche?query=Abdel+Rahman+Al-Talalga (Caused by NewConnectionError("HTTPSConnection(host='www.transfermarkt.com', port=443): Failed to establish a new connection: [WinError 10061] Der kunne ikke oprettes forbindelse, fordi destinationscomputeren aktivt nægtede det"))
[1073/1292] Abdallah Nasib | JOR | DEF | 2.5 mio.
  FEJL: HTTPSConnectionPool(host='www.transfermarkt.com', port=443): Max retries exceeded with url: /schnellsuche/ergebnis/schnellsuche?query=Abdallah+Nasib (Caused by NewConnectionError("HTTPSConnection(host='www.transfermarkt.com', port=443): Failed to establish a new connection: [WinError 10061] Der kunne ikke oprettes forbindelse, fordi destinationscomputeren aktivt nægtede det"))
[1074/1292] Abdallah Al-Fakhouri | JOR | GK | 2.5 mio.
  FEJL: HTTPSConnectionPool(host='www.transfermarkt.com', port=443): Max retries exceeded with url: /schnellsuche/ergebnis/schnellsuche?query=Abdallah+Al-Fakhouri (Caused by NewConnectionError("HTTPSConnection(host='www.transfermarkt.com', port=443): Failed to establish a new connection: [WinError 10061] Der kunne ikke oprettes forbindelse, fordi destinationscomputeren aktivt nægtede det"))
[1075/1292] Aaron Hickey | SCO | DEF | 2.5 mio.
  FEJL: HTTPSConnectionPool(host='www.transfermarkt.com', port=443): Max retries exceeded with url: /schnellsuche/ergebnis/schnellsuche?query=Aaron+Hickey (Caused by NewConnectionError("HTTPSConnection(host='www.transfermarkt.com', port=443): Failed to establish a new connection: [WinError 10061] Der kunne ikke oprettes forbindelse, fordi destinationscomputeren aktivt nægtede det"))
[1076/1292] Zakaria El Ouahdi | MAR | DEF | 2.0 mio.
  FEJL: HTTPSConnectionPool(host='www.transfermarkt.com', port=443): Max retries exceeded with url: /schnellsuche/ergebnis/schnellsuche?query=Zakaria+El+Ouahdi (Caused by NewConnectionError("HTTPSConnection(host='www.transfermarkt.com', port=443): Failed to establish a new connection: [WinError 10061] Der kunne ikke oprettes forbindelse, fordi destinationscomputeren aktivt nægtede det"))
[1077/1292] Yuto Nagatomo | JPN | DEF | 2.0 mio.
  FEJL: HTTPSConnectionPool(host='www.transfermarkt.com', port=443): Max retries exceeded with url: /schnellsuche/ergebnis/schnellsuche?query=Yuto+Nagatomo (Caused by NewConnectionError("HTTPSConnection(host='www.transfermarkt.com', port=443): Failed to establish a new connection: [WinError 10061] Der kunne ikke oprettes forbindelse, fordi destinationscomputeren aktivt nægtede det"))
[1078/1292] Yousef Qashi | JOR | MID | 2.0 mio.
  FEJL: HTTPSConnectionPool(host='www.transfermarkt.com', port=443): Max retries exceeded with url: /schnellsuche/ergebnis/schnellsuche?query=Yousef+Qashi (Caused by NewConnectionError("HTTPSConnection(host='www.transfermarkt.com', port=443): Failed to establish a new connection: [WinError 10061] Der kunne ikke oprettes forbindelse, fordi destinationscomputeren aktivt nægtede det"))
[1079/1292] Yousef Abu Al-Jazar | JOR | DEF | 2.0 mio.
  FEJL: HTTPSConnectionPool(host='www.transfermarkt.com', port=443): Max retries exceeded with url: /schnellsuche/ergebnis/schnellsuche?query=Yousef+Abu+Al-Jazar (Caused by NewConnectionError("HTTPSConnection(host='www.transfermarkt.com', port=443): Failed to establish a new connection: [WinError 10053] En oprettet forbindelse blev afbrudt af softwaren på værtscomputeren"))
[1080/1292] Yoel Barcenas | PAN | MID | 2.0 mio.
  FEJL: HTTPSConnectionPool(host='www.transfermarkt.com', port=443): Max retries exceeded with url: /schnellsuche/ergebnis/schnellsuche?query=Yoel+Barcenas (Caused by NameResolutionError("HTTPSConnection(host='www.transfermarkt.com', port=443): Failed to resolve 'www.transfermarkt.com' ([Errno 11001] getaddrinfo failed)"))
[1081/1292] Yassine Titraoui | ALG | MID | 2.0 mio.
  FEJL: HTTPSConnectionPool(host='www.transfermarkt.com', port=443): Max retries exceeded with url: /schnellsuche/ergebnis/schnellsuche?query=Yassine+Titraoui (Caused by NameResolutionError("HTTPSConnection(host='www.transfermarkt.com', port=443): Failed to resolve 'www.transfermarkt.com' ([Errno 11001] getaddrinfo failed)"))
[1082/1292] Yassin Fortune | HAI | FWD | 2.0 mio.
  FEJL: HTTPSConnectionPool(host='www.transfermarkt.com', port=443): Max retries exceeded with url: /schnellsuche/ergebnis/schnellsuche?query=Yassin+Fortune (Caused by NameResolutionError("HTTPSConnection(host='www.transfermarkt.com', port=443): Failed to resolve 'www.transfermarkt.com' ([Errno 11001] getaddrinfo failed)"))
[1083/1292] Yannick Semedo | CPV | MID | 2.0 mio.
  FEJL: HTTPSConnectionPool(host='www.transfermarkt.com', port=443): Max retries exceeded with url: /schnellsuche/ergebnis/schnellsuche?query=Yannick+Semedo (Caused by NameResolutionError("HTTPSConnection(host='www.transfermarkt.com', port=443): Failed to resolve 'www.transfermarkt.com' ([Errno 11001] getaddrinfo failed)"))
[1084/1292] Yaimar Medina | ECU | MID | 2.0 mio.
  FEJL: HTTPSConnectionPool(host='www.transfermarkt.com', port=443): Max retries exceeded with url: /schnellsuche/ergebnis/schnellsuche?query=Yaimar+Medina (Caused by NameResolutionError("HTTPSConnection(host='www.transfermarkt.com', port=443): Failed to resolve 'www.transfermarkt.com' ([Errno 11001] getaddrinfo failed)"))
[1085/1292] Woodensky Pierre | HAI | MID | 2.0 mio.
  FEJL: HTTPSConnectionPool(host='www.transfermarkt.com', port=443): Max retries exceeded with url: /schnellsuche/ergebnis/schnellsuche?query=Woodensky+Pierre (Caused by NameResolutionError("HTTPSConnection(host='www.transfermarkt.com', port=443): Failed to resolve 'www.transfermarkt.com' ([Errno 11001] getaddrinfo failed)"))
[1086/1292] Wilguens Paugain | HAI | DEF | 2.0 mio.
  FEJL: HTTPSConnectionPool(host='www.transfermarkt.com', port=443): Max retries exceeded with url: /schnellsuche/ergebnis/schnellsuche?query=Wilguens+Paugain (Caused by NameResolutionError("HTTPSConnection(host='www.transfermarkt.com', port=443): Failed to resolve 'www.transfermarkt.com' ([Errno 11001] getaddrinfo failed)"))
[1087/1292] Vladimir Darida | CZE | MID | 2.0 mio.
  FEJL: HTTPSConnectionPool(host='www.transfermarkt.com', port=443): Max retries exceeded with url: /schnellsuche/ergebnis/schnellsuche?query=Vladimir+Darida (Caused by NameResolutionError("HTTPSConnection(host='www.transfermarkt.com', port=443): Failed to resolve 'www.transfermarkt.com' ([Errno 11001] getaddrinfo failed)"))
[1088/1292] Tyrese Noslin | CUW | MID | 2.0 mio.
  FEJL: HTTPSConnectionPool(host='www.transfermarkt.com', port=443): Max retries exceeded with url: /schnellsuche/ergebnis/schnellsuche?query=Tyrese+Noslin (Caused by NameResolutionError("HTTPSConnection(host='www.transfermarkt.com', port=443): Failed to resolve 'www.transfermarkt.com' ([Errno 11001] getaddrinfo failed)"))
[1089/1292] Tommy Smith | NZL | DEF | 2.0 mio.
  FEJL: HTTPSConnectionPool(host='www.transfermarkt.com', port=443): Max retries exceeded with url: /schnellsuche/ergebnis/schnellsuche?query=Tommy+Smith (Caused by NameResolutionError("HTTPSConnection(host='www.transfermarkt.com', port=443): Failed to resolve 'www.transfermarkt.com' ([Errno 11001] getaddrinfo failed)"))
[1090/1292] Tomas Holes | CZE | DEF | 2.0 mio.
  FEJL: HTTPSConnectionPool(host='www.transfermarkt.com', port=443): Max retries exceeded with url: /schnellsuche/ergebnis/schnellsuche?query=Tomas+Holes (Caused by NameResolutionError("HTTPSConnection(host='www.transfermarkt.com', port=443): Failed to resolve 'www.transfermarkt.com' ([Errno 11001] getaddrinfo failed)"))
[1091/1292] Thelo Aasgaard | NOR | MID | 2.0 mio.
  FEJL: HTTPSConnectionPool(host='www.transfermarkt.com', port=443): Max retries exceeded with url: /schnellsuche/ergebnis/schnellsuche?query=Thelo+Aasgaard (Caused by NameResolutionError("HTTPSConnection(host='www.transfermarkt.com', port=443): Failed to resolve 'www.transfermarkt.com' ([Errno 11001] getaddrinfo failed)"))
[1092/1292] Thapelo Maseko | RSA | FWD | 2.0 mio.
  FEJL: HTTPSConnectionPool(host='www.transfermarkt.com', port=443): Max retries exceeded with url: /schnellsuche/ergebnis/schnellsuche?query=Thapelo+Maseko (Caused by NameResolutionError("HTTPSConnection(host='www.transfermarkt.com', port=443): Failed to resolve 'www.transfermarkt.com' ([Errno 11001] getaddrinfo failed)"))
[1093/1292] Thabang Matuludi | RSA | DEF | 2.0 mio.
  FEJL: HTTPSConnectionPool(host='www.transfermarkt.com', port=443): Max retries exceeded with url: /schnellsuche/ergebnis/schnellsuche?query=Thabang+Matuludi (Caused by NameResolutionError("HTTPSConnection(host='www.transfermarkt.com', port=443): Failed to resolve 'www.transfermarkt.com' ([Errno 11001] getaddrinfo failed)"))
[1094/1292] Tarek Alaa | EGY | DEF | 2.0 mio.
  FEJL: HTTPSConnectionPool(host='www.transfermarkt.com', port=443): Max retries exceeded with url: /schnellsuche/ergebnis/schnellsuche?query=Tarek+Alaa (Caused by NameResolutionError("HTTPSConnection(host='www.transfermarkt.com', port=443): Failed to resolve 'www.transfermarkt.com' ([Errno 11001] getaddrinfo failed)"))
[1095/1292] Takehiro Tomiyasu | JPN | DEF | 2.0 mio.
  FEJL: HTTPSConnectionPool(host='www.transfermarkt.com', port=443): Max retries exceeded with url: /schnellsuche/ergebnis/schnellsuche?query=Takehiro+Tomiyasu (Caused by NameResolutionError("HTTPSConnection(host='www.transfermarkt.com', port=443): Failed to resolve 'www.transfermarkt.com' ([Errno 11001] getaddrinfo failed)"))
[1096/1292] Tahith Chong | CUW | MID | 2.0 mio.
  FEJL: HTTPSConnectionPool(host='www.transfermarkt.com', port=443): Max retries exceeded with url: /schnellsuche/ergebnis/schnellsuche?query=Tahith+Chong (Caused by NameResolutionError("HTTPSConnection(host='www.transfermarkt.com', port=443): Failed to resolve 'www.transfermarkt.com' ([Errno 11001] getaddrinfo failed)"))
[1097/1292] Taha Abdi Ali | SWE | MID | 2.0 mio.
  FEJL: HTTPSConnectionPool(host='www.transfermarkt.com', port=443): Max retries exceeded with url: /schnellsuche/ergebnis/schnellsuche?query=Taha+Abdi+Ali (Caused by NameResolutionError("HTTPSConnection(host='www.transfermarkt.com', port=443): Failed to resolve 'www.transfermarkt.com' ([Errno 11001] getaddrinfo failed)"))
[1098/1292] Tae-Hyeon Kim | KOR | DEF | 2.0 mio.
  FEJL: HTTPSConnectionPool(host='www.transfermarkt.com', port=443): Max retries exceeded with url: /schnellsuche/ergebnis/schnellsuche?query=Tae-Hyeon+Kim (Caused by NameResolutionError("HTTPSConnection(host='www.transfermarkt.com', port=443): Failed to resolve 'www.transfermarkt.com' ([Errno 11001] getaddrinfo failed)"))
[1099/1292] Steven Moreira | CPV | DEF | 2.0 mio.
  FEJL: HTTPSConnectionPool(host='www.transfermarkt.com', port=443): Max retries exceeded with url: /schnellsuche/ergebnis/schnellsuche?query=Steven+Moreira (Caused by NameResolutionError("HTTPSConnection(host='www.transfermarkt.com', port=443): Failed to resolve 'www.transfermarkt.com' ([Errno 11001] getaddrinfo failed)"))
[1100/1292] Steve Kapuadi | COD | DEF | 2.0 mio.
  FEJL: HTTPSConnectionPool(host='www.transfermarkt.com', port=443): Max retries exceeded with url: /schnellsuche/ergebnis/schnellsuche?query=Steve+Kapuadi (Caused by NameResolutionError("HTTPSConnection(host='www.transfermarkt.com', port=443): Failed to resolve 'www.transfermarkt.com' ([Errno 11001] getaddrinfo failed)"))
[1101/1292] Stepan Chaloupek | CZE | DEF | 2.0 mio.
  FEJL: HTTPSConnectionPool(host='www.transfermarkt.com', port=443): Max retries exceeded with url: /schnellsuche/ergebnis/schnellsuche?query=Stepan+Chaloupek (Caused by NameResolutionError("HTTPSConnection(host='www.transfermarkt.com', port=443): Failed to resolve 'www.transfermarkt.com' ([Errno 11001] getaddrinfo failed)"))
[1102/1292] Souffian El Karouani | MAR | DEF | 2.0 mio.
  FEJL: HTTPSConnectionPool(host='www.transfermarkt.com', port=443): Max retries exceeded with url: /schnellsuche/ergebnis/schnellsuche?query=Souffian+El+Karouani (Caused by NameResolutionError("HTTPSConnection(host='www.transfermarkt.com', port=443): Failed to resolve 'www.transfermarkt.com' ([Errno 11001] getaddrinfo failed)"))
[1103/1292] Sontje Hansen | CUW | FWD | 2.0 mio.
  FEJL: HTTPSConnectionPool(host='www.transfermarkt.com', port=443): Max retries exceeded with url: /schnellsuche/ergebnis/schnellsuche?query=Sontje+Hansen (Caused by NameResolutionError("HTTPSConnection(host='www.transfermarkt.com', port=443): Failed to resolve 'www.transfermarkt.com' ([Errno 11001] getaddrinfo failed)"))
[1104/1292] Sondre Langås | NOR | DEF | 2.0 mio.
  FEJL: HTTPSConnectionPool(host='www.transfermarkt.com', port=443): Max retries exceeded with url: /schnellsuche/ergebnis/schnellsuche?query=Sondre+Lang%C3%A5s (Caused by NameResolutionError("HTTPSConnection(host='www.transfermarkt.com', port=443): Failed to resolve 'www.transfermarkt.com' ([Errno 11001] getaddrinfo failed)"))
[1105/1292] Sohaib Nair | ALG | DEF | 2.0 mio.
  FEJL: HTTPSConnectionPool(host='www.transfermarkt.com', port=443): Max retries exceeded with url: /schnellsuche/ergebnis/schnellsuche?query=Sohaib+Nair (Caused by NameResolutionError("HTTPSConnection(host='www.transfermarkt.com', port=443): Failed to resolve 'www.transfermarkt.com' ([Errno 11001] getaddrinfo failed)"))
[1106/1292] Shurandy Sambo | CUW | DEF | 2.0 mio.
  FEJL: HTTPSConnectionPool(host='www.transfermarkt.com', port=443): Max retries exceeded with url: /schnellsuche/ergebnis/schnellsuche?query=Shurandy+Sambo (Caused by NameResolutionError("HTTPSConnection(host='www.transfermarkt.com', port=443): Failed to resolve 'www.transfermarkt.com' ([Errno 11001] getaddrinfo failed)"))
[1107/1292] Shahriar Moghanlou | IRN | FWD | 2.0 mio.
  FEJL: HTTPSConnectionPool(host='www.transfermarkt.com', port=443): Max retries exceeded with url: /schnellsuche/ergebnis/schnellsuche?query=Shahriar+Moghanlou (Caused by NameResolutionError("HTTPSConnection(host='www.transfermarkt.com', port=443): Failed to resolve 'www.transfermarkt.com' ([Errno 11001] getaddrinfo failed)"))
[1108/1292] Seung-Ho Paik | KOR | MID | 2.0 mio.
  FEJL: HTTPSConnectionPool(host='www.transfermarkt.com', port=443): Max retries exceeded with url: /schnellsuche/ergebnis/schnellsuche?query=Seung-Ho+Paik (Caused by NameResolutionError("HTTPSConnection(host='www.transfermarkt.com', port=443): Failed to resolve 'www.transfermarkt.com' ([Errno 11001] getaddrinfo failed)"))
[1109/1292] Sebastian Tounekti | TUN | MID | 2.0 mio.
  FEJL: HTTPSConnectionPool(host='www.transfermarkt.com', port=443): Max retries exceeded with url: /schnellsuche/ergebnis/schnellsuche?query=Sebastian+Tounekti (Caused by NameResolutionError("HTTPSConnection(host='www.transfermarkt.com', port=443): Failed to resolve 'www.transfermarkt.com' ([Errno 11001] getaddrinfo failed)"))
[1110/1292] Samukele Kabini | RSA | DEF | 2.0 mio.
  FEJL: HTTPSConnectionPool(host='www.transfermarkt.com', port=443): Max retries exceeded with url: /schnellsuche/ergebnis/schnellsuche?query=Samukele+Kabini (Caused by NameResolutionError("HTTPSConnection(host='www.transfermarkt.com', port=443): Failed to resolve 'www.transfermarkt.com' ([Errno 11001] getaddrinfo failed)"))
[1111/1292] Samed Bazdar | BIH | FWD | 2.0 mio.
  FEJL: HTTPSConnectionPool(host='www.transfermarkt.com', port=443): Max retries exceeded with url: /schnellsuche/ergebnis/schnellsuche?query=Samed+Bazdar (Caused by NameResolutionError("HTTPSConnection(host='www.transfermarkt.com', port=443): Failed to resolve 'www.transfermarkt.com' ([Errno 11001] getaddrinfo failed)"))
[1112/1292] Salih Özcan | TUR | MID | 2.0 mio.
  FEJL: HTTPSConnectionPool(host='www.transfermarkt.com', port=443): Max retries exceeded with url: /schnellsuche/ergebnis/schnellsuche?query=Salih+%C3%96zcan (Caused by NameResolutionError("HTTPSConnection(host='www.transfermarkt.com', port=443): Failed to resolve 'www.transfermarkt.com' ([Errno 11001] getaddrinfo failed)"))
[1113/1292] Ross Stewart | SCO | FWD | 2.0 mio.
  FEJL: HTTPSConnectionPool(host='www.transfermarkt.com', port=443): Max retries exceeded with url: /schnellsuche/ergebnis/schnellsuche?query=Ross+Stewart (Caused by NameResolutionError("HTTPSConnection(host='www.transfermarkt.com', port=443): Failed to resolve 'www.transfermarkt.com' ([Errno 11001] getaddrinfo failed)"))
[1114/1292] Ronaldo Martinez | PAR | FWD | 2.0 mio.
  FEJL: HTTPSConnectionPool(host='www.transfermarkt.com', port=443): Max retries exceeded with url: /schnellsuche/ergebnis/schnellsuche?query=Ronaldo+Martinez (Caused by NameResolutionError("HTTPSConnection(host='www.transfermarkt.com', port=443): Failed to resolve 'www.transfermarkt.com' ([Errno 11001] getaddrinfo failed)"))
[1115/1292] Roderick Miller | PAN | DEF | 2.0 mio.
  FEJL: HTTPSConnectionPool(host='www.transfermarkt.com', port=443): Max retries exceeded with url: /schnellsuche/ergebnis/schnellsuche?query=Roderick+Miller (Caused by NameResolutionError("HTTPSConnection(host='www.transfermarkt.com', port=443): Failed to resolve 'www.transfermarkt.com' ([Errno 11001] getaddrinfo failed)"))
[1116/1292] Rocky Bushiri | COD | DEF | 2.0 mio.
  FEJL: HTTPSConnectionPool(host='www.transfermarkt.com', port=443): Max retries exceeded with url: /schnellsuche/ergebnis/schnellsuche?query=Rocky+Bushiri (Caused by NameResolutionError("HTTPSConnection(host='www.transfermarkt.com', port=443): Failed to resolve 'www.transfermarkt.com' ([Errno 11001] getaddrinfo failed)"))
[1117/1292] Roberto Lopes | CPV | DEF | 2.0 mio.
  FEJL: HTTPSConnectionPool(host='www.transfermarkt.com', port=443): Max retries exceeded with url: /schnellsuche/ergebnis/schnellsuche?query=Roberto+Lopes (Caused by NameResolutionError("HTTPSConnection(host='www.transfermarkt.com', port=443): Failed to resolve 'www.transfermarkt.com' ([Errno 11001] getaddrinfo failed)"))
[1118/1292] Riechedly Bazoer | CUW | DEF | 2.0 mio.
  FEJL: HTTPSConnectionPool(host='www.transfermarkt.com', port=443): Max retries exceeded with url: /schnellsuche/ergebnis/schnellsuche?query=Riechedly+Bazoer (Caused by NameResolutionError("HTTPSConnection(host='www.transfermarkt.com', port=443): Failed to resolve 'www.transfermarkt.com' ([Errno 11001] getaddrinfo failed)"))
[1119/1292] Richard Ledezma | MEX | DEF | 2.0 mio.
  FEJL: HTTPSConnectionPool(host='www.transfermarkt.com', port=443): Max retries exceeded with url: /schnellsuche/ergebnis/schnellsuche?query=Richard+Ledezma (Caused by NameResolutionError("HTTPSConnection(host='www.transfermarkt.com', port=443): Failed to resolve 'www.transfermarkt.com' ([Errno 11001] getaddrinfo failed)"))
[1120/1292] Rebin Sulaka | IRQ | DEF | 2.0 mio.
  FEJL: HTTPSConnectionPool(host='www.transfermarkt.com', port=443): Max retries exceeded with url: /schnellsuche/ergebnis/schnellsuche?query=Rebin+Sulaka (Caused by NameResolutionError("HTTPSConnection(host='www.transfermarkt.com', port=443): Failed to resolve 'www.transfermarkt.com' ([Errno 11001] getaddrinfo failed)"))
[1121/1292] Rayan Elloumi | TUN | FWD | 2.0 mio.
  FEJL: HTTPSConnectionPool(host='www.transfermarkt.com', port=443): Max retries exceeded with url: /schnellsuche/ergebnis/schnellsuche?query=Rayan+Elloumi (Caused by NameResolutionError("HTTPSConnection(host='www.transfermarkt.com', port=443): Failed to resolve 'www.transfermarkt.com' ([Errno 11001] getaddrinfo failed)"))
[1122/1292] Raul Florucz | AUT | FWD | 2.0 mio.
  FEJL: HTTPSConnectionPool(host='www.transfermarkt.com', port=443): Max retries exceeded with url: /schnellsuche/ergebnis/schnellsuche?query=Raul+Florucz (Caused by NameResolutionError("HTTPSConnection(host='www.transfermarkt.com', port=443): Failed to resolve 'www.transfermarkt.com' ([Errno 11001] getaddrinfo failed)"))
[1123/1292] Ralph Priso | CAN | DEF | 2.0 mio.
  FEJL: HTTPSConnectionPool(host='www.transfermarkt.com', port=443): Max retries exceeded with url: /schnellsuche/ergebnis/schnellsuche?query=Ralph+Priso (Caused by NameResolutionError("HTTPSConnection(host='www.transfermarkt.com', port=443): Failed to resolve 'www.transfermarkt.com' ([Errno 11001] getaddrinfo failed)"))
[1124/1292] Raed Chikhaoui | TUN | DEF | 2.0 mio.
  FEJL: HTTPSConnectionPool(host='www.transfermarkt.com', port=443): Max retries exceeded with url: /schnellsuche/ergebnis/schnellsuche?query=Raed+Chikhaoui (Caused by NameResolutionError("HTTPSConnection(host='www.transfermarkt.com', port=443): Failed to resolve 'www.transfermarkt.com' ([Errno 11001] getaddrinfo failed)"))
[1125/1292] Prince Adu | GHA | FWD | 2.0 mio.
  FEJL: HTTPSConnectionPool(host='www.transfermarkt.com', port=443): Max retries exceeded with url: /schnellsuche/ergebnis/schnellsuche?query=Prince+Adu (Caused by NameResolutionError("HTTPSConnection(host='www.transfermarkt.com', port=443): Failed to resolve 'www.transfermarkt.com' ([Errno 11001] getaddrinfo failed)"))
[1126/1292] Peter Gwargis | IRQ | MID | 2.0 mio.
  FEJL: HTTPSConnectionPool(host='www.transfermarkt.com', port=443): Max retries exceeded with url: /schnellsuche/ergebnis/schnellsuche?query=Peter+Gwargis (Caused by NameResolutionError("HTTPSConnection(host='www.transfermarkt.com', port=443): Failed to resolve 'www.transfermarkt.com' ([Errno 11001] getaddrinfo failed)"))
[1127/1292] Paul Okon-Engstler | AUS | MID | 2.0 mio.
  FEJL: HTTPSConnectionPool(host='www.transfermarkt.com', port=443): Max retries exceeded with url: /schnellsuche/ergebnis/schnellsuche?query=Paul+Okon-Engstler (Caused by NameResolutionError("HTTPSConnection(host='www.transfermarkt.com', port=443): Failed to resolve 'www.transfermarkt.com' ([Errno 11001] getaddrinfo failed)"))
[1128/1292] Patrick Yazbek | AUS | MID | 2.0 mio.
  FEJL: HTTPSConnectionPool(host='www.transfermarkt.com', port=443): Max retries exceeded with url: /schnellsuche/ergebnis/schnellsuche?query=Patrick+Yazbek (Caused by NameResolutionError("HTTPSConnection(host='www.transfermarkt.com', port=443): Failed to resolve 'www.transfermarkt.com' ([Errno 11001] getaddrinfo failed)"))
[1129/1292] Patric Pfeiffer | GHA | DEF | 2.0 mio.
  FEJL: HTTPSConnectionPool(host='www.transfermarkt.com', port=443): Max retries exceeded with url: /schnellsuche/ergebnis/schnellsuche?query=Patric+Pfeiffer (Caused by NameResolutionError("HTTPSConnection(host='www.transfermarkt.com', port=443): Failed to resolve 'www.transfermarkt.com' ([Errno 11001] getaddrinfo failed)"))
[1130/1292] Parfait Guiagon | CIV | MID | 2.0 mio.
  FEJL: HTTPSConnectionPool(host='www.transfermarkt.com', port=443): Max retries exceeded with url: /schnellsuche/ergebnis/schnellsuche?query=Parfait+Guiagon (Caused by NameResolutionError("HTTPSConnection(host='www.transfermarkt.com', port=443): Failed to resolve 'www.transfermarkt.com' ([Errno 11001] getaddrinfo failed)"))
[1131/1292] Omar Rekik | TUN | DEF | 2.0 mio.
  FEJL: HTTPSConnectionPool(host='www.transfermarkt.com', port=443): Max retries exceeded with url: /schnellsuche/ergebnis/schnellsuche?query=Omar+Rekik (Caused by NameResolutionError("HTTPSConnection(host='www.transfermarkt.com', port=443): Failed to resolve 'www.transfermarkt.com' ([Errno 11001] getaddrinfo failed)"))
[1132/1292] Odeh Al-Fakhouri | JOR | MID | 2.0 mio.
  FEJL: HTTPSConnectionPool(host='www.transfermarkt.com', port=443): Max retries exceeded with url: /schnellsuche/ergebnis/schnellsuche?query=Odeh+Al-Fakhouri (Caused by NameResolutionError("HTTPSConnection(host='www.transfermarkt.com', port=443): Failed to resolve 'www.transfermarkt.com' ([Errno 11001] getaddrinfo failed)"))
[1133/1292] Nizar Al-Rashdan | JOR | MID | 2.0 mio.
  FEJL: HTTPSConnectionPool(host='www.transfermarkt.com', port=443): Max retries exceeded with url: /schnellsuche/ergebnis/schnellsuche?query=Nizar+Al-Rashdan (Caused by NameResolutionError("HTTPSConnection(host='www.transfermarkt.com', port=443): Failed to resolve 'www.transfermarkt.com' ([Errno 11001] getaddrinfo failed)"))
[1134/1292] Nidal Celik | BIH | DEF | 2.0 mio.
  FEJL: HTTPSConnectionPool(host='www.transfermarkt.com', port=443): Max retries exceeded with url: /schnellsuche/ergebnis/schnellsuche?query=Nidal+Celik (Caused by NameResolutionError("HTTPSConnection(host='www.transfermarkt.com', port=443): Failed to resolve 'www.transfermarkt.com' ([Errno 11001] getaddrinfo failed)"))
[1135/1292] Nathan Patterson | SCO | DEF | 2.0 mio.
  FEJL: HTTPSConnectionPool(host='www.transfermarkt.com', port=443): Max retries exceeded with url: /schnellsuche/ergebnis/schnellsuche?query=Nathan+Patterson (Caused by NameResolutionError("HTTPSConnection(host='www.transfermarkt.com', port=443): Failed to resolve 'www.transfermarkt.com' ([Errno 11001] getaddrinfo failed)"))
[1136/1292] Nathan Ngoy | BEL | DEF | 2.0 mio.
  FEJL: HTTPSConnectionPool(host='www.transfermarkt.com', port=443): Max retries exceeded with url: /schnellsuche/ergebnis/schnellsuche?query=Nathan+Ngoy (Caused by NameResolutionError("HTTPSConnection(host='www.transfermarkt.com', port=443): Failed to resolve 'www.transfermarkt.com' ([Errno 11001] getaddrinfo failed)"))
[1137/1292] Nando Pijnaker | NZL | DEF | 2.0 mio.
  FEJL: HTTPSConnectionPool(host='www.transfermarkt.com', port=443): Max retries exceeded with url: /schnellsuche/ergebnis/schnellsuche?query=Nando+Pijnaker (Caused by NameResolutionError("HTTPSConnection(host='www.transfermarkt.com', port=443): Failed to resolve 'www.transfermarkt.com' ([Errno 11001] getaddrinfo failed)"))
[1138/1292] Mustafa Eskihellac | TUR | DEF | 2.0 mio.
  FEJL: HTTPSConnectionPool(host='www.transfermarkt.com', port=443): Max retries exceeded with url: /schnellsuche/ergebnis/schnellsuche?query=Mustafa+Eskihellac (Caused by NameResolutionError("HTTPSConnection(host='www.transfermarkt.com', port=443): Failed to resolve 'www.transfermarkt.com' ([Errno 11001] getaddrinfo failed)"))
[1139/1292] Mukhammadrasul Abdumazhidov | UZB | DEF | 2.0 mio.
  FEJL: HTTPSConnectionPool(host='www.transfermarkt.com', port=443): Max retries exceeded with url: /schnellsuche/ergebnis/schnellsuche?query=Mukhammadrasul+Abdumazhidov (Caused by NameResolutionError("HTTPSConnection(host='www.transfermarkt.com', port=443): Failed to resolve 'www.transfermarkt.com' ([Errno 11001] getaddrinfo failed)"))
[1140/1292] Moutaz Neffati | TUN | DEF | 2.0 mio.
  FEJL: HTTPSConnectionPool(host='www.transfermarkt.com', port=443): Max retries exceeded with url: /schnellsuche/ergebnis/schnellsuche?query=Moutaz+Neffati (Caused by NameResolutionError("HTTPSConnection(host='www.transfermarkt.com', port=443): Failed to resolve 'www.transfermarkt.com' ([Errno 11001] getaddrinfo failed)"))
[1141/1292] Moustapha Mbow | SEN | DEF | 2.0 mio.
  FEJL: HTTPSConnectionPool(host='www.transfermarkt.com', port=443): Max retries exceeded with url: /schnellsuche/ergebnis/schnellsuche?query=Moustapha+Mbow (Caused by NameResolutionError("HTTPSConnection(host='www.transfermarkt.com', port=443): Failed to resolve 'www.transfermarkt.com' ([Errno 11001] getaddrinfo failed)"))
[1142/1292] Mostafa Ziko | EGY | MID | 2.0 mio.
  FEJL: HTTPSConnectionPool(host='www.transfermarkt.com', port=443): Max retries exceeded with url: /schnellsuche/ergebnis/schnellsuche?query=Mostafa+Ziko (Caused by NameResolutionError("HTTPSConnection(host='www.transfermarkt.com', port=443): Failed to resolve 'www.transfermarkt.com' ([Errno 11001] getaddrinfo failed)"))
[1143/1292] Mortadha Ben Ouanes | TUN | MID | 2.0 mio.
  FEJL: HTTPSConnectionPool(host='www.transfermarkt.com', port=443): Max retries exceeded with url: /schnellsuche/ergebnis/schnellsuche?query=Mortadha+Ben+Ouanes (Caused by NameResolutionError("HTTPSConnection(host='www.transfermarkt.com', port=443): Failed to resolve 'www.transfermarkt.com' ([Errno 11001] getaddrinfo failed)"))
[1144/1292] Mohammed Sulaiman | KSA | DEF | 2.0 mio.
  FEJL: HTTPSConnectionPool(host='www.transfermarkt.com', port=443): Max retries exceeded with url: /schnellsuche/ergebnis/schnellsuche?query=Mohammed+Sulaiman (Caused by NameResolutionError("HTTPSConnection(host='www.transfermarkt.com', port=443): Failed to resolve 'www.transfermarkt.com' ([Errno 11001] getaddrinfo failed)"))
[1145/1292] Mohammed Muntari | QAT | FWD | 2.0 mio.
  FEJL: HTTPSConnectionPool(host='www.transfermarkt.com', port=443): Max retries exceeded with url: /schnellsuche/ergebnis/schnellsuche?query=Mohammed+Muntari (Caused by NameResolutionError("HTTPSConnection(host='www.transfermarkt.com', port=443): Failed to resolve 'www.transfermarkt.com' ([Errno 11001] getaddrinfo failed)"))
[1146/1292] Mohammad Taha | JOR | MID | 2.0 mio.
  FEJL: HTTPSConnectionPool(host='www.transfermarkt.com', port=443): Max retries exceeded with url: /schnellsuche/ergebnis/schnellsuche?query=Mohammad+Taha (Caused by NameResolutionError("HTTPSConnection(host='www.transfermarkt.com', port=443): Failed to resolve 'www.transfermarkt.com' ([Errno 11001] getaddrinfo failed)"))
[1147/1292] Mohammad Al-Dawoud | JOR | MID | 2.0 mio.
  FEJL: HTTPSConnectionPool(host='www.transfermarkt.com', port=443): Max retries exceeded with url: /schnellsuche/ergebnis/schnellsuche?query=Mohammad+Al-Dawoud (Caused by NameResolutionError("HTTPSConnection(host='www.transfermarkt.com', port=443): Failed to resolve 'www.transfermarkt.com' ([Errno 11001] getaddrinfo failed)"))
[1148/1292] Mohamed Rabie Hrimat | MAR | MID | 2.0 mio.
  FEJL: HTTPSConnectionPool(host='www.transfermarkt.com', port=443): Max retries exceeded with url: /schnellsuche/ergebnis/schnellsuche?query=Mohamed+Rabie+Hrimat (Caused by NameResolutionError("HTTPSConnection(host='www.transfermarkt.com', port=443): Failed to resolve 'www.transfermarkt.com' ([Errno 11001] getaddrinfo failed)"))
[1149/1292] Mohamed 'Hadj' Mahmoud | TUN | MID | 2.0 mio.
  FEJL: HTTPSConnectionPool(host='www.transfermarkt.com', port=443): Max retries exceeded with url: /schnellsuche/ergebnis/schnellsuche?query=Mohamed+%27Hadj%27+Mahmoud (Caused by NameResolutionError("HTTPSConnection(host='www.transfermarkt.com', port=443): Failed to resolve 'www.transfermarkt.com' ([Errno 11001] getaddrinfo failed)"))
[1150/1292] Miles Robinson | USA | DEF | 2.0 mio.
  FEJL: HTTPSConnectionPool(host='www.transfermarkt.com', port=443): Max retries exceeded with url: /schnellsuche/ergebnis/schnellsuche?query=Miles+Robinson (Caused by NameResolutionError("HTTPSConnection(host='www.transfermarkt.com', port=443): Failed to resolve 'www.transfermarkt.com' ([Errno 11001] getaddrinfo failed)"))
[1151/1292] Michael Boxall | NZL | DEF | 2.0 mio.
  FEJL: HTTPSConnectionPool(host='www.transfermarkt.com', port=443): Max retries exceeded with url: /schnellsuche/ergebnis/schnellsuche?query=Michael+Boxall (Caused by NameResolutionError("HTTPSConnection(host='www.transfermarkt.com', port=443): Failed to resolve 'www.transfermarkt.com' ([Errno 11001] getaddrinfo failed)"))
[1152/1292] Mehdi Dorval | ALG | DEF | 2.0 mio.
  FEJL: HTTPSConnectionPool(host='www.transfermarkt.com', port=443): Max retries exceeded with url: /schnellsuche/ergebnis/schnellsuche?query=Mehdi+Dorval (Caused by NameResolutionError("HTTPSConnection(host='www.transfermarkt.com', port=443): Failed to resolve 'www.transfermarkt.com' ([Errno 11001] getaddrinfo failed)"))
[1153/1292] Marvin Senaya | GHA | DEF | 2.0 mio.
  FEJL: HTTPSConnectionPool(host='www.transfermarkt.com', port=443): Max retries exceeded with url: /schnellsuche/ergebnis/schnellsuche?query=Marvin+Senaya (Caused by NameResolutionError("HTTPSConnection(host='www.transfermarkt.com', port=443): Failed to resolve 'www.transfermarkt.com' ([Errno 11001] getaddrinfo failed)"))
[1154/1292] Martin Krug | PAN | DEF | 2.0 mio.
  FEJL: HTTPSConnectionPool(host='www.transfermarkt.com', port=443): Max retries exceeded with url: /schnellsuche/ergebnis/schnellsuche?query=Martin+Krug (Caused by NameResolutionError("HTTPSConnection(host='www.transfermarkt.com', port=443): Failed to resolve 'www.transfermarkt.com' ([Errno 11001] getaddrinfo failed)"))
[1155/1292] Martin Experience | HAI | DEF | 2.0 mio.
  FEJL: HTTPSConnectionPool(host='www.transfermarkt.com', port=443): Max retries exceeded with url: /schnellsuche/ergebnis/schnellsuche?query=Martin+Experience (Caused by NameResolutionError("HTTPSConnection(host='www.transfermarkt.com', port=443): Failed to resolve 'www.transfermarkt.com' ([Errno 11001] getaddrinfo failed)"))
[1156/1292] Mark McKenzie | USA | DEF | 2.0 mio.
  FEJL: HTTPSConnectionPool(host='www.transfermarkt.com', port=443): Max retries exceeded with url: /schnellsuche/ergebnis/schnellsuche?query=Mark+McKenzie (Caused by NameResolutionError("HTTPSConnection(host='www.transfermarkt.com', port=443): Failed to resolve 'www.transfermarkt.com' ([Errno 11001] getaddrinfo failed)"))
[1157/1292] Marcus Holmgren Pedersen | NOR | DEF | 2.0 mio.
  FEJL: HTTPSConnectionPool(host='www.transfermarkt.com', port=443): Max retries exceeded with url: /schnellsuche/ergebnis/schnellsuche?query=Marcus+Holmgren+Pedersen (Caused by NameResolutionError("HTTPSConnection(host='www.transfermarkt.com', port=443): Failed to resolve 'www.transfermarkt.com' ([Errno 11001] getaddrinfo failed)"))
[1158/1292] Marco Grüll | AUT | FWD | 2.0 mio.
  FEJL: HTTPSConnectionPool(host='www.transfermarkt.com', port=443): Max retries exceeded with url: /schnellsuche/ergebnis/schnellsuche?query=Marco+Gr%C3%BCll (Caused by NameResolutionError("HTTPSConnection(host='www.transfermarkt.com', port=443): Failed to resolve 'www.transfermarkt.com' ([Errno 11001] getaddrinfo failed)"))
[1159/1292] Marco Friedl | AUT | DEF | 2.0 mio.
  FEJL: HTTPSConnectionPool(host='www.transfermarkt.com', port=443): Max retries exceeded with url: /schnellsuche/ergebnis/schnellsuche?query=Marco+Friedl (Caused by NameResolutionError("HTTPSConnection(host='www.transfermarkt.com', port=443): Failed to resolve 'www.transfermarkt.com' ([Errno 11001] getaddrinfo failed)"))
[1160/1292] Marcelo Flores | CAN | MID | 2.0 mio.
  FEJL: HTTPSConnectionPool(host='www.transfermarkt.com', port=443): Max retries exceeded with url: /schnellsuche/ergebnis/schnellsuche?query=Marcelo+Flores (Caused by NameResolutionError("HTTPSConnection(host='www.transfermarkt.com', port=443): Failed to resolve 'www.transfermarkt.com' ([Errno 11001] getaddrinfo failed)"))
[1161/1292] Manaf Younis | IRQ | DEF | 2.0 mio.
  FEJL: HTTPSConnectionPool(host='www.transfermarkt.com', port=443): Max retries exceeded with url: /schnellsuche/ergebnis/schnellsuche?query=Manaf+Younis (Caused by NameResolutionError("HTTPSConnection(host='www.transfermarkt.com', port=443): Failed to resolve 'www.transfermarkt.com' ([Errno 11001] getaddrinfo failed)"))
[1162/1292] Mahmoud Al-Mardi | JOR | MID | 2.0 mio.
  FEJL: HTTPSConnectionPool(host='www.transfermarkt.com', port=443): Max retries exceeded with url: /schnellsuche/ergebnis/schnellsuche?query=Mahmoud+Al-Mardi (Caused by NameResolutionError("HTTPSConnection(host='www.transfermarkt.com', port=443): Failed to resolve 'www.transfermarkt.com' ([Errno 11001] getaddrinfo failed)"))
[1163/1292] Luka Vuskovic | CRO | DEF | 2.0 mio.
  FEJL: HTTPSConnectionPool(host='www.transfermarkt.com', port=443): Max retries exceeded with url: /schnellsuche/ergebnis/schnellsuche?query=Luka+Vuskovic (Caused by NameResolutionError("HTTPSConnection(host='www.transfermarkt.com', port=443): Failed to resolve 'www.transfermarkt.com' ([Errno 11001] getaddrinfo failed)"))
[1164/1292] Luka Sucic | CRO | MID | 2.0 mio.
  FEJL: HTTPSConnectionPool(host='www.transfermarkt.com', port=443): Max retries exceeded with url: /schnellsuche/ergebnis/schnellsuche?query=Luka+Sucic (Caused by NameResolutionError("HTTPSConnection(host='www.transfermarkt.com', port=443): Failed to resolve 'www.transfermarkt.com' ([Errno 11001] getaddrinfo failed)"))
[1165/1292] Lucas Ramon Romero | PAR | MID | 2.0 mio.
  FEJL: HTTPSConnectionPool(host='www.transfermarkt.com', port=443): Max retries exceeded with url: /schnellsuche/ergebnis/schnellsuche?query=Lucas+Ramon+Romero (Caused by NameResolutionError("HTTPSConnection(host='www.transfermarkt.com', port=443): Failed to resolve 'www.transfermarkt.com' ([Errno 11001] getaddrinfo failed)"))
[1166/1292] Lucas Herrington | AUS | DEF | 2.0 mio.
  FEJL: HTTPSConnectionPool(host='www.transfermarkt.com', port=443): Max retries exceeded with url: /schnellsuche/ergebnis/schnellsuche?query=Lucas+Herrington (Caused by NameResolutionError("HTTPSConnection(host='www.transfermarkt.com', port=443): Failed to resolve 'www.transfermarkt.com' ([Errno 11001] getaddrinfo failed)"))
[1167/1292] Luca Jaquez | SUI | DEF | 2.0 mio.
  FEJL: HTTPSConnectionPool(host='www.transfermarkt.com', port=443): Max retries exceeded with url: /schnellsuche/ergebnis/schnellsuche?query=Luca+Jaquez (Caused by NameResolutionError("HTTPSConnection(host='www.transfermarkt.com', port=443): Failed to resolve 'www.transfermarkt.com' ([Errno 11001] getaddrinfo failed)"))
[1168/1292] Luc De Fougerolles | CAN | DEF | 2.0 mio.
  FEJL: HTTPSConnectionPool(host='www.transfermarkt.com', port=443): Max retries exceeded with url: /schnellsuche/ergebnis/schnellsuche?query=Luc+De+Fougerolles (Caused by NameResolutionError("HTTPSConnection(host='www.transfermarkt.com', port=443): Failed to resolve 'www.transfermarkt.com' ([Errno 11001] getaddrinfo failed)"))
[1169/1292] Lewis Ferguson | SCO | MID | 2.0 mio.
  FEJL: HTTPSConnectionPool(host='www.transfermarkt.com', port=443): Max retries exceeded with url: /schnellsuche/ergebnis/schnellsuche?query=Lewis+Ferguson (Caused by NameResolutionError("HTTPSConnection(host='www.transfermarkt.com', port=443): Failed to resolve 'www.transfermarkt.com' ([Errno 11001] getaddrinfo failed)"))
[1170/1292] Leopold Querfeld | AUT | DEF | 2.0 mio.
  FEJL: HTTPSConnectionPool(host='www.transfermarkt.com', port=443): Max retries exceeded with url: /schnellsuche/ergebnis/schnellsuche?query=Leopold+Querfeld (Caused by NameResolutionError("HTTPSConnection(host='www.transfermarkt.com', port=443): Failed to resolve 'www.transfermarkt.com' ([Errno 11001] getaddrinfo failed)"))
[1171/1292] Lachlan Bayliss | NZL | MID | 2.0 mio.
  FEJL: HTTPSConnectionPool(host='www.transfermarkt.com', port=443): Max retries exceeded with url: /schnellsuche/ergebnis/schnellsuche?query=Lachlan+Bayliss (Caused by NameResolutionError("HTTPSConnection(host='www.transfermarkt.com', port=443): Failed to resolve 'www.transfermarkt.com' ([Errno 11001] getaddrinfo failed)"))
[1172/1292] Kristian Thorstvedt | NOR | MID | 2.0 mio.
  FEJL: HTTPSConnectionPool(host='www.transfermarkt.com', port=443): Max retries exceeded with url: /schnellsuche/ergebnis/schnellsuche?query=Kristian+Thorstvedt (Caused by NameResolutionError("HTTPSConnection(host='www.transfermarkt.com', port=443): Failed to resolve 'www.transfermarkt.com' ([Errno 11001] getaddrinfo failed)"))
[1173/1292] Kojo Peprah Oppong | GHA | DEF | 2.0 mio.
  FEJL: HTTPSConnectionPool(host='www.transfermarkt.com', port=443): Max retries exceeded with url: /schnellsuche/ergebnis/schnellsuche?query=Kojo+Peprah+Oppong (Caused by NameResolutionError("HTTPSConnection(host='www.transfermarkt.com', port=443): Failed to resolve 'www.transfermarkt.com' ([Errno 11001] getaddrinfo failed)"))
[1174/1292] Ko Itakura | JPN | DEF | 2.0 mio.
  FEJL: HTTPSConnectionPool(host='www.transfermarkt.com', port=443): Max retries exceeded with url: /schnellsuche/ergebnis/schnellsuche?query=Ko+Itakura (Caused by NameResolutionError("HTTPSConnection(host='www.transfermarkt.com', port=443): Failed to resolve 'www.transfermarkt.com' ([Errno 11001] getaddrinfo failed)"))
[1175/1292] Khulumani Ndamane | RSA | DEF | 2.0 mio.
  FEJL: HTTPSConnectionPool(host='www.transfermarkt.com', port=443): Max retries exceeded with url: /schnellsuche/ergebnis/schnellsuche?query=Khulumani+Ndamane (Caused by NameResolutionError("HTTPSConnection(host='www.transfermarkt.com', port=443): Failed to resolve 'www.transfermarkt.com' ([Errno 11001] getaddrinfo failed)"))
[1176/1292] Khalil Ayari | TUN | MID | 2.0 mio.
  FEJL: HTTPSConnectionPool(host='www.transfermarkt.com', port=443): Max retries exceeded with url: /schnellsuche/ergebnis/schnellsuche?query=Khalil+Ayari (Caused by NameResolutionError("HTTPSConnection(host='www.transfermarkt.com', port=443): Failed to resolve 'www.transfermarkt.com' ([Errno 11001] getaddrinfo failed)"))
[1177/1292] Kevin Yakob | IRQ | MID | 2.0 mio.
  FEJL: HTTPSConnectionPool(host='www.transfermarkt.com', port=443): Max retries exceeded with url: /schnellsuche/ergebnis/schnellsuche?query=Kevin+Yakob (Caused by NameResolutionError("HTTPSConnection(host='www.transfermarkt.com', port=443): Failed to resolve 'www.transfermarkt.com' ([Errno 11001] getaddrinfo failed)"))
[1178/1292] Kevin Felida | CUW | MID | 2.0 mio.
  FEJL: HTTPSConnectionPool(host='www.transfermarkt.com', port=443): Max retries exceeded with url: /schnellsuche/ergebnis/schnellsuche?query=Kevin+Felida (Caused by NameResolutionError("HTTPSConnection(host='www.transfermarkt.com', port=443): Failed to resolve 'www.transfermarkt.com' ([Errno 11001] getaddrinfo failed)"))
[1179/1292] Kelvin Pires | CPV | DEF | 2.0 mio.
  FEJL: HTTPSConnectionPool(host='www.transfermarkt.com', port=443): Max retries exceeded with url: /schnellsuche/ergebnis/schnellsuche?query=Kelvin+Pires (Caused by NameResolutionError("HTTPSConnection(host='www.transfermarkt.com', port=443): Failed to resolve 'www.transfermarkt.com' ([Errno 11001] getaddrinfo failed)"))
[1180/1292] Kees Smit | NED | MID | 2.0 mio.
  FEJL: HTTPSConnectionPool(host='www.transfermarkt.com', port=443): Max retries exceeded with url: /schnellsuche/ergebnis/schnellsuche?query=Kees+Smit (Caused by NameResolutionError("HTTPSConnection(host='www.transfermarkt.com', port=443): Failed to resolve 'www.transfermarkt.com' ([Errno 11001] getaddrinfo failed)"))
[1181/1292] Karim Hafez | EGY | DEF | 2.0 mio.
  FEJL: HTTPSConnectionPool(host='www.transfermarkt.com', port=443): Max retries exceeded with url: /schnellsuche/ergebnis/schnellsuche?query=Karim+Hafez (Caused by NameResolutionError("HTTPSConnection(host='www.transfermarkt.com', port=443): Failed to resolve 'www.transfermarkt.com' ([Errno 11001] getaddrinfo failed)"))
[1182/1292] Kai Trewin | AUS | DEF | 2.0 mio.
  FEJL: HTTPSConnectionPool(host='www.transfermarkt.com', port=443): Max retries exceeded with url: /schnellsuche/ergebnis/schnellsuche?query=Kai+Trewin (Caused by NameResolutionError("HTTPSConnection(host='www.transfermarkt.com', port=443): Failed to resolve 'www.transfermarkt.com' ([Errno 11001] getaddrinfo failed)"))
[1183/1292] Kadir Barria | PAN | FWD | 2.0 mio.
  FEJL: HTTPSConnectionPool(host='www.transfermarkt.com', port=443): Max retries exceeded with url: /schnellsuche/ergebnis/schnellsuche?query=Kadir+Barria (Caused by NameResolutionError("HTTPSConnection(host='www.transfermarkt.com', port=443): Failed to resolve 'www.transfermarkt.com' ([Errno 11001] getaddrinfo failed)"))
[1184/1292] Kaan Ayhan | TUR | MID | 2.0 mio.
  FEJL: HTTPSConnectionPool(host='www.transfermarkt.com', port=443): Max retries exceeded with url: /schnellsuche/ergebnis/schnellsuche?query=Kaan+Ayhan (Caused by NameResolutionError("HTTPSConnection(host='www.transfermarkt.com', port=443): Failed to resolve 'www.transfermarkt.com' ([Errno 11001] getaddrinfo failed)"))
[1185/1292] Jürgen Locadia | CUW | FWD | 2.0 mio.
  FEJL: HTTPSConnectionPool(host='www.transfermarkt.com', port=443): Max retries exceeded with url: /schnellsuche/ergebnis/schnellsuche?query=J%C3%BCrgen+Locadia (Caused by NameResolutionError("HTTPSConnection(host='www.transfermarkt.com', port=443): Failed to resolve 'www.transfermarkt.com' ([Errno 11001] getaddrinfo failed)"))
[1186/1292] Jovo Lukic | BIH | FWD | 2.0 mio.
  FEJL: HTTPSConnectionPool(host='www.transfermarkt.com', port=443): Max retries exceeded with url: /schnellsuche/ergebnis/schnellsuche?query=Jovo+Lukic (Caused by NameResolutionError("HTTPSConnection(host='www.transfermarkt.com', port=443): Failed to resolve 'www.transfermarkt.com' ([Errno 11001] getaddrinfo failed)"))
[1187/1292] Jordy Alcivar | ECU | MID | 2.0 mio.
  FEJL: HTTPSConnectionPool(host='www.transfermarkt.com', port=443): Max retries exceeded with url: /schnellsuche/ergebnis/schnellsuche?query=Jordy+Alcivar (Caused by NameResolutionError("HTTPSConnection(host='www.transfermarkt.com', port=443): Failed to resolve 'www.transfermarkt.com' ([Errno 11001] getaddrinfo failed)"))
[1188/1292] John Mercado | ECU | FWD | 2.0 mio.
  FEJL: HTTPSConnectionPool(host='www.transfermarkt.com', port=443): Max retries exceeded with url: /schnellsuche/ergebnis/schnellsuche?query=John+Mercado (Caused by NameResolutionError("HTTPSConnection(host='www.transfermarkt.com', port=443): Failed to resolve 'www.transfermarkt.com' ([Errno 11001] getaddrinfo failed)"))
[1189/1292] Jiovany Ramos | PAN | DEF | 2.0 mio.
  FEJL: HTTPSConnectionPool(host='www.transfermarkt.com', port=443): Max retries exceeded with url: /schnellsuche/ergebnis/schnellsuche?query=Jiovany+Ramos (Caused by NameResolutionError("HTTPSConnection(host='www.transfermarkt.com', port=443): Failed to resolve 'www.transfermarkt.com' ([Errno 11001] getaddrinfo failed)"))
[1190/1292] Ji-sung Eom | KOR | MID | 2.0 mio.
  FEJL: HTTPSConnectionPool(host='www.transfermarkt.com', port=443): Max retries exceeded with url: /schnellsuche/ergebnis/schnellsuche?query=Ji-sung+Eom (Caused by NameResolutionError("HTTPSConnection(host='www.transfermarkt.com', port=443): Failed to resolve 'www.transfermarkt.com' ([Errno 11001] getaddrinfo failed)"))
[1191/1292] Jesus Angulo | MEX | DEF | 2.0 mio.
  FEJL: HTTPSConnectionPool(host='www.transfermarkt.com', port=443): Max retries exceeded with url: /schnellsuche/ergebnis/schnellsuche?query=Jesus+Angulo (Caused by NameResolutionError("HTTPSConnection(host='www.transfermarkt.com', port=443): Failed to resolve 'www.transfermarkt.com' ([Errno 11001] getaddrinfo failed)"))
[1192/1292] Jesse Randall | NZL | FWD | 2.0 mio.
  FEJL: HTTPSConnectionPool(host='www.transfermarkt.com', port=443): Max retries exceeded with url: /schnellsuche/ergebnis/schnellsuche?query=Jesse+Randall (Caused by NameResolutionError("HTTPSConnection(host='www.transfermarkt.com', port=443): Failed to resolve 'www.transfermarkt.com' ([Errno 11001] getaddrinfo failed)"))
[1193/1292] Jeremy Arevalo | ECU | FWD | 2.0 mio.
  FEJL: HTTPSConnectionPool(host='www.transfermarkt.com', port=443): Max retries exceeded with url: /schnellsuche/ergebnis/schnellsuche?query=Jeremy+Arevalo (Caused by NameResolutionError("HTTPSConnection(host='www.transfermarkt.com', port=443): Failed to resolve 'www.transfermarkt.com' ([Errno 11001] getaddrinfo failed)"))
[1194/1292] Jeremy Antonisse | CUW | FWD | 2.0 mio.
  FEJL: HTTPSConnectionPool(host='www.transfermarkt.com', port=443): Max retries exceeded with url: /schnellsuche/ergebnis/schnellsuche?query=Jeremy+Antonisse (Caused by NameResolutionError("HTTPSConnection(host='www.transfermarkt.com', port=443): Failed to resolve 'www.transfermarkt.com' ([Errno 11001] getaddrinfo failed)"))
[1195/1292] Jayden Adams | RSA | MID | 2.0 mio.
  FEJL: HTTPSConnectionPool(host='www.transfermarkt.com', port=443): Max retries exceeded with url: /schnellsuche/ergebnis/schnellsuche?query=Jayden+Adams (Caused by NameResolutionError("HTTPSConnection(host='www.transfermarkt.com', port=443): Failed to resolve 'www.transfermarkt.com' ([Errno 11001] getaddrinfo failed)"))
[1196/1292] Janner Corozo | ECU | FWD | 2.0 mio.
  FEJL: HTTPSConnectionPool(host='www.transfermarkt.com', port=443): Max retries exceeded with url: /schnellsuche/ergebnis/schnellsuche?query=Janner+Corozo (Caused by NameResolutionError("HTTPSConnection(host='www.transfermarkt.com', port=443): Failed to resolve 'www.transfermarkt.com' ([Errno 11001] getaddrinfo failed)"))
[1197/1292] Jan Kliment | CZE | FWD | 2.0 mio.
  FEJL: HTTPSConnectionPool(host='www.transfermarkt.com', port=443): Max retries exceeded with url: /schnellsuche/ergebnis/schnellsuche?query=Jan+Kliment (Caused by NameResolutionError("HTTPSConnection(host='www.transfermarkt.com', port=443): Failed to resolve 'www.transfermarkt.com' ([Errno 11001] getaddrinfo failed)"))
[1198/1292] Jamshid Iskanderov | UZB | MID | 2.0 mio.
  FEJL: HTTPSConnectionPool(host='www.transfermarkt.com', port=443): Max retries exceeded with url: /schnellsuche/ergebnis/schnellsuche?query=Jamshid+Iskanderov (Caused by NameResolutionError("HTTPSConnection(host='www.transfermarkt.com', port=443): Failed to resolve 'www.transfermarkt.com' ([Errno 11001] getaddrinfo failed)"))
[1199/1292] Jahkeele Rutty | CAN | DEF | 2.0 mio.
  FEJL: HTTPSConnectionPool(host='www.transfermarkt.com', port=443): Max retries exceeded with url: /schnellsuche/ergebnis/schnellsuche?query=Jahkeele+Rutty (Caused by NameResolutionError("HTTPSConnection(host='www.transfermarkt.com', port=443): Failed to resolve 'www.transfermarkt.com' ([Errno 11001] getaddrinfo failed)"))
[1200/1292] Jacob Italiano | AUS | DEF | 2.0 mio.
  FEJL: HTTPSConnectionPool(host='www.transfermarkt.com', port=443): Max retries exceeded with url: /schnellsuche/ergebnis/schnellsuche?query=Jacob+Italiano (Caused by NameResolutionError("HTTPSConnection(host='www.transfermarkt.com', port=443): Failed to resolve 'www.transfermarkt.com' ([Errno 11001] getaddrinfo failed)"))
[1201/1292] Jackson Porozo | ECU | DEF | 2.0 mio.
  FEJL: HTTPSConnectionPool(host='www.transfermarkt.com', port=443): Max retries exceeded with url: /schnellsuche/ergebnis/schnellsuche?query=Jackson+Porozo (Caused by NameResolutionError("HTTPSConnection(host='www.transfermarkt.com', port=443): Failed to resolve 'www.transfermarkt.com' ([Errno 11001] getaddrinfo failed)"))
[1202/1292] Jack Hendry | SCO | DEF | 2.0 mio.
  FEJL: HTTPSConnectionPool(host='www.transfermarkt.com', port=443): Max retries exceeded with url: /schnellsuche/ergebnis/schnellsuche?query=Jack+Hendry (Caused by NameResolutionError("HTTPSConnection(host='www.transfermarkt.com', port=443): Failed to resolve 'www.transfermarkt.com' ([Errno 11001] getaddrinfo failed)"))
[1203/1292] Jacen Russell-Rowe | CAN | FWD | 2.0 mio.
  FEJL: HTTPSConnectionPool(host='www.transfermarkt.com', port=443): Max retries exceeded with url: /schnellsuche/ergebnis/schnellsuche?query=Jacen+Russell-Rowe (Caused by NameResolutionError("HTTPSConnection(host='www.transfermarkt.com', port=443): Failed to resolve 'www.transfermarkt.com' ([Errno 11001] getaddrinfo failed)"))
[1204/1292] Irfan Can Kahveci | TUR | MID | 2.0 mio.
  FEJL: HTTPSConnectionPool(host='www.transfermarkt.com', port=443): Max retries exceeded with url: /schnellsuche/ergebnis/schnellsuche?query=Irfan+Can+Kahveci (Caused by NameResolutionError("HTTPSConnection(host='www.transfermarkt.com', port=443): Failed to resolve 'www.transfermarkt.com' ([Errno 11001] getaddrinfo failed)"))
[1205/1292] Ime Okon | RSA | DEF | 2.0 mio.
  FEJL: HTTPSConnectionPool(host='www.transfermarkt.com', port=443): Max retries exceeded with url: /schnellsuche/ergebnis/schnellsuche?query=Ime+Okon (Caused by NameResolutionError("HTTPSConnection(host='www.transfermarkt.com', port=443): Failed to resolve 'www.transfermarkt.com' ([Errno 11001] getaddrinfo failed)"))
[1206/1292] Ilay Camara | SEN | DEF | 2.0 mio.
  FEJL: HTTPSConnectionPool(host='www.transfermarkt.com', port=443): Max retries exceeded with url: /schnellsuche/ergebnis/schnellsuche?query=Ilay+Camara (Caused by NameResolutionError("HTTPSConnection(host='www.transfermarkt.com', port=443): Failed to resolve 'www.transfermarkt.com' ([Errno 11001] getaddrinfo failed)"))
[1207/1292] Igor Sergeev | UZB | FWD | 2.0 mio.
  FEJL: HTTPSConnectionPool(host='www.transfermarkt.com', port=443): Max retries exceeded with url: /schnellsuche/ergebnis/schnellsuche?query=Igor+Sergeev (Caused by NameResolutionError("HTTPSConnection(host='www.transfermarkt.com', port=443): Failed to resolve 'www.transfermarkt.com' ([Errno 11001] getaddrinfo failed)"))
[1208/1292] Ibrokhim Ibrokhimov | UZB | MID | 2.0 mio.
  FEJL: HTTPSConnectionPool(host='www.transfermarkt.com', port=443): Max retries exceeded with url: /schnellsuche/ergebnis/schnellsuche?query=Ibrokhim+Ibrokhimov (Caused by NameResolutionError("HTTPSConnection(host='www.transfermarkt.com', port=443): Failed to resolve 'www.transfermarkt.com' ([Errno 11001] getaddrinfo failed)"))
[1209/1292] Husam Abu Dahab | JOR | DEF | 2.0 mio.
  FEJL: HTTPSConnectionPool(host='www.transfermarkt.com', port=443): Max retries exceeded with url: /schnellsuche/ergebnis/schnellsuche?query=Husam+Abu+Dahab (Caused by NameResolutionError("HTTPSConnection(host='www.transfermarkt.com', port=443): Failed to resolve 'www.transfermarkt.com' ([Errno 11001] getaddrinfo failed)"))
[1210/1292] Hugo Cuenca | PAR | MID | 2.0 mio.
  FEJL: HTTPSConnectionPool(host='www.transfermarkt.com', port=443): Max retries exceeded with url: /schnellsuche/ergebnis/schnellsuche?query=Hugo+Cuenca (Caused by NameResolutionError("HTTPSConnection(host='www.transfermarkt.com', port=443): Failed to resolve 'www.transfermarkt.com' ([Errno 11001] getaddrinfo failed)"))
[1211/1292] Hossein Abarghouei | IRN | DEF | 2.0 mio.
  FEJL: HTTPSConnectionPool(host='www.transfermarkt.com', port=443): Max retries exceeded with url: /schnellsuche/ergebnis/schnellsuche?query=Hossein+Abarghouei (Caused by NameResolutionError("HTTPSConnection(host='www.transfermarkt.com', port=443): Failed to resolve 'www.transfermarkt.com' ([Errno 11001] getaddrinfo failed)"))
[1212/1292] Hjalmar Ekdal | SWE | DEF | 2.0 mio.
  FEJL: HTTPSConnectionPool(host='www.transfermarkt.com', port=443): Max retries exceeded with url: /schnellsuche/ergebnis/schnellsuche?query=Hjalmar+Ekdal (Caused by NameResolutionError("HTTPSConnection(host='www.transfermarkt.com', port=443): Failed to resolve 'www.transfermarkt.com' ([Errno 11001] getaddrinfo failed)"))
[1213/1292] Henrik Falchener | NOR | DEF | 2.0 mio.
  FEJL: HTTPSConnectionPool(host='www.transfermarkt.com', port=443): Max retries exceeded with url: /schnellsuche/ergebnis/schnellsuche?query=Henrik+Falchener (Caused by NameResolutionError("HTTPSConnection(host='www.transfermarkt.com', port=443): Failed to resolve 'www.transfermarkt.com' ([Errno 11001] getaddrinfo failed)"))
[1214/1292] Hasan Abdulkareem | IRQ | MID | 2.0 mio.
  FEJL: HTTPSConnectionPool(host='www.transfermarkt.com', port=443): Max retries exceeded with url: /schnellsuche/ergebnis/schnellsuche?query=Hasan+Abdulkareem (Caused by NameResolutionError("HTTPSConnection(host='www.transfermarkt.com', port=443): Failed to resolve 'www.transfermarkt.com' ([Errno 11001] getaddrinfo failed)"))
[1215/1292] Han-beom Lee | KOR | DEF | 2.0 mio.
  FEJL: HTTPSConnectionPool(host='www.transfermarkt.com', port=443): Max retries exceeded with url: /schnellsuche/ergebnis/schnellsuche?query=Han-beom+Lee (Caused by NameResolutionError("HTTPSConnection(host='www.transfermarkt.com', port=443): Failed to resolve 'www.transfermarkt.com' ([Errno 11001] getaddrinfo failed)"))
[1216/1292] Hamza Abdelkarim | EGY | FWD | 2.0 mio.
  FEJL: HTTPSConnectionPool(host='www.transfermarkt.com', port=443): Max retries exceeded with url: /schnellsuche/ergebnis/schnellsuche?query=Hamza+Abdelkarim (Caused by NameResolutionError("HTTPSConnection(host='www.transfermarkt.com', port=443): Failed to resolve 'www.transfermarkt.com' ([Errno 11001] getaddrinfo failed)"))
[1217/1292] Haissem Hassan | EGY | MID | 2.0 mio.
  FEJL: HTTPSConnectionPool(host='www.transfermarkt.com', port=443): Max retries exceeded with url: /schnellsuche/ergebnis/schnellsuche?query=Haissem+Hassan (Caused by NameResolutionError("HTTPSConnection(host='www.transfermarkt.com', port=443): Failed to resolve 'www.transfermarkt.com' ([Errno 11001] getaddrinfo failed)"))
[1218/1292] Gustaf Nilsson | SWE | FWD | 2.0 mio.
  FEJL: HTTPSConnectionPool(host='www.transfermarkt.com', port=443): Max retries exceeded with url: /schnellsuche/ergebnis/schnellsuche?query=Gustaf+Nilsson (Caused by NameResolutionError("HTTPSConnection(host='www.transfermarkt.com', port=443): Failed to resolve 'www.transfermarkt.com' ([Errno 11001] getaddrinfo failed)"))
[1219/1292] Guillermo Martínez | MEX | FWD | 2.0 mio.
  FEJL: HTTPSConnectionPool(host='www.transfermarkt.com', port=443): Max retries exceeded with url: /schnellsuche/ergebnis/schnellsuche?query=Guillermo+Mart%C3%ADnez (Caused by NameResolutionError("HTTPSConnection(host='www.transfermarkt.com', port=443): Failed to resolve 'www.transfermarkt.com' ([Errno 11001] getaddrinfo failed)"))
[1220/1292] Gonzalo Agustin Sandez | PAR | DEF | 2.0 mio.
  FEJL: HTTPSConnectionPool(host='www.transfermarkt.com', port=443): Max retries exceeded with url: /schnellsuche/ergebnis/schnellsuche?query=Gonzalo+Agustin+Sandez (Caused by NameResolutionError("HTTPSConnection(host='www.transfermarkt.com', port=443): Failed to resolve 'www.transfermarkt.com' ([Errno 11001] getaddrinfo failed)"))
[1221/1292] Godfried Roemeratoe | CUW | MID | 2.0 mio.
  FEJL: HTTPSConnectionPool(host='www.transfermarkt.com', port=443): Max retries exceeded with url: /schnellsuche/ergebnis/schnellsuche?query=Godfried+Roemeratoe (Caused by NameResolutionError("HTTPSConnection(host='www.transfermarkt.com', port=443): Failed to resolve 'www.transfermarkt.com' ([Errno 11001] getaddrinfo failed)"))
[1222/1292] Gi-hyuk Lee | KOR | DEF | 2.0 mio.
  FEJL: HTTPSConnectionPool(host='www.transfermarkt.com', port=443): Max retries exceeded with url: /schnellsuche/ergebnis/schnellsuche?query=Gi-hyuk+Lee (Caused by NameResolutionError("HTTPSConnection(host='www.transfermarkt.com', port=443): Failed to resolve 'www.transfermarkt.com' ([Errno 11001] getaddrinfo failed)"))
[1223/1292] Gabriel Avalos | PAR | FWD | 2.0 mio.
  FEJL: HTTPSConnectionPool(host='www.transfermarkt.com', port=443): Max retries exceeded with url: /schnellsuche/ergebnis/schnellsuche?query=Gabriel+Avalos (Caused by NameResolutionError("HTTPSConnection(host='www.transfermarkt.com', port=443): Failed to resolve 'www.transfermarkt.com' ([Errno 11001] getaddrinfo failed)"))
[1224/1292] Frans Dhia Putros | IRQ | DEF | 2.0 mio.
  FEJL: HTTPSConnectionPool(host='www.transfermarkt.com', port=443): Max retries exceeded with url: /schnellsuche/ergebnis/schnellsuche?query=Frans+Dhia+Putros (Caused by NameResolutionError("HTTPSConnection(host='www.transfermarkt.com', port=443): Failed to resolve 'www.transfermarkt.com' ([Errno 11001] getaddrinfo failed)"))
[1225/1292] Finn Surman | NZL | DEF | 2.0 mio.
  FEJL: HTTPSConnectionPool(host='www.transfermarkt.com', port=443): Max retries exceeded with url: /schnellsuche/ergebnis/schnellsuche?query=Finn+Surman (Caused by NameResolutionError("HTTPSConnection(host='www.transfermarkt.com', port=443): Failed to resolve 'www.transfermarkt.com' ([Errno 11001] getaddrinfo failed)"))
[1226/1292] Findlay Curtis | SCO | FWD | 2.0 mio.
  FEJL: HTTPSConnectionPool(host='www.transfermarkt.com', port=443): Max retries exceeded with url: /schnellsuche/ergebnis/schnellsuche?query=Findlay+Curtis (Caused by NameResolutionError("HTTPSConnection(host='www.transfermarkt.com', port=443): Failed to resolve 'www.transfermarkt.com' ([Errno 11001] getaddrinfo failed)"))
[1227/1292] Fares Ghedjemis | ALG | FWD | 2.0 mio.
  FEJL: HTTPSConnectionPool(host='www.transfermarkt.com', port=443): Max retries exceeded with url: /schnellsuche/ergebnis/schnellsuche?query=Fares+Ghedjemis (Caused by NameResolutionError("HTTPSConnection(host='www.transfermarkt.com', port=443): Failed to resolve 'www.transfermarkt.com' ([Errno 11001] getaddrinfo failed)"))
[1228/1292] Evren Eren Elmali | TUR | DEF | 2.0 mio.
  FEJL: HTTPSConnectionPool(host='www.transfermarkt.com', port=443): Max retries exceeded with url: /schnellsuche/ergebnis/schnellsuche?query=Evren+Eren+Elmali (Caused by NameResolutionError("HTTPSConnection(host='www.transfermarkt.com', port=443): Failed to resolve 'www.transfermarkt.com' ([Errno 11001] getaddrinfo failed)"))
[1229/1292] Ermin Mahmic | BIH | MID | 2.0 mio.
  FEJL: HTTPSConnectionPool(host='www.transfermarkt.com', port=443): Max retries exceeded with url: /schnellsuche/ergebnis/schnellsuche?query=Ermin+Mahmic (Caused by NameResolutionError("HTTPSConnection(host='www.transfermarkt.com', port=443): Failed to resolve 'www.transfermarkt.com' ([Errno 11001] getaddrinfo failed)"))
[1230/1292] Eric Smith | SWE | DEF | 2.0 mio.
  FEJL: HTTPSConnectionPool(host='www.transfermarkt.com', port=443): Max retries exceeded with url: /schnellsuche/ergebnis/schnellsuche?query=Eric+Smith (Caused by NameResolutionError("HTTPSConnection(host='www.transfermarkt.com', port=443): Failed to resolve 'www.transfermarkt.com' ([Errno 11001] getaddrinfo failed)"))
[1231/1292] Eray Cömert | SUI | DEF | 2.0 mio.
  FEJL: HTTPSConnectionPool(host='www.transfermarkt.com', port=443): Max retries exceeded with url: /schnellsuche/ergebnis/schnellsuche?query=Eray+C%C3%B6mert (Caused by NameResolutionError("HTTPSConnection(host='www.transfermarkt.com', port=443): Failed to resolve 'www.transfermarkt.com' ([Errno 11001] getaddrinfo failed)"))
[1232/1292] Elliot Stroud | SWE | DEF | 2.0 mio.
  FEJL: HTTPSConnectionPool(host='www.transfermarkt.com', port=443): Max retries exceeded with url: /schnellsuche/ergebnis/schnellsuche?query=Elliot+Stroud (Caused by NameResolutionError("HTTPSConnection(host='www.transfermarkt.com', port=443): Failed to resolve 'www.transfermarkt.com' ([Errno 11001] getaddrinfo failed)"))
[1233/1292] Ehsan Hajsafi | IRN | DEF | 2.0 mio.
  FEJL: HTTPSConnectionPool(host='www.transfermarkt.com', port=443): Max retries exceeded with url: /schnellsuche/ergebnis/schnellsuche?query=Ehsan+Hajsafi (Caused by NameResolutionError("HTTPSConnection(host='www.transfermarkt.com', port=443): Failed to resolve 'www.transfermarkt.com' ([Errno 11001] getaddrinfo failed)"))
[1234/1292] Dostonbek Khamdamov | UZB | MID | 2.0 mio.
  FEJL: HTTPSConnectionPool(host='www.transfermarkt.com', port=443): Max retries exceeded with url: /schnellsuche/ergebnis/schnellsuche?query=Dostonbek+Khamdamov (Caused by NameResolutionError("HTTPSConnection(host='www.transfermarkt.com', port=443): Failed to resolve 'www.transfermarkt.com' ([Errno 11001] getaddrinfo failed)"))
[1235/1292] Dong-gyeong Lee | KOR | MID | 2.0 mio.
  FEJL: HTTPSConnectionPool(host='www.transfermarkt.com', port=443): Max retries exceeded with url: /schnellsuche/ergebnis/schnellsuche?query=Dong-gyeong+Lee (Caused by NameResolutionError("HTTPSConnection(host='www.transfermarkt.com', port=443): Failed to resolve 'www.transfermarkt.com' ([Errno 11001] getaddrinfo failed)"))
[1236/1292] Dominic Hyam | SCO | DEF | 2.0 mio.
  FEJL: HTTPSConnectionPool(host='www.transfermarkt.com', port=443): Max retries exceeded with url: /schnellsuche/ergebnis/schnellsuche?query=Dominic+Hyam (Caused by NameResolutionError("HTTPSConnection(host='www.transfermarkt.com', port=443): Failed to resolve 'www.transfermarkt.com' ([Errno 11001] getaddrinfo failed)"))
[1237/1292] Dilshod Komilov | UZB | DEF | 2.0 mio.
  FEJL: HTTPSConnectionPool(host='www.transfermarkt.com', port=443): Max retries exceeded with url: /schnellsuche/ergebnis/schnellsuche?query=Dilshod+Komilov (Caused by NameResolutionError("HTTPSConnection(host='www.transfermarkt.com', port=443): Failed to resolve 'www.transfermarkt.com' ([Errno 11001] getaddrinfo failed)"))
[1238/1292] Diego Moreira | BEL | MID | 2.0 mio.
  FEJL: HTTPSConnectionPool(host='www.transfermarkt.com', port=443): Max retries exceeded with url: /schnellsuche/ergebnis/schnellsuche?query=Diego+Moreira (Caused by NameResolutionError("HTTPSConnection(host='www.transfermarkt.com', port=443): Failed to resolve 'www.transfermarkt.com' ([Errno 11001] getaddrinfo failed)"))
[1239/1292] Deveron Fonville | CUW | DEF | 2.0 mio.
  FEJL: HTTPSConnectionPool(host='www.transfermarkt.com', port=443): Max retries exceeded with url: /schnellsuche/ergebnis/schnellsuche?query=Deveron+Fonville (Caused by NameResolutionError("HTTPSConnection(host='www.transfermarkt.com', port=443): Failed to resolve 'www.transfermarkt.com' ([Errno 11001] getaddrinfo failed)"))
[1240/1292] Derrick Luckassen | GHA | DEF | 2.0 mio.
  FEJL: HTTPSConnectionPool(host='www.transfermarkt.com', port=443): Max retries exceeded with url: /schnellsuche/ergebnis/schnellsuche?query=Derrick+Luckassen (Caused by NameResolutionError("HTTPSConnection(host='www.transfermarkt.com', port=443): Failed to resolve 'www.transfermarkt.com' ([Errno 11001] getaddrinfo failed)"))
[1241/1292] Derrick Köhn | GHA | DEF | 2.0 mio.
  FEJL: HTTPSConnectionPool(host='www.transfermarkt.com', port=443): Max retries exceeded with url: /schnellsuche/ergebnis/schnellsuche?query=Derrick+K%C3%B6hn (Caused by NameResolutionError("HTTPSConnection(host='www.transfermarkt.com', port=443): Failed to resolve 'www.transfermarkt.com' ([Errno 11001] getaddrinfo failed)"))
[1242/1292] Derrick Etienne Jr. | HAI | FWD | 2.0 mio.
  FEJL: HTTPSConnectionPool(host='www.transfermarkt.com', port=443): Max retries exceeded with url: /schnellsuche/ergebnis/schnellsuche?query=Derrick+Etienne+Jr. (Caused by NameResolutionError("HTTPSConnection(host='www.transfermarkt.com', port=443): Failed to resolve 'www.transfermarkt.com' ([Errno 11001] getaddrinfo failed)"))
[1243/1292] Denzell Garcia | MEX | MID | 2.0 mio.
  FEJL: HTTPSConnectionPool(host='www.transfermarkt.com', port=443): Max retries exceeded with url: /schnellsuche/ergebnis/schnellsuche?query=Denzell+Garcia (Caused by NameResolutionError("HTTPSConnection(host='www.transfermarkt.com', port=443): Failed to resolve 'www.transfermarkt.com' ([Errno 11001] getaddrinfo failed)"))
[1244/1292] Denis Visinsky | CZE | MID | 2.0 mio.
  FEJL: HTTPSConnectionPool(host='www.transfermarkt.com', port=443): Max retries exceeded with url: /schnellsuche/ergebnis/schnellsuche?query=Denis+Visinsky (Caused by NameResolutionError("HTTPSConnection(host='www.transfermarkt.com', port=443): Failed to resolve 'www.transfermarkt.com' ([Errno 11001] getaddrinfo failed)"))
[1245/1292] David Jurasek | CZE | DEF | 2.0 mio.
  FEJL: HTTPSConnectionPool(host='www.transfermarkt.com', port=443): Max retries exceeded with url: /schnellsuche/ergebnis/schnellsuche?query=David+Jurasek (Caused by NameResolutionError("HTTPSConnection(host='www.transfermarkt.com', port=443): Failed to resolve 'www.transfermarkt.com' ([Errno 11001] getaddrinfo failed)"))
[1246/1292] Daniel Nana Agyei | GHA | FWD | 2.0 mio.
  FEJL: HTTPSConnectionPool(host='www.transfermarkt.com', port=443): Max retries exceeded with url: /schnellsuche/ergebnis/schnellsuche?query=Daniel+Nana+Agyei (Caused by NameResolutionError("HTTPSConnection(host='www.transfermarkt.com', port=443): Failed to resolve 'www.transfermarkt.com' ([Errno 11001] getaddrinfo failed)"))
[1247/1292] Clement Akpa | CIV | DEF | 2.0 mio.
  FEJL: HTTPSConnectionPool(host='www.transfermarkt.com', port=443): Max retries exceeded with url: /schnellsuche/ergebnis/schnellsuche?query=Clement+Akpa (Caused by NameResolutionError("HTTPSConnection(host='www.transfermarkt.com', port=443): Failed to resolve 'www.transfermarkt.com' ([Errno 11001] getaddrinfo failed)"))
[1248/1292] Christ Inao Oulaï | CIV | MID | 2.0 mio.
  FEJL: HTTPSConnectionPool(host='www.transfermarkt.com', port=443): Max retries exceeded with url: /schnellsuche/ergebnis/schnellsuche?query=Christ+Inao+Oula%C3%AF (Caused by NameResolutionError("HTTPSConnection(host='www.transfermarkt.com', port=443): Failed to resolve 'www.transfermarkt.com' ([Errno 11001] getaddrinfo failed)"))
[1249/1292] Chadi Riad | MAR | DEF | 2.0 mio.
  FEJL: HTTPSConnectionPool(host='www.transfermarkt.com', port=443): Max retries exceeded with url: /schnellsuche/ergebnis/schnellsuche?query=Chadi+Riad (Caused by NameResolutionError("HTTPSConnection(host='www.transfermarkt.com', port=443): Failed to resolve 'www.transfermarkt.com' ([Errno 11001] getaddrinfo failed)"))
[1250/1292] Cesar Yanis | PAN | MID | 2.0 mio.
  FEJL: HTTPSConnectionPool(host='www.transfermarkt.com', port=443): Max retries exceeded with url: /schnellsuche/ergebnis/schnellsuche?query=Cesar+Yanis (Caused by NameResolutionError("HTTPSConnection(host='www.transfermarkt.com', port=443): Failed to resolve 'www.transfermarkt.com' ([Errno 11001] getaddrinfo failed)"))
[1251/1292] Cedric Itten | SUI | FWD | 2.0 mio.
  FEJL: HTTPSConnectionPool(host='www.transfermarkt.com', port=443): Max retries exceeded with url: /schnellsuche/ergebnis/schnellsuche?query=Cedric+Itten (Caused by NameResolutionError("HTTPSConnection(host='www.transfermarkt.com', port=443): Failed to resolve 'www.transfermarkt.com' ([Errno 11001] getaddrinfo failed)"))
[1252/1292] Cecilio Waterman | PAN | FWD | 2.0 mio.
  FEJL: HTTPSConnectionPool(host='www.transfermarkt.com', port=443): Max retries exceeded with url: /schnellsuche/ergebnis/schnellsuche?query=Cecilio+Waterman (Caused by NameResolutionError("HTTPSConnection(host='www.transfermarkt.com', port=443): Failed to resolve 'www.transfermarkt.com' ([Errno 11001] getaddrinfo failed)"))
[1253/1292] Carlos Andres Gomez | COL | MID | 2.0 mio.
  FEJL: HTTPSConnectionPool(host='www.transfermarkt.com', port=443): Max retries exceeded with url: /schnellsuche/ergebnis/schnellsuche?query=Carlos+Andres+Gomez (Caused by NameResolutionError("HTTPSConnection(host='www.transfermarkt.com', port=443): Failed to resolve 'www.transfermarkt.com' ([Errno 11001] getaddrinfo failed)"))
[1254/1292] Carlens Arcus | HAI | DEF | 2.0 mio.
  FEJL: HTTPSConnectionPool(host='www.transfermarkt.com', port=443): Max retries exceeded with url: /schnellsuche/ergebnis/schnellsuche?query=Carlens+Arcus (Caused by NameResolutionError("HTTPSConnection(host='www.transfermarkt.com', port=443): Failed to resolve 'www.transfermarkt.com' ([Errno 11001] getaddrinfo failed)"))
[1255/1292] Carl Sainte | HAI | MID | 2.0 mio.
  FEJL: HTTPSConnectionPool(host='www.transfermarkt.com', port=443): Max retries exceeded with url: /schnellsuche/ergebnis/schnellsuche?query=Carl+Sainte (Caused by NameResolutionError("HTTPSConnection(host='www.transfermarkt.com', port=443): Failed to resolve 'www.transfermarkt.com' ([Errno 11001] getaddrinfo failed)"))
[1256/1292] Callum Elder | AUS | DEF | 2.0 mio.
  FEJL: HTTPSConnectionPool(host='www.transfermarkt.com', port=443): Max retries exceeded with url: /schnellsuche/ergebnis/schnellsuche?query=Callum+Elder (Caused by NameResolutionError("HTTPSConnection(host='www.transfermarkt.com', port=443): Failed to resolve 'www.transfermarkt.com' ([Errno 11001] getaddrinfo failed)"))
[1257/1292] Callan Elliot | NZL | DEF | 2.0 mio.
  FEJL: HTTPSConnectionPool(host='www.transfermarkt.com', port=443): Max retries exceeded with url: /schnellsuche/ergebnis/schnellsuche?query=Callan+Elliot (Caused by NameResolutionError("HTTPSConnection(host='www.transfermarkt.com', port=443): Failed to resolve 'www.transfermarkt.com' ([Errno 11001] getaddrinfo failed)"))
[1258/1292] Brian Cipenga | COD | MID | 2.0 mio.
  FEJL: HTTPSConnectionPool(host='www.transfermarkt.com', port=443): Max retries exceeded with url: /schnellsuche/ergebnis/schnellsuche?query=Brian+Cipenga (Caused by NameResolutionError("HTTPSConnection(host='www.transfermarkt.com', port=443): Failed to resolve 'www.transfermarkt.com' ([Errno 11001] getaddrinfo failed)"))
[1259/1292] Brandley Kuwas | CUW | FWD | 2.0 mio.
  FEJL: HTTPSConnectionPool(host='www.transfermarkt.com', port=443): Max retries exceeded with url: /schnellsuche/ergebnis/schnellsuche?query=Brandley+Kuwas (Caused by NameResolutionError("HTTPSConnection(host='www.transfermarkt.com', port=443): Failed to resolve 'www.transfermarkt.com' ([Errno 11001] getaddrinfo failed)"))
[1260/1292] Braian Ojeda | PAR | MID | 2.0 mio.
  FEJL: HTTPSConnectionPool(host='www.transfermarkt.com', port=443): Max retries exceeded with url: /schnellsuche/ergebnis/schnellsuche?query=Braian+Ojeda (Caused by NameResolutionError("HTTPSConnection(host='www.transfermarkt.com', port=443): Failed to resolve 'www.transfermarkt.com' ([Errno 11001] getaddrinfo failed)"))
[1261/1292] Bongokuhle Hlongwane | RSA | FWD | 2.0 mio.
  FEJL: HTTPSConnectionPool(host='www.transfermarkt.com', port=443): Max retries exceeded with url: /schnellsuche/ergebnis/schnellsuche?query=Bongokuhle+Hlongwane (Caused by NameResolutionError("HTTPSConnection(host='www.transfermarkt.com', port=443): Failed to resolve 'www.transfermarkt.com' ([Errno 11001] getaddrinfo failed)"))
[1262/1292] Blas Riveros | PAR | DEF | 2.0 mio.
  FEJL: HTTPSConnectionPool(host='www.transfermarkt.com', port=443): Max retries exceeded with url: /schnellsuche/ergebnis/schnellsuche?query=Blas+Riveros (Caused by NameResolutionError("HTTPSConnection(host='www.transfermarkt.com', port=443): Failed to resolve 'www.transfermarkt.com' ([Errno 11001] getaddrinfo failed)"))
[1263/1292] Besfort Zeneli | SWE | MID | 2.0 mio.
  FEJL: HTTPSConnectionPool(host='www.transfermarkt.com', port=443): Max retries exceeded with url: /schnellsuche/ergebnis/schnellsuche?query=Besfort+Zeneli (Caused by NameResolutionError("HTTPSConnection(host='www.transfermarkt.com', port=443): Failed to resolve 'www.transfermarkt.com' ([Errno 11001] getaddrinfo failed)"))
[1264/1292] Ben Old | NZL | MID | 2.0 mio.
  FEJL: HTTPSConnectionPool(host='www.transfermarkt.com', port=443): Max retries exceeded with url: /schnellsuche/ergebnis/schnellsuche?query=Ben+Old (Caused by NameResolutionError("HTTPSConnection(host='www.transfermarkt.com', port=443): Failed to resolve 'www.transfermarkt.com' ([Errno 11001] getaddrinfo failed)"))
[1265/1292] Bazoumana Toure | CIV | FWD | 2.0 mio.
  FEJL: HTTPSConnectionPool(host='www.transfermarkt.com', port=443): Max retries exceeded with url: /schnellsuche/ergebnis/schnellsuche?query=Bazoumana+Toure (Caused by NameResolutionError("HTTPSConnection(host='www.transfermarkt.com', port=443): Failed to resolve 'www.transfermarkt.com' ([Errno 11001] getaddrinfo failed)"))
[1266/1292] Bamba Dieng | SEN | FWD | 2.0 mio.
  FEJL: HTTPSConnectionPool(host='www.transfermarkt.com', port=443): Max retries exceeded with url: /schnellsuche/ergebnis/schnellsuche?query=Bamba+Dieng (Caused by NameResolutionError("HTTPSConnection(host='www.transfermarkt.com', port=443): Failed to resolve 'www.transfermarkt.com' ([Errno 11001] getaddrinfo failed)"))
[1267/1292] Awer Mabil | AUS | FWD | 2.0 mio.
  FEJL: HTTPSConnectionPool(host='www.transfermarkt.com', port=443): Max retries exceeded with url: /schnellsuche/ergebnis/schnellsuche?query=Awer+Mabil (Caused by NameResolutionError("HTTPSConnection(host='www.transfermarkt.com', port=443): Failed to resolve 'www.transfermarkt.com' ([Errno 11001] getaddrinfo failed)"))
[1268/1292] Atakan Karazor | TUR | MID | 2.0 mio.
  FEJL: HTTPSConnectionPool(host='www.transfermarkt.com', port=443): Max retries exceeded with url: /schnellsuche/ergebnis/schnellsuche?query=Atakan+Karazor (Caused by NameResolutionError("HTTPSConnection(host='www.transfermarkt.com', port=443): Failed to resolve 'www.transfermarkt.com' ([Errno 11001] getaddrinfo failed)"))
[1269/1292] Armando Obispo | CUW | DEF | 2.0 mio.
  FEJL: HTTPSConnectionPool(host='www.transfermarkt.com', port=443): Max retries exceeded with url: /schnellsuche/ergebnis/schnellsuche?query=Armando+Obispo (Caused by NameResolutionError("HTTPSConnection(host='www.transfermarkt.com', port=443): Failed to resolve 'www.transfermarkt.com' ([Errno 11001] getaddrinfo failed)"))
[1270/1292] Aribim Pepple | CAN | FWD | 2.0 mio.
  FEJL: HTTPSConnectionPool(host='www.transfermarkt.com', port=443): Max retries exceeded with url: /schnellsuche/ergebnis/schnellsuche?query=Aribim+Pepple (Caused by NameResolutionError("HTTPSConnection(host='www.transfermarkt.com', port=443): Failed to resolve 'www.transfermarkt.com' ([Errno 11001] getaddrinfo failed)"))
[1271/1292] Ardon Jashari | SUI | MID | 2.0 mio.
  FEJL: HTTPSConnectionPool(host='www.transfermarkt.com', port=443): Max retries exceeded with url: /schnellsuche/ergebnis/schnellsuche?query=Ardon+Jashari (Caused by NameResolutionError("HTTPSConnection(host='www.transfermarkt.com', port=443): Failed to resolve 'www.transfermarkt.com' ([Errno 11001] getaddrinfo failed)"))
[1272/1292] Ar'jany Martha | CUW | FWD | 2.0 mio.
  FEJL: HTTPSConnectionPool(host='www.transfermarkt.com', port=443): Max retries exceeded with url: /schnellsuche/ergebnis/schnellsuche?query=Ar%27jany+Martha (Caused by NameResolutionError("HTTPSConnection(host='www.transfermarkt.com', port=443): Failed to resolve 'www.transfermarkt.com' ([Errno 11001] getaddrinfo failed)"))
[1273/1292] Aqtay Abdallah | EGY | FWD | 2.0 mio.
  FEJL: HTTPSConnectionPool(host='www.transfermarkt.com', port=443): Max retries exceeded with url: /schnellsuche/ergebnis/schnellsuche?query=Aqtay+Abdallah (Caused by NameResolutionError("HTTPSConnection(host='www.transfermarkt.com', port=443): Failed to resolve 'www.transfermarkt.com' ([Errno 11001] getaddrinfo failed)"))
[1274/1292] Antonee Robinson | USA | DEF | 2.0 mio.
  FEJL: HTTPSConnectionPool(host='www.transfermarkt.com', port=443): Max retries exceeded with url: /schnellsuche/ergebnis/schnellsuche?query=Antonee+Robinson (Caused by NameResolutionError("HTTPSConnection(host='www.transfermarkt.com', port=443): Failed to resolve 'www.transfermarkt.com' ([Errno 11001] getaddrinfo failed)"))
[1275/1292] Anthony Valencia | ECU | FWD | 2.0 mio.
  FEJL: HTTPSConnectionPool(host='www.transfermarkt.com', port=443): Max retries exceeded with url: /schnellsuche/ergebnis/schnellsuche?query=Anthony+Valencia (Caused by NameResolutionError("HTTPSConnection(host='www.transfermarkt.com', port=443): Failed to resolve 'www.transfermarkt.com' ([Errno 11001] getaddrinfo failed)"))
[1276/1292] Ante Suto | AUS | FWD | 2.0 mio.
  FEJL: HTTPSConnectionPool(host='www.transfermarkt.com', port=443): Max retries exceeded with url: /schnellsuche/ergebnis/schnellsuche?query=Ante+Suto (Caused by NameResolutionError("HTTPSConnection(host='www.transfermarkt.com', port=443): Failed to resolve 'www.transfermarkt.com' ([Errno 11001] getaddrinfo failed)"))
[1277/1292] Angel Romero | PAR | FWD | 2.0 mio.
  FEJL: HTTPSConnectionPool(host='www.transfermarkt.com', port=443): Max retries exceeded with url: /schnellsuche/ergebnis/schnellsuche?query=Angel+Romero (Caused by NameResolutionError("HTTPSConnection(host='www.transfermarkt.com', port=443): Failed to resolve 'www.transfermarkt.com' ([Errno 11001] getaddrinfo failed)"))
[1278/1292] Amir Hadziahmetovic | BIH | MID | 2.0 mio.
  FEJL: HTTPSConnectionPool(host='www.transfermarkt.com', port=443): Max retries exceeded with url: /schnellsuche/ergebnis/schnellsuche?query=Amir+Hadziahmetovic (Caused by NameResolutionError("HTTPSConnection(host='www.transfermarkt.com', port=443): Failed to resolve 'www.transfermarkt.com' ([Errno 11001] getaddrinfo failed)"))
[1279/1292] Alisher Odilov | UZB | MID | 2.0 mio.
  FEJL: HTTPSConnectionPool(host='www.transfermarkt.com', port=443): Max retries exceeded with url: /schnellsuche/ergebnis/schnellsuche?query=Alisher+Odilov (Caused by NameResolutionError("HTTPSConnection(host='www.transfermarkt.com', port=443): Failed to resolve 'www.transfermarkt.com' ([Errno 11001] getaddrinfo failed)"))
[1280/1292] Ali Yousif | IRQ | FWD | 2.0 mio.
  FEJL: HTTPSConnectionPool(host='www.transfermarkt.com', port=443): Max retries exceeded with url: /schnellsuche/ergebnis/schnellsuche?query=Ali+Yousif (Caused by NameResolutionError("HTTPSConnection(host='www.transfermarkt.com', port=443): Failed to resolve 'www.transfermarkt.com' ([Errno 11001] getaddrinfo failed)"))
[1281/1292] Ali Azaizeh | JOR | MID | 2.0 mio.
  FEJL: HTTPSConnectionPool(host='www.transfermarkt.com', port=443): Max retries exceeded with url: /schnellsuche/ergebnis/schnellsuche?query=Ali+Azaizeh (Caused by NameResolutionError("HTTPSConnection(host='www.transfermarkt.com', port=443): Failed to resolve 'www.transfermarkt.com' ([Errno 11001] getaddrinfo failed)"))
[1282/1292] Alexis Duarte | PAR | DEF | 2.0 mio.
  FEJL: HTTPSConnectionPool(host='www.transfermarkt.com', port=443): Max retries exceeded with url: /schnellsuche/ergebnis/schnellsuche?query=Alexis+Duarte (Caused by NameResolutionError("HTTPSConnection(host='www.transfermarkt.com', port=443): Failed to resolve 'www.transfermarkt.com' ([Errno 11001] getaddrinfo failed)"))
[1283/1292] Alexander Bernhardsson | SWE | MID | 2.0 mio.
  FEJL: HTTPSConnectionPool(host='www.transfermarkt.com', port=443): Max retries exceeded with url: /schnellsuche/ergebnis/schnellsuche?query=Alexander+Bernhardsson (Caused by NameResolutionError("HTTPSConnection(host='www.transfermarkt.com', port=443): Failed to resolve 'www.transfermarkt.com' ([Errno 11001] getaddrinfo failed)"))
[1284/1292] Alex Kral | CZE | MID | 2.0 mio.
  FEJL: HTTPSConnectionPool(host='www.transfermarkt.com', port=443): Max retries exceeded with url: /schnellsuche/ergebnis/schnellsuche?query=Alex+Kral (Caused by NameResolutionError("HTTPSConnection(host='www.transfermarkt.com', port=443): Failed to resolve 'www.transfermarkt.com' ([Errno 11001] getaddrinfo failed)"))
[1285/1292] Akam Hashem | IRQ | DEF | 2.0 mio.
  FEJL: HTTPSConnectionPool(host='www.transfermarkt.com', port=443): Max retries exceeded with url: /schnellsuche/ergebnis/schnellsuche?query=Akam+Hashem (Caused by NameResolutionError("HTTPSConnection(host='www.transfermarkt.com', port=443): Failed to resolve 'www.transfermarkt.com' ([Errno 11001] getaddrinfo failed)"))
[1286/1292] Ajdin Hrustic | AUS | MID | 2.0 mio.
  FEJL: HTTPSConnectionPool(host='www.transfermarkt.com', port=443): Max retries exceeded with url: /schnellsuche/ergebnis/schnellsuche?query=Ajdin+Hrustic (Caused by NameResolutionError("HTTPSConnection(host='www.transfermarkt.com', port=443): Failed to resolve 'www.transfermarkt.com' ([Errno 11001] getaddrinfo failed)"))
[1287/1292] Ahmed Nadhir Benbouali | ALG | FWD | 2.0 mio.
  FEJL: HTTPSConnectionPool(host='www.transfermarkt.com', port=443): Max retries exceeded with url: /schnellsuche/ergebnis/schnellsuche?query=Ahmed+Nadhir+Benbouali (Caused by NameResolutionError("HTTPSConnection(host='www.transfermarkt.com', port=443): Failed to resolve 'www.transfermarkt.com' ([Errno 11001] getaddrinfo failed)"))
[1288/1292] Ahmed Hasan Maknzi | IRQ | DEF | 2.0 mio.
  FEJL: HTTPSConnectionPool(host='www.transfermarkt.com', port=443): Max retries exceeded with url: /schnellsuche/ergebnis/schnellsuche?query=Ahmed+Hasan+Maknzi (Caused by NameResolutionError("HTTPSConnection(host='www.transfermarkt.com', port=443): Failed to resolve 'www.transfermarkt.com' ([Errno 11001] getaddrinfo failed)"))
[1289/1292] Adil Aouchiche | ALG | MID | 2.0 mio.
  FEJL: HTTPSConnectionPool(host='www.transfermarkt.com', port=443): Max retries exceeded with url: /schnellsuche/ergebnis/schnellsuche?query=Adil+Aouchiche (Caused by NameResolutionError("HTTPSConnection(host='www.transfermarkt.com', port=443): Failed to resolve 'www.transfermarkt.com' ([Errno 11001] getaddrinfo failed)"))
[1290/1292] Adem Arous | TUN | DEF | 2.0 mio.
  FEJL: HTTPSConnectionPool(host='www.transfermarkt.com', port=443): Max retries exceeded with url: /schnellsuche/ergebnis/schnellsuche?query=Adem+Arous (Caused by NameResolutionError("HTTPSConnection(host='www.transfermarkt.com', port=443): Failed to resolve 'www.transfermarkt.com' ([Errno 11001] getaddrinfo failed)"))
[1291/1292] Achref Abada | ALG | DEF | 2.0 mio.
  FEJL: HTTPSConnectionPool(host='www.transfermarkt.com', port=443): Max retries exceeded with url: /schnellsuche/ergebnis/schnellsuche?query=Achref+Abada (Caused by NameResolutionError("HTTPSConnection(host='www.transfermarkt.com', port=443): Failed to resolve 'www.transfermarkt.com' ([Errno 11001] getaddrinfo failed)"))
[1292/1292] Abolfazl Jalali | IRN | DEF | 2.0 mio.
  FEJL: HTTPSConnectionPool(host='www.transfermarkt.com', port=443): Max retries exceeded with url: /schnellsuche/ergebnis/schnellsuche?query=Abolfazl+Jalali (Caused by NameResolutionError("HTTPSConnection(host='www.transfermarkt.com', port=443): Failed to resolve 'www.transfermarkt.com' ([Errno 11001] getaddrinfo failed)"))

================================================================================
FÃ¦rdig. OK=854, fejl=438
Skrev cache: C:\Users\Administrator\Documents\GitHub\vm2026-app\data\transfermarkt_national_team\transfermarkt_player_url_cache.csv
Skrev summary: C:\Users\Administrator\Documents\GitHub\vm2026-app\data\transfermarkt_national_team\player_national_team_usage_transfermarkt.csv
Skrev manual audit: C:\Users\Administrator\Documents\GitHub\vm2026-app\data\transfermarkt_manual_url_integration_audit.csv
Skrev manual audit: C:\Users\Administrator\Documents\GitHub\vm2026-app\data\transfermarkt_manual_url_integration_audit.md

KÃ¸r scriptet igen for nÃ¦ste batch.
